file,utterance_id,start_ms,end_ms,ref,mb,gl,ft
santali_see_paradigm.eaf,1,0,2000,ɘliɲ bɘliɲ ɲɛla,ɘliɲ bɘ-liɲ ɲɛl-a,1DU.EXCL NEG-1DU.EXCL see-FIN,We two do not see.
santali_see_paradigm.eaf,2,2000,4000,alɛ balɛ ɲɛla,alɛ ba-lɛ ɲɛl-a,1PL NEG-1PL see-FIN,We do not see.
santali_see_paradigm.eaf,3,4000,6000,am bam ɲɛla,am ba-m ɲɛl-a,2SG NEG-2SG see-FIN,You do not see.
santali_see_paradigm.eaf,4,6000,8000,abɛn babɛn ɲɛla,abɛn ba-bɛn ɲɛl-a,2DU NEG-2DU see-FIN,You two do not see.
santali_see_paradigm.eaf,5,8000,10000,apɛ bapɛ ɲɛla,apɛ ba-pɛ ɲɛl-a,2PL NEG-2PL see-FIN,You do not see.
santali_see_paradigm.eaf,6,10000,12000,uni ba͡i̯ ɲɛla,uni ba-i̯ ɲɛl-a,3SG.ANIM NEG-3SG see-FIN,He/She does not see.
santali_see_paradigm.eaf,7,12000,14000,ɔna ba͡i̯ ɲɛla,ɔna ba-i̯ ɲɛl-a,3SG.INANIM NEG-3SG see-FIN,That does not see.
santali_see_paradigm.eaf,8,14000,16000,uŋkin bɘkin ɲɛla,uŋkin bɘ-kin ɲɛl-a,3DU.ANIM NEG-3DU see-FIN,The two do not see.
santali_see_paradigm.eaf,9,16000,18000,ɔnakin bɘkin ɲɛla,ɔnakin bɘ-kin ɲɛl-a,3DU.INANIM NEG-3DU see-FIN,Those two do not see.
santali_see_paradigm.eaf,10,18000,20000,alɛlɛ ɲɛlɛd̪a,alɛ-lɛ ɲɛl-ɛ-d̪a,1PL-1PL see-PROG-FIN,We are watching.
santali_see_paradigm.eaf,11,20000,22000,amɛm ɲɛlɛd̪a,am-ɛm ɲɛl-ɛ-d̪a,2SG-2SG see-PROG-FIN,You are seeing.
santali_see_paradigm.eaf,12,22000,24000,abɛnbɛn ɲɛlɛd̪a,abɛn-bɛn ɲɛl-ɛ-d̪a,2DU-2DU see-PROG-FIN,You two are watching.
santali_see_paradigm.eaf,13,24000,26000,apɛpɛ ɲɛlɛd̪a,apɛ-pɛ ɲɛl-ɛ-d̪a,2PL-2PL see-PROG-FIN,You see.
santali_see_paradigm.eaf,14,26000,28000,uni͡i̯ ɲɛlɛd̪a,uni-i̯ ɲɛl-ɛ-d̪a,3SG.ANIM-3SG see-PROG-FIN,He/She is watching.
santali_see_paradigm.eaf,15,28000,30000,ona͡i̯ ɲɛlɛd̪a,ona-i̯ ɲɛl-ɛ-d̪a,3SG.INANIM-3SG see-PROG-FIN,That is seeing.
santali_see_paradigm.eaf,16,30000,32000,unkinkin ɲɛlɛd̪a,unkin-kin ɲɛl-ɛ-d̪a,3DU.ANIM-3DU see-PROG-FIN,The two are watching.
santali_see_paradigm.eaf,17,32000,34000,onakinkin ɲɛlɛd̪a,onakin-kin ɲɛl-ɛ-d̪a,3DU.INANIM-3DU see-PROG-FIN,Those two are watching.
santali_see_paradigm.eaf,18,34000,36000,onkoko ɲɛlɛd̪a,onko-ko ɲɛl-ɛ-d̪a,3PL.ANIM-3PL see-PROG-FIN,They are watching.
santali_see_paradigm.eaf,19,36000,38000,onakoko ɲɛlɛd̪a,onako-ko ɲɛl-ɛ-d̪a,3PL.INANIM-3PL see-PROG-FIN,Those are seeing.
santali_see_paradigm.eaf,20,38000,40000,iɲiɲ ɲɛlked̪a,iɲ-iɲ ɲɛl-ke-d̪a,1SG-1SG see-PST-FIN,I saw.
santali_see_paradigm.eaf,21,40000,42000,ɘliɲliɲ ɲɛlked̪a,ɘliɲ-liɲ ɲɛl-ke-d̪a,1DU.EXCL-1DU.EXCL see-PST-FIN,We two saw.
santali_see_paradigm.eaf,22,42000,44000,alɛlɛ ɲɛlked̪a,alɛ-lɛ ɲɛl-ke-d̪a,1PL-1PL see-PST-FIN,We saw.
santali_see_paradigm.eaf,23,44000,46000,amɛm ɲɛlked̪a,am-ɛm ɲɛl-ke-d̪a,2SG-2SG see-PST-FIN,You saw.
santali_see_paradigm.eaf,24,46000,48000,abɛnbɛn ɲɛlked̪a,abɛn-bɛn ɲɛl-ke-d̪a,2DU-2DU see-PST-FIN,You two saw.
santali_see_paradigm.eaf,25,48000,50000,apɛpɛ ɲɛlked̪a,apɛ-pɛ ɲɛl-ke-d̪a,2PL-2PL see-PST-FIN,You saw.
santali_see_paradigm.eaf,26,50000,52000,uni͡i̯ ɲɛlked̪a,uni-i̯ ɲɛl-ke-d̪a,3SG.ANIM-3SG see-PST-FIN,He/She saw.
santali_see_paradigm.eaf,27,52000,54000,ɔna͡i̯ ɲɛlked̪a,ɔna-i̯ ɲɛl-ke-d̪a,3SG.INANIM-3SG see-PST-FIN,That saw.
santali_see_paradigm.eaf,28,54000,56000,unkinkin ɲɛlked̪a,unkin-kin ɲɛl-ke-d̪a,3DU.ANIM-3DU see-PST-FIN,The two saw.
santali_see_paradigm.eaf,29,56000,58000,ɔnakinkin ɲɛlked̪a,ɔnakin-kin ɲɛl-ke-d̪a,3DU.INANIM-3DU see-PST-FIN,Those two saw.
santali_see_paradigm.eaf,30,58000,60000,onkoko ɲɛlked̪a,onko-ko ɲɛl-ke-d̪a,3PL.ANIM-3PL see-PST-FIN,They saw.
santali_see_paradigm.eaf,31,60000,62000,onakoko ɲɛlked̪a,onako-ko ɲɛl-ke-d̪a,3PL.INANIM-3PL see-PST-FIN,Those saw.
santali_see_paradigm.eaf,32,62000,64000,iɲiɲ ɲɛlɛt̪̚ʔkan t̪ahɛ̃na,iɲ-iɲ ɲɛl-ɛ-t̪̚ʼkan t̪ahɛ̃-na,1SG-1SG see-PROG-PTCP-CONT stay.PST-FIN,I was watching.
santali_see_paradigm.eaf,33,64000,66000,ɘliɲliɲ ɲɛlɛt̪̚ʔkan t̪ahɛ̃na,ɘliɲ-liɲ ɲɛl-ɛ-t̪̚ʼkan t̪ahɛ̃-na,1DU.EXCL-1DU.EXCL see-PROG-PTCP-CONT stay.PST-FIN,We two were watching.
santali_see_paradigm.eaf,34,66000,68000,alɛlɛ ɲɛlɛt̪̚ʔkan t̪ahɛ̃na,alɛ-lɛ ɲɛl-ɛ-t̪̚ʼkan t̪ahɛ̃-na,1PL-1PL see-PROG-PTCP-CONT stay.PST-FIN,We were watching.
santali_see_paradigm.eaf,35,68000,70000,amɛm ɲɛlɛt̪̚ʔkan t̪ahɛ̃na,am-ɛm ɲɛl-ɛ-t̪̚ʼkan t̪ahɛ̃-na,2SG-2SG see-PROG-PTCP-CONT stay.PST-FIN,You were watching.
santali_see_paradigm.eaf,36,70000,72000,abɛnbɛn ɲɛlɛt̪̚ʔkan t̪ahɛ̃na,abɛn-bɛn ɲɛl-ɛ-t̪̚ʼkan t̪ahɛ̃-na,2DU-2DU see-PROG-PTCP-CONT stay.PST-FIN,You two were watching.
santali_see_paradigm.eaf,37,72000,74000,apɛpɛ ɲɛlɛt̪̚ʔkan t̪ahɛ̃na,apɛ-pɛ ɲɛl-ɛ-t̪̚ʼkan t̪ahɛ̃-na,2PL-2PL see-PROG-PTCP-CONT stay.PST-FIN,You were watching.
santali_see_paradigm.eaf,38,74000,76000,uni͡i̯ ɲɛlɛt̪̚ʔkan t̪ahɛ̃na,uni-i̯ ɲɛl-ɛ-t̪̚ʼkan t̪ahɛ̃-na,3SG.ANIM-3SG see-PROG-PTCP-CONT stay.PST-FIN,He/She was watching.
santali_see_paradigm.eaf,39,76000,78000,ɔna͡i̯ ɲɛlɛt̪̚ʔkan t̪ahɛ̃na,ɔna-i̯ ɲɛl-ɛ-t̪̚ʼkan t̪ahɛ̃-na,3SG.INANIM-3SG see-PROG-PTCP-CONT stay.PST-FIN,That was watching.
santali_see_paradigm.eaf,40,78000,80000,unkinkin ɲɛlɛt̪̚ʔkan t̪ahɛ̃na,unkin-kin ɲɛl-ɛ-t̪̚ʼkan t̪ahɛ̃-na,3DU.ANIM-3DU see-PROG-PTCP-CONT stay.PST-FIN,The two were watching.
santali_see_paradigm.eaf,41,80000,82000,ɔnakinkin ɲɛlɛt̪̚ʔkan t̪ahɛ̃na,ɔnakin-kin ɲɛl-ɛ-t̪̚ʼkan t̪ahɛ̃-na,3DU.INANIM-3DU see-PROG-PTCP-CONT stay.PST-FIN,Those two were watching.
santali_see_paradigm.eaf,42,82000,84000,onkoko ɲɛlɛt̪̚ʔkan t̪ahɛ̃na,onko-ko ɲɛl-ɛ-t̪̚ʼkan t̪ahɛ̃-na,3PL.ANIM-3PL see-PROG-PTCP-CONT stay.PST-FIN,They were watching.
santali_see_paradigm.eaf,43,84000,86000,ɔnakoko ɲɛlɛt̪̚ʔkan t̪ahɛ̃na,ɔnako-ko ɲɛl-ɛ-t̪̚ʼkan t̪ahɛ̃-na,3PL.INANIM-3PL see-PROG-PTCP-CONT stay.PST-FIN,Those were watching.
santali_see_paradigm.eaf,44,86000,88000,iɲiɲ ɲɛllɛd̪a,iɲ-iɲ ɲɛl-lɛ-d̪a,1SG-1SG see-REM.PST-FIN,I saw.
santali_see_paradigm.eaf,45,88000,90000,ɘliɲliɲ ɲɛllɛd̪a,ɘliɲ-liɲ ɲɛl-lɛ-d̪a,1DU.EXCL-1DU.EXCL see-REM.PST-FIN,We two saw.
santali_see_paradigm.eaf,46,90000,92000,alɛlɛ ɲɛllɛd̪a,alɛ-lɛ ɲɛl-lɛ-d̪a,1PL-1PL see-REM.PST-FIN,We saw.
santali_see_paradigm.eaf,47,92000,94000,amɛm ɲɛllɛd̪a,am-ɛm ɲɛl-lɛ-d̪a,2SG-2SG see-REM.PST-FIN,You saw.
santali_see_paradigm.eaf,48,94000,96000,abɛnbɛn ɲɛllɛd̪a,abɛn-bɛn ɲɛl-lɛ-d̪a,2DU-2DU see-REM.PST-FIN,You two saw.
santali_see_paradigm.eaf,49,96000,98000,apɛpɛ ɲɛllɛd̪a,apɛ-pɛ ɲɛl-lɛ-d̪a,2PL-2PL see-REM.PST-FIN,You saw.
santali_see_paradigm.eaf,50,98000,100000,uni͡i̯ ɲɛllɛd̪a,uni-i̯ ɲɛl-lɛ-d̪a,3SG.ANIM-3SG see-REM.PST-FIN,He/She saw.
santali_see_paradigm.eaf,51,100000,102000,ɔna͡i̯ ɲɛllɛd̪a,ɔna-i̯ ɲɛl-lɛ-d̪a,3SG.INANIM-3SG see-REM.PST-FIN,That saw.
santali_see_paradigm.eaf,52,102000,104000,unkinkin ɲɛllɛd̪a,unkin-kin ɲɛl-lɛ-d̪a,3DU.ANIM-3DU see-REM.PST-FIN,The two saw.
santali_see_paradigm.eaf,53,104000,106000,ɔnakinkin ɲɛllɛd̪a,ɔnakin-kin ɲɛl-lɛ-d̪a,3DU.INANIM-3DU see-REM.PST-FIN,Those two saw.
santali_see_paradigm.eaf,54,106000,108000,onkoko ɲɛllɛd̪a,onko-ko ɲɛl-lɛ-d̪a,3PL.ANIM-3PL see-REM.PST-FIN,They saw.
santali_see_paradigm.eaf,55,108000,110000,onakoko ɲɛllɛd̪a,onako-ko ɲɛl-lɛ-d̪a,3PL.INANIM-3PL see-REM.PST-FIN,Those saw.
santali_see_paradigm.eaf,56,110000,112000,iɲiɲ ɲɛla,iɲ-iɲ ɲɛl-a,1SG-1SG see-FIN,I will see.
santali_see_paradigm.eaf,57,112000,114000,aliɲliɲ ɲɛla,aliɲ-liɲ ɲɛl-a,1DU.INCL-1DU.INCL see-FIN,We two will see.
santali_see_paradigm.eaf,58,114000,116000,alɛlɛ ɲɛla,alɛ-lɛ ɲɛl-a,1PL-1PL see-FIN,We will see.
santali_see_paradigm.eaf,59,116000,118000,amɛm ɲɛla,am-ɛm ɲɛl-a,2SG-2SG see-FIN,You will see.
santali_see_paradigm.eaf,60,118000,120000,abɛnbɛn ɲɛla,abɛn-bɛn ɲɛl-a,2DU-2DU see-FIN,You two will see.
santali_see_paradigm.eaf,61,120000,122000,apɛpɛ ɲɛla,apɛ-pɛ ɲɛl-a,2PL-2PL see-FIN,You will see.
santali_see_paradigm.eaf,62,122000,124000,uni͡i̯ ɲɛla,uni-i̯ ɲɛl-a,3SG.ANIM-3SG see-FIN,He/She will see.
santali_see_paradigm.eaf,63,124000,126000,ɔna͡i̯ ɲɛla,ɔna-i̯ ɲɛl-a,3SG.INANIM-3SG see-FIN,That will see.
santali_see_paradigm.eaf,64,126000,128000,unkinkin ɲɛla,unkin-kin ɲɛl-a,3DU.ANIM-3DU see-FIN,The two will see.
santali_see_paradigm.eaf,65,128000,130000,ɔnakinkin ɲɛla,ɔnakin-kin ɲɛl-a,3DU.INANIM-3DU see-FIN,Those two will see.
santali_see_paradigm.eaf,66,130000,132000,onkoko ɲɛla,onko-ko ɲɛl-a,3PL.ANIM-3PL see-FIN,They will see.
santali_see_paradigm.eaf,67,132000,134000,onakoko ɲɛla,onako-ko ɲɛl-a,3PL.INANIM-3PL see-FIN,Those will see.
santali_see_paradigm.eaf,68,134000,136000,iɲ bɘɲ ɲɛla,iɲ bɘ-ɲ ɲɛl-a,1SG NEG-1SG see-FIN,I will not see.
santali_see_paradigm.eaf,69,136000,138000,ɘliɲ bɘliɲ ɲɛla,ɘliɲ bɘ-liɲ ɲɛl-a,1DU.EXCL NEG-1DU.EXCL see-FIN,We two will not see.
santali_see_paradigm.eaf,70,138000,140000,alɛ balɛ ɲɛla,alɛ ba-lɛ ɲɛl-a,1PL NEG-1PL see-FIN,We will not see.
santali_see_paradigm.eaf,71,140000,142000,am bam ɲɛla,am ba-m ɲɛl-a,2SG NEG-2SG see-FIN,You will not see.
santali_see_paradigm.eaf,72,142000,144000,abɛn babɛn ɲɛla,abɛn ba-bɛn ɲɛl-a,2DU NEG-2DU see-FIN,You two will not see.
santali_see_paradigm.eaf,73,144000,146000,apɛ bapɛ ɲɛla,apɛ ba-pɛ ɲɛl-a,2PL NEG-2PL see-FIN,You will not see.
santali_see_paradigm.eaf,74,146000,148000,uni ba͡i̯ ɲɛla,uni ba-i̯ ɲɛl-a,3SG.ANIM NEG-3SG see-FIN,He/She will not see.
santali_see_paradigm.eaf,75,148000,150000,ɔna ba͡i̯ ɲɛla,ɔna ba-i̯ ɲɛl-a,3SG.INANIM NEG-3SG see-FIN,That will not see.
santali_see_paradigm.eaf,76,150000,152000,uŋkin bɘkin ɲɛla,uŋkin bɘ-kin ɲɛl-a,3DU.ANIM NEG-3DU see-FIN,The two will not see.
santali_see_paradigm.eaf,77,152000,154000,onakin bɘkin ɲɛla,onakin bɘ-kin ɲɛl-a,3DU.INANIM NEG-3DU see-FIN,Those two will not see.
santali_see_paradigm.eaf,78,154000,156000,oŋko bako ɲɛla,oŋko ba-ko ɲɛl-a,3PL.ANIM NEG-3PL see-FIN,They will not see.
santali_see_paradigm.eaf,79,156000,158000,onkoko bako ɲɛla,onko-ko ba-ko ɲɛl-a,3PL.INANIM-3PL NEG-3PL see-FIN,Those will not see.
santali_see_paradigm.eaf,80,158000,160000,iɲiɲ ɲɛlɛd̪a,iɲ-iɲ ɲɛl-ɛ-d̪a,1SG-1SG see-PROG-FIN,I am seeing.
santali_see_paradigm.eaf,81,160000,162000,iɲiɲ ɲɛlakad̪a,iɲ-iɲ ɲɛl-a-ka-d̪a,1SG-1SG see-FIN-PRF-FIN,I have seen.
santali_imperatives_glossed.eaf,1,0,2000,d̪a.ja kat̪ɛ bʰit̪ɾi sɛʲc̚ʔ hiɟuʔ-mɛ,d̪a.ja kat̪ɛ bʰit̪ɾi sɛʲc̚ʔ hiɟuʔ-mɛ,Please Manner Inside DIR Come-IMP.2SG.POL,Please come in.
santali_imperatives_glossed.eaf,2,2200,4200,d̪a.ja kat̪ɛ ɾe͡aɽaʔ hat̪a͡omɛ,d̪a.ja kat̪ɛ ɾe͡aɽaʔ hat̪a͡o-mɛ,Please Manner Cold.Thing Take-IMP.2SG.POL,Please have something cold.
santali_imperatives_glossed.eaf,3,4400,6400,mit̪ʔ gʰɘɽi t̪ɘŋgi-mɛ,mit̪ʔ gʰɘɽi t̪ɘŋgi-mɛ,One Hour Wait-IMP.2SG.POL,Wait for a while.
santali_imperatives_glossed.eaf,4,6600,8600,ɔnaʈaʔ ɟɘɽ lɘ͡i-mɛ,ɔna-ʈaʔ ɟɘɽ lɘ͡i-mɛ,That-CLSSFR Incident Tell-IMP.2SG.POL,Tell that incident.
santali_imperatives_glossed.eaf,5,8800,10800,t̪ʰɔɽa bɘ͡i bɘ͡i-ɲɔʔ kat̪ʰa ɾɔɽ-mɛ,t̪ʰɔɽa bɘ͡i bɘ͡i-ɲɔʔ kat̪ʰa ɾɔɽ-mɛ,Little Slow-REDUP Talk Speak-IMP.2SG.POL,Speak slowly.
santali_imperatives_glossed.eaf,6,11000,13000,aɾhɔ̃ hiɟuʔ-mɛ,aɾhɔ̃ hiɟuʔ-mɛ,Again Come-IMP.2SG.POL,Come again.
santali_imperatives_glossed.eaf,7,13200,15200,ɔnɖɛ alom cala-a,ɔnɖɛ alom cala-a,There PROH Go-FIN.2SG,Don't you go there.
santali_imperatives_glossed.eaf,8,15400,17400,aɾ alom ɾɔɽ-a,aɾ alom ɾɔɽ-a,More PROH Speak-FIN.2SG,Don't talk anymore.
santali_imperatives_glossed.eaf,9,17600,19600,d̪a.ja kat̪ɛ nɔnɖɛ-m hiɟuʔ-a,d̪a.ja kat̪ɛ nɔnɖɛ-m hiɟuʔ-a,Please Manner Here-2SG Come-FIN.Q,Would you please come here for a bit?
santali_imperatives_glossed.eaf,10,19800,21800,t̪ʰɔɽa macʰa ɾɔɽ-mɛ,t̪ʰɔɽa macʰa ɾɔɽ-mɛ,Little Less Speak-IMP.2SG.POL,Speak less.
santali_imperatives_glossed.eaf,11,22000,24000,ɟɔɟɔm d̪uɽup̚ʔ-pɛ,ɟɔɟɔm d̪uɽup̚ʔ-pɛ,Eat Sit-IMP.2PL,Sit down to eat.
santali_imperatives_glossed.eaf,12,24200,26200,aɾhɔ̃ ɾɔɽ-mɛ,aɾhɔ̃ ɾɔɽ-mɛ,Again Speak-IMP.2SG.POL,Say it again.
santali_imperatives_glossed.eaf,13,26400,28400,iɲ sã͡ot̪ɛ alom ɾɔɽ-a,iɲ sã͡o-t̪ɛ alom ɾɔɽ-a,1SG COMIT-INSTR PROH Speak-FIN.2SG,You will not talk to me.
santali_imperatives_glossed.eaf,14,28600,30600,ɟɘst̪i kat̪ʰa alom ɾɔɽ-a,ɟɘst̪i kat̪ʰa alom ɾɔɽ-a,Much Talk PROH Speak-FIN.2SG,Don't talk too much.
santali_imperatives_glossed.eaf,15,30800,32800,ɘɖi gʰɘɽi-ʲc̚ʔ bahɾɛ-ɾɛ alom t̪ahɛ̃-na,ɘɖi gʰɘɽi-ʲc̚ʔ bahɾɛ-ɾɛ alom t̪ahɛ̃-na,So.Much Hour-ABL Outside-LOC PROH Stay-FIN.2SG,Don't stay out too long.
santali_imperatives_glossed.eaf,16,33000,35000,gɔɽɔ͡-ɘɲ-mɛ,gɔɽɔ-ɘɲ-mɛ,Help-1SG.OBJ-IMP.2SG.POL,Help me.
santali_imperatives_glossed.eaf,17,35200,37200,gɔɽɔ-a͡i-mɛ,gɔɽɔ-a͡i-mɛ,Help-3SG.OBJ-IMP.2SG.POL,Help him.
santali_imperatives_glossed.eaf,18,37400,39400,lɘʈu-ko manɔt̪ʔ-kom,lɘʈu-ko manɔt̪ʔ-kom,Elder-3PL Respect-IMP.2SG.3PL.OBJ,Respect the elders.
santali_imperatives_glossed.eaf,19,39600,41600,kɘʈi-ʲc̚ʔ-ko d̪ulɘɽ-kom,kɘʈi-ʲc̚ʔ-ko d̪ulɘɽ-kom,Young-ABL-3PL Love-IMP.2SG.3PL.OBJ,Love the youngers.
santali_imperatives_glossed.eaf,20,41800,43800,mɔ̃ɟ-t̪ɛ ɔɭɔʔ paɽhaʔ-mɛ,mɔ̃ɟ-t̪ɛ ɔɭɔʔ paɽhaʔ-mɛ,Well-INSTR Writing Study-IMP.2SG.POL,Study well.
santali_imperatives_glossed.eaf,21,44000,46000,gɔgo pɘɾsi ɟa͡oge d̪ulɘɽ-aʔ-mɛ,gɔgo pɘɾsi ɟa͡oge d̪ulɘɽ-aʔ-mɛ,Mother Tongue Always Love-CONT-IMP.2SG.POL,You will always love your mother tongue.
santali_imperatives_glossed.eaf,22,46200,48200,aɾhɔ̃ bɘ͡i bɘ͡i-t̪ɛ t̪aɽam-mɛ,aɾhɔ̃ bɘ͡i bɘ͡i-t̪ɛ t̪aɽam-mɛ,Again Slowly-REDUP-INSTR Walk-IMP.2SG.POL,Walk slower.
santali_imperatives_glossed.eaf,23,48400,50400,ãʈ mɘcʰi-ʲc̚ʔ ɾɔɽ-mɛ,ãʈ mɘcʰi-ʲc̚ʔ ɾɔɽ-mɛ,Voice Raise-ABL Speak-IMP.2SG.POL,Speak loudly.
santali_imperatives_glossed.eaf,24,50600,52600,d̪a.ja kat̪ɛ panahi bɔʲc̚ʔ kat̪ɛ bɔlɔʔ-mɛ,d̪a.ja kat̪ɛ panahi bɔʲc̚ʔ kat̪ɛ bɔlɔʔ-mɛ,Please Manner Shoe Remove-ABL Manner Enter-IMP.2SG.POL,Please take your shoes off before entering.
santali_imperatives_glossed.eaf,25,52800,54800,gapa set̪aʔ alɛ sã͡ot̪ɛ baski.ja-gɔʔ-mɛ,gapa set̪aʔ alɛ sã͡o-t̪ɛ baski.ja-gɔʔ-mɛ,Tomorrow Morning 1PL.EXCL COMIT-INSTR Breakfast.Eat-IMP.2SG.POL,Have breakfast with us tomorrow morning.
santali_imperatives_glossed.eaf,26,55000,57000,gapa t̪ikin alɛ sã͡ot̪ɛ maɲɟan-ɔʔ-mɛ,gapa t̪ikin alɛ sã͡o-t̪ɛ maɲɟan-ɔʔ-mɛ,Tomorrow Noon 1PL.EXCL COMIT-INSTR Eat.Lunch-IMP.2SG.POL,Eat lunch with us tomorrow noon.
santali_imperatives_glossed.eaf,27,57200,59200,gapa alɛ ɔɽaʔ-ɾɛ maɲɟan-ɔʔ-mɛ,gapa alɛ ɔɽaʔ-ɾɛ maɲɟan-ɔʔ-mɛ,Tomorrow 1PL.EXCL House-LOC Eat.Lunch-IMP.2SG.POL,Tomorrow you will have lunch at our home.
santali_imperatives_glossed.eaf,28,59400,61400,ɟɘst̪i gʰaɽi-ʲc̚ʔ bahɾɛ-ɾɛ alom t̪ahɛ̃-na,ɟɘst̪i gʰaɽi-ʲc̚ʔ bahɾɛ-ɾɛ alom t̪ahɛ̃-na,Much Hour-ABL Outside-LOC PROH Stay-FIN.2SG,Don't stay out too long.
santali_imperatives_glossed.eaf,29,61600,63600,t̪eheɲ d̪ɔ kɘmi alɔm cala-a,t̪eheɲ d̪ɔ kɘmi alɔm cala-a,Today TOP Work PROH Go-FIN.2SG,Don't you go to work today.
santali_imperatives_glossed.eaf,30,63800,65800,apɛ d̪ɔ cɛt̪ʔ t̪iheɲ calaʔ baŋ ho.joʔ t̪apɛ͡a,apɛ d̪ɔ cɛt̪ʔ t̪iheɲ calaʔ baŋ ho.joʔ t̪a-pɛ͡a,2PL TOP Q Today Go NEG Happen FIN-2PL.Q,Aren't you going today?
santali_imperatives_glossed.eaf,31,66000,68000,no͡a ciʈʰi ɔka ɔka-ɾɛ kol ho.jo-a aɾ ɔka ɔka-ɾɛ baŋ kol ho.jo-a,no͡a ciʈʰi ɔka ɔka-ɾɛ kol ho.jo-a aɾ ɔka ɔka-ɾɛ baŋ kol ho.jo-a,This Letter Where Where-LOC Send Happen-FIN And Where Where-LOC NEG Send Happen-FIN,Where should the letter be sent and where should it not be sent?
santali_imperatives_glossed.eaf,32,68200,70200,no͡a sɔŋbat̪ʔ ɔko͡i-koʈʰɛn baŋ kol ho.ja-kana,no͡a sɔŋbat̪ʔ ɔko͡i-ko-ʈʰɛn baŋ kol ho.ja-kana,This News Who-3PL-ABL NEG Send Happen-PST.FIN,Who has not been sent the news?
santali_imperatives_glossed.eaf,33,70400,72400,oŋko d̪ɔ cɛt̪ʔ no͡a kɘmi bako puɾɘ͡u d̪aɽɛ.jaʔ-a,oŋko d̪ɔ cɛt̪ʔ no͡a kɘmi ba-ko puɾɘ͡u d̪aɽɛ.jaʔ-a,3PL TOP Q This Work NEG-3PL Finish Can-FIN,Could they not complete this job?
santali_imperatives_glossed.eaf,34,72600,74600,ɟɔmaʔ-ko baŋ sibila-kana,ɟɔmaʔ-ko baŋ sibila-kana,Food-3PL NEG Tasty-PST.FIN,Is the food not good to eat?
santali_imperatives_glossed.eaf,35,74800,76800,amd̪ɔ ced̪aʔ hɔla ɔkat̪ehɔ̃ bam cala͡o-lena,am-d̪ɔ ced̪aʔ hɔla ɔka-t̪e-hɔ̃ ba-m cala͡o-len-a,2SG-TOP Why Yesterday Where-INSTR-Also NEG-2SG Go-PST-FIN,Why didn't you go anywhere yesterday?
santali_imperatives_glossed.eaf,36,77000,79000,ni͡ɘ d̪ʰa͡o d̪ɔ ced̪aʔ ɟɘst̪i ba͡i d̪aʔ-eda,ni͡ɘ d̪ʰa͡o d̪ɔ ced̪aʔ ɟɘst̪i baŋ d̪aʔ-eda,This Time TOP Why Much NEG Rain-NPST.FIN,Why is it not raining much this time?
santali_imperatives_glossed.eaf,37,79200,81200,amd̪ɔ uni hiɟuʔ bam mɛna-ka͡ode͡a,am-d̪ɔ uni hiɟuʔ ba-m mɛna-ka͡o-de͡a,2SG-TOP 3SG Come NEG-2SG Tell-CAUS-PST.FIN,Didn't you ask him to come?
santali_imperatives_glossed.eaf,38,81400,83400,iɲ t̪inɘʔ d̪in kʰɔn d̪aɽan bɘɲ cala͡o-akan ɔna d̪ɔɲ hiɽiɲ-ăkada,iɲ t̪inɘʔ d̪in kʰɔn d̪aɽan bɘ-ɲ cala͡o-akan ɔna d̪ɔ-ɲ hiɽiɲ-ăkada,1SG How.Many Day ABL Roaming NEG-1SG Go-HAB That TOP-1SG Forget-PRF.FIN,I forgot how long I haven't been travelling.
santali_imperatives_glossed.eaf,39,83600,85600,apɛ ɔkɔ͡i ɔkɔ͡i-ko ɔna ʈoʈʰa calaʔ bapɛ mene-da,apɛ ɔkɔ͡i ɔkɔ͡i-ko ɔna ʈoʈʰa calaʔ ba-pɛ mene-da,2PL Who Who-3PL That Place Go NEG-2PL Agree-FIN,How many of you do not agree to go to that place?
santali_imperatives_glossed.eaf,40,85800,87800,amd̪ɔ cɛʈ̪ʔ gapa ɔkat̪ɛhɔ̃ bam cala-a,am-d̪ɔ cɛʈ̪ʔ gapa ɔka-t̪ɛ-hɔ̃ ba-m cala-a,2SG-TOP Q Tomorrow Where-INSTR-Also NEG-2SG Go-FIN,Aren't you going anywhere tomorrow?
santali_imperatives_glossed.eaf,41,88000,90000,unɟɔkʰɛʲc̚ʔ,un-ɟɔkʰɛ-ʲc̚ʔ,That-Time-ABL,Then
santali_imperatives_glossed.eaf,42,90200,92200,nit̪ʔ,nit̪ʔ,Now,Now
santali_imperatives_glossed.eaf,43,92400,94400,hɔla,hɔla,Yesterday,Yesterday
santali_imperatives_glossed.eaf,44,94600,96600,gapa,gapa,Tomorrow,Tomorrow
santali_imperatives_glossed.eaf,45,96800,98800,mand̪ʰɛɾ,mand̪ʰɛɾ,Day.After.Tomorrow,The Day After Tomorrow
santali_imperatives_glossed.eaf,46,99000,101000,ni͡ɘd̪ʰa͡o,ni͡ɘ-d̪ʰa͡o,This-Time,This Time
santali_imperatives_glossed.eaf,47,101200,103200,nit̪ʔgi,nit̪ʔ-gi,Now-EMPH,Just Now
santali_imperatives_glossed.eaf,48,103400,105400,unɘʔd̪in,un-ɘʔ-d̪in,That-CLSSFR-Day,So Long (for that many days)
santali_imperatives_glossed.eaf,49,105600,107600,t̪a.jɔmt̪ɛ,t̪a.jɔm-t̪ɛ,After-INSTR,After
santali_imperatives_glossed.eaf,50,107800,109800,unhilɘʔ,un-hilɘʔ,That-Day,That Day
santali_imperatives_glossed.eaf,51,110000,112000,ɟɔɟɔm-sɛʲc̚ʔ,ɟɔɟɔm-sɛʲc̚ʔ,Right.Hand-DIR,On The Right
santali_imperatives_glossed.eaf,52,112200,114200,lɛŋga-sɛʲc̚ʔ,lɛŋga-sɛʲc̚ʔ,Left.Hand-DIR,On The Left
santali_imperatives_glossed.eaf,53,114400,116400,t̪a.jɔm-sɛc̚ʔ,t̪a.jɔm-sɛc̚ʔ,Back-DIR,Behind
santali_imperatives_glossed.eaf,54,116600,118600,suɾ-ɾɛ,suɾ-ɾɛ,Near-LOC,Near
santali_imperatives_glossed.eaf,55,118800,120800,ɘɖi sɘŋgiɲ,ɘɖi sɘŋgiɲ,Very Far,Far Away
santali_imperatives_glossed.eaf,56,121000,123000,t̪ala-ɾɛ,t̪ala-ɾɛ,Middle-LOC,In Between
santali_imperatives_glossed.eaf,57,123200,125200,suɟhi,suɟhi,Straight,Straight
santali_imperatives_glossed.eaf,58,125400,127400,ɛskaɾ,ɛskaɾ,Alone,Alone
santali_imperatives_glossed.eaf,59,127600,129600,ãʈ̚-t̪ɛ,ãʈ̚-t̪ɛ,Loud-INSTR,Loudly
santali_imperatives_glossed.eaf,60,129800,131800,usɘɾa-t̪ɛ,usɘɾa-t̪ɛ,Quick-INSTR,Quickly
santali_imperatives_glossed.eaf,61,132000,134000,bɘ͡i bɘ͡i-t̪ɛ,bɘ͡i bɘ͡i-t̪ɛ,Slow Slow-INSTR.REDUP,Slowly
santali_imperatives_glossed.eaf,62,134200,136200,ɟɘst̪i-gi,ɟɘst̪i-gi,Much-EMPH,Mostly
santali_imperatives_glossed.eaf,63,136400,138400,ɟɘst̪i,ɟɘst̪i,Much,More / Much
santali_imperatives_glossed.eaf,64,138600,140600,t̪ʰɔɽa,t̪ʰɔɽa,Little,Less / Little
santali_imperatives_glossed.eaf,65,140800,142800,t̪eheɲ,t̪eheɲ,Today,Today
santali_imperatives_glossed.eaf,66,143000,145000,mit̪ʔ-d̪in,mit̪ʔ-d̪in,One-Day,One Day
santali_imperatives_glossed.eaf,67,145200,147200,samaŋ-ɾɛ,samaŋ-ɾɛ,Front-LOC,In Front
santali_imperatives_glossed.eaf,68,147400,149400,cet̪an-ɾɛ,cet̪an-ɾɛ,Above-LOC,Above
santali_imperatives_glossed.eaf,69,149600,151600,lat̪aɾ-ɾɛ,lat̪aɾ-ɾɛ,Below-LOC,Below / Down
santali_imperatives_glossed.eaf,70,151800,153800,aɽe-ɾɛ,aɽe-ɾɛ,Side-LOC,Beside
santali_imperatives_glossed.eaf,71,154000,156000,sɘŋgiɲ-ɾɛ,sɘŋgiɲ-ɾɛ,Far-LOC,Away / Far
santali_imperatives_glossed.eaf,72,156200,158200,bahɾɛ-ɾɛ,bahɾɛ-ɾɛ,Outside-LOC,Outside
santali_imperatives_glossed.eaf,73,158400,160400,bʰit̪ɾi-ɾɛ,bʰit̪ɾi-ɾɛ,Inside-LOC,Inside
santali_imperatives_glossed.eaf,74,160600,162600,a͡ima,a͡ima,A.Lot,A Lot
santali_imperatives_glossed.eaf,75,162800,164800,ponaʔ,pon-aʔ,Four-ORD,The Fourth
santali_imperatives_glossed.eaf,76,165000,167000,mɔ̃ɽɛ̃.jaʔ,mɔ̃ɽɛ̃.ja-ʔ,Five-ORD,The Fifth
santali_imperatives_glossed.eaf,77,167200,169200,t̪uɾu.jaʔ,t̪uɾu.ja-ʔ,Six-ORD,The Sixth
santali_imperatives_glossed.eaf,78,169400,171400,e͡a.jaʔ,e͡a.ja-ʔ,Seven-ORD,The Seventh
santali_imperatives_glossed.eaf,79,171600,173600,iɾɘl-aʔ,iɾɘl-aʔ,Eight-ORD,The Eighth
santali_imperatives_glossed.eaf,80,173800,175800,aɾɛ.jaʔ,aɾɛ.ja-ʔ,Nine-ORD,The Ninth
santali_imperatives_glossed.eaf,81,176000,178000,gɛː l-aʔ,gɛː l-aʔ,Ten-ORD,The Tenth
santali_imperatives_glossed.eaf,82,178200,180200,pɘhil-aʔ,pɘhil-aʔ,First-ORD,The First
santali_imperatives_glossed.eaf,83,180400,182400,d̪osaɾ-aʔ,d̪osaɾ-aʔ,Second-ORD,The Second
santali_glossed_3.eaf,1,0,2000,gɔgɔo̯͡aʔ kɔɽam t̪ɔ̯͡a d̪ɔ gid̪ɾɘ lɘgit̪̚ʔ ɾan lekage͡i̯ kɘmi.ja,gɔgɔ-o̯͡aʔ kɔɽam t̪ɔ̯͡a d̪ɔ gid̪ɾɘ lɘgit̪̚ʔ ɾan leka-ge͡i̯ kɘmi-ja,mother-GEN.IN chest milk TOP child for medicine like-EMPH work-FIN,Mother's breast milk works like medicine for the baby.
santali_glossed_3.eaf,2,2200,4200,t̪uɾu͡i̯ cand̪o hɘbiʲc̚ʔ gid̪ɾɘ d̯ɔ gɔgɔ t̪o̯͡age ɟɔm oco.je ho.jo.a,t̪uɾu͡i̯ cand̪o hɘbiʲc̚ʔ gid̪ɾɘ d̪ɔ gɔgɔ t̪o̯͡a-ge ɟɔm-oco-je ho.jo-a,six month until child TOP mother milk-EMPH eat-CAUS-3SG.SUBJ become-FIN,The baby should be breastfed for up to 6 months.
santali_glossed_3.eaf,3,4400,6400,inɘ t̪a.jɔm t̪͡o̯͡a ɟɔm sã͡o̯ sã͡o̯t̪ɛ eʈaʔ ɟɔmaʔhɔ̃ ema͡i̯ ho.jo.a,inɘ t̪a.jɔm t̪o̯͡a ɟɔm sã͡o̯ sã͡o̯-t̪ɛ eʈaʔ ɟɔmaʔ-hɔ̃ ema͡i̯ ho.jo-a,after.that after milk eat with with-INS other food-also give become-FIN,"After that, the baby should be given other food besides milk."
santali_glossed_3.eaf,4,6600,8600,gid̪ɾɘ d̪ɔ mit̪̚ʔsãot̪ɛ a͡i̯ma ɟɔm ema͡i̯ d̪ɔ baŋ boge.ja,gid̪ɾɘ d̪ɔ mit̪̚ʔ-sã͡o̯-t̪ɛ a͡i̯ma ɟɔm ema͡i̯ d̪ɔ baŋ boge-ja,child TOP one-with-INS many food give TOP NEG good-FIN,It is not good to feed a baby many foods at once.
santali_glossed_3.eaf,5,8800,10800,gid̪ɾɘ d̪ɔ aɽaʔ sakam sã͡o̯ ɟɔː ɾe.jaʔ ɾɔs hɔ̃ ɲu oco͡i̯ ho.jo.a,gid̪ɾɘ d̪ɔ aɽaʔ sakam sã͡o̯ ɟɔː ɾe.jaʔ ɾɔs hɔ̃ ɲu-oco͡i̯ ho.jo-a,child TOP vegetable leaf with fruit GEN.IN juice also drink-CAUS become-FIN,Children should be fed vegetables and fruit juices.
santali_glossed_3.eaf,6,11000,13000,gid̪ɾɘ lagit̪̚ʔ ɟɘpit̪̚ʔ d̪ɔ ɘɖi ɟɘɾuɽanaʔ kange.ja,gid̪ɾɘ lagit̪̚ʔ ɟɘpit̪̚ʔ d̪ɔ ɘɖi ɟɘɾuɽanaʔ kan-ge-ja,child for sleep TOP very necessary COP-EMPH-FIN,Sleep is very important for babies.
santali_glossed_3.eaf,7,13200,15200,noŋkat̪ɛ gid̪ɾɘ d̪ɔ boge aɾ mɔ̃ːɟɛ haɾa buɾuʔkana,noŋka-t̪ɛ gid̪ɾɘ d̪ɔ boge aɾ mɔ̃ɟɛ haɾa buɾuʔ-kana,DEM.MAN-INS child TOP good and well grow grow.up-PROG,In this way the baby stays healthy and grows well.
santali_glossed_3.eaf,8,15400,17400,mit̪̚ʔʈɛn gid̪ɾɘ d̪ɔ mit̪̚ʔ seɾma t̪alaɾɛ mɔ̃ɽɛ̃gɔʈɛn ʈikɘ ema͡i̯ ho.jo.a,mit̪̚ʔ-ʈɛn gid̪ɾɘ d̪ɔ mit̪̚ʔ seɾma t̪ala-ɾɛ mɔ̃ɽɛ̃-gɔʈɛn ʈikɘ ema͡i̯ ho.jo-a,one-CLF child TOP one year within-LOC five-CLF vaccine give become-FIN,A baby should be given 5 vaccinations within one year.
santali_glossed_3.eaf,9,17600,19600,ʈikɘ baŋ ema͡i̯kʰan gid̪ɾɘo̯͡aʔ a͡i̯ma lekan ɾu̯͡ɘ ho͡i̯ d̪aɽeo̯͡aʔa,ʈikɘ baŋ ema͡i̯-kʰan gid̪ɾɘ-o̯͡aʔ a͡i̯ma lekan ɾu̯͡ɘ ho͡i̯ d̪aɽe-o̯͡aʔ-a,vaccine NEG give-COND child-GEN.IN many kind disease happen able-GEN.IN-FIN,Babies can catch many diseases if not vaccinated.
santali_glossed_3.eaf,10,19800,21800,gid̪ɾɘ d̪ɔ ɔka ɔk̚t̪ɛ ɔka ʈikɘ ema͡i̯ ho.joʔa ona d̪ɔ ɖakt̪aɾge͡i̯ lɘː.ja,gid̪ɾɘ d̪ɔ ɔka ɔk̚t̪ɛ ɔka ʈikɘ ema͡i̯ ho.jo-a ona d̪ɔ ɖakt̪aɾ-ge͡i̯ lɘː-ja,child TOP which time which vaccine give become-FIN DEM.DIST TOP doctor-EMPH say-FIN,The doctor will say when which vaccine the baby needs.
santali_glossed_3.eaf,11,22000,24000,soɾɾenaʔ haspat̪alɾege gid̪ɾɘ d̪ɔ ʈikɘ ema͡i̯ ho.jo.a,soɾ-ɾenaʔ haspat̪al-ɾe-ge gid̪ɾɘ d̪ɔ ʈikɘ ema͡i̯ ho.jo-a,near-GEN.IN hospital-LOC-EMPH child TOP vaccine give become-FIN,The baby can be vaccinated by going to a nearby hospital.
santali_glossed_3.eaf,12,24200,26200,gʰaɾɔɟ,gʰaɾɔɟ,family,Family
santali_glossed_3.eaf,13,26400,28400,galmaɾa͡o̯,galmaɾa͡o̯,discussion,Discussion
santali_glossed_3.eaf,14,28600,30600,kuk̚li,kuk̚li,question,Question
santali_glossed_3.eaf,15,30800,32800,ɾɔɽɾu̯͡ɘɽ,ɾɔɽɾu̯͡ɘɽ,answer,Answer
santali_glossed_3.eaf,16,33000,35000,ɾaːn,ɾaːn,medicine,Medicine
santali_glossed_3.eaf,17,35200,37200,kuk̚mu,kuk̚mu,dream,Dream
santali_glossed_3.eaf,18,37400,39400,ɟanam,ɟanam,birth,Birth
santali_glossed_3.eaf,19,39600,41600,guɟuʔ,guɟuʔ,death,Death
santali_glossed_3.eaf,20,41800,43800,bap̚la,bap̚la,marriage,Marriage
santali_glossed_3.eaf,21,44000,46000,kɘmi,kɘmi,work,Work
santali_glossed_3.eaf,22,46200,48200,sɔna,sɔna,gold,Gold
santali_glossed_3.eaf,23,48400,50400,ɾupɘ,ɾupɘ,silver,Silver
santali_glossed_3.eaf,24,50600,52600,sapap̚ʔ,sapap̚ʔ,ornament,Ornaments
santali_glossed_3.eaf,25,52800,54800,bʰage,bʰage,good,Good
santali_glossed_3.eaf,26,55000,57000,bɘɽiʲc̚ʔ,bɘɽiʲc̚ʔ,bad,Evil
santali_glossed_3.eaf,27,57200,59200,napa͡i̯,napa͡i̯,beautiful,Beautiful
santali_glossed_3.eaf,28,59400,61400,baŋ mɔ̃ɟ,baŋ mɔ̃ɟ,NEG good,Ugly
santali_glossed_3.eaf,29,61600,63600,hamal,hamal,heavy,Heavy
santali_glossed_3.eaf,30,63800,65800,ɾa͡ɔ̯al,ɾa͡ɔ̯al,light,Light
santali_glossed_3.eaf,31,66000,68000,kɘʈiʲc̚ʔ,kɘʈiʲc̚ʔ,small,Small
santali_glossed_3.eaf,32,68200,70200,lɘʈu,lɘʈu,big,Big
santali_glossed_3.eaf,33,70400,72400,bɛɾɛl,bɛɾɛl,raw,Raw
santali_glossed_3.eaf,34,72600,74600,bele,bele,ripe,Seasoned
santali_glossed_3.eaf,35,74800,76800,ɟɔɟɔ,ɟɔɟɔ,sour,Sour
santali_glossed_3.eaf,36,77000,79000,ɟʰal,ɟʰal,spicy,Spicy
santali_glossed_3.eaf,37,79200,81200,hɛɽɛm,hɛɽɛm,sweet,Sweet
santali_glossed_3.eaf,38,81400,83400,ɟiu̯͡ɘt̪̚ʔ,ɟiu̯͡ɘt̪̚ʔ,alive,Alive
santali_glossed_3.eaf,39,83600,85600,gɔʲc̚ʔ,gɔʲc̚ʔ,dead,Dead
santali_glossed_3.eaf,40,85800,87800,cɔʈ̚,cɔʈ̚,high,High
santali_glossed_3.eaf,41,88000,90000,lat̪aɾ,lat̪aɾ,low,Low
santali_glossed_3.eaf,42,90200,92200,lɘbit̪̚ʔ,lɘbit̪̚ʔ,soft,Soft
santali_glossed_3.eaf,43,92400,94400,lɔlɔ,lɔlɔ,hot,Hot
santali_glossed_3.eaf,44,94600,96600,lɔlɔ,lɔlɔ,hot,Hot
santali_glossed_3.eaf,45,96800,98800,kɛʈɛʲc̚ʔ,kɛʈɛʲc̚ʔ,tough,Tough
santali_glossed_3.eaf,46,99000,101000,sapʰa,sapʰa,clean,Clean
santali_glossed_3.eaf,47,101200,103200,sɘɾi,sɘɾi,true,Truth
santali_glossed_3.eaf,48,103400,105400,ɛɽɛ,ɛɽɛ,lie,Lie
santali_glossed_3.eaf,49,105600,107600,et̪aŋ,et̪aŋ,thin,Thin
santali_glossed_3.eaf,50,107800,109800,mɔʈa,mɔʈa,thick,Thick
santali_glossed_3.eaf,51,110000,112000,bap̚laiʲc̚ʔ,bap̚la-iʲc̚ʔ,marriage-NMLZ,Married
santali_glossed_3.eaf,52,112200,114200,ɖɘŋu̯͡ɘ,ɖɘŋu̯͡ɘ,unmarried,Unmarried
santali_glossed_3.eaf,53,114400,116400,nina d̪ɔ gɔgɔ baba sã͡o̯ sɔhɔɾɾɛ͡i̯ t̪ahɛ̃na,nina d̪ɔ gɔgɔ baba sã͡o̯ sɔhɔɾ-ɾɛ-͡i̯ t̪ahɛ̃-na,Nina TOP mother father with city-LOC-3SG.SUBJ stay-FIN,Nina lives in the city with her parents.
santali_glossed_3.eaf,54,116600,118600,mit̪̚ʔd̪in aʲc̚ʔ gɔɽɔm buɖi d̪ɔ uni ʈʰɛn miʔʈɛn ciʈʰi͡i̯ koːlked̪a,mit̪̚ʔ-d̪in aʲc̚ʔ gɔɽɔm buɖi d̪ɔ uni ʈʰɛn miʔ-ʈɛn ciʈʰi-͡i̯ koːl-ked̪-a,one-day REFL elder old.woman TOP 3SG LOC.AN one-CLF letter-3SG.SUBJ send-PST.A-FIN,One day her grandmother sent a letter to her.
santali_glossed_3.eaf,55,118800,120800,mɛnɛʔ nina d̪ɔ ɔna ciʈʰi ba͡i̯ paɽha͡o̯ d̪aɽe.jad̪a,mɛnɛʔ nina d̪ɔ ɔna ciʈʰi ba-͡i̯ paɽha͡o̯ d̪aɽe-jad̪-a,but Nina TOP DEM.DIST letter NEG-3SG.SUBJ read able-PST-FIN,But Nina could not read that letter.
santali_glossed_3.eaf,56,121000,123000,ɛnt̪ɛʔ niɟeɾaʔ pɘɾsi baɖa͡i̯kanɾɛhɔ̃ ba͡i̯ paɽha͡o̯ d̪aɽe.jad̪a,ɛnt̪ɛʔ niɟeɾ-aʔ pɘɾsi baɖa͡i̯-kan-ɾɛ-hɔ̃ ba-͡i̯ paɽha͡o̯ d̪aɽe-jad̪-a,because self-GEN.IN language know-COP-LOC-also NEG-3SG.SUBJ read able-PST-FIN,"Because, although she can speak her own language, she cannot read."
santali_glossed_3.eaf,57,123200,125200,unɾɛ nina apat̚ʔ d̪ɔ ɔna ciʈʰi paɽha͡o̯ kat̪ɛ manɛ͡i̯ buɟʰhɘ͡o̯ade.ja,un-ɾɛ nina apat̚ʔ d̪ɔ ɔna ciʈʰi paɽha͡o̯ kat̪ɛ manɛ-͡i̯ buɟʰhɘ͡o̯-ad̪e-ja,DEM.DIST-LOC Nina father TOP DEM.DIST letter read CONV meaning-3SG.SUBJ explain-3SG.OBJ-FIN,Then Nina's father read the letter to her and explained the meaning.
santali_glossed_3.eaf,58,125400,127400,nina d̪ɔ ciʈʰiɾenaʔ ut̪̚t̪ɔɾ mɛnt̪ɛ kɔ.jekʈi cʰobi͡i̯ koːlad̪e.ja,nina d̪ɔ ciʈʰi-ɾenaʔ ut̪̚t̪ɔɾ mɛnt̪ɛ kɔ.jek-ʈi cʰobi-͡i̯ koːl-ad̪e-ja,Nina TOP letter-GEN.IN answer QUOT some-CLF picture-3SG.SUBJ send-3SG.OBJ-FIN,Nina sent some pictures in reply to the letter.
santali_glossed_3.eaf,59,127600,129600,inɘ t̪ʰɔɽa d̪in bad̪ɾɛ gɔɽɔm buɖi ʈʰɛn kʰɔn aɾhɔ mit̪̚ʔʈɛn ciʈʰi͡i̯ ɲamked̪a,inɘ t̪ʰɔɽa d̪in bad̪-ɾɛ gɔɽɔm buɖi ʈʰɛn kʰɔn aɾhɔ mit̪̚ʔ-ʈɛn ciʈʰi-͡i̯ ɲam-ked̪-a,after.that few day after-LOC elder old.woman LOC.AN ABL another one-CLF letter-3SG.SUBJ get-PST.A-FIN,A few days later she received another letter from her grandmother.
santali_glossed_3.eaf,60,129800,131800,ɔna ciʈʰiɾɛ gɔɽɔm buɖidɔ͡i̯ ɔlked̪a ɔna cʰobiko ɲam kat̪ɛ uni d̪ɔ ɘɖiaʈɛ kusilena,ɔna ciʈʰi-ɾɛ gɔɽɔm buɖi-d̪ɔ-͡i̯ ɔl-ked̪-a ɔna cʰobi-ko ɲam kat̪ɛ uni d̪ɔ ɘɖi-aʈɛ kusi-len-a,DEM.DIST letter-LOC elder old.woman-TOP-3SG.SUBJ write-PST.A-FIN DEM.DIST picture-PL get CONV 3SG TOP very-INS happy-PST.M-FIN,"In that letter, the grandmother wrote that she was very happy to receive Nina's pictures."
santali_glossed_3.eaf,61,132000,134000,nina ɔna ciʈʰi ba͡i̯ paɽha͡o̯ d̪aɽe.jaʔt̪ɛ mɔnɛ bɘɽiʲc̚ʔked̪a aɾ kɔsʈɔ͡i̯ ɘ͡i̯kɘ͡o̯ked̪a,nina ɔna ciʈʰi ba-͡i̯ paɽha͡o̯ d̪aɽe-jaʔ-t̪ɛ mɔn-ɛ bɘɽiʲc̚ʔ-ked̪-a aɾ kɔsʈɔ-͡i̯ ɘ͡i̯kɘ͡o̯-ked̪-a,Nina DEM.DIST letter NEG-3SG.SUBJ read able-NMLZ-INS mind-LOC bad-PST.A-FIN and pain-3SG.SUBJ feel-PST.A-FIN,But Nina could not read her letter — she felt upset to know that.
santali_glossed_3.eaf,62,134200,136200,nina nit̪̚ʔ pɘɾsit̪ɛ ɔlɔʔpaɽhaʔɛ ɛhɔp̚ʔked̪a ɟɛmɔn aʲc̚ʔ gɔɽɔm buɖi ciʈʰi͡i̯ ɔl d̪aɽeo̯͡ai̯,nina nit̪̚ʔ pɘɾsi-t̪ɛ ɔlɔʔpaɽhaʔ-ɛ ɛhɔp̚ʔ-ked̪-a ɟɛmɔn aʲc̚ʔ gɔɽɔm buɖi ciʈʰi-͡i̯ ɔl d̪aɽe-o̯͡a-i̯,Nina own language-INS study-3SG.SUBJ begin-PST.A-FIN so.that REFL elder old.woman letter-3SG.SUBJ write able-FIN-3SG.SUBJ,Nina then began studying her native language so that she could write letters to her grandmother.
santali_glossed_3.eaf,63,136400,138400,ni̯͡ɘ,ni̯͡ɘ,DEM.PROX,This
santali_glossed_3.eaf,64,138600,140600,hana,hana,DEM.DIST,That
santali_glossed_3.eaf,65,140800,142800,nɔnɖɛ,nɔnɖɛ,here,Here
santali_glossed_3.eaf,66,143000,145000,hanɖɛ,hanɖɛ,there,There
santali_glossed_3.eaf,67,145200,147200,ɟãha͡i̯,ɟãha-͡i̯,INDEF-3SG,Someone
santali_glossed_3.eaf,68,147400,149400,nase.jaʔ,nase.jaʔ,something,Something
santali_glossed_3.eaf,69,149600,151600,ɔkaɾɛhõ,ɔka-ɾɛ-hõ,where-LOC-also,Somewhere
santali_glossed_3.eaf,70,151800,153800,cɛt̪̚ʔhɔ̃,cɛt̪̚ʔ-hɔ̃,what-also,Any
santali_glossed_3.eaf,71,154000,156000,aʲc̚ʔ,aʲc̚ʔ,REFL,Own
santali_glossed_3.eaf,72,156200,158200,sanam,sanam,all,All/Every
santali_glossed_3.eaf,73,158400,160400,sanam,sanam,all,Everyone
santali_glossed_3.eaf,74,160600,162600,sanamko̯͡aʔ,sanam-ko-̯͡aʔ,all-PL-GEN.IN,Everyone's
santali_glossed_3.eaf,75,162800,164800,aʲc̚ʔ aʲc̚ʔ t̪ɛ,aʲc̚ʔ aʲc̚ʔ-t̪ɛ,REFL REFL-INS,By Himself/Herself
santali_glossed_3.eaf,76,165000,167000,ɛʈaʔ,ɛʈaʔ,other,Other/Another
santali_glossed_3.eaf,77,167200,169200,ɟud̪ɘ,ɟud̪ɘ,different,Different
santali_glossed_3.eaf,78,169400,171400,ɔɽaʔ,ɔɽaʔ,house,Home
santali_glossed_3.eaf,79,171600,173600,sɘɽim,sɘɽim,shed,Shed
santali_glossed_3.eaf,80,173800,175800,kʰunʈi,kʰunʈi,pole,Pole
santali_glossed_3.eaf,81,176000,178000,d̪u̯͡ɘɾ,d̪u̯͡ɘɾ,door,The Door
santali_glossed_3.eaf,82,178200,180200,ʈɘʈi,ʈɘʈi,fence,The Fence
santali_glossed_3.eaf,83,180400,182400,bʰit̪,bʰit̪,wall,The Wall
santali_glossed_3.eaf,84,182600,184600,siɽhi,siɽhi,stairs,The Stairs
santali_glossed_3.eaf,85,184800,186800,ɾaca,ɾaca,yard,The Yard
santali_glossed_3.eaf,86,187000,189000,gɔɽa,gɔɽa,cattle.shed,Slaughterhouse
santali_glossed_3.eaf,87,189200,191200,t̪ʰɘɾi,t̪ʰɘɾi,plate,Plate
santali_glossed_3.eaf,88,191400,193400,t̪ʰɘɾi,t̪ʰɘɾi,plate,Dish
santali_glossed_3.eaf,89,193600,195600,kanɖa,kanɖa,pitcher,Pitcher
santali_glossed_3.eaf,90,195800,197800,kɘ͡i̯d̪ɘ,kɘ͡i̯d̪ɘ,knife,Kitchen Knife
santali_glossed_3.eaf,91,198000,200000,binʈʰi,binʈʰi,knife,Kitchen Knife
santali_glossed_3.eaf,92,200200,202200,ɖʰɘkniʲc̚ʔ,ɖʰɘkniʲc̚ʔ,lid,Lid
santali_glossed_3.eaf,93,202400,204400,ɟʰɘli,ɟʰɘli,net,Net
santali_glossed_3.eaf,94,204600,206600,culhɘ,culhɘ,stove,Stove
santali_glossed_3.eaf,95,206800,208800,pɘchɘ͡o̯ɽi,pɘchɘ͡o̯ɽi,sheet,Sheet
santali_glossed_3.eaf,96,209000,211000,pɘʈi.jɘ,pɘʈi.jɘ,rug,Rug
santali_glossed_3.eaf,97,211200,213200,ganɖo,ganɖo,stool,Sitting Tool
santali_glossed_3.eaf,98,213400,215400,mɘci,mɘci,stool,Sitting Tool
santali_glossed_3.eaf,99,215600,217600,mɘci,mɘci,stool,Sitting Tool
santali_glossed_3.eaf,100,217800,219800,ɟɔnɔʔ,ɟɔnɔʔ,broom,The Broom
santali_glossed_3.eaf,101,220000,222000,ʈukuʲc̚ʔ,ʈukuʲc̚ʔ,pot,Cooking Pot
santali_glossed_3.eaf,102,222200,224200,celaŋ,celaŋ,pot,Cooking Pot
santali_glossed_3.eaf,103,224400,226400,ɘɾsi,ɘɾsi,mirror,The Mirror
santali_glossed_3.eaf,104,226600,228600,nɘkiʲc̚ʔ,nɘkiʲc̚ʔ,comb,The Comb
santali_glossed_3.eaf,105,228800,230800,kulup̚,kulup̚,lock,The Lock
santali_glossed_3.eaf,106,231000,233000,cʰɔɽan,cʰɔɽan,key,The Key
santali_glossed_3.eaf,107,233200,235200,kʰɘc̚lɘʔ,kʰɘc̚lɘʔ,basket,The Basket
santali_glossed_3.eaf,108,235400,237400,kɘʈiʲc̚ʔ ɔk̚t̪ɛ alɛ ɔɽaʔ samaŋɾɛ miʔʈɛn bagan t̪ahɛ̃kana,kɘʈiʲc̚ʔ ɔk̚t̪ɛ alɛ ɔɽaʔ samaŋ-ɾɛ miʔ-ʈɛn bagan t̪ahɛ̃-kana,small time 1PL.EXCL house front-LOC one-CLF garden be-PROG,There was a garden in front of our house in childhood.
santali_glossed_3.eaf,109,237600,239600,ɔna baganɾɛ a͡i̯malɛkan baha aɾ ɟɔː d̪aɾe t̪ahɛ̃kana,ɔna bagan-ɾɛ a͡i̯ma-lɛkan baha aɾ ɟɔː d̪aɾe t̪ahɛ̃-kana,DEM.DIST garden-LOC many-kind flower and fruit tree be-PROG,There were different kinds of flowers and fruit trees in that garden.
santali_glossed_3.eaf,110,239800,241800,bagan ɾe.jaʔ mit̪̚ʔaɽeɾɛ aɽaʔsakam hɔ̃ t̪ahɛ̃kana,bagan ɾe.jaʔ mit̪̚ʔ-aɽe-ɾɛ aɽaʔsakam hɔ̃ t̪ahɛ̃-kana,garden GEN.IN one-side-LOC vegetable also be-PROG,There was also a vegetable field on one side of the garden.
santali_glossed_3.eaf,111,242000,244000,cʰuʈi d̪inɾɛ iɲ aɾ misɾaɲd̪ɔ ɔna baganɾɛliɲ kɘmi.jɛt̚ʔ t̪ahɛ̃kana,cʰuʈi d̪in-ɾɛ iɲ aɾ mis-ɾaɲ-d̪ɔ ɔna bagan-ɾɛ-liɲ kɘmi-jɛt̚ʔ t̪ahɛ̃-kana,holiday day-LOC 1SG and sister-1SG-TOP DEM.DIST garden-LOC-1PL.EXCL.SUBJ work-INCMPL be-PROG,My sister and I used to work in that garden on holidays.
santali_glossed_3.eaf,112,244200,246200,ɛʈaʔ d̪aɾeko t̪ut̪̚ʔgiɖikat̪ɛ ɟɔt̪ɔ daɾeɾɛ d̪aʔliɲ d̪ulɛt̪̚ʔt̪ahɛ̃kana,ɛʈaʔ d̪aɾe-ko t̪ut̪̚ʔgiɖi kat̪ɛ ɟɔt̪ɔ d̪aɾe-ɾɛ d̪aʔ-liɲ d̪ulɛ-t̪̚ʔ t̪ahɛ̃-kana,other tree-PL weed CONV all tree-LOC water-1PL.EXCL.SUBJ pour-INCMPL be-PROG,We used to water all the plants and clean the weeds.
santali_glossed_3.eaf,113,246400,248400,ɔk̚t̪ɛ ɔk̚t̪ɛ saɾ lɛkat̪ɛ guɾiʲc̚ʔ aɾ t̪ɔɾɔʲc̚ʔliɲ laga͡ɔ̯ɛt̪̚ʔt̪ahɛ̃kana,ɔk̚t̪ɛ ɔk̚t̪ɛ saɾ lɛkat̪ɛ guɾiʲc̚ʔ aɾ t̪ɔɾɔʲc̚ʔ-liɲ laga͡ɔ̯-ɛt̪̚ʔ t̪ahɛ̃-kana,time time fertilizer like dung and ash-1PL.EXCL.SUBJ apply-INCMPL be-PROG,Sometimes we used cow dung and ash as fertilizers.
santali_glossed_3.eaf,114,248600,250600,d̪aɾeɾɛ ɟɔ aɾ baha ɲɛlɔʔɾɛ ɘɖi ɾɘskɘliɲ buɟʰhɘo͡ɛ̯t̪̚ʔt̪ahɛ̃kana,d̪aɾe-ɾɛ ɟɔ aɾ baha ɲɛl-ɔʔ-ɾɛ ɘɖi ɾɘskɘ-liɲ buɟʰhɘ-o͡ɛ̯t̪̚ʔ t̪ahɛ̃-kana,tree-LOC fruit and flower see-NMLZ-LOC very joy-1PL.EXCL.SUBJ feel-INCMPL be-PROG,We felt great when the trees blossomed and bore fruit.
santali_glossed_3.eaf,115,250800,252800,ɟahã ɟɔ ɖheɾ sap̚ʔlɛnkʰan ɔna d̯ɔ baɟaɾɾɛlɛ ɘkʰɾiɲɛt̪̚ʔ t̪ahɛ̃kana,ɟahã ɟɔ ɖheɾ sap̚ʔ-lɛn-kʰan ɔna d̪ɔ baɟaɾ-ɾɛ-lɛ ɘkʰɾiɲ-ɛt̪̚ʔ t̪ahɛ̃-kana,INDEF fruit much catch-PST.M-COND DEM.DIST TOP market-LOC-1PL.EXCL.SUBJ sell-INCMPL be-PROG,"If any fruits were great in number, they were sold in the market."
santali_glossed_3.eaf,116,253000,255000,mit̪̚ʔd̪in kɘmi ɔk̚t̪ɛɾɛ mit̪̚ʔʈɛn t̪eɟud̪ɔ t̪i.jɛː gɛɾkɛt̪̚ʔt̪iɲa,mit̪̚ʔ-d̪in kɘmi ɔk̚t̪ɛ-ɾɛ mit̪̚ʔ-ʈɛn t̪eɟu-d̪ɔ t̪i-jɛː gɛɾ-kɛt̪̚ʔ-t̪iɲ-a,one-day work time-LOC one-CLF insect-TOP hand-LOC bite-PST.A-1SG.OBJ-FIN,"One day while working in the garden, an insect bit my hand."
santali_glossed_3.eaf,117,255200,257200,unɾɛ t̪i d̪ɔ pʰulɘo͡ɛ̯na aɾ hasolid̪iɲa,un-ɾɛ t̪i d̪ɔ pʰul-ɘ-o͡ɛ̯-na aɾ haso-li-d̪iɲ-a,DEM.DIST-LOC hand TOP swell-EP-PST.M-FIN and pain-PST-1SG.OBJ-FIN,My hand was swollen at that time and it was painful.
santali_glossed_3.eaf,118,257400,259400,ɾan laga͡o̯ t̪a.jɔm t̪i d̪ɔ boge.jɛn t̪iɲa,ɾan laga͡o̯ t̪a.jɔm t̪i d̪ɔ boge-jɛn-t̪iɲ-a,medicine apply after hand TOP good-PST.M-1SG.OBJ-FIN,"After applying the medicine, my hand got better."
santali_glossed_3.eaf,119,259600,261600,land̪a,land̪a,smile,Smile
santali_glossed_3.eaf,120,261800,263800,ɾaʔ,ɾaʔ,cry,Cry
santali_glossed_3.eaf,121,264000,266000,ɾɘskɘ,ɾɘskɘ,joy,Joy
santali_glossed_3.eaf,122,266200,268200,ɾaŋga͡o̯,ɾaŋga͡o̯,anger,Anger
santali_glossed_3.eaf,123,268400,270400,bɔt̪ɔɾ,bɔt̪ɔɾ,fear,Fear
santali_glossed_3.eaf,124,270600,272600,hud̪is,hud̪is,thought,Thinking
santali_glossed_3.eaf,125,272800,274800,himmɘt̪,himmɘt̪,courage,Courage
santali_glossed_3.eaf,126,275000,277000,d̪a.ja,d̪a.ja,kindness,Kindness
santali_glossed_3.eaf,127,277200,279200,d̪ulɘɽ,d̪ulɘɽ,love,Love
santali_glossed_3.eaf,128,279400,281400,d̪ulɘɽ,d̪ulɘɽ,love,Adore
santali_glossed_3.eaf,129,281600,283600,hiɾkʰɘ,hiɾkʰɘ,hatred,Hatred
santali_glossed_3.eaf,130,283800,285800,culhɘ ɔɽaʔ,culhɘ ɔɽaʔ,stove house,Kitchen
santali_glossed_3.eaf,131,286000,288000,d̪aka,d̪aka,rice,Rice
santali_glossed_3.eaf,132,288200,290200,d̪ɘl,d̪ɘl,lentil,Lentil
santali_glossed_3.eaf,133,290400,292400,bele,bele,egg,Egg
santali_glossed_3.eaf,134,292600,294600,ut̪u,ut̪u,curry,Curry
santali_glossed_3.eaf,135,294800,296800,baske.jaʔ,baske.jaʔ,morning.meal,Breakfast
santali_glossed_3.eaf,136,297000,299000,maɲɟan,maɲɟan,noon.meal,Lunch
santali_glossed_3.eaf,137,299200,301200,ked̪oʔ,ked̪oʔ,evening.meal,Dinner
santali_glossed_3.eaf,138,301400,303400,kʰɘɟɘɽi,kʰɘɟɘɽi,puffed.rice,Puffed rice
santali_glossed_3.eaf,139,303600,305600,t̪abɛn,t̪abɛn,flattened.rice,Flattened rice
santali_glossed_3.eaf,140,305800,307800,guɽ,guɽ,jaggery,Jaggery
santali_glossed_3.eaf,141,308000,310000,buluŋ,buluŋ,salt,Salt
santali_glossed_3.eaf,142,310200,312200,ɟel,ɟel,meat,Meat
santali_glossed_3.eaf,143,312400,314400,sim ɟel,sim ɟel,chicken meat,Chicken
santali_glossed_3.eaf,144,314600,316600,ɖaŋɾa ɟel,ɖaŋɾa ɟel,ox meat,Beef
santali_glossed_3.eaf,145,316800,318800,mɛɾɔm ɟel,mɛɾɔm ɟel,goat meat,Mutton
santali_glossed_3.eaf,146,319000,321000,sukɾi ɟel,sukɾi ɟel,pig meat,Pork
santali_school_dialogue_glossed.eaf,1,0,2000,gɔː huɖiɲ bɔ͡i̯ha d̪ɔ t̪eheɲ pɘhil d̪ʰa͡o̯ iskulɛ calaʔa,gɔː huɖ-iɲ bɔ͡i̯ha d̪ɔ t̪eheɲ pɘhil d̪ʰa͡o̯ iskul-ɛ cala-ʔ-a,VOC younger.sibling-1SG.POSS today TOP this.time first day school-LOC go-NFIN-FIN,"Mother, younger brother will go to school for the first time today."
santali_school_dialogue_glossed.eaf,2,2200,4200,uni d̪ɔ iskul calaʔɛ bɔt̪ɔɾɔʔ kana,uni d̪ɔ iskul cala-ʔ-ɛ bɔt̪ɔɾɔ-ʔ kan-a,3SG.AN TOP school go-NFIN-INF afraid-NFIN COP.PROG-FIN,He is afraid to go to school.
santali_school_dialogue_glossed.eaf,3,4400,6400,nit̪̚ cɛʔiɲ ceka ja gɔː,nit̪̚ cɛ-ʔ-iɲ cek-a ja gɔː,now what-NFIN-1SG.SUBJ do-FIN Q VOC,"What shall I do now, Mother?"
santali_school_dialogue_glossed.eaf,4,6600,8600,uni sã͡ɔ̯t̪ɛ am d̪ɔ iskulɛ m cala͡o̯lɛnkʰange ho jo a,uni sã͡ɔ̯t̪ɛ am d̪ɔ iskul-ɛ -m cala͡o̯-lɛn-kʰan-ge ho-jo-a,3SG.AN with 2SG TOP school-LOC 2SG.SUBJ go-CAUS-COND-EMPH be.good-RESLT-FIN,It will be fine if you go to school with him.
santali_school_dialogue_glossed.eaf,5,8800,10800,uni sã͡o̯ɾɛ m t̪ahɛ̃lɛnkʰan ba͡i̯ bɔt̪ɔɾɔ a,uni sã͡o̯ɾɛ -m t̪ahɛ̃-lɛn-kʰan ba-͡i̯ bɔt̪ɔɾɔ-a,3SG.AN with-LOC 2SG.SUBJ stay-CAUS-COND NEG-3SG.SUBJ afraid-FIN,"If you stay with him, he will not be afraid."
santali_school_dialogue_glossed.eaf,6,11000,13000,iɲ d̪ɔ ɔbɔs ge uni sã͡o̯t̪ɛ ɲ cala a,iɲ d̪ɔ ɔbɔs ge uni sã͡o̯t̪ɛ -ɲ cala-a,1SG TOP certainly EMPH 3SG.AN with 1SG.SUBJ go-FIN,I will certainly go with him.
santali_school_dialogue_glossed.eaf,7,13200,15200,uni d̪ɔ klasɾɛ eɛs kaɾge͡i̯ t̪ahɛ̃na unɾɛ͡i̯ bɔt̪ɔɾ d̪aɽe jaʔa,uni d̪ɔ klas-ɾɛ eɛs kaɾ-ge-͡i̯ t̪ahɛ̃-na uni-ɾɛ-͡i̯ bɔt̪ɔɾ d̪aɽe-ja-ʔ-a,3SG.AN TOP class-LOC alone-EMPH-3SG.SUBJ stay-EVID.FIN 3SG.AN-LOC-3SG.SUBJ afraid can-MOD-NFIN-FIN,He will be alone in the class; then he might get scared.
santali_school_dialogue_glossed.eaf,8,15400,17400,bɔt̪ɔɾɔʔ ɾenaʔ cɛt̪̚ʔ hɔ̃ bɘnu a,bɔt̪ɔɾɔ-ʔ ɾenaʔ cɛt̪̚ʔ hɔ̃ bɘnu-a,afraid-NFIN GEN nothing even NEG.EXIST-FIN,There is nothing to be afraid of.
santali_school_dialogue_glossed.eaf,9,17600,19600,nit̪̚ d̪ɔ uni ɔlɔʔ paɽhaʔ bɔd̪ɔlt̪ɛ gate ʔge ɟɘst̪i͡i̯ kusi a,nit̪̚ d̪ɔ uni ɔlɔʔ paɽha-ʔ bɔd̪ɔl-t̪ɛ gate-ʔ-ge ɟɘst̪i-͡i̯ kusi-a,now TOP 3SG.AN study study-NFIN instead.of-ABL play-NFIN-EMPH more-3SG.SUBJ happy-FIN,Now he will play more than study.
santali_school_dialogue_glossed.eaf,10,19800,21800,ac̚ka ac̚ka paɽhaʔ bɔd̪ɔlt̪ɛ no̯͡a kɘmi ge boge ja,ac̚ka ac̚ka paɽha-ʔ bɔd̪ɔl-t̪ɛ no̯͡a kɘmi-ge boge-ja,suddenly suddenly study-NFIN instead.of-ABL PROX.DEM manner-EMPH good-MOD.FIN,This is better than studying suddenly.
santali_school_dialogue_glossed.eaf,11,22000,24000,mɛnɛʔ uni d̪ɔ a͡i̯ma ge͡i̯ d̪aɽe jaʔa,mɛnɛʔ uni d̪ɔ a͡i̯ma-ge-͡i̯ d̪aɽe-ja-ʔ-a,although 3SG.AN TOP many-EMPH-3SG.SUBJ can-MOD-NFIN-FIN,He can do many things though.
santali_school_dialogue_glossed.eaf,12,24200,26200,uni d̪ɔ haɾɔp̚ko bɔɾnɔmalako lɛkʰa cand̪o aɾ d̪in ɾe jaʔ ɲit̪umɛ ɾɔɽ d̪aɽe o̯͡aʔa,uni d̪ɔ haɾɔp̚-ko bɔɾnɔmala-ko lɛkʰa cand̪o aɾ d̪in ɾenaʔ ɲit̪um-ɛ ɾɔɽ d̪aɽe-o̯͡a-ʔ-a,3SG.AN TOP letter-PL alphabet-PL count month and day GEN name-OBJ say can-3SG.OBJ-NFIN-FIN,"He knows the letters and alphabets, can count, and can name the months and days."
santali_school_dialogue_glossed.eaf,13,26400,28400,cɛt̪̚ʔ uni d̪ɔ a jaʔ ɔɽaʔ ɾenaʔ ʈʰikana͡i̯ lɘ͡͡i̯ d̪aɽe jaʔa,cɛt̪̚ʔ uni d̪ɔ a-jaʔ ɔɽaʔ ɾenaʔ ʈʰikana-͡i̯ lɘ-͡i̯ d̪aɽe-jaʔ-a,but 3SG.AN TOP 3SG.AN-GEN house GEN address-3SG.SUBJ say-3SG.SUBJ can-NFIN-FIN,But can he state his home address?
santali_school_dialogue_glossed.eaf,14,28600,30600,hud̪i sid̪ɘɲ uni d̪ɔ no̯͡a nit̪̚ hɔ̃ ba͡i̯ lɘ͡i̯ d̪aɽe jaʔa,hud̪i sid̪-ɘɲ uni d̪ɔ no̯͡a nit̪̚ hɔ̃ ba-͡i̯ lɘ-͡i̯ d̪aɽe-jaʔ-a,think seem-1SG.SUBJ 3SG.AN TOP PROX.DEM now still NEG-3SG.SUBJ say-3SG.SUBJ can-NFIN-FIN,I think he still cannot do this.
santali_school_dialogue_glossed.eaf,15,30800,32800,no̯͡a d̪ɔ ced̪aʔ baɖa͡i̯ ɟɘɾuɽ ta ja,no̯͡a d̪ɔ ced̪aʔ baɖa-͡i̯ ɟɘɾuɽ-ta-ja,PROX.DEM TOP why know-3SG.SUBJ need-NMLZ-MOD.FIN,Why does he need to know these?
santali_school_dialogue_glossed.eaf,16,33000,35000,ɟɔt̪ɔ gid̪ɾɘo̯͡aʔ ge no̯͡ako baɖa͡i̯ d̪ɔ ɟɘɾuɽ ge ja,ɟɔt̪ɔ gid̪ɾɘ-o̯͡aʔ-ge no̯͡a-ko baɖa-͡i̯ d̪ɔ ɟɘɾuɽ-ge-ja,all child-3PL-EMPH PROX.DEM-PL know-3SG.SUBJ TOP need-EMPH-MOD.FIN,All children need to know these things.
santali_school_dialogue_glossed.eaf,17,35200,37200,ɟãhã͡i̯ko kuli̯͡ɛɾɛ ɟɛmɔnɛ lɘ͡i̯ d̪aɽe jaʔ,ɟãhã-͡i̯-ko kuli̯͡ɛ-ɾɛ ɟɛmɔnɛ lɘ-͡i̯ d̪aɽe-jaʔ,whoever-3SG-PL ask-LOC so.that say-3SG.SUBJ can-NFIN,So that they can answer if someone asks.
santali_school_dialogue_glossed.eaf,18,37400,39400,ɔna cʰaɖa no̯͡a baɖa͡i̯ t̪ahɛn kʰan ba͡i̯ ad̪ɔʔa,ɔna cʰaɖa no̯͡a baɖa-͡i̯ t̪ahɛn-kʰan ba-͡i̯ ad̪ɔ-ʔ-a,DIST.DEM apart.from PROX.DEM know-3SG.SUBJ stay-COND NEG-3SG.SUBJ get.lost-NFIN-FIN,"Besides, if he knows these, he will not get lost."
santali_school_dialogue_glossed.eaf,19,39600,41600,am d̪ɔ ʈʰik ge m mɛne d̪a gɔ,am d̪ɔ ʈʰik-ge -m mɛne-d̪a gɔ,2SG TOP right-EMPH 2SG.SUBJ say-PST.FIN VOC,"You are right, Mother."
santali_school_dialogue_glossed.eaf,20,41800,43800,uni lɘgit̪̚ʔ cɛt̪̚ʔ cɛt̪̚ʔ ko kiɾiɲ ɟɘɾuɽa,uni lɘgit̪̚ʔ cɛt̪̚ʔ cɛt̪̚ʔ-ko kiɾ-iɲ ɟɘɾuɽ-a,3SG.AN for what what-PL buy-1SG.SUBJ need-FIN,What things need to be bought for him?
santali_school_dialogue_glossed.eaf,21,44000,46000,iskul bɛg kagɔc̚ pensil iɾeɟaɾ saɾp̚naɾ no̯͡ako kiɾiɲ ɟɘɾuɽa,iskul bɛg kagɔc̚ pensil iɾeɟaɾ saɾp̚naɾ no̯͡a-ko kiɾ-iɲ ɟɘɾuɽ-a,school bag paper pencil eraser sharpener PROX.DEM-PL buy-1SG.SUBJ need-FIN,"Need to buy a school bag, paper, pencil, eraser, and sharpener."
santali_school_dialogue_glossed.eaf,22,46200,48200,ac̚cʰa uni ni jɘ ge d̪okani ɲ calaʔ kana,ac̚cʰa uni ni-jɘ-ge d̪okan-iɲ cala-ʔ-kan-a,alright 3SG.AN take-TR-EMPH shop-1SG.OBJ go-NFIN-COP.PROG-FIN,"Alright, I am taking him to the shop now."
santali_school_dialogue_glossed.eaf,23,48400,50400,uni d̪ɔ aʲcʔ kusiʔ lekan ɟinis ko kiɾiɲ lekʰan boge ho jo a,uni d̪ɔ aʲcʔ kusi-ʔ-lekan ɟinis-ko kiɾ-iɲ-lekan boge-ho-jo-a,3SG.AN TOP self like-NFIN-REL thing-PL buy-1SG.OBJ-REL good-be-RESLT-FIN,It would be better if he buys the things he likes himself.
santali_school_dialogue_glossed.eaf,24,50600,52600,hɛ̃ gapa d̪ɔ uni ni͡ɘ̯ iskul ɛ m cala a,hɛ̃ gapa d̪ɔ uni ni-͡ɘ̯ iskul-ɛ -m cala-a,yes tomorrow TOP 3SG.AN take-TR school-LOC 2SG.SUBJ go-FIN,"Yes, tomorrow you will take him to school."
santali_glossed_new.eaf,1,0,2000,hɔɽmɔ-ɾɛ gid̪ɾɘ hɛʲc̚ʔ t̪a.jɔm t̪a.jɔm-ge gɔgɔ hɔɽ-aʔ ɖak̚t̪aɾ-ʈʰɛʲc̚ʔ cala-ʔ ɟɘɾuɽ-a,hɔɽmɔ-ɾɛ gid̪ɾɘ hɛʲc̚ʔ t̪a.jɔm t̪a.jɔm-ge gɔgɔ hɔɽ-aʔ ɖak̚t̪aɾ-ʈʰɛʲc̚ʔ cala-ʔ ɟɘɾuɽ-a,body-LOC child come after after-EMPH mother person-GEN doctor-LOC go-IPFV need-FIN,A pregnant woman (mother) should visit a doctor immediately right after conception.
santali_glossed_new.eaf,2,2200,4200,nɔŋkan ɔkt̪ɛ-ɾɛ kɘʈiʲc̚ʔ lɘʈu ɟãhalɛkan ɾu̯͡ɘ-ge baŋ pɔsɽa͡o̯ ho.jo.a,nɔŋkan ɔkt̪ɛ-ɾɛ kɘʈiʲc̚ʔ lɘʈu ɟãhalɛkan ɾu̯͡ɘ-ge baŋ pɔsɽa͡o̯ ho.jo-a,such time-LOC small minor any disease-EMPH NEG neglect become-FIN,Any minor ailment should not be neglected during this time.
santali_glossed_new.eaf,3,4400,6400,no̯͡a ɔkt̪ɛ-ɾɛ ganɔʔ baŋ ganɔʔ kɘmi-ko d̪ɔ ɖak̚t̪aɾ ʈʰɛn kʰɔn baɖa͡i̯-ɟɔŋ ho.jo.a,no̯͡a ɔkt̪ɛ-ɾɛ ganɔʔ baŋ ganɔʔ kɘmi-ko d̪ɔ ɖak̚t̪aɾ ʈʰɛn kʰɔn baɖa͡i̯-ɟɔŋ ho.jo-a,this time-LOC what NEG what work-3PL TOP doctor LOC ABL know-1SG become-FIN,It is better to know from the doctor what needs to be done at this time.
santali_glossed_new.eaf,4,6600,8600,ɔna ɔkt̪ɛ cɛt̪̚ʔ cɛt̪̚ʔ ɟɔm lɛkʰan gid̪ɾɘ aɾ gɔgɔ hɔɽ-aʔ bo-ge ho.jo.a ɔna-hɔ̃ ɲɛl ho.jo.a,ɔna ɔkt̪ɛ cɛt̪̚ʔ cɛt̪̚ʔ ɟɔm lɛkʰan gid̪ɾɘ aɾ gɔgɔ hɔɽ-aʔ bo-ge ho.jo-a ɔna-hɔ̃ ɲɛl ho.jo-a,that time what what eat COND child and mother person-GEN good-EMPH become-FIN that-also see become-FIN,"In this time, attention should be paid to what kind of food one gives the mother to eat so that both the baby and the mother will be well."
santali_glossed_new.eaf,5,8800,10800,ɟahan hamal kɘmi kɘmi͡i̯ d̪ɔ pɛɾɛʲc̚ʔ hɔɽmɔ gɔgɔ hɔɽ-aʔ baŋ ganɔ.a,ɟahan hamal kɘmi kɘmi͡i̯ d̪ɔ pɛɾɛʲc̚ʔ hɔɽmɔ gɔgɔ hɔɽ-aʔ baŋ ganɔ-a,any heavy work work-NMLZ TOP pregnant body mother person-GEN NEG do-FIN,A pregnant mother should not do any heavy work.
santali_glossed_new.eaf,6,11000,13000,hamal hɔɽmɔ gɔgɔ-hɔɽ d̪ɔ bʰa-ge bʰa-ge ɟɔm ɲu em-a-ko ho.jo.a,hamal hɔɽmɔ gɔgɔ-hɔɽ d̪ɔ bʰa-ge bʰa-ge ɟɔm ɲu em-a-ko ho.jo-a,pregnant body mother-person TOP good-EMPH good-EMPH eat drink give-FIN-3PL become-FIN,A pregnant mother should always be given nutritious/good food.
santali_glossed_new.eaf,7,13200,15200,no̯͡a ɔk̚t̪ɛ bɛgɔɾ ɟɔm-t̪ɛ baŋ t̪ãhɛn ho.jo.a,no̯͡a ɔk̚t̪ɛ bɛgɔɾ ɟɔm-t̪ɛ baŋ t̪ãhɛn ho.jo-a,this time without eat-CVB NEG stay become-FIN,During this time fasting is not permitted.
santali_glossed_new.eaf,8,15400,17400,gɔgɔ hɔɽ-aʔ hɔɽmɔ ɟɛnɔ ɘɖi ɟɘst̪i baŋ hamal-ɔʔ-t̪a͡i̯ ɔnt̪ɛ-hɔ̃ ɲɛl ho.j-a,gɔgɔ hɔɽ-aʔ hɔɽmɔ ɟɛnɔ ɘɖi ɟɘst̪i baŋ hamal-ɔʔ-t̪a͡i̯ ɔnt̪ɛ-hɔ̃ ɲɛl ho.j-a,mother person-GEN body so.that very much NEG heavy-IPFV-3SG that-also see become-FIN,We have to be careful so that the mother's body does not become too heavy.
santali_glossed_new.eaf,9,17600,19600,hɔɽmɔ ɘɖi ɟɘst̪i hamal lɛn-kʰan uni gɔgɔ hɔɽ-aʔ a͡i̯malɛkan ɾu̯͡ɘ haso ho͡i̯ d̪aɽe.j-aʔa,hɔɽmɔ ɘɖi ɟɘst̪i hamal lɛn-kʰan uni gɔgɔ hɔɽ-aʔ a͡i̯malɛkan ɾu̯͡ɘ haso ho͡i̯ d̪aɽe.j-aʔa,body very much heavy become-COND 3SG.DEF mother person-GEN various disease pain become can-FIN,"If the pregnant woman's body becomes too heavy, various diseases can attack."
santali_glossed_new.eaf,10,19800,21800,ɟohaɾ ɖak̚t̪aɾ-ɛm mɛn-ɛd̪-a,ɟohaɾ ɖak̚t̪aɾ-ɛm mɛn-ɛd̪-a,greetings doctor-2SG say-PROG-FIN,"Nipa: Hello, (Greetings)! Is the Doctor speaking?"
santali_glossed_new.eaf,11,22000,24000,hɛɲ mɛn-ɛd̪-a,hɛɲ mɛn-ɛd̪-a,yes say-PROG-FIN,"Doctor: Yes, I am speaking."
santali_glossed_new.eaf,12,24200,26200,iɲ-ɾɛn kɔɽa gid̪ɾɘ-ɔ̯͡aʔ huʈgɘ-ɾi-t̪ɛ mand̪a aɾ ciɖiɾ ɛhɔb̚ʔ-akan-t̪a.j-a,iɲ-ɾɛn kɔɽa gid̪ɾɘ-ɔ̯͡aʔ huʈgɘ-ɾi-t̪ɛ mand̪a aɾ ciɖiɾ ɛhɔb̚ʔ-akan-t̪a.j-a,1SG-GEN boy child-GEN sudden-NMLZ-CVB cold and diarrhoea start-PRF-3SG-FIN,Nipa: My son got attacked by a sudden cold and diarrhoea.
santali_glossed_new.eaf,13,26400,28400,am-ɾɛn gid̪ɾɘ-ɔ̯͡aʔ t̪inɘʔ umɘɾ,am-ɾɛn gid̪ɾɘ-ɔ̯͡aʔ t̪inɘʔ umɘɾ,2SG-GEN child-GEN how.much age,Doctor: How old is your child?
santali_glossed_new.eaf,14,28600,30600,uni.j-aʔ umɘɾ gɛl cand̪o,uni.j-aʔ umɘɾ gɛl cand̪o,3SG-GEN age ten month,Nipa: He is 10 months old.
santali_glossed_new.eaf,15,30800,32800,uni.j-aʔ hɔɽmɔ-ɾɛ cɛt̪̚ʔ ɾu̯͡ɘ mɛn-a-a,uni.j-aʔ hɔɽmɔ-ɾɛ cɛt̪̚ʔ ɾu̯͡ɘ mɛn-a-a,3SG-GEN body-LOC what fever exist-FIN-Q,Doctor: Does he have a fever?
santali_glossed_new.eaf,16,33000,35000,hɔɽmɔ-ɾɛ ɾu̯͡ɘ bɘnu-a t̪ɔbɛ hɔɽmɔ t̪ʰɔɽa lɔlɔ-ge mɛn-a-a,hɔɽmɔ-ɾɛ ɾu̯͡ɘ bɘnu-a t̪ɔbɛ hɔɽmɔ t̪ʰɔɽa lɔlɔ-ge mɛn-a-a,body-LOC fever NEG-FIN but body little warm-EMPH exist-FIN-FIN,"Nipa: Not a fever, but his body is slightly warm."
santali_glossed_new.eaf,17,35200,37200,gid̪ɾɘ-ɔ̯͡aʔ ni̯͡ɘ halɔt̪̚ʔ t̪inɘʔ-din-kʰɔn,gid̪ɾɘ-ɔ̯͡aʔ ni̯͡ɘ halɔt̪̚ʔ t̪inɘʔ-din-kʰɔn,child-GEN this condition how.much-day-ABL,Doctor: How long has this condition been for the child?
santali_glossed_new.eaf,18,37400,39400,hɔla ɲind̪ɘ-kʰɔn ni̯͡ɘ halɔt̪̚ʔ ɛhɔp̚ʔ-akan-t̪a.j-a,hɔla ɲind̪ɘ-kʰɔn ni̯͡ɘ halɔt̪̚ʔ ɛhɔp̚ʔ-akan-t̪a.j-a,yesterday night-ABL this condition start-PRF-3SG-FIN,Nipa: This situation started from last night.
santali_glossed_new.eaf,19,39600,41600,sɛt̪aʔ-kʰɔn uni t̪inɘʔ-d̪ʰa͡o̯-ɛ ʈɘnɖi.j-akad̪-a,sɛt̪aʔ-kʰɔn uni t̪inɘʔ-d̪ʰa͡o̯-ɛ ʈɘnɖi.j-akad̪-a,morning-ABL 3SG.DEF how.much-time-3SG defecate-PRF-FIN,Doctor: How many times has he defecated since morning?
santali_glossed_new.eaf,20,41800,43800,sɛt̪aʔ-kʰɔn uniː mɔ̃ɽɛ-d̪ʰa͡o̯-ɛ ʈɘnɖi.j-akad̪-a,sɛt̪aʔ-kʰɔn uniː mɔ̃ɽɛ-d̪ʰa͡o̯-ɛ ʈɘnɖi.j-akad̪-a,morning-ABL 3SG.DEF five-time-3SG defecate-PRF-FIN,Nipa: He has defecated 5 times since morning.
santali_glossed_new.eaf,21,44000,46000,ʈɘnɖi-t̪ɛt̪̚ʔ-d̪ɔ cɛt̪̚ʔ lɛhɛɾ-ge.j-a sɛ kɛʈɛʲc̚ʔ-ge.j-a,ʈɘnɖi-t̪ɛt̪̚ʔ-d̪ɔ cɛt̪̚ʔ lɛhɛɾ-ge.j-a sɛ kɛʈɛʲc̚ʔ-ge.j-a,stool-NMLZ-TOP what thin-EMPH-FIN or thick-EMPH-FIN,Doctor: Is the stool thin or thick?
santali_glossed_new.eaf,22,46200,48200,ɘɖi ɟɘst̪i-d̪ɔː baŋ lɛhɛɾ-a,ɘɖi ɟɘst̪i-d̪ɔː baŋ lɛhɛɾ-a,very much-TOP NEG thin-FIN,Nipa: Not too thin.
santali_glossed_new.eaf,23,48400,50400,sɛla.jin ɲu ŭcu.j-ɛm,sɛla.jin ɲu ŭcu.j-ɛm,saline drink CAUS-2SG.IMP,Doctor: Give him saline to drink.
santali_glossed_new.eaf,24,50600,52600,ɖab ɾe.j-aʔ d̪aʔ hɔ̃-m ɲu oco d̪aɽe-o̯͡a.j-a,ɖab ɾe.j-aʔ d̪aʔ hɔ̃-m ɲu oco d̪aɽe-o̯͡a.j-a,coconut LOC-GEN water also-2SG drink CAUS can-FIN-FIN,Doctor: You can also give him coconut water to drink.
santali_glossed_new.eaf,25,52800,54800,aɾ ɾu̯͡ɘ t̪ahɛn-kʰan ni.jɘ ɾaːn-ɛm ɟɔm-ŏco͡i̯-a,aɾ ɾu̯͡ɘ t̪ahɛn-kʰan ni.jɘ ɾaːn-ɛm ɟɔm-ŏco͡i̯-a,and fever stay-COND this medicine-2SG eat-CAUS.2SG.IMP-FIN,"Doctor: And, if he has a fever, give him [this] medicine."
santali_glossed_new.eaf,26,55000,57000,ɾan aɾ kɔɽam ɾe.j-aʔ t̪o̯͡a baɾhɛ cɛt̪̚ʔ gid̪ɾɘ d̪ɔ ɟɘ͡o̯ d̪aka-ɲ ɟɔm oco d̪aɽe-ɔ̯͡a.j-a,ɾan aɾ kɔɽam ɾe.j-aʔ t̪o̯͡a baɾhɛ cɛt̪̚ʔ gid̪ɾɘ d̪ɔ ɟɘ͡o̯ d̪aka-ɲ ɟɔm oco d̪aɽe-ɔ̯͡a.j-a,medicine and breast LOC-GEN milk besides what child TOP porridge rice-1SG eat CAUS can-FIN-Q,Nipa: Should I feed the baby rice porridge in addition to the medicine and breast milk?
santali_glossed_new.eaf,27,57200,59200,ɟɘɾuɽ bɘnu-a,ɟɘɾuɽ bɘnu-a,need NEG-FIN,Doctor: No need to do that.
santali_glossed_new.eaf,28,59400,61400,am-d̪ɔ ai̯͡ma saɾha͡o̯ ɟohaɾ,am-d̪ɔ ai̯͡ma saɾha͡o̯ ɟohaɾ,2SG-TOP much thanks greetings,"Nipa: Thank you, (Greetings)."
santali_glossed_new.eaf,29,61600,63600,alɛ ɔɽaʔ aɽe-ɾɛ mit̪̚ʔʈɛʲc̚ʔ lɘʈu-gi mãt̪̚ʔ t̪ʰɔp̚ʔ men-a-a,alɛ ɔɽaʔ aɽe-ɾɛ mit̪̚ʔ-ʈɛʲc̚ʔ lɘʈu-gi mãt̪̚ʔ t̪ʰɔp̚ʔ men-a-a,1PL.EX house side-LOC one-CLF big-EMPH bamboo cluster exist-FIN-FIN,There is a big bamboo forest next to our house.
santali_glossed_new.eaf,30,63800,65800,ɔnɖɛ d̪ɔ baɖa͡i̯ baŋ baɖa͡i̯ nanahunɘɾ cɛ̃ɽɛ̃-ko ta̪hɛ̃-n-a,ɔnɖɛ d̪ɔ baɖa͡i̯ baŋ baɖa͡i̯ nanahunɘɾ cɛ̃ɽɛ̃-ko ta̪hɛ̃-n-a,there TOP know NEG know various bird-3PL stay-3PL-FIN,Many types of known and unknown birds live there.
santali_glossed_new.eaf,31,66000,68000,d̪inɘm-hilɘʔ sɛt̪aʔ-ɾɛ cɛ̃ɽɛ̃-ko-ɔ̯͡aʔ cɛɾɔ-bɛɾɔ aɲɟɔm-t̪ɛ alɛ d̪ɔ-lɛ ɛbʰɛn-ɔʔ-a,d̪inɘm-hilɘʔ sɛt̪aʔ-ɾɛ cɛ̃ɽɛ̃-ko-ɔ̯͡aʔ cɛɾɔ-bɛɾɔ aɲɟɔm-t̪ɛ alɛ d̪ɔ-lɛ ɛbʰɛn-ɔʔ-a,everyday morning-LOC bird-3PL-GEN chirp-RDP hear-CVB 1PL.EX TOP-1PL.EX wake-IPFV-FIN,Every morning we wake up to the chirping of those birds.
santali_glossed_new.eaf,32,68200,70200,cɛ̃ɽɛ̃-ko-ɔ̯͡aʔ cɛɾɔ-bɛɾɔ aɲɟɔm-t̪ɛ ale.j-aʔ mɔn d̪ɔ ɾɘs-kɛ-t̪ɛ pɛɾɛɟ-ɔʔ-a,cɛ̃ɽɛ̃-ko-ɔ̯͡aʔ cɛɾɔ-bɛɾɔ aɲɟɔm-t̪ɛ ale.j-aʔ mɔn d̪ɔ ɾɘs-kɛ-t̪ɛ pɛɾɛɟ-ɔʔ-a,bird-3PL-GEN chirp-RDP hear-CVB 1PL.EX-GEN heart TOP joy-PST-CVB fill-IPFV-FIN,Hearing the birds' chirping makes you feel better.
santali_glossed_new.eaf,33,70400,72400,oŋko mut̪̚ʔ-ɾɛ kɘʈiʲc̚ʔ ut̪ɘɾiʔ cɛ̃ɽɛ̃.j-aʔ ɲut̪um d̪ɔ pʰecaʔ,oŋko mut̪̚ʔ-ɾɛ kɘʈiʲc̚ʔ ut̪ɘɾiʔ cɛ̃ɽɛ̃.j-aʔ ɲut̪um d̪ɔ pʰecaʔ,3PL all-LOC small tiny bird-GEN name TOP warbler,The Warbler is the tiniest bird among all the birds.
santali_glossed_new.eaf,34,72600,74600,noko d̪ɔ ba-ko d̪uɽup̚ʔ t̪ʰiɾ-u-a mit̪̚ʔ ɖɘɾ kʰɔn eʈaʔ ɖɘɾ-ko uɖɘ͡o̯ baɽa-j-a,noko d̪ɔ ba-ko d̪uɽup̚ʔ t̪ʰiɾ-u-a mit̪̚ʔ ɖɘɾ kʰɔn eʈaʔ ɖɘɾ-ko uɖɘ͡o̯ baɽa-j-a,DEM.PROX TOP NEG-3PL sit stable-VBLZ-FIN one branch ABL other branch-3PL fly wander-FIN-FIN,"They do not sit in one place, but fly from one branch to another branch of trees."
santali_glossed_new.eaf,35,74800,76800,ɲɛl-kat̪ɛ-m mɛn-ke̯͡a ɛnɛɟ-ɔʔ-t̪i-gi men-aʔ-ko̯͡a,ɲɛl-kat̪ɛ-m mɛn-ke̯͡a ɛnɛɟ-ɔʔ-t̪i-gi men-aʔ-ko̯͡a,see-CVB-2SG say-3SG dance-IPFV-PROG-EMPH exist-FIN-3PL,They seem to be always dancing.
santali_glossed_new.eaf,36,77000,79000,onko kʰɔn lɘʈu macʰi cɛ̃ɽɛ̃.j-aʔ ɲut̪m d̪ɔ gʰa͡o̯ɽa,onko kʰɔn lɘʈu macʰi cɛ̃ɽɛ̃.j-aʔ ɲut̪um d̪ɔ gʰa͡o̯ɽa,3PL ABL big slightly bird-GEN name TOP sparrow,A little bigger bird than them is called the Sparrow.
santali_glossed_new.eaf,37,79200,81200,uŋko-hɔ̃ pʰecaʔ cɛ̃ɽɛ̃-leka hana ɖɘɾ nʰao̯͡a ɖɘɾ-ku uɖɘ͡o̯ baɽa-j-a,uŋko-hɔ̃ pʰecaʔ cɛ̃ɽɛ̃-leka hana ɖɘɾ nʰao̯͡a ɖɘɾ-ku uɖɘ͡o̯ baɽa-j-a,3PL-also warbler bird-like that branch this branch-3PL fly wander-FIN-FIN,They also fly from branches to branches like the Warbler.
santali_glossed_new.eaf,38,81400,83400,aɾ mit̪̚ʔ-lɛkan kɘʈiʲc̚ʔ cɛ̃ɽɛ̃-ɔ̯͡aʔ ɲut̪um d̪ɔ hojoʔkana hisi cɛ̃ɽɛ̃,aɾ mit̪̚ʔ-lɛkan kɘʈiʲc̚ʔ cɛ̃ɽɛ̃-ɔ̯͡aʔ ɲut̪um d̪ɔ hojoʔ-kana hisi cɛ̃ɽɛ̃,and one-kind small bird-GEN name TOP be-PROG weaver bird,Another type of small bird is called the Weaver.
santali_glossed_new.eaf,39,83600,85600,oŋko d̪ɔ d̪aɾɛ ɖɘɾ-ɾɛ ɘɖi mɔ̃ɟ mɔ̃ɟ t̪ukɘ-ku bɛna-ɔ̯͡a,oŋko d̪ɔ d̪aɾɛ ɖɘɾ-ɾɛ ɘɖi mɔ̃ɟ mɔ̃ɟ t̪ukɘ-ku bɛna-ɔ̯͡a,3PL TOP tree branch-LOC very beautiful beautiful nest-3PL make-FIN,They can make very beautiful nests in the tree branches.
santali_glossed_new.eaf,40,85800,87800,aɾ uŋko kʰɔn t̪ʰɔɽa lɘʈu cɛ̃ɽɛ̃.j-aʔ ɲut̪um d̪ɔ hojoʔ-kana ʈiʔʈɔɽɔ̃ʔ,aɾ uŋko kʰɔn t̪ʰɔɽa lɘʈu cɛ̃ɽɛ̃.j-aʔ ɲut̪um d̪ɔ hojoʔ-kana ʈiʔʈɔɽɔ̃ʔ,and 3PL ABL little big bird-GEN name TOP be-PROG nightingale,A little bigger bird than them is the Nightingale.
santali_glossed_new.eaf,41,88000,90000,nɔŋkan cɛ̃ɽɛ̃ ɘɖi mɔ̃ɟ cɛɾɔ-bɛɾɔ-ko seɾeɲ-a,nɔŋkan cɛ̃ɽɛ̃ ɘɖi mɔ̃ɟ cɛɾɔ-bɛɾɔ-ko seɾeɲ-a,such bird very good chirp-RDP-3PL sing-FIN,This bird can sing very well.
santali_glossed_new.eaf,42,90200,92200,ɔka d̪ɔ gid̪ɾɛ-ko cɛ̃ɽɛ̃ t̪ukɘ-ku ɾɘpud̪-a aɾ uŋko-ɾɛn hɔpɔn-ko t̪i.jɘʔ-ko̯͡a,ɔka d̪ɔ gid̪ɾɛ-ko cɛ̃ɽɛ̃ t̪ukɘ-ku ɾɘpud̪-a aɾ uŋko-ɾɛn hɔpɔn-ko t̪i.jɘʔ-ko̯͡a,where TOP child-3PL bird nest-3PL break-FIN and 3PL-GEN child-3PL steal-3PL,Many times children break the nests of the birds and steal their babies.
santali_glossed_new.eaf,43,92400,94400,onat̪ɛ cɛ̃ɽɛ̃-ku d̪ɔ ɘɖi d̪uk̚-ku ɲaːm-a,onat̪ɛ cɛ̃ɽɛ̃-ku d̪ɔ ɘɖi d̪uk̚-ku ɲaːm-a,therefore bird-3PL TOP very pain-3PL get-FIN,The birds suffer a lot because of this.
santali_glossed_new.eaf,44,94600,96600,cɛ̃ɽɛ̃-ko-ɔ̯͡aʔ bɘɽiʲc̚ʔ hojoʔ noŋkan kɘmi kɘmi͡i̯ d̪ɔ baŋ leːka,cɛ̃ɽɛ̃-ko-ɔ̯͡aʔ bɘɽiʲc̚ʔ hojoʔ noŋkan kɘmi kɘmi͡i̯ d̪ɔ baŋ leːka,bird-3PL-GEN harm be such work work-NMLZ TOP NEG good,Birds should not be harmed/ not good to harm the birds.
santali_glossed_new.eaf,45,96800,98800,bɔ͡i̯ha iɲ mɔ̃ɽɛ kiɟi ca͡o̯le laga͡o̯-ɘ-ɲ-ɘ,bɔ͡i̯ha iɲ mɔ̃ɽɛ kiɟi ca͡o̯le laga͡o̯-ɘ-ɲ-ɘ,brother 1SG five kg rice need-FIN-1SG-FIN,"Buyer: Brother, I need 5 KGs of rice."
santali_glossed_new.eaf,46,99000,101000,t̪iki ca͡o̯le sɛ ad̪o̯͡a ca͡o̯le-m hat̪a͡o̯-a,t̪iki ca͡o̯le sɛ ad̪o̯͡a ca͡o̯le-m hat̪a͡o̯-a,parboiled rice or sunned rice-2SG take-FIN,Vendor: Will you take parboiled rice or sunned rice?
santali_glossed_new.eaf,47,101200,103200,ad̪o͡a̯ ca͡o̯le ɾe.j-aʔ d̪am t̪inɘʔ,ad̪o͡a̯ ca͡o̯le ɾe.j-aʔ d̪am t̪inɘʔ,sunned rice LOC-GEN price how.much,Buyer: How much is the price of sunned rice?
santali_glossed_new.eaf,48,103400,105400,kiɟi-ɾɛ iɾɘl gɛl kɘ͡o̯ɖi,kiɟi-ɾɛ iɾɘl gɛl kɘ͡o̯ɖi,kg-LOC eight ten taka,Vendor: BDT 80 per KG.
santali_glossed_new.eaf,49,105600,107600,unɘʔ d̪am ɖʰeɾ-ăkana,unɘʔ d̪am ɖʰeɾ-ăkana,such price grow-PRF,Buyer: The price has increased so much!
santali_glossed_new.eaf,50,107800,109800,baɟaɾ ɾɛ ɲit̪̚ʔ sanamaʔ ɾe.j-aʔ d̪am-ge ɖʰeɾ-ăkana,baɟaɾ ɾɛ ɲit̪̚ʔ sanamaʔ ɾe.j-aʔ d̪am-ge ɖʰeɾ-ăkana,market LOC now everything LOC-GEN price-EMPH grow-PRF,Vendor: Everything in the market has gone up in price now.
santali_glossed_new.eaf,51,110000,112000,ni͡ɘ-d̪ʰa͡o̯ hɔi̯͡d̪aʔ-t̪ɛ a͡i̯ma hoɽo kʰot̪i.j-akana,ni͡ɘ-d̪ʰa͡o̯ hɔi̯͡d̪aʔ-t̪ɛ a͡i̯ma hoɽo kʰot̪i.j-akana,this-time storm-CVB much paddy damage-PRF,Vendor: A lot of paddy has been damaged in the storm this year.
santali_glossed_new.eaf,52,112200,114200,ɔnat̪ɛ baɟaɾ-ɾɛ ca͡o̯le t̪ʰɔɽa-ge.j-a,ɔnat̪ɛ baɟaɾ-ɾɛ ca͡o̯le t̪ʰɔɽa-ge.j-a,therefore market-LOC rice little-EMPH-FIN,Vendor: So there is a rice crisis in the market.
santali_glossed_new.eaf,53,114400,116400,iɲ-d̪ɔ mɔ̃ɽɛ kiɟi bɔd̪ɔl-t̪ɛ pɛ kiɟi ad̪o̯͡a ca͡o̯le i-m-ɘ-ɲ-mɛ,iɲ-d̪ɔ mɔ̃ɽɛ kiɟi bɔd̪ɔl-t̪ɛ pɛ kiɟi ad̪o̯͡a ca͡o̯le i-m-ɘ-ɲ-mɛ,1SG-TOP five kg replace-CVB three kg sunned rice give-2SG-FIN-1SG-IMP,Buyer: Give me 3 KGs of sunned rice instead of 5 KGs.
santali_glossed_new.eaf,54,116600,118600,sã͡o̯t̪ɛ mit̪̚ʔ keɟi kʰɘɟɘɽi-hɔ̃ i-m-ɘ-ɲ-mɛ,sã͡o̯t̪ɛ mit̪̚ʔ keɟi kʰɘɟɘɽi-hɔ̃ i-m-ɘ-ɲ-mɛ,with one kg puffed.rice-also give-2SG-FIN-1SG-IMP,Buyer: Also give 1 KG of puffed rice.
santali_glossed_new.eaf,55,118800,120800,aɾ cɛt̪̚ʔ cɛt̪̚ʔ laga͡o̯-ma,aɾ cɛt̪̚ʔ cɛt̪̚ʔ laga͡o̯-ma,and what what need-2SG.Q,Vendor: What else do you need?
santali_glossed_new.eaf,56,121000,123000,mit̪̚ʔ ɟɔɽa nɘɽkɔɽ miʔʈɛn ɖɘbɾɘ sɘbun aɾ miʔʈɛn kic̚ɾiʔ sɘbun laga͡o̯-ɲ-ɘ,mit̪̚ʔ ɟɔɽa nɘɽkɔɽ miʔ-ʈɛn ɖɘbɾɘ sɘbun aɾ miʔ-ʈɛn kic̚ɾiʔ sɘbun laga͡o̯-ɲ-ɘ,one pair coconut one-CLF bath soap and one-CLF clothes soap need-1SG-FIN,"Buyer: Also need a couple of coconuts, a bath soap and a laundry soap."
santali_glossed_new.eaf,57,123200,125200,ad̪ʰhɛ ɾɘsun ɟahanaʔ laga͡o̯-ma,ad̪ʰhɛ ɾɘsun ɟahanaʔ laga͡o̯-ma,ginger garlic anything need-2SG.Q,Vendor: Need some ginger-garlic?
santali_glossed_new.eaf,58,125400,127400,hɛ̃ ad̪ʰa keɟi ad̪ʰhɛ-m i-m-ɘ-ɲ-ɘ,hɛ̃ ad̪ʰa keɟi ad̪ʰhɛ-m i-m-ɘ-ɲ-ɘ,yes half kg ginger-2SG give-2SG-FIN-1SG-FIN,"Buyer: Yes, give half a KG of ginger."
santali_glossed_new.eaf,59,127600,129600,iɲ-d̪ɔ sanamaʔ-ge mit̪̚ʔ-sã͡o̯-t̪ɛ-ɲ pɛkeʈ-am-kana,iɲ-d̪ɔ sanamaʔ-ge mit̪̚ʔ-sã͡o̯-t̪ɛ-ɲ pɛkeʈ-am-kana,1SG-TOP everything-EMPH one-together-CVB-1SG packet-2SG.OBJ-PROG,Vendor: I am packing everything together.
santali_glossed_new.eaf,60,129800,131800,miʔʈɛn mũʲc̚ʔ d̪aʔ ɲu lɘgit̪̚ʔ gaɖa aɽe-i̯ cala͡o̯-ena,miʔ-ʈɛn mũʲc̚ʔ d̪aʔ ɲu lɘgit̪̚ʔ gaɖa aɽe-i̯ cala͡o̯-ena,one-CLF ant water drink PURP river side-3SG go-PST,An ant went to the river bank to drink water.
santali_glossed_new.eaf,61,132000,134000,ɘɖi-kaɟakɛ hɔ.j-ɛt̪̚ʔ-kan t̪ahɛ̃na aɾ gaɖa-ɾɛ ɘɖi kaɟak̚ sɔ̃t̪̚ʔ t̪ɛhɛ-kana,ɘɖi-kaɟakɛ hɔ.j-ɛt̪̚ʔ-kan t̪ahɛ̃-na aɾ gaɖa-ɾɛ ɘɖi kaɟak̚ sɔ̃t̪̚ʔ t̪ɛhɛ-kana,very-strong wind-PROG-PROG stay-PST and river-LOC very strong current be-PROG,The wind was blowing very strongly and the river had a strong current.
santali_glossed_new.eaf,62,134200,136200,hɔ͡i̯-kakʰant̪ɛ muʲc̚ʔ d̪ɔ d̪aʔ-ɾɛ.j-ɛ ɲuɾ-hɘ͡i̯na,hɔ͡i̯-kakʰant̪ɛ muʲc̚ʔ d̪ɔ d̪aʔ-ɾɛ.j-ɛ ɲuɾ-hɘ͡i̯-na,wind-because ant TOP water-LOC-3SG fall-go-PST,The ant fell into the water due to the wind.
santali_glossed_new.eaf,63,136400,138400,mit̪̚ʔ-ʈɛn pɔt̪am cɛ̃ɽɛ̃ d̪ɔ d̪aɾɛ ɖɘɾ-ɾɛ d̪uɽup̚ʔ-kat̪ɛ nɔ̯͡a gʰɔʈɔna-i̯ ɲɛl-ɛt̪̚ʔ-kan t̪ahɛ̃na,mit̪̚ʔ-ʈɛn pɔt̪am cɛ̃ɽɛ̃ d̪ɔ d̪aɾɛ ɖɘɾ-ɾɛ d̪uɽup̚ʔ-kat̪ɛ nɔ̯͡a gʰɔʈɔna-i̯ ɲɛl-ɛt̪̚ʔ-kan t̪ahɛ̃-na,one-CLF dove bird TOP tree branch-LOC sit-CVB this happening-3SG see-PROG-PROG stay-PST,A dove was sitting on a tree branch watching this happening.
santali_glossed_new.eaf,64,138600,140600,uni d̪ɔ muʲc̚ʔ-ɛː baɲca͡o̯-ɛ lɘgit̪̚ʔ mit̪̚ʔ-ʈɛn sakam d̪aʔ-ɾɛ.j-ɛ ɲuɾ-h-ɛked-a,uni d̪ɔ muʲc̚ʔ-ɛː baɲca͡o̯-ɛ lɘgit̪̚ʔ mit̪̚ʔ-ʈɛn sakam d̪aʔ-ɾɛ.j-ɛ ɲuɾ-h-ɛked-a,3SG.DEF TOP ant-3SG.OBJ save-3SG PURP one-CLF leaf water-LOC-3SG drop-CAUS-PST-FIN,He threw a leaf into the water to save that ant.
santali_glossed_new.eaf,65,140800,142800,mũʲc̚ʔ d̪ɔ ɔna sakam-ɾɛ d̪ɛʲc̚ʔ-kat̪ɛ-t̪̚ʔ a.j-aʔ ɟiu̯͡i.j-ɛ baɲca͡o̯-kɛd̪-a,mũʲc̚ʔ d̪ɔ ɔna sakam-ɾɛ d̪ɛʲc̚ʔ-kat̪ɛ-t̪̚ʔ a.j-aʔ ɟiu̯͡i.j-ɛ baɲca͡o̯-kɛd̪-a,ant TOP that leaf-LOC climb-CVB-CVB 3SG-GEN life-3SG save-PST-FIN,The ant climbed onto that leaf and saved its life.
santali_glossed_new.eaf,66,143000,145000,inɘ t̪a.jɔm muʲc̚ʔ aɾ pot̪am d̪ɔ banahɔɽ gat̪e-kin ho͡i̯-ĕna,inɘ t̪a.jɔm muʲc̚ʔ aɾ pot̪am d̪ɔ banahɔɽ gat̪e-kin ho͡i̯-ĕna,this after ant and dove TOP both friend-3DU become-PST,Then the ant and the dove became friends.
santali_glossed_new.eaf,67,145200,147200,a͡i̯ma-d̪in t̪a.jɔm mit̪̚ʔ sikɘɾi.j-ɘ gaɖa aɽɛ-ɾɛ.j-ɛ hɛʲc̚ʔ-ena,a͡i̯ma-d̪in t̪a.jɔm mit̪̚ʔ sikɘɾi.j-ɘ gaɖa aɽɛ-ɾɛ.j-ɛ hɛʲc̚ʔ-ena,many-day after one hunter-FIN river side-LOC-3SG come-PST,After many days a hunter came to that bank of the river.
santali_glossed_new.eaf,68,147400,149400,d̪aɾe cɔʈ̚-ɾɛ pɔt̪am-ɛ ɲɛl-ked̪-e-kʰan sikɘɾi.j-ɘ d̪ɔ a.j-aʔ aʔ-ɛː soɟh-eked̪-a,d̪aɾe cɔʈ̚-ɾɛ pɔt̪am-ɛ ɲɛl-ked̪-e-kʰan sikɘɾi.j-ɘ d̪ɔ a.j-aʔ aʔ-ɛː soɟh-eked̪-a,tree top-LOC dove-3SG see-PST-3SG-COND hunter-FIN TOP 3SG-GEN arrow-3SG.OBJ aim-PST-FIN,"Seeing the dove on the tree, the hunter aimed his arrow at it."
santali_glossed_new.eaf,69,149600,151600,muʲc̚ʔ-d̪ɔ ɲɛl-ɲam-kat̪ɛ-t̪̚ʔ unɾe-ge.j-ɛ sikɘɾi.j-ɘ-ɔ̯͡aʔ kaʈa-ɾɛ.j-ɛ gɛɾ ked̪-e.j-a,muʲc̚ʔ-d̪ɔ ɲɛl-ɲam-kat̪ɛ-t̪̚ʔ unɾe-ge.j-ɛ sikɘɾi.j-ɘ-ɔ̯͡aʔ kaʈa-ɾɛ.j-ɛ gɛɾ ked̪-e.j-a,ant-TOP see-find-CVB-CVB then-EMPH-3SG hunter-FIN-GEN leg-LOC-3SG bite PST-3SG-FIN,After seeing this the ant immediately bit the hunter's leg.
santali_glossed_new.eaf,70,151800,153800,gɛɾ ɟɔm-kat̪ɛ sikɘɾi.j-ɘ-ɔ̯͡aʔ t̪i ɾe.j-aʔ saɾ d̪ɔ laɽa͡o̯-ena aɾ cɛ̃ɾɛ̃-d̪ɔ-i̯ baɲca͡ɔ̯-ɛ-na,gɛɾ ɟɔm-kat̪ɛ sikɘɾi.j-ɘ-ɔ̯͡aʔ t̪i ɾe.j-aʔ saɾ d̪ɔ laɽa͡o̯-ena aɾ cɛ̃ɾɛ̃-d̪ɔ-i̯ baɲca͡ɔ̯-ɛ-na,bite eat-CVB hunter-FIN-GEN hand LOC-GEN arrow TOP move-PST and bird-TOP-3SG save-PST-PST,The arrow fell from the hunter's hand after being bitten and the bird survived.
santali_glossed_new.eaf,71,154000,156000,baɖa.j-am paseɾ ɔɽaʔ-ɾɛ mɛɾɔm-ko hɔpɔn-akana,baɖa.j-am paseɾ ɔɽaʔ-ɾɛ mɛɾɔm-ko hɔpɔn-akana,know-2SG neighbouring house-LOC goat-3PL bear.child-PRF,"Sister: Do you know, the goat next door had a baby!"
santali_glossed_new.eaf,72,156200,158200,mɛɾɔm-d̪ɔː iɲ mɔ̃ɟ bɘ-ɲ ɘ͡i̯kɘ͡o̯-ko͡a,mɛɾɔm-d̪ɔː iɲ mɔ̃ɟ bɘ-ɲ ɘ͡i̯kɘ͡o̯-ko͡a,goat-TOP 1SG good NEG-1SG like-3PL,Brother: I don't like goats.
santali_glossed_new.eaf,73,158400,160400,iɲ-d̪ɔː ɖaŋgɾa mɔɟ-iɲ ɘ͡i̯kɘ͡o̯-ko̯͡a,iɲ-d̪ɔː ɖaŋgɾa mɔɟ-iɲ ɘ͡i̯kɘ͡o̯-ko̯͡a,1SG-TOP cow good-1SG like-3PL,Brother: I like cows.
santali_glossed_new.eaf,74,160600,162600,iɲ-d̪ɔː ɖaŋgɾa ɘsul-iɲ mɛn-d̪-a,iɲ-d̪ɔː ɖaŋgɾa ɘsul-iɲ mɛn-d̪-a,1SG-TOP cow rear-1SG say-PROG-FIN,Brother: I want to keep cows.
santali_glossed_new.eaf,75,162800,164800,mɛn-kʰan ɖaŋgɾa lɘgit̪̚ʔ ɘɖi maɾaŋ ɟa͡i̯ga laga-a,mɛn-kʰan ɖaŋgɾa lɘgit̪̚ʔ ɘɖi maɾaŋ ɟa͡i̯ga laga-a,say-COND cow PURP very big space need-FIN,Sister: But cows need a lot of space.
santali_glossed_new.eaf,76,165000,167000,abo ɔɽaʔ-ɾɛ un-maɾaŋ ɟa͡i̯ga bɘnu-a,abo ɔɽaʔ-ɾɛ un-maɾaŋ ɟa͡i̯ga bɘnu-a,1PL.IN house-LOC such-big space NEG-FIN,Sister: We don't have that much space in our house.
santali_glossed_new.eaf,77,167200,169200,ɖaŋɾa-i̯ t̪ahɛn-kʰan abo uni ʈʰɛn-kʰɔn t̪o̯͡a-bon ɲu d̪aɽe-ke.j-a,ɖaŋɾa-i̯ t̪ahɛn-kʰan abo uni ʈʰɛn-kʰɔn t̪o̯͡a-bon ɲu d̪aɽe-ke.j-a,cow-3SG stay-COND 1PL.IN 3SG.DEF LOC-ABL milk-1PL.IN drink can-PST-FIN,"Brother: If there was a cow, we could have milk to drink from it."
santali_glossed_new.eaf,78,169400,171400,t̪o̯͡a d̪ɔ mɛɾɔm-aʔ-hɔ̃ men-a-a am-d̪ɔ ɔna t̪o̯͡a-hɔ-m ɲu d̪aɽe.j-a-a,t̪o̯͡a d̪ɔ mɛɾɔm-aʔ-hɔ̃ men-a-a am-d̪ɔ ɔna t̪o̯͡a-hɔ̃-m ɲu d̪aɽe.j-a-a,milk TOP goat-GEN-also exist-FIN-FIN 2SG-TOP that milk-also-2SG drink can-FIN-FIN,"Sister: Milk can come from the goat too, you can drink that milk too."
santali_glossed_new.eaf,79,171600,173600,mɛɾɔm-ɾɛn a͡i̯ma-ko hɔpɔn-ɔʔ-a,mɛɾɔm-ɾɛn a͡i̯ma-ko hɔpɔn-ɔʔ-a,goat-GEN much-3PL bear.child-IPFV-FIN,Brother: Goats have many baby goats.
santali_glossed_new.eaf,80,173800,175800,hɔpɔn-ko t̪o̯͡a ɲu t̪a.jɔm mɛɾɔm-aʔ aɾ t̪o̯͡a baŋ ho.jo-a,hɔpɔn-ko t̪o̯͡a ɲu t̪a.jɔm mɛɾɔm-aʔ aɾ t̪o̯͡a baŋ ho.jo-a,child-3PL milk drink after goat-GEN more milk NEG become-FIN,"Brother: After the baby goats drink milk, there is no more milk left in the goat's breast."
santali_glossed_new.eaf,81,176000,178000,ɔnat̪ɛ ɟɘst̪i t̪ɔ̯͡a baŋ ɲam-ɔ-a,ɔnat̪ɛ ɟɘst̪i t̪ɔ̯͡a baŋ ɲam-ɔ-a,therefore much milk NEG get-IPFV-FIN,Brother: So not much milk is available.
santali_glossed_new.eaf,82,178200,180200,am ʈʰik̚-ge-m mɛːn-akad̪-a,am ʈʰik̚-ge-m mɛːn-akad̪-a,2SG correct-EMPH-2SG say-PRF-FIN,Sister: You have told the right thing.
santali_glossed_new.eaf,83,180400,182400,mɛn-kʰan ɖaŋɾa kiɾiɲ-t̪ɛ a͡i̯ma kɘ͡u̯ɖi laga-a,mɛn-kʰan ɖaŋɾa kiɾiɲ-t̪ɛ a͡i̯ma kɘ͡u̯ɖi laga-a,say-COND cow buy-CVB much money need-FIN,Sister: But it costs a lot of money to buy a cow.
santali_glossed_new.eaf,84,182600,184600,baba-ʈʰɛn ɖaŋɾa kiɾiɲ-leka kɘ͡u̯ɖi bɘnu-a,baba-ʈʰɛn ɖaŋɾa kiɾiɲ-leka kɘ͡u̯ɖi bɘnu-a,father-LOC cow buy-like money NEG-FIN,Sister: Father doesn't have enough money to buy a cow.
santali_glossed_new.eaf,85,184800,186800,ɖaŋɾa kiɾiɲ lɘgit̪̚ʔ iːɲ baba kɘ͡o̯ɖi-ɲ em-a-j-a,ɖaŋɾa kiɾiɲ lɘgit̪̚ʔ iːɲ baba kɘ͡o̯ɖi-ɲ em-a-j-a,cow buy PURP 1SG father money-1SG give-FIN-3SG-FIN,Brother: I will give money to father to buy a cow.
santali_glossed_new.eaf,86,187000,189000,am-d̪ɔ ɔka-kʰɔn kɘ͡u̯ɖi-m ɲam-a,am-d̪ɔ ɔka-kʰɔn kɘ͡u̯ɖi-m ɲam-a,2SG-TOP where-ABL money-2SG get-FIN,Sister: Where will you get the money from?
santali_glossed_new.eaf,87,189200,191200,iɲ-d̪ɔ pɘhil-ɾɛ kalɔʈ̚ aɾ sɘnɖi sim-iɲ ɘsul-ko̯͡a,iɲ-d̪ɔ pɘhil-ɾɛ kalɔʈ̚ aɾ sɘnɖi sim-iɲ ɘsul-ko̯͡a,1SG-TOP first-LOC rooster and chicken bird-1SG rear-3PL,Brother: I will raise roosters and chickens first.
santali_glossed_new.eaf,88,191400,193400,miʔ-ʈɛn sɘnɖi aɾ miʔ-ʈɛn kalɔʈ̚ ni̯͡ɘ-t̪ɛ-ɲ ɛhɔb-a,miʔ-ʈɛn sɘnɖi aɾ miʔ-ʈɛn kalɔʈ̚ ni̯͡ɘ-t̪ɛ-ɲ ɛhɔb-a,one-CLF chicken and one-CLF rooster this-CVB-1SG start-FIN,Brother: I will start with a rooster and a hen.
santali_glossed_new.eaf,89,193600,195600,sim-kʰɔn mit̪̚ʔ-sã͡ɔ̯-t̪ɛ a͡i̯ma-ko hɔpɔn-ɔʔ-a,sim-kʰɔn mit̪̚ʔ-sã͡ɔ̯-t̪ɛ a͡i̯ma-ko hɔpɔn-ɔʔ-a,chicken-ABL one-together-CVB much-3PL bear.child-IPFV-FIN,Brother: Chickens will have many chicks all at once.
santali_glossed_new.eaf,90,195800,197800,inɘ-t̪a.jɔm onko-ko lɘʈu-lɛn-kʰan ɘkʰɾiɲ-kat̪ɛ-t̪̚ʔ a͡i̯ma kɘ͡u̯ɖi ɲam-ɔ-a,inɘ-t̪a.jɔm onko-ko lɘʈu-lɛn-kʰan ɘkʰɾiɲ-kat̪ɛ-t̪̚ʔ a͡i̯ma kɘ͡u̯ɖi ɲam-ɔ-a,this-after 3PL-3PL big-become-COND sell-CVB-CVB much money get-IPFV-FIN,"Brother: After that, when they are big enough, we can get a lot of money by selling them."
santali_glossed_new.eaf,91,198000,200000,ɔna kɘ͡u̯ɖi-t̪ɛ ɖaŋɾa-ɲ kiɾi.ɲi.j-a,ɔna kɘ͡u̯ɖi-t̪ɛ ɖaŋɾa-ɲ kiɾi.ɲi.j-a,that money-CVB cow-1SG buy-FIN,Brother: I will buy a cow with that money.
santali_glossed_new.eaf,92,200200,202200,ɖaŋɾa unɘʔ-ɛ-m kusi.j-akokana,ɖaŋɾa unɘʔ-ɛ-m kusi.j-akokana,cow such-3SG-2SG happy-PRF,Sister: Do you like cows that much?
santali_glossed_new.eaf,93,202400,204400,iɲ-aʔ t̪ʰɔɽa ɟɔma kɘ͡u̯ɖi men-a-a,iɲ-aʔ t̪ʰɔɽa ɟɔma kɘ͡u̯ɖi men-a-a,1SG-GEN little saved money exist-FIN-FIN,Sister: I have some money saved.
santali_glossed_new.eaf,94,204600,206600,ɔŋɖɛ-kʰɔn iɲ t̪ʰɔɽa kɘ͡u̯ɖi am-iɲ ɛm d̪aɽe-ɔ̯͡a-ma,ɔŋɖɛ-kʰɔn iɲ t̪ʰɔɽa kɘ͡u̯ɖi am-iɲ ɛm d̪aɽe-ɔ̯͡a-ma,there-ABL 1SG little money 2SG-1SG give can-FIN-2SG,Sister: I can give you some money from that saving.
santali_glossed_new.eaf,95,206800,208800,ʈhik-ge.j-a alaŋ banahɔɽ-t̪ɛ ɖaŋɾa-laŋ ɘsul-e.j-a,ʈhik-ge.j-a alaŋ banahɔɽ-t̪ɛ ɖaŋɾa-laŋ ɘsul-e.j-a,alright-EMPH-FIN 1DU.IN both-CVB cow-1DU.IN rear-FIN-FIN,"Sister: Alright, we will take care of that cow together."
santali_glossed_new.eaf,96,209000,211000,iɲ-hɔ̃ ɖaŋɾa kiɾiɲ ɾe.j-aʔ kɘ͡u̯ɖi-ɲ ɛm-ɔ-a,iɲ-hɔ̃ ɖaŋɾa kiɾiɲ ɾe.j-aʔ kɘ͡u̯ɖi-ɲ ɛm-ɔ-a,1SG-also cow buy LOC-GEN money-1SG give-IPFV-FIN,Sister: I will also give money to buy the cow.
santali_new_glossed (1).eaf,1,0,2000,ɟohaːɾ,ɟohaːɾ,Greetings,Greetings!
santali_new_glossed (1).eaf,2,2200,4200,cɛt̪̚ʔlɛka menama mahasɔ͡i̯,cɛt̪̚ʔ-lɛka men-am-a mahasɔ͡i̯,how-like be.NFIN-2SG-FIN sir,"How are you, Sir?"
santali_new_glossed (1).eaf,3,4400,6400,mɔ̃ɟge menɘɲɘ,mɔ̃ɟ-ge men-ɘɲ-ɘ,good-EMPH be.NFIN-1SG-FIN,I am fine.
santali_new_glossed (1).eaf,4,6600,8600,a͡i̯ma d̪in t̪a.jɔmɛm hɛc̚ʔĕna,a͡i̯ma d̪in t̪a-jɔm-ɛm hɛc̚ʔ-ĕ-na,many day DLIM-COM-2SG:SUBJ come-PERF-3SG:SUBJ-FIN,You came after a long time!
santali_new_glossed (1).eaf,5,8800,10800,kɘmi ɾe.jaʔ cãɽt̪ɛ bɘɲ hɛc̚ʔ d̪aɽe.jad̪a,kɘmi ɾe-jaʔ cãɽ-t̪ɛ bɘ-ɲ hɛc̚ʔ d̪aɽe-j-a-d̪a,work LOC-GEN reason-ABL NEG-1SG come able-FIN-PST-FIN,Couldn't come because of being busy with work.
santali_new_glossed (1).eaf,6,11000,13000,ni̯͡ɘd̪ʰa͡o̯ lɘ͡i̯mɛ ced̪aʔɛm hɛc̚ʔakana,ni̯͡ɘd̪ʰa͡o̯ lɘ͡i̯-mɛ ced̪aʔ-ɛm hɛc̚ʔ-a-kana,now say-2SG:IMP what-2SG:SUBJ come-PERF-FIN,"Now tell me, why have you come?"
santali_new_glossed (1).eaf,7,13200,15200,iɲɾɛn gid̪ɾɘ amaʔ is͡kulɾɛ bʰuɾt̪iɲ mɛnɛd̪a,iɲ-ɾɛn gid̪ɾɘ am-aʔ iskul-ɾɛ bʰuɾt̪i-ɲ mɛn-ɛ-d̪a,1SG-GEN child 2SG-GEN school-LOC enroll-1SG:SUBJ want-3SG:SUBJ-FIN,I want to enroll my younger son in your school.
santali_new_glossed (1).eaf,8,15400,17400,uni.jaʔ umɘɾ t̪inɘʔ,uni-jaʔ umɘɾ t̪inɘʔ,3SG-GEN age how.much,How old is he?
santali_new_glossed (1).eaf,9,17600,19600,ni͡ɘbaɾ uni͡aʔ umɘɾ mɔ̃ɽɛ sɛɾma ho͡i̯ena,ni͡ɘ-baɾ uni-aʔ umɘɾ mɔ̃ɽɛ sɛɾma ho͡i̯-e-na,this-time 3SG-GEN age five year become-PERF-FIN,Now he is 5 years old.
santali_new_glossed (1).eaf,10,19800,21800,uni d̪ɔ cɛt̪̚ʔ ɔɽaʔɾɛ ɟahanaʔɛ cet̪̚ʔakada,uni d̪ɔ cɛt̪̚ʔ ɔɽaʔ-ɾɛ ɟahanaʔ-ɛ cet̪̚ʔ-a-k-a-d̪a,3SG TOP what house-LOC anything-3SG:SUBJ learn-PERF-M-PST-FIN,Did he learn anything at home?
santali_new_glossed (1).eaf,11,22000,24000,uni d̪ɔ cɛt̪̚ʔ haɾɔp̚ɛ ɲɛl cinhɘ͡o̯ge.ja,uni d̪ɔ cɛt̪̚ʔ haɾɔp̚ ɲɛl cinh-ɘ͡o̯-ge-j-a,3SG TOP what letter-PL know recognize-IPFV-EMPH-FIN-FIN,Does he know letters?
santali_new_glossed (1).eaf,12,24200,26200,hɛ̃ uni d̪ɔ akʰɔɾmala͡i̯ baɖa.ja,hɛ̃ uni d̪ɔ akʰɔɾmala-i̯ baɖ-a-j-a,yes 3SG TOP alphabet-ACC know-PERF-FIN-FIN,"Yes, he knows the alphabet."
santali_new_glossed (1).eaf,13,26400,28400,mit̪̚ʔkʰɔn gɛl hɘbiʔhɔ̃͡i̯ lɛkʰa d̪aɽe.jaʔa,mit̪̚ʔ-kʰɔn gɛl hɘbiʔ-hɔ̃͡i̯ lɛkʰa d̪aɽe-jaʔ-a,one-ABL ten until-DLIM count able-FIN-FIN,Can also count from 1 to 10.
santali_new_glossed (1).eaf,14,28600,30600,t̪ahlɛ uni d̪ɔ keɟi kilɘsɾɛ bʰuɾt̪id̪aɽeo̯͡a.ja,t̪ahlɛ uni d̪ɔ keɟi kilɘs-ɾɛ bʰuɾt̪i-d̪aɽe-o̯͡a-j-a,then 3SG TOP children class-LOC enroll-able-FIN-FIN-FIN,Then he can be admitted in the children's class.
santali_new_glossed (1).eaf,15,30800,32800,amd̪ɔ ni.jɘ pʰɔɾɔm id̪i t̪oɾa͡i̯mɛ,am-d̪ɔ ni-jɘ pʰɔɾɔm id̪i t̪oɾa͡i̯-mɛ,2SG-TOP this-DLIM form take go-2SG:IMP,You take this form.
santali_new_glossed (1).eaf,16,33000,35000,pʰɔɾɔm puɾɘ͡o̯ kat̪ɛ gid̪ɾɘo͡aʔ miʔʈɛn pʰɔʈo sã͡o̯ ɟɔma oʈokam,pʰɔɾɔm puɾɘ͡o̯ kat̪ɛ gid̪ɾɘ-oʔ mit̪̚ʔ-ʈɛn pʰɔʈo sã͡o̯ ɟɔma oʈo-k-am,form fill CVB child-GEN one-CLSSFR photo with submit put-M-2SG:IMP,Fill up the form and submit it along with a photograph of your son.
santali_new_glossed (1).eaf,17,35200,37200,ʈʰikge.ja,ʈʰik-ge-j-a,right-EMPH-FIN-FIN,All right.
santali_new_glossed (1).eaf,18,37400,39400,me.jaŋsɛʔiɲ ɟɔma oʈo kaʔa,me.jaŋsɛʔ-iɲ ɟɔma oʈo k-aʔ-a,day.after.tomorrow-1SG:SUBJ submit put FUT-FIN-FIN,I will submit it the day after tomorrow.
santali_new_glossed (1).eaf,19,39600,41600,ɟano̯͡aɾi ɾejaʔ pɘhil t̪ɘɾikʰkʰɔn kilɘs ɛhɔbɔʔa,ɟano̯͡aɾi ɾe-jaʔ pɘhil t̪ɘɾikʰ-kʰɔn kilɘs ɛ-hɔbɔ-ʔa,January LOC-GEN first date-ABL class start-INCH-FIN,Classes will start from January 1st.
santali_new_glossed (1).eaf,20,41800,43800,unhilɘʔ unid̪ɔ iskulkʰɔn naɔ̯͡a put̪ʰi͡i̯ ɲaːma,un-hilɘʔ uni-d̪ɔ iskul-kʰɔn naɔ̯͡a put̪ʰi ɲaː-m-a,3SG-day 3SG-TOP school-ABL new book give-PASS-FIN,On that day he will be given new books from school.
santali_new_glossed (1).eaf,21,44000,46000,amd̪ɔ uni lɘgit̪̚ʔ iskul kic̚ɾiʔɛm bɛnaɔ̯͡a,am-d̪ɔ uni lɘgit̪̚ʔ iskul kic̚ɾiʔ-ɛm bɛna-o̯͡a,2SG-TOP 3SG for school dress-2SG:SUBJ make-FIN,You will make a school uniform for him.
santali_new_glossed (1).eaf,22,46200,48200,unid̪ɔ mit̪̚ʔʈɛn bɛghɔ̃ kiɾiɲa͡i̯ hojoʔa,uni-d̪ɔ mit̪̚ʔ-ʈɛn bɛghɔ̃ kiɾiɲ-a͡i̯ hoj-oʔ-a,3SG-TOP one-CLSSFR bag buy-also become-INCH-FIN,Have to buy him a bag too.
santali_new_glossed (1).eaf,23,48400,50400,iɲ pɘhil t̪ɘɾikʰ uni sɔŋgɛkat̪ɛt̪̚ iskuliɲ hɘɟu.a,iɲ pɘhil t̪ɘɾikʰ uni sɔŋgɛ-kat̪ɛ-t̪̚ iskul-iɲ hɘɟu-a,1SG first date 3SG with-CVB school-1SG:SUBJ come-FIN,I will bring him to the school on the 1st of the month.
santali_new_glossed (1).eaf,24,50600,52600,biɾ ɾɛ a͡i̯malekan d̪aɾe mena.a,biɾ ɾɛ a͡i̯ma-lekan d̪aɾe men-a-a,forest LOC many-kind tree exist-FIN-FIN,There are many types of trees in the forest.
santali_new_glossed (1).eaf,25,52800,54800,biɾ ɾe.jaʔ d̪aɾeɾɛ cɛ̃ɽɛ̃koko t̪ukɘ.ja,biɾ ɾe-jaʔ d̪aɾe-ɾɛ cɛ̃ɽɛ̃-ko-ko t̪uk-ɘ-j-a,forest LOC-GEN tree-LOC bird-PL-PL nest-IPFV-FIN-FIN,Birds nest in forest trees.
santali_new_glossed (1).eaf,26,55000,57000,biɾ ɾɛ a͡i̯malekan ɟɔ ɲɛlɛɾasa aɾ sahanko ɲamɔ.a,biɾ ɾɛ a͡i̯ma-lekan ɟɔ ɲɛlɛɾasa aɾ sahan-ko ɲam-ɔ-a,forest LOC many-kind fruit honey and wood-PL get-IPFV-FIN,"A variety of fruits, honey and wood are found in the forest."
santali_new_glossed (1).eaf,27,57200,59200,biɾ ɾe.jaʔ d̪aɾe sɛ kaʈʰt̪ɛ ɔɽaʔd̪u͡ɘɾ bɛna͡o̯ʔa,biɾ ɾe-jaʔ d̪aɾe sɛ kaʈʰ-t̪ɛ ɔɽaʔ-du͡ɘɾ bɛna-o̯-ʔa,forest LOC-GEN tree or wood-ABL house-GEN make-PASS-FIN,Houses are made of forest trees or wood.
santali_new_glossed (1).eaf,28,59400,61400,gɘhiɽ biɾ ɾɛ t̪ɘɾup̚ʔ bana kul ɟel hɘt̪isa͡o̯ a͡i̯malekan ɟibku giɾɘbɘsiʔkana,gɘhiɽ biɾ ɾɛ t̪ɘɾup̚ʔ bana kul ɟel hɘt̪i-sa͡o̯ a͡i̯ma-lekan ɟib-ku giɾɘbɘsi-ʔ-kana,dense forest LOC tiger bear lion deer elephant-with many-kind animal-PL live-PROG-FIN,"Various animals including tigers, bears, lions, deer, elephants live in dense forests."
santali_new_glossed (1).eaf,29,61600,63600,ɟaha͡i̯ ɛskaɾ biɾɾeko cala͡o̯lɛnkʰan a.jaʔ muhim ho͡i̯ d̪aɽe.jaʔa,ɟaha-i̯ ɛskaɾ biɾ-ɾe-ko cala͡o̯-lɛn-kʰan a-jaʔ muhim ho͡i̯ d̪aɽe-jaʔ-a,whoever alone forest-LOC-PL go-PERF-COND 3SG-GEN danger become able-FIN-FIN,Going alone in the forest can be dangerous.
santali_new_glossed (1).eaf,30,63800,65800,biɾ d̯ɔ d̪ʰɘɾt̪i aɾ mano̯͡ai̯ baɲca͡o̯ d̪ɔhɔ.ɔ̆akat̪̚ʔko͡a,biɾ d̯ɔ d̪ʰɘɾt̪i aɾ mano̯͡ai̯ baɲca͡o̯ d̪ɔhɔ-ɔ̆ak-at̪̚ʔ-ko͡a,forest TOP earth and human keep.alive maintain-PERF-FIN-PL,Forests keep people and the earth alive.
santali_new_glossed (1).eaf,31,66000,68000,hɔ͡i̯ bɘɾuɽ aɾ ɖubɘ kʰɔn biɾ d̪ɔ abo͡i̯ ɾukʰi̯͡ɘ d̪ɔhɔ.jɛt̪̚ʔbona,hɔ͡i̯ bɘɾuɽ aɾ ɖubɘ kʰɔn biɾ d̪ɔ abo͡i̯ ɾukʰi̯͡ɘ d̪ɔhɔ-jɛt̪̚ʔ-bona,storm wind and flood ABL forest TOP 1PL.INCL protect maintain-FIN-1PL,Forests protect us from storms and floods.
santali_new_glossed (1).eaf,32,68200,70200,mano̯͡͡a t̪inɘʔko ɟɘstiʔkana biɾ unɘʔ t̪ʰɔɽaʔkana,mano̯͡a t̪inɘʔ-ko ɟɘsti-ʔkana biɾ unɘʔ t̪ʰɔɽa-ʔkana,human number-PL increase-PROG forest decrease-PROG,"As the number of people is increasing, the forests are decreasing."
santali_new_glossed (1).eaf,33,70400,72400,biɾ t̪ʰɔɽalɛnkʰan hɘt̪i at̪oɾɛko hiɟu.a,biɾ t̪ʰɔɽa-lɛn-kʰan hɘt̪i at̪oɾɛ-ko hiɟu-a,forest decrease-PERF-COND elephant village-LOC-PL come-FIN,Elephants migrate to villages when forests decrease.
santali_new_glossed (1).eaf,34,72600,74600,biɾ ɾɛn hɘt̪i kʰɛt̪ ɾe.jaʔ pʰɔsɔlko bɘɽiɟa,biɾ-ɾɛn hɘt̪i kʰɛt̪ ɾe-jaʔ pʰɔsɔl-ko bɘɽi-j-a,forest-GEN elephant field LOC-GEN crop-PL damage-FIN-FIN,Forest elephants damage field crops.
santali_new_glossed (1).eaf,35,74800,76800,hɘt̪ikʰɔn baɲca͡o̯ lɘgit̪̚ʔt̪ɛ hɔɽko ɲind̪ɘ ɛbʰɛnkat̪ɛʔko paɾha.ja,hɘt̪i-kʰɔn baɲca͡o̯ lɘgit̪̚ʔ-t̪ɛ hɔɽ-ko ɲind̪ɘ ɛbʰɛn-kat̪ɛ-ʔko paɾha-j-a,elephant-ABL protect for-ABL people-PL sleep forgo-CVB-PL guard-FIN-FIN,Then people keep vigil at night to protect from elephants.
santali_new_glossed (1).eaf,36,77000,79000,biɾɾe.jaʔ d̪aɾenɘɽikʰɔn a͡i̯malekan ɾan t̪e.jaɾɔ.a,biɾ-ɾe-jaʔ d̪aɾe-nɘɽi-kʰɔn a͡i̯ma-lekan ɾan t̪e-jaɾ-o-a,forest-LOC-GEN tree-leaf-ABL many-kind medicine make-CAUS-PASS-FIN,Various medicines are prepared from the trees and leaves of the forest.
santali_new_glossed (1).eaf,37,79200,81200,biɾ kʰɔn mãt̪̚ʔ ɘgukat̪ɛ ɔɽaʔɾe.jaʔ kʰunʈi aɾ ʈɘʈiko t̪e.jaɾa,biɾ kʰɔn mãt̪̚ʔ ɘgu-kat̪ɛ ɔɽaʔ-ɾe-jaʔ kʰunʈi aɾ ʈɘʈi-ko t̪e-jaɾ-a,forest ABL bamboo bring-CVB house-LOC-GEN post and fence-PL make-FIN,The fences and poles of the house are made by fetching bamboos from the forest.
santali_new_glossed (1).eaf,38,81400,83400,biɾ ɾe.jaʔ sɘ͡o̯ɽit̪ɛ ɔɽaʔɾe.jaʔ sat̪eko d̪aːba,biɾ ɾe-jaʔ sɘ͡o̯ɽi-t̪ɛ ɔɽaʔ-ɾe-jaʔ sat̪e-ko d̪aː-b-a,forest LOC-GEN thatch-ABL house-LOC-GEN roof-PL cover-PASS-FIN,Houses are covered with the forest thatch.
santali_new_glossed (1).eaf,39,83600,85600,baŋlad̪isɘmɾɛn ɟɘst̪ibʰag hɔɽ at̪oɾɛko giɾɘbɘsiʔkana,baŋlad̪isɘm-ɾɛn ɟɘst̪ibʰag hɔɽ at̪oɾɛ-ko giɾɘbɘsi-ʔkana,Bangladesh-GEN most.part people village-LOC-PL live-PROG-FIN,Most of the people of Bangladesh live in the villages.
santali_new_glossed (1).eaf,40,85800,87800,at̪oɾɛn hɔɽ lɘgit̪̚ʔ mit̪̚ʔʈɛn haʈbaɟaɾ d̪ɔ ɘɖi ɟɘɾuɽ miʈɛn ʈʰɘ͡i̯kana,at̪oɾɛn hɔɽ lɘgit̪̚ʔ mit̪̚ʔ-ʈɛn haʈbaɟaɾ d̪ɔ ɘɖi ɟɘɾuɽ mit̪̚ʔ-ʈɛn ʈʰɘ͡i̯kana,village-GEN people for one-CLSSFR market TOP very necessary one-CLSSFR place-FIN,Haat-bazaar is a very useful place for the village people.
santali_new_glossed (1).eaf,41,88000,90000,nɔnɖɛ ako̯͡͡aʔ ɟɘɾuɽ ɟinisku kiɾiɲ ɘkʰɾiɲ ho.joʔkana,nɔnɖɛ ako̯͡aʔ ɟɘɾuɽ ɟinis-ku kiɾiɲ ɘkʰɾiɲ hoj-oʔ-kana,here 3PL-GEN necessary thing-PL buy sell become-INCH-FIN,Here their useful goods are bought and sold.
santali_new_glossed (1).eaf,42,90200,92200,hɘʈi̯͡ɘ baɟaɾɾɛ kisɘnko d̪ɔ pʰɔsɔlko ɘkʰɾiɲa aɾ ɟɘli̯͡ɘkod̪ɔ hakoko ɘkʰɾiɲko̯͡a,hɘʈi̯͡ɘ baɟaɾ-ɾɛ kisɘn-ko d̪ɔ pʰɔsɔl-ko ɘkʰɾiɲ-a aɾ ɟɘli̯͡ɘ-ko-d̪ɔ haka-ko ɘkʰɾiɲ-ko͡a,market market-LOC farmer-PL TOP crop-PL sell-FIN and fisherman-PL-TOP fish-PL sell-PL-FIN,"Farmers sell their crop in the market, fishermen sell their fish."
santali_new_glossed (1).eaf,43,92400,94400,ɛkɛn kiɾiɲ ɘkʰɾiɲd̪ɔ baŋ hɘʈi̯͡ɘɾɛ at̪oɾɛn hɔɽ mit̪̚ʔhɔɽ sã͡o̯t̪ɛ aɾ mit̪̚ʔ hɔɽaʔ ɲɛpɛl ɲapamhɔ̃ ho.jo.a,ɛkɛn kiɾiɲ ɘkʰɾiɲ-d̪ɔ baŋ hɘʈi̯͡ɘ-ɾɛ at̪oɾɛn hɔɽ mit̪̚ʔ-hɔɽ sã͡o̯-t̪ɛ aɾ mit̪̚ʔ-hɔɽ ɲɛpɛl ɲapam-hɔ̃ hoj-o-a,only buy sell-TOP NEG market-LOC village-GEN people one-person with-ABL and one-person meet encounter-also become-INCH-FIN,"Not only shopping, but the village people also meet each other in the haat."
santali_new_glossed (1).eaf,44,94600,96600,hɘʈi̯͡ɘd̪ɔ hap̚t̪aɾɛ baɾd̪in d̪uɽubɔʔa mɛnkʰan baɟaɾd̪ɔ d̪ʰinɘmd̪in d̪uɽubɔʔa,hɘʈi̯͡ɘ-d̪ɔ hap̚t̪a-ɾɛ baɾ-d̪in d̪uɽu-bɔʔ-a mɛnkʰan baɟaɾ-d̪ɔ d̪ʰinɘm-d̪in d̪uɽu-bɔʔ-a,market-TOP week-LOC two-day sit-INCH-FIN but bazaar-TOP daily sit-INCH-FIN,"The haat sits two days a week, but the bazaar sits every day."
santali_new_glossed (1).eaf,45,96800,98800,hɘʈi̯͡ɘ ɾe.jaʔ ɔk̚t̪ɛd̪ɔ tikin kʰɔn ɘ.jup̚ʔ hɘbiʲc̚ʔ bic̚kɔm baɟaɾ ɾijaʔ ɔkt̪ɛd̪ɔ sɛt̪aʔkʰɔn t̪ikin hɘbiʲc̚ʔ,hɘʈi̯͡ɘ ɾe-jaʔ ɔk̚t̪ɛ-d̪ɔ tikin kʰɔn ɘ.jup̚ʔ hɘbi-c̚ʔ mɛnkʰan baɟaɾ ɾi-jaʔ ɔkt̪ɛ-d̪ɔ sɛt̪aʔ-kʰɔn t̪ikin hɘbi-c̚ʔ,market LOC-GEN time-TOP noon ABL evening until but bazaar LOC-GEN time-TOP morning-ABL noon until,"The haat hours are from noon to evening, while the bazaar hours are from morning to noon."
santali_new_glossed (1).eaf,46,99000,101000,hɘʈi̯͡ɘkʰɔn ɟɘɾuɽ ɟinisku kiɾiɲkat̪ɛt̚ʔ at̪oɾɛn hɔɽ ako̯͡aʔ okulɘnko meʈao̯͡a,hɘʈi̯͡ɘ-kʰɔn ɟɘɾuɽ ɟinis-ku kiɾiɲ-kat̪ɛ at̪oɾɛn hɔɽ ako̯͡aʔ okul-ɘn-ko meʈa-o̯͡a,market-ABL necessary thing-PL buy-CVB village-GEN people 3PL-GEN need-PL-PL fulfil-FIN,People of the village meet their needs by buying useful items from the haat.
santali_new_glossed (1).eaf,47,101200,103200,sed̪a͡i̯d̪ɔ gaɖa aɽeɾɛ maɾaŋ maɾaŋ hɘʈi̯͡ɘ baɟaɾ d̪uɽubɔʔkan t̪ahɛ̃na,sed̪a͡i̯-d̪ɔ gaɖa aɽe-ɾɛ maɾaŋ maɾaŋ hɘʈi̯͡ɘ baɟaɾ d̪uɽu-bɔʔ-kan t̪ahɛ̃-na,before-TOP river bank-LOC big big market bazaar sit-INCH-HAB PST-FIN,Earlier there used to be big haat-bazaars on the banks of the river.
santali_new_glossed (1).eaf,48,103400,105400,nit̪̚ʔ algat̪ɛ cala͡o̯ d̪aɽe.jaʔ noŋkan ʈʰɘ͡i̯ɾɛ hɘʈi̯͡ɘ baɟaɾ d̪uɽubɔʔkana,nit̪̚ʔ alg-at̪ɛ cala͡o̯ d̪aɽe-jaʔ noŋkan ʈʰɘ͡i̯-ɾɛ hɘʈi̯͡ɘ baɟaɾ d̪uɽu-bɔʔ-kana,now easy-CVB go able-GEN such place-LOC market bazaar sit-INCH-FIN,Now the haat-bazaar sits in an easily accessible place.
santali_new_glossed (1).eaf,49,105600,107600,kɘʈiʲc̚ʔ bid̪ɘlɾɛ iɲ ɘpuɲ sã͡ɔ̯t̪ɛ hɘʈi͡ɘ̯ɲ calaʔkan t̪ahɛ̃na aɾ a͡i̯ma lɛkan kʰilɘʈ ɟiniskoɲ kiɾiɲ ɘgu.jɛt̪̚ʔkan t̪ahɛna,kɘʈi-c̚ʔ bid̪ɘl-ɾɛ iɲ ɘpu-ɲ sã͡ɔ̯-t̪ɛ hɘʈi̯͡ɘ-ɲ cala-ʔ-kan t̪ahɛ̃-na aɾ a͡i̯ma-lekan kʰilɘʈ ɟinis-ko-ɲ kiɾiɲ ɘgu-j-ɛt̪̚ʔ-kan t̪ahɛ-na,child time-LOC 1SG father-1SG:GEN with-ABL market-1SG:SUBJ go-HAB-FIN and many-kind toy thing-PL-1SG:SUBJ buy bring-FIN-HAB PST-FIN,"When I was a child, I used to go to the haat with my father, and buy toys."
santali_glossed_new_3(1).eaf,1,0,2000,ɔt̪ʔɾɛ mit̪ʔ ʈʰɔp ɲɛlɛɾasa ɲuːɾakan t̪ahɛ̃kana,ɔt̪ʔ-ɾɛ mit̪ʔ ʈʰɔp ɲɛlɛɾasa ɲu-ɾa-kan t̪ahɛ̃-kan-a,ground-LOC one drop honey lie-PROG-COP be-PROG-FIN,A drop of honey was on the ground.
santali_glossed_new_3(1).eaf,2,2200,4200,paɾɔm calaʔ ɟɔkʰɛʲcʔ miʔʈɛʲcʔ mũʲcʔ ɲɛlɛɾasa sɔi̯ ɲamked̪a,paɾɔm calaʔ ɟɔkʰɛc-ʔ miʔ-ʈɛn muɲɟ-ʔ ɲɛlɛɾasa sɔi̯ ɲam-ked-a,pass go time-EMPH one-CLF ant-EMPH honey smell get-PST.TR-FIN,An ant passing by smelled that honey.
santali_glossed_new_3(1).eaf,3,4400,6400,uni mũʲcʔ d̪ɔ miʔsɛʲcʔ kʰɔʲcʔ ɲɛɭɛɾasa ɲuɲui̯ ɛhɔp̚ʔena,uni muɲɟ-ʔ d̪ɔ miʔ-sɛc-ʔ kʰɔc-ʔ ɲɛlɛɾasa ɲu-ɲu-i̯ ɛhɔp-ʔ-en-a,3SG ant-EMPH TOP one-side-EMPH from-EMPH honey eat-RDPL-3SG begin-PST-INTR-FIN,The ant started consuming honey from one side.
santali_glossed_new_3(1).eaf,4,6600,8600,mit̪ʔd̪ʰaɔ̯ ɲɛlɛɾasa ɲu kat̪ɛt̪ʔ ɘɖi sibil ked̪e.ja aɾ uni d̪ɔ ɲuɲut̪igei̯ t̪ãhɛi̯na,mit̪ʔ-d̪ʰaɔ̯ ɲɛlɛɾasa ɲu kat̪ɛ-t̪ʔ ɘɖi sibil ked-e-a aɾ uni d̪ɔ ɲu-ɲut̪-i-ge-i̯ t̪ahɛ-i̯-en-a,one-time honey eat CVB-EMPH very tasty PST.TR-3SG.OBJ-FIN and 3SG TOP eat-CONT-3SG-EMPH-3SG be-3SG-INTR-FIN,After consuming once he was very amused and kept eating.
santali_glossed_new_3(1).eaf,5,8800,10800,ɲɛlɛɾasa ɲu ɲut̪ɛ uni.jaʔ laʲcʔ d̪ɔ pʰulɘɔ̯ɛnt̪a.ja ɛnɾɛhɔ̃ ɲɛlɛɾasa ɲuɲu d̪ɔ bai̯ bɘgi.jad̪a,ɲɛlɛɾasa ɲu-ɲut̪-ɛ uni-aʔ lac-ʔ d̪ɔ pʰulɘɔ̯-en-t̪a-a ɛnɾɛ-hɔ̃ ɲɛlɛɾasa ɲu-ɲu d̪ɔ ba-i̯ bɘgi-ad-a,honey eat-CONT-3SG 3SG-GEN belly-EMPH TOP swell-PST-COP-FIN even.then-EMPH honey eat-RDPL TOP NEG-3SG leave-PST.TR-FIN,"His stomach swelled as he kept devouring the honey, but still he did not stop eating."
santali_glossed_new_3(1).eaf,6,11000,13000,ɲɛlɛɾasa ɲuɲut̪ɛ unid̪ɔ ɲɛlɛɾasa t̪alaɾɛi̯ bɔlɔi̯na aɾ a.jaʔ ɟaŋga d̪ɔ ɲɛlɛɾasaɾɛ t̪ʰɘli.jɛnt̪a.ja,ɲɛlɛɾasa ɲu-ɲut̪-ɛ uni-d̪ɔ ɲɛlɛɾasa t̪ala-ɾɛ-i̯ bɔlɔ-i̯-en-a aɾ aj-aʔ ɟaŋga d̪ɔ ɲɛlɛɾasa-ɾɛ t̪ʰɘli-i̯-en-t̪a-a,honey eat-CONT-3SG 3SG-TOP honey middle-LOC-3SG enter-3SG-INTR-FIN and 3SG-GEN leg TOP honey-LOC stick-3SG-INTR-COP-FIN,"While consuming, he stepped in between drops of honey and got his foot stuck in the honey."
santali_glossed_new_3(1).eaf,7,13200,15200,baɲcaʔ lɘgit̪ʔ a.jaʔ kaʈa t̪inɘʔɛ ɔcɔʔɛʔt̪a.ja unɘʔgi bʰit̪ɾisɛʲcʔɛ bɔlɔ cala͡o̯ɛna,baɲ-c-aʔ lɘgit̪ʔ aj-aʔ kaʈa t̪inɘʔ-ɛ ɔcɔʔ-ɛʔ-t̪a-a unɘʔ-gi bʰit̪ɾi-sɛc-ʔ-ɛ bɔlɔ calaɔ̯-en-a,escape-INF for 3SG-GEN leg how.much-3SG release-3SG.OBJ-COP-FIN that.much-EMPH inside-side-EMPH-3SG enter go-PST.INTR-FIN,"The more he tried to get his foot out, the more he sank inward."
santali_glossed_new_3(1).eaf,8,15400,17400,sahɛ̃t̪ʔ bɔnd̪ɔ.jɛnt̪a͡i̯t̪ɛ uni muʲcʔ d̪ɔ mit̪ʔgʰɘɽi t̪ai̯nɔmɛ gɔʲcʔɛna,sahɛ̃t̪ʔ bɔnd̪ɔ-i̯-en-t̪a-i̯-t̪ɛ uni muɲɟ-ʔ d̪ɔ mit̪ʔ-gʰɘɽi t̪ai̯-nɔmɛ gɔc-ʔ-en-a,breath stop-3SG-PST-COP-3SG-INST 3SG ant-EMPH TOP one-moment stay-PUNCT die-PST-INTR-FIN,At one point the ant suffocated and died.
santali_glossed_new_3(1).eaf,9,17600,19600,a.jaʔ lalɔcʔ ijɘt̪ɛ uni mũʲcʔ d̪ɔi̯ gɔʲcʔena,aj-aʔ lalɔc-ʔ ijɘ-t̪ɛ uni muɲɟ-ʔ d̪ɔ-i̯ gɔc-ʔ-en-a,3SG-GEN greed-EMPH cause-INST 3SG ant-EMPH TOP-3SG die-PST-INTR-FIN,The ant died due to its greed.
santali_glossed_new_3(1).eaf,10,19800,21800,mit̪ʔʈɛn t̪ɘɾup̚ʔ aɾ mit̪ʔʈɛn suk̚ɾi mit̪ʔʈɛn kuɲɾɛː d̪aʔ ɲukin cala͡o̯lɛna,mit̪ʔ-ʈɛn t̪ɘɾup-ʔ aɾ mit̪ʔ-ʈɛn suk̚ɾi mit̪ʔ-ʈɛn kuɲ-ɾɛ d̪aʔ ɲu-kin calaɔ̯-len-a,one-CLF tiger-EMPH and one-CLF pig one-CLF well-LOC water drink-3DU go-PST-FIN,A tiger and a pig went to a well to drink water.
santali_glossed_new_3(1).eaf,11,22000,24000,mɛnkʰan ɔkɔi̯ lahaɾɛ d̪aʔɛː ɲu.ja noa̯ ni̯ɘt̪ɛ ɘkint̪alaɾɛ kɘpɘɾiɘo̯ laga͡ɔ̯ɛna,mɛnkʰan ɔkɔ-i̯ laha-ɾɛ d̪aʔ-ɛ ɲu-a nɔa̯ ni̯ɘ-t̪ɛ ɘkin-t̪ala-ɾɛ kɘpɘɾiɘɔ̯ lagaɔ̯-en-a,but who-3SG before-LOC water-3SG drink-FIN this regarding-INST 3DU-middle-LOC quarrel begin-PST-FIN,But they quarreled over who would drink the water first.
santali_glossed_new_3(1).eaf,12,24200,26200,t̪ɘɾup̚ʔ ɔkalɛkat̪ɛhɔ̃ suk̚ɾi lahaɾɛ d̪aʔ ɲu ucu bai̯ kʰɔɟlɛna,t̪ɘɾup-ʔ ɔka-lɛka-t̪ɛ-hɔ̃ suk̚ɾi laha-ɾɛ d̪aʔ ɲu ucu ba-i̯ kʰɔɟ-len-a,tiger-EMPH any-way-INST-EMPH pig before-LOC water drink let NEG-3SG want-PST-FIN,The tiger did not want to let the pig drink the water first.
santali_glossed_new_3(1).eaf,13,26400,28400,suk̚ɾi hɔ̃ t̪ɘɾup̚ʔ lahaɾɛ d̪aʔ ɲu ucu d̪ɔ bai̯ ɾɛbɛnlɛna,suk̚ɾi hɔ̃ t̪ɘɾup-ʔ laha-ɾɛ d̪aʔ ɲu ucu d̪ɔ ba-i̯ ɾɛbɛn-len-a,pig also tiger-EMPH before-LOC water drink let TOP NEG-3SG agree-PST-FIN,The pig also refused to let the tiger drink the water first.
santali_glossed_new_3(1).eaf,14,28600,30600,d̪aɾeɾɛ d̪uɽup̚ʔ kat̪ɛ miʔ ɟʰãk gid̪i d̪ɔ ɘkinaʔ noa̯ gʰɔʈɔnako ɲɛlɛt̪ʔkant̪ãhɛna,d̪aɾe-ɾɛ d̪uɽup-ʔ kat̪ɛ miʔ ɟʰãk gid̪i d̪ɔ ɘkin-aʔ nɔa̯ gʰɔʈɔna-ko ɲɛl-ɛt̪ʔ-kan-t̪ahɛ-n-a,tree-LOC sit-EMPH CVB one group vulture TOP 3DU-GEN this event-3PL see-PROG-COP-stay-INTR-FIN,A group of vultures sitting on the tree was observing their situation.
santali_glossed_new_3(1).eaf,15,30800,32800,t̪ɘɾup̚ʔ aɾ suk̚ɾikin gɔʲcʔlɛnkʰan gid̪ikod̪ɔ uŋkinaʔ ɟil jɔmko hud̪isɔʔkan t̪ahɛna,t̪ɘɾup-ʔ aɾ suk̚ɾi-kin gɔc-ʔ-len-kʰan gid̪i-ko-d̪ɔ uŋkin-aʔ ɟil jɔm-ko hud̪isɔʔ-kan t̪ahɛ-n-a,tiger-EMPH and pig-3DU die-PST-INTR-when vulture-3PL-TOP 3DU-GEN flesh eat-3PL think-PROG be-INTR-FIN,"When the tiger and the pig would die, vultures were thinking about eating their flesh."
santali_glossed_new_3(1).eaf,16,33000,35000,mit̪ʔ ɔk̚t̪ɛ t̪ɘɾup̚ʔ nɔai̯ buɟʰhɘo̯ked̪a aɾ suk̚ɾi.jɛ mɛt̪ade.ja,mit̪ʔ ɔk̚t̪ɛ t̪ɘɾup-ʔ nɔa-i̯ buɟʰhɘɔ̯-ked-a aɾ suk̚ɾi-ɛ mɛt̪-ad-e-a,one time tiger-EMPH this-3SG understand-PST.TR-FIN and pig-3SG say-PST.TR-3SG.OBJ-FIN,At some point the tiger understood this and told the pig.
santali_glossed_new_3(1).eaf,17,35200,37200,nɔa̯ t̪a.jɔm unkin kɘpʰɘɾiɘo̯ t̪ʰiɾkat̪ɛ banahɔɽge d̪aʔkin ɲu ked̪a aɾ t̪ɛt̪aŋkin maɾaɔ̯ked̪a,nɔa̯ t̪ajɔm un-kin kɘpʰɘɾiɘɔ̯ t̪ʰiɾ-kat̪ɛ bana-hɔɽ-ge d̪aʔ-kin ɲu ked-a aɾ t̪ɛt̪aŋ-kin maɾaɔ̯-ked-a,this after that-3DU quarrel stop-CVB both-person-EMPH water-3DU drink PST.TR-FIN and thirst-3DU finish-PST.TR-FIN,Then they stopped fighting and both drank water and quenched their thirst.
santali_glossed_new_3(1).eaf,18,37400,39400,mobaĭlt̪ɛ sɘŋgiɲɾɛn hɔɽ sãɔ̯t̪ɛhɔ̃ kat̪ʰam ɾɔɽ d̪aɽe.jaʔa,mobaĭl-t̪ɛ sɘŋgiɲ-ɾɛn hɔɽ sãɔ̯-t̪ɛ-hɔ̃ kat̪ʰa-m ɾɔɽ d̪aɽe-jaʔ-a,mobile-INST far-GEN person with-INST-also word-2SG speak able-FIN-FIN,It is easy to talk to the distant people with a mobile.
santali_glossed_new_3(1).eaf,19,39600,41600,mobaĭlt̪ɛ pɛɽakoa̯ʔ boge ɟud̪ɘhɔm baɖai̯ d̪aɽe.jaʔa,mobaĭl-t̪ɛ pɛɽa-ko-aʔ boge ɟud̪ɘ-hɔ-m baɖai̯ d̪aɽe-jaʔ-a,mobile-INST relative-3PL-GEN good news-EMPH-2SG know able-FIN-FIN,Relatives can be inquired through mobile.
santali_glossed_new_3(1).eaf,20,41800,43800,mobaĭlt̪ɛ seɾeɲ aɲɟɔmɔʔa pʰɔʈɔ ɾakabɔʔa senema aɾ naʈɔk̚ ɲɛlɔ.a,mobaĭl-t̪ɛ seɾeɲ aɲɟɔm-ɔʔ-a pʰɔʈɔ ɾakab-ɔʔ-a senema aɾ naʈɔk̚ ɲɛl-ɔ-a,mobile-INST song listen-PASS-FIN photo take-PASS-FIN cinema and drama see-PASS-FIN,"Mobile can be used to listen to music, take pictures and watch movies."
santali_glossed_new_3(1).eaf,21,44000,46000,mobaĭlt̪ɛm hisɘb d̪aɽeoa̯ʔa aɾ ɔk̚t̪ɛhɔm baɖai̯ d̪aɽe.jaʔa,mobaĭl-t̪ɛ-m hisɘb d̪aɽe-oaʔ-a aɾ ɔk̚t̪ɛ-hɔ-m baɖai̯ d̪aɽe-jaʔ-a,mobile-INST-2SG calculation able-PASS-FIN and time-EMPH-2SG know able-FIN-FIN,"Besides, numbers can be calculated and the time can be checked on the mobile."
santali_glossed_new_3(1).eaf,22,46200,48200,pɘhil pɘhil d̪ɔ mobaĭlɾe.jaʔ d̪am ɘɖi ɟɘst̪i t̪ahɛ̃kana ɔna i̯ɘt̪ɛ hɔɽd̪ɔ mobaĭl baku kiɾiɲ d̪aɽe.jaʔkant̪ahɛ̃na,pɘhil pɘhil d̪ɔ mobaĭl-ɾeaʔ d̪am ɘɖi ɟɘst̪i t̪ahɛ̃-kan-a ɔna iɘ-t̪ɛ hɔɽ-d̪ɔ mobaĭl ba-ko kiɾiɲ d̪aɽe-jaʔ-kan-t̪ahɛ̃-n-a,first first TOP mobile-GEN price very high stay-COP-FIN that cause-INST person-TOP mobile NEG-3PL buy able-FIN-COP-stay-INTR-FIN,Initially the price was high so most people could not afford the mobile.
santali_glossed_new_3(1).eaf,23,48400,50400,unɾɛ d̪ɔkanɾɛ cala͡o̯kat̪ɛt̪ʔ ʈakat̪ɛ kat̪ʰa ɾɔɽ ho.joʔkan t̪ahɛ̃na,un-ɾɛ d̪ɔkan-ɾɛ calaɔ̯-kat̪ɛ-t̪ʔ ʈaka-t̪ɛ kat̪ʰa ɾɔɽ ho.j-oʔ-kan t̪ahɛ̃-n-a,that-LOC shop-LOC go-CVB-EMPH money-INST word speak become-PASS-COP stay-INTR-FIN,"At that time, we had to go to the shop and talk with money."
santali_glossed_new_3(1).eaf,24,50600,52600,mɛnkʰan nit̪ d̪ɔ ɖʰeɾ hɔɽ ʈʰɛnge mobaĭl mena.a,mɛnkʰan nit̪ d̪ɔ ɖʰeɾ hɔɽ ʈʰɛn-ge mobaĭl mena-a,but now TOP many person near-EMPH mobile exist-FIN,But now most people have mobile phones.
santali_glossed_new_3(1).eaf,25,52800,54800,mobai̯ltege nit̪ d̪ɔ ʈaka kolo.a aɾ ʈaka ɲamɔ.a,mobai̯l-tege nit̪ d̪ɔ ʈaka kolo-a aɾ ʈaka ɲam-ɔ-a,mobile-INST.EMPH now TOP money send-FIN and money get-PASS-FIN,Money can now be paid and received through mobile.
santali_glossed_new_3(1).eaf,26,55000,57000,mobaĭlɾɛ inʈaɾneʈ̚hɔ̃ku bɛbɔhaɾa,mobaĭl-ɾɛ inʈaɾneʈ-hɔ̃-ku bɛbɔhaɾ-a,mobile-LOC internet-also-3PL use-FIN,The Internet can be used/run on mobile.
santali_glossed_new_3(1).eaf,27,57200,59200,inʈaɾneʈ̚t̪ɛm ɔlɔʔ paɽha͡o̯ d̪aɽe.jaʔa,inʈaɾneʈ-t̪ɛ-m ɔlɔʔ paɽhaɔ̯ d̪aɽe-jaʔ-a,internet-INST-2SG read study able-FIN-FIN,We can even study on the internet/online.
santali_glossed_new_3(1).eaf,28,59400,61400,mit̪ʔd̪in mĭt̪ʔʈɛn kɘhũ ɘɖiː ãːʈ t̪et̪aŋked̪e.ja,mit̪ʔ-d̪in mit̪ʔ-ʈɛn kɘhũ ɘɖi ãʈ t̪et̪aŋ-ked-e-a,one-day one-CLF crow very thirst feel-PST.TR-3SG.OBJ-FIN,One day a crow got very thirsty for water.
santali_glossed_new_3(1).eaf,29,61600,63600,hant̪ɛnat̪ɛ kɔ.jɔʔbaɽa kat̪ɛ unid̪ɔ ɾacaɾɛ mit̪ʔʈɛn hasaɾe.jaʔ kanɖai̯ ɲɛlɲamked̪a,hant̪ɛ-na-t̪ɛ kɔ.jɔʔ-baɽa kat̪ɛ uni-d̪ɔ ɾaca-ɾɛ mit̪ʔ-ʈɛn hasa-ɾeaʔ kanɖa-i̯ ɲɛl-ɲam-ked-a,here-there-DIR look-around CVB 3SG-TOP yard-LOC one-CLF clay-GEN pitcher-3SG see-find-PST.TR-FIN,"Meanwhile, looking here and there, it saw an earthen pitcher in the yard."
santali_glossed_new_3(1).eaf,30,63800,65800,mɛnkʰan d̪aʔd̪ɔ t̪ahɛkana kanɖaɾe.jaʔ ɛkalt̪ɛ lat̪aɾ ɟalat̪ʔɾɛ,mɛnkʰan d̪aʔ-d̪ɔ t̪ahɛ-kan-a kanɖa-ɾeaʔ ɛkal-t̪ɛ lat̪aɾ ɟala-t̪ʔ-ɾɛ,but water-TOP stay-COP-FIN pitcher-GEN very-INST below bottom-EMPH-LOC,But the water was at the bottom of the pitcher.
santali_glossed_new_3(1).eaf,31,66000,68000,ɔna kakʰant̪ɛ kɘhũd̪ɔ ɔna d̪aʔ bai̯ ɲu d̪aɽɛ.jad̪a,ɔna kakʰan-t̪ɛ kɘhũ-d̪ɔ ɔna d̪aʔ ba-i̯ ɲu d̪aɽɛ-jad-a,that reason-INST crow-TOP that water NEG-3SG drink able-PST.TR-FIN,Because of this the crow could not drink that water.
santali_glossed_new_3(1).eaf,32,68200,70200,unɾɛ kɘhũd̪ɔ mit̪ʔʈɛn upɘ.jɛ uɖuŋked̪a,un-ɾɛ kɘhũ-d̪ɔ mit̪ʔ-ʈɛn upɘ-i̯-ɛ uɖuŋ-ked-a,that-LOC crow-TOP one-CLF way-3SG-3SG bring.out-PST.TR-FIN,Then the crow thought of a way.
santali_glossed_new_3(1).eaf,33,70400,72400,uni d̪ɔ ɔna kanɖa bʰit̪ɾiɾɛ d̪ʰiɾiɾe.jaʔ kuʈ̚ɾɘ giɖii̯ laga͡o̯ɛna,uni d̪ɔ ɔna kanɖa bʰit̪ɾi-ɾɛ d̪ʰiɾi-ɾeaʔ kuʈɾɘ giɖi-i̯ lagaɔ̯-en-a,3SG TOP that pitcher inside-LOC stone-GEN piece throw-3SG begin-PST-FIN,It started throwing pieces of stone into that pitcher.
santali_glossed_new_3(1).eaf,34,72600,74600,d̪ʰiɾi kuʈ̚ɾɘ ɟɔma͡o̯ ɟɔma͡o̯t̪ɛ d̪aʔ d̪ɔ kanɖa ɾe.jaʔ mɔcaʈʰɛn hɛʲcʔɛna,d̪ʰiɾi kuʈɾɘ ɟɔmaɔ̯ ɟɔmaɔ̯-t̪ɛ d̪aʔ d̪ɔ kanɖa-ɾeaʔ mɔca-ʈʰɛn hɛc-ʔ-en-a,stone piece collect collect-INST water TOP pitcher-GEN mouth-near come-PST-INTR-FIN,The stones accumulated and the water came to the mouth of the pitcher.
santali_glossed_new_3(1).eaf,35,74800,76800,kɘhũ d̪ɔ unɾɛ ɔna d̪aʔɛ ɲuː ked̪a,kɘhũ d̪ɔ un-ɾɛ ɔna d̪aʔ-ɛ ɲu ked-a,crow TOP that-LOC that water-3SG drink PST.TR-FIN,The crow then drank that water.
santali_glossed_new_3(1).eaf,36,77000,79000,baŋlad̪es ai̯ma pɘɾsi aɾ ai̯ma ɟɘt̪i ɾe.jaʔ mit̪ʔʈɛn d̪isɘm,baŋlad̪es ai̯ma pɘɾsi aɾ ai̯ma ɟɘt̪i-ɾeaʔ mit̪ʔ-ʈɛn d̪isɘm,Bangladesh many language and many ethnicity-GEN one-CLF country,Bangladesh is a multilingual and multi-racial country.
santali_glossed_new_3(1).eaf,37,79200,81200,noa̯ d̪isɘmɾɛ baŋgali bɛgɔɾhɔ̃ noŋka mɔ̃ɽɛgɛlgɔʈɛn ɟɘt̪iɾɛn hɔɽko giɾɘbɘsiʔkana,nɔa̯ d̪isɘm-ɾɛ baŋgali bɛgɔɾ-hɔ̃ noŋka mɔ̃ɽɛ-gɛl-gɔʈɛn ɟɘt̪i-ɾɛn hɔɽ-ko giɾɘ-bɘsiʔ-kan-a,this country-LOC Bengali besides-also like five-ten-CLF ethnicity-GEN person-3PL settle-live-COP-FIN,"In addition to the Bangalees, about 50 other nationalities live in this country."
santali_glossed_new_3(1).eaf,38,81400,83400,baŋgaliko lekage oŋkoa̯ʔhɔ̃ ɟud̪ɘ pɘɾsi aɾ ni.jɘm ɘɾi mena.a,baŋgali-ko leka-ge oŋko-aʔ-hɔ̃ ɟud̪ɘ pɘɾsi aɾ ni.jɘm ɘɾi mena-a,Bengali-3PL like-EMPH 3PL-GEN-also different language and custom tradition exist-FIN,"Like the Bangalees, they also have distinct languages and customs."
santali_glossed_new_3(1).eaf,39,83600,85600,bɛo̯haɾ t̪ʰoɽa ho.joʔkan kakʰant̪ɛ ai̯ma pɘɾsiko ad̪ɔʔkana,bɛo̯haɾ t̪ʰoɽa ho.j-oʔ-kan kakʰan-t̪ɛ ai̯ma pɘɾsi-ko ad̪-oʔ-kan-a,use little become-PASS-COP reason-INST many language-3PL lose-PASS-COP-FIN,Many languages are disappearing due to lack of usage.
santali_glossed_new_3(1).eaf,40,85800,87800,gid̪ɾɛko lɘgit̪ʔ apnaɾ pɘɾsit̪ɛ ɔlɔʔ paɽha͡o̯ ɟɘɾuɽa,gid̪ɾɛ-ko lɘgit̪ʔ apnaɾ pɘɾsi-t̪ɛ ɔlɔʔ paɽhaɔ̯ ɟɘɾuɽ-a,child-3PL for own language-INST read study necessary-FIN,It is important for children to study in their own language.
santali_glossed_new_3(1).eaf,41,88000,90000,gid̪ɾɘ bid̪ɘlɾɛ gɔgɔ pɘɾsit̪ɛ ɔlɔʔ paɽha͡o̯ baŋ hoi̯lɛnkʰan t̪a.jɔmt̪ɛ apnaɾ pɘɾsi aɾ cet̪ʔ baŋ ho.joʔkana,gid̪ɾɘ bid̪ɘl-ɾɛ gɔgɔ pɘɾsi-t̪ɛ ɔlɔʔ paɽhaɔ̯ baŋ ho.j-i̯-len-kʰan t̪ajɔm-t̪ɛ apnaɾ pɘɾsi aɾ cet̪ʔ baŋ ho.j-oʔ-kan-a,child age-LOC mother language-INST read study NEG become-3SG-PST-when after-INST own language and learn NEG become-PASS-COP-FIN,"If one does not study in their mother language in childhood, one does not learn their own language later."
santali_glossed_new_3(1).eaf,42,90200,92200,iɲd̪ɔ iɲaʔ pɘɾsiɲ d̪ulɘɽaʔa,iɲ-d̪ɔ iɲ-aʔ pɘɾsi-ɲ d̪ulɘɽ-aʔ-a,1SG-TOP 1SG-GEN language-1SG love-FIN-FIN,I love my language.
santali_glossed_new_3(1).eaf,43,92400,94400,iɲd̪ɔ iɲaʔ d̪isɘmiɲ d̪ulɘɽed̪a,iɲ-d̪ɔ iɲ-aʔ d̪isɘm-iɲ d̪ulɘɽ-ed-a,1SG-TOP 1SG-GEN country-1SG love-PRS.TR-FIN,I love my country.
santali_glossed_new_3(1).eaf,44,94600,96600,iɲaʔ sɔneɾ baŋla iɲd̪ɔ amiɲ d̪ulɘɽɛt̪ʔme.ja,iɲ-aʔ sɔneɾ baŋla iɲ-d̪ɔ am-iɲ d̪ulɘɽ-ɛt̪ʔ-me-a,1SG-GEN golden Bengal 1SG-TOP 2SG-1SG love-PROG-2SG.OBJ-FIN,"My golden Bangla, I love you."
santali_glossed_new_3(1).eaf,45,96800,98800,ad̪ɔm pɘɾsi baŋla akʰɔɾko bɛo̯haɾa ad̪ɔm pɘɾsi iŋɾeɟi sɛ ɾoman akʰɔɾko bɛo̯haɾa aɾ ad̪ɔm pɘɾsi.jaʔd̪ɔ apnaɾaʔ akʰɔɾ mena.a,ad̪ɔm pɘɾsi baŋla akʰɔɾ-ko bɛo̯haɾ-a ad̪ɔm pɘɾsi iŋɾeɟi sɛ ɾoman akʰɔɾ-ko bɛo̯haɾ-a aɾ ad̪ɔm pɘɾsi-aʔ-d̪ɔ apnaɾ-aʔ akʰɔɾ mena-a,some language Bengali letter-3PL use-FIN some language English or Roman letter-3PL use-FIN and some language-GEN-TOP own-GEN letter exist-FIN,"Some languages use Bangalee fonts, some languages use English/Roman fonts, and some languages have their own fonts."
santali_glossed_new_3(1).eaf,46,99000,101000,babad̪ɔ mit̪ʔʈɛn gʰaɾɔ̃ɟɾɛn mukʰi̯ɘ hɔɽ,baba-d̪ɔ mit̪ʔ-ʈɛn gʰaɾɔ̃ɟ-ɾɛn mukʰi̯ɘ hɔɽ,father-TOP one-CLF family-GEN head person,Father is the head person/man of a family.
santali_glossed_new_3(1).eaf,47,101200,103200,uni d̪ɔ gʰaɾɔɟɾe.jaʔɛ ɲɛɭbaɽa.ja,uni d̪ɔ gʰaɾɔɟ-ɾeaʔ-ɛ ɲɛlbaɽa-a,3SG TOP family-GEN-3SG look.after-FIN,He takes care of the family.
santali_glossed_new_3(1).eaf,48,103400,105400,iɲbaba d̪ɔ kʰɛt̪ɾɛ kɘmikat̪ɛt̪ʔɛ kɘmhɘ.jɛt̪ʔkant̪ahɛ̃na,iɲ-baba d̪ɔ kʰɛt̪-ɾɛ kɘmi-kat̪ɛ-t̪ʔ-ɛ kɘmhɘ-i̯-ɛt̪ʔ-kan-t̪ahɛ̃-n-a,1SG-father TOP field-LOC work-CVB-EMPH-3SG earn-3SG-PROG-COP-stay-INTR-FIN,My father used to earn by working in agricultural fields.
santali_glossed_new_3(1).eaf,49,105600,107600,babaʈʰɛnkʰɔn iɲd̪ɔ ɔlɔʔ aɾ paɽha͡ɔ̯iɲ cit̪ʔakad̪a,baba-ʈʰɛn-kʰɔn iɲ-d̪ɔ ɔlɔʔ aɾ paɽhaɔ̯-iɲ cit̪ʔ-akad-a,father-from-ABL 1SG-TOP read and study-1SG learn-PRF.TR-FIN,I have learned to read and write from my father.
santali_glossed_new_3(1).eaf,50,107800,109800,ɔk̚t̪ɛ ɔk̚t̪ɛ iskul cʰuʈilɛnkʰan ɲɛlɘɲ baba d̪ɔ iɲlɘgit̪ʔ iskul baɾhɛɾɛi̯ t̪eŋgo.ăkana,ɔk̚t̪ɛ ɔk̚t̪ɛ iskul cʰuʈi-len-kʰan ɲɛl-ɘ-ɲ baba d̪ɔ iɲ-lɘgit̪ʔ iskul baɾhɛ-ɾɛ-i̯ t̪eŋgɔ-akan-a,time time school holiday-PST-when see-FIN-1SG father TOP 1SG-for school outside-LOC-3SG stand-PRF.INTR-FIN,"Sometimes when the school hours were over, I saw my father standing outside the school for me."
santali_glossed_new_3(1).eaf,51,110000,112000,biɖɘ͡o̯ɾɛ bʰage ɾeɟal t̪a.jɔm babaɔ̯aʔ mɛ̃t̪ʔd̪aʔiɲ ɲɛl lɛd̪a,biɖɘɔ̯-ɾɛ bʰage ɾeɟal t̪ajɔm baba-ɔ̯aʔ mɛ̃t̪ʔ-d̪aʔ-iɲ ɲɛl led-a,exam-LOC good result after father-GEN eye-water-1SG see PST.TR-FIN,I saw tears in my father's eyes after getting good results in the exam.
santali_glossed_new_3(1).eaf,52,112200,114200,unɾɛ bɘɲbaɖai̯kant̪ahɛ̃na ai̯mahɔɽ ɾɘskɘlɛnkʰanhɔ̃ ku ɾaːga,un-ɾɛ bɘɲ-baɖai̯-kan-t̪ahɛ̃-n-a ai̯ma-hɔɽ ɾɘskɘ-len-kʰan-hɔ̃ ku-ɾaːg-a,that-LOC NEG.1SG-know-COP-stay-INTR-FIN many-person joy-PST-when-also 3PL-cry-FIN,I did not know that many people cry even when they are happy.
santali_glossed_new_3(1).eaf,53,114400,116400,baba aʲcʔt̪ɛt̪ʔhɔ̃ ɟɘst̪i ba͡i̯ ɔlɔʔ paɽha͡o̯ d̪aɽe.jakad̪a,baba ac-ʔ-t̪ɛ-t̪ʔ-hɔ̃ ɟɘst̪i ba-i̯ ɔlɔʔ paɽhaɔ̯ d̪aɽe-jakad-a,father self-EMPH-INST-EMPH-also much NEG-3SG read study able-PRF.TR-FIN,Father himself could not study much.
santali_glossed_new_3(1).eaf,54,116600,118600,mɛnkʰan unii̯ kʰɔɟlɛna iɲ e.meɲ pas ma,mɛnkʰan uni-i̯ kʰɔɟ-len-a iɲ e.me-ɲ pas-m-a,but 3SG-3SG want-PST-FIN 1SG M.A.-1SG pass-2SG-FIN,But he wanted me to pass MA.
santali_glossed_new_3(1).eaf,55,118800,120800,uni ɔk̚t̪ɛ ɔk̚t̪ɛ d̪akaut̪u kɘmiɾɛ gɔgɔhɔ̃.jɛ gɔɽɔ.ai̯kan t̪ahɛ̃na,uni ɔk̚t̪ɛ ɔk̚t̪ɛ d̪aka-ut̪u kɘmi-ɾɛ gɔgɔ-hɔ̃-ɛ gɔɽɔ-ai̯-kan t̪ahɛ̃-n-a,3SG time time rice-curry work-LOC mother-also-3SG help-3SG.OBJ-COP stay-INTR-FIN,He sometimes helped my mother in cooking.
santali_glossed_new_3(1).eaf,56,121000,123000,baba t̪inɾɛi̯ haɽam lena unɾɛ iɲ uniɲ ɟɔt̪ɔnăkadi.ja,baba t̪in-ɾɛ-i̯ haɽam len-a un-ɾɛ iɲ uni-ɲ ɟɔt̪ɔn-akad-i-a,father when-LOC-3SG old PST-FIN that-LOC 1SG 3SG-1SG care-PRF.TR-3SG.OBJ-FIN,I took care of father when he got old.
santali_glossed_new_3(1).eaf,57,123200,125200,kɘʈiʲcʔkʰɔnge baba d̪ɔ iɲɾɛn paɲɟalek hɔɽ kanai̯,kɘʈic-ʔ-kʰɔn-ge baba d̪ɔ iɲ-ɾɛn paɲɟa-lek hɔɽ kan-a-i̯,small-EMPH-ABL-EMPH father TOP 1SG-GEN follow-like person COP-FIN-3SG,"From my childhood, my father was a person I could follow."
santali_glossed_new_3(1).eaf,58,125400,127400,babai̯ɲ d̪isɘlekʰan nit̪hɔ̃ iɲ ɾaʔ ɾaʔiɲ ɘi̯kɘo̯a,baba-i̯-ɲ d̪isɘl-e-kʰan nit̪-hɔ̃ iɲ ɾaʔ ɾaʔ-iɲ ɘi̯-kɘɔ̯-a,father-3SG-1SG remember-3SG.OBJ-when now-also 1SG cry cry-1SG come-INCH-FIN,I still feel like crying when I remember my father.
santali_glossed_new_3(1).eaf,59,127600,129600,iɲd̪ɔ iɲ baba ni̯ɘt̪ɛɲ gɔɾɔbɔʔkana,iɲ-d̪ɔ iɲ baba ni̯ɘ-t̪ɛ-ɲ gɔɾɔb-ɔʔ-kan-a,1SG-TOP 1SG father regarding-INST-1SG proud-PASS-COP-FIN,I feel proud of my father.
santali_glossed_new_3(1).eaf,60,129800,131800,iɲiɲ kʰɔɟɔʔkana iɲɾɛn gid̪ɾɘhɔ̃ iɲ ni̯ɘt̪ɛ gɔɾɔb oco̯a,iɲ-iɲ kʰɔɟ-ɔʔ-kan-a iɲ-ɾɛn gid̪ɾɘ-hɔ̃ iɲ ni̯ɘ-t̪ɛ gɔɾɔb oc-oɔ̯-a,1SG-1SG want-PASS-COP-FIN 1SG-GEN child-also 1SG regarding-INST proud cause-CAUS-FIN,I want my child to be proud of me too.
santali_glossed_new_3(1).eaf,61,132000,134000,ɟohaɾ hɔpɔnba cɛt̪ʔlɛka mɛnama,ɟohaɾ hɔpɔn-ba cɛt̪ʔ-lɛka mɛn-am-a,greeting son-uncle what-like exist-2SG-FIN,"[Greetings] Uncle, how are you?"
santali_glossed_new_3(1).eaf,62,134200,136200,mɔɟge minɘɲɘ bɘbu,mɔɟ-ge min-ɘ-ɲ-ɘ bɘbu,good-EMPH exist-FIN-1SG-FIN son,I am fine my son.
santali_glossed_new_3(1).eaf,63,136400,138400,am cɛt̪ʔlɛka mɛnama,am cɛt̪ʔ-lɛka mɛn-am-a,2SG what-like exist-2SG-FIN,How are you?
santali_glossed_new_3(1).eaf,64,138600,140600,amɾɛn gɔgɔbaba cɛt̪ʔlɛka menaʔkinɘ,am-ɾɛn gɔgɔ-baba cɛt̪ʔ-lɛka mena-ʔ-kin-ɘ,2SG-GEN mother-father what-like exist-COP-3DU-FIN,How are your parents?
santali_glossed_new_3(1).eaf,65,140800,142800,alɛ ɟɔt̪ɔhɔɽ mɔ̃ɟge menaʔle.ja,alɛ ɟɔt̪ɔ-hɔɽ mɔ̃ɟ-ge mena-ʔ-le-a,1PL.EXCL all-person good-EMPH exist-COP-1PL.EXCL-FIN,We are all fine.
santali_glossed_new_3(1).eaf,66,143000,145000,buɖigɔ cɛt̪ʔlɛka mena.ja hɔpɔnba,buɖi-gɔ cɛt̪ʔ-lɛka mena-a hɔpɔn-ba,old-mother what-like exist-FIN son-uncle,"How is grandmother, Uncle?"
santali_glossed_new_3(1).eaf,67,145200,147200,hɔlakʰɔn unii̯ ɾu̯ɘʔkana,hɔla-kʰɔn uni-i̯ ɾuɘ-ʔ-kan-a,yesterday-ABL 3SG-3SG sick-PASS-COP-FIN,She is sick since yesterday.
santali_glossed_new_3(1).eaf,68,147400,149400,gunɘnɔʔkɘnɘɲ t̪eheɲ uni ɖakt̪aɾʈʰɛniɲ idii̯.ja,gunɘ-nɔʔ-kɘn-ɘ-ɲ t̪eheɲ uni ɖakt̪aɾ-ʈʰɛn-iɲ idi-i̯-a,think-INCH-PROG-FIN-1SG today 3SG doctor-near-1SG take-3SG.OBJ-FIN,I think I will take her to the doctor today.
santali_glossed_new_3(1).eaf,69,149600,151600,ɔnage bʰage ho.jo.a,ɔna-ge bʰage ho.j-o-a,that-EMPH good become-PASS-FIN,That would be good.
santali_glossed_new_3(1).eaf,70,151800,153800,ɟahanaʔ ɟɘɾuɽɔʔkʰan alɛm baɖai̯ŏcole.ja,ɟahan-aʔ ɟɘɾuɽ-ɔʔ-kʰan alɛ-m baɖai̯-oc-o-le-a,anything-GEN necessary-PASS-when 1PL.EXCL-2SG know-CAUS-PASS-1PL.EXCL-FIN,Let us know if you need anything.
santali_glossed_new_3(1).eaf,71,154000,156000,ac.cʰaɲ baɖai̯ocope.ja,accʰa-ɲ baɖai̯-oc-o-pe-a,alright-1SG know-CAUS-PASS-2PL-FIN,"Alright, I will let you know."
santali_glossed_new_3(1).eaf,72,156200,158200,amɾɛn gɔgɔbaba lɘ.jakinmɛ ambuɖigɔi̯ ɾu̯ɘʔkana,am-ɾɛn gɔgɔ-baba lɘj-a-kin-mɛ am-buɖi-gɔ-i̯ ɾuɘ-ʔ-kan-a,2SG-GEN mother-father say-IMP-3DU-2SG 2SG-old-mother-3SG sick-PASS-COP-FIN,Tell your parents your grandmother is ill.
santali_glossed_new_3(1).eaf,73,158400,160400,uŋkinhɔ̃ hiɟuʔmɛt̪aɔ̯ăkinmɛ,uŋkin-hɔ̃ hiɟu-ʔ-mɛ-t̪a-oɔ̯-akin-mɛ,3DU-also come-IMP-2SG-COP-CAUS-3DU-2SG,Tell them to come.
santali_glossed_new_3(1).eaf,74,160600,162600,ɟɘɾuɽgeʲɲ lɘi̯.akina,ɟɘɾuɽ-ge-ɲ lɘj-akin-a,necessary-EMPH-1SG say-3DU.OBJ-FIN,Of course I will tell them.
santali_glossed_new_3(1).eaf,75,162800,164800,t̪ʰɔɽad̪in bʰit̪ɾiɾigi iɲaʔ biɖɘ͡o̯ ɛhɔbɔʔa,t̪ʰɔɽa-d̪in bʰit̪ɾi-ɾi-gi iɲ-aʔ biɖɘɔ̯ ɛhɔb-ɔʔ-a,few-day inside-LOC-EMPH 1SG-GEN exam begin-PASS-FIN,My exam is ahead.
santali_glossed_new_3(1).eaf,76,165000,167000,iɲlɘgit̪ʔ bint̪ii̯mɛ,iɲ-lɘgit̪ʔ bint̪i-i̯-mɛ,1SG-for pray-3SG-2SG.IMP,Pray for me.
santali_glossed_new_3(1).eaf,77,167200,169200,bʰaget̪ɛ paɽhaʔmɛ,bʰage-t̪ɛ paɽha-ʔ-mɛ,good-INST study-IMP-2SG,Study well.
santali_glossed_new_3(1).eaf,78,169400,171400,ai̯mad̪inkʰɔn alɛ ʈoʈʰaɾɛ ɟahan pɔɾɔb baŋ hojoʔkana,ai̯ma-d̪in-kʰɔn alɛ ʈoʈʰa-ɾɛ ɟahan pɔɾɔb baŋ ho.j-oʔ-kan-a,many-day-ABL 1PL.EXCL locality-LOC any festival NEG become-PASS-COP-FIN,For many days there happens no festival in our locality.
santali_glossed_new_3(1).eaf,79,171600,173600,d̪ɛla abo mit̪ʔʈɛn pɔɾɔbbon sapɽa͡o̯kat̪ʔlege,d̪ɛla abo mit̪ʔ-ʈɛn pɔɾɔb-bon sapɽaɔ̯-kat̪ʔ-le-ge,come 1PL.INCL one-CLF festival-1PL.INCL organize-CVB-1PL.EXCL-EMPH,"Come on, let's organize a festival."
santali_glossed_new_3(1).eaf,80,173800,175800,hɛ̃ː noa̯ d̪ɔ mit̪ʔʈɛn bʰage hudis,hɛ̃ nɔa̯ d̪ɔ mit̪ʔ-ʈɛn bʰage hudis,yes this TOP one-CLF good idea,"Yes, it's a great/good idea."
santali_glossed_new_3(1).eaf,81,176000,178000,amd̪ɔ cɛt̪ʔ noa̯ ni̯ɘt̪ɛ ɟahanaʔɛm ganɖɔnakad̪a,am-d̪ɔ cɛt̪ʔ nɔa̯ ni̯ɘ-t̪ɛ ɟahan-aʔ-ɛ-m ganɖ-ɔn-akad-a,2SG-TOP what this regarding-INST any-GEN-3SG-2SG think-INTR-PRF.TR-FIN,Have you thought about it?
santali_glossed_new_3(1).eaf,82,178200,180200,pɔɾɔbɾɛ cɛt̪ʔ cɛt̪ʔ t̪ahɛ̃na,pɔɾɔb-ɾɛ cɛt̪ʔ cɛt̪ʔ t̪ahɛ̃-n-a,festival-LOC what what stay-INTR-FIN,What will be in the festival?
santali_glossed_new_3(1).eaf,83,180400,182400,pɔɾɔbɾɛ ɛnɛʲcʔ seɾeɲ t̪ahɛna,pɔɾɔb-ɾɛ ɛnɛc-ʔ seɾeɲ t̪ahɛ-n-a,festival-LOC dance-EMPH song stay-INTR-FIN,The festival will include dancing and singing.
santali_glossed_new_3(1).eaf,84,182600,184600,ɔna sãɔ̯t̪ɛ miʔʈɛn pʰuʈbɔl kʰilɘʈ t̪ahɛ̃na,ɔna sãɔ̯-t̪ɛ miʔ-ʈɛn pʰuʈbɔl kʰilɘʈ t̪ahɛ̃-n-a,that with-INST one-CLF football match stay-INTR-FIN,There will also be a football match.
santali_glossed_new_3(1).eaf,85,184800,186800,pʰuʈbɔl kʰilɘʈ d̪ɔ ho.jo.a bap̚laɔa̯akan aɾ ɖɘŋua̯ku t̪alaɾɛ,pʰuʈbɔl kʰilɘʈ d̪ɔ ho.j-o-a bap̚laɔ̯-akan aɾ ɖɘŋu̯ɘ-ku t̪ala-ɾɛ,football match TOP become-PASS-FIN marry-PRF.INTR and unmarried-3PL middle-LOC,The football match will be between the married and the unmarried.
santali_glossed_new_3(1).eaf,86,187000,189000,noa̯ pɔɾɔp̚ t̪is aɾ ɔkaɾɛ hoi̯ oco d̪aɽeja.a,nɔa̯ pɔɾɔp t̪is aɾ ɔka-ɾɛ ho.j-i̯ oco d̪aɽe-ja-a,this festival when and where-LOC become-3SG cause able-FIN-FIN,When and where can this festival be held?
santali_glossed_new_3(1).eaf,87,189200,191200,cʰuʈi hilɘʔ sapɽaɔ̯lɛkʰan abu iskulɾe.jaʔ maʈʰbun bɛbɔhaɾ d̪aɽe.jaʔa,cʰuʈi hilɘʔ sapɽaɔ̯-len-kʰan abu iskul-ɾeaʔ maʈʰ-bun bɛbɔhaɾ d̪aɽe-jaʔ-a,holiday day organize-PST-when 1PL.INCL school-GEN ground-1PL.INCL use able-FIN-FIN,We can use the school grounds if we organize on holidays.
santali_glossed_new_3(1).eaf,88,191400,193400,abua̯ʔ pɔɾɔbɾɛ iskuld̪ɔ sãot̪ɛ d̪ɔhɔ ɟɘɾuɽa,abu-aʔ pɔɾɔb-ɾɛ iskul-d̪ɔ sãɔ̯-t̪ɛ d̪ɔhɔ ɟɘɾuɽ-a,1PL.INCL-GEN festival-LOC school-TOP with-INST keep necessary-FIN,We need to include the school in our festival.
santali_glossed_new_3(1).eaf,89,193600,195600,ced̪aʔsɛ iskulɾɛn gid̪ɾɘko aboko gɔɽɔ d̪aɽe͡o̯ɘ̆bona,ced̪aʔ-sɛ iskul-ɾɛn gid̪ɾɘ-ko abo-ko gɔɽɔ d̪aɽe-oɘ̯-bo-n-a,why-or school-GEN child-3PL 1PL.INCL-3PL help able-PASS-1PL.INCL-INTR-FIN,Because school students could help us.
santali_glossed_new_3(1).eaf,90,195800,197800,t̪ahalɛ iskulɾɛn maɾaŋ mahasɔi̯ sãot̪ɛ katʰa ɾɔɽ ho.j.a,t̪ahalɛ iskul-ɾɛn maɾaŋ mahasɔi̯ sãɔ̯-t̪ɛ katʰa ɾɔɽ ho.j-a,therefore school-GEN big teacher with-INST word speak become-FIN,So we will have to talk to the headmaster of the school.
santali_glossed_new_3(1).eaf,91,198000,200000,pɔɾɔbɾɛ cɛt̪ʔ cɛt̪ʔ tahɛna ɔnako ni̯ɘt̪ɛhɔ̃ galmaɾa͡o̯ ho.joʔa,pɔɾɔb-ɾɛ cɛt̪ʔ cɛt̪ʔ t̪ahɛ-n-a ɔna-ko ni̯ɘ-t̪ɛ-hɔ̃ galmaɾaɔ̯ ho.j-oʔ-a,festival-LOC what what stay-INTR-FIN that-3PL regarding-INST-also discuss become-PASS-FIN,What segments will be in the festival should also be needed to discuss.
santali_glossed_new_3(1).eaf,92,200200,202200,pɔɾɔbɾɛ t̪inɘʔ kɘo̯ɖi laga.a t̪inɘʔ hɔɽko laga.a sanamko ni̯ɘt̪ɛ galmaɾa͡o̯ ho.joʔa,pɔɾɔb-ɾɛ t̪inɘʔ kɘɔ̯ɖi laga-a t̪inɘʔ hɔɽ-ko laga-a sanam-ko ni̯ɘ-t̪ɛ galmaɾaɔ̯ ho.j-oʔ-a,festival-LOC how.much money need-FIN how.much person-3PL need-FIN all-3PL regarding-INST discuss become-PASS-FIN,"How much money will be needed for the festival, how many people will be needed, everything has to be discussed."
santali_glossed_new_3(1).eaf,93,202400,204400,kɘmi bʰage oco͡i̯ lɘgit̪ʔ miʔʈɛn komiʈi bɛna͡o̯ ɟɘɾuɽa,kɘmi bʰage oc-o-i̯ lɘgit̪ʔ miʔ-ʈɛn komiʈi bɛnaɔ̯ ɟɘɾuɽ-a,work good cause-PASS-3SG for one-CLF committee make necessary-FIN,A committee should be formed to do the work properly.
santali_glossed_new_3(1).eaf,94,204600,206600,iɲaʔ mɔnɛ ho.joʔkana ɛt̪ɔhɔbʔɾɛ gat̪eko sãot̪ɛ galmaɾa͡o̯ ɟɘɾuɽa,iɲ-aʔ mɔnɛ ho.j-oʔ-kan-a ɛt̪ɔhɔb-ʔ-ɾɛ gat̪e-ko sãɔ̯-t̪ɛ galmaɾaɔ̯ ɟɘɾuɽ-a,1SG-GEN mind become-PASS-COP-FIN beginning-EMPH-LOC friend-3PL with-INST discuss necessary-FIN,I think we need to talk to our friends first.
santali_glossed_new_3(1).eaf,95,206800,208800,inɘ t̪a.jɔm oŋko sanam cɛʔlekako mɛna oŋkage bɘki kɘmi ho.joa,inɘ t̪ajɔm oŋko sanam cɛʔ-leka-ko mɛn-a oŋka-ge bɘki kɘmi ho.j-o-a,that after 3PL all what-like-3PL say-FIN that.way-EMPH rest work become-PASS-FIN,Then we will do the rest as they all suggest.
santali_glossed_new_3(1).eaf,96,209000,211000,am ʈʰikɛm mɛːnakad̪a,am ʈʰik-ɛ-m mɛn-akad-a,2SG correct-3SG-2SG say-PRF.TR-FIN,You are right.
santali_glossed_new_3(1).eaf,97,211200,213200,sanamko sãot̪ɛ ni̯ɘt̪ɛ alɛ pɔɾɔblɛ mɛnco͡i̯d̪a,sanam-ko sãɔ̯-t̪ɛ ni̯ɘ-t̪ɛ alɛ pɔɾɔb-le mɛn-oc-i̯-a,all-3PL with-INST regarding-INST 1PL.EXCL festival-1PL.EXCL say-CAUS-3SG-FIN,We want to celebrate the festival with everyone.
santali_glossed_new_3(1).eaf,98,213400,215400,ɟɔt̪ɔhɔɽko gɔɽɔlɛnkʰan sanamaʔge alga.aː,ɟɔt̪ɔ-hɔɽ-ko gɔɽɔ-len-kʰan sanam-aʔ-ge alga-a,all-person-3PL help-PST-when all-GEN-EMPH easy-FIN,Everything will be easy if everyone cooperates.
santali_glossed_new_3(1).eaf,99,215600,217600,aɖɛpase ɾejaʔ iskulkoɾɛ abu calaʔ hojoʔt̪abona,aɖɛ-pase ɾejaʔ iskul-ko-ɾɛ abu calaʔ ho.j-oʔ-t̪a-bo-n-a,near-side GEN school-3PL-LOC 1PL.INCL go become-PASS-COP-1PL.INCL-INTR-FIN,We have to go to the nearby schools.
santali_glossed_new_3(1).eaf,100,217800,219800,iskulɾɛn gid̪ɾɛko aboa̯ʔ pɔɾɔb ɾe.jaʔ kat̪ʰa baɖa͡i̯ ocoko ho.joa,iskul-ɾɛn gid̪ɾɛ-ko abo-aʔ pɔɾɔb-ɾeaʔ kat̪ʰa baɖai̯ oc-o-ko ho.j-o-a,school-GEN child-3PL 1PL.INCL-GEN festival-GEN word know cause-PASS-3PL become-PASS-FIN,School students should be informed about our festival.
santali_glossed_new_3(1).eaf,101,220000,222000,oŋko ɛnɛʲcʔseɾeɲɾɛko sɛlɛt̪ʔlɛnkʰan pɔɾɔb ɘɖi ɾɘskɘge ho.jo.a,oŋko ɛnɛc-ʔ-seɾeɲ-ɾɛ-ko sɛlɛt̪ʔ-len-kʰan pɔɾɔb ɘɖi ɾɘskɘ-ge ho.j-o-a,3PL dance-EMPH-song-LOC-3PL join-PST-when festival very joyful-EMPH become-PASS-FIN,"If they participate in dancing and singing, the festival will be more joyous."
santali_glossed_new_3(1).eaf,102,222200,224200,oŋko lɘgit̪ʔ kuɽɘi̯ ɾe.jaʔ bɛbɔst̪a d̪ɔhɔkaʔ ho.joʔa,oŋko lɘgit̪ʔ kuɽɘi̯-ɾeaʔ bɛbɔst̪a d̪ɔhɔ-kaʔ ho.j-oʔ-a,3PL for reward-GEN arrangement keep-EMPH become-PASS-FIN,Reward should be arranged/prepared for them.
santali_glossed_new_3(1).eaf,103,224400,226400,ʈʰikge.ja,ʈʰik-ge-a,okay-EMPH-FIN,Okay.
santali_glossed_new_3(1).eaf,104,226600,228600,d̪ɛla kɘmibun ɛhɔp̚ʔkat̪ʔlege,d̪ɛla kɘmi-bun ɛhɔp̚ʔ-kat̪ʔ-le-ge,come work-1PL.INCL begin-CVB-1PL.EXCL-EMPH,"Come on, let's get to work."
santali_with_ipa.eaf,1,0,2000,uni d̪ɔ iɲren peɽɑ kɑn-ɑ-e,uni d̪ɔ iɲ-ren peɽɑ kɑn-ɑ-e,3SG TOP 1SG-GEN Relative COP-FIN-3SG:SUBJ,She is my guest.
santali_with_ipa.eaf,2,2200,4200,hɔɽ minɑ-e ɡiɑ,hɔɽ minɑ-e ɡiɑ,People Exist-3SG EMPH-FIN,There are people in the house.
santali_with_ipa.eaf,3,4400,6400,iɲ t̪ʰen gae minaʔ-a,iɲ t̪ʰen gae minaʔ-a,1SG-GEN One-CLSSFR Cow Exist-M-FIN,I have a cow.
santali_with_ipa.eaf,4,6600,8600,nɔɑ dɔ iɲɑkʔ ɟinis kɑn-ɑ,nɔɑ dɔ iɲ-ɑkʔ ɟinis kɑn-ɑ,This TOP 1SG-GEN Thing COP-FIN,This is mine.
santali_with_ipa.eaf,5,8800,10800,im dɔ bɑɟɑiɡi ɑmɑi bɑɟɑʲɡiɑ imhi bɑɟɑʲ kɑn-ɑ,im dɔ bɑɟɑi-ɡi ɑm-ɑi bɑɟɑʲ-ɡi-ɑ im-hi bɑɟɑʲ kɑn-ɑ,1SG TOP Know-1SG-EMPH 2SG-Q Know-2SG-EMPH-FIN 1SG-Too Know-2SG-COP-FIN,"I know this, do you know this?"
santali_with_ipa.eaf,6,11000,13000,iɲ-d̪o nɔa bada-e led-a,iɲ-d̪o nɔa bada-e led-a,1SG-TOP This Know-TR PST-FIN,I knew this.
santali_with_ipa.eaf,7,13200,15200,d̪ɑʔkɑʲen cɔlɑʲen kɔdɔ d̪ikin nɑ,d̪ɑʔkɑʲ-en cɔlɑʲ-en kɔdɔ d̪ikin nɑ,Rice Eat Go-PROG Do-TOP 3SG FIN,"It's noon, I'll have lunch."
santali_with_ipa.eaf,8,15400,17400,uni d̪ɔ bɑ-e kɔmiɑ iɲ d̪ɔɲ kami-ɑ,uni d̪ɔ bɑ-e kɔmi-ɑ iɲ d̪ɔ-ɲ kami-ɑ,3SG TOP NEG-3SG:SUBJ Work-FIN 1SG TOP-1SG:SUBJ Work-FIN,"He won't do the work, I will."
santali_with_ipa.eaf,9,17600,19600,uni d̪ɔ bɑ-e kami kɑn-ɑ,uni d̪ɔ bɑ-e kami kɑn-ɑ,3SG TOP NEG-3SG:SUBJ Work COP-FIN,He does not work.
santali_with_ipa.eaf,10,19800,21800,uni d̪oke kami kan tɑhen-kɑn-ɑ menkʰan nitok dɔ bɑ-e kami kɑn-ɑ,uni d̪o-ke kami kan tɑhen-kɑn-ɑ menkʰan nitok dɔ bɑ-e kami kɑn-ɑ,3SG TOP-PST Work Do PST-COP-FIN But Now TOP NEG-3SG:SUBJ Work COP-FIN,"He used to work earlier, now he does not."
santali_with_ipa.eaf,11,22000,24000,uni d̪ɔ iɲren peɽɑ dɔe bɑ-ŋ kɑn-ɑ,uni d̪ɔ iɲ-ren peɽɑ dɔ-e bɑ-ŋ kɑn-ɑ,3SG TOP 1SG-GEN Relative TOP-3SG:SUBJ NEG-1SG COP-FIN,He is not my relative.
santali_with_ipa.eaf,12,24200,26200,iɲ d̪ɔ ɔkɑ hɔ̃ bɑ-ɲ cɑlɑokʔ kɑn-ɑ,iɲ d̪ɔ ɔkɑ hɔ̃ bɑ-ɲ cɑlɑo-kʔ kɑn-ɑ,1SG TOP Where Also NEG-1SG:SUBJ Go-M COP-FIN,I am not going anywhere.
santali_with_ipa.eaf,13,26400,28400,noɑ d̪ɔ iɲɑkʔ ɟinis dɔ bɑ-ŋ kɑn-ɑ,noɑ d̪ɔ iɲ-ɑkʔ ɟinis dɔ bɑ-ŋ kɑn-ɑ,This TOP 1SG-GEN Thing TOP NEG COP-FIN,This is not my thing.
santali_with_ipa.eaf,14,28600,30600,iɲ d̪ɔ noɑ dɔ tis hɔ̃ bɑ-ɲ ɲelɑkɑdɑ,iɲ d̪ɔ noɑ dɔ tis hɔ̃ bɑ-ɲ ɲelɑ-kɑdɑ,1SG TOP This TOP When Also NEG-1SG:SUBJ See PRF:A-FIN,I never saw this.
santali_with_ipa.eaf,15,30800,32800,ɑm d̪ɔ noɑdɔ gɔɳ gɔrɑɔk d̪ɔ,ɑm d̪ɔ noɑ-dɔ gɔɳ gɔrɑɔk d̪ɔ,2SG TOP This-TOP How Do-PST:A TOP,Did you not do it?
santali_with_ipa.eaf,16,33000,35000,dikin nɑ dɑʔkɑjɔn boʲen ɟɔm,dikin nɑ dɑʔkɑj-ɔn boʲ-en ɟɔm,3SG FIN Rice-OBJ NEG-1SG:SUBJ Eat,"Even if it is noon, I will not eat."
santali_with_ipa.eaf,17,35200,37200,uni d̪ɔ bɑ-e kɔmi-ɑ iɲ dɔɲ kami-ɑ,uni d̪ɔ bɑ-e kɔmi-ɑ iɲ dɔ-ɲ kami-ɑ,3SG TOP NEG-3SG:SUBJ Work-FIN 1SG TOP-1SG:SUBJ Work-FIN,"She will not work, I will."
santali_with_ipa.eaf,18,37400,39400,mitʔʈen hɔɽ iɲ dɔ bɑ-ŋ tʃɑlɑo-ɑ,mit-ʔʈen hɔɽ iɲ dɔ bɑ-ŋ tʃɑlɑo-ɑ,One-CLSSFR Person 1SG TOP NEG Go-FIN,"There was only one person, I won't go."
santali_with_ipa.eaf,19,39600,41600,ɑm d̪ɔ ɑlɔm tʃɑl-ɑ,ɑm d̪ɔ ɑlɔ-m tʃɑl-ɑ,2SG TOP PROHIB-2SG:SUBJ Go-FIN,Won't you go?
santali_with_ipa.eaf,20,41800,43800,ɑm d̪ɔ-m bɑɖɑyɑ uni d̪ɔ ɔkɑredeye tɑhen kɑn-ɑ,ɑm d̪ɔ-m bɑɖɑ-yɑ uni d̪ɔ ɔkɑ-re-de-ye tɑhen kɑn-ɑ,2SG TOP-2SG:SUBJ Know 3SG TOP Where-LOC-TOP-3SG:SUBJ Stay COP-FIN,Do you know where he resides?
santali_with_ipa.eaf,21,44000,46000,bɑnhojɔ kɑnbɑ,bɑnho-jɔ kɑn-bɑ,Good Be COP-Q,"This is good, isn't it?"
santali_with_ipa.eaf,22,46200,48200,ɟɔŋgi lɑgɑ ɑcɔmne,ɟɔŋgi lɑgɑ ɑcɔm-ne,Eat-EMPH Must Now-IMP,You must eat.
santali_with_ipa.eaf,23,48400,50400,ɡɑpɑ dɔ ruɑɽ hiɟukʔ me,ɡɑpɑ dɔ ruɑɽ hiɟu-kʔ me,Tomorrow TOP Again Come-M-2SG:IMP,Come again tomorrow.
santali_with_ipa.eaf,24,50600,52600,bɑbɑ nɔwɑ dɔ ɑlɔ-m ɟɔm-a,bɑbɑ nɔwɑ dɔ ɑlɔ-m ɟɔm-a,Father This TOP NEG-2SG:SUBJ Eat-FIN,"Father, don't eat."
santali_with_ipa.eaf,25,52800,54800,iɲ ɟahãnɑk ɟɔm lɔktiɲɑ,iɲ ɟahãnɑk ɟɔm lɔkti-ɲɑ,1SG Something Eat Must-1SG:SUBJ-FIN,You have to eat something.
santali_with_ipa.eaf,26,55000,57000,nɑtɔ tɔ kɔmiki lɑgɑhuʲe,nɑ-tɔ tɔ kɔmi-ki lɑgɑ-huʲ-e,this-TOP TOP Work Must-Become-3SG:SUBJ,I have to do it.
santali_with_ipa.eaf,27,57200,59200,bɑ-m dɑre ɑnde kɑmi-jɑ-dɔ kɑunde ɑm tʃɑl-ɑ,bɑ-m dɑre ɑnde kɑmi-jɑ-dɔ kɑunde ɑm tʃɑl-ɑ,NEG:2SG Ability That Work-Do-TOP Can 2SG:SUBJ Go-FIN,You are not able to do it.
santali_with_ipa.eaf,28,59400,61400,ɔɽɑkʔ re cɛtʔ hɔ̃ bɑnukʔɑ,ɔɽɑkʔ re cɛtʔ hɔ̃ bɑ-nukʔ-ɑ,House-LOC What Also NEG-M-FIN,There's nothing home.
santali_with_ipa.eaf,29,61600,63600,ɑbɔ bɑnɑr ɡebɔn bɑdɑyɑ ɑr ɛtɑk dɔ bɑkɔ bɑdɑyɑ,ɑbɔ bɑnɑr ɡebɔ-n bɑdɑ-yɑ ɑr ɛtɑk dɔ bɑ-kɔ bɑdɑ-yɑ,1PL.INCL both EMPH-1PL:SUBJ Know and Other TOP NEG-3PL:SUBJ Know,Only the two of us know.
santali_with_ipa.eaf,30,63800,65800,ɑemɑ hɔɽ kɔ minɑ tehen dɔ bɑbɔn cɑlɑoɑ,ɑemɑ hɔɽ kɔ minɑ tehen dɔ bɑ-bɔn cɑlɑo-ɑ,Many People Exist Today TOP NEG-1PL:SUBJ go-FIN,We won't go as there are many people.
santali_with_ipa.eaf,31,66000,68000,sitaʔ bela aled̪o tʃa khaɟaɽile ɟɔm-a,sitaʔ bela ale-d̪o tʃa khaɟaɽi-le ɟɔm-a,Morning 1PL.NOM Tea Puffed.rice Eat-FIN,We eat puffed-rice and tea in the morning.
santali_with_ipa.eaf,32,68200,70200,t̪ihind̪o tᶘa khaɟaɽido bɑ-ŋ ɟɔm sana-kan-a,t̪ihin-d̪o tᶘa khaɟaɽi-do bɑ-ŋ ɟɔm sana-kan-a,Today Tea Puffed.rice NEG.1SG Eat Wish-COP-FIN,I don't feel like eating puffed rice and tea today.
santali_with_ipa.eaf,33,70400,72400,uni-d̪o ba-e siɽiɲ-a-e,uni-d̪o ba-e siɽiɲ-a-e,3SG.NOM-TOP NEG.3SG Sing-FIN-3SG:SUBJ,He doesn't sing.
santali_with_ipa.eaf,34,72600,74600,iɲ-d̪o d̪aka-i ɟom-a,iɲ-d̪o d̪aka-i ɟom-a,1SG.NOM-TOP Rice-AUX Eat-FIN,I eat rice.
santali_with_ipa.eaf,35,74800,76800,iɲ-d̪o d̪aka-t̪o bɔ-iɲ ɟom-a,iɲ-d̪o d̪aka-t̪o bɔ-iɲ ɟom-a,1SG.NOM-TOP rice-AUX NEG.1SG Eat-FIN,I don't eat rice.
santali_with_ipa.eaf,36,77000,79000,uni-d̪o lahat̪e kami-ə kan-t̪ahen-a,uni-d̪o lahat̪e kami-ə kan-t̪ahen-a,3SG.NOM-TOP Before Work BE-COP:PST-FIN,She used to work.
santali_with_ipa.eaf,37,79200,81200,uni-d̪o lahat̪e ba-e kami-ə kan-t̪ʰen-a,uni-d̪o lahat̪e ba-e kami-ə kan-t̪ʰen-a,3SG.NOM-TOP Before NEG.3SG Work BE-COP:PST-FIN,He didn't use to work before.
santali_with_ipa.eaf,38,81400,83400,uni oɽae sen-len-a,uni oɽae sen-len-a,3SG.NOM Home Go-PLUP-FIN,He went home.
santali_with_ipa.eaf,39,83600,85600,uni oɽae ba-e sen-kan-a-e,uni oɽae ba-e sen-kan-a-e,3SG.NOM Home NEG.3SG Go-COP-FIN-3SG:SUBJ,He didn't go home.
santali_with_ipa.eaf,40,85800,87800,am-ma iɲ ba-m ɲɛl-lid̪əɲ,am-ma iɲ ba-m ɲɛl-lid̪-əɲ,2SG.NOM-AUX 1SG NEG.2SG See-PST,You didn't see me.
santali_with_ipa.eaf,41,88000,90000,am-ki iɲ ba-m ɲɛl-ɲam kad̪ina,am-ki iɲ ba-m ɲɛl-ɲam kad̪i-na,2SG.NOM-AUX 1SG NEG.2SG See Find-2SG-PST Get,You weren't able to see me.
santali_with_ipa.eaf,42,90200,92200,un-ko ɟapi-t̪a,un-ko ɟapi-t̪a,3SG.PL.NOM-AUX Sleep-PST-PROG,They are sleeping.
santali_with_ipa.eaf,43,92400,94400,un-ko ba-ku ɟapi-t̪a,un-ko ba-ku ɟapi-t̪a,3SG.PL.NOM-AUX EXCL.NEG Sleep-PST-PROG,They are not sleeping.
santali_with_ipa.eaf,44,94600,96600,næt̪aɾd̪o ɟɔt̪t̪ohoɽgiku kami-d̪a,næt̪aɾ-d̪o ɟɔt̪t̪o-hoɽ-gi-ku kami-d̪a,Now All Work-PROG,Everyone is working now.
santali_with_ipa.eaf,45,96800,98800,uni-d̪o lahat̪e kami-ə kan-t̪ahen-a,uni-d̪o lahat̪e kami-ə kan-t̪ahen-a,3SG.NOM-TOP Before Work BE-COP:PST-FIN,He used to work before.
santali_with_ipa.eaf,46,99000,101000,iɲ-d̪o oɽae senoʔ-kanoi,iɲ-d̪o oɽae senoʔ-kanoi,1SG.NOM-TOP Home Go-PROG.1SG,I'm going home.
santali_with_ipa.eaf,47,101200,103200,uni-d̪o oɽae senoʔ-kana-e,uni-d̪o oɽae senoʔ-kana-e,3SG.NOM-TOP Home Go-PROG.3SG:SUBJ,He is going home.
santali_with_ipa.eaf,48,103400,105400,am iɲ-se kojʔɔ-kat̪ʰe tʃal-a kan-t̪ʰen-a-m,am iɲ-se kojʔɔ-kat̪ʰe tʃal-a kan-t̪ʰen-a-m,2SG.NOM 1SG-ACC-AUX See-CVB Go:FIN BE-COP:PST-FIN-2SG:SUBJ,You were going while watching me.
santali_with_ipa.eaf,49,105600,107600,un iɳ-se kojʔɔkat̪ʰe tʃal-a kan-t̪ʰen-a,un iɳ-se kojʔɔ-kat̪ʰe tʃal-a kan-t̪ʰen-a,3SG.NOM 1SG-ACC-AUX See-CVB Go:FIN BE-COP:PST-FIN,He was going while watching me.
santali_with_ipa.eaf,50,107800,109800,una-d̪o mɔɟgej-a,una-d̪o mɔɟgej-a,DEM.PROX Good-INAN,It's good.
santali_with_ipa.eaf,51,110000,112000,una-d̪o ba-ŋ mɔɟ-a,una-d̪o ba-ŋ mɔɟ-a,DEM.PROX NEG-1SG Good-INAN,It's not good.
santali_with_ipa.eaf,52,112200,114200,uni-koɽa-d̪o ədimutʃʰe siɽiɲ-a,uni-koɽa-d̪o ədimutʃʰe siɽiɲ-a,3SG.M.NOM-TOP Good Sing-FIN,He sings well.
santali_with_ipa.eaf,53,114400,116400,uni-kuɽi-d̪o ədimutʃʰe siɽiɲ-a,uni-kuɽi-d̪o ədimutʃʰe siɽiɲ-a,3SG.F.NOM-TOP Good Sing-FIN,She sings well.
santali_with_ipa.eaf,54,116600,118600,ɾesʔk kan-a,ɾesʔk kan-a,Happy COP-FIN,He's happy.
santali_with_ipa.eaf,55,118800,120800,ba-e ɾesʔk kan-a,ba-e ɾesʔk kan-a,NEG-3SG Happy COP-FIN,He isn't happy.
santali_with_ipa.eaf,56,121000,123000,iɲ-d̪o-iɲ laŋgajna,iɲ-d̪o-iɲ laŋgaj-na,1SG-TOP-1SG:SUBJ Tired,I'm tired.
santali_with_ipa.eaf,57,123200,125200,iɲ-do-iɲ laŋga-len-a,iɲ-do-iɲ laŋga-len-a,1SG-TOP-1SG:SUBJ Tired-PLUP-FIN,I'm not tired.
santali_with_ipa.eaf,58,125400,127400,iɲ-do-iɲ laŋga-len-a,iɲ-do-iɲ laŋga-len-a,1SG-TOP-1SG:SUBJ Tired-PLUP-FIN,I was tired.
santali_with_ipa.eaf,59,127600,129600,laŋga-a-m,laŋga-a-m,Tired-FIN-2SG:SUBJ,You'll get tired.
santali_with_ipa.eaf,60,129800,131800,laŋga-len-a-e,laŋga-len-a-e,Tired-PLUP-FIN-3SG:SUBJ,He was tired.
santali_with_ipa.eaf,61,132000,134000,laŋga-a-e,laŋga-a-e,Tired-FIN-3SG:SUBJ,He will be tired.
santali_with_ipa.eaf,62,134200,136200,uni-d̪o iɲ bɔiha kan-a,uni-d̪o iɲ bɔiha kan-a,3SG.NOM-TOP 1SG.GEN Brother COP-FIN,He is my brother.
santali_with_ipa.eaf,63,136400,138400,iɲ bɔiha-d̪o ba-ŋ kan-a-e,iɲ bɔiha-d̪o ba-ŋ kan-a-e,1SG.GEN Brother-TOP NEG-1SG COP-FIN-3SG:SUBJ,He is not my brother.
santali_with_ipa.eaf,64,138600,140600,iɲ ɔnde tʃala-o darija,iɲ ɔnde tʃala-o darija,1SG.NOM DEM.LOC GO.FUT MOD,I may go there.
santali_with_ipa.eaf,65,140800,142800,ɔnde bɔ-iŋ tʃal darija,ɔnde bɔ-iŋ tʃal darija,DEM.LOC NEG.1SG Go-PRS MOD,I may not go there.
santali_with_ipa.eaf,66,143000,145000,iɲ-aʔ mit't'e boi minaʔ,iɲ-aʔ mit't'e boi minaʔ,1SG-GEN One/a Book Have-PRS,I have a book.
santali_with_ipa.eaf,67,145200,147200,uni-aʔ mit't'e boi minaʔ,uni-aʔ mit't'e boi minaʔ,2SG-GEN One/a Book Have-PRS,He has a book.
santali_with_ipa.eaf,68,147400,149400,uni-aʔ nut̪um goreti hembrom,uni-aʔ nut̪um goreti hembrom,2SG-GEN Name-NOM Goreti Hembrom,Her name is Goreti Hembrom.
santali_with_ipa.eaf,69,149600,151600,iɲ-aʔ baba mathe kami-a,iɲ-aʔ baba mathe kami-a,1SG-GEN Father Field Work-PRS-3SG,My dad works in the field.
santali_with_ipa.eaf,70,151800,153800,uni mit't'en moɟ gati kɔɽa kan-a-e,uni mit't'en moɟ gati kɔɽa kan-a-e,3SG One Good Friend Boy COP-FIN-3SG:SUBJ,He is a good friend.
santali_with_ipa.eaf,71,154000,156000,uni mit't'en moɟ gati kuɽi kan-a-e,uni mit't'en moɟ gati kuɽi kan-a-e,3SG One Good Friend Girl COP-FIN-3SG:SUBJ,She is a good friend.
santali_with_ipa.eaf,72,156200,158200,ɲied-ʔ iɲaʔ oɽae kan-a,ɲied-ʔ iɲ-aʔ oɽae kan-a,this-NOM 1SG-POSS House COP-FIN,This is my house.
santali_with_ipa.eaf,73,158400,160400,onad-ʔ iɲaʔ oɽae kan-a,onad-ʔ iɲ-aʔ oɽae kan-a,DEM.DIST 1SG-POSS House COP-FIN,That is my house.
santali_with_ipa.eaf,74,160600,162600,ɑlæ-d̪o baŋkali ba-ŋ kan-a-leʔ,ɑlæ-d̪o baŋkali ba-ŋ kan-a-leʔ,1PL-TOP Bengali NEG-1SG COP-FIN-1PL,We are not Bengali.
santali_with_ipa.eaf,75,162800,164800,iɲ iɲ-iŋ dularoa,iɲ iɲ-iŋ dularoa,1SG.NOM 1SG.POSS Love,I love myself.
santali_with_ipa.eaf,76,165000,167000,uni-d̪o moneya aido adie napaya,uni-d̪o mone-ya aido adie napaya,3SG.F.NOM-TOP Think-PRS POSS Very Beautiful,He thinks he is beautiful.
santali_with_ipa.eaf,77,167200,169200,nui-d̪o aleren nawa gati kuɽi kan-a-e,nui-d̪o ale-ren nawa gati kuɽi kan-a-e,3SG.PROX.ANIM-TOP 1PL New Friend Girl COP-FIN-3SG:SUBJ,He is our new friend.
santali_with_ipa.eaf,78,169400,171400,uni-d̪o iɲ goɡo kan-a-e,uni-d̪o iɲ goɡo kan-a-e,3SG.NOM-TOP 1SG.POSS Mother COP-FIN-3SG:SUBJ,She is my mother.
santali_with_ipa.eaf,79,171600,173600,nui-d̪o iɲ goɡo kan-a-e,nui-d̪o iɲ goɡo kan-a-e,3SG.PROX.ANIM-TOP 1SG.POSS Mother COP-FIN-3SG:SUBJ,This is my mother.
santali_with_ipa.eaf,80,173800,175800,iɲ-d̪o mit't'en hɔr kan-a,iɲ-d̪o mit't'en hɔr kan-a,1SG.NOM-TOP One Man COP-FIN,I am a human.
santali_with_ipa.eaf,81,176000,178000,iɲ-d̪o parha kan-a,iɲ-d̪o parha kan-a,1SG-TOP Study COP-FIN,I Study.
santali_with_ipa.eaf,82,178200,180200,heni hɔɾ,heni hɔɾ,That Man,That man.
santali_with_ipa.eaf,83,180400,182400,ale hɔɾ kan-ale,ale hɔɾ kan-ale,1PL.EXCL Man COP-1PL.EXCL,We are Santal.
santali_with_ipa.eaf,84,182600,184600,nokk in kada okoiɾen kan-aki,nokk in kada okoi-ɾen kan-aki,This Ox INTER:GEN COP-INTER,Is this buffalo yours?
santali_with_ipa.eaf,85,184800,186800,nokkin kada iɲɾen kan-aki,nokkin kada iɲ-ɾen kan-aki,This Ox 1PL.EXCL:GEN COP-INTER,This buffalo is mine.
santali_with_ipa.eaf,86,187000,189000,iɲ bond̪ʰu kan-a-e,iɲ bond̪ʰu kan-a-e,1SG:GEN Friend COP-FIN-3SG:SUBJ,This is my friend.
santali_with_ipa.eaf,87,189200,191200,okoiɾen kan-aki,okoi-ɾen kan-aki,INTER:GEN COP-INTER,Whose are these?
santali_with_ipa.eaf,88,191400,193400,iɲɾen kan-aki,iɲ-ɾen kan-aki,1PL.EXCL:GEN COP-INTER,This is ours.
santali_with_ipa.eaf,89,193600,195600,amaʔ not̪um tʃe,am-aʔ not̪um tʃe,2SG:GEN Name What,What is your name?
santali_with_ipa.eaf,90,195800,197800,tʃe at̪u okaɾen kan-a-m,tʃe at̪u oka-ɾen kan-a-m,What Village INTER:LOC COP-FIN-2SG:SUBJ,Where is your village?
santali_with_ipa.eaf,91,198000,200000,ale at̪u d̪o gopalpuɾ,ale at̪u d̪o gopalpuɾ,1PL.EXCL Village TOP Gopalpur,My village is Gopalpur.
santali_with_ipa.eaf,92,200200,202200,apeɾen d̪o tinoʔ kada,ape-ɾen d̪o tinoʔ kada,2PL:GEN TOP How Many Ox,How many buffalo do you have?
santali_with_ipa.eaf,93,202400,204400,aleɾen d̪o baɾia kada,ale-ɾen d̪o baɾia kada,1PL.EXCL:GEN TOP Two Ox,We have two buffaloes.
santali_with_ipa.eaf,94,204600,206600,amtʃe likam kami-a,amtʃe likam kami-a,How Work Do-FIN,How to do it?
santali_with_ipa.eaf,95,206800,208800,tʃe t̪epe oɾae kid̪a,tʃe t̪epe oɾae kid̪a,What With Make House PST,What is the house made of?
santali_with_ipa.eaf,96,209000,211000,hasa t̪ele oɾae kid̪a,hasa t̪ele oɾae kid̪a,Earth With Make House PST,The house is made with clay.
santali_with_ipa.eaf,97,211200,213200,tʃepe rohoia ape-d̪o,tʃepe rohoia ape-d̪o,What Crop 2PL-TOP,What crop do you cultivate?
santali_with_ipa.eaf,98,213400,215400,huɾule rohoia ale-d̪o,huɾule rohoia ale-d̪o,Rice Crop 1PL.EXCL-TOP,We cultivate rice.
santali_with_ipa.eaf,99,215600,217600,oko i heʔ i-na,oko i heʔ i-na,Who come-PST,Who came?
santali_with_ipa.eaf,100,217800,219800,t̪in ɟukʰuem ɾuoɽ,t̪in ɟukʰu-em ɾuoɽ,When Return,When will you return?
santali_with_ipa.eaf,101,220000,222000,t̪in ɟukʰuem tʃal-a,t̪in ɟukʰu-em tʃal-a,When Go:FIN,When will you go?
santali_with_ipa.eaf,102,222200,224200,am-pen gid̪ɾo not̪um d̪o tʃe,am-pen gid̪ɾo not̪um d̪o tʃe,2SG-GEN Son Name TOP What,What is your son's name?
santali_with_ipa.eaf,103,224400,226400,uni d̪o okaɾen titʃaɾ kan-t̪a-bon-a-e,uni d̪o oka-ɾen titʃaɾ kan-t̪a-bon-a-e,3SG TOP 1PL.EXCL:GEN New Teacher COP-FIN-3SG:SUBJ,She is our new teacher.
santali_with_ipa.eaf,104,226600,228600,iɲalt̪e tʃid̪a am land̪a ked̪a,iɲalt̪e tʃid̪a am land̪a ked̪a,You Why 2SG Laugh PAST,Why are you laughing?
santali_with_ipa.eaf,105,228800,230800,amɾen aɾho buihaku t̪ehe-kan-a-e,am-ɾen aɾho buihaku t̪ehe-kan-a-e,3SG:GEN Any Brother Exist-PST-FIN-3SG:SUBJ,Did he have a brother?
santali_with_ipa.eaf,106,231000,233000,baŋ baku t̪ehe-kan-a-e,baŋ baku t̪ehe-kan-a-e,NEG NEG.EXCL Exist-PST-FIN-3SG:SUBJ,"No, he didn't have any brother."
santali_with_ipa.eaf,107,233200,235200,he iɲ-ɾen buihaku t̪ehe-kan-a-e,he iɲ-ɾen buihaku t̪ehe-kan-a-e,Yes 3SG:GEN Brother Exist-PST-FIN-3SG:SUBJ,"Yes, he has a brother."
santali_with_ipa.eaf,108,235400,237400,am-d̪o d̪akam ɟɔm-a,am-d̪o d̪akam ɟɔm-a,2SG-TOP Rice Eat:FUT,Would you like to eat rice?
santali_with_ipa.eaf,109,237600,239600,he ɟɔm-a,he ɟɔm-a,Yes Eat:FUT,"Yes, I will eat."
santali_with_ipa.eaf,110,239800,241800,iɲ-d̪o bɔ-iɲ ɟɔm-a,iɲ-d̪o bɔ-iɲ ɟɔm-a,NEG-TOP NEG-1SG Eat:FUT,"No, I will not eat."
santali_with_ipa.eaf,111,242000,244000,uni-d̪o am d̪ad̪a kan-a,uni-d̪o am d̪ad̪a kan-a,3SG-TOP 2SG Brother COP-FIN,Is he your brother?
santali_with_ipa.eaf,112,244200,246200,he iɲ d̪ad̪a kan-a,he iɲ d̪ad̪a kan-a,Yes 1SG:GEN Brother COP-FIN,"Yes, he is my brother."
santali_with_ipa.eaf,113,246400,248400,amɾen gid̪ɾo iskule tʃalao kan-a,am-ɾen gid̪ɾo iskule tʃalao kan-a,2SG:GEN Son School Go:PST COP-FIN,Did your child go to school?
santali_with_ipa.eaf,114,248600,250600,okoi oɾae kan-a,okoi oɾae kan-a,Whose House COP-FIN,Whose house is this?
santali_with_ipa.eaf,115,250800,252800,ale oɽae kan-a,ale oɽae kan-a,1PL.EXCL House COP-FIN,This is our house.
santali_with_ipa.eaf,116,253000,255000,hatem tʃal-a,hatem tʃal-a,Market Go-FIN,Will you go to the market?
santali_with_ipa.eaf,117,255200,257200,t̪ihin-d̪o bɔ-iɲ tʃal-a,t̪ihin-d̪o bɔ-iɲ tʃal-a,Today-TOP NEG-1SG Go-FIN,I won't go to the hut today.
santali_with_ipa.eaf,118,257400,259400,he iɲ tʃal-a,he iɲ tʃal-a,Yes 1SG Go-FIN,"Yes, I will."
santali_with_ipa.eaf,119,259600,261600,oka-t̪em tʃalaʔ kan-a,oka-t̪em tʃalaʔ kan-a,Where-LOC Go COP-FIN,Where are you going?
santali_with_ipa.eaf,120,261800,263800,iɲ-d̪o d̪aɾan iŋ tʃalaʔ kan-a,iɲ-d̪o d̪aɾan iŋ tʃalaʔ kan-a,1SG-TOP Roam Go COP-FIN,I go to roam.
santali_with_ipa.eaf,121,264000,266000,iɲ-d̪o-iɲ tʃalaʔ kan-a,iɲ-d̪o-iɲ tʃalaʔ kan-a,1SG-TOP-1SG Go COP-FIN,Where will you go?
santali_with_ipa.eaf,122,266200,268200,am-d̪o tʃem kami-a,am-d̪o tʃem kami-a,2SG-TOP Farmer COP-FIN,Are you a farmer?
santali_with_ipa.eaf,123,268400,270400,iɲ-d̪o naheli ʃiʔa,iɲ-d̪o naheli ʃiʔa,1SG-TOP Plough Drive,I will drive the plough.
santali_with_ipa.eaf,124,270600,272600,iɲ-d̪o huɾu ɾohu iŋ tʃalaʔ kan-a,iɲ-d̪o huɾu ɾohu iŋ tʃalaʔ kan-a,1SG-TOP Rice Plant Go COP-FIN,I am going to plant rice.
santali_with_ipa.eaf,125,272800,274800,apeɾen-d̪o kada mina kina,ape-ɾen-d̪o kada mina kina,2PL:GEN-TOP Ox Exist Q,Do you have buffalo?
santali_with_ipa.eaf,126,275000,277000,uni hɔrd̪ɔ ædi osul,uni hɔr-d̪ɔ ædi osul,3SG Man ø.COP Very Tall,That person is very tall.
santali_with_ipa.eaf,127,277200,279200,uŋko-ki ædimɔtʃ tahena,uŋko-ki ædimɔtʃ tahen-a,3PL Happy COP-PRS,Are they happy?
santali_with_ipa.eaf,128,279400,281400,orare-ki dʒahaɟ minaʔpɟa,orare-ki dʒahaɟ minaʔ-pɟa,Home Anyone COP-PRS,Is anyone home?
santali_with_ipa.eaf,129,281600,283600,barereh aimɔ-hor minaʔqua,barereh aimɔ-hor minaʔ-qua,Outside Many-Man COP-PL.PRS,There are many people outside.
santali_with_ipa.eaf,130,283800,285800,lahat̪e nænde mite ora tehekan-a,lahat̪e nænde mite ora tehe-kan-a,Before Here One House COP-FIN.PST,There was a home here before.
santali_with_ipa.eaf,131,286000,288000,bɔi tæbil tʃit̪anɾe tahekan-a,bɔi tæbil tʃit̪an-ɾe tahen-kan-a,Book Table On COP-FIN.PST,The book was on the table.
santali_with_ipa.eaf,132,288200,290200,aɭe at̪u gadaʔ ariræ,aɭe at̪u gadaʔ ariræ,My Village River Near ø.COP,My village is near the river.
santali_with_ipa.eaf,133,290400,292400,holadɔ ædi laŋɡa-ɡin tehekan-a,holadɔ ædi laŋɡa-ɡin tehe-kan-a,Yesterday Very Tired-Aux COP-FIN.PST,I was tired yesterday.
santali_with_ipa.eaf,134,292600,294600,niɟo ɟdɔ ba-ŋ herem,niɟo ɟ-dɔ ba-ŋ herem,This Mango ø.COP Neg Sweet,This fruit is not sweet.
santali_with_ipa.eaf,135,294800,296800,netɔ-ki lind̪ɔ giɟa kan-a,netɔ-ki lind̪ɔ giɟa kan-a,ø.COP Now Night COP-FIN,Is it night now?
santali_with_ipa.eaf,136,297000,299000,niɟa iŋʔ kɔlɔm ba-ŋ kan-a,niɟa iŋʔ kɔlɔm ba-ŋ kan-a,This Pen Neg-1SG COP-FIN,This is not my pen.
santali_new_glossed.eaf,1,0,2000,d̪aʔ ɾe.jaʔ aɾ miʈɛc͡ʔ ɲut̪um d̪ɔ ɟi.jon,d̪aʔ ɾe-jaʔ aɾ miʈ-ɛc͡ʔ ɲut̪um d̪ɔ ɟi-jon,Water NAME-GEN And One-CLSSFR Name TOP Life-INESS,Another name for water is life.
santali_new_glossed.eaf,2,2200,4200,iɲ gɔgɔ-aʔ isin basaŋ d̪ɔ ɘdi sibila,iɲ gɔgɔ-aʔ isin basaŋ d̪ɔ ɘdi sibil-a,1SG Mother-GEN Cook Food TOP Very Tasty-FIN,My mother's cooking is very delicious.
santali_new_glossed.eaf,3,4400,6400,iɲ-ɾɛn pusi ɘɖi mia͡o mia͡o-ɛ ɾaːga,iɲ-ɾɛn pusi ɘɖi mia͡o mia͡o-ɛ ɾaː-ga,1SG-GEN Cat Very Meow Meow-3SG:SUBJ Sound-FIN,My cat meows a lot.
santali_new_glossed.eaf,4,6600,8600,iɲ d̪ɔ iɲ-aʔ nao̯a iskul ɘɖi aʈiɲ kusi-o̯aʔa,iɲ d̪ɔ iɲ-aʔ nao̯a iskul ɘɖi aʈiɲ kusi-o̯a-ʔ-a,1SG TOP 1SG-GEN New School Very Much Like-PRF-M-FIN,I like my new school very much.
santali_new_glossed.eaf,5,8800,10800,d̪inɘm set̪aʔ-ɾɛ iɲ baba aɾ iɲ bo͡iha baɽgi-ɾɛ abat̪ ɲɛl-kin cala-a,d̪inɘm set̪aʔ-ɾɛ iɲ baba aɾ iɲ bo͡iha baɽgi-ɾɛ abat̪ ɲɛl-kin cala-a,Every Morning-LOC 1SG Father And 1SG Eldest.Brother Field-LOC Crops See-PROG Go-FIN,Every morning father and brother go to the field to see the crops.
santali_new_glossed.eaf,6,11000,13000,sɔhɔɾ-ɾɛ cala-o̯-lɛn-kʰan abo d̪ɔ baŋla-t̪ɛ-bon ɾɔːɽa,sɔhɔɾ-ɾɛ cala-o̯-lɛn-kʰan abo d̪ɔ baŋla-t̪ɛ-bon ɾɔː-ɽa,Town-LOC Go-PST-COND 1PL.EXCL TOP Bengali-INSTR-1PL.EXCL Speak-FIN,When we go to town we speak Bengali.
santali_new_glossed.eaf,7,13200,15200,kid̪uʔ ɟɔm lekʰan-gi iɲ d̪ɔ d̪ud̪ɽum-iɲ-ɘ,kid̪uʔ ɟɔm lekʰan-gi iɲ d̪ɔ d̪ud̪-ɽum-iɲ-ɘ,Night Rice Eat When-EMPH 1SG TOP Sleep-SBJ-CAUS-FIN,Eating rice at night makes me sleepy.
santali_new_glossed.eaf,8,15400,17400,gaɖa-ɾɛn hako d̪ɔ-ko sibila,gaɖa-ɾɛn hako d̪ɔ-ko sibil-a,River-GEN Fish TOP-3PL Tasty-FIN,Fishes of the river are very tasty.
santali_new_glossed.eaf,9,17600,19600,uni d̪ɔ t̪eheɲ-ɛ hɛc͡ʔ d̪aɽe-ja-a,uni d̪ɔ t̪eheɲ-ɛ hɛc͡ʔ d̪aɽe-ja-a,3SG TOP Today-3SG Come Ability-FIN-Q,Can he/she come today?
santali_new_glossed.eaf,10,19800,21800,am d̪ɔ ɟʰal ɟɔm-ɛm kusi-jaʔa,am d̪ɔ ɟʰal ɟɔm-ɛm kusi-jaʔ-a,2SG TOP Spicy Eat-2SG:SUBJ Like-PRF-Q,Do you like to eat spicy food?
santali_new_glossed.eaf,11,22000,24000,caː ɾɛ-ɲ cini-jaʔa,caː ɾɛ-ɲ cini-jaʔ-a,Tea LOC-1SG:SUBJ Sugar-put-Q,Should I put sugar in the tea?
santali_new_glossed.eaf,12,24200,26200,ut̪u-ɾɛ-m buluŋ-ka͡o-d̪a,ut̪u-ɾɛ-m buluŋ-ka͡o-d̪a,Curry-LOC-2SG:SUBJ Salt-put.PST-FIN,Did you add salt to the curry?
santali_new_glossed.eaf,13,26400,28400,am d̪ɔ no̯a put̪ʰi-m paɽha-o̯-ka-d̪a,am d̪ɔ no̯a put̪ʰi-m paɽha-o̯-ka-d̪a,2SG TOP This Book-2SG:SUBJ Read-PST-PRF-FIN,Have you read the book?
santali_new_glossed.eaf,14,28600,30600,uni d̪ɔ t̪eheɲ ced̪aʔ ba-i͡ cala-o̯-le-na,uni d̪ɔ t̪eheɲ ced̪aʔ ba-i͡ cala-o̯-le-na,3SG TOP Today Why NEG-3SG Go-PST-PST-FIN,Why didn't he/she go today?
santali_new_glossed.eaf,15,30800,32800,am t̪in-ɾɛ ɔɽaʔ-ɛm ɾu̯ɘɽa,am t̪in-ɾɛ ɔɽaʔ-ɛm ɾu̯ɘ-ɽa,2SG When-LOC Home-2SG:SUBJ Return-FIN,When will you return home?
santali_new_glossed.eaf,16,33000,35000,iɲ d̪ɔ ɔka-sɛc͡ʔ-iɲ cala-a,iɲ d̪ɔ ɔka-sɛc͡ʔ-iɲ cala-a,1SG TOP Which-DIR-1SG:SUBJ Go-FIN,Which direction do I go?
santali_new_glossed.eaf,17,35200,37200,iɲ d̪ɔ ɔka sɛc͡ʔ calaʔ ho-joʔt̪-iɲ-ɘ,iɲ d̪ɔ ɔka sɛc͡ʔ cala-ʔ ho-joʔt̪-iɲ-ɘ,1SG TOP Which DIR Go-M Must-OBL-1SG-FIN,Which direction should I go?
santali_new_glossed.eaf,18,37400,39400,am d̪ɔ gapa t̪in-ɾɛ ɔɽaʔ-ɛm hiɟu-a,am d̪ɔ gapa t̪in-ɾɛ ɔɽaʔ-ɛm hiɟu-a,2SG TOP Tomorrow When-LOC Home-2SG:SUBJ Come-FIN,When will you come home tomorrow?
santali_new_glossed.eaf,19,39600,41600,ced̪aʔ-ɛm land̪a-i͡-d̪a,ced̪aʔ-ɛm land̪a-i͡-d̪a,Why-2SG:SUBJ Laugh-PROG-FIN,Why are you laughing?
santali_new_glossed.eaf,20,41800,43800,ced̪aʔ-pɛ land̪a-i͡-ɛʔ-kan t̪ahɛ̃-kana,ced̪aʔ-pɛ land̪a-i͡-ɛʔ-kan t̪ahɛ̃-kana,Why-2PL Laugh-PROG-PRF-CONT Stay-COP,Why were you (plural) laughing?
santali_new_glossed.eaf,21,44000,46000,ɔka-t̪ɛm cala-ʔ-kana,ɔka-t̪ɛm cala-ʔ-kana,Where-LOC-2SG:SUBJ Go-M-COP,Where are you going?
santali_new_glossed.eaf,22,46200,48200,ɔka-t̪ɛm cala-o̯-le-na,ɔka-t̪ɛm cala-o̯-le-na,Where-LOC-2SG:SUBJ Go-PST-PST-FIN,Where did you go?
santali_new_glossed.eaf,23,48400,50400,ɔak-t̪ɛm cala-a,ɔak-t̪ɛm cala-a,Where-LOC-2SG:SUBJ Go-FIN,Where will you go?
santali_new_glossed.eaf,24,50600,52600,am d̪ɔ ɔka-ɾɛ gat̪e-ʔ-ɛm cala-a,am d̪ɔ ɔka-ɾɛ gat̪e-ʔ-ɛm cala-a,2SG TOP Which-LOC Play-M-2SG:SUBJ Go-FIN,Where will you go to play?
santali_new_glossed.eaf,25,52800,54800,ɔɽaʔ-ɾɛ ɟahã-i͡ mɛna-ʔ-pe-ja,ɔɽaʔ-ɾɛ ɟahã-i͡ mɛna-ʔ-pe-ja,Home-LOC Anyone-Q Exist-M-2PL-Q,Is anyone at home?
santali_new_glossed.eaf,26,55000,57000,ɔɽaʔ-ɾɛ ɟahã-i͡-pɛ t̪ahɛ̃-na,ɔɽaʔ-ɾɛ ɟahã-i͡-pɛ t̪ahɛ̃-na,Home-LOC Anyone-Q-2PL Stay-FIN,Will anyone be at home?
santali_new_glossed.eaf,27,57200,59200,am d̪ɔ set̪aʔ t̪in-ɾɛm beɾet̪-ʔa,am d̪ɔ set̪aʔ t̪in-ɾɛm beɾet̪-ʔa,2SG TOP Morning When-LOC-2SG:SUBJ Wake.up-M,What time do you wake up in the morning?
santali_new_glossed.eaf,28,59400,61400,am cɛt̪-lɛka mena-ma,am cɛt̪-lɛka mena-ma,2SG How-MANNER Exist-Q,How are you?
santali_new_glossed.eaf,29,61600,63600,am cɛʔ-ɛm ceka-i͡-d̪a,am cɛʔ-ɛm ceka-i͡-d̪a,2SG What-2SG:SUBJ Do-PROG-FIN,What are you doing?
santali_new_glossed.eaf,30,63800,65800,am cɛʔ-ɛm ceka-ja,am cɛʔ-ɛm ceka-ja,2SG What-2SG:SUBJ Do-FIN,What will you do?
santali_new_glossed.eaf,31,66000,68000,cɛt̪ kɘmi am d̪ɔ ɟɘst̪im kusi-jaʔa,cɛt̪ kɘmi am d̪ɔ ɟɘst̪im kusi-jaʔ-a,What Thing 2SG TOP Most Like-PRF-Q,What do you like to do the most?
santali_new_glossed.eaf,32,68200,70200,ɔna ɟɘɽ aɲɟɔm kat̪ɛʔ pa-ɛ d̪ɔ ced̪aʔ-pɛ land̪a-jɛʔ-kan t̪ahɛ̃-kana,ɔna ɟɘɽ aɲɟɔm kat̪ɛʔ pa-ɛ d̪ɔ ced̪aʔ-pɛ land̪a-jɛʔ-kan t̪ahɛ̃-kana,That Story Hear After Hear-3SG TOP Why-2PL Laugh-PRF-CONT Stay-COP,Why were you laughing when you heard that story?
santali_new_glossed.eaf,33,70400,72400,am-aʔ gʰaɾɔ̃ɟ-ɾɛ okɔ-i͡-ko mena-ʔ-ko-a,am-aʔ gʰaɾɔ̃ɟ-ɾɛ okɔ-i͡-ko mena-ʔ-ko-a,2SG-GEN Family-LOC Who-Q-3PL Exist-M-3PL-FIN,Who is in your family?
santali_new_glossed.eaf,34,72600,74600,no̯a ʈɔʈʰa-ɾɛ oŋ-ko d̪ɔ cɛt̪-lɛka-t̪ɛ-ko hɛc͡ʔ-le-na,no̯a ʈɔʈʰa-ɾɛ oŋ-ko d̪ɔ cɛt̪-lɛka-t̪ɛ-ko hɛc͡ʔ-le-na,This Place-LOC 3PL TOP How-MANNER-INSTR-3PL Come-PST-FIN,How did they get to this place?
santali_new_glossed.eaf,35,74800,76800,ɔka sɛc͡ʔ-bo cala-o̯-lɛn-kʰac͡ʔ bʰage ho-i͡-ko-a,ɔka sɛc͡ʔ-bo cala-o̯-lɛn-kʰac͡ʔ bʰage ho-i͡-ko-a,Which DIR-1PL.EXCL Go-PST-COND Good Become-PROG-3PL-FIN,Which direction would be better for us to go?
santali_new_glossed.eaf,36,77000,79000,ɟahan kupuli t̪ahɛ̃n-t̪am kʰac͡ʔ baɖa-i͡ oco-i͡-ɲ-mɛ,ɟahan kupuli t̪ahɛ̃n-t̪am kʰac͡ʔ baɖa-i͡ oco-i͡-ɲ-mɛ,Any Question Stay-2SG.HON If Inform-IMP Tell-IMP-1SG-IMP,Let me know if you have any questions.
santali_new_glossed.eaf,37,79200,81200,am d̪ɔ ɔka-ɾɛm t̪ahɛ̃-na,am d̪ɔ ɔka-ɾɛm t̪ahɛ̃-na,2SG TOP Where-LOC-2SG:SUBJ Stay-FIN,Where do you live?
santali_new_glossed.eaf,38,81400,83400,am d̪ɔ ɔka-ɾɛm t̪ahɛ̃-na,am d̪ɔ ɔka-ɾɛm t̪ahɛ̃-na,2SG TOP Where-LOC-2SG:SUBJ Stay-FIN,Where will you stay?
santali_new_glossed.eaf,39,83600,85600,am d̪ɔ cɛt̪ t̪eheɲ-ɛm hiɟu-a,am d̪ɔ cɛt̪ t̪eheɲ-ɛm hiɟu-a,2SG TOP What Today-2SG:SUBJ Come-FIN,Will you come today?
santali_new_glossed.eaf,40,85800,87800,abo d̪ɔ cɛt̪ oŋ-ko-bo hɔhɔ-o̯a-ko-a,abo d̪ɔ cɛt̪ oŋ-ko-bo hɔhɔ-o̯a-ko-a,1PL.EXCL TOP What 3PL-OBJ-1PL.EXCL Call-PST-3PL-FIN,Shall we call them?
santali_new_glossed.eaf,41,88000,90000,abo d̪ɔ cɛt̪ oŋ-ko-bo hɔhɔ-o̯a-ʔ-ko t̪ahɛ̃-na,abo d̪ɔ cɛt̪ oŋ-ko-bo hɔhɔ-o̯a-ʔ-ko t̪ahɛ̃-na,1PL.EXCL TOP What 3PL-OBJ-1PL.EXCL Call-PRF-M-3PL Stay-FIN,Did we call them?
santali_new_glossed.eaf,42,90200,92200,abo d̪ɔ cɛt̪ oŋ-ko-bo hɔhɔ-o̯a-ko-a,abo d̪ɔ cɛt̪ oŋ-ko-bo hɔhɔ-o̯a-ko-a,1PL.EXCL TOP What 3PL-OBJ-1PL.EXCL Call-PST-3PL-FIN,Shall we call them?
santali_new_glossed.eaf,43,92400,94400,am d̪ɔ cɛt̪-iɲ kuli d̪aɽe-o̯a-ma,am d̪ɔ cɛt̪-iɲ kuli d̪aɽe-o̯a-ma,2SG TOP What-1SG:SUBJ Question Ability-PST-Q,Can I ask a question?
santali_new_glossed.eaf,44,94600,96600,am d̪ɔ t̪eheɲ t̪in-ɾɛ ɔɽaʔ-ɛm hiɟu-a,am d̪ɔ t̪eheɲ t̪in-ɾɛ ɔɽaʔ-ɛm hiɟu-a,2SG TOP Today When-LOC Home-2SG:SUBJ Come-FIN,When will you come home today?
santali_new_glossed.eaf,45,96800,98800,am d̪ɔ hɔla t̪in-ɾɛ ɔɽaʔ-ɛm hɛc͡ʔ-le-na,am d̪ɔ hɔla t̪in-ɾɛ ɔɽaʔ-ɛm hɛc͡ʔ-le-na,2SG TOP Yesterday When-LOC Home-2SG:SUBJ Come-PST-FIN,When did you come home yesterday?
santali_new_glossed.eaf,46,99000,101000,am do̪ cɛt̪-leka mena-ma,am do̪ cɛt̪-leka mena-ma,2SG TOP How-MANNER Exist-Q,How are you?
santali_new_glossed.eaf,47,101200,103200,am d̪ɔ cɛt̪-ɛm ceka baɽa-ja,am d̪ɔ cɛt̪-ɛm ceka baɽa-ja,2SG TOP What-2SG:SUBJ Do Habitually-FIN,What do you do? (formal habitual)
santali_new_glossed.eaf,48,103400,105400,am cɛt̪-ɛm ceka baɽa-ja,am cɛt̪-ɛm ceka baɽa-ja,2SG What-2SG:SUBJ Do Habitually-FIN,What do you do? (informal habitual)
santali_new_glossed.eaf,49,105600,107600,am d̪ɔ cɛt̪-ɛm ceka-i͡-d̪a,am d̪ɔ cɛt̪-ɛm ceka-i͡-d̪a,2SG TOP What-2SG:SUBJ Do-PROG-FIN,What are you doing? (formal progressive)
santali_new_glossed.eaf,50,107800,109800,am d̪ɔ cɛt̪ ceka-jɛm kusi-o̯aʔa,am d̪ɔ cɛt̪ ceka-jɛm kusi-o̯a-ʔ-a,2SG TOP What Do-NMLZ-2SG:SUBJ Like-PRF-M-FIN,What is your hobby? (formal)
santali_new_glossed.eaf,51,110000,112000,am cɛt̪ ceka-jɛm kusi-o̯aʔa,am cɛt̪ ceka-jɛm kusi-o̯a-ʔ-a,2SG What Do-NMLZ-2SG:SUBJ Like-PRF-M-FIN,What is your hobby? (informal)
santali_new_glossed.eaf,52,112200,114200,am d̪ɔ cɛt̪ ceka-jɛm kusi-o̯aʔa,am d̪ɔ cɛt̪ ceka-jɛm kusi-o̯a-ʔ-a,2SG TOP What Do-NMLZ-2SG:SUBJ Like-PRF-M-FIN,What do you like to do?
santali_new_glossed.eaf,53,114400,116400,apɛ d̪ɔ ɲu-i͡ d̪aʔ cɛt̪-leka-kat̪ɛ-pɛ d̪ɔhɔ-ja,apɛ d̪ɔ ɲu-i͡ d̪aʔ cɛt̪-leka-kat̪ɛ-pɛ d̪ɔhɔ-ja,2PL TOP Drink-NMLZ Water How-MANNER-INSTR-2PL Collect-FIN,How do you collect drinkable water?
santali_new_glossed.eaf,54,116600,118600,am d̪ɔ no̯a cɛt̪-lɛka-kat̪ɛm isin basaŋ-ɛ-d̪a,am d̪ɔ no̯a cɛt̪-lɛka-kat̪ɛm isin basaŋ-ɛ-d̪a,2SG TOP This How-MANNER-INSTR Cook Food-CAUS-FIN,How did you cook this?
santali_new_glossed.eaf,55,118800,120800,am d̪ɔ no̯a piʈʰɘ cɛt̪-lɛka-kat̪ɛʔm bena-o̯-ke-d̪a,am d̪ɔ no̯a piʈʰɘ cɛt̪-lɛka-kat̪ɛʔm bena-o̯-ke-d̪a,2SG TOP This Cake How-MANNER-INSTR-2SG:SUBJ Make-PST-TR-FIN,How did you make this cake?
santali_new_glossed.eaf,56,121000,123000,am-aʔ ɔɽaʔ d̪ɔ ɔka-ɾe,am-aʔ ɔɽaʔ d̪ɔ ɔka-ɾe,2SG-GEN Home TOP Where-LOC,Where is your home?
santali_new_glossed.eaf,57,123200,125200,abo d̪ɔ t̪eheɲ ɔka-ɾɛ-bo t̪ahɛ̃-na,abo d̪ɔ t̪eheɲ ɔka-ɾɛ-bo t̪ahɛ̃-na,1PL.EXCL TOP Today Where-LOC-1PL.EXCL Stay-FIN,Where will we stay today?
santali_new_glossed.eaf,58,125400,127400,am ɔka-ɾɛm t̪ahɛ̃-na,am ɔka-ɾɛm t̪ahɛ̃-na,2SG Where-LOC-2SG:SUBJ Stay-FIN,Where do you live?
santali_new_glossed.eaf,59,127600,129600,no̯a ʈɔʈʰa-ɾɛ ɘɖi bɘɽic͡ʔ sɔ kana,no̯a ʈɔʈʰa-ɾɛ ɘɖi bɘɽic͡ʔ sɔ kana,This Place-LOC Very Bad Smell COP,This place smells bad.
santali_new_glossed.eaf,60,129800,131800,ut̪u-ɾɛ ɟʰal ɟɘst̪i-jena,ut̪u-ɾɛ ɟʰal ɟɘst̪i-je-na,Curry-LOC Spicy Excess-become-FIN,This curry is very spicy.
santali_new_glossed.eaf,61,132000,134000,caː-ɾɛ hɛɽɛm ɟɘst̪i-jɛna,caː-ɾɛ hɛɽɛm ɟɘst̪i-jɛ-na,Tea-LOC Sweet Excess-become-FIN,This tea contains too much sugar.
santali_new_glossed.eaf,62,134200,136200,ɟɔm-ʔ bɘɽic͡ʔ-e-na,ɟɔm-ʔ bɘɽic͡ʔ-e-na,Food-M Spoil-3SG-FIN,This food has gone stale.
santali_new_glossed.eaf,63,136400,138400,no̯a ɟɔ d̪ɔ ɾɔbɔc͡ʔ ɾɔbɔc͡ʔ ɾasa-ge-ja,no̯a ɟɔ d̪ɔ ɾɔbɔc͡ʔ ɾɔbɔc͡ʔ ɾasa-ge-ja,This Fruit TOP Dripping Dripping Juicy-MANNER-FIN,This fruit is very juicy.
santali_new_glossed.eaf,64,138600,140600,ɟɔm-aʔ-ko-ɾɛ d̪ɔ ɖʰeɾ mɔsɔla-ko laga-o̯-ă-ka-d̪a,ɟɔm-aʔ-ko-ɾɛ d̪ɔ ɖʰeɾ mɔsɔla-ko laga-o̯-ă-ka-d̪a,Food-GEN-3PL-LOC TOP Many Spice-3PL Apply-PST-PERF-PRF-FIN,These foods have too much spices.
santali_new_glossed.eaf,65,140800,142800,sɔɾbɔt̪ ɲu t̪a-jɔm ɘɖi ceɾʈʰaɲ ɘ-i͡-kɘ-o̯e-d̪a,sɔɾbɔt̪ ɲu t̪a-jɔm ɘɖi ceɾʈʰaɲ ɘ-i͡-kɘ-o̯e-d̪a,Shake Drink After-eat Very Refreshing Feel-PROG-CAUS-PERF-FIN,This shake feels very refreshing after drinking.
santali_new_glossed.eaf,66,143000,145000,paɾkɔm lat̪a-ɾ kʰɔn ɟʰuɽi ɘgu-i͡-mɛ,paɾkɔm lat̪a-ɾ kʰɔn ɟʰuɽi ɘgu-i͡-mɛ,Bed Under-GEN From Basket Bring-IMP-2SG,Bring that basket from under the bed.
santali_new_glossed.eaf,67,145200,147200,iskul d̪ɔ no̯a ɖahaɾ hana-sa-ɾɛ,iskul d̪ɔ no̯a ɖahaɾ hana-sa-ɾɛ,School TOP This Road Opposite-side-LOC,The school is on the opposite side of this road.
santali_new_glossed.eaf,68,147400,149400,ɔɽaʔ bɛɽha-i͡-t̪ɛ d̪aɾe-ko ɾɔhɔ-i͡-aka-ʔ-a,ɔɽaʔ bɛɽha-i͡-t̪ɛ d̪aɾe-ko ɾɔhɔ-i͡-aka-ʔ-a,Home Surrounding-INSTR Tree-3PL Planted-PROG-PRF-M-FIN,Trees are planted all around the house.
santali_new_glossed.eaf,69,149600,151600,ɟɔt̪ɔ-ko mud̪-ɾɛ nu-i͡ paɽha-ʔ kɔɽa d̪ɔ-i͡ sɔɾɔs-ge-ja,ɟɔt̪ɔ-ko mud̪-ɾɛ nu-i͡ paɽha-ʔ kɔɽa d̪ɔ-i͡ sɔɾɔs-ge-ja,All-3PL Among-LOC This-Q Student TOP-Q Best-MANNER-FIN,That student is the best among all.
santali_new_glossed.eaf,70,151800,153800,bana-hɔɽ-ge-kin bud̪ ɘkila-na-ʔ-a,bana-hɔɽ-ge-kin bud̪ ɘkila-na-ʔ-a,Both-MANNER-PROG-DU Intelligent Appear-FIN-M-FIN,They are both brilliant.
santali_new_glossed.eaf,71,154000,156000,maʈʰ samaŋ-ɾe-ge mit̪-ʔʈɛc͡ʔ pukʰɾi mɛna-a,maʈʰ samaŋ-ɾe-ge mit̪-ʔ-ʈɛc͡ʔ pukʰɾi mɛna-a,Field Front-LOC-EMPH One-M-CLSSFR Pond Exist-FIN,There is a pond in front of the field.
santali_new_glossed.eaf,72,156200,158200,d̪ɔkan aɽe-ɾe-ge mit̪-ʔʈɛc͡ʔ maʈʰ mena-a,d̪ɔkan aɽe-ɾe-ge mit̪-ʔ-ʈɛc͡ʔ maʈʰ mena-a,Shop Beside-LOC-EMPH One-M-CLSSFR Field Exist-FIN,There is a field next to the shop.
santali_new_glossed.eaf,73,158400,160400,ɔɽaʔ bʰit̪ɾi-sɛc͡ʔ cala-ʔ-mɛ,ɔɽaʔ bʰit̪ɾi-sɛc͡ʔ cala-ʔ-mɛ,Home Inside-DIR Go-M-2SG.IMP,Go inside the house.
santali_new_glossed.eaf,74,160600,162600,nit̪ bahaɾɛ-sɛc͡ʔ-ɛm cala-o̯ d̪aɽe-jaʔa,nit̪ bahaɾɛ-sɛc͡ʔ-ɛm cala-o̯ d̪aɽe-jaʔ-a,Now Outside-DIR-2SG:SUBJ Go-PST Ability-PRF-FIN,You can go out now.
santali_new_glossed.eaf,75,162800,164800,t̪eheɲ d̪ɔ ɘɖi ɾɘskɘɲ ɘ-i͡-kɘ-o̯e-d̪a,t̪eheɲ d̪ɔ ɘɖi ɾɘskɘ-ɲ ɘ-i͡-kɘ-o̯e-d̪a,Today TOP Very Happy-1SG Feel-PROG-CAUS-PERF-FIN,I feel very happy today.
santali_new_glossed.eaf,76,165000,167000,t̪eheɲ d̪ɔ ɘɖi d̪uki-ɲ ɘ-i͡-kɘ-o̯e-d̪a,t̪eheɲ d̪ɔ ɘɖi d̪uki-ɲ ɘ-i͡-kɘ-o̯e-d̪a,Today TOP Very Sad-1SG Feel-PROG-CAUS-PERF-FIN,I feel very sad today.
santali_new_glossed.eaf,77,167200,169200,t̪eheɲ d̪ɔ ɘɖi bes-iɲ ɘ-i͡-kɘ-o̯-d̪a,t̪eheɲ d̪ɔ ɘɖi bes-iɲ ɘ-i͡-kɘ-o̯-d̪a,Today TOP Very Good-1SG Feel-PROG-CAUS-FIN,I feel very good today.
santali_new_glossed.eaf,78,169400,171400,t̪eheɲ d̪ɔ ɘɖi bɘɽic͡ʔ-iɲ ɘ-i͡-kɘ-o̯-d̪a,t̪eheɲ d̪ɔ ɘɖi bɘɽic͡ʔ-iɲ ɘ-i͡-kɘ-o̯-d̪a,Today TOP Very Bad-1SG Feel-PROG-CAUS-FIN,I feel very bad today.
santali_new_glossed.eaf,79,171600,173600,bah-ɾɛ-ɾɛ ɘɖi ãʈ saɖe-kana,bah-ɾɛ-ɾɛ ɘɖi ãʈ saɖe-kana,Outside-LOC-REDUP Very Sound Make-COP,There is a lot of noise outside.
santali_new_glossed.eaf,80,173800,175800,no̯a baha ɾe-jaʔ sɔ d̪ɔ bɘnu-a,no̯a baha ɾe-jaʔ sɔ d̪ɔ bɘnu-a,This Flower NAME-GEN Smell TOP Absence-FIN,This flower has no smell.
santali_new_glossed.eaf,81,176000,178000,ɟɔt̪ɔ-sɛc͡ʔ hiɾkʰɘ-ge sɔ kana,ɟɔt̪ɔ-sɛc͡ʔ hiɾkʰɘ-ge sɔ kana,All-DIR Pungent-MANNER Smell COP,A pungent smell is everywhere.
santali_new_glossed.eaf,82,178200,180200,bɛc͡ʔ bɛc͡ʔ-iɲ ɘ-i͡-kɘ-o̯e-d̪a,bɛc͡ʔ bɛc͡ʔ-iɲ ɘ-i͡-kɘ-o̯e-d̪a,Nauseous Nauseous-1SG Feel-PROG-CAUS-PERF-FIN,Feeling nauseous.
santali_new_glossed.eaf,83,180400,182400,set̪a-i͡ bʰuʔ-e-d̪a,set̪a-i͡ bʰuʔ-e-d̪a,Dog-ANAPH Bark-3SG-FIN,The dog is barking.
santali_new_glossed.eaf,84,182600,184600,buk-ɽu-i͡ d̪iɲa-i͡,buk-ɽu-i͡ d̪iɲa-i͡,Tickle-NMLZ-ANAPH Doing-ANAPH,He/She is tickling.
santali_new_glossed.eaf,85,184800,186800,moɽ-sɛc͡ʔ laha kat̪ɛʔ lɛŋga-sɛc͡ʔ ɘcuɾɔʔ-mɛ,moɽ-sɛc͡ʔ laha kat̪ɛʔ lɛŋga-sɛc͡ʔ ɘcuɾ-ɔʔ-mɛ,Turn-DIR After Then Left-DIR Turn-IMP-2SG,Take the next turn then go to the left.
santali_new_glossed.eaf,86,187000,189000,moɽ-sɛc͡ʔ laha kat̪ɛʔ ɟɔɟɔm-sɛc͡ʔ ɘcuɾɔʔ-mɛ,moɽ-sɛc͡ʔ laha kat̪ɛʔ ɟɔɟɔm-sɛc͡ʔ ɘcuɾ-ɔʔ-mɛ,Turn-DIR After Then Right-DIR Turn-IMP-2SG,Take the next turn then go to the right.
santali_new_glossed.eaf,87,189200,191200,uni d̪ɔ ɘɖi ɾɘskɘ-ɾɛ mena-ja,uni d̪ɔ ɘɖi ɾɘskɘ-ɾɛ mena-ja,3SG TOP Very Happy-LOC Exist-FIN,He/She is very happy.
santali_new_glossed.eaf,88,191400,193400,uni d̪ɔ ɘɖi d̪uk-ɾɛ mena-ja,uni d̪ɔ ɘɖi d̪uk-ɾɛ mena-ja,3SG TOP Very Pain-LOC Exist-FIN,He/She is in a lot of pain.
santali_new_glossed.eaf,89,193600,195600,no̯a ɟɔ d̪ɔ haɽha-t̪-ge-ja,no̯a ɟɔ d̪ɔ haɽha-t̪-ge-ja,This Fruit TOP Bitter-NMLZ-MANNER-FIN,The taste of this fruit is bitter.
santali_new_glossed.eaf,90,195800,197800,no̯a ɟɔ d̪ɔ hɛɽɛm-ge sebe-la,no̯a ɟɔ d̪ɔ hɛɽɛm-ge sebe-la,This Fruit TOP Sweet-MANNER Taste-FIN,The taste of this fruit is sweet.
santali_new_glossed.eaf,91,198000,200000,no̯a ɟɔ d̪ɔ ɟɔɟɔ-ge-ja,no̯a ɟɔ d̪ɔ ɟɔɟɔ-ge-ja,This Fruit TOP Sour-MANNER-FIN,The taste of this fruit is sour.
santali_new_glossed.eaf,92,200200,202200,no̯a ɟɔm-aʔ-ko-d̪ɔ ɘɖi sebela-ʔ-kana,no̯a ɟɔm-aʔ-ko-d̪ɔ ɘɖi sebela-ʔ-kana,This Food-GEN-3PL-TOP Very Tasty-M-COP,These dishes are very tasty/delicious.
santali_new_glossed.eaf,93,202400,204400,biskuʈ ɟɔm-t̪ɛ ɾaham ɾaha-ɾ ɘ-i͡-kɘ-ʔ-kana,biskuʈ ɟɔm-t̪ɛ ɾaham ɾaha-ɾ ɘ-i͡-kɘ-ʔ-kana,Biscuit Eat-INSTR Salty Salty-GEN Feel-PROG-CAUS-M-COP,This biscuit tastes salty while eating.
santali_new_glossed.eaf,94,204600,206600,bini d̪ɔ ʈibil cet̪an-ɾɛ-ko d̪ɔhɔ-o̯a-ka-d̪a,bini d̪ɔ ʈibil cet̪an-ɾɛ-ko d̪ɔhɔ-o̯a-ka-d̪a,Fan TOP Table Top-LOC-3PL Place-PST-PRF-FIN,That fan is placed on the table.
santali_new_glossed.eaf,95,206800,208800,mit̪-ʔ gʰɘɽi lɘgit̪ cet̪an sɛc͡ʔ kɔ-jɔʔ-kam,mit̪-ʔ gʰɘɽi lɘgit̪ cet̪an sɛc͡ʔ kɔ-jɔʔ-kam,One-M Moment For Top DIR Look-PRF-2SG.IMP,Look up for some moments.
santali_new_glossed.eaf,96,209000,211000,ɟɔt̪ɔ-ko bɛɽha-i͡-t̪ɛ-ko t̪iŋgu-o̯a-kana,ɟɔt̪ɔ-ko bɛɽha-i͡-t̪ɛ-ko t̪iŋgu-o̯a-kana,All-3PL Around-INSTR-3PL Stand-PST-COP,Everyone is standing in a circle.
santali_new_glossed.eaf,97,211200,213200,ɔɽaʔ t̪a-i͡-nɔm-ɾɛ mit̪-ʔʈɛc͡ʔ kʰamaɾ mɛna-a,ɔɽaʔ t̪a-i͡-nɔm-ɾɛ mit̪-ʔ-ʈɛc͡ʔ kʰamaɾ mɛna-a,Home Behind-NMLZ-LOC One-M-CLSSFR Farm Exist-FIN,There is a farm behind the house.
santali_new_glossed.eaf,98,213400,215400,uni gid̪ɾɘ-i͡ land̪a-i͡-d̪a,uni gid̪ɾɘ-i͡ land̪a-i͡-d̪a,3SG Child-ANAPH Laugh-PROG-FIN,That child is smiling/laughing.
santali_new_glossed.eaf,99,215600,217600,uni gid̪ɾɘ-i͡ ɾaʔ-ɛ-d̪a,uni gid̪ɾɘ-i͡ ɾaʔ-ɛ-d̪a,3SG Child-ANAPH Cry-3SG-FIN,That baby is crying.
santali_new_glossed.eaf,100,217800,219800,no̯a baha-ɾe-jaʔ sɔː d̪ɔ ɘɖi mɔ̃ːɟa,no̯a baha-ɾe-jaʔ sɔː d̪ɔ ɘɖi mɔ̃ːɟ-a,This Flower-GEN-NAME Smell TOP Very Pleasant-FIN,The smell of this flower is very nice.
santali_new_glossed.eaf,101,220000,222000,bagan aɖɛ-pa-sɛ mit̪-ʔ leka-naʔ boge sɔ ɲam-o-a,bagan aɖɛ-pa-sɛ mit̪-ʔ leka-naʔ boge sɔ ɲam-o-a,Garden Around-NEAR One-M Like-NAME Kind Smell Find-FIN-FIN,One kind of aroma can be found around the garden.
santali_new_glossed.eaf,102,222200,224200,no̯a d̪ɔ ɘɖi-t̪ɛt̪ bɘɽic͡ʔ kɘmi kana,no̯a d̪ɔ ɘɖi-t̪ɛt̪ bɘɽic͡ʔ kɘmi kana,This TOP Very-EMPH Bad Work COP,It is a heinous act.
santali_new_glossed.eaf,103,224400,226400,hɔɽmɔ baba-t̪-ʔ-kana,hɔɽmɔ baba-t̪-ʔ-kana,Body Itch-NMLZ-M-COP,The body is itching.
santali_new_glossed.eaf,104,226600,228600,ɟaŋga-ɾɛ ga-i͡-gɔm ga-i͡-gɔm-iɲ ɘ-i͡-kɘ-o̯e-d̪a,ɟaŋga-ɾɛ ga-i͡-gɔm ga-i͡-gɔm-iɲ ɘ-i͡-kɘ-o̯e-d̪a,Foot-LOC Tickle-REDUP Tickle-REDUP-1SG Feel-PROG-CAUS-PERF-FIN,My feet are tickling.
santali_new_glossed.eaf,105,228800,230800,mit̪,mit̪,NUM:One,One
santali_new_glossed.eaf,106,231000,233000,baɾ,baɾ,NUM:Two,Two
santali_new_glossed.eaf,107,233200,235200,pɛ,pɛ,NUM:Three,Three
santali_new_glossed.eaf,108,235400,237400,pon,pon,NUM:Four,Four
santali_new_glossed.eaf,109,237600,239600,mɔ̃ɽɛ,mɔ̃ɽɛ,NUM:Five,Five
santali_new_glossed.eaf,110,239800,241800,t̪uɾu-i͡,t̪uɾu-i͡,NUM:Six-CLSSFR,Six
santali_new_glossed.eaf,111,242000,244000,ɛ-ja-i͡,ɛ-ja-i͡,NUM:Seven-CLSSFR-CLSSFR,Seven
lexicon.eaf,1,0,2000,d̪uɽup̚ʔ,d̪uɽup̚ʔ,V.sit,to sit
lexicon.eaf,2,2200,4200,hiɟuʔ,hiɟuʔ,V.come,to come
lexicon.eaf,3,4400,6400,calaʔ,calaʔ,V.go,to go
lexicon.eaf,4,6600,8600,op̚ɾom,op̚ɾom,V.recognize,to recognize
lexicon.eaf,5,8800,10800,aɲɟɔm,aɲɟɔm,V.listen,to listen
lexicon.eaf,6,11000,13000,ɲɛl,ɲɛl,V.see,to see
lexicon.eaf,7,13200,15200,baɖa͡i̯,baɖa͡i̯,V.know,to know
lexicon.eaf,8,15400,17400,ɛmɔʔ,ɛmɔʔ,V.give,to give
lexicon.eaf,9,17600,19600,hat̪a͡o̯,hat̪a͡o̯,V.take,to take
lexicon.eaf,10,19800,21800,ɘgu,ɘgu,V.bring,to bring
lexicon.eaf,11,22000,24000,ɘgu,ɘgu,V.bring,to bring
lexicon.eaf,12,24200,26200,kiɾiɲ,kiɾiɲ,V.buy,to buy
lexicon.eaf,13,26400,28400,d̪aɽan,d̪aɽan,V.walk,to walk/roam
lexicon.eaf,14,28600,30600,ʈɛo̯͡aŋ hat̪a͡o̯,ʈɛo̯͡aŋ hat̪a͡o̯,V.inquire V.take,to find out
lexicon.eaf,15,30800,32800,kusi,kusi,V.like,to like
lexicon.eaf,16,33000,35000,at̪̚ʔ,at̪̚ʔ,V.lose,to lose
lexicon.eaf,17,35200,37200,ɲam,ɲam,V.find,to find
lexicon.eaf,18,37400,39400,cas bas,cas bas,V.cultivate V.work,to cultivate
lexicon.eaf,19,39600,41600,bad̪ʰa,bad̪ʰa,V.tie,to tie up
lexicon.eaf,20,41800,43800,sɛʈɛɾ kaʔ,sɛʈɛɾ kaʔ,V.arrive COMPL,to deliver
lexicon.eaf,21,44000,46000,d̪isɘ d̪ɔho͡i̯,d̪isɘ d̪ɔho͡i̯,N.memory V.keep,to remember
lexicon.eaf,22,46200,48200,sɛnd̪ɾa,sɛnd̪ɾa,V.search,to search
lexicon.eaf,23,48400,50400,kat̪ʰa ɾɔɽ,kat̪ʰa ɾɔɽ,N.speech V.say,to talk
lexicon.eaf,24,50600,52600,majam ɟɔɾɔʔ,majam ɟɔɾɔʔ,N.blood V.flow,to bleed
lexicon.eaf,25,52800,54800,bʰind̪ɘɽɔʔ,bʰind̪ɘɽɔʔ,V.read,to read
lexicon.eaf,26,55000,57000,ɲuɾhɘʔ,ɲuɾhɘʔ,V.drop.off,to drop off
lexicon.eaf,27,57200,59200,ɘkʰɾiɲ,ɘkʰɾiɲ,V.sell,to sell
lexicon.eaf,28,59400,61400,ɟɔma d̪ɔho͡i̯,ɟɔma d̪ɔho͡i̯,V.gather V.keep,to deposit
lexicon.eaf,29,61600,63600,ɟul,ɟul,V.burn,to burn
lexicon.eaf,30,63800,65800,paɾɔm calaʔ,paɾɔm calaʔ,PREP.across V.go,to cross
lexicon.eaf,31,66000,68000,gɔɽɔ gɔpɔɽɔʔ,gɔɽɔ gɔpɔɽɔʔ,V.help V.cooperate,to help/cooperate
lexicon.eaf,32,68200,70200,d̪ɛɟɔʔ,d̪ɛɟɔʔ,V.ride,to ride
lexicon.eaf,33,70400,72400,kuk̚mu ɲɛl,kuk̚mu ɲɛl,N.dream V.see,to dream
lexicon.eaf,34,72600,74600,ɟɔm,ɟɔm,V.eat,to eat
lexicon.eaf,35,74800,76800,ɾu̯͡ɘɽ,ɾu̯͡ɘɽ,V.return,to return
lexicon.eaf,36,77000,79000,hiɽiɲ,hiɽiɲ,V.forget,to forget
lexicon.eaf,37,79200,81200,ɔlɔʔ,ɔlɔʔ,V.write,to write
lexicon.eaf,38,81400,83400,kuɾumuʈu,kuɾumuʈu,V.try,to try
lexicon.eaf,39,83600,85600,sap̚ʔ,sap̚ʔ,V.catch,to catch
lexicon.eaf,40,85800,87800,ɛhɔp̚ʔ,ɛhɔp̚ʔ,V.start,to start
lexicon.eaf,41,88000,90000,kusi,kusi,ADJ.happy,to become happy
lexicon.eaf,42,90200,92200,um ɖɘb̚ɾɘʔ,um ɖɘb̚ɾɘʔ,N.water V.immerse,to take a bath
lexicon.eaf,43,92400,94400,bacʰa͡o̯,bacʰa͡o̯,V.pick,to pick
lexicon.eaf,44,94600,96600,buɟʰhɘ͡o̯,buɟʰhɘ͡o̯,V.understand,to understand
lexicon.eaf,45,96800,98800,cet̚ʔ,cet̚ʔ,V.learn,to learn
lexicon.eaf,46,99000,101000,lekʰa,lekʰa,V.calculate,to calculate
lexicon.eaf,47,101200,103200,ɔcɔʔ giɖi,ɔcɔʔ giɖi,V.remove COMPL,to remove
lexicon.eaf,48,103400,105400,bɔt̪ɔɾ biɽki,bɔt̪ɔɾ biɽki,N.fear V.feel,to be afraid
lexicon.eaf,49,105600,107600,lɔhɔt̪̚ʔ,lɔhɔt̪̚ʔ,V.wet,to get wet
lexicon.eaf,50,107800,109800,t̪ahɛn,t̪ahɛn,V.stay,to stay
lexicon.eaf,51,110000,112000,ɾuhet̪̚ʔ,ɾuhet̪̚ʔ,V.scold,to scold
lexicon.eaf,52,112200,114200,bint̪i,bint̪i,V.pray,to pray
lexicon.eaf,53,114400,116400,bint̪i,bint̪i,V.pray,to pray
lexicon.eaf,54,116600,118600,ɲu,ɲu,V.drink,to drink
lexicon.eaf,55,118800,120800,la,la,V.dig,to dig
lexicon.eaf,56,121000,123000,ɛsɛt̪̚ʔ kaʔ,ɛsɛt̪̚ʔ kaʔ,V.extinguish COMPL,to turn off
lexicon.eaf,57,123200,125200,ɔɽɛʲc̚ʔ,ɔɽɛʲc̚ʔ,V.crack,to crack/burst
lexicon.eaf,58,125400,127400,ɾɘput̪̚ʔ,ɾɘput̪̚ʔ,V.break,to break
lexicon.eaf,59,127600,129600,ul,ul,N.mango,mango
lexicon.eaf,60,129800,131800,kanʈʰaɽ,kanʈʰaɽ,N.jackfruit,jackfruit
lexicon.eaf,61,132000,134000,ka͡i̯ɾa,ka͡i̯ɾa,N.banana,banana
lexicon.eaf,62,134200,136200,sɘp̚ɽi,sɘp̚ɽi,N.guava,guava
lexicon.eaf,63,136400,138400,ɟɔɟɔ,ɟɔɟɔ,N.tamarind,tamarind
lexicon.eaf,64,138600,140600,ɟɘnum,ɟɘnum,N.plum,plum
lexicon.eaf,65,140800,142800,pɘpit̪a,pɘpit̪a,N.papaya,papaya
lexicon.eaf,66,143000,145000,kud̪,kud̪,N.java.plum,java plum
lexicon.eaf,67,145200,147200,t̪ale,t̪ale,N.palmyra.palm,palmyra palm
lexicon.eaf,68,147400,149400,papit̪a,papit̪a,N.papaya,papaya
lexicon.eaf,69,149600,151600,ɾɘsun,ɾɘsun,N.garlic,garlic
lexicon.eaf,70,151800,153800,pe.jãc̚,pe.jãc̚,N.onion,onion
lexicon.eaf,71,154000,156000,ad̪ʰhɛ,ad̪ʰhɛ,N.ginger,ginger
lexicon.eaf,72,156200,158200,bɛɾɛl mɘɾic̚,bɛɾɛl mɘɾic̚,ADJ.raw N.chili,green chilies
lexicon.eaf,73,158400,160400,ɾɔhɔɽ mɘɾic̚,ɾɔhɔɽ mɘɾic̚,ADJ.dry N.chili,dry chili
lexicon.eaf,74,160600,162600,t̪ilmiɲ,t̪ilmiɲ,N.sesame,sesame
lexicon.eaf,75,162800,164800,t̪uɽi,t̪uɽi,N.mustard,mustard
lexicon.eaf,76,165000,167000,ɾɔhɔɽ,ɾɔhɔɽ,N.dried.fish,dry fish/meat
lexicon.eaf,77,167200,169200,konɖha,konɖha,N.pumpkin,sweet pumpkin
lexicon.eaf,78,169400,171400,hɔt̪ɔt̪̚ʔ,hɔt̪ɔt̪̚ʔ,N.gourd,gourd
lexicon.eaf,79,171600,173600,sɛkɛɾ kɛnd̪a,sɛkɛɾ kɛnd̪a,ADJ.sweet N.root,sweet potato
lexicon.eaf,80,173800,175800,ed̪el saŋ,ed̪el saŋ,N.potato N.sprout,potato sprouts
lexicon.eaf,81,176000,178000,ot̪̚ʔ,ot̪̚ʔ,N.mushroom,mushroom
lexicon.eaf,82,178200,180200,beŋgaɽ,beŋgaɽ,N.eggplant,eggplant
lexicon.eaf,83,180400,182400,sɘɾu,sɘɾu,N.taro,taro root
lexicon.eaf,84,182600,184600,malhan,malhan,N.bean,bean
lexicon.eaf,85,184800,186800,ɟɔnɖɾa,ɟɔnɖɾa,N.corn,corn
lexicon.eaf,86,187000,189000,aɽaʔ,aɽaʔ,N.leafy.vegetable,leafy vegetables
lexicon.eaf,87,189200,191200,t̪i,t̪i,N.hand,hand
lexicon.eaf,88,191400,193400,t̪i kɘʈup̚ʔ,t̪i kɘʈup̚ʔ,N.hand N.tip,finger
lexicon.eaf,89,193600,195600,moca,moca,N.mouth,mouth
lexicon.eaf,90,195800,197800,mɛ̃t̪̚ʔ,mɛ̃t̪̚ʔ,N.eye,eye
lexicon.eaf,91,198000,200000,lut̪uɾ,lut̪uɾ,N.ear,ear
lexicon.eaf,92,200200,202200,mu,mu,N.nose,nose
lexicon.eaf,93,202400,204400,gunʈʰi,gunʈʰi,N.knee,knee
lexicon.eaf,94,204600,206600,ɟaŋga,ɟaŋga,N.leg,leg
lexicon.eaf,95,206800,208800,bɔhɔʔ,bɔhɔʔ,N.head,head
lexicon.eaf,96,209000,211000,hɔʈɔʔ,hɔʈɔʔ,N.throat,throat
lexicon.eaf,97,211200,213200,laʲc̚ʔ,laʲc̚ʔ,N.belly,belly
lexicon.eaf,98,213400,215400,kɔɽam,kɔɽam,N.chest,chest
lexicon.eaf,99,215600,217600,d̪ɘbi,d̪ɘbi,N.neck,neck
lexicon.eaf,100,217800,219800,up̚ʔ,up̚ʔ,N.hair,hair
lexicon.eaf,101,220000,222000,gucu,gucu,N.beard,beard/mustache
lexicon.eaf,102,222200,224200,mɛ̃t̚ʔ kuʈi,mɛ̃t̚ʔ kuʈi,N.eye N.hair,eyebrow
lexicon.eaf,103,224400,226400,ɟoha,ɟoha,N.cheek,cheeks
lexicon.eaf,104,226600,228600,alaŋ,alaŋ,N.tongue,tongue
lexicon.eaf,105,228800,230800,ɖaʈa,ɖaʈa,N.tooth,teeth
lexicon.eaf,106,231000,233000,ɾama,ɾama,N.nail,nail
lexicon.eaf,107,233200,235200,ɟaŋ,ɟaŋ,N.bone,bone
lexicon.eaf,108,235400,237400,haɾt̪a,haɾt̪a,N.skin,skin
lexicon.eaf,109,237600,239600,ma.jam,ma.jam,N.blood,blood
lexicon.eaf,110,239800,241800,kɔɽam,kɔɽam,N.heart,heart
lexicon.eaf,111,242000,244000,d̪i.ja,d̪i.ja,N.back,back
lexicon.eaf,112,244200,246200,hɔɽmɔ,hɔɽmɔ,N.body,body
lexicon.eaf,113,246400,248400,ponɖ,ponɖ,ADJ.white,white
lexicon.eaf,114,248600,250600,hɛnd̪ɛ,hɛnd̪ɛ,ADJ.black,black
lexicon.eaf,115,250800,252800,aɾaʔ,aɾaʔ,ADJ.red,red
lexicon.eaf,116,253000,255000,hɘɾi̯͡ɘɽ,hɘɾi̯͡ɘɽ,ADJ.green,green
lexicon.eaf,117,255200,257200,nil,nil,ADJ.blue,blue
lexicon.eaf,118,257400,259400,akasi,akasi,ADJ.sky.blue,sky blue
lexicon.eaf,119,259600,261600,bɛŋgaɽ ɾɔŋ,bɛŋgaɽ ɾɔŋ,N.eggplant N.colour,purple
lexicon.eaf,120,261800,263800,sasaŋ,sasaŋ,ADJ.yellow,yellow
lexicon.eaf,121,264000,266000,kic̚ɾiʔ kʰɘnɖu̯͡ɘ,kic̚ɾiʔ kʰɘnɖu̯͡ɘ,N.cloth N.garment,clothes/dress
lexicon.eaf,122,266200,268200,panahi,panahi,N.shoe,shoes
lexicon.eaf,123,268400,270400,curli,curli,N.bangle,bangles
lexicon.eaf,124,270600,272600,pagɾa,pagɾa,N.earring,earrings
lexicon.eaf,125,272800,274800,hɔʈɔʔ mala,hɔʈɔʔ mala,N.throat N.garland,pendant
lexicon.eaf,126,275000,277000,sut̪̚ʔ ɟʰɘli,sut̪̚ʔ ɟʰɘli,N.hair N.pin,hair clip/band
lexicon.eaf,127,277200,279200,d̪ɘɽhi,d̪ɘɽhi,N.turban,turban
lexicon.eaf,128,279400,281400,ʈup̚ɾi,ʈup̚ɾi,N.hat,hat
lexicon.eaf,129,281600,283600,cɛɽɛ̃,cɛɽɛ̃,N.bird,bird
lexicon.eaf,130,283800,285800,ɖaŋɾa,ɖaŋɾa,N.cow,cow
lexicon.eaf,131,286000,288000,gɛɖɛ,gɛɖɛ,N.duck,duck
lexicon.eaf,132,288200,290200,sim,sim,N.chicken,chicken
lexicon.eaf,133,290400,292400,mɛɾɔm,mɛɾɔm,N.goat,goat
lexicon.eaf,134,292600,294600,kaɖa,kaɖa,N.buffalo,buffalo
lexicon.eaf,135,294800,296800,suk̚ɾi,suk̚ɾi,N.pig,pig
lexicon.eaf,136,297000,299000,hɘt̪i,hɘt̪i,N.elephant,elephant
lexicon.eaf,137,299200,301200,t̪ɘɾup̚ʔ,t̪ɘɾup̚ʔ,N.tiger,tiger
lexicon.eaf,138,301400,303400,bana,bana,N.bear,bear
lexicon.eaf,139,303600,305600,ɟel,ɟel,N.deer,deer
lexicon.eaf,140,305800,307800,gɘɽĩ,gɘɽĩ,N.monkey,monkey
lexicon.eaf,141,308000,310000,kulɘ͡i̯,kulɘ͡i̯,N.rabbit,rabbit
lexicon.eaf,142,310200,312200,t̪u.ju,t̪u.ju,N.fox,fox
lexicon.eaf,143,312400,314400,biɲ,biɲ,N.snake,snake
lexicon.eaf,144,314600,316600,biɲ,biɲ,N.turtle,turtle
lexicon.eaf,145,316800,318800,ɾɔʈɛ,ɾɔʈɛ,N.frog,frog
lexicon.eaf,146,319000,321000,sɛt̪a,sɛt̪a,N.dog,dog
lexicon.eaf,147,321200,323200,pusi,pusi,N.cat,cat
lexicon.eaf,148,323400,325400,sad̪ɔm,sad̪ɔm,N.horse,horse
lexicon.eaf,149,325600,327600,haku,haku,N.fish,fish
lexicon.eaf,150,327800,329800,t̪iɟu,t̪iɟu,N.insect,insect
lexicon.eaf,151,330000,332000,ɲɛlɛ,ɲɛlɛ,N.bee,bee
lexicon.eaf,152,332200,334200,ɾɔ̃,ɾɔ̃,N.fly,fly
lexicon.eaf,153,334400,336400,bind̪i,bind̪i,N.spider,spider
lexicon.eaf,154,336600,338600,muʲc̚ʔ,muʲc̚ʔ,N.ant,ant
lexicon.eaf,155,338800,340800,sĩkɽĩʲc̚ʔ,sĩkɽĩʲc̚ʔ,N.mosquito,mosquito
lexicon.eaf,156,341000,343000,ʈik̚ʈɔ̃ɽɔ̃ʔ,ʈik̚ʈɔ̃ɽɔ̃ʔ,N.bird.mavis,mavis
lexicon.eaf,157,343200,345200,pot̪am,pot̪am,N.dove,dove
lexicon.eaf,158,345400,347400,gʰão̯͡ã,gʰão̯͡ã,N.sparrow,sparrow
lexicon.eaf,159,347600,349600,hɘt̪iuɽiʔ,hɘt̪iuɽiʔ,N.bird.robin,oriental magpie robin
lexicon.eaf,160,349800,351800,kɔ̃ʔ,kɔ̃ʔ,N.heron,heron
lexicon.eaf,161,352000,354000,kɘhũ,kɘhũ,N.crow,crow
lexicon.eaf,162,354200,356200,paɟʰaɽ,paɟʰaɽ,N.eagle,eagle
lexicon.eaf,163,356400,358400,kũɽĩt̪̚ʔ,kũɽĩt̪̚ʔ,N.kite,milvus/kite
lexicon.eaf,164,358600,360600,gid̪i,gid̪i,N.vulture,vulture
lexicon.eaf,165,360800,362800,at̪o,at̪o,N.village,village
lexicon.eaf,166,363000,365000,d̪aʔ,d̪aʔ,N.water,water
lexicon.eaf,167,365200,367200,gaɖa,gaɖa,N.river,river
lexicon.eaf,168,367400,369400,buɾu,buɾu,N.mountain,mountain
lexicon.eaf,169,369600,371600,cand̪o,cand̪o,N.moon,moon
lexicon.eaf,170,371800,373800,ipil,ipil,N.star,star
lexicon.eaf,171,374000,376000,maɾsal,maɾsal,N.light,light
lexicon.eaf,172,376200,378200,ɲut̪̚ʔ,ɲut̪̚ʔ,N.darkness,dark/darkness
lexicon.eaf,173,378400,380400,d̪aɾe,d̪aɾe,N.tree,tree
lexicon.eaf,174,380600,382600,hasa,hasa,N.soil,soil
lexicon.eaf,175,382800,384800,d̪ʰuɽi,d̪ʰuɽi,N.dust,dust
lexicon.eaf,176,385000,387000,d̪ʰiɾi,d̪ʰiɾi,N.stone,stone
lexicon.eaf,177,387200,389200,nɘɽi,nɘɽi,N.sand,sand
lexicon.eaf,178,389400,391400,sakam,sakam,N.leaf,leaf
lexicon.eaf,179,391600,393600,ɾɛhɛt̪̚ʔ,ɾɛhɛt̪̚ʔ,N.root,roots
lexicon.eaf,180,393800,395800,baha,baha,N.flower,flower
lexicon.eaf,181,396000,398000,ɟɔː,ɟɔː,N.fruit,fruit
lexicon.eaf,182,398200,400200,bɘ͡i̯sɘkʰ,bɘ͡i̯sɘkʰ,N.month.Baisakh,Baisakh (1st month)
lexicon.eaf,183,400400,402400,ɟʰɛ̃ʈ̚,ɟʰɛ̃ʈ̚,N.month.Jeth,Jeth (2nd month)
lexicon.eaf,184,402600,404600,asaɽ,asaɽ,N.month.Asarh,Asarh (3rd month)
lexicon.eaf,185,404800,406800,san,san,N.month.Sawan,Sawan (4th month)
lexicon.eaf,186,407000,409000,bʰad̪ɔɾ,bʰad̪ɔɾ,N.month.Bhadon,Bhadon (5th month)
lexicon.eaf,187,409200,411200,ɘsin,ɘsin,N.month.Asin,Asin (6th month)
lexicon.eaf,188,411400,413400,kɘɾt̪ik̚,kɘɾt̪ik̚,N.month.Kartik,Kartik (7th month)
lexicon.eaf,189,413600,415600,agʰɔn,agʰɔn,N.month.Aghan,Aghan (9th month)
lexicon.eaf,190,415800,417800,pus,pus,N.month.Pus,Pus (10th month)
lexicon.eaf,191,418000,420000,magʰ,magʰ,N.month.Magh,Magh (11th month)
lexicon.eaf,192,420200,422200,pʰagun,pʰagun,N.month.Phagun,Phagun (12th month)
lexicon.eaf,193,422400,424400,cɘt̪̚,cɘt̪̚,N.month.Chet,Chet (8th month)
lexicon.eaf,194,424600,426600,set̪oŋ,set̪oŋ,N.summer,summer
lexicon.eaf,195,426800,428800,ɟɘput̪̚ʔ,ɟɘput̪̚ʔ,N.monsoon,monsoon
lexicon.eaf,196,429000,431000,niɾɘn,niɾɘn,N.autumn,autumn
lexicon.eaf,197,431200,433200,agʰãɽ,agʰãɽ,N.late.autumn,late autumn
lexicon.eaf,198,433400,435400,ɾabaŋ,ɾabaŋ,N.winter,winter
lexicon.eaf,199,435600,437600,ʈaɽaŋ d̪in,ʈaɽaŋ d̪in,ADJ.flowering N.day,spring
lexicon.eaf,200,437800,439800,sɘnicaɾ,sɘnicaɾ,N.day.Saturday,Saturday
lexicon.eaf,201,440000,442000,aʈʰo̯͡aɾ,aʈʰo̯͡aɾ,N.day.Sunday,Sunday
lexicon.eaf,202,442200,444200,sɔm,sɔm,N.day.Monday,Monday
lexicon.eaf,203,444400,446400,mɔŋgɔl,mɔŋgɔl,N.day.Tuesday,Tuesday
lexicon.eaf,204,446600,448600,bud̪ʰ,bud̪ʰ,N.day.Wednesday,Wednesday
lexicon.eaf,205,448800,450800,luk̚kʰi baɾ,luk̚kʰi baɾ,ADJ.auspicious N.day,Thursday
lexicon.eaf,206,451000,453000,sokol,sokol,N.day.Friday,Friday
lexicon.eaf,207,453200,455200,ɔk̚t̪ɛ,ɔk̚t̪ɛ,N.time,time
lexicon.eaf,208,455400,457400,ɘ.jup̚ʔ beɾ,ɘ.jup̚ʔ beɾ,N.sun N.period,afternoon
lexicon.eaf,209,457600,459600,set̪aʔ beɾ,set̪aʔ beɾ,N.daybreak N.period,morning
lexicon.eaf,210,459800,461800,t̪ikin beɾ,t̪ikin beɾ,N.midday N.period,noon
lexicon.eaf,211,462000,464000,ɘ.jup̚ʔ beɾ,ɘ.jup̚ʔ beɾ,N.sun.set N.period,evening
lexicon.eaf,212,464200,466200,ɲind̪ɘ,ɲind̪ɘ,N.night,night
lexicon.eaf,213,466400,468400,gʰɔnʈa,gʰɔnʈa,N.hour,hour
lexicon.eaf,214,468600,470600,maha,maha,N.day,day
lexicon.eaf,215,470800,472800,hap̚t̪a,hap̚t̪a,N.week,week
lexicon.eaf,216,473000,475000,mɘh̚nɘ,mɘh̚nɘ,N.month,month
lexicon.eaf,217,475200,477200,bɔcʰɔɾ,bɔcʰɔɾ,N.year,year
lexicon.eaf,218,477400,479400,ɟug,ɟug,N.era,era
lexicon.eaf,219,479600,481600,gɔɽɔmba,gɔɽɔm-ba,ADJ.great-KIN.father,grandfather (paternal)
lexicon.eaf,220,481800,483800,gɔɽɔm a.jo,gɔɽɔm a.jo,ADJ.great KIN.woman,grandmother (paternal)
lexicon.eaf,221,484000,486000,gɔgɔ,gɔgɔ,KIN.mother,mother
lexicon.eaf,222,486200,488200,baba,baba,KIN.father,father
lexicon.eaf,223,488400,490400,maɾaŋba,maɾaŋ-ba,ADJ.elder-KIN.father,uncle (father's elder brother)
lexicon.eaf,224,490600,492600,hɔpɔnba,hɔpɔn-ba,ADJ.junior-KIN.father,uncle (father's younger brother)
lexicon.eaf,225,492800,494800,maɾaŋgɔ,maɾaŋ-gɔ,ADJ.elder-KIN.mother,aunt (wife of father's elder brother)
lexicon.eaf,226,495000,497000,hɔpɔngɔ,hɔpɔn-gɔ,ADJ.junior-KIN.mother,aunt (wife of father's younger brother)
lexicon.eaf,227,497200,499200,peɽa,peɽa,N.relative,relative
lexicon.eaf,228,499400,501400,kuɽi gid̪ɾɘ,kuɽi gid̪ɾɘ,N.girl N.child,daughter
lexicon.eaf,229,501600,503600,kɔɽa gid̪ɾɘ,kɔɽa gid̪ɾɘ,N.boy N.child,son
lexicon.eaf,230,503800,505800,gid̪ɾɘko,gid̪ɾɘ-ko,N.child-PL,offspring
lexicon.eaf,231,506000,508000,kɘʈiʲc̚ʔ gid̪ɾɘko,kɘʈiʲc̚ʔ gid̪ɾɘ-ko,ADJ.small N.child-PL,kid
lexicon.eaf,232,508200,510200,haɽamba,haɽam-ba,ADJ.old.mat-KIN.father,grandfather (maternal)
lexicon.eaf,233,510400,512400,buɖigɔ,buɖi-gɔ,ADJ.old.mat-KIN.mother,grandmother (maternal)
lexicon.eaf,234,512600,514600,lɘʈu bɔ͡i̯ha,lɘʈu bɔ͡i̯ha,ADJ.elder KIN.brother,elder brother
lexicon.eaf,235,514800,516800,bɔ͡i̯ha,bɔ͡i̯ha,KIN.brother,brother
lexicon.eaf,236,517000,519000,lɘʈu d̪id̪i,lɘʈu d̪id̪i,ADJ.elder KIN.sister,elder sister
lexicon.eaf,237,519200,521200,misɾa,misɾa,KIN.sister,sister
lexicon.eaf,238,521400,523400,hili,hili,KIN.sister.in.law,sister-in-law
lexicon.eaf,239,523600,525600,t̪iɲaŋ,t̪iɲaŋ,KIN.brother.in.law,brother-in-law
lexicon.eaf,240,525800,527800,hɔ̃͡i̯haɾbaba,hɔ̃͡i̯haɾ-baba,KIN.in.law-KIN.father,father-in-law
lexicon.eaf,241,528000,530000,hanhaɾ gɔgɔ,hanhaɾ gɔgɔ,KIN.in.law KIN.mother,mother-in-law
lexicon.eaf,242,530200,532200,ɛɾo̯͡ɛl kuɽi,ɛɾo̯͡ɛl kuɽi,KIN.sib.in.law N.girl,sister-in-law (spouse's sister)
lexicon.eaf,243,532400,534400,ɛɾo̯͡ɛl kɔɽa,ɛɾo̯͡ɛl kɔɽa,KIN.sib.in.law N.boy,brother-in-law (spouse's brother)
lexicon.eaf,244,534600,536600,bʰɘgnɘ,bʰɘgnɘ,KIN.nephew.sis,nephew (sister's son)
lexicon.eaf,245,536800,538800,bʰagni,bʰagni,KIN.niece.sis,niece (sister's daughter)
lexicon.eaf,246,539000,541000,bʰɘcɘt̪̚ kɔɽa,bʰɘcɘt̪̚ kɔɽa,KIN.nephew.bro N.boy,nephew (brother's son)
lexicon.eaf,247,541200,543200,bʰɘcɘt̪̚ kuɽi,bʰɘcɘt̪̚ kuɽi,KIN.nephew.bro N.girl,niece (brother's daughter)
lexicon.eaf,248,543400,545400,gat̪e kuɽi,gat̪e kuɽi,ADJ.companion N.girl,friend (female)
lexicon.eaf,249,545600,547600,gat̪e kɔɽa,gat̪e kɔɽa,ADJ.companion N.boy,friend (male)
santali_new_glossed_1.eaf,1,0,2000,d̪ʰɘɾt̪iɾɛ gɔgɔgi gid̪ɾɘɾɛn ɟɔt̪ɔkʰɔn lɘʈu asɾa͡i̯,d̪ʰɘɾt̪i-ɾɛ gɔgɔ-gi gid̪ɾɘ-ɾɛn ɟɔt̪ɔkʰɔn lɘʈu asɾa͡i̯,world-LOC mother-EMPH child-GEN greatest shelter COP.FIN,A child's greatest shelter in the world is its mother.
santali_new_glossed_1.eaf,2,2200,4200,gɔgɔd̪ɔ ɘɖi aʈɛː haɾɔnakana mɛnkʰan ɔna haɾɔn d̪ɔ ba͡i̯ buɟʰhɘ͡o̯ oco͡akanna,gɔgɔ-d̪ɔ ɘɖi aʈɛː haɾɔn-a-kan-a mɛnkʰan ɔna haɾɔn d̪ɔ ba-i̯ buɟʰhɘ͡o̯ oco͡a-kan-a,mother-TOP much pain bear-FIN-PROG-FIN but that pain TOP NEG-3SG.SUBJ understand allow-PROG-FIN,"Mother used to bear a lot, but she did not let us understand that pain."
santali_new_glossed_1.eaf,3,4400,6400,gɔgɔd̪ɔ ɘɖiː d̪ulɘɽkan tahɛna mɛnkʰan ɔlɔʔ paɽha͡o̯ bam d̪aɽɛlɛnkʰan sasa͡o̯ɛt̪ʔlɛ t̪ɛhɛna͡i̯,gɔgɔ-d̪ɔ ɘɖiː d̪ulɘɽ-kan tahɛn-a mɛnkʰan ɔlɔʔ paɽha͡o̯ ba-m d̪aɽɛ-lɛn-kʰan sasa͡o̯ɛt̪ʔ-lɛ t̪ɛhɛn-a,mother-TOP much love-PROG stay-FIN but study-INF NEG-2SG.SUBJ be.able-COND-COND discipline-PST stay-FIN,"Mother loved me a lot, but if I didn't study, she'd also set boundaries on me."
santali_new_glossed_1.eaf,4,6600,8600,ɔko͡i̯ casɔʔ hɔɽ ɟɘsti kʰaʈaʔa unijaʔ pʰɔsɔld̪ɔ bʰagege hojo.a,ɔko͡i̯ casɔʔ hɔɽ ɟɘsti kʰaʈa-ʔ-a uni-jaʔ pʰɔsɔl-d̪ɔ bʰage-ge hojo-a,who farm person hard work-M-FIN 3SG-GEN crop-TOP good-EMPH become-FIN,A farmer who works hard gets good crops.
santali_new_glossed_1.eaf,5,8800,10800,baŋlad̪isɘm ɾenaʔ hasa d̪ɔ cas abad̪ lɘgit̪ʔ ɘɖi bʰage.ja,baŋlad̪is-ɘm ɾenaʔ hasa d̪ɔ cas abad̪ lɘgit̪ʔ ɘɖi bʰage-ja,Bangladesh-LOC GEN soil TOP cultivation farming for very good-FIN,The soil of Bangladesh is good for cultivation.
santali_new_glossed_1.eaf,6,11000,13000,ɔnat̪ɛ casɔʔ hɔɽd̪ɔ hoɽo ɘkʰɾiɲ kat̪ɛʔ bako labʰ d̪aɽɛ.jaʔkana,ɔna-t̪ɛ casɔʔ hɔɽ-d̪ɔ hoɽo ɘkʰɾiɲ kat̪ɛʔ ba-ko labʰ d̪aɽɛ-jaʔ-kan-a,that-ABL farm person-TOP paddy sell CONJ NEG-3PL profit be.able-FIN-PROG-FIN,This is why the farmers are not able to get good profits by selling paddy.
santali_new_glossed_1.eaf,7,13200,15200,a͡i̯makod̪ɔ gɘ͡i̯ ɖaŋɾa mihu mɛɾɔmko ɘsulɛt̪ʔko͡a̯,a͡i̯ma-ko-d̪ɔ gɘ͡i̯ ɖaŋɾa mihu mɛɾɔm-ko ɘsulɛ-t̪ʔ-ko-a,many-3PL-TOP cow bull goat sheep-3PL.OBJ rear-M-3PL.SUBJ-FIN,Many farmers keep cows and goats.
santali_new_glossed_1.eaf,8,15400,17400,noko ɘsul ɟano̯͡aɾ kʰɔʲcʔ t̪o͡a aɾ ɟelbon ɲaːmɛt̯ʔkana,noko ɘsul ɟano̯͡aɾ kʰɔʲcʔ t̪o-a aɾ ɟelbon ɲaːmɛ-t̪ʔ-kan-a,3PL rear animal from meat-FIN and milk get-M-PROG-FIN,Meat and milk are obtained from them.
santali_new_glossed_1.eaf,9,17600,19600,gɘ͡i̯ ɖaŋɾa ɘkʰɾiɲkat̪ɛʔ a͡i̯ma ʈakahɔ̃ ɲamɔ.a,gɘ͡i̯ ɖaŋɾa ɘkʰɾiɲ-kat̪ɛʔ a͡i̯ma ʈaka-hɔ̃ ɲam-ɔ-a,cow bull sell-CONJ much money-also get-M-FIN,A lot of money is also earned by selling cows and goats.
santali_new_glossed_1.eaf,10,19800,21800,casɔʔkanko d̪ɔ baɽgiɾɛku abad̪ɔ.a,casɔʔ-kan-ko d̪ɔ baɽgi-ɾɛ-ku abad̪ɔ-a,farm-PROG-3PL TOP land-LOC-3PL.OBJ cultivate-FIN,Farmer cultivates the land.
santali_new_glossed_1.eaf,11,22000,24000,mimit̪ʔ nakʰa ɾe.jaʔ hasa mimit̪ʔ lɛkant̪ɛ abat̪ mit̪ʔlɛka baŋ hojo.a,mimit̪ʔ nakʰa ɾe-jaʔ hasa mimit̪ʔ lɛkan-t̪ɛ abat̪ mit̪ʔ-lɛka baŋ hojo-a,each place LOC-GEN soil each type-ABL crop same-type NEG become-FIN,"The soil of each region is different, so not all regions grow the same crop."
santali_new_glossed_1.eaf,12,24200,26200,ɟud̪ɘ ɟud̪ɘ abad̪ ɔkt̪ɛ i.yɘt̪ɛ a͡i̯ma lekan abad̪ hojo.a,ɟud̪ɘ ɟud̪ɘ abad̪ ɔkt̪ɛ i.yɘ-t̪ɛ a͡i̯ma lekan abad̪ hojo-a,different different crop season come-ABL many type crop become-FIN,Different crops are grown in different seasons.
santali_new_glossed_1.eaf,13,26400,28400,abad̪ɔʔ ɛt̪ɔhɔpʔɾɛ baɽge sapʔɽa͡o̯ kat̪ɛ it̪ɘ apʰɔɾ hojo.a,abad̪ɔʔ ɛt̪ɔhɔp-ʔ-ɾɛ baɽge sapʔɽa͡o̯ kat̪ɛ it̪ɘ apʰɔɾ hojo-a,farming beginning-M-LOC land prepare CONJ then seed sow become-FIN,"Farming involves preparing the land in the beginning, then sowing the seeds there."
santali_new_glossed_1.eaf,14,28600,30600,bʰage abad̪ lɘgit̪ʔ ɟa͡o̯gi sit̪uŋ d̪aʔ aɾ sahaɾ ɟɘɾuɽa,bʰage abad̪ lɘgit̪ʔ ɟa͡o̯gi sit̪uŋ d̪aʔ aɾ sahaɾ ɟɘɾuɽ-a,good crop for regular sunlight water and fertilizer need-FIN,"Good crops require regular sunlight, water and fertilizer."
santali_new_glossed_1.eaf,15,30800,32800,gaɖaɾe.jaʔ d̪aʔ baɽgiɾɛ abat̪ lɘgit̪ʔ bɛbɔ̆haɾɔʔa,gaɖa-ɾe-jaʔ d̪aʔ baɽgi-ɾɛ abat̪ lɘgit̪ʔ bɛbɔ̆haɾ-ɔʔ-a,river-LOC-GEN water field-LOC farming for use-M-FIN,River water is used for irrigation of fields.
santali_new_glossed_1.eaf,16,33000,35000,cas abat̪ kʰɔɾɔcʔ ɟɘstiʔkant̪ɛ hoɽo abat̪ muskil hojoʔkana,cas abat̪ kʰɔɾɔc-ʔ ɟɘsti-ʔ-kan-t̪ɛ hoɽo abat̪ muskil hojo-ʔ-kan-a,crop farming cost-M increase-M-PROG-ABL paddy farming difficult become-M-PROG-FIN,Paddy cultivation has become difficult due to the rising cost of cultivation.
santali_new_glossed_1.eaf,17,35200,37200,ɟohaɾ iɲaʔ ɲit̪um d̪ɔ abu,ɟohaɾ iɲ-aʔ ɲit̪um d̪ɔ abu,greet 1SG-GEN name TOP Abu,"Greetings, my name is Abu."
santali_new_glossed_1.eaf,18,37400,39400,ɟohaɾ aʔ ɲit̪um d̪ɔ alpʰɾeʈ,ɟohaɾ aʔ ɲit̪um d̪ɔ alpʰɾeʈ,greet 1SG.GEN name TOP Alfred,"Greetings, my name is Alfred."
santali_new_glossed_1.eaf,19,39600,41600,amd̪ɔ okakʰɔnɛm hɛʲcʔakana,am-d̪ɔ oka-kʰɔn-ɛm hɛʲcʔ-a-kan-a,2SG-TOP where-ABL-2SG.SUBJ come-FIN-PROG-FIN,Where are you from?
santali_new_glossed_1.eaf,20,41800,43800,amd̪ɔ cɛt̪ʔ nɔnɖɛniʲcʔ kanam,am-d̪ɔ cɛt̪ʔ nɔnɖɛn-iʲcʔ kan-a-m,2SG-TOP what here-2SG.SUBJ COP-FIN-2SG,Are you the person from here?
santali_new_glossed_1.eaf,21,44000,46000,hɛ̃ iɲaʔ ɔɽaʔ d̪ɔ soɾɾege,hɛ̃ iɲ-aʔ ɔɽaʔ d̪ɔ soɾɾe-ge,yes 1SG-GEN house TOP nearby-EMPH,"Yes, my house is nearby."
santali_new_glossed_1.eaf,22,46200,48200,hanɛː iskul ɲɛlɔʔkan ɔna aɽɛɾɛge iɲaʔ ɔɽaʔd̪ɔ,hanɛː iskul ɲɛl-ɔʔ-kan ɔna aɽɛ-ɾɛ-ge iɲ-aʔ ɔɽaʔ-d̪ɔ,there school see-M-PROG that side-LOC-EMPH 1SG-GEN house-TOP,"The school that can be seen in front, my home is next to it."
santali_new_glossed_1.eaf,23,48400,50400,amd̪ɔ iskul maʈʰɾɛ kʰilɘʈɛm ɲɛl d̪aɽe.jaʔa aɾ gaɖa aɽet̪ɛhɔm d̪ãɽa d̪aɽe.jaʔa,am-d̪ɔ iskul maʈʰ-ɾɛ kʰilɘʈ-ɛm ɲɛl d̪aɽe-jaʔ-a aɾ gaɖa aɽe-t̪ɛ-hɔm d̪ãɽa d̪aɽe-jaʔ-a,2SG-TOP school ground-LOC play-2SG.SUBJ watch be.able-FIN-FIN and river side-ABL-2SG.SUBJ wander be.able-FIN-FIN,"You may watch the kids playing sports at the school grounds, and wander along the riverside."
santali_new_glossed_1.eaf,24,50600,52600,hɛ̃ amd̪ɔ ʈʰikgem mɛnakad̪a,hɛ̃ am-d̪ɔ ʈʰik-ge-m mɛna-kad̪-a,yes 2SG-TOP right-EMPH-2SG say-PRF-FIN,"Yes, you are right."
santali_new_glossed_1.eaf,25,52800,54800,napa͡i̯ge t̪ahɛnmɛ,napai-ge t̪ahɛn-mɛ,well-EMPH stay-IMP.2SG,Be well.
santali_new_glossed_1.eaf,26,55000,57000,amaʔ ɲit̪um d̪ɔ cɛt̪ʔ d̪ad̪aː,am-aʔ ɲit̪um d̪ɔ cɛt̪ʔ d̪ad̪aː,2SG-GEN name TOP what elder.sibling,"What is your name, brother/sister?"
santali_new_glossed_1.eaf,27,57200,59200,iɲd̪ɔ am bɘɲ oɾomɛt̪ʔmẽ̯͡a,iɲ-d̪ɔ am bɘɲ oɾom-ɛ-t̪ʔ-mẽ-a,1SG-TOP 2SG NEG recognize-TR-M-1SG.SUBJ-FIN,I don't recognize you.
santali_new_glossed_1.eaf,28,59400,61400,iɲd̪ɔ ɖʰaka kʰɔn nɔnɖɛ nukʰɾi lɘgit̪ʔiɲ hɛʲcʔakana,iɲ-d̪ɔ ɖʰaka kʰɔn nɔnɖɛ nukʰɾi lɘgit̪ʔ-iɲ hɛʲcʔ-a-kan-a,1SG-TOP Dhaka from here job for-1SG.SUBJ come-FIN-PROG-FIN,I have come here from Dhaka for my job.
santali_new_glossed_1.eaf,29,61600,63600,apɛ nakʰa d̪ɔ iɲ ɘɖi napa.jiɲ ɘ͡i̯kɘ͡o̯ɛd̪a,apɛ nakʰa d̪ɔ iɲ ɘɖi napa-jiɲ ɘ͡i̯kɘ͡o̯-ɛ-d̪a,2PL place TOP 1SG much like-1SG.SUBJ feel-TR-PRF,I like your area.
santali_new_glossed_1.eaf,30,63800,65800,hɛ̃ alɛ nakʰa d̪ɔ ɘɖige mɔ̃ːɟa,hɛ̃ alɛ nakʰa d̪ɔ ɘɖi-ge mɔ̃ːɟ-a,yes 1PL place TOP very-EMPH beautiful-FIN,"Yes, our area is very beautiful."
santali_new_glossed_1.eaf,31,66000,68000,ɘ.yupʔbɛla d̪ãɽãbaɽa͡i̯ lɘgit̪ʔ ɔka ɔka ɟagaɲ cala͡o̯ d̪aɽekɔ.a,ɘ.yupʔ-bɛla d̪ãɽãbaɽa͡i̯ lɘgit̪ʔ ɔka ɔka ɟaga-ɲ cala͡o̯ d̪aɽe-ko-a,evening-time walk.around for where where place-Q go be.able-3PL-FIN,Where can I go for an afternoon walk?
santali_new_glossed_1.eaf,32,68200,70200,iɲdɔ bɘɲ gat̪e daɽeʔɾɛhɔ̃ gat̪e ɲɛld̪ɔ ɘɖi napa.jiɲ ɘ͡i̯kɘo̯a,iɲ-dɔ bɘɲ gat̪e daɽe-ʔ-ɾɛ-hɔ̃ gat̪e ɲɛl-d̪ɔ ɘɖi napa-jiɲ ɘ͡i̯kɘo̯-a,1SG-TOP NEG well play-M-PROG-even well watch-TOP very like-1SG.SUBJ feel-FIN,"Even though I don't play well, I enjoy watching others play sports."
santali_new_glossed_1.eaf,33,70400,72400,kɾikeʈ pʰuʈbɔl aɾ haɖuɖu kʰilɘʈkuɲ kusi.jaʔa,kɾikeʈ pʰuʈbɔl aɾ haɖuɖu kʰilɘʈ-kuɲ kusi-jaʔ-a,cricket football and kabaddi play-1SG.SUBJ like-FIN-FIN,"I like Cricket, Football and Kabadi."
santali_new_glossed_1.eaf,34,72600,74600,iɲd̪ɔ iskulɾɛ paɽhaʔ ɔkt̪ɛ pʰuʈbɔliɲ kʰilɘʈɔʔkant̪ahɛ̃na,iɲ-d̪ɔ iskul-ɾɛ paɽha-ʔ ɔkt̪ɛ pʰuʈbɔl-iɲ kʰilɘʈ-ɔʔ-kan-t̪ahɛ̃n-a,1SG-TOP school-LOC study-M time football-1SG.OBJ play-M-PROG-PST.HAB-FIN,I used to play football when I was in school.
santali_new_glossed_1.eaf,35,74800,76800,nɛt̪aɾ d̪ɔ kʰilɘʈɔʔ ɾe.yaʔ ɘd̪ ɔpsɔɾ bɘnuʔt̪iɲa,nɛt̪aɾ d̪ɔ kʰilɘʈ-ɔʔ ɾe-yaʔ ɘd̪ ɔpsɔɾ bɘnu-ʔ-t̪iɲ-a,now TOP play-M LOC-GEN much opportunity NEG-M-1SG-FIN,But now I don't have time to play sports.
santali_new_glossed_1.eaf,36,77000,79000,iɲɾɛn gid̪ɾɛ d̪inɘmko kʰilɘʈɔʔa,iɲ-ɾɛn gid̪ɾɛ d̪inɘm-ko kʰilɘʈ-ɔʔ-a,1SG-GEN child daily-3PL play-M-FIN,My kids play daily.
santali_new_glossed_1.eaf,37,79200,81200,kʰilɘʈ d̪ɔ gid̪ɾɘko͡aʔ hɔɽmɔ lɘgit̪ʔ bʰage.ja,kʰilɘʈ d̪ɔ gid̪ɾɘ-ko-aʔ hɔɽmɔ lɘgit̪ʔ bʰage-ja,play TOP child-3PL-GEN body for good-FIN,Sports are good for children's physical health.
santali_new_glossed_1.eaf,38,81400,83400,mɛnkʰan nagɾahaɾɛn gid̪ɘɾpid̪ɘɾko lɘgit̪ʔ d̪ɔ kʰilɘʈ ʈʰɘ̃͡i̯ bɘnu.a,mɛnkʰan nagɾaha-ɾɛn gid̪ɘɾpid̪ɘɾ-ko lɘgit̪ʔ d̪ɔ kʰilɘʈ ʈʰɘ̃͡i̯ bɘnu-a,but city-GEN child-3PL for TOP play place NEG-FIN,"But, there is no playground for children in the city."
santali_new_glossed_1.eaf,39,83600,85600,mɛnkʰan ɔna t̪ulɘɟokʰat̪ɛ at̪oɾɛn gid̪ɘɾpid̪ɘɾ d̪ɔ ko bʰɘgange.ja,mɛnkʰan ɔna t̪ulɘɟo-kʰat̪ɛ at̪o-ɾɛn gid̪ɘɾpid̪ɘɾ d̪ɔ ko bʰɘgange-ja,but that compare-ABL village-GEN child TOP 3PL.EMPH lucky-FIN,Village kids are lucky compared to that.
santali_new_glossed_1.eaf,40,85800,87800,amsã͡o̯ galmaɾa͡o̯ kat̪ɛ ɘɖi napa.jiɲ ɘikɘ͡o̯ked̪a,am-sã͡o̯ galmaɾa͡o̯ kat̪ɛ ɘɖi napa-jiɲ ɘikɘ͡o̯-ked̪-a,2SG-COM conversation CONJ much like-1SG.SUBJ feel-PRF-FIN,Felt nice to talk to you.
santali_new_glossed_1.eaf,41,88000,90000,iɲhɔ̃ ɘɖi napa.jiɲ ɘ͡i̯kɘ͡o̯ked̪a,iɲ-hɔ̃ ɘɖi napa-jiɲ ɘ͡i̯kɘ͡o̯-ked̪-a,1SG-also much like-1SG.SUBJ feel-PRF-FIN,I liked it too.
santali_new_glossed_1.eaf,42,90200,92200,gɔː baɟaɾ kʰɔn cɛt̪ʔ cɛt̪ʔ ɘgu͡i̯ hojo.a,gɔː baɟaɾ kʰɔn cɛt̪ʔ cɛt̪ʔ ɘgu-i̯ hojo-a,mother market from what what bring-INF become-FIN,"Mom, what needs to be brought from the market?"
santali_new_glossed_1.eaf,43,92400,94400,d̪aka ɔɽaʔɾɛ sɛn kat̪ɛʲcʔ ɲɛlmɛ ɘlu ʈamaʈol gaɟɔɾ bɛŋgaɽ sunum pi.yãɟ buluŋ t̪inɘʔgan mena.a,d̪aka ɔɽaʔ-ɾɛ sɛn kat̪ɛʲcʔ ɲɛl-mɛ ɘlu ʈamaʈol gaɟɔɾ bɛŋgaɽ sunum pi.yãɟ buluŋ t̪inɘʔ-gan mena-a,kitchen house-LOC go CONJ see-IMP.2SG potato tomato carrot brinjal oil onion salt how.much-Q exist-FIN,"Go to the kitchen and see how much potato, tomato, carrot, brinjal, oil, onion, salt is left."
santali_new_glossed_1.eaf,44,94600,96600,ɘlud̪ɔ mit̪ʔbɛla ut̪u lɛkʰan caba.a,ɘlu-d̪ɔ mit̪ʔ-bɛla ut̪u lɛkʰan caba-a,potato-TOP one-meal cook if finish-FIN,Potatoes will be finished in one meal.
santali_new_glossed_1.eaf,45,96800,98800,ʈamaʈol d̪ɔ a.yma mena.a aɾhɔ̃ kiɾiɲ lekʰan bɘɽiːɟɔ.a,ʈamaʈol d̪ɔ a.yma mena-a aɾ-hɔ̃ kiɾiɲ lekʰan bɘɽiːɟ-ɔ-a,tomato TOP many exist-FIN more-also buy if rot-M-FIN,"There are plenty of tomatoes, if you buy more, those will get rotten."
santali_new_glossed_1.eaf,46,99000,101000,gaɟɔɾ d̪ɔ caba͡i̯na,gaɟɔɾ d̪ɔ caba-i̯n-a,carrot TOP finish-COMPL-FIN,Carrots are finished.
santali_new_glossed_1.eaf,47,101200,103200,bɛŋgaɽ ɔka mɛna.a ɔna d̪ɔ baɾ d̪ʰa͡o isinbasaŋɔ.a,bɛŋgaɽ ɔka mɛna-a ɔna d̪ɔ baɾ d̪ʰa͡o isink-basak-ɔ-a,eggplant what exist-FIN that TOP two time cook-be.possible-M-FIN,Eggplant can be cooked twice with what's left.
santali_new_glossed_1.eaf,48,103400,105400,bɔt̪ɔlɾɛ d̪ɔ sunum bɘnu.a,bɔt̪ɔl-ɾɛ d̪ɔ sunum bɘnu-a,bottle-LOC TOP oil NEG-FIN,There is no oil in the oil bottle.
santali_new_glossed_1.eaf,49,105600,107600,pi.yãɟ aɾ buluŋ baŋ kiɾiɲ lekʰaʲcʔ hɔ̃ hojoʔge.ja,pi.yãɟ aɾ buluŋ baŋ kiɾiɲ lekʰaʲcʔ hɔ̃ hojo-ʔ-ge-ja,onion and salt NEG buy even.if also be-M-EMPH-FIN,It will be just fine even if you don't buy onion and salt.
santali_new_glossed_1.eaf,50,107800,109800,t̪ʰɔɽa aɽaʔhɔ̃ ɘgu t̪oɾa͡i̯mɛ,t̪ʰɔɽa aɽaʔ-hɔ̃ ɘgu t̪oɾa͡i̯-mɛ,little leaf.vegetable-also bring come-IMP.2SG,Bring some leafy greens along.
santali_new_glossed_1.eaf,51,110000,112000,bele ɾe.yaʔ d̪am ɖʰeɾgekʰan alɔm kiɾiɲa,bele ɾe-yaʔ d̪am ɖʰeɾge-kʰan alɔm kiɾiɲ-a,egg LOC-GEN price high-if PROHIB buy-FIN,But do not buy them if the price of eggs is high.
santali_new_glossed_1.eaf,52,112200,114200,ɔɽaʔɾɛ piʈʰɘbon t̪e.yaɾa,ɔɽaʔ-ɾɛ piʈʰɘ-bon t̪e.ya-ɾ-a,house-LOC rice.cake-1PL.OBJ make-FUT-FIN,I will make cake at home.
santali_new_glossed_1.eaf,53,114400,116400,ʈʰikgi.ja gɔː,ʈʰik-gi-ja gɔː,alright-EMPH-FIN mother,Alright mom.
santali_new_glossed_1.eaf,54,116600,118600,acʰa ɛnhɔ̃ ɟahanaʔɛm d̪isɘ lekʰaʲcʔ pʰon kat̪ɛʔɛm baɖa͡i̯ ocoɲ.ɲa,acʰa ɛn-hɔ̃ ɟahana-ʔ-ɛm d̪isɘ lekʰaʲcʔ pʰon kat̪ɛʔ-ɛm baɖa͡i̯ oco-ɲ-a,okay then-also remember-M-2SG.SUBJ anything if phone CONJ-2SG.SUBJ inform let-1SG.OBJ-FIN,"Okay. Even then, if you remember anything, you will call me."
santali_new_glossed_1.eaf,55,118800,120800,husi.yɘɾt̪ɛ calaʔmɛ,husi.yɘɾ-t̪ɛ calaʔ-mɛ,careful-ABL go-IMP.2SG,Go carefully.
santali_new_glossed_1.eaf,56,121000,123000,ʈaka pa͡i̯sa mɔɟt̪ɛ d̪ɔhɔ͡i̯mɛ,ʈaka pa͡i̯sa mɔɟ-t̪ɛ d̪ɔhɔ͡i̯-mɛ,money coin properly-ABL keep-IMP.2SG,Keep the money safely.
santali_new_glossed_1.eaf,57,123200,125200,bele kiɾiɲ ɘgu͡i̯mɛ mit̪ʔ ganɖa,bele kiɾiɲ ɘgu-i̯-mɛ mit̪ʔ ganɖa,egg buy bring-INF-IMP.2SG one hali.of.four,"And buy eggs, 4 (1 hali)."
santali_new_glossed_1.eaf,58,125400,127400,t̪ɔ̯͡a aɾ cini laga.a sɛ cɛt̪ʔ,t̪ɔ̯͡a aɾ cini laga-a sɛ cɛt̪ʔ,milk and sugar need-FIN Q what,"Do you need milk, sugar?"
santali_new_glossed_1.eaf,59,127600,129600,cini baŋkat̪ɛ mĩt̪ʔ kiɟi guɽ kiɾiɲ ɘgu͡i̯mɛ,cini baŋ-kat̪ɛ mĩt̪ʔ kiɟi guɽ kiɾiɲ ɘgu-i̯-mɛ,sugar NEG-instead one kilo jaggery buy bring-INF-IMP.2SG,Bring 1 kg jaggery instead of buying sugar.
santali_new_glossed_1.eaf,60,129800,131800,aɾ ɟahanaʔ laga.a sɛ cɛt̪ʔ,aɾ ɟahana-ʔ laga-a sɛ cɛt̪ʔ,more anything-M need-FIN Q what,Do you need anything else?
santali_new_glossed_1.eaf,61,132000,134000,t̪o̯͡a kiɾiɲ sɔmɔ.yɛm ɲɛlaː d̪aʔ mɛsala sɛ cɛt̪ʔ,t̪o̯͡a kiɾiɲ sɔmɔ.y-ɛm ɲɛlaː d̪aʔ mɛsa-la sɛ cɛt̪ʔ,milk buy time-2SG.SUBJ see water mix-COMPL Q what,"While buying milk, check whether water is mixed in it or not."
santali_new_glossed_1.eaf,62,134200,136200,d̪aʔ d̪ɔ ɟi.jon kana,d̪aʔ d̪ɔ ɟi.jon kan-a,water TOP life COP-FIN,Another name for water is life.
santali_new_glossed_1.eaf,63,136400,138400,d̪aʔ bɛgɔɾt̪ɛ abo d̯ɔ babon ɟiu̯͡ed̪ɔʔa,d̪aʔ bɛgɔɾ-t̪ɛ abo d̯ɔ ba-bon ɟiu̯͡e-d̪ɔʔ-a,water without-ABL 1PL TOP NEG-1PL.SUBJ live-be.able-FIN,We cannot live without water.
santali_new_glossed_1.eaf,64,138600,140600,d̪in hilɘʔgɛ d̪aʔ d̪ɔ a.yma kɘmiɾɛ bɛ͡ɔ̯haɾɔʔkana,d̪in hilɘʔ-gɛ d̪aʔ d̪ɔ a.yma kɘmi-ɾɛ bɛ͡ɔ̯haɾ-ɔʔ-kan-a,day each-EMPH water TOP many work-LOC use-M-PROG-FIN,Everyday we need to use water for various purposes.
santali_new_glossed_1.eaf,65,140800,142800,abo d̪ɔ nɔlkup̚ pukʰɾi aɾ kuɲ koɾɛkʰɔʲcʔ d̪aʔbon ɲamed̪a,abo d̪ɔ nɔlkup̚ pukʰɾi aɾ kuɲ koɾɛ-kʰɔʲcʔ d̪aʔ-bon ɲame-d̪-a,1PL TOP tubewell pond and well from-ABL water-1PL.OBJ get-PRF-FIN,"We get water from tube wells, ponds, wells and rivers."
santali_new_glossed_1.eaf,66,143000,145000,mɘ͡i̯lɘ d̪aʔ bɛ͡ɔ̯haɾ lɛkʰan hɔɽmɔɾɛ ɾu̯͡ɘ hɛʲcʔ daɽɛ͡o̯a.a,mɘ͡i̯lɘ d̪aʔ bɛ͡ɔ̯haɾ lɛkʰan hɔɽmɔ-ɾɛ ɾu̯͡ɘ hɛʲcʔ daɽɛ͡o̯-a-a,dirty water use if body-LOC disease come be.able-FIN-FIN,Contaminated water can cause illness in the body.
santali_new_glossed_1.eaf,67,145200,147200,mɘ͡i̯lɘ d̪aʔ hɛɖɛʲcʔ kat̪ɛʔ ɲuʔgi.ja,mɘ͡i̯lɘ d̪aʔ hɛɖɛ-ʲcʔ kat̪ɛʔ ɲuʔ-gi-ja,dirty water boil-M CONJ drink-EMPH-FIN,Contaminated water can be boiled and consumed.
santali_new_glossed_1.eaf,68,147400,149400,nɔlkup̚ ɾe.yaʔ sɛ ɾɛ.yaɽ d̪aʔ d̪ɔ t̪et̪aŋɛ maɾao̯͡a,nɔlkup̚ ɾe-yaʔ sɛ ɾɛ-yaɽ d̪aʔ d̪ɔ t̪et̪aŋ-ɛ maɾao-a,tubewell LOC-GEN or well-GEN water TOP thirst-TR quench-FIN,Cold water from tube well/well quenches thirst.
santali_new_glossed_1.eaf,69,149600,151600,mɛnkʰan set̪uŋdin gaɖa sɔɖɔʔ pukʰɾi aɾ ɟʰaɾna d̪aʔ aɲɟɛd̪ɔʔkana,mɛnkʰan set̪uŋ-din gaɖa sɔɖɔʔ pukʰɾi aɾ ɟʰaɾna d̪aʔ aɲɟɛ-d̪ɔʔ-kan-a,but hot-day river stream pond and spring water dry-be.able-PROG-FIN,"Many ponds, rivers and springs dry up on hot summer days."
santali_new_glossed_1.eaf,70,151800,153800,no̯͡a kaɾɔnt̪ɛ a.yma ʈʰɘ̃͡i̯ɾɛ d̪ɔ d̪aʔ ɾenaʔ ɔbʰab hujuʔkana,no̯͡a kaɾɔn-t̪ɛ a.yma ʈʰɘ̃͡i̯-ɾɛ d̪ɔ d̪aʔ ɾenaʔ ɔbʰab huju-ʔ-kan-a,this reason-ABL many place-LOC TOP water GEN shortage become-M-PROG-FIN,This is why there is water shortage in many areas.
santali_new_glossed_1.eaf,71,154000,156000,unɾɛ ɟɔt̪ɔhɔɽ bɘɾsɘ ɔkt̪ɛ ɾe.yaʔko t̪ɘŋi̯͡a,un-ɾɛ ɟɔt̪ɔhɔɽ bɘɾsɘ ɔkt̪ɛ ɾe-yaʔ-ko t̪ɘŋi̯-a,then-LOC all.person rain time LOC-GEN-3PL wait-FIN,Everyone then waits for monsoon/rain.
santali_new_glossed_1.eaf,72,156200,158200,a͡i̯maku d̪ɔ bɘɾsɛ ɾenaʔ d̪aʔ ku d̪ɔhɔ ɟogao̯͡a,a͡i̯ma-ku d̪ɔ bɘɾsɛ ɾenaʔ d̪aʔ ku d̪ɔhɔ ɟogao̯͡-a,many-3PL TOP rain GEN water 3PL.OBJ keep store-FIN,Many people store rainwater.
santali_new_glossed_1.eaf,73,158400,160400,bɘɾse ɾenaʔ d̪aʔ d̪ɔ ɲu͡i̯ lɘgit̪ʔ bʰage ge.ja,bɘɾse ɾenaʔ d̪aʔ d̪ɔ ɲu͡i̯ lɘgit̪ʔ bʰage ge-ja,rain GEN water TOP drink for good EMPH-FIN,Rainwater is good for drinking.
santali_new_glossed_1.eaf,74,160600,162600,mɛnkʰan d̪aʔ d̪ɔ a.yma lɛkat̪ɛ bɘɽiɟɔʔ kana,mɛnkʰan d̪aʔ d̪ɔ a.yma lɛka-t̪ɛ bɘɽiɟɔ-ʔ kan-a,but water TOP many type-ABL pollute-M COP-FIN,Water is getting contaminated/polluted in various ways.
santali_new_glossed_1.eaf,75,162800,164800,iɲiɲ ɲɛla,iɲ-iɲ ɲɛl-a,1SG-1SG.SUBJ see-FIN,I see.
santali_new_glossed_1.eaf,76,165000,167000,ɘliɲliɲ ɲɛla,ɘliɲ-liɲ ɲɛl-a,1DU.EXCL-1DU.EXCL.SUBJ see-FIN,We two see. (exclusive)
santali_new_glossed_1.eaf,77,167200,169200,alɛlɛ ɲɛla,alɛ-lɛ ɲɛl-a,1PL.INCL-1PL.INCL.SUBJ see-FIN,We see.
santali_new_glossed_1.eaf,78,169400,171400,amɛm ɲɛla,am-ɛm ɲɛl-a,2SG-2SG.SUBJ see-FIN,You see.
santali_new_glossed_1.eaf,79,171600,173600,abɛnbɛn ɲɛla,abɛn-bɛn ɲɛl-a,2DU-2DU.SUBJ see-FIN,You two see.
santali_new_glossed_1.eaf,80,173800,175800,apɛpɛ ɲɛla,apɛ-pɛ ɲɛl-a,2PL-2PL.SUBJ see-FIN,You see. (plural)
santali_new_glossed_1.eaf,81,176000,178000,uni͡i̯ ɲɛla,uni-i̯ ɲɛl-a,3SG.ANIM-3SG.ANIM.SUBJ see-FIN,He/She sees.
santali_new_glossed_1.eaf,82,178200,180200,ɔna͡i̯ ɲɛla,ɔna-i̯ ɲɛl-a,3SG.INAN-3SG.INAN.SUBJ see-FIN,That sees.
santali_new_glossed_1.eaf,83,180400,182400,unkinkin ɲɛla,unkin-kin ɲɛl-a,3DU.ANIM-3DU.ANIM.SUBJ see-FIN,They two see. (animate)
santali_new_glossed_1.eaf,84,182600,184600,ɔnakinkin ɲɛla,ɔnakin-kin ɲɛl-a,3DU.INAN-3DU.INAN.SUBJ see-FIN,Those two see.
santali_new_glossed_1.eaf,85,184800,186800,onkoko ɲɛla,onko-ko ɲɛl-a,3PL.ANIM-3PL.ANIM.SUBJ see-FIN,They see. (animate)
santali_new_glossed_1.eaf,86,187000,189000,ɔnakoko ɲɛla,ɔnako-ko ɲɛl-a,3PL.INAN-3PL.INAN.SUBJ see-FIN,Those see.
santali_new_glossed_1.eaf,87,189200,191200,iɲ bɘɲ ɲɛla,iɲ bɘɲ ɲɛl-a,1SG NEG see-FIN,I do not see.
santali_texts_glossed.eaf,1,0,2000,manoa d̪ɔ gʰaɾɔ̃ɟɾɛko hahɾaa,mano-a d̪ɔ gʰaɾɔ̃ɟ-ɾɛ-ko hahɾa-a,person-PL TOP family-LOC-3PL grow-FIN,People grow up in families.
santali_texts_glossed.eaf,2,2200,4200,gʰaɾɔ̃ɟ d̪ɔ manoakoaʔ pɘhiːl iskulkana,gʰaɾɔ̃ɟ d̪ɔ mano-ako-aʔ pɘhil iskul-kana,family TOP person-3PL-GEN first school-COP.PRS,Family is people's first school.
santali_texts_glossed.eaf,3,4400,6400,cɛd̪aʔɟɛ manoa d̪ɔ pɘhil sikʰnɘt̪ʔ gʰaɾɔ̃ɟkʰɔngeko ɲaːma,cɛd̪aʔ-ɟɛ mano-a d̪ɔ pɘhil sikʰnɘt̪ gʰaɾɔ̃ɟ-kʰɔn-ge-ko ɲam-a,because-3SG person-PL TOP first education family-ABL-EMPH-3PL get-FIN,"Because, people get their education from family first."
santali_texts_glossed.eaf,4,6600,8600,gʰaɾɔ̃ɟ d̪ɔ kɘʈiʲʔ lɘʈu hoi d̪aɽejaʔa,gʰaɾɔ̃ɟ d̪ɔ kɘʈiʲc lɘʈu hoi d̪aɽe-jaʔ-a,family TOP small big become can-FIN-FIN,"Families can be of various types, extended and small."
santali_texts_glossed.eaf,5,8800,10800,baba gɔgɔ aɾ gid̪ɾɘku sãot̪ɛ mit̪ʔʈɛʲʔ kɘʈiʈʔ gʰaɾɔ̃ɟ hojoʔa,baba gɔgɔ aɾ gid̪ɾɘ-ku sãot̪ɛ mit̪-ʈɛʲc kɘʈiʈc gʰaɾɔ̃ɟ hojoʔ-a,father mother and child-3PL with one-CLF small family become-FIN,A small family is formed with parents and children.
santali_texts_glossed.eaf,6,11000,13000,lɘʈu gʰaɾɔ̃ɟɾɛ d̪ɔ gɔgɔ baba bɔiha misɾa hɔpɔnba hɔpɔngɔ aɾ buɖɘ buɖigɔ mit̪ʔsãot̪ɛko t̪ahɛ̃na,lɘʈu gʰaɾɔ̃ɟ-ɾɛ d̪ɔ gɔgɔ baba bɔiha misɾa hɔpɔnba hɔpɔngɔ aɾ buɖɘ buɖigɔ mit̪-sãot̪ɛ-ko t̪ahɛ̃n-a,big family-LOC TOP mother father brother sister uncle aunt and grandfather grandmother one-together-3PL stay-FIN,"In extended families, parents, siblings, uncles and grandparents live together."
santali_texts_glossed.eaf,7,13200,15200,net̪aɾ d̪ɔ lɘʈu gʰaɾɔ̃ɟ ɾɘput̪ʔ kat̪ɛ kɘʈiʲʔ kɘʈiʲʔ gʰaɾɔ̃ɟ hojoʔkana,net̪aɾ d̪ɔ lɘʈu gʰaɾɔ̃ɟ ɾɘput̪-kat̪ɛ kɘʈiʲc kɘʈiʲc gʰaɾɔ̃ɟ hojoʔ-kana,now TOP big family break-CVB small small family become-PROG,Extended families are now breaking apart into smaller families.
santali_texts_glossed.eaf,8,15400,17400,gʰaɾɔ̃ɟ kʰɔn manoa d̪ɔ cal cɔlɔn aɾ ɘɾi cɘliko cid̪a,gʰaɾɔ̃ɟ-kʰɔn mano-a d̪ɔ cal cɔlɔn aɾ ɘɾi cɘli-ko cid̪-a,family-ABL person-PL TOP behavior conduct and custom rule-3PL learn-FIN,People learn manners and customs from the family.
santali_texts_glossed.eaf,9,17600,19600,gʰaɾɔ̃ɟɾɛ manoa d̪ɔ sukʔ aɾ dukʔɾɛ mit̪ʔsãot̪ɛko t̪ahɛ̃na,gʰaɾɔ̃ɟ-ɾɛ mano-a d̪ɔ sukʔ aɾ dukʔ-ɾɛ mit̪-sãot̪ɛ-ko t̪ahɛ̃n-a,family-LOC person-PL TOP joy and sorrow-LOC one-together-3PL stay-FIN,Family members stay by each other's side in happiness and sadness.
santali_texts_glossed.eaf,10,19800,21800,sanam gʰaɾɔ̃ɟ ɾejaʔge ɟud̪ɘ ɟud̪ɘ pɘɾis aɾ bõs t̪ahɛ̃nt̪akoa,sanam gʰaɾɔ̃ɟ ɾejaʔ-ge ɟud̪ɘ ɟud̪ɘ pɘɾis aɾ bõs t̪ahɛ̃n-t̪a-ko-a,every family GEN-EMPH different different surname and lineage stay-AUX-3PL-FIN,Each family has a different surname or lineage.
santali_texts_glossed.eaf,11,22000,24000,gʰaɾɔ̃ɟ d̪ɔ sed̪aihɔ̃ t̪ahɛ̃kana aɾ nahaʔ ɟugɾɛhɔ̃ t̪ahɛ̃na,gʰaɾɔ̃ɟ d̪ɔ sed̪ai-hɔ̃ t̪ahɛ̃n-kana aɾ nahaʔ ɟug-ɾɛ-hɔ̃ t̪ahɛ̃n-a,family TOP past-also stay-COP.PST and now era-LOC-also stay-FIN,"Family was in the past, will be in the future."
santali_texts_glossed.eaf,12,24200,26200,gʰaɾɔ̃ɟ baŋkʰan manoa d̪ɔ lɛklɛkat̪ɛ bako haɾa buɾua,gʰaɾɔ̃ɟ baŋ-kʰan mano-a d̪ɔ lɛklɛkat̪ɛ ba-ko haɾa buɾu-a,family NEG-COND person-PL TOP properly NEG-3PL grow rise-FIN,People do not grow properly without family.
santali_texts_glossed.eaf,13,26400,28400,manoa d̪ɔ gʰaɾɔ̃ɟkʰɔn ɟɘɾuɽaʔ gɔɽɔku ɲama,mano-a d̪ɔ gʰaɾɔ̃ɟ-kʰɔn ɟɘɾuɽ-aʔ gɔɽɔ-ko ɲam-a,person-PL TOP family-ABL needed-GEN help-3PL get-FIN,People get useful support from their families.
santali_texts_glossed.eaf,14,28600,30600,gʰaɾɔ̃ɟ boge d̪ɔhɔilɘgit̪ʔ ɟot̪ɔhɔɽaʔgi d̪ajikʔ menaa,gʰaɾɔ̃ɟ boge d̪ɔhɔ-i-lɘgit̪ ɟot̪ɔ-hɔɽ-aʔ-gi d̪ajik mena-a,family well keep-3SG-PURP every-person-GEN-EMPH responsibility EXIST-FIN,Everyone has a responsibility to their family.
santali_texts_glossed.eaf,15,30800,32800,ɔkɔjaʔ ɖʰeɾ d̪aɽe noa niɘ mit̪ʔ d̪in hoi aɾ siɲ cand̪o t̪alaɾɛ kapʰaɾiɘ ɛhɔpʔena,ɔkɔ-jaʔ ɖʰeɾ d̪aɽe noa ni-ɘ mit̪ d̪in hoi aɾ siɲ-cand̪o t̪ala-ɾɛ kapʰaɾiɘ ɛhɔp-ʔ-ena,which-GEN much power this take-INF one day wind and sun-moon middle-LOC argument begin-PASS-PST.MID,An argument began between the wind and the Sun over whose power was mightier.
santali_texts_glossed.eaf,16,33000,35000,siɲ cand̪oi mɛnked̪a ajaʔ d̪aɽe d̪ɔ hoikʰɔn hɔ̃ ɟɘst̪igetaja,siɲ-cand̪o-i mɛn-ked̪-a a-jaʔ d̪aɽe d̪ɔ hoi-kʰɔn hɔ̃ ɟɘst̪i-ge-t-a-ja,sun-moon-3SG say-PST.A-FIN 3SG-GEN power TOP wind-ABL also more-EMPH-AUX-FIN-3SG,The Sun said he is stronger than the wind.
santali_texts_glossed.eaf,17,35200,37200,aɾ hojɛ mɛnɛd̪a ajaʔ d̪aɽe d̪ɔ siɲ cand̪o kʰɔn hɔ̃ ɟɘst̪igetaja,aɾ hoi-ɛ mɛn-ɛd̪-a a-jaʔ d̪aɽe d̪ɔ siɲ-cand̪o kʰɔn hɔ̃ ɟɘst̪i-ge-t-a-ja,and wind-3SG say-PROG-FIN 3SG-GEN power TOP sun-moon ABL also more-EMPH-AUX-FIN-3SG,The wind said he was stronger than the sun.
santali_texts_glossed.eaf,18,37400,39400,un ɔkt̪ɛkin ɲɛlked̪a ɖahaɾt̪ɛ mit̪ʔ hɔɽɛ t̪aɽam id̪iid̪a,un ɔkt̪ɛ-kin ɲɛl-ked̪-a ɖahaɾ-t̪ɛ mit̪ hɔɽ-ɛ t̪aɽam id̪i-id̪-a,that time-3DU see-PST.A-FIN road-INSTR one person-3SG walk go-PROG-FIN,At that time they saw a man walking along the road.
santali_texts_glossed.eaf,19,39600,41600,aɾ hoi d̪ɔ ɘɖi ɾaŋgaot̪ɛ ɔʈaŋɔʔ ɛhɔpʔena aɾ uni hɔɽaʔ kicɾiʲʔ d̪ɔ ɔʈaŋ calaʔ lɛkaina,aɾ hoi d̪ɔ ɘɖi ɾaŋga-ot̪ɛ ɔʈaŋ-ɔʔ ɛhɔp-ena aɾ uni hɔɽ-aʔ kicɾiʲc d̪ɔ ɔʈaŋ calaʔ lɛka-i-na,and wind TOP very strong-INSTR blow-PASS begin-PST.MID and DEM person-GEN cloth TOP blow go-like-3SG-FIN,"In the beginning, the wind was blowing very strongly and the man's clothes were almost flying in the wind."
santali_texts_glossed.eaf,20,41800,43800,nɔŋka ɲɛlt̪ɛ uni hɔɽ d̪ɔ ajaʔ kicɾiʲʔ kaɟakt̪ɛi sapʔ uɾiʲʔked̪a,nɔŋka ɲɛl-t̪ɛ uni hɔɽ d̪ɔ a-jaʔ kicɾiʲc kaɟak-t̪ɛ-i sap uɾiʲc-ked̪-a,thus see-INSTR DEM person TOP 3SG-GEN cloth tight-INSTR-3SG hold grip-PST.A-FIN,"Seeing this situation, the man gripped on his clothes very hard."
santali_texts_glossed.eaf,21,44000,46000,hoi kakʰanaʔt̪ɛ ɾejaɽ hɔ̃ ɾejaɽid̪ikan t̪ahɛ̃kana ɔna ijɘt̪ɛ aɾ mit̪ʔʈɛt̪ʔ picʰɘoɽit̪ɛi uju ɟuːt̪ena,hoi kakʰanaʔ-t̪ɛ ɾejaɽ hɔ̃ ɾejaɽ-id̪i-kan t̪ahɛ̃-kana ɔna ijɘ-t̪ɛ aɾ mit̪-ʈɛt̪ picʰɘoɽi-t̪ɛ-i uju ɟu-t̪-ena,wind because-INSTR cold also cold-feel-PROG stay-COP.PST that reason-INSTR and one-CLF shawl-INSTR-3SG wrap put-AUX-PST.MID,"He felt cold because of the wind, so he wrapped another shawl around himself."
santali_texts_glossed.eaf,22,46200,48200,aɾ hoi d̪ɔ uni hɔɽaʔ hɔɽmɔ kʰɔn kicɾiʲʔ bai ɔcɔʔ d̪aɽeoaʔt̪aja,aɾ hoi d̪ɔ uni hɔɽ-aʔ hɔɽmɔ-kʰɔn kicɾiʲc ba-i ɔcɔʔ d̪aɽe-oaʔ-t̪-a-ja,and wind TOP DEM person-GEN body-ABL cloth NEG-3SG remove can-CAUS-AUX-FIN-3SG,The wind failed to undress the man.
santali_texts_glossed.eaf,23,48400,50400,ɔna t̪ajɔm siɲ cand̪o d̪ɔ ajaʔ d̪aɽe ud̪uʔɛ ɛhɔpʔena,ɔna t̪ajɔm siɲ-cand̪o d̪ɔ a-jaʔ d̪aɽe ud̪uʔ-ɛ ɛhɔp-ena,that after sun-moon TOP 3SG-GEN power show-3SG begin-PST.MID,Then the Sun began to show his power.
santali_texts_glossed.eaf,24,50600,52600,siɲ cand̪o d̪ɔ ajaʔ ɛlaŋɛ ɟɘst̪i id̪iked̪a,siɲ-cand̪o d̪ɔ a-jaʔ ɛlaŋ-ɛ ɟɘst̪i id̪i-ked̪-a,sun-moon TOP 3SG-GEN heat-3SG more take-PST.A-FIN,The Sun increased its heat.
santali_texts_glossed.eaf,25,52800,54800,sit̪uŋ ɟɘst̪i id̪ijɛnkʰan uni hɔɽ d̪ɔ lɔlɔt̪ɛ bai t̪ahɛ̃ d̪aɽejad̪a,sit̪uŋ ɟɘst̪i id̪i-jɛn-kʰan uni hɔɽ d̪ɔ lɔlɔ-t̪ɛ ba-i t̪ahɛ̃ d̪aɽe-jad̪-a,sun more take-PST.MID-COND DEM person TOP heat-INSTR NEG-3SG stay can-PST.A-FIN,"As the sun rose little by little, the man became restless in the heat."
santali_texts_glossed.eaf,26,55000,57000,lɔlɔt̪ɛ uni hɔɽ d̪ɔ ajaʔ hɔɽmɔ kʰɔn aŋɾɔpʔ aɾ picʰɘoɽi d̪ɔi ɾaɽa giɖikad̪a,lɔlɔ-t̪ɛ uni hɔɽ d̪ɔ a-jaʔ hɔɽmɔ-kʰɔn aŋɾɔp aɾ picʰɘoɽi d̪ɔ-i ɾaɽa giɖi-kad̪-a,heat-INSTR DEM person TOP 3SG-GEN body-ABL shirt and shawl TOP-3SG remove throw-PST.A-FIN,"In that heat, the man took off his clothes and shawl."
santali_texts_glossed.eaf,27,57200,59200,siɲ cand̪o aɾ hoi talaɾɛ siɲ cand̪ogii ɟit̪ɘoena,siɲ-cand̪o aɾ hoi tala-ɾɛ siɲ-cand̪o-gi-i ɟit̪ɘ-oena,sun-moon and wind middle-LOC sun-moon-EMPH-3SG win-PST.MID,"Between the Sun and the wind, the Sun won."
santali_texts_glossed.eaf,28,59400,61400,ɟohaɾ d̪ad̪a iɲaʔ ɲut̪umd̪ɔ ɾoːni,ɟohaɾ d̪ad̪a iɲ-aʔ ɲut̪um-d̪ɔ ɾoni,greetings brother 1SG-GEN name-TOP Roni,"Visitant: Greetings brother, my name is Rumi."
santali_texts_glossed.eaf,29,61600,63600,amd̪ɔ cɛt̪ʔ niɘ at̪oɾɛnkanam,am-d̪ɔ cɛt̪ ni-ɘ at̪o-ɾɛn-kana-m,2SG-TOP what take-INF village-GEN-COP.PRS-2SG,Visitant: Are you from this village?
santali_texts_glossed.eaf,30,63800,65800,ɟohaɾ hɛ̃ iɲd̪ɔ nɔnɖɛniʔkangɘɲ,ɟohaɾ hɛ̃ iɲ-d̪ɔ nɔnɖɛ-niʔ-kana-ɲ,greetings yes 1SG-TOP here-PROX-COP.PRS-1SG,"Local: Greetings. Yes, I'm from here."
santali_texts_glossed.eaf,31,66000,68000,amd̪ɔ cɛt̪ʔ ɟahanaʔ baɖajɛm kʰɔɟɔʔkana,am-d̪ɔ cɛt̪ ɟahanaʔ baɖa-jɛ-m kʰɔɟɔʔ-kana,2SG-TOP what something know-INF-2SG search-PROG,Local: Do you want to know something?
santali_texts_glossed.eaf,32,68200,70200,iɲaʔ ɔɽaʔ nɔnɖɛkʰɔn ɘɖiː sɘŋgiɲɾɛ,iɲ-aʔ ɔɽaʔ nɔnɖɛ-kʰɔn ɘɖi sɘŋgiɲ-ɾɛ,1SG-GEN house here-ABL very far-LOC,Visitant: My house is very far from here.
santali_texts_glossed.eaf,33,70400,72400,aɲɟɔmakad̪ɘɲ apɛ at̪oɾɛ miʔʈɛn lɘːʈu baɽed̪aɾe menaa,aɲɟɔm-akad̪-ɘɲ apɛ at̪o-ɾɛ mit-ʈɛn lɘʈu baɽe-d̪aɾe mena-a,hear-PRF-1SG 2PL village-LOC one-CLF big banyan-tree EXIST-FIN,Visitant: I heard that there is a big banyan tree in your village.
santali_texts_glossed.eaf,34,72600,74600,iɲd̪ɔ ona d̪aɾe ɲɛɲɛliɲ hɛʲʔakana,iɲ-d̪ɔ ona d̪aɾe ɲɛ-ɲɛl-iɲ hɛc-akana,1SG-TOP that tree REDUP-see-1SG come-PRF,Visitant: I have come to see that tree.
santali_texts_glossed.eaf,35,74800,76800,amd̪ɔ cɛʈ̪ʔ ɔnɖɛ calaʔɛm mɛnɛd̪a,am-d̪ɔ cɛt̪ ɔnɖɛ calaʔ-ɛ-m mɛn-ɛd̪-a,2SG-TOP what there go-INF-2SG say-PROG-FIN,Local: Do you want to go there?
santali_texts_glossed.eaf,36,77000,79000,iɲd̪ɔ am calaʔ ɾejaʔ ɖahaɾiɲ lɘjamkana,iɲ-d̪ɔ am calaʔ ɾejaʔ ɖahaɾ-iɲ lɘja-m-kana,1SG-TOP 2SG go GEN road-1SG tell-2SG-PROG,Local: I am telling you the way to go.
santali_texts_glossed.eaf,37,79200,81200,iɲd̪ɔ ɟɘɾuɽge ɔnɖɛɲ calaa,iɲ-d̪ɔ ɟɘɾuɽ-ge ɔnɖɛ-ɲ cala-a,1SG-TOP definite-EMPH there-1SG go-FIN,Visitant: I will definitely go there.
santali_texts_glossed.eaf,38,81400,83400,iɲd̪ɔ baɽed̪aɾe nijɘt̪ɛ kagɔɟɾɛɲ ɔːla,iɲ-d̪ɔ baɽe-d̪aɾe ni-jɘ-t̪ɛ kagɔɟ-ɾɛ-ɲ ɔl-a,1SG-TOP banyan-tree take-INF-INSTR newspaper-LOC-1SG write-FIN,Visitant: I will write about the banyan tree in the newspaper.
santali_texts_glossed.eaf,39,83600,85600,amʈʰɛnkʰɔn d̪aɾe babɔt̪ʔt̪ɛ badajiɲ kʰɔɟɔʔkana,am-ʈʰɛn-kʰɔn d̪aɾe babɔt̪-t̪ɛ baɖa-i-ɲ kʰɔɟɔʔ-kana,2SG-from-ABL tree about-INSTR know-INF-1SG search-PROG,Visitant: I want to know from you about the tree.
santali_texts_glossed.eaf,40,85800,87800,buɟʰhɘokid̪ɘɲ,buɟʰ-hɘo-kid̪-ɘɲ,understand-become-PST.A-1SG,Local: Got it.
santali_texts_glossed.eaf,41,88000,90000,iɲaʔ baɖaiɾɛ ɔna baɽed̪aɾe ɾejaʔ umɘɾ mit̪ʔsãi seɾma kʰɔnhɔ̃ ɖʰeɾ,iɲ-aʔ baɖai-ɾɛ ɔna baɽe-d̪aɾe ɾejaʔ umɘɾ mit̪-sãi seɾma kʰɔn-hɔ̃ ɖʰeɾ,1SG-GEN knowledge-LOC that banyan-tree GEN age one-hundred year ABL-also more,"Local: As far as I know, that banyan tree is more than 100 years old."
santali_texts_glossed.eaf,42,90200,92200,ɔna baɽed̪aɾe nijɘt̪ɛ cɛt̪ʔ ɟahan kisɘ menaa,ɔna baɽe-d̪aɾe ni-jɘ-t̪ɛ cɛt̪ ɟahan kisɘ mena-a,that banyan-tree take-INF-INSTR what some story EXIST-FIN,Visitant: Is there any story about that banyan tree?
santali_texts_glossed.eaf,43,92400,94400,hɛ̃ː menaa,hɛ̃ mena-a,yes EXIST-FIN,Local: Yes there is.
santali_texts_glossed.eaf,44,94600,96600,ɟãhãi ɔna d̪aɾe maʔɛ mɛn lɛkʰan unjaʔ muhim hojoa ɲind̪ɘ bɘɽiʲʔ kukmui ɲɛːla,ɟãhãi ɔna d̪aɾe maʔ-ɛ mɛn lɛkʰan un-jaʔ muhim hojo-a ɲind̪ɘ bɘɽiʲc kukmu-i ɲɛl-a,anyone that tree cut-3SG say if 3SG-GEN danger become-FIN night bad dream-3SG see-FIN,"Local: If someone tries to cut that tree, danger comes to his life, and he has bad dreams at night."
santali_texts_glossed.eaf,45,96800,98800,ɲind̪ɘ ɔkoihɔ̃ ɔna d̪aɾe sɛʲʔt̪ɛ bako calaa,ɲind̪ɘ ɔkoi-hɔ̃ ɔna d̪aɾe sɛʲc-t̪ɛ ba-ko cala-a,night anyone-also that tree near-INSTR NEG-3PL go-FIN,Local: No one goes near that tree at night.
santali_texts_glossed.eaf,46,99000,101000,ɲind̪ɘ ced̪aʔ hɔɽko ɔna d̪aɾe sɛʲʔt̪ɛ bako calaa,ɲind̪ɘ ced̪aʔ hɔɽ-ko ɔna d̪aɾe sɛʲc-t̪ɛ ba-ko cala-a,night why person-3PL that tree near-INSTR NEG-3PL go-FIN,Visitant: Why do people not go near that tree at night?
santali_texts_glossed.eaf,47,101200,103200,ɲind̪ɘ ɔŋkat̪ɛ calao ɔkt̪ɛ aima hɔɽko bɔt̪ɔɾakna,ɲind̪ɘ ɔŋka-t̪ɛ calao ɔkt̪ɛ aima hɔɽ-ko bɔt̪ɔɾ-akan-a,night that.way-INSTR go time many person-3PL fear-PRF-FIN,Local: Many got scared while passing there at night.
santali_texts_glossed.eaf,48,103400,105400,hɔɽko mɛːna ɔna d̪aɾeɾɛ bʰut̪ menaja,hɔɽ-ko mɛn-a ɔna d̪aɾe-ɾɛ bʰut̪ mena-ja,person-3PL say-FIN that tree-LOC ghost EXIST-3SG,Local: People say that there resides a ghost in that tree.
santali_texts_glossed.eaf,49,105600,107600,aɾ ɟahanaʔ,aɾ ɟahanaʔ,and something,Visitant: Anything else?
santali_texts_glossed.eaf,50,107800,109800,ɔna baɽed̪aɾe aɽɛɾɛ mund̪il menaa ɔnɖɛ ɟaoge puɟɘ hojoa,ɔna baɽe-d̪aɾe aɽɛ-ɾɛ mund̪il mena-a ɔnɖɛ ɟao-ge puɟɘ hojo-a,that banyan-tree side-LOC temple EXIST-FIN there always-EMPH worship become-FIN,"Local: There is a temple next to that banyan tree, worshipping ceremonies happen there regularly."
santali_texts_glossed.eaf,51,110000,112000,noa bɛgɔɾ ɟao seɾma bɘisɘpʔ cand̪oɾɛ ɔnɖɛ mɛla hojoa,noa bɛgɔɾ ɟao seɾma bɘisɘp cand̪o-ɾɛ ɔnɖɛ mɛla hojo-a,this besides every year Baisakh month-LOC there fair become-FIN,"Local: Besides, a fair is held there every year in the first month of summer."
santali_texts_glossed.eaf,52,112200,114200,unɾɛ aima nakʰakʰɔn ɔnɖɛ hɔɽko hiɟua,un-ɾɛ aima nakʰa-kʰɔn ɔnɖɛ hɔɽ-ko hiɟu-a,that-LOC many region-ABL there person-3PL come-FIN,"Local: At those times, people from different regions come there."
santali_texts_glossed.eaf,53,114400,116400,amʈʰɛnkʰɔn aimaɲ baɖaiɲam ked̪a,am-ʈʰɛn-kʰɔn aima-ɲ baɖai-ɲam-ked̪-a,2SG-from-ABL many-1SG know-get-PST.A-FIN,Visitant: I got to know a lot of things from you.
santali_texts_glossed.eaf,54,116600,118600,amd̪ɔː ɘɖi saɾhao,am-d̪ɔ ɘɖi saɾhao,2SG-TOP very thanks,Visitant: Thank you.
santali_texts_glossed.eaf,55,118800,120800,amhɔ̃ː aima saɾhao,am-hɔ̃ aima saɾhao,2SG-also many thanks,Local: Thank you as well.
santali_texts_glossed.eaf,56,121000,123000,muniː hɔla iɲbaba ɔkoiʈaʔ mɛɾɔmɛ kiɾiɲlid̪i unid̪ɔ sɛnd̪ɾat̪ɛ bɘɲ ɲamɛkana,muni hɔla iɲ-baba ɔkoi-ʈaʔ mɛɾɔm-ɛ kiɾiɲ-lid̪-i uni-d̪ɔ sɛnd̪ɾa-t̪ɛ ba-ɲ ɲam-ɛ-kana,Moni yesterday 1SG-father which-CLF goat-3SG buy-PST-3SG 3SG-TOP search-INSTR NEG-1SG find-PROG,"Ronnie: Moni, I can't find the goat that my father bought yesterday."
santali_texts_glossed.eaf,57,123200,125200,amd̪ɔ unim ɲɛlkɘd̪ija,am-d̪ɔ uni-m ɲɛl-kɘd̪-i-ja,2SG-TOP 3SG-2SG see-PST.A-3SG-FIN,Ronnie: Did you see that?
santali_texts_glossed.eaf,58,125400,127400,cɛt̪ʔɛm mɛnd̪a,cɛt̪-ɛ-m mɛn-d̪-a,what-INF-2SG say-AUX-FIN,Moni: Say what!
santali_texts_glossed.eaf,59,127600,129600,mɛɾɔmd̪ɔ cɛt̪ʔlĕkai ɲɛlɔa,mɛɾɔm-d̪ɔ cɛt̪-lĕka-i ɲɛl-ɔ-a,goat-TOP what-like-3SG see-PASS-FIN,Moni: How does that goat look?
santali_texts_glossed.eaf,60,129800,131800,mɛɾɔmaʔ ɾɔŋ hɛnd̪ɛ mɛnkʰan hɛnd̪ɛ cet̪anɾɛ ponɖ ponɖ cʰap menaa,mɛɾɔm-aʔ ɾɔŋ hɛnd̪ɛ mɛnkʰan hɛnd̪ɛ cet̪an-ɾɛ ponɖ ponɖ cʰap mena-a,goat-GEN color black but black above-LOC white white mark EXIST-FIN,"Ronnie: The colour of the goat is black, but with white markings on top of the black."
santali_texts_glossed.eaf,61,132000,134000,hɔʈɔʔɾɛ miʔʈɛn gʰɘnʈi t̪ɔl menaa,hɔʈɔʔ-ɾɛ mit-ʈɛn gʰɘnʈi t̪ɔl mena-a,neck-LOC one-CLF bell tie EXIST-FIN,Ronnie: A bell is tied around the neck.
santali_texts_glossed.eaf,62,134200,136200,hɛ̃ː iɲ ɛnanɾɛ nɔŋkan miʔʈɛn mɛɾɔmiɲ ŋɛɭledia,hɛ̃ iɲ ɛnan-ɾɛ nɔŋkan mit-ʈɛn mɛɾɔm-iɲ ɲɛl-led̪-i-a,yes 1SG before-LOC such one-CLF goat-1SG see-PST-3SG-FIN,"Moni: Yes, I saw such a goat awhile ago."
santali_texts_glossed.eaf,63,136400,138400,mɛnkʰan nit̪ɔʔ bɘɲ ɲɛlɲamd̪ikana,mɛnkʰan nit̪ɔʔ ba-ɲ ɲɛl-ɲam-d̪i-kana,but now NEG-1SG see-find-AUX-PROG,Moni: But can't see it now.
santali_texts_glossed.eaf,64,138600,140600,iɲ lahasɛʔiɲ calaʔkana,iɲ laha-sɛʔ-iɲ calaʔ-kana,1SG forward-side-1SG go-PROG,Ronnie: I'm going forward.
santali_texts_glossed.eaf,65,140800,142800,mɛɾɔmd̪ɔ ɟud̪i aɾhɔm ɲɛllɛkʰan t̪aʰlɛ iɲ baɖaiocoɟiɲmɛ,mɛɾɔm-d̪ɔ ɟud̪i aɾhɔ-m ɲɛl-lɛkʰan t̪aʰlɛ iɲ baɖai-ocoɟ-iɲ-mɛ,goat-TOP if again-2SG see-COND then 1SG know-CAUS-1SG-2SG.IMP,"Ronnie: If you see the goat again, let me know."
santali_texts_glossed.eaf,66,143000,145000,ɟɘɾuɽgeɲ baɖaiŏcomeja,ɟɘɾuɽ-ge-ɲ baɖai-ŏco-me-ja,definite-EMPH-1SG know-CAUS-2SG-FIN,Moni: Of course I will let you know.
santali_texts_glossed.eaf,67,145200,147200,mɛnkʰan bam send̪ɾa ɲamlɛkʰan amd̪ɔ majikʔt̪ɛ gʰosona kat̪ʔmɛ,mɛnkʰan ba-m send̪ɾa ɲam-lɛkʰan am-d̪ɔ majik-t̪ɛ gʰosona kat̪-mɛ,but NEG-2SG search find-COND 2SG-TOP mic-INSTR announcement do-2SG.IMP,"Moni: But if you don't find it, you announce it through the mic."
santali_texts_glossed.eaf,68,147400,149400,ɟãhãiko ɲamlɛkʰan d̪ɔhɔ ot̪okajako,ɟãhãi-ko ɲam-lɛkʰan d̪ɔhɔ ot̪oka-ja-ko,anyone-3PL find-COND keep leave-FIN-3PL,"Moni: If someone finds it, he will give/ leave it."
santali_texts_glossed.eaf,69,149600,151600,hɛ̃ː kɘʈiʲʔ bid̪ɘlɾɛ apɛɾɛn at̪ʔ ɖaŋɾa nɔŋkat̪ɛi ɲamlɛna,hɛ̃ kɘʈiʲc bid̪ɘl-ɾɛ apɛ-ɾɛn at̪ ɖaŋɾa nɔŋka-t̪ɛ-i ɲam-lɛn-a,yes small age-LOC 2PL-GEN lost cow this.way-INSTR-3SG find-PST-FIN,"Ronnie: Yes, this is how your lost cow was found when we were kids."
santali_texts_glossed.eaf,70,151800,153800,hɛ̃ː iɲaʔ d̪isɘ menaa,hɛ̃ iɲ-aʔ d̪isɘ mena-a,yes 1SG-GEN remember EXIST-FIN,"Moni: Yes, I remember."
santali_texts_glossed.eaf,71,154000,156000,unɾɛ alaŋ d̪ɔ ɘɖi kɘʈiʲʔlaŋ t̪ahɛkana,un-ɾɛ alaŋ d̪ɔ ɘɖi kɘʈiʲc-laŋ t̪ahɛn-kana,that-LOC 1DU.INCL TOP very small-1DU stay-COP.PST,Moni: We were very young then.
santali_texts_glossed.eaf,72,156200,158200,mit̪sãot̪ɛ iskullɛ calaʔkan t̪ahɛna hakolɛ saːbɛʔkot̪ahɛna,mit̪-sãot̪ɛ iskul-lɛ calaʔ-kan t̪ahɛn-a hako-lɛ sab-ɛʔ-ko-t̪ahɛn-a,one-together school-1PL.EXCL go-PROG stay-FIN fish-1PL.EXCL catch-INF-3PL-stay-FIN,"Moni: We used to go to school together, we used to fish."
santali_texts_glossed.eaf,73,158400,160400,ɔna ɔkt̪ɛd̪ɔ ɘɖi napai t̪ɛhɛkana,ɔna ɔkt̪ɛ-d̪ɔ ɘɖi napai t̪ahɛn-kana,that time-TOP very beautiful stay-COP.PST,Ronnie: It was a beautiful time.
santali_texts_glossed.eaf,74,160600,162600,ɟaːhok iɲd̪ɔ nit̪ʔ mɛɾɔm sɛnd̪ɾaɲ calaolɛnge,ɟahok iɲ-d̪ɔ nit̪ mɛɾɔm sɛnd̪ɾa-ɲ calao-lɛn-ge,anyway 1SG-TOP now goat search-1SG go-PST-EMPH,"Ronnie: Anyway, I am going to look for the goat now."
santali_texts_glossed.eaf,75,162800,164800,accʰa calaʔmɛ,accʰa calaʔ-mɛ,okay go-2SG.IMP,Moni: Well go.
santali_texts_glossed.eaf,76,165000,167000,iɲiɲ sɛnd̪ɾa ɲamlɛkʰan baɖaiŏcomijɘɲ,iɲ-iɲ sɛnd̪ɾa ɲam-lɛkʰan baɖai-ŏco-m-i-ɘɲ,1SG-1SG search find-COND know-CAUS-2SG-3SG-1SG,Moni: I will let you know when/ if I find it.
santali_texts_glossed.eaf,77,167200,169200,ʈʰikʔgija,ʈʰik-gi-ja,okay-EMPH-FIN,Ronnie: Okay alright.
santali_matthew_glossed.eaf,1,0,2000,Jisu do d̪ok'ic' Bɑbɑn-cɑo-ic' kɑnɑ-e,Jisu d̪o d̪ok'-ic' Bɑbɑn-cɑo-ic' kɑnɑ-e,Jesus TOP Baptize-TR Baptist COP-FIN-3SG:SUBJ,Jesus is the one called the Baptist.
santali_matthew_glossed.eaf,2,2200,4200,uni d̪o sermɑ rɑj reɑk' kɑŋ-e-ɑ,uni d̪o sermɑ rɑj reɑk' kɑŋ-e-ɑ,3SG TOP Heaven Kingdom GEN Belong-3SG:SUBJ-FIN,The Kingdom of Heaven belongs to him.
santali_matthew_glossed.eaf,3,4400,6400,noɑ Hukigot d̪o eken Jehud̪i hɔr ko lɑgit' d̪o bɑn kɑnɑ,noɑ Hukigot d̪o eken Jehud̪i hɔr ko lɑgit' d̪o bɑ-n kɑnɑ,This Gospel TOP Only Jewish People PL For TOP NEG-1SG COP-FIN,This Good News is not only for the Jewish people.
santali_matthew_glossed.eaf,4,6600,8600,uni d̪o jiɔne kʰemɑo let,uni d̪o jiɔn-e kʰemɑo-let,3SG TOP World-OBJ Save-PLUP:FIN,He had come to save the world.
santali_matthew_glossed.eaf,5,8800,10800,Soetɑn d̪o uni-e bɑgiɑ-d̪eɑ,Soetɑn d̪o uni-e bɑgiɑ-d̪eɑ,Satan TOP 3SG-3SG:SUBJ Tempt-REM:PST:FIN,Satan tempted him.
santali_matthew_glossed.eaf,6,11000,13000,d̪utko hec'kɑteko sɑp'sorɑ-d̪eɑ,d̪ut-ko hec'-kɑte-ko sɑp'sorɑ-d̪eɑ,Angels-PL Come-CVB-PL Serve-REM:PST:FIN,Angels came and served him.
santali_matthew_glossed.eaf,7,13200,15200,Jisu d̪o Gɑlil kʰon Jord̪ɑnte Johɑn tʰene hec'enɑ,Jisu d̪o Gɑlil kʰon Jord̪ɑn-te Johɑn tʰen-e hec'-enɑ,Jesus TOP Galilee ABL Jordan-LOC John TO-3SG:SUBJ Come-PLUP:FIN,Jesus came from Galilee to the Jordan to John.
santali_matthew_glossed.eaf,8,15400,17400,uni d̪oe tɑnɑ mɑnɑkɑd̪eɑ,uni d̪o-e tɑnɑ mɑnɑkɑ-d̪eɑ,3SG TOP-3SG:SUBJ Refuse Deny-REM:PST:FIN,John tried to prevent him.
santali_matthew_glossed.eaf,9,17600,19600,ɡotɑ d̪ʰɔrɔm puk'rɑu lek kɑntɑlɑnɑ,ɡotɑ d̪ʰɔrɔm puk'rɑu lek kɑn-tɑlɑnɑ,All Righteousness Fulfil QUOT COP-1PL:SUBJ-FIN,We must fulfil all righteousness.
santali_matthew_glossed.eaf,10,19800,21800,sermɑ d̪o ʤʰic'enɑ,sermɑ d̪o ʤʰic'-enɑ,Sky TOP Open-PLUP:FIN,The heavens were opened.
santali_matthew_glossed.eaf,11,22000,24000,Nui-ge iʰren d̪ulɑriɑ hɔpɔn d̪o,Nui-ge iʰ-ren d̪ulɑriɑ hɔpɔn d̪o,3SG.PROX-EMPH 1SG-GEN Beloved Son TOP,This is my beloved Son.
santali_matthew_glossed.eaf,12,24200,26200,mɔn ɑcurtɑ-pe ente sermɑ rɑj d̪o sorɑkɑnɑ,mɔn ɑcur-tɑ-pe ente sermɑ rɑj d̪o sorɑ-kɑnɑ,Mind Repent-IMP-2PL:SUBJ Because Heaven Kingdom TOP Near-COP:FIN,"Repent, for the Kingdom of Heaven is near."
santali_matthew_glossed.eaf,13,26400,28400,D̪elɑ iɲ tɑyɔmte ɑd̪o mɑnwɑ sɑsɑp keotɑɲ hoe ocobena,D̪elɑ iɲ tɑyɔm-te ɑd̪o mɑnwɑ sɑsɑp keotɑ-ɲ hoe ocobenɑ,Come 1SG After-LOC THEN Person Catch Fisher-1SG:SUBJ Become Make:FIN,Come follow me and I will make you fishers of men.
santali_matthew_glossed.eaf,14,28600,30600,unkin d̪o sɑtmente jɑlko bɑgiɑt'tekin pɑɲɑked̪eɑ,un-kin d̪o sɑtmen-te jɑl-ko bɑgiɑt'-te-kin pɑɲɑke-d̪eɑ,3DU TOP Immediately-LOC Net-PL Leave-CVB-3DU:SUBJ Follow-REM:PST:FIN,The two of them immediately left the nets and followed him.
santali_matthew_glossed.eaf,15,30800,32800,Jisu ɡotɑ Gɑlil d̪isom d̪ɑrɑ d̪ɑrɑte-e cetɑkokɑn,Jisu ɡotɑ Gɑlil d̪isom d̪ɑrɑ d̪ɑrɑ-te-e cetɑko-kɑn,Jesus All Galilee Land Wander Around-LOC-3SG:SUBJ Teach-COP-FIN,Jesus went around the whole of Galilee teaching.
santali_matthew_glossed.eaf,16,33000,35000,d̪isom hɔrko tɑlɑre sɑnɑm lekɑn rɔɡ biɡʰin,d̪isom hɔr-ko tɑlɑ-re sɑnɑm lekɑn rɔɡ biɡʰin,Country People-PL Among-LOC All Kind Disease Illness,All kinds of disease and illness among the people of the land.
santali_matthew_glossed.eaf,17,35200,37200,mɔnre renɑd̪ejɔk'kɑnkod̪eko bʰɑɡɑnɑ,mɔn-re renɑ-d̪e-jɔk'-kɑn-ko-d̪e-ko bʰɑɡɑ-nɑ,Mind-LOC Poor-EMPH-COP-PROG-3PL-EMPH-PL Blessed-FIN,Blessed are the poor in spirit.
santali_matthew_glossed.eaf,18,37400,39400,hird̪ɑuk'kɑnkod̪eko bʰɑɡɑnɑ,hird̪ɑuk'-kɑn-ko-d̪e-ko bʰɑɡɑ-nɑ,Grieve-PROG-3PL-EMPH-PL Blessed-FIN,Blessed are those who mourn.
santali_matthew_glossed.eaf,19,39600,41600,mɑhrkod̪eko bʰɑɡɑnɑ ente onko d̪o piɾtʰimi-ko ɑid̪ɑrijɔnɑ,mɑhr-ko-d̪e-ko bʰɑɡɑ-nɑ ente on-ko d̪o piɾtʰimi-ko ɑid̪ɑri-jonɑ,Gentle-PL-EMPH-PL Blessed-FIN Because 3PL-PL TOP Earth-PL Inherit-3PL:FIN,"Blessed are the meek, for they shall inherit the earth."
santali_matthew_glossed.eaf,20,41800,43800,mɑyɑk'kod̪eko bʰɑɡɑnɑ ente onko d̪oko mɑyɑ ocok'ɑ,mɑyɑk'-ko-d̪e-ko bʰɑɡɑ-nɑ ente on-ko d̪o-ko mɑyɑ ocok'-ɑ,Merciful-PL-EMPH-PL Blessed-FIN Because 3PL-PL TOP-PL Mercy Receive-FIN,"Blessed are the merciful, for they shall obtain mercy."
santali_matthew_glossed.eaf,21,44000,46000,ɑpe d̪o d̪ʰɑrti reɑk' bulun kɑnɑ-pe,ɑpe d̪o d̪ʰɑrti reɑk' bulun kɑnɑ-pe,2PL TOP Earth GEN Salt COP-2PL:SUBJ-FIN,You are the salt of the earth.
santali_matthew_glossed.eaf,22,46200,48200,ɑpe d̪o d̪ʰɑrti reɑk' mɑrsɑl kɑnɑ-pe,ɑpe d̪o d̪ʰɑrti reɑk' mɑrsɑl kɑnɑ-pe,2PL TOP Earth GEN Light COP-2PL:SUBJ-FIN,You are the light of the world.
santali_matthew_glossed.eaf,23,48400,50400,ɑlom kʰunɑ ɑr jɑhɑede-e kʰun uni d̪o bicɑrre d̪ɑyike hoyok'ɑ,ɑlom kʰunɑ ɑr jɑhɑe-d̪e-e kʰun uni d̪o bicɑr-re d̪ɑyike hoyok'-ɑ,PROHIB Kill And Whoever-EMPH-3SG:SUBJ Kill 3SG TOP Court-LOC Liable Become-FIN,"Do not kill, and whoever kills will be liable to judgment."
santali_matthew_glossed.eaf,24,50600,52600,ɑcren boeʰɑ-e kurud̪ɑ-e mi ke mi hɔr ɑo bicɑrre d̪ɑyike hoyok'ɑ,ɑc-ren boeʰɑ-e kurud̪ɑ-e mi ke mi hɔr ɑo bicɑr-re d̪ɑyike hoyok'-ɑ,1SG-GEN Brother-3SG:SUBJ Angry-3SG:SUBJ One-CLFR One Man VOC Court-LOC Liable Become-FIN,Whoever is angry with his brother will be liable to the court.
santali_matthew_glossed.eaf,25,52800,54800,ɑperen bɑiri-ko ɑud̪ɑrkope ente onko d̪oko tir pitok'ɑ,ɑpe-ren bɑiri-ko ɑud̪ɑr-ko-pe ente on-ko d̪o-ko tir pitok'-ɑ,2PL-GEN Enemy-PL Love-PL-2PL:SUBJ Because 3PL-PL TOP-PL Satisfy Become-FIN,"Love your enemies, that they may be satisfied."
santali_matthew_glossed (1).eaf,1,0,2000,d̪ɔ iɲ-ren menak' kat̪ʰa d̪ɔ nɔa-re bam ɲɛl-a,d̪ɔ iɲ-ɾen menak' kat̪ʰa d̪ɔ nɔa-ɾe ba-m ɲɛl-a,TOP 1SG-GEN Exist Word TOP This-LOC NEG-2SG See-FIN,The words I have told you will not pass away.
santali_matthew_glossed (1).eaf,2,2200,4200,d̪ikim naː hɔɽ ba-ku bulauk-a,d̪ik-im naː hɔɽ ba-ku bulau-k-a,Beware-2SG:SUBJ QUOT Person NEG-3PL Deceive-M-FIN,Take heed that no one deceives you.
santali_matthew_glossed (1).eaf,3,4400,6400,iɲ d̪o masiʔ kɑn-ɑ men-te ɑdi hɔɽ-ko hiɟ-uk-oa,iɲ d̪o masiʔ kan-a men-t̪e ad̪i hɔɽ-ko hiɟ-uk-oa,1SG TOP Messiah COP-FIN QUOT-SUB Many Person-3PL Come-CAUS-FIN,"For many will come in my name, saying 'I am the Christ.'"
santali_matthew_glossed (1).eaf,4,6600,8600,aɾ laɾhai ɾeak' ud̪ãu-ko-pe ahːjom-a,aɾ laɾhai ɾeak' ud̪ãu-ko-pe ahːjom-a,And War GEN News-3PL-2PL Hear-FIN,And you will hear of wars and rumours of wars.
santali_matthew_glossed (1).eaf,5,8800,10800,mit' ɟat̪ d̪o et̪ak' ɟat̪ upaɾ-t̪e aɾ mit' ɾaɟost̪i d̪o et̪ak' ɾaɟost̪i upaɾ-t̪e keŋgon-a,mit' ɟat̪ d̪o et̪ak' ɟat̪ upaɾ-t̪e aɾ mit' ɾaɟost̪i d̪o et̪ak' ɾaɟost̪i upaɾ-t̪e keŋgon-a,One Nation TOP Another Nation Against-LOC And One Kingdom TOP Another Kingdom Against-LOC Rise-FIN,"Nation will rise against nation, and kingdom against kingdom."
santali_matthew_glossed (1).eaf,6,11000,13000,iɲ ɲut̪um-t̪e sanam hɔɽ-ko t̪ʰen-pe kuɽud̪ ok'-a,iɲ ɲut̪um-t̪e sanam hɔɽ-ko t̪ʰen-pe kuɽud̪ ok'-a,1SG Name-LOC All Person-3PL To-2PL Hate FIN,All nations will hate you because of my name.
santali_matthew_glossed (1).eaf,7,13200,15200,menkʰan mucat̪'-t̪et̪' d̪o auɾi-ak'-a,menkʰan mucat̪'-t̪et̪' d̪o auɾi-ak'-a,But Until-End TOP Endure-FIN-FIN Saved-FIN-FIN,But whoever endures to the end will be saved.
santali_matthew_glossed (1).eaf,8,15400,17400,ɡɔt̪a d̪ʰaɾt̪i-ɾe poɾt͡ʃaɾ-ok'-a sanam ɟat̪-ko laɡit̪' ɡɔha ɲut̪um-t̪e,ɡɔt̪a d̪ʰaɾt̪i-ɾe poɾt͡ʃaɾ-ok'-a sanam ɟat̪-ko laɡit̪' ɡɔha ɲut̪um-t̪e,Whole Earth-LOC Proclaim-FIN All Nation-3PL For Good Name-LOC,This gospel of the kingdom will be proclaimed throughout the whole world as a testimony to all nations.
santali_matthew_glossed (1).eaf,9,17600,19600,unɾe d̪o maɾaɲ okot͡ʃ' sant̪ao hɔj-ok'-a,un-ɾe d̪o maɾaɲ okot͡ʃ' sant̪ao hɔj-ok'-a,That-LOC TOP Great Tribulation Come-FIN-FIN,For then there will be great tribulation.
santali_matthew_glossed (1).eaf,10,19800,21800,t͡ʃet̪' leka bid͡ʒli d̪o puɾub kʰon od̪ok-ok'-t̪e pat͡ʃim habɪt͡ʃ' malkaʔ t͡ʃal-ak'-a,t͡ʃet̪' leka bid͡ʒli d̪o puɾub kʰon od̪ok-ok'-t̪e pat͡ʃim habɪt͡ʃ' malkaʔ t͡ʃal-ak'-a,How Like Lightning TOP East From Come-FIN-LOC West Until Shine Go-FIN-FIN,"For as the lightning comes from the east and shines as far as the west, so will the coming of the Son of Man be."
santali_matthew_glossed (1).eaf,11,22000,24000,unɾe manwa hopon ɾeak' t͡ʃinʰa seɾmaɾe ɲel-ok'-a,un-ɾe manwa hopon ɾeak' t͡ʃinʰa seɾma-ɾe ɲel-ok'-a,That-LOC Son.of.Man GEN Sign Sky-LOC Appear-FIN-FIN,Then the sign of the Son of Man will appear in the sky.
santali_matthew_glossed (1).eaf,12,24200,26200,seɾma aɾ ot̪ d̪o t͡ʃabak'-a menkʰan iʔak' kat̪ʰa-ko d̪o ohoɡe t͡ʃabal-ena,seɾma aɾ ot̪ d̪o t͡ʃab-ak'-a menkʰan iʔ-ak' kat̪ʰa-ko d̪o ohoɡe t͡ʃabal-ena,Sky And Earth TOP Pass.away-FIN-FIN But 3SG-GEN Word-3PL TOP Certainly Pass.away-PST:A-FIN,"Heaven and earth will pass away, but my words will not pass away."
santali_matthew_glossed (1).eaf,13,26400,28400,menkʰan ona d̪in aɾ ɡʰuɾi ɾeak' d̪o okoe hɔ̃ bako bad̪aea,menkʰan ona d̪in aɾ ɡʰuɾi ɾeak' d̪o okoe hɔ̃ ba-ko bad̪a-ea,But That Day And Hour GEN TOP Anyone Also NEG-3PL Know-FIN,But about that day and hour no one knows.
santali_matthew_glossed (1).eaf,14,28600,30600,aɾ t͡ʃet̪' leka noa-ʔ ɾeak' d̪in-koɾe hɔelena onkage manwa hopon ɾeak' set̪eɾok' hɔ hɔj-ok'-a,aɾ t͡ʃet̪' leka noa-ʔ ɾeak' d̪in-koɾe hɔe-lena onkaɡe manwa hopon ɾeak' set̪eɾ-ok' hɔ hɔj-ok'-a,And How Like Noah GEN Day-LOC Happen-PST:A Like Son.of.Man GEN Coming Also Come-FIN-FIN,"For as were the days of Noah, so will be the coming of the Son of Man."
santali_matthew_glossed (1).eaf,15,30800,32800,ɔnat̪e ɟaɡwaɾakae t̪ahen-pe ente bape bad̪aea oka hilok' apeɾen pɾɔbʰui hiɟ-uk'-a,ɔnat̪e ɟaɡwaɾ-akae t̪ahen-pe ente ba-pe bad̪a-ea oka hilok' ape-ɾen pɾɔbʰui hiɟ-uk'-a,Therefore Watch-ITER Stay-2PL For NEG-2PL Know-FIN Which Hour 2PL-GEN Lord Come-CAUS-FIN,"Therefore stay awake, for you do not know on what day your Lord is coming."
santali_matthew_glossed (1).eaf,16,33000,35000,unɾe seɾma ɾaɟ d̪o ɡel t̪et̪ɾe kuɾi-ko lekak'-a,un-ɾe seɾma ɾaɟ d̪o ɡel t̪et̪ɾe kuɾi-ko lekak'-a,That-LOC Kingdom GEN-TOP Go:Ten Virgin-3PL Like-FIN,Then the kingdom of heaven will be like ten virgins.
santali_matthew_glossed (1).eaf,17,35200,37200,ad̪o ɟãwãe-ye bilom-ente ɟot̪oɡe d̪ud̪ɾumket̪'-koa aɾ-ko ɟapit̪'-keda,ad̪o ɟãwãe-ye bilom-ente ɟot̪oɡe d̪ud̪ɾum-ket̪'-koa aɾ-ko ɟapit̪'-keda,But Bridegroom-3SG:SUBJ Delay-SUB All Drowsy-become-3PL And Sleep-PST:A-3PL,"As the bridegroom was delayed, they all became drowsy and fell asleep."
santali_matthew_glossed (1).eaf,18,37400,39400,d̪en apeʔak' sunum hat̪iɲale-pe ente aleak' d̪iuhe-ko aʔ iɾiɟ-ok'-kana,d̪en ape-ak' sunum hat̪iɲale-pe ente ale-ak' d̪iuhe-ko aʔ iɾiɟ-ok'-kana,Give 2PL-GEN Oil Share-2PL:IMP For 1PL-GEN Lamp-3PL 3PL Go.out-FIN-FIN,"Give us some of your oil, for our lamps are going out."
santali_matthew_glossed (1).eaf,19,39600,41600,ad̪o ɟaɡwaɾakae baɾe t̪ahen-pe ente d̪int̪et̪' aʔo bape bad̪aea aɾ ɡʰuɾit̪et̪' hɔ̃ baɲ,ad̪o ɟaɡwaɾ-akae baɾe t̪ahen-pe ente d̪in-t̪et̪' aʔo ba-pe bad̪a-ea aɾ ɡʰuɾi-t̪et̪' hɔ̃ ba-ɲ,But Watch-ITER Stay-2PL For Day-End Also NEG-2PL Know-FIN And Hour-End Also NEG-1SG,"Watch therefore, for you know neither the day nor the hour."
santali_matthew_glossed (1).eaf,20,41800,43800,besak-ad̪am e bʰaɡe aɾ pat̪iaɾ ɡolam t̪ʰoɾawak'-ɾe pat̪iaɾ-em t̪ahen-kana,besak-ad̪am e bʰaɡe aɾ pat̪iaɾ ɡolam t̪ʰoɾawak'-ɾe pat̪iaɾ-em t̪ahen-kana,Well.done VOC Good And Faithful Servant Small-LOC Faithful-2SG Stay-FIN,"Well done, good and faithful servant. You have been faithful over a little."
santali_matthew_glossed (1).eaf,21,44000,46000,ente menak'-ae mimit̪' hɔɽ d̪oe em ok'-a aɾ saɾeɾ-ok'-aea menkʰan banuikae hɔɽ d̪o ɟahanakad̪e menak'tae ona hɔ uni t̪ʰen kʰon ɾeɟoɡ-ok'-a,ente menak'-ae mimit̪' hɔɽ d̪oe em ok'-a aɾ saɾeɾ-ok'-aea menkʰan banuik-ae hɔɽ d̪o ɟahan-akad̪e menak'-t̪ae ona hɔ uni t̪ʰen kʰon ɾeɟ-oɡ-ok'-a,For Exist-ITER One Person-3SG:SUBJ Give FIN-FIN And Multiply-FIN-ITER But Not.have-ITER Person TOP Nothing-ITER Exist-EMPH-3SG That Also 3SG From Take.away-FIN-FIN,"For to everyone who has, more will be given and he will have an abundance. But from the one who has not, even what he has will be taken away."
santali_matthew_glossed (1).eaf,22,46200,48200,menkʰan manwa hopon at͡ʃ'-ɾen sanam d̪ut̪-ko sɔt̪e at͡ʃ'ak' t̪ʰonok-ɾe-ye d̪uɾup'-a,menkʰan manwa hopon at͡ʃ'-ɾen sanam d̪ut̪-ko sɔt̪e at͡ʃ'-ak' t̪ʰonok-ɾe-ye d̪uɾup'-a,But Son.of.Man 3SG-GEN All Angel-3PL With 3SG-GEN Throne-LOC-3SG:SUBJ Sit-FIN,"When the Son of Man comes in his glory, and all the angels with him, then he will sit on his glorious throne."
santali_matthew_glossed (1).eaf,23,48400,50400,ente ɾeŋet͡ʃ'-led̪iɲɲa aɾ ɟɔmak' pe emad̪iɲa t̪et̪aɲled̪iɲa aɾ-pe naʔ ok'-led̪iɲa,ente ɾeŋet͡ʃ'-led̪-iɲ-ɲa aɾ ɟɔm-ak' pe em-ad̪-iɲa t̪et̪-aɲ-led̪-iɲa aɾ-pe naʔ ok'-led̪-iɲa,For Hungry-PST:A-1SG-FIN And Food 2PL Give-PST:A-1SG Thirsty-PST:A-1SG And-2PL Water Give-PST:A-1SG,"For I was hungry and you gave me food, I was thirsty and you gave me drink, I was a stranger and you welcomed me."
santali_matthew_glossed (1).eaf,24,50600,52600,bad̪aeɡe ape baɾsiɲ kʰaŋɡe senpaɾom poɾob hɔj-ok'-a aɾ manwa hopon d̪o kɾus ok'-ok' laɡit̪' sopɾot̪ ok'-ok'-a,bad̪ae-ɡe ape baɾ-siɲ kʰaŋɡe senpaɾom poɾob hɔj-ok'-a aɾ manwa hopon d̪o kɾus ok'-ok' laɡit̪' sopɾot̪ ok'-ok'-a,Know-2PL 2PL Two Day After:two Passover Festival Come-FIN-FIN And Son.of.Man TOP Cross FIN For Hand.over FIN-FIN,"You know that after two days the Passover is coming, and the Son of Man will be delivered up to be crucified."
santali_matthew_glossed (1).eaf,25,52800,54800,mit̪t̪en maeɟiu alabastaɾ t͡ʃukat̪'-ɾe ad̪i d̪amanak' maʔkaoʔ sunum-ant̪e uni t̪ʰen-e het͡ʃ'-ena,mit̪'-t̪en maeɟiu alabastaɾ t͡ʃukat̪'-ɾe ad̪i d̪amanak' maʔkaok' sunum-ant̪e uni t̪ʰen-e het͡ʃ'-ena,One-CLSSFR Woman Alabaster Bottle-LOC Very Expensive Fragrant Oil-COMIT 3SG To-3SG Come-PST:A,A woman came to him with an alabaster flask of very expensive ointment.
santali_matthew_glossed (1).eaf,26,55000,57000,ɟisu d̪o ona bad̪aeket̪'e metat̪'-koa maeɟiu t͡ʃed̪ak'-pe d̪uk ok'-o-je-kana ente iɲ laɡit̪' besak'-e kami-ak-ad̪a,ɟisu d̪o ona bad̪ae-ket̪'-e metat̪'-koa maeɟiu t͡ʃed̪ak'-pe d̪uk ok'-o-ye-kana ente iɲ laɡit̪' besak'-e kami-ak-ad̪a,Jesus TOP That Know-PST:A-3SG Say-3PL:OBJ Woman Why-2PL Trouble FIN-FIN-PROG For 1SG For Good-3SG Work-FIN-FIN,"But Jesus, aware of this, said to them, ""Why do you trouble the woman? For she has done a beautiful thing to me."""
santali_matthew_glossed (1).eaf,27,57200,59200,t̪inak'-pe emana uniɲ sopɾot̪-a-pe kʰan onko d̪o pe ɡel t̪aka-ko lekʰawad̪ea,t̪inak'-pe em-ana uniɲ sopɾot̪-a-pe kʰan onko d̪o pe ɡel t̪aka-ko lekʰawad̪ea,How.much-2PL Give-FIN 1SG:OBJ Hand.over-FIN-2PL If They-TOP 3PL Thirty Silver-3PL Count-PST:A-3PL,What will you give me if I deliver him over to you? And they paid him thirty pieces of silver.
santali_matthew_glossed (1).eaf,28,59400,61400,ne at̪aŋ-t̪e ɟɔm-pe noa d̪o iɲak' hɔɾmo kana,ne at̪aŋ-t̪e ɟɔm-pe noa d̪o iɲ-ak' hɔɾmo kana,This Take-LOC Eat-2PL:IMP This TOP 1SG-GEN Body FIN,"Take, eat; this is my body."
santali_matthew_glossed (1).eaf,29,61600,63600,nia niɲd̪a ape ɟot̪oɡe iɲ-ɾe-pe t̪aki-ɟ-ok'-a,nia niɲd̪a ape ɟot̪oɡe iɲ-ɾe-pe t̪aki-ɟ-ok'-a,This Night 2PL All 1SG-LOC-2PL Stumble-M-FIN-FIN,You will all fall away because of me this night.
santali_matthew_glossed (1).eaf,30,63800,65800,e apuɲ hoe d̪aɾeak' kʰan noa bat̪i d̪o iɲ t̪ʰen kʰon t͡ʃalao paɾam-ok' ma baɲ bik-om amem men-ɟɔɲ-kan' leka baɾe hɔj-ok'-ma,e apuɲ hoe d̪aɾe-ak' kʰan noa bat̪i d̪o iɲ t̪ʰen kʰon t͡ʃalao paɾam-ok' ma baɲ bik-om amem men-ɟɔɲ-kan' leka baɾe hɔj-ok'-ma,VOC Father Possible-FIN If This Cup TOP 1SG From Pass Depart-FIN PROH NEG Give-2SG:IMP 1SG:OBJ But 1SG Will-QUOT-FIN Like Rather Come-FIN-PROH,"My Father, if it is possible, let this cup pass from me; nevertheless, not as I will, but as you will."
santali_bangla_glossed.eaf,1,0,2000,ad̪ɔmko d̪ɔ haku ut̪u ɟɔmku kisi.jaʔa,ad̪ɔm-ko d̪ɔ haku ut̪u ɟɔm-ku kisi.jaʔ-a,many-3PL TOP fish also eat-3PL like-FIN,Many people like to eat fish.
santali_bangla_glossed.eaf,2,2200,4200,gaɖa kʰɘ̃ɽi aɾ ɟɔlaɾɛ d̪ɔ a͡i̯malɛkan hakuku ɲamɔ.a,gaɖa kʰɘ̃ɽi aɾ ɟɔla-ɾɛ d̪ɔ a͡i̯malɛ-kan haku-ku ɲamɔ-a,river stream and lake-LOC TOP various-ADJR fish-3PL be.found-FIN,"A variety of fishes are found in rivers, streams and lakes."
santali_bangla_glossed.eaf,3,4400,6400,ɟɘliɘ d̪ɔ hako ɘkʰɾiɲ kat̪ɛʔ d̪inku kʰɛmaɔa,ɟɘliɘ d̪ɔ hako ɘkʰɾiɲ kat̪ɛʔ d̪in-ku kʰɛmaɔ-a,fisherman TOP fish sell-CVB day-3PL earn-FIN,Fishermen earn their livelihood by selling fish.
santali_bangla_glossed.eaf,4,6600,8600,a͡i̯malɛkat̪ɛ hakoko sapʔkoa ɟɛmɔn ɔkɔi d̪ɔ ɟʰɘlit̪ɛ hakoko ɟʰɘlikoa ɔkɔi d̪ɔ bɘɽsit̪ɛ hakoko bɘɽsikoa,a͡i̯malɛ-kat̪ɛ hako-ko sapʔ-ko-a ɟɛmɔn ɔkɔi d̪ɔ ɟʰɘli-t̪ɛ hako-ko ɟʰɘli-ko-a ɔkɔi d̪ɔ bɘɽsi-t̪ɛ hako-ko bɘɽsi-ko-a,various-INSTR fish-3PL catch-3PL-FIN like some TOP net-INSTR fish-3PL net.fish-3PL-FIN some TOP rod-INSTR fish-3PL rod.fish-3PL-FIN,"Fish can be caught in various ways; some fish with nets, some with rods."
santali_bangla_glossed.eaf,5,8800,10800,bɘɾsɘ ɟɔkʰɛn a͡i̯malɛkan hakoko ɲamɔ.a,bɘɾsɘ ɟɔkʰɛn a͡i̯malɛ-kan hako-ko ɲamɔ-a,monsoon when various-ADJR fish-3PL be.found-FIN,A lot of fish are found during the monsoon season.
santali_bangla_glossed.eaf,6,11000,13000,at̪oɾɛn gid̪ɾɘkud̪ɔ d̪aʔ aɾɛc̚ʔkat̪ɛ hakuku gɔc̚ʔkoa,at̪o-ɾɛn gid̪ɾɘku-d̪ɔ d̪aʔ aɾɛc̚ʔ-kat̪ɛ haku-ku gɔc̚ʔ-ko-a,village-GEN children-TOP water drain-CVB fish-3PL catch-3PL-FIN,The children of the village drain water to catch fish.
santali_bangla_glossed.eaf,7,13200,15200,d̪aʔ bɘɽiɟɔʔ kakʰant̪ɛ hakuku t̪ʰɔɽa cabaʔkana,d̪aʔ bɘɽiɟɔʔ kak-ʰan-t̪ɛ haku-ku t̪ʰɔɽa cabaʔ-kan-a,water pollute because-INSTR fish-3PL few decrease-COP-FIN,Fish have decreased because of water pollution.
santali_bangla_glossed.eaf,8,15400,17400,gaɖa aɽeɾɛn hɔɽko d̪ɔ akot̪ege hakoko sapʔɟɔːŋa,gaɖa aɽe-ɾɛn hɔɽ-ko d̪ɔ akot̪e-ge hako-ko sapʔ-ɟɔː-ŋ-a,river bank-GEN man-3PL TOP themselves-EMPH fish-3PL catch-be.able-1SG-FIN,People who live by the riverbank can fish by themselves.
santali_bangla_glossed.eaf,9,17600,19600,ɔna i.yɘt̪ɛ hɘʈiɘkʰɔn hako kiɾiɲ d̪ɔ baŋ lagaoakoa,ɔna i.yɘ-t̪ɛ hɘʈiɘ-kʰɔn hako kiɾiɲ d̪ɔ baŋ laga-o-a-ko-a,that reason-INSTR market-ABL fish buy TOP NEG need-CAUS-FIN-3PL-FIN,That is why they do not need to buy fish from the market.
santali_bangla_glossed.eaf,10,19800,21800,amaʔ d̪ɔkanɾɛ maɲɟan ɟɔm ɾe.yaʔ cɛʔ cɛʔko mɛnaʔa,am-aʔ d̪ɔkan-ɾɛ maɲɟan ɟɔm ɾe.yaʔ cɛʔ cɛʔ-ko mɛnaʔ-a,2SG-GEN shop-LOC noon eat for what what-3PL exist-FIN,What dishes are available for lunch at your shop?
santali_bangla_glossed.eaf,11,22000,24000,d̪aka mɛna.a pɛ lɛkan hako ut̪u mɛna.a aɾ simɟil ut̪u mɛna.a,d̪aka mɛna-a pɛ lɛ-kan hako ut̪u mɛna-a aɾ sim-ɟil ut̪u mɛna-a,rice exist-FIN three COP-ADJR fish also exist-FIN and chicken-meat also exist-FIN,"There is rice, three kinds of fish, and chicken meat."
santali_bangla_glossed.eaf,12,24200,26200,kɘʈic̚ʔ hako ut̪u mena.a,kɘʈic̚ʔ hako ut̪u mena-a,small fish also exist-FIN,Is there any small fish?
santali_bangla_glossed.eaf,13,26400,28400,hɛ̃ː mena.a ɔna saɔ̯t̪ɛ lɘʈu hakoaʔ ut̪uhɔ̃ mena.a,hɛ̃ː mena-a ɔna saɔ̯-t̪ɛ lɘʈu hako-aʔ ut̪u-hɔ̃ mena-a,yes exist-FIN that with big fish-also also-also exist-FIN,"Yes, and we also have big fish along with it."
santali_bangla_glossed.eaf,14,28600,30600,aɽaʔ sakam aɾ d̪ɘl ut̪u mena.a,aɽaʔ sakam aɾ d̪ɘl ut̪u mena-a,vegetable leaf and lentil also exist-FIN,Do you have vegetables and lentils?
santali_bangla_glossed.eaf,15,30800,32800,hɔt̪ɔtʔ aɾ poʈol bʰɘɟi mena.a,hɔt̪ɔtʔ aɾ poʈol bʰɘɟi mena-a,gourd and pointed.gourd fry exist-FIN,We have gourd and fried pointed gourd.
santali_bangla_glossed.eaf,16,33000,35000,hako bʰɘɽt̪ɘ aɾ malhan bʰɘɾt̪ɘ mena.a,hako bʰɘɽt̪ɘ aɾ malhan bʰɘɾt̪ɘ mena-a,fish mash and bean mash exist-FIN,There is mashed fish and mashed beans.
santali_bangla_glossed.eaf,17,35200,37200,d̪ɘl ut̪u t̪ahɛ̃kangeja mɛnkʰan cabaena,d̪ɘl ut̪u t̪ahɛ̃-kan-ge-ja mɛnkʰan caba-e-na,lentil also be-COP-EMPH-PST but finish-PST-FIN,"There was lentil, but it has all finished."
santali_bangla_glossed.eaf,18,37400,39400,iɲd̪ɔ d̪aka kɘʈic̚ʔ hako ut̪u aɾ poʈol bʰɘɟi imɘɲmɛ,iɲ-d̪ɔ d̪aka kɘʈic̚ʔ hako ut̪u aɾ poʈol bʰɘɟi im-ɘɲ-mɛ,1SG-TOP rice small fish also and pointed.gourd fry give-1SG.OBJ-2SG:IMP,"Give me rice, small fish and fried pointed gourd."
santali_bangla_glossed.eaf,19,39600,41600,bɔt̪ɔl ɾe.yaʔ d̪aʔiɲ emama,bɔt̪ɔl ɾe.yaʔ d̪aʔ-iɲ ema-ma,bottle for water-also give-Q,Shall I give you bottled water?
santali_bangla_glossed.eaf,20,41800,43800,alɛʈʰɛʔ d̪ɔ ɾe.yaɽ aɾ imni d̪aʔhɔ̃ mena.a,alɛʈʰɛʔ d̪ɔ ɾe.yaɽ aɾ imni d̪aʔ-hɔ̃ mena-a,cold TOP for and normal water-also exist-FIN,We have both cold and normal water.
santali_bangla_glossed.eaf,21,44000,46000,bɔt̪ɔl d̪aʔ d̪ɔ baŋ lagaoɘɲɘ,bɔt̪ɔl d̪aʔ d̪ɔ baŋ laga-o-ɘɲ-ɘ,bottle water TOP NEG need-CAUS-1SG.OBJ-FIN,I do not need bottled water.
santali_bangla_glossed.eaf,22,46200,48200,iɲ d̪ɔ sɔŋgɛt̪ɛ d̪aʔhɔ̃ɲ ɘguukaʔa,iɲ d̪ɔ sɔŋgɛ-t̪ɛ d̪aʔ-hɔ̃-ɲ ɘguu-kaʔ-a,1SG TOP together-INSTR water-also-1SG bring-PRF-FIN,I have brought water along with me.
santali_bangla_glossed.eaf,23,48400,50400,ɟahan hɛɽɛm ɟɔmaʔ mena.a,ɟahan hɛɽɛm ɟɔm-aʔ mena-a,any sweet eat-NMLZ exist-FIN,Do you have any sweets or desserts?
santali_bangla_glossed.eaf,24,50600,52600,d̪ahe aɾ misʈi mena.a,d̪ahe aɾ misʈi mena-a,curd and sweet exist-FIN,There is curd and sweets.
santali_bangla_glossed.eaf,25,52800,54800,t̪ahalɛ ɟɔm mucɘtʔkat̪ɛ mitʔ cukɘʔ d̪ahe imɘɲmɛ,t̪ahalɛ ɟɔm mucɘ-tʔ-kat̪ɛ mitʔ cukɘʔ d̪ahe im-ɘɲ-mɛ,then eat finish-NMLZ-after one cup curd give-1SG.OBJ-2SG:IMP,Then give me a cup of curd after I finish eating.
santali_bangla_glossed.eaf,26,55000,57000,mitʔ hɔɽ lɘgitʔ hako bʰɘɾt̪ɘ hɔt̪ɔtʔ ut̪u sim ɟil ut̪u aɾ mitʔ pleʈ d̪aka pekeʈɘɲpe,mitʔ hɔɽ lɘgi-tʔ hako bʰɘɾt̪ɘ hɔt̪ɔtʔ ut̪u sim ɟil ut̪u aɾ mitʔ pleʈ d̪aka pekeʈ-ɘɲ-pe,one man for-NMLZ fish mash gourd also chicken meat also and one plate rice pack-1SG.OBJ-2PL:IMP,"Pack mashed fish, gourd, chicken meat and a plate of rice for one person."
santali_bangla_glossed.eaf,27,57200,59200,ma t̪ɔbɛ a͡i̯ma saɾhao,ma t̪ɔbɛ a͡i̯ma saɾha-o,AFFIRM then very thank.you-IMP,"Alright, thank you very much."
santali_bangla_glossed.eaf,28,59400,61400,ɟɔhaɾ t̪i.yaŋ,ɟɔhaɾ t̪i.yaŋ,greet elder.brother.in.law,"Greetings, brother-in-law."
santali_bangla_glossed.eaf,29,61600,63600,cɛʔlɛka mɛnama,cɛʔ-lɛka mɛna-ma,how-like exist-Q,How are you?
santali_bangla_glossed.eaf,30,63800,65800,iɲ d̪ɘi aɾ bʰɘgnitiɲ d̪ɔ ɔkaɾɛ menaʔkinɘ,iɲ d̪ɘi aɾ bʰɘgni-t̪iɲ d̪ɔ ɔka-ɾɛ menaʔ-kin-ɘ,1SG elder.sister and niece-1SG.POSS TOP where-LOC exist-DUAL-FIN,Where are my sister and niece?
santali_bangla_glossed.eaf,31,66000,68000,ɟɔhaɾ bisgi minɘɲa,ɟɔhaɾ bisgi min-ɘɲ-a,greet well be-1SG.SUBJ-FIN,"Greetings, I am fine."
santali_bangla_glossed.eaf,32,68200,70200,uŋkin d̪ɔ haŋko ʈʰɛnkin calaoakana,uŋ-kin d̪ɔ haŋ-ko ʈʰɛn-kin cala-o-a-kan-a,3DUAL-DUAL TOP next-PL side-DUAL go-CAUS-AUX-COP-FIN,They have gone to the neighbouring house.
santali_bangla_glossed.eaf,33,70400,72400,nitʔgikin ɾuɘɽa nahaʔ,nitʔ-gi-kin ɾuɘɽ-a nahaʔ,just.now-EMPH-DUAL return-FIN MOD,They will return just now.
santali_bangla_glossed.eaf,34,72600,74600,bʰit̪ɾisec̚ʔ hɛc̚ʔ kat̪ɛ d̪uɽupʔmɛ,bʰit̪ɾi-sec̚ʔ hɛc̚ʔ kat̪ɛ d̪uɽupʔ-mɛ,inside-into come-CVB sit.down-2SG:IMP,Come inside and sit down.
santali_bangla_glossed.eaf,35,74800,76800,bʰɘgnitiɲ bapla babɔtʔt̪ɛ kɔɽa sɛc̚ʔkʰɔn bɔlɛko hɛc̚ʔlena,bʰɘgni-t̪iɲ bapla babɔ-tʔt̪ɛ kɔɽa sɛc̚ʔ-kʰɔn bɔlɛ-ko hɛc̚ʔ-len-a,niece-1SG.POSS wedding matter-INSTR boy side-ABL say-3PL come-PLUP-FIN,I heard the potential groom's family came about the niece's wedding!
santali_bangla_glossed.eaf,36,77000,79000,kɔɽa d̪ɔ cɛtʔɛ kɘmia,kɔɽa d̪ɔ cɛtʔ-ɛ kɘmi-a,boy TOP what-Q do-FIN,What does the potential groom do?
santali_bangla_glossed.eaf,37,79200,81200,aɾ ɔkaɾɛi t̪ahɛ̃na,aɾ ɔka-ɾɛ-i t̪ahɛ̃-na,and where-LOC-EMPH live-FIN,And where does he live?
santali_bangla_glossed.eaf,38,81400,83400,kɔɽa d̪ɔ ɖʰakaɾɛi t̪ahɛ̃na aɾ kic̚ɾiʔ ɾe.yaʔɛ bɘniɟa,kɔɽa d̪ɔ ɖʰaka-ɾɛ-i t̪ahɛ̃-na aɾ kic̚ɾiʔ ɾe.yaʔ-ɛ bɘniɟ-a,boy TOP Dhaka-LOC-EMPH live-FIN and cloth for-EMPH do.business-FIN,The boy lives in Dhaka and does cloth business.
santali_bangla_glossed.eaf,39,83600,85600,oŋko ɔɽaʔ d̪ɔ hana at̪oɾɛ,oŋ-ko ɔɽaʔ d̪ɔ hana at̪o-ɾɛ,3SG-3PL house TOP here village-LOC,His house is in our neighbouring village.
santali_bangla_glossed.eaf,40,85800,87800,bʰagegecɔ,bʰage-ge-cɔ,good-EMPH-CONCL,Good then.
santali_bangla_glossed.eaf,41,88000,90000,kɔɽa babɔtʔt̪ɛ kʰɔckʰɔbɔɾpɛ hat̪aokaʔa sɛ iɲgiɲ hat̪aɔa,kɔɽa babɔ-tʔt̪ɛ kʰɔc-kʰɔbɔɾ-pɛ hat̪a-o-kaʔ-a sɛ iɲ-gi-ɲ hat̪a-o-a,boy matter-INSTR inquiry-2PL gather-CAUS-PRF-FIN or 1SG-EMPH-1SG gather-CAUS-FIN,"Have you inquired about the boy, or should I make the inquiry?"
santali_bangla_glossed.eaf,42,90200,92200,ɔna at̪oɾɛgi iɲɾɛn miʈɛʔ gat̪ekoɽa mena.ya,ɔna at̪o-ɾɛ-gi iɲ-ɾɛn miʈɛʔ gat̪e-koɽa mena-ya,that village-LOC-EMPH 1SG-GEN one friend-boy exist-PST,I have a friend in that village.
santali_bangla_glossed.eaf,43,92400,94400,kʰɔbɔɾɛm hat̪ao d̪aɽe.yaʔa,kʰɔbɔɾ-ɛm hat̪a-o d̪aɽe.yaʔ-a,inquiry-2SG.SUBJ gather-CAUS can-FIN,You can make the inquiry.
santali_bangla_glossed.eaf,44,94600,96600,iɲaʔ baɖailɛka kɔɽa d̪ɔ ɟɔt̪osɛc̚ʔkʰɔngejɛ bʰagegeja,iɲ-aʔ baɖai-lɛka kɔɽa d̪ɔ ɟɔt̪o-sɛc̚ʔ-kʰɔn-ge-jɛ bʰage-ge-ja,1SG-GEN knowledge-like boy TOP all-from-ABL-EMPH good-EMPH-FIN,"As far as I know, the boy is good in every respect."
santali_bangla_glossed.eaf,45,96800,98800,net̪aɾ d̪ɔ baplɛɾɛ a͡i̯ma kʰɔɾɔcɔʔa,net̪aɾ d̪ɔ bapla-ɾɛ a͡i̯ma kʰɔɾɔc-ɔʔ-a,now TOP wedding-LOC very expense-NMLZ-FIN,There is a lot of expense in weddings nowadays.
santali_bangla_glossed.eaf,46,99000,101000,t̪iːɾɛ ʈaka pa͡i̯sa mena.atʰɔɾ,t̪iː-ɾɛ ʈaka pa͡i̯sa mena-a-tʰɔɾ,hand-LOC money coin exist-FIN-Q,Do you have money at hand right now?
santali_bangla_glossed.eaf,47,101200,103200,ɛnt̪ɛ net̪aɾ d̪ɔ ɟiniskɔɾɛnaʔ d̪am hɔ̃ ɘɖi ɟɘstijena,ɛnt̪ɛ net̪aɾ d̪ɔ ɟinis-kɔɾɛ-naʔ d̪am hɔ̃ ɘɖi ɟɘsti-jen-a,because now TOP thing-NMLZ-GEN price also very increase-PLUP-FIN,Because the prices of goods have increased a lot now.
santali_bangla_glossed.eaf,48,103400,105400,pasɛc̚ʔ ɟahan ɛ̃ʈkɛʈɔ̃ɽe d̪ɔ baŋ hojoʔa,pasɛc̚ʔ ɟahan ɛ̃ʈkɛʈ-ɔ̃ɽe d̪ɔ baŋ hojo-ʔ-a,hope any trouble-LOC TOP NEG happen-NMLZ-FIN,I hope there will be no problem.
santali_bangla_glossed.eaf,49,105600,107600,peɽako niɘ mitʔd̪in d̪uɽupʔ hojoʔa,peɽa-ko niɘ mitʔ-d̪in d̪uɽupʔ hojo-ʔ-a,relative-3PL with one-day sit happen-NMLZ-FIN,We need to sit together with relatives one day.
santali_bangla_glossed.eaf,50,107800,109800,ɟɔt̪ɔhɔɽ saɔ̯t̪ɛ galmaraokat̪ebon goʈa.ya onage bʰage.a,ɟɔt̪ɔ-hɔɽ saɔ̯-t̪ɛ galmara-o-kat̪e-bon goʈ-a.ya ona-ge bʰage-a,all-man with-INSTR discuss-CAUS-CVB-1PL.INCL decide-FIN that-EMPH good-FIN,Discussing with everyone and deciding together will be good.
santali_bangla_glossed.eaf,51,110000,112000,sokol hilɘʔ d̪o cʰuʈigeja unhilɘʔd̪ɔ ɟɔt̪ɔkuku ɲamɔ.a,sokol hilɘʔ d̪o cʰuʈi-ge-ja un-hilɘʔ-d̪ɔ ɟɔt̪ɔ-ku-ku ɲamɔ-a,Friday day TOP holiday-EMPH-FIN that-day-TOP all-3PL-3PL be.available-FIN,"Friday is a holiday, everyone will be available on that day."
santali_bangla_glossed.eaf,52,112200,114200,unhilɘʔgi ɛɾa hɔpɔnko niɘ hɘɟuʔmɛ t̪ahlɛ,un-hilɘʔ-gi ɛɾa hɔpɔn-ko niɘ hɘɟuʔ-mɛ t̪ahlɛ,that-day-EMPH wife child-3PL with come-2SG:IMP then,Come with your wife and children on that day.
santali_bangla_glossed.eaf,53,114400,116400,ma onagi t̪iɲaŋ,ma ona-gi t̪iɲaŋ,AFFIRM that-EMPH elder.brother.in.law,"Alright, brother-in-law."
santali_bangla_glossed.eaf,54,116600,118600,ma t̪ahlɛ iɲd̪ɔɲ calaʔkana,ma t̪ahlɛ iɲ-d̪ɔ-ɲ calaʔ-kan-a,AFFIRM then 1SG-TOP-1SG.SUBJ go-COP-FIN,"Alright then, I am going now."
santali_bangla_glossed.eaf,55,118800,120800,ɔɽaʔɾɛhɔ̃ a͡i̯ma kɘmi mena.a,ɔɽaʔ-ɾɛ-hɔ̃ a͡i̯ma kɘmi mena-a,house-LOC-also very work exist-FIN,There are many things to do at home.
santali_bangla_glossed.eaf,56,121000,123000,ma t̪ɔbɛ sokol hilɘʔgi ɲapam hojo.a,ma t̪ɔbɛ sokol hilɘʔ-gi ɲapam hojo-a,AFFIRM then Friday day-EMPH meet happen-FIN,"Well then, see you on Friday."
santali_glossed_dialogues.eaf,1,0,2000,"hend̪a ba, abo̯͡aʔ ɔɽaʔ d̪ɔ jut̪̚ʔ ho.jo.a",hend̪a ba abo̯-aʔ ɔɽaʔ d̪ɔ jut̪ʔ ho.jo-a,VOC father 1PL.INCL-GEN house TOP repair must-FIN,"Father, we have to repair the house."
santali_glossed_dialogues.eaf,2,2200,4200,"ced̪aʔ, oɽaʔ d̪ɔ ceka͡o̯ăkant̪ɛ",ced̪aʔ oɽaʔ d̪ɔ ceka-o-akan-t̪ɛ,why house TOP how-MID-PRF-FIN,"Why, what happened to the house?"
santali_glossed_dialogues.eaf,3,4400,6400,am sɔhɔɽt̪ɛ cala͡o̯ ta͡i̯nɔm hɔ͡i̯d̪aʔ ho͡i̯lena,am sɔhɔɽ-t̪ɛ cala-o ta͡i̯nɔm hɔ͡i̯d̪aʔ ho͡i̯-len-a,2SG town-LOC go-MID after storm happen-PST-FIN,The storm hit after you went to town.
santali_glossed_dialogues.eaf,4,6600,8600,ona hɔ͡i̯d̪aʔɾɛ abo ɔɽaʔ cet̪an mit̪̚ʔʈɛʔ d̪aɾi bʰind̪ɘɽakana,ona hɔ͡i̯d̪aʔ-ɾɛ abo ɔɽaʔ cet̪an mit̪ʔ-ʈɛʔ d̪aɾi bʰind̪ɘɽ-akan-a,that storm-LOC 1PL.INCL house top one-CLSSFR tree fall-PRF-FIN,A tree fell on the house in that storm.
santali_glossed_dialogues.eaf,5,8800,10800,ɔna i͡ɘt̪ɛ ɔɽaʔ ɾe.jaʔ mit̪̚ʔaɽi cal d̪ɔ ɾɘput̪̚ʔakana,ɔna i͡ɘ-t̪ɛ ɔɽaʔ ɾe-jaʔ mit̪ʔ-aɽi cal d̪ɔ ɾɘput̪ʔ-akan-a,that reason-INSTR house LOC-GEN one-side shed TOP break-PRF-FIN,"As a result, the shed on one side of the house was broken."
santali_glossed_dialogues.eaf,6,11000,13000,nit̪̚ʔ ɔnɖɛkʰɔn d̪aʔ ɟɔɾɔʔkana,nit̪ʔ ɔnɖɛ-kʰɔn d̪aʔ ɟɔɾɔʔ-kan-a,now there-ABL water fall-PROG-FIN,Now water falls through it.
santali_glossed_dialogues.eaf,7,13200,15200,"d̪ɛla, miʔ sã͡o̯tɛlaŋ cala.a, ɲɛːlalaŋ ceka͡o̯ăkana",d̪ɛla miʔ-sã͡o̯-t̪ɛ-laŋ cal-a-a ɲɛl-a-laŋ ceka-o-akan-a,come.IMP one-with-LOC-1DU.INCL go-FIN-FIN see-FIN-1DU.INCL how-MID-PRF-FIN,Let's go together and see what happened.
santali_glossed_dialogues.eaf,8,15400,17400,nɔʔɔ͡i̯ ɲɛlmɛ nɔ̯͡a d̪aɾe cɛʔlɛka bʰind̪ɘɽakana,nɔʔɔ͡i̯ ɲɛl-mɛ nɔ̯a d̪aɾe cɛʔ-lɛka bʰind̪ɘɽ-akan-a,here see-2SG.IMP this tree what-like fall-PRF-FIN,Look how the tree is lying.
santali_glossed_dialogues.eaf,9,17600,19600,"ɘɖi lɘʈu d̪aɾekana, ɔnat̪ɛ ɔɽaʔ ɾe.jaʔ cal d̪ɔ ɾɘput̪̚ʔakana",ɘɖi lɘʈu d̪aɾe-kan-a ɔna-t̪ɛ ɔɽaʔ ɾe-jaʔ cal d̪ɔ ɾɘput̪ʔ-akan-a,very big tree-PROG-FIN that-INSTR house LOC-GEN shed TOP break-PRF-FIN,The tree was big that is why the house got broken.
santali_glossed_dialogues.eaf,10,19800,21800,"hɛ̃ː, ɲɛl ɲamɛ̃d̪ɘɲ",hɛ̃ː ɲɛl ɲam-ɛd̪-ɘɲ,yes see get-IND-1SG,"Yes, I can see."
santali_glossed_dialogues.eaf,11,22000,24000,"hɛ̃ː, no̯͡a d̪aɾi ɔcɔʔ laha͡i̯ hojo.a",hɛ̃ː no̯a d̪aɾi ɔcɔʔ laha͡i̯ hojo-a,yes this tree remove first must-FIN,The tree must be removed first.
santali_glossed_dialogues.eaf,12,24200,26200,"ni̯͡ɘ t̪a͡i̯nɔm naɔ̯͡a cal lɘgit̪̚ʔ ʈin, kaʈ, peɾek̚ kiɾiɲ hojo.a aɾ mist̪ɾi hɔ̃ hɔhɔ̯a͡i̯ hojo.a",ni̯ɘ t̪a͡i̯nɔm naɔ̯a cal lɘgit̪ʔ ʈin kaʈ peɾek kiɾiɲ hojo-a aɾ mist̪ɾi hɔ̃ hɔhɔ̯a͡i̯ hojo-a,this after new shed for tin wood nail buy must-FIN and mason also call must-FIN,"Then have to buy tin, wood, nails for the new shed and have to call the mason."
santali_glossed_dialogues.eaf,13,26400,28400,"hend̪a baː, ɔka ɟinis t̪inɘʔganiɲ agu.ja",hend̪a baː ɔka ɟinis t̪inɘʔ-gan-iɲ agu-ja,VOC father which thing how.much-EMPH-1SG bring-FUT,"Father, how much should I bring all of these?"
santali_glossed_dialogues.eaf,14,28600,30600,no̯͡a d̪ɔ iɲ kʰɔn mit̪̚ʔʈɛʲcʔ mist̪ɾigi bʰage͡i̯ lɘ͡i̯ d̪aɽe.jaʔa,no̯a d̪ɔ iɲ kʰɔn mit̪ʔ-ʈɛʲcʔ mist̪ɾi-gi bʰage͡i̯ lɘ͡i̯ d̪aɽe-jaʔ-a,this TOP 1SG ABL one-CLSSFR mason-EMPH well say can-PRF-FIN,A mason can say that better than me.
santali_glossed_dialogues.eaf,15,30800,32800,iɲd̪ɔ t̪ahalɛ mit̪̚ʔʈɛʲcʔ mistɾiɲ ɘgu maɽaŋka͡i̯ligi,iɲ-d̪ɔ t̪ahalɛ mit̪ʔ-ʈɛʲcʔ mist̪ɾi-ɲ ɘgu maɽaŋ-ka͡i̯-li-gi,1SG-TOP then one-CLSSFR mason-1SG bring first-CAUS-1SG-EMPH,Then I am calling a mason first to bring him.
santali_glossed_dialogues.eaf,16,33000,35000,mist̪ɾi t̪inɘʔ d̪aɾmaha͡i̯ hat̪aɔ̯͡a ona d̪ɔ uni sã͡ot̪ɛ goʈa ɘgu͡i̯mɛ,mist̪ɾi t̪inɘʔ d̪aɾmaha͡i̯ hat̪ao-a ona d̪ɔ uni sã͡o-t̪ɛ goʈa ɘgu͡i̯-mɛ,mason how.much wage take-FIN that TOP 3SG with-LOC fix bring-2SG.IMP,Fix how much the mason will be paid daily.
santali_glossed_dialogues.eaf,17,35200,37200,mist̪ɾi lɘgit̪̚ʔ iɲ d̪ɔ d̪inɘm mit̪̚ʔ haɟaɾ ʈaka kʰɔn ɟɘst̪i bɘɲ ɛm d̪aɽeɔ̯͡aʔa,mist̪ɾi lɘgit̪ʔ iɲ d̪ɔ d̪inɘm mit̪ʔ haɟaɾ ʈaka kʰɔn ɟɘst̪i bɘ-ɲ ɛm d̪aɽe-o-aʔ-a,mason for 1SG TOP daily one thousand taka ABL more NEG-1SG give can-MID-PRF-FIN,I can't pay more than BDT 1000 per day for the mason.
santali_glossed_dialogues.eaf,18,37400,39400,"ac̚cʰa baba, iɲd̪ɔ d̪aɾmahaɲ gɔʈa ɘgu.ja nahaʔ",ac̚cʰa baba iɲ-d̪ɔ d̪aɾmaha-ɲ gɔʈa ɘgu-ja nahaʔ,okay father 1SG-TOP wage-1SG fix bring-FUT now,"Okay father, I will fix the wages."
santali_glossed_dialogues.eaf,19,39600,41600,iɲd̪ɔ mist̪ɾi ʈʰɛnkʰɔn baɖa͡i̯ɟɔŋ t̪a͡i̯nɔm ɟiniskuɲ kiɾiɲ ɘgu.ja,iɲ-d̪ɔ mist̪ɾi ʈʰɛn-kʰɔn baɖa͡i̯-ɟɔŋ t̪a͡i̯nɔm ɟinis-ku-ɲ kiɾiɲ ɘgu-ja,1SG-TOP mason from-ABL know-PRF after thing-PL-1SG buy bring-FUT,Shall I buy the things after knowing from the mason?
santali_glossed_dialogues.eaf,20,41800,43800,"baŋ, lahaɾɛ d̪ɔ alɔm kiɾiɲa",baŋ laha-ɾɛ d̪ɔ alɔ-m kiɾiɲ-a,no front-LOC TOP PROHIB-2SG buy-FIN,"No, no need to buy first."
santali_glossed_dialogues.eaf,21,44000,46000,mist̪ɾi ɔɽaʔ ɾe.jaʔ ɔbɔst̪a ɲɛlocokat̪ɛ aːd̪ɔ ɟinisko kiɾiɲɛm calaʔa,mist̪ɾi ɔɽaʔ ɾe-jaʔ ɔbɔst̪a ɲɛl-o-cok-at̪ɛ aː-d̪ɔ ɟinis-ko kiɾiɲ-ɛm cal-aʔ-a,mason house LOC-GEN condition see-MID-CAUS-after then-TOP thing-PL buy-2SG go-PRF-FIN,"After seeing the condition of the house by the mason, go and buy things."
santali_glossed_dialogues.eaf,22,46200,48200,maːt̪ɔbɛɲ calaʔkana,maː-t̪ɔbɛ-ɲ cal-aʔ-kan-a,okay-then-1SG go-PRF-PROG-FIN,"Alright Father, I am going."
santali_glossed_dialogues.eaf,23,48400,50400,iɲaʔ baɽgeɾe.jaʔ hoɽo goɖoko ɟɔm cabaʲɛt̪̚ʔkana,iɲ-aʔ baɽge-ɾe-jaʔ hoɽo goɖo-ko ɟɔm caba-ʲɛt̪ʔ-kan-a,1SG-GEN field-LOC-GEN paddy rat-3PL eat finish-IND-PROG-FIN,Rats are eating the rice of my field.
santali_glossed_dialogues.eaf,24,50600,52600,goɖo lagako lɘgit̪̚ʔ cɛt̪̚ʔ ceka͡i̯ hojo.a,goɖo laga-ko lɘgit̪ʔ cɛt̪ʔ ceka͡i̯ hojo-a,rat chase-3PL for what how must-FIN,What can be done to get rid of rats?
santali_glossed_dialogues.eaf,25,52800,54800,goɖo lagako lɘgit̪̚ʔ baɾe̯͡alɛkan kɘmi mena.a,goɖo laga-ko lɘgit̪ʔ baɾe̯a-lɛkan kɘmi mena-a,rat chase-3PL for two-like work exist-FIN,Rats can be chased in two ways.
santali_glossed_dialogues.eaf,26,55000,57000,baɽge bɛɽha͡i̯t̪ɛ siʈɘp̚ʔ oɖa͡o̯kat̪ɛ goɖo sap̚ʔko,baɽge bɛɽha͡i̯-t̪ɛ siʈɘpʔ oɖa-o-kat̪ɛ goɖo sapʔ-ko,field around-LOC trap set-MID-CONV rat catch-3PL,You can catch mice by setting traps around the field.
santali_glossed_dialogues.eaf,27,57200,59200,baŋkʰan ɟɔmaʔ sã͡o̯t̪ɛ bis mɛsal kat̪ɛ baɽgiɾɛ d̪ɔhɔ͡i̯ hojoʔa,baŋ-kʰan ɟɔm-aʔ sã͡o-t̪ɛ bis mɛsal kat̪ɛ baɽgi-ɾɛ d̪ɔhɔ͡i̯ hojoʔ-a,no-then food-GEN with-LOC poison mix CONV field-LOC keep must-FIN,"Other than that, you can mix poison with food and put it in the field."
santali_glossed_dialogues.eaf,28,59400,61400,pɘhilɾɛ iɲd̪ɔ siʈɘp̚ʔ ɔɖa͡o̯kat̪ɛ goɖo sap̚ʔiɲ mɛnled̪a,pɘhil-ɾɛ iɲ-d̪ɔ siʈɘpʔ ɔɖa-o-kat̪ɛ goɖo sapʔ-iɲ mɛn-led̪-a,first-LOC 1SG-TOP trap set-MID-CONV rat catch-1SG say-PST-FIN,I initially wanted to catch mice by traps.
santali_glossed_dialogues.eaf,29,61600,63600,"mɛnkʰan nokod̪ɔ bako siʈɘbɔ.a, nokod̪ɔ ɘɖi calak̚",mɛnkʰan noko-d̪ɔ ba-ko siʈɘb-o-a noko-d̪ɔ ɘɖi calak,but these-TOP NEG-3PL trap-MID-FIN these-TOP very clever,"But rats are very clever, so the trap is not working."
santali_glossed_dialogues.eaf,30,63800,65800,ni̯͡ɘd̪ʰa͡ɔ̯ d̪ɔ ɟɔmaʔ sã͡o̯t̪ɛ bis mɛsal kat̪ɛʔ baɽgeɾɛ hanɖɛ nanɖɛ d̪ɔhɔkam,ni̯ɘ-d̪ʰa͡ɔ d̪ɔ ɟɔm-aʔ sã͡o-t̪ɛ bis mɛsal kat̪ɛʔ baɽge-ɾɛ hanɖɛ nanɖɛ d̪ɔhɔ-ka-m,this-time TOP food-GEN with-LOC poison mix CONV field-LOC there here keep-IMP-2SG,Then mix the poison with the food and put it in different places in the field.
santali_glossed_dialogues.eaf,31,66000,68000,inɘkʰan goɖo aɾ bako t̪ahɛ̃na,inɘ-kʰan goɖo aɾ ba-ko t̪ahɛ̃-n-a,then-COND rat more NEG-3PL stay-MID-FIN,Then there will be no more rats.
santali_glossed_dialogues.eaf,32,68200,70200,hɛ̃ noŋkagiɲ kɘmi̯͡a,hɛ̃ noŋka-gi-ɲ kɘmi-a,yes thus-EMPH-1SG do-FIN,"Yes, that's what has to be done."
santali_glossed_dialogues.eaf,33,70400,72400,cala͡o̯ɛn sɛɾmaɾɛ goɖo iɲaʔ baɽgiɾɛ a͡i̯ma hoɽoko ɟɔm giɖiked̪a,cala-o-ɛn sɛɾma-ɾɛ goɖo iɲ-aʔ baɽgi-ɾɛ a͡i̯ma hoɽo-ko ɟɔm giɖi-ked̪-a,go-MID-PST year-LOC rat 1SG-GEN field-LOC much paddy-3PL eat throw-PST-FIN,Rats ate a lot of my rice last year.
santali_glossed_dialogues.eaf,34,72600,74600,hoɽo gɛt̪̚ʔ t̪a.jɔm baɽgeɾɛ a͡i̯ma goɖo bʰugɘʔlɛ ɲamked̪a,hoɽo gɛt̪ʔ t̪ajɔm baɽge-ɾɛ a͡i̯ma goɖo bʰugɘʔ-lɛ ɲam-ked̪-a,paddy cut after field-LOC much rat hole-1PL.EXCL get-PST-FIN,"After harvesting paddy, I found many holes in the field."
santali_glossed_dialogues.eaf,35,74800,76800,ona bʰugɘʔkoɾɛ a͡i̯ma hoɽo t̪ahɛ̃lena,ona bʰugɘʔ-ko-ɾɛ a͡i̯ma hoɽo t̪ahɛ̃-len-a,that hole-PL-LOC much paddy stay-PST-FIN,There was a lot of rice in those holes.
santali_glossed_dialogues.eaf,36,77000,79000,ni̯͡ɘd̪ʰa͡o̯ hɘʈi̯͡ɘɾɛ hoɽo d̪am d̪ɔ t̪ʰɔɽage̯͡a,ni̯ɘ-d̪ʰa͡o hɘʈi̯ɘ-ɾɛ hoɽo d̪am d̪ɔ t̪ʰɔɽa-ge-a,this-time market-LOC paddy price TOP little-EMPH-FIN,This year the price of rice is low in the market.
santali_glossed_dialogues.eaf,37,79200,81200,a͡i̯ma ɔkt̪ɛɾɛ hoɽo ɘkʰɾiɲkat̪ɛ abat̪̚ kʰɔɾɔcʔ baŋ ɲamʔkana,a͡i̯ma ɔkt̪ɛ-ɾɛ hoɽo ɘkʰɾiɲ-kat̪ɛ aba-t̪ kʰɔɾɔcʔ baŋ ɲamʔ-kan-a,much time-LOC paddy sell-CONV cultivation-GEN cost NEG get-PROG-FIN,Many times the cost of cultivation cannot be met by selling paddy.
santali_glossed_dialogues.eaf,38,81400,83400,goɖo hoɽoko ɟɔmgiɖilekʰan aɾ ceka͡i̯ ɾenaʔ cɛt̪̚ʔhɔ̃ baŋ t̪ahɛ̃na,goɖo hoɽo-ko ɟɔm-giɖi-lekʰan aɾ ceka͡i̯ ɾenaʔ cɛt̪ʔ-hɔ̃ baŋ t̪ahɛ̃-n-a,rat paddy-3PL eat-throw-COND more how way what-also NEG stay-MID-FIN,"If the rats eat the rice, there is no other way."
santali_glossed_dialogues.eaf,39,83600,85600,ɟɔt̪ʰat̪ɛm mɛːnakaʔa,ɟɔt̪ʰa-t̪ɛ-m mɛn-akaʔ-a,true-LOC-2SG say-PRF-FIN,You are right.
santali_glossed_dialogues.eaf,40,85800,87800,cala͡o̯ɛn sɛɾma iɲaʔhɔ̃ noŋkage ho͡i̯lena,cala-o-ɛn sɛɾma iɲ-aʔ-hɔ̃ noŋka-ge ho͡i̯-len-a,go-MID-PST year 1SG-GEN-also thus-EMPH happen-PST-FIN,Same thing happened to me last year.
santali_glossed_dialogues.eaf,41,88000,90000,"iɲaʔ hoɽo d̪aɾeko sasaŋ cabaʔkana, ceʔiɲ ceka.ja lɘ.jɘɲmɛsɛ",iɲ-aʔ hoɽo d̪aɾe-ko sasaŋ caba-ʔ-kan-a ceʔ-iɲ ceka-ja lɘ.ja-ɲ-mɛsɛ,1SG-GEN paddy plant-3PL yellow finish-PRF-PROG-FIN what-1SG how-FIN say-1SG-2SG.IMP,"My rice plant is turning yellow, what can be done?"
santali_glossed_dialogues.eaf,42,90200,92200,d̪aɾe nɔŋka t̪ahɛ̃lɛnkʰan hoɽo d̪ɔ mɔ̃ɟ baŋ ho.jo.a,d̪aɾe nɔŋka t̪ahɛ̃-lɛn-kʰan hoɽo d̪ɔ mɔ̃ɟ baŋ ho.jo-a,plant thus stay-PST-COND paddy TOP good NEG be-FIN,"If the plant is like this, it will not produce properly."
santali_glossed_dialogues.eaf,43,92400,94400,iɲaʔ hoɽo d̪aɾi d̪ɔ nit̪̚ʔhɔ̃ baŋ noŋkaɔ̯͡akana,iɲ-aʔ hoɽo d̪aɾi d̪ɔ nit̪ʔ-hɔ̃ baŋ noŋka-o-akan-a,1SG-GEN paddy plant TOP now-also NEG thus-MID-PRF-FIN,Nothing like this has happened to my paddy yet.
santali_glossed_dialogues.eaf,44,94600,96600,t̪inɘʔlɘʈu baɽgiɾɛ t̪inɘʔ sahaɾ laga.a ɔna d̪ɔm baɖa͡i̯gi.ja,t̪inɘʔ-lɘʈu baɽgi-ɾɛ t̪inɘʔ sahaɾ laga-a ɔna d̪ɔ-m baɖa͡i̯-gi-ja,how.much-big field-LOC how.much fertilizer apply-FIN that TOP-2SG know-EMPH-FIN,Do you know how much fertilizer is needed on the land?
santali_glossed_dialogues.eaf,45,96800,98800,"baŋ, t̪inɘʔ sahaɾ laga.a ɔŋa d̪ɔ bɘɲ baɖa.ja",baŋ t̪inɘʔ sahaɾ laga-a ɔŋa d̪ɔ bɘ-ɲ baɖa-ja,no how.much fertilizer apply-FIN that TOP NEG-1SG know-FIN,"No, I don't know how much fertilizer will be required."
santali_glossed_dialogues.eaf,46,99000,101000,bʰage ho.joʔa am d̪ɔ kɾisi opʰisaɾʈʰɛn cala͡o̯ kat̪ɛt̪̚ʔ baɖa͡i̯ɟɔŋmɛ,bʰage ho.joʔ-a am d̪ɔ kɾisi opʰisaɾ-ʈʰɛn cala-o kat̪ɛt̪ʔ baɖa͡i̯-ɟɔŋ-mɛ,good be-FIN 2SG TOP agriculture officer-from go-MID CONV know-PRF-2SG.IMP,It will be better if you go to the agricultural officer and know from him.
santali_glossed_dialogues.eaf,47,101200,103200,maː ɔnage,maː ɔna-ge,okay that-EMPH,Alright.
santali_glossed_dialogues.eaf,48,103400,105400,iɲhɔ̃ oŋkageɲ kɘmi̯͡a,iɲ-hɔ̃ oŋka-ge-ɲ kɘmi-a,1SG-also thus-EMPH-1SG do-FIN,That's what I'll do.
santali_glossed_dialogues.eaf,49,105600,107600,pɔɾɔb ma hɛʲc̚ʔ sɛʈɛɾɛn,pɔɾɔb ma hɛʲcʔ sɛʈɛɾ-ɛn,festival EMPH come arrive-PST,Festival is almost here!
santali_glossed_dialogues.eaf,50,107800,109800,ɔɽaʔd̪u̯͡ɘɾɛm saɟa͡o̯ked̪a,ɔɽaʔ-d̪u̯ɘɾ-ɛ-m saɟa-o-ked̪-a,house-door-LOC-2SG decorate-MID-PST-FIN,Have you decorated the house?
santali_glossed_dialogues.eaf,51,110000,112000,no̯͡ako kɘmi d̪ɔ gid̪ɾɘkogiku kɘmi.ja,no̯a-ko kɘmi d̪ɔ gid̪ɾɘ-ko-gi-ku kɘmi-ja,this-PL work TOP child-PL-EMPH-3PL do-FIN,Children do these now.
santali_glossed_dialogues.eaf,52,112200,114200,"pɔɾɔb ɟe laha lɛka baŋ hojoʔkan, no̯͡a d̪ɔm buɟhɘ͡o̯ĕd̪a",pɔɾɔb ɟe laha lɛka baŋ hojoʔ-kan no̯a d̪ɔ-m buɟhɘ-o-ed̪-a,festival that before like NEG be-PROG this TOP-2SG understand-MID-IND-FIN,Have you noticed that the festival is not the same as before?
santali_glossed_dialogues.eaf,53,114400,116400,nɛt̪aɾ d̪ɔ ɘɾi cali bɘgikat̪ɛ ɛnɛʲc̚ʔ siɾiɲge ɟɘst̪i hojoʔkana,nɛt̪aɾ d̪ɔ ɘɾi cali bɘgi-kat̪ɛ ɛnɛʲcʔ siɾiɲ-ge ɟɘst̪i hojoʔ-kan-a,now TOP custom ritual leave-CONV dance song-EMPH more be-PROG-FIN,Now there is more singing and dancing than programs and rituals.
santali_glossed_dialogues.eaf,54,116600,118600,"hɛ̃, gid̪ɾɘkod̪ɔ ɘɖi ɾaŋga͡o̯ seɾeɲko aɾaʔkaʔa aɾ ko kɘ͡o̯mɘ͡o̯ɔʔa",hɛ̃ gid̪ɾɘ-ko-d̪ɔ ɘɖi ɾaŋga-o seɾeɲ-ko aɾaʔ-ka-aʔ-a aɾ ko kɘ͡o̯mɘ͡o̯-oʔ-a,yes child-PL-TOP very loud-MID song-3PL play-PRF-PRF-FIN and 3PL shout-MID-FIN,"Yes, the children are playing loud music and shouting these days."
santali_glossed_dialogues.eaf,55,118800,120800,nɛt̪aɾ d̪ɔ haʈ baɟaɾlɛka kiɾiɲ ɘkʰɾiɲgi ɟɘst̪i hojoʔkana,nɛt̪aɾ d̪ɔ haʈ baɟaɾ-lɛka kiɾiɲ ɘkʰɾiɲ-gi ɟɘst̪i hojoʔ-kan-a,now TOP market bazaar-like buy sell-EMPH more be-PROG-FIN,Now many shopkeepers sit and sell their stuff.
santali_glossed_dialogues.eaf,56,121000,123000,iɲ d̪isɘ͡i̯d̪a kɘʈiʲc̚ʔɾɛ iɲd̪ɔ iɲbabaɔ̯͡aʔ t̪i sap̚ʔ kat̪ɛ mɛlaɲ calaʔkan t̪ahɛ̃na,iɲ d̪isɘ͡i̯-d̪-a kɘʈiʲcʔ-ɾɛ iɲ-d̪ɔ iɲ-baba-o-aʔ t̪i sapʔ kat̪ɛ mɛla-ɲ cal-aʔ-kan t̪ahɛ̃-n-a,1SG remember-IND-FIN small-LOC 1SG-TOP 1SG-father-MID-GEN hand catch CONV fair-1SG go-PRF-PROG stay-MID-FIN,"I remember, when I was a child, I used to go to the fair holding my father's hand."
santali_glossed_dialogues.eaf,57,123200,125200,pɛɽa ɔɽaʔkoɾɛɲ d̪aɽankan t̪ahɛ̃na,pɛɽa ɔɽaʔ-ko-ɾɛ-ɲ d̪aɽan-kan t̪ahɛ̃-n-a,relative house-PL-LOC-1SG visit-PROG stay-MID-FIN,I used to visit my relatives' houses.
santali_glossed_dialogues.eaf,58,125400,127400,lɘʈukuɲ ɖɔbɔʔakokan t̪ahɛ̃na,lɘʈu-ku-ɲ ɖɔbɔʔ-ako-kan t̪ahɛ̃-n-a,elder-3PL-1SG bow-3PL-PROG stay-MID-FIN,I used to greet the elders with bowing down.
santali_glossed_dialogues.eaf,59,127600,129600,aɾ uŋku d̪ɔ ɘsiɾbat̪̚kat̪ɛ ɟahanaʔko imɘɲkan t̪ahɛ̃na,aɾ uŋ-ku d̪ɔ ɘsiɾbat̪-kat̪ɛ ɟahanaʔ-ko im-ɘ-ɲ-kan t̪ahɛ̃-n-a,and 3SG-PL TOP blessing-CONV something-3PL give-PRF-1SG-PROG stay-MID-FIN,They used to bless me and gave me gifts.
santali_glossed_dialogues.eaf,60,129800,131800,aɾ ɘpuɲ d̪ɔ alɛ nao̯͡a kic̚ɾiʲc̚ʔɛ kiɾiɲalɛkan t̪ahɛ̃na,aɾ ɘpu-ɲ d̪ɔ alɛ nao̯a kic̚ɾiʲc̚ʔ-ɛ kiɾiɲ-alɛ-kan t̪ahɛ̃-n-a,and father-1SG TOP 1PL.EXCL new clothes-3SG buy-1PL.EXCL-PROG stay-MID-FIN,Father used to buy new clothes for us.
santali_glossed_dialogues.eaf,61,132000,134000,naɔ̯͡a kic̚ɾiʲc̚ʔ hɔɾɔʔ kat̪ɛ alɛ d̪ɔ ɾɘskɘ t̪ɛ hana ɔɽaʔ nʰaɔ̯͡a ɔɽaʔlɛ ɘcuɾɔʔkan t̪ahɛ̃na,naɔ̯a kic̚ɾiʲcʔ hɔɾɔʔ kat̪ɛ alɛ d̪ɔ ɾɘskɘ-t̪ɛ hana ɔɽaʔ nʰaɔ̯a ɔɽaʔ-lɛ ɘcuɾɔʔ-kan t̪ahɛ̃-n-a,new clothes wear CONV 1PL.EXCL TOP joy-LOC that house and house-1PL.EXCL roam-PROG stay-MID-FIN,We used to go from house to house wearing new clothes.
santali_glossed_dialogues.eaf,62,134200,136200,ɔka ɔɽaʔlɛ calaʔ ɔna ɔɽaʔɾɛge ɟɔmko emalɛkan t̪ahɛ̃na,ɔka ɔɽaʔ-lɛ cal-aʔ ɔna ɔɽaʔ-ɾɛ-ge ɟɔm-ko em-alɛ-kan t̪ahɛ̃-n-a,which house-1PL.EXCL go-PRF that house-LOC-EMPH food-3PL give-1PL.EXCL-PROG stay-MID-FIN,We were offered food at any houses we used to visit.
santali_glossed_dialogues.eaf,63,136400,138400,alɛ d̪ɔ ɽɘskɘt̪ɛlɛ ɛnɛʲc̚ʔ seɾeɲɟɔŋkan t̪ahɛ̃na,alɛ d̪ɔ ɾɘskɘ-t̪ɛ-lɛ ɛnɛʲcʔ seɾeɲ-ɟɔŋ-kan t̪ahɛ̃-n-a,1PL.EXCL TOP joy-LOC-1PL.EXCL dance song-PRF-PROG stay-MID-FIN,"We used to be singing, dancing, having fun and everything."
santali_glossed_dialogues.eaf,64,138600,140600,mɛnkʰan alɛ d̪ɔ balɛ kɘ͡o̯mɘ͡o̯ăka.a sɛ ɾaŋga͡o̯t̪ɛ siɾiɲ aɽaʔkat̪ɛ hɔɽku d̪ɔ balɛ ed̪ɾe oco̯͡akaʔko̯͡a,mɛnkʰan alɛ d̪ɔ ba-lɛ kɘ͡o̯mɘ͡o̯-aka-a sɛ ɾaŋga-o-t̪ɛ siɾiɲ aɽaʔ-kat̪ɛ hɔɽ-ku d̪ɔ ba-lɛ ed̪ɾe oco-akaʔ-ko-a,but 1PL.EXCL TOP NEG-1PL.EXCL shout-PRF-FIN or loud-MID-LOC song play-CONV person-3PL TOP NEG-1PL.EXCL disturb make-PRF-3PL-FIN,"But we didn't make so much chaos, we didn't disturb people by playing loud music."
santali_glossed_dialogues.eaf,65,140800,142800,unɟɔkʰɛc̚ʔ d̪ɔ hana at̪o nʰaɔ̯͡a at̪o hana gʰaɾɔ̃ɟ nʰao̯͡a gʰaɾɔ̃ɟ calaʔ hɘɟuʔ t̪ahɛ̃kant̪ako̯͡a,unɟɔ-kʰɛcʔ d̪ɔ hana at̪o nʰaɔ̯a at̪o hana gʰaɾɔ̃ɟ nʰao̯a gʰaɾɔ̃ɟ cal-aʔ hɘɟuʔ t̪ahɛ̃-kan-t̪a-ko-a,that-time TOP that village and village that family and family go-PRF come stay-PROG-IND-3PL-FIN,"Back then there used to be communications from neighborhood to neighborhood, family to family."
santali_glossed_dialogues.eaf,66,143000,145000,"kɘʈiʲc̚ʔko d̪ɔ lɘʈukoko manɔt̪ɛʔko t̪ahɛ̃na, aɾ lɘʈukod̪ɔ kɘʈiʲc̚ʔkoko d̪ulɘɽɛʔko t̪ahɛ̃na",kɘʈiʲcʔ-ko d̪ɔ lɘʈu-ko-ko manɔt̪-ɛʔ-ko t̪ahɛ̃-n-a aɾ lɘʈu-ko-d̪ɔ kɘʈiʲcʔ-ko-ko d̪ulɘɽ-ɛʔ-ko t̪ahɛ̃-n-a,small-3PL TOP elder-PL-3PL respect-IND-3PL stay-MID-FIN and elder-PL-TOP small-PL-3PL love-IND-3PL stay-MID-FIN,The youngers respected the elders and the elders adored the youngers.
santali_glossed_dialogues.eaf,67,145200,147200,ɟɔt̪ɔ hɔɽ ɟɔt̪ɔ hɔɽaʔ boge ɟud̪ɘku baɖa͡i̯ɟɔŋkan t̪ahɛ̃na,ɟɔt̪ɔ hɔɽ ɟɔt̪ɔ hɔɽ-aʔ boge ɟud̪ɘ-ku baɖa͡i̯-ɟɔŋ-kan t̪ahɛ̃-n-a,all person all person-GEN good news-3PL know-PRF-PROG stay-MID-FIN,Everyone used to look out for everyone.
santali_glossed_dialogues.eaf,68,147400,149400,net̪aɾ d̪ɔ ɟɔt̪ɔgi ɟud̪ɘ cabaʔkana,net̪aɾ d̪ɔ ɟɔt̪ɔ-gi ɟud̪ɘ caba-ʔ-kan-a,now TOP all-EMPH change finish-PRF-PROG-FIN,Everything is getting changed now.
santali_glossed_dialogues.eaf,69,149600,151600,ad̪ɔmko d̪ɔ aɖɛpasɛɾɛnko̯͡aʔ bugeɟud̪ɘhɔ̃ bako baɖa͡i̯kana,ad̪ɔm-ko d̪ɔ aɖɛpasɛ-ɾɛn-ko̯-aʔ buge-ɟud̪ɘ-hɔ̃ ba-ko baɖa͡i̯-kan-a,many-3PL TOP neighbor-LOC.GEN-3PL-GEN good-news-also NEG-3PL know-PROG-FIN,Many people don't even look out for their neighbors.
santali_glossed_dialogues.eaf,70,151800,153800,"hɛ̃, ɟɔt̪ʰat̪̚gim ɾɔːɽakaʔa",hɛ̃ ɟɔt̪ʰat̪-gi-m ɾɔɽ-akaʔ-a,yes true-EMPH-2SG say-PRF-FIN,"Yes, you have told the right thing."
santali_glossed_dialogues.eaf,71,154000,156000,abu no̯͡ako babɔt̪̚ʔt̪ɛ sɔnt̪ɔɾ t̪ahɛ̃n hojoʔ t̪abona,abu no̯a-ko babɔt̪ʔ-t̪ɛ sɔnt̪ɔɾ t̪ahɛ̃-n hojoʔ t̪abo-n-a,1PL.INCL this-PL about-LOC careful stay-MID must 1PL.INCL-MID-FIN,We have to be careful about these things.
santali_glossed_new_2.eaf,1,0,2000,ɟɔt̪ɔhɔɽaʔ ɟiŋgiɾɛ gid̪ɾɘ ɔk̚t̪ɛd̪ɔ ɾɘskɘ ɾenaʔ ɔk̚t̪ɛ kana,ɟɔt̪ɔ hɔɽ-aʔ ɟiŋgi-ɾɛ gid̪ɾɘ ɔk̚t̪ɛ-d̪ɔ ɾɘskɘ ɾena-ʔ ɔk̚t̪ɛ kan-a,all person-GEN life-LOC child time-TOP happy COP-M time COP-NPST,Childhood is the happiest time in all of our lives.
santali_glossed_new_2.eaf,2,2200,4200,ɟahai̯ manoge gid̪ɾɘ ɔk̚t̪ɛɾenaʔ d̪inisɘd̪ɔko d̪isɘi̯ge.ja,ɟaha-i̯ mano-ge gid̪ɾɘ ɔk̚t̪ɛ-ɾɛn-aʔ d̪inis-ɘ-d̪ɔ-ko d̪is-ɘ-i̯-ge.ja,whoever person-EMPH child time-GEN-M thing-NOM-TOP-3PL forget-NEG-INF-EMPH.FIN,No one can forget his/her childhood memories.
santali_glossed_new_2.eaf,3,4400,6400,sɛt̪aʔɾɛ beɾet̪kat̪ɛ t̪i ɟaŋga ɘɾupsapʰa kat̪ɛ ɟɔm ɲu baɽa kat̪ɛ iskuliɲ calaʔkan t̪ahɛ̃kana,sɛt̪aʔ-ɾɛ beɾet̪-kat̪ɛ t̪i ɟaŋga ɘɾup-sapʰa kat̪ɛ ɟɔm ɲu baɽa kat̪ɛ iskuli-ɲ calaʔ-kan t̪ahɛ̃-kan-a,morning-LOC get.up-SEQ hand foot wash-clean SEQ eat drink finish SEQ school-ALL go-PROG be.PST-COP-NPST,"I used to wake up in the morning, wash my hands and feet, eat food and go to school."
santali_glossed_new_2.eaf,4,6600,8600,iskulkʰɔn ɾuɽ kat̪ɛ maɲɟan ɟɔm t̪ajɔm gat̪eko sã͡o̯ ɛnɛʲcʔiɲ calaʔkant̪ahɛ̃kana,iskul-kʰɔn ɾuɽ-kat̪ɛ maɲɟan ɟɔm t̪ajɔm gat̪e-ko sã͡o̯ ɛnɛʲcʔ-iɲ calaʔ-kan t̪ahɛ̃-kan-a,school-ABL return-SEQ noon eat finish friend-3PL with play-ALL go-PROG be.PST-COP-NPST,After coming back from school I used to go out to play with my friends after having lunch.
santali_glossed_new_2.eaf,5,8800,10800,gɔgɔbabakin ɛgɛɾɛʔkant̪ahɛ̃ɾɛ̃hɔ ɛnhɔ̃ mana d̪ɔ bɘɲ aɲɟɔmɛt̪ t̪ahɛ̃kana,gɔgɔ-baba-kin ɛgɛ-ɾɛʔ-kan-t̪ahɛ̃-ɾɛ̃-hɔ ɛn-hɔ̃ mana d̪ɔ bɘɲ aɲɟɔm-ɛt̪ t̪ahɛ̃-kan-a,mother-father-3DU.SUBJ scold-PST-PROG-be.PST-COND-even then prohibition TOP NEG listen-PST.HAB be.PST-COP-NPST,"Parents used to scold me, but still I did not listen to their prohibitions."
santali_glossed_new_2.eaf,6,11000,13000,ɾe.jaɽ lɔlɔ aɾ bɘɾsɘ ɔk̚t̪ɛ sanam ɔk̚t̪ɛɾɛ maʈht̪ɛ gat̪ɛʔlɛ calaʔkan t̪ahɛ̃kana,ɾe.jaɽ lɔlɔ aɾ bɘɾsɘ ɔk̚t̪ɛ sanam ɔk̚t̪ɛ-ɾɛ maʈh-t̪ɛ gat̪ɛʔlɛ calaʔ-kan t̪ahɛ̃-kan-a,winter summer and rainy season all season-LOC field-ALL play.go go-PROG be.PST-COP-NPST,We used to play sports in the field in all seasons.
santali_glossed_new_2.eaf,7,13200,15200,alɛd̪ɔ ɖʰeɾlɛ ɾɘskɘʔ kant̪ɛhɛ̃ʔa pɔɾɔb ɔk̚t̪ɛɾɛ,alɛ-d̪ɔ ɖʰeɾ-lɛ ɾɘskɘ-ʔ kan-t̪ɛhɛ̃-ʔa pɔɾɔb ɔk̚t̪ɛ-ɾɛ,1PL-TOP most-EMPH happy-M COP-be.PST-M festival time-LOC,We used to enjoy the most during the festivals.
santali_glossed_new_2.eaf,8,15400,17400,naoa kicɾiʲcʔ hɔɾɔʔ kat̪ɛ aɖɛ ʈɔlaɾɛn aɾ gat̪ekoʈʰɛn d̪aɽanlɛ calaʔkant̪ahɛ̃kana,naoa kicɾiʲcʔ hɔɾɔʔ kat̪ɛ aɖɛ ʈɔla-ɾɛn aɾ gat̪e-ko-ʈʰɛn d̪aɽan-lɛ calaʔ-kan t̪ahɛ̃-kan-a,new cloth wear SEQ neighbor place-GEN and friend-3PL-ALL visit-EMPH go-PROG be.PST-COP-NPST,Used to wear new clothes and visit neighbours and friends' houses.
santali_glossed_new_2.eaf,9,17600,19600,gid̪ɾɘ ɔk̚t̪ɛ ɟɔt̪ɔkʰɔn bɘɽiʲcʔ ikɘʔkant̪ahɛ̃ʔa gɔgɔ babaoaʔ sasɔn,gid̪ɾɘ ɔk̚t̪ɛ ɟɔt̪ɔ-kʰɔn bɘɽiʲcʔ ikɘʔ-kan-t̪ahɛ̃-ʔa gɔgɔ baba-oaʔ sasɔn,child time all-ABL bad feel-PROG-be.PST-M mother father-3PL.POSS discipline,"In childhood, the rules of parents felt the worst."
santali_glossed_new_2.eaf,10,19800,21800,cɛt̪ʔiɲ cɛka.ja aɾ cɛt̪ʔ bɘɲ cɛka.ja ɔna ni.jɘge gɔgɔ babad̪ɔkin hukumɛt̪ʔ t̪ahɛ̃kana,cɛt̪ʔ-iɲ cɛka.ja aɾ cɛt̪ʔ bɘɲ cɛka.ja ɔna ni.jɘ-ge gɔgɔ baba-d̪ɔ-kin hukum-ɛt̪ʔ t̪ahɛ̃-kan-a,what-ALL do.FIN and what NEG do.FIN that about-EMPH mother father-TOP-3DU.SUBJ order-PST.HAB be.PST-COP-NPST,What to do and what not to do – they used to set boundaries on all these.
santali_glossed_new_2.eaf,11,22000,24000,mɛnɛʔ haɾa buɾu kat̪ɛʔiɲ buɟʰhɘoked̪a ɔna sasɔn d̪ɔ niɟeɾaʔ bʰɘlɘi̯ lɘgit̪ʔge t̪ahɛ̃kana,mɛnɛʔ haɾa buɾu-kat̪ɛʔ-iɲ buɟʰhɘo-ked̪a ɔna sasɔn d̪ɔ niɟeɾ-aʔ bʰɘlɘ-i̯ lɘgit̪ʔ-ge t̪ahɛ̃-kan-a,but big grow.up-SEQ-1SG.SUBJ understand-PST.TR that discipline TOP self-M good-INF for-EMPH be.PST-COP-NPST,"But when I grew up, I realized that discipline was for our own wellbeing."
santali_glossed_new_2.eaf,12,24200,26200,gid̪ɾɛ ɔk̚t̪ɛɾɛn gat̪ed̪ɔ bako hiɽiɲɔʔa,gid̪ɾɛ ɔk̚t̪ɛ-ɾɛn gat̪e-d̪ɔ ba-ko hiɽiɲ-ɔʔa,child time-GEN friend-TOP NEG-3PL forget-M.FIN,No one ever forgets their childhood friends.
santali_glossed_new_2.eaf,13,26400,28400,ɟɔt̪ɔ gid̪ɾɘoaʔ gid̪ɾɘ ɔk̚t̪ɛd̪ɔ ɾɘskɘɾege kʰɛmaʔma,ɟɔt̪ɔ gid̪ɾɘ-oaʔ gid̪ɾɘ ɔk̚t̪ɛ-d̪ɔ ɾɘskɘ-ɾe-ge kʰɛmaʔ-ma,all child-3PL.POSS child time-TOP happy-LOC-EMPH spend-HORT,May all children have a happy childhood.
santali_glossed_new_2.eaf,14,28600,30600,d̪ʰɘɾt̪i ɾe.jaʔ sanam pɘɾsi baɲcao t̪ahɛnma,d̪ʰɘɾt̪i ɾe.j-aʔ sanam pɘɾsi baɲcao t̪ahɛn-ma,earth LOC-M all language live.long be-HORT,Long live all the languages of the world.
santali_glossed_new_2.eaf,15,30800,32800,amaʔ d̪aɽan bʰage ho.joʔma,am-aʔ d̪aɽan bʰage ho.jo-ʔ-ma,2SG-M journey good become-M-HORT,Have a safe journey.
santali_glossed_new_2.eaf,16,33000,35000,sisiɾɟɘoiʲcʔ amaʔ bʰagei̯ hoi̯ ocoi̯ma,sisiɾɟɘ-oiʲcʔ am-aʔ bʰage-i̯ ho-i̯ oco-i̯-ma,creator-HON 2SG-M good-INF become-INF give-INF-HORT,God/Creator bless you (familiar).
santali_glossed_new_2.eaf,17,35200,37200,sisiɾɟɘoiʔ amaʔ bʰɘlɘi̯ɛ hoi̯ ocoi̯ma,sisiɾɟɘ-oiʔ am-aʔ bʰɘlɘ-i̯-ɛ ho-i̯ oco-i̯-ma,creator-HON 2SG-M good-INF-EMPH become-INF give-INF-HORT,God/Creator bless you (formal).
santali_glossed_new_2.eaf,18,37400,39400,ɘɖid̪in baɲcao t̪ahɛnmɛ,ɘɖi-d̪in baɲcao t̪ahɛn-mɛ,long-day live.long be-HORT.2SG,May you live long.
santali_glossed_new_2.eaf,19,39600,41600,sanamkoaʔ suluk ho.joʔma,sanam-ko-aʔ suluk ho.jo-ʔ-ma,all-3PL-M happiness become-M-HORT,May everyone be happy.
santali_glossed_new_2.eaf,20,41800,43800,am usɘɾa pʰaɾnao gɔd̪ɔʔmɛ,am usɘɾa pʰaɾna-o gɔd̪ɔ-ʔ-mɛ,2SG quickly recover-go become-M-HORT.2SG,Get well soon.
santali_glossed_new_2.eaf,21,44000,46000,t̪o.joma simɛ ɘt̪kiɾ id̪i kid̪i mɛnkʰan alɛ d̪ɔ cɛt̪ʔhɔ̃ balɛ cɛka d̪aɽe.jad̪ea ced̪aʔ ɟe alɛ d̪ɔ t̪o.jolɛka balɛ d̪ɘɽ d̪aɽe.jaʔa,t̪o.jo-ma sim-ɛ ɘt̪kiɾ id̪i kid̪i mɛn-kʰan alɛ d̪ɔ cɛt̪ʔ-hɔ̃ ba-lɛ cɛka d̪aɽe.ja-d̪ea ced̪aʔ ɟe alɛ d̪ɔ t̪o.jo-lɛka ba-lɛ d̪ɘɽ d̪aɽe.ja-ʔa,fox-HON chicken-OBJ grabbing take run but 1PL TOP what-even NEG-1PL do can-PST because 1PL TOP fox-like NEG-1PL fast run can-M.FIN,"The fox ran away with the chicken, but none of us could do anything, because none of us could run like a fox."
santali_glossed_new_2.eaf,22,46200,48200,ɔka hilɘʔ sɔhɔɾt̪ɛɲ calao̯lɛn unhilɘʔgi iɲ gɔgɔ d̪ɔ sim kiɾiɲ ɘgu.jɛ met̪ad̪iɲ t̪ahɛ̃kana mɛnkʰan iɲ ʈʰɛn d̪ɔ unɘʔ ʈaka baŋ t̪ahɛ̃kana,ɔka hilɘʔ sɔhɔɾ-t̪ɛɲ cala-olɛn un-hilɘʔ-gi iɲ gɔgɔ d̪ɔ sim kiɾi-ɲ ɘgu.jɛ met̪a-d̪iɲ t̪ahɛ̃-kan-a mɛn-kʰan iɲ ʈʰɛn d̪ɔ un-ɘʔ ʈaka baŋ t̪ahɛ̃-kan-a,which day town-ALL go-PST.1SG that-day-EMPH 1SG mother TOP chicken buy-ALL send say-1SG be.PST-COP-NPST but 1SG at TOP that-M money NEG be.PST-COP-NPST,"On the day I went to town, my mother asked me to buy chicken, but I had no money."
santali_glossed_new_2.eaf,23,48400,50400,iɲɾɛn gid̪ɾɘ ɾɛŋgɛʲcʔɛd̪iɾɛ hɔ̃ d̪aka bai̯ ɟɔːma mɛnkʰan cɔklɛʈ kiɾiɲakʰan ɔna d̪ɔi̯ ɟɔmgea,iɲ-ɾɛn gid̪ɾɘ ɾɛŋgɛʲcʔ-ɛd̪i-ɾɛ hɔ̃ d̪aka ba-i̯ ɟɔm-a mɛn-kʰan cɔklɛʈ kiɾi-ɲa-i̯-kʰan ɔna d̪ɔ-i̯ ɟɔm-ge-a,1SG-GEN child hungry-be.PST-COND even rice NEG-INF eat-FIN but chocolate buy-give-INF-COND that TOP-INF eat-EMPH-FIN,"Although my child is hungry, he won't eat rice, but if I buy him chocolate he will eat it."
santali_glossed_new_2.eaf,24,50600,52600,uni d̪ɔ ɘɖi ɘkilan hɔɽkan ɾɛhɔ̃ noŋkai̯ kɘmiked̪a aɾ kʰaoaɾlɛka ɛ̃ʈkɛʈɔ̃ɽɛɾe.jɛ ɲuɾɛna,uni d̪ɔ ɘɖi ɘkilan hɔɽ-kan ɾɛ-hɔ̃ noŋka-i̯ kɘmi-ked̪a aɾ kʰao-aɾlɛka ɛ̃ʈkɛʈɔ̃ɽ-ɛ-ɾe.jɛ ɲuɾ-ɛna,3SG TOP very intelligent person-COP COND-even this-INF do-PST.TR and trouble-like problem-OBJ-LOC fall-PST.FIN,He is very intelligent yet he did this stupid thing and got into trouble.
santali_glossed_new_2.eaf,25,52800,54800,bɔi̯ha,bɔi̯ha,brother,Brother.
santali_glossed_new_2.eaf,26,55000,57000,nit̪u d̪ɔ gid̪ɾɘi̯ ɲɛlked̪e.ja,nit̪u d̪ɔ gid̪ɾɘ-i̯ ɲɛl-ked̪e.ja,Neetu TOP child-OBJ see-PST.TR.FIN,Neetu saw that child.
santali_glossed_new_2.eaf,27,57200,59200,suɟɔnɾɛn bɔkɔt̪ʔ bɔi̯ha,suɟɔn-ɾɛn bɔkɔt̪ʔ bɔi̯ha,Sujon-GEN younger brother,Sujon's younger brother.
santali_glossed_new_2.eaf,28,59400,61400,apɛɾɛn maɾaŋba,apɛ-ɾɛn maɾaŋ-ba,2PL-GEN elder.father,Your father's elder brother.
santali_glossed_new_2.eaf,29,61600,63600,uni.jaʔ ɔɽaʔ,uni.j-aʔ ɔɽaʔ,3SG-M home,His/Her home.
santali_glossed_new_2.eaf,30,63800,65800,iɲaʔ ɔɽaʔ,iɲ-aʔ ɔɽaʔ,1SG-M home,My home.
santali_glossed_new_2.eaf,31,66000,68000,amaʔ d̪aɾe,am-aʔ d̪aɾe,2SG-M tree,Your tree.
santali_glossed_new_2.eaf,32,68200,70200,d̪aɾe ɾe.jaʔ ɖɘɾt̪ɛ teoaɾakana,d̪aɾe ɾe.j-aʔ ɖɘɾt̪ɛ teo-aɾa-kan-a,tree LOC-M stick make-PASS-PROG-NPST,Made of sticks from tree.
santali_glossed_new_2.eaf,33,70400,72400,mãt̪ʔ ɾe.jaʔ ʈʰeŋga,mãt̪ʔ ɾe.j-aʔ ʈʰeŋga,bamboo LOC-M stick,Stick of bamboo.
santali_glossed_new_2.eaf,34,72600,74600,bɔi̯ha ʈʰɛniɲ hɛʲcʔakana,bɔi̯ha ʈʰɛn-iɲ hɛʲcʔ-akan-a,brother at-1SG.SUBJ come-PERF-NPST,I have come to brother.
santali_glossed_new_2.eaf,35,74800,76800,gɔgɔ ʈʰɛniɲ cala.a,gɔgɔ ʈʰɛn-iɲ cala-a,mother at-1SG.SUBJ go-FIN,I will go to mother.
santali_glossed_new_2.eaf,36,77000,79000,ɖaŋkaɽt̪ɛ uliɲ t̪ioɘga,ɖaŋkaɽ-t̪ɛ ul-iɲ t̪i-oɘ-ga,stick-INSTR mango-1SG.OBJ knock.down-go-FIN,I will knock down mangoes with a stick.
santali_glossed_new_2.eaf,37,79200,81200,iskult̪ɛɲ cala.a,iskul-t̪ɛɲ cala-a,school-ALL go-FIN,I will go to school.
santali_glossed_new_2.eaf,38,81400,83400,ɔɽaʔt̪ɛɲ cala.a,ɔɽaʔ-t̪ɛɲ cala-a,home-ALL go-FIN,I will go home.
santali_glossed_new_2.eaf,39,83600,85600,kɔlɔmt̪ɛɲ ɔːla,kɔlɔm-t̪ɛɲ ɔːl-a,pen-INSTR write-FIN,I will write with a pen.
santali_glossed_new_2.eaf,40,85800,87800,uni sã͡o̯t̪ɛɲ gat̪e.a,uni sã͡o̯-t̪ɛɲ gat̪e-a,3SG with-1SG.SUBJ play-FIN,I will play with him/her.
santali_glossed_new_2.eaf,41,88000,90000,am sã͡o̯t̪ɛ ɔɽaʔiɲ cala.a,am sã͡o̯-t̪ɛ ɔɽaʔ-iɲ cala-a,2SG with-INSTR home-1SG.SUBJ go-FIN,I will go home with you.
santali_glossed_new_2.eaf,42,90200,92200,bɔi̯ha sã͡o̯t̪ɛ kat̪ʰaɲ ɾɔɽa,bɔi̯ha sã͡o̯-t̪ɛ kat̪ʰa-ɲ ɾɔɽ-a,brother with-INSTR talk-1SG.SUBJ speak-FIN,I am talking to brother.
santali_glossed_new_2.eaf,43,92400,94400,pukʰɾi sɛʲcʔɛ calaoak̪ana,pukʰɾi sɛʲcʔ-ɛ cala-o-akan-a,pond direction-OBJ go-go-PERF-NPST,He/She has gone toward the pond.
santali_glossed_new_2.eaf,44,94600,96600,lahasɛʲcʔ calaʔme,laha-sɛʲcʔ calaʔ-me,front-direction go-IMP.2SG,Walk forward.
santali_glossed_new_2.eaf,45,96800,98800,d̪aɾekʰɔnɛ ɲuɾhɘ.jena,d̪aɾe-kʰɔn-ɛ ɲuɾ-hɘ.j-ena,tree-ABL-OBJ fall-go-PST.FIN,Fell from the tree.
santali_glossed_new_2.eaf,46,99000,101000,cet̪an kʰɔnɛ ŋɛlɛd̪a,cet̪an kʰɔn-ɛ ŋɛl-ɛ-d̪a,above ABL-OBJ see-OBJ-PST.TR,Watching from above.
santali_glossed_new_2.eaf,47,101200,103200,ɔnɖɛkʰɔnge ɛhɔbmɛ,ɔnɖɛ-kʰɔn-ge ɛhɔb-mɛ,there-ABL-EMPH start-IMP.2SG,Start from there.
santali_glossed_new_2.eaf,48,103400,105400,nɔnɖɛ kʰɔn hat̪aomɛ,nɔnɖɛ kʰɔn hat̪a-o-mɛ,here ABL take-go-IMP.2SG,Take it from here.
santali_glossed_new_2.eaf,49,105600,107600,nuiʲkʰɔn unigii̯ bʰagea,nui̯-kʰɔn uni-gi-i̯ bʰage-a,this-ABL 3SG-EMPH-INF good-FIN,He/She is better than this.
santali_glossed_new_2.eaf,50,107800,109800,d̪aʔɾɛ unumɛna,d̪aʔ-ɾɛ unum-ɛna,water-LOC drown-PST.FIN,Drowned in water.
santali_glossed_new_2.eaf,51,110000,112000,ɔt̪ʔɾɛ d̪uɽubɔʔmɛ,ɔt̪ʔ-ɾɛ d̪uɽubɔʔ-mɛ,ground-LOC sit-IMP.2SG,Sit on the ground/floor.
santali_glossed_new_2.eaf,52,112200,114200,baksɔɾɛ d̪ɔhɔkam,baksɔ-ɾɛ d̪ɔhɔ-kam,box-LOC put-IMP,Put it in the box.
santali_glossed_new_2.eaf,53,114400,116400,uniɾɛn haɽamba,uni-ɾɛn haɽamba,3SG-GEN grandfather,His grandfather.
santali_glossed_new_2.eaf,54,116600,118600,uni.jaʔ kat̪ʰa ɟe t̪inɘʔ mɔ̃ːɟ,uni.j-aʔ kat̪ʰa ɟe t̪inɘʔ mɔ̃ːɟ,3SG-M word EMPH how beautiful,His/Her words are so beautiful!
santali_glossed_new_2.eaf,55,118800,120800,t̪inɘʔ mɔ̃ːɟ,t̪inɘʔ mɔ̃ːɟ,how beautiful,How beautiful!
santali_glossed_new_2.eaf,56,121000,123000,isː ɟud̪i cɛ̃ɽɛ̃lɛkaɲ uɖɘo d̪aɽe.jaʔkan,isː ɟud̪i cɛ̃ɽɛ̃-lɛka-ɲ uɖɘ-o d̪aɽe.ja-ʔ-kan,alas if bird-like-1SG fly-go can-M-PROG,Alas! If only I could fly like a bird!
santali_glossed_new_2.eaf,57,123200,125200,hai̯ɾe cɛt̪ʔ kʰɔn cɛt̪ʔ hoi̯ena,hai̯ɾe cɛt̪ʔ kʰɔn cɛt̪ʔ ho-i̯-ena,alas what ABL what become-INF-PST.FIN,Alas! What just happened from what!
santali_glossed_new_2.eaf,58,125400,127400,cʰiː noŋkan kɘmi amɛm d̪aɽe.jaʔkana,cʰiː noŋkan kɘmi am-ɛ-m d̪aɽe.ja-ʔ-kan-a,shame such work 2SG-OBJ-2SG.SUBJ can-M-PROG-NPST,Shame! How could you do such a deed!
santali_glossed_new_2.eaf,59,127600,129600,t̪eheɲ t̪inɘʔ ɟe ɾɘskɘ ikɘʔkan,t̪eheɲ t̪inɘʔ ɟe ɾɘskɘ ikɘʔ-kan,today how EMPH happy feel-PROG,How happy I'm feeling today!
santali_glossed_new_2.eaf,60,129800,131800,cʰiːh noŋkan kɘmi amaʔ baŋ saɟaoaʔkana,cʰiːh noŋkan kɘmi am-aʔ baŋ saɟa-o-aʔ-kan-a,shame such work 2SG-M NEG suit-go-M-PROG-NPST,Shame! Such work doesn't suit you!
santali_glossed_new_2.eaf,61,132000,134000,aːh t̪inɘʔ aɾam,aːh t̪inɘʔ aɾam,ah what comfort,"Ah, what a relief!"
santali_glossed_new_2.eaf,62,134200,136200,nio hɔ̃ d̪aɽeoaʔa,ni-o hɔ̃ d̪aɽe-o-aʔ-a,this-go even can-go-M-FIN,What! Is that even possible!
santali_glossed_new_2.eaf,63,136400,138400,hoi̯ d̪aɽeʔa apɛ bʰul ʈɛ̃oɾɛpɛ hɛʲcʔakana,ho-i̯ d̪aɽe-ʔa apɛ bʰul ʈɛ̃o-ɾɛ-pɛ hɛʲcʔ-akan-a,become-INF can-M 2PL wrong address-LOC-2PL come-PERF-NPST,You may have come to the wrong address.
santali_glossed_new_2.eaf,64,138600,140600,pasɛʲcʔ amhɔt̪ɛtege nio kɘmi ho.jo.a,pasɛʲcʔ am-hɔt̪ɛ-t̪e-ge ni-o kɘmi ho.jo-a,perhaps 2SG-INSTR-EMPH this-go work become-FIN,Perhaps the work will be done by you.
santali_glossed_new_2.eaf,65,140800,142800,pasɛʲcʔ kɘoɖi d̪ɔ nit̪ʔ aɾ baŋ laga.a,pasɛʲcʔ kɘo-ɖi d̪ɔ nit̪ʔ aɾ baŋ laga-a,perhaps money-NOM TOP now more NEG need-FIN,It seems that the money will not be needed anymore.
santali_glossed_new_2.eaf,66,143000,145000,sap̚ʔkid̪ɘɲ amge ʈʰik,sap̚ʔkid̪ɘ-ɲ am-ge ʈʰik,assume-1SG.SUBJ 2SG-EMPH correct,I am assuming you are right.
santali_glossed_new_2.eaf,67,145200,147200,t̪eheɲ pasɛʲcʔ mãhasoi̯ bai̯ hiɟu.a,t̪eheɲ pasɛʲcʔ mãhasoi̯ ba-i̯ hiɟu-a,today perhaps teacher NEG-INF come-FIN,It seems that sir will not come today.
santali_glossed_new_2.eaf,68,147400,149400,iɲaʔ mɔnɛ ho.joʔkana ɾuo hɛʲcʔ d̪aɽe.jaʔa,iɲ-aʔ mɔnɛ ho.jo-ʔ-kan-a ɾu-o hɛʲcʔ d̪aɽe.ja-ʔ-a,1SG-M mind become-M-PROG-NPST fever-go come can-M-FIN,I think I might have a fever.
santali_glossed_new_2.eaf,69,149600,151600,kɘmi d̪ɔ pasɛʲcʔ unii̯ kɔɾaokad̪a,kɘmi d̪ɔ pasɛʲcʔ uni-i̯ kɔɾa-o-kad̪a,work TOP perhaps 3SG-INF do-go-PST.TR,He/She may have done the job.
santali_glossed_new_2.eaf,70,151800,153800,iɲaʔ mɔnɛ ho.joʔkana uniɲ oɾomkɘd̪ia,iɲ-aʔ mɔnɛ ho.jo-ʔ-kan-a uni-ɲ oɾom-kɘd̪i-a,1SG-M mind become-M-PROG-NPST 3SG-1SG.OBJ recognize-PST.TR-FIN,I think I have recognized him/her.
santali_glossed_new_2.eaf,71,154000,156000,amd̪ɔ pasɛʲcʔ aɾhɔ̃ hɛʲcʔ lagaoma,am-d̪ɔ pasɛʲcʔ aɾ-hɔ̃ hɛʲcʔ laga-o-ma,2SG-TOP perhaps again-even come need-go-HORT,You may have to come again.
santali_glossed_new_2.eaf,72,156200,158200,uniaʔ pasɛʲcʔ ai̯ma kɘoɖi,uni-aʔ pasɛʲcʔ ai̯ma kɘo-ɖi,3SG-M perhaps much money-NOM,Maybe he has a lot of money.
santali_glossed_new_2.eaf,73,158400,160400,t̪eheɲ d̪aʔ hɛʲcʔ d̪aɽe.jaʔa,t̪eheɲ d̪aʔ hɛʲcʔ d̪aɽe.ja-ʔ-a,today rain come can-M-FIN,It may rain today.
santali_glossed_new_2.eaf,74,160600,162600,ɔnt̪ɛ calao ʈʰik baŋ ho.jo.a,ɔn-t̪ɛ cala-o ʈʰik baŋ ho.jo-a,there-ALL go-go correct NEG become-FIN,We/you/they shouldn't go there.
santali_glossed_new_2.eaf,75,162800,164800,niobaɾ pasɛʲcʔ abad̪ baŋ ho.jo.a,ni-o-baɾ pasɛʲcʔ abad̪ baŋ ho.jo-a,this-go-time perhaps harvest NEG become-FIN,This time it seems there will be no harvest.
santali_glossed_new_2.eaf,76,165000,167000,gapa iɲ ɖʰakaɲ calao d̪aɽe.jaʔa,gapa iɲ ɖʰaka-ɲ cala-o d̪aɽe.ja-ʔ-a,tomorrow 1SG Dhaka-1SG.SUBJ go-go can-M-FIN,I may go to Dhaka tomorrow.
santali_glossed_new_2.eaf,77,167200,169200,gɔgɔ pɘɾsit̪ɛ kat̪ʰa baŋ ɾɔɽlekʰan paɾsi baŋ baɲcaoăʔa,gɔgɔ pɘɾsi-t̪ɛ kat̪ʰa baŋ ɾɔɽ-le-kʰan paɾsi baŋ baɲca-o-ă-ʔ-a,mother tongue-INSTR talk NEG speak-1PL-COND language NEG survive-go-M-HORT-FIN,"If the mother tongue is not spoken, the language does not survive."
santali_glossed_new_2.eaf,78,169400,171400,gapa iɲ ɔkat̪ɛhɔ̃ bɘɲ cala.a,gapa iɲ ɔka-t̪ɛ-hɔ̃ bɘɲ cala-a,tomorrow 1SG where-ALL-even NEG go-FIN,I'm not going anywhere tomorrow.
santali_glossed_new_2.eaf,79,171600,173600,iɲ kɾikeʈ bɘɲ gat̪ed̪aɽe.jaʔa,iɲ kɾikeʈ bɘɲ gat̪e-d̪aɽe.ja-ʔ-a,1SG cricket NEG play-can-M-FIN,I can't play cricket.
santali_glossed_new_2.eaf,80,173800,175800,iɲ bɘɲ pai̯ɾa d̪aɽe.jaʔa,iɲ bɘɲ pai̯ɾa d̪aɽe.ja-ʔ-a,1SG NEG swim can-M-FIN,I will not be able to swim.
santali_glossed_new_2.eaf,81,176000,178000,gapa uni bai̯ hɘɟu.a,gapa uni ba-i̯ hɘɟu-a,tomorrow 3SG NEG-INF come-FIN,He won't come tomorrow.
santali_glossed_new_2.eaf,82,178200,180200,hɔla uni bai̯ hɛʲcʔlɛna,hɔla uni ba-i̯ hɛʲcʔ-lɛ-na,yesterday 3SG NEG-INF come-PST-FIN,He didn't come yesterday.
santali_glossed_new_2.eaf,83,180400,182400,gapa iɲ bɘɲ hɘɟu.a,gapa iɲ bɘɲ hɘɟu-a,tomorrow 1SG NEG come-FIN,I won't come tomorrow.
santali_glossed_new_2.eaf,84,182600,184600,hɔla bai̯ d̪aʔled̪a,hɔla ba-i̯ d̪aʔl-ed̪a,yesterday NEG-INF rain-PST.TR,It didn't rain yesterday.
santali_glossed_new_2.eaf,85,184800,186800,t̪eheɲ bai̯ set̪oŋakad̪a,t̪eheɲ ba-i̯ set̪oŋ-akan-d̪a,today NEG-INF rise-PERF-PST.TR,The sun didn't rise today.
santali_glossed_new_2.eaf,86,187000,189000,hɔla bai̯ set̪oŋled̪a,hɔla ba-i̯ set̪oŋ-le-d̪a,yesterday NEG-INF rise-PST-PST.TR,The sun didn't rise yesterday.
santali_glossed_new_2.eaf,87,189200,191200,uni kilɘsɾɛ bai̯ t̪ahɛkana,uni kilɘs-ɾɛ ba-i̯ t̪ahɛ-kan-a,3SG class-LOC NEG-INF be-PROG-NPST,He was not present in class.
santali_glossed_new_2.eaf,88,191400,193400,noako kat̪ʰa uni mɔca ɾɛhɔ̃ bai̯ ɘgu d̪aɽekea,no-a-ko kat̪ʰa uni mɔca ɾɛ-hɔ̃ ba-i̯ ɘgu d̪aɽe-ke-a,this-PL-3PL talk 3SG mouth LOC-even NEG-INF bring can-PST-FIN,He could not even have brought these words to his mouth.
santali_glossed_new_2.eaf,89,193600,195600,oŋko ɟɘst̪i ɲind̪ɘ bɘko bɛŋgɛd̪a,oŋko ɟɘst̪i ɲind̪ɘ bɘ-ko bɛŋgɛ-d̪a,3PL much night NEG-3PL.SUBJ stay.awake-PST.TR,They don't stay up late.
santali_glossed_new_2.eaf,90,195800,197800,hɔla am iskulɾɛ bam hɛʲcʔlɛna,hɔla am iskul-ɾɛ ba-m hɛʲcʔ-lɛ-na,yesterday 2SG school-LOC NEG-2SG.SUBJ come-PST-FIN,You didn't come to school yesterday.
santali_glossed_new_2.eaf,91,198000,200000,noa baɽgeɾɛ bʰage casbas baŋ ho.joʔa,noa baɽge-ɾɛ bʰage casbas baŋ ho.jo-ʔ-a,this land-LOC good cultivation NEG become-M-FIN,This land is not good for cultivation.
santali_glossed_new_2.eaf,92,200200,202200,noa baɽgeɾɛ bʰage casbas baŋ ho.jo.gɔʔa,noa baɽge-ɾɛ bʰage casbas baŋ ho.jo-gɔ-ʔ-a,this land-LOC good cultivation NEG become-FUT-M-FIN,This land will not have good cultivation.
santali_glossed_new_2.eaf,93,202400,204400,iɲaʔ ɔɽaʔ nɔnɖɛkʰɔn ɘɖi sɘŋgiɲ d̪ɔ baŋa,iɲ-aʔ ɔɽaʔ nɔnɖɛ-kʰɔn ɘɖi sɘŋgi-ɲ d̪ɔ baŋ-a,1SG-M home here-ABL very far-1SG.OBJ TOP NEG-FIN,My house is not far from here.
santali_glossed_new_2.eaf,94,204600,206600,alɛ d̪ɔ apɛ ʈɔʈʰa balɛ cala.a,alɛ d̪ɔ apɛ ʈɔ-ʈʰa ba-lɛ cala-a,1PL TOP 2PL place-ALL NEG-1PL go-FIN,We will not go to your area.
santali_glossed_new_2.eaf,95,206800,208800,alɛ d̪ɔ apɛ ʈɔʈʰa balɛ calaʔkana,alɛ d̪ɔ apɛ ʈɔ-ʈʰa ba-lɛ calaʔ-kan-a,1PL TOP 2PL place-ALL NEG-1PL go-PROG-NPST,We are not going to your area.
santali_glossed_new_2.eaf,96,209000,211000,iɲ ɘɖi ɟɘst̪i bɘɲ paɽhaokana,iɲ ɘɖi ɟɘst̪i bɘɲ paɽha-o-kan-a,1SG very much NEG study-go-PROG-NPST,I didn't study much.
santali_glossed_new_2.eaf,97,211200,213200,iɲ uni.jaʔ kat̪ʰaɾɛ ɛkalt̪ɛ bɘɲ kusilena,iɲ uni.j-aʔ kat̪ʰa-ɾɛ ɛkal-t̪ɛ bɘɲ kusi-le-na,1SG 3SG-M word-LOC at.all-INSTR NEG happy-PST-FIN,I was not at all happy with his words.
santali_glossed_new_2.eaf,98,213400,215400,t̪eheɲ iɲ kɘmit̪ɛ bɘɲ cala.a,t̪eheɲ iɲ kɘmi-t̪ɛ bɘɲ cala-a,today 1SG work-ALL NEG go-FIN,I won't go to work today.
santali_glossed_new_2.eaf,99,215600,217600,iɲ kat̪ʰa ɾɔɽt̪ɛ mɔ̃ɟ bɘɲ ɘi̯kɘoed̪a,iɲ kat̪ʰa ɾɔɽ-t̪ɛ mɔ̃ɟ bɘɲ ɘi̯-kɘ-o-ed̪a,1SG talk speak-INSTR pleasure NEG feel-go-PST.TR,I don't feel like talking.
santali_glossed_new_2.eaf,100,217800,219800,abo ɟɘst̪i bɘbon biloma,abo ɟɘst̪i bɘ-bon bilo-ma,1PL much NEG-1PL.SUBJ be.late-HORT,We won't be too late.
santali_glossed_new_2.eaf,101,220000,222000,noa babɔt̪t̪ɛ kat̪ʰa ɾɔɽ iɲ mɔ̃ɟ bɘɲ ɘi̯kɘoed̪a,noa babɔt̪-t̪ɛ kat̪ʰa ɾɔɽ iɲ mɔ̃ɟ bɘɲ ɘi̯-kɘ-o-ed̪a,this topic-INSTR talk speak 1SG pleasure NEG feel-go-PST.TR,I don't feel like talking about this.
santali_glossed_new_2.eaf,102,222200,224200,kʰɘ̃ɽi cet̪anɾɛ sakɔ baŋ t̪ahɛ̃kana,kʰɘ̃ɽi cet̪an-ɾɛ sakɔ baŋ t̪ahɛ̃-kan-a,canal above-LOC bridge NEG be-PROG-NPST,There was no bridge above the canal.
santali_glossed_new_2.eaf,103,224400,226400,t̪eheɲ d̪ɔ baŋ gapa hɘɟuʔmɛ,t̪eheɲ d̪ɔ baŋ gapa hɘɟu-ʔ-mɛ,today TOP NEG tomorrow come-M-IMP.2SG,"Come tomorrow, not today."
santali_glossed_new_2.eaf,104,226600,228600,iɲd̪ɔ ɘɖi bɘɲ calaka,iɲ-d̪ɔ ɘɖi bɘɲ calaka,1SG-TOP very NEG clever,I'm not that clever.
santali_glossed_new_2.eaf,105,228800,230800,t̪ishɔ̃ː oŋko nio ʈɔʈʰaɾɛ bɘko hɘɟu.a,t̪is-hɔ̃ː oŋko ni-o ʈɔ-ʈʰa-ɾɛ bɘ-ko hɘɟu-a,ever-even 3PL this-go place-ALL-LOC NEG-3PL.SUBJ come-FIN,They will never come to this area.
santali_glossed_new_2.eaf,106,231000,233000,oŋko ɔɽaʔɾɛ ɔkɔi̯hɔ̃ bɘko t̪ahɛkana,oŋko ɔɽaʔ-ɾɛ ɔkɔ-i̯-hɔ̃ bɘ-ko t̪ahɛ-kan-a,3PL home-LOC who-INF-even NEG-3PL.SUBJ be-PROG-NPST,No one was in their house.
santali_glossed_new_2.eaf,107,233200,235200,uni bai̯ d̪aka utu d̪aɽe.jaʔa,uni ba-i̯ d̪aka utu d̪aɽe.ja-ʔ-a,3SG NEG-INF food cook can-M-FIN,He can't cook.
santali_glossed_new_2.eaf,108,235400,237400,ɔna t̪a.jɔm aɾ nɔnɖɛ oŋko bɘku ɲɛllɛna,ɔna t̪a.jɔm aɾ nɔnɖɛ oŋko bɘ-ku ɲɛl-lɛ-na,that after more here 3PL NEG-3PL.SUBJ see-PST-FIN,After that they were never seen here.
santali_glossed_new_2.eaf,109,237600,239600,ai̯ma d̪in apeoaʔ ɲɛpɛl bɘnu.a,ai̯ma d̪in ape-oaʔ ɲɛ-pɛl bɘ-nu-a,much day 2PL-3PL.POSS see-2PL NEG-exist-FIN,Long time no seeing you.
santali_glossed_new_2.eaf,110,239800,241800,nio seɾma d̪aɾeɾɛ ɟahan ɟɔ baŋ sap̚ʔlɛna,ni-o seɾma d̪aɾe-ɾɛ ɟahan ɟɔ baŋ sap̚ʔ-lɛ-na,this-go year tree-LOC any fruit NEG ripen-PST-FIN,The tree did not bear any fruit this year.
santali_glossed_new_2.eaf,111,242000,244000,d̪inkalɔm noa d̪aɾeɾɛ baha baŋ hoi̯lena,d̪in-kalɔm noa d̪aɾe-ɾɛ baha baŋ ho-i̯-le-na,time-last this tree-LOC flower NEG become-INF-PST-FIN,This tree did not bear flower last time.
santali_glossed_new_2.eaf,112,244200,246200,t̪eheɲ d̪ɘi̯ bai̯ d̪aka utu.ja,t̪eheɲ d̪ɘi̯ ba-i̯ d̪aka utu-ja,today elder.sister NEG-INF food cook-FIN,Sister will not cook today.
santali_glossed_new_2.eaf,113,246400,248400,t̪eheɲ bɔi̯ha baɟaɾɾɛ bai̯ cala.a,t̪eheɲ bɔi̯ha baɟaɾ-ɾɛ ba-i̯ cala-a,today brother market-LOC NEG-INF go-FIN,Brother will not go to the market today.
santali_glossed_new_2.eaf,114,248600,250600,t̪eheɲ iɲ maʈʰɾɛ bɘɲ cala.a,t̪eheɲ iɲ maʈʰ-ɾɛ bɘɲ cala-a,today 1SG field-LOC NEG go-FIN,I will not go to the field today.
santali_glossed_new_2.eaf,115,250800,252800,bɘɽiʲcʔ hɔɽko alɛ balɛ manɔt̪koa,bɘɽiʲcʔ hɔɽ-ko alɛ ba-lɛ manɔt̪-ko-a,bad person-3PL 1PL NEG-1PL respect-3PL-FIN,We do not respect bad people.
santali_glossed_new_2.eaf,116,253000,255000,ai̯ma d̪in ho.jena am sãɔt̪ɛ kat̪ʰa baŋ hoi̯akana,ai̯ma d̪in ho.j-ena am sã-ɔt̪ɛ kat̪ʰa baŋ ho-i̯-akan-a,much day become-PST.FIN 2SG with-INSTR talk NEG become-INF-PERF-NPST,I haven't talked to you for a long time.
santali_glossed_new_2.eaf,117,255200,257200,t̪eheɲ cand̪o bai̯ ɾakab.akana,t̪eheɲ cand̪o ba-i̯ ɾakab-akan-a,today sun NEG-INF rise-PERF-NPST,The sun didn't rise today.
santali_glossed_new_2.eaf,118,257400,259400,alɛ ɲind̪a baɾhɛ sɛʲcʔ balɛ cala.a,alɛ ɲind̪a baɾhɛ sɛʲcʔ ba-lɛ cala-a,1PL night outside direction NEG-1PL go-FIN,We don't go out at night.
santali_glossed_new_2.eaf,119,259600,261600,t̪eheɲ kʰilɘʈ baŋ ho.jo.a,t̪eheɲ kʰilɘʈ baŋ ho.jo-a,today game NEG become-FIN,There will be no game today.
santali_glossed_new_2.eaf,120,261800,263800,iɲ ɟʰal ɟɔm bɘɲ kusi.jaʔa,iɲ ɟʰal ɟɔm bɘɲ kusi-ja-ʔ-a,1SG spicy eat NEG like-FIN-M-FIN,I don't like to eat spicy food.
santali_glossed_new_2.eaf,121,264000,266000,iɲaʔ hɔɽmɔ baŋ mɔ̃ɟa,iɲ-aʔ hɔɽmɔ baŋ mɔ̃ɟ-a,1SG-M body NEG good-FIN,My body is not feeling okay.
santali_glossed_new_2.eaf,122,266200,268200,uŋkin bana hɔɽ mit̪ʔ hɔɽ aɾ mit̪ʔ hɔɽ sã͡o̯t̪ɛ bɘkin ɾɔɽ ɟɔŋɔʔa,uŋ-kin bana hɔɽ mit̪ʔ hɔɽ aɾ mit̪ʔ hɔɽ sã-ɔt̪ɛ bɘ-kin ɾɔɽ ɟɔŋɔ-ʔ-a,3DU-DUAL two person one person and one person with-INSTR NEG-3DU.SUBJ talk speak-M-FIN,Two of them don't talk to each other.
santali_glossed_new_2.eaf,123,268400,270400,iɲ,iɲ,1SG,Myself/Me.
santali_glossed_new_2.eaf,124,270600,272600,abo,abo,1PL,We.
santali_glossed_new_2.eaf,125,272800,274800,am,am,2SG,You.
santali_glossed_new_2.eaf,126,275000,277000,uni,uni,3SG,He/She.
santali_glossed_new_2.eaf,127,277200,279200,oŋko,oŋko,3PL,They.
santali_glossed_new_2.eaf,128,279400,281400,iɲaʔ,iɲ-aʔ,1SG-GEN,My/Mine.
santali_glossed_new_2.eaf,129,281600,283600,abooaʔ,abo-oaʔ,1PL-GEN,Our.
santali_glossed_new_2.eaf,130,283800,285800,amaʔ,am-aʔ,2SG-GEN,Your.
santali_glossed_new_2.eaf,131,286000,288000,apɛ.jaʔ,apɛ.j-aʔ,2PL-GEN,Yours (plural).
santali_glossed_new_2.eaf,132,288200,290200,uni.jaʔ,uni.j-aʔ,3SG-GEN,His/Her (possessive).
santali_glossed_new_2.eaf,133,290400,292400,oŋkooaʔ,oŋko-oaʔ,3PL-GEN,Their.
santali_glossed_new_2.eaf,134,292600,294600,nukuaʔ,nuku-aʔ,DEM.PROX.PL-GEN,Their (proximate).
santali_glossed_new_2.eaf,135,294800,296800,haŋkooaʔ,haŋko-oaʔ,DEM.DIST.PL-GEN,Their (distal).
santali_glossed_new_2.eaf,136,297000,299000,ɔkɔi̯,ɔkɔ-i̯,who-INF,Who/Whom.
santali_glossed_new_2.eaf,137,299200,301200,cɛt̪ʔ,cɛt̪ʔ,what,What.
santali_glossed_new_2.eaf,138,301400,303400,ɔkaʈaʔ,ɔka-ʈaʔ,which-CLSSFR,Which.
santali_glossed_new_2.eaf,139,303600,305600,ɔkɔ.jaʔ,ɔkɔ.j-aʔ,who-GEN,Whose.
santali_glossed_new_2.eaf,140,305800,307800,cɛt̪ʔlɛka,cɛt̪ʔ-lɛka,what-like,How/What kind.
santali_glossed_new_2.eaf,141,308000,310000,cɛkat̪ɛ,cɛka-t̪ɛ,do.how-INSTR,How (in what manner).
santali_glossed_new_3.eaf,1,0,2000,ɔt̪ʔɾɛ mit̪ʔ ʈʰɔp ɲɛlɛɾasa ɲuːɾakan t̪ahɛ̃kana,ɔt̪ʔ-ɾɛ mit̪ʔ ʈʰɔp ɲɛlɛɾasa ɲu-ɾa-kan t̪ahɛ̃-kan-a,ground-LOC one drop honey lie-PROG-COP be-PROG-FIN,A drop of honey was on the ground.
santali_glossed_new_3.eaf,2,2200,4200,paɾɔm calaʔ ɟɔkʰɛʲcʔ miʔʈɛʲcʔ mũʲcʔ ɲɛlɛɾasa sɔi̯ ɲamked̪a,paɾɔm calaʔ ɟɔkʰɛc-ʔ miʔ-ʈɛn muɲɟ-ʔ ɲɛlɛɾasa sɔi̯ ɲam-ked-a,pass go time-EMPH one-CLF ant-EMPH honey smell get-PST.TR-FIN,An ant passing by smelled that honey.
santali_glossed_new_3.eaf,3,4400,6400,uni mũʲcʔ d̪ɔ miʔsɛʲcʔ kʰɔʲcʔ ɲɛɭɛɾasa ɲuɲui̯ ɛhɔp̚ʔena,uni muɲɟ-ʔ d̪ɔ miʔ-sɛc-ʔ kʰɔc-ʔ ɲɛlɛɾasa ɲu-ɲu-i̯ ɛhɔp-ʔ-en-a,3SG ant-EMPH TOP one-side-EMPH from-EMPH honey eat-RDPL-3SG begin-PST-INTR-FIN,The ant started consuming honey from one side.
santali_glossed_new_3.eaf,4,6600,8600,mit̪ʔd̪ʰaɔ̯ ɲɛlɛɾasa ɲu kat̪ɛt̪ʔ ɘɖi sibil ked̪e.ja aɾ uni d̪ɔ ɲuɲut̪igei̯ t̪ãhɛi̯na,mit̪ʔ-d̪ʰaɔ̯ ɲɛlɛɾasa ɲu kat̪ɛ-t̪ʔ ɘɖi sibil ked-e-a aɾ uni d̪ɔ ɲu-ɲut̪-i-ge-i̯ t̪ahɛ-i̯-en-a,one-time honey eat CVB-EMPH very tasty PST.TR-3SG.OBJ-FIN and 3SG TOP eat-CONT-3SG-EMPH-3SG be-3SG-INTR-FIN,After consuming once he was very amused and kept eating.
santali_glossed_new_3.eaf,5,8800,10800,ɲɛlɛɾasa ɲu ɲut̪ɛ uni.jaʔ laʲcʔ d̪ɔ pʰulɘɔ̯ɛnt̪a.ja ɛnɾɛhɔ̃ ɲɛlɛɾasa ɲuɲu d̪ɔ bai̯ bɘgi.jad̪a,ɲɛlɛɾasa ɲu-ɲut̪-ɛ uni-aʔ lac-ʔ d̪ɔ pʰulɘɔ̯-en-t̪a-a ɛnɾɛ-hɔ̃ ɲɛlɛɾasa ɲu-ɲu d̪ɔ ba-i̯ bɘgi-ad-a,honey eat-CONT-3SG 3SG-GEN belly-EMPH TOP swell-PST-COP-FIN even.then-EMPH honey eat-RDPL TOP NEG-3SG leave-PST.TR-FIN,"His stomach swelled as he kept devouring the honey, but still he did not stop eating."
santali_glossed_new_3.eaf,6,11000,13000,ɲɛlɛɾasa ɲuɲut̪ɛ unid̪ɔ ɲɛlɛɾasa t̪alaɾɛi̯ bɔlɔi̯na aɾ a.jaʔ ɟaŋga d̪ɔ ɲɛlɛɾasaɾɛ t̪ʰɘli.jɛnt̪a.ja,ɲɛlɛɾasa ɲu-ɲut̪-ɛ uni-d̪ɔ ɲɛlɛɾasa t̪ala-ɾɛ-i̯ bɔlɔ-i̯-en-a aɾ aj-aʔ ɟaŋga d̪ɔ ɲɛlɛɾasa-ɾɛ t̪ʰɘli-i̯-en-t̪a-a,honey eat-CONT-3SG 3SG-TOP honey middle-LOC-3SG enter-3SG-INTR-FIN and 3SG-GEN leg TOP honey-LOC stick-3SG-INTR-COP-FIN,"While consuming, he stepped in between drops of honey and got his foot stuck in the honey."
santali_glossed_new_3.eaf,7,13200,15200,baɲcaʔ lɘgit̪ʔ a.jaʔ kaʈa t̪inɘʔɛ ɔcɔʔɛʔt̪a.ja unɘʔgi bʰit̪ɾisɛʲcʔɛ bɔlɔ cala͡o̯ɛna,baɲ-c-aʔ lɘgit̪ʔ aj-aʔ kaʈa t̪inɘʔ-ɛ ɔcɔʔ-ɛʔ-t̪a-a unɘʔ-gi bʰit̪ɾi-sɛc-ʔ-ɛ bɔlɔ calaɔ̯-en-a,escape-INF for 3SG-GEN leg how.much-3SG release-3SG.OBJ-COP-FIN that.much-EMPH inside-side-EMPH-3SG enter go-PST.INTR-FIN,"The more he tried to get his foot out, the more he sank inward."
santali_glossed_new_3.eaf,8,15400,17400,sahɛ̃t̪ʔ bɔnd̪ɔ.jɛnt̪a͡i̯t̪ɛ uni muʲcʔ d̪ɔ mit̪ʔgʰɘɽi t̪ai̯nɔmɛ gɔʲcʔɛna,sahɛ̃t̪ʔ bɔnd̪ɔ-i̯-en-t̪a-i̯-t̪ɛ uni muɲɟ-ʔ d̪ɔ mit̪ʔ-gʰɘɽi t̪ai̯-nɔmɛ gɔc-ʔ-en-a,breath stop-3SG-PST-COP-3SG-INST 3SG ant-EMPH TOP one-moment stay-PUNCT die-PST-INTR-FIN,At one point the ant suffocated and died.
santali_glossed_new_3.eaf,9,17600,19600,a.jaʔ lalɔcʔ ijɘt̪ɛ uni mũʲcʔ d̪ɔi̯ gɔʲcʔena,aj-aʔ lalɔc-ʔ ijɘ-t̪ɛ uni muɲɟ-ʔ d̪ɔ-i̯ gɔc-ʔ-en-a,3SG-GEN greed-EMPH cause-INST 3SG ant-EMPH TOP-3SG die-PST-INTR-FIN,The ant died due to its greed.
santali_glossed_new_3.eaf,10,19800,21800,mit̪ʔʈɛn t̪ɘɾup̚ʔ aɾ mit̪ʔʈɛn suk̚ɾi mit̪ʔʈɛn kuɲɾɛː d̪aʔ ɲukin cala͡o̯lɛna,mit̪ʔ-ʈɛn t̪ɘɾup-ʔ aɾ mit̪ʔ-ʈɛn suk̚ɾi mit̪ʔ-ʈɛn kuɲ-ɾɛ d̪aʔ ɲu-kin calaɔ̯-len-a,one-CLF tiger-EMPH and one-CLF pig one-CLF well-LOC water drink-3DU go-PST-FIN,A tiger and a pig went to a well to drink water.
santali_glossed_new_3.eaf,11,22000,24000,mɛnkʰan ɔkɔi̯ lahaɾɛ d̪aʔɛː ɲu.ja noa̯ ni̯ɘt̪ɛ ɘkint̪alaɾɛ kɘpɘɾiɘo̯ laga͡ɔ̯ɛna,mɛnkʰan ɔkɔ-i̯ laha-ɾɛ d̪aʔ-ɛ ɲu-a nɔa̯ ni̯ɘ-t̪ɛ ɘkin-t̪ala-ɾɛ kɘpɘɾiɘɔ̯ lagaɔ̯-en-a,but who-3SG before-LOC water-3SG drink-FIN this regarding-INST 3DU-middle-LOC quarrel begin-PST-FIN,But they quarreled over who would drink the water first.
santali_glossed_new_3.eaf,12,24200,26200,t̪ɘɾup̚ʔ ɔkalɛkat̪ɛhɔ̃ suk̚ɾi lahaɾɛ d̪aʔ ɲu ucu bai̯ kʰɔɟlɛna,t̪ɘɾup-ʔ ɔka-lɛka-t̪ɛ-hɔ̃ suk̚ɾi laha-ɾɛ d̪aʔ ɲu ucu ba-i̯ kʰɔɟ-len-a,tiger-EMPH any-way-INST-EMPH pig before-LOC water drink let NEG-3SG want-PST-FIN,The tiger did not want to let the pig drink the water first.
santali_glossed_new_3.eaf,13,26400,28400,suk̚ɾi hɔ̃ t̪ɘɾup̚ʔ lahaɾɛ d̪aʔ ɲu ucu d̪ɔ bai̯ ɾɛbɛnlɛna,suk̚ɾi hɔ̃ t̪ɘɾup-ʔ laha-ɾɛ d̪aʔ ɲu ucu d̪ɔ ba-i̯ ɾɛbɛn-len-a,pig also tiger-EMPH before-LOC water drink let TOP NEG-3SG agree-PST-FIN,The pig also refused to let the tiger drink the water first.
santali_glossed_new_3.eaf,14,28600,30600,d̪aɾeɾɛ d̪uɽup̚ʔ kat̪ɛ miʔ ɟʰãk gid̪i d̪ɔ ɘkinaʔ noa̯ gʰɔʈɔnako ɲɛlɛt̪ʔkant̪ãhɛna,d̪aɾe-ɾɛ d̪uɽup-ʔ kat̪ɛ miʔ ɟʰãk gid̪i d̪ɔ ɘkin-aʔ nɔa̯ gʰɔʈɔna-ko ɲɛl-ɛt̪ʔ-kan-t̪ahɛ-n-a,tree-LOC sit-EMPH CVB one group vulture TOP 3DU-GEN this event-3PL see-PROG-COP-stay-INTR-FIN,A group of vultures sitting on the tree was observing their situation.
santali_glossed_new_3.eaf,15,30800,32800,t̪ɘɾup̚ʔ aɾ suk̚ɾikin gɔʲcʔlɛnkʰan gid̪ikod̪ɔ uŋkinaʔ ɟil jɔmko hud̪isɔʔkan t̪ahɛna,t̪ɘɾup-ʔ aɾ suk̚ɾi-kin gɔc-ʔ-len-kʰan gid̪i-ko-d̪ɔ uŋkin-aʔ ɟil jɔm-ko hud̪isɔʔ-kan t̪ahɛ-n-a,tiger-EMPH and pig-3DU die-PST-INTR-when vulture-3PL-TOP 3DU-GEN flesh eat-3PL think-PROG be-INTR-FIN,"When the tiger and the pig would die, vultures were thinking about eating their flesh."
santali_glossed_new_3.eaf,16,33000,35000,mit̪ʔ ɔk̚t̪ɛ t̪ɘɾup̚ʔ nɔai̯ buɟʰhɘo̯ked̪a aɾ suk̚ɾi.jɛ mɛt̪ade.ja,mit̪ʔ ɔk̚t̪ɛ t̪ɘɾup-ʔ nɔa-i̯ buɟʰhɘɔ̯-ked-a aɾ suk̚ɾi-ɛ mɛt̪-ad-e-a,one time tiger-EMPH this-3SG understand-PST.TR-FIN and pig-3SG say-PST.TR-3SG.OBJ-FIN,At some point the tiger understood this and told the pig.
santali_glossed_new_3.eaf,17,35200,37200,nɔa̯ t̪a.jɔm unkin kɘpʰɘɾiɘo̯ t̪ʰiɾkat̪ɛ banahɔɽge d̪aʔkin ɲu ked̪a aɾ t̪ɛt̪aŋkin maɾaɔ̯ked̪a,nɔa̯ t̪ajɔm un-kin kɘpʰɘɾiɘɔ̯ t̪ʰiɾ-kat̪ɛ bana-hɔɽ-ge d̪aʔ-kin ɲu ked-a aɾ t̪ɛt̪aŋ-kin maɾaɔ̯-ked-a,this after that-3DU quarrel stop-CVB both-person-EMPH water-3DU drink PST.TR-FIN and thirst-3DU finish-PST.TR-FIN,Then they stopped fighting and both drank water and quenched their thirst.
santali_glossed_new_3.eaf,18,37400,39400,mobaĭlt̪ɛ sɘŋgiɲɾɛn hɔɽ sãɔ̯t̪ɛhɔ̃ kat̪ʰam ɾɔɽ d̪aɽe.jaʔa,mobaĭl-t̪ɛ sɘŋgiɲ-ɾɛn hɔɽ sãɔ̯-t̪ɛ-hɔ̃ kat̪ʰa-m ɾɔɽ d̪aɽe-jaʔ-a,mobile-INST far-GEN person with-INST-also word-2SG speak able-FIN-FIN,It is easy to talk to the distant people with a mobile.
santali_glossed_new_3.eaf,19,39600,41600,mobaĭlt̪ɛ pɛɽakoa̯ʔ boge ɟud̪ɘhɔm baɖai̯ d̪aɽe.jaʔa,mobaĭl-t̪ɛ pɛɽa-ko-aʔ boge ɟud̪ɘ-hɔ-m baɖai̯ d̪aɽe-jaʔ-a,mobile-INST relative-3PL-GEN good news-EMPH-2SG know able-FIN-FIN,Relatives can be inquired through mobile.
santali_glossed_new_3.eaf,20,41800,43800,mobaĭlt̪ɛ seɾeɲ aɲɟɔmɔʔa pʰɔʈɔ ɾakabɔʔa senema aɾ naʈɔk̚ ɲɛlɔ.a,mobaĭl-t̪ɛ seɾeɲ aɲɟɔm-ɔʔ-a pʰɔʈɔ ɾakab-ɔʔ-a senema aɾ naʈɔk̚ ɲɛl-ɔ-a,mobile-INST song listen-PASS-FIN photo take-PASS-FIN cinema and drama see-PASS-FIN,"Mobile can be used to listen to music, take pictures and watch movies."
santali_glossed_new_3.eaf,21,44000,46000,mobaĭlt̪ɛm hisɘb d̪aɽeoa̯ʔa aɾ ɔk̚t̪ɛhɔm baɖai̯ d̪aɽe.jaʔa,mobaĭl-t̪ɛ-m hisɘb d̪aɽe-oaʔ-a aɾ ɔk̚t̪ɛ-hɔ-m baɖai̯ d̪aɽe-jaʔ-a,mobile-INST-2SG calculation able-PASS-FIN and time-EMPH-2SG know able-FIN-FIN,"Besides, numbers can be calculated and the time can be checked on the mobile."
santali_glossed_new_3.eaf,22,46200,48200,pɘhil pɘhil d̪ɔ mobaĭlɾe.jaʔ d̪am ɘɖi ɟɘst̪i t̪ahɛ̃kana ɔna i̯ɘt̪ɛ hɔɽd̪ɔ mobaĭl baku kiɾiɲ d̪aɽe.jaʔkant̪ahɛ̃na,pɘhil pɘhil d̪ɔ mobaĭl-ɾeaʔ d̪am ɘɖi ɟɘst̪i t̪ahɛ̃-kan-a ɔna iɘ-t̪ɛ hɔɽ-d̪ɔ mobaĭl ba-ko kiɾiɲ d̪aɽe-jaʔ-kan-t̪ahɛ̃-n-a,first first TOP mobile-GEN price very high stay-COP-FIN that cause-INST person-TOP mobile NEG-3PL buy able-FIN-COP-stay-INTR-FIN,Initially the price was high so most people could not afford the mobile.
santali_glossed_new_3.eaf,23,48400,50400,unɾɛ d̪ɔkanɾɛ cala͡o̯kat̪ɛt̪ʔ ʈakat̪ɛ kat̪ʰa ɾɔɽ ho.joʔkan t̪ahɛ̃na,un-ɾɛ d̪ɔkan-ɾɛ calaɔ̯-kat̪ɛ-t̪ʔ ʈaka-t̪ɛ kat̪ʰa ɾɔɽ ho.j-oʔ-kan t̪ahɛ̃-n-a,that-LOC shop-LOC go-CVB-EMPH money-INST word speak become-PASS-COP stay-INTR-FIN,"At that time, we had to go to the shop and talk with money."
santali_glossed_new_3.eaf,24,50600,52600,mɛnkʰan nit̪ d̪ɔ ɖʰeɾ hɔɽ ʈʰɛnge mobaĭl mena.a,mɛnkʰan nit̪ d̪ɔ ɖʰeɾ hɔɽ ʈʰɛn-ge mobaĭl mena-a,but now TOP many person near-EMPH mobile exist-FIN,But now most people have mobile phones.
santali_glossed_new_3.eaf,25,52800,54800,mobai̯ltege nit̪ d̪ɔ ʈaka kolo.a aɾ ʈaka ɲamɔ.a,mobai̯l-tege nit̪ d̪ɔ ʈaka kolo-a aɾ ʈaka ɲam-ɔ-a,mobile-INST.EMPH now TOP money send-FIN and money get-PASS-FIN,Money can now be paid and received through mobile.
santali_glossed_new_3.eaf,26,55000,57000,mobaĭlɾɛ inʈaɾneʈ̚hɔ̃ku bɛbɔhaɾa,mobaĭl-ɾɛ inʈaɾneʈ-hɔ̃-ku bɛbɔhaɾ-a,mobile-LOC internet-also-3PL use-FIN,The Internet can be used/run on mobile.
santali_glossed_new_3.eaf,27,57200,59200,inʈaɾneʈ̚t̪ɛm ɔlɔʔ paɽha͡o̯ d̪aɽe.jaʔa,inʈaɾneʈ-t̪ɛ-m ɔlɔʔ paɽhaɔ̯ d̪aɽe-jaʔ-a,internet-INST-2SG read study able-FIN-FIN,We can even study on the internet/online.
santali_glossed_new_3.eaf,28,59400,61400,mit̪ʔd̪in mĭt̪ʔʈɛn kɘhũ ɘɖiː ãːʈ t̪et̪aŋked̪e.ja,mit̪ʔ-d̪in mit̪ʔ-ʈɛn kɘhũ ɘɖi ãʈ t̪et̪aŋ-ked-e-a,one-day one-CLF crow very thirst feel-PST.TR-3SG.OBJ-FIN,One day a crow got very thirsty for water.
santali_glossed_new_3.eaf,29,61600,63600,hant̪ɛnat̪ɛ kɔ.jɔʔbaɽa kat̪ɛ unid̪ɔ ɾacaɾɛ mit̪ʔʈɛn hasaɾe.jaʔ kanɖai̯ ɲɛlɲamked̪a,hant̪ɛ-na-t̪ɛ kɔ.jɔʔ-baɽa kat̪ɛ uni-d̪ɔ ɾaca-ɾɛ mit̪ʔ-ʈɛn hasa-ɾeaʔ kanɖa-i̯ ɲɛl-ɲam-ked-a,here-there-DIR look-around CVB 3SG-TOP yard-LOC one-CLF clay-GEN pitcher-3SG see-find-PST.TR-FIN,"Meanwhile, looking here and there, it saw an earthen pitcher in the yard."
santali_glossed_new_3.eaf,30,63800,65800,mɛnkʰan d̪aʔd̪ɔ t̪ahɛkana kanɖaɾe.jaʔ ɛkalt̪ɛ lat̪aɾ ɟalat̪ʔɾɛ,mɛnkʰan d̪aʔ-d̪ɔ t̪ahɛ-kan-a kanɖa-ɾeaʔ ɛkal-t̪ɛ lat̪aɾ ɟala-t̪ʔ-ɾɛ,but water-TOP stay-COP-FIN pitcher-GEN very-INST below bottom-EMPH-LOC,But the water was at the bottom of the pitcher.
santali_glossed_new_3.eaf,31,66000,68000,ɔna kakʰant̪ɛ kɘhũd̪ɔ ɔna d̪aʔ bai̯ ɲu d̪aɽɛ.jad̪a,ɔna kakʰan-t̪ɛ kɘhũ-d̪ɔ ɔna d̪aʔ ba-i̯ ɲu d̪aɽɛ-jad-a,that reason-INST crow-TOP that water NEG-3SG drink able-PST.TR-FIN,Because of this the crow could not drink that water.
santali_glossed_new_3.eaf,32,68200,70200,unɾɛ kɘhũd̪ɔ mit̪ʔʈɛn upɘ.jɛ uɖuŋked̪a,un-ɾɛ kɘhũ-d̪ɔ mit̪ʔ-ʈɛn upɘ-i̯-ɛ uɖuŋ-ked-a,that-LOC crow-TOP one-CLF way-3SG-3SG bring.out-PST.TR-FIN,Then the crow thought of a way.
santali_glossed_new_3.eaf,33,70400,72400,uni d̪ɔ ɔna kanɖa bʰit̪ɾiɾɛ d̪ʰiɾiɾe.jaʔ kuʈ̚ɾɘ giɖii̯ laga͡o̯ɛna,uni d̪ɔ ɔna kanɖa bʰit̪ɾi-ɾɛ d̪ʰiɾi-ɾeaʔ kuʈɾɘ giɖi-i̯ lagaɔ̯-en-a,3SG TOP that pitcher inside-LOC stone-GEN piece throw-3SG begin-PST-FIN,It started throwing pieces of stone into that pitcher.
santali_glossed_new_3.eaf,34,72600,74600,d̪ʰiɾi kuʈ̚ɾɘ ɟɔma͡o̯ ɟɔma͡o̯t̪ɛ d̪aʔ d̪ɔ kanɖa ɾe.jaʔ mɔcaʈʰɛn hɛʲcʔɛna,d̪ʰiɾi kuʈɾɘ ɟɔmaɔ̯ ɟɔmaɔ̯-t̪ɛ d̪aʔ d̪ɔ kanɖa-ɾeaʔ mɔca-ʈʰɛn hɛc-ʔ-en-a,stone piece collect collect-INST water TOP pitcher-GEN mouth-near come-PST-INTR-FIN,The stones accumulated and the water came to the mouth of the pitcher.
santali_glossed_new_3.eaf,35,74800,76800,kɘhũ d̪ɔ unɾɛ ɔna d̪aʔɛ ɲuː ked̪a,kɘhũ d̪ɔ un-ɾɛ ɔna d̪aʔ-ɛ ɲu ked-a,crow TOP that-LOC that water-3SG drink PST.TR-FIN,The crow then drank that water.
santali_glossed_new_3.eaf,36,77000,79000,baŋlad̪es ai̯ma pɘɾsi aɾ ai̯ma ɟɘt̪i ɾe.jaʔ mit̪ʔʈɛn d̪isɘm,baŋlad̪es ai̯ma pɘɾsi aɾ ai̯ma ɟɘt̪i-ɾeaʔ mit̪ʔ-ʈɛn d̪isɘm,Bangladesh many language and many ethnicity-GEN one-CLF country,Bangladesh is a multilingual and multi-racial country.
santali_glossed_new_3.eaf,37,79200,81200,noa̯ d̪isɘmɾɛ baŋgali bɛgɔɾhɔ̃ noŋka mɔ̃ɽɛgɛlgɔʈɛn ɟɘt̪iɾɛn hɔɽko giɾɘbɘsiʔkana,nɔa̯ d̪isɘm-ɾɛ baŋgali bɛgɔɾ-hɔ̃ noŋka mɔ̃ɽɛ-gɛl-gɔʈɛn ɟɘt̪i-ɾɛn hɔɽ-ko giɾɘ-bɘsiʔ-kan-a,this country-LOC Bengali besides-also like five-ten-CLF ethnicity-GEN person-3PL settle-live-COP-FIN,"In addition to the Bangalees, about 50 other nationalities live in this country."
santali_glossed_new_3.eaf,38,81400,83400,baŋgaliko lekage oŋkoa̯ʔhɔ̃ ɟud̪ɘ pɘɾsi aɾ ni.jɘm ɘɾi mena.a,baŋgali-ko leka-ge oŋko-aʔ-hɔ̃ ɟud̪ɘ pɘɾsi aɾ ni.jɘm ɘɾi mena-a,Bengali-3PL like-EMPH 3PL-GEN-also different language and custom tradition exist-FIN,"Like the Bangalees, they also have distinct languages and customs."
santali_glossed_new_3.eaf,39,83600,85600,bɛo̯haɾ t̪ʰoɽa ho.joʔkan kakʰant̪ɛ ai̯ma pɘɾsiko ad̪ɔʔkana,bɛo̯haɾ t̪ʰoɽa ho.j-oʔ-kan kakʰan-t̪ɛ ai̯ma pɘɾsi-ko ad̪-oʔ-kan-a,use little become-PASS-COP reason-INST many language-3PL lose-PASS-COP-FIN,Many languages are disappearing due to lack of usage.
santali_glossed_new_3.eaf,40,85800,87800,gid̪ɾɛko lɘgit̪ʔ apnaɾ pɘɾsit̪ɛ ɔlɔʔ paɽha͡o̯ ɟɘɾuɽa,gid̪ɾɛ-ko lɘgit̪ʔ apnaɾ pɘɾsi-t̪ɛ ɔlɔʔ paɽhaɔ̯ ɟɘɾuɽ-a,child-3PL for own language-INST read study necessary-FIN,It is important for children to study in their own language.
santali_glossed_new_3.eaf,41,88000,90000,gid̪ɾɘ bid̪ɘlɾɛ gɔgɔ pɘɾsit̪ɛ ɔlɔʔ paɽha͡o̯ baŋ hoi̯lɛnkʰan t̪a.jɔmt̪ɛ apnaɾ pɘɾsi aɾ cet̪ʔ baŋ ho.joʔkana,gid̪ɾɘ bid̪ɘl-ɾɛ gɔgɔ pɘɾsi-t̪ɛ ɔlɔʔ paɽhaɔ̯ baŋ ho.j-i̯-len-kʰan t̪ajɔm-t̪ɛ apnaɾ pɘɾsi aɾ cet̪ʔ baŋ ho.j-oʔ-kan-a,child age-LOC mother language-INST read study NEG become-3SG-PST-when after-INST own language and learn NEG become-PASS-COP-FIN,"If one does not study in their mother language in childhood, one does not learn their own language later."
santali_glossed_new_3.eaf,42,90200,92200,iɲd̪ɔ iɲaʔ pɘɾsiɲ d̪ulɘɽaʔa,iɲ-d̪ɔ iɲ-aʔ pɘɾsi-ɲ d̪ulɘɽ-aʔ-a,1SG-TOP 1SG-GEN language-1SG love-FIN-FIN,I love my language.
santali_glossed_new_3.eaf,43,92400,94400,iɲd̪ɔ iɲaʔ d̪isɘmiɲ d̪ulɘɽed̪a,iɲ-d̪ɔ iɲ-aʔ d̪isɘm-iɲ d̪ulɘɽ-ed-a,1SG-TOP 1SG-GEN country-1SG love-PRS.TR-FIN,I love my country.
santali_glossed_new_3.eaf,44,94600,96600,iɲaʔ sɔneɾ baŋla iɲd̪ɔ amiɲ d̪ulɘɽɛt̪ʔme.ja,iɲ-aʔ sɔneɾ baŋla iɲ-d̪ɔ am-iɲ d̪ulɘɽ-ɛt̪ʔ-me-a,1SG-GEN golden Bengal 1SG-TOP 2SG-1SG love-PROG-2SG.OBJ-FIN,"My golden Bangla, I love you."
santali_glossed_new_3.eaf,45,96800,98800,ad̪ɔm pɘɾsi baŋla akʰɔɾko bɛo̯haɾa ad̪ɔm pɘɾsi iŋɾeɟi sɛ ɾoman akʰɔɾko bɛo̯haɾa aɾ ad̪ɔm pɘɾsi.jaʔd̪ɔ apnaɾaʔ akʰɔɾ mena.a,ad̪ɔm pɘɾsi baŋla akʰɔɾ-ko bɛo̯haɾ-a ad̪ɔm pɘɾsi iŋɾeɟi sɛ ɾoman akʰɔɾ-ko bɛo̯haɾ-a aɾ ad̪ɔm pɘɾsi-aʔ-d̪ɔ apnaɾ-aʔ akʰɔɾ mena-a,some language Bengali letter-3PL use-FIN some language English or Roman letter-3PL use-FIN and some language-GEN-TOP own-GEN letter exist-FIN,"Some languages use Bangalee fonts, some languages use English/Roman fonts, and some languages have their own fonts."
santali_glossed_new_3.eaf,46,99000,101000,babad̪ɔ mit̪ʔʈɛn gʰaɾɔ̃ɟɾɛn mukʰi̯ɘ hɔɽ,baba-d̪ɔ mit̪ʔ-ʈɛn gʰaɾɔ̃ɟ-ɾɛn mukʰi̯ɘ hɔɽ,father-TOP one-CLF family-GEN head person,Father is the head person/man of a family.
santali_glossed_new_3.eaf,47,101200,103200,uni d̪ɔ gʰaɾɔɟɾe.jaʔɛ ɲɛɭbaɽa.ja,uni d̪ɔ gʰaɾɔɟ-ɾeaʔ-ɛ ɲɛlbaɽa-a,3SG TOP family-GEN-3SG look.after-FIN,He takes care of the family.
santali_glossed_new_3.eaf,48,103400,105400,iɲbaba d̪ɔ kʰɛt̪ɾɛ kɘmikat̪ɛt̪ʔɛ kɘmhɘ.jɛt̪ʔkant̪ahɛ̃na,iɲ-baba d̪ɔ kʰɛt̪-ɾɛ kɘmi-kat̪ɛ-t̪ʔ-ɛ kɘmhɘ-i̯-ɛt̪ʔ-kan-t̪ahɛ̃-n-a,1SG-father TOP field-LOC work-CVB-EMPH-3SG earn-3SG-PROG-COP-stay-INTR-FIN,My father used to earn by working in agricultural fields.
santali_glossed_new_3.eaf,49,105600,107600,babaʈʰɛnkʰɔn iɲd̪ɔ ɔlɔʔ aɾ paɽha͡ɔ̯iɲ cit̪ʔakad̪a,baba-ʈʰɛn-kʰɔn iɲ-d̪ɔ ɔlɔʔ aɾ paɽhaɔ̯-iɲ cit̪ʔ-akad-a,father-from-ABL 1SG-TOP read and study-1SG learn-PRF.TR-FIN,I have learned to read and write from my father.
santali_glossed_new_3.eaf,50,107800,109800,ɔk̚t̪ɛ ɔk̚t̪ɛ iskul cʰuʈilɛnkʰan ɲɛlɘɲ baba d̪ɔ iɲlɘgit̪ʔ iskul baɾhɛɾɛi̯ t̪eŋgo.ăkana,ɔk̚t̪ɛ ɔk̚t̪ɛ iskul cʰuʈi-len-kʰan ɲɛl-ɘ-ɲ baba d̪ɔ iɲ-lɘgit̪ʔ iskul baɾhɛ-ɾɛ-i̯ t̪eŋgɔ-akan-a,time time school holiday-PST-when see-FIN-1SG father TOP 1SG-for school outside-LOC-3SG stand-PRF.INTR-FIN,"Sometimes when the school hours were over, I saw my father standing outside the school for me."
santali_glossed_new_3.eaf,51,110000,112000,biɖɘ͡o̯ɾɛ bʰage ɾeɟal t̪a.jɔm babaɔ̯aʔ mɛ̃t̪ʔd̪aʔiɲ ɲɛl lɛd̪a,biɖɘɔ̯-ɾɛ bʰage ɾeɟal t̪ajɔm baba-ɔ̯aʔ mɛ̃t̪ʔ-d̪aʔ-iɲ ɲɛl led-a,exam-LOC good result after father-GEN eye-water-1SG see PST.TR-FIN,I saw tears in my father's eyes after getting good results in the exam.
santali_glossed_new_3.eaf,52,112200,114200,unɾɛ bɘɲbaɖai̯kant̪ahɛ̃na ai̯mahɔɽ ɾɘskɘlɛnkʰanhɔ̃ ku ɾaːga,un-ɾɛ bɘɲ-baɖai̯-kan-t̪ahɛ̃-n-a ai̯ma-hɔɽ ɾɘskɘ-len-kʰan-hɔ̃ ku-ɾaːg-a,that-LOC NEG.1SG-know-COP-stay-INTR-FIN many-person joy-PST-when-also 3PL-cry-FIN,I did not know that many people cry even when they are happy.
santali_glossed_new_3.eaf,53,114400,116400,baba aʲcʔt̪ɛt̪ʔhɔ̃ ɟɘst̪i ba͡i̯ ɔlɔʔ paɽha͡o̯ d̪aɽe.jakad̪a,baba ac-ʔ-t̪ɛ-t̪ʔ-hɔ̃ ɟɘst̪i ba-i̯ ɔlɔʔ paɽhaɔ̯ d̪aɽe-jakad-a,father self-EMPH-INST-EMPH-also much NEG-3SG read study able-PRF.TR-FIN,Father himself could not study much.
santali_glossed_new_3.eaf,54,116600,118600,mɛnkʰan unii̯ kʰɔɟlɛna iɲ e.meɲ pas ma,mɛnkʰan uni-i̯ kʰɔɟ-len-a iɲ e.me-ɲ pas-m-a,but 3SG-3SG want-PST-FIN 1SG M.A.-1SG pass-2SG-FIN,But he wanted me to pass MA.
santali_glossed_new_3.eaf,55,118800,120800,uni ɔk̚t̪ɛ ɔk̚t̪ɛ d̪akaut̪u kɘmiɾɛ gɔgɔhɔ̃.jɛ gɔɽɔ.ai̯kan t̪ahɛ̃na,uni ɔk̚t̪ɛ ɔk̚t̪ɛ d̪aka-ut̪u kɘmi-ɾɛ gɔgɔ-hɔ̃-ɛ gɔɽɔ-ai̯-kan t̪ahɛ̃-n-a,3SG time time rice-curry work-LOC mother-also-3SG help-3SG.OBJ-COP stay-INTR-FIN,He sometimes helped my mother in cooking.
santali_glossed_new_3.eaf,56,121000,123000,baba t̪inɾɛi̯ haɽam lena unɾɛ iɲ uniɲ ɟɔt̪ɔnăkadi.ja,baba t̪in-ɾɛ-i̯ haɽam len-a un-ɾɛ iɲ uni-ɲ ɟɔt̪ɔn-akad-i-a,father when-LOC-3SG old PST-FIN that-LOC 1SG 3SG-1SG care-PRF.TR-3SG.OBJ-FIN,I took care of father when he got old.
santali_glossed_new_3.eaf,57,123200,125200,kɘʈiʲcʔkʰɔnge baba d̪ɔ iɲɾɛn paɲɟalek hɔɽ kanai̯,kɘʈic-ʔ-kʰɔn-ge baba d̪ɔ iɲ-ɾɛn paɲɟa-lek hɔɽ kan-a-i̯,small-EMPH-ABL-EMPH father TOP 1SG-GEN follow-like person COP-FIN-3SG,"From my childhood, my father was a person I could follow."
santali_glossed_new_3.eaf,58,125400,127400,babai̯ɲ d̪isɘlekʰan nit̪hɔ̃ iɲ ɾaʔ ɾaʔiɲ ɘi̯kɘo̯a,baba-i̯-ɲ d̪isɘl-e-kʰan nit̪-hɔ̃ iɲ ɾaʔ ɾaʔ-iɲ ɘi̯-kɘɔ̯-a,father-3SG-1SG remember-3SG.OBJ-when now-also 1SG cry cry-1SG come-INCH-FIN,I still feel like crying when I remember my father.
santali_glossed_new_3.eaf,59,127600,129600,iɲd̪ɔ iɲ baba ni̯ɘt̪ɛɲ gɔɾɔbɔʔkana,iɲ-d̪ɔ iɲ baba ni̯ɘ-t̪ɛ-ɲ gɔɾɔb-ɔʔ-kan-a,1SG-TOP 1SG father regarding-INST-1SG proud-PASS-COP-FIN,I feel proud of my father.
santali_glossed_new_3.eaf,60,129800,131800,iɲiɲ kʰɔɟɔʔkana iɲɾɛn gid̪ɾɘhɔ̃ iɲ ni̯ɘt̪ɛ gɔɾɔb oco̯a,iɲ-iɲ kʰɔɟ-ɔʔ-kan-a iɲ-ɾɛn gid̪ɾɘ-hɔ̃ iɲ ni̯ɘ-t̪ɛ gɔɾɔb oc-oɔ̯-a,1SG-1SG want-PASS-COP-FIN 1SG-GEN child-also 1SG regarding-INST proud cause-CAUS-FIN,I want my child to be proud of me too.
santali_glossed_new_3.eaf,61,132000,134000,ɟohaɾ hɔpɔnba cɛt̪ʔlɛka mɛnama,ɟohaɾ hɔpɔn-ba cɛt̪ʔ-lɛka mɛn-am-a,greeting son-uncle what-like exist-2SG-FIN,"[Greetings] Uncle, how are you?"
santali_glossed_new_3.eaf,62,134200,136200,mɔɟge minɘɲɘ bɘbu,mɔɟ-ge min-ɘ-ɲ-ɘ bɘbu,good-EMPH exist-FIN-1SG-FIN son,I am fine my son.
santali_glossed_new_3.eaf,63,136400,138400,am cɛt̪ʔlɛka mɛnama,am cɛt̪ʔ-lɛka mɛn-am-a,2SG what-like exist-2SG-FIN,How are you?
santali_glossed_new_3.eaf,64,138600,140600,amɾɛn gɔgɔbaba cɛt̪ʔlɛka menaʔkinɘ,am-ɾɛn gɔgɔ-baba cɛt̪ʔ-lɛka mena-ʔ-kin-ɘ,2SG-GEN mother-father what-like exist-COP-3DU-FIN,How are your parents?
santali_glossed_new_3.eaf,65,140800,142800,alɛ ɟɔt̪ɔhɔɽ mɔ̃ɟge menaʔle.ja,alɛ ɟɔt̪ɔ-hɔɽ mɔ̃ɟ-ge mena-ʔ-le-a,1PL.EXCL all-person good-EMPH exist-COP-1PL.EXCL-FIN,We are all fine.
santali_glossed_new_3.eaf,66,143000,145000,buɖigɔ cɛt̪ʔlɛka mena.ja hɔpɔnba,buɖi-gɔ cɛt̪ʔ-lɛka mena-a hɔpɔn-ba,old-mother what-like exist-FIN son-uncle,"How is grandmother, Uncle?"
santali_glossed_new_3.eaf,67,145200,147200,hɔlakʰɔn unii̯ ɾu̯ɘʔkana,hɔla-kʰɔn uni-i̯ ɾuɘ-ʔ-kan-a,yesterday-ABL 3SG-3SG sick-PASS-COP-FIN,She is sick since yesterday.
santali_glossed_new_3.eaf,68,147400,149400,gunɘnɔʔkɘnɘɲ t̪eheɲ uni ɖakt̪aɾʈʰɛniɲ idii̯.ja,gunɘ-nɔʔ-kɘn-ɘ-ɲ t̪eheɲ uni ɖakt̪aɾ-ʈʰɛn-iɲ idi-i̯-a,think-INCH-PROG-FIN-1SG today 3SG doctor-near-1SG take-3SG.OBJ-FIN,I think I will take her to the doctor today.
santali_glossed_new_3.eaf,69,149600,151600,ɔnage bʰage ho.jo.a,ɔna-ge bʰage ho.j-o-a,that-EMPH good become-PASS-FIN,That would be good.
santali_glossed_new_3.eaf,70,151800,153800,ɟahanaʔ ɟɘɾuɽɔʔkʰan alɛm baɖai̯ŏcole.ja,ɟahan-aʔ ɟɘɾuɽ-ɔʔ-kʰan alɛ-m baɖai̯-oc-o-le-a,anything-GEN necessary-PASS-when 1PL.EXCL-2SG know-CAUS-PASS-1PL.EXCL-FIN,Let us know if you need anything.
santali_glossed_new_3.eaf,71,154000,156000,ac.cʰaɲ baɖai̯ocope.ja,accʰa-ɲ baɖai̯-oc-o-pe-a,alright-1SG know-CAUS-PASS-2PL-FIN,"Alright, I will let you know."
santali_glossed_new_3.eaf,72,156200,158200,amɾɛn gɔgɔbaba lɘ.jakinmɛ ambuɖigɔi̯ ɾu̯ɘʔkana,am-ɾɛn gɔgɔ-baba lɘj-a-kin-mɛ am-buɖi-gɔ-i̯ ɾuɘ-ʔ-kan-a,2SG-GEN mother-father say-IMP-3DU-2SG 2SG-old-mother-3SG sick-PASS-COP-FIN,Tell your parents your grandmother is ill.
santali_glossed_new_3.eaf,73,158400,160400,uŋkinhɔ̃ hiɟuʔmɛt̪aɔ̯ăkinmɛ,uŋkin-hɔ̃ hiɟu-ʔ-mɛ-t̪a-oɔ̯-akin-mɛ,3DU-also come-IMP-2SG-COP-CAUS-3DU-2SG,Tell them to come.
santali_glossed_new_3.eaf,74,160600,162600,ɟɘɾuɽgeʲɲ lɘi̯.akina,ɟɘɾuɽ-ge-ɲ lɘj-akin-a,necessary-EMPH-1SG say-3DU.OBJ-FIN,Of course I will tell them.
santali_glossed_new_3.eaf,75,162800,164800,t̪ʰɔɽad̪in bʰit̪ɾiɾigi iɲaʔ biɖɘ͡o̯ ɛhɔbɔʔa,t̪ʰɔɽa-d̪in bʰit̪ɾi-ɾi-gi iɲ-aʔ biɖɘɔ̯ ɛhɔb-ɔʔ-a,few-day inside-LOC-EMPH 1SG-GEN exam begin-PASS-FIN,My exam is ahead.
santali_glossed_new_3.eaf,76,165000,167000,iɲlɘgit̪ʔ bint̪ii̯mɛ,iɲ-lɘgit̪ʔ bint̪i-i̯-mɛ,1SG-for pray-3SG-2SG.IMP,Pray for me.
santali_glossed_new_3.eaf,77,167200,169200,bʰaget̪ɛ paɽhaʔmɛ,bʰage-t̪ɛ paɽha-ʔ-mɛ,good-INST study-IMP-2SG,Study well.
santali_glossed_new_3.eaf,78,169400,171400,ai̯mad̪inkʰɔn alɛ ʈoʈʰaɾɛ ɟahan pɔɾɔb baŋ hojoʔkana,ai̯ma-d̪in-kʰɔn alɛ ʈoʈʰa-ɾɛ ɟahan pɔɾɔb baŋ ho.j-oʔ-kan-a,many-day-ABL 1PL.EXCL locality-LOC any festival NEG become-PASS-COP-FIN,For many days there happens no festival in our locality.
santali_glossed_new_3.eaf,79,171600,173600,d̪ɛla abo mit̪ʔʈɛn pɔɾɔbbon sapɽa͡o̯kat̪ʔlege,d̪ɛla abo mit̪ʔ-ʈɛn pɔɾɔb-bon sapɽaɔ̯-kat̪ʔ-le-ge,come 1PL.INCL one-CLF festival-1PL.INCL organize-CVB-1PL.EXCL-EMPH,"Come on, let's organize a festival."
santali_glossed_new_3.eaf,80,173800,175800,hɛ̃ː noa̯ d̪ɔ mit̪ʔʈɛn bʰage hudis,hɛ̃ nɔa̯ d̪ɔ mit̪ʔ-ʈɛn bʰage hudis,yes this TOP one-CLF good idea,"Yes, it's a great/good idea."
santali_glossed_new_3.eaf,81,176000,178000,amd̪ɔ cɛt̪ʔ noa̯ ni̯ɘt̪ɛ ɟahanaʔɛm ganɖɔnakad̪a,am-d̪ɔ cɛt̪ʔ nɔa̯ ni̯ɘ-t̪ɛ ɟahan-aʔ-ɛ-m ganɖ-ɔn-akad-a,2SG-TOP what this regarding-INST any-GEN-3SG-2SG think-INTR-PRF.TR-FIN,Have you thought about it?
santali_glossed_new_3.eaf,82,178200,180200,pɔɾɔbɾɛ cɛt̪ʔ cɛt̪ʔ t̪ahɛ̃na,pɔɾɔb-ɾɛ cɛt̪ʔ cɛt̪ʔ t̪ahɛ̃-n-a,festival-LOC what what stay-INTR-FIN,What will be in the festival?
santali_glossed_new_3.eaf,83,180400,182400,pɔɾɔbɾɛ ɛnɛʲcʔ seɾeɲ t̪ahɛna,pɔɾɔb-ɾɛ ɛnɛc-ʔ seɾeɲ t̪ahɛ-n-a,festival-LOC dance-EMPH song stay-INTR-FIN,The festival will include dancing and singing.
santali_glossed_new_3.eaf,84,182600,184600,ɔna sãɔ̯t̪ɛ miʔʈɛn pʰuʈbɔl kʰilɘʈ t̪ahɛ̃na,ɔna sãɔ̯-t̪ɛ miʔ-ʈɛn pʰuʈbɔl kʰilɘʈ t̪ahɛ̃-n-a,that with-INST one-CLF football match stay-INTR-FIN,There will also be a football match.
santali_glossed_new_3.eaf,85,184800,186800,pʰuʈbɔl kʰilɘʈ d̪ɔ ho.jo.a bap̚laɔa̯akan aɾ ɖɘŋua̯ku t̪alaɾɛ,pʰuʈbɔl kʰilɘʈ d̪ɔ ho.j-o-a bap̚laɔ̯-akan aɾ ɖɘŋu̯ɘ-ku t̪ala-ɾɛ,football match TOP become-PASS-FIN marry-PRF.INTR and unmarried-3PL middle-LOC,The football match will be between the married and the unmarried.
santali_glossed_new_3.eaf,86,187000,189000,noa̯ pɔɾɔp̚ t̪is aɾ ɔkaɾɛ hoi̯ oco d̪aɽeja.a,nɔa̯ pɔɾɔp t̪is aɾ ɔka-ɾɛ ho.j-i̯ oco d̪aɽe-ja-a,this festival when and where-LOC become-3SG cause able-FIN-FIN,When and where can this festival be held?
santali_glossed_new_3.eaf,87,189200,191200,cʰuʈi hilɘʔ sapɽaɔ̯lɛkʰan abu iskulɾe.jaʔ maʈʰbun bɛbɔhaɾ d̪aɽe.jaʔa,cʰuʈi hilɘʔ sapɽaɔ̯-len-kʰan abu iskul-ɾeaʔ maʈʰ-bun bɛbɔhaɾ d̪aɽe-jaʔ-a,holiday day organize-PST-when 1PL.INCL school-GEN ground-1PL.INCL use able-FIN-FIN,We can use the school grounds if we organize on holidays.
santali_glossed_new_3.eaf,88,191400,193400,abua̯ʔ pɔɾɔbɾɛ iskuld̪ɔ sãot̪ɛ d̪ɔhɔ ɟɘɾuɽa,abu-aʔ pɔɾɔb-ɾɛ iskul-d̪ɔ sãɔ̯-t̪ɛ d̪ɔhɔ ɟɘɾuɽ-a,1PL.INCL-GEN festival-LOC school-TOP with-INST keep necessary-FIN,We need to include the school in our festival.
santali_glossed_new_3.eaf,89,193600,195600,ced̪aʔsɛ iskulɾɛn gid̪ɾɘko aboko gɔɽɔ d̪aɽe͡o̯ɘ̆bona,ced̪aʔ-sɛ iskul-ɾɛn gid̪ɾɘ-ko abo-ko gɔɽɔ d̪aɽe-oɘ̯-bo-n-a,why-or school-GEN child-3PL 1PL.INCL-3PL help able-PASS-1PL.INCL-INTR-FIN,Because school students could help us.
santali_glossed_new_3.eaf,90,195800,197800,t̪ahalɛ iskulɾɛn maɾaŋ mahasɔi̯ sãot̪ɛ katʰa ɾɔɽ ho.j.a,t̪ahalɛ iskul-ɾɛn maɾaŋ mahasɔi̯ sãɔ̯-t̪ɛ katʰa ɾɔɽ ho.j-a,therefore school-GEN big teacher with-INST word speak become-FIN,So we will have to talk to the headmaster of the school.
santali_glossed_new_3.eaf,91,198000,200000,pɔɾɔbɾɛ cɛt̪ʔ cɛt̪ʔ tahɛna ɔnako ni̯ɘt̪ɛhɔ̃ galmaɾa͡o̯ ho.joʔa,pɔɾɔb-ɾɛ cɛt̪ʔ cɛt̪ʔ t̪ahɛ-n-a ɔna-ko ni̯ɘ-t̪ɛ-hɔ̃ galmaɾaɔ̯ ho.j-oʔ-a,festival-LOC what what stay-INTR-FIN that-3PL regarding-INST-also discuss become-PASS-FIN,What segments will be in the festival should also be needed to discuss.
santali_glossed_new_3.eaf,92,200200,202200,pɔɾɔbɾɛ t̪inɘʔ kɘo̯ɖi laga.a t̪inɘʔ hɔɽko laga.a sanamko ni̯ɘt̪ɛ galmaɾa͡o̯ ho.joʔa,pɔɾɔb-ɾɛ t̪inɘʔ kɘɔ̯ɖi laga-a t̪inɘʔ hɔɽ-ko laga-a sanam-ko ni̯ɘ-t̪ɛ galmaɾaɔ̯ ho.j-oʔ-a,festival-LOC how.much money need-FIN how.much person-3PL need-FIN all-3PL regarding-INST discuss become-PASS-FIN,"How much money will be needed for the festival, how many people will be needed, everything has to be discussed."
santali_glossed_new_3.eaf,93,202400,204400,kɘmi bʰage oco͡i̯ lɘgit̪ʔ miʔʈɛn komiʈi bɛna͡o̯ ɟɘɾuɽa,kɘmi bʰage oc-o-i̯ lɘgit̪ʔ miʔ-ʈɛn komiʈi bɛnaɔ̯ ɟɘɾuɽ-a,work good cause-PASS-3SG for one-CLF committee make necessary-FIN,A committee should be formed to do the work properly.
santali_glossed_new_3.eaf,94,204600,206600,iɲaʔ mɔnɛ ho.joʔkana ɛt̪ɔhɔbʔɾɛ gat̪eko sãot̪ɛ galmaɾa͡o̯ ɟɘɾuɽa,iɲ-aʔ mɔnɛ ho.j-oʔ-kan-a ɛt̪ɔhɔb-ʔ-ɾɛ gat̪e-ko sãɔ̯-t̪ɛ galmaɾaɔ̯ ɟɘɾuɽ-a,1SG-GEN mind become-PASS-COP-FIN beginning-EMPH-LOC friend-3PL with-INST discuss necessary-FIN,I think we need to talk to our friends first.
santali_glossed_new_3.eaf,95,206800,208800,inɘ t̪a.jɔm oŋko sanam cɛʔlekako mɛna oŋkage bɘki kɘmi ho.joa,inɘ t̪ajɔm oŋko sanam cɛʔ-leka-ko mɛn-a oŋka-ge bɘki kɘmi ho.j-o-a,that after 3PL all what-like-3PL say-FIN that.way-EMPH rest work become-PASS-FIN,Then we will do the rest as they all suggest.
santali_glossed_new_3.eaf,96,209000,211000,am ʈʰikɛm mɛːnakad̪a,am ʈʰik-ɛ-m mɛn-akad-a,2SG correct-3SG-2SG say-PRF.TR-FIN,You are right.
santali_glossed_new_3.eaf,97,211200,213200,sanamko sãot̪ɛ ni̯ɘt̪ɛ alɛ pɔɾɔblɛ mɛnco͡i̯d̪a,sanam-ko sãɔ̯-t̪ɛ ni̯ɘ-t̪ɛ alɛ pɔɾɔb-le mɛn-oc-i̯-a,all-3PL with-INST regarding-INST 1PL.EXCL festival-1PL.EXCL say-CAUS-3SG-FIN,We want to celebrate the festival with everyone.
santali_glossed_new_3.eaf,98,213400,215400,ɟɔt̪ɔhɔɽko gɔɽɔlɛnkʰan sanamaʔge alga.aː,ɟɔt̪ɔ-hɔɽ-ko gɔɽɔ-len-kʰan sanam-aʔ-ge alga-a,all-person-3PL help-PST-when all-GEN-EMPH easy-FIN,Everything will be easy if everyone cooperates.
santali_glossed_new_3.eaf,99,215600,217600,aɖɛpase ɾejaʔ iskulkoɾɛ abu calaʔ hojoʔt̪abona,aɖɛ-pase ɾejaʔ iskul-ko-ɾɛ abu calaʔ ho.j-oʔ-t̪a-bo-n-a,near-side GEN school-3PL-LOC 1PL.INCL go become-PASS-COP-1PL.INCL-INTR-FIN,We have to go to the nearby schools.
santali_glossed_new_3.eaf,100,217800,219800,iskulɾɛn gid̪ɾɛko aboa̯ʔ pɔɾɔb ɾe.jaʔ kat̪ʰa baɖa͡i̯ ocoko ho.joa,iskul-ɾɛn gid̪ɾɛ-ko abo-aʔ pɔɾɔb-ɾeaʔ kat̪ʰa baɖai̯ oc-o-ko ho.j-o-a,school-GEN child-3PL 1PL.INCL-GEN festival-GEN word know cause-PASS-3PL become-PASS-FIN,School students should be informed about our festival.
santali_glossed_new_3.eaf,101,220000,222000,oŋko ɛnɛʲcʔseɾeɲɾɛko sɛlɛt̪ʔlɛnkʰan pɔɾɔb ɘɖi ɾɘskɘge ho.jo.a,oŋko ɛnɛc-ʔ-seɾeɲ-ɾɛ-ko sɛlɛt̪ʔ-len-kʰan pɔɾɔb ɘɖi ɾɘskɘ-ge ho.j-o-a,3PL dance-EMPH-song-LOC-3PL join-PST-when festival very joyful-EMPH become-PASS-FIN,"If they participate in dancing and singing, the festival will be more joyous."
santali_glossed_new_3.eaf,102,222200,224200,oŋko lɘgit̪ʔ kuɽɘi̯ ɾe.jaʔ bɛbɔst̪a d̪ɔhɔkaʔ ho.joʔa,oŋko lɘgit̪ʔ kuɽɘi̯-ɾeaʔ bɛbɔst̪a d̪ɔhɔ-kaʔ ho.j-oʔ-a,3PL for reward-GEN arrangement keep-EMPH become-PASS-FIN,Reward should be arranged/prepared for them.
santali_glossed_new_3.eaf,103,224400,226400,ʈʰikge.ja,ʈʰik-ge-a,okay-EMPH-FIN,Okay.
santali_glossed_new_3.eaf,104,226600,228600,d̪ɛla kɘmibun ɛhɔp̚ʔkat̪ʔlege,d̪ɛla kɘmi-bun ɛhɔp̚ʔ-kat̪ʔ-le-ge,come work-1PL.INCL begin-CVB-1PL.EXCL-EMPH,"Come on, let's get to work."
santali_pasted_text.eaf,1,0,2000,pɘɾsi d̪ɔ manoʔako onoɾom kana,pɘɾsi d̪ɔ manoʔ-ako onor-om kan-a,language TOP people-3PL.OBJ identity COP-FIN,Language is the identity of people.
santali_pasted_text.eaf,2,2200,4200,"ɟahãɾɛge manoʔa menaʔko, t̪ahãɾɛge pɘɾsi mena.a","ɟahã-ɾɛ-ge manoʔ-a menaʔ-ko, t̪ahã-ɾɛ-ge pɘɾsi mena-a",where-LOC-EMPH people-FIN exist-3PL there-LOC-EMPH language exist-FIN,"Where there are people, there are languages."
santali_pasted_text.eaf,3,4400,6400,pɘɾsi d̪ɔ mit̪ʔ bid̪ɘl kʰɔn aɾ mit̪ʔ bid̪ɘlɾɛ sɛn paɾɔmɔʔa,pɘɾsi d̪ɔ mit̪ʔ bid̪ɘl kʰɔn aɾ mit̪ʔ bid̪ɘl-ɾɛ sɛn paɾɔmɔʔ-a,language TOP one generation ABL and one generation-LOC go flow-FIN,Language flows from one generation to another.
santali_pasted_text.eaf,4,6600,8600,mɛnkejam d̪ʰɘɾt̪iɾɛ ejai haɟaɾgan pɘɾsi mena.a,mɛnke-jam d̪ʰɘɾt̪i-ɾɛ e.jai haɟaɾ-gan pɘɾsi mena-a,about world-LOC about seven-thousand language exist-FIN,There are about 7 thousand languages in the world.
santali_pasted_text.eaf,5,8800,10800,ɟaʔo pɛ cand̪oɾɛ mit̪ʔʈɛn kat̪ɛʔ pɘɾsi ad̪ɔʔkana,ɟaʔo pɛ cand̪o-ɾɛ mit̪ʔʈɛn kat̪ɛʔ pɘɾsi ad̪ɔʔ-kana,every three month-LOC one-CLSFR finished language disappear-PROG,One language is disappearing every 3 months.
santali_pasted_text.eaf,6,11000,13000,ɟɔt̪ɔ pɘɾsige ɔkt̪ɛ nɘpit̪ɾɛ bɔd̪ɔlɔʔt̪ege t̪ahɛnkana,ɟɔt̪ɔ pɘɾsi-ge ɔkt̪ɛ nɘpit̪-ɾɛ bɔd̪ɔlɔʔ-t̪e-ge t̪ahɛn-kana,all language-EMPH time passing-LOC change-INF-EMPH remain-PROG,All languages change over time.
santali_pasted_text.eaf,7,13200,15200,pɘɾsi bɔd̪ɔlɔʔlekage sɔmaɟɾejaʔ ɘn ɘɾihɔ̃ bɔd̪ɔlɔʔkana,pɘɾsi bɔd̪ɔlɔʔ-leka-ge sɔmaɟ-ɾe-jaʔ ɘn ɘɾi-hɔ̃ bɔd̪ɔlɔʔ-kana,language change-like-EMPH society-LOC-3SG.POSS custom-also change-PROG,"Just as language changes, the customs of society also change."
santali_pasted_text.eaf,8,15400,17400,pɘɾsi d̪ɔ manoʔi ɟumid̪ɛt̪ʔkoa,pɘɾsi d̪ɔ manoʔ-i ɟumid̪ɛt̪ʔ-ko-a,language TOP people-EMPH unite-3PL-FIN,Language unites people.
santali_pasted_text.eaf,9,17600,19600,manoʔakod̪ɔ gɔgɔʈʰɛnkʰɔnge pɘhil pɘɾsiko ceːd̪a,manoʔ-ako-d̪ɔ gɔgɔ-ʈʰɛn-kʰɔn-ge pɘhil pɘɾsi-ko ceː-d̪a,people-3PL-TOP mother-from-ABL-EMPH first language-3PL learn-PST,People learn their first language from their mother.
santali_pasted_text.eaf,10,19800,21800,pɘɾsi sãʔo sãʔot̪ɛ manoʔakoaʔ hud̪iskohɔ̃ bɔd̪ɔlɔa,pɘɾsi sãʔo sãʔo-t̪ɛ manoʔ-ako-aʔ hud̪is-ko-hɔ̃ bɔd̪ɔlɔ-a,language with with-INST people-3PL-GEN thought-3PL-also change-FIN,People's thinking also changes along with language.
santali_pasted_text.eaf,11,22000,24000,ɔlɔʔ paɽhao aɾ nukɾi lɘgit̪ʔ apnaɾ pɘɾsi cʰaɖahɔ̃ hɔɽ ɛʈaʔ ɛʈaʔ pɘɾsiko ceːd̪a,ɔlɔʔ paɽha-o aɾ nukɾi lɘgit̪ʔ apnaɾ pɘɾsi cʰaɖa-hɔ̃ hɔɽ ɛʈaʔ ɛʈaʔ pɘɾsi-ko ceː-d̪a,writing study-NMLZ and work for own language leave-also person other other language-3PL learn-PST,"People learn other languages apart from their own, for education and work."
santali_pasted_text.eaf,12,24200,26200,"lahaɾɛ isin basaŋ cicit̪ʔiɲ met̪at̪ʔmɛ t̪ahɛ̃kana, mɛnɛʔ bam aɲɟɔmled̪a","lahaɾ-ɛ isin basaŋ cicit̪ʔ-iɲ metat̪ʔ-mɛ t̪ahɛ̃-kana, mɛnɛʔ ba-m aɲɟɔm-led̪-a",before-LOC cooking learn-1SG.OBJ tell-2SG.IMP stay-PROG but NEG-2SG listen-PST-FIN,"Earlier I told you to learn cooking, but you did not listen."
santali_pasted_text.eaf,13,26400,28400,buɟʰhɘʔo kid̪ɘɲ,buɟʰhɘ-ʔo kid̪-ɘɲ,understand-CMPL become-1SG,I understand.
santali_pasted_text.eaf,14,28600,30600,"iɲd̪ɔ d̪aka, ɘlu bʰɘɾt̪ɘ aɾ belehɔɲ bʰɘɟi d̪aɽeo.a","iɲ-d̪ɔ d̪aka, ɘlu bʰɘɾt̪ɘ aɾ bele-hɔɲ bʰɘɟi d̪aɽe-o-a",1SG-TOP rice mashed.potato also and egg-also fry can-FIN,"I can cook rice, make mashed potato and can fry eggs."
santali_pasted_text.eaf,15,30800,32800,nit̪ʔ d̪ɔ iɲ aɽaʔut̪u aɾ sobɟi bʰɘɟi cet̪ʔɟɔŋiɲ mɛnɟɔŋkana,nit̪ʔ d̪ɔ iɲ aɽaʔ-ut̪u aɾ sobɟi bʰɘɟi cet̪ʔ-ɟɔŋ-iɲ mɛn-ɟɔŋ-kana,now TOP 1SG greens-cook and vegetable fry learn-want-1SG say-want-PROG,Now I want to learn how to cook greens and fry vegetables.
santali_pasted_text.eaf,16,33000,35000,"bogege, inɘ bʰit̪ɾiɾege amd̪ɔ aimaɲ cet̪ʔked̪a","boge-ge, inɘ bʰit̪ɾi-ɾe-ge am-d̪ɔ aima-ɲ cet̪ʔ-ked̪-a",good-EMPH this between-LOC-EMPH 2SG-TOP much-1SG.AUX learn-PST-FIN,"Good, you have already learned a lot in this time."
santali_pasted_text.eaf,17,35200,37200,"hɛ̃ː gɔ, cecet̪ʔiɲ mɛnɟɔŋkana","hɛ̃ː gɔ, cece-t̪ʔ-iɲ mɛn-ɟɔŋ-kana",yes PART learn-INF-1SG say-want-PROG,"Yes mother, I want to learn."
santali_pasted_text.eaf,18,37400,39400,ɾaŋgaʔ ɾenaʔ d̪ɔ cɛt̪ʔhɔ baŋkana,ɾaŋ-gaʔ ɾenaʔ d̪ɔ cɛt̪ʔ-hɔ baŋ-kana,angry-NMLZ for TOP what-also NEG-PROG,There is nothing to be angry about.
santali_pasted_text.eaf,19,39600,41600,aɾ cɛt̪ʔ cɛt̪ʔko d̪isɛ d̪ɔhoi ɟɘɾuɽt̪iɲa,aɾ cɛt̪ʔ cɛt̪ʔ-ko d̪isɛ d̪ɔhoi ɟɘɾuɽ-t̪-iɲ-a,and what what-3PL mind keep-NEC need-IMPF-1SG-FIN,What else do I need to keep in mind?
santali_pasted_text.eaf,20,41800,43800,ɟɔmaʔɾɛ ɖʰeɾ sunum bɛohaɾ lekʰan hɔɽmɔ bɘɽiɟɔa,ɟɔmaʔ-ɾɛ ɖʰeɾ sunum bɛo-haɾ lek-kʰan hɔɽ-mɔ bɘɽi-ɟɔ-a,food-LOC much oil use-INF do-COND body-INAN bad-become-FIN,"If you use too much oil in food, the body becomes sick."
santali_pasted_text.eaf,21,44000,46000,"hako d̪ɔ ɘɖi ãt d̪ɔ baŋ, ɟaːge bʰaɟako hojo.a","hako d̪ɔ ɘɖi ãt d̪ɔ baŋ, ɟaː-ge bʰaɟa-ko ho-jo-a",fish TOP very deep TOP NEG light-EMPH fry-3PL.OBJ be-must-FIN,Fish should not be fried too deep; it should be lightly fried.
santali_pasted_text.eaf,22,46200,48200,iɲd̪ɔ am ʈʰɛnkʰɔn ɟɔt̪ɔaʔ isin basaŋiɲ ceːd̪a,iɲ-d̪ɔ am ʈʰɛn-kʰɔn ɟɔt̪ɔ-aʔ isin basaŋ-iɲ ceː-d̪a,1SG-TOP 2SG from-ABL all-GEN cooking cook-1SG learn-PST,I will learn to cook everything from you.
santali_pasted_text.eaf,23,48400,50400,accʰa ʈʰikge.ja,accʰa ʈʰik-ge-ja,okay right-EMPH-FIN,"Okay, alright."
santali_pasted_text.eaf,24,50600,52600,"iskul ɔka d̪in bɔnd̪ɔ t̪ahɛna, ɛnhilɘʔge iɲʈʰɛnkʰɔn isin basaŋɛm ceːd̪a","iskul ɔka d̪in bɔnd̪ɔ t̪ahɛn-a, ɛnhilɘʔ-ge iɲ-ʈʰɛn-kʰɔn isin basaŋ-ɛm ceː-d̪a",school which day closed stay-FIN that.day-EMPH 1SG-from-ABL cooking learn-2SG learn-PST,"On the day school is closed, you will learn cooking from me."
santali_pasted_text.eaf,25,52800,54800,"ɛgɔ, iɲd̪ɔ isin basaŋ t̪ejaɾ cet̪ʔɟɔŋiɲ mened̪a","ɛ-gɔ, iɲ-d̪ɔ isin basaŋ t̪ejaɾ cet̪ʔ-ɟɔŋ-iɲ mene-d̪a",VOCA-PART 1SG-TOP cooking cook learn-want-1SG say-PST,"Mom, I want to learn cooking."
santali_pasted_text.eaf,26,55000,57000,iskul cʰuʈi maha isin basaŋ t̪ejaɾɛm cet̪ʔɘɲɘ,iskul cʰuʈi maha isin basaŋ t̪ejaɾ-ɛm cet̪ʔ-ɘɲ-ɘ,school holiday day cooking cook-2SG.ACC learn-teach-Q,Will you teach me to cook on the school holiday?
santali_pasted_text.eaf,27,57200,59200,nit̪ɔʔ ced̪aʔ isin basaŋ t̪ejaɾ cet̪ʔɟɔŋɛm mɛned̪a,nit̪ɔʔ ced̪aʔ isin basaŋ t̪ejaɾ cet̪ʔ-ɟɔŋ-ɛm mɛne-d̪a,now why cooking cook learn-want-2SG say-PST,Why do you want to learn cooking now?
santali_pasted_text.eaf,28,59400,61400,am ɟɔkʰɔn hãspat̪alɾɛm t̪ahɛ̃kana un ɔkt̪ɛ alɛ ɘɖi sɔmɔssaɾɛlɛ paɽaolena,am ɟɔkʰɔn hãspat̪al-ɾɛ-m t̪ahɛ̃-kana un ɔkt̪ɛ alɛ ɘɖi sɔmɔssa-ɾɛ-lɛ paɽao-len-a,2SG when hospital-LOC-2SG stay-PROG that time 1PL.EXCL much problem-LOC-1PL fall-PST-FIN,"When you were in the hospital, we had a lot of problems."
santali_pasted_text.eaf,29,61600,63600,isin basaŋ t̪ejaɾ bɘɲd̪aɽelɛnt̪ɛ ɟɔm ɲu ɾe ɘɖi kɔsʈɔɾɛlɛ paɽaolena,isin basaŋ t̪ejaɾ bɘɲ-d̪aɽe-lɛn-t̪ɛ ɟɔm ɲu ɾe ɘɖi kɔsʈɔ-ɾɛ-lɛ paɽao-len-a,cooking cook NEG-can-PST-INST food eat in much hardship-LOC-1PL fall-PST-FIN,"Because I could not cook, we had difficulty eating."
santali_pasted_text.eaf,30,63800,65800,cɛt̪ʔ cɛt̪ʔ isin basaŋ t̪ejaɾ cet̪ʔɟɔŋɛm mened̪a ma lɘjɘɲmɛ,cɛt̪ʔ cɛt̪ʔ isin basaŋ t̪ejaɾ cet̪ʔ-ɟɔŋ-ɛm mene-d̪a ma lɘ-jɘɲ-mɛ,what what cooking cook learn-want-2SG say-PST PART say-1SG.OBJ-2SG.IMP,What dishes do you want to learn to cook? Tell me.
santali_pasted_text.eaf,31,66000,68000,amd̪ɔ hako aɾ ɟel isin basaŋ t̪ejaɾ cet̪ʔ bam mened̪a,am-d̪ɔ hako aɾ ɟel isin basaŋ t̪ejaɾ cet̪ʔ ba-m mene-d̪a,2SG-TOP fish and meat cooking cook learn NEG-2SG say-PST,But don't you want to learn to cook fish and meat?
santali_pasted_text.eaf,32,68200,70200,mɛnɛd̪ɘɲ mit̪ʔsãʔot̪ɛ unɘʔ isin basaŋ t̪ejaɾ cet̪ʔɟɔŋiɲ mɛnɛt̪ʔt̪ɛ ɾaŋgaoaʔam sɛ cɛt̪ʔ,mɛnɛ-d̪-ɘɲ mit̪ʔ-sãʔo-t̪ɛ unɘʔ isin basaŋ t̪ejaɾ cet̪ʔ-ɟɔŋ-iɲ mɛnɛ-t̪ʔ-t̪ɛ ɾaŋ-gao-aʔ-am sɛ cɛt̪ʔ,think-PST-1SG one-with-INST all cooking cook learn-want-1SG say-INF-INST angry-become-GEN-2SG COMP what,"I thought if I said all at once that I wanted to learn, you would get angry."
santali_pasted_text.eaf,33,70400,72400,ɔnat̪ɛ ɟel aɾ hako ut̪u t̪ejaɾ cet̪ʔɟɔŋɾejaʔ kat̪ʰa d̪ɔ bɘɲ met̪am kan t̪ahɛna,ɔna-t̪ɛ ɟel aɾ hako ut̪u t̪ejaɾ cet̪ʔ-ɟɔŋ-ɾe-jaʔ kat̪ʰa d̪ɔ bɘɲ met̪am kan t̪ahɛn-a,therefore meat and fish cook learn-want-GEN word TOP NEG tell COP stay-FIN,So I did not mention wanting to learn to cook fish and meat.
santali_pasted_text.eaf,34,72600,74600,"ɛnt̪ɛʔ isin basaŋ t̪ejaɾ cɛt̪ʔleka ɾɘskɘɲ buɟʰhɘoa, ɛʈaʔhɔɽ cet̪ʔakohɔ̃ oŋkage ɾɘskɘɲ ɘikɘoa","ɛnt̪ɛʔ isin basaŋ t̪ejaɾ cɛt̪ʔ-leka ɾɘs-kɘɲ buɟʰhɘ-o-a, ɛʈaʔ-hɔɽ cet̪ʔ-ako-hɔ̃ oŋka-ge ɾɘs-kɘɲ ɘi-kɘ-o-a","because cooking cook-like taste-1SG.AUX feel-FIN, other person teach-3PL-also like-EMPH taste-1SG.AUX feel-3PL-FIN","Just as I love to cook, I also love to teach cooking."
santali_pasted_text.eaf,35,74800,76800,"ɛgɔ, ad̪ɔ isin basaŋ ɔkt̪ɛ cɛt̪ʔ cɛt̪ʔko d̪isɘ d̪ɔhɔ ɟɘɾuɽa","ɛ-gɔ, ad̪ɔ isin basaŋ ɔkt̪ɛ cɛt̪ʔ cɛt̪ʔ-ko d̪isɘ d̪ɔhɔ ɟɘɾuɽ-a",VOCA-PART now cooking time what what-3PL mind keep need-FIN,"Mom, what things need to be kept in mind while cooking?"
santali_pasted_text.eaf,36,77000,79000,ɟɔt̪ɔkʰɔn lahaɾɛ d̪isɘi ɟɘɾuɽt̪ama d̪akai ɔɽaʔɾɛ ɟɘɾuɽ ɟinisko menaʔa sɛ baŋ,ɟɔt̪ɔ-kʰɔn lahaɾ-ɛ d̪isɘ-i ɟɘɾuɽ-t̪-a-ma d̪aka-i ɔɽaʔ-ɾɛ ɟɘɾuɽ ɟinis-ko menaʔ-a sɛ baŋ,first-ABL before-LOC mind-EMPH need-IMPF-FIN-2PL.IMP kitchen-EMPH house-LOC needed thing-3PL exist-FIN or NEG,"First of all, check whether all necessary items are in the kitchen."
santali_pasted_text.eaf,37,79200,81200,aɽaʔsakam sɛ ut̪ut̪ejaʔ gɛt̪ʔ lahaɾɛ mɔɟt̪ɛ ɘɾupʔ sapai hojo.a,aɽaʔ-sakam sɛ ut̪u-t̪e-jaʔ gɛt̪ʔ lahaɾ-ɛ mɔɟ-t̪ɛ ɘɾupʔ sapa-i ho-jo-a,greens-vegetables or cook-INF-GEN before before-LOC water-INST wash clean-EMPH be-must-FIN,"Before cutting and cooking the vegetables, wash them well in water."
santali_pasted_text.eaf,38,81400,83400,ɟahanaʔge t̪ʰɔɽa sunumt̪ɛm ut̪uja,ɟahana-ʔ-ge t̪ʰɔɽa sunum-t̪ɛ-m ut̪u-ja,whichever-GEN-EMPH little oil-INST-2SG use-FIN,"Whatever you cook, use only a little oil."
santali_pasted_text.eaf,39,83600,85600,ut̪ui t̪ʰɔɽa ɔkt̪ɛ lahaɾɛ ɟelɾɛ mɔsla makʰao d̪ɔhoi ho.jo.a,ut̪u-i t̪ʰɔɽa ɔkt̪ɛ lahaɾ-ɛ ɟel-ɾɛ mɔsla makʰa-o d̪ɔhɔ-i ho-jo-a,cook-EMPH little time before-LOC meat-LOC spice apply-FIN keep-EMPH be-must-FIN,"Before cooking, put spices on the meat and let it marinate a while."
santali_pasted_text.eaf,40,85800,87800,t̪ehɛɲd̪ɔ aimaɲ cet̪ʔked̪a gɔː,t̪ehɛ-ɲ-d̪ɔ aima-ɲ cet̪ʔ-ked̪-a gɔː,today-1SG-TOP much-1SG.AUX learn-PST-FIN PART,"I have learned a lot today, Mom."
santali_pasted_text.eaf,41,88000,90000,mit̪ʔgʰɘɽi lahaɾɛɲ sɛnd̪ɾakɛt̪ʔmeja aɾ bɘɲ ɲamlɛt̪ʔmeja,mit̪ʔ-gʰɘɽi lahaɾ-ɛ-ɲ sɛnd̪ɾa-kɛt̪ʔ-me-ja aɾ bɘɲ ɲam-lɛt̪ʔ-me-ja,one-moment before-LOC-1SG look-PST-2SG.OBJ-FIN and NEG get-PST-2SG.OBJ-FIN,I looked for you a while back but couldn't find you.
santali_pasted_text.eaf,42,90200,92200,okat̪ɛm sɛnlɛna,oka-t̪ɛ-m sɛn-lɛn-a,where-to-2SG go-PST-FIN,Where did you go?
santali_pasted_text.eaf,43,92400,94400,"alɛɾɛn aɾaʔ sɘnd̪ii at̪ʔlɛna, uni send̪ɾaɲ calaolena","alɛ-ɾɛn aɾaʔ sɘnd̪i-i at̪ʔ-lɛn-a, uni sɛnd̪ɾa-ɲ cala-o-len-a",1PL.EXCL-GEN red rooster-EMPH lose-PST-FIN that look-1SG go-FIN-PST-FIN,My red rooster was lost; I went looking for it.
santali_pasted_text.eaf,44,94600,96600,send̪ɾa ɲamked̪ejam,sɛnd̪ɾa ɲam-ked̪e-jam,look find-PST-2SG,Did you find it?
santali_pasted_text.eaf,45,96800,98800,"hɛ̃ː, ɲamkid̪ijɘɲ","hɛ̃ː, ɲam-kid̪i-jɘɲ",yes find-PST-1SG,"Yes, I found it."
santali_pasted_text.eaf,46,99000,101000,"ced̪aʔɛm t̪eŋgoakana, d̪uɽupʔmɛ","ced̪aʔ-ɛm t̪eŋgo-a-kana, d̪uɽupʔ-mɛ",why-2SG stand-FIN-PROG sit.down-2SG.IMP,Why are you standing? Sit down.
santali_pasted_text.eaf,47,101200,103200,nit̪ʔd̪ɔ bɘɲ d̪uɽupʔa d̪i,nit̪ʔ-d̪ɔ bɘɲ d̪uɽupʔ-a d̪i,now-TOP NEG sit-FIN VOCA,"I will not sit now, sister."
santali_pasted_text.eaf,48,103400,105400,ɔɽaʔɾɛ pɛɽako hɛjcʔakana,ɔɽaʔ-ɾɛ pɛɽa-ko hɛjcʔ-a-kana,home-LOC guest-3PL arrive-FIN-PROG,Guests have come to the house.
santali_pasted_text.eaf,49,105600,107600,ɔnat̪ɛ amʈʰɛniɲ hɛjcʔakana,ɔna-t̪ɛ am-ʈʰɛn-iɲ hɛjcʔ-a-kana,therefore 2SG-to-1SG come-FIN-PROG,So I have come to you.
santali_pasted_text.eaf,50,107800,109800,"ɔɽaʔɾɛ caole, d̪ɘl aɾ bele mena.a, mɛnɛʔ sunumd̪ɔ bɘnuanaŋ","ɔɽaʔ-ɾɛ ca-ole, d̪ɘl aɾ bele mena-a, mɛnɛʔ sunum-d̪ɔ bɘnu-a-naŋ",home-LOC rice-cooked lentil and egg exist-FIN but oil-TOP NEG.exist-FIN-STILL,"There is rice, lentils and eggs at home, but no oil."
santali_pasted_text.eaf,51,110000,112000,cɛt̪ʔ amʈʰɛn t̪ʰɔɽa sunum ɲamkɔʔa,cɛt̪ʔ am-ʈʰɛn t̪ʰɔɽa sunum ɲam-kɔʔ-a,Q 2SG-from a.little oil get-can-FIN,Can some oil be obtained from you?
santali_pasted_text.eaf,52,112200,114200,"hɛ̃, mɛnaʔgeja","hɛ̃, mɛnaʔ-ge-ja",yes exist-EMPH-FIN,"Yes, there is."
santali_pasted_text.eaf,53,114400,116400,"baŋ, bɔt̪ɔld̪ɔ bɘɲ ɘguoakad̪a","baŋ, bɔt̪ɔl-d̪ɔ bɘɲ ɘgu-o-a-kad̪a",no bottle-TOP NEG bring-FIN-FIN-PST,"No, I did not bring a bottle."
santali_pasted_text.eaf,54,116600,118600,"ʈʰikgeja, kolkaimɛ","ʈʰik-ge-ja, kol-kai-mɛ",right-EMPH-FIN send-FUT-2SG.IMP,"All right, send her."
santali_pasted_text.eaf,55,118800,120800,"ɛːd̪i, ɔɽaʔɾɛ menama","ɛːd̪i, ɔɽaʔ-ɾɛ mena-m-a",VOCA home-LOC exist-2SG-FIN,"Sister, are you at home?"
santali_pasted_text.eaf,56,121000,123000,"hɛ̃, minɘɲgecɔ","hɛ̃, min-ɘɲ-ge-cɔ",yes exist-1SG-EMPH-PART,"Yes, I am here."
santali_pasted_text.eaf,57,123200,125200,cɛt̪ʔ cekaoakana,cɛt̪ʔ ceka-o-a-kana,what happen-FIN-FIN-PROG,What happened?
santali_pasted_text.eaf,58,125400,127400,ɔkasejcɛ d̪ɘɽled̪a unid̪ɔ,ɔka-sɛ-jcɛ d̪ɘɽle-d̪a uni-d̪ɔ,where-to-Q wander-PST that-TOP,Where did the rooster go?
santali_pasted_text.eaf,59,127600,129600,alɛ ɔɽaʔ aɽe busupʔpalaɾɛi sɔgɛjakant̪ahɛkana,alɛ ɔɽaʔ aɽe busupʔ-pala-ɾɛ-i sɔgɛ-ja-kan-t̪ahɛ-kana,that house side straw-pile-LOC-EMPH hide-FIN-PROG-stay-PROG,It was hiding in the haystack of the house next door.
santali_pasted_text.eaf,60,129800,131800,baɟaɾ kolko lɘgit̪ʔ ɔkoihɔ̃ bɘɲ ɲamɛt̪ʔkoa,baɟaɾ kol-ko lɘgit̪ʔ ɔkoi-hɔ̃ bɘɲ ɲam-ɛt̪ʔ-ko-a,market send-3PL for who-also NEG find-INF-3PL-FIN,But I cannot find anyone to send to the market.
santali_pasted_text.eaf,61,132000,134000,lɘjɘɲmɛ cɛt̪ʔko lagaoma,lɘ-jɘɲ-mɛ cɛt̪ʔ-ko laga-o-ma,say-1SG.OBJ-2SG.IMP what-3PL need-FIN-FUT.Q,"Tell me, what do you need?"
santali_pasted_text.eaf,62,134200,136200,sunum id̪ilɘgit̪ʔ bɔt̪ɔlɛm ɘguoakad̪a,sunum id̪i-lɘgit̪ʔ bɔt̪ɔl-ɛm ɘgu-o-a-kad̪a,oil take-for bottle-2SG.ACC bring-FIN-FIN-PST,Did you bring a bottle to take the oil?
santali_pasted_text.eaf,63,136400,138400,iɲɾɛn kuɽigid̪ɾɘ sunum bɔt̪ɔlat̪ɛɲ kolkaikana,iɲ-ɾɛn kuɽi-gid̪-ɾɘ sunum bɔt̪ɔla-t̪ɛ-ɲ kol-kai-kana,1SG-GEN daughter-DIM-with oil bottle-INST-1SG send-FUT-PROG,I am sending my daughter with an oil bottle.
santali_pasted_text.eaf,64,138600,140600,amʈʰɛn ɖʰeɾɲɔʔ buluŋ menaʔkʰan mit̪ʔbɘʈi kolt̪oɾaoɘɲmɛ,am-ʈʰɛn ɖʰeɾ-ɲɔʔ buluŋ menaʔ-kʰan mit̪ʔ-bɘʈi kol-t̪oɾao-ɘɲ-mɛ,2SG-from extra-GEN.3SG salt exist-COND one-bowl send-FUT-1SG.OBJ-2SG.IMP,"If you have extra salt, send me a bowl of salt."
santali_pasted_text.eaf,65,140800,142800,iɲd̪ɔ ɘɖi ãt t̪et̪aŋid̪iɲkana,iɲ-d̪ɔ ɘɖi ãt t̪et̪aŋ-id̪i-ɲ-kana,1SG-TOP very thirst thirst-become-1SG-PROG,I am very thirsty.
santali_pasted_text.eaf,66,143000,145000,"hɛ̃, imamkɘnɘɲ","hɛ̃, ima-m-kɘnɘ-ɲ",yes give-1SG.AUX-be-1SG,"Yes, I am giving (it to you)."
santali_pasted_text.eaf,67,145200,147200,nit̪ʔ amd̪ɔ ɔkakʰɔnɛm hɛjcʔɛna,nit̪ʔ am-d̪ɔ ɔka-kʰɔn-ɛm hɛjcʔ-ɛn-a,now 2SG-TOP where-ABL-2SG come-PST-FIN,Where did you come from just now?
santali_pasted_text.eaf,68,147400,149400,"ɔɽaʔɾɛ d̪aʔ bɘnuʔa, ɔnat̪ɛ d̪aʔ id̪iɲ hɛjcʔakana","ɔɽaʔ-ɾɛ d̪aʔ bɘnu-ʔ-a, ɔna-t̪ɛ d̪aʔ id̪i-ɲ hɛjcʔ-a-kana",home-LOC water NEG.exist-GEN-FIN therefore water take-1SG come-FIN-PROG,"There is no water at home, so I came to fetch water."
santali_pasted_text.eaf,69,149600,151600,hud̪isɔʔkɘnɘɲ d̪okanɾɛ pasɛjcʔ mɛnaja,hud̪is-ɔʔ-kɘnɘ-ɲ d̪okan-ɾɛ pas-ɛjcʔ mɛna-ja,think-GEN-be-1SG shop-LOC side-Q exist-FIN,I think he is probably at the shop now.
santali_pasted_text.eaf,70,151800,153800,mɛnkʰan ɔɽaʔɾɛ ɾuɘɽ kat̪ɛʔiɲ ɲɛlked̪a uni d̪ɔ d̪aʔ bai ɘguakad̪a,mɛn-kʰan ɔɽaʔ-ɾɛ ɾuɘɽ kat̪ɛʔ-iɲ ɲɛl-ked̪-a uni d̪ɔ d̪aʔ ba-i ɘgu-a-kad̪a,but home-LOC return finish-1SG see-PST-FIN that TOP water NEG-EMPH bring-FIN-PST,But when I returned home I saw he had not brought water.
santali_pasted_text.eaf,71,154000,156000,"hɛ̃, alejɔʔ nɔlkupkʰɔn hɔ̃ nit̪ʔ d̪ɔ d̪aʔ baŋ ɾakabɔʔkana","hɛ̃, ale-jaʔ nɔlkup-kʰɔn hɔ̃ nit̪ʔ d̪ɔ d̪aʔ baŋ ɾaka-bɔʔ-kana",yes 1PL.EXCL-GEN tube.well-ABL also now TOP water NEG rise-can-PROG,"Yes, water does not rise in our tube well as before."
santali_pasted_text.eaf,72,156200,158200,niɾon d̪in hiɟuʔɾɛ niɘ sɔmɔssa nɛlɔʔkana,niɾon d̪in hiɟu-ʔ-ɾɛ ni-ɘ sɔmɔssa nɛlɔʔ-kana,summer day come-GEN-LOC water-this problem see-PROG,This water problem starts with the coming of hot summer days.
santali_pasted_text.eaf,73,158400,160400,d̪aʔ ɾenaʔ ɔbʰab d̪ɔ ɛʈaʔ ɟahanaʔt̪ɛ baŋ miʈɘa,d̪aʔ ɾenaʔ ɔbʰab d̪ɔ ɛʈaʔ ɟahana-ʔ-t̪ɛ baŋ miʈɘ-a,water of shortage TOP other whatever-GEN-INST NEG fill-FIN,The shortage of water cannot be filled with anything else.
santali_pasted_text.eaf,74,160600,162600,"isin basan kʰɔn ɛhɔpʔ kat̪ɛʔ t̪ʰɘɾibɘʈi gasao, ɖɘbɾɘʔ, aɾ ɟɔt̪ɔ kɘmiɾege d̪aʔ lagaa","isin basan kʰɔn ɛhɔpʔ kat̪ɛʔ t̪ʰɘɾi-bɘʈi gasa-o, ɖɘbɾɘʔ, aɾ ɟɔt̪ɔ kɘmi-ɾe-ge d̪aʔ laga-a",cooking from eating finish for bathing wash and all work-LOC-EMPH water need-FIN,"From cooking to eating, bathing, washing, water is needed for every kind of work."
santali_pasted_text.eaf,75,162800,164800,abo d̪ɔ d̪aʔ ɾenaʔ ɛʈkɛʈɔɽɛ̃ cabai lɘgit̪ʔ ɟɔt̪ɔkot̪ɛbon gapal maɾaʔa,abo d̪ɔ d̪aʔ ɾenaʔ ɛʈ-kɛʈɔɽɛ̃ caba-i lɘgit̪ʔ ɟɔt̪o-ko-t̪ɛ-bon gapal maɾaʔ-a,1PL.INCL TOP water of problem-solving everyone for all-3PL-INST-1PL meeting hold-FIN,We will hold a meeting with everyone to resolve the water problem.
santali_pasted_text.eaf,76,165000,167000,mit̪ʔ glɘs d̪aʔɛm imɘɲa,mit̪ʔ glɘs d̪aʔ-ɛm imɘ-ɲ-a,one glass water-2SG.ACC give-1SG.OBJ-FIN,Can you give me a glass of water?
santali_pasted_text.eaf,77,167200,169200,iɲd̪ɔ bɘihɘɽ kʰɔniɲ hɛjcʔɛna,iɲ-d̪ɔ bɘi-hɘɽ kʰɔn-iɲ hɛjcʔ-ɛn-a,1SG-TOP field-path ABL-1SG come-PST-FIN,I have come from the field.
santali_pasted_text.eaf,78,169400,171400,amɾɛn ɔɽaʔhɔɽ d̪ɔi okai na,am-ɾɛn ɔɽaʔ-hɔɽ d̪ɔ-i oka-i na,2SG-GEN husband TOP-EMPH where-EMPH Q,Where is your husband?
santali_pasted_text.eaf,79,171600,173600,set̪aʔɾɛ iɲd̪ɔ uni d̪aʔ aguɲ met̪ad̪i t̪ahɛ̃kana,set̪aʔ-ɾɛ iɲ-d̪ɔ uni d̪aʔ agu-ɲ met̪a-d̪i t̪ahɛ̃-kana,morning-LOC 1SG-TOP that water bring-1SG.OBJ tell-1SG.PST stay-PROG,In the morning I told him to bring water.
santali_pasted_text.eaf,80,173800,175800,alɛd̪ɔ d̪inɘmge oka kɔl kʰɔn d̪aʔlɛ ɘgui ɔna d̪ɔ bɘɽijcʔakana,alɛ-d̪ɔ d̪inɘm-ge oka kɔl kʰɔn d̪aʔ-lɛ ɘgu-i ɔna d̪ɔ bɘɽi-jcʔ-a-kana,1PL.EXCL-TOP daily-EMPH which pump ABL water-1PL bring-EMPH that TOP break-become-FIN-PROG,The tube well that we fetch water from daily is now broken.
santali_pasted_text.eaf,81,176000,178000,alɛ ɔɽaʔ aɖɛpasɛ aɾ kɔl bɘnua,alɛ ɔɽaʔ aɖɛ-pasɛ aɾ kɔl bɘnu-a,1PL.EXCL house nearby and pump NEG.exist-FIN,There is no other tube well around our house.
santali_pasted_text.eaf,82,178200,180200,d̪aʔ ɾejaʔ ɛʈkɛʈɔ̃ɽɛʔ alɔ hojoʔ lɘgit̪ʔt̪ɛ mɔ̃ɟ bɛbɔst̪a hato ɟɘɾuɽa,d̪aʔ ɾe-jaʔ ɛʈ-kɛʈɔ̃ɽɛʔ alɔ ho-joʔ lɘgit̪ʔ-t̪ɛ mɔ̃ɟ bɛbɔst̪a hato ɟɘɾuɽ-a,water of problem again NEG be-may for-INST good arrangement make need-FIN,A good solution is needed to prevent water problems from recurring.
santali_pasted_text.eaf,83,180400,182400,at̪oɾɛn ɟɔt̪ɔko mit̪ʔsãʔot̪ɛ d̪uɽupʔ kat̪ɛ noʔa bisɔjt̪ɛ gapalmaɾao ɟɘɾuɽa,at̪o-ɾɛn ɟɔt̪ɔ-ko mit̪ʔ-sãʔo-t̪ɛ d̪uɽupʔ kat̪ɛ noʔa bisɔj-t̪ɛ gapal-maɾao ɟɘɾuɽ-a,village-GEN all-3PL one-together-INST sit.down finish this matter-INST discussion-hold need-FIN,Everyone in the village needs to sit together and discuss this matter.
santali_pasted_text.eaf,84,182600,184600,kɔl sɛ kuɲ baŋkʰan d̪aʔ lɘgit̪ʔ ɛʈaʔ bɛbɔst̪a t̪ahɛn ɟɘɾuɽa,kɔl sɛ kuɲ baŋ-kʰan d̪aʔ lɘgit̪ʔ ɛʈaʔ bɛbɔst̪a t̪ahɛn ɟɘɾuɽ-a,pump or well NEG-COND water for other arrangement stay need-FIN,"Even without tube wells, there should be other water arrangements."
santali_pasted_text.eaf,85,184800,186800,"ɟelɛka, sɛɾma d̪aʔ aɾɟao d̪ɔhɔkaʔ","ɟe-lɛka, sɛɾma d̪aʔ aɾɟa-o d̪ɔhɔ-kaʔ",like-manner rain water catch-FIN keep-GEN,Like collecting and storing rainwater.
santali_pasted_text.eaf,86,187000,189000,noʔa d̪ɔ ɘɖi bʰɘbit̪ʔ ɾejaʔ kat̪ʰa kana,noʔa d̪ɔ ɘɖi bʰɘbit̪ʔ ɾe-jaʔ kat̪ʰa kan-a,this TOP very thought of-GEN matter COP-FIN,This is indeed a matter of concern!
santali_pasted_text.eaf,87,189200,191200,unɾɛ amaʔ d̪ɔ ɾuɘ aɾ lajcʔ haso t̪ahɛ̃kant̪ɛ bam calaʔo d̪aɽejad̪a,un-ɾɛ am-aʔ d̪ɔ ɾuɘ aɾ lajcʔ haso t̪ahɛ̃-kan-t̪ɛ ba-m calaʔ-o d̪aɽe-ja-d̪a,that-LOC 2SG-GEN TOP fever and stomach ache stay-PROG-INST NEG-2SG go-FIN can-FIN-PST,"At that time you had fever and stomach ache, so you couldn't go."
santali_pasted_text.eaf,88,191400,193400,niɘbaɾd̪ɔɲ id̪imɛgeja aɾ ɛnɛjcʔ ɟinisiɲ kiɾiɲama,niɘ-baɾ-d̪ɔɲ id̪i-mɛ-ge-ja aɾ ɛnɛjcʔ ɟinis-iɲ kiɾiɲ-a-ma,this-time-TOP-1SG take-2SG.IMP-EMPH-FIN and toy thing-1SG.OBJ buy-FIN-FUT,This time I will take you and buy toys for you.
santali_pasted_text.eaf,89,193600,195600,iɲsãʔot̪ɛ huɖiɲ bɔihahɔ̃ id̪iɛ hojo.a,iɲ-sãʔo-t̪ɛ huɖiɲ bɔiha-hɔ̃ id̪i-ɛ ho-jo-a,1SG-with-INST younger brother-also take-EMPH be-must-FIN,Younger brother must also be taken along with me.
santali_pasted_text.eaf,90,195800,197800,iɲd̪ɔ uni mɔ̃ɟ mɔ̃ɟ ɟɔmaʔiɲ kiɾiɲaja,iɲ-d̪ɔ uni mɔ̃ɟ mɔ̃ɟ ɟɔmaʔ-iɲ kiɾiɲ-a-ja,1SG-TOP that delicious delicious food-1SG.OBJ buy-FIN-FIN,I will buy him delicious foods.
santali_pasted_text.eaf,91,198000,200000,"am bɔihad̪ɔ nit̪hoi kɘʈijcʔgeja, ɾaʔ d̪aɽɛoaʔaʔi","am bɔiha-d̪ɔ nit̪ho-i kɘʈijcʔ-ge-ja, ɾaʔ d̪aɽɛ-o-aʔ-a-i",2SG brother-TOP still very-small-EMPH-FIN cry can-FIN-GEN-FIN-EMPH,Your brother is still very small; he may cry.
santali_pasted_text.eaf,92,200200,202200,t̪ʰɔɽai lɘʈuɲɔʔlɛnkʰan mɛlaɲ id̪iija,t̪ʰɔɽa-i lɘʈuɲɔʔ-lɛn-kʰan mɛla-ɲ id̪i-i-ja,little-EMPH grow-PST-COND fair-1SG.OBJ take-EMPH-FIN,"When he grows a little more, I will take him to the fair."
santali_pasted_text.eaf,93,202400,204400,abo d̪ɔ bɛgɔɾ lɘit̪ege mɛlabon calaa,abo d̪ɔ bɛgɔɾ lɘ-it̪e-ge mɛla-bon cala-a,1PL.INCL TOP without tell-INF-EMPH fair-1PL.INCL go-FIN,We will go to the fair without telling him.
santali_pasted_text.eaf,94,204600,206600,uni d̪ɔ iɲ bai ɲɛlliɲkʰajcʔɛ ɾaːga,uni d̪ɔ iɲ ba-i ɲɛl-liɲ-kʰajcʔ-ɛ ɾaː-ga,that TOP 1SG NEG-EMPH see-1SG.OBJ-COND-EMPH cry-FUT,He will cry if he doesn't see me.
santali_pasted_text.eaf,95,206800,208800,ɾuɘɽ ɔkt̪ɛ uni lɘgit̪ʔ ɟɔmaʔ aɾ ɛnɛjcʔ ɟiniskoɲ ɘgu t̪ɔɾaɔa ja,ɾuɘɽ ɔkt̪ɛ uni lɘgit̪ʔ ɟɔmaʔ aɾ ɛnɛjcʔ ɟinis-ko-ɲ ɘgu t̪ɔɾaɔ-a ja,return time that for food and toy thing-3PL-1SG.OBJ bring return-FIN FIN,"When we return, we will bring food and toys for him."
santali_pasted_text.eaf,96,209000,211000,onakoi ɲam lekʰanɛ kusiʔa,ona-ko-i ɲam lek-kʰan-ɛ kusi-ʔ-a,that-3PL-EMPH get when-COND-EMPH happy-become-FIN,He will be happy when he gets them.
santali_pasted_text.eaf,97,211200,213200,"ʈʰikgeja baba, oŋkajabo","ʈʰik-ge-ja baba, oŋka-ja-bo",right-EMPH-FIN father like.that-FIN-1PL.INCL,"Alright Father, we will do that."
santali_pasted_text.eaf,98,213400,215400,"ɛː ba, d̪inkalɔm am d̪ɔ iɲ mɛla ɲɛl bam id̪i t̪aɾalid̪iɲa","ɛː ba, d̪inkalɔm am d̪ɔ iɲ mɛla ɲɛl ba-m id̪i t̪aɾali-d̪iɲ-a",VOCA father last.time 2SG TOP 1SG fair see NEG-2SG take allow-1SG.OBJ-FIN,"Father, last time you did not take me to the fair."
santali_pasted_text.eaf,99,215600,217600,niɘbaɾd̪ɔ id̪iɲgi lagaoma,niɘ-baɾ-d̪ɔ id̪i-ɲ-gi laga-o-ma,this-time-TOP take-1SG.OBJ-EMPH need-FIN-FUT,This time you must take me.
santali_pasted_text.eaf,100,217800,219800,amd̪ɔ hasa ɾenaʔ put̪ul aɾ sad̪ɔmɛm kiɾiɲiɲɘ,am-d̪ɔ hasa ɾenaʔ put̪ul aɾ sad̪ɔm-ɛm kiɾiɲ-iɲ-ɘ,2SG-TOP earth of doll and horse-2SG.ACC buy-1SG.OBJ-Q,Will you buy me a clay doll and a horse?
santali_pasted_text.eaf,101,220000,222000,ɔkɔicɔŋ mit̪ʔ hɔɽaʔ ɾaʔiɲ aɲɟɔmɛd̪a,ɔkɔi-cɔŋ mit̪ʔ hɔɽ-aʔ ɾaʔ-iɲ aɲɟɔm-ɛd̪-a,someone-Q one person-GEN cry-1SG hear-INF-PST-FIN,I can hear someone crying.
santali_pasted_text.eaf,102,222200,224200,hɔito bɘɽijcʔ ɟahanaʔ hojakana,hɔit̪o bɘɽi-jcʔ ɟahana-ʔ ho-ja-kana,maybe bad-become something-GEN happen-FIN-PROG,It seems something bad has happened.
santali_pasted_text.eaf,103,224400,226400,d̪ɛla lahasɛjcʔ sɛn kat̪ɛʔlaŋ ɲɛːla,d̪ɛla lahas-ɛjcʔ sɛn kat̪ɛʔ-laŋ ɲɛː-la,come forward-Q go finish-1PL.INCL look-1PL.INCL,Let's go forward and look.
santali_pasted_text.eaf,104,226600,228600,"hɛ̃ː, iɲhɔ̃ oŋkan saɖɛɲ aɲɟɔmɛd̪a","hɛ̃ː, iɲ-hɔ̃ oŋkan saɖɛ-ɲ aɲɟɔm-ɛd̪-a",yes 1SG-also like.that sound-1SG hear-INF-PST-FIN,"Yes, I too can hear such a sound."
santali_pasted_text.eaf,105,228800,230800,d̪ɛla sɛː cɛt̪ʔ hoikana,d̪ɛla sɛː cɛt̪ʔ ho-i-kana,come see what happen-EMPH-PROG,Let's see what has happened.
santali_pasted_text.eaf,106,231000,233000,d̪ajakkat̪ɛʔ gɔɽɔoɘɲbɛn,d̪ajak-kat̪ɛʔ gɔɽɔo-ɘɲ-bɛn,mercy-finish help-1SG.OBJ-2PL.IMP,Please help me.
santali_pasted_text.eaf,107,233200,235200,mit̪ʔʈɛn loɽi d̪ɔ iɲɛ t̪ɛn oʈokad̪iɲa,mit̪ʔʈɛn loɽi d̪ɔ iɲ-ɛ t̪ɛn oʈo-kad̪-iɲ-a,one-CLSFR truck TOP 1SG-ACC over run.over-PST-1SG.OBJ-FIN,A truck has run over me.
santali_pasted_text.eaf,108,235400,237400,d̪ɛla alaŋ d̪ɔ uni haspat̪allaŋ id̪iija,d̪ɛla alaŋ d̪ɔ uni haspat̪al-laŋ id̪i-i-ja,come 1PL.INCL TOP that hospital-toward take-EMPH-FIN,Let's take him to the hospital.
santali_pasted_text.eaf,109,237600,239600,haspat̪alɾe calaolɛnkʰan aimaɲ lekan ɾan kiɾiɲ hojo.a,haspat̪al-ɾe cala-o-lɛn-kʰan aima-ɲ lekan ɾan kiɾiɲ ho-jo-a,hospital-LOC go-FIN-PST-COND many-1SG.AUX kind medicine buy be-must-FIN,"If we go to the hospital, we will have to buy various medicines."
santali_pasted_text.eaf,110,239800,241800,ɛnɖɛkʰan nit̪ʔ d̪ɔ cɛt̪ʔlaŋ cekaja,ɛnɖɛ-kʰan nit̪ʔ d̪ɔ cɛt̪ʔ-laŋ ceka-ja,then-COND now TOP what-1PL.INCL do-FIN,Then what do we do now?
santali_pasted_text.eaf,111,242000,244000,nit̪ʔgi oŋkɔaʔ gʰaɾɔɟ ɾɛ kʰɔbɔɾ kol hojo.a,nit̪ʔ-gi oŋkɔ-aʔ gʰaɾɔɟ-ɾɛ kʰɔbɔɾ kol ho-jo-a,now-EMPH that.one-GEN family-LOC news send be-must-FIN,"Right now, the family of this person must be informed."
santali_pasted_text.eaf,112,244200,246200,ɔka kɘmiɾɛnaʔ oŋko hɛjcʔ kat̪ɛʔko kɘmija,ɔka kɘmi-ɾɛ-naʔ oŋko hɛjcʔ kat̪ɛʔ-ko kɘmi-ja,what work-LOC-GEN they come finish-3PL do-FIN,They will come and do what needs to be done.
santali_pasted_text.eaf,113,246400,248400,amaʔ ɟaŋgakʰɔn aimaʔ majaɲ ɟɔɾɔʔkana,am-aʔ ɟaŋga-kʰɔn aima-ʔ ma-jaɲ ɟɔɾɔʔ-kana,2SG-GEN leg-ABL much-GEN blood-1SG.AUX flow-PROG,A lot of blood is flowing from your leg.
santali_pasted_text.eaf,114,248600,250600,ɘɖi usɘɾa ɾaːnɛ ɟɘɾuɽa,ɘɖi usɘɾa ɾaːnɛ ɟɘɾuɽ-a,very urgent treatment need-FIN,Urgent treatment is needed.
santali_pasted_text.eaf,115,250800,252800,inɘ t̪ajɔm pulis baɖai ocoko hojo.a,inɘ t̪ajɔm pulis baɖa-i ocoko ho-jo-a,then after police notify-EMPH tell be-must-FIN,Then the police must be informed as well.
santali_pasted_text.eaf,116,253000,255000,oŋkoge ona loɾi gɘɖiko send̪ɾa oɖoka,oŋko-ge ona loɾi gɘɖi-ko sɛnd̪ɾa oɖo-ka,they-EMPH that truck vehicle-3PL search find-FUT,They will search for and find the truck.
santali_pasted_text.eaf,117,255200,257200,ɔnako ɾan kiɾiɲ lɘgit̪ʔ t̪inɘʔ ʈaka ɟɘɾuɽa unɘʔ d̪ɔ iɲʈʰɛjcʔ bɘnua,ɔna-ko ɾan kiɾiɲ lɘgit̪ʔ t̪inɘʔ ʈaka ɟɘɾuɽ-a unɘʔ d̪ɔ iɲ-ʈʰɛjcʔ bɘnu-a,that-3PL medicine buy for that.much money need-FIN that.GEN TOP 1SG-with NEG.exist-FIN,I do not have enough money to buy those medicines.
santali_pasted_text.eaf,118,257400,259400,gɔgɔoaʔ d̪ulɘɽ ɟɔt̪ɔn t̪ege gid̪ɾɘd̪ɔko haɾa buɾuʔkana,gɔgɔ-oaʔ d̪ulɘɽ ɟɔt̪ɔn t̪e-ge gid̪ɾɘ-d̪ɔ-ko haɾa buɾuʔ-kana,mother-GEN love care INST-EMPH child-TOP-3PL well grow-PROG,Children grow well under their mother's love and care.
santali_pasted_text.eaf,119,259600,261600,iɲd̪ɔ iɲ gɔgɔʈʰɛnkʰɔn kat̪ʰa ɾɔɽiɲ cet̪ʔked̪a,iɲ-d̪ɔ iɲ gɔgɔ-ʈʰɛn-kʰɔn kat̪ʰa ɾɔɽ-iɲ cet̪ʔ-ked̪-a,1SG-TOP 1SG mother-from-ABL speech speak-1SG learn-PST-FIN,I learned speaking from my own mother.
santali_pasted_text.eaf,120,261800,263800,kɘʈijcʔɾɛ iɲd̪ɔ ɾuɘlɛna aɾ iɲ gɔgɔd̪ɔ ɘɖi aʈɛ hɔmɔɾ halaŋ led̪a,kɘʈijcʔ-ɾɛ iɲ-d̪ɔ ɾuɘ-lɛn-a aɾ iɲ gɔgɔ-d̪ɔ ɘɖi aʈɛ hɔmɔɾ halaŋ le-d̪a,childhood-LOC 1SG-TOP fever-PST-FIN and 1SG mother-TOP very much sorrow cry.out do-PST,"In my childhood I fell ill once, and my mother cried a great deal."
santali_pasted_text.eaf,121,264000,266000,gɔgɔʈʰɛn kʰɔniɲ cet̪ʔked̪a lɘʈuko manɔt̪ʔ ɛmɔʔ aɾ kɘʈijcʔku d̪ulɘɽko,gɔgɔ-ʈʰɛn kʰɔn-iɲ cet̪ʔ-ked̪-a lɘʈu-ko manɔt̪ʔ ɛmɔʔ aɾ kɘʈijcʔ-ku d̪ulɘɽ-ko,mother-from ABL-1SG learn-PST-FIN elder-3PL honour give and child-3PL love-3PL,From my mother I learned to honour elders and love the young.
santali_pasted_text.eaf,122,266200,268200,gɔgɔd̪ɔɲ d̪ulɘɽd̪ekat̪ɛhɛkana aɾ bɔt̪ɔɾ hɔɲ bɔt̪ɔɾaikant̪ahɛ̃kana,gɔgɔ-d̪ɔ-ɲ d̪ulɘɽ-d̪e-kan-t̪ahɛ-kana aɾ bɔt̪ɔɾ hɔɲ bɔt̪ɔɾa-i-kan-t̪ahɛ̃-kana,mother-TOP-1SG love-INF-PROG-stay-PROG and fear also fear-EMPH-PROG-stay-PROG,I used to love my mother and also fear her.
santali_pasted_text.eaf,123,268400,270400,gɔgɔoaʔ ut̪u d̪aka ɘɖi sebelge t̪ahɛ̃kana,gɔgɔ-oaʔ ut̪u d̪aka ɘɖi sebel-ge t̪ahɛ̃-kana,mother-GEN hand cooked.rice very tasty-EMPH stay-PROG,My mother's cooking was very tasty.
santali_pasted_text.eaf,124,270600,272600,sanam sɔmaɟɾɛge gɔgɔ sãot̪ɛ mɔ̃ɟ bɛbɔhaɾ ɾenaʔ kat̪ʰa mɛːnakana,sanam sɔmaɟ-ɾɛ-ge gɔgɔ são-t̪ɛ mɔ̃ɟ bɛbɔhaɾ ɾenaʔ kat̪ʰa mɛːna-kana,all society-LOC-EMPH mother with good behaviour of word exist-PROG,In every society it is said that one must treat one's mother well.
santali_pasted_text.eaf,125,272800,274800,bɔjɔs hoilɛnkʰan gɔgɔaʔ ɟɔt̪ɔn hataod̪ɔ abɔaʔ d̪ajitkana,bɔjɔs ho-i-lɛn-kʰan gɔgɔ-aʔ ɟɔt̪ɔn hata-o-d̪ɔ abo-aʔ d̪ajit-kan-a,age become-EMPH-PST-COND mother-GEN care take-FIN-TOP 1PL.INCL-GEN responsibility-COP-FIN,"When she grows old, taking care of our mother is our responsibility."
matthew_santali_glossed.eaf,1,0,2000,ańñjomket' khan Galilteye sa calao-ena,añjom-ket' khan Galil-te-ye sa calao-en-a,hear-PST:A when Galilee-LOC-3SG:SUBJ again go-INCH-FIN,"When he heard it, he withdrew to Galilee."
matthew_santali_glossed.eaf,2,2200,4200,Nasaret bagikate doreão are reak' Kapharnahumre senkate-ye berelena,Nasaret bagi-kate dore-ão are reak' Kapharnahum-re sen-kate-ye bere-len-a,Nazareth leave-SEQ sea.shore side GEN Capernaum-LOC go-SEQ-3SG:SUBJ settle-INCH-FIN,Leaving Nazareth he went and lived in Capernaum by the sea.
matthew_santali_glossed.eaf,3,4400,6400,Sabulon ar Naphthali tothare Jesaea nabi hotete rorlenak' purauk',Sabulon ar Naphthali toth-are Jesaea nabi hote-te ror-len-ak' pur-au-k',Zebulun and Naphtali region-LOC Isaiah prophet through-INS speak-PST-M:A fulfill-CAUS-M,The word spoken through Isaiah the prophet was fulfilled in the region of Zebulun and Naphtali.
matthew_santali_glossed.eaf,4,6600,8600,Sabulon disom ar Naphthali disom Doreão parom Bongan hor jatkoak' Galil,Sabulon disom ar Naphthali disom Dore-ão par-om Bongan hor jat-ko-ak' Galil,Zebulun land and Naphtali land sea-LOC beyond Gentile people nation-PL-GEN Galilee,"Land of Zebulun and land of Naphtali, beyond the sea, Galilee of the Gentiles."
matthew_santali_glossed.eaf,5,8800,10800,Moke durup'akan tahëkan hor do Maran marsaiko nëkeda,Moke durup'-a-kan tahë-kan hor do Maran marsal-ko nëke-da,Darkness sit-FIN-PTCP stay-PTCP people TOP Great light-PL see-FIN,The people sitting in darkness have seen a great light.
matthew_santali_glossed.eaf,6,11000,13000,Un khon Jisu do poporcar ar memene ehop'keda,Un khon Jisu do poporcar ar memene ehop'-ke-da,Then from Jesus TOP preach and repent begin-PST-FIN,From that time Jesus began to preach and say repent.
matthew_santali_glossed.eaf,7,13200,15200,Mon acurtape ente serma raj do sorakana,Mon acur-ta-pe ente serma raj do sora-kan-a,Heart turn-IMP-2PL for heaven kingdom TOP near-PTCP-FIN,Repent for the kingdom of heaven is near.
matthew_santali_glossed.eaf,8,15400,17400,Monre renadejokkankogeko bhagana ente serma raj do onkoakangea,Mon-re renadejokkankoge-ko bhagan-a ente serma raj do onko-ak-an-gea,Spirit-LOC humble.ones-PL blessed-FIN for heaven kingdom TOP them-GEN-PTCP-MOD,Blessed are the poor in spirit for theirs is the kingdom of heaven.
matthew_santali_glossed.eaf,9,17600,19600,Hirdaukankogeko bhagana ente onkoakt jiwi do rarejok'takoa,Hirdauk-kan-ko-ge-ko bhagan-a ente onko-ak-t jiwi do rare-jok'-ta-ko-a,Mourn-PTCP-PL-EMPH-PL blessed-FIN for them-GEN-OBJ soul TOP comfort-M-CAUS-PL-FIN,Blessed are those who mourn for they shall be comforted.
matthew_santali_glossed.eaf,10,19800,21800,Mahrkogeko bhagana ente onko do pirthimiko aidarijona,Mahr-ko-ge-ko bhagan-a ente onko do pirthimi-ko aidari-jon-a,Meek-PL-EMPH-PL blessed-FIN for they TOP earth-OBJ inherit-FUT-FIN,Blessed are the meek for they shall inherit the earth.
matthew_santali_glossed.eaf,11,22000,24000,Dhorom renades fetanok'kan kogeko bhagana ente onko doko tirpitok'a,Dhorom renades fetan-ok'-kan ko-ge-ko bhagan-a ente onko do-ko tirpit-ok'-a,Righteousness hunger.and.thirst M-PTCP PL-EMPH-PL blessed-FIN for they TOP-PL satisfy-M-FIN,Blessed are those who hunger and thirst for righteousness for they shall be satisfied.
matthew_santali_glossed.eaf,12,24200,26200,Mayakkodeko bhagana ente onko doko maya ocoka,Mayak'-ko-de-ko bhagan-a ente onko do-ko maya oco-k'-a,Merciful-PL-TOP-PL blessed-FIN for they TOP-PL mercy receive-M-FIN,Blessed are the merciful for they shall receive mercy.
matthew_santali_glossed.eaf,13,26400,28400,Monre napaekogeko bhagana ente onko do Isorko nelea,Mon-re napaeko-ge-ko bhagan-a ente onko do Isor-ko nele-a,Heart-LOC pure-EMPH-PL blessed-FIN for they TOP God-OBJ see-FIN,Blessed are the pure in heart for they shall see God.
matthew_santali_glossed.eaf,14,28600,30600,Sukluk kogeko bhagana ente onko do Isorren hoponko numo goka,Suk'luk-ko-ge-ko bhagan-a ente onko do Isor-ren hopon-ko numo-gok'-a,Peacemaker-PL-EMPH-PL blessed-FIN for they TOP God-GEN son-PL called-M-FIN,Blessed are the peacemakers for they shall be called children of God.
matthew_santali_glossed.eaf,15,30800,32800,Dhorom iate khed osok'kanko geko bhagana ente serma raj do onkoakangea,Dhorom iate khed oso-k'-kan-ko ge-ko bhagan-a ente serma raj do onko-ak-an-gea,Righteousness for-OBJ persecute receive-M-PTCP-PL EMPH-PL blessed-FIN for heaven kingdom TOP them-GEN-PTCP-MOD,Blessed are those persecuted for righteousness for theirs is the kingdom of heaven.
matthew_santali_glossed.eaf,16,33000,35000,Bhagangeape ini iate horko kadhaolepere arko khedlepere,Bhagan-ge-ape ini iate hor-ko kadhao-le-pe-re ar-ko khed-le-pe-re,Blessed-EMPH-2PL I because person-PL insult-PST.PL-2PL-LOC and-PL persecute-PST.PL-2PL-LOC,Blessed are you when people insult and persecute you because of me.
matthew_santali_glossed.eaf,17,35200,37200,Ape do dharti reak' bulun kanape menkhan bulun sabak'len khan ona do cette rahamok'a,Ape do dharti reak' bulun kan-ape menkhan bulun saba-k'-len khan ona do cette raha-mok'-a,2PL TOP earth GEN salt COP-2PL but salt tasteless-M-PST when that TOP what use-M-FIN,You are the salt of the earth but if the salt loses its taste what use is it?
matthew_santali_glossed.eaf,18,37400,39400,Ape do dharti reak' marsal kanape,Ape do dharti reak' marsal kan-ape,2PL TOP earth GEN light COP-2PL,You are the light of the world.
matthew_santali_glossed.eaf,19,39600,41600,Alope bujhaua an se nabikoak' katha mautaia menkhat hecakana,Alo-pe bujhaua an se nabi-ko-ak' katha mautai-a menkhat hec'-a-kan-a,PROHIB-2PL think law or prophet-PL-GEN word abolish-FIN but come-FIN-PTCP-FIN,Do not think that I have come to abolish the Law or the Prophets.
matthew_santali_glossed.eaf,20,41800,43800,Ente sarigeñ metapekana serma ar ot auri cabak' habic' an reak' mit akhor se tudak' ho oho metaolena,Ente sarigeñ meta-pe-kan-a serma ar ot auri cab-ak' habic' an reak' mit akhor se tuda-k' ho oho meta-olen-a,For truly say-2PL-PTCP-FIN sky and earth word end-M until law GEN one letter or mark-M also not pass.away-INCH-FIN,Truly I say to you not one letter or stroke shall pass from the law until everything is accomplished.
matthew_santali_glossed.eaf,21,44000,46000,Onate ape do nonka koejonpe E aleren sermare menam Baba amak nutum sonofok'ma,Onate ape do nonka koejon-pe E aler-en serma-re menam Baba amak' nutum sono-fok'-ma,Therefore 2PL TOP thus pray-2PL VOC our-GEN heaven-LOC exist.HON Father 1SG:POSS name holy-M-IMP,Therefore pray like this: Our Father in heaven hallowed be your name.
matthew_santali_glossed.eaf,22,46200,48200,Amak' raj hijuk'ma amak' mone bare hoyok'ma ce eka sermare onkade otre ho,Amak' raj hijuk'-ma amak' mone bare hoyo-k'-ma ce eka serma-re onka-de otre ho,2SG:POSS kingdom come-IMP 2SG:POSS will also happen-M-IMP as just sky-LOC thus earth also,Your kingdom come your will be done on earth as it is in heaven.
matthew_santali_glossed.eaf,23,48400,50400,Aleak' jarurojomak' teheñ emalem,Aleak' jarur-jom-ak' teheñ ema-lem,1PL:POSS necessary-food-GEN today give-1PL:IMP,Give us today our daily bread.
matthew_santali_glossed.eaf,24,50600,52600,Ar aleak' dosko ikakatalen ceteleka ale ho aleak' dodoskole ikaakat'tako,Ar aleak' dos-ko ikakat-a-len cet-e-leka ale ho aleak' dodos-ko-le ikakat'-ta-ko,And 1PL:POSS fault-PL forgive-FIN-1PL:PST as-EMPH-like 1PL also 1PL:POSS fault.doers-PL-1PL forgive-CAUS-PL,And forgive us our debts as we also have forgiven our debtors.
matthew_santali_glossed.eaf,25,52800,54800,Ona iateñ metapekana apeak' jiwi lagit' alope dandik'a cetpe joma se cetpe nuta,Ona iate-ñ meta-pe-kan-a apeak' jiwi lagit' alo-pe dandik'-a cet-pe joma se cet-pe nuta,That therefore-1SG say-2PL-PTCP-FIN 2SG:POSS life for PROHIB-2PL worry-FIN what-2PL eat or what-2PL wear,Therefore I tell you do not worry about your life what you will eat or what you will wear.
matthew_santali_glossed.eaf,26,55000,57000,Cotren udaukko bengetak'ope bako era bako ira ar muraikore bako socjona,Cotren udau-k-ko benget-ak'-o-pe ba-ko era ba-ko ira ar murai-kore ba-ko socjon-a,Sky bird-M-PL observe-M-2PL:IMP NEG-PL sow NEG-PL reap and barn-LOC NEG-PL store-FIN,Look at the birds of the sky they do not sow or reap or store in barns.
matthew_santali_glossed.eaf,27,57200,59200,Alope bikcara jemon alope bicar osok',Alo-pe bik'car-a jemon alo-pe bicar oso-k',PROHIB-2PL judge-FIN so.that PROHIB-2PL judgment receive-M,Do not judge so that you will not be judged.
matthew_santali_glossed.eaf,28,59400,61400,Koere adoe emapea ar nam baraepe adope nata thop thobpe ado jhicapea,Koe-re ado-e ema-pe-a ar nam bar-ae-pe ado-pe nata thop thob-pe ado jhic'-a-pe-a,Ask-LOC thus-3SG give-2PL-FIN and seek-EMPH-2PL thus-2PL find door knock-2PL thus open-FIN-2PL-FIN,Ask and it will be given to you seek and you will find knock and the door will be opened to you.
matthew_santali_glossed.eaf,29,61600,63600,Onate inaknoako katha anjomkate senak'kan hor do mittten budan hor tuluce jurika,Onate inak' noako katha anjom-kate sen-ak'-kan hor do mitt-en budan hor tuluc'-e jurik'-a,Therefore 1SG:GEN these-OBJ word hear-SEQ do-M-PTCP person TOP one-CLSSFR wise person like-EMPH build-FIN,Therefore everyone who hears these words of mine and puts them into practice is like a wise man who built.
matthew_santali_glossed.eaf,30,63800,65800,Ado jhar jhare dak'keda ar banbasi ardoyena are hoekeda ar ona orakte bajaoena menkhan ban ruplena,Ado jhar jhar-e dak'-ke-da ar banbasi ard-oye-na ar-e hoe-ke-da ar ona orak'-te bajao-en-a menkhan ban rup'-len-a,Then rain rain-EMPH fall-PST-FIN and flood come-CAUS-FIN and-3SG blow-PST-FIN and that house-INS beat-INCH-FIN but NEG fall-INCH-FIN,The rain fell the floods came and the winds blew and beat on that house yet it did not fall.
matthew_santali_glossed.eaf,31,66000,68000,Ado buru khone ardoyen khan adi gadel horko panjakeeda,Ado buru khon-e ard-oye-n khan adi gadel hor-ko panja-ke-da,Then mountain from-3SG descend-CAUS-FIN when many crowd person-PL follow-PST-FIN,When he came down from the mountain large crowds followed him.
matthew_santali_glossed.eaf,32,68200,70200,Nelpe mitten murhuc jom hor heckateye sewawadea are metadea E Probhu sanalem khanem sapha dareana,Nelpe mitt-en murhuc jom hor hec'-kate-ye sewawa-de-a ar-e meta-de-a E Probhu sanal-em khan-em sapha dare-an-a,See one-CLSSFR leprosy eat person come-SEQ-3SG worship-TOP-FIN and-3SG say-TOP-FIN VOC Lord willing-2SG if-2SG clean make-M-FIN,A man with leprosy came and worshipped him saying Lord if you are willing you can make me clean.
matthew_santali_glossed.eaf,33,70400,72400,Ado ti tiarkateye jotetkedea are metadea Sanankangea ma saphakok'me,Ado ti tiarkat-e-ye jotet'-ke-de-a ar-e meta-de-a Sana-kan-ge-a ma sapha-kok'-me,Then hand stretch-EMPH-3SG:SUBJ touch-PST-TOP-FIN and-3SG say-TOP-FIN willing-PTCP-EMPH-FIN IMP clean-M:2SG-IMP,Jesus reached out his hand and touched him saying I am willing be clean.
matthew_santali_glossed.eaf,34,72600,74600,Ar Jisu onde khone sen paromok'kanre Mathaeko metae tit hor masul uk'thau orak' then durup'akane helkadea,Ar Jisu onde khon-e sen par-omok'-kan-re Mathae-ko metae mitt-e hor masul uk'thau orak' then durup'-a-kan-e helke-de-a,And Jesus there from-3SG go cross-M-PTCP-LOC Matthew-OBJ 3SG:SUBJ.say one-EMPH person tax collector office at sit-FIN-PTCP-3SG see-PST-FIN,As Jesus went on from there he saw a man named Matthew sitting at the tax collector's booth.
matthew_santali_glossed.eaf,35,74800,76800,Dela pañjañme Khange beretkateye panjakeeda,Dela pañjan-me Khange beret-kate-ye panja-ke-da,Today follow-1SG:IMP.2SG immediately stand-SEQ-3SG:SUBJ follow-PST-FIN,Follow me and immediately he got up and followed him.
matthew_santali_glossed.eaf,36,77000,79000,Ado acren gel bar celako hoho sorkate besapha jiuko cetanre ektiariye ematkoa,Ado ac-ren gel bar cela-ko hoho sor-kate besapha jiu-k-o cetanre ektiari-ye emat'-ko-a,Then 3SG-GEN twelve disciple-PL call out-SEQ unclean spirit-M-PL over authority-3SG give-PL-FIN,He called his twelve disciples and gave them authority over unclean spirits.
matthew_santali_glossed.eaf,37,79200,81200,Ar sen lahakate ar bar boeha Sabdaeren hopon Jakob ar uniren boeha Johane ñelket'kina,Ar sen lah-a-kate ar bar boeha Sabdae-ren hopon Jakob ar uni-ren boeha Johan-e ñelket'-kina,And go further-FIN-SEQ and two brother Zebedee-GEN son James and 3SG-GEN brother John-EMPH see-3DU,Going on from there he saw two other brothers James son of Zebedee and his brother John.
matthew_santali_glossed.eaf,38,81400,83400,Ado Johan Kaijorakete Masiak' kamiko rean anjomket khan acren celako kolketkoteye kulikedea,Ado Johan Kaijor-a-ket-e Masi-ak' kami-ko re-an anjom-ket khan ac-ren cela-ko kolket'-ko-te-ye kuli-ke-de-a,Then John prison-FIN-PST-3SG Messiah-GEN work-PL about-LOC hear-PST when 3SG-GEN disciple-PL send-PL-INS-3SG:SUBJ ask-PST-FIN,When John in prison heard about the works of Christ he sent word by his disciples and asked.
matthew_santali_glossed.eaf,39,83600,85600,Uni hijukanik aom am kan gea se etagic'le nel horea,Uni hijuk-an-ik aom am kan gea se etagic'-le nel hor-ea,3SG come-PTCP-M.SG 3SG 2SG COP-M.EMPH or other-1PL:EMPH look person-FIN,Are you the one who is to come or should we expect someone else?
matthew_santali_glossed.eaf,40,85800,87800,Onako dinre Jisu do jirauk' maha hilok're phosol talaoteye calak'kan tahekana,Onako din-re Jisu do jirauk' maha hilok'-re phosol tal-a-ote-ye cala-k'-kan tahe-kan-a,Those day-LOC Jesus TOP sabbath day time-LOC grain field-FIN-through-3SG:SUBJ walk-M-PTCP stay-PTCP-FIN,At that time Jesus went through the grain fields on the sabbath.
matthew_santali_glossed.eaf,41,88000,90000,Ente Manwa Hopon do jirauk' maharen malik kanae,Ente Manwa Hopon do jirauk' maha-ren malik kan-ae,For Human Son TOP sabbath day-GEN lord COP-3SG:PRED,For the Son of Man is lord of the sabbath.
matthew_santali_glossed.eaf,42,90200,92200,Enhilok' Jisu do orak' khon odok senkate doreão arer eye durup'ena,Enhilok' Jisu do orak' khon odok sen-kate dore-ão ar-er-e-ye durup'-en-a,That.day Jesus TOP house from out go-SEQ sea-LOC shore-LOC-3SG-3SG:SUBJ sit-INCH-FIN,That same day Jesus went out of the house and sat by the sea.
matthew_santali_glossed.eaf,43,92400,94400,Nelpe erok'ic' do erokke odok calaoena,Nelpe erok'-ic' do erok'-ke odok calao-en-a,See sower-M TOP sow-PST out go.out-INCH-FIN,A sower went out to sow.
matthew_santali_glossed.eaf,44,94600,96600,Lutur menaktaeic doe anjomma,Lutur menak'-taeic' do-e anjom-ma,Ear have-M.SG TOP-3SG:SUBJ hear-IMP,Whoever has ears let them hear.
matthew_santali_glossed.eaf,45,96800,98800,Am do Masi jiwet Isorren Hopon kanam,Am do Masi jiwet' Isor-ren Hopon kan-am,2SG TOP Messiah living God-GEN Son COP-2SG,You are the Messiah the Son of the living God.
matthew_santali_glossed.eaf,46,99000,101000,Ar in ho am in metamkana am do Patras kanam ar noa catanire inakkalisiañ benaoa,Ar iñ ho am iñ meta-m-kan-a am do Patras kan-am ar noa catan-ire iñ-ak' kalisi-añ bena-o-a,And 1SG also 2SG 1SG tell-2SG-PTCP-FIN 2SG TOP Peter COP-2SG and this rock-LOC 1SG-GEN church-1SG:SUBJ build-CAUS-FIN,And I tell you that you are Peter and on this rock I will build my church.
matthew_santali_glossed.eaf,47,101200,103200,Ado turui din tayom Jisu do Patras ar Jakob ar uniren boeha Johan sonde torakate mittec' usul burute eskarreye ayur rakap'ketkoa,Ado turui din tay-om Jisu do Patras ar Jakob ar uni-ren boeha Johan sonde tor-a-kate mitt-ec' usul buru-te eskar-re-ye ayur raka-p'-ket'-ko-a,Then six day after-OBJ Jesus TOP Peter and James and 3SG-GEN brother John together take-FIN-SEQ one-CLSSFR high mountain-INS apart-LOC-3SG:SUBJ above lead-M-PST-PL-FIN,After six days Jesus took Peter James and John his brother and led them up a high mountain by themselves.
matthew_santali_glossed.eaf,48,103400,105400,Ar onko samanreye etak' boronena uniak' metaha do sin cando leka jhak jhakenae,Ar onko samaner-e etak' boron-en-a uni-ak' meta-ha do sin cando leka jhak jhak-en-ae,And them before-3SG:SUBJ appearance change-INCH-FIN 3SG-GEN face TOP sun light like bright shine-INCH-3SG,And he was transfigured before them his face shone like the sun.
matthew_santali_glossed.eaf,49,105600,107600,Ona ghurirege celako Jisu then hec'kateko menkeda Okoe endekhan serma rajge doe marana,Ona ghuri-re-ge cela-ko Jisu then hec'-kate-ko men-ke-da Okoe endekhan serma raj-ge do-e maran-a,That time-LOC-EMPH disciple-PL Jesus to come-SEQ-PL say-PST-FIN who then heaven kingdom-EMPH TOP-3SG:SUBJ great-FIN,At that time the disciples came to Jesus and asked who is the greatest in the kingdom of heaven?
matthew_santali_glossed.eaf,50,107800,109800,Sarigeñ metapekana begor acurokote ar katic gidrako leka begor hoyokte serma rajge do ohogepe hbololena,Sarigeñ meta-pe-kan-a begor acur-ok'-te ar katic gidra-ko leka begor hoyo-k'-te serma raj-ge do oho-ge-pe hbolo-len-a,Truly say-2PL-PTCP-FIN unless change-M-INS and child-PL like become-M-INS heaven kingdom-EMPH TOP enter-EMPH-2PL able-INCH-FIN,Truly I say to you unless you change and become like children you will never enter the kingdom of heaven.
matthew_santali_glossed.eaf,51,110000,112000,Cet bhageak'in kamia jemon jaejug jion hoyok in,Cet bhage-ak'-iñ kami-a jemon jae-jug jion hoyo-k' iñ,What good-GEN-1SG:SUBJ do-FIN so.that eternal life happen-M 1SG,What good thing must I do to get eternal life?
matthew_santali_glossed.eaf,52,112200,114200,Ente okare dhon menak'tama ondede amak' mon ho tahena,Ente okare dhon menak'-ta-ma onde-de amak' mon ho tahe-na,For where treasure have-CAUS-2SG there-TOP 2SG:POSS heart also be-FIN,For where your treasure is there your heart will be also.
matthew_santali_glossed.eaf,53,114400,116400,Ente serma raj do mittten orak' kisar lekana okoe paha pohore acak' darkha bagwanre kamiako acuko lagite odoken,Ente serma raj do mitt-en orak' kisar leka-na okoe paha pohore ac-ak' darkha bagwan-re kami-ako acu-ko lagit'-e odok-en,For heaven kingdom TOP one-CLSSFR house owner like-FIN who early morning 3SG-GEN vineyard-LOC work-PTCP hire-PL for-3SG:SUBJ go-INCH,For the kingdom of heaven is like a landowner who went out early in the morning to hire workers for his vineyard.
matthew_santali_glossed.eaf,54,116600,118600,Ar Jisu do Isorak' mundilteye boloyena ar mundilre kirin ak'kriñkojotoe laga odokket'koa,Ar Jisu do Isor-ak' mundil-te-ye boloye-na ar mundil-re kirin ak'kriñ-ko-joto-e laga odok-ket'-ko-a,And Jesus TOP God-GEN temple-INS-3SG:SUBJ enter-FIN and temple-LOC buy.sell person-PL-all-3SG:SUBJ out drive-PST-PL-FIN,Jesus entered the temple courts and drove out all who were buying and selling there.
matthew_santali_glossed.eaf,55,118800,120800,Olakana Inakk orak' do koejonorakt bikauktaea menkhan ape do onapere daku dandereta,Ola-kan-a Iñ-ak' orak' do koejon-orak'-t bikau-k'-tae-a menkhan ape do ona-pe-re daku dandere-ta,Written-PTCP-FIN 1SG-GEN house TOP prayer-house-OBJ.LOC call-M-3SG.CAUS-FIN but 2PL TOP that-2PL-LOC robber den make-CAUS,It is written my house shall be called a house of prayer but you are making it a den of robbers.
matthew_santali_glossed.eaf,56,121000,123000,Probhu amren Isor do amak' gota ontorte amak' gota jiwite ar amak' gota monte dularem,Probhu amren Isor do amak' gota ontor-te amak' gota jiwi-te ar amak' gota mon-te dular-em,Lord 1PL:GEN God TOP 2SG:POSS whole heart-INS 2SG:POSS whole soul-INS and 2SG:POSS whole mind-INS love-2SG:IMP,Love the Lord your God with all your heart and with all your soul and with all your mind.
matthew_santali_glossed.eaf,57,123200,125200,Ar dosarak' do ona lekangea Am adepaseren hor apnar leka dularem,Ar dosarak' do ona leka-ngea Am ade-pa-ser-en hor apnar leka dular-em,And second TOP that like-EMPH 2SG neighbor-POSS-LIKE-CLSSFR person 2PL:POSS like love-2SG:IMP,And the second is like it love your neighbour as yourself.
matthew_santali_glossed.eaf,58,125400,127400,Hae ape sostor badaeko ar Pharisiko phasiarako do ente ape do norok samanre serma rajpe in esetet'kana,Hae ape sostor badaeko ar Pharisiko phasiarako do ente ape do norok samaner-e serma raj-pe iñ eset-et'-kan-a,Woe 2PL scholar PL and Pharisee hypocrite-PL TOP for 2PL TOP people before-3SG heaven kingdom-2PL 1SG shut-CAUS-PTCP-FIN,Woe to you teachers of the law and Pharisees you hypocrites you shut the door of the kingdom of heaven in people's faces.
matthew_santali_glossed.eaf,59,127600,129600,E Jerusalem E Jerusalem nabiko gogoc'ic ar am then kolko dhirite nic,E Jerusalem E Jerusalem nabi-ko gogoc'-ic' ar am then kol-ko dhiri-te ñic',VOC Jerusalem VOC Jerusalem prophet-PL stone-M.EMPH and 2SG to sent-PL stone-INS kill.EMPH,Jerusalem Jerusalem you who kill the prophets and stone those sent to you.
matthew_santali_glossed.eaf,60,129800,131800,Nelpe apeakt orak' do ape lagit' ujarge bagi otok'kana,Nelpe ape-ak-t orak' do ape lagit' ujarge bagi otok'-kan-a,See 2PL-GEN-OBJ house TOP 2PL for desolate leave remain-PTCP-FIN,Look your house is left to you desolate.
santali_paradigm_glossed.eaf,1,0,2000,alɛ.jaʔ ɔɽaʔ d̪ɔ mɔ̃ɟge̯͡a,alɛ-jaʔ ɔɽaʔ d̪ɔ mɔ̃ɟge̯͡a,1PL.INCL-GEN home TOP beautiful-FIN,Our home is beautiful.
santali_paradigm_glossed.eaf,2,2200,4200,apɛ.jaʔ ɔɽaʔ d̪ɔ mɔ̃ɟge̯͡a,apɛ-jaʔ ɔɽaʔ d̪ɔ mɔ̃ɟge̯͡a,2PL-GEN home TOP beautiful-FIN,Your home is beautiful.
santali_paradigm_glossed.eaf,3,4400,6400,apɛ.jaʔ ɔɽaʔ d̪ɔ mɔ̃ɟge̯͡a,apɛ-jaʔ ɔɽaʔ d̪ɔ mɔ̃ɟge̯͡a,2PL-GEN home TOP beautiful-FIN,Your home is beautiful.
santali_paradigm_glossed.eaf,4,6600,8600,apɛ.jaʔ ɔɽaʔ d̪ɔ mɔ̃ɟge̯͡a,apɛ-jaʔ ɔɽaʔ d̪ɔ mɔ̃ɟge̯͡a,2PL-GEN home TOP beautiful-FIN,Your home is beautiful.
santali_paradigm_glossed.eaf,5,8800,10800,ɔɽaʔ d̪ɔ mɔ̃ɟge̯͡a,ɔɽaʔ d̪ɔ mɔ̃ɟge̯͡a,home TOP beautiful-FIN,This home is beautiful.
santali_paradigm_glossed.eaf,6,11000,13000,t̪eheɲ bʰage ɾe.jaɽ paɽa͡o̯akana,t̪eheɲ bʰage ɾe.jaɽ paɽa͡o̯-a-kana,today much cold fall-FIN-PROG,It is very cold today.
santali_paradigm_glossed.eaf,7,13200,15200,hɔla bʰage ɾe.jaɽ paɽa͡o̯alena,hɔla bʰage ɾe.jaɽ paɽa͡o̯-a-lena,yesterday much cold fall-FIN-PST,It was very cold yesterday.
santali_paradigm_glossed.eaf,8,15400,17400,d̪ad̪aʔkana͡i̯,d̪ad̪aʔ-kana-i̯,rain-PROG-FIN,It's raining.
santali_paradigm_glossed.eaf,9,17600,19600,d̪aʔɛt̪̚ʔkant̪ahɛna͡i̯,d̪aʔ-ɛt̪ʔ-kan-t̪ahɛna-i̯,rain-PROG-COP-PST.COP-FIN,It was raining.
santali_paradigm_glossed.eaf,10,19800,21800,t̪ehɛɲ ɲind̪ɘ͡i̯ d̪aʔ d̪aɽe.jaʔa,t̪ehɛɲ ɲind̪ɘi̯ d̪aʔ d̪aɽe-jaʔ-a,today night rain fall-MOD-FIN,It may rain tonight.
santali_paradigm_glossed.eaf,11,22000,24000,sɛɾma ɲɛlt̪ɛ mɔnɛ ho.joʔkana t̪eheɲ ɲind̪ɘ͡i̯ d̪a:ga,sɛɾma ɲɛl-t̪ɛ mɔnɛ ho-joʔ-kana t̪eheɲ ɲind̪ɘi̯ d̪a:-ga,sky see-COND mind think-QUOT-PROG today night rain-FUT,The sky looks like it will rain tonight.
santali_paradigm_glossed.eaf,12,24200,26200,t̪eheɲ d̪ɔ ɘɖi lɔlɔ,t̪eheɲ d̪ɔ ɘɖi lɔlɔ,today TOP very hot,Today it is very hot.
santali_paradigm_glossed.eaf,13,26400,28400,hɔla ɘɖi lɔlɔge t̪ahɛkana,hɔla ɘɖi lɔlɔ-ge t̪ahɛ-kana,yesterday very hot-EMPH be-PST,Yesterday it was very hot.
santali_paradigm_glossed.eaf,14,28600,30600,apɛ sanamko ɟohaɾ,apɛ sanam-ko ɟohaɾ,2PL all-3PL.OBJ greeting,Greetings to all of you.
santali_paradigm_glossed.eaf,15,30800,32800,uni hant̪ɛ͡i̯ cala͡o̯akana,uni hant̪ɛi̯ cala͡o̯-a-kana,3SG.ANIM there go-FIN-PROG,He/She went there.
santali_paradigm_glossed.eaf,16,33000,35000,sanamko mit̪̚ʔʈɛn nao̯͡a pɘɾsi cecet̪̚ʔ d̪ɔ bʰagege.ja,sanam-ko mit̪ʔʈɛn nao̯a pɘɾsi cece-t̪ʔ d̪ɔ bʰage-ge-ja,all-3PL one-CLSSFR new language learn-INF TOP good-EMPH-FIN,It is good for everyone to learn a new language.
santali_paradigm_glossed.eaf,17,35200,37200,ɲuhumsɛc̚ʔ di͡u̯hɘ ɟɛɾɛt̪̚ʔ d̪ɔ amaʔ kɘmi kanan,ɲuhum-sɛcʔ di͡u̯hɘ ɟɛɾɛ-t̪ʔ d̪ɔ am-aʔ kɘmi kana-n,evening-time lamp light-INF TOP 2SG-GEN work COP-FIN,"In the evening, it is your job to light the lamp."
santali_paradigm_glossed.eaf,18,37400,39400,iɲ d̪ɔ gapa ɔɽaʔɾɛ bɘɲ t̪ahɛna,iɲ d̪ɔ gapa ɔɽaʔ-ɾɛ bɘɲ t̪ahɛ-na,1SG TOP tomorrow home-LOC NEG be-FUT,I won't be at home tomorrow.
santali_paradigm_glossed.eaf,19,39600,41600,hɔla iɲ d̪ɔ ɔɽaʔɾɛ bɘɲ t̪ahɛkana,hɔla iɲ d̪ɔ ɔɽaʔ-ɾɛ bɘɲ t̪ahɛ-kana,yesterday 1SG TOP home-LOC NEG be-PST,I wasn't home yesterday.
santali_paradigm_glossed.eaf,20,41800,43800,nɔnɖɛ seɾeɲ ɾe.jaʔ akʰɽa d̪uɽubɔʔa,nɔnɖɛ seɾeɲ ɾe-jaʔ akʰɽa d̪uɽu-bɔʔ-a,here song GEN gathering sit.down-HAB-FIN,Music session is held here.
santali_paradigm_glossed.eaf,21,44000,46000,nɔnɖɛ seɾeɲ ɾe.jaʔ akʰɽa d̪uɽubɔʔkan t̪ahɛna,nɔnɖɛ seɾeɲ ɾe-jaʔ akʰɽa d̪uɽu-bɔʔ-kan t̪ahɛ-na,here song GEN gathering sit.down-HAB-COP PST-FIN,Music sessions used to be held here.
santali_paradigm_glossed.eaf,22,46200,48200,nɔnɖɛ seɾeɲ ɾe.jaʔ akʰɽa d̪uɽubɔʔa,nɔnɖɛ seɾeɲ ɾe-jaʔ akʰɽa d̪uɽu-bɔʔ-a,here song GEN gathering sit.down-HAB-FIN,Music session will be held here.
santali_paradigm_glossed.eaf,23,48400,50400,miʔʈɛʔ ɛ̃ʈkɛʈɔɽɛ ɲit̪ɔʔ hɔ̃ menaʔge.ja,miʔʈɛʔ ɛ̃ʈkɛʈ-ɔɽɛ ɲit̪ɔʔ hɔ̃ mena-ʔ-ge-ja,one problem-LOC still also exist-FIN-EMPH-FIN,One problem still remains.
santali_paradigm_glossed.eaf,24,50600,52600,apɛ t̪in gʰɘɾiʔ t̪ahɛnɔʔpɛ mɛnd̪a ungʰɘɽiʔpɛ t̪ahɛ̃ d̪aɽe.jaʔa,apɛ t̪in gʰɘɾiʔ t̪ahɛ-nɔʔ-pɛ mɛnd̪a un-gʰɘɾiʔ-pɛ t̪ahɛ̃ d̪aɽe-jaʔ-a,2PL how.long stay-QUOT-2PL but that-long-2PL stay MOD-QUOT-FIN,You can stay as long as you want.
santali_paradigm_glossed.eaf,25,52800,54800,iɲiɲ d̪aka ut̪u͡i̯ed̪a,iɲ-iɲ d̪aka ut̪u-i̯e-d̪a,1SG-SUBJ rice cook-PROG-FIN,I am cooking.
santali_paradigm_glossed.eaf,26,55000,57000,iɲiɲ d̪akaut̪uled̪a,iɲ-iɲ d̪aka ut̪u-le-d̪a,1SG-SUBJ rice cook-PST.PROG-FIN,I was cooking.
santali_paradigm_glossed.eaf,27,57200,59200,iɲ d̪inɘmiɲ bint̪i̯͡a,iɲ d̪inɘmiɲ bint̪i-̯a,1SG daily pray-HAB-FIN,I pray regularly.
santali_paradigm_glossed.eaf,28,59400,61400,iɲ pʰuʈbɔliɲ gat̪e.a,iɲ pʰuʈbɔl-iɲ gate-a,1SG football-1SG play-HAB-FIN,I play football.
santali_paradigm_glossed.eaf,29,61600,63600,iɲ pʰuʈbɔliɲ gat̪eʔkan t̪ahɛna,iɲ pʰuʈbɔl-iɲ gate-ʔ-kan t̪ahɛ-na,1SG football-1SG play-HAB-COP PST-FIN,I used to play football.
santali_paradigm_glossed.eaf,30,63800,65800,iɲ ɟʰal ɟɔmiɲ kusi.jaʔa,iɲ ɟʰal ɟɔm-iɲ kusi-jaʔ-a,1SG spicy eat-1SG like-HAB-FIN,I like to eat spicy food.
santali_paradigm_glossed.eaf,31,66000,68000,iɲɾɛn set̪a͡i̯ mɔ̃ɟge̯͡a,iɲ-ɾɛn set̪a-i̯ mɔ̃ɟge̯-a,1SG-GEN dog-ANIM beautiful-FIN,My dog is amazing (loyal).
santali_paradigm_glossed.eaf,32,68200,70200,ɘɖi kaɟak̚ d̪aʔ hɘɟuʔkan t̪ahɛna,ɘɖi kaɟak d̪aʔ hɘɟu-ʔ-kan t̪ahɛ-na,very much rain fall.heavily-FIN-COP PST-FIN,It was raining a lot.
santali_paradigm_glossed.eaf,33,70400,72400,alɛ.jaʔ pɘɾsi ni̯͡ɘt̪ɛ iɲaʔ t̪ʰɔɽa ɟɘɾuɽ kat̪ʰa mɛna.a,alɛ-jaʔ pɘɾsi ni̯ɘt̪ɛ iɲ-aʔ t̪ʰɔɽa ɟɘɾuɽ kat̪ʰa mɛna-a,1PL.INCL-GEN language about 1SG-GEN little urgent word exist-FIN,I have something important to say about our language.
santali_paradigm_glossed.eaf,34,72600,74600,apɛ.jaʔ pɘɾsi ni̯͡ɘt̪ɛ iɲaʔ t̪ʰɔɽa ɟɘɾuɽ kat̪ʰa mena.a,apɛ-jaʔ pɘɾsi ni̯ɘt̪ɛ iɲ-aʔ t̪ʰɔɽa ɟɘɾuɽ kat̪ʰa mena-a,2PL-GEN language about 1SG-GEN little urgent word exist-FIN,I have something important to say about your language.
santali_paradigm_glossed.eaf,35,74800,76800,sanamaʔge t̪ihiɲ cet̪anɾɛ niɾbʰɔɾɔʔkana,sanam-aʔ-ge t̪ihiɲ cet̪an-ɾɛ niɾbʰɔɾ-ɔʔ-kana,all-EMPH-EMPH today matter-LOC depend-FIN-PROG,Everything is depending on today.
santali_paradigm_glossed.eaf,36,77000,79000,iɲiɲ ɾɔɽa,iɲ-iɲ ɾɔɽ-a,1SG-SUBJ say-HAB.FIN,I say.
santali_paradigm_glossed.eaf,37,79200,81200,ɘliɲliɲ ɾɔɽa,ɘliɲ-liɲ ɾɔɽ-a,1DU.EXCL-SUBJ say-HAB.FIN,We two say.
santali_paradigm_glossed.eaf,38,81400,83400,alɛlɛ ɾɔɽa,alɛ-lɛ ɾɔɽ-a,1PL.INCL-SUBJ say-HAB.FIN,We say.
santali_paradigm_glossed.eaf,39,83600,85600,amɛm ɾɔɽa,amɛ-m ɾɔɽ-a,2SG-SUBJ say-HAB.FIN,You say.
santali_paradigm_glossed.eaf,40,85800,87800,abɛnbɛn ɾɔɽa,abɛn-bɛn ɾɔɽ-a,2DU-SUBJ say-HAB.FIN,You two say.
santali_paradigm_glossed.eaf,41,88000,90000,apɛpɛ ɾɔɽa,apɛ-pɛ ɾɔɽ-a,2PL-SUBJ say-HAB.FIN,You say.
santali_paradigm_glossed.eaf,42,90200,92200,uni.jɛ ɾɔɽa,uni-jɛ ɾɔɽ-a,3SG.ANIM-SUBJ say-HAB.FIN,He/She says.
santali_paradigm_glossed.eaf,43,92400,94400,ɔna͡i̯ ɾɔɽa,ɔna-i̯ ɾɔɽ-a,3SG.INANIM-SUBJ say-HAB.FIN,That says.
santali_paradigm_glossed.eaf,44,94600,96600,uŋkinkin ɾɔɽa,uŋkin-kin ɾɔɽ-a,3DU.ANIM-SUBJ say-HAB.FIN,The two say.
santali_paradigm_glossed.eaf,45,96800,98800,ɔnakoko ɾɔɽa,ɔnako-ko ɾɔɽ-a,3PL.INANIM-SUBJ say-HAB.FIN,Those say.
santali_paradigm_glossed.eaf,46,99000,101000,oŋkoko ɾɔɽa,oŋko-ko ɾɔɽ-a,3PL.ANIM-SUBJ say-HAB.FIN,They say.
santali_paradigm_glossed.eaf,47,101200,103200,ɔnakoko ɾɔɽa,ɔnako-ko ɾɔɽ-a,3PL.INANIM-SUBJ say-HAB.FIN,Those say.
santali_paradigm_glossed.eaf,48,103400,105400,iɲ bɘɲ ɾɔɽa,iɲ bɘɲ ɾɔɽ-a,1SG NEG say-HAB.FIN,I do not say so.
santali_paradigm_glossed.eaf,49,105600,107600,ɘliɲ bɘliɲ ɾɔɽa,ɘliɲ bɘ-liɲ ɾɔɽ-a,1DU.EXCL NEG-SUBJ say-HAB.FIN,We two do not say so.
santali_paradigm_glossed.eaf,50,107800,109800,alɛ balɛ ɾɔɽa,alɛ ba-lɛ ɾɔɽ-a,1PL.INCL NEG-SUBJ say-HAB.FIN,We do not say so.
santali_paradigm_glossed.eaf,51,110000,112000,am bam ɾɔɽa,am ba-m ɾɔɽ-a,2SG NEG-SUBJ say-HAB.FIN,You do not say so.
santali_paradigm_glossed.eaf,52,112200,114200,abɛn babɛn ɾɔɽa,abɛn ba-bɛn ɾɔɽ-a,2DU NEG-SUBJ say-HAB.FIN,You two do not say so.
santali_paradigm_glossed.eaf,53,114400,116400,apɛ bapɛ ɾɔɽa,apɛ ba-pɛ ɾɔɽ-a,2PL NEG-SUBJ say-HAB.FIN,You do not say so.
santali_paradigm_glossed.eaf,54,116600,118600,uni ba͡i̯ ɾɔɽa,uni ba-i̯ ɾɔɽ-a,3SG.ANIM NEG-3SG.ANIM:SUBJ say-HAB.FIN,He/She does not say so.
santali_paradigm_glossed.eaf,55,118800,120800,ɔna ba͡i̯ ɾɔɽa,ɔna ba-i̯ ɾɔɽ-a,3SG.INANIM NEG-SUBJ say-HAB.FIN,That does not say so.
santali_paradigm_glossed.eaf,56,121000,123000,unkin bɘkin ɾɔɽa,unkin bɘ-kin ɾɔɽ-a,3DU.ANIM NEG-3DU:SUBJ say-HAB.FIN,The two do not say so.
santali_paradigm_glossed.eaf,57,123200,125200,ɔnakin ba͡i̯ ɾɔɽa,ɔnakin ba-i̯ ɾɔɽ-a,3DU.INANIM NEG-SUBJ say-HAB.FIN,Those two do not say so.
santali_paradigm_glossed.eaf,58,125400,127400,onko bako ɾɔɽa,onko ba-ko ɾɔɽ-a,3PL.ANIM NEG-3PL:SUBJ say-HAB.FIN,They do not say so.
santali_paradigm_glossed.eaf,59,127600,129600,ɔnako bako ɾɔɽa,ɔnako ba-ko ɾɔɽ-a,3PL.INANIM NEG-3PL:SUBJ say-HAB.FIN,Those do not say so.
santali_paradigm_glossed.eaf,60,129800,131800,iɲiɲ ɾɔɽa?,iɲ-iɲ ɾɔɽ-a,1SG-SUBJ say-Q.FIN,Do I say?
santali_paradigm_glossed.eaf,61,132000,134000,ɘliɲliɲ ɾɔɽa?,ɘliɲ-liɲ ɾɔɽ-a,1DU.EXCL-SUBJ say-Q.FIN,Do we two say?
santali_paradigm_glossed.eaf,62,134200,136200,alɛlɛ ɾɔɽa?,alɛ-lɛ ɾɔɽ-a,1PL.INCL-SUBJ say-Q.FIN,Do we say?
santali_paradigm_glossed.eaf,63,136400,138400,amɛm ɾɔɽa?,amɛ-m ɾɔɽ-a,2SG-SUBJ say-Q.FIN,Do you say?
santali_paradigm_glossed.eaf,64,138600,140600,abɛnbɛn ɾɔɽa?,abɛn-bɛn ɾɔɽ-a,2DU-SUBJ say-Q.FIN,Do you two say?
santali_paradigm_glossed.eaf,65,140800,142800,apɛpɛ ɾɔɽa?,apɛ-pɛ ɾɔɽ-a,2PL-SUBJ say-Q.FIN,Do you say?
santali_paradigm_glossed.eaf,66,143000,145000,uni.jɛ ɾɔɽa?,uni-jɛ ɾɔɽ-a,3SG.ANIM-SUBJ say-Q.FIN,Does he/she say?
santali_paradigm_glossed.eaf,67,145200,147200,ɔna͡i̯ ɾɔɽa?,ɔna-i̯ ɾɔɽ-a,3SG.INANIM-SUBJ say-Q.FIN,Does that say?
santali_paradigm_glossed.eaf,68,147400,149400,unkinkin ɾɔɽa?,unkin-kin ɾɔɽ-a,3DU.ANIM-SUBJ say-Q.FIN,Do they two say?
santali_paradigm_glossed.eaf,69,149600,151600,ɔnakinɛ ɾɔɽa?,ɔnakin-ɛ ɾɔɽ-a,3DU.INANIM-SUBJ say-Q.FIN,Do those two say?
santali_paradigm_glossed.eaf,70,151800,153800,onkoko ɾɔɽa?,onko-ko ɾɔɽ-a,3PL.ANIM-SUBJ say-Q.FIN,Do they say?
santali_paradigm_glossed.eaf,71,154000,156000,ɔnakoko ɾɔɽa?,ɔnako-ko ɾɔɽ-a,3PL.INANIM-SUBJ say-Q.FIN,Do those say?
santali_paradigm_glossed.eaf,72,156200,158200,iɲiɲ ɾɔɾɔɽ kana,iɲ-iɲ ɾɔ-ɾɔɽ kan-a,1SG-SUBJ RED-say COP-PROG.FIN,I am saying.
santali_paradigm_glossed.eaf,73,158400,160400,ɘliɲliɲ ɾɔɾɔɽ kana,ɘliɲ-liɲ ɾɔ-ɾɔɽ kan-a,1DU.EXCL-SUBJ RED-say COP-PROG.FIN,We two are saying.
santali_paradigm_glossed.eaf,74,160600,162600,alɛlɛ ɾɔɾɔɽ kana,alɛ-lɛ ɾɔ-ɾɔɽ kan-a,1PL.INCL-SUBJ RED-say COP-PROG.FIN,We are saying.
santali_paradigm_glossed.eaf,75,162800,164800,amɛm ɾɔɾɔɽ kana,amɛ-m ɾɔ-ɾɔɽ kan-a,2SG-SUBJ RED-say COP-PROG.FIN,You are saying.
santali_paradigm_glossed.eaf,76,165000,167000,abɛnbɛn ɾɔɾɔɽ kana,abɛn-bɛn ɾɔ-ɾɔɽ kan-a,2DU-SUBJ RED-say COP-PROG.FIN,You two are saying.
santali_paradigm_glossed.eaf,77,167200,169200,apɛpɛ ɾɔɾɔɽ kana,apɛ-pɛ ɾɔ-ɾɔɽ kan-a,2PL-SUBJ RED-say COP-PROG.FIN,You are saying.
santali_paradigm_glossed.eaf,78,169400,171400,uni̯͡ɛ ɾɔɾɔɽ kana,uni-̯ɛ ɾɔ-ɾɔɽ kan-a,3SG.ANIM-SUBJ RED-say COP-PROG.FIN,He/She is saying.
santali_paradigm_glossed.eaf,79,171600,173600,ɔna͡i̯ ɾɔɾɔɽ kana,ɔna-i̯ ɾɔ-ɾɔɽ kan-a,3SG.INANIM-SUBJ RED-say COP-PROG.FIN,That is saying.
santali_paradigm_glossed.eaf,80,173800,175800,unkinkin ɾɔɾɔɽ kana,unkin-kin ɾɔ-ɾɔɽ kan-a,3DU.ANIM-SUBJ RED-say COP-PROG.FIN,They the two are saying.
santali_paradigm_glossed.eaf,81,176000,178000,ɔnakinɛ ɾɔɾɔɽ kana,ɔnakin-ɛ ɾɔ-ɾɔɽ kan-a,3DU.INANIM-SUBJ RED-say COP-PROG.FIN,Those two are saying.
santali_paradigm_glossed.eaf,82,178200,180200,onkoko ɾɔɾɔɽ kana,onko-ko ɾɔ-ɾɔɽ kan-a,3PL.ANIM-SUBJ RED-say COP-PROG.FIN,They are saying.
santali_paradigm_glossed.eaf,83,180400,182400,ɔnakoko ɾɔɾɔɽ kana,ɔnako-ko ɾɔ-ɾɔɽ kan-a,3PL.INANIM-SUBJ RED-say COP-PROG.FIN,Those are saying.
santali_paradigm_glossed.eaf,84,182600,184600,iɲiɲ ɾɔɽakad̪a,iɲ-iɲ ɾɔɽ-a-kad̪-a,1SG-SUBJ say-PERF-TR-FIN,I have said.
santali_paradigm_glossed.eaf,85,184800,186800,ɘliɲliɲ ɾɔɽakad̪a,ɘliɲ-liɲ ɾɔɽ-a-kad̪-a,1DU.EXCL-SUBJ say-PERF-TR-FIN,We two have said.
santali_paradigm_glossed.eaf,86,187000,189000,alɛlɛ ɾɔɽakad̪a,alɛ-lɛ ɾɔɽ-a-kad̪-a,1PL.INCL-SUBJ say-PERF-TR-FIN,We have said.
santali_paradigm_glossed.eaf,87,189200,191200,amɛm ɾɔɽakad̪a,amɛ-m ɾɔɽ-a-kad̪-a,2SG-SUBJ say-PERF-TR-FIN,You have said.
santali_paradigm_glossed.eaf,88,191400,193400,abɛnbɛn ɾɔɽakad̪a,abɛn-bɛn ɾɔɽ-a-kad̪-a,2DU-SUBJ say-PERF-TR-FIN,You two have said.
santali_paradigm_glossed.eaf,89,193600,195600,apɛpɛ ɾɔɽakad̪a,apɛ-pɛ ɾɔɽ-a-kad̪-a,2PL-SUBJ say-PERF-TR-FIN,You have said.
santali_paradigm_glossed.eaf,90,195800,197800,uni͡i̯ ɾɔɽakad̪a,uni-i̯ ɾɔɽ-a-kad̪-a,3SG.ANIM-SUBJ say-PERF-TR-FIN,He/She has said.
santali_paradigm_glossed.eaf,91,198000,200000,ɔna͡i̯ ɾɔɽakad̪a,ɔna-i̯ ɾɔɽ-a-kad̪-a,3SG.INANIM-SUBJ say-PERF-TR-FIN,That has said.
santali_paradigm_glossed.eaf,92,200200,202200,uŋkinkin ɾɔɽakad̪a,uŋkin-kin ɾɔɽ-a-kad̪-a,3DU.ANIM-SUBJ say-PERF-TR-FIN,The two have said.
santali_paradigm_glossed.eaf,93,202400,204400,ɔnakinɛ ɾɔɽakad̪a,ɔnakin-ɛ ɾɔɽ-a-kad̪-a,3DU.INANIM-SUBJ say-PERF-TR-FIN,Those two have said.
santali_paradigm_glossed.eaf,94,204600,206600,onkoko ɾɔɽakad̪a,onko-ko ɾɔɽ-a-kad̪-a,3PL.ANIM-SUBJ say-PERF-TR-FIN,They have said.
santali_paradigm_glossed.eaf,95,206800,208800,ɔnakoko ɾɔɽakad̪a,ɔnako-ko ɾɔɽ-a-kad̪-a,3PL.INANIM-SUBJ say-PERF-TR-FIN,Those have said.
santali_paradigm_glossed.eaf,96,209000,211000,iɲ bɘɲ ɾɔɽakad̪a,iɲ bɘɲ ɾɔɽ-a-kad̪-a,1SG NEG say-PERF-TR-FIN,I have not said.
santali_paradigm_glossed.eaf,97,211200,213200,ɘliɲ bɘliɲ ɾɔɽakad̪a,ɘliɲ bɘ-liɲ ɾɔɽ-a-kad̪-a,1DU.EXCL NEG-1DU:SUBJ say-PERF-TR-FIN,We two have not said.
santali_paradigm_glossed.eaf,98,213400,215400,alɛ balɛ ɾɔɽakad̪a,alɛ ba-lɛ ɾɔɽ-a-kad̪-a,1PL.INCL NEG-1PL:SUBJ say-PERF-TR-FIN,We have not said.
santali_paradigm_glossed.eaf,99,215600,217600,am bam ɾɔɽakad̪a,am ba-m ɾɔɽ-a-kad̪-a,2SG NEG-2SG:SUBJ say-PERF-TR-FIN,You have not said.
santali_paradigm_glossed.eaf,100,217800,219800,abɛn babɛn ɾɔɽakad̪a,abɛn ba-bɛn ɾɔɽ-a-kad̪-a,2DU NEG-2DU:SUBJ say-PERF-TR-FIN,You two have not said.
santali_paradigm_glossed.eaf,101,220000,222000,apɛ bapɛ ɾɔɽakad̪a,apɛ ba-pɛ ɾɔɽ-a-kad̪-a,2PL NEG-2PL:SUBJ say-PERF-TR-FIN,You have not said.
santali_paradigm_glossed.eaf,102,222200,224200,uni ba͡i̯ ɾɔɽakad̪a,uni ba-i̯ ɾɔɽ-a-kad̪-a,3SG.ANIM NEG-3SG.ANIM:SUBJ say-PERF-TR-FIN,He/She has not said.
santali_paradigm_glossed.eaf,103,224400,226400,ɔna ba͡i̯ ɾɔɽakad̪a,ɔna ba-i̯ ɾɔɽ-a-kad̪-a,3SG.INANIM NEG-SUBJ say-PERF-TR-FIN,That has not said.
santali_paradigm_glossed.eaf,104,226600,228600,unkin bɘkin ɾɔɽakad̪a,unkin bɘ-kin ɾɔɽ-a-kad̪-a,3DU.ANIM NEG-3DU:SUBJ say-PERF-TR-FIN,The two have not said.
santali_paradigm_glossed.eaf,105,228800,230800,ɔnakin bakin ɾɔɽakad̪a,ɔnakin ba-kin ɾɔɽ-a-kad̪-a,3DU.INANIM NEG-3DU:SUBJ say-PERF-TR-FIN,Those two have not said.
santali_paradigm_glossed.eaf,106,231000,233000,oŋko bako ɾɔɽakad̪a,oŋko ba-ko ɾɔɽ-a-kad̪-a,3PL.ANIM NEG-3PL:SUBJ say-PERF-TR-FIN,They have not said.
santali_paradigm_glossed.eaf,107,233200,235200,ɔnako bako ɾɔɽakad̪a,ɔnako ba-ko ɾɔɽ-a-kad̪-a,3PL.INANIM NEG-3PL:SUBJ say-PERF-TR-FIN,Those have not said.
santali_paradigm_glossed.eaf,108,235400,237400,iɲiɲ ɾɔɽakad̪a?,iɲ-iɲ ɾɔɽ-a-kad̪-a,1SG-SUBJ say-PERF-TR-Q.FIN,Have I said?
santali_paradigm_glossed.eaf,109,237600,239600,ɘliɲliɲ ɾɔɽakad̪a?,ɘliɲ-liɲ ɾɔɽ-a-kad̪-a,1DU.EXCL-SUBJ say-PERF-TR-Q.FIN,Have we two said?
santali_paradigm_glossed.eaf,110,239800,241800,alɛlɛ ɾɔɽakad̪a?,alɛ-lɛ ɾɔɽ-a-kad̪-a,1PL.INCL-SUBJ say-PERF-TR-Q.FIN,Have we said?
santali_paradigm_glossed.eaf,111,242000,244000,amɛm ɾɔɽakad̪a?,amɛ-m ɾɔɽ-a-kad̪-a,2SG-SUBJ say-PERF-TR-Q.FIN,Have you said?
santali_paradigm_glossed.eaf,112,244200,246200,abɛnbɛn ɾɔɽakad̪a?,abɛn-bɛn ɾɔɽ-a-kad̪-a,2DU-SUBJ say-PERF-TR-Q.FIN,Have you two said?
santali_paradigm_glossed.eaf,113,246400,248400,apɛpɛ ɾɔɽakad̪a?,apɛ-pɛ ɾɔɽ-a-kad̪-a,2PL-SUBJ say-PERF-TR-Q.FIN,Have you said?
santali_paradigm_glossed.eaf,114,248600,250600,uni̯͡ɛ ɾɔɽakad̪a?,uni-̯ɛ ɾɔɽ-a-kad̪-a,3SG.ANIM-SUBJ say-PERF-TR-Q.FIN,Has he/she said?
santali_paradigm_glossed.eaf,115,250800,252800,ɔna͡i̯ ɾɔɽakad̪a?,ɔna-i̯ ɾɔɽ-a-kad̪-a,3SG.INANIM-SUBJ say-PERF-TR-Q.FIN,Has that said?
santali_paradigm_glossed.eaf,116,253000,255000,unkinkin ɾɔɽakad̪a?,unkin-kin ɾɔɽ-a-kad̪-a,3DU.ANIM-SUBJ say-PERF-TR-Q.FIN,Have the two said?
santali_paradigm_glossed.eaf,117,255200,257200,ɔnakinɛ ɾɔɽakad̪a?,ɔnakin-ɛ ɾɔɽ-a-kad̪-a,3DU.INANIM-SUBJ say-PERF-TR-Q.FIN,Have those two said?
santali_paradigm_glossed.eaf,118,257400,259400,oŋkoko ɾɔɽakad̪a?,oŋko-ko ɾɔɽ-a-kad̪-a,3PL.ANIM-SUBJ say-PERF-TR-Q.FIN,Have they said?
santali_paradigm_glossed.eaf,119,259600,261600,ɔnakoko ɾɔɽakad̪a?,ɔnako-ko ɾɔɽ-a-kad̪-a,3PL.INANIM-SUBJ say-PERF-TR-Q.FIN,Have those said?
santali_paradigm_glossed.eaf,120,261800,263800,iɲiɲ ɾɔɽked̪a,iɲ-iɲ ɾɔɽ-ke-d̪a,1SG-SUBJ say-PST-FIN,I said.
santali_paradigm_glossed.eaf,121,264000,266000,ɘliɲliɲ ɾɔɽked̪a,ɘliɲ-liɲ ɾɔɽ-ke-d̪a,1DU.EXCL-SUBJ say-PST-FIN,We two said.
santali_paradigm_glossed.eaf,122,266200,268200,alɛlɛ ɾɔɽked̪a,alɛ-lɛ ɾɔɽ-ke-d̪a,1PL.INCL-SUBJ say-PST-FIN,We said.
santali_paradigm_glossed.eaf,123,268400,270400,amɛm ɾɔɽked̪a,amɛ-m ɾɔɽ-ke-d̪a,2SG-SUBJ say-PST-FIN,You said.
santali_paradigm_glossed.eaf,124,270600,272600,abɛnbɛn ɾɔɽked̪a,abɛn-bɛn ɾɔɽ-ke-d̪a,2DU-SUBJ say-PST-FIN,You two said.
santali_paradigm_glossed.eaf,125,272800,274800,apɛpɛ ɾɔɽked̪a,apɛ-pɛ ɾɔɽ-ke-d̪a,2PL-SUBJ say-PST-FIN,You said.
santali_paradigm_glossed.eaf,126,275000,277000,uni͡i̯ ɾɔɽked̪a,uni-i̯ ɾɔɽ-ke-d̪a,3SG.ANIM-SUBJ say-PST-FIN,He/She said.
santali_paradigm_glossed.eaf,127,277200,279200,ɔna͡i̯ ɾɔɽked̪a,ɔna-i̯ ɾɔɽ-ke-d̪a,3SG.INANIM-SUBJ say-PST-FIN,That said.
santali_paradigm_glossed.eaf,128,279400,281400,uŋkinkin ɾɔɽked̪a,uŋkin-kin ɾɔɽ-ke-d̪a,3DU.ANIM-SUBJ say-PST-FIN,The two said.
santali_paradigm_glossed.eaf,129,281600,283600,ɔnakinɛ ɾɔɽked̪a,ɔnakin-ɛ ɾɔɽ-ke-d̪a,3DU.INANIM-SUBJ say-PST-FIN,Those two said.
santali_paradigm_glossed.eaf,130,283800,285800,oŋkoko ɾɔɽked̪a,oŋko-ko ɾɔɽ-ke-d̪a,3PL.ANIM-SUBJ say-PST-FIN,They said.
santali_paradigm_glossed.eaf,131,286000,288000,ɔnakoko ɾɔɽked̪a,ɔnako-ko ɾɔɽ-ke-d̪a,3PL.INANIM-SUBJ say-PST-FIN,Those said.
santali_paradigm_glossed.eaf,132,288200,290200,iɲiɲ ɾɔɽɛt̪̚ʔkant̪ahɛ̃na,iɲ-iɲ ɾɔɽ-ɛt̪ʔ-kan-t̪ahɛ̃-na,1SG-SUBJ say-PROG-COP-PST.COP-FIN,I was saying.
santali_paradigm_glossed.eaf,133,290400,292400,ɘliɲliɲ ɾɔɽɛt̪̚ʔkant̪ahɛ̃na,ɘliɲ-liɲ ɾɔɽ-ɛt̪ʔ-kan-t̪ahɛ̃-na,1DU.EXCL-SUBJ say-PROG-COP-PST.COP-FIN,We two were saying.
santali_paradigm_glossed.eaf,134,292600,294600,alɛlɛ ɾɔɽɛt̪̚ʔkant̪ahɛ̃na,alɛ-lɛ ɾɔɽ-ɛt̪ʔ-kan-t̪ahɛ̃-na,1PL.INCL-SUBJ say-PROG-COP-PST.COP-FIN,We were saying.
santali_paradigm_glossed.eaf,135,294800,296800,amɛm ɾɔɽɛt̪̚ʔkant̪ahɛ̃na,amɛ-m ɾɔɽ-ɛt̪ʔ-kan-t̪ahɛ̃-na,2SG-SUBJ say-PROG-COP-PST.COP-FIN,You were saying.
santali_paradigm_glossed.eaf,136,297000,299000,abɛnbɛn ɾɔɽɛt̪̚ʔkant̪ahɛ̃na,abɛn-bɛn ɾɔɽ-ɛt̪ʔ-kan-t̪ahɛ̃-na,2DU-SUBJ say-PROG-COP-PST.COP-FIN,You two were saying.
santali_paradigm_glossed.eaf,137,299200,301200,apɛpɛ ɾɔɽɛt̪̚ʔkant̪ahɛ̃na,apɛ-pɛ ɾɔɽ-ɛt̪ʔ-kan-t̪ahɛ̃-na,2PL-SUBJ say-PROG-COP-PST.COP-FIN,You were saying.
santali_paradigm_glossed.eaf,138,301400,303400,uni.jɛ ɾɔɽɛt̪̚ʔkant̪ahɛ̃na,uni-jɛ ɾɔɽ-ɛt̪ʔ-kan-t̪ahɛ̃-na,3SG.ANIM-SUBJ say-PROG-COP-PST.COP-FIN,He/She was saying.
santali_paradigm_glossed.eaf,139,303600,305600,ɔna͡i̯ ɾɔɽɛt̪̚ʔkant̪ahɛ̃na,ɔna-i̯ ɾɔɽ-ɛt̪ʔ-kan-t̪ahɛ̃-na,3SG.INANIM-SUBJ say-PROG-COP-PST.COP-FIN,That was saying.
santali_paradigm_glossed.eaf,140,305800,307800,uŋkinkin ɾɔɽɛt̪̚ʔkant̪ahɛ̃na,uŋkin-kin ɾɔɽ-ɛt̪ʔ-kan-t̪ahɛ̃-na,3DU.ANIM-SUBJ say-PROG-COP-PST.COP-FIN,The two were saying.
santali_paradigm_glossed.eaf,141,308000,310000,ɔnakin ɾɔɽɛt̪̚ʔkant̪ahɛ̃na,ɔnakin ɾɔɽ-ɛt̪ʔ-kan-t̪ahɛ̃-na,3DU.INANIM say-PROG-COP-PST.COP-FIN,Those two were saying.
santali_paradigm_glossed.eaf,142,310200,312200,onkoko ɾɔɽɛt̪̚ʔkant̪ahɛ̃na,onko-ko ɾɔɽ-ɛt̪ʔ-kan-t̪ahɛ̃-na,3PL.ANIM-SUBJ say-PROG-COP-PST.COP-FIN,They were saying.
santali_paradigm_glossed.eaf,143,312400,314400,ɔnakoko ɾɔɽɛt̪̚ʔkant̪ahɛ̃na,ɔnako-ko ɾɔɽ-ɛt̪ʔ-kan-t̪ahɛ̃-na,3PL.INANIM-SUBJ say-PROG-COP-PST.COP-FIN,Those were saying.
santali_paradigm_glossed.eaf,144,314600,316600,iɲiɲ ɾɔɽlɛd̪a,iɲ-iɲ ɾɔɽ-lɛ-d̪a,1SG-SUBJ say-PST.PERF-FIN,I said.
santali_paradigm_glossed.eaf,145,316800,318800,ɘliɲliɲ ɾɔɾɔɽlɛd̪a,ɘliɲ-liɲ ɾɔ-ɾɔɽ-lɛ-d̪a,1DU.EXCL-SUBJ RED-say-PST.PERF-FIN,We two said.
santali_paradigm_glossed.eaf,146,319000,321000,alɛlɛ ɾɔɽlɛd̪a,alɛ-lɛ ɾɔɽ-lɛ-d̪a,1PL.INCL-SUBJ say-PST.PERF-FIN,We said.
santali_paradigm_glossed.eaf,147,321200,323200,amɛm ɾɔɽlɛd̪a,amɛ-m ɾɔɽ-lɛ-d̪a,2SG-SUBJ say-PST.PERF-FIN,You said.
santali_paradigm_glossed.eaf,148,323400,325400,abɛnbɛn ɾɔɽlɛd̪a,abɛn-bɛn ɾɔɽ-lɛ-d̪a,2DU-SUBJ say-PST.PERF-FIN,You two said.
santali_paradigm_glossed.eaf,149,325600,327600,apɛpɛ ɾɔɽlɛd̪a,apɛ-pɛ ɾɔɽ-lɛ-d̪a,2PL-SUBJ say-PST.PERF-FIN,You said.
santali_paradigm_glossed.eaf,150,327800,329800,uni.jɛ ɾɔɽlɛd̪a,uni-jɛ ɾɔɽ-lɛ-d̪a,3SG.ANIM-SUBJ say-PST.PERF-FIN,He/She said.
santali_paradigm_glossed.eaf,151,330000,332000,ɔna͡i̯ ɾɔɽlɛd̪a,ɔna-i̯ ɾɔɽ-lɛ-d̪a,3SG.INANIM-SUBJ say-PST.PERF-FIN,That said.
santali_paradigm_glossed.eaf,152,332200,334200,unkinkin ɾɔɽlɛd̪a,unkin-kin ɾɔɽ-lɛ-d̪a,3DU.ANIM-SUBJ say-PST.PERF-FIN,The two said.
santali_paradigm_glossed.eaf,153,334400,336400,ɔnakinɛ ɾɔɽlɛd̪a,ɔnakin-ɛ ɾɔɽ-lɛ-d̪a,3DU.INANIM-SUBJ say-PST.PERF-FIN,Those two said.
santali_paradigm_glossed.eaf,154,336600,338600,oŋkoko ɾɔɽlɛd̪a,oŋko-ko ɾɔɽ-lɛ-d̪a,3PL.ANIM-SUBJ say-PST.PERF-FIN,They said.
santali_paradigm_glossed.eaf,155,338800,340800,ɔnakoko ɾɔɽlɛd̪a,ɔnako-ko ɾɔɽ-lɛ-d̪a,3PL.INANIM-SUBJ say-PST.PERF-FIN,Those said.
santali_paradigm_glossed.eaf,156,341000,343000,iɲiɲ ɾɔɽa,iɲ-iɲ ɾɔɽ-a,1SG-SUBJ say-FUT.FIN,I will say.
santali_paradigm_glossed.eaf,157,343200,345200,ɘliɲliɲ ɾɔɽa,ɘliɲ-liɲ ɾɔɽ-a,1DU.EXCL-SUBJ say-FUT.FIN,We two will say.
santali_paradigm_glossed.eaf,158,345400,347400,alɛlɛ ɾɔɽa,alɛ-lɛ ɾɔɽ-a,1PL.INCL-SUBJ say-FUT.FIN,We will say.
santali_paradigm_glossed.eaf,159,347600,349600,amɛm ɾɔɽa,amɛ-m ɾɔɽ-a,2SG-SUBJ say-FUT.FIN,You will say.
santali_paradigm_glossed.eaf,160,349800,351800,abɛnbɛn ɾɔɽa,abɛn-bɛn ɾɔɽ-a,2DU-SUBJ say-FUT.FIN,You two will say.
santali_paradigm_glossed.eaf,161,352000,354000,apɛpɛ ɾɔɽa,apɛ-pɛ ɾɔɽ-a,2PL-SUBJ say-FUT.FIN,You will say.
santali_paradigm_glossed.eaf,162,354200,356200,uni͡i̯ ɾɔɽa,uni-i̯ ɾɔɽ-a,3SG.ANIM-SUBJ say-FUT.FIN,He/She will say.
santali_paradigm_glossed.eaf,163,356400,358400,ɔna͡i̯ ɾɔɽa,ɔna-i̯ ɾɔɽ-a,3SG.INANIM-SUBJ say-FUT.FIN,That will say.
santali_paradigm_glossed.eaf,164,358600,360600,uŋkinkin ɾɔɽa,uŋkin-kin ɾɔɽ-a,3DU.ANIM-SUBJ say-FUT.FIN,The two will say.
santali_paradigm_glossed.eaf,165,360800,362800,ɔnakinɛ ɾɔɽa,ɔnakin-ɛ ɾɔɽ-a,3DU.INANIM-SUBJ say-FUT.FIN,Those two will say.
santali_paradigm_glossed.eaf,166,363000,365000,ɔnkoko ɾɔɽa,ɔnko-ko ɾɔɽ-a,3PL.ANIM-SUBJ say-FUT.FIN,They will say.
santali_paradigm_glossed.eaf,167,365200,367200,ɔnakoko ɾɔɽa,ɔnako-ko ɾɔɽ-a,3PL.INANIM-SUBJ say-FUT.FIN,Those will say.
santali_paradigm_glossed.eaf,168,367400,369400,iɲ bɘɲ ɾɔɽa,iɲ bɘɲ ɾɔɽ-a,1SG NEG say-FUT.FIN,I will not say.
santali_paradigm_glossed.eaf,169,369600,371600,ɘliɲ bɘliɲ ɾɔɽa,ɘliɲ bɘ-liɲ ɾɔɽ-a,1DU.EXCL NEG-1DU:SUBJ say-FUT.FIN,We two will not say.
santali_paradigm_glossed.eaf,170,371800,373800,alɛ balɛ ɾɔɽa,alɛ ba-lɛ ɾɔɽ-a,1PL.INCL NEG-1PL:SUBJ say-FUT.FIN,We will not say.
santali_paradigm_glossed.eaf,171,374000,376000,am bam ɾɔɽa,am ba-m ɾɔɽ-a,2SG NEG-2SG:SUBJ say-FUT.FIN,You will not say.
santali_paradigm_glossed.eaf,172,376200,378200,abɛn babɛn ɾɔɽa,abɛn ba-bɛn ɾɔɽ-a,2DU NEG-2DU:SUBJ say-FUT.FIN,You two will not say.
santali_paradigm_glossed.eaf,173,378400,380400,apɛ bapɛ ɾɔɽa,apɛ ba-pɛ ɾɔɽ-a,2PL NEG-2PL:SUBJ say-FUT.FIN,You will not say.
santali_paradigm_glossed.eaf,174,380600,382600,uni ba͡i̯ ɾɔɽa,uni ba-i̯ ɾɔɽ-a,3SG.ANIM NEG-3SG.ANIM:SUBJ say-FUT.FIN,He/She will not say.
santali_paradigm_glossed.eaf,175,382800,384800,ɔna ba͡i̯ ɾɔɽa,ɔna ba-i̯ ɾɔɽ-a,3SG.INANIM NEG-SUBJ say-FUT.FIN,That will not say.
santali_paradigm_glossed.eaf,176,385000,387000,uŋkin bɘkin ɾɔɽa,uŋkin bɘ-kin ɾɔɽ-a,3DU.ANIM NEG-3DU:SUBJ say-FUT.FIN,The two will not say.
santali_paradigm_glossed.eaf,177,387200,389200,ɔnakin bakin ɾɔɽa,ɔnakin ba-kin ɾɔɽ-a,3DU.INANIM NEG-3DU:SUBJ say-FUT.FIN,Those two will not say.
santali_paradigm_glossed.eaf,178,389400,391400,oŋko bako ɾɔɽa,oŋko ba-ko ɾɔɽ-a,3PL.ANIM NEG-3PL:SUBJ say-FUT.FIN,They will not say.
santali_paradigm_glossed.eaf,179,391600,393600,ɔnako bako ɾɔɽa,ɔnako ba-ko ɾɔɽ-a,3PL.INANIM NEG-3PL:SUBJ say-FUT.FIN,Those will not say.
santali_paradigm_glossed.eaf,180,393800,395800,iɲiɲ ɾɔɽa?,iɲ-iɲ ɾɔɽ-a,1SG-SUBJ say-Q.FUT.FIN,May I speak/say?
santali_paradigm_glossed.eaf,181,396000,398000,ɘliɲliɲ ɾɔɽa?,ɘliɲ-liɲ ɾɔɽ-a,1DU.EXCL-SUBJ say-Q.FUT.FIN,May we two speak/say?
santali_paradigm_glossed.eaf,182,398200,400200,alɛlɛ ɾɔɽa?,alɛ-lɛ ɾɔɽ-a,1PL.INCL-SUBJ say-Q.FUT.FIN,Shall we speak/say?
santali_paradigm_glossed.eaf,183,400400,402400,amɛm ɾɔɽa?,amɛ-m ɾɔɽ-a,2SG-SUBJ say-Q.FUT.FIN,Will you say?
santali_paradigm_glossed.eaf,184,402600,404600,abɛnbɛn ɾɔɽa?,abɛn-bɛn ɾɔɽ-a,2DU-SUBJ say-Q.FUT.FIN,Will you two say?
santali_paradigm_glossed.eaf,185,404800,406800,apɛpɛ ɾɔɽa?,apɛ-pɛ ɾɔɽ-a,2PL-SUBJ say-Q.FUT.FIN,Will you say?
santali_paradigm_glossed.eaf,186,407000,409000,uni.jɛ ɾɔɽa?,uni-jɛ ɾɔɽ-a,3SG.ANIM-SUBJ say-Q.FUT.FIN,Will he say?
santali_paradigm_glossed.eaf,187,409200,411200,ɔna͡i̯ ɾɔɽa?,ɔna-i̯ ɾɔɽ-a,3SG.INANIM-SUBJ say-Q.FUT.FIN,Will that say?
santali_paradigm_glossed.eaf,188,411400,413400,uŋkinkin ɾɔɽa?,uŋkin-kin ɾɔɽ-a,3DU.ANIM-SUBJ say-Q.FUT.FIN,Will they two say?
santali_paradigm_glossed.eaf,189,413600,415600,ɔnakinɛ ɾɔɽa?,ɔnakin-ɛ ɾɔɽ-a,3DU.INANIM-SUBJ say-Q.FUT.FIN,Will those two say?
santali_paradigm_glossed.eaf,190,415800,417800,oŋkoko ɾɔɽa?,oŋko-ko ɾɔɽ-a,3PL.ANIM-SUBJ say-Q.FUT.FIN,Will they say?
santali_paradigm_glossed.eaf,191,418000,420000,ɔnakoko ɾɔɽa?,ɔnako-ko ɾɔɽ-a,3PL.INANIM-SUBJ say-Q.FUT.FIN,Will those say?
santali_paradigm_glossed.eaf,192,420200,422200,iɲiɲ lɘ͡i̯kaʔa,iɲ-iɲ lɘi̯-ka-ʔ-a,1SG-SUBJ say.keep-PERF-FIN-FIN,I will have said.
santali_paradigm_glossed.eaf,193,422400,424400,ɘliɲliɲ lɘ͡i̯kaʔa,ɘliɲ-liɲ lɘi̯-ka-ʔ-a,1DU.EXCL-SUBJ say.keep-PERF-FIN-FIN,We two will have said.
santali_paradigm_glossed.eaf,194,424600,426600,alɛlɛ lɘ͡i̯kaʔa,alɛ-lɛ lɘi̯-ka-ʔ-a,1PL.INCL-SUBJ say.keep-PERF-FIN-FIN,We will have said.
santali_paradigm_glossed.eaf,195,426800,428800,amɛm lɘ͡i̯kaʔa,amɛ-m lɘi̯-ka-ʔ-a,2SG-SUBJ say.keep-PERF-FIN-FIN,You will have said.
santali_paradigm_glossed.eaf,196,429000,431000,abɛnbɛn lɘ͡i̯kaʔa,abɛn-bɛn lɘi̯-ka-ʔ-a,2DU-SUBJ say.keep-PERF-FIN-FIN,You two will have said.
santali_paradigm_glossed.eaf,197,431200,433200,apɛpɛ lɘ͡i̯kaʔa,apɛ-pɛ lɘi̯-ka-ʔ-a,2PL-SUBJ say.keep-PERF-FIN-FIN,You will have said.
santali_paradigm_glossed.eaf,198,433400,435400,uni͡i̯ lɘ͡i̯kaʔa,uni-i̯ lɘi̯-ka-ʔ-a,3SG.ANIM-SUBJ say.keep-PERF-FIN-FIN,He/She will have said.
santali_paradigm_glossed.eaf,199,435600,437600,ɔna͡i̯ lɘ͡i̯kaʔa,ɔna-i̯ lɘi̯-ka-ʔ-a,3SG.INANIM-SUBJ say.keep-PERF-FIN-FIN,That will have said.
santali_paradigm_glossed.eaf,200,437800,439800,uŋkinkin lɘ͡i̯kaʔa,uŋkin-kin lɘi̯-ka-ʔ-a,3DU.ANIM-SUBJ say.keep-PERF-FIN-FIN,The two will have said.
santali_paradigm_glossed.eaf,201,440000,442000,ɔnakin lɘ͡i̯kaʔa,ɔnakin lɘi̯-ka-ʔ-a,3DU.INANIM say.keep-PERF-FIN-FIN,Those two will have said.
santali_paradigm_glossed.eaf,202,442200,444200,oŋkoko lɘ͡i̯kaʔa,oŋko-ko lɘi̯-ka-ʔ-a,3PL.ANIM-SUBJ say.keep-PERF-FIN-FIN,They will have said.
santali_paradigm_glossed.eaf,203,444400,446400,ɔnakoko lɘ͡i̯kaʔa,ɔnako-ko lɘi̯-ka-ʔ-a,3PL.INANIM-SUBJ say.keep-PERF-FIN-FIN,Those will have said.
lexicon(1).eaf,1,0,2000,d̪uɽup̚ʔ,d̪uɽup̚ʔ,V.sit,to sit
lexicon(1).eaf,2,2200,4200,hiɟuʔ,hiɟuʔ,V.come,to come
lexicon(1).eaf,3,4400,6400,calaʔ,calaʔ,V.go,to go
lexicon(1).eaf,4,6600,8600,op̚ɾom,op̚ɾom,V.recognize,to recognize
lexicon(1).eaf,5,8800,10800,aɲɟɔm,aɲɟɔm,V.listen,to listen
lexicon(1).eaf,6,11000,13000,ɲɛl,ɲɛl,V.see,to see
lexicon(1).eaf,7,13200,15200,baɖa͡i̯,baɖa͡i̯,V.know,to know
lexicon(1).eaf,8,15400,17400,ɛmɔʔ,ɛmɔʔ,V.give,to give
lexicon(1).eaf,9,17600,19600,hat̪a͡o̯,hat̪a͡o̯,V.take,to take
lexicon(1).eaf,10,19800,21800,ɘgu,ɘgu,V.bring,to bring
lexicon(1).eaf,11,22000,24000,ɘgu,ɘgu,V.bring,to bring
lexicon(1).eaf,12,24200,26200,kiɾiɲ,kiɾiɲ,V.buy,to buy
lexicon(1).eaf,13,26400,28400,d̪aɽan,d̪aɽan,V.walk,to walk/roam
lexicon(1).eaf,14,28600,30600,ʈɛo̯͡aŋ hat̪a͡o̯,ʈɛo̯͡aŋ hat̪a͡o̯,V.inquire V.take,to find out
lexicon(1).eaf,15,30800,32800,kusi,kusi,V.like,to like
lexicon(1).eaf,16,33000,35000,at̪̚ʔ,at̪̚ʔ,V.lose,to lose
lexicon(1).eaf,17,35200,37200,ɲam,ɲam,V.find,to find
lexicon(1).eaf,18,37400,39400,cas bas,cas bas,V.cultivate V.work,to cultivate
lexicon(1).eaf,19,39600,41600,bad̪ʰa,bad̪ʰa,V.tie,to tie up
lexicon(1).eaf,20,41800,43800,sɛʈɛɾ kaʔ,sɛʈɛɾ kaʔ,V.arrive COMPL,to deliver
lexicon(1).eaf,21,44000,46000,d̪isɘ d̪ɔho͡i̯,d̪isɘ d̪ɔho͡i̯,N.memory V.keep,to remember
lexicon(1).eaf,22,46200,48200,sɛnd̪ɾa,sɛnd̪ɾa,V.search,to search
lexicon(1).eaf,23,48400,50400,kat̪ʰa ɾɔɽ,kat̪ʰa ɾɔɽ,N.speech V.say,to talk
lexicon(1).eaf,24,50600,52600,majam ɟɔɾɔʔ,majam ɟɔɾɔʔ,N.blood V.flow,to bleed
lexicon(1).eaf,25,52800,54800,bʰind̪ɘɽɔʔ,bʰind̪ɘɽɔʔ,V.read,to read
lexicon(1).eaf,26,55000,57000,ɲuɾhɘʔ,ɲuɾhɘʔ,V.drop.off,to drop off
lexicon(1).eaf,27,57200,59200,ɘkʰɾiɲ,ɘkʰɾiɲ,V.sell,to sell
lexicon(1).eaf,28,59400,61400,ɟɔma d̪ɔho͡i̯,ɟɔma d̪ɔho͡i̯,V.gather V.keep,to deposit
lexicon(1).eaf,29,61600,63600,ɟul,ɟul,V.burn,to burn
lexicon(1).eaf,30,63800,65800,paɾɔm calaʔ,paɾɔm calaʔ,PREP.across V.go,to cross
lexicon(1).eaf,31,66000,68000,gɔɽɔ gɔpɔɽɔʔ,gɔɽɔ gɔpɔɽɔʔ,V.help V.cooperate,to help/cooperate
lexicon(1).eaf,32,68200,70200,d̪ɛɟɔʔ,d̪ɛɟɔʔ,V.ride,to ride
lexicon(1).eaf,33,70400,72400,kuk̚mu ɲɛl,kuk̚mu ɲɛl,N.dream V.see,to dream
lexicon(1).eaf,34,72600,74600,ɟɔm,ɟɔm,V.eat,to eat
lexicon(1).eaf,35,74800,76800,ɾu̯͡ɘɽ,ɾu̯͡ɘɽ,V.return,to return
lexicon(1).eaf,36,77000,79000,hiɽiɲ,hiɽiɲ,V.forget,to forget
lexicon(1).eaf,37,79200,81200,ɔlɔʔ,ɔlɔʔ,V.write,to write
lexicon(1).eaf,38,81400,83400,kuɾumuʈu,kuɾumuʈu,V.try,to try
lexicon(1).eaf,39,83600,85600,sap̚ʔ,sap̚ʔ,V.catch,to catch
lexicon(1).eaf,40,85800,87800,ɛhɔp̚ʔ,ɛhɔp̚ʔ,V.start,to start
lexicon(1).eaf,41,88000,90000,kusi,kusi,ADJ.happy,to become happy
lexicon(1).eaf,42,90200,92200,um ɖɘb̚ɾɘʔ,um ɖɘb̚ɾɘʔ,N.water V.immerse,to take a bath
lexicon(1).eaf,43,92400,94400,bacʰa͡o̯,bacʰa͡o̯,V.pick,to pick
lexicon(1).eaf,44,94600,96600,buɟʰhɘ͡o̯,buɟʰhɘ͡o̯,V.understand,to understand
lexicon(1).eaf,45,96800,98800,cet̚ʔ,cet̚ʔ,V.learn,to learn
lexicon(1).eaf,46,99000,101000,lekʰa,lekʰa,V.calculate,to calculate
lexicon(1).eaf,47,101200,103200,ɔcɔʔ giɖi,ɔcɔʔ giɖi,V.remove COMPL,to remove
lexicon(1).eaf,48,103400,105400,bɔt̪ɔɾ biɽki,bɔt̪ɔɾ biɽki,N.fear V.feel,to be afraid
lexicon(1).eaf,49,105600,107600,lɔhɔt̪̚ʔ,lɔhɔt̪̚ʔ,V.wet,to get wet
lexicon(1).eaf,50,107800,109800,t̪ahɛn,t̪ahɛn,V.stay,to stay
lexicon(1).eaf,51,110000,112000,ɾuhet̪̚ʔ,ɾuhet̪̚ʔ,V.scold,to scold
lexicon(1).eaf,52,112200,114200,bint̪i,bint̪i,V.pray,to pray
lexicon(1).eaf,53,114400,116400,bint̪i,bint̪i,V.pray,to pray
lexicon(1).eaf,54,116600,118600,ɲu,ɲu,V.drink,to drink
lexicon(1).eaf,55,118800,120800,la,la,V.dig,to dig
lexicon(1).eaf,56,121000,123000,ɛsɛt̪̚ʔ kaʔ,ɛsɛt̪̚ʔ kaʔ,V.extinguish COMPL,to turn off
lexicon(1).eaf,57,123200,125200,ɔɽɛʲc̚ʔ,ɔɽɛʲc̚ʔ,V.crack,to crack/burst
lexicon(1).eaf,58,125400,127400,ɾɘput̪̚ʔ,ɾɘput̪̚ʔ,V.break,to break
lexicon(1).eaf,59,127600,129600,ul,ul,N.mango,mango
lexicon(1).eaf,60,129800,131800,kanʈʰaɽ,kanʈʰaɽ,N.jackfruit,jackfruit
lexicon(1).eaf,61,132000,134000,ka͡i̯ɾa,ka͡i̯ɾa,N.banana,banana
lexicon(1).eaf,62,134200,136200,sɘp̚ɽi,sɘp̚ɽi,N.guava,guava
lexicon(1).eaf,63,136400,138400,ɟɔɟɔ,ɟɔɟɔ,N.tamarind,tamarind
lexicon(1).eaf,64,138600,140600,ɟɘnum,ɟɘnum,N.plum,plum
lexicon(1).eaf,65,140800,142800,pɘpit̪a,pɘpit̪a,N.papaya,papaya
lexicon(1).eaf,66,143000,145000,kud̪,kud̪,N.java.plum,java plum
lexicon(1).eaf,67,145200,147200,t̪ale,t̪ale,N.palmyra.palm,palmyra palm
lexicon(1).eaf,68,147400,149400,papit̪a,papit̪a,N.papaya,papaya
lexicon(1).eaf,69,149600,151600,ɾɘsun,ɾɘsun,N.garlic,garlic
lexicon(1).eaf,70,151800,153800,pe.jãc̚,pe.jãc̚,N.onion,onion
lexicon(1).eaf,71,154000,156000,ad̪ʰhɛ,ad̪ʰhɛ,N.ginger,ginger
lexicon(1).eaf,72,156200,158200,bɛɾɛl mɘɾic̚,bɛɾɛl mɘɾic̚,ADJ.raw N.chili,green chilies
lexicon(1).eaf,73,158400,160400,ɾɔhɔɽ mɘɾic̚,ɾɔhɔɽ mɘɾic̚,ADJ.dry N.chili,dry chili
lexicon(1).eaf,74,160600,162600,t̪ilmiɲ,t̪ilmiɲ,N.sesame,sesame
lexicon(1).eaf,75,162800,164800,t̪uɽi,t̪uɽi,N.mustard,mustard
lexicon(1).eaf,76,165000,167000,ɾɔhɔɽ,ɾɔhɔɽ,N.dried.fish,dry fish/meat
lexicon(1).eaf,77,167200,169200,konɖha,konɖha,N.pumpkin,sweet pumpkin
lexicon(1).eaf,78,169400,171400,hɔt̪ɔt̪̚ʔ,hɔt̪ɔt̪̚ʔ,N.gourd,gourd
lexicon(1).eaf,79,171600,173600,sɛkɛɾ kɛnd̪a,sɛkɛɾ kɛnd̪a,ADJ.sweet N.root,sweet potato
lexicon(1).eaf,80,173800,175800,ed̪el saŋ,ed̪el saŋ,N.potato N.sprout,potato sprouts
lexicon(1).eaf,81,176000,178000,ot̪̚ʔ,ot̪̚ʔ,N.mushroom,mushroom
lexicon(1).eaf,82,178200,180200,beŋgaɽ,beŋgaɽ,N.eggplant,eggplant
lexicon(1).eaf,83,180400,182400,sɘɾu,sɘɾu,N.taro,taro root
lexicon(1).eaf,84,182600,184600,malhan,malhan,N.bean,bean
lexicon(1).eaf,85,184800,186800,ɟɔnɖɾa,ɟɔnɖɾa,N.corn,corn
lexicon(1).eaf,86,187000,189000,aɽaʔ,aɽaʔ,N.leafy.vegetable,leafy vegetables
lexicon(1).eaf,87,189200,191200,t̪i,t̪i,N.hand,hand
lexicon(1).eaf,88,191400,193400,t̪i kɘʈup̚ʔ,t̪i kɘʈup̚ʔ,N.hand N.tip,finger
lexicon(1).eaf,89,193600,195600,moca,moca,N.mouth,mouth
lexicon(1).eaf,90,195800,197800,mɛ̃t̪̚ʔ,mɛ̃t̪̚ʔ,N.eye,eye
lexicon(1).eaf,91,198000,200000,lut̪uɾ,lut̪uɾ,N.ear,ear
lexicon(1).eaf,92,200200,202200,mu,mu,N.nose,nose
lexicon(1).eaf,93,202400,204400,gunʈʰi,gunʈʰi,N.knee,knee
lexicon(1).eaf,94,204600,206600,ɟaŋga,ɟaŋga,N.leg,leg
lexicon(1).eaf,95,206800,208800,bɔhɔʔ,bɔhɔʔ,N.head,head
lexicon(1).eaf,96,209000,211000,hɔʈɔʔ,hɔʈɔʔ,N.throat,throat
lexicon(1).eaf,97,211200,213200,laʲc̚ʔ,laʲc̚ʔ,N.belly,belly
lexicon(1).eaf,98,213400,215400,kɔɽam,kɔɽam,N.chest,chest
lexicon(1).eaf,99,215600,217600,d̪ɘbi,d̪ɘbi,N.neck,neck
lexicon(1).eaf,100,217800,219800,up̚ʔ,up̚ʔ,N.hair,hair
lexicon(1).eaf,101,220000,222000,gucu,gucu,N.beard,beard/mustache
lexicon(1).eaf,102,222200,224200,mɛ̃t̚ʔ kuʈi,mɛ̃t̚ʔ kuʈi,N.eye N.hair,eyebrow
lexicon(1).eaf,103,224400,226400,ɟoha,ɟoha,N.cheek,cheeks
lexicon(1).eaf,104,226600,228600,alaŋ,alaŋ,N.tongue,tongue
lexicon(1).eaf,105,228800,230800,ɖaʈa,ɖaʈa,N.tooth,teeth
lexicon(1).eaf,106,231000,233000,ɾama,ɾama,N.nail,nail
lexicon(1).eaf,107,233200,235200,ɟaŋ,ɟaŋ,N.bone,bone
lexicon(1).eaf,108,235400,237400,haɾt̪a,haɾt̪a,N.skin,skin
lexicon(1).eaf,109,237600,239600,ma.jam,ma.jam,N.blood,blood
lexicon(1).eaf,110,239800,241800,kɔɽam,kɔɽam,N.heart,heart
lexicon(1).eaf,111,242000,244000,d̪i.ja,d̪i.ja,N.back,back
lexicon(1).eaf,112,244200,246200,hɔɽmɔ,hɔɽmɔ,N.body,body
lexicon(1).eaf,113,246400,248400,ponɖ,ponɖ,ADJ.white,white
lexicon(1).eaf,114,248600,250600,hɛnd̪ɛ,hɛnd̪ɛ,ADJ.black,black
lexicon(1).eaf,115,250800,252800,aɾaʔ,aɾaʔ,ADJ.red,red
lexicon(1).eaf,116,253000,255000,hɘɾi̯͡ɘɽ,hɘɾi̯͡ɘɽ,ADJ.green,green
lexicon(1).eaf,117,255200,257200,nil,nil,ADJ.blue,blue
lexicon(1).eaf,118,257400,259400,akasi,akasi,ADJ.sky.blue,sky blue
lexicon(1).eaf,119,259600,261600,bɛŋgaɽ ɾɔŋ,bɛŋgaɽ ɾɔŋ,N.eggplant N.colour,purple
lexicon(1).eaf,120,261800,263800,sasaŋ,sasaŋ,ADJ.yellow,yellow
lexicon(1).eaf,121,264000,266000,kic̚ɾiʔ kʰɘnɖu̯͡ɘ,kic̚ɾiʔ kʰɘnɖu̯͡ɘ,N.cloth N.garment,clothes/dress
lexicon(1).eaf,122,266200,268200,panahi,panahi,N.shoe,shoes
lexicon(1).eaf,123,268400,270400,curli,curli,N.bangle,bangles
lexicon(1).eaf,124,270600,272600,pagɾa,pagɾa,N.earring,earrings
lexicon(1).eaf,125,272800,274800,hɔʈɔʔ mala,hɔʈɔʔ mala,N.throat N.garland,pendant
lexicon(1).eaf,126,275000,277000,sut̪̚ʔ ɟʰɘli,sut̪̚ʔ ɟʰɘli,N.hair N.pin,hair clip/band
lexicon(1).eaf,127,277200,279200,d̪ɘɽhi,d̪ɘɽhi,N.turban,turban
lexicon(1).eaf,128,279400,281400,ʈup̚ɾi,ʈup̚ɾi,N.hat,hat
lexicon(1).eaf,129,281600,283600,cɛɽɛ̃,cɛɽɛ̃,N.bird,bird
lexicon(1).eaf,130,283800,285800,ɖaŋɾa,ɖaŋɾa,N.cow,cow
lexicon(1).eaf,131,286000,288000,gɛɖɛ,gɛɖɛ,N.duck,duck
lexicon(1).eaf,132,288200,290200,sim,sim,N.chicken,chicken
lexicon(1).eaf,133,290400,292400,mɛɾɔm,mɛɾɔm,N.goat,goat
lexicon(1).eaf,134,292600,294600,kaɖa,kaɖa,N.buffalo,buffalo
lexicon(1).eaf,135,294800,296800,suk̚ɾi,suk̚ɾi,N.pig,pig
lexicon(1).eaf,136,297000,299000,hɘt̪i,hɘt̪i,N.elephant,elephant
lexicon(1).eaf,137,299200,301200,t̪ɘɾup̚ʔ,t̪ɘɾup̚ʔ,N.tiger,tiger
lexicon(1).eaf,138,301400,303400,bana,bana,N.bear,bear
lexicon(1).eaf,139,303600,305600,ɟel,ɟel,N.deer,deer
lexicon(1).eaf,140,305800,307800,gɘɽĩ,gɘɽĩ,N.monkey,monkey
lexicon(1).eaf,141,308000,310000,kulɘ͡i̯,kulɘ͡i̯,N.rabbit,rabbit
lexicon(1).eaf,142,310200,312200,t̪u.ju,t̪u.ju,N.fox,fox
lexicon(1).eaf,143,312400,314400,biɲ,biɲ,N.snake,snake
lexicon(1).eaf,144,314600,316600,biɲ,biɲ,N.turtle,turtle
lexicon(1).eaf,145,316800,318800,ɾɔʈɛ,ɾɔʈɛ,N.frog,frog
lexicon(1).eaf,146,319000,321000,sɛt̪a,sɛt̪a,N.dog,dog
lexicon(1).eaf,147,321200,323200,pusi,pusi,N.cat,cat
lexicon(1).eaf,148,323400,325400,sad̪ɔm,sad̪ɔm,N.horse,horse
lexicon(1).eaf,149,325600,327600,haku,haku,N.fish,fish
lexicon(1).eaf,150,327800,329800,t̪iɟu,t̪iɟu,N.insect,insect
lexicon(1).eaf,151,330000,332000,ɲɛlɛ,ɲɛlɛ,N.bee,bee
lexicon(1).eaf,152,332200,334200,ɾɔ̃,ɾɔ̃,N.fly,fly
lexicon(1).eaf,153,334400,336400,bind̪i,bind̪i,N.spider,spider
lexicon(1).eaf,154,336600,338600,muʲc̚ʔ,muʲc̚ʔ,N.ant,ant
lexicon(1).eaf,155,338800,340800,sĩkɽĩʲc̚ʔ,sĩkɽĩʲc̚ʔ,N.mosquito,mosquito
lexicon(1).eaf,156,341000,343000,ʈik̚ʈɔ̃ɽɔ̃ʔ,ʈik̚ʈɔ̃ɽɔ̃ʔ,N.bird.mavis,mavis
lexicon(1).eaf,157,343200,345200,pot̪am,pot̪am,N.dove,dove
lexicon(1).eaf,158,345400,347400,gʰão̯͡ã,gʰão̯͡ã,N.sparrow,sparrow
lexicon(1).eaf,159,347600,349600,hɘt̪iuɽiʔ,hɘt̪iuɽiʔ,N.bird.robin,oriental magpie robin
lexicon(1).eaf,160,349800,351800,kɔ̃ʔ,kɔ̃ʔ,N.heron,heron
lexicon(1).eaf,161,352000,354000,kɘhũ,kɘhũ,N.crow,crow
lexicon(1).eaf,162,354200,356200,paɟʰaɽ,paɟʰaɽ,N.eagle,eagle
lexicon(1).eaf,163,356400,358400,kũɽĩt̪̚ʔ,kũɽĩt̪̚ʔ,N.kite,milvus/kite
lexicon(1).eaf,164,358600,360600,gid̪i,gid̪i,N.vulture,vulture
lexicon(1).eaf,165,360800,362800,at̪o,at̪o,N.village,village
lexicon(1).eaf,166,363000,365000,d̪aʔ,d̪aʔ,N.water,water
lexicon(1).eaf,167,365200,367200,gaɖa,gaɖa,N.river,river
lexicon(1).eaf,168,367400,369400,buɾu,buɾu,N.mountain,mountain
lexicon(1).eaf,169,369600,371600,cand̪o,cand̪o,N.moon,moon
lexicon(1).eaf,170,371800,373800,ipil,ipil,N.star,star
lexicon(1).eaf,171,374000,376000,maɾsal,maɾsal,N.light,light
lexicon(1).eaf,172,376200,378200,ɲut̪̚ʔ,ɲut̪̚ʔ,N.darkness,dark/darkness
lexicon(1).eaf,173,378400,380400,d̪aɾe,d̪aɾe,N.tree,tree
lexicon(1).eaf,174,380600,382600,hasa,hasa,N.soil,soil
lexicon(1).eaf,175,382800,384800,d̪ʰuɽi,d̪ʰuɽi,N.dust,dust
lexicon(1).eaf,176,385000,387000,d̪ʰiɾi,d̪ʰiɾi,N.stone,stone
lexicon(1).eaf,177,387200,389200,nɘɽi,nɘɽi,N.sand,sand
lexicon(1).eaf,178,389400,391400,sakam,sakam,N.leaf,leaf
lexicon(1).eaf,179,391600,393600,ɾɛhɛt̪̚ʔ,ɾɛhɛt̪̚ʔ,N.root,roots
lexicon(1).eaf,180,393800,395800,baha,baha,N.flower,flower
lexicon(1).eaf,181,396000,398000,ɟɔː,ɟɔː,N.fruit,fruit
lexicon(1).eaf,182,398200,400200,bɘ͡i̯sɘkʰ,bɘ͡i̯sɘkʰ,N.month.Baisakh,Baisakh (1st month)
lexicon(1).eaf,183,400400,402400,ɟʰɛ̃ʈ̚,ɟʰɛ̃ʈ̚,N.month.Jeth,Jeth (2nd month)
lexicon(1).eaf,184,402600,404600,asaɽ,asaɽ,N.month.Asarh,Asarh (3rd month)
lexicon(1).eaf,185,404800,406800,san,san,N.month.Sawan,Sawan (4th month)
lexicon(1).eaf,186,407000,409000,bʰad̪ɔɾ,bʰad̪ɔɾ,N.month.Bhadon,Bhadon (5th month)
lexicon(1).eaf,187,409200,411200,ɘsin,ɘsin,N.month.Asin,Asin (6th month)
lexicon(1).eaf,188,411400,413400,kɘɾt̪ik̚,kɘɾt̪ik̚,N.month.Kartik,Kartik (7th month)
lexicon(1).eaf,189,413600,415600,agʰɔn,agʰɔn,N.month.Aghan,Aghan (9th month)
lexicon(1).eaf,190,415800,417800,pus,pus,N.month.Pus,Pus (10th month)
lexicon(1).eaf,191,418000,420000,magʰ,magʰ,N.month.Magh,Magh (11th month)
lexicon(1).eaf,192,420200,422200,pʰagun,pʰagun,N.month.Phagun,Phagun (12th month)
lexicon(1).eaf,193,422400,424400,cɘt̪̚,cɘt̪̚,N.month.Chet,Chet (8th month)
lexicon(1).eaf,194,424600,426600,set̪oŋ,set̪oŋ,N.summer,summer
lexicon(1).eaf,195,426800,428800,ɟɘput̪̚ʔ,ɟɘput̪̚ʔ,N.monsoon,monsoon
lexicon(1).eaf,196,429000,431000,niɾɘn,niɾɘn,N.autumn,autumn
lexicon(1).eaf,197,431200,433200,agʰãɽ,agʰãɽ,N.late.autumn,late autumn
lexicon(1).eaf,198,433400,435400,ɾabaŋ,ɾabaŋ,N.winter,winter
lexicon(1).eaf,199,435600,437600,ʈaɽaŋ d̪in,ʈaɽaŋ d̪in,ADJ.flowering N.day,spring
lexicon(1).eaf,200,437800,439800,sɘnicaɾ,sɘnicaɾ,N.day.Saturday,Saturday
lexicon(1).eaf,201,440000,442000,aʈʰo̯͡aɾ,aʈʰo̯͡aɾ,N.day.Sunday,Sunday
lexicon(1).eaf,202,442200,444200,sɔm,sɔm,N.day.Monday,Monday
lexicon(1).eaf,203,444400,446400,mɔŋgɔl,mɔŋgɔl,N.day.Tuesday,Tuesday
lexicon(1).eaf,204,446600,448600,bud̪ʰ,bud̪ʰ,N.day.Wednesday,Wednesday
lexicon(1).eaf,205,448800,450800,luk̚kʰi baɾ,luk̚kʰi baɾ,ADJ.auspicious N.day,Thursday
lexicon(1).eaf,206,451000,453000,sokol,sokol,N.day.Friday,Friday
lexicon(1).eaf,207,453200,455200,ɔk̚t̪ɛ,ɔk̚t̪ɛ,N.time,time
lexicon(1).eaf,208,455400,457400,ɘ.jup̚ʔ beɾ,ɘ.jup̚ʔ beɾ,N.sun N.period,afternoon
lexicon(1).eaf,209,457600,459600,set̪aʔ beɾ,set̪aʔ beɾ,N.daybreak N.period,morning
lexicon(1).eaf,210,459800,461800,t̪ikin beɾ,t̪ikin beɾ,N.midday N.period,noon
lexicon(1).eaf,211,462000,464000,ɘ.jup̚ʔ beɾ,ɘ.jup̚ʔ beɾ,N.sun.set N.period,evening
lexicon(1).eaf,212,464200,466200,ɲind̪ɘ,ɲind̪ɘ,N.night,night
lexicon(1).eaf,213,466400,468400,gʰɔnʈa,gʰɔnʈa,N.hour,hour
lexicon(1).eaf,214,468600,470600,maha,maha,N.day,day
lexicon(1).eaf,215,470800,472800,hap̚t̪a,hap̚t̪a,N.week,week
lexicon(1).eaf,216,473000,475000,mɘh̚nɘ,mɘh̚nɘ,N.month,month
lexicon(1).eaf,217,475200,477200,bɔcʰɔɾ,bɔcʰɔɾ,N.year,year
lexicon(1).eaf,218,477400,479400,ɟug,ɟug,N.era,era
lexicon(1).eaf,219,479600,481600,gɔɽɔmba,gɔɽɔm-ba,ADJ.great-KIN.father,grandfather (paternal)
lexicon(1).eaf,220,481800,483800,gɔɽɔm a.jo,gɔɽɔm a.jo,ADJ.great KIN.woman,grandmother (paternal)
lexicon(1).eaf,221,484000,486000,gɔgɔ,gɔgɔ,KIN.mother,mother
lexicon(1).eaf,222,486200,488200,baba,baba,KIN.father,father
lexicon(1).eaf,223,488400,490400,maɾaŋba,maɾaŋ-ba,ADJ.elder-KIN.father,uncle (father's elder brother)
lexicon(1).eaf,224,490600,492600,hɔpɔnba,hɔpɔn-ba,ADJ.junior-KIN.father,uncle (father's younger brother)
lexicon(1).eaf,225,492800,494800,maɾaŋgɔ,maɾaŋ-gɔ,ADJ.elder-KIN.mother,aunt (wife of father's elder brother)
lexicon(1).eaf,226,495000,497000,hɔpɔngɔ,hɔpɔn-gɔ,ADJ.junior-KIN.mother,aunt (wife of father's younger brother)
lexicon(1).eaf,227,497200,499200,peɽa,peɽa,N.relative,relative
lexicon(1).eaf,228,499400,501400,kuɽi gid̪ɾɘ,kuɽi gid̪ɾɘ,N.girl N.child,daughter
lexicon(1).eaf,229,501600,503600,kɔɽa gid̪ɾɘ,kɔɽa gid̪ɾɘ,N.boy N.child,son
lexicon(1).eaf,230,503800,505800,gid̪ɾɘko,gid̪ɾɘ-ko,N.child-PL,offspring
lexicon(1).eaf,231,506000,508000,kɘʈiʲc̚ʔ gid̪ɾɘko,kɘʈiʲc̚ʔ gid̪ɾɘ-ko,ADJ.small N.child-PL,kid
lexicon(1).eaf,232,508200,510200,haɽamba,haɽam-ba,ADJ.old.mat-KIN.father,grandfather (maternal)
lexicon(1).eaf,233,510400,512400,buɖigɔ,buɖi-gɔ,ADJ.old.mat-KIN.mother,grandmother (maternal)
lexicon(1).eaf,234,512600,514600,lɘʈu bɔ͡i̯ha,lɘʈu bɔ͡i̯ha,ADJ.elder KIN.brother,elder brother
lexicon(1).eaf,235,514800,516800,bɔ͡i̯ha,bɔ͡i̯ha,KIN.brother,brother
lexicon(1).eaf,236,517000,519000,lɘʈu d̪id̪i,lɘʈu d̪id̪i,ADJ.elder KIN.sister,elder sister
lexicon(1).eaf,237,519200,521200,misɾa,misɾa,KIN.sister,sister
lexicon(1).eaf,238,521400,523400,hili,hili,KIN.sister.in.law,sister-in-law
lexicon(1).eaf,239,523600,525600,t̪iɲaŋ,t̪iɲaŋ,KIN.brother.in.law,brother-in-law
lexicon(1).eaf,240,525800,527800,hɔ̃͡i̯haɾbaba,hɔ̃͡i̯haɾ-baba,KIN.in.law-KIN.father,father-in-law
lexicon(1).eaf,241,528000,530000,hanhaɾ gɔgɔ,hanhaɾ gɔgɔ,KIN.in.law KIN.mother,mother-in-law
lexicon(1).eaf,242,530200,532200,ɛɾo̯͡ɛl kuɽi,ɛɾo̯͡ɛl kuɽi,KIN.sib.in.law N.girl,sister-in-law (spouse's sister)
lexicon(1).eaf,243,532400,534400,ɛɾo̯͡ɛl kɔɽa,ɛɾo̯͡ɛl kɔɽa,KIN.sib.in.law N.boy,brother-in-law (spouse's brother)
lexicon(1).eaf,244,534600,536600,bʰɘgnɘ,bʰɘgnɘ,KIN.nephew.sis,nephew (sister's son)
lexicon(1).eaf,245,536800,538800,bʰagni,bʰagni,KIN.niece.sis,niece (sister's daughter)
lexicon(1).eaf,246,539000,541000,bʰɘcɘt̪̚ kɔɽa,bʰɘcɘt̪̚ kɔɽa,KIN.nephew.bro N.boy,nephew (brother's son)
lexicon(1).eaf,247,541200,543200,bʰɘcɘt̪̚ kuɽi,bʰɘcɘt̪̚ kuɽi,KIN.nephew.bro N.girl,niece (brother's daughter)
lexicon(1).eaf,248,543400,545400,gat̪e kuɽi,gat̪e kuɽi,ADJ.companion N.girl,friend (female)
lexicon(1).eaf,249,545600,547600,gat̪e kɔɽa,gat̪e kɔɽa,ADJ.companion N.boy,friend (male)
santali_matthew27_mark1_glossed (1).eaf,1,0,2000,kaiakad̪ah miɾid̪os miɲajam ɟoɾo ok'-akat̪-t̪e,kaiakad̪ah miɾid̪os miɲ-ajam ɟoɾo ok'-akat̪-t̪e,Sinned Innocent Blood Pour FIN-PERF-SUB,I have sinned by betraying innocent blood.
santali_matthew27_mark1_glossed (1).eaf,2,2200,4200,t̪akamund̪il-ɾe t͡ʃapaɾ ɡid̪ikat̪-e t͡ʃalao-ena aɾ senkat̪-e pʰasi d̪ot͡ʃ-ena,t̪aka mund̪il-ɾe t͡ʃapaɾ ɡid̪i-kat̪-e t͡ʃalao-ena aɾ senkat̪-e pʰasi d̪ot͡ʃ-ena,Silver Temple-LOC Throw Go.down-SEQ-3SG Depart-PST:A And Go-SEQ Hang Hang-PST:A,"And throwing down the pieces of silver in the temple, he departed, and he went and hanged himself."
santali_matthew27_mark1_glossed (1).eaf,3,4400,6400,am d̪o ɟiʰud̪ikoɾen ɾaɟ kan-am,am d̪o ɟiʰud̪i-koɾen ɾaɟ kan-am,2SG TOP Jew-GEN:PL King COP-2SG,Are you the King of the Jews?
santali_matthew27_mark1_glossed (1).eaf,4,6600,8600,ɟisu-i menkeda amem men-ed̪a,ɟisu-i men-keda am-em men-ed̪a,Jesus-3SG Say-PST:A 2SG-2SG:SUBJ Say-PST:A,"Jesus said, ""You have said so."""
santali_matthew27_mark1_glossed (1).eaf,5,8800,10800,end̪ekʰan masiʔ-ko met̪ae ɟisu d̪oɲ t͡ʃekajeːa,end̪e-kʰan masiʔ-ko met̪ae ɟisu d̪o-ɲ t͡ʃekaj-e-a,Then-COND Messiah-3PL Say Jesus TOP-1SG:SUBJ What Do-FIN-FIN,What shall I do then with Jesus who is called Christ?
santali_matthew27_mark1_glossed (1).eaf,6,11000,13000,ɟot̪oɡe-ko menkeda kɾus ok'-ok'-mae,ɟot̪o-ɡe-ko men-keda kɾus ok'-ok'-mae,All-EMPH-3PL Say-PST:A Cross Crucify-FIN-IMP:3SG,"They all said, ""Let him be crucified!"""
santali_matthew27_mark1_glossed (1).eaf,7,13200,15200,pilat̪ d̪ak' hat̪ao-kat̪-e t̪ij-e abuk-ena aɾ menkeda iɲ d̪oɲ miɾid̪os-ɡea noa maːjam kʰon d̪o,pilat̪ d̪ak' hat̪ao-kat̪-e t̪ij-e abuk-ena aɾ men-keda iɲ d̪o-ɲ miɾid̪os-ɡea noa maːjam kʰon d̪o ape-ɡe ɲel-ɟon-pe,Pilate Water Wash-SEQ-3SG 3SG:SUBJ Declare-PST:A And Say-PST:A 1SG TOP-1SG:SUBJ Innocent This Blood From TOP 2PL-EMPH See-QUOT-2PL:IMP,"Pilate washed his hands before the crowd, saying, ""I am innocent of this man's blood; see to it yourselves."""
santali_matthew27_mark1_glossed (1).eaf,8,15400,17400,sanam hɔɽ-ko ɾoɾ ɾuaɾkeda uniʔak' maːjam d̪o ale-ɾe aɾ aleɾen ɡid̪ɾa-koɾe paɾok'-t̪a,sanam hɔɽ-ko ɾoɾ ɾuaɾ-keda uniʔ-ak' maːjam d̪o ale-ɾe aɾ ale-ɾen ɡid̪ɾa-koɾe paɾ-ok'-t̪a,All People-3PL Shout Say-PST:A 3SG-GEN Blood TOP 1PL-LOC And 1PL-GEN Children-LOC Fall-FIN-DESID,"And all the people answered, ""His blood be on us and on our children!"""
santali_matthew27_mark1_glossed (1).eaf,9,17600,19600,ɟohaɾ ɟiʰud̪ikoɾen ɾaɟ,ɟohaɾ ɟiʰud̪i-koɾen ɾaɟ,Hail Jew-GEN:PL King,"Hail, King of the Jews!"
santali_matthew27_mark1_glossed (1).eaf,10,19800,21800,nui d̪o ɟisu ɟiʰud̪ikoɾen ɾaɟ kana-e,nui d̪o ɟisu ɟiʰud̪i-koɾen ɾaɟ kana-e,This TOP Jesus Jew-GEN:PL King COP-3SG,"This is Jesus, the King of the Jews."
santali_matthew27_mark1_glossed (1).eaf,11,22000,24000,isoɾ-ɾen hopon kan-am men-kʰan kɾus kʰon aɾɡon-me,isoɾ-ɾen hopon kan-am men-kʰan kɾus kʰon aɾɡon-me,God-GEN Son COP-2SG:SUBJ COND Cross From Descend-2SG:IMP,"If you are the Son of God, come down from the cross."
santali_matthew27_mark1_glossed (1).eaf,12,24200,26200,isɾael-koɾen ɾaɟ kana-e nit̪ok' kɾus kʰon-e aɾɡo hiɟ-uk'-ma ad̪o uni-ɾe bon pat̪iau-k'-a,isɾael-koɾen ɾaɟ kana-e nit̪-ok' kɾus kʰon-e aɾɡo hiɟ-uk'-ma ad̪o uni-ɾe bon pat̪iau-k'-a,Israel-GEN:PL King COP-3SG Now-FIN Cross From-3SG Descend Come-CAUS-IMP:PROH Then 3SG-LOC 1PL.INCL Believe-FIN-FIN,"He is the King of Israel; let him come down now from the cross, and we will believe in him."
santali_matthew27_mark1_glossed (1).eaf,13,26400,28400,eli eli lama sabakt̪ʰani metak'-me e iɲ-ɾen isoɾ e iɲ-ɾen isoɾ t͡ʃet̪ak'-eɾ baɡi ɡid̪iad̪-iɲa,eli eli lama sabakt̪ʰani metak'-me e iɲ-ɾen isoɾ e iɲ-ɾen isoɾ t͡ʃet̪-ak'-eɾ baɡi ɡid̪i-ad̪-iɲa,Eli Eli Lama Sabachthani That.is.to.say VOC 1SG-GEN God VOC 1SG-GEN God Why-GEN:3SG Abandon Go-PST:A-1SG,"Eli, Eli, lema sabachthani? That is, ""My God, my God, why have you forsaken me?"""
santali_matthew27_mark1_glossed (1).eaf,14,28600,30600,saɾiɡe nui d̪o isoɾ-ɾen hopon-e t̪ahen-kana,saɾiɡe nui d̪o isoɾ-ɾen hopon-e t̪ahen-kana,Truly This TOP God-GEN Son-3SG Stay-FIN,Truly this was the Son of God!
santali_matthew27_mark1_glossed (1).eaf,15,30800,32800,alo-ben bot̪oɾok'-a kɾus ok'-ol-en ɟisuben ɲam-ekana,alo-ben bot̪oɾ-ok'-a kɾus ok'-ol-en ɟisu-ben ɲam-e-kana,PROH-1PL.INCL Fear-FIN-FIN Crucified-PERF-3SG:OBJ Jesus-1PL.INCL Seek-PROG-FIN,"Do not be afraid, for I know that you seek Jesus who was crucified."
santali_matthew27_mark1_glossed (1).eaf,16,33000,35000,senkat̪-e uniɾen t͡ʃela lajakoben ɡot͡ʃ'-ko kʰon-e ɟiwet̪' beɾet̪'-ena,senkat̪-e uni-ɾen t͡ʃela lajakob-en ɡot͡ʃ'-ko kʰon-e ɟiwet̪' beɾet̪'-ena,Go-SEQ 3SG-GEN Disciple Tell-1PL.INCL Dead-3PL From-3SG Alive Arise-PST:A,Then go quickly and tell his disciples that he has risen from the dead.
santali_matthew27_mark1_glossed (1).eaf,17,35200,37200,alo-ben bot̪oɾ-ok'-a senkat̪-e iɲ-ɾen boeha-ko lajakoben ɟemon ɡalil-t̪e-ko t͡ʃalak',alo-ben bot̪oɾ-ok'-a senkat̪-e iɲ-ɾen boeha-ko lajakob-en ɟemon ɡalil-t̪e-ko t͡ʃal-ak',PROH-1PL.INCL Fear-FIN-FIN Go-SEQ 1SG-GEN Brother-3PL Tell-1PL.INCL Like Galilee-LOC-3PL Go-FIN,"Do not be afraid; go and tell my brothers to go to Galilee, and there they will see me."
santali_matthew27_mark1_glossed (1).eaf,18,37400,39400,seɾmaɾe aɾ ot̪ɾe sanam ekt̪iaɾi iɲ t̪ʰen emakana,seɾma-ɾe aɾ ot̪-ɾe sanam ekt̪iaɾi iɲ t̪ʰen em-akana,Sky-LOC And Earth-LOC All Authority 1SG To Give-FIN,All authority in heaven and on earth has been given to me.
santali_matthew27_mark1_glossed (1).eaf,19,39600,41600,senkat̪-e sanam ɟat̪-ko t͡ʃela-ko-pe aɾ baba aɾ hopon aɾ sonot̪ ɟiu ɲut̪um-t̪e bapt̪is-ko-pe,senkat̪-e sanam ɟat̪-ko t͡ʃela-ko-pe aɾ baba aɾ hopon aɾ sonot̪ ɟiu ɲut̪um-t̪e bapt̪is-ko-pe,Go-SEQ All Nation-3PL Disciple-3PL-2PL And Father And Son And Holy Spirit Name-LOC Baptise-3PL-2PL,"Go therefore and make disciples of all nations, baptising them in the name of the Father and of the Son and of the Holy Spirit."
santali_matthew27_mark1_glossed (1).eaf,20,41800,43800,iɲ d̪o ɟao hilok' ape t̪ulut͡ʃ' menaɲa ɟuɡ mukat̪' habɪt͡ʃ'-ɡe,iɲ d̪o ɟao hilok' ape t̪ulut͡ʃ' mena-ɲa ɟuɡ mukat̪'-habɪt͡ʃ'-ɡe,1SG TOP Every Day 2PL With Exist-1SG Age End Until-EMPH,"And behold, I am with you always, to the end of the age."
santali_matthew27_mark1_glossed (1).eaf,21,44000,46000,isoɾ-ɾen hopon ɟisu masiak' bʰaɡe sombat̪ ɾeak' et̪ohop',isoɾ-ɾen hopon ɟisu masi-ak' bʰaɡe sombat̪ ɾeak' et̪o-hop',God-GEN Son Jesus Christ-GEN Good News GEN Beginning,"The beginning of the gospel of Jesus Christ, the Son of God."
santali_matthew27_mark1_glossed (1).eaf,22,46200,48200,ɟohan babaptisit͡ʃ' d̪o ɦaɦankaɾ-ɾe kai ikak' laɡit̪' mon at͡ʃuɾ ɾeak' bapt̪isma poɾt͡ʃaɾ-kan het͡ʃ'-ena,ɟohan babapt̪isit͡ʃ' d̪o ɦaɦankaɾ-ɾe kai ik-ak' laɡit̪' mon at͡ʃuɾ ɾeak' bapt̪isma poɾt͡ʃaɾ-kan het͡ʃ'-ena,John Baptist TOP Wilderness-LOC Sin Forgive-FIN For Repentance GEN Baptism Proclaim-FIN Come-PST:A,"John appeared, baptising in the wilderness and proclaiming a baptism of repentance for the forgiveness of sins."
santali_matthew27_mark1_glossed (1).eaf,23,48400,50400,iɲ kʰon d̪aɾeaniʔ iɲ t̪ajom-t̪e d̪aɾaekana one uniʔak' kʰaɾpa ɾeak' t̪onol hɔ̃ eŋɡot̪'-kat̪e ɾaɾaet̪ae lek d̪oɲ baɲ kan,iɲ kʰon d̪aɾean-iʔ iɲ t̪ajom-t̪e d̪aɾae-kana one uniʔ-ak' kʰaɾpa ɾeak' t̪onol hɔ̃ eŋɡot̪'-kat̪e ɾaɾae-t̪ae lek d̪o-ɲ ba-ɲ kan,1SG From Worthy 1SG After-LOC Come-FIN One 3SG-GEN Sandal GEN Strap Also Untie-SEQ Bow-DESID-3SG Like 1SG-1SG NEG-1SG COP,"After me comes he who is mightier than I, the strap of whose sandals I am not worthy to stoop down and untie."
santali_matthew27_mark1_glossed (1).eaf,24,50600,52600,iɲ d̪o d̪ak'-t̪en bapt̪iskед-ea uni d̪o sonot̪ ɟiu-t̪-e-je bapt̪is-pe-a,iɲ d̪o d̪ak'-t̪en bapt̪is-ked-ea uni d̪o sonot̪ ɟiu-t̪-e-je bapt̪is-pe-a,1SG TOP Water-COMIT Baptise-PST:A-2PL 3SG TOP Holy Spirit-COMIT-3SG-3SG Baptise-2PL-FIN,"I have baptised you with water, but he will baptise you with the Holy Spirit."
santali_matthew27_mark1_glossed (1).eaf,25,52800,54800,seɾma kʰon aɾan hɔj-ena am d̪o iɲ-ɾen d̪ulaɾia hopon kan-am aɾɲɾen kusiak-ana,seɾma kʰon aɾan hɔj-ena am d̪o iɲ-ɾen d̪ulaɾia hopon kan-am aɾ-ɲ-ɾen kusiak-ana,Sky From Voice Come-PST:A 2SG TOP 1SG-GEN Beloved Son COP-2SG 1SG-1SG-GEN Be.pleased-FIN,"And a voice came from heaven: ""You are my beloved Son; with you I am well pleased."""
santali_matthew27_mark1_glossed (1).eaf,26,55000,57000,okt̪e aʔo puɾau-akana aɾ isoɾ-ak' ɾaɟ d̪o soɾak-ana mon at͡ʃuɾ-pe aɾ bʰaɡe sombat̪-ɾe pat̪iau-k'-pe,okt̪e aʔo puɾau-akana aɾ isoɾ-ak' ɾaɟ d̪o soɾak-ana mon at͡ʃuɾ-pe aɾ bʰaɡe sombat̪-ɾe pat̪iau-k'-pe,Time Also Fulfilled-FIN And God-GEN Kingdom TOP Come-FIN Repent-2PL:IMP And Good News-LOC Believe-FIN-2PL,"The time is fulfilled, and the kingdom of God is at hand; repent and believe in the gospel."
santali_matthew27_mark1_glossed (1).eaf,27,57200,59200,d̪ela iɲ t̪ajom-t̪e ad̪o manwa sasap' keot̪an hoe ok'-ob-ena,d̪ela iɲ t̪ajom-t̪e ad̪o manwa sasap' keot̪an hoe ok'-ob-ena,Come 1SG After-LOC Then People Fisher Become FIN-CAUS-FIN,"Follow me, and I will make you become fishers of men."
santali_matthew27_mark1_glossed (1).eaf,28,59400,61400,kʰan ina t̪apt̪-eɡe ɟal-ko baɡiat̪'-t̪ekin panɟakeda,kʰan ina t̪apt̪-eɡe ɟal-ko baɡi-at̪'-t̪ekin panɟ-akeda,And Immediately Net-3PL Abandon-SEQ-DU Follow-PST:A,And immediately they left their nets and followed him.
santali_matthew27_mark1_glossed (1).eaf,29,61600,63600,kʰaŋɡe akin-ɾen apat̪ sabd̪ae d̪o laukaɾe munis-ko t̪ulut͡ʃ'-kin baɡi ot̪oad̪ea aɾ uni t̪ajom-t̪ekin t͡ʃalao-ena,kʰaŋɡe akin-ɾen apat̪ sabd̪ae d̪o laukaɾe munis-ko t̪ulut͡ʃ'-kin baɡi ot̪o-ad̪ea aɾ uni t̪ajom-t̪ekin t͡ʃalao-ena,Immediately 3DU-GEN Father Zebedee TOP Boat Hired.workers-3PL With-DU Abandon Leave-PST:A And 3SG After-LOC-DU Depart-PST:A,And immediately he left his father Zebedee in the boat with the hired servants and followed him.
santali_matthew27_mark1_glossed (1).eaf,30,63800,65800,aɾ paɦil ɟiɾauk' maɦa hilok'-ɡe sunaɡoɡ-ɾe boloj-ent̪e-je t͡ʃet̪'at̪'-koa,aɾ paɦil ɟiɾauk' maɦa hilok'-ɡe sunaɡoɡ-ɾe boloj-ent̪e-je t͡ʃet̪'-at̪'-koa,And First Sabbath Day-EMPH Synagogue-LOC Enter-SUB-3SG Teach-ITER-3PL:OBJ,And immediately on the Sabbath he entered the synagogue and was teaching.
matthew_santali_glossed_ipa.eaf,1,0,2000,ɑɲɲɔmketʔ kʰɑn ɡɑlilt̪eye sɑ tʃɑlɑɔ-enɑ,ɑɲɲɔm-ketʔ kʰɑn ɡɑlil-t̪e-ye sɑ tʃɑlɑɔ-en-ɑ,hear-PST:A when Galilee-LOC-3SG:SUBJ again go-INCH-FIN,"When he heard it, he withdrew to Galilee."
matthew_santali_glossed_ipa.eaf,2,2200,4200,nɑsɑret̪ bɑɡikɑt̪e d̪ɔreɑɔ ɑre reɑkʔ kɑpʰɑrnɑhumre senkɑt̪e-ye berelen ɑ,nɑsɑret̪ bɑɡi-kɑt̪e d̪ɔre-ɑɔ ɑre reɑkʔ kɑpʰɑrnɑhum-re sen-kɑt̪e-ye bere-len-ɑ,Nazareth leave-SEQ sea.shore side GEN Capernaum-LOC go-SEQ-3SG:SUBJ settle-INCH-FIN,Leaving Nazareth he went and lived in Capernaum by the sea.
matthew_santali_glossed_ipa.eaf,3,4400,6400,sɑbulon ɑr nɑpʰt̪ʰɑli t̪ɔt̪ʰɑre d͡ʒesɑeɑ nɑbi hot̪et̪e rɔrlenɑkʔ purɑukʔ,sɑbulon ɑr nɑpʰt̪ʰɑli t̪ɔt̪ʰ-ɑre d͡ʒesɑeɑ nɑbi hot̪e-t̪e rɔr-len-ɑkʔ pur-ɑu-kʔ,Zebulun and Naphtali region-LOC Isaiah prophet through-INS speak-PST-M:A fulfill-CAUS-M,The word spoken through Isaiah the prophet was fulfilled in the region of Zebulun and Naphtali.
matthew_santali_glossed_ipa.eaf,4,6600,8600,sɑbulon d̪isɔm ɑr nɑpʰt̪ʰɑli d̪isɔm d̪ɔreɑɔ pɑrɔm bɔŋɡɑn hɔr d͡ʒɑt̪kɔɑkʔ ɡɑlil,sɑbulon d̪isɔm ɑr nɑpʰt̪ʰɑli d̪isɔm d̪ɔre-ɑɔ pɑr-ɔm bɔŋɡɑn hɔr d͡ʒɑt̪-kɔ-ɑkʔ ɡɑlil,Zebulun land and Naphtali land sea-LOC beyond Gentile people nation-PL-GEN Galilee,"Land of Zebulun and land of Naphtali, beyond the sea, Galilee of the Gentiles."
matthew_santali_glossed_ipa.eaf,5,8800,10800,mɔke d̪uruʔpɑkɑn t̪ɑheːkɑn hɔr d̪ɔ mɑrɑn mɑrsɑikɔ neːkedɑ,mɔke d̪uruʔp-ɑ-kɑn t̪ɑheː-kɑn hɔr d̪ɔ mɑrɑn mɑrsɑl-kɔ neːke-d̪ɑ,Darkness sit-FIN-PTCP stay-PTCP people TOP Great light-PL see-FIN,The people sitting in darkness have seen a great light.
matthew_santali_glossed_ipa.eaf,6,11000,13000,un kʰɔn d͡ʒisu d̪ɔ pɔpɔrtʃɑr ɑr memene ehɔpʔkedɑ,un kʰɔn d͡ʒisu d̪ɔ pɔpɔrtʃɑr ɑr memene ehɔpʔ-ke-d̪ɑ,Then from Jesus TOP preach and repent begin-PST-FIN,From that time Jesus began to preach and say repent.
matthew_santali_glossed_ipa.eaf,7,13200,15200,mɔn ɑtʃurt̪ɑpe ente sermɑ rɑd͡ʒ d̪ɔ sɔrɑkɑnɑ,mɔn ɑtʃur-t̪ɑ-pe ente sermɑ rɑd͡ʒ d̪ɔ sɔrɑ-kɑn-ɑ,Heart turn-IMP-2PL for heaven kingdom TOP near-PTCP-FIN,Repent for the kingdom of heaven is near.
matthew_santali_glossed_ipa.eaf,8,15400,17400,mɔnre renɑd̪ed͡ʒɔkkɑŋkɔɡekɔ bʱɑɡɑnɑ ente sermɑ rɑd͡ʒ d̪ɔ ɔŋkɔɑkɑŋɡeɑ,mɔn-re renɑd̪ed͡ʒɔkkɑŋkɔɡe-kɔ bʱɑɡɑn-ɑ ente sermɑ rɑd͡ʒ d̪ɔ ɔŋkɔ-ɑk-ɑn-ɡeɑ,Spirit-LOC humble.ones-PL blessed-FIN for heaven kingdom TOP them-GEN-PTCP-MOD,Blessed are the poor in spirit for theirs is the kingdom of heaven.
matthew_santali_glossed_ipa.eaf,9,17600,19600,hird̪ɑukɑŋkɔɡekɔ bʱɑɡɑnɑ ente ɔŋkɔɑkt̪ d͡ʒiwi d̪ɔ rɑred͡ʒɔkʔt̪ɑkɔɑ,hird̪ɑuk-kɑn-kɔ-ɡe-kɔ bʱɑɡɑn-ɑ ente ɔŋkɔ-ɑk-t̪ d͡ʒiwi d̪ɔ rɑre-d͡ʒɔkʔ-t̪ɑ-kɔ-ɑ,Mourn-PTCP-PL-EMPH-PL blessed-FIN for them-GEN-OBJ soul TOP comfort-M-CAUS-PL-FIN,Blessed are those who mourn for they shall be comforted.
matthew_santali_glossed_ipa.eaf,10,19800,21800,mɑhrkɔɡekɔ bʱɑɡɑnɑ ente ɔŋkɔ d̪ɔ pirt̪ʰimikɔ ɑid̪ɑrid͡ʒɔnɑ,mɑhr-kɔ-ɡe-kɔ bʱɑɡɑn-ɑ ente ɔŋkɔ d̪ɔ pirt̪ʰimi-kɔ ɑid̪ɑri-d͡ʒɔn-ɑ,Meek-PL-EMPH-PL blessed-FIN for they TOP earth-OBJ inherit-FUT-FIN,Blessed are the meek for they shall inherit the earth.
matthew_santali_glossed_ipa.eaf,11,22000,24000,d̪ʱɔrɔm renɑd̪es fetɑnɔkʔkɑn kɔɡekɔ bʱɑɡɑnɑ ente ɔŋkɔ d̪ɔkɔ t̪irpit̪ɔkʔɑ,d̪ʱɔrɔm renɑd̪es fetɑn-ɔkʔ-kɑn kɔ-ɡe-kɔ bʱɑɡɑn-ɑ ente ɔŋkɔ d̪ɔ-kɔ t̪irpit̪-ɔkʔ-ɑ,Righteousness hunger.and.thirst M-PTCP PL-EMPH-PL blessed-FIN for they TOP-PL satisfy-M-FIN,Blessed are those who hunger and thirst for righteousness for they shall be satisfied.
matthew_santali_glossed_ipa.eaf,12,24200,26200,mɑyɑkkɔd̪ekɔ bʱɑɡɑnɑ ente ɔŋkɔ d̪ɔkɔ mɑyɑ ɔtʃɔkɑ,mɑyɑkʔ-kɔ-d̪e-kɔ bʱɑɡɑn-ɑ ente ɔŋkɔ d̪ɔ-kɔ mɑyɑ ɔtʃɔ-kʔ-ɑ,Merciful-PL-TOP-PL blessed-FIN for they TOP-PL mercy receive-M-FIN,Blessed are the merciful for they shall receive mercy.
matthew_santali_glossed_ipa.eaf,13,26400,28400,mɔnre nɑpɑekɔɡekɔ bʱɑɡɑnɑ ente ɔŋkɔ d̪ɔ isɔrkɔ neleɑ,mɔn-re nɑpɑekɔ-ɡe-kɔ bʱɑɡɑn-ɑ ente ɔŋkɔ d̪ɔ isɔr-kɔ nele-ɑ,Heart-LOC pure-EMPH-PL blessed-FIN for they TOP God-OBJ see-FIN,Blessed are the pure in heart for they shall see God.
matthew_santali_glossed_ipa.eaf,14,28600,30600,sukluk kɔɡekɔ bʱɑɡɑnɑ ente ɔŋkɔ d̪ɔ isɔrren hɔpɔnkɔ numɔɡɔkɑ,sukʔluk-kɔ-ɡe-kɔ bʱɑɡɑn-ɑ ente ɔŋkɔ d̪ɔ isɔr-ren hɔpɔn-kɔ numɔ-ɡɔkʔ-ɑ,Peacemaker-PL-EMPH-PL blessed-FIN for they TOP God-GEN son-PL called-M-FIN,Blessed are the peacemakers for they shall be called children of God.
matthew_santali_glossed_ipa.eaf,15,30800,32800,d̪ʱɔrɔm iɑt̪e kʰed̪ ɔsɔkʔkɑŋkɔ ɡekɔ bʱɑɡɑnɑ ente sermɑ rɑd͡ʒ d̪ɔ ɔŋkɔɑkɑŋɡeɑ,d̪ʱɔrɔm iɑt̪e kʰed̪ ɔsɔ-kʔ-kɑn-kɔ ɡe-kɔ bʱɑɡɑn-ɑ ente sermɑ rɑd͡ʒ d̪ɔ ɔŋkɔ-ɑk-ɑn-ɡeɑ,Righteousness for-OBJ persecute receive-M-PTCP-PL EMPH-PL blessed-FIN for heaven kingdom TOP them-GEN-PTCP-MOD,Blessed are those persecuted for righteousness for theirs is the kingdom of heaven.
matthew_santali_glossed_ipa.eaf,16,33000,35000,bʱɑɡɑŋɡeɑpe ini iɑt̪e hɔrkɔ kɑd̪ʱɑɔlepere ɑrkɔ kʰed̪lepere,bʱɑɡɑn-ɡe-ɑpe ini iɑt̪e hɔr-kɔ kɑd̪ʱɑɔ-le-pe-re ɑr-kɔ kʰed̪-le-pe-re,Blessed-EMPH-2PL I because person-PL insult-PST.PL-2PL-LOC and-PL persecute-PST.PL-2PL-LOC,Blessed are you when people insult and persecute you because of me.
matthew_santali_glossed_ipa.eaf,17,35200,37200,ɑpe d̪ɔ d̪ʱɑrti reɑkʔ buluŋ kɑnɑpe meŋkʰɑn buluŋ sɑbɑkʔlen kʰɑn ɔnɑ d̪ɔ tʃet̪t̪e rɑhɑmɔkʔɑ,ɑpe d̪ɔ d̪ʱɑrti reɑkʔ buluŋ kɑn-ɑpe meŋkʰɑn buluŋ sɑbɑ-kʔ-len kʰɑn ɔnɑ d̪ɔ tʃet̪t̪e rɑhɑ-mɔkʔ-ɑ,2PL TOP earth GEN salt COP-2PL but salt tasteless-M-PST when that TOP what use-M-FIN,You are the salt of the earth but if the salt loses its taste what use is it?
matthew_santali_glossed_ipa.eaf,18,37400,39400,ɑpe d̪ɔ d̪ʱɑrti reɑkʔ mɑrsɑl kɑnɑpe,ɑpe d̪ɔ d̪ʱɑrti reɑkʔ mɑrsɑl kɑn-ɑpe,2PL TOP earth GEN light COP-2PL,You are the light of the world.
matthew_santali_glossed_ipa.eaf,19,39600,41600,ɑlɔpe bud͡ʒhɑuɑ ɑn se nɑbikɔɑkʔ kɑt̪ʰɑ mɑutɑiɑ meŋkʰɑt̪ hetʃɑkɑnɑ,ɑlɔ-pe bud͡ʒhɑuɑ ɑn se nɑbi-kɔ-ɑkʔ kɑt̪ʰɑ mɑut̪ɑi-ɑ meŋkʰɑt̪ hetʃ-ɑ-kɑn-ɑ,PROHIB-2PL think law or prophet-PL-GEN word abolish-FIN but come-FIN-PTCP-FIN,Do not think that I have come to abolish the Law or the Prophets.
matthew_santali_glossed_ipa.eaf,20,41800,43800,ente sɑriɡeɲ met̪ɑpekɑnɑ sermɑ ɑr ɔt̪ ɑuri tʃɑbɑkʔ hɑbitʃʔ ɑn reɑkʔ mit̪ ɑkʰɔr se t̪ud̪ɑkʔ hɔ ɔhɔ met̪ɑɔlenɑ,ente sɑriɡeɲ met̪ɑ-pe-kɑn-ɑ sermɑ ɑr ɔt̪ ɑuri tʃɑb-ɑkʔ hɑbitʃʔ ɑn reɑkʔ mit̪ ɑkʰɔr se t̪ud̪ɑ-kʔ hɔ ɔhɔ met̪ɑ-ɔlen-ɑ,For truly say-2PL-PTCP-FIN sky and earth word end-M until law GEN one letter or mark-M also not pass.away-INCH-FIN,Truly I say to you not one letter or stroke shall pass from the law until everything is accomplished.
matthew_santali_glossed_ipa.eaf,21,44000,46000,ɔnɑt̪e ɑpe d̪ɔ nɔŋkɑ kɔed͡ʒɔnpe e ɑleren sermɑre menɑm bɑbɑ ɑmɑkʔ nut̪um sɔnɔfɔkʔmɑ,ɔnɑt̪e ɑpe d̪ɔ nɔŋkɑ kɔed͡ʒɔn-pe e ɑler-en sermɑ-re menɑm bɑbɑ ɑmɑkʔ nut̪um sɔnɔ-fɔkʔ-mɑ,Therefore 2PL TOP thus pray-2PL VOC our-GEN heaven-LOC exist.HON Father 1SG:POSS name holy-M-IMP,Therefore pray like this: Our Father in heaven hallowed be your name.
matthew_santali_glossed_ipa.eaf,22,46200,48200,ɑmɑkʔ rɑd͡ʒ hid͡ʒukʔmɑ ɑmɑkʔ mɔne bɑre hɔyɔkʔmɑ tʃe ekɑ sermɑre ɔŋkɑd̪e ɔt̪re hɔ,ɑmɑkʔ rɑd͡ʒ hid͡ʒukʔ-mɑ ɑmɑkʔ mɔne bɑre hɔyɔ-kʔ-mɑ tʃe ekɑ sermɑ-re ɔŋkɑ-d̪e ɔt̪re hɔ,2SG:POSS kingdom come-IMP 2SG:POSS will also happen-M-IMP as just sky-LOC thus earth also,Your kingdom come your will be done on earth as it is in heaven.
matthew_santali_glossed_ipa.eaf,23,48400,50400,ɑleɑkʔ d͡ʒɑrurd͡ʒɔmɑkʔ t̪eheɲ emɑlem,ɑleɑkʔ d͡ʒɑrur-d͡ʒɔm-ɑkʔ t̪eheɲ emɑ-lem,1PL:POSS necessary-food-GEN today give-1PL:IMP,Give us today our daily bread.
matthew_santali_glossed_ipa.eaf,24,50600,52600,ɑr ɑleɑkʔ d̪ɔskɔ ikɑkɑt̪ɑlen tʃet̪elekɑ ɑle hɔ ɑleɑkʔ d̪ɔd̪ɔskɔle ikɑɑkɑt̪ʔt̪ɑkɔ,ɑr ɑleɑkʔ d̪ɔs-kɔ ikɑkɑt̪-ɑ-len tʃet̪-e-lekɑ ɑle hɔ ɑleɑkʔ d̪ɔd̪ɔs-kɔ-le ikɑɑkɑt̪ʔ-t̪ɑ-kɔ,And 1PL:POSS fault-PL forgive-FIN-1PL:PST as-EMPH-like 1PL also 1PL:POSS fault.doers-PL-1PL forgive-CAUS-PL,And forgive us our debts as we also have forgiven our debtors.
matthew_santali_glossed_ipa.eaf,25,52800,54800,ɔnɑ iɑt̪eɲ met̪ɑpekɑnɑ ɑpeɑkʔ d͡ʒiwi lɑɡit̪ʔ ɑlɔpe d̪ɑnd̪ikʔɑ tʃet̪pe d͡ʒɔmɑ se tʃet̪pe nut̪ɑ,ɔnɑ iɑt̪e-ɲ met̪ɑ-pe-kɑn-ɑ ɑpeɑkʔ d͡ʒiwi lɑɡit̪ʔ ɑlɔ-pe d̪ɑnd̪ikʔ-ɑ tʃet̪-pe d͡ʒɔmɑ se tʃet̪-pe nut̪ɑ,That therefore-1SG say-2PL-PTCP-FIN 2SG:POSS life for PROHIB-2PL worry-FIN what-2PL eat or what-2PL wear,Therefore I tell you do not worry about your life what you will eat or what you will wear.
matthew_santali_glossed_ipa.eaf,26,55000,57000,tʃɔt̪ren ud̪ɑukkɔ beŋɡet̪ɑkʔɔpe bɑkɔ erɑ bɑkɔ irɑ ɑr murɑikɔre bɑkɔ sɔtʃd͡ʒɔnɑ,tʃɔt̪ren ud̪ɑu-k-kɔ beŋɡet̪-ɑkʔ-ɔ-pe bɑ-kɔ erɑ bɑ-kɔ irɑ ɑr murɑi-kɔre bɑ-kɔ sɔtʃd͡ʒɔn-ɑ,Sky bird-M-PL observe-M-2PL:IMP NEG-PL sow NEG-PL reap and barn-LOC NEG-PL store-FIN,Look at the birds of the sky they do not sow or reap or store in barns.
matthew_santali_glossed_ipa.eaf,27,57200,59200,ɑlɔpe biktʃɑrɑ d͡ʒemɔn ɑlɔpe bitʃɑr ɔsɔkʔ,ɑlɔ-pe bikʔtʃɑr-ɑ d͡ʒemɔn ɑlɔ-pe bitʃɑr ɔsɔ-kʔ,PROHIB-2PL judge-FIN so.that PROHIB-2PL judgment receive-M,Do not judge so that you will not be judged.
matthew_santali_glossed_ipa.eaf,28,59400,61400,kɔere ɑd̪ɔe emɑpeɑ ɑr nɑm bɑrɑepe ɑd̪ɔpe nɑt̪ɑ t̪ʰɔp t̪ʰɔbpe ɑd̪ɔ d͡ʒhitʃɑpeɑ,kɔe-re ɑd̪ɔ-e emɑ-pe-ɑ ɑr nɑm bɑr-ɑe-pe ɑd̪ɔ-pe nɑt̪ɑ t̪ʰɔp t̪ʰɔb-pe ɑd̪ɔ d͡ʒhitʃ-ɑ-pe-ɑ,Ask-LOC thus-3SG give-2PL-FIN and seek-EMPH-2PL thus-2PL find door knock-2PL thus open-FIN-2PL-FIN,Ask and it will be given to you seek and you will find knock and the door will be opened to you.
matthew_santali_glossed_ipa.eaf,29,61600,63600,ɔnɑt̪e inɑknɔɑkɔ kɑt̪ʰɑ ɑɲɲɔmkɑt̪e senɑkʔkɑn hɔr d̪ɔ mit̪t̪en bud̪ɑn hɔr t̪ulutʃe d͡ʒurikɑ,ɔnɑt̪e inɑkʔ nɔɑkɔ kɑt̪ʰɑ ɑɲɲɔm-kɑt̪e sen-ɑkʔ-kɑn hɔr d̪ɔ mit̪t̪-en bud̪ɑn hɔr t̪ulutʃ-e d͡ʒurikʔ-ɑ,Therefore 1SG:GEN these-OBJ word hear-SEQ do-M-PTCP person TOP one-CLSSFR wise person like-EMPH build-FIN,Therefore everyone who hears these words of mine and puts them into practice is like a wise man who built.
matthew_santali_glossed_ipa.eaf,30,63800,65800,ɑd̪ɔ d͡ʒhɑr d͡ʒhɑre d̪ɑkʔked̪ɑ ɑr bɑnbɑsi ɑrd̪ɔyenɑ ɑre hɔeked̪ɑ ɑr ɔnɑ ɔrɑkt̪e bɑd͡ʒɑɔenɑ meŋkʰɑn bɑn ruplena,ɑd̪ɔ d͡ʒhɑr d͡ʒhɑr-e d̪ɑkʔ-ke-d̪ɑ ɑr bɑnbɑsi ɑrd̪-ɔye-nɑ ɑr-e hɔe-ke-d̪ɑ ɑr ɔnɑ ɔrɑkʔ-t̪e bɑd͡ʒɑɔ-en-ɑ meŋkʰɑn bɑn rupʔ-len-ɑ,Then rain rain-EMPH fall-PST-FIN and flood come-CAUS-FIN and-3SG blow-PST-FIN and that house-INS beat-INCH-FIN but NEG fall-INCH-FIN,The rain fell the floods came and the winds blew and beat on that house yet it did not fall.
matthew_santali_glossed_ipa.eaf,31,66000,68000,ɑd̪ɔ buru kʰɔne ɑrd̪ɔyen kʰɑn ɑd̪i ɡɑd̪el hɔrkɔ pɑɲd͡ʒɑkeed̪ɑ,ɑd̪ɔ buru kʰɔn-e ɑrd̪-ɔye-n kʰɑn ɑd̪i ɡɑd̪el hɔr-kɔ pɑɲd͡ʒɑ-ke-d̪ɑ,Then mountain from-3SG descend-CAUS-FIN when many crowd person-PL follow-PST-FIN,When he came down from the mountain large crowds followed him.
matthew_santali_glossed_ipa.eaf,32,68200,70200,nelpe mit̪t̪en murhutʃ d͡ʒɔm hɔr hetʃkɑt̪eye sewɑwɑd̪eɑ ɑre met̪ɑd̪eɑ e prɔbʱu sɑnɑlem kʰɑnem sɑpʰɑ d̪ɑreɑnɑ,nelpe mit̪t̪-en murhutʃ d͡ʒɔm hɔr hetʃ-kɑt̪e-ye sewɑwɑ-d̪e-ɑ ɑr-e met̪ɑ-d̪e-ɑ e prɔbʱu sɑnɑl-em kʰɑn-em sɑpʰɑ d̪ɑre-ɑn-ɑ,See one-CLSSFR leprosy eat person come-SEQ-3SG worship-TOP-FIN and-3SG say-TOP-FIN VOC Lord willing-2SG if-2SG clean make-M-FIN,A man with leprosy came and worshipped him saying Lord if you are willing you can make me clean.
matthew_santali_glossed_ipa.eaf,33,70400,72400,ɑd̪ɔ t̪i t̪iɑrkɑt̪eye d͡ʒɔt̪etked̪eɑ ɑre met̪ɑd̪eɑ sɑnɑŋkɑŋɡeɑ mɑ sɑpʰɑkɔkʔme,ɑd̪ɔ t̪i t̪iɑrkɑt̪-e-ye d͡ʒɔt̪etʔ-ke-d̪e-ɑ ɑr-e met̪ɑ-d̪e-ɑ sɑnɑ-kɑn-ɡe-ɑ mɑ sɑpʰɑ-kɔkʔ-me,Then hand stretch-EMPH-3SG:SUBJ touch-PST-TOP-FIN and-3SG say-TOP-FIN willing-PTCP-EMPH-FIN IMP clean-M:2SG-IMP,Jesus reached out his hand and touched him saying I am willing be clean.
matthew_santali_glossed_ipa.eaf,34,72600,74600,ɑr d͡ʒisu ɔnd̪e kʰɔne sen pɑrɔmɔkʔkɑnre mɑt̪ʰɑekɔ met̪ɑe t̪it̪ hɔr mɑsul ukʔt̪ʰɑu ɔrɑkʔ t̪ʰen d̪uruʔpɑkɑne helkɑd̪eɑ,ɑr d͡ʒisu ɔnd̪e kʰɔn-e sen pɑr-ɔmɔkʔ-kɑn-re mɑt̪ʰɑe-kɔ met̪ɑe mit̪t̪-e hɔr mɑsul ukʔt̪ʰɑu ɔrɑkʔ t̪ʰen d̪uruʔp-ɑ-kɑn-e helke-d̪e-ɑ,And Jesus there from-3SG go cross-M-PTCP-LOC Matthew-OBJ 3SG:SUBJ.say one-EMPH person tax collector office at sit-FIN-PTCP-3SG see-PST-FIN,As Jesus went on from there he saw a man named Matthew sitting at the tax collector's booth.
matthew_santali_glossed_ipa.eaf,35,74800,76800,d̪elɑ pɑɲd͡ʒɑɲme kʰɑŋɡe beret̪kɑt̪eye pɑɲd͡ʒɑkeed̪ɑ,d̪elɑ pɑɲd͡ʒɑn-me kʰɑŋɡe beret̪-kɑt̪e-ye pɑɲd͡ʒɑ-ke-d̪ɑ,Today follow-1SG:IMP.2SG immediately stand-SEQ-3SG:SUBJ follow-PST-FIN,Follow me and immediately he got up and followed him.
matthew_santali_glossed_ipa.eaf,36,77000,79000,ɑd̪ɔ ɑtʃren ɡel bɑr tʃelɑkɔ hɔhɔ sɔrkɑt̪e besɑpʰɑ d͡ʒiukɔ tʃet̪ɑnre ekt̪iɑriye emɑt̪kɔɑ,ɑd̪ɔ ɑtʃ-ren ɡel bɑr tʃelɑ-kɔ hɔhɔ sɔr-kɑt̪e besɑpʰɑ d͡ʒiu-k-ɔ tʃet̪ɑnre ekt̪iɑri-ye emɑt̪ʔ-kɔ-ɑ,Then 3SG-GEN twelve disciple-PL call out-SEQ unclean spirit-M-PL over authority-3SG give-PL-FIN,He called his twelve disciples and gave them authority over unclean spirits.
matthew_santali_glossed_ipa.eaf,37,79200,81200,ɑr sen lɑhɑkɑt̪e ɑr bɑr bɔehɑ sɑbd̪ɑeren hɔpɔn d͡ʒɑkɔb ɑr uniren bɔehɑ d͡ʒɔhɑne ɲelket̪kinɑ,ɑr sen lɑh-ɑ-kɑt̪e ɑr bɑr bɔehɑ sɑbd̪ɑe-ren hɔpɔn d͡ʒɑkɔb ɑr uni-ren bɔehɑ d͡ʒɔhɑn-e ɲelket̪ʔ-kinɑ,And go further-FIN-SEQ and two brother Zebedee-GEN son James and 3SG-GEN brother John-EMPH see-3DU,Going on from there he saw two other brothers James son of Zebedee and his brother John.
matthew_santali_glossed_ipa.eaf,38,81400,83400,ɑd̪ɔ d͡ʒɔhɑn kɑid͡ʒɔrɑket̪e mɑsiɑkʔ kɑmikɔ reɑn ɑɲɲɔmket̪ kʰɑn ɑtʃren tʃelɑkɔ kɔlket̪kɔt̪eye kuliked̪eɑ,ɑd̪ɔ d͡ʒɔhɑn kɑid͡ʒɔr-ɑ-ket̪-e mɑsi-ɑkʔ kɑmi-kɔ re-ɑn ɑɲɲɔm-ket̪ kʰɑn ɑtʃ-ren tʃelɑ-kɔ kɔlket̪ʔ-kɔ-t̪e-ye kuli-ke-d̪e-ɑ,Then John prison-FIN-PST-3SG Messiah-GEN work-PL about-LOC hear-PST when 3SG-GEN disciple-PL send-PL-INS-3SG:SUBJ ask-PST-FIN,When John in prison heard about the works of Christ he sent word by his disciples and asked.
matthew_santali_glossed_ipa.eaf,39,83600,85600,uni hid͡ʒukɑnik ɑɔm ɑm kɑn ɡeɑ se etɑɡitʃle nel hɔreɑ,uni hid͡ʒuk-ɑn-ik ɑɔm ɑm kɑn ɡeɑ se etɑɡitʃ-le nel hɔr-eɑ,3SG come-PTCP-M.SG 3SG 2SG COP-M.EMPH or other-1PL:EMPH look person-FIN,Are you the one who is to come or should we expect someone else?
matthew_santali_glossed_ipa.eaf,40,85800,87800,ɔnɑkɔ d̪inre d͡ʒisu d̪ɔ d͡ʒirɑukʔ mɑhɑ hilɔkʔre pʰɔsɔl t̪ɑlɑɔt̪eye tʃɑlɑkʔkɑn t̪ɑhekɑnɑ,ɔnɑkɔ d̪in-re d͡ʒisu d̪ɔ d͡ʒirɑukʔ mɑhɑ hilɔkʔ-re pʰɔsɔl t̪ɑl-ɑ-ɔt̪e-ye tʃɑlɑ-kʔ-kɑn t̪ɑhe-kɑn-ɑ,Those day-LOC Jesus TOP sabbath day time-LOC grain field-FIN-through-3SG:SUBJ walk-M-PTCP stay-PTCP-FIN,At that time Jesus went through the grain fields on the sabbath.
matthew_santali_glossed_ipa.eaf,41,88000,90000,ente mɑnwɑ hɔpɔn d̪ɔ d͡ʒirɑukʔ mɑhɑren mɑlik kɑnɑe,ente mɑnwɑ hɔpɔn d̪ɔ d͡ʒirɑukʔ mɑhɑ-ren mɑlik kɑn-ɑe,For Human Son TOP sabbath day-GEN lord COP-3SG:PRED,For the Son of Man is lord of the sabbath.
matthew_santali_glossed_ipa.eaf,42,90200,92200,enhilɔkʔ d͡ʒisu d̪ɔ ɔrɑkʔ kʰɔn ɔd̪ɔk senkɑt̪e d̪ɔreɑɔ ɑrere eye d̪uruʔpenɑ,enhilɔkʔ d͡ʒisu d̪ɔ ɔrɑkʔ kʰɔn ɔd̪ɔk sen-kɑt̪e d̪ɔre-ɑɔ ɑr-er-e-ye d̪uruʔp-en-ɑ,That.day Jesus TOP house from out go-SEQ sea-LOC shore-LOC-3SG-3SG:SUBJ sit-INCH-FIN,That same day Jesus went out of the house and sat by the sea.
matthew_santali_glossed_ipa.eaf,43,92400,94400,nelpe erɔkʔitʃ d̪ɔ erɔkke ɔd̪ɔk tʃɑlɑɔenɑ,nelpe erɔkʔ-itʃ d̪ɔ erɔkʔ-ke ɔd̪ɔk tʃɑlɑɔ-en-ɑ,See sower-M TOP sow-PST out go.out-INCH-FIN,A sower went out to sow.
matthew_santali_glossed_ipa.eaf,44,94600,96600,lut̪ur menɑkt̪ɑeitʃ d̪ɔe ɑɲɲɔmmɑ,lut̪ur menɑkʔ-t̪ɑeitʃ d̪ɔ-e ɑɲɲɔm-mɑ,Ear have-M.SG TOP-3SG:SUBJ hear-IMP,Whoever has ears let them hear.
matthew_santali_glossed_ipa.eaf,45,96800,98800,ɑm d̪ɔ mɑsi d͡ʒiwetʔ isɔrren hɔpɔn kɑnɑm,ɑm d̪ɔ mɑsi d͡ʒiwetʔ isɔr-ren hɔpɔn kɑn-ɑm,2SG TOP Messiah living God-GEN Son COP-2SG,You are the Messiah the Son of the living God.
matthew_santali_glossed_ipa.eaf,46,99000,101000,ɑr iɲ hɔ ɑm iɲ met̪ɑmkɑnɑ ɑm d̪ɔ pɑt̪rɑs kɑnɑm ɑr nɔɑ tʃɑt̪ɑnire inɑkkɑlisiɑɲ benɑɔɑ,ɑr iɲ hɔ ɑm iɲ met̪ɑ-m-kɑn-ɑ ɑm d̪ɔ pɑt̪rɑs kɑn-ɑm ɑr nɔɑ tʃɑt̪ɑn-ire iɲ-ɑkʔ kɑlisi-ɑɲ benɑ-ɔ-ɑ,And 1SG also 2SG 1SG tell-2SG-PTCP-FIN 2SG TOP Peter COP-2SG and this rock-LOC 1SG-GEN church-1SG:SUBJ build-CAUS-FIN,And I tell you that you are Peter and on this rock I will build my church.
matthew_santali_glossed_ipa.eaf,47,101200,103200,ɑd̪ɔ t̪urui d̪in t̪ɑyɔm d͡ʒisu d̪ɔ pɑt̪rɑs ɑr d͡ʒɑkɔb ɑr uniren bɔehɑ d͡ʒɔhɑn sɔnd̪e t̪ɔrɑkɑt̪e mit̪t̪etʃ usul buruṱe eskɑrreye ɑyur rɑkɑpʔket̪kɔɑ,ɑd̪ɔ t̪urui d̪in t̪ɑy-ɔm d͡ʒisu d̪ɔ pɑt̪rɑs ɑr d͡ʒɑkɔb ɑr uni-ren bɔehɑ d͡ʒɔhɑn sɔnd̪e t̪ɔrɑ-kɑt̪e mit̪t̪-etʃ usul buru-t̪e eskɑr-re-ye ɑyur rɑkɑ-pʔ-ket̪ʔ-kɔ-ɑ,Then six day after-OBJ Jesus TOP Peter and James and 3SG-GEN brother John together take-FIN-SEQ one-CLSSFR high mountain-INS apart-LOC-3SG:SUBJ above lead-M-PST-PL-FIN,After six days Jesus took Peter James and John his brother and led them up a high mountain by themselves.
matthew_santali_glossed_ipa.eaf,48,103400,105400,ɑr ɔŋkɔ sɑmɑnreye etɑkʔ bɔrɔnenɑ uniɑkʔ met̪ɑhɑ d̪ɔ sin tʃɑnd̪ɔ lekɑ d͡ʒhɑk d͡ʒhɑkenɑe,ɑr ɔŋkɔ sɑmɑner-e etɑkʔ bɔrɔn-en-ɑ uni-ɑkʔ met̪ɑ-hɑ d̪ɔ sin tʃɑnd̪ɔ lekɑ d͡ʒhɑk d͡ʒhɑk-en-ɑe,And them before-3SG:SUBJ appearance change-INCH-FIN 3SG-GEN face TOP sun light like bright shine-INCH-3SG,And he was transfigured before them his face shone like the sun.
matthew_santali_glossed_ipa.eaf,49,105600,107600,ɔnɑ ɡʱurireɡe tʃelɑkɔ d͡ʒisu t̪ʰen hetʃkɑt̪ekɔ meŋked̪ɑ ɔkɔe end̪ekʰɑn sermɑ rɑd͡ʒɡe d̪ɔe mɑrɑnɑ,ɔnɑ ɡʱuri-re-ɡe tʃelɑ-kɔ d͡ʒisu t̪ʰen hetʃ-kɑt̪e-kɔ men-ke-d̪ɑ ɔkɔe end̪ekʰɑn sermɑ rɑd͡ʒ-ɡe d̪ɔ-e mɑrɑn-ɑ,That time-LOC-EMPH disciple-PL Jesus to come-SEQ-PL say-PST-FIN who then heaven kingdom-EMPH TOP-3SG:SUBJ great-FIN,At that time the disciples came to Jesus and asked who is the greatest in the kingdom of heaven?
matthew_santali_glossed_ipa.eaf,50,107800,109800,sɑriɡeɲ met̪ɑpekɑnɑ beɡɔr ɑtʃurɔkɔt̪e ɑr kɑt̪itʃ ɡid̪rɑkɔ lekɑ beɡɔr hɔyɔkt̪e sermɑ rɑd͡ʒɡe d̪ɔ ɔhɔɡepe hbɔlɔlenɑ,sɑriɡeɲ met̪ɑ-pe-kɑn-ɑ beɡɔr ɑtʃur-ɔkʔ-t̪e ɑr kɑt̪itʃ ɡid̪rɑ-kɔ lekɑ beɡɔr hɔyɔ-kʔ-t̪e sermɑ rɑd͡ʒ-ɡe d̪ɔ ɔhɔ-ɡe-pe hbɔlɔ-len-ɑ,Truly say-2PL-PTCP-FIN unless change-M-INS and child-PL like become-M-INS heaven kingdom-EMPH TOP enter-EMPH-2PL able-INCH-FIN,Truly I say to you unless you change and become like children you will never enter the kingdom of heaven.
matthew_santali_glossed_ipa.eaf,51,110000,112000,tʃet̪ bʱɑɡeɑkʔin kɑmiɑ d͡ʒemɔn d͡ʒɑed͡ʒuɡ d͡ʒiɔn hɔyɔkʔ in,tʃet̪ bʱɑɡe-ɑkʔ-iɲ kɑmi-ɑ d͡ʒemɔn d͡ʒɑe-d͡ʒuɡ d͡ʒiɔn hɔyɔ-kʔ iɲ,What good-GEN-1SG:SUBJ do-FIN so.that eternal life happen-M 1SG,What good thing must I do to get eternal life?
matthew_santali_glossed_ipa.eaf,52,112200,114200,ente ɔkɑre d̪ʱɔn menɑkt̪ɑmɑ ɔnd̪ed̪e ɑmɑkʔ mɔn hɔ t̪ɑhenɑ,ente ɔkɑre d̪ʱɔn menɑkʔ-t̪ɑ-mɑ ɔnd̪e-d̪e ɑmɑkʔ mɔn hɔ t̪ɑhe-nɑ,For where treasure have-CAUS-2SG there-TOP 2SG:POSS heart also be-FIN,For where your treasure is there your heart will be also.
matthew_santali_glossed_ipa.eaf,53,114400,116400,ente sermɑ rɑd͡ʒ d̪ɔ mit̪t̪en ɔrɑkʔ kisɑr lekɑnɑ ɔkɔe pɑhɑ pɔhɔre ɑtʃɑkʔ d̪ɑrxɑ bɑɡwɑnre kɑmiɑkɔ ɑtʃukɔ lɑɡit̪e ɔd̪ɔken,ente sermɑ rɑd͡ʒ d̪ɔ mit̪t̪-en ɔrɑkʔ kisɑr lekɑ-nɑ ɔkɔe pɑhɑ pɔhɔre ɑtʃ-ɑkʔ d̪ɑrxɑ bɑɡwɑn-re kɑmi-ɑkɔ ɑtʃu-kɔ lɑɡit̪-e ɔd̪ɔk-en,For heaven kingdom TOP one-CLSSFR house owner like-FIN who early morning 3SG-GEN vineyard-LOC work-PTCP hire-PL for-3SG:SUBJ go-INCH,For the kingdom of heaven is like a landowner who went out early in the morning to hire workers for his vineyard.
matthew_santali_glossed_ipa.eaf,54,116600,118600,ɑr d͡ʒisu d̪ɔ isɔrɑkʔ mund̪ilt̪eye bɔlɔyenɑ ɑr mund̪ilre kiriɲ ɑkʔkriɲkɔd͡ʒɔt̪ɔe lɑɡɑ ɔd̪ɔkket̪ʔkɔɑ,ɑr d͡ʒisu d̪ɔ isɔr-ɑkʔ mund̪il-t̪e-ye bɔlɔye-nɑ ɑr mund̪il-re kiriɲ ɑkʔkriɲ-kɔ-d͡ʒɔt̪ɔ-e lɑɡɑ ɔd̪ɔk-ket̪ʔ-kɔ-ɑ,And Jesus TOP God-GEN temple-INS-3SG:SUBJ enter-FIN and temple-LOC buy.sell person-PL-all-3SG:SUBJ out drive-PST-PL-FIN,Jesus entered the temple courts and drove out all who were buying and selling there.
matthew_santali_glossed_ipa.eaf,55,118800,120800,ɔlɑkɑnɑ inɑkk ɔrɑkʔ d̪ɔ kɔed͡ʒɔnɔrɑkt̪ bikɑukt̪ɑeɑ meŋkʰɑn ɑpe d̪ɔ ɔnɑpere d̪ɑku d̪ɑnd̪eret̪ɑ,ɔlɑ-kɑn-ɑ iɲ-ɑkʔ ɔrɑkʔ d̪ɔ kɔed͡ʒɔn-ɔrɑkʔ-t̪ bikɑu-kʔ-t̪ɑe-ɑ meŋkʰɑn ɑpe d̪ɔ ɔnɑ-pe-re d̪ɑku d̪ɑnd̪ere-t̪ɑ,Written-PTCP-FIN 1SG-GEN house TOP prayer-house-OBJ.LOC call-M-3SG.CAUS-FIN but 2PL TOP that-2PL-LOC robber den make-CAUS,It is written my house shall be called a house of prayer but you are making it a den of robbers.
matthew_santali_glossed_ipa.eaf,56,121000,123000,prɔbʱu ɑmren isɔr d̪ɔ ɑmɑkʔ ɡɔt̪ɑ ɔnt̪ɔrt̪e ɑmɑkʔ ɡɔt̪ɑ d͡ʒiwit̪e ɑr ɑmɑkʔ ɡɔt̪ɑ mɔnt̪e d̪ulɑrem,prɔbʱu ɑmren isɔr d̪ɔ ɑmɑkʔ ɡɔt̪ɑ ɔnt̪ɔr-t̪e ɑmɑkʔ ɡɔt̪ɑ d͡ʒiwi-t̪e ɑr ɑmɑkʔ ɡɔt̪ɑ mɔn-t̪e d̪ulɑr-em,Lord 1PL:GEN God TOP 2SG:POSS whole heart-INS 2SG:POSS whole soul-INS and 2SG:POSS whole mind-INS love-2SG:IMP,Love the Lord your God with all your heart and with all your soul and with all your mind.
matthew_santali_glossed_ipa.eaf,57,123200,125200,ɑr d̪ɔsɑrɑkʔ d̪ɔ ɔnɑ lekɑŋɡeɑ ɑm ɑd̪epɑseren hɔr ɑpnɑr lekɑ d̪ulɑrem,ɑr d̪ɔsɑrɑkʔ d̪ɔ ɔnɑ lekɑ-ŋɡeɑ ɑm ɑd̪e-pɑ-ser-en hɔr ɑpnɑr lekɑ d̪ulɑr-em,And second TOP that like-EMPH 2SG neighbor-POSS-LIKE-CLSSFR person 2PL:POSS like love-2SG:IMP,And the second is like it love your neighbour as yourself.
matthew_santali_glossed_ipa.eaf,58,125400,127400,hɑe ɑpe sɔst̪ɔr bɑd̪ɑekɔ ɑr pʰɑrisikɔ pʰɑsiɑrɑkɔ d̪ɔ ente ɑpe d̪ɔ nɔrɔk sɑmɑnre sermɑ rɑd͡ʒpe iɲ eset̪etʔkɑnɑ,hɑe ɑpe sɔst̪ɔr bɑd̪ɑe-kɔ ɑr pʰɑrisi-kɔ pʰɑsiɑrɑ-kɔ d̪ɔ ente ɑpe d̪ɔ nɔrɔk sɑmɑn-re sermɑ rɑd͡ʒ-pe iɲ eset̪-etʔ-kɑn-ɑ,Woe 2PL scholar PL and Pharisee hypocrite-PL TOP for 2PL TOP people before-3SG heaven kingdom-2PL 1SG shut-CAUS-PTCP-FIN,Woe to you teachers of the law and Pharisees you hypocrites you shut the door of the kingdom of heaven in people's faces.
matthew_santali_glossed_ipa.eaf,59,127600,129600,e d͡ʒeruzɑlem e d͡ʒeruzɑlem nɑbikɔ ɡɔɡɔtʃitʃ ɑr ɑm t̪ʰen kɔlkɔ d̪ʱirit̪e ɲitʃ,e d͡ʒeruzɑlem e d͡ʒeruzɑlem nɑbi-kɔ ɡɔɡɔtʃ-itʃ ɑr ɑm t̪ʰen kɔl-kɔ d̪ʱiri-t̪e ɲitʃ,VOC Jerusalem VOC Jerusalem prophet-PL stone-M.EMPH and 2SG to sent-PL stone-INS kill.EMPH,Jerusalem Jerusalem you who kill the prophets and stone those sent to you.
matthew_santali_glossed_ipa.eaf,60,129800,131800,nelpe ɑpeɑkt̪ ɔrɑkʔ d̪ɔ ɑpe lɑɡit̪ʔ ud͡ʒɑrɡe bɑɡi ɔt̪ɔkʔkɑnɑ,nelpe ɑpe-ɑk-t̪ ɔrɑkʔ d̪ɔ ɑpe lɑɡit̪ʔ ud͡ʒɑrɡe bɑɡi ɔt̪ɔkʔ-kɑn-ɑ,See 2PL-GEN-OBJ house TOP 2PL for desolate leave remain-PTCP-FIN,Look your house is left to you desolate.
santali_matthew_glossed(1).eaf,1,0,2000,Jisu do d̪ok'ic' Bɑbɑn-cɑo-ic' kɑnɑ-e,Jisu d̪o d̪ok'-ic' Bɑbɑn-cɑo-ic' kɑnɑ-e,Jesus TOP Baptize-TR Baptist COP-FIN-3SG:SUBJ,Jesus is the one called the Baptist.
santali_matthew_glossed(1).eaf,2,2200,4200,uni d̪o sermɑ rɑj reɑk' kɑŋ-e-ɑ,uni d̪o sermɑ rɑj reɑk' kɑŋ-e-ɑ,3SG TOP Heaven Kingdom GEN Belong-3SG:SUBJ-FIN,The Kingdom of Heaven belongs to him.
santali_matthew_glossed(1).eaf,3,4400,6400,noɑ Hukigot d̪o eken Jehud̪i hɔr ko lɑgit' d̪o bɑn kɑnɑ,noɑ Hukigot d̪o eken Jehud̪i hɔr ko lɑgit' d̪o bɑ-n kɑnɑ,This Gospel TOP Only Jewish People PL For TOP NEG-1SG COP-FIN,This Good News is not only for the Jewish people.
santali_matthew_glossed(1).eaf,4,6600,8600,uni d̪o jiɔne kʰemɑo let,uni d̪o jiɔn-e kʰemɑo-let,3SG TOP World-OBJ Save-PLUP:FIN,He had come to save the world.
santali_matthew_glossed(1).eaf,5,8800,10800,Soetɑn d̪o uni-e bɑgiɑ-d̪eɑ,Soetɑn d̪o uni-e bɑgiɑ-d̪eɑ,Satan TOP 3SG-3SG:SUBJ Tempt-REM:PST:FIN,Satan tempted him.
santali_matthew_glossed(1).eaf,6,11000,13000,d̪utko hec'kɑteko sɑp'sorɑ-d̪eɑ,d̪ut-ko hec'-kɑte-ko sɑp'sorɑ-d̪eɑ,Angels-PL Come-CVB-PL Serve-REM:PST:FIN,Angels came and served him.
santali_matthew_glossed(1).eaf,7,13200,15200,Jisu d̪o Gɑlil kʰon Jord̪ɑnte Johɑn tʰene hec'enɑ,Jisu d̪o Gɑlil kʰon Jord̪ɑn-te Johɑn tʰen-e hec'-enɑ,Jesus TOP Galilee ABL Jordan-LOC John TO-3SG:SUBJ Come-PLUP:FIN,Jesus came from Galilee to the Jordan to John.
santali_matthew_glossed(1).eaf,8,15400,17400,uni d̪oe tɑnɑ mɑnɑkɑd̪eɑ,uni d̪o-e tɑnɑ mɑnɑkɑ-d̪eɑ,3SG TOP-3SG:SUBJ Refuse Deny-REM:PST:FIN,John tried to prevent him.
santali_matthew_glossed(1).eaf,9,17600,19600,ɡotɑ d̪ʰɔrɔm puk'rɑu lek kɑntɑlɑnɑ,ɡotɑ d̪ʰɔrɔm puk'rɑu lek kɑn-tɑlɑnɑ,All Righteousness Fulfil QUOT COP-1PL:SUBJ-FIN,We must fulfil all righteousness.
santali_matthew_glossed(1).eaf,10,19800,21800,sermɑ d̪o ʤʰic'enɑ,sermɑ d̪o ʤʰic'-enɑ,Sky TOP Open-PLUP:FIN,The heavens were opened.
santali_matthew_glossed(1).eaf,11,22000,24000,Nui-ge iʰren d̪ulɑriɑ hɔpɔn d̪o,Nui-ge iʰ-ren d̪ulɑriɑ hɔpɔn d̪o,3SG.PROX-EMPH 1SG-GEN Beloved Son TOP,This is my beloved Son.
santali_matthew_glossed(1).eaf,12,24200,26200,mɔn ɑcurtɑ-pe ente sermɑ rɑj d̪o sorɑkɑnɑ,mɔn ɑcur-tɑ-pe ente sermɑ rɑj d̪o sorɑ-kɑnɑ,Mind Repent-IMP-2PL:SUBJ Because Heaven Kingdom TOP Near-COP:FIN,"Repent, for the Kingdom of Heaven is near."
santali_matthew_glossed(1).eaf,13,26400,28400,D̪elɑ iɲ tɑyɔmte ɑd̪o mɑnwɑ sɑsɑp keotɑɲ hoe ocobena,D̪elɑ iɲ tɑyɔm-te ɑd̪o mɑnwɑ sɑsɑp keotɑ-ɲ hoe ocobenɑ,Come 1SG After-LOC THEN Person Catch Fisher-1SG:SUBJ Become Make:FIN,Come follow me and I will make you fishers of men.
santali_matthew_glossed(1).eaf,14,28600,30600,unkin d̪o sɑtmente jɑlko bɑgiɑt'tekin pɑɲɑked̪eɑ,un-kin d̪o sɑtmen-te jɑl-ko bɑgiɑt'-te-kin pɑɲɑke-d̪eɑ,3DU TOP Immediately-LOC Net-PL Leave-CVB-3DU:SUBJ Follow-REM:PST:FIN,The two of them immediately left the nets and followed him.
santali_matthew_glossed(1).eaf,15,30800,32800,Jisu ɡotɑ Gɑlil d̪isom d̪ɑrɑ d̪ɑrɑte-e cetɑkokɑn,Jisu ɡotɑ Gɑlil d̪isom d̪ɑrɑ d̪ɑrɑ-te-e cetɑko-kɑn,Jesus All Galilee Land Wander Around-LOC-3SG:SUBJ Teach-COP-FIN,Jesus went around the whole of Galilee teaching.
santali_matthew_glossed(1).eaf,16,33000,35000,d̪isom hɔrko tɑlɑre sɑnɑm lekɑn rɔɡ biɡʰin,d̪isom hɔr-ko tɑlɑ-re sɑnɑm lekɑn rɔɡ biɡʰin,Country People-PL Among-LOC All Kind Disease Illness,All kinds of disease and illness among the people of the land.
santali_matthew_glossed(1).eaf,17,35200,37200,mɔnre renɑd̪ejɔk'kɑnkod̪eko bʰɑɡɑnɑ,mɔn-re renɑ-d̪e-jɔk'-kɑn-ko-d̪e-ko bʰɑɡɑ-nɑ,Mind-LOC Poor-EMPH-COP-PROG-3PL-EMPH-PL Blessed-FIN,Blessed are the poor in spirit.
santali_matthew_glossed(1).eaf,18,37400,39400,hird̪ɑuk'kɑnkod̪eko bʰɑɡɑnɑ,hird̪ɑuk'-kɑn-ko-d̪e-ko bʰɑɡɑ-nɑ,Grieve-PROG-3PL-EMPH-PL Blessed-FIN,Blessed are those who mourn.
santali_matthew_glossed(1).eaf,19,39600,41600,mɑhrkod̪eko bʰɑɡɑnɑ ente onko d̪o piɾtʰimi-ko ɑid̪ɑrijɔnɑ,mɑhr-ko-d̪e-ko bʰɑɡɑ-nɑ ente on-ko d̪o piɾtʰimi-ko ɑid̪ɑri-jonɑ,Gentle-PL-EMPH-PL Blessed-FIN Because 3PL-PL TOP Earth-PL Inherit-3PL:FIN,"Blessed are the meek, for they shall inherit the earth."
santali_matthew_glossed(1).eaf,20,41800,43800,mɑyɑk'kod̪eko bʰɑɡɑnɑ ente onko d̪oko mɑyɑ ocok'ɑ,mɑyɑk'-ko-d̪e-ko bʰɑɡɑ-nɑ ente on-ko d̪o-ko mɑyɑ ocok'-ɑ,Merciful-PL-EMPH-PL Blessed-FIN Because 3PL-PL TOP-PL Mercy Receive-FIN,"Blessed are the merciful, for they shall obtain mercy."
santali_matthew_glossed(1).eaf,21,44000,46000,ɑpe d̪o d̪ʰɑrti reɑk' bulun kɑnɑ-pe,ɑpe d̪o d̪ʰɑrti reɑk' bulun kɑnɑ-pe,2PL TOP Earth GEN Salt COP-2PL:SUBJ-FIN,You are the salt of the earth.
santali_matthew_glossed(1).eaf,22,46200,48200,ɑpe d̪o d̪ʰɑrti reɑk' mɑrsɑl kɑnɑ-pe,ɑpe d̪o d̪ʰɑrti reɑk' mɑrsɑl kɑnɑ-pe,2PL TOP Earth GEN Light COP-2PL:SUBJ-FIN,You are the light of the world.
santali_matthew_glossed(1).eaf,23,48400,50400,ɑlom kʰunɑ ɑr jɑhɑede-e kʰun uni d̪o bicɑrre d̪ɑyike hoyok'ɑ,ɑlom kʰunɑ ɑr jɑhɑe-d̪e-e kʰun uni d̪o bicɑr-re d̪ɑyike hoyok'-ɑ,PROHIB Kill And Whoever-EMPH-3SG:SUBJ Kill 3SG TOP Court-LOC Liable Become-FIN,"Do not kill, and whoever kills will be liable to judgment."
santali_matthew_glossed(1).eaf,24,50600,52600,ɑcren boeʰɑ-e kurud̪ɑ-e mi ke mi hɔr ɑo bicɑrre d̪ɑyike hoyok'ɑ,ɑc-ren boeʰɑ-e kurud̪ɑ-e mi ke mi hɔr ɑo bicɑr-re d̪ɑyike hoyok'-ɑ,1SG-GEN Brother-3SG:SUBJ Angry-3SG:SUBJ One-CLFR One Man VOC Court-LOC Liable Become-FIN,Whoever is angry with his brother will be liable to the court.
santali_matthew_glossed(1).eaf,25,52800,54800,ɑperen bɑiri-ko ɑud̪ɑrkope ente onko d̪oko tir pitok'ɑ,ɑpe-ren bɑiri-ko ɑud̪ɑr-ko-pe ente on-ko d̪o-ko tir pitok'-ɑ,2PL-GEN Enemy-PL Love-PL-2PL:SUBJ Because 3PL-PL TOP-PL Satisfy Become-FIN,"Love your enemies, that they may be satisfied."
santali_glossed_2.eaf,1,0,2000,hɔɽmɔɾɛ gid̪ɾɘ hɛʲc̚ʔ t̪a.jɔm t̪a.jɔmge gɔgɔ hɔɽaʔ ɖakt̪aɾ ʈʰɛʲc̚ʔ calaʔ ɟɘɾuɽ-a,hɔɽmɔ-ɾɛ gid̪ɾɘ hɛʲc-ʔ t̪a.jɔm-t̪a.jɔm-ge gɔgɔ-hɔɽ-aʔ ɖakt̪aɾ-ʈʰɛʲc-ʔ cala-ʔ ɟɘɾuɽ-a,body-LOC child come-INTR after-after-EMPH mother-person-GEN doctor-near-LOC go-INTR necessary-FIN,A pregnant woman (mother) should visit a doctor immediately right after conception.
santali_glossed_2.eaf,2,2200,4200,nɔŋkan ɔkt̪ɛɾɛ kɘʈiʲc̚ʔ lɘʈu ɟãhãlɛkan ɾu̯͡ɘge baŋ pɔsɽa͡o̯ ho.jo-a,nɔŋkan ɔkt̪ɛ-ɾɛ kɘʈiʲc-ʔ lɘʈu ɟãhã-lɛkan ɾu̯͡ɘ-ge baŋ pɔsɽa͡o̯ ho.jo-a,such time-LOC small-INTR small any-like illness-EMPH NEG neglect become-FIN,Any minor ailment should not be neglected during this time.
santali_glossed_2.eaf,3,4400,6400,no̯͡a ɔkt̪ɛɾɛ ganɔʔ baŋ ganɔʔ kɘmiko d̪ɔ ɖak̚t̪aɾ ʈʰɛn-kʰɔn baɖa͡i̯ɟɔŋ ho.jo-a,no̯͡a ɔkt̪ɛ-ɾɛ ganɔ-ʔ baŋ ganɔ-ʔ kɘmi-ko d̪ɔ ɖak̚t̪aɾ ʈʰɛn-kʰɔn baɖa͡i̯-ɟɔŋ ho.jo-a,this time-LOC necessary-INTR NEG necessary-INTR work-PL TOP doctor near-ABL know-1SG.OBJ become-FIN,It is better to know from the doctor what needs to be done at this time.
santali_glossed_2.eaf,4,6600,8600,ɔna ɔkt̪ɛ cɛt̪̚ʔ cɛt̪̚ʔ ɟɔm lɛkʰan gid̪ɾɘ aɾ gɔgɔ hɔɽaʔ boge ho.jo-a ɔnahɔ̃ ɲɛl ho.jo-a,ɔna ɔkt̪ɛ cɛt̪-ʔ cɛt̪-ʔ ɟɔm lɛkʰan gid̪ɾɘ aɾ gɔgɔ-hɔɽ-aʔ boge ho.jo-a ɔna-hɔ̃ ɲɛl ho.jo-a,that time what-INTR what-INTR eat if child and mother-person-GEN good become-FIN that-also see become-FIN,"In this time, attention should be paid to what kind of food one gives the mother to eat so that both the baby and the mother will be well."
santali_glossed_2.eaf,5,8800,10800,ɟahan hamal kɘmi kɘmi͡i̯ d̪ɔ pɛɾɛʲc̚ʔ hɔɽmɔ gɔgɔ hɔɽaʔ baŋ ganɔ-a,ɟahan hamal kɘmi kɘmi͡i̯ d̪ɔ pɛɾɛʲc-ʔ hɔɽmɔ gɔgɔ-hɔɽ-aʔ baŋ ganɔ-a,any heavy work work TOP pregnant-INTR body mother-person-GEN NEG necessary-FIN,A pregnant mother should not do any heavy work.
santali_glossed_2.eaf,6,11000,13000,hamal hɔɽmɔ gɔgɔ-hɔɽ d̪ɔ bʰage bʰage ɟɔm ɲu em-a-ko ho.jo-a,hamal hɔɽmɔ gɔgɔ-hɔɽ d̪ɔ bʰage bʰage ɟɔm ɲu em-a-ko ho.jo-a,pregnant body mother-person TOP good good eat drink give-FIN-3PL.OBJ become-FIN,A pregnant mother should always be given nutritious/good food.
santali_glossed_2.eaf,7,13200,15200,no̯͡a ɔk̚t̪ɛ bɛgɔɾ ɟɔm-t̪ɛ baŋ t̪ãhɛ̃n ho.jo-a,no̯͡a ɔk̚t̪ɛ bɛgɔɾ ɟɔm-t̪ɛ baŋ t̪ãhɛ̃n ho.jo-a,this time without eat-CVB NEG stay become-FIN,During this time fasting is not permitted.
santali_glossed_2.eaf,8,15400,17400,gɔgɔ hɔɽaʔ hɔɽmɔ ɟɛnɔ ɘɖi ɟɘst̪i baŋ hamal-ɔʔ-t̪a͡i̯ ɔnt̪ɛ-hɔ̃ ɲɛl ho.jo-a,gɔgɔ-hɔɽ-aʔ hɔɽmɔ ɟɛnɔ ɘɖi ɟɘst̪i baŋ hamal-ɔʔ-t̪a͡i̯ ɔnt̪ɛ-hɔ̃ ɲɛl ho.jo-a,mother-person-GEN body so.that very much NEG heavy-MID-3SG.OBJ that.side-also see become-FIN,We have to be careful so that the mother's body does not become too heavy.
santali_glossed_2.eaf,9,17600,19600,hɔɽmɔ ɘɖi ɟɘst̪i hamal lɛn-kʰan uni gɔgɔ hɔɽaʔ a͡i̯mãlɛkan ɾu̯͡ɘ haso ho͡i̯ d̪aɽe.j-aʔ-a,hɔɽmɔ ɘɖi ɟɘst̪i hamal lɛn-kʰan uni gɔgɔ-hɔɽ-aʔ a͡i̯mã-lɛkan ɾu̯͡ɘ-haso ho͡i̯ d̪aɽe.j-aʔ-a,body very much heavy become-COND 3SG mother-person-GEN many-like illness-pain become can-INTR-FIN,"If the pregnant woman's body becomes too heavy, various diseases can attack."
santali_glossed_2.eaf,10,19800,21800,ɟohaɾ ɖak̚t̪aɾ-ɛm mɛn-ɛd̪-a,ɟohaɾ ɖak̚t̪aɾ-ɛm mɛn-ɛd̪-a,greeting doctor-2SG say-IPFV-FIN,"Hello, (Greetings)! Is the Doctor speaking?"
santali_glossed_2.eaf,11,22000,24000,hɛɲ mɛn-ɛd̪-a,hɛ-ɲ mɛn-ɛd̪-a,yes-1SG say-IPFV-FIN,"Yes, I am speaking."
santali_glossed_2.eaf,12,24200,26200,iɲ-ɾɛn kɔɽa gid̪ɾɘ-ɔ̯͡aʔ huʈgɘɾi-t̪ɛ mãnd̪a aɾ ciɖiɾ ɛhɔb-akan-t̪a-ja,iɲ-ɾɛn kɔɽa gid̪ɾɘ-ɔ̯͡aʔ huʈgɘɾi-t̪ɛ mãnd̪a aɾ ciɖiɾ ɛhɔb-akan-t̪a-ja,1SG-GEN.ANIM male child-3SG.GEN suddenly-INSTR cold and diarrhoea begin-PRF-PRES-3SG,My son got attacked by a sudden cold and diarrhoea.
santali_glossed_2.eaf,13,26400,28400,am-ɾɛn gid̪ɾɘ-ɔ̯͡aʔ t̪inɘʔ umɘɾ,am-ɾɛn gid̪ɾɘ-ɔ̯͡aʔ t̪inɘʔ umɘɾ,2SG-GEN.ANIM child-3SG.GEN how.much age,How old is your child?
santali_glossed_2.eaf,14,28600,30600,uni-jaʔ umɘɾ gɛl cand̪o,uni-jaʔ umɘɾ gɛl cand̪o,3SG-GEN age ten month,He is 10 months old.
santali_glossed_2.eaf,15,30800,32800,uni-jaʔ hɔɽmɔ-ɾɛ cɛt̪̚ʔ ɾu̯͡ɘ mɛna-a,uni-jaʔ hɔɽmɔ-ɾɛ cɛt̪-ʔ ɾu̯͡ɘ mɛna-a,3SG-GEN body-LOC what-INTR illness EXIST-FIN,Does he have a fever?
santali_glossed_2.eaf,16,33000,35000,hɔɽmɔ-ɾɛ ɾu̯͡ɘ bɘnu-a t̪ɔbɛ hɔɽmɔ t̪ʰɔɽa lɔlɔ-ge mɛna-a,hɔɽmɔ-ɾɛ ɾu̯͡ɘ bɘnu-a t̪ɔbɛ hɔɽmɔ t̪ʰɔɽa lɔlɔ-ge mɛna-a,body-LOC fever NEG.EXIST-FIN but body little hot-EMPH EXIST-FIN,"Not a fever, but his body is slightly warm."
santali_glossed_2.eaf,17,35200,37200,gid̪ɾɘ-ɔ̯͡aʔ ni̯͡ɘ halɔt̪̚ʔ t̪inɘʔ d̪in-kʰɔn,gid̪ɾɘ-ɔ̯͡aʔ ni̯͡ɘ halɔt̪-ʔ t̪inɘʔ d̪in-kʰɔn,child-3SG.GEN this condition-INTR how.much day-ABL,How long has this condition been for the child?
santali_glossed_2.eaf,18,37400,39400,hɔla ɲind̪ɘ-kʰɔn ni̯͡ɘ halɔt̪̚ʔ ɛhɔp-akan-t̪a-ja,hɔla ɲind̪ɘ-kʰɔn ni̯͡ɘ halɔt̪-ʔ ɛhɔp-akan-t̪a-ja,yesterday night-ABL this condition-INTR begin-PRF-PRES-3SG,This situation started from last night.
santali_glossed_2.eaf,19,39600,41600,set̪aʔ-kʰɔn uni t̪inɘʔ-d̪ʰa͡o̯-ɛ ʈɘnɖi-jakad-a,set̪aʔ-kʰɔn uni t̪inɘʔ-d̪ʰa͡o̯-ɛ ʈɘnɖi-jakad-a,morning-ABL 3SG how.much-time-3SG defecate-PRF.TR-FIN,How many times has he defecated since morning?
santali_glossed_2.eaf,20,41800,43800,set̪aʔ-kʰɔn uni mɔ̃ɽɛ-d̪ʰa͡o̯-ɛ ʈɘnɖi-jakad-a,set̪aʔ-kʰɔn uni mɔ̃ɽɛ-d̪ʰa͡o̯-ɛ ʈɘnɖi-jakad-a,morning-ABL 3SG five-time-3SG defecate-PRF.TR-FIN,He has defecated 5 times since morning.
santali_glossed_2.eaf,21,44000,46000,ʈɘnɖi-t̪ɛt̪̚ʔ d̪ɔ cɛt̪̚ʔ lɛhɛɾ-ge-ja sɛ kɛʈɛʲc̚ʔ-ge-ja,ʈɘnɖi-t̪ɛt̪-ʔ d̪ɔ cɛt̪-ʔ lɛhɛɾ-ge-ja sɛ kɛʈɛʲc-ʔ-ge-ja,stool-NMLZ-INTR TOP what-INTR thin-EMPH-3SG or hard-INTR-EMPH-3SG,Is the stool thin or thick?
santali_glossed_2.eaf,22,46200,48200,ɘɖi ɟɘst̪i d̪ɔ baŋ lɛhɛɾ-a,ɘɖi ɟɘst̪i d̪ɔ baŋ lɛhɛɾ-a,very much TOP NEG thin-FIN,Not too thin.
santali_glossed_2.eaf,23,48400,50400,sɛla.jin ɲu uc-u-jɛ-m,sɛla.jin ɲu uc-u-jɛ-m,saline drink CAUS-give-3SG-2SG.IMP,Give him saline to drink.
santali_glossed_2.eaf,24,50600,52600,ɖab ɾɛ-jaʔ d̪aʔ hɔ̃ ɲu oc-o d̪aɽe-jɔ-a-ja,ɖab ɾɛ-jaʔ d̪aʔ hɔ̃ ɲu oc-o d̪aɽe-jɔ-a-ja,coconut LOC-GEN water also drink CAUS-MID can-MID-FIN-2SG,You can also give him coconut water to drink.
santali_glossed_2.eaf,25,52800,54800,aɾ ɾu̯͡ɘ t̪ahɛ̃n-kʰan ni.jɘ ɾan-ɛm ɟɔm-oc-o͡i̯-a,aɾ ɾu̯͡ɘ t̪ahɛ̃n-kʰan ni.jɘ ɾan-ɛm ɟɔm-oc-o͡i̯-a,and fever stay-COND this medicine-2SG eat-CAUS-3SG-FIN,"And, if he has a fever, give him [this] medicine."
santali_glossed_2.eaf,26,55000,57000,ɾan aɾ kɔɽam ɾɛ-jaʔ t̪o̯͡a baɾhɛ cɛt̪̚ʔ gid̪ɾɘ d̪ɔ ɟɘ͡o̯ d̪aka-ɲ ɟɔm-oc-o d̪aɽe-jɔ-a-ja,ɾan aɾ kɔɽam ɾɛ-jaʔ t̪o̯͡a baɾhɛ cɛt̪-ʔ gid̪ɾɘ d̪ɔ ɟɘ͡o̯ d̪aka-ɲ ɟɔm-oc-o d̪aɽe-jɔ-a-ja,medicine and breast LOC-GEN milk besides what-INTR child TOP porridge rice-1SG eat-CAUS-MID can-MID-FIN-3SG,Should I feed the baby rice porridge in addition to the medicine and breast milk?
santali_glossed_2.eaf,27,57200,59200,ɟɘɾuɽ bɘnu-a,ɟɘɾuɽ bɘnu-a,necessary NEG.EXIST-FIN,No need to do that.
santali_glossed_2.eaf,28,59400,61400,am-d̪ɔ a͡i̯ma saɾha͡o̯ ɟohaɾ,am-d̪ɔ a͡i̯ma saɾha͡o̯ ɟohaɾ,2SG-TOP many thanks greeting,"Thank you, (Greetings)."
santali_glossed_2.eaf,29,61600,63600,alɛ ɔɽaʔ aɽɛ-ɾɛ mit̪̚ʔʈɛʲc̚ʔ lɘʈu-gi mãt̪̚ʔ t̪ʰɔp̚ʔ mɛna-a,alɛ ɔɽaʔ aɽɛ-ɾɛ mit̪-ʔ-ʈɛʲc-ʔ lɘʈu-gi mãt̪-ʔ t̪ʰɔp-ʔ mɛna-a,1PL.EXCL house side-LOC one-INTR-CLF-INTR big-EMPH bamboo-INTR thicket EXIST-FIN,There is a big bamboo forest next to our house.
santali_glossed_2.eaf,30,63800,65800,ɔnɖɛ d̪ɔ baɖa͡i̯ baŋ baɖa͡i̯ nãnã-hunɘɾ cɛ̃ɽɛ̃-ko t̪ahɛ̃n-a,ɔnɖɛ d̪ɔ baɖa͡i̯ baŋ baɖa͡i̯ nãnã-hunɘɾ cɛ̃ɽɛ̃-ko t̪ahɛ̃n-a,there TOP know NEG know various-kind bird-3PL stay-FIN,Many types of known and unknown birds live there.
santali_glossed_2.eaf,31,66000,68000,d̪inɘm-hilɘʔ set̪aʔ-ɾɛ cɛ̃ɽɛ̃-ko-aʔ cɛɾɔbɛɾɔ aɲɟɔm-t̪ɛ alɛ d̪ɔ-lɛ ɛbʰɛn-ɔʔ-a,d̪inɘm-hilɘʔ set̪aʔ-ɾɛ cɛ̃ɽɛ̃-ko-aʔ cɛɾɔbɛɾɔ aɲɟɔm-t̪ɛ alɛ d̪ɔ-lɛ ɛbʰɛn-ɔʔ-a,every-day morning-LOC bird-3PL-GEN chirping hear-CVB 1PL.EXCL TOP-1PL.EXCL wake-MID-FIN,Every morning we wake up to the chirping of those birds.
santali_glossed_2.eaf,32,68200,70200,cɛ̃ɽɛ̃-ko-aʔ cɛɾɔbɛɾɔ aɲɟɔm-t̪ɛ alɛ-jaʔ mɔn d̪ɔ ɾɘs-kɛ-t̪ɛ pɛɾɛɟ-ɔʔ-a,cɛ̃ɽɛ̃-ko-aʔ cɛɾɔbɛɾɔ aɲɟɔm-t̪ɛ alɛ-jaʔ mɔn d̪ɔ ɾɘs-kɛ-t̪ɛ pɛɾɛɟ-ɔʔ-a,bird-3PL-GEN chirping hear-CVB 1PL.EXCL-GEN mind TOP joy-INTR-INSTR fill-MID-FIN,Hearing the birds' chirping makes you feel better.
santali_glossed_2.eaf,33,70400,72400,ɔŋko mut̪̚ʔ-ɾɛ kɘʈiʲc̚ʔ ut̪ɘɾiʔ cɛ̃ɽɛ̃-jaʔ ɲut̪um d̪ɔ pʰecaʔ,ɔŋko mut̪-ʔ-ɾɛ kɘʈiʲc-ʔ ut̪ɘɾiʔ cɛ̃ɽɛ̃-jaʔ ɲut̪um d̪ɔ pʰecaʔ,3PL.PROX among-INTR-LOC small-INTR most bird-GEN name TOP warbler,The Warbler is the tiniest bird among all the birds.
santali_glossed_2.eaf,34,72600,74600,noko d̪ɔ ba-ko d̪uɽup̚ʔ t̪ʰiɾ-u-a mit̪̚ʔ ɖɘɾ-kʰɔn ɛʈaʔ ɖɘɾ-ko uɖɘ͡o̯ baɽa-ja,noko d̪ɔ ba-ko d̪uɽup-ʔ t̪ʰiɾ-u-a mit̪-ʔ ɖɘɾ-kʰɔn ɛʈaʔ ɖɘɾ-ko uɖɘ͡o̯ baɽa-ja,3PL.PROX TOP NEG-3PL sit-INTR stay-3SG-FIN one-INTR branch-ABL other branch-3PL fly wander-3SG,"They do not sit in one place, but fly from one branch to another branch of trees."
santali_glossed_2.eaf,35,74800,76800,ɲɛl-kat̪ɛ-m mɛn-kɛ-a ɛnɛɟ-ɔʔ-t̪i-gi mɛnaʔ-ko-a,ɲɛl-kat̪ɛ-m mɛn-kɛ-a ɛnɛɟ-ɔʔ-t̪i-gi mɛnaʔ-ko-a,see-CVB-2SG say-PFV-FIN dance-MID-CONT-EMPH EXIST-3PL-FIN,They seem to be always dancing.
santali_glossed_2.eaf,36,77000,79000,onko-kʰɔn lɘʈu macʰi cɛ̃ɽɛ̃-jaʔ ɲut̪um d̪ɔ gʰa͡o̯ɽa,onko-kʰɔn lɘʈu macʰi cɛ̃ɽɛ̃-jaʔ ɲut̪um d̪ɔ gʰa͡o̯ɽa,3PL-ABL big some bird-GEN name TOP sparrow,A little bigger bird than them is called the Sparrow.
santali_glossed_2.eaf,37,79200,81200,uŋko-hɔ̃ pʰecaʔ cɛ̃ɽɛ̃-lɛka hana ɖɘɾ nʰa͡o̯-a ɖɘɾ-ku uɖɘ͡o̯ baɽa-ja,uŋko-hɔ̃ pʰecaʔ cɛ̃ɽɛ̃-lɛka hana ɖɘɾ nʰa͡o̯-a ɖɘɾ-ku uɖɘ͡o̯ baɽa-ja,3PL-also warbler bird-like that branch new-INAN branch-3PL fly wander-3SG,They also fly from branches to branches like the Warbler.
santali_glossed_2.eaf,38,81400,83400,aɾ mit̪̚ʔ-lɛkan kɘʈiʲc̚ʔ cɛ̃ɽɛ̃-ɔ̯͡aʔ ɲut̪um d̪ɔ hojoʔ-kana hisi cɛ̃ɽɛ̃,aɾ mit̪-ʔ-lɛkan kɘʈiʲc-ʔ cɛ̃ɽɛ̃-ɔ̯͡aʔ ɲut̪um d̪ɔ hojoʔ-kana hisi cɛ̃ɽɛ̃,and one-INTR-like small-INTR bird-3SG.GEN name TOP become-PROG.FIN weaver bird,Another type of small bird is called the Weaver.
santali_glossed_2.eaf,39,83600,85600,oŋko d̪ɔ d̪aɾɛ ɖɘɾ-ɾɛ ɘɖi mɔ̃ɟ mɔ̃ɟ t̪ukɘ-ku bɛna-ɔ̯͡a,oŋko d̪ɔ d̪aɾɛ ɖɘɾ-ɾɛ ɘɖi mɔ̃ɟ mɔ̃ɟ t̪ukɘ-ku bɛna-ɔ̯͡a,3PL TOP tree branch-LOC very beautiful beautiful nest-3PL make-3SG.OBJ,They can make very beautiful nests in the tree branches.
santali_glossed_2.eaf,40,85800,87800,aɾ uŋko-kʰɔn t̪ʰɔɽa lɘʈu cɛ̃ɽɛ̃-jaʔ ɲut̪um d̪ɔ hojoʔ-kana ʈiʔʈɔɽɔ̃ʔ,aɾ uŋko-kʰɔn t̪ʰɔɽa lɘʈu cɛ̃ɽɛ̃-jaʔ ɲut̪um d̪ɔ hojoʔ-kana ʈiʔʈɔɽɔ̃ʔ,and 3PL-ABL little big bird-GEN name TOP become-PROG.FIN nightingale,A little bigger bird than them is the Nightingale.
santali_glossed_2.eaf,41,88000,90000,nɔŋkan cɛ̃ɽɛ̃ ɘɖi mɔ̃ɟ cɛɾɔbɛɾɔ-ko sɛɾɛɲ-a,nɔŋkan cɛ̃ɽɛ̃ ɘɖi mɔ̃ɟ cɛɾɔbɛɾɔ-ko sɛɾɛɲ-a,such bird very good chirping-3PL sing-FIN,This bird can sing very well.
santali_glossed_2.eaf,42,90200,92200,ɔka d̪ɔ gid̪ɾɛ-ko cɛ̃ɽɛ̃ t̪ukɘ-ku ɾɘp-ud̪-a aɾ uŋko-ɾɛn hɔpɔn-ko t̪i.jɘʔ-ko-a,ɔka d̪ɔ gid̪ɾɛ-ko cɛ̃ɽɛ̃ t̪ukɘ-ku ɾɘp-ud̪-a aɾ uŋko-ɾɛn hɔpɔn-ko t̪i.jɘʔ-ko-a,where TOP child-3PL bird nest-3PL break-TR-FIN and 3PL-GEN.ANIM offspring-3PL steal-3PL-FIN,Many times children break the nests of the birds and steal their babies.
santali_glossed_2.eaf,43,92400,94400,onat̪ɛ cɛ̃ɽɛ̃-ku d̪ɔ ɘɖi d̪uk̚-ku ɲãm-a,onat̪ɛ cɛ̃ɽɛ̃-ku d̪ɔ ɘɖi d̪uk̚-ku ɲãm-a,therefore bird-3PL TOP very pain-3PL get-FIN,The birds suffer a lot because of this.
santali_glossed_2.eaf,44,94600,96600,cɛ̃ɽɛ̃-ko-aʔ bɘɽiʲc̚ʔ hojoʔ nɔŋkan kɘmi kɘmi͡i̯ d̪ɔ baŋ leːka,cɛ̃ɽɛ̃-ko-aʔ bɘɽiʲc-ʔ hojoʔ nɔŋkan kɘmi kɘmi͡i̯ d̪ɔ baŋ leːka,bird-3PL-GEN harm-INTR become such work work TOP NEG good,Birds should not be harmed/ not good to harm the birds.
bangla_sentences_glossed.eaf,1,0,2000,iɲd̪ɔ pʰuʈbɔliɲ gat̪e.a aɾ iɲ bɔ͡i̯ha d̪ɔ kɾikeʈɛ gat̪e.a,iɲ-d̪ɔ pʰuʈbɔl-iɲ gat̪e-a aɾ iɲ bɔ͡i̯ha-d̪ɔ kɾikeʈ-ɛ gat̪e-a,1SG-TOP football-OBJ play-FIN and 1SG brother-TOP cricket-LOC play-FIN,I play football and my brother plays cricket.
bangla_sentences_glossed.eaf,2,2200,4200,alɛ at̪oɾɛ cand̪oɾɛ mit̪̚ʔd̪ʰa͡o̯ seɾeɲ akʰɾa hojo.a mɛnkʰan d̪ald̪apal ho͡i̯lɛnkʰan ai̯͡mad̪in bɔnd̪o t̪ahɛ̃na,alɛ at̪o-ɾɛ cand̪o-ɾɛ mit̪̚ʔ-d̪ʰa͡o̯ seɾeɲ akʰɾa hojo-a mɛnkʰan d̪al-d̪apal ho͡i̯-lɛn-kʰan ai̯͡ma-d̪in bɔnd̪o t̪ahɛ̃-n-a,1PL.EXCL locality-LOC month-LOC one-time song gathering become-FIN but fight-fight happen-COND-COND many-day closed stay-TR-FIN,"In our neighbourhood a music session is held every month, but whenever a fight breaks out, it gets closed for many days."
bangla_sentences_glossed.eaf,3,4400,6400,nit̪̚ʔ d̪ɔ iɲ ʈʰɛʲc̚ʔ ʈaka bɘnu.a ced̪aʔ ɟe hɔla miʔʈɛn gʰuɽiɲ kiɾiɲakad̪a,nit̪̚ʔ d̪ɔ iɲ ʈʰɛʲc̚ʔ ʈaka bɘn-u-a ced̪aʔ ɟe hɔla mit̪̚ʔ-ɛn gʰuɽi-iɲ kiɾiɲ-ak-ad̪-a,now TOP 1SG hand.LOC money NEG-1SG.SUBJ-FIN because COMP yesterday one-OBL watch-OBJ buy-PFV-PST-FIN,I don't have money right now because I bought a watch yesterday.
bangla_sentences_glossed.eaf,4,6600,8600,d̪aɾe ɾɔhɔ͡i̯ d̪ɔ bʰage kɘmi kana aɾ d̪aɾe ɟɔt̪ɔn hɔ̃ ɟɘɾuɽge̯͡a,d̪aɾe ɾɔhɔ͡i̯ d̪ɔ bʰage kɘmi kan-a aɾ d̪aɾe ɟɔt̪ɔn hɔ̃ ɟɘɾuɽ-ge-a,tree plant TOP good work COP.PROG-FIN and tree care also necessary-EMPH-FIN,Planting trees is good and taking care of trees is also necessary.
bangla_sentences_glossed.eaf,5,8800,10800,iɲ d̪ɔ baske.jaʔ bɘɲ ɟɔmakad̪a ced̪aʔ ɟe iɲ ʈʰɛʲc̚ʔ ʈaka bɘnu.a,iɲ d̪ɔ baske-jaʔ bɘɲ ɟɔm-ak-ad̪-a ced̪aʔ ɟe iɲ ʈʰɛʲc̚ʔ ʈaka bɘn-u-a,1SG TOP morning-GEN NEG eat-PFV-PST-FIN because COMP 1SG hand.LOC money NEG-1SG.SUBJ-FIN,I have not had breakfast because I don't have money.
bangla_sentences_glossed.eaf,6,11000,13000,iɲ d̪ɔ ɘɖi gʰɘɽiʲc̚ʔiɲ t̪ɘŋgi.jakadi̯͡a t̪a͡o̯hɔ̃ bɘɲ ɲɛlɛkana,iɲ d̪ɔ ɘɖi gʰɘɽi-ʲc̚ʔ-iɲ t̪ɘŋgi.j-ak-adi̯͡a t̪a͡o̯-hɔ̃ bɘɲ ɲɛlɛ-kan-a,1SG TOP very hour-ABL-OBJ sit-PFV-PST.1SG still-also NEG see-PROG-FIN,I have been sitting for a long time but there is still no sign of him.
bangla_sentences_glossed.eaf,7,13200,15200,uni sã͡o̯t̪ɛ iɲaʔ sɔmpɔɾkɔ baŋ bʰage̯͡a mɛnkʰan iɲ d̪ɔ uniɲ man manɔt̪e̯͡a,uni sã͡o̯t̪ɛ iɲ-aʔ sɔmpɔɾkɔ baŋ bʰage-a mɛnkʰan iɲ d̪ɔ uni-iɲ man manɔ-t̪e-a,3SG with 1SG-GEN relationship NEG good-FIN but 1SG TOP 3SG-OBJ respect honour-APPL-FIN,"Although I don't have a good relationship with him, I respect him."
bangla_sentences_glossed.eaf,8,15400,17400,uni hɔɽ d̪ɔ͡i̯ kisɘ̃ɽɾɛhɔ̃͡i̯ suk̚ bɘnuʔt̪a.ja,uni hɔɽ d̪ɔ͡i̯ kisɘ̃ɽ-ɾɛ-hɔ̃͡i̯ suk̚ bɘnuʔ-t̪a-ja,3SG person TOP wealth-LOC-even happiness NEG.exist-3SG-FIN,That man is rich but unhappy.
bangla_sentences_glossed.eaf,9,17600,19600,alɛd̪ɔ pʰuʈbɔl gat̪elɛ cala͡o̯lena gaɖaɾɛlɛ ɖɘbɾɘ͡i̯ĕna inɘ t̪a.jɔm ɔɽaʔɾɛ hɛʲc̚ʔ kat̪ɛ ɟɔɟɔmlɛ d̪uɽup̚ʔĕna,alɛ-d̪ɔ pʰuʈbɔl gat̪e-lɛ cala͡o̯-lena gaɖa-ɾɛ-lɛ ɖɘbɾɘ͡i̯-ĕna inɘ t̪a.jɔm ɔɽaʔ-ɾɛ hɛʲc̚ʔ kat̪ɛ ɟɔɟɔm-lɛ d̪uɽup̚ʔ-ĕna,1PL.EXCL-TOP football play-PST.PL go-1PL.PST river-LOC-PST.PL bathe-1PL.PST then after home-LOC arrive after eat-PST.PL sit-1PL.PST,"We went to play football, bathed in the river, then came home and sat to eat."
bangla_sentences_glossed.eaf,10,19800,21800,iɲaʔ nao̯͡a iskul d̪ɔ ɘɖi mɔ̃ːɟa mɛnkʰan ɔna d̪ɔ alɛ ɔɽaʔkʰɔʲc̚ʔ ɘɖi sɘŋgiɲa,iɲ-aʔ nao̯͡a iskul d̪ɔ ɘɖi mɔ̃ːɟ-a mɛnkʰan ɔna d̪ɔ alɛ ɔɽaʔ-kʰɔʲc̚ʔ ɘɖi sɘŋgi-ɲ-a,1SG-GEN new school TOP very beautiful-FIN but that TOP 1PL.EXCL home-ABL very far-INTR-FIN,"My new school is very nice, but it is very far from my home."
bangla_sentences_glossed.eaf,11,22000,24000,iɲ gɔgɔ̯͡aʔ isin basaŋ d̪ɔ ɘɖigi sibila mɛnkʰan iɲɾɛn kɘʈiʲc̚ʔ bɔ͡i̯ha d̪ɔ ɔna ba͡i̯ kusiɔ̯͡aʔa,iɲ gɔgɔ̯͡a-ʔ isin basaŋ d̪ɔ ɘɖi-gi sibil-a mɛnkʰan iɲ-ɾɛn kɘʈiʲc̚ʔ bɔ͡i̯ha d̪ɔ ɔna ba͡i̯ kusi-ɔ̯͡a-ʔ-a,1SG mother-GEN hand food TOP very-EMPH delicious-FIN but 1SG-GEN younger brother TOP that eat-INF like-GEN-M-FIN,"My mother's cooking is very tasty, but my younger brother does not like to eat it."
bangla_sentences_glossed.eaf,12,24200,26200,hĭɟuʔkan cʰuʈiɾɛ iɲd̪ɔ ɖʰakaɲ cala.a aɾ baŋkʰan sa͡i̯kel cala͡o̯iɲ ciːd̪a,hĭɟuʔ-kan cʰuʈi-ɾɛ iɲ-d̪ɔ ɖʰaka-iɲ cala-a aɾ baŋ-kʰan sa͡i̯kel cala͡o̯-iɲ ciː-d̪a,next-PROG holiday-LOC 1SG-TOP Dhaka-OBJ go-FIN or NEG-COND bicycle ride-OBJ learn-INCH,On the next holiday I will go to Dhaka or else learn to ride a bicycle.
bangla_sentences_glossed.eaf,13,26400,28400,iɲd̪ɔ baŋlat̪ɛ kat̪ʰaɲ ɾɔːɽa aɾ iŋɾeɟit̪ɛhɔ̃ katʰaɲ ɾɔɽ d̪aɽeo̯͡aʔa,iɲ-d̪ɔ baŋla-t̪ɛ kat̪ʰa-iɲ ɾɔːɽ-a aɾ iŋɾeɟi-t̪ɛ-hɔ̃ katʰa-iɲ ɾɔɽ d̪aɽe-o̯͡a-ʔ-a,1SG-TOP Bengali-INS word-OBJ speak-FIN and English-INS-also word-OBJ speak be.able-REFL-M-FIN,I speak Bengali and can also speak English.
bangla_sentences_glossed.eaf,14,28600,30600,iɲ d̪ɔɲ kɘmi kana aɾ sumɔn d̪ɔ͡i̯ ɟɘpit̪̚ʔed̪a,iɲ d̪ɔ-iɲ kɘmi kan-a aɾ sumɔn d̪ɔ͡i̯ ɟɘpi-t̪̚ʔe-d̪a,1SG TOP-OBJ work COP.PROG-FIN and Suman TOP sleep-3SG.SUBJ-PST,I am working and Suman is sleeping.
bangla_sentences_glossed.eaf,15,30800,32800,mɛlaɾɛɲ d̪aɽankan t̪ahɛ̃na ac̚kagi uniɲ ɲɛlɲamked̪e̯͡a,mɛla-ɾɛ-iɲ d̪aɽan-kan t̪ahɛ̃-n-a ac̚ka-gi uni-iɲ ɲɛl-ɲam-ked̪e-a,fair-LOC-OBJ walk-PROG stay-TR-FIN suddenly-EMPH 3SG-OBJ see-BEN-PST.3SG-FIN,I was walking at the fair and suddenly I saw him.
bangla_sentences_glossed.eaf,16,33000,35000,am d̪ɔ pasɛn bam pɘt̪jɘ͡o̯ăʔa mɛnkʰan no̯͡age sɘɾi.jaʔkana,am d̪ɔ pasɛn ba-m pɘt̪jɘ͡o̯-ă-ʔ-a mɛnkʰan no̯͡a-ge sɘɾi.jaʔ-kan-a,2SG TOP perhaps NEG-2SG.SUBJ believe-IRREAL-M-FIN but this-EMPH truth-PROG-FIN,"You may not believe it, but this is the truth."
bangla_sentences_glossed.eaf,17,35200,37200,am calaʔ kʰaʲc̚ʔ calaʔmɛ iɲ d̪ɔ baŋ,am calaʔ kʰaʲc̚ʔ calaʔ-mɛ iɲ d̪ɔ baŋ,2SG go-M wish go-IMP.2SG 1SG TOP NEG,You may go if you wish; I will not go.
bangla_sentences_glossed.eaf,18,37400,39400,uni.jaʔ muʈʰɘn ɲɛlt̪igiɲ buɟhɘ͡o̯d̪a ɟe uni͡i̯ komɽo̯͡akaʔa,uni-jaʔ muʈʰɘn ɲɛl-t̪i-gi-iɲ buɟhɘ͡o̯-d̪a ɟe uni-i̯ komɽ-o̯͡a-k-aʔ-a,3SG-GEN face see-CAUS-EMPH-OBJ understand-PST.1SG COMP 3SG-3SG.OBJ steal-REFL-PFV-M-FIN,I understood from his facial expression that he had stolen.
bangla_sentences_glossed.eaf,19,39600,41600,iɲ baba ɘɖi kɘʈiʲc̚ʔ t̪ahɛ̃kanɾegi iɲ haɽamba d̪ɔ͡i̯ gɔʲc̚ʔĕna,iɲ baba ɘɖi kɘʈiʲc̚ʔ t̪ahɛ̃-kan-ɾe-gi iɲ haɽamba d̪ɔ͡i̯ gɔʲc̚ʔ-ĕna,1SG father very young stay-PROG-LOC-EMPH 1SG grandfather TOP die-1PL.PST,My grandfather died when my father was very young.
bangla_sentences_glossed.eaf,20,41800,43800,nɔʔɔ͡i̯pɛ ɲɛlɛʔ ɔɽaʔ d̪ɔ alɛ.jaʔkana,nɔʔɔ͡i̯-pɛ ɲɛlɛ-ʔ ɔɽaʔ d̪ɔ alɛ-jaʔ-kan-a,this-PL see-M house TOP 1PL.EXCL-GEN-PROG-FIN,This house that you are seeing is ours.
bangla_sentences_glossed.eaf,21,44000,46000,ɔkaʈaʔ kat̪ʰam ɾɔɽkɛt̪̚ʔ ɔna d̪ɔɲ baɖa͡i̯ge̯͡a,ɔka-ʈaʔ kat̪ʰa-m ɾɔɽ-kɛt̪̚ʔ ɔna d̪ɔ-iɲ baɖa͡i̯-ge-a,which-thing word-2SG.POSS say-PST.2SG that TOP-OBJ know-EMPH-FIN,"The thing that you said, that I know."
bangla_sentences_glossed.eaf,22,46200,48200,koʈʰin kɘmikanɾɛhɔ̃ no̯͡ad̪ɔɲ kuɾumuʈu.ja,koʈʰin kɘmi-kan-ɾɛ-hɔ̃ no̯͡a-d̪ɔ-iɲ kuɾumuʈu-ja,difficult work-PROG-LOC-even this-TOP-OBJ try-FIN,"Although the task is difficult, I will still try to do it."
bangla_sentences_glossed.eaf,23,48400,50400,ɔɽaʔɛm hɛʲc̚ʔakanɾɛd̪ɔ d̪ɛlalaŋ d̪ãɽa ɘgu.ja,ɔɽaʔ-ɛm hɛʲc̚ʔ-ak-an-ɾɛ-d̪ɔ d̪ɛla-laŋ d̪ãɽa ɘgu-ja,home-2SG.POSS arrive-PFV-PROG-LOC-TOP let.us-1PL.EXCL.HORT around go-FIN,"Since you have come home, let us roam around."
bangla_sentences_glossed.eaf,24,50600,52600,am mam besge d̪ɛla ad̪ɔ pʰuʈbɔl gat̪elaŋ cala.a,am mam bes-ge d̪ɛla ad̪ɔ pʰuʈbɔl gat̪e-laŋ cala-a,2SG body good-EMPH let.us then football play-1PL.EXCL.HORT go-FIN,"Since you are healthy, let us go and play football."
bangla_sentences_glossed.eaf,25,52800,54800,alɛ.jaʔ pɘɾsit̪ɛ ɔkaʈaʔiɲ siɾiɲkɛt̪̚ʔ ɔna d̪ɔ d̪ulɘɾ ɾe.jaʔ siɾiɲ kana,alɛ-jaʔ pɘɾsi-t̪ɛ ɔka-ʈaʔ-iɲ siɾiɲ-kɛt̪̚ʔ ɔna d̪ɔ d̪ulɘɾ ɾe-jaʔ siɾiɲ kan-a,1PL.EXCL-GEN language-INS which-thing-OBJ sing-PST.1SG that TOP love regarding-GEN song COP.PROG-FIN,The song I sang in our language is a love song.
bangla_sentences_glossed.eaf,26,55000,57000,aɾhɔm hɛʲc̚ʔlɛnkʰan iɲ lɘgiʔ cɔk̚lɛʈ ɘgu t̪aɾa͡i̯mɛ,aɾ-hɔm hɛʲc̚ʔ-lɛn-kʰan iɲ lɘgi-ʔ cɔk̚lɛʈ ɘgu t̪aɾa͡i̯-mɛ,again-2SG.SUBJ arrive-PST-COND 1SG for-M chocolate bring give-IMP.2SG,"If you come again, bring chocolate for me."
bangla_sentences_glossed.eaf,27,57200,59200,am nɔnɖɛm t̪ahɛ̃n no̯͡ad̪ɔɲ baɽ͡ai̯kan t̪ahɛ̃ge̯͡a,am nɔnɖɛ-m t̪ahɛ̃-n no̯͡a-d̪ɔ-iɲ baɽ͡ai̯-kan t̪ahɛ̃-ge-a,2SG here-2SG.POSS stay-TR this-TOP-OBJ know-PROG stay-EMPH-FIN,I already knew that you live here.
bangla_sentences_glossed.eaf,28,59400,61400,iɲaʔ pɘt̪.jɘ͡o̯ t̪ahɛ̃kana ɟe am no̯͡am kɘmi d̪aɽe.jaʔa,iɲ-aʔ pɘt̪.jɘ͡o̯ t̪ahɛ̃-kan-a ɟe am no̯͡a-m kɘmi d̪aɽe-jaʔ-a,1SG-GEN faith stay-PROG-FIN COMP 2SG this-2SG.POSS work be.able-REFL-FIN,I had faith that you could do this work.
bangla_sentences_glossed.eaf,29,61600,63600,am bam d̪aɽe.jaʔkʰan ɔna kɘmi d̪ɔ alɔm kɘmi̯͡a,am ba-m d̪aɽe-jaʔ-kʰan ɔna kɘmi d̪ɔ al-ɔm kɘmi-a,2SG NEG-2SG.SUBJ be.able-REFL-COND that work TOP NEG-2SG.IMP work-FIN,"If you can't do it, don't do the work."
bangla_sentences_glossed.eaf,30,63800,65800,isin basaŋɛt̪̚ʔkan kuɽi d̪ɔ iɲ bɔ͡i̯ha kana͡i̯,isin basaŋ-ɛt̪̚ʔ-kan kuɽi d̪ɔ iɲ bɔ͡i̯ha kan-a-i̯,food cook-NMLZ-PROG girl TOP 1SG sibling COP-FIN-EMPH,The girl who is cooking is my sister.
bangla_sentences_glossed.eaf,31,66000,68000,am bam hiɟuʔt̪ɛ d̪ɔ iɲhɔ̃ bɘɲ cala.a,am ba-m hiɟuʔ-t̪ɛ d̪ɔ iɲ-hɔ̃ bɘɲ cala-a,2SG NEG-2SG.SUBJ come-APPL TOP 1SG-also NEG go-FIN,Just because you are not coming does not mean I will not go either.
bangla_sentences_glossed.eaf,32,68200,70200,iɲ ɔɽaʔ hɛʲc̚ʔ t̪ɔɾage iɲ gɔgɔ d̪ɔ iɲ ɛgɛɾɛ ɛhɔp̚ʔena,iɲ ɔɽaʔ hɛʲc̚ʔ t̪ɔɾa-ge iɲ gɔgɔ d̪ɔ iɲ ɛgɛ-ɾɛ ɛhɔp̚ʔ-ena,1SG home arrive immediately-EMPH 1SG mother TOP 1SG face-LOC scold-PST.3SG,"As soon as I came home, my mother started scolding me."
bangla_sentences_glossed.eaf,33,70400,72400,ɲind̪ɘ baŋ ɟɘpit̪̚ʔkat̪ɛɲ paɽhaʔt̪ɛ biɖɘ͡o̯ɾɛ iɲ boge kuɽɘ͡.jiɲ ɲamked̪a,ɲind̪ɘ baŋ ɟɘpit̪̚ʔ-kat̪ɛ-iɲ paɽhaʔ-t̪ɛ biɖɘ͡o̯-ɾɛ iɲ boge kuɽɘ͡.ji-iɲ ɲam-ked̪a,sleep NEG sleep-PST.SEQ-OBJ study-APPL night-LOC 1SG good result-OBJ receive-PST.3SG,"Studying sleeplessly at night, I got good results in the exam."
bangla_sentences_glossed.eaf,34,72600,74600,ɟa͡o̯gʰɘɽi paɽhaʔmɛ ɛnkʰan am gɔgɔbaba d̪ɔ bʰage gid̪ɾɘkin mɛt̪ama,ɟa͡o̯gʰɘɽi paɽhaʔ-mɛ ɛnkʰan am gɔgɔ-baba d̪ɔ bʰage gid̪ɾɘ-kin mɛt̪a-m-a,always study-IMP.2SG then 2SG mother-father TOP good child-DU call-2SG.OBJ-FIN,Always study; then your parents will call you a good child.
bangla_sentences_glossed.eaf,35,74800,76800,iɲ ɔka nakʰaɾɛɲ t̪ahɛ̃nkan ɔnɖɛnko ɟɔt̪ɔhɔɽko opoɾomiɲɘ,iɲ ɔka nakʰa-ɾɛ-iɲ t̪ahɛ̃-n-kan ɔnɖɛn-ko ɟɔt̪ɔ-hɔɽ-ko opɔɾo-m-iɲ-ɘ,1SG which area-LOC-OBJ stay-TR-PROG that-PL all-person-PL know-1SG.OBJ-OBJ-FIN,Many people in the area where I live know me.
bangla_sentences_glossed.eaf,36,77000,79000,amiɲ met̪aʔmɛɾɛhɔ̃ ced̪aʔ bam hɛʲc̚ʔlena,am-iɲ met̪aʔ-mɛ-ɾɛ-hɔ̃ ced̪aʔ ba-m hɛʲc̚ʔ-lena,2SG-OBJ say-IMP.2SG-LOC-even why NEG-2SG.SUBJ arrive-PST.PL,I told you to come; why didn't you come?
bangla_sentences_glossed.eaf,37,79200,81200,hɔla ɟe iskul bɔnd̪ɔ t̪ahɛ̃kan ɔna bɘɲ baɖa͡i̯kan t̪ahɛ̃na,hɔla ɟe iskul bɔnd̪ɔ t̪ahɛ̃-kan ɔna bɘɲ baɖa͡i̯-kan t̪ahɛ̃-n-a,yesterday COMP school closed stay-PROG that NEG know-PROG stay-TR-FIN,I did not know that the school was closed yesterday.
bangla_sentences_glossed.eaf,38,81400,83400,alɛ d̪ɔ baɾ bɔ͡i̯ha kɔɽa aɾ pɛ bɔ͡i̯ha kuɽi,alɛ d̪ɔ baɾ bɔ͡i̯ha kɔɽa aɾ pɛ bɔ͡i̯ha kuɽi,1PL.EXCL TOP two sibling male and three sibling female,We are two brothers and three sisters.
bangla_sentences_glossed.eaf,39,83600,85600,iɲaʔ iskul d̪ɔ nɔnɖɛ kʰɔn pɛ ma.jel sɘŋgiɲa,iɲ-aʔ iskul d̪ɔ nɔnɖɛ kʰɔn pɛ ma.jel sɘŋgi-iɲ-a,1SG-GEN school TOP here ABL three mile far-INTR-FIN,My school is three miles away from here.
bangla_sentences_glossed.eaf,40,85800,87800,nit̪̚ʔ iɲʈʰɛʲc̚ʔ d̪ɔ cɛʈ̪̚ʔ ʈaka hɔ̃ bɘnu.a,nit̪̚ʔ iɲ-ʈʰɛʲc̚ʔ d̪ɔ cɛʈ̪̚ʔ ʈaka hɔ̃ bɘn-u-a,now 1SG-hand.LOC TOP any money also NEG-1SG.SUBJ-FIN,Right now I don't have any money at all.
bangla_sentences_glossed.eaf,41,88000,90000,baɟaɾɾɛ ɟinis pot̪̚ɾɔ ɾe.jaʔ d̪am ɘɖi ɟɘst̪i,baɟaɾ-ɾɛ ɟinis pot̪̚ɾɔ ɾe-jaʔ d̪am ɘɖi ɟɘst̪i,market-LOC goods thing regarding-GEN price very high,The price of goods in the market is very high.
bangla_sentences_glossed.eaf,42,90200,92200,gɛlbaɾ cand̪oɾɛ mit̪̚ʔ sɛɾma ho.jo.a,gɛl-baɾ cand̪o-ɾɛ mit̪̚ʔ sɛɾma ho.jo-a,twelve month-LOC one year become-FIN,Twelve months make one year.
bangla_sentences_glossed.eaf,43,92400,94400,i.ja͡i̯ mahaɾɛ mit̪̚ʔ hap̚t̪a ho.jo.a,i.ja͡i̯ maha-ɾɛ mit̪̚ʔ hap̚t̪a ho.jo-a,seven day-LOC one week become-FIN,Seven days make one week.
bangla_sentences_glossed.eaf,44,94600,96600,alɛ at̪oɾɛ cand̪oɾɛ mit̪ʔʈɛʲc̚ʔ seiɾiɲ akʰɽa ho.jo.a,alɛ at̪o-ɾɛ cand̪o-ɾɛ mit̪̚ʔ-ʈɛʲc̚ʔ sei-ɾiɲ akʰɽa ho.jo-a,1PL.EXCL locality-LOC month-LOC one-time song-OBJ gathering become-FIN,In our neighbourhood a music session is held once every month.
bangla_sentences_glossed.eaf,45,96800,98800,pɘɾsit̪ɛ abu d̪ɔ abu͡aʔ mɔn ɾe.jaʔ katʰabo ɟɘhiɾa,pɘɾsi-t̪ɛ abu d̪ɔ abu-aʔ mɔn ɾe-jaʔ katʰa-bo ɟɘhiɾ-a,language-INS 1PL.INCL TOP 1PL.INCL-GEN mind regarding-GEN talk-PL express-FIN,Through language we express the thoughts of our minds.
bangla_sentences_glossed.eaf,46,99000,101000,gat̪i kʰilɘʈ d̪ɔ hɔɽmɔ lagit̪̚ʔ bʰage̯͡a,gat̪i kʰilɘʈ d̪ɔ hɔɽ-mɔ lagit̪̚ʔ bʰage-a,play sport TOP body-DAT for good-FIN,Sports are good for the body.
santali_dialogues_glossed.eaf,1,0,2000,cɛʔlɛkat̪ɛɲ gɔɽɔ d̪aɽeo̯͡ama,cɛʔ-lɛ-kat̪ɛ-ɲ gɔɽɔ d̪aɽe-o͡a-am-a,what-CVB-manner-1SG help do-FUT-2SG-FIN,How may I help you?
santali_dialogues_glossed.eaf,2,2200,4200,iɲaʔ mɔbaĭl pʰoniɲ at̪̚ʔakad̪a,iɲ-aʔ mɔbaĭl pʰon-iɲ at̪̚ʔ-a-kad̪-a,1SG-GEN mobile phone-1SG.OBJ lost-FIN-PST-FIN,My mobile phone is lost.
santali_dialogues_glossed.eaf,3,4400,6400,ɔna pʰɔn d̪ɔ ɘɖi ɟɘɾuɽt̪iɲ ced̪aʔ ɟe ɔna pʰonɾɛ ɘɖi ɟɘɾuɽ ɟɘɾuɽ pʰɔʈɔ mena.a,ɔna pʰɔn d̪ɔ ɘɖi ɟɘɾuɽ-t̪iɲ ced̪-aʔ ɟe ɔna pʰon-ɾɛ ɘɖi ɟɘɾuɽ ɟɘɾuɽ pʰɔʈɔ mena-a,DEM.DIST phone TOP very important-1SG because COMP DEM.DIST phone-LOC very important important photo exist-FIN,"That phone is very much needed, because I have many important pictures in there."
santali_dialogues_glossed.eaf,4,6600,8600,cekat̪ɛm at̪̚ʔked̪a,ce-kat̪ɛ-m at̪̚ʔ-ked̪-a,how-manner-2SG lost-PST-FIN,How did you lose it?
santali_dialogues_glossed.eaf,5,8800,10800,basɾɛ d̪ɛɟoʔ ɟɔkʰɛʲc̚ʔ iɲaʔ gubliɾɛɲ d̪ɔhɔleda,bas-ɾɛ d̪ɛɟ-oʔ ɟɔkʰ-ɛ iɲ-aʔ gubli-ɾɛ-ɲ d̪ɔhɔl-e-d̪a,bus-LOC board-CVB get_on-CVB 1SG-GEN pocket-LOC-1SG put-PST-FIN,I put it in my pocket while boarding the bus.
santali_dialogues_glossed.eaf,6,11000,13000,bas kʰɔn pʰɛɖ̚kat̪ɛ ɔna d̪ɔ aɾ bɘɲ send̪ɾa ɲam led̪a,bas kʰɔn pʰɛɖ̚-kat̪ɛ ɔna d̪ɔ aɾ bɘɲ send̪ɾa ɲam-le-d̪a,bus ABL descend-CVB DEM.DIST TOP more NEG search find-PLUP-FIN,I couldn't find it anymore after getting off the bus.
santali_dialogues_glossed.eaf,7,13200,15200,ho͡i̯ d̪aɽe.jaʔa gubli kʰɔn ɲuɾena aɾ baŋkʰan gubli kʰɔn kumɾu.jɛnt̪ama,ho͡i̯ d̪aɽe-jaʔ-a gubli kʰɔn ɲuɾ-e-na aɾ baŋ-kʰan gubli kʰɔn kumɾu-jɛn-t̪am-a,may be-FUT-FIN pocket ABL fall-PST-FIN or NEG-COND pocket ABL steal-PST-3SG-FIN,"It may have fallen out of the pocket, or someone has stolen it from the pocket."
santali_dialogues_glossed.eaf,8,15400,17400,amd̪ɔ miʔʈɛʲc̚ʔ ɟiɖi͡i̯ ho.joʔt̪ama,am-d̪ɔ miʔʈ-ɛ ɟiɖi ho-joʔ-t̪am-a,2SG-TOP one-CLSSFR GD do-must-FUT-FIN,You have to file a GD.
santali_dialogues_glossed.eaf,9,17600,19600,ɟiɖi͡i̯ lɘgit̪̚ʔ amaʔ ɟat̪i̯͡o oɾom kagɔc̚ aɾ mɔbaĭl pʰon ɾe.jaʔ a͡i̯.em.i.a͡i̯ nɔmbɔɾ laga.a,ɟiɖi lɘgit̪̚ʔ am-aʔ ɟat̪i̯o oɾom kagɔɟ aɾ mɔbaĭl pʰon ɾe-jaʔ a͡i̯.em.i.a͡i̯ nɔmbɔɾ lag-a-a,GD for 2SG-GEN national identity document and mobile phone LOC-GEN IMEI number need-FIN-FIN,To file a GD you will need your national identity card and the IMEI number of the mobile phone.
santali_dialogues_glossed.eaf,10,19800,21800,iɲaʔ ɟati̯͡ɔ̯ oɾom kagɔɟ d̪ɔ mena.a mɛnkʰan iɲaʔ mɔbaĭl pʰon ɾejaʔ a͡i̯.em.i.a͡i̯ nɔmbɔɾ d̪ɔ ɔkaɾɛɲ ɲama,iɲ-aʔ ɟati̯o oɾom kagɔɟ d̪ɔ mena-a mɛn-kʰan iɲ-aʔ mɔbaĭl pʰon ɾe-jaʔ a͡i̯.em.i.a͡i̯ nɔmbɔɾ d̪ɔ ɔkɑ-ɾɛ-ɲ ɲam-a,1SG-GEN national identity document TOP exist-FIN but 1SG-GEN mobile phone LOC-GEN IMEI number TOP where-LOC-1SG get-FIN,"I have a national identity card, but where do I get the IMEI number?"
santali_dialogues_glossed.eaf,11,22000,24000,amaʔ mɔbaĭl pʰon ɾejaʔ pekeʈ̚ ɾigi ona nɔmbɔɾ d̪ɔ ɔl mena.a,am-aʔ mɔbaĭl pʰon ɾe-jaʔ pekeʈ̚ ɾi-gi ona nɔmbɔɾ d̪ɔ ɔl mena-a,2SG-GEN mobile phone LOC-GEN packet LOC-EMPH DEM.DIST number TOP write exist-FIN,That number is written on your mobile phone's packet.
santali_dialogues_glossed.eaf,12,24200,26200,t̪ahɔlɛ iɲd̪ɔ aːɾhɔ̃ ɔɽaʔ calaʔ ho.joʔt̪iɲɘ,t̪ahɔlɛ iɲ-d̪ɔ aːɾ-hɔ̃ ɔɽaʔ cal-aʔ ho-joʔ-t̪iɲ-ɘ,then 1SG-TOP again-EMPH home go-CVB must-FUT-1SG-FIN,Then I have to go home again.
santali_dialogues_glossed.eaf,13,26400,28400,mɛnkʰan iɲma bɘɲ ɔːl d̪aɽeʔ,mɛn-kʰan iɲ-ma bɘɲ ɔːl d̪aɽ-eʔ,but 1SG-EMPH NEG write be_able-FIN,But I cannot write!
santali_dialogues_glossed.eaf,14,28600,30600,baŋ ceka.a,baŋ ceka-a,NEG problem-FIN,No problem.
santali_dialogues_glossed.eaf,15,30800,32800,nɔnɖɛ ɔkɔ͡i̯ opʰisaɾɛ t̪ahɛ̃n unigi ɟiɖid̪ɔ͡i̯ ɔl gɔɽɔɔ̯͡ama,nɔnɖɛ ɔkɔi opʰisaɾ-ɛ t̪ahɛ̃n uni-gi ɟiɖi-d̪ɔ ɔl gɔɽɔ-o͡a-am-a,here who officer-LOC stay.3SG 3SG-EMPH GD-TOP write do-FUT-2SG-FIN,The officer who will be here will help you write the GD.
santali_dialogues_glossed.eaf,16,33000,35000,d̪isɘ kat̪ɛt̪̚ʔ ɟiɖi ɾi.jaʔ miʔʈɛʲc̚ʔ pʰɔʈɔkɔpi sɔŋgɛt̪ɛm id̪i t̪aɾa.ja,d̪isɘ kat̪ɛ ɟiɖi ɾi-jaʔ miʔʈ-ɛ pʰɔʈɔkɔpi sɔŋgɛ-t̪ɛ-m id̪i t̪aɾa-ja,remember CVB GD LOC-GEN one-CLSSFR photocopy together-2SG take go-FUT,Remember to take a photocopy of the GD with you.
santali_dialogues_glossed.eaf,17,35200,37200,maː t̪ɔbɛ a͡i̯ma saɾha͡o̯,maː t̪ɔbɛ a͡i̯ma saɾha͡o̯,well then very thank_you,Thank you very much.
santali_dialogues_glossed.eaf,18,40000,42000,iɲ d̪ɔ ɖʰakaɲ cala.a,iɲ d̪ɔ ɖʰaka-ɲ cal-a-a,1SG TOP Dhaka-DIR go-FIN-FIN,I will go to Dhaka.
santali_dialogues_glossed.eaf,19,42200,44200,ɖʰaka calaʔ lɘgit̪̚ʔ apɛ.jaʔ ɟahan gɘɖi mena.a,ɖʰaka cal-aʔ lɘgit̪̚ʔ apɛ-jaʔ ɟahan gɘɖi mena-a,Dhaka go-CVB for 2PL-GEN any vehicle exist-FIN,Do you have any vehicle going toward Dhaka?
santali_dialogues_glossed.eaf,20,44400,46400,hɛ̃ mɛnaʔge̯͡a,hɛ̃ mɛnaʔ-ge-a,yes exist-EMPH-FIN,"Yes, there is."
santali_dialogues_glossed.eaf,21,46600,48600,am d̪ɔ t̪inɾɛ calaʔɛm mɛned̪a,am d̪ɔ t̪in-ɾɛ cal-aʔ-ɛm mɛne-d̪a,2SG TOP when-LOC go-CVB-2SG think-FIN,When do you want to leave?
santali_dialogues_glossed.eaf,22,48800,50800,t̪ikin ɾe.jaʔ gɘɖi ɲamlɛnkʰan bʰage ho͡i̯ko.a,t̪ikin ɾe-jaʔ gɘɖi ɲam-lɛn-kʰan bʰage ho͡i̯-ko-a,afternoon LOC-GEN vehicle get-PLUP-COND good be-3PL-FIN,It would be better for me to get the afternoon vehicle.
santali_dialogues_glossed.eaf,23,51000,53000,ikɘkɘɲmɛ,ikɘkɘɲ-mɛ,excuse-2SG.IMP,Excuse us.
santali_dialogues_glossed.eaf,24,53200,55200,alɛ d̪ɔ t̪ikin ɾe.jaʔ ɟahan gɘɖi bɘnuʔ t̪alɛ̯͡a,alɛ d̪ɔ t̪ikin ɾe-jaʔ ɟahan gɘɖi bɘnu-ʔ t̪alɛ-a,1PL.EXCL TOP afternoon LOC-GEN any vehicle NEG-INAN exist-FIN,We don't have any vehicles this afternoon.
santali_dialogues_glossed.eaf,25,55400,57400,set̪aʔ aɾ ɲind̪ɘd̪ɔm cala͡o̯ d̪aɽe.jaʔa,set̪aʔ aɾ ɲind̪ɘ-d̪ɔm cal-a͡o̯ d̪aɽe-jaʔ-a,morning and night-TOP-2SG go-CVB be_able-GEN-FIN,You can go in the morning and at night.
santali_dialogues_glossed.eaf,26,57600,59600,ɲind̪ɘ d̪ɔ gɘɖi t̪inɾɛpɛ aɽaga,ɲind̪ɘ d̪ɔ gɘɖi t̪in-ɾɛ-pɛ aɽag-a,night TOP vehicle when-LOC-2PL.IMP depart-FIN,What time does the night vehicle leave?
santali_dialogues_glossed.eaf,27,59800,61800,ɲind̪ɘ saɽɛ d̪ɔsʈasɛʲc̚ʔ bas ʈaɾminalkʰɔn gɘɖiko aɽaga,ɲind̪ɘ saɽɛ d̪ɔsʈa bas ʈaɾminal-kʰɔn gɘɖi-ko aɽag-a,night half ten bus terminal-ABL vehicle-3PL depart-FIN,The vehicle will leave the bus terminal at 10:30 PM.
santali_dialogues_glossed.eaf,28,62000,64000,amd̪ɔ ponɛ d̪ɔsʈasɛʲc̚ʔ ka͡u̯nʈaɾɾɛm t̪ahɛ̃na,am-d̪ɔ ponɛ d̪ɔsʈa ka͡u̯nʈaɾ-ɾɛ-m t̪ahɛ̃n-a,2SG-TOP quarter_to ten counter-LOC-2SG stay-FIN,You will be at the counter by 09:45 PM.
santali_dialogues_glossed.eaf,29,64200,66200,ʈikiʈ̚ t̪inɘʔ kat̪ɛ,ʈikiʈ̚ t̪inɘʔ kat̪ɛ,ticket how_much how,How much is the ticket?
santali_dialogues_glossed.eaf,30,66400,68400,mɔ̃ɾɛ sã͡i̯ mɔ̃ɽɛgɛl ʈaka,mɔ̃ɾɛ sã͡i̯ mɔ̃ɽɛgɛl ʈaka,five hundred fifty taka,BDT 550.
santali_dialogues_glossed.eaf,31,68600,70600,d̪a.jakat̪ɛ iɲ d̪ɔ mit̪̚ʔʈɛʔ ʈikiʈ̚ imɘɲpɛ,d̪a.ja-kat̪ɛ iɲ d̪ɔ miʔʈ-ɛ ʈikiʈ̚ im-ɘɲ-pɛ,please-CVB 1SG TOP one-CLSSFR ticket give-1SG.OBJ-2PL.IMP,Please give me a ticket.
santali_dialogues_glossed.eaf,32,70800,72800,nɔʔɔ͡i̯t̪am amaʔ ʈikiʈ̚ d̪ɔ,nɔʔ-oi-t̪am am-aʔ ʈikiʈ̚ d̪ɔ,take-here-2SG 2SG-GEN ticket TOP,Here is your ticket.
santali_dialogues_glossed.eaf,33,73000,75000,ma t̪ɔbɛ mɔ̃ɟt̪ɛ calaʔmɛ,ma t̪ɔbɛ mɔ̃ɟ-t̪ɛ cal-aʔ-mɛ,well then safe-CVB go-CVB-2SG.IMP,May you go safely.
santali_dialogues_glossed.eaf,34,80000,82000,gid̪ɾɘku sikʰnɘt̪̚ʔɾe.jaʔ ɟɘɾuɽ cɛt̪̚ʔkana baɖa.japɛ,gid̪ɾɘ-ku sikʰnɘ-t̪̚ʔ-ɾe-jaʔ ɟɘɾuɽ cɛt̪̚ʔ-kana baɖ-a-ja-pɛ,child-3PL education-CVB-LOC-GEN purpose what-COP know-FIN-FUT-2PL.IMP,"Students, do you know the purpose of education?"
santali_dialogues_glossed.eaf,35,82200,84200,balɛ baɖa.ja mahasɔ͡i̯,ba-lɛ baɖ-a-ja mahasɔi,NEG-1PL.EXCL know-FIN-FIN teacher.HON,"We don't know, sir."
santali_dialogues_glossed.eaf,36,84400,86400,sikʰnɘt̪̚ʔ lɘgit̪̚ʔ d̪ɔ cɔlɔn pɔɾiboɾt̪ɔn lɘgit̪̚ʔ kana,sikʰnɘ-t̪̚ʔ lɘgit̪̚ʔ d̪ɔ cɔlɔn pɔɾiboɾt̪ɔn lɘgit̪̚ʔ kana,education-CVB for TOP behavior change for COP,The purpose of education is to change behavior.
santali_dialogues_glossed.eaf,37,86600,88600,ɔna ijɘt̪ɛ t̪eheɲ d̪ɔ abu klasɾɛ cal cɔlɔn ni̯͡ebu galmaɾao̯͡a,ɔna ij-ɘt̪ɛ t̪eheɲ d̪ɔ abu klas-ɾɛ cal cɔlɔn ni̯-ebu galmaɾa-o͡a-a,DEM.DIST reason-CVB today 1PL.INCL class-LOC conduct behavior CAUS-1PL.INCL talk-FUT-FIN,That's why today we will talk about manners and etiquette in class.
santali_dialogues_glossed.eaf,38,88800,90800,mãhasɔ͡i̯ alɛ d̪ɔ cɛt̪̚ʔko cet̪̚ʔ hojoʔ tale.ja,mahasɔi alɛ d̪ɔ cɛt̪̚ʔ-ko cet̪̚ʔ ho-joʔ t̪ale-ja,teacher.HON 1PL.EXCL TOP what-3PL what must-be FUT-FIN,"What do we have to learn, sir?"
santali_dialogues_glossed.eaf,39,91000,93000,klasɾɛ mãhasɔ.jɛ bɔlɔlɛnkʰan ɟɔt̪ɔko t̪eŋgokat̪ɛ ɟohaɾa͡i̯pɛ,klas-ɾɛ mahasɔ-jɛ bɔl-ol-ɛn-kʰan ɟɔt̪ɔ-ko t̪eŋgo-kat̪ɛ ɟohaɾa-i-pɛ,class-LOC teacher-3SG enter-CVB-COND all-3PL stand-CVB salute-FIN-2PL.IMP,"When the teacher enters the class, everyone will stand and salute him/her."
santali_dialogues_glossed.eaf,40,93200,95200,mãhasɔ͡i̯ alɛmalɛ noŋka͡i̯ge,mahasɔi alɛ-malɛ noŋka-i-ge,teacher.HON 1PL.EXCL-EMPH that-EMPH-EMPH,"We do that, sir."
santali_dialogues_glossed.eaf,41,95400,97400,mãhasɔ̯͡i̯ alɛ d̪ɔ aɾ cɛt̪̚ʔ cɛt̪̚ʔ ceka͡i̯ hojoʔt̪alɛ.ja,mahasɔi alɛ d̪ɔ aɾ cɛt̪̚ʔ cɛt̪̚ʔ ceka-i ho-joʔ-t̪alɛ-ja,teacher.HON 1PL.EXCL TOP more what what do-FIN must-be-FUT-FIN,"What else do we need to do, sir?"
santali_dialogues_glossed.eaf,42,97600,99600,apɛ apɛ gɔpɔɽɔʔpɛ,apɛ apɛ gɔpɔɽ-oʔ-pɛ,2PL 2PL help-CVB-2PL.IMP,You will help each other.
santali_dialogues_glossed.eaf,43,99800,101800,mɔ̃ɟt̪ɛ ɛʈaʔko̯͡aʔ kat̪ʰapɛ aɲɟɔma,mɔ̃ɟ-t̪ɛ ɛʈ-aʔ-ko-aʔ kat̪ʰa-pɛ aɲɟɔm-a,careful-CVB other-GEN-3PL-GEN speech-2PL listen-FIN,Listen carefully to others.
santali_dialogues_glossed.eaf,44,102000,104000,ɔko͡i̯ sã͡ɔ̯t̪ɛhɔ̃ alopɛ ɾɛʈʰa ɾɛʈʰi.a,ɔko͡i̯ sã͡ɔ-t̪ɛ-hɔ̃ alo-pɛ ɾɛʈʰa-ɾɛʈʰi-a,anyone with-CVB-EMPH PROHIB-2PL quarrel-RED-FIN,You will not quarrel with anyone.
santali_dialogues_glossed.eaf,45,104200,106200,apɛ lɘʈuko kɘʈiʲc̚ʔkopɛ d̪ulɘɽko̯͡a,apɛ lɘʈu-ko kɘʈi-ko-pɛ d̪ulɘɽ-ko-a,2PL elder-3PL younger-3PL-2PL.IMP love-3PL-FIN,Elders will show affection to the younger ones.
santali_dialogues_glossed.eaf,46,106400,108400,apɛ kɘʈiʲc̚ʔkohɔ̃ lɘʈukopɛ manɔt̪̚ʔko̯͡a,apɛ kɘʈi-ko-hɔ̃ lɘʈu-ko-pɛ manɔt̪̚ʔ-ko-a,2PL younger-3PL-EMPH elder-3PL-2PL.IMP respect-3PL-FIN,The younger ones shall respect the elders.
santali_dialogues_glossed.eaf,47,108600,110600,mãhasɔ͡i̯ kɘʈiʲc̚ʔko alɛ.jaʔ kat̪ʰa bako aɲɟɔm lɘgid̪ɔʔkʰan,mahasɔi kɘʈi-ko alɛ-jaʔ kat̪ʰa ba-ko aɲɟɔm lɘgi-d̪ɔʔ-kʰan,teacher.HON younger-3PL 1PL.EXCL-GEN speech NEG-3PL listen for-COND-COND,"Sir, what if the younger ones do not listen to us?"
santali_dialogues_glossed.eaf,48,110800,112800,laha d̪ɔ buɟʰhɘ͡o̯ăkopɛ,laha d̪ɔ buɟʰh-ɘ-ă-ko-pɛ,first TOP explain-CVB-CVB-3PL-2PL.IMP,"At first, explain it to them."
santali_dialogues_glossed.eaf,49,113000,115000,inɘ t̪a͡inɔm kat̪ʰa bako aɲɟɔmlɛkʰan sasɔnkopɛ,inɘ t̪ainɔm kat̪ʰa ba-ko aɲɟɔm-lɛ-kʰan sasɔn-ko-pɛ,after.that speech NEG-3PL listen-PLUP-COND discipline-3PL-2PL.IMP,"Even then, if they don't listen, you will discipline them."
santali_dialogues_glossed.eaf,50,115200,117200,buɟhɘ͡o̯ked̪alɛ mãhasɔ͡i̯,buɟhɘ-o̯-ked̪-alɛ mahasɔi,understand-CVB-PST-1PL.EXCL teacher.HON,"Got it, sir."
santali_dialogues_glossed.eaf,51,117400,119400,hanɖɛ nanɖɛ kat̪o̯͡aɾko alɔpɛ giɖi.ja,hanɖɛ nanɖɛ kat̪o-aɾ-ko alo-pɛ giɖi-ja,here there waste-material-3PL PROHIB-2PL throw-FUT,Don't litter anywhere.
santali_dialogues_glossed.eaf,52,119600,121600,ɖahaɾ paɾɔmɔʔ ɟɔkʰɛ banaɾsa ɲɛlkat̪ɛpɛ paɾɔmɔʔa,ɖahaɾ paɾɔmɔʔ ɟɔkʰ-ɛ banaɾ-sa ɲɛl-kat̪ɛ-pɛ paɾɔmɔʔ-a,road cross-CVB when both-side look-CVB-2PL cross-FIN,"When crossing the road, look carefully on both sides before crossing."
santali_dialogues_glossed.eaf,53,121800,123800,baŋkʰan gɘɖit̪ɛpɛ t̪ɘkiɟɔʔa,baŋ-kʰan gɘɖi-t̪ɛ-pɛ t̪ɘkiɟ-oʔ-a,NEG-COND vehicle-CVB-2PL hit-CVB-FIN,"Otherwise, you might get hit by a vehicle."
santali_dialogues_glossed.eaf,54,124000,126000,hɛ̃ː mãhasɔ͡i̯,hɛ̃ː mahasɔi,yes teacher.HON,"Yes, sir."
santali_dialogues_glossed.eaf,55,126200,128200,ɔkɔ͡i̯hɔ̃ alopɛ ɛgɛɾko̯͡a,ɔkɔi-hɔ̃ alo-pɛ ɛgɛɾ-ko-a,anyone-EMPH PROHIB-2PL scold-3PL-FIN,Don't scold anyone.
santali_dialogues_glossed.eaf,56,128400,130400,mit̪̚ʔhɔɽ sã͡o̯t̪ɛ aɾ miʔ hɔɽ d̪ɔ alopɛ ɟuɾikinɘ,miʔ-hɔɽ sã͡o-t̪ɛ aɾ miʔ hɔɽ d̪ɔ alo-pɛ ɟuɾi-kin-ɘ,one-person with more one person TOP PROHIB-2PL compare-PROG-FIN,Do not compare one person with another.
santali_dialogues_glossed.eaf,57,130600,132600,ɔko͡i̯hɔ̃ alopɛ nisɽɘ͡o̯ko̯͡a,ɔkɔi-hɔ̃ alo-pɛ nisɽɘ-o̯-ko-a,anyone-EMPH PROHIB-2PL condemn-CVB-3PL-FIN,Do not condemn anyone.
santali_dialogues_glossed.eaf,58,132800,134800,a͡i̯ma saɾha͡o̯ mãhasɔ͡i̯,a͡i̯ma saɾha-o̯ mahasɔi,very thank_you-CVB teacher.HON,"Thank you very much, sir."
santali_dialogues_glossed.eaf,59,75200,77200,mɔ̃ɟt̪ɛ iɲaʔ kat̪ʰa aɲɟɔm lɘgit̪̚ʔ apɛhɔ̃ a͡i̯ma saɾha͡o̯,mɔ̃ɟ-t̪ɛ iɲ-aʔ kat̪ʰa aɲɟɔm lɘgit̪̚ʔ apɛ-hɔ̃ a͡i̯ma saɾha-o̯,careful-CVB 1SG-GEN speech listen for 2PL-EMPH very thank_you-CVB,Thank you for listening carefully to me.
santali_mark1_glossed.eaf,1,0,2000,isɔr-ren hɔpɔn ɟisu mɑsiɑkʔ bʱɑge sɔmbɑt rekʔ etɔhɔpʔ,isɔr-ren hɔpɔn ɟisu mɑsi-ɑkʔ bʱɑge sɔmbɑt re-kʔ etɔ-hɔpʔ,God-GEN Son Jesus Christ-GEN Good News GEN-M Beginning-M,"The beginning of the good news of Jesus Christ, the Son of God."
santali_mark1_glossed.eaf,2,2200,4200,ɟesɑe nɑbi-ɡe sɔmpuθire olɑkɑn lekɑ,ɟesɑe nɑbi-ɡe sɔmpuθi-re olɑ-kɑn lekɑ,Isaiah Prophet-EMPH Book-LOC Write-PST.REL Like,As it is written in Isaiah the prophet:
santali_mark1_glossed.eaf,3,4400,6400,ɲelme iɲren ɑwɑt lɑhɑten kole kɑnɑ uni dɔ ɑmɑkʔ hɔre terɑ,ɲel-me iɲ-ren ɑwɑt lɑhɑ-ten kole kɑn-ɑ uni dɔ ɑm-ɑkʔ hɔr-e terɑ,See-IMP 1SG-GEN Messenger Before Send-PST COP-FIN 3SG TOP 2SG-GEN Path-3SG Prepare,"Behold, I am sending my messenger ahead of you, who will prepare your way."
santali_mark1_glossed.eaf,4,6600,8600,hɑhɑnkɑrre mitʔten hɔkʔhɔkɑnic rekʔ ɑrɑn,hɑhɑn-kɑr-re mitʔ-ten hɔkʔhɔ-kɑ-nic rekʔ ɑrɑn,Wilderness-LOC One-CLSSFR Cry-FIN-NMLZ GEN Voice,A voice of one crying in the wilderness:
santali_mark1_glossed.eaf,5,8800,10800,prɔbʱuɑkʔ hɔr terkɑtɑepe uniɑkʔ suruc hɔrkɔ sɔɟʰe kɑtɑepe,prɔbʱu-ɑkʔ hɔr ter-kɑtɑe-pe uni-ɑkʔ suruc hɔr-kɔ sɔɟʰe kɑtɑe-pe,Lord-GEN Way Prepare-CVB-2PL 3SG-GEN Straight Path-3PL Make-CVB-2PL,Prepare the way of the Lord; make his paths straight.
santali_mark1_glossed.eaf,6,11000,13000,ɟɔhɑn bɑbɑptisicʔ dɔ hɑhɑnkɑrre mɔnɑcur rekʔ bɑptismɑ pɔrcɑrkɑne hecʔenɑ,ɟɔhɑn bɑbɑptisicʔ dɔ hɑhɑn-kɑr-re mɔnɑ-cur rekʔ bɑptismɑ pɔrcɑr-kɑne hecʔ-enɑ,John Baptist TOP Wilderness-LOC Sin-Repent GEN Baptism Proclaim-CVB Come-PST.FIN,"John the Baptist appeared in the wilderness, proclaiming a baptism of repentance."
santali_mark1_glossed.eaf,7,13200,15200,ɑdɔ ɡɔtɑ ɟihudɑ isɔm ɑr ɟerusɑlemren ɟɔtɔ uni θenkɔ ɔdɔkʔ cɑlɑkʔkɑnkɔ tɑhekɑnɑ,ɑdɔ ɡɔtɑ ɟihudɑ isɔm ɑr ɟerusɑlem-ren ɟɔtɔ uni θen-kɔ ɔdɔkʔ cɑlɑkʔ-kɑn-kɔ tɑhekɑnɑ,And Whole Judea Region And Jerusalem-GEN All 3SG To-3PL Go-COP-3PL PST.COP,And all the region of Judea and all Jerusalem were going out to him.
santali_mark1_glossed.eaf,8,15400,17400,ɑr ɑkɔɑkʔ kɑi ɑŋɔcʔkɑte uni tite ɟɔrdɑn ɡɑdɑrekɔ bɑptisɔkʔkɑn tɑhekɑnɑ,ɑr ɑk-ɔɑkʔ kɑi ɑŋɔcʔ-kɑte uni tite ɟɔrdɑn ɡɑdɑ-re-kɔ bɑptisɔkʔ-kɑn tɑhekɑnɑ,And 3SG.REFL Sin Confess-CVB 3SG By Jordan River-LOC-3PL Baptize-PST.REL COP,"And confessing their sins, they were being baptized by him in the Jordan River."
santali_mark1_glossed.eaf,9,17600,19600,ɟɔhɑn dɔ utʔ upʔ rekʔteye ɑŋrɔpɑkɑn tɑhekɑnɑ,ɟɔhɑn dɔ utʔ-upʔ re-kʔ-te-ye ɑŋrɔp-ɑkɑn tɑhekɑnɑ,John TOP Camel-Hair LOC-M-INS-3SG Clothe-PST.REL COP,John was clothed in camel's hair.
santali_mark1_glossed.eaf,10,19800,21800,ɑr dɑndɑre dɔ hɑrtɑ rekʔ pɑθekʔɑkʔ tɑhekɑntɑeɑ ɑr pɔhɔ ɑr bir dumur rɑsɑe ɟɔmetʔ tɑhekɑnɑ,ɑr dɑndɑ-re dɔ hɑrtɑ re-kʔ pɑθekʔ-ɑkʔ tɑhekɑn-tɑe-ɑ ɑr pɔhɔ ɑr bir dumur rɑsɑ-e ɟɔm-etʔ tɑhekɑnɑ,And Waist-LOC TOP Leather LOC-M Belt-GEN COP-PST-FIN And Locust And Forest Honey-3SG Eat-PROG COP,He had a leather belt around his waist and ate locusts and wild honey.
santali_mark1_glossed.eaf,11,22000,24000,ɑ nɔnkɑe pɔrcɑrkɑnɑ iɲ khɔn dɑreɑnic iɲ tɑyɔmte dɑrɑekɑnɑ,ɑ nɔnkɑ-e pɔrcɑr-kɑnɑ iɲ khɔn dɑreɑ-nic iɲ tɑyɔm-te dɑrɑe-kɑnɑ,And Thus-3SG Proclaim-PROG.PST 1SG ABL Strong-NMLZ 1SG After-LOC Come-PROG.PST,And he proclaimed: One who is mightier than me is coming after me.
santali_mark1_glossed.eaf,12,24200,26200,uniɑkʔ khɑrpɑ rekʔ tɔnɔl hɔ eŋɔtʔkɑte rɑrɑetɑe lek dɔn bɑn kɑn,uni-ɑkʔ khɑrpɑ re-kʔ tɔnɔl hɔ eŋɔtʔ-kɑte rɑrɑe-tɑe lek dɔn bɑn kɑn,3SG-GEN Sandal GEN-M Strap Also Untie-CVB Worthy-PST QUOT NEG-1SG NEG COP,I am not worthy to stoop down and untie the strap of his sandals.
santali_mark1_glossed.eaf,13,26400,28400,iɲ dɔ dɑkʔten bɑptiskepteɑ uni dɔ sɔnɔt ɟiute bɑptispeɑ,iɲ dɔ dɑkʔ-ten bɑptis-kep-te-ɑ uni dɔ sɔnɔt ɟiu-te bɑptis-peɑ,1SG TOP Water-INS Baptize-2PL.OBJ-PST-FIN 3SG TOP Holy Spirit-INS Baptize-2PL.FIN,I have baptized you with water; he will baptize you with the Holy Spirit.
santali_mark1_glossed.eaf,14,28600,30600,ɔnɑkɔ dinre nɔnkɑ hɔyenɑ ɟisu dɔ ɡɑlil rekʔ nɑsɑret khɔne hecʔenɑ,ɔnɑ-kɔ din-re nɔnkɑ hɔy-enɑ ɟisu dɔ ɡɑlil re-kʔ nɑsɑret khɔn-e hecʔ-enɑ,DEM-3PL Day-LOC Thus Happen-PST.FIN Jesus TOP Galilee GEN-M Nazareth ABL-3SG Come-PST.FIN,In those days Jesus came from Nazareth of Galilee.
santali_mark1_glossed.eaf,15,30800,32800,ɑr ɟɔrdɑnre ɟɔhɑn titeye bɑptisɑenɑ,ɑr ɟɔrdɑn-re ɟɔhɑn tite-ye bɑptisɑ-enɑ,And Jordan-LOC John By-3SG Baptize-PST.FIN,And was baptized by John in the Jordan.
santali_mark1_glossed.eaf,16,33000,35000,ɑr dɑkʔ khɔne rɑkɑpʔen tɔrɑɡe sermɑ ɔreɟɔkʔkɑne nɛlkɑdɑ,ɑr dɑkʔ khɔn-e rɑkɑpʔ-en tɔrɑ-ɡe sermɑ ɔreɟɔkʔ-kɑ-ne nɛl-kɑdɑ,And Water ABL-3SG Come.up-PST Immediately-EMPH Sky Tear.open-FIN-CVB See-PST.A,"And coming up out of the water, he immediately saw the heavens being torn open."
santali_mark1_glossed.eaf,17,35200,37200,ɑr ɟiu dɔ mitʔten pɔtɑm lekɑ ɑcre ɑrɡɔnkɑne ɲelkɑdɑ,ɑr ɟiu dɔ mitʔ-ten pɔtɑm lekɑ ɑc-re ɑrɡɔn-kɑne ɲel-kɑdɑ,And Spirit TOP One-CLSSFR Dove Like 3SG-LOC Descend-CVB See-PST.A,And the Spirit descending on him like a dove.
santali_mark1_glossed.eaf,18,37400,39400,ɑr sermɑ khɔn ɑrɑn hɔyenɑ ɑm dɔ iɲren dulɑriɑ hɔpɔn kɑnɑm ɑrɑŋren kusiɑkɑnɑ,ɑr sermɑ khɔn ɑrɑn hɔy-enɑ ɑm dɔ iɲ-ren dulɑriɑ hɔpɔn kɑnɑ-m ɑrɑŋ-ren kusiɑ-kɑnɑ,And Sky ABL Voice Happen-PST.FIN 2SG TOP 1SG-GEN Beloved Son COP-2SG 2SG.GEN-GEN Pleased-PST.FIN,And a voice came from heaven: You are my beloved Son; with you I am well pleased.
santali_mark1_glossed.eaf,19,39600,41600,khɑn ɟiu ɑɔ hɑhɑnkɑrte cʰɑtɑ idikedɑ,khɑn ɟiu ɑ-ɔ hɑhɑn-kɑr-te cʰɑtɑ idi-kedɑ,Then Spirit 3SG-REFL Wilderness-LOC Drive Send-PST.A,The Spirit immediately drove him out into the wilderness.
santali_mark1_glossed.eaf,20,41800,43800,ɑr hɑhɑnkɑrre dɔ pɔn ɡel mɑhɑe tɑhekɑnɑ sɔetɑn θen bidɑu ɔcɔkʔkɑn,ɑr hɑhɑn-kɑr-re dɔ pɔn ɡel mɑhɑ-e tɑhekɑnɑ sɔetɑn θen bidɑu ɔcɔkʔ-kɑn,And Wilderness-LOC TOP Four Ten Day-3SG COP.PST Satan To Tempt-PST.REL,"And he was in the wilderness forty days, being tempted by Satan."
santali_mark1_glossed.eaf,21,44000,46000,ɑr bir ɟɑnwɑrkɔ sɑɔteye tɑhekɑnɑ ɑr dutkɔ sɑpʔsɔrɑekɑn tɑhekɑnɑ,ɑr bir ɟɑnwɑr-kɔ sɑɔte-ye tɑhekɑnɑ ɑr dut-kɔ sɑpʔsɔrɑe-kɑn tɑhekɑnɑ,And Wild Animal-3PL With-3SG COP.PST And Angel-3PL Minister-PST.REL COP,"He was with the wild animals, and the angels were ministering to him."
santali_mark1_glossed.eaf,22,46200,48200,ɑdɔ ɟɔhɑne sɔprɔt ɔcɔyen tɑyɔm ɟisu dɔ ɡɑlilteye hecʔenɑ,ɑdɔ ɟɔhɑn-e sɔprɔt ɔcɔ-yen tɑyɔm ɟisu dɔ ɡɑlil-te-ye hecʔ-enɑ,And John-3SG Arrest Do-PST After Jesus TOP Galilee-LOC-3SG Come-PST.FIN,"After John was arrested, Jesus came to Galilee."
santali_mark1_glossed.eaf,23,48400,50400,ɑr isɔrɑkʔ bʱɑɡe sɔmbɑte pɔrcɑretʔ tɑhekɑnɑ,ɑr isɔr-ɑkʔ bʱɑɡe sɔmbɑt-e pɔrcɑr-etʔ tɑhekɑnɑ,And God-GEN Good News-3SG Proclaim-PROG.PST COP,And proclaiming the good news of God.
santali_mark1_glossed.eaf,24,50600,52600,ɔkte ɑɔ purɑuɑkɑnɑ ɑr isɔrɑkʔ rɑɟ dɔ sɔrɑkʔkɑnɑ mɔn ɑcurɑpe ɑr bʱɑɡe sɔmbɑtre pɑtɑukʔpe,ɔkte ɑ-ɔ purɑu-ɑkɑnɑ ɑr isɔr-ɑkʔ rɑɟ dɔ sɔrɑkʔ-kɑnɑ mɔn ɑcur-ɑ-pe ɑr bʱɑɡe sɔmbɑt-re pɑtɑukʔ-pe,Time 3SG.REFL Fulfill-PST And God-GEN Kingdom TOP Come-PST Repent-FIN-2PL And Good News-LOC Believe-2PL,The time is fulfilled and the kingdom of God has come near; repent and believe in the good news.
santali_mark1_glossed.eaf,25,52800,54800,khɑn ɡɑlil ɑɔreɑɔ ɑre ɑreisiye cɑlɑɔ pɑrɔmɔkʔkɑn tɑhekɑnɡe,khɑn ɡɑlil ɑɔreɑɔ ɑre ɑrei-s-iye cɑlɑɔ pɑrɔmɔkʔ-kɑn tɑhekɑn-ɡe,And Galilee Sea.shore Along Along-3SG Walk Pass-PST COP-EMPH,"Passing alongside the Sea of Galilee,"
santali_mark1_glossed.eaf,26,55000,57000,simɔn ɑr simɔnren bɔehɑ ɑndreɑsʔtekin ɟɔreɡɔre hɑnde nhɑnde ɟɑl cɑkʔpɑkʔkɑne nɛl nɑmkekɑtinɑ,simɔn ɑr simɔn-ren bɔehɑ ɑndreɑsʔ-te-kin ɟɔreɡɔ-re hɑnde nhɑnde ɟɑl cɑkʔpɑkʔ-kɑne nɛl nɑmke-kɑ-tinɑ,Simon And Simon-GEN Brother Andrew-3SG-DUAL Sea-LOC Here There Net Cast-CVB See Find-FIN-DUAL.PST,He saw Simon and Simon's brother Andrew casting a net into the sea.
santali_mark1_glossed.eaf,27,57200,59200,ɑdɔ ɟisu unkine metɑtkɑtinɑ delɑ iɲ tɑyɔmte ɑdɔ mɑnwɑ sɑsɑpʔ keotɑn hɔe ɔcɔbenɑ,ɑdɔ ɟisu unkin-e metɑt-kɑ-tinɑ delɑ iɲ tɑyɔm-te ɑdɔ mɑnwɑ sɑsɑpʔ keotɑn hɔe ɔcɔ-benɑ,And Jesus 3SG.DUAL-3SG Tell-FIN-DUAL Come 1SG After-LOC And Human Fish Fisherman Become Make-1PL.FIN,Jesus said to them: Follow me and I will make you fish for people.
santali_mark1_glossed.eaf,28,59400,61400,khɑn inɑ tɑptɑɡe ɟɑlkɔ bɑɡiɑtʔtekin pɑnɟɑkedɑe,khɑn inɑ tɑptɑ-ɡe ɟɑl-kɔ bɑɡiɑtʔ-te-kin pɑnɟɑ-kedɑ-e,Then 3SG.DUAL Immediately-EMPH Net-3PL Abandon-CVB-DUAL Follow-PST-3SG,And immediately they left their nets and followed him.
santali_mark1_glossed.eaf,29,61600,63600,ɑre sen lɑhɑ nɔkʔen khɑn sɑbdɑeɾen hɔpɔn ɟɑkɔb ɑr uniren bɔehɑ ɟɔhɑne nɛl nɑmkekɑtinɑ,ɑre sen lɑhɑ nɔkʔ-en khɑn sɑbdɑe-ren hɔpɔn ɟɑkɔb ɑr uni-ren bɔehɑ ɟɔhɑn-e nɛl nɑmke-kɑ-tinɑ,And Go Further Little-PST Then Zebedee-GEN Son James And 3SG-GEN Brother John-3SG See Find-FIN-DUAL.PST,"Going a little farther, he saw James son of Zebedee and his brother John."
santali_mark1_glossed.eaf,30,63800,65800,unkin hɔ lɑukɑre ɟɑlkɔkin ɟuɟutkɑn tɑhekɑnɑ,un-kin hɔ lɑukɑ-re ɟɑl-kɔ-kin ɟuɟut-kɑn tɑhekɑnɑ,3SG.DUAL Also Boat-LOC Net-3PL-DUAL Mend-PST.REL COP,They were in their boat mending the nets.
santali_mark1_glossed.eaf,31,66000,68000,ɑr unreɡeye hɔhɔɑtʔkɑtinɑ khɑnɡe ɑkinren ɑpɑt sɑbdɑe dɔ lɑukɑre muniskɔ tulucʔkin bɑɡi ɔtɔɑdɑ,ɑr unre-ɡe-ye hɔhɔɑtʔ-kɑ-tinɑ khɑnɡe ɑkin-ren ɑpɑt sɑbdɑe dɔ lɑukɑ-re muni-skɔ tulucʔ-kin bɑɡi ɔtɔɑ-dɑ,And There-EMPH-3SG Call-FIN-DUAL Immediately 3SG.DUAL-GEN Father Zebedee TOP Boat-LOC Worker-3PL With-DUAL Abandon Leave-PST,And immediately he called them and they left their father Zebedee in the boat with the hired servants and followed him.
santali_mark1_glossed.eaf,32,68200,70200,ɑr kɑpʰɑrnɑhumtekɔ seterɑenɑ,ɑr kɑpʰɑrnɑhum-te-kɔ seter-ɑenɑ,And Capernaum-LOC-3PL Enter-PST.FIN,They went to Capernaum.
santali_mark1_glossed.eaf,33,70400,72400,ɑr pɑhil ɟirɑukʔ mɑhɑ hilɔkʔde sunɑɡɔɡre bɔlɔyentiye cetʔɑtʔkɔɑ,ɑr pɑhil ɟirɑukʔ mɑhɑ hilɔkʔ-de sunɑɡɔɡ-re bɔlɔy-ente-ye cetʔɑtʔ-kɔɑ,And First Sabbath Day INDEF-LOC Synagogue-LOC Enter-CVB-3SG Teach-PST-3SG,And immediately on the Sabbath he entered the synagogue and was teaching.
santali_mark1_glossed.eaf,34,72600,74600,ɑr uriɑkʔ cetʔɑtʔɑkʔtekɔ bʱɑrɔyenɑ ente ekotɑriɑnic lekɑe cetʔɑtʔkɔɑ,ɑr uri-ɑkʔ cetʔɑtʔ-ɑkʔ-te-kɔ bʱɑrɔy-enɑ ente ekotɑriɑ-nic lekɑ-e cetʔɑtʔ-kɔɑ,And 3SG-GEN Teaching-GEN-INS-3PL Astonish-PST.FIN Because Authority-NMLZ Like-3SG Teach-PST-3SG,"And they were astonished at his teaching, for he taught them as one who had authority."
