file,utterance_id,start_ms,end_ms,bangla,english,ipa_original,ipa_normalized,segments,glosses,notes
synthetic_texts_glossed.eaf,1,0,1518,[SYN.1] স্কুলটি নতুন।,The school is new.,iskul d̪ɔ nɔwaa.,iskul d̪ɔ nɔwa-a.,iskul | d̪ɔ | nɔwa-a,school | TOP | new-FIN,
synthetic_bangla_glossed.eaf,2,1518,3453,[SYN.2] সে পাঠ পড়বে।,He/she will study the lesson.,uni d̪ɔ sikʰnɘt̪ paɽha͡o̯a.,uni d̪ɔ sikʰnɘt̪ paɽha͡o̯-a.,uni | d̪ɔ | sikʰnɘt̪ | paɽha͡o̯-a,3SG.ANIM | TOP | lesson | study-FIN,Synthetic transitive finite clause with TOP and FIN labels.
synthetic_see_paradigm.eaf,3,3453,4788,[SYN.3] সে মারা যাচ্ছে।,He/she is dying.,unii̯ gɔc̚ʔɛd̪a.,uni-i̯ gɔc̚ʔ-ɛ-d̪a.,uni-i̯ | gɔc̚ʔ-ɛ-d̪a,3SG.ANIM-3SG.ANIM | die-PROG-FIN,
synthetic_new_glossed.eaf,4,4788,6730,[SYN.4] তুমি কথা লিখেছ।,You have written the word.,am d̪ɔ kat̪ʰa ɔlɔʔakada.,am d̪ɔ kat̪ʰa ɔlɔʔ-akad-a.,am | d̪ɔ | kat̪ʰa | ɔlɔʔ-akad-a,2SG | TOP | word | write-PRF-FIN,
synthetic_texts_glossed.eaf,5,6730,8334,[SYN.5] পাঠটি নতুন।,The lesson is new.,sikʰnɘt̪ d̪ɔ nɔwaa.,sikʰnɘt̪ d̪ɔ nɔwa-a.,sikʰnɘt̪ | d̪ɔ | nɔwa-a,lesson | TOP | new-FIN,Synthetic TOP + adjectival-FIN clause following layout A/B labels.
synthetic_texts_glossed.eaf,6,8334,9849,[SYN.6] অতিরিক্ত খাজনাটি পরিষ্কার।,The additional assessment on rent is clean.,bʰed͡ʒa d̪ɔ sapʰaa.,bʰed͡ʒa d̪ɔ sapʰa-a.,bʰed͡ʒa | d̪ɔ | sapʰa-a,additional.assessment.on | TOP | clean-FIN,Synthetic TOP + adjectival-FIN clause following layout A/B labels.
synthetic_texts_glossed.eaf,7,9849,11692,[SYN.7] ইংল্যান্ডে একটি শব্দ আছে।,There is a noise in the england.,bilətɾɛ awad͡ʒ menaa.,bilət-ɾɛ awad͡ʒ mena-a.,bilət-ɾɛ | awad͡ʒ | mena-a,england-LOC | noise | exist-FIN,Synthetic LOC + exist-FIN clause matching mena-a patterns.
synthetic_texts_glossed.eaf,8,11692,13379,[SYN.8] গ্রামে একটি টাকা আছে।,There is a money in the village.,at̪oɾɛ ʈaka menaa.,at̪o-ɾɛ ʈaka mena-a.,at̪o-ɾɛ | ʈaka | mena-a,village-LOC | money | exist-FIN,
synthetic_texts_glossed.eaf,9,13379,15212,[SYN.9] সতর্কবাণীটি গুরুত্বপূর্ণ।,The alarm is important.,bʰāe d̪ɔ ɟɘɾuɽa.,bʰāe d̪ɔ ɟɘɾuɽ-a.,bʰāe | d̪ɔ | ɟɘɾuɽ-a,alarm | TOP | important-FIN,
synthetic_new_glossed_3.eaf,10,15212,17493,[SYN.10] একটি রান্না স্কুলে আছে।,One cooked food is in the school.,mit̪ʔ basaŋ d̪ɔ iskulɾɛ menaa.,mit̪ʔ basaŋ d̪ɔ iskul-ɾɛ mena-a.,mit̪ʔ | basaŋ | d̪ɔ | iskul-ɾɛ | mena-a,one | cooked.food | TOP | school-LOC | exist-FIN,Synthetic classifier + LOC/exist clause.
synthetic_paradigm_glossed.eaf,11,17493,19441,[SYN.11] আমাদের মোবাইল ফোন গুরুত্বপূর্ণ।,Our mobile phone is important.,alɛaʔ mɔbaĭl pʰon d̪ɔ ɟɘɾuɽa.,alɛ-aʔ mɔbaĭl pʰon d̪ɔ ɟɘɾuɽ-a.,alɛ-aʔ | mɔbaĭl pʰon | d̪ɔ | ɟɘɾuɽ-a,1PL.EXCL-GEN | mobile.phone | TOP | important-FIN,
synthetic_imperatives_glossed.eaf,12,19441,21593,[SYN.12] দয়া করে কুয়ায় যাও।,Please go to the well.,d̪a.ja kat̪ɛ kuɲɾɛ calaʔmɛ.,d̪a.ja kat̪ɛ kuɲ-ɾɛ calaʔ-mɛ.,d̪a.ja | kat̪ɛ | kuɲ-ɾɛ | calaʔ-mɛ,please | Manner | well-LOC | go-IMP.2SG.POL,
synthetic_paradigm_glossed.eaf,13,21593,23319,[SYN.13] আমি মাছ বিক্রি করেছিলাম।,I sold the fish.,iɲiɲ haku ɘkʰɾiɲkeda.,iɲ-iɲ haku ɘkʰɾiɲ-ked-a.,iɲ-iɲ | haku | ɘkʰɾiɲ-ked-a,1SG-1SG | fish | sell-PST-FIN,Synthetic PST-FIN transitive pattern using dictionary/core lexicon.
synthetic_new_glossed_3.eaf,14,23319,25704,[SYN.14] একটি শিশু কুয়ায় আছে।,One child is in the well.,mit̪ʔʈɛn gid̪ɾɘ d̪ɔ kuɲɾɛ menaa.,mit̪ʔ-ʈɛn gid̪ɾɘ d̪ɔ kuɲ-ɾɛ mena-a.,mit̪ʔ-ʈɛn | gid̪ɾɘ | d̪ɔ | kuɲ-ɾɛ | mena-a,one-CLF.HUM | child | TOP | well-LOC | exist-FIN,
synthetic_bangla_glossed.eaf,15,25704,28373,[SYN.15] তুমি দুধ ও পানি পান করবে।,You will drink the milk and the water.,am d̪ɔ t̪o̯͡a aɾ d̪aʔ ɲua.,am d̪ɔ t̪o̯͡a aɾ d̪aʔ ɲu-a.,am | d̪ɔ | t̪o̯͡a | aɾ | d̪aʔ | ɲu-a,2SG | TOP | milk | and | water | drink-FIN,Synthetic coordination with aɾ 'and'.
synthetic_see_paradigm.eaf,16,28373,30922,[SYN.16] আমি ঔষধ কিনব না।,I do not buy the medicine.,iɲ d̪ɔ ɾan bɘɲ kiɾiɲa.,iɲ d̪ɔ ɾan bɘ-ɲ kiɾiɲ-a.,iɲ | d̪ɔ | ɾan | bɘ-ɲ | kiɾiɲ-a,1SG | TOP | medicine | NEG-1SG | buy-FIN,Synthetic NEG-pronominal marker pattern from the see paradigm.
synthetic_see_paradigm.eaf,17,30922,33474,[SYN.17] সে ডাক্তার সাহায্য করবে না।,He/she does not help the doctor.,uni d̪ɔ ɖak̚t̪aɾ bai̯ gɔɽɔa.,uni d̪ɔ ɖak̚t̪aɾ ba-i̯ gɔɽɔ-a.,uni | d̪ɔ | ɖak̚t̪aɾ | ba-i̯ | gɔɽɔ-a,3SG.ANIM | TOP | doctor | NEG-3SG.ANIM | help-FIN,
synthetic_paradigm_glossed.eaf,18,33474,35579,[SYN.18] আমাদের ভাষা নতুন।,Our language is new.,alɛaʔ bʰaka d̪ɔ nɔwaa.,alɛ-aʔ bʰaka d̪ɔ nɔwa-a.,alɛ-aʔ | bʰaka | d̪ɔ | nɔwa-a,1PL.EXCL-GEN | language | TOP | new-FIN,Synthetic GEN + TOP clause using pronoun markers from ground truth.
synthetic_bangla_glossed.eaf,19,35579,38254,[SYN.19] আমি খাবার ও ঔষধ কিনব।,I will buy the food and the medicine.,iɲ d̪ɔ ɟɔmaʔ aɾ ɾan kiɾiɲa.,iɲ d̪ɔ ɟɔmaʔ aɾ ɾan kiɾiɲ-a.,iɲ | d̪ɔ | ɟɔmaʔ | aɾ | ɾan | kiɾiɲ-a,1SG | TOP | food | and | medicine | buy-FIN,
synthetic_see_paradigm.eaf,20,38254,40705,[SYN.20] তোমরা ভাষা বলবে না।,You all do not speak the language.,apɛ d̪ɔ pɘɾsi bapɛ ɾɔɽa.,apɛ d̪ɔ pɘɾsi ba-pɛ ɾɔɽ-a.,apɛ | d̪ɔ | pɘɾsi | ba-pɛ | ɾɔɽ-a,2PL | TOP | language | NEG-2PL | speak-FIN,
synthetic_see_paradigm.eaf,21,40705,43151,[SYN.21] সে বিদ্যুৎ দেখবে না।,He/she does not see the lightning.,uni d̪ɔ bid͡ʒli bai̯ ɲɛla.,uni d̪ɔ bid͡ʒli ba-i̯ ɲɛl-a.,uni | d̪ɔ | bid͡ʒli | ba-i̯ | ɲɛl-a,3SG.ANIM | TOP | lightning | NEG-3SG.ANIM | see-FIN,
synthetic_paradigm_glossed.eaf,22,43151,44834,[SYN.22] তারা টাকা পেয়েছিল।,They got the money.,oŋkoko ʈaka ɲamkeda.,oŋko-ko ʈaka ɲam-ked-a.,oŋko-ko | ʈaka | ɲam-ked-a,3PL.ANIM-3PL.ANIM | money | get-PST-FIN,
synthetic_see_paradigm.eaf,23,44834,47184,[SYN.23] তুমি টাকা পাবে না।,You do not get the money.,am d̪ɔ ʈaka bam ɲama.,am d̪ɔ ʈaka ba-m ɲam-a.,am | d̪ɔ | ʈaka | ba-m | ɲam-a,2SG | TOP | money | NEG-2SG | get-FIN,
synthetic_paradigm_glossed.eaf,24,47184,48789,[SYN.24] সে কথা লিখেছিল।,He/she wrote the word.,unii̯ kat̪ʰa ɔlɔʔkeda.,uni-i̯ kat̪ʰa ɔlɔʔ-ked-a.,uni-i̯ | kat̪ʰa | ɔlɔʔ-ked-a,3SG.ANIM-3SG.ANIM | word | write-PST-FIN,
synthetic_bangla_glossed.eaf,25,48789,50786,[SYN.25] তোমরা ঔষধ কিনবে।,You all will buy the medicine.,apɛ d̪ɔ ɾan kiɾiɲa.,apɛ d̪ɔ ɾan kiɾiɲ-a.,apɛ | d̪ɔ | ɾan | kiɾiɲ-a,2PL | TOP | medicine | buy-FIN,
synthetic_texts_glossed.eaf,26,50786,52341,[SYN.26] উঠানে একটি সন্ধ্যাকাল আছে।,There is an eventide in the courtyard of house.,bəteɾɛ əjup̕ pajaɾ menaa.,bəte-ɾɛ əjup̕ pajaɾ mena-a.,bəte-ɾɛ | əjup̕ pajaɾ | mena-a,courtyard.of.house-LOC | eventide | exist-FIN,
synthetic_texts_glossed.eaf,27,52341,54135,[SYN.27] বিড়ালটি ভালো।,The cat is good.,pusi d̪ɔ mɔ̃ɟa.,pusi d̪ɔ mɔ̃ɟ-a.,pusi | d̪ɔ | mɔ̃ɟ-a,cat | TOP | good-FIN,
synthetic_paradigm_glossed.eaf,28,54135,56213,[SYN.28] তাদের পোশাক গুরুত্বপূর্ণ।,Their apparel is important.,oŋkoaʔ ahɾan pahaɾand d̪ɔ ɟɘɾuɽa.,oŋko-aʔ ahɾan pahaɾand d̪ɔ ɟɘɾuɽ-a.,oŋko-aʔ | ahɾan pahaɾand | d̪ɔ | ɟɘɾuɽ-a,3PL-GEN | apparel | TOP | important-FIN,
synthetic_paradigm_glossed.eaf,29,56213,57796,[SYN.29] সে খাবার বিক্রি করেছিল।,He/she sold the food.,unii̯ ɟɔmaʔ ɘkʰɾiɲkeda.,uni-i̯ ɟɔmaʔ ɘkʰɾiɲ-ked-a.,uni-i̯ | ɟɔmaʔ | ɘkʰɾiɲ-ked-a,3SG.ANIM-3SG.ANIM | food | sell-PST-FIN,
synthetic_new_glossed.eaf,30,57796,59697,[SYN.30] সে দুধ পান করেছে।,He/she has drunk the milk.,uni d̪ɔ t̪o̯͡a ɲuakada.,uni d̪ɔ t̪o̯͡a ɲu-akad-a.,uni | d̪ɔ | t̪o̯͡a | ɲu-akad-a,3SG.ANIM | TOP | milk | drink-PRF-FIN,Synthetic PRF-FIN clause modeled on akad-a rows.
synthetic_texts_glossed.eaf,31,59697,61433,[SYN.31] ইংল্যান্ডে একটি পেট ব্যথা আছে।,There is a gripes in the england.,bilətɾɛ bɛɾõʈ duk menaa.,bilət-ɾɛ bɛɾõʈ duk mena-a.,bilət-ɾɛ | bɛɾõʈ duk | mena-a,england-LOC | gripes | exist-FIN,Synthetic LOC + exist-FIN clause matching mena-a patterns.
synthetic_bangla_glossed.eaf,32,61433,63452,[SYN.32] তারা কথা বলবে।,They will speak the word.,oŋko d̪ɔ kat̪ʰa ɾɔɽa.,oŋko d̪ɔ kat̪ʰa ɾɔɽ-a.,oŋko | d̪ɔ | kat̪ʰa | ɾɔɽ-a,3PL.ANIM | TOP | word | speak-FIN,
synthetic_see_paradigm.eaf,33,63452,65981,[SYN.33] আমি ভাষা লিখব না।,I do not write the language.,iɲ d̪ɔ pɘɾsi bɘɲ ɔlɔʔa.,iɲ d̪ɔ pɘɾsi bɘ-ɲ ɔlɔʔ-a.,iɲ | d̪ɔ | pɘɾsi | bɘ-ɲ | ɔlɔʔ-a,1SG | TOP | language | NEG-1SG | write-FIN,
synthetic_bangla_glossed.eaf,34,65981,68857,[SYN.34] তোমরা ঔষধ ও মোবাইল ফোন কিনবে।,You all will buy the medicine and the mobile phone.,apɛ d̪ɔ ɾan aɾ mɔbaĭl pʰon kiɾiɲa.,apɛ d̪ɔ ɾan aɾ mɔbaĭl pʰon kiɾiɲ-a.,apɛ | d̪ɔ | ɾan | aɾ | mɔbaĭl pʰon | kiɾiɲ-a,2PL | TOP | medicine | and | mobile.phone | buy-FIN,
synthetic_see_paradigm.eaf,35,68857,71265,[SYN.35] সে খাবার কিনবে না।,He/she does not buy the food.,uni d̪ɔ ɟɔmaʔ bai̯ kiɾiɲa.,uni d̪ɔ ɟɔmaʔ ba-i̯ kiɾiɲ-a.,uni | d̪ɔ | ɟɔmaʔ | ba-i̯ | kiɾiɲ-a,3SG.ANIM | TOP | food | NEG-3SG.ANIM | buy-FIN,
synthetic_texts_glossed.eaf,36,71265,72926,[SYN.36] গুজবটি গুরুত্বপূর্ণ।,The rumour is important.,bʰakaɾa d̪ɔ ɟɘɾuɽa.,bʰakaɾa d̪ɔ ɟɘɾuɽ-a.,bʰakaɾa | d̪ɔ | ɟɘɾuɽ-a,rumour | TOP | important-FIN,
synthetic_dialogues_glossed.eaf,37,72926,74806,[SYN.37] নদী কোথায় আছে?,Where is the river?,gaɖa d̪ɔ ɔkaɾɛ menaa.,gaɖa d̪ɔ ɔka-ɾɛ mena-a.,gaɖa | d̪ɔ | ɔka-ɾɛ | mena-a,river | TOP | where-LOC | exist-FIN,
synthetic_texts_glossed.eaf,38,74806,76536,[SYN.38] কসাইটি পরিষ্কার।,The butcher is clean.,bʰut͡ʃəɽ d̪ɔ sapʰaa.,bʰut͡ʃəɽ d̪ɔ sapʰa-a.,bʰut͡ʃəɽ | d̪ɔ | sapʰa-a,butcher | TOP | clean-FIN,
synthetic_paradigm_glossed.eaf,39,76536,78512,[SYN.39] আমাদের বিড়াল ভালো।,Our cat is good.,alɛaʔ pusi d̪ɔ mɔ̃ɟa.,alɛ-aʔ pusi d̪ɔ mɔ̃ɟ-a.,alɛ-aʔ | pusi | d̪ɔ | mɔ̃ɟ-a,1PL.EXCL-GEN | cat | TOP | good-FIN,
synthetic_dialogues_glossed.eaf,40,78512,79748,[SYN.40] সে কেমন আছে?,How is he/she?,cɛt̪ʔlɛka meni̯a.,cɛt̪ʔ-lɛka men-i̯-a.,cɛt̪ʔ-lɛka | men-i̯-a,how-like | be.NFIN-3SG.ANIM-FIN,
synthetic_paradigm_glossed.eaf,41,79748,81596,[SYN.41] তারা মাছ কিনেছিল।,They bought the fish.,oŋkoko haku kiɾiɲkeda.,oŋko-ko haku kiɾiɲ-ked-a.,oŋko-ko | haku | kiɾiɲ-ked-a,3PL.ANIM-3PL.ANIM | fish | buy-PST-FIN,
synthetic_texts_glossed.eaf,42,81596,83233,[SYN.42] একমুঠোটি ভালো।,The handful is good.,aɲd͡ʒle d̪ɔ mɔ̃ɟa.,aɲd͡ʒle d̪ɔ mɔ̃ɟ-a.,aɲd͡ʒle | d̪ɔ | mɔ̃ɟ-a,handful | TOP | good-FIN,
synthetic_see_paradigm.eaf,43,83233,85633,[SYN.43] তুমি মাছ বিক্রি করবে না।,You do not sell the fish.,am d̪ɔ haku bam ɘkʰɾiɲa.,am d̪ɔ haku ba-m ɘkʰɾiɲ-a.,am | d̪ɔ | haku | ba-m | ɘkʰɾiɲ-a,2SG | TOP | fish | NEG-2SG | sell-FIN,
synthetic_paradigm_glossed.eaf,44,85633,87618,[SYN.44] তোমার দুধ সুস্বাদু।,Your milk is tasty.,amaʔ t̪o̯͡a d̪ɔ sibila.,am-aʔ t̪o̯͡a d̪ɔ sibil-a.,am-aʔ | t̪o̯͡a | d̪ɔ | sibil-a,2SG-GEN | milk | TOP | tasty-FIN,
synthetic_bangla_glossed.eaf,45,87618,90357,[SYN.45] তোমরা মধু ও রান্না খাবে।,You all will eat the honey and the cooked food.,apɛ d̪ɔ ɲɛlɛɾasa aɾ basaŋ ɟɔma.,apɛ d̪ɔ ɲɛlɛɾasa aɾ basaŋ ɟɔm-a.,apɛ | d̪ɔ | ɲɛlɛɾasa | aɾ | basaŋ | ɟɔm-a,2PL | TOP | honey | and | cooked.food | eat-FIN,
synthetic_paradigm_glossed.eaf,46,90357,92470,[SYN.46] তোমার দোষ গুরুত্বপূর্ণ।,Your fault is important.,amaʔ əpəi̯ d̪ɔ ɟɘɾuɽa.,am-aʔ əpəi̯ d̪ɔ ɟɘɾuɽ-a.,am-aʔ | əpəi̯ | d̪ɔ | ɟɘɾuɽ-a,2SG-GEN | fault | TOP | important-FIN,
synthetic_texts_glossed.eaf,47,92470,94116,[SYN.47] উঠানে একটি ঔষধ আছে।,There is a medicine in the courtyard of house.,bəteɾɛ ɾan menaa.,bəte-ɾɛ ɾan mena-a.,bəte-ɾɛ | ɾan | mena-a,courtyard.of.house-LOC | medicine | exist-FIN,
synthetic_new_glossed_3.eaf,48,94116,96389,[SYN.48] একটি প্রজন্ম গ্রামে আছে।,One generation is in the village.,mit̪ʔʈɛn bibɔɾɔn d̪ɔ at̪oɾɛ menaa.,mit̪ʔ-ʈɛn bibɔɾɔn d̪ɔ at̪o-ɾɛ mena-a.,mit̪ʔ-ʈɛn | bibɔɾɔn | d̪ɔ | at̪o-ɾɛ | mena-a,one-CLF.HUM | generation | TOP | village-LOC | exist-FIN,
synthetic_see_paradigm.eaf,49,96389,97864,[SYN.49] তারা কাজ করছে।,They are working.,oŋkoko kɘmiɛd̪a.,oŋko-ko kɘmi-ɛ-d̪a.,oŋko-ko | kɘmi-ɛ-d̪a,3PL.ANIM-3PL.ANIM | work-PROG-FIN,Synthetic PROG-FIN agreement pattern based on see-paradigm rows.
synthetic_see_paradigm.eaf,50,97864,100110,[SYN.50] তারা খাবার পাবে না।,They do not get the food.,oŋko d̪ɔ ɟɔmaʔ bako ɲama.,oŋko d̪ɔ ɟɔmaʔ ba-ko ɲam-a.,oŋko | d̪ɔ | ɟɔmaʔ | ba-ko | ɲam-a,3PL.ANIM | TOP | food | NEG-3PL.ANIM | get-FIN,
synthetic_bangla_glossed.eaf,51,100110,102118,[SYN.51] আমি মাছ খাব।,I will eat the fish.,iɲ d̪ɔ haku ɟɔma.,iɲ d̪ɔ haku ɟɔm-a.,iɲ | d̪ɔ | haku | ɟɔm-a,1SG | TOP | fish | eat-FIN,
synthetic_new_glossed.eaf,52,102118,104103,[SYN.52] তোমরা মধু খেয়েছ।,You all have eaten the honey.,apɛ d̪ɔ ɲɛlɛɾasa ɟɔmakada.,apɛ d̪ɔ ɲɛlɛɾasa ɟɔm-akad-a.,apɛ | d̪ɔ | ɲɛlɛɾasa | ɟɔm-akad-a,2PL | TOP | honey | eat-PRF-FIN,
synthetic_paradigm_glossed.eaf,53,104103,105633,[SYN.53] তোমরা কথা লিখেছিলে।,You all wrote the word.,apɛpɛ kat̪ʰa ɔlɔʔkeda.,apɛ-pɛ kat̪ʰa ɔlɔʔ-ked-a.,apɛ-pɛ | kat̪ʰa | ɔlɔʔ-ked-a,2PL-2PL | word | write-PST-FIN,
synthetic_bangla_glossed.eaf,54,105633,107759,[SYN.54] তোমরা পানি পান করবে।,You all will drink the water.,apɛ d̪ɔ d̪aʔ ɲua.,apɛ d̪ɔ d̪aʔ ɲu-a.,apɛ | d̪ɔ | d̪aʔ | ɲu-a,2PL | TOP | water | drink-FIN,Synthetic transitive finite clause with TOP and FIN labels.
synthetic_new_glossed_3.eaf,55,107759,110275,[SYN.55] একটি মানুষ গ্রামে আছে।,One person is in the village.,mit̪ʔʈɛn hɔɽ d̪ɔ at̪oɾɛ menaa.,mit̪ʔ-ʈɛn hɔɽ d̪ɔ at̪o-ɾɛ mena-a.,mit̪ʔ-ʈɛn | hɔɽ | d̪ɔ | at̪o-ɾɛ | mena-a,one-CLF.HUM | person | TOP | village-LOC | exist-FIN,Synthetic classifier + LOC/exist clause.
synthetic_bangla_glossed.eaf,56,110275,112154,[SYN.56] তারা যন্ত্রপাতি দেখবে।,They will see the appliance.,oŋko d̪ɔ bandʰec̕ ɲɛla.,oŋko d̪ɔ bandʰec̕ ɲɛl-a.,oŋko | d̪ɔ | bandʰec̕ | ɲɛl-a,3PL.ANIM | TOP | appliance | see-FIN,Synthetic transitive finite clause with TOP and FIN labels.
synthetic_paradigm_glossed.eaf,57,112154,114152,[SYN.57] তার ভাড়া গুরুত্বপূর্ণ।,His/her fare is important.,uniaʔ bʰaɽa d̪ɔ ɟɘɾuɽa.,uni-aʔ bʰaɽa d̪ɔ ɟɘɾuɽ-a.,uni-aʔ | bʰaɽa | d̪ɔ | ɟɘɾuɽ-a,3SG-GEN | fare | TOP | important-FIN,
synthetic_bangla_glossed.eaf,58,114152,116316,[SYN.58] সে ঔষধ পাবে।,He/she will get the medicine.,uni d̪ɔ ɾan ɲama.,uni d̪ɔ ɾan ɲam-a.,uni | d̪ɔ | ɾan | ɲam-a,3SG.ANIM | TOP | medicine | get-FIN,
synthetic_paradigm_glossed.eaf,59,116316,117855,[SYN.59] সে পাঠ পড়েছিল।,He/she studied the lesson.,unii̯ sikʰnɘt̪ paɽha͡o̯keda.,uni-i̯ sikʰnɘt̪ paɽha͡o̯-ked-a.,uni-i̯ | sikʰnɘt̪ | paɽha͡o̯-ked-a,3SG.ANIM-3SG.ANIM | lesson | study-PST-FIN,
synthetic_texts_glossed.eaf,60,117855,119626,[SYN.60] তাঁতের অংশটি ভালো।,The heddles of loom is good.,bade d̪ɔ mɔ̃ɟa.,bade d̪ɔ mɔ̃ɟ-a.,bade | d̪ɔ | mɔ̃ɟ-a,heddles.of.loom | TOP | good-FIN,Synthetic TOP + adjectival-FIN clause following layout A/B labels.
synthetic_dialogues_glossed.eaf,61,119626,123109,"[SYN.61] সে ছবি পাবে, কিন্তু ছবি পাবে না।","He/she will get the photo, but does not get the photo.",uni d̪ɔ pʰɔʈɔ ɲama mɛnkʰan pʰɔʈɔ bai̯ ɲama.,uni d̪ɔ pʰɔʈɔ ɲam-a mɛnkʰan pʰɔʈɔ ba-i̯ ɲam-a.,uni | d̪ɔ | pʰɔʈɔ | ɲam-a | mɛnkʰan | pʰɔʈɔ | ba-i̯ | ɲam-a,3SG.ANIM | TOP | photo | get-FIN | but | photo | NEG-3SG.ANIM | get-FIN,Synthetic contrast with mɛnkʰan 'but' and NEG marking.
synthetic_dialogues_glossed.eaf,62,123109,126610,"[SYN.62] আমি টাকা পাব, কিন্তু খাবার পাব না।","I will get the money, but do not get the food.",iɲ d̪ɔ ʈaka ɲama mɛnkʰan ɟɔmaʔ bɘɲ ɲama.,iɲ d̪ɔ ʈaka ɲam-a mɛnkʰan ɟɔmaʔ bɘ-ɲ ɲam-a.,iɲ | d̪ɔ | ʈaka | ɲam-a | mɛnkʰan | ɟɔmaʔ | bɘ-ɲ | ɲam-a,1SG | TOP | money | get-FIN | but | food | NEG-1SG | get-FIN,Synthetic contrast with mɛnkʰan 'but' and NEG marking.
synthetic_see_paradigm.eaf,63,126610,128884,[SYN.63] সে পানি পান করবে না।,He/she does not drink the water.,uni d̪ɔ d̪aʔ bai̯ ɲua.,uni d̪ɔ d̪aʔ ba-i̯ ɲu-a.,uni | d̪ɔ | d̪aʔ | ba-i̯ | ɲu-a,3SG.ANIM | TOP | water | NEG-3SG.ANIM | drink-FIN,Synthetic NEG-pronominal marker pattern from the see paradigm.
synthetic_new_glossed_3.eaf,64,128884,131352,[SYN.64] একটি মানুষ হ্রদে আছে।,One person is in the lake.,mit̪ʔʈɛn hɔɽ d̪ɔ ɟɔlaɾɛ menaa.,mit̪ʔ-ʈɛn hɔɽ d̪ɔ ɟɔla-ɾɛ mena-a.,mit̪ʔ-ʈɛn | hɔɽ | d̪ɔ | ɟɔla-ɾɛ | mena-a,one-CLF.HUM | person | TOP | lake-LOC | exist-FIN,
synthetic_dialogues_glossed.eaf,65,131352,134852,"[SYN.65] তারা মোবাইল ফোন বিক্রি করবে, কিন্তু খাবার বিক্রি করবে না।","They will sell the mobile phone, but do not sell the food.",oŋko d̪ɔ mɔbaĭl pʰon ɘkʰɾiɲa mɛnkʰan ɟɔmaʔ bako ɘkʰɾiɲa.,oŋko d̪ɔ mɔbaĭl pʰon ɘkʰɾiɲ-a mɛnkʰan ɟɔmaʔ ba-ko ɘkʰɾiɲ-a.,oŋko | d̪ɔ | mɔbaĭl pʰon | ɘkʰɾiɲ-a | mɛnkʰan | ɟɔmaʔ | ba-ko | ɘkʰɾiɲ-a,3PL.ANIM | TOP | mobile.phone | sell-FIN | but | food | NEG-3PL.ANIM | sell-FIN,
synthetic_school_dialogue_glossed.eaf,66,134852,137782,[SYN.66] গতকাল তারা ঔষধ দেখে বাড়িতে যাবে।,"Yesterday, they see the medicine and then go to the house.",hɔlaɾɛ oŋko ɾan ɲɛlkat̪ɛ ɔɽaʔɾɛ calaʔa.,hɔla-ɾɛ oŋko ɾan ɲɛl-kat̪ɛ ɔɽaʔ-ɾɛ calaʔ-a.,hɔla-ɾɛ | oŋko | ɾan | ɲɛl-kat̪ɛ | ɔɽaʔ-ɾɛ | calaʔ-a,yesterday-LOC | 3PL.ANIM | medicine | see-CVB | house-LOC | go-FIN,
synthetic_bangla_glossed.eaf,67,137782,139991,[SYN.67] আমরা অবশিষ্ট দেখব।,We will see the remainder.,alɛ d̪ɔ bəki bɔkɔe̯a ɲɛla.,alɛ d̪ɔ bəki bɔkɔe̯a ɲɛl-a.,alɛ | d̪ɔ | bəki bɔkɔe̯a | ɲɛl-a,1PL.EXCL | TOP | remainder | see-FIN,Synthetic transitive finite clause with TOP and FIN labels.
synthetic_texts_glossed.eaf,68,139991,141824,[SYN.68] বিস্তীর্ণ ভূমিে একটি দাদা আছে।,There is a grandfather in the wide expanse of land.,bilənɾɛ ad͡ʒa menaa.,bilən-ɾɛ ad͡ʒa mena-a.,bilən-ɾɛ | ad͡ʒa | mena-a,wide.expanse.of-LOC | grandfather | exist-FIN,
synthetic_texts_glossed.eaf,69,141824,143438,[SYN.69] কথাটি ভালো।,The word is good.,kat̪ʰa d̪ɔ mɔ̃ɟa.,kat̪ʰa d̪ɔ mɔ̃ɟ-a.,kat̪ʰa | d̪ɔ | mɔ̃ɟ-a,word | TOP | good-FIN,
synthetic_bangla_glossed.eaf,70,143438,146156,[SYN.70] সে মাছ ও রান্না খাবে।,He/she will eat the fish and the cooked food.,uni d̪ɔ haku aɾ basaŋ ɟɔma.,uni d̪ɔ haku aɾ basaŋ ɟɔm-a.,uni | d̪ɔ | haku | aɾ | basaŋ | ɟɔm-a,3SG.ANIM | TOP | fish | and | cooked.food | eat-FIN,
synthetic_texts_glossed.eaf,71,146156,147857,[SYN.71] জীবনটি গুরুত্বপূর্ণ।,The life is important.,ɟiŋgi d̪ɔ ɟɘɾuɽa.,ɟiŋgi d̪ɔ ɟɘɾuɽ-a.,ɟiŋgi | d̪ɔ | ɟɘɾuɽ-a,life | TOP | important-FIN,
synthetic_see_paradigm.eaf,72,147857,150355,[SYN.72] আমি মা সাহায্য করব না।,I do not help the mother.,iɲ d̪ɔ gɔgɔ bɘɲ gɔɽɔa.,iɲ d̪ɔ gɔgɔ bɘ-ɲ gɔɽɔ-a.,iɲ | d̪ɔ | gɔgɔ | bɘ-ɲ | gɔɽɔ-a,1SG | TOP | mother | NEG-1SG | help-FIN,Synthetic NEG-pronominal marker pattern from the see paradigm.
synthetic_bangla_glossed.eaf,73,150355,152235,[SYN.73] তারা কথা পড়বে।,They will study the word.,oŋko d̪ɔ kat̪ʰa paɽha͡o̯a.,oŋko d̪ɔ kat̪ʰa paɽha͡o̯-a.,oŋko | d̪ɔ | kat̪ʰa | paɽha͡o̯-a,3PL.ANIM | TOP | word | study-FIN,
synthetic_new_glossed_3.eaf,74,152235,154649,[SYN.74] একটি খাবার শহরে আছে।,One food is in the town.,mit̪ʔ ɟɔmaʔ d̪ɔ sɔhɔɽɾɛ menaa.,mit̪ʔ ɟɔmaʔ d̪ɔ sɔhɔɽ-ɾɛ mena-a.,mit̪ʔ | ɟɔmaʔ | d̪ɔ | sɔhɔɽ-ɾɛ | mena-a,one | food | TOP | town-LOC | exist-FIN,
synthetic_bangla_glossed.eaf,75,154649,156750,[SYN.75] তারা নারী দেখবে।,They will see the woman.,oŋko d̪ɔ əi̯məi̯ ɲɛla.,oŋko d̪ɔ əi̯məi̯ ɲɛl-a.,oŋko | d̪ɔ | əi̯məi̯ | ɲɛl-a,3PL.ANIM | TOP | woman | see-FIN,
synthetic_see_paradigm.eaf,76,156750,158155,[SYN.76] তারা অপেক্ষা করছে।,They are waiting.,oŋkoko t̪ɘŋgiɛd̪a.,oŋko-ko t̪ɘŋgi-ɛ-d̪a.,oŋko-ko | t̪ɘŋgi-ɛ-d̪a,3PL.ANIM-3PL.ANIM | wait-PROG-FIN,Synthetic PROG-FIN agreement pattern based on see-paradigm rows.
synthetic_see_paradigm.eaf,77,158155,159618,[SYN.77] সে আসছে।,He/she is coming.,unii̯ hiɟuʔɛd̪a.,uni-i̯ hiɟuʔ-ɛ-d̪a.,uni-i̯ | hiɟuʔ-ɛ-d̪a,3SG.ANIM-3SG.ANIM | come-PROG-FIN,Synthetic PROG-FIN agreement pattern based on see-paradigm rows.
synthetic_new_glossed_3.eaf,78,159618,162118,[SYN.78] একটি ভাগ্নে হ্রদে আছে।,One nephew is in the lake.,mit̪ʔʈɛn bʰəgnə d̪ɔ ɟɔlaɾɛ menaa.,mit̪ʔ-ʈɛn bʰəgnə d̪ɔ ɟɔla-ɾɛ mena-a.,mit̪ʔ-ʈɛn | bʰəgnə | d̪ɔ | ɟɔla-ɾɛ | mena-a,one-CLF.HUM | nephew | TOP | lake-LOC | exist-FIN,
synthetic_paradigm_glossed.eaf,79,162118,164030,[SYN.79] আমাদের গৃহপালিত পশু ভালো।,Our domestic animal is good.,alɛaʔ ato posu d̪ɔ mɔ̃ɟa.,alɛ-aʔ ato posu d̪ɔ mɔ̃ɟ-a.,alɛ-aʔ | ato posu | d̪ɔ | mɔ̃ɟ-a,1PL.EXCL-GEN | domestic.animal | TOP | good-FIN,
synthetic_texts_glossed.eaf,80,164030,165558,[SYN.80] চল্লিশটি গুরুত্বপূর্ণ।,The forty is important.,baɾ isi d̪ɔ ɟɘɾuɽa.,baɾ isi d̪ɔ ɟɘɾuɽ-a.,baɾ isi | d̪ɔ | ɟɘɾuɽ-a,forty | TOP | important-FIN,
synthetic_see_paradigm.eaf,81,165558,168023,[SYN.81] আমরা খাবার কিনব না।,We do not buy the food.,alɛ d̪ɔ ɟɔmaʔ balɛ kiɾiɲa.,alɛ d̪ɔ ɟɔmaʔ ba-lɛ kiɾiɲ-a.,alɛ | d̪ɔ | ɟɔmaʔ | ba-lɛ | kiɾiɲ-a,1PL.EXCL | TOP | food | NEG-1PL.EXCL | buy-FIN,Synthetic NEG-pronominal marker pattern from the see paradigm.
synthetic_see_paradigm.eaf,82,168023,170492,[SYN.82] সে খাবার খাবে না।,He/she does not eat the food.,uni d̪ɔ ɟɔmaʔ bai̯ ɟɔma.,uni d̪ɔ ɟɔmaʔ ba-i̯ ɟɔm-a.,uni | d̪ɔ | ɟɔmaʔ | ba-i̯ | ɟɔm-a,3SG.ANIM | TOP | food | NEG-3SG.ANIM | eat-FIN,
synthetic_school_dialogue_glossed.eaf,83,170492,173161,[SYN.83] সকালে আমি পানি পান করে নদীতে কাজ করব।,"In the morning, I drink the water and then work in the river.",sɛt̪aʔɾɛ iɲ d̪aʔ ɲukat̪ɛ gaɖaɾɛ kɘmia.,sɛt̪aʔ-ɾɛ iɲ d̪aʔ ɲu-kat̪ɛ gaɖa-ɾɛ kɘmi-a.,sɛt̪aʔ-ɾɛ | iɲ | d̪aʔ | ɲu-kat̪ɛ | gaɖa-ɾɛ | kɘmi-a,morning-LOC | 1SG | water | drink-CVB | river-LOC | work-FIN,
synthetic_see_paradigm.eaf,84,173161,174627,[SYN.84] আমরা কিনছি।,We are buying.,alɛlɛ kiɾiɲɛd̪a.,alɛ-lɛ kiɾiɲ-ɛ-d̪a.,alɛ-lɛ | kiɾiɲ-ɛ-d̪a,1PL.EXCL-1PL.EXCL | buy-PROG-FIN,
synthetic_dialogues_glossed.eaf,85,174627,178000,"[SYN.85] আমরা কথা পড়ব, কিন্তু ভাষা পড়ব না।","We will study the word, but do not study the language.",alɛ d̪ɔ kat̪ʰa paɽha͡o̯a mɛnkʰan pɘɾsi balɛ paɽha͡o̯a.,alɛ d̪ɔ kat̪ʰa paɽha͡o̯-a mɛnkʰan pɘɾsi ba-lɛ paɽha͡o̯-a.,alɛ | d̪ɔ | kat̪ʰa | paɽha͡o̯-a | mɛnkʰan | pɘɾsi | ba-lɛ | paɽha͡o̯-a,1PL.EXCL | TOP | word | study-FIN | but | language | NEG-1PL.EXCL | study-FIN,
synthetic_school_dialogue_glossed.eaf,86,178000,180729,[SYN.86] গতকাল তোমরা কথা লিখে কুয়ায় খেলবে।,"Yesterday, you all write the word and then play in the well.",hɔlaɾɛ apɛ kat̪ʰa ɔlɔʔkat̪ɛ kuɲɾɛ gat̪ea.,hɔla-ɾɛ apɛ kat̪ʰa ɔlɔʔ-kat̪ɛ kuɲ-ɾɛ gat̪e-a.,hɔla-ɾɛ | apɛ | kat̪ʰa | ɔlɔʔ-kat̪ɛ | kuɲ-ɾɛ | gat̪e-a,yesterday-LOC | 2PL | word | write-CVB | well-LOC | play-FIN,
synthetic_texts_glossed.eaf,87,180729,182514,[SYN.87] উদ্বেগটি পরিষ্কার।,The anxiety is clean.,bʰabna d̪ɔ sapʰaa.,bʰabna d̪ɔ sapʰa-a.,bʰabna | d̪ɔ | sapʰa-a,anxiety | TOP | clean-FIN,
synthetic_bangla_glossed.eaf,88,182514,184384,[SYN.88] তারা খাবার বিক্রি করবে।,They will sell the food.,oŋko d̪ɔ ɟɔmaʔ ɘkʰɾiɲa.,oŋko d̪ɔ ɟɔmaʔ ɘkʰɾiɲ-a.,oŋko | d̪ɔ | ɟɔmaʔ | ɘkʰɾiɲ-a,3PL.ANIM | TOP | food | sell-FIN,
synthetic_bangla_glossed.eaf,89,184384,186495,[SYN.89] তারা মানুষ সাহায্য করবে।,They will help the person.,oŋko d̪ɔ hɔɽ gɔɽɔa.,oŋko d̪ɔ hɔɽ gɔɽɔ-a.,oŋko | d̪ɔ | hɔɽ | gɔɽɔ-a,3PL.ANIM | TOP | person | help-FIN,Synthetic transitive finite clause with TOP and FIN labels.
synthetic_new_glossed.eaf,90,186495,188693,[SYN.90] সে মাছ খেয়েছে।,He/she has eaten the fish.,uni d̪ɔ haku ɟɔmakada.,uni d̪ɔ haku ɟɔm-akad-a.,uni | d̪ɔ | haku | ɟɔm-akad-a,3SG.ANIM | TOP | fish | eat-PRF-FIN,
synthetic_dialogues_glossed.eaf,91,188693,192073,"[SYN.91] তারা ঘড়ি বিক্রি করবে, কিন্তু মোবাইল ফোন বিক্রি করবে না।","They will sell the watch, but do not sell the mobile phone.",oŋko d̪ɔ gʰuɽi ɘkʰɾiɲa mɛnkʰan mɔbaĭl pʰon bako ɘkʰɾiɲa.,oŋko d̪ɔ gʰuɽi ɘkʰɾiɲ-a mɛnkʰan mɔbaĭl pʰon ba-ko ɘkʰɾiɲ-a.,oŋko | d̪ɔ | gʰuɽi | ɘkʰɾiɲ-a | mɛnkʰan | mɔbaĭl pʰon | ba-ko | ɘkʰɾiɲ-a,3PL.ANIM | TOP | watch | sell-FIN | but | mobile.phone | NEG-3PL.ANIM | sell-FIN,
synthetic_paradigm_glossed.eaf,92,192073,193948,[SYN.92] আমাদের ডাক্তার ছোট।,Our doctor is small.,alɛaʔ ɖak̚t̪aɾ d̪ɔ lɘʈua.,alɛ-aʔ ɖak̚t̪aɾ d̪ɔ lɘʈu-a.,alɛ-aʔ | ɖak̚t̪aɾ | d̪ɔ | lɘʈu-a,1PL.EXCL-GEN | doctor | TOP | small-FIN,
synthetic_paradigm_glossed.eaf,93,193948,195578,[SYN.93] তোমরা মাছ বিক্রি করেছিলে।,You all sold the fish.,apɛpɛ haku ɘkʰɾiɲkeda.,apɛ-pɛ haku ɘkʰɾiɲ-ked-a.,apɛ-pɛ | haku | ɘkʰɾiɲ-ked-a,2PL-2PL | fish | sell-PST-FIN,
synthetic_new_glossed_3.eaf,94,195578,197931,[SYN.94] একটি টাকা নদীতে আছে।,One money is in the river.,mit̪ʔ ʈaka d̪ɔ gaɖaɾɛ menaa.,mit̪ʔ ʈaka d̪ɔ gaɖa-ɾɛ mena-a.,mit̪ʔ | ʈaka | d̪ɔ | gaɖa-ɾɛ | mena-a,one | money | TOP | river-LOC | exist-FIN,
synthetic_bangla_glossed.eaf,95,197931,199966,[SYN.95] আমরা ভাষা লিখব।,We will write the language.,alɛ d̪ɔ pɘɾsi ɔlɔʔa.,alɛ d̪ɔ pɘɾsi ɔlɔʔ-a.,alɛ | d̪ɔ | pɘɾsi | ɔlɔʔ-a,1PL.EXCL | TOP | language | write-FIN,
synthetic_bangla_glossed.eaf,96,199966,201973,[SYN.96] সে ডাক্তার সাহায্য করবে।,He/she will help the doctor.,uni d̪ɔ ɖak̚t̪aɾ gɔɽɔa.,uni d̪ɔ ɖak̚t̪aɾ gɔɽɔ-a.,uni | d̪ɔ | ɖak̚t̪aɾ | gɔɽɔ-a,3SG.ANIM | TOP | doctor | help-FIN,
synthetic_texts_glossed.eaf,97,201973,203538,[SYN.97] শুকরটি আনন্দের।,The pig is happy.,suk̚ɾi d̪ɔ ɾɘskɘa.,suk̚ɾi d̪ɔ ɾɘskɘ-a.,suk̚ɾi | d̪ɔ | ɾɘskɘ-a,pig | TOP | happy-FIN,
synthetic_bangla_glossed.eaf,98,203538,205643,[SYN.98] সে ছবি পাবে।,He/she will get the photo.,uni d̪ɔ pʰɔʈɔ ɲama.,uni d̪ɔ pʰɔʈɔ ɲam-a.,uni | d̪ɔ | pʰɔʈɔ | ɲam-a,3SG.ANIM | TOP | photo | get-FIN,
synthetic_new_glossed_3.eaf,99,205643,207938,[SYN.99] একটি জেলে শহরে আছে।,One fisherman is in the town.,mit̪ʔʈɛn ɟɘliɘ d̪ɔ sɔhɔɽɾɛ menaa.,mit̪ʔ-ʈɛn ɟɘliɘ d̪ɔ sɔhɔɽ-ɾɛ mena-a.,mit̪ʔ-ʈɛn | ɟɘliɘ | d̪ɔ | sɔhɔɽ-ɾɛ | mena-a,one-CLF.HUM | fisherman | TOP | town-LOC | exist-FIN,
synthetic_school_dialogue_glossed.eaf,100,207938,210816,[SYN.100] সকালে আমি কথা লিখে কুয়ায় আসব।,"In the morning, I write the word and then come to the well.",sɛt̪aʔɾɛ iɲ kat̪ʰa ɔlɔʔkat̪ɛ kuɲɾɛ hiɟuʔa.,sɛt̪aʔ-ɾɛ iɲ kat̪ʰa ɔlɔʔ-kat̪ɛ kuɲ-ɾɛ hiɟuʔ-a.,sɛt̪aʔ-ɾɛ | iɲ | kat̪ʰa | ɔlɔʔ-kat̪ɛ | kuɲ-ɾɛ | hiɟuʔ-a,morning-LOC | 1SG | word | write-CVB | well-LOC | come-FIN,
synthetic_see_paradigm.eaf,101,210816,212039,[SYN.101] আমি যাচ্ছি।,I am going.,iɲiɲ calaʔɛd̪a.,iɲ-iɲ calaʔ-ɛ-d̪a.,iɲ-iɲ | calaʔ-ɛ-d̪a,1SG-1SG | go-PROG-FIN,
synthetic_paradigm_glossed.eaf,102,212039,213933,[SYN.102] আমার উৎসব নতুন।,My festival is new.,iɲaʔ pɔɾɔb d̪ɔ nɔwaa.,iɲ-aʔ pɔɾɔb d̪ɔ nɔwa-a.,iɲ-aʔ | pɔɾɔb | d̪ɔ | nɔwa-a,1SG-GEN | festival | TOP | new-FIN,
synthetic_bangla_glossed.eaf,103,213933,216742,[SYN.103] সে পছন্দ ও ছাগলের বিষ্ঠা দেখবে।,He/she will see the choice and the goat's dropping.,uni d̪ɔ əpɾug aɾ bʰelə̃uɳɖi ɲɛla.,uni d̪ɔ əpɾug aɾ bʰelə̃uɳɖi ɲɛl-a.,uni | d̪ɔ | əpɾug | aɾ | bʰelə̃uɳɖi | ɲɛl-a,3SG.ANIM | TOP | choice | and | goat.s.dropping | see-FIN,
synthetic_imperatives_glossed.eaf,104,216742,218716,[SYN.104] দয়া করে স্কুলে অপেক্ষা করো।,Please wait in the school.,d̪a.ja kat̪ɛ iskulɾɛ t̪ɘŋgimɛ.,d̪a.ja kat̪ɛ iskul-ɾɛ t̪ɘŋgi-mɛ.,d̪a.ja | kat̪ɛ | iskul-ɾɛ | t̪ɘŋgi-mɛ,please | Manner | school-LOC | wait-IMP.2SG.POL,
synthetic_school_dialogue_glossed.eaf,105,218716,221441,[SYN.105] সেই সময় তুমি ভাষা পড়ে নদীতে যাবে।,"At that time, you study the language and then go to the river.",ɔkt̪ɛɾɛ am pɘɾsi paɽha͡o̯kat̪ɛ gaɖaɾɛ calaʔa.,ɔkt̪ɛ-ɾɛ am pɘɾsi paɽha͡o̯-kat̪ɛ gaɖa-ɾɛ calaʔ-a.,ɔkt̪ɛ-ɾɛ | am | pɘɾsi | paɽha͡o̯-kat̪ɛ | gaɖa-ɾɛ | calaʔ-a,time-LOC | 2SG | language | study-CVB | river-LOC | go-FIN,
synthetic_texts_glossed.eaf,106,221441,223220,[SYN.106] বাসস্থানে একটি উৎসব আছে।,There is a festival in the residence.,basaɾɛ pɔɾɔb menaa.,basa-ɾɛ pɔɾɔb mena-a.,basa-ɾɛ | pɔɾɔb | mena-a,residence-LOC | festival | exist-FIN,
synthetic_bangla_glossed.eaf,107,223220,225331,[SYN.107] আমরা ভাষা বলব।,We will speak the language.,alɛ d̪ɔ pɘɾsi ɾɔɽa.,alɛ d̪ɔ pɘɾsi ɾɔɽ-a.,alɛ | d̪ɔ | pɘɾsi | ɾɔɽ-a,1PL.EXCL | TOP | language | speak-FIN,
synthetic_new_glossed.eaf,108,225331,227528,[SYN.108] আমি ঘড়ি বিক্রি করেছি।,I have sold the watch.,iɲ d̪ɔ gʰuɽi ɘkʰɾiɲakada.,iɲ d̪ɔ gʰuɽi ɘkʰɾiɲ-akad-a.,iɲ | d̪ɔ | gʰuɽi | ɘkʰɾiɲ-akad-a,1SG | TOP | watch | sell-PRF-FIN,
synthetic_bangla_glossed.eaf,109,227528,229583,[SYN.109] সে মাছ কিনবে।,He/she will buy the fish.,uni d̪ɔ haku kiɾiɲa.,uni d̪ɔ haku kiɾiɲ-a.,uni | d̪ɔ | haku | kiɾiɲ-a,3SG.ANIM | TOP | fish | buy-FIN,
synthetic_school_dialogue_glossed.eaf,110,229583,232509,[SYN.110] আজ তুমি রান্না খেয়ে বাড়িতে কাজ করবে।,"Today, you eat the cooked food and then work in the house.",t̪eheɲɾɛ am basaŋ ɟɔmkat̪ɛ ɔɽaʔɾɛ kɘmia.,t̪eheɲ-ɾɛ am basaŋ ɟɔm-kat̪ɛ ɔɽaʔ-ɾɛ kɘmi-a.,t̪eheɲ-ɾɛ | am | basaŋ | ɟɔm-kat̪ɛ | ɔɽaʔ-ɾɛ | kɘmi-a,today-LOC | 2SG | cooked.food | eat-CVB | house-LOC | work-FIN,
synthetic_texts_glossed.eaf,111,232509,234160,[SYN.111] বিদ্যুৎটি ভালো।,The lightning is good.,bid͡ʒli d̪ɔ mɔ̃ɟa.,bid͡ʒli d̪ɔ mɔ̃ɟ-a.,bid͡ʒli | d̪ɔ | mɔ̃ɟ-a,lightning | TOP | good-FIN,
synthetic_see_paradigm.eaf,112,234160,236624,[SYN.112] তোমরা কথা লিখবে না।,You all do not write the word.,apɛ d̪ɔ kat̪ʰa bapɛ ɔlɔʔa.,apɛ d̪ɔ kat̪ʰa ba-pɛ ɔlɔʔ-a.,apɛ | d̪ɔ | kat̪ʰa | ba-pɛ | ɔlɔʔ-a,2PL | TOP | word | NEG-2PL | write-FIN,Synthetic NEG-pronominal marker pattern from the see paradigm.
synthetic_texts_glossed.eaf,113,236624,238330,[SYN.113] ভণ্ডটি ছোট।,The pretender is small.,bʰiduk d̪ɔ lɘʈua.,bʰiduk d̪ɔ lɘʈu-a.,bʰiduk | d̪ɔ | lɘʈu-a,pretender | TOP | small-FIN,Synthetic TOP + adjectival-FIN clause following layout A/B labels.
synthetic_paradigm_glossed.eaf,114,238330,240122,[SYN.114] তোমরা ভাষা লিখেছিলে।,You all wrote the language.,apɛpɛ pɘɾsi ɔlɔʔkeda.,apɛ-pɛ pɘɾsi ɔlɔʔ-ked-a.,apɛ-pɛ | pɘɾsi | ɔlɔʔ-ked-a,2PL-2PL | language | write-PST-FIN,
synthetic_texts_glossed.eaf,115,240122,241731,[SYN.115] গুহাে একটি নদী আছে।,There is a river in the cave.,bʰugək̕ɾɛ gaɖa menaa.,bʰugək̕-ɾɛ gaɖa mena-a.,bʰugək̕-ɾɛ | gaɖa | mena-a,cave-LOC | river | exist-FIN,
synthetic_bangla_glossed.eaf,116,241731,244391,[SYN.116] তারা বিঘত ও কষ্ট দেখবে।,They will see the span and the distress.,oŋko d̪ɔ beɽ aɾ alad͡ʒʰala ɲɛla.,oŋko d̪ɔ beɽ aɾ alad͡ʒʰala ɲɛl-a.,oŋko | d̪ɔ | beɽ | aɾ | alad͡ʒʰala | ɲɛl-a,3PL.ANIM | TOP | span | and | distress | see-FIN,
synthetic_texts_glossed.eaf,117,244391,246019,[SYN.117] হ্রদে একটি পরজীবী উদ্ভিদ আছে।,There is a parasitic plant in the lake.,ɟɔlaɾɛ alagd͡ʒəɽi menaa.,ɟɔla-ɾɛ alagd͡ʒəɽi mena-a.,ɟɔla-ɾɛ | alagd͡ʒəɽi | mena-a,lake-LOC | parasitic.plant | exist-FIN,
synthetic_new_glossed.eaf,118,246019,247899,[SYN.118] তুমি দুধ পান করেছ।,You have drunk the milk.,am d̪ɔ t̪o̯͡a ɲuakada.,am d̪ɔ t̪o̯͡a ɲu-akad-a.,am | d̪ɔ | t̪o̯͡a | ɲu-akad-a,2SG | TOP | milk | drink-PRF-FIN,Synthetic PRF-FIN clause modeled on akad-a rows.
synthetic_bangla_glossed.eaf,119,247899,250057,[SYN.119] তোমরা ঘড়ি বিক্রি করবে।,You all will sell the watch.,apɛ d̪ɔ gʰuɽi ɘkʰɾiɲa.,apɛ d̪ɔ gʰuɽi ɘkʰɾiɲ-a.,apɛ | d̪ɔ | gʰuɽi | ɘkʰɾiɲ-a,2PL | TOP | watch | sell-FIN,
synthetic_paradigm_glossed.eaf,120,250057,252113,[SYN.120] তাদের অংশীদার ভালো।,Their partner is good.,oŋkoaʔ bʰəgiə̯ɾi d̪ɔ mɔ̃ɟa.,oŋko-aʔ bʰəgiə̯ɾi d̪ɔ mɔ̃ɟ-a.,oŋko-aʔ | bʰəgiə̯ɾi | d̪ɔ | mɔ̃ɟ-a,3PL-GEN | partner | TOP | good-FIN,Synthetic GEN + TOP clause using pronoun markers from ground truth.
synthetic_see_paradigm.eaf,121,252113,253316,[SYN.121] তারা আসছে।,They are coming.,oŋkoko hiɟuʔɛd̪a.,oŋko-ko hiɟuʔ-ɛ-d̪a.,oŋko-ko | hiɟuʔ-ɛ-d̪a,3PL.ANIM-3PL.ANIM | come-PROG-FIN,Synthetic PROG-FIN agreement pattern based on see-paradigm rows.
synthetic_see_paradigm.eaf,122,253316,255682,[SYN.122] সে কথা লিখবে না।,He/she does not write the word.,uni d̪ɔ kat̪ʰa bai̯ ɔlɔʔa.,uni d̪ɔ kat̪ʰa ba-i̯ ɔlɔʔ-a.,uni | d̪ɔ | kat̪ʰa | ba-i̯ | ɔlɔʔ-a,3SG.ANIM | TOP | word | NEG-3SG.ANIM | write-FIN,
synthetic_bangla_glossed.eaf,123,255682,257709,[SYN.123] আমি কথা লিখব।,I will write the word.,iɲ d̪ɔ kat̪ʰa ɔlɔʔa.,iɲ d̪ɔ kat̪ʰa ɔlɔʔ-a.,iɲ | d̪ɔ | kat̪ʰa | ɔlɔʔ-a,1SG | TOP | word | write-FIN,
synthetic_see_paradigm.eaf,124,257709,260093,[SYN.124] তোমরা ভুল দেখবে না।,You all do not see the blunder.,apɛ d̪ɔ bʰul bapɛ ɲɛla.,apɛ d̪ɔ bʰul ba-pɛ ɲɛl-a.,apɛ | d̪ɔ | bʰul | ba-pɛ | ɲɛl-a,2PL | TOP | blunder | NEG-2PL | see-FIN,
synthetic_dialogues_glossed.eaf,125,260093,263429,"[SYN.125] সে কথা লিখবে, কিন্তু ভাষা লিখবে না।","He/she will write the word, but does not write the language.",uni d̪ɔ kat̪ʰa ɔlɔʔa mɛnkʰan pɘɾsi bai̯ ɔlɔʔa.,uni d̪ɔ kat̪ʰa ɔlɔʔ-a mɛnkʰan pɘɾsi ba-i̯ ɔlɔʔ-a.,uni | d̪ɔ | kat̪ʰa | ɔlɔʔ-a | mɛnkʰan | pɘɾsi | ba-i̯ | ɔlɔʔ-a,3SG.ANIM | TOP | word | write-FIN | but | language | NEG-3SG.ANIM | write-FIN,
synthetic_dialogues_glossed.eaf,126,263429,267048,"[SYN.126] আমি ভাষা বলব, কিন্তু কথা বলব না।","I will speak the language, but do not speak the word.",iɲ d̪ɔ pɘɾsi ɾɔɽa mɛnkʰan kat̪ʰa bɘɲ ɾɔɽa.,iɲ d̪ɔ pɘɾsi ɾɔɽ-a mɛnkʰan kat̪ʰa bɘ-ɲ ɾɔɽ-a.,iɲ | d̪ɔ | pɘɾsi | ɾɔɽ-a | mɛnkʰan | kat̪ʰa | bɘ-ɲ | ɾɔɽ-a,1SG | TOP | language | speak-FIN | but | word | NEG-1SG | speak-FIN,
synthetic_new_glossed_3.eaf,127,267048,269531,[SYN.127] একটি মাছ বাড়িতে আছে।,One fish is in the house.,mit̪ʔ haku d̪ɔ ɔɽaʔɾɛ menaa.,mit̪ʔ haku d̪ɔ ɔɽaʔ-ɾɛ mena-a.,mit̪ʔ | haku | d̪ɔ | ɔɽaʔ-ɾɛ | mena-a,one | fish | TOP | house-LOC | exist-FIN,
synthetic_paradigm_glossed.eaf,128,269531,271644,[SYN.128] আমার শিশু আনন্দের।,My child is happy.,iɲaʔ gid̪ɾɘ d̪ɔ ɾɘskɘa.,iɲ-aʔ gid̪ɾɘ d̪ɔ ɾɘskɘ-a.,iɲ-aʔ | gid̪ɾɘ | d̪ɔ | ɾɘskɘ-a,1SG-GEN | child | TOP | happy-FIN,Synthetic GEN + TOP clause using pronoun markers from ground truth.
synthetic_dialogues_glossed.eaf,129,271644,275133,"[SYN.129] আমরা মোবাইল ফোন কিনব, কিন্তু ঘড়ি কিনব না।","We will buy the mobile phone, but do not buy the watch.",alɛ d̪ɔ mɔbaĭl pʰon kiɾiɲa mɛnkʰan gʰuɽi balɛ kiɾiɲa.,alɛ d̪ɔ mɔbaĭl pʰon kiɾiɲ-a mɛnkʰan gʰuɽi ba-lɛ kiɾiɲ-a.,alɛ | d̪ɔ | mɔbaĭl pʰon | kiɾiɲ-a | mɛnkʰan | gʰuɽi | ba-lɛ | kiɾiɲ-a,1PL.EXCL | TOP | mobile.phone | buy-FIN | but | watch | NEG-1PL.EXCL | buy-FIN,
synthetic_dialogues_glossed.eaf,130,275133,278745,"[SYN.130] সে ঔষধ পাবে, কিন্তু খাবার পাবে না।","He/she will get the medicine, but does not get the food.",uni d̪ɔ ɾan ɲama mɛnkʰan ɟɔmaʔ bai̯ ɲama.,uni d̪ɔ ɾan ɲam-a mɛnkʰan ɟɔmaʔ ba-i̯ ɲam-a.,uni | d̪ɔ | ɾan | ɲam-a | mɛnkʰan | ɟɔmaʔ | ba-i̯ | ɲam-a,3SG.ANIM | TOP | medicine | get-FIN | but | food | NEG-3SG.ANIM | get-FIN,
synthetic_imperatives_glossed.eaf,131,278745,280817,[SYN.131] দয়া করে মধু খাও।,Please eat the honey.,d̪a.ja kat̪ɛ ɲɛlɛɾasa ɟɔmmɛ.,d̪a.ja kat̪ɛ ɲɛlɛɾasa ɟɔm-mɛ.,d̪a.ja | kat̪ɛ | ɲɛlɛɾasa | ɟɔm-mɛ,please | Manner | honey | eat-IMP.2SG.POL,
synthetic_texts_glossed.eaf,132,280817,282411,[SYN.132] নিকটবর্তী এলাকাে একটি জীবন আছে।,There is a life in the vicinity.,aɖe ʈolaɾɛ ɟiŋgi menaa.,aɖe ʈola-ɾɛ ɟiŋgi mena-a.,aɖe ʈola-ɾɛ | ɟiŋgi | mena-a,vicinity-LOC | life | exist-FIN,
synthetic_texts_glossed.eaf,133,282411,283962,[SYN.133] শহরে একটি পরিমাপ আছে।,There is a measure in the town.,sɔhɔɽɾɛ ae̯ menaa.,sɔhɔɽ-ɾɛ ae̯ mena-a.,sɔhɔɽ-ɾɛ | ae̯ | mena-a,town-LOC | measure | exist-FIN,
synthetic_bangla_glossed.eaf,134,283962,286070,[SYN.134] তুমি টাকা পাবে।,You will get the money.,am d̪ɔ ʈaka ɲama.,am d̪ɔ ʈaka ɲam-a.,am | d̪ɔ | ʈaka | ɲam-a,2SG | TOP | money | get-FIN,Synthetic transitive finite clause with TOP and FIN labels.
synthetic_texts_glossed.eaf,135,286070,287696,[SYN.135] ইংল্যান্ডে একটি কুয়া আছে।,There is a well in the england.,bilətɾɛ kuɲ menaa.,bilət-ɾɛ kuɲ mena-a.,bilət-ɾɛ | kuɲ | mena-a,england-LOC | well | exist-FIN,
synthetic_new_glossed.eaf,136,287696,289827,[SYN.136] সে মাছ বিক্রি করেছে।,He/she has sold the fish.,uni d̪ɔ haku ɘkʰɾiɲakada.,uni d̪ɔ haku ɘkʰɾiɲ-akad-a.,uni | d̪ɔ | haku | ɘkʰɾiɲ-akad-a,3SG.ANIM | TOP | fish | sell-PRF-FIN,
synthetic_dialogues_glossed.eaf,137,289827,293455,"[SYN.137] সে আধপাকা ফলের বিচি দেখবে, কিন্তু কণ্ঠস্বর দেখবে না।","He/she will see the kernel of half-ripe fruits, but does not see the voice.",uni d̪ɔ bʰəti ɲɛla mɛnkʰan aɽaŋ bai̯ ɲɛla.,uni d̪ɔ bʰəti ɲɛl-a mɛnkʰan aɽaŋ ba-i̯ ɲɛl-a.,uni | d̪ɔ | bʰəti | ɲɛl-a | mɛnkʰan | aɽaŋ | ba-i̯ | ɲɛl-a,3SG.ANIM | TOP | kernel.of.half | see-FIN | but | voice | NEG-3SG.ANIM | see-FIN,Synthetic contrast with mɛnkʰan 'but' and NEG marking.
synthetic_texts_glossed.eaf,138,293455,295175,[SYN.138] নদীতে একটি পোশাক আছে।,There is an attire in the river.,gaɖaɾɛ bʰagwa menaa.,gaɖa-ɾɛ bʰagwa mena-a.,gaɖa-ɾɛ | bʰagwa | mena-a,river-LOC | attire | exist-FIN,
synthetic_see_paradigm.eaf,139,295175,297691,[SYN.139] সে বাবা সাহায্য করবে না।,He/she does not help the father.,uni d̪ɔ baba bai̯ gɔɽɔa.,uni d̪ɔ baba ba-i̯ gɔɽɔ-a.,uni | d̪ɔ | baba | ba-i̯ | gɔɽɔ-a,3SG.ANIM | TOP | father | NEG-3SG.ANIM | help-FIN,
synthetic_bangla_glossed.eaf,140,297691,299751,[SYN.140] আমি মধু খাব।,I will eat the honey.,iɲ d̪ɔ ɲɛlɛɾasa ɟɔma.,iɲ d̪ɔ ɲɛlɛɾasa ɟɔm-a.,iɲ | d̪ɔ | ɲɛlɛɾasa | ɟɔm-a,1SG | TOP | honey | eat-FIN,
synthetic_texts_glossed.eaf,141,299751,301356,[SYN.141] আখরোটটি সুস্বাদু।,The walnut is tasty.,akʰɾoʈ d̪ɔ sibila.,akʰɾoʈ d̪ɔ sibil-a.,akʰɾoʈ | d̪ɔ | sibil-a,walnut | TOP | tasty-FIN,
synthetic_texts_glossed.eaf,142,301356,303147,[SYN.142] নিকটবর্তী এলাকাে একটি পানি আছে।,There is a water in the vicinity.,aɖe ʈolaɾɛ d̪aʔ menaa.,aɖe ʈola-ɾɛ d̪aʔ mena-a.,aɖe ʈola-ɾɛ | d̪aʔ | mena-a,vicinity-LOC | water | exist-FIN,
synthetic_new_glossed.eaf,143,303147,305128,[SYN.143] আমি কথা পড়েছি।,I have studied the word.,iɲ d̪ɔ kat̪ʰa paɽha͡o̯akada.,iɲ d̪ɔ kat̪ʰa paɽha͡o̯-akad-a.,iɲ | d̪ɔ | kat̪ʰa | paɽha͡o̯-akad-a,1SG | TOP | word | study-PRF-FIN,
synthetic_paradigm_glossed.eaf,144,305128,306652,[SYN.144] তুমি কথা লিখেছিলে।,You wrote the word.,amɛm kat̪ʰa ɔlɔʔkeda.,am-ɛm kat̪ʰa ɔlɔʔ-ked-a.,am-ɛm | kat̪ʰa | ɔlɔʔ-ked-a,2SG-2SG | word | write-PST-FIN,Synthetic PST-FIN transitive pattern using dictionary/core lexicon.
synthetic_bangla_glossed.eaf,145,306652,308606,[SYN.145] তুমি ভাষা লিখবে।,You will write the language.,am d̪ɔ pɘɾsi ɔlɔʔa.,am d̪ɔ pɘɾsi ɔlɔʔ-a.,am | d̪ɔ | pɘɾsi | ɔlɔʔ-a,2SG | TOP | language | write-FIN,
synthetic_new_glossed_3.eaf,146,308606,311154,[SYN.146] একটি মধু স্কুলে আছে।,One honey is in the school.,mit̪ʔ ɲɛlɛɾasa d̪ɔ iskulɾɛ menaa.,mit̪ʔ ɲɛlɛɾasa d̪ɔ iskul-ɾɛ mena-a.,mit̪ʔ | ɲɛlɛɾasa | d̪ɔ | iskul-ɾɛ | mena-a,one | honey | TOP | school-LOC | exist-FIN,Synthetic classifier + LOC/exist clause.
synthetic_new_glossed_3.eaf,147,311154,313591,[SYN.147] একটি ভাই কুয়ায় আছে।,One brother is in the well.,mit̪ʔʈɛn baɾet d̪ɔ kuɲɾɛ menaa.,mit̪ʔ-ʈɛn baɾet d̪ɔ kuɲ-ɾɛ mena-a.,mit̪ʔ-ʈɛn | baɾet | d̪ɔ | kuɲ-ɾɛ | mena-a,one-CLF.HUM | brother | TOP | well-LOC | exist-FIN,
synthetic_see_paradigm.eaf,148,313591,316057,[SYN.148] সে ভাষা বলবে না।,He/she does not speak the language.,uni d̪ɔ pɘɾsi bai̯ ɾɔɽa.,uni d̪ɔ pɘɾsi ba-i̯ ɾɔɽ-a.,uni | d̪ɔ | pɘɾsi | ba-i̯ | ɾɔɽ-a,3SG.ANIM | TOP | language | NEG-3SG.ANIM | speak-FIN,
synthetic_bangla_glossed.eaf,149,316057,318706,[SYN.149] তুমি নিরামিষাশী ও গরু ডাকার শব্দ দেখবে।,You will see the vegetarian and the cattle call.,am d̪ɔ bʰagat aɾ bihet̕ ɲɛla.,am d̪ɔ bʰagat aɾ bihet̕ ɲɛl-a.,am | d̪ɔ | bʰagat | aɾ | bihet̕ | ɲɛl-a,2SG | TOP | vegetarian | and | cattle.call | see-FIN,
synthetic_texts_glossed.eaf,150,318706,320555,[SYN.150] হ্রদে একটি উৎসব আছে।,There is a festival in the lake.,ɟɔlaɾɛ pɔɾɔb menaa.,ɟɔla-ɾɛ pɔɾɔb mena-a.,ɟɔla-ɾɛ | pɔɾɔb | mena-a,lake-LOC | festival | exist-FIN,Synthetic LOC + exist-FIN clause matching mena-a patterns.
synthetic_see_paradigm.eaf,151,320555,321734,[SYN.151] আমরা বসছি।,We are sitting.,alɛlɛ d̪uɽup̚ʔɛd̪a.,alɛ-lɛ d̪uɽup̚ʔ-ɛ-d̪a.,alɛ-lɛ | d̪uɽup̚ʔ-ɛ-d̪a,1PL.EXCL-1PL.EXCL | sit-PROG-FIN,
synthetic_new_glossed.eaf,152,321734,323826,[SYN.152] তোমরা ভাষা বলেছ।,You all have spoken the language.,apɛ d̪ɔ pɘɾsi ɾɔɽakada.,apɛ d̪ɔ pɘɾsi ɾɔɽ-akad-a.,apɛ | d̪ɔ | pɘɾsi | ɾɔɽ-akad-a,2PL | TOP | language | speak-PRF-FIN,
synthetic_texts_glossed.eaf,153,323826,325386,[SYN.153] বাসস্থানে একটি বিরক্তি আছে।,There is an annoyance in the dwelling place.,basɾɛ əɽis menaa.,bas-ɾɛ əɽis mena-a.,bas-ɾɛ | əɽis | mena-a,dwelling.place-LOC | annoyance | exist-FIN,
synthetic_bangla_glossed.eaf,154,325386,328314,[SYN.154] আমরা দুধ ও পানি পান করব।,We will drink the milk and the water.,alɛ d̪ɔ t̪o̯͡a aɾ d̪aʔ ɲua.,alɛ d̪ɔ t̪o̯͡a aɾ d̪aʔ ɲu-a.,alɛ | d̪ɔ | t̪o̯͡a | aɾ | d̪aʔ | ɲu-a,1PL.EXCL | TOP | milk | and | water | drink-FIN,
synthetic_dialogues_glossed.eaf,155,328314,330432,[SYN.155] তুমি এখন কী করবে?,What will you do now?,nit̪ʔ cɛʔɛm ceka ja.,nit̪ʔ cɛ-ʔ-ɛm cek-a ja.,nit̪ʔ | cɛ-ʔ-ɛm | cek-a | ja,now | what-NFIN-2SG.SUBJ | do-FIN | Q,
synthetic_see_paradigm.eaf,156,330432,332758,[SYN.156] সে কথা পড়বে না।,He/she does not study the word.,uni d̪ɔ kat̪ʰa bai̯ paɽha͡o̯a.,uni d̪ɔ kat̪ʰa ba-i̯ paɽha͡o̯-a.,uni | d̪ɔ | kat̪ʰa | ba-i̯ | paɽha͡o̯-a,3SG.ANIM | TOP | word | NEG-3SG.ANIM | study-FIN,
synthetic_see_paradigm.eaf,157,332758,335284,[SYN.157] তারা ঔষধ কিনবে না।,They do not buy the medicine.,oŋko d̪ɔ ɾan bako kiɾiɲa.,oŋko d̪ɔ ɾan ba-ko kiɾiɲ-a.,oŋko | d̪ɔ | ɾan | ba-ko | kiɾiɲ-a,3PL.ANIM | TOP | medicine | NEG-3PL.ANIM | buy-FIN,Synthetic NEG-pronominal marker pattern from the see paradigm.
synthetic_texts_glossed.eaf,158,335284,337024,[SYN.158] শহরে একটি কারকীয় ক্রিয়া আছে।,There is a causative inflection in the town.,sɔhɔɽɾɛ a menaa.,sɔhɔɽ-ɾɛ a- mena-a.,sɔhɔɽ-ɾɛ | a- | mena-a,town-LOC | causative.inflection | exist-FIN,Synthetic LOC + exist-FIN clause matching mena-a patterns.
synthetic_new_glossed.eaf,159,337024,339226,[SYN.159] আমি কথা লিখেছি।,I have written the word.,iɲ d̪ɔ kat̪ʰa ɔlɔʔakada.,iɲ d̪ɔ kat̪ʰa ɔlɔʔ-akad-a.,iɲ | d̪ɔ | kat̪ʰa | ɔlɔʔ-akad-a,1SG | TOP | word | write-PRF-FIN,
synthetic_new_glossed.eaf,160,339226,341379,[SYN.160] তুমি মাছ কিনেছ।,You have bought the fish.,am d̪ɔ haku kiɾiɲakada.,am d̪ɔ haku kiɾiɲ-akad-a.,am | d̪ɔ | haku | kiɾiɲ-akad-a,2SG | TOP | fish | buy-PRF-FIN,
synthetic_texts_glossed.eaf,161,341379,343198,[SYN.161] বাসস্থানে একটি বোকা আছে।,There is a fool in the residence.,basaɾɛ bemblaha menaa.,basa-ɾɛ bemblaha mena-a.,basa-ɾɛ | bemblaha | mena-a,residence-LOC | fool | exist-FIN,
synthetic_texts_glossed.eaf,162,343198,344849,[SYN.162] বাড়িতে একটি ডাক্তার আছে।,There is a doctor in the house.,ɔɽaʔɾɛ ɖak̚t̪aɾ menaa.,ɔɽaʔ-ɾɛ ɖak̚t̪aɾ mena-a.,ɔɽaʔ-ɾɛ | ɖak̚t̪aɾ | mena-a,house-LOC | doctor | exist-FIN,
synthetic_see_paradigm.eaf,163,344849,347241,[SYN.163] আমি ছবি পাব না।,I do not get the photo.,iɲ d̪ɔ pʰɔʈɔ bɘɲ ɲama.,iɲ d̪ɔ pʰɔʈɔ bɘ-ɲ ɲam-a.,iɲ | d̪ɔ | pʰɔʈɔ | bɘ-ɲ | ɲam-a,1SG | TOP | photo | NEG-1SG | get-FIN,Synthetic NEG-pronominal marker pattern from the see paradigm.
synthetic_texts_glossed.eaf,164,347241,348765,[SYN.164] আনারসটি ভালো।,The pineapple is good.,ananas d̪ɔ mɔ̃ɟa.,ananas d̪ɔ mɔ̃ɟ-a.,ananas | d̪ɔ | mɔ̃ɟ-a,pineapple | TOP | good-FIN,
synthetic_texts_glossed.eaf,165,348765,350316,[SYN.165] বাড়িতে একটি পবিত্র সিন্দুক আছে।,There is an ark of the covenant in the house.,ɔɽaʔɾɛ ən sunduk menaa.,ɔɽaʔ-ɾɛ ən sunduk mena-a.,ɔɽaʔ-ɾɛ | ən sunduk | mena-a,house-LOC | ark.of.the | exist-FIN,
synthetic_imperatives_glossed.eaf,166,350316,352418,[SYN.166] দয়া করে পাঠ পড়ো।,Please study the lesson.,d̪a.ja kat̪ɛ sikʰnɘt̪ paɽha͡o̯mɛ.,d̪a.ja kat̪ɛ sikʰnɘt̪ paɽha͡o̯-mɛ.,d̪a.ja | kat̪ɛ | sikʰnɘt̪ | paɽha͡o̯-mɛ,please | Manner | lesson | study-IMP.2SG.POL,
synthetic_bangla_glossed.eaf,167,352418,355204,[SYN.167] তারা মধু ও রান্না খাবে।,They will eat the honey and the cooked food.,oŋko d̪ɔ ɲɛlɛɾasa aɾ basaŋ ɟɔma.,oŋko d̪ɔ ɲɛlɛɾasa aɾ basaŋ ɟɔm-a.,oŋko | d̪ɔ | ɲɛlɛɾasa | aɾ | basaŋ | ɟɔm-a,3PL.ANIM | TOP | honey | and | cooked.food | eat-FIN,
synthetic_school_dialogue_glossed.eaf,168,355204,357886,[SYN.168] সকালে সে আয়না দেখে নদীতে কাজ করবে।,"In the morning, he/she see the mirror and then work in the river.",sɛt̪aʔɾɛ uni əɾsi ɲɛlkat̪ɛ gaɖaɾɛ kɘmia.,sɛt̪aʔ-ɾɛ uni əɾsi ɲɛl-kat̪ɛ gaɖa-ɾɛ kɘmi-a.,sɛt̪aʔ-ɾɛ | uni | əɾsi | ɲɛl-kat̪ɛ | gaɖa-ɾɛ | kɘmi-a,morning-LOC | 3SG.ANIM | mirror | see-CVB | river-LOC | work-FIN,
synthetic_school_dialogue_glossed.eaf,169,357886,360560,[SYN.169] গতকাল আমরা মধু খেয়ে শহরে যাব।,"Yesterday, we eat the honey and then go to the town.",hɔlaɾɛ alɛ ɲɛlɛɾasa ɟɔmkat̪ɛ sɔhɔɽɾɛ calaʔa.,hɔla-ɾɛ alɛ ɲɛlɛɾasa ɟɔm-kat̪ɛ sɔhɔɽ-ɾɛ calaʔ-a.,hɔla-ɾɛ | alɛ | ɲɛlɛɾasa | ɟɔm-kat̪ɛ | sɔhɔɽ-ɾɛ | calaʔ-a,yesterday-LOC | 1PL.EXCL | honey | eat-CVB | town-LOC | go-FIN,
synthetic_paradigm_glossed.eaf,170,360560,362354,[SYN.170] তারা কথা বলেছিল।,They spoke the word.,oŋkoko kat̪ʰa ɾɔɽkeda.,oŋko-ko kat̪ʰa ɾɔɽ-ked-a.,oŋko-ko | kat̪ʰa | ɾɔɽ-ked-a,3PL.ANIM-3PL.ANIM | word | speak-PST-FIN,
synthetic_dialogues_glossed.eaf,171,362354,365994,"[SYN.171] আমি খাবার কিনব, কিন্তু মোবাইল ফোন কিনব না।","I will buy the food, but do not buy the mobile phone.",iɲ d̪ɔ ɟɔmaʔ kiɾiɲa mɛnkʰan mɔbaĭl pʰon bɘɲ kiɾiɲa.,iɲ d̪ɔ ɟɔmaʔ kiɾiɲ-a mɛnkʰan mɔbaĭl pʰon bɘ-ɲ kiɾiɲ-a.,iɲ | d̪ɔ | ɟɔmaʔ | kiɾiɲ-a | mɛnkʰan | mɔbaĭl pʰon | bɘ-ɲ | kiɾiɲ-a,1SG | TOP | food | buy-FIN | but | mobile.phone | NEG-1SG | buy-FIN,
synthetic_new_glossed.eaf,172,365994,368151,[SYN.172] সে পানি পান করেছে।,He/she has drunk the water.,uni d̪ɔ d̪aʔ ɲuakada.,uni d̪ɔ d̪aʔ ɲu-akad-a.,uni | d̪ɔ | d̪aʔ | ɲu-akad-a,3SG.ANIM | TOP | water | drink-PRF-FIN,
synthetic_bangla_glossed.eaf,173,368151,370975,[SYN.173] আমরা মাছ ও ঘড়ি কিনব।,We will buy the fish and the watch.,alɛ d̪ɔ haku aɾ gʰuɽi kiɾiɲa.,alɛ d̪ɔ haku aɾ gʰuɽi kiɾiɲ-a.,alɛ | d̪ɔ | haku | aɾ | gʰuɽi | kiɾiɲ-a,1PL.EXCL | TOP | fish | and | watch | buy-FIN,
synthetic_paradigm_glossed.eaf,174,370975,372613,[SYN.174] তোমরা মোবাইল ফোন কিনেছিলে।,You all bought the mobile phone.,apɛpɛ mɔbaĭl pʰon kiɾiɲkeda.,apɛ-pɛ mɔbaĭl pʰon kiɾiɲ-ked-a.,apɛ-pɛ | mɔbaĭl pʰon | kiɾiɲ-ked-a,2PL-2PL | mobile.phone | buy-PST-FIN,
synthetic_texts_glossed.eaf,175,372613,374333,[SYN.175] আদিবাসীটি গুরুত্বপূর্ণ।,The aborigines is important.,bəu̯ɾi d̪ɔ ɟɘɾuɽa.,bəu̯ɾi d̪ɔ ɟɘɾuɽ-a.,bəu̯ɾi | d̪ɔ | ɟɘɾuɽ-a,aborigines | TOP | important-FIN,
synthetic_bangla_glossed.eaf,176,374333,377234,[SYN.176] তুমি খাবার ও ঔষধ কিনবে।,You will buy the food and the medicine.,am d̪ɔ ɟɔmaʔ aɾ ɾan kiɾiɲa.,am d̪ɔ ɟɔmaʔ aɾ ɾan kiɾiɲ-a.,am | d̪ɔ | ɟɔmaʔ | aɾ | ɾan | kiɾiɲ-a,2SG | TOP | food | and | medicine | buy-FIN,
synthetic_texts_glossed.eaf,177,377234,378874,[SYN.177] স্কুলে একটি শিশু আছে।,There is a child in the school.,iskulɾɛ gid̪ɾɘ menaa.,iskul-ɾɛ gid̪ɾɘ mena-a.,iskul-ɾɛ | gid̪ɾɘ | mena-a,school-LOC | child | exist-FIN,
synthetic_dialogues_glossed.eaf,178,378874,382478,"[SYN.178] আমি মোবাইল ফোন বিক্রি করব, কিন্তু ঘড়ি বিক্রি করব না।","I will sell the mobile phone, but do not sell the watch.",iɲ d̪ɔ mɔbaĭl pʰon ɘkʰɾiɲa mɛnkʰan gʰuɽi bɘɲ ɘkʰɾiɲa.,iɲ d̪ɔ mɔbaĭl pʰon ɘkʰɾiɲ-a mɛnkʰan gʰuɽi bɘ-ɲ ɘkʰɾiɲ-a.,iɲ | d̪ɔ | mɔbaĭl pʰon | ɘkʰɾiɲ-a | mɛnkʰan | gʰuɽi | bɘ-ɲ | ɘkʰɾiɲ-a,1SG | TOP | mobile.phone | sell-FIN | but | watch | NEG-1SG | sell-FIN,Synthetic contrast with mɛnkʰan 'but' and NEG marking.
synthetic_texts_glossed.eaf,179,382478,384170,[SYN.179] শহরে একটি আখ আছে।,There is a sugarcane in the town.,sɔhɔɽɾɛ ək menaa.,sɔhɔɽ-ɾɛ ək mena-a.,sɔhɔɽ-ɾɛ | ək | mena-a,town-LOC | sugarcane | exist-FIN,
synthetic_bangla_glossed.eaf,180,384170,386069,[SYN.180] আমরা পাঠ পড়ব।,We will study the lesson.,alɛ d̪ɔ sikʰnɘt̪ paɽha͡o̯a.,alɛ d̪ɔ sikʰnɘt̪ paɽha͡o̯-a.,alɛ | d̪ɔ | sikʰnɘt̪ | paɽha͡o̯-a,1PL.EXCL | TOP | lesson | study-FIN,
synthetic_see_paradigm.eaf,181,386069,388447,[SYN.181] তুমি ডাক্তার সাহায্য করবে না।,You do not help the doctor.,am d̪ɔ ɖak̚t̪aɾ bam gɔɽɔa.,am d̪ɔ ɖak̚t̪aɾ ba-m gɔɽɔ-a.,am | d̪ɔ | ɖak̚t̪aɾ | ba-m | gɔɽɔ-a,2SG | TOP | doctor | NEG-2SG | help-FIN,
synthetic_paradigm_glossed.eaf,182,388447,390174,[SYN.182] আমি খাবার কিনেছিলাম।,I bought the food.,iɲiɲ ɟɔmaʔ kiɾiɲkeda.,iɲ-iɲ ɟɔmaʔ kiɾiɲ-ked-a.,iɲ-iɲ | ɟɔmaʔ | kiɾiɲ-ked-a,1SG-1SG | food | buy-PST-FIN,
synthetic_see_paradigm.eaf,183,390174,392545,[SYN.183] তোমরা মাছ বিক্রি করবে না।,You all do not sell the fish.,apɛ d̪ɔ haku bapɛ ɘkʰɾiɲa.,apɛ d̪ɔ haku ba-pɛ ɘkʰɾiɲ-a.,apɛ | d̪ɔ | haku | ba-pɛ | ɘkʰɾiɲ-a,2PL | TOP | fish | NEG-2PL | sell-FIN,
synthetic_new_glossed_3.eaf,184,392545,394882,[SYN.184] একটি বিদেশী শহরে আছে।,One foreigner is in the town.,mit̪ʔʈɛn bidesiə̯ d̪ɔ sɔhɔɽɾɛ menaa.,mit̪ʔ-ʈɛn bidesiə̯ d̪ɔ sɔhɔɽ-ɾɛ mena-a.,mit̪ʔ-ʈɛn | bidesiə̯ | d̪ɔ | sɔhɔɽ-ɾɛ | mena-a,one-CLF.HUM | foreigner | TOP | town-LOC | exist-FIN,
synthetic_school_dialogue_glossed.eaf,185,394882,397619,[SYN.185] সকালে আমরা ভাষা পড়ে গ্রামে আসব।,"In the morning, we study the language and then come to the village.",sɛt̪aʔɾɛ alɛ pɘɾsi paɽha͡o̯kat̪ɛ at̪oɾɛ hiɟuʔa.,sɛt̪aʔ-ɾɛ alɛ pɘɾsi paɽha͡o̯-kat̪ɛ at̪o-ɾɛ hiɟuʔ-a.,sɛt̪aʔ-ɾɛ | alɛ | pɘɾsi | paɽha͡o̯-kat̪ɛ | at̪o-ɾɛ | hiɟuʔ-a,morning-LOC | 1PL.EXCL | language | study-CVB | village-LOC | come-FIN,
synthetic_see_paradigm.eaf,186,397619,400076,[SYN.186] আমরা দুধ পান করব না।,We do not drink the milk.,alɛ d̪ɔ t̪o̯͡a balɛ ɲua.,alɛ d̪ɔ t̪o̯͡a ba-lɛ ɲu-a.,alɛ | d̪ɔ | t̪o̯͡a | ba-lɛ | ɲu-a,1PL.EXCL | TOP | milk | NEG-1PL.EXCL | drink-FIN,Synthetic NEG-pronominal marker pattern from the see paradigm.
synthetic_school_dialogue_glossed.eaf,187,400076,402866,[SYN.187] আজ তারা মাছ খেয়ে গ্রামে খেলবে।,"Today, they eat the fish and then play in the village.",t̪eheɲɾɛ oŋko haku ɟɔmkat̪ɛ at̪oɾɛ gat̪ea.,t̪eheɲ-ɾɛ oŋko haku ɟɔm-kat̪ɛ at̪o-ɾɛ gat̪e-a.,t̪eheɲ-ɾɛ | oŋko | haku | ɟɔm-kat̪ɛ | at̪o-ɾɛ | gat̪e-a,today-LOC | 3PL.ANIM | fish | eat-CVB | village-LOC | play-FIN,
synthetic_dialogues_glossed.eaf,188,402866,404045,[SYN.188] আমি কেমন আছে?,How am I?,cɛt̪ʔlɛka meniɲa.,cɛt̪ʔ-lɛka men-iɲ-a.,cɛt̪ʔ-lɛka | men-iɲ-a,how-like | be.NFIN-1SG-FIN,
synthetic_bangla_glossed.eaf,189,404045,406723,[SYN.189] তারা দুধ ও পানি পান করবে।,They will drink the milk and the water.,oŋko d̪ɔ t̪o̯͡a aɾ d̪aʔ ɲua.,oŋko d̪ɔ t̪o̯͡a aɾ d̪aʔ ɲu-a.,oŋko | d̪ɔ | t̪o̯͡a | aɾ | d̪aʔ | ɲu-a,3PL.ANIM | TOP | milk | and | water | drink-FIN,
synthetic_paradigm_glossed.eaf,190,406723,408719,[SYN.190] তাদের ভাই ছোট।,Their brother is small.,oŋkoaʔ bɔ͡i̯ha d̪ɔ lɘʈua.,oŋko-aʔ bɔ͡i̯ha d̪ɔ lɘʈu-a.,oŋko-aʔ | bɔ͡i̯ha | d̪ɔ | lɘʈu-a,3PL-GEN | brother | TOP | small-FIN,
synthetic_texts_glossed.eaf,191,408719,410553,[SYN.191] বালতিটি নতুন।,The bucket is new.,bəlʈi d̪ɔ nɔwaa.,bəlʈi d̪ɔ nɔwa-a.,bəlʈi | d̪ɔ | nɔwa-a,bucket | TOP | new-FIN,
synthetic_texts_glossed.eaf,192,410553,412362,[SYN.192] ইংল্যান্ডে একটি অংশীদার আছে।,There is a partner in the england.,bilətɾɛ bʰəgiə̯ɾi menaa.,bilət-ɾɛ bʰəgiə̯ɾi mena-a.,bilət-ɾɛ | bʰəgiə̯ɾi | mena-a,england-LOC | partner | exist-FIN,
synthetic_imperatives_glossed.eaf,193,412362,414240,[SYN.193] দয়া করে বাড়িতে বসো।,Please sit in the house.,d̪a.ja kat̪ɛ ɔɽaʔɾɛ d̪uɽup̚ʔmɛ.,d̪a.ja kat̪ɛ ɔɽaʔ-ɾɛ d̪uɽup̚ʔ-mɛ.,d̪a.ja | kat̪ɛ | ɔɽaʔ-ɾɛ | d̪uɽup̚ʔ-mɛ,please | Manner | house-LOC | sit-IMP.2SG.POL,
synthetic_bangla_glossed.eaf,194,414240,417099,[SYN.194] তোমরা দুধ ও পানি পান করবে।,You all will drink the milk and the water.,apɛ d̪ɔ t̪o̯͡a aɾ d̪aʔ ɲua.,apɛ d̪ɔ t̪o̯͡a aɾ d̪aʔ ɲu-a.,apɛ | d̪ɔ | t̪o̯͡a | aɾ | d̪aʔ | ɲu-a,2PL | TOP | milk | and | water | drink-FIN,Synthetic coordination with aɾ 'and'.
synthetic_texts_glossed.eaf,195,417099,418637,[SYN.195] আড়ালে একটি বালিয়া সারস পাখি আছে।,There is a sand martin in the covert.,ao̯tanɾɛ bʰəluə̯ menaa.,ao̯tan-ɾɛ bʰəluə̯ mena-a.,ao̯tan-ɾɛ | bʰəluə̯ | mena-a,covert-LOC | sand.martin | exist-FIN,
synthetic_new_glossed.eaf,196,418637,420779,[SYN.196] তুমি ঔষধ কিনেছ।,You have bought the medicine.,am d̪ɔ ɾan kiɾiɲakada.,am d̪ɔ ɾan kiɾiɲ-akad-a.,am | d̪ɔ | ɾan | kiɾiɲ-akad-a,2SG | TOP | medicine | buy-PRF-FIN,
synthetic_texts_glossed.eaf,197,420779,422339,[SYN.197] পাড়াে একটি বাধা আছে।,There is a hitch in the neighbourhood.,aɖe paseɾɛ bəndʰi menaa.,aɖe pase-ɾɛ bəndʰi mena-a.,aɖe pase-ɾɛ | bəndʰi | mena-a,neighbourhood-LOC | hitch | exist-FIN,
synthetic_imperatives_glossed.eaf,198,422339,424532,[SYN.198] দয়া করে খাবার খাও।,Please eat the food.,d̪a.ja kat̪ɛ ɟɔmaʔ ɟɔmmɛ.,d̪a.ja kat̪ɛ ɟɔmaʔ ɟɔm-mɛ.,d̪a.ja | kat̪ɛ | ɟɔmaʔ | ɟɔm-mɛ,please | Manner | food | eat-IMP.2SG.POL,
synthetic_see_paradigm.eaf,199,424532,425877,[SYN.199] তুমি কিনছ।,You is buying.,amɛm kiɾiɲɛd̪a.,am-ɛm kiɾiɲ-ɛ-d̪a.,am-ɛm | kiɾiɲ-ɛ-d̪a,2SG-2SG | buy-PROG-FIN,
synthetic_paradigm_glossed.eaf,200,425877,427917,[SYN.200] তোমাদের নদী নতুন।,Your river is new.,apɛaʔ gaɖa d̪ɔ nɔwaa.,apɛ-aʔ gaɖa d̪ɔ nɔwa-a.,apɛ-aʔ | gaɖa | d̪ɔ | nɔwa-a,2PL-GEN | river | TOP | new-FIN,
synthetic_texts_glossed.eaf,201,427917,429756,[SYN.201] অবিশ্বাসীটি গুরুত্বপূর্ণ।,The heathen is important.,bedin d̪ɔ ɟɘɾuɽa.,bedin d̪ɔ ɟɘɾuɽ-a.,bedin | d̪ɔ | ɟɘɾuɽ-a,heathen | TOP | important-FIN,
synthetic_see_paradigm.eaf,202,429756,431224,[SYN.202] তোমরা বলছ।,You all are speaking.,apɛpɛ ɾɔɽɛd̪a.,apɛ-pɛ ɾɔɽ-ɛ-d̪a.,apɛ-pɛ | ɾɔɽ-ɛ-d̪a,2PL-2PL | speak-PROG-FIN,Synthetic PROG-FIN agreement pattern based on see-paradigm rows.
synthetic_dialogues_glossed.eaf,203,431224,433143,[SYN.203] পা কোথায় আছে?,Where is the foot?,kaʈa d̪ɔ ɔkaɾɛ menaa.,kaʈa d̪ɔ ɔka-ɾɛ mena-a.,kaʈa | d̪ɔ | ɔka-ɾɛ | mena-a,foot | TOP | where-LOC | exist-FIN,
synthetic_paradigm_glossed.eaf,204,433143,435086,[SYN.204] তাদের শুকর ভালো।,Their pig is good.,oŋkoaʔ suk̚ɾi d̪ɔ mɔ̃ɟa.,oŋko-aʔ suk̚ɾi d̪ɔ mɔ̃ɟ-a.,oŋko-aʔ | suk̚ɾi | d̪ɔ | mɔ̃ɟ-a,3PL-GEN | pig | TOP | good-FIN,
synthetic_imperatives_glossed.eaf,205,435086,437023,[SYN.205] দয়া করে ভাষা লিখো।,Please write the language.,d̪a.ja kat̪ɛ pɘɾsi ɔlɔʔmɛ.,d̪a.ja kat̪ɛ pɘɾsi ɔlɔʔ-mɛ.,d̪a.ja | kat̪ɛ | pɘɾsi | ɔlɔʔ-mɛ,please | Manner | language | write-IMP.2SG.POL,
synthetic_imperatives_glossed.eaf,206,437023,439225,[SYN.206] দয়া করে হ্রদে যাও।,Please go to the lake.,d̪a.ja kat̪ɛ ɟɔlaɾɛ calaʔmɛ.,d̪a.ja kat̪ɛ ɟɔla-ɾɛ calaʔ-mɛ.,d̪a.ja | kat̪ɛ | ɟɔla-ɾɛ | calaʔ-mɛ,please | Manner | lake-LOC | go-IMP.2SG.POL,
synthetic_school_dialogue_glossed.eaf,207,439225,441922,[SYN.207] গতকাল তুমি টকশাক দেখে নদীতে খেলবে।,"Yesterday, you see the sorel and then play in the river.",hɔlaɾɛ am aɾak̕ kudɾum ɲɛlkat̪ɛ gaɖaɾɛ gat̪ea.,hɔla-ɾɛ am aɾak̕ kudɾum ɲɛl-kat̪ɛ gaɖa-ɾɛ gat̪e-a.,hɔla-ɾɛ | am | aɾak̕ kudɾum | ɲɛl-kat̪ɛ | gaɖa-ɾɛ | gat̪e-a,yesterday-LOC | 2SG | sorel | see-CVB | river-LOC | play-FIN,
synthetic_school_dialogue_glossed.eaf,208,441922,444592,[SYN.208] সেই সময় আমরা পাঠ পড়ে বাড়িতে যাব।,"At that time, we study the lesson and then go to the house.",ɔkt̪ɛɾɛ alɛ sikʰnɘt̪ paɽha͡o̯kat̪ɛ ɔɽaʔɾɛ calaʔa.,ɔkt̪ɛ-ɾɛ alɛ sikʰnɘt̪ paɽha͡o̯-kat̪ɛ ɔɽaʔ-ɾɛ calaʔ-a.,ɔkt̪ɛ-ɾɛ | alɛ | sikʰnɘt̪ | paɽha͡o̯-kat̪ɛ | ɔɽaʔ-ɾɛ | calaʔ-a,time-LOC | 1PL.EXCL | lesson | study-CVB | house-LOC | go-FIN,
synthetic_texts_glossed.eaf,209,444592,446311,[SYN.209] লাগামটি পরিষ্কার।,The bridle is clean.,bag d̪ɔ sapʰaa.,bag d̪ɔ sapʰa-a.,bag | d̪ɔ | sapʰa-a,bridle | TOP | clean-FIN,
synthetic_texts_glossed.eaf,210,446311,447919,[SYN.210] বাসস্থানে একটি শিকার আছে।,There is a prey in the dwelling place.,basɾɛ aheɾ menaa.,bas-ɾɛ aheɾ mena-a.,bas-ɾɛ | aheɾ | mena-a,dwelling.place-LOC | prey | exist-FIN,
synthetic_bangla_glossed.eaf,211,447919,449925,[SYN.211] তারা বাবা সাহায্য করবে।,They will help the father.,oŋko d̪ɔ baba gɔɽɔa.,oŋko d̪ɔ baba gɔɽɔ-a.,oŋko | d̪ɔ | baba | gɔɽɔ-a,3PL.ANIM | TOP | father | help-FIN,
synthetic_new_glossed.eaf,212,449925,452017,[SYN.212] সে খাবার বিক্রি করেছে।,He/she has sold the food.,uni d̪ɔ ɟɔmaʔ ɘkʰɾiɲakada.,uni d̪ɔ ɟɔmaʔ ɘkʰɾiɲ-akad-a.,uni | d̪ɔ | ɟɔmaʔ | ɘkʰɾiɲ-akad-a,3SG.ANIM | TOP | food | sell-PRF-FIN,
synthetic_new_glossed_3.eaf,213,452017,454397,[SYN.213] একটি বিদেশী নদীতে আছে।,One foreigner is in the river.,mit̪ʔʈɛn bidesiə̯ d̪ɔ gaɖaɾɛ menaa.,mit̪ʔ-ʈɛn bidesiə̯ d̪ɔ gaɖa-ɾɛ mena-a.,mit̪ʔ-ʈɛn | bidesiə̯ | d̪ɔ | gaɖa-ɾɛ | mena-a,one-CLF.HUM | foreigner | TOP | river-LOC | exist-FIN,Synthetic classifier + LOC/exist clause.
synthetic_see_paradigm.eaf,214,454397,456925,[SYN.214] তারা বাবা সাহায্য করবে না।,They do not help the father.,oŋko d̪ɔ baba bako gɔɽɔa.,oŋko d̪ɔ baba ba-ko gɔɽɔ-a.,oŋko | d̪ɔ | baba | ba-ko | gɔɽɔ-a,3PL.ANIM | TOP | father | NEG-3PL.ANIM | help-FIN,Synthetic NEG-pronominal marker pattern from the see paradigm.
synthetic_texts_glossed.eaf,215,456925,458630,[SYN.215] জোর খাটানো শ্রমটি ভালো।,The forced labour is good.,begaɾ d̪ɔ mɔ̃ɟa.,begaɾ d̪ɔ mɔ̃ɟ-a.,begaɾ | d̪ɔ | mɔ̃ɟ-a,forced.labour | TOP | good-FIN,Synthetic TOP + adjectival-FIN clause following layout A/B labels.
synthetic_texts_glossed.eaf,216,458630,460236,[SYN.216] গ্রামে একটি বিদেশী আছে।,There is a foreigner in the village.,at̪oɾɛ bidesiə̯ menaa.,at̪o-ɾɛ bidesiə̯ mena-a.,at̪o-ɾɛ | bidesiə̯ | mena-a,village-LOC | foreigner | exist-FIN,
synthetic_new_glossed.eaf,217,460236,462408,[SYN.217] তারা ভাষা বলেছে।,They have spoken the language.,oŋko d̪ɔ pɘɾsi ɾɔɽakada.,oŋko d̪ɔ pɘɾsi ɾɔɽ-akad-a.,oŋko | d̪ɔ | pɘɾsi | ɾɔɽ-akad-a,3PL.ANIM | TOP | language | speak-PRF-FIN,
synthetic_new_glossed.eaf,218,462408,464344,[SYN.218] আমরা ভাষা পড়েছি।,We have studied the language.,alɛ d̪ɔ pɘɾsi paɽha͡o̯akada.,alɛ d̪ɔ pɘɾsi paɽha͡o̯-akad-a.,alɛ | d̪ɔ | pɘɾsi | paɽha͡o̯-akad-a,1PL.EXCL | TOP | language | study-PRF-FIN,
synthetic_bangla_glossed.eaf,219,464344,466468,[SYN.219] তুমি বয়লার দেখবে।,You will see the boiler.,am d̪ɔ bʰəʈʰi ɲɛla.,am d̪ɔ bʰəʈʰi ɲɛl-a.,am | d̪ɔ | bʰəʈʰi | ɲɛl-a,2SG | TOP | boiler | see-FIN,Synthetic transitive finite clause with TOP and FIN labels.
synthetic_school_dialogue_glossed.eaf,220,466468,469143,[SYN.220] আজ তুমি রান্না খেয়ে গ্রামে কাজ করবে।,"Today, you eat the cooked food and then work in the village.",t̪eheɲɾɛ am basaŋ ɟɔmkat̪ɛ at̪oɾɛ kɘmia.,t̪eheɲ-ɾɛ am basaŋ ɟɔm-kat̪ɛ at̪o-ɾɛ kɘmi-a.,t̪eheɲ-ɾɛ | am | basaŋ | ɟɔm-kat̪ɛ | at̪o-ɾɛ | kɘmi-a,today-LOC | 2SG | cooked.food | eat-CVB | village-LOC | work-FIN,
synthetic_see_paradigm.eaf,221,469143,471676,[SYN.221] তারা মা সাহায্য করবে না।,They do not help the mother.,oŋko d̪ɔ gɔgɔ bako gɔɽɔa.,oŋko d̪ɔ gɔgɔ ba-ko gɔɽɔ-a.,oŋko | d̪ɔ | gɔgɔ | ba-ko | gɔɽɔ-a,3PL.ANIM | TOP | mother | NEG-3PL.ANIM | help-FIN,
synthetic_see_paradigm.eaf,222,471676,474108,[SYN.222] তুমি দাম দেখবে না।,You do not see the price.,am d̪ɔ bʰao̯ bam ɲɛla.,am d̪ɔ bʰao̯ ba-m ɲɛl-a.,am | d̪ɔ | bʰao̯ | ba-m | ɲɛl-a,2SG | TOP | price | NEG-2SG | see-FIN,
synthetic_school_dialogue_glossed.eaf,223,474108,476935,[SYN.223] গতকাল আমি পানি পান করে শহরে যাব।,"Yesterday, I drink the water and then go to the town.",hɔlaɾɛ iɲ d̪aʔ ɲukat̪ɛ sɔhɔɽɾɛ calaʔa.,hɔla-ɾɛ iɲ d̪aʔ ɲu-kat̪ɛ sɔhɔɽ-ɾɛ calaʔ-a.,hɔla-ɾɛ | iɲ | d̪aʔ | ɲu-kat̪ɛ | sɔhɔɽ-ɾɛ | calaʔ-a,yesterday-LOC | 1SG | water | drink-CVB | town-LOC | go-FIN,Synthetic sequential CVB clause with -kat̪ɛ.
synthetic_texts_glossed.eaf,224,476935,478732,[SYN.224] ভাইটি আনন্দের।,The brother is happy.,bɔ͡i̯ha d̪ɔ ɾɘskɘa.,bɔ͡i̯ha d̪ɔ ɾɘskɘ-a.,bɔ͡i̯ha | d̪ɔ | ɾɘskɘ-a,brother | TOP | happy-FIN,
synthetic_school_dialogue_glossed.eaf,225,478732,481351,[SYN.225] সকালে সে পানি পান করে হ্রদে যাবে।,"In the morning, he/she drink the water and then go to the lake.",sɛt̪aʔɾɛ uni d̪aʔ ɲukat̪ɛ ɟɔlaɾɛ calaʔa.,sɛt̪aʔ-ɾɛ uni d̪aʔ ɲu-kat̪ɛ ɟɔla-ɾɛ calaʔ-a.,sɛt̪aʔ-ɾɛ | uni | d̪aʔ | ɲu-kat̪ɛ | ɟɔla-ɾɛ | calaʔ-a,morning-LOC | 3SG.ANIM | water | drink-CVB | lake-LOC | go-FIN,
synthetic_bangla_glossed.eaf,226,481351,484237,[SYN.226] তারা শ্রমিক ও এক প্রজাতির মাছ দেখবে।,They will see the navvy and the species of fish.,oŋko d̪ɔ beldaɾ aɾ badʰoɽ ɲɛla.,oŋko d̪ɔ beldaɾ aɾ badʰoɽ ɲɛl-a.,oŋko | d̪ɔ | beldaɾ | aɾ | badʰoɽ | ɲɛl-a,3PL.ANIM | TOP | navvy | and | species.of.fish | see-FIN,
synthetic_bangla_glossed.eaf,227,484237,486417,[SYN.227] আমি ভাষা লিখব।,I will write the language.,iɲ d̪ɔ pɘɾsi ɔlɔʔa.,iɲ d̪ɔ pɘɾsi ɔlɔʔ-a.,iɲ | d̪ɔ | pɘɾsi | ɔlɔʔ-a,1SG | TOP | language | write-FIN,
synthetic_texts_glossed.eaf,228,486417,488180,[SYN.228] তাঁতের অংশটি গুরুত্বপূর্ণ।,The heddles of loom is important.,bade d̪ɔ ɟɘɾuɽa.,bade d̪ɔ ɟɘɾuɽ-a.,bade | d̪ɔ | ɟɘɾuɽ-a,heddles.of.loom | TOP | important-FIN,Synthetic TOP + adjectival-FIN clause following layout A/B labels.
synthetic_paradigm_glossed.eaf,229,488180,490246,[SYN.229] তোমাদের গুপ্তচর ছোট।,Your spy is small.,apɛaʔ baʈ paɽ d̪ɔ lɘʈua.,apɛ-aʔ baʈ paɽ d̪ɔ lɘʈu-a.,apɛ-aʔ | baʈ paɽ | d̪ɔ | lɘʈu-a,2PL-GEN | spy | TOP | small-FIN,
synthetic_new_glossed.eaf,230,490246,492337,[SYN.230] তোমরা টাকা পেয়েছ।,You all have gotten the money.,apɛ d̪ɔ ʈaka ɲamakada.,apɛ d̪ɔ ʈaka ɲam-akad-a.,apɛ | d̪ɔ | ʈaka | ɲam-akad-a,2PL | TOP | money | get-PRF-FIN,Synthetic PRF-FIN clause modeled on akad-a rows.
synthetic_school_dialogue_glossed.eaf,231,492337,495265,[SYN.231] সকালে তুমি মাছ খেয়ে বাড়িতে খেলবে।,"In the morning, you eat the fish and then play in the house.",sɛt̪aʔɾɛ am haku ɟɔmkat̪ɛ ɔɽaʔɾɛ gat̪ea.,sɛt̪aʔ-ɾɛ am haku ɟɔm-kat̪ɛ ɔɽaʔ-ɾɛ gat̪e-a.,sɛt̪aʔ-ɾɛ | am | haku | ɟɔm-kat̪ɛ | ɔɽaʔ-ɾɛ | gat̪e-a,morning-LOC | 2SG | fish | eat-CVB | house-LOC | play-FIN,
synthetic_texts_glossed.eaf,232,495265,497012,[SYN.232] শহরে একটি নদী আছে।,There is a river in the town.,sɔhɔɽɾɛ gaɖa menaa.,sɔhɔɽ-ɾɛ gaɖa mena-a.,sɔhɔɽ-ɾɛ | gaɖa | mena-a,town-LOC | river | exist-FIN,
synthetic_texts_glossed.eaf,233,497012,498571,[SYN.233] শহরে একটি রোগ আছে।,There is an illness in the town.,sɔhɔɽɾɛ ɾu̯͡ɘ menaa.,sɔhɔɽ-ɾɛ ɾu̯͡ɘ mena-a.,sɔhɔɽ-ɾɛ | ɾu̯͡ɘ | mena-a,town-LOC | illness | exist-FIN,
synthetic_bangla_glossed.eaf,234,498571,500569,[SYN.234] তারা ভাষা লিখবে।,They will write the language.,oŋko d̪ɔ pɘɾsi ɔlɔʔa.,oŋko d̪ɔ pɘɾsi ɔlɔʔ-a.,oŋko | d̪ɔ | pɘɾsi | ɔlɔʔ-a,3PL.ANIM | TOP | language | write-FIN,
synthetic_texts_glossed.eaf,235,500569,502092,[SYN.235] গানটি ভালো।,The song is good.,seɾeɲ d̪ɔ mɔ̃ɟa.,seɾeɲ d̪ɔ mɔ̃ɟ-a.,seɾeɲ | d̪ɔ | mɔ̃ɟ-a,song | TOP | good-FIN,
synthetic_texts_glossed.eaf,236,502092,503617,[SYN.236] ঢালটি ভালো।,The declivity is good.,anaɽgo d̪ɔ mɔ̃ɟa.,anaɽgo d̪ɔ mɔ̃ɟ-a.,anaɽgo | d̪ɔ | mɔ̃ɟ-a,declivity | TOP | good-FIN,
synthetic_school_dialogue_glossed.eaf,237,503617,506432,[SYN.237] আজ তোমরা অকাল জন্ম দেখে কুয়ায় কাজ করবে।,"Today, you all see the premature birth and then work in the well.",t̪eheɲɾɛ apɛ adpakolia ɲɛlkat̪ɛ kuɲɾɛ kɘmia.,t̪eheɲ-ɾɛ apɛ adpakolia ɲɛl-kat̪ɛ kuɲ-ɾɛ kɘmi-a.,t̪eheɲ-ɾɛ | apɛ | adpakolia | ɲɛl-kat̪ɛ | kuɲ-ɾɛ | kɘmi-a,today-LOC | 2PL | premature.birth | see-CVB | well-LOC | work-FIN,
synthetic_school_dialogue_glossed.eaf,238,506432,509256,[SYN.238] গতকাল তুমি পাঠ পড়ে শহরে কাজ করবে।,"Yesterday, you study the lesson and then work in the town.",hɔlaɾɛ am sikʰnɘt̪ paɽha͡o̯kat̪ɛ sɔhɔɽɾɛ kɘmia.,hɔla-ɾɛ am sikʰnɘt̪ paɽha͡o̯-kat̪ɛ sɔhɔɽ-ɾɛ kɘmi-a.,hɔla-ɾɛ | am | sikʰnɘt̪ | paɽha͡o̯-kat̪ɛ | sɔhɔɽ-ɾɛ | kɘmi-a,yesterday-LOC | 2SG | lesson | study-CVB | town-LOC | work-FIN,
synthetic_bangla_glossed.eaf,239,509256,511143,[SYN.239] সে ভাষা পড়বে।,He/she will study the language.,uni d̪ɔ pɘɾsi paɽha͡o̯a.,uni d̪ɔ pɘɾsi paɽha͡o̯-a.,uni | d̪ɔ | pɘɾsi | paɽha͡o̯-a,3SG.ANIM | TOP | language | study-FIN,
synthetic_see_paradigm.eaf,240,511143,513671,[SYN.240] তারা কথা লিখবে না।,They do not write the word.,oŋko d̪ɔ kat̪ʰa bako ɔlɔʔa.,oŋko d̪ɔ kat̪ʰa ba-ko ɔlɔʔ-a.,oŋko | d̪ɔ | kat̪ʰa | ba-ko | ɔlɔʔ-a,3PL.ANIM | TOP | word | NEG-3PL.ANIM | write-FIN,
synthetic_see_paradigm.eaf,241,513671,516049,[SYN.241] সে দুধ পান করবে না।,He/she does not drink the milk.,uni d̪ɔ t̪o̯͡a bai̯ ɲua.,uni d̪ɔ t̪o̯͡a ba-i̯ ɲu-a.,uni | d̪ɔ | t̪o̯͡a | ba-i̯ | ɲu-a,3SG.ANIM | TOP | milk | NEG-3SG.ANIM | drink-FIN,
synthetic_school_dialogue_glossed.eaf,242,516049,518896,[SYN.242] গতকাল আমরা কথা পড়ে গ্রামে আসব।,"Yesterday, we study the word and then come to the village.",hɔlaɾɛ alɛ kat̪ʰa paɽha͡o̯kat̪ɛ at̪oɾɛ hiɟuʔa.,hɔla-ɾɛ alɛ kat̪ʰa paɽha͡o̯-kat̪ɛ at̪o-ɾɛ hiɟuʔ-a.,hɔla-ɾɛ | alɛ | kat̪ʰa | paɽha͡o̯-kat̪ɛ | at̪o-ɾɛ | hiɟuʔ-a,yesterday-LOC | 1PL.EXCL | word | study-CVB | village-LOC | come-FIN,
synthetic_paradigm_glossed.eaf,243,518896,521101,[SYN.243] তোমার শিশু আনন্দের।,Your child is happy.,amaʔ gid̪ɾɘ d̪ɔ ɾɘskɘa.,am-aʔ gid̪ɾɘ d̪ɔ ɾɘskɘ-a.,am-aʔ | gid̪ɾɘ | d̪ɔ | ɾɘskɘ-a,2SG-GEN | child | TOP | happy-FIN,
synthetic_new_glossed.eaf,244,521101,523103,[SYN.244] সে খাবার খেয়েছে।,He/she has eaten the food.,uni d̪ɔ ɟɔmaʔ ɟɔmakada.,uni d̪ɔ ɟɔmaʔ ɟɔm-akad-a.,uni | d̪ɔ | ɟɔmaʔ | ɟɔm-akad-a,3SG.ANIM | TOP | food | eat-PRF-FIN,
synthetic_texts_glossed.eaf,245,523103,524836,[SYN.245] টাকাটি ভালো।,The money is good.,ʈaka d̪ɔ mɔ̃ɟa.,ʈaka d̪ɔ mɔ̃ɟ-a.,ʈaka | d̪ɔ | mɔ̃ɟ-a,money | TOP | good-FIN,
synthetic_new_glossed.eaf,246,524836,526719,[SYN.246] সে পাঠ পড়েছে।,He/she has studied the lesson.,uni d̪ɔ sikʰnɘt̪ paɽha͡o̯akada.,uni d̪ɔ sikʰnɘt̪ paɽha͡o̯-akad-a.,uni | d̪ɔ | sikʰnɘt̪ | paɽha͡o̯-akad-a,3SG.ANIM | TOP | lesson | study-PRF-FIN,
synthetic_see_paradigm.eaf,247,526719,528081,[SYN.247] সে পড়ছে।,He/she is studying.,unii̯ paɽha͡o̯ɛd̪a.,uni-i̯ paɽha͡o̯-ɛ-d̪a.,uni-i̯ | paɽha͡o̯-ɛ-d̪a,3SG.ANIM-3SG.ANIM | study-PROG-FIN,
synthetic_school_dialogue_glossed.eaf,248,528081,530885,[SYN.248] সেই সময় তোমরা ঘড়ি কিনে স্কুলে আসবে।,"At that time, you all buy the watch and then come to the school.",ɔkt̪ɛɾɛ apɛ gʰuɽi kiɾiɲkat̪ɛ iskulɾɛ hiɟuʔa.,ɔkt̪ɛ-ɾɛ apɛ gʰuɽi kiɾiɲ-kat̪ɛ iskul-ɾɛ hiɟuʔ-a.,ɔkt̪ɛ-ɾɛ | apɛ | gʰuɽi | kiɾiɲ-kat̪ɛ | iskul-ɾɛ | hiɟuʔ-a,time-LOC | 2PL | watch | buy-CVB | school-LOC | come-FIN,
synthetic_paradigm_glossed.eaf,249,530885,532615,[SYN.249] তারা পানি পান করেছিল।,They drank the water.,oŋkoko d̪aʔ ɲukeda.,oŋko-ko d̪aʔ ɲu-ked-a.,oŋko-ko | d̪aʔ | ɲu-ked-a,3PL.ANIM-3PL.ANIM | water | drink-PST-FIN,
synthetic_see_paradigm.eaf,250,532615,535118,[SYN.250] আমরা কথা বলব না।,We do not speak the word.,alɛ d̪ɔ kat̪ʰa balɛ ɾɔɽa.,alɛ d̪ɔ kat̪ʰa ba-lɛ ɾɔɽ-a.,alɛ | d̪ɔ | kat̪ʰa | ba-lɛ | ɾɔɽ-a,1PL.EXCL | TOP | word | NEG-1PL.EXCL | speak-FIN,
synthetic_dialogues_glossed.eaf,251,535118,538477,"[SYN.251] তুমি খাবার বিক্রি করবে, কিন্তু মাছ বিক্রি করবে না।","You will sell the food, but do not sell the fish.",am d̪ɔ ɟɔmaʔ ɘkʰɾiɲa mɛnkʰan haku bam ɘkʰɾiɲa.,am d̪ɔ ɟɔmaʔ ɘkʰɾiɲ-a mɛnkʰan haku ba-m ɘkʰɾiɲ-a.,am | d̪ɔ | ɟɔmaʔ | ɘkʰɾiɲ-a | mɛnkʰan | haku | ba-m | ɘkʰɾiɲ-a,2SG | TOP | food | sell-FIN | but | fish | NEG-2SG | sell-FIN,
synthetic_bangla_glossed.eaf,252,538477,540428,[SYN.252] তোমরা মাছ খাবে।,You all will eat the fish.,apɛ d̪ɔ haku ɟɔma.,apɛ d̪ɔ haku ɟɔm-a.,apɛ | d̪ɔ | haku | ɟɔm-a,2PL | TOP | fish | eat-FIN,
synthetic_school_dialogue_glossed.eaf,253,540428,543071,[SYN.253] আজ তোমরা বাবা দেখে বাড়িতে খেলবে।,"Today, you all see the father and then play in the house.",t̪eheɲɾɛ apɛ apa ɲɛlkat̪ɛ ɔɽaʔɾɛ gat̪ea.,t̪eheɲ-ɾɛ apɛ apa ɲɛl-kat̪ɛ ɔɽaʔ-ɾɛ gat̪e-a.,t̪eheɲ-ɾɛ | apɛ | apa | ɲɛl-kat̪ɛ | ɔɽaʔ-ɾɛ | gat̪e-a,today-LOC | 2PL | father | see-CVB | house-LOC | play-FIN,
synthetic_paradigm_glossed.eaf,254,543071,544643,[SYN.254] আমি বিড়াল দেখেছিলাম।,I saw the cat.,iɲiɲ pusi ɲɛlkeda.,iɲ-iɲ pusi ɲɛl-ked-a.,iɲ-iɲ | pusi | ɲɛl-ked-a,1SG-1SG | cat | see-PST-FIN,
synthetic_texts_glossed.eaf,255,544643,546353,[SYN.255] গ্রামে একটি জীবন আছে।,There is a life in the village.,at̪oɾɛ ɟiŋgi menaa.,at̪o-ɾɛ ɟiŋgi mena-a.,at̪o-ɾɛ | ɟiŋgi | mena-a,village-LOC | life | exist-FIN,
synthetic_texts_glossed.eaf,256,546353,548174,[SYN.256] নদীতে একটি শুকর আছে।,There is a pig in the river.,gaɖaɾɛ suk̚ɾi menaa.,gaɖa-ɾɛ suk̚ɾi mena-a.,gaɖa-ɾɛ | suk̚ɾi | mena-a,river-LOC | pig | exist-FIN,
synthetic_new_glossed_3.eaf,257,548174,550742,[SYN.257] একটি বাসিন্দা কুয়ায় আছে।,One inhabitant is in the well.,mit̪ʔʈɛn baskitiə̯ d̪ɔ kuɲɾɛ menaa.,mit̪ʔ-ʈɛn baskitiə̯ d̪ɔ kuɲ-ɾɛ mena-a.,mit̪ʔ-ʈɛn | baskitiə̯ | d̪ɔ | kuɲ-ɾɛ | mena-a,one-CLF.HUM | inhabitant | TOP | well-LOC | exist-FIN,
synthetic_paradigm_glossed.eaf,258,550742,552529,[SYN.258] সে রান্না খেয়েছিল।,He/she ate the cooked food.,unii̯ basaŋ ɟɔmkeda.,uni-i̯ basaŋ ɟɔm-ked-a.,uni-i̯ | basaŋ | ɟɔm-ked-a,3SG.ANIM-3SG.ANIM | cooked.food | eat-PST-FIN,
synthetic_see_paradigm.eaf,259,552529,553741,[SYN.259] তোমরা কাজ করছ।,You all are working.,apɛpɛ kɘmiɛd̪a.,apɛ-pɛ kɘmi-ɛ-d̪a.,apɛ-pɛ | kɘmi-ɛ-d̪a,2PL-2PL | work-PROG-FIN,Synthetic PROG-FIN agreement pattern based on see-paradigm rows.
synthetic_bangla_glossed.eaf,260,553741,555820,[SYN.260] সে রান্না খাবে।,He/she will eat the cooked food.,uni d̪ɔ basaŋ ɟɔma.,uni d̪ɔ basaŋ ɟɔm-a.,uni | d̪ɔ | basaŋ | ɟɔm-a,3SG.ANIM | TOP | cooked.food | eat-FIN,Synthetic transitive finite clause with TOP and FIN labels.
synthetic_paradigm_glossed.eaf,261,555820,557352,[SYN.261] তোমরা কথা পড়েছিলে।,You all studied the word.,apɛpɛ kat̪ʰa paɽha͡o̯keda.,apɛ-pɛ kat̪ʰa paɽha͡o̯-ked-a.,apɛ-pɛ | kat̪ʰa | paɽha͡o̯-ked-a,2PL-2PL | word | study-PST-FIN,
synthetic_texts_glossed.eaf,262,557352,558869,[SYN.262] নিকটবর্তী এলাকাে একটি আতশবাজি আছে।,There is a fireworks in the vicinity.,aɖe ʈolaɾɛ bʰui̯t͡ʃampa menaa.,aɖe ʈola-ɾɛ bʰui̯t͡ʃampa mena-a.,aɖe ʈola-ɾɛ | bʰui̯t͡ʃampa | mena-a,vicinity-LOC | fireworks | exist-FIN,
synthetic_dialogues_glossed.eaf,263,558869,562402,"[SYN.263] তুমি রান্না খাবে, কিন্তু মাছ খাবে না।","You will eat the cooked food, but do not eat the fish.",am d̪ɔ basaŋ ɟɔma mɛnkʰan haku bam ɟɔma.,am d̪ɔ basaŋ ɟɔm-a mɛnkʰan haku ba-m ɟɔm-a.,am | d̪ɔ | basaŋ | ɟɔm-a | mɛnkʰan | haku | ba-m | ɟɔm-a,2SG | TOP | cooked.food | eat-FIN | but | fish | NEG-2SG | eat-FIN,
synthetic_texts_glossed.eaf,264,562402,563912,[SYN.264] ভাইটি ছোট।,The brother is small.,baɾet d̪ɔ lɘʈua.,baɾet d̪ɔ lɘʈu-a.,baɾet | d̪ɔ | lɘʈu-a,brother | TOP | small-FIN,Synthetic TOP + adjectival-FIN clause following layout A/B labels.
synthetic_bangla_glossed.eaf,265,563912,565850,[SYN.265] আমি ছবি পাব।,I will get the photo.,iɲ d̪ɔ pʰɔʈɔ ɲama.,iɲ d̪ɔ pʰɔʈɔ ɲam-a.,iɲ | d̪ɔ | pʰɔʈɔ | ɲam-a,1SG | TOP | photo | get-FIN,
synthetic_school_dialogue_glossed.eaf,266,565850,568723,[SYN.266] গতকাল তোমরা ঘড়ি কিনে স্কুলে খেলবে।,"Yesterday, you all buy the watch and then play in the school.",hɔlaɾɛ apɛ gʰuɽi kiɾiɲkat̪ɛ iskulɾɛ gat̪ea.,hɔla-ɾɛ apɛ gʰuɽi kiɾiɲ-kat̪ɛ iskul-ɾɛ gat̪e-a.,hɔla-ɾɛ | apɛ | gʰuɽi | kiɾiɲ-kat̪ɛ | iskul-ɾɛ | gat̪e-a,yesterday-LOC | 2PL | watch | buy-CVB | school-LOC | play-FIN,
synthetic_see_paradigm.eaf,267,568723,571154,[SYN.267] আমরা অবিশ্বাসী দেখব না।,We do not see the heathen.,alɛ d̪ɔ bedin balɛ ɲɛla.,alɛ d̪ɔ bedin ba-lɛ ɲɛl-a.,alɛ | d̪ɔ | bedin | ba-lɛ | ɲɛl-a,1PL.EXCL | TOP | heathen | NEG-1PL.EXCL | see-FIN,
synthetic_bangla_glossed.eaf,268,571154,573194,[SYN.268] তোমরা ভাষা পড়বে।,You all will study the language.,apɛ d̪ɔ pɘɾsi paɽha͡o̯a.,apɛ d̪ɔ pɘɾsi paɽha͡o̯-a.,apɛ | d̪ɔ | pɘɾsi | paɽha͡o̯-a,2PL | TOP | language | study-FIN,
synthetic_bangla_glossed.eaf,269,573194,575275,[SYN.269] সে মাছ বিক্রি করবে।,He/she will sell the fish.,uni d̪ɔ haku ɘkʰɾiɲa.,uni d̪ɔ haku ɘkʰɾiɲ-a.,uni | d̪ɔ | haku | ɘkʰɾiɲ-a,3SG.ANIM | TOP | fish | sell-FIN,Synthetic transitive finite clause with TOP and FIN labels.
synthetic_see_paradigm.eaf,270,575275,577665,[SYN.270] তারা কথা বলবে না।,They do not speak the word.,oŋko d̪ɔ kat̪ʰa bako ɾɔɽa.,oŋko d̪ɔ kat̪ʰa ba-ko ɾɔɽ-a.,oŋko | d̪ɔ | kat̪ʰa | ba-ko | ɾɔɽ-a,3PL.ANIM | TOP | word | NEG-3PL.ANIM | speak-FIN,Synthetic NEG-pronominal marker pattern from the see paradigm.
synthetic_new_glossed.eaf,271,577665,579755,[SYN.271] তারা দুধ পান করেছে।,They have drunk the milk.,oŋko d̪ɔ t̪o̯͡a ɲuakada.,oŋko d̪ɔ t̪o̯͡a ɲu-akad-a.,oŋko | d̪ɔ | t̪o̯͡a | ɲu-akad-a,3PL.ANIM | TOP | milk | drink-PRF-FIN,Synthetic PRF-FIN clause modeled on akad-a rows.
synthetic_see_paradigm.eaf,272,579755,582070,[SYN.272] আমি ভাষা বলব না।,I do not speak the language.,iɲ d̪ɔ pɘɾsi bɘɲ ɾɔɽa.,iɲ d̪ɔ pɘɾsi bɘ-ɲ ɾɔɽ-a.,iɲ | d̪ɔ | pɘɾsi | bɘ-ɲ | ɾɔɽ-a,1SG | TOP | language | NEG-1SG | speak-FIN,
synthetic_texts_glossed.eaf,273,582070,583658,[SYN.273] বাসস্থানে একটি অজ্ঞতা আছে।,There is an ignorance in the dwelling place.,basɾɛ bʰut͡ʃ menaa.,bas-ɾɛ bʰut͡ʃ mena-a.,bas-ɾɛ | bʰut͡ʃ | mena-a,dwelling.place-LOC | ignorance | exist-FIN,
synthetic_school_dialogue_glossed.eaf,274,583658,586276,[SYN.274] গতকাল সে কথা লিখে নদীতে কাজ করবে।,"Yesterday, he/she write the word and then work in the river.",hɔlaɾɛ uni kat̪ʰa ɔlɔʔkat̪ɛ gaɖaɾɛ kɘmia.,hɔla-ɾɛ uni kat̪ʰa ɔlɔʔ-kat̪ɛ gaɖa-ɾɛ kɘmi-a.,hɔla-ɾɛ | uni | kat̪ʰa | ɔlɔʔ-kat̪ɛ | gaɖa-ɾɛ | kɘmi-a,yesterday-LOC | 3SG.ANIM | word | write-CVB | river-LOC | work-FIN,
synthetic_see_paradigm.eaf,275,586276,587652,[SYN.275] তারা খাচ্ছে।,They are eating.,oŋkoko ɟɔmɛd̪a.,oŋko-ko ɟɔm-ɛ-d̪a.,oŋko-ko | ɟɔm-ɛ-d̪a,3PL.ANIM-3PL.ANIM | eat-PROG-FIN,
synthetic_dialogues_glossed.eaf,276,587652,588833,[SYN.276] তুমি কেমন আছে?,How is you?,cɛt̪ʔlɛka menɛma.,cɛt̪ʔ-lɛka men-ɛm-a.,cɛt̪ʔ-lɛka | men-ɛm-a,how-like | be.NFIN-2SG-FIN,
synthetic_school_dialogue_glossed.eaf,277,588833,591600,[SYN.277] সকালে তুমি গুজব রটনাকারী দেখে নদীতে কাজ করবে।,"In the morning, you see the gossiping and then work in the river.",sɛt̪aʔɾɛ am bəd͡ʒniə̯ ɲɛlkat̪ɛ gaɖaɾɛ kɘmia.,sɛt̪aʔ-ɾɛ am bəd͡ʒniə̯ ɲɛl-kat̪ɛ gaɖa-ɾɛ kɘmi-a.,sɛt̪aʔ-ɾɛ | am | bəd͡ʒniə̯ | ɲɛl-kat̪ɛ | gaɖa-ɾɛ | kɘmi-a,morning-LOC | 2SG | gossiping | see-CVB | river-LOC | work-FIN,Synthetic sequential CVB clause with -kat̪ɛ.
synthetic_new_glossed.eaf,278,591600,593783,[SYN.278] সে ঘড়ি বিক্রি করেছে।,He/she has sold the watch.,uni d̪ɔ gʰuɽi ɘkʰɾiɲakada.,uni d̪ɔ gʰuɽi ɘkʰɾiɲ-akad-a.,uni | d̪ɔ | gʰuɽi | ɘkʰɾiɲ-akad-a,3SG.ANIM | TOP | watch | sell-PRF-FIN,
synthetic_see_paradigm.eaf,279,593783,596184,[SYN.279] তোমরা বিনিময় দেখবে না।,You all do not see the exchange.,apɛ d̪ɔ badla bapɛ ɲɛla.,apɛ d̪ɔ badla ba-pɛ ɲɛl-a.,apɛ | d̪ɔ | badla | ba-pɛ | ɲɛl-a,2PL | TOP | exchange | NEG-2PL | see-FIN,
synthetic_paradigm_glossed.eaf,280,596184,598018,[SYN.280] আমরা ঔষধ কিনেছিলাম।,We bought the medicine.,alɛlɛ ɾan kiɾiɲkeda.,alɛ-lɛ ɾan kiɾiɲ-ked-a.,alɛ-lɛ | ɾan | kiɾiɲ-ked-a,1PL.EXCL-1PL.EXCL | medicine | buy-PST-FIN,
synthetic_texts_glossed.eaf,281,598018,599702,[SYN.281] বাড়িটি নতুন।,The house is new.,ɔɽaʔ d̪ɔ nɔwaa.,ɔɽaʔ d̪ɔ nɔwa-a.,ɔɽaʔ | d̪ɔ | nɔwa-a,house | TOP | new-FIN,
synthetic_new_glossed.eaf,282,599702,601892,[SYN.282] আমরা ছবি পেয়েছি।,We have gotten the photo.,alɛ d̪ɔ pʰɔʈɔ ɲamakada.,alɛ d̪ɔ pʰɔʈɔ ɲam-akad-a.,alɛ | d̪ɔ | pʰɔʈɔ | ɲam-akad-a,1PL.EXCL | TOP | photo | get-PRF-FIN,
synthetic_bangla_glossed.eaf,283,601892,604048,[SYN.283] তারা মা সাহায্য করবে।,They will help the mother.,oŋko d̪ɔ gɔgɔ gɔɽɔa.,oŋko d̪ɔ gɔgɔ gɔɽɔ-a.,oŋko | d̪ɔ | gɔgɔ | gɔɽɔ-a,3PL.ANIM | TOP | mother | help-FIN,
synthetic_bangla_glossed.eaf,284,604048,606910,[SYN.284] আমরা ঔষধ ও মাছ কিনব।,We will buy the medicine and the fish.,alɛ d̪ɔ ɾan aɾ haku kiɾiɲa.,alɛ d̪ɔ ɾan aɾ haku kiɾiɲ-a.,alɛ | d̪ɔ | ɾan | aɾ | haku | kiɾiɲ-a,1PL.EXCL | TOP | medicine | and | fish | buy-FIN,
synthetic_paradigm_glossed.eaf,285,606910,608535,[SYN.285] তারা ভাষা লিখেছিল।,They wrote the language.,oŋkoko pɘɾsi ɔlɔʔkeda.,oŋko-ko pɘɾsi ɔlɔʔ-ked-a.,oŋko-ko | pɘɾsi | ɔlɔʔ-ked-a,3PL.ANIM-3PL.ANIM | language | write-PST-FIN,
synthetic_new_glossed_3.eaf,286,608535,610926,[SYN.286] একটি শিশু বাড়িতে আছে।,One baby is in the house.,mit̪ʔʈɛn bale d̪ɔ ɔɽaʔɾɛ menaa.,mit̪ʔ-ʈɛn bale d̪ɔ ɔɽaʔ-ɾɛ mena-a.,mit̪ʔ-ʈɛn | bale | d̪ɔ | ɔɽaʔ-ɾɛ | mena-a,one-CLF.HUM | baby | TOP | house-LOC | exist-FIN,
synthetic_bangla_glossed.eaf,287,610926,612849,[SYN.287] আমরা খাবার খাব।,We will eat the food.,alɛ d̪ɔ ɟɔmaʔ ɟɔma.,alɛ d̪ɔ ɟɔmaʔ ɟɔm-a.,alɛ | d̪ɔ | ɟɔmaʔ | ɟɔm-a,1PL.EXCL | TOP | food | eat-FIN,
synthetic_dialogues_glossed.eaf,288,612849,614760,[SYN.288] আমরা এখন কী করবে?,What will we do now?,nit̪ʔ cɛʔlɛ ceka ja.,nit̪ʔ cɛ-ʔ-lɛ cek-a ja.,nit̪ʔ | cɛ-ʔ-lɛ | cek-a | ja,now | what-NFIN-1PL.EXCL.SUBJ | do-FIN | Q,
synthetic_dialogues_glossed.eaf,289,614760,618156,"[SYN.289] আমরা দুধ পান করব, কিন্তু পানি পান করব না।","We will drink the milk, but do not drink the water.",alɛ d̪ɔ t̪o̯͡a ɲua mɛnkʰan d̪aʔ balɛ ɲua.,alɛ d̪ɔ t̪o̯͡a ɲu-a mɛnkʰan d̪aʔ ba-lɛ ɲu-a.,alɛ | d̪ɔ | t̪o̯͡a | ɲu-a | mɛnkʰan | d̪aʔ | ba-lɛ | ɲu-a,1PL.EXCL | TOP | milk | drink-FIN | but | water | NEG-1PL.EXCL | drink-FIN,
synthetic_see_paradigm.eaf,290,618156,619326,[SYN.290] তুমি খেলছ।,You is playing.,amɛm gat̪eɛd̪a.,am-ɛm gat̪e-ɛ-d̪a.,am-ɛm | gat̪e-ɛ-d̪a,2SG-2SG | play-PROG-FIN,
synthetic_school_dialogue_glossed.eaf,291,619326,622128,[SYN.291] আজ আমি চারা রোপণ দেখে শহরে যাব।,"Today, I see the transplantation and then go to the town.",t̪eheɲɾɛ iɲ apʰɔɾ ɲɛlkat̪ɛ sɔhɔɽɾɛ calaʔa.,t̪eheɲ-ɾɛ iɲ apʰɔɾ ɲɛl-kat̪ɛ sɔhɔɽ-ɾɛ calaʔ-a.,t̪eheɲ-ɾɛ | iɲ | apʰɔɾ | ɲɛl-kat̪ɛ | sɔhɔɽ-ɾɛ | calaʔ-a,today-LOC | 1SG | transplantation | see-CVB | town-LOC | go-FIN,Synthetic sequential CVB clause with -kat̪ɛ.
synthetic_see_paradigm.eaf,292,622128,624479,[SYN.292] তারা মোবাইল ফোন কিনবে না।,They do not buy the mobile phone.,oŋko d̪ɔ mɔbaĭl pʰon bako kiɾiɲa.,oŋko d̪ɔ mɔbaĭl pʰon ba-ko kiɾiɲ-a.,oŋko | d̪ɔ | mɔbaĭl pʰon | ba-ko | kiɾiɲ-a,3PL.ANIM | TOP | mobile.phone | NEG-3PL.ANIM | buy-FIN,
synthetic_see_paradigm.eaf,293,624479,626985,[SYN.293] আমি ঘড়ি কিনব না।,I do not buy the watch.,iɲ d̪ɔ gʰuɽi bɘɲ kiɾiɲa.,iɲ d̪ɔ gʰuɽi bɘ-ɲ kiɾiɲ-a.,iɲ | d̪ɔ | gʰuɽi | bɘ-ɲ | kiɾiɲ-a,1SG | TOP | watch | NEG-1SG | buy-FIN,
synthetic_bangla_glossed.eaf,294,626985,629788,[SYN.294] আমি খাবার ও রান্না খাব।,I will eat the food and the cooked food.,iɲ d̪ɔ ɟɔmaʔ aɾ basaŋ ɟɔma.,iɲ d̪ɔ ɟɔmaʔ aɾ basaŋ ɟɔm-a.,iɲ | d̪ɔ | ɟɔmaʔ | aɾ | basaŋ | ɟɔm-a,1SG | TOP | food | and | cooked.food | eat-FIN,Synthetic coordination with aɾ 'and'.
synthetic_texts_glossed.eaf,295,629788,631540,[SYN.295] পিঁপড়াটি আনন্দের।,The ant is happy.,muc̚ʔ d̪ɔ ɾɘskɘa.,muc̚ʔ d̪ɔ ɾɘskɘ-a.,muc̚ʔ | d̪ɔ | ɾɘskɘ-a,ant | TOP | happy-FIN,
synthetic_texts_glossed.eaf,296,631540,633257,[SYN.296] লাভটি নতুন।,The profit is new.,baɾpʰəi̯ d̪ɔ nɔwaa.,baɾpʰəi̯ d̪ɔ nɔwa-a.,baɾpʰəi̯ | d̪ɔ | nɔwa-a,profit | TOP | new-FIN,
synthetic_bangla_glossed.eaf,297,633257,635916,[SYN.297] আমরা খাবার ও মধু খাব।,We will eat the food and the honey.,alɛ d̪ɔ ɟɔmaʔ aɾ ɲɛlɛɾasa ɟɔma.,alɛ d̪ɔ ɟɔmaʔ aɾ ɲɛlɛɾasa ɟɔm-a.,alɛ | d̪ɔ | ɟɔmaʔ | aɾ | ɲɛlɛɾasa | ɟɔm-a,1PL.EXCL | TOP | food | and | honey | eat-FIN,
synthetic_bangla_glossed.eaf,298,635916,638019,[SYN.298] আমরা ডাক্তার সাহায্য করব।,We will help the doctor.,alɛ d̪ɔ ɖak̚t̪aɾ gɔɽɔa.,alɛ d̪ɔ ɖak̚t̪aɾ gɔɽɔ-a.,alɛ | d̪ɔ | ɖak̚t̪aɾ | gɔɽɔ-a,1PL.EXCL | TOP | doctor | help-FIN,Synthetic transitive finite clause with TOP and FIN labels.
synthetic_imperatives_glossed.eaf,299,638019,640103,[SYN.299] দয়া করে নদীতে অপেক্ষা করো।,Please wait in the river.,d̪a.ja kat̪ɛ gaɖaɾɛ t̪ɘŋgimɛ.,d̪a.ja kat̪ɛ gaɖa-ɾɛ t̪ɘŋgi-mɛ.,d̪a.ja | kat̪ɛ | gaɖa-ɾɛ | t̪ɘŋgi-mɛ,please | Manner | river-LOC | wait-IMP.2SG.POL,
synthetic_texts_glossed.eaf,300,640103,641923,[SYN.300] গানটি গুরুত্বপূর্ণ।,The song is important.,seɾeɲ d̪ɔ ɟɘɾuɽa.,seɾeɲ d̪ɔ ɟɘɾuɽ-a.,seɾeɲ | d̪ɔ | ɟɘɾuɽ-a,song | TOP | important-FIN,
synthetic_paradigm_glossed.eaf,301,641923,643647,[SYN.301] সে অভিশাপ দেখেছিল।,He/she saw the curse.,unii̯ əsis ɲɛlkeda.,uni-i̯ əsis ɲɛl-ked-a.,uni-i̯ | əsis | ɲɛl-ked-a,3SG.ANIM-3SG.ANIM | curse | see-PST-FIN,
synthetic_see_paradigm.eaf,302,643647,646100,[SYN.302] আমি খাবার খাব না।,I do not eat the food.,iɲ d̪ɔ ɟɔmaʔ bɘɲ ɟɔma.,iɲ d̪ɔ ɟɔmaʔ bɘ-ɲ ɟɔm-a.,iɲ | d̪ɔ | ɟɔmaʔ | bɘ-ɲ | ɟɔm-a,1SG | TOP | food | NEG-1SG | eat-FIN,
synthetic_school_dialogue_glossed.eaf,303,646100,648930,[SYN.303] আজ সে ভাষা লিখে নদীতে যাবে।,"Today, he/she write the language and then go to the river.",t̪eheɲɾɛ uni pɘɾsi ɔlɔʔkat̪ɛ gaɖaɾɛ calaʔa.,t̪eheɲ-ɾɛ uni pɘɾsi ɔlɔʔ-kat̪ɛ gaɖa-ɾɛ calaʔ-a.,t̪eheɲ-ɾɛ | uni | pɘɾsi | ɔlɔʔ-kat̪ɛ | gaɖa-ɾɛ | calaʔ-a,today-LOC | 3SG.ANIM | language | write-CVB | river-LOC | go-FIN,
synthetic_paradigm_glossed.eaf,304,648930,650861,[SYN.304] তোমার কষ্ট গুরুত্বপূর্ণ।,Your distress is important.,amaʔ alad͡ʒʰala d̪ɔ ɟɘɾuɽa.,am-aʔ alad͡ʒʰala d̪ɔ ɟɘɾuɽ-a.,am-aʔ | alad͡ʒʰala | d̪ɔ | ɟɘɾuɽ-a,2SG-GEN | distress | TOP | important-FIN,Synthetic GEN + TOP clause using pronoun markers from ground truth.
synthetic_paradigm_glossed.eaf,305,650861,652414,[SYN.305] তুমি ভাষা বলেছিলে।,You spoke the language.,amɛm pɘɾsi ɾɔɽkeda.,am-ɛm pɘɾsi ɾɔɽ-ked-a.,am-ɛm | pɘɾsi | ɾɔɽ-ked-a,2SG-2SG | language | speak-PST-FIN,
synthetic_paradigm_glossed.eaf,306,652414,654109,[SYN.306] আমরা মধু খেয়েছিলাম।,We ate the honey.,alɛlɛ ɲɛlɛɾasa ɟɔmkeda.,alɛ-lɛ ɲɛlɛɾasa ɟɔm-ked-a.,alɛ-lɛ | ɲɛlɛɾasa | ɟɔm-ked-a,1PL.EXCL-1PL.EXCL | honey | eat-PST-FIN,
synthetic_see_paradigm.eaf,307,654109,656442,[SYN.307] আমরা মাছ বিক্রি করব না।,We do not sell the fish.,alɛ d̪ɔ haku balɛ ɘkʰɾiɲa.,alɛ d̪ɔ haku ba-lɛ ɘkʰɾiɲ-a.,alɛ | d̪ɔ | haku | ba-lɛ | ɘkʰɾiɲ-a,1PL.EXCL | TOP | fish | NEG-1PL.EXCL | sell-FIN,
synthetic_see_paradigm.eaf,308,656442,658813,[SYN.308] আমি দুধ পান করব না।,I do not drink the milk.,iɲ d̪ɔ t̪o̯͡a bɘɲ ɲua.,iɲ d̪ɔ t̪o̯͡a bɘ-ɲ ɲu-a.,iɲ | d̪ɔ | t̪o̯͡a | bɘ-ɲ | ɲu-a,1SG | TOP | milk | NEG-1SG | drink-FIN,Synthetic NEG-pronominal marker pattern from the see paradigm.
synthetic_texts_glossed.eaf,309,658813,660620,[SYN.309] বাসস্থানে একটি স্কুল আছে।,There is a school in the residence.,basaɾɛ iskul menaa.,basa-ɾɛ iskul mena-a.,basa-ɾɛ | iskul | mena-a,residence-LOC | school | exist-FIN,
synthetic_bangla_glossed.eaf,310,660620,663539,[SYN.310] তোমরা খাবার ও মাছ খাবে।,You all will eat the food and the fish.,apɛ d̪ɔ ɟɔmaʔ aɾ haku ɟɔma.,apɛ d̪ɔ ɟɔmaʔ aɾ haku ɟɔm-a.,apɛ | d̪ɔ | ɟɔmaʔ | aɾ | haku | ɟɔm-a,2PL | TOP | food | and | fish | eat-FIN,
synthetic_texts_glossed.eaf,311,663539,665164,[SYN.311] বাসস্থানে একটি কষ্ট আছে।,There is a distress in the dwelling place.,basɾɛ alad͡ʒʰala menaa.,bas-ɾɛ alad͡ʒʰala mena-a.,bas-ɾɛ | alad͡ʒʰala | mena-a,dwelling.place-LOC | distress | exist-FIN,Synthetic LOC + exist-FIN clause matching mena-a patterns.
synthetic_school_dialogue_glossed.eaf,312,665164,667815,[SYN.312] গতকাল তোমরা দুধ পান করে নদীতে কাজ করবে।,"Yesterday, you all drink the milk and then work in the river.",hɔlaɾɛ apɛ t̪o̯͡a ɲukat̪ɛ gaɖaɾɛ kɘmia.,hɔla-ɾɛ apɛ t̪o̯͡a ɲu-kat̪ɛ gaɖa-ɾɛ kɘmi-a.,hɔla-ɾɛ | apɛ | t̪o̯͡a | ɲu-kat̪ɛ | gaɖa-ɾɛ | kɘmi-a,yesterday-LOC | 2PL | milk | drink-CVB | river-LOC | work-FIN,
synthetic_new_glossed.eaf,313,667815,669945,[SYN.313] তারা কথা বলেছে।,They have spoken the word.,oŋko d̪ɔ kat̪ʰa ɾɔɽakada.,oŋko d̪ɔ kat̪ʰa ɾɔɽ-akad-a.,oŋko | d̪ɔ | kat̪ʰa | ɾɔɽ-akad-a,3PL.ANIM | TOP | word | speak-PRF-FIN,
synthetic_texts_glossed.eaf,314,669945,671588,[SYN.314] লজ্জাটি নতুন।,The shame is new.,bʰɔɾɔm d̪ɔ nɔwaa.,bʰɔɾɔm d̪ɔ nɔwa-a.,bʰɔɾɔm | d̪ɔ | nɔwa-a,shame | TOP | new-FIN,
synthetic_bangla_glossed.eaf,315,671588,674287,[SYN.315] আমরা রান্না ও খাবার খাব।,We will eat the cooked food and the food.,alɛ d̪ɔ basaŋ aɾ ɟɔmaʔ ɟɔma.,alɛ d̪ɔ basaŋ aɾ ɟɔmaʔ ɟɔm-a.,alɛ | d̪ɔ | basaŋ | aɾ | ɟɔmaʔ | ɟɔm-a,1PL.EXCL | TOP | cooked.food | and | food | eat-FIN,
synthetic_texts_glossed.eaf,316,674287,676005,[SYN.316] গুহাে একটি টাকা আছে।,There is a money in the cave.,bʰugək̕ɾɛ ʈaka menaa.,bʰugək̕-ɾɛ ʈaka mena-a.,bʰugək̕-ɾɛ | ʈaka | mena-a,cave-LOC | money | exist-FIN,Synthetic LOC + exist-FIN clause matching mena-a patterns.
synthetic_new_glossed.eaf,317,676005,678170,[SYN.317] আমি বাঁধ দেখেছি।,I have seen the embankment.,iɲ d̪ɔ band ɲɛlakada.,iɲ d̪ɔ band ɲɛl-akad-a.,iɲ | d̪ɔ | band | ɲɛl-akad-a,1SG | TOP | embankment | see-PRF-FIN,
synthetic_school_dialogue_glossed.eaf,318,678170,680849,[SYN.318] সেই সময় আমি ঘড়ি কিনে স্কুলে কাজ করব।,"At that time, I buy the watch and then work in the school.",ɔkt̪ɛɾɛ iɲ gʰuɽi kiɾiɲkat̪ɛ iskulɾɛ kɘmia.,ɔkt̪ɛ-ɾɛ iɲ gʰuɽi kiɾiɲ-kat̪ɛ iskul-ɾɛ kɘmi-a.,ɔkt̪ɛ-ɾɛ | iɲ | gʰuɽi | kiɾiɲ-kat̪ɛ | iskul-ɾɛ | kɘmi-a,time-LOC | 1SG | watch | buy-CVB | school-LOC | work-FIN,Synthetic sequential CVB clause with -kat̪ɛ.
synthetic_texts_glossed.eaf,319,680849,682677,[SYN.319] ভাইটি ভালো।,The brother is good.,bɔ͡i̯ha d̪ɔ mɔ̃ɟa.,bɔ͡i̯ha d̪ɔ mɔ̃ɟ-a.,bɔ͡i̯ha | d̪ɔ | mɔ̃ɟ-a,brother | TOP | good-FIN,
synthetic_paradigm_glossed.eaf,320,682677,684600,[SYN.320] তোমার বাবা আনন্দের।,Your father is happy.,amaʔ baba d̪ɔ ɾɘskɘa.,am-aʔ baba d̪ɔ ɾɘskɘ-a.,am-aʔ | baba | d̪ɔ | ɾɘskɘ-a,2SG-GEN | father | TOP | happy-FIN,
synthetic_see_paradigm.eaf,321,684600,687024,[SYN.321] আমরা ভাষা বলব না।,We do not speak the language.,alɛ d̪ɔ pɘɾsi balɛ ɾɔɽa.,alɛ d̪ɔ pɘɾsi ba-lɛ ɾɔɽ-a.,alɛ | d̪ɔ | pɘɾsi | ba-lɛ | ɾɔɽ-a,1PL.EXCL | TOP | language | NEG-1PL.EXCL | speak-FIN,
synthetic_texts_glossed.eaf,322,687024,688849,[SYN.322] বিস্তীর্ণ ভূমিে একটি পশুপাখির ডাক আছে।,There is a cry of beasts & c in the wide expanse of land.,bilənɾɛ aɳɖɾac̕ ɔɳɖɾɔc̕ menaa.,bilən-ɾɛ aɳɖɾac̕ ɔɳɖɾɔc̕ mena-a.,bilən-ɾɛ | aɳɖɾac̕ ɔɳɖɾɔc̕ | mena-a,wide.expanse.of-LOC | cry.of.beasts | exist-FIN,Synthetic LOC + exist-FIN clause matching mena-a patterns.
synthetic_paradigm_glossed.eaf,323,688849,690765,[SYN.323] তোমার খাবার পরিষ্কার।,Your food is clean.,amaʔ ɟɔmaʔ d̪ɔ sapʰaa.,am-aʔ ɟɔmaʔ d̪ɔ sapʰa-a.,am-aʔ | ɟɔmaʔ | d̪ɔ | sapʰa-a,2SG-GEN | food | TOP | clean-FIN,
synthetic_dialogues_glossed.eaf,324,690765,692954,[SYN.324] সে এখন কী করবে?,What will he/she do now?,nit̪ʔ cɛʔi̯ ceka ja.,nit̪ʔ cɛ-ʔ-i̯ cek-a ja.,nit̪ʔ | cɛ-ʔ-i̯ | cek-a | ja,now | what-NFIN-3SG.ANIM.SUBJ | do-FIN | Q,
synthetic_school_dialogue_glossed.eaf,325,692954,695680,[SYN.325] সেই সময় তুমি ডিমের কুসুম দেখে নদীতে যাবে।,"At that time, you see the yolk of egg and then go to the river.",ɔkt̪ɛɾɛ am bele botke ɲɛlkat̪ɛ gaɖaɾɛ calaʔa.,ɔkt̪ɛ-ɾɛ am bele botke ɲɛl-kat̪ɛ gaɖa-ɾɛ calaʔ-a.,ɔkt̪ɛ-ɾɛ | am | bele botke | ɲɛl-kat̪ɛ | gaɖa-ɾɛ | calaʔ-a,time-LOC | 2SG | yolk.of.egg | see-CVB | river-LOC | go-FIN,Synthetic sequential CVB clause with -kat̪ɛ.
synthetic_texts_glossed.eaf,326,695680,697284,[SYN.326] শহরে একটি প্রাচুর্য আছে।,There is an abundance in the town.,sɔhɔɽɾɛ at͡ʃel pat͡ʃel menaa.,sɔhɔɽ-ɾɛ at͡ʃel pat͡ʃel mena-a.,sɔhɔɽ-ɾɛ | at͡ʃel pat͡ʃel | mena-a,town-LOC | abundance | exist-FIN,Synthetic LOC + exist-FIN clause matching mena-a patterns.
synthetic_new_glossed.eaf,327,697284,699386,[SYN.327] তুমি ডাক্তার সাহায্য করেছ।,You have helped the doctor.,am d̪ɔ ɖak̚t̪aɾ gɔɽɔakada.,am d̪ɔ ɖak̚t̪aɾ gɔɽɔ-akad-a.,am | d̪ɔ | ɖak̚t̪aɾ | gɔɽɔ-akad-a,2SG | TOP | doctor | help-PRF-FIN,
synthetic_bangla_glossed.eaf,328,699386,701295,[SYN.328] তোমরা মোবাইল ফোন কিনবে।,You all will buy the mobile phone.,apɛ d̪ɔ mɔbaĭl pʰon kiɾiɲa.,apɛ d̪ɔ mɔbaĭl pʰon kiɾiɲ-a.,apɛ | d̪ɔ | mɔbaĭl pʰon | kiɾiɲ-a,2PL | TOP | mobile.phone | buy-FIN,
synthetic_texts_glossed.eaf,329,701295,703102,[SYN.329] শিশুটি ছোট।,The child is small.,gid̪ɾɘ d̪ɔ lɘʈua.,gid̪ɾɘ d̪ɔ lɘʈu-a.,gid̪ɾɘ | d̪ɔ | lɘʈu-a,child | TOP | small-FIN,
synthetic_dialogues_glossed.eaf,330,703102,706642,"[SYN.330] তারা মাছ কিনবে, কিন্তু ঔষধ কিনবে না।","They will buy the fish, but do not buy the medicine.",oŋko d̪ɔ haku kiɾiɲa mɛnkʰan ɾan bako kiɾiɲa.,oŋko d̪ɔ haku kiɾiɲ-a mɛnkʰan ɾan ba-ko kiɾiɲ-a.,oŋko | d̪ɔ | haku | kiɾiɲ-a | mɛnkʰan | ɾan | ba-ko | kiɾiɲ-a,3PL.ANIM | TOP | fish | buy-FIN | but | medicine | NEG-3PL.ANIM | buy-FIN,
synthetic_imperatives_glossed.eaf,331,706642,708848,[SYN.331] দয়া করে গ্রামে বসো।,Please sit in the village.,d̪a.ja kat̪ɛ at̪oɾɛ d̪uɽup̚ʔmɛ.,d̪a.ja kat̪ɛ at̪o-ɾɛ d̪uɽup̚ʔ-mɛ.,d̪a.ja | kat̪ɛ | at̪o-ɾɛ | d̪uɽup̚ʔ-mɛ,please | Manner | village-LOC | sit-IMP.2SG.POL,Synthetic polite imperative with d̪a.ja kat̪ɛ and -mɛ.
synthetic_school_dialogue_glossed.eaf,332,708848,711516,[SYN.332] সেই সময় তুমি রান্না খেয়ে হ্রদে খেলবে।,"At that time, you eat the cooked food and then play in the lake.",ɔkt̪ɛɾɛ am basaŋ ɟɔmkat̪ɛ ɟɔlaɾɛ gat̪ea.,ɔkt̪ɛ-ɾɛ am basaŋ ɟɔm-kat̪ɛ ɟɔla-ɾɛ gat̪e-a.,ɔkt̪ɛ-ɾɛ | am | basaŋ | ɟɔm-kat̪ɛ | ɟɔla-ɾɛ | gat̪e-a,time-LOC | 2SG | cooked.food | eat-CVB | lake-LOC | play-FIN,Synthetic sequential CVB clause with -kat̪ɛ.
synthetic_imperatives_glossed.eaf,333,711516,713660,[SYN.333] দয়া করে গ্রামে যাও।,Please go to the village.,d̪a.ja kat̪ɛ at̪oɾɛ calaʔmɛ.,d̪a.ja kat̪ɛ at̪o-ɾɛ calaʔ-mɛ.,d̪a.ja | kat̪ɛ | at̪o-ɾɛ | calaʔ-mɛ,please | Manner | village-LOC | go-IMP.2SG.POL,Synthetic polite imperative with d̪a.ja kat̪ɛ and -mɛ.
synthetic_bangla_glossed.eaf,334,713660,715853,[SYN.334] আমি রান্না খাব।,I will eat the cooked food.,iɲ d̪ɔ basaŋ ɟɔma.,iɲ d̪ɔ basaŋ ɟɔm-a.,iɲ | d̪ɔ | basaŋ | ɟɔm-a,1SG | TOP | cooked.food | eat-FIN,Synthetic transitive finite clause with TOP and FIN labels.
synthetic_texts_glossed.eaf,335,715853,717681,[SYN.335] গুড়গুড় শব্দটি নতুন।,The rumbling sound is new.,aʈap̕ uʈup̕ d̪ɔ nɔwaa.,aʈap̕ uʈup̕ d̪ɔ nɔwa-a.,aʈap̕ uʈup̕ | d̪ɔ | nɔwa-a,rumbling.sound | TOP | new-FIN,Synthetic TOP + adjectival-FIN clause following layout A/B labels.
synthetic_school_dialogue_glossed.eaf,336,717681,720300,[SYN.336] আজ তুমি পাঠ পড়ে বাড়িতে আসবে।,"Today, you study the lesson and then come to the house.",t̪eheɲɾɛ am sikʰnɘt̪ paɽha͡o̯kat̪ɛ ɔɽaʔɾɛ hiɟuʔa.,t̪eheɲ-ɾɛ am sikʰnɘt̪ paɽha͡o̯-kat̪ɛ ɔɽaʔ-ɾɛ hiɟuʔ-a.,t̪eheɲ-ɾɛ | am | sikʰnɘt̪ | paɽha͡o̯-kat̪ɛ | ɔɽaʔ-ɾɛ | hiɟuʔ-a,today-LOC | 2SG | lesson | study-CVB | house-LOC | come-FIN,
synthetic_texts_glossed.eaf,337,720300,721998,[SYN.337] মহাপ্লাবনটি নতুন।,The deluge is new.,bajaban d̪ɔ nɔwaa.,bajaban d̪ɔ nɔwa-a.,bajaban | d̪ɔ | nɔwa-a,deluge | TOP | new-FIN,
synthetic_see_paradigm.eaf,338,721998,723446,[SYN.338] তারা যাচ্ছে।,They are going.,oŋkoko calaʔɛd̪a.,oŋko-ko calaʔ-ɛ-d̪a.,oŋko-ko | calaʔ-ɛ-d̪a,3PL.ANIM-3PL.ANIM | go-PROG-FIN,
synthetic_paradigm_glossed.eaf,339,723446,724969,[SYN.339] আমরা ভাষা বলেছিলাম।,We spoke the language.,alɛlɛ pɘɾsi ɾɔɽkeda.,alɛ-lɛ pɘɾsi ɾɔɽ-ked-a.,alɛ-lɛ | pɘɾsi | ɾɔɽ-ked-a,1PL.EXCL-1PL.EXCL | language | speak-PST-FIN,
synthetic_bangla_glossed.eaf,340,724969,727161,[SYN.340] তারা ভাষা পড়বে।,They will study the language.,oŋko d̪ɔ pɘɾsi paɽha͡o̯a.,oŋko d̪ɔ pɘɾsi paɽha͡o̯-a.,oŋko | d̪ɔ | pɘɾsi | paɽha͡o̯-a,3PL.ANIM | TOP | language | study-FIN,
synthetic_school_dialogue_glossed.eaf,341,727161,729784,[SYN.341] গতকাল আমরা রান্না খেয়ে শহরে আসব।,"Yesterday, we eat the cooked food and then come to the town.",hɔlaɾɛ alɛ basaŋ ɟɔmkat̪ɛ sɔhɔɽɾɛ hiɟuʔa.,hɔla-ɾɛ alɛ basaŋ ɟɔm-kat̪ɛ sɔhɔɽ-ɾɛ hiɟuʔ-a.,hɔla-ɾɛ | alɛ | basaŋ | ɟɔm-kat̪ɛ | sɔhɔɽ-ɾɛ | hiɟuʔ-a,yesterday-LOC | 1PL.EXCL | cooked.food | eat-CVB | town-LOC | come-FIN,
synthetic_paradigm_glossed.eaf,342,729784,731826,[SYN.342] তার পা গুরুত্বপূর্ণ।,His/her foot is important.,uniaʔ kaʈa d̪ɔ ɟɘɾuɽa.,uni-aʔ kaʈa d̪ɔ ɟɘɾuɽ-a.,uni-aʔ | kaʈa | d̪ɔ | ɟɘɾuɽ-a,3SG-GEN | foot | TOP | important-FIN,
synthetic_bangla_glossed.eaf,343,731826,733792,[SYN.343] তোমরা ডাক্তার সাহায্য করবে।,You all will help the doctor.,apɛ d̪ɔ ɖak̚t̪aɾ gɔɽɔa.,apɛ d̪ɔ ɖak̚t̪aɾ gɔɽɔ-a.,apɛ | d̪ɔ | ɖak̚t̪aɾ | gɔɽɔ-a,2PL | TOP | doctor | help-FIN,
synthetic_texts_glossed.eaf,344,733792,735312,[SYN.344] মুহূর্তটি ভালো।,The moment is good.,abʰeɽ d̪ɔ mɔ̃ɟa.,abʰeɽ d̪ɔ mɔ̃ɟ-a.,abʰeɽ | d̪ɔ | mɔ̃ɟ-a,moment | TOP | good-FIN,Synthetic TOP + adjectival-FIN clause following layout A/B labels.
synthetic_texts_glossed.eaf,345,735312,736944,[SYN.345] মোবাইল ফোনটি গুরুত্বপূর্ণ।,The mobile phone is important.,mɔbaĭl pʰon d̪ɔ ɟɘɾuɽa.,mɔbaĭl pʰon d̪ɔ ɟɘɾuɽ-a.,mɔbaĭl pʰon | d̪ɔ | ɟɘɾuɽ-a,mobile.phone | TOP | important-FIN,Synthetic TOP + adjectival-FIN clause following layout A/B labels.
synthetic_see_paradigm.eaf,346,736944,738323,[SYN.346] তোমরা মারা যাচ্ছ।,You all are dying.,apɛpɛ gɔc̚ʔɛd̪a.,apɛ-pɛ gɔc̚ʔ-ɛ-d̪a.,apɛ-pɛ | gɔc̚ʔ-ɛ-d̪a,2PL-2PL | die-PROG-FIN,
synthetic_paradigm_glossed.eaf,347,738323,740385,[SYN.347] আমাদের কাজ গুরুত্বপূর্ণ।,Our work is important.,alɛaʔ kɘmi d̪ɔ ɟɘɾuɽa.,alɛ-aʔ kɘmi d̪ɔ ɟɘɾuɽ-a.,alɛ-aʔ | kɘmi | d̪ɔ | ɟɘɾuɽ-a,1PL.EXCL-GEN | work | TOP | important-FIN,
synthetic_paradigm_glossed.eaf,348,740385,741988,[SYN.348] তুমি খাবার পেয়েছিলে।,You got the food.,amɛm ɟɔmaʔ ɲamkeda.,am-ɛm ɟɔmaʔ ɲam-ked-a.,am-ɛm | ɟɔmaʔ | ɲam-ked-a,2SG-2SG | food | get-PST-FIN,
synthetic_see_paradigm.eaf,349,741988,744441,[SYN.349] তারা দুধ পান করবে না।,They do not drink the milk.,oŋko d̪ɔ t̪o̯͡a bako ɲua.,oŋko d̪ɔ t̪o̯͡a ba-ko ɲu-a.,oŋko | d̪ɔ | t̪o̯͡a | ba-ko | ɲu-a,3PL.ANIM | TOP | milk | NEG-3PL.ANIM | drink-FIN,Synthetic NEG-pronominal marker pattern from the see paradigm.
synthetic_texts_glossed.eaf,350,744441,746042,[SYN.350] পাড়াে একটি পা আছে।,There is a foot in the neighbourhood.,aɖe paseɾɛ kaʈa menaa.,aɖe pase-ɾɛ kaʈa mena-a.,aɖe pase-ɾɛ | kaʈa | mena-a,neighbourhood-LOC | foot | exist-FIN,
synthetic_see_paradigm.eaf,351,746042,747497,[SYN.351] তারা পাচ্ছে।,They are getting.,oŋkoko ɲamɛd̪a.,oŋko-ko ɲam-ɛ-d̪a.,oŋko-ko | ɲam-ɛ-d̪a,3PL.ANIM-3PL.ANIM | get-PROG-FIN,
synthetic_see_paradigm.eaf,352,747497,749943,[SYN.352] আমি ফোঁপানি দেখব না।,I do not see the blubbering.,iɲ d̪ɔ beɲ bɘɲ ɲɛla.,iɲ d̪ɔ beɲ bɘ-ɲ ɲɛl-a.,iɲ | d̪ɔ | beɲ | bɘ-ɲ | ɲɛl-a,1SG | TOP | blubbering | NEG-1SG | see-FIN,
synthetic_bangla_glossed.eaf,353,749943,752587,[SYN.353] তারা খাবার ও রান্না খাবে।,They will eat the food and the cooked food.,oŋko d̪ɔ ɟɔmaʔ aɾ basaŋ ɟɔma.,oŋko d̪ɔ ɟɔmaʔ aɾ basaŋ ɟɔm-a.,oŋko | d̪ɔ | ɟɔmaʔ | aɾ | basaŋ | ɟɔm-a,3PL.ANIM | TOP | food | and | cooked.food | eat-FIN,Synthetic coordination with aɾ 'and'.
synthetic_paradigm_glossed.eaf,354,752587,754415,[SYN.354] সে জিহ্বা দেখেছিল।,He/she saw the tongue.,unii̯ alaŋ ɲɛlkeda.,uni-i̯ alaŋ ɲɛl-ked-a.,uni-i̯ | alaŋ | ɲɛl-ked-a,3SG.ANIM-3SG.ANIM | tongue | see-PST-FIN,
synthetic_new_glossed_3.eaf,355,754415,756656,[SYN.355] একটি ঔষধ স্কুলে আছে।,One medicine is in the school.,mit̪ʔ ɾan d̪ɔ iskulɾɛ menaa.,mit̪ʔ ɾan d̪ɔ iskul-ɾɛ mena-a.,mit̪ʔ | ɾan | d̪ɔ | iskul-ɾɛ | mena-a,one | medicine | TOP | school-LOC | exist-FIN,
synthetic_bangla_glossed.eaf,356,756656,758633,[SYN.356] সে উল দেখবে।,He/she will see the wool.,uni d̪ɔ bʰiɖi up̕ ɲɛla.,uni d̪ɔ bʰiɖi up̕ ɲɛl-a.,uni | d̪ɔ | bʰiɖi up̕ | ɲɛl-a,3SG.ANIM | TOP | wool | see-FIN,
synthetic_school_dialogue_glossed.eaf,357,758633,761263,[SYN.357] আজ সে কথা লিখে বাড়িতে খেলবে।,"Today, he/she write the word and then play in the house.",t̪eheɲɾɛ uni kat̪ʰa ɔlɔʔkat̪ɛ ɔɽaʔɾɛ gat̪ea.,t̪eheɲ-ɾɛ uni kat̪ʰa ɔlɔʔ-kat̪ɛ ɔɽaʔ-ɾɛ gat̪e-a.,t̪eheɲ-ɾɛ | uni | kat̪ʰa | ɔlɔʔ-kat̪ɛ | ɔɽaʔ-ɾɛ | gat̪e-a,today-LOC | 3SG.ANIM | word | write-CVB | house-LOC | play-FIN,Synthetic sequential CVB clause with -kat̪ɛ.
synthetic_texts_glossed.eaf,358,761263,763112,[SYN.358] গ্রামে একটি কাজ আছে।,There is a work in the village.,at̪oɾɛ kɘmi menaa.,at̪o-ɾɛ kɘmi mena-a.,at̪o-ɾɛ | kɘmi | mena-a,village-LOC | work | exist-FIN,Synthetic LOC + exist-FIN clause matching mena-a patterns.
synthetic_paradigm_glossed.eaf,359,763112,764818,[SYN.359] আমরা খাবার কিনেছিলাম।,We bought the food.,alɛlɛ ɟɔmaʔ kiɾiɲkeda.,alɛ-lɛ ɟɔmaʔ kiɾiɲ-ked-a.,alɛ-lɛ | ɟɔmaʔ | kiɾiɲ-ked-a,1PL.EXCL-1PL.EXCL | food | buy-PST-FIN,
synthetic_paradigm_glossed.eaf,360,764818,766350,[SYN.360] তোমরা রান্না খেয়েছিলে।,You all ate the cooked food.,apɛpɛ basaŋ ɟɔmkeda.,apɛ-pɛ basaŋ ɟɔm-ked-a.,apɛ-pɛ | basaŋ | ɟɔm-ked-a,2PL-2PL | cooked.food | eat-PST-FIN,Synthetic PST-FIN transitive pattern using dictionary/core lexicon.
synthetic_paradigm_glossed.eaf,361,766350,767903,[SYN.361] আমি ভাষা লিখেছিলাম।,I wrote the language.,iɲiɲ pɘɾsi ɔlɔʔkeda.,iɲ-iɲ pɘɾsi ɔlɔʔ-ked-a.,iɲ-iɲ | pɘɾsi | ɔlɔʔ-ked-a,1SG-1SG | language | write-PST-FIN,
synthetic_bangla_glossed.eaf,362,767903,770827,[SYN.362] তোমরা মূল্যায়ন ও ডালিম দেখবে।,You all will see the appraisement and the pomegranate.,apɛ d̪ɔ anman aɾ anaɾ ɲɛla.,apɛ d̪ɔ anman aɾ anaɾ ɲɛl-a.,apɛ | d̪ɔ | anman | aɾ | anaɾ | ɲɛl-a,2PL | TOP | appraisement | and | pomegranate | see-FIN,
synthetic_see_paradigm.eaf,363,770827,773354,[SYN.363] তারা মাছ বিক্রি করবে না।,They do not sell the fish.,oŋko d̪ɔ haku bako ɘkʰɾiɲa.,oŋko d̪ɔ haku ba-ko ɘkʰɾiɲ-a.,oŋko | d̪ɔ | haku | ba-ko | ɘkʰɾiɲ-a,3PL.ANIM | TOP | fish | NEG-3PL.ANIM | sell-FIN,Synthetic NEG-pronominal marker pattern from the see paradigm.
synthetic_new_glossed_3.eaf,364,773354,775905,[SYN.364] একটি নবজাতক শহরে আছে।,One infant is in the town.,mit̪ʔʈɛn balɛ d̪ɔ sɔhɔɽɾɛ menaa.,mit̪ʔ-ʈɛn balɛ d̪ɔ sɔhɔɽ-ɾɛ mena-a.,mit̪ʔ-ʈɛn | balɛ | d̪ɔ | sɔhɔɽ-ɾɛ | mena-a,one-CLF.HUM | infant | TOP | town-LOC | exist-FIN,
synthetic_texts_glossed.eaf,365,775905,777479,[SYN.365] বাসস্থানে একটি রোগ আছে।,There is an illness in the dwelling place.,basɾɛ ɾu̯͡ɘ menaa.,bas-ɾɛ ɾu̯͡ɘ mena-a.,bas-ɾɛ | ɾu̯͡ɘ | mena-a,dwelling.place-LOC | illness | exist-FIN,
synthetic_see_paradigm.eaf,366,777479,778849,[SYN.366] আমি আসছি।,I am coming.,iɲiɲ hiɟuʔɛd̪a.,iɲ-iɲ hiɟuʔ-ɛ-d̪a.,iɲ-iɲ | hiɟuʔ-ɛ-d̪a,1SG-1SG | come-PROG-FIN,
synthetic_texts_glossed.eaf,367,778849,780557,[SYN.367] নেতাটি নতুন।,The leader is new.,aglaha d̪ɔ nɔwaa.,aglaha d̪ɔ nɔwa-a.,aglaha | d̪ɔ | nɔwa-a,leader | TOP | new-FIN,
synthetic_paradigm_glossed.eaf,368,780557,782236,[SYN.368] আমি ডাক্তার সাহায্য করেছিলাম।,I helped the doctor.,iɲiɲ ɖak̚t̪aɾ gɔɽɔkeda.,iɲ-iɲ ɖak̚t̪aɾ gɔɽɔ-ked-a.,iɲ-iɲ | ɖak̚t̪aɾ | gɔɽɔ-ked-a,1SG-1SG | doctor | help-PST-FIN,
synthetic_paradigm_glossed.eaf,369,782236,784314,[SYN.369] আমার ঘড়ি পরিষ্কার।,My watch is clean.,iɲaʔ gʰuɽi d̪ɔ sapʰaa.,iɲ-aʔ gʰuɽi d̪ɔ sapʰa-a.,iɲ-aʔ | gʰuɽi | d̪ɔ | sapʰa-a,1SG-GEN | watch | TOP | clean-FIN,
synthetic_paradigm_glossed.eaf,370,784314,786491,[SYN.370] তোমার পানি সুস্বাদু।,Your water is tasty.,amaʔ d̪aʔ d̪ɔ sibila.,am-aʔ d̪aʔ d̪ɔ sibil-a.,am-aʔ | d̪aʔ | d̪ɔ | sibil-a,2SG-GEN | water | TOP | tasty-FIN,Synthetic GEN + TOP clause using pronoun markers from ground truth.
synthetic_paradigm_glossed.eaf,371,786491,788586,[SYN.371] তার শহর গুরুত্বপূর্ণ।,His/her town is important.,uniaʔ sɔhɔɽ d̪ɔ ɟɘɾuɽa.,uni-aʔ sɔhɔɽ d̪ɔ ɟɘɾuɽ-a.,uni-aʔ | sɔhɔɽ | d̪ɔ | ɟɘɾuɽ-a,3SG-GEN | town | TOP | important-FIN,Synthetic GEN + TOP clause using pronoun markers from ground truth.
synthetic_new_glossed.eaf,372,788586,790661,[SYN.372] তুমি মাছ বিক্রি করেছ।,You have sold the fish.,am d̪ɔ haku ɘkʰɾiɲakada.,am d̪ɔ haku ɘkʰɾiɲ-akad-a.,am | d̪ɔ | haku | ɘkʰɾiɲ-akad-a,2SG | TOP | fish | sell-PRF-FIN,
synthetic_texts_glossed.eaf,373,790661,792447,[SYN.373] বাসিন্দাটি ছোট।,The inhabitant is small.,baskitiə̯ d̪ɔ lɘʈua.,baskitiə̯ d̪ɔ lɘʈu-a.,baskitiə̯ | d̪ɔ | lɘʈu-a,inhabitant | TOP | small-FIN,
synthetic_see_paradigm.eaf,374,792447,793772,[SYN.374] তোমরা সাহায্য করছ।,You all are helping.,apɛpɛ gɔɽɔɛd̪a.,apɛ-pɛ gɔɽɔ-ɛ-d̪a.,apɛ-pɛ | gɔɽɔ-ɛ-d̪a,2PL-2PL | help-PROG-FIN,
synthetic_bangla_glossed.eaf,375,793772,795832,[SYN.375] তুমি কথা বলবে।,You will speak the word.,am d̪ɔ kat̪ʰa ɾɔɽa.,am d̪ɔ kat̪ʰa ɾɔɽ-a.,am | d̪ɔ | kat̪ʰa | ɾɔɽ-a,2SG | TOP | word | speak-FIN,
synthetic_see_paradigm.eaf,376,795832,797109,[SYN.376] তুমি যাচ্ছ।,You is going.,amɛm calaʔɛd̪a.,am-ɛm calaʔ-ɛ-d̪a.,am-ɛm | calaʔ-ɛ-d̪a,2SG-2SG | go-PROG-FIN,Synthetic PROG-FIN agreement pattern based on see-paradigm rows.
synthetic_bangla_glossed.eaf,377,797109,799175,[SYN.377] তারা খাবার পাবে।,They will get the food.,oŋko d̪ɔ ɟɔmaʔ ɲama.,oŋko d̪ɔ ɟɔmaʔ ɲam-a.,oŋko | d̪ɔ | ɟɔmaʔ | ɲam-a,3PL.ANIM | TOP | food | get-FIN,
synthetic_paradigm_glossed.eaf,378,799175,801121,[SYN.378] আমাদের পশু তাড়ানোর লাঠি পরিষ্কার।,Our goad is clean.,alɛaʔ aɾd͡ʒan d̪ɔ sapʰaa.,alɛ-aʔ aɾd͡ʒan d̪ɔ sapʰa-a.,alɛ-aʔ | aɾd͡ʒan | d̪ɔ | sapʰa-a,1PL.EXCL-GEN | goad | TOP | clean-FIN,
synthetic_bangla_glossed.eaf,379,801121,803749,[SYN.379] তুমি খাবার ও মাছ খাবে।,You will eat the food and the fish.,am d̪ɔ ɟɔmaʔ aɾ haku ɟɔma.,am d̪ɔ ɟɔmaʔ aɾ haku ɟɔm-a.,am | d̪ɔ | ɟɔmaʔ | aɾ | haku | ɟɔm-a,2SG | TOP | food | and | fish | eat-FIN,
synthetic_new_glossed_3.eaf,380,803749,806019,[SYN.380] একটি ভিক্ষুক শহরে আছে।,One beggar is in the town.,mit̪ʔʈɛn bʰikʰəɾi d̪ɔ sɔhɔɽɾɛ menaa.,mit̪ʔ-ʈɛn bʰikʰəɾi d̪ɔ sɔhɔɽ-ɾɛ mena-a.,mit̪ʔ-ʈɛn | bʰikʰəɾi | d̪ɔ | sɔhɔɽ-ɾɛ | mena-a,one-CLF.HUM | beggar | TOP | town-LOC | exist-FIN,
synthetic_bangla_glossed.eaf,381,806019,807958,[SYN.381] আমি ভাষা বলব।,I will speak the language.,iɲ d̪ɔ pɘɾsi ɾɔɽa.,iɲ d̪ɔ pɘɾsi ɾɔɽ-a.,iɲ | d̪ɔ | pɘɾsi | ɾɔɽ-a,1SG | TOP | language | speak-FIN,
synthetic_bangla_glossed.eaf,382,807958,810887,[SYN.382] তুমি ঘড়ি ও ঔষধ কিনবে।,You will buy the watch and the medicine.,am d̪ɔ gʰuɽi aɾ ɾan kiɾiɲa.,am d̪ɔ gʰuɽi aɾ ɾan kiɾiɲ-a.,am | d̪ɔ | gʰuɽi | aɾ | ɾan | kiɾiɲ-a,2SG | TOP | watch | and | medicine | buy-FIN,Synthetic coordination with aɾ 'and'.
synthetic_bangla_glossed.eaf,383,810887,812818,[SYN.383] আমরা ঔষধ পাব।,We will get the medicine.,alɛ d̪ɔ ɾan ɲama.,alɛ d̪ɔ ɾan ɲam-a.,alɛ | d̪ɔ | ɾan | ɲam-a,1PL.EXCL | TOP | medicine | get-FIN,
synthetic_paradigm_glossed.eaf,384,812818,814882,[SYN.384] তাদের মধু ভালো।,Their honey is good.,oŋkoaʔ ɲɛlɛɾasa d̪ɔ mɔ̃ɟa.,oŋko-aʔ ɲɛlɛɾasa d̪ɔ mɔ̃ɟ-a.,oŋko-aʔ | ɲɛlɛɾasa | d̪ɔ | mɔ̃ɟ-a,3PL-GEN | honey | TOP | good-FIN,
synthetic_texts_glossed.eaf,385,814882,816530,[SYN.385] কিশোরটি পরিষ্কার।,The lad is clean.,bat͡ʃʰɽa d̪ɔ sapʰaa.,bat͡ʃʰɽa d̪ɔ sapʰa-a.,bat͡ʃʰɽa | d̪ɔ | sapʰa-a,lad | TOP | clean-FIN,
synthetic_bangla_glossed.eaf,386,816530,818570,[SYN.386] তোমরা খাবার কিনবে।,You all will buy the food.,apɛ d̪ɔ ɟɔmaʔ kiɾiɲa.,apɛ d̪ɔ ɟɔmaʔ kiɾiɲ-a.,apɛ | d̪ɔ | ɟɔmaʔ | kiɾiɲ-a,2PL | TOP | food | buy-FIN,
synthetic_school_dialogue_glossed.eaf,387,818570,821461,[SYN.387] সকালে আমরা ভাষা পড়ে স্কুলে যাব।,"In the morning, we study the language and then go to the school.",sɛt̪aʔɾɛ alɛ pɘɾsi paɽha͡o̯kat̪ɛ iskulɾɛ calaʔa.,sɛt̪aʔ-ɾɛ alɛ pɘɾsi paɽha͡o̯-kat̪ɛ iskul-ɾɛ calaʔ-a.,sɛt̪aʔ-ɾɛ | alɛ | pɘɾsi | paɽha͡o̯-kat̪ɛ | iskul-ɾɛ | calaʔ-a,morning-LOC | 1PL.EXCL | language | study-CVB | school-LOC | go-FIN,
synthetic_see_paradigm.eaf,388,821461,823911,[SYN.388] তারা মোবাইল ফোন বিক্রি করবে না।,They do not sell the mobile phone.,oŋko d̪ɔ mɔbaĭl pʰon bako ɘkʰɾiɲa.,oŋko d̪ɔ mɔbaĭl pʰon ba-ko ɘkʰɾiɲ-a.,oŋko | d̪ɔ | mɔbaĭl pʰon | ba-ko | ɘkʰɾiɲ-a,3PL.ANIM | TOP | mobile.phone | NEG-3PL.ANIM | sell-FIN,Synthetic NEG-pronominal marker pattern from the see paradigm.
synthetic_paradigm_glossed.eaf,389,823911,825991,[SYN.389] তাদের পূর্বপুরুষ গুরুত্বপূর্ণ।,Their patriarch is important.,oŋkoaʔ əgil hapɽam d̪ɔ ɟɘɾuɽa.,oŋko-aʔ əgil hapɽam d̪ɔ ɟɘɾuɽ-a.,oŋko-aʔ | əgil hapɽam | d̪ɔ | ɟɘɾuɽ-a,3PL-GEN | patriarch | TOP | important-FIN,
synthetic_school_dialogue_glossed.eaf,390,825991,828608,[SYN.390] আজ আমরা রান্না খেয়ে কুয়ায় যাব।,"Today, we eat the cooked food and then go to the well.",t̪eheɲɾɛ alɛ basaŋ ɟɔmkat̪ɛ kuɲɾɛ calaʔa.,t̪eheɲ-ɾɛ alɛ basaŋ ɟɔm-kat̪ɛ kuɲ-ɾɛ calaʔ-a.,t̪eheɲ-ɾɛ | alɛ | basaŋ | ɟɔm-kat̪ɛ | kuɲ-ɾɛ | calaʔ-a,today-LOC | 1PL.EXCL | cooked.food | eat-CVB | well-LOC | go-FIN,Synthetic sequential CVB clause with -kat̪ɛ.
synthetic_imperatives_glossed.eaf,391,828608,830763,[SYN.391] দয়া করে মাছ খাও।,Please eat the fish.,d̪a.ja kat̪ɛ haku ɟɔmmɛ.,d̪a.ja kat̪ɛ haku ɟɔm-mɛ.,d̪a.ja | kat̪ɛ | haku | ɟɔm-mɛ,please | Manner | fish | eat-IMP.2SG.POL,
synthetic_see_paradigm.eaf,392,830763,833182,[SYN.392] তারা রান্না খাবে না।,They do not eat the cooked food.,oŋko d̪ɔ basaŋ bako ɟɔma.,oŋko d̪ɔ basaŋ ba-ko ɟɔm-a.,oŋko | d̪ɔ | basaŋ | ba-ko | ɟɔm-a,3PL.ANIM | TOP | cooked.food | NEG-3PL.ANIM | eat-FIN,Synthetic NEG-pronominal marker pattern from the see paradigm.
synthetic_paradigm_glossed.eaf,393,833182,834905,[SYN.393] আমি ছবি পেয়েছিলাম।,I got the photo.,iɲiɲ pʰɔʈɔ ɲamkeda.,iɲ-iɲ pʰɔʈɔ ɲam-ked-a.,iɲ-iɲ | pʰɔʈɔ | ɲam-ked-a,1SG-1SG | photo | get-PST-FIN,Synthetic PST-FIN transitive pattern using dictionary/core lexicon.
synthetic_see_paradigm.eaf,394,834905,836193,[SYN.394] আমরা পাচ্ছি।,We are getting.,alɛlɛ ɲamɛd̪a.,alɛ-lɛ ɲam-ɛ-d̪a.,alɛ-lɛ | ɲam-ɛ-d̪a,1PL.EXCL-1PL.EXCL | get-PROG-FIN,
synthetic_paradigm_glossed.eaf,395,836193,838080,[SYN.395] তোমাদের বাজি ভালো।,Your bet is good.,apɛaʔ bəɾd͡ʒid d̪ɔ mɔ̃ɟa.,apɛ-aʔ bəɾd͡ʒid d̪ɔ mɔ̃ɟ-a.,apɛ-aʔ | bəɾd͡ʒid | d̪ɔ | mɔ̃ɟ-a,2PL-GEN | bet | TOP | good-FIN,Synthetic GEN + TOP clause using pronoun markers from ground truth.
synthetic_bangla_glossed.eaf,396,838080,840026,[SYN.396] সে মা সাহায্য করবে।,He/she will help the mother.,uni d̪ɔ gɔgɔ gɔɽɔa.,uni d̪ɔ gɔgɔ gɔɽɔ-a.,uni | d̪ɔ | gɔgɔ | gɔɽɔ-a,3SG.ANIM | TOP | mother | help-FIN,
synthetic_texts_glossed.eaf,397,840026,841631,[SYN.397] পাড়াে একটি প্রণয়ভঙ্গি আছে।,There is a coquetry in the neighbourhood.,aɖe paseɾɛ əngɾa menaa.,aɖe pase-ɾɛ əngɾa mena-a.,aɖe pase-ɾɛ | əngɾa | mena-a,neighbourhood-LOC | coquetry | exist-FIN,
synthetic_see_paradigm.eaf,398,841631,843081,[SYN.398] তোমরা খাচ্ছ।,You all are eating.,apɛpɛ ɟɔmɛd̪a.,apɛ-pɛ ɟɔm-ɛ-d̪a.,apɛ-pɛ | ɟɔm-ɛ-d̪a,2PL-2PL | eat-PROG-FIN,Synthetic PROG-FIN agreement pattern based on see-paradigm rows.
synthetic_texts_glossed.eaf,399,843081,844812,[SYN.399] উত্তরাধিকারটি ভালো।,The inheritance is good.,əi̯dəɾi d̪ɔ mɔ̃ɟa.,əi̯dəɾi d̪ɔ mɔ̃ɟ-a.,əi̯dəɾi | d̪ɔ | mɔ̃ɟ-a,inheritance | TOP | good-FIN,
synthetic_school_dialogue_glossed.eaf,400,844812,847609,[SYN.400] আজ তারা ঘড়ি কিনে কুয়ায় খেলবে।,"Today, they buy the watch and then play in the well.",t̪eheɲɾɛ oŋko gʰuɽi kiɾiɲkat̪ɛ kuɲɾɛ gat̪ea.,t̪eheɲ-ɾɛ oŋko gʰuɽi kiɾiɲ-kat̪ɛ kuɲ-ɾɛ gat̪e-a.,t̪eheɲ-ɾɛ | oŋko | gʰuɽi | kiɾiɲ-kat̪ɛ | kuɲ-ɾɛ | gat̪e-a,today-LOC | 3PL.ANIM | watch | buy-CVB | well-LOC | play-FIN,Synthetic sequential CVB clause with -kat̪ɛ.
synthetic_new_glossed.eaf,401,847609,849757,[SYN.401] তোমরা ভাষা লিখেছ।,You all have written the language.,apɛ d̪ɔ pɘɾsi ɔlɔʔakada.,apɛ d̪ɔ pɘɾsi ɔlɔʔ-akad-a.,apɛ | d̪ɔ | pɘɾsi | ɔlɔʔ-akad-a,2PL | TOP | language | write-PRF-FIN,
synthetic_texts_glossed.eaf,402,849757,851281,[SYN.402] আদালতটি নতুন।,The court is new.,adalot d̪ɔ nɔwaa.,adalot d̪ɔ nɔwa-a.,adalot | d̪ɔ | nɔwa-a,court | TOP | new-FIN,
synthetic_bangla_glossed.eaf,403,851281,853320,[SYN.403] তোমরা রক্তমূত্র দেখবে।,You all will see the haematuria.,apɛ d̪ɔ aɾak̕ d͡ʒʰaɾ ɲɛla.,apɛ d̪ɔ aɾak̕ d͡ʒʰaɾ ɲɛl-a.,apɛ | d̪ɔ | aɾak̕ d͡ʒʰaɾ | ɲɛl-a,2PL | TOP | haematuria | see-FIN,
synthetic_paradigm_glossed.eaf,404,853320,855342,[SYN.404] তোমার ঘড়ি গুরুত্বপূর্ণ।,Your watch is important.,amaʔ gʰuɽi d̪ɔ ɟɘɾuɽa.,am-aʔ gʰuɽi d̪ɔ ɟɘɾuɽ-a.,am-aʔ | gʰuɽi | d̪ɔ | ɟɘɾuɽ-a,2SG-GEN | watch | TOP | important-FIN,
synthetic_paradigm_glossed.eaf,405,855342,857031,[SYN.405] সে ভাষা লিখেছিল।,He/she wrote the language.,unii̯ pɘɾsi ɔlɔʔkeda.,uni-i̯ pɘɾsi ɔlɔʔ-ked-a.,uni-i̯ | pɘɾsi | ɔlɔʔ-ked-a,3SG.ANIM-3SG.ANIM | language | write-PST-FIN,Synthetic PST-FIN transitive pattern using dictionary/core lexicon.
synthetic_texts_glossed.eaf,406,857031,858739,[SYN.406] প্রতিবেশীটি গুরুত্বপূর্ণ।,The neighbours is important.,aɖepaseɾenko d̪ɔ ɟɘɾuɽa.,aɖepaseɾenko d̪ɔ ɟɘɾuɽ-a.,aɖepaseɾenko | d̪ɔ | ɟɘɾuɽ-a,neighbours | TOP | important-FIN,
synthetic_paradigm_glossed.eaf,407,858739,860401,[SYN.407] তোমরা মা সাহায্য করেছিলে।,You all helped the mother.,apɛpɛ gɔgɔ gɔɽɔkeda.,apɛ-pɛ gɔgɔ gɔɽɔ-ked-a.,apɛ-pɛ | gɔgɔ | gɔɽɔ-ked-a,2PL-2PL | mother | help-PST-FIN,
synthetic_dialogues_glossed.eaf,408,860401,862379,[SYN.408] শহর কোথায় আছে?,Where is the town?,sɔhɔɽ d̪ɔ ɔkaɾɛ menaa.,sɔhɔɽ d̪ɔ ɔka-ɾɛ mena-a.,sɔhɔɽ | d̪ɔ | ɔka-ɾɛ | mena-a,town | TOP | where-LOC | exist-FIN,
synthetic_paradigm_glossed.eaf,409,862379,864301,[SYN.409] তোমাদের পুঁজ নতুন।,Your pus is new.,apɛaʔ bele d̪ɔ nɔwaa.,apɛ-aʔ bele d̪ɔ nɔwa-a.,apɛ-aʔ | bele | d̪ɔ | nɔwa-a,2PL-GEN | pus | TOP | new-FIN,
synthetic_paradigm_glossed.eaf,410,864301,866256,[SYN.410] আমাদের মজুরি নতুন।,Our wages is new.,alɛaʔ bən d̪ɔ nɔwaa.,alɛ-aʔ bən d̪ɔ nɔwa-a.,alɛ-aʔ | bən | d̪ɔ | nɔwa-a,1PL.EXCL-GEN | wages | TOP | new-FIN,
synthetic_bangla_glossed.eaf,411,866256,868174,[SYN.411] তুমি ঘড়ি বিক্রি করবে।,You will sell the watch.,am d̪ɔ gʰuɽi ɘkʰɾiɲa.,am d̪ɔ gʰuɽi ɘkʰɾiɲ-a.,am | d̪ɔ | gʰuɽi | ɘkʰɾiɲ-a,2SG | TOP | watch | sell-FIN,
synthetic_new_glossed.eaf,412,868174,870071,[SYN.412] তারা খাবার পেয়েছে।,They have gotten the food.,oŋko d̪ɔ ɟɔmaʔ ɲamakada.,oŋko d̪ɔ ɟɔmaʔ ɲam-akad-a.,oŋko | d̪ɔ | ɟɔmaʔ | ɲam-akad-a,3PL.ANIM | TOP | food | get-PRF-FIN,
synthetic_see_paradigm.eaf,413,870071,871384,[SYN.413] তোমরা যাচ্ছ।,You all are going.,apɛpɛ calaʔɛd̪a.,apɛ-pɛ calaʔ-ɛ-d̪a.,apɛ-pɛ | calaʔ-ɛ-d̪a,2PL-2PL | go-PROG-FIN,
synthetic_texts_glossed.eaf,414,871384,872896,[SYN.414] উই পোকাটি ছোট।,The termite is small.,bʰuku d̪ɔ lɘʈua.,bʰuku d̪ɔ lɘʈu-a.,bʰuku | d̪ɔ | lɘʈu-a,termite | TOP | small-FIN,Synthetic TOP + adjectival-FIN clause following layout A/B labels.
synthetic_dialogues_glossed.eaf,415,872896,876545,"[SYN.415] তুমি ঘড়ি বিক্রি করবে, কিন্তু খাবার বিক্রি করবে না।","You will sell the watch, but do not sell the food.",am d̪ɔ gʰuɽi ɘkʰɾiɲa mɛnkʰan ɟɔmaʔ bam ɘkʰɾiɲa.,am d̪ɔ gʰuɽi ɘkʰɾiɲ-a mɛnkʰan ɟɔmaʔ ba-m ɘkʰɾiɲ-a.,am | d̪ɔ | gʰuɽi | ɘkʰɾiɲ-a | mɛnkʰan | ɟɔmaʔ | ba-m | ɘkʰɾiɲ-a,2SG | TOP | watch | sell-FIN | but | food | NEG-2SG | sell-FIN,
synthetic_new_glossed_3.eaf,416,876545,878920,[SYN.416] একটি ঔষধ কুয়ায় আছে।,One medicine is in the well.,mit̪ʔ ɾan d̪ɔ kuɲɾɛ menaa.,mit̪ʔ ɾan d̪ɔ kuɲ-ɾɛ mena-a.,mit̪ʔ | ɾan | d̪ɔ | kuɲ-ɾɛ | mena-a,one | medicine | TOP | well-LOC | exist-FIN,Synthetic classifier + LOC/exist clause.
synthetic_paradigm_glossed.eaf,417,878920,880984,[SYN.417] তোমাদের আয়না নতুন।,Your mirror is new.,apɛaʔ əɾsi d̪ɔ nɔwaa.,apɛ-aʔ əɾsi d̪ɔ nɔwa-a.,apɛ-aʔ | əɾsi | d̪ɔ | nɔwa-a,2PL-GEN | mirror | TOP | new-FIN,
synthetic_imperatives_glossed.eaf,418,880984,883098,[SYN.418] দয়া করে কুয়ায় অপেক্ষা করো।,Please wait in the well.,d̪a.ja kat̪ɛ kuɲɾɛ t̪ɘŋgimɛ.,d̪a.ja kat̪ɛ kuɲ-ɾɛ t̪ɘŋgi-mɛ.,d̪a.ja | kat̪ɛ | kuɲ-ɾɛ | t̪ɘŋgi-mɛ,please | Manner | well-LOC | wait-IMP.2SG.POL,
synthetic_paradigm_glossed.eaf,419,883098,884996,[SYN.419] তাদের ফুল গুরুত্বপূর্ণ।,Their flower is important.,oŋkoaʔ baha d̪ɔ ɟɘɾuɽa.,oŋko-aʔ baha d̪ɔ ɟɘɾuɽ-a.,oŋko-aʔ | baha | d̪ɔ | ɟɘɾuɽ-a,3PL-GEN | flower | TOP | important-FIN,
synthetic_new_glossed_3.eaf,420,884996,887339,[SYN.420] একটি বাঘ নদীতে আছে।,One tiger is in the river.,mit̪ʔʈɛn t̪ɘɾup̚ʔ d̪ɔ gaɖaɾɛ menaa.,mit̪ʔ-ʈɛn t̪ɘɾup̚ʔ d̪ɔ gaɖa-ɾɛ mena-a.,mit̪ʔ-ʈɛn | t̪ɘɾup̚ʔ | d̪ɔ | gaɖa-ɾɛ | mena-a,one-CLF.HUM | tiger | TOP | river-LOC | exist-FIN,
synthetic_paradigm_glossed.eaf,421,887339,888981,[SYN.421] আমরা দুধ পান করেছিলাম।,We drank the milk.,alɛlɛ t̪o̯͡a ɲukeda.,alɛ-lɛ t̪o̯͡a ɲu-ked-a.,alɛ-lɛ | t̪o̯͡a | ɲu-ked-a,1PL.EXCL-1PL.EXCL | milk | drink-PST-FIN,
synthetic_see_paradigm.eaf,422,888981,891465,[SYN.422] আমরা পানি পান করব না।,We do not drink the water.,alɛ d̪ɔ d̪aʔ balɛ ɲua.,alɛ d̪ɔ d̪aʔ ba-lɛ ɲu-a.,alɛ | d̪ɔ | d̪aʔ | ba-lɛ | ɲu-a,1PL.EXCL | TOP | water | NEG-1PL.EXCL | drink-FIN,
synthetic_texts_glossed.eaf,423,891465,893209,[SYN.423] অসম্মানটি গুরুত্বপূর্ণ।,The disrespect is important.,bɛmanɔt d̪ɔ ɟɘɾuɽa.,bɛmanɔt d̪ɔ ɟɘɾuɽ-a.,bɛmanɔt | d̪ɔ | ɟɘɾuɽ-a,disrespect | TOP | important-FIN,
synthetic_paradigm_glossed.eaf,424,893209,895162,[SYN.424] তোমাদের পা গুরুত্বপূর্ণ।,Your foot is important.,apɛaʔ kaʈa d̪ɔ ɟɘɾuɽa.,apɛ-aʔ kaʈa d̪ɔ ɟɘɾuɽ-a.,apɛ-aʔ | kaʈa | d̪ɔ | ɟɘɾuɽ-a,2PL-GEN | foot | TOP | important-FIN,
synthetic_bangla_glossed.eaf,425,895162,897976,[SYN.425] আমরা একমুঠো ও টকশাক দেখব।,We will see the handful and the sorel.,alɛ d̪ɔ aɲd͡ʒle aɾ aɾak̕ kudɾum ɲɛla.,alɛ d̪ɔ aɲd͡ʒle aɾ aɾak̕ kudɾum ɲɛl-a.,alɛ | d̪ɔ | aɲd͡ʒle | aɾ | aɾak̕ kudɾum | ɲɛl-a,1PL.EXCL | TOP | handful | and | sorel | see-FIN,
synthetic_dialogues_glossed.eaf,426,897976,901316,"[SYN.426] তোমরা প্রণয়ন দেখবে, কিন্তু যন্ত্রপাতি দেখবে না।","You all will see the enactment, but do not see the appliance.",apɛ d̪ɔ ən ɲɛla mɛnkʰan bandʰec̕ bapɛ ɲɛla.,apɛ d̪ɔ ən ɲɛl-a mɛnkʰan bandʰec̕ ba-pɛ ɲɛl-a.,apɛ | d̪ɔ | ən | ɲɛl-a | mɛnkʰan | bandʰec̕ | ba-pɛ | ɲɛl-a,2PL | TOP | enactment | see-FIN | but | appliance | NEG-2PL | see-FIN,
synthetic_new_glossed_3.eaf,427,901316,903563,[SYN.427] একটি শিশু শহরে আছে।,One child is in the town.,mit̪ʔʈɛn gid̪ɾɘ d̪ɔ sɔhɔɽɾɛ menaa.,mit̪ʔ-ʈɛn gid̪ɾɘ d̪ɔ sɔhɔɽ-ɾɛ mena-a.,mit̪ʔ-ʈɛn | gid̪ɾɘ | d̪ɔ | sɔhɔɽ-ɾɛ | mena-a,one-CLF.HUM | child | TOP | town-LOC | exist-FIN,Synthetic classifier + LOC/exist clause.
synthetic_texts_glossed.eaf,428,903563,905199,[SYN.428] বৈশাখ মাসটি পরিষ্কার।,The april-may is clean.,bəi̯sək d̪ɔ sapʰaa.,bəi̯sək d̪ɔ sapʰa-a.,bəi̯sək | d̪ɔ | sapʰa-a,april.may | TOP | clean-FIN,
synthetic_school_dialogue_glossed.eaf,429,905199,907895,[SYN.429] সকালে তুমি দুধ পান করে গ্রামে আসবে।,"In the morning, you drink the milk and then come to the village.",sɛt̪aʔɾɛ am t̪o̯͡a ɲukat̪ɛ at̪oɾɛ hiɟuʔa.,sɛt̪aʔ-ɾɛ am t̪o̯͡a ɲu-kat̪ɛ at̪o-ɾɛ hiɟuʔ-a.,sɛt̪aʔ-ɾɛ | am | t̪o̯͡a | ɲu-kat̪ɛ | at̪o-ɾɛ | hiɟuʔ-a,morning-LOC | 2SG | milk | drink-CVB | village-LOC | come-FIN,
synthetic_texts_glossed.eaf,430,907895,909488,[SYN.430] নদীতে একটি গান আছে।,There is a song in the river.,gaɖaɾɛ seɾeɲ menaa.,gaɖa-ɾɛ seɾeɲ mena-a.,gaɖa-ɾɛ | seɾeɲ | mena-a,river-LOC | song | exist-FIN,Synthetic LOC + exist-FIN clause matching mena-a patterns.
synthetic_bangla_glossed.eaf,431,909488,911596,[SYN.431] সে ঘড়ি বিক্রি করবে।,He/she will sell the watch.,uni d̪ɔ gʰuɽi ɘkʰɾiɲa.,uni d̪ɔ gʰuɽi ɘkʰɾiɲ-a.,uni | d̪ɔ | gʰuɽi | ɘkʰɾiɲ-a,3SG.ANIM | TOP | watch | sell-FIN,Synthetic transitive finite clause with TOP and FIN labels.
synthetic_texts_glossed.eaf,432,911596,913417,[SYN.432] স্কুলে একটি ভাষা আছে।,There is a language in the school.,iskulɾɛ pɘɾsi menaa.,iskul-ɾɛ pɘɾsi mena-a.,iskul-ɾɛ | pɘɾsi | mena-a,school-LOC | language | exist-FIN,Synthetic LOC + exist-FIN clause matching mena-a patterns.
synthetic_bangla_glossed.eaf,433,913417,915309,[SYN.433] আমি খাবার পাব।,I will get the food.,iɲ d̪ɔ ɟɔmaʔ ɲama.,iɲ d̪ɔ ɟɔmaʔ ɲam-a.,iɲ | d̪ɔ | ɟɔmaʔ | ɲam-a,1SG | TOP | food | get-FIN,Synthetic transitive finite clause with TOP and FIN labels.
synthetic_texts_glossed.eaf,434,915309,917133,[SYN.434] মাটি ছোট।,The mother is small.,gɔgɔ d̪ɔ lɘʈua.,gɔgɔ d̪ɔ lɘʈu-a.,gɔgɔ | d̪ɔ | lɘʈu-a,mother | TOP | small-FIN,
synthetic_texts_glossed.eaf,435,917133,918685,[SYN.435] বাসস্থানে একটি খড় আছে।,There is a chaff in the residence.,basaɾɛ bʰusə menaa.,basa-ɾɛ bʰusə mena-a.,basa-ɾɛ | bʰusə | mena-a,residence-LOC | chaff | exist-FIN,
synthetic_bangla_glossed.eaf,436,918685,921297,[SYN.436] তারা ঘড়ি ও খাবার কিনবে।,They will buy the watch and the food.,oŋko d̪ɔ gʰuɽi aɾ ɟɔmaʔ kiɾiɲa.,oŋko d̪ɔ gʰuɽi aɾ ɟɔmaʔ kiɾiɲ-a.,oŋko | d̪ɔ | gʰuɽi | aɾ | ɟɔmaʔ | kiɾiɲ-a,3PL.ANIM | TOP | watch | and | food | buy-FIN,
synthetic_see_paradigm.eaf,437,921297,922768,[SYN.437] তুমি আসছ।,You is coming.,amɛm hiɟuʔɛd̪a.,am-ɛm hiɟuʔ-ɛ-d̪a.,am-ɛm | hiɟuʔ-ɛ-d̪a,2SG-2SG | come-PROG-FIN,
synthetic_texts_glossed.eaf,438,922768,924388,[SYN.438] কোমরবন্ধটি পরিষ্কার।,The girth is clean.,beɽband d̪ɔ sapʰaa.,beɽband d̪ɔ sapʰa-a.,beɽband | d̪ɔ | sapʰa-a,girth | TOP | clean-FIN,
synthetic_bangla_glossed.eaf,439,924388,927104,[SYN.439] তারা ঘড়ি ও মোবাইল ফোন কিনবে।,They will buy the watch and the mobile phone.,oŋko d̪ɔ gʰuɽi aɾ mɔbaĭl pʰon kiɾiɲa.,oŋko d̪ɔ gʰuɽi aɾ mɔbaĭl pʰon kiɾiɲ-a.,oŋko | d̪ɔ | gʰuɽi | aɾ | mɔbaĭl pʰon | kiɾiɲ-a,3PL.ANIM | TOP | watch | and | mobile.phone | buy-FIN,
synthetic_school_dialogue_glossed.eaf,440,927104,929760,[SYN.440] গতকাল সে পাঠ পড়ে স্কুলে খেলবে।,"Yesterday, he/she study the lesson and then play in the school.",hɔlaɾɛ uni sikʰnɘt̪ paɽha͡o̯kat̪ɛ iskulɾɛ gat̪ea.,hɔla-ɾɛ uni sikʰnɘt̪ paɽha͡o̯-kat̪ɛ iskul-ɾɛ gat̪e-a.,hɔla-ɾɛ | uni | sikʰnɘt̪ | paɽha͡o̯-kat̪ɛ | iskul-ɾɛ | gat̪e-a,yesterday-LOC | 3SG.ANIM | lesson | study-CVB | school-LOC | play-FIN,
synthetic_see_paradigm.eaf,441,929760,932187,[SYN.441] তোমরা খাবার খাবে না।,You all do not eat the food.,apɛ d̪ɔ ɟɔmaʔ bapɛ ɟɔma.,apɛ d̪ɔ ɟɔmaʔ ba-pɛ ɟɔm-a.,apɛ | d̪ɔ | ɟɔmaʔ | ba-pɛ | ɟɔm-a,2PL | TOP | food | NEG-2PL | eat-FIN,
synthetic_texts_glossed.eaf,442,932187,934009,[SYN.442] মধুটি পরিষ্কার।,The honey is clean.,ɲɛlɛɾasa d̪ɔ sapʰaa.,ɲɛlɛɾasa d̪ɔ sapʰa-a.,ɲɛlɛɾasa | d̪ɔ | sapʰa-a,honey | TOP | clean-FIN,
synthetic_texts_glossed.eaf,443,934009,935691,[SYN.443] আত্মীয়টি নতুন।,The kindred is new.,əpus d̪ɔ nɔwaa.,əpus d̪ɔ nɔwa-a.,əpus | d̪ɔ | nɔwa-a,kindred | TOP | new-FIN,
synthetic_paradigm_glossed.eaf,444,935691,937891,[SYN.444] তাদের পিঁপড়া ভালো।,Their ant is good.,oŋkoaʔ muc̚ʔ d̪ɔ mɔ̃ɟa.,oŋko-aʔ muc̚ʔ d̪ɔ mɔ̃ɟ-a.,oŋko-aʔ | muc̚ʔ | d̪ɔ | mɔ̃ɟ-a,3PL-GEN | ant | TOP | good-FIN,
synthetic_see_paradigm.eaf,445,937891,939151,[SYN.445] তারা শব্দ করছে।,They are sounding.,oŋkoko ɾaːgɛd̪a.,oŋko-ko ɾaːg-ɛ-d̪a.,oŋko-ko | ɾaːg-ɛ-d̪a,3PL.ANIM-3PL.ANIM | sound-PROG-FIN,Synthetic PROG-FIN agreement pattern based on see-paradigm rows.
synthetic_school_dialogue_glossed.eaf,446,939151,941901,[SYN.446] গতকাল আমি দুধ পান করে নদীতে কাজ করব।,"Yesterday, I drink the milk and then work in the river.",hɔlaɾɛ iɲ t̪o̯͡a ɲukat̪ɛ gaɖaɾɛ kɘmia.,hɔla-ɾɛ iɲ t̪o̯͡a ɲu-kat̪ɛ gaɖa-ɾɛ kɘmi-a.,hɔla-ɾɛ | iɲ | t̪o̯͡a | ɲu-kat̪ɛ | gaɖa-ɾɛ | kɘmi-a,yesterday-LOC | 1SG | milk | drink-CVB | river-LOC | work-FIN,Synthetic sequential CVB clause with -kat̪ɛ.
synthetic_paradigm_glossed.eaf,447,941901,944037,[SYN.447] আমার মাছ ভালো।,My fish is good.,iɲaʔ haku d̪ɔ mɔ̃ɟa.,iɲ-aʔ haku d̪ɔ mɔ̃ɟ-a.,iɲ-aʔ | haku | d̪ɔ | mɔ̃ɟ-a,1SG-GEN | fish | TOP | good-FIN,
synthetic_dialogues_glossed.eaf,448,944037,947652,"[SYN.448] সে খাবার খাবে, কিন্তু খাবার খাবে না।","He/she will eat the food, but does not eat the food.",uni d̪ɔ ɟɔmaʔ ɟɔma mɛnkʰan ɟɔmaʔ bai̯ ɟɔma.,uni d̪ɔ ɟɔmaʔ ɟɔm-a mɛnkʰan ɟɔmaʔ ba-i̯ ɟɔm-a.,uni | d̪ɔ | ɟɔmaʔ | ɟɔm-a | mɛnkʰan | ɟɔmaʔ | ba-i̯ | ɟɔm-a,3SG.ANIM | TOP | food | eat-FIN | but | food | NEG-3SG.ANIM | eat-FIN,
synthetic_texts_glossed.eaf,449,947652,949357,[SYN.449] আত্মীয়টি পরিষ্কার।,The kindred is clean.,əpus d̪ɔ sapʰaa.,əpus d̪ɔ sapʰa-a.,əpus | d̪ɔ | sapʰa-a,kindred | TOP | clean-FIN,
synthetic_texts_glossed.eaf,450,949357,950907,[SYN.450] কুয়ায় একটি বাঁধ আছে।,There is an embankment in the well.,kuɲɾɛ band menaa.,kuɲ-ɾɛ band mena-a.,kuɲ-ɾɛ | band | mena-a,well-LOC | embankment | exist-FIN,Synthetic LOC + exist-FIN clause matching mena-a patterns.
synthetic_school_dialogue_glossed.eaf,451,950907,953521,[SYN.451] আজ তোমরা পাঠ পড়ে শহরে আসবে।,"Today, you all study the lesson and then come to the town.",t̪eheɲɾɛ apɛ sikʰnɘt̪ paɽha͡o̯kat̪ɛ sɔhɔɽɾɛ hiɟuʔa.,t̪eheɲ-ɾɛ apɛ sikʰnɘt̪ paɽha͡o̯-kat̪ɛ sɔhɔɽ-ɾɛ hiɟuʔ-a.,t̪eheɲ-ɾɛ | apɛ | sikʰnɘt̪ | paɽha͡o̯-kat̪ɛ | sɔhɔɽ-ɾɛ | hiɟuʔ-a,today-LOC | 2PL | lesson | study-CVB | town-LOC | come-FIN,Synthetic sequential CVB clause with -kat̪ɛ.
synthetic_paradigm_glossed.eaf,452,953521,955321,[SYN.452] তোমরা হাত দেখেছিলে।,You all saw the hand.,apɛpɛ t̪i ɲɛlkeda.,apɛ-pɛ t̪i ɲɛl-ked-a.,apɛ-pɛ | t̪i | ɲɛl-ked-a,2PL-2PL | hand | see-PST-FIN,
synthetic_texts_glossed.eaf,453,955321,956947,[SYN.453] শহরে একটি দুধ আছে।,There is a milk in the town.,sɔhɔɽɾɛ t̪o̯͡a menaa.,sɔhɔɽ-ɾɛ t̪o̯͡a mena-a.,sɔhɔɽ-ɾɛ | t̪o̯͡a | mena-a,town-LOC | milk | exist-FIN,
synthetic_bangla_glossed.eaf,454,956947,959076,[SYN.454] আমরা ঘড়ি কিনব।,We will buy the watch.,alɛ d̪ɔ gʰuɽi kiɾiɲa.,alɛ d̪ɔ gʰuɽi kiɾiɲ-a.,alɛ | d̪ɔ | gʰuɽi | kiɾiɲ-a,1PL.EXCL | TOP | watch | buy-FIN,
synthetic_see_paradigm.eaf,455,959076,961542,[SYN.455] আমি পা দেখব না।,I do not see the foot.,iɲ d̪ɔ kaʈa bɘɲ ɲɛla.,iɲ d̪ɔ kaʈa bɘ-ɲ ɲɛl-a.,iɲ | d̪ɔ | kaʈa | bɘ-ɲ | ɲɛl-a,1SG | TOP | foot | NEG-1SG | see-FIN,
synthetic_texts_glossed.eaf,456,961542,963102,[SYN.456] গুহাে একটি শত্রু আছে।,There is an enemy in the cave.,bʰugək̕ɾɛ bəi̯ɾi menaa.,bʰugək̕-ɾɛ bəi̯ɾi mena-a.,bʰugək̕-ɾɛ | bəi̯ɾi | mena-a,cave-LOC | enemy | exist-FIN,
synthetic_texts_glossed.eaf,457,963102,964612,[SYN.457] ফ্যাথমটি গুরুত্বপূর্ণ।,The fathom is important.,aɾpa d̪ɔ ɟɘɾuɽa.,aɾpa d̪ɔ ɟɘɾuɽ-a.,aɾpa | d̪ɔ | ɟɘɾuɽ-a,fathom | TOP | important-FIN,Synthetic TOP + adjectival-FIN clause following layout A/B labels.
synthetic_paradigm_glossed.eaf,458,964612,966622,[SYN.458] তাদের ব্রাহ্মণ পরিষ্কার।,Their brahman is clean.,oŋkoaʔ babɾẽ d̪ɔ sapʰaa.,oŋko-aʔ babɾẽ d̪ɔ sapʰa-a.,oŋko-aʔ | babɾẽ | d̪ɔ | sapʰa-a,3PL-GEN | brahman | TOP | clean-FIN,
synthetic_bangla_glossed.eaf,459,966622,968678,[SYN.459] সে কথা পড়বে।,He/she will study the word.,uni d̪ɔ kat̪ʰa paɽha͡o̯a.,uni d̪ɔ kat̪ʰa paɽha͡o̯-a.,uni | d̪ɔ | kat̪ʰa | paɽha͡o̯-a,3SG.ANIM | TOP | word | study-FIN,
synthetic_texts_glossed.eaf,460,968678,970515,[SYN.460] নদীতে একটি কথা আছে।,There is a word in the river.,gaɖaɾɛ kat̪ʰa menaa.,gaɖa-ɾɛ kat̪ʰa mena-a.,gaɖa-ɾɛ | kat̪ʰa | mena-a,river-LOC | word | exist-FIN,Synthetic LOC + exist-FIN clause matching mena-a patterns.
synthetic_school_dialogue_glossed.eaf,461,970515,973129,[SYN.461] সকালে আমরা পানি পান করে কুয়ায় খেলব।,"In the morning, we drink the water and then play in the well.",sɛt̪aʔɾɛ alɛ d̪aʔ ɲukat̪ɛ kuɲɾɛ gat̪ea.,sɛt̪aʔ-ɾɛ alɛ d̪aʔ ɲu-kat̪ɛ kuɲ-ɾɛ gat̪e-a.,sɛt̪aʔ-ɾɛ | alɛ | d̪aʔ | ɲu-kat̪ɛ | kuɲ-ɾɛ | gat̪e-a,morning-LOC | 1PL.EXCL | water | drink-CVB | well-LOC | play-FIN,
synthetic_school_dialogue_glossed.eaf,462,973129,976031,[SYN.462] সকালে তারা ভাষা লিখে নদীতে খেলবে।,"In the morning, they write the language and then play in the river.",sɛt̪aʔɾɛ oŋko pɘɾsi ɔlɔʔkat̪ɛ gaɖaɾɛ gat̪ea.,sɛt̪aʔ-ɾɛ oŋko pɘɾsi ɔlɔʔ-kat̪ɛ gaɖa-ɾɛ gat̪e-a.,sɛt̪aʔ-ɾɛ | oŋko | pɘɾsi | ɔlɔʔ-kat̪ɛ | gaɖa-ɾɛ | gat̪e-a,morning-LOC | 3PL.ANIM | language | write-CVB | river-LOC | play-FIN,
synthetic_see_paradigm.eaf,463,976031,977352,[SYN.463] তুমি কাজ করছ।,You is working.,amɛm kɘmiɛd̪a.,am-ɛm kɘmi-ɛ-d̪a.,am-ɛm | kɘmi-ɛ-d̪a,2SG-2SG | work-PROG-FIN,
synthetic_texts_glossed.eaf,464,977352,978973,[SYN.464] প্রণয়নটি ভালো।,The enactment is good.,ən d̪ɔ mɔ̃ɟa.,ən d̪ɔ mɔ̃ɟ-a.,ən | d̪ɔ | mɔ̃ɟ-a,enactment | TOP | good-FIN,
synthetic_bangla_glossed.eaf,465,978973,981902,[SYN.465] তারা এক ধরনের বাদ্যযন্ত্র ও মুক্তি দেখবে।,They will see the a kind of fiddle and the salvation.,oŋko d̪ɔ banam aɾ baɲt͡ʃao̯k̕ ɲɛla.,oŋko d̪ɔ banam aɾ baɲt͡ʃao̯k̕ ɲɛl-a.,oŋko | d̪ɔ | banam | aɾ | baɲt͡ʃao̯k̕ | ɲɛl-a,3PL.ANIM | TOP | a.kind.of | and | salvation | see-FIN,
synthetic_new_glossed_3.eaf,466,981902,984411,[SYN.466] একটি বামন বাড়িতে আছে।,One dwarf is in the house.,mit̪ʔʈɛn bãoɽã d̪ɔ ɔɽaʔɾɛ menaa.,mit̪ʔ-ʈɛn bãoɽã d̪ɔ ɔɽaʔ-ɾɛ mena-a.,mit̪ʔ-ʈɛn | bãoɽã | d̪ɔ | ɔɽaʔ-ɾɛ | mena-a,one-CLF.HUM | dwarf | TOP | house-LOC | exist-FIN,
synthetic_school_dialogue_glossed.eaf,467,984411,987037,[SYN.467] আজ সে পানি পান করে গ্রামে কাজ করবে।,"Today, he/she drink the water and then work in the village.",t̪eheɲɾɛ uni d̪aʔ ɲukat̪ɛ at̪oɾɛ kɘmia.,t̪eheɲ-ɾɛ uni d̪aʔ ɲu-kat̪ɛ at̪o-ɾɛ kɘmi-a.,t̪eheɲ-ɾɛ | uni | d̪aʔ | ɲu-kat̪ɛ | at̪o-ɾɛ | kɘmi-a,today-LOC | 3SG.ANIM | water | drink-CVB | village-LOC | work-FIN,
synthetic_dialogues_glossed.eaf,468,987037,990542,"[SYN.468] আমরা মানুষ সাহায্য করব, কিন্তু বাবা সাহায্য করব না।","We will help the person, but do not help the father.",alɛ d̪ɔ hɔɽ gɔɽɔa mɛnkʰan baba balɛ gɔɽɔa.,alɛ d̪ɔ hɔɽ gɔɽɔ-a mɛnkʰan baba ba-lɛ gɔɽɔ-a.,alɛ | d̪ɔ | hɔɽ | gɔɽɔ-a | mɛnkʰan | baba | ba-lɛ | gɔɽɔ-a,1PL.EXCL | TOP | person | help-FIN | but | father | NEG-1PL.EXCL | help-FIN,
synthetic_texts_glossed.eaf,469,990542,992282,[SYN.469] বিস্তীর্ণ ভূমিে একটি আতশবাজি আছে।,There is a fireworks in the wide expanse of land.,bilənɾɛ bʰui̯t͡ʃampa menaa.,bilən-ɾɛ bʰui̯t͡ʃampa mena-a.,bilən-ɾɛ | bʰui̯t͡ʃampa | mena-a,wide.expanse.of-LOC | fireworks | exist-FIN,
synthetic_dialogues_glossed.eaf,470,992282,994267,[SYN.470] আমি এখন কী করবে?,What will I do now?,nit̪ʔ cɛʔiɲ ceka ja.,nit̪ʔ cɛ-ʔ-iɲ cek-a ja.,nit̪ʔ | cɛ-ʔ-iɲ | cek-a | ja,now | what-NFIN-1SG.SUBJ | do-FIN | Q,
synthetic_school_dialogue_glossed.eaf,471,994267,997194,[SYN.471] সকালে আমরা মোবাইল ফোন কিনে কুয়ায় কাজ করব।,"In the morning, we buy the mobile phone and then work in the well.",sɛt̪aʔɾɛ alɛ mɔbaĭl pʰon kiɾiɲkat̪ɛ kuɲɾɛ kɘmia.,sɛt̪aʔ-ɾɛ alɛ mɔbaĭl pʰon kiɾiɲ-kat̪ɛ kuɲ-ɾɛ kɘmi-a.,sɛt̪aʔ-ɾɛ | alɛ | mɔbaĭl pʰon | kiɾiɲ-kat̪ɛ | kuɲ-ɾɛ | kɘmi-a,morning-LOC | 1PL.EXCL | mobile.phone | buy-CVB | well-LOC | work-FIN,
synthetic_paradigm_glossed.eaf,472,997194,999242,[SYN.472] আমার কুয়া গুরুত্বপূর্ণ।,My well is important.,iɲaʔ kuɲ d̪ɔ ɟɘɾuɽa.,iɲ-aʔ kuɲ d̪ɔ ɟɘɾuɽ-a.,iɲ-aʔ | kuɲ | d̪ɔ | ɟɘɾuɽ-a,1SG-GEN | well | TOP | important-FIN,
synthetic_dialogues_glossed.eaf,473,999242,1002850,"[SYN.473] আমি মা সাহায্য করব, কিন্তু মা সাহায্য করব না।","I will help the mother, but do not help the mother.",iɲ d̪ɔ gɔgɔ gɔɽɔa mɛnkʰan gɔgɔ bɘɲ gɔɽɔa.,iɲ d̪ɔ gɔgɔ gɔɽɔ-a mɛnkʰan gɔgɔ bɘ-ɲ gɔɽɔ-a.,iɲ | d̪ɔ | gɔgɔ | gɔɽɔ-a | mɛnkʰan | gɔgɔ | bɘ-ɲ | gɔɽɔ-a,1SG | TOP | mother | help-FIN | but | mother | NEG-1SG | help-FIN,
synthetic_texts_glossed.eaf,474,1002850,1004571,[SYN.474] ডাক্তারটি ভালো।,The doctor is good.,ɖak̚t̪aɾ d̪ɔ mɔ̃ɟa.,ɖak̚t̪aɾ d̪ɔ mɔ̃ɟ-a.,ɖak̚t̪aɾ | d̪ɔ | mɔ̃ɟ-a,doctor | TOP | good-FIN,
synthetic_texts_glossed.eaf,475,1004571,1006377,[SYN.475] বাসস্থানে একটি কুয়া আছে।,There is a well in the residence.,basaɾɛ kuɲ menaa.,basa-ɾɛ kuɲ mena-a.,basa-ɾɛ | kuɲ | mena-a,residence-LOC | well | exist-FIN,
synthetic_paradigm_glossed.eaf,476,1006377,1008376,[SYN.476] তোমার শিশু ভালো।,Your child is good.,amaʔ gid̪ɾɘ d̪ɔ mɔ̃ɟa.,am-aʔ gid̪ɾɘ d̪ɔ mɔ̃ɟ-a.,am-aʔ | gid̪ɾɘ | d̪ɔ | mɔ̃ɟ-a,2SG-GEN | child | TOP | good-FIN,
synthetic_see_paradigm.eaf,477,1008376,1009694,[SYN.477] আমরা খেলছি।,We are playing.,alɛlɛ gat̪eɛd̪a.,alɛ-lɛ gat̪e-ɛ-d̪a.,alɛ-lɛ | gat̪e-ɛ-d̪a,1PL.EXCL-1PL.EXCL | play-PROG-FIN,
synthetic_bangla_glossed.eaf,478,1009694,1011879,[SYN.478] সে ভাষা বলবে।,He/she will speak the language.,uni d̪ɔ pɘɾsi ɾɔɽa.,uni d̪ɔ pɘɾsi ɾɔɽ-a.,uni | d̪ɔ | pɘɾsi | ɾɔɽ-a,3SG.ANIM | TOP | language | speak-FIN,Synthetic transitive finite clause with TOP and FIN labels.
synthetic_paradigm_glossed.eaf,479,1011879,1013478,[SYN.479] তারা খাবার পেয়েছিল।,They got the food.,oŋkoko ɟɔmaʔ ɲamkeda.,oŋko-ko ɟɔmaʔ ɲam-ked-a.,oŋko-ko | ɟɔmaʔ | ɲam-ked-a,3PL.ANIM-3PL.ANIM | food | get-PST-FIN,
synthetic_bangla_glossed.eaf,480,1013478,1015597,[SYN.480] সে টাকা পাবে।,He/she will get the money.,uni d̪ɔ ʈaka ɲama.,uni d̪ɔ ʈaka ɲam-a.,uni | d̪ɔ | ʈaka | ɲam-a,3SG.ANIM | TOP | money | get-FIN,Synthetic transitive finite clause with TOP and FIN labels.
synthetic_texts_glossed.eaf,481,1015597,1017137,[SYN.481] হ্রদে একটি মানুষ আছে।,There is a person in the lake.,ɟɔlaɾɛ hɔɽ menaa.,ɟɔla-ɾɛ hɔɽ mena-a.,ɟɔla-ɾɛ | hɔɽ | mena-a,lake-LOC | person | exist-FIN,Synthetic LOC + exist-FIN clause matching mena-a patterns.
synthetic_see_paradigm.eaf,482,1017137,1019480,[SYN.482] তোমরা মানুষ সাহায্য করবে না।,You all do not help the person.,apɛ d̪ɔ hɔɽ bapɛ gɔɽɔa.,apɛ d̪ɔ hɔɽ ba-pɛ gɔɽɔ-a.,apɛ | d̪ɔ | hɔɽ | ba-pɛ | gɔɽɔ-a,2PL | TOP | person | NEG-2PL | help-FIN,
synthetic_see_paradigm.eaf,483,1019480,1020822,[SYN.483] আমি খেলছি।,I am playing.,iɲiɲ gat̪eɛd̪a.,iɲ-iɲ gat̪e-ɛ-d̪a.,iɲ-iɲ | gat̪e-ɛ-d̪a,1SG-1SG | play-PROG-FIN,
synthetic_new_glossed.eaf,484,1020822,1022703,[SYN.484] আমরা খাবার পেয়েছি।,We have gotten the food.,alɛ d̪ɔ ɟɔmaʔ ɲamakada.,alɛ d̪ɔ ɟɔmaʔ ɲam-akad-a.,alɛ | d̪ɔ | ɟɔmaʔ | ɲam-akad-a,1PL.EXCL | TOP | food | get-PRF-FIN,
synthetic_dialogues_glossed.eaf,485,1022703,1026217,"[SYN.485] তারা খাবার পাবে, কিন্তু টাকা পাবে না।","They will get the food, but do not get the money.",oŋko d̪ɔ ɟɔmaʔ ɲama mɛnkʰan ʈaka bako ɲama.,oŋko d̪ɔ ɟɔmaʔ ɲam-a mɛnkʰan ʈaka ba-ko ɲam-a.,oŋko | d̪ɔ | ɟɔmaʔ | ɲam-a | mɛnkʰan | ʈaka | ba-ko | ɲam-a,3PL.ANIM | TOP | food | get-FIN | but | money | NEG-3PL.ANIM | get-FIN,
synthetic_texts_glossed.eaf,486,1026217,1027883,[SYN.486] উঠানে একটি অশান্তি আছে।,There is an unrest in the courtyard of house.,bəteɾɛ bɛtʰiɾ menaa.,bəte-ɾɛ bɛtʰiɾ mena-a.,bəte-ɾɛ | bɛtʰiɾ | mena-a,courtyard.of.house-LOC | unrest | exist-FIN,
synthetic_bangla_glossed.eaf,487,1027883,1030624,[SYN.487] সে দুধ ও পানি পান করবে।,He/she will drink the milk and the water.,uni d̪ɔ t̪o̯͡a aɾ d̪aʔ ɲua.,uni d̪ɔ t̪o̯͡a aɾ d̪aʔ ɲu-a.,uni | d̪ɔ | t̪o̯͡a | aɾ | d̪aʔ | ɲu-a,3SG.ANIM | TOP | milk | and | water | drink-FIN,
synthetic_texts_glossed.eaf,488,1030624,1032157,[SYN.488] কুয়ায় একটি অর্জন আছে।,There is a gain in the well.,kuɲɾɛ ae̯ upəi̯ menaa.,kuɲ-ɾɛ ae̯ upəi̯ mena-a.,kuɲ-ɾɛ | ae̯ upəi̯ | mena-a,well-LOC | gain | exist-FIN,
synthetic_paradigm_glossed.eaf,489,1032157,1033922,[SYN.489] সে কথা বলেছিল।,He/she spoke the word.,unii̯ kat̪ʰa ɾɔɽkeda.,uni-i̯ kat̪ʰa ɾɔɽ-ked-a.,uni-i̯ | kat̪ʰa | ɾɔɽ-ked-a,3SG.ANIM-3SG.ANIM | word | speak-PST-FIN,
synthetic_dialogues_glossed.eaf,490,1033922,1037506,"[SYN.490] আমরা বেশ্যা দেখব, কিন্তু নেতিবাচক দেখব না।","We will see the harlot, but do not see the negative.",alɛ d̪ɔ bət͡ʃkəɾ ɲɛla mɛnkʰan baŋ balɛ ɲɛla.,alɛ d̪ɔ bət͡ʃkəɾ ɲɛl-a mɛnkʰan baŋ ba-lɛ ɲɛl-a.,alɛ | d̪ɔ | bət͡ʃkəɾ | ɲɛl-a | mɛnkʰan | baŋ | ba-lɛ | ɲɛl-a,1PL.EXCL | TOP | harlot | see-FIN | but | negative | NEG-1PL.EXCL | see-FIN,Synthetic contrast with mɛnkʰan 'but' and NEG marking.
synthetic_paradigm_glossed.eaf,491,1037506,1039431,[SYN.491] আমার বাবা ভালো।,My father is good.,iɲaʔ baba d̪ɔ mɔ̃ɟa.,iɲ-aʔ baba d̪ɔ mɔ̃ɟ-a.,iɲ-aʔ | baba | d̪ɔ | mɔ̃ɟ-a,1SG-GEN | father | TOP | good-FIN,Synthetic GEN + TOP clause using pronoun markers from ground truth.
synthetic_see_paradigm.eaf,492,1039431,1041781,[SYN.492] তুমি মা সাহায্য করবে না।,You do not help the mother.,am d̪ɔ gɔgɔ bam gɔɽɔa.,am d̪ɔ gɔgɔ ba-m gɔɽɔ-a.,am | d̪ɔ | gɔgɔ | ba-m | gɔɽɔ-a,2SG | TOP | mother | NEG-2SG | help-FIN,
synthetic_school_dialogue_glossed.eaf,493,1041781,1044548,[SYN.493] আজ তোমরা খাবার কিনে নদীতে খেলবে।,"Today, you all buy the food and then play in the river.",t̪eheɲɾɛ apɛ ɟɔmaʔ kiɾiɲkat̪ɛ gaɖaɾɛ gat̪ea.,t̪eheɲ-ɾɛ apɛ ɟɔmaʔ kiɾiɲ-kat̪ɛ gaɖa-ɾɛ gat̪e-a.,t̪eheɲ-ɾɛ | apɛ | ɟɔmaʔ | kiɾiɲ-kat̪ɛ | gaɖa-ɾɛ | gat̪e-a,today-LOC | 2PL | food | buy-CVB | river-LOC | play-FIN,Synthetic sequential CVB clause with -kat̪ɛ.
synthetic_imperatives_glossed.eaf,494,1044548,1046611,[SYN.494] দয়া করে দুধ পান করো।,Please drink the milk.,d̪a.ja kat̪ɛ t̪o̯͡a ɲumɛ.,d̪a.ja kat̪ɛ t̪o̯͡a ɲu-mɛ.,d̪a.ja | kat̪ɛ | t̪o̯͡a | ɲu-mɛ,please | Manner | milk | drink-IMP.2SG.POL,
synthetic_see_paradigm.eaf,495,1046611,1047910,[SYN.495] আমরা আসছি।,We are coming.,alɛlɛ hiɟuʔɛd̪a.,alɛ-lɛ hiɟuʔ-ɛ-d̪a.,alɛ-lɛ | hiɟuʔ-ɛ-d̪a,1PL.EXCL-1PL.EXCL | come-PROG-FIN,
synthetic_texts_glossed.eaf,496,1047910,1049595,[SYN.496] নিকটবর্তী এলাকাে একটি অবশিষ্ট আছে।,There is a residue in the vicinity.,aɖe ʈolaɾɛ bəɖɾə menaa.,aɖe ʈola-ɾɛ bəɖɾə mena-a.,aɖe ʈola-ɾɛ | bəɖɾə | mena-a,vicinity-LOC | residue | exist-FIN,
synthetic_texts_glossed.eaf,497,1049595,1051394,[SYN.497] স্কুলে একটি ভাই আছে।,There is a brother in the school.,iskulɾɛ baɾet menaa.,iskul-ɾɛ baɾet mena-a.,iskul-ɾɛ | baɾet | mena-a,school-LOC | brother | exist-FIN,
synthetic_bangla_glossed.eaf,498,1051394,1053305,[SYN.498] আমি খিঁচুনি দেখব।,I will see the convulsions.,iɲ d̪ɔ ḅahiɾ bəi̯ ɲɛla.,iɲ d̪ɔ ḅahiɾ bəi̯ ɲɛl-a.,iɲ | d̪ɔ | ḅahiɾ bəi̯ | ɲɛl-a,1SG | TOP | convulsions | see-FIN,
synthetic_see_paradigm.eaf,499,1053305,1055780,[SYN.499] তারা পাঠ পড়বে না।,They do not study the lesson.,oŋko d̪ɔ sikʰnɘt̪ bako paɽha͡o̯a.,oŋko d̪ɔ sikʰnɘt̪ ba-ko paɽha͡o̯-a.,oŋko | d̪ɔ | sikʰnɘt̪ | ba-ko | paɽha͡o̯-a,3PL.ANIM | TOP | lesson | NEG-3PL.ANIM | study-FIN,Synthetic NEG-pronominal marker pattern from the see paradigm.
synthetic_see_paradigm.eaf,500,1055780,1058065,[SYN.500] তুমি মোবাইল ফোন বিক্রি করবে না।,You do not sell the mobile phone.,am d̪ɔ mɔbaĭl pʰon bam ɘkʰɾiɲa.,am d̪ɔ mɔbaĭl pʰon ba-m ɘkʰɾiɲ-a.,am | d̪ɔ | mɔbaĭl pʰon | ba-m | ɘkʰɾiɲ-a,2SG | TOP | mobile.phone | NEG-2SG | sell-FIN,
synthetic_texts_glossed.eaf,501,1058065,1059575,[SYN.501] বাবাটি ছোট।,The father is small.,baba d̪ɔ lɘʈua.,baba d̪ɔ lɘʈu-a.,baba | d̪ɔ | lɘʈu-a,father | TOP | small-FIN,
synthetic_see_paradigm.eaf,502,1059575,1060771,[SYN.502] আমি কাজ করছি।,I am working.,iɲiɲ kɘmiɛd̪a.,iɲ-iɲ kɘmi-ɛ-d̪a.,iɲ-iɲ | kɘmi-ɛ-d̪a,1SG-1SG | work-PROG-FIN,
synthetic_bangla_glossed.eaf,503,1060771,1062891,[SYN.503] তোমরা অতিরিক্ত খাজনা দেখবে।,You all will see the additional assessment on rent.,apɛ d̪ɔ bʰed͡ʒa ɲɛla.,apɛ d̪ɔ bʰed͡ʒa ɲɛl-a.,apɛ | d̪ɔ | bʰed͡ʒa | ɲɛl-a,2PL | TOP | additional.assessment.on | see-FIN,
synthetic_texts_glossed.eaf,504,1062891,1064598,[SYN.504] স্কুলটি গুরুত্বপূর্ণ।,The school is important.,iskul d̪ɔ ɟɘɾuɽa.,iskul d̪ɔ ɟɘɾuɽ-a.,iskul | d̪ɔ | ɟɘɾuɽ-a,school | TOP | important-FIN,
synthetic_paradigm_glossed.eaf,505,1064598,1066616,[SYN.505] তাদের শহর নতুন।,Their town is new.,oŋkoaʔ sɔhɔɽ d̪ɔ nɔwaa.,oŋko-aʔ sɔhɔɽ d̪ɔ nɔwa-a.,oŋko-aʔ | sɔhɔɽ | d̪ɔ | nɔwa-a,3PL-GEN | town | TOP | new-FIN,
synthetic_texts_glossed.eaf,506,1066616,1068188,[SYN.506] পৈতৃক সম্পত্তিটি ভালো।,The paternal estate is good.,bapɔti dʰo d̪ɔ mɔ̃ɟa.,bapɔti dʰo d̪ɔ mɔ̃ɟ-a.,bapɔti dʰo | d̪ɔ | mɔ̃ɟ-a,paternal.estate | TOP | good-FIN,
synthetic_dialogues_glossed.eaf,507,1068188,1071698,"[SYN.507] আমি ঝুড়ি দেখব, কিন্তু দেওয়াল দেখব না।","I will see the basket, but do not see the wall.",iɲ d̪ɔ bʰad͡ʒan ɲɛla mɛnkʰan bʰit bɘɲ ɲɛla.,iɲ d̪ɔ bʰad͡ʒan ɲɛl-a mɛnkʰan bʰit bɘ-ɲ ɲɛl-a.,iɲ | d̪ɔ | bʰad͡ʒan | ɲɛl-a | mɛnkʰan | bʰit | bɘ-ɲ | ɲɛl-a,1SG | TOP | basket | see-FIN | but | wall | NEG-1SG | see-FIN,
synthetic_imperatives_glossed.eaf,508,1071698,1073907,[SYN.508] দয়া করে নদীতে বসো।,Please sit in the river.,d̪a.ja kat̪ɛ gaɖaɾɛ d̪uɽup̚ʔmɛ.,d̪a.ja kat̪ɛ gaɖa-ɾɛ d̪uɽup̚ʔ-mɛ.,d̪a.ja | kat̪ɛ | gaɖa-ɾɛ | d̪uɽup̚ʔ-mɛ,please | Manner | river-LOC | sit-IMP.2SG.POL,
synthetic_texts_glossed.eaf,509,1073907,1075649,[SYN.509] বামনটি ভালো।,The dwarf is good.,bãoɽã d̪ɔ mɔ̃ɟa.,bãoɽã d̪ɔ mɔ̃ɟ-a.,bãoɽã | d̪ɔ | mɔ̃ɟ-a,dwarf | TOP | good-FIN,Synthetic TOP + adjectival-FIN clause following layout A/B labels.
synthetic_school_dialogue_glossed.eaf,510,1075649,1078251,[SYN.510] গতকাল তোমরা দুধ পান করে হ্রদে কাজ করবে।,"Yesterday, you all drink the milk and then work in the lake.",hɔlaɾɛ apɛ t̪o̯͡a ɲukat̪ɛ ɟɔlaɾɛ kɘmia.,hɔla-ɾɛ apɛ t̪o̯͡a ɲu-kat̪ɛ ɟɔla-ɾɛ kɘmi-a.,hɔla-ɾɛ | apɛ | t̪o̯͡a | ɲu-kat̪ɛ | ɟɔla-ɾɛ | kɘmi-a,yesterday-LOC | 2PL | milk | drink-CVB | lake-LOC | work-FIN,
synthetic_texts_glossed.eaf,511,1078251,1079822,[SYN.511] ফকিরটি পরিষ্কার।,The fakeer is clean.,babad͡ʒi d̪ɔ sapʰaa.,babad͡ʒi d̪ɔ sapʰa-a.,babad͡ʒi | d̪ɔ | sapʰa-a,fakeer | TOP | clean-FIN,
synthetic_texts_glossed.eaf,512,1079822,1081596,[SYN.512] বাসস্থানে একটি উৎসব আছে।,There is a festival in the dwelling place.,basɾɛ pɔɾɔb menaa.,bas-ɾɛ pɔɾɔb mena-a.,bas-ɾɛ | pɔɾɔb | mena-a,dwelling.place-LOC | festival | exist-FIN,Synthetic LOC + exist-FIN clause matching mena-a patterns.
synthetic_paradigm_glossed.eaf,513,1081596,1083759,[SYN.513] তার দাম পরিষ্কার।,His/her price is clean.,uniaʔ bʰao̯ d̪ɔ sapʰaa.,uni-aʔ bʰao̯ d̪ɔ sapʰa-a.,uni-aʔ | bʰao̯ | d̪ɔ | sapʰa-a,3SG-GEN | price | TOP | clean-FIN,Synthetic GEN + TOP clause using pronoun markers from ground truth.
synthetic_paradigm_glossed.eaf,514,1083759,1085810,[SYN.514] তার পা ভালো।,His/her leg is good.,uniaʔ ɟaŋga d̪ɔ mɔ̃ɟa.,uni-aʔ ɟaŋga d̪ɔ mɔ̃ɟ-a.,uni-aʔ | ɟaŋga | d̪ɔ | mɔ̃ɟ-a,3SG-GEN | leg | TOP | good-FIN,
synthetic_paradigm_glossed.eaf,515,1085810,1087794,[SYN.515] তোমার রান্না পরিষ্কার।,Your cooked food is clean.,amaʔ basaŋ d̪ɔ sapʰaa.,am-aʔ basaŋ d̪ɔ sapʰa-a.,am-aʔ | basaŋ | d̪ɔ | sapʰa-a,2SG-GEN | cooked.food | TOP | clean-FIN,Synthetic GEN + TOP clause using pronoun markers from ground truth.
synthetic_paradigm_glossed.eaf,516,1087794,1089890,[SYN.516] তোমার দেওয়াল নতুন।,Your wall is new.,amaʔ bʰit d̪ɔ nɔwaa.,am-aʔ bʰit d̪ɔ nɔwa-a.,am-aʔ | bʰit | d̪ɔ | nɔwa-a,2SG-GEN | wall | TOP | new-FIN,
synthetic_texts_glossed.eaf,517,1089890,1091470,[SYN.517] জাফরিটি গুরুত্বপূর্ণ।,The lattice work is important.,bata d̪ɔ ɟɘɾuɽa.,bata d̪ɔ ɟɘɾuɽ-a.,bata | d̪ɔ | ɟɘɾuɽ-a,lattice.work | TOP | important-FIN,
synthetic_new_glossed.eaf,518,1091470,1093343,[SYN.518] তারা পবিত্র সিন্দুক দেখেছে।,They have seen the ark of the covenant.,oŋko d̪ɔ ən sunduk ɲɛlakada.,oŋko d̪ɔ ən sunduk ɲɛl-akad-a.,oŋko | d̪ɔ | ən sunduk | ɲɛl-akad-a,3PL.ANIM | TOP | ark.of.the | see-PRF-FIN,
synthetic_see_paradigm.eaf,519,1093343,1095575,[SYN.519] তারা ভাষা বলবে না।,They do not speak the language.,oŋko d̪ɔ pɘɾsi bako ɾɔɽa.,oŋko d̪ɔ pɘɾsi ba-ko ɾɔɽ-a.,oŋko | d̪ɔ | pɘɾsi | ba-ko | ɾɔɽ-a,3PL.ANIM | TOP | language | NEG-3PL.ANIM | speak-FIN,Synthetic NEG-pronominal marker pattern from the see paradigm.
synthetic_new_glossed.eaf,520,1095575,1097560,[SYN.520] তুমি খাবার খেয়েছ।,You have eaten the food.,am d̪ɔ ɟɔmaʔ ɟɔmakada.,am d̪ɔ ɟɔmaʔ ɟɔm-akad-a.,am | d̪ɔ | ɟɔmaʔ | ɟɔm-akad-a,2SG | TOP | food | eat-PRF-FIN,
synthetic_new_glossed.eaf,521,1097560,1099473,[SYN.521] তারা রান্না খেয়েছে।,They have eaten the cooked food.,oŋko d̪ɔ basaŋ ɟɔmakada.,oŋko d̪ɔ basaŋ ɟɔm-akad-a.,oŋko | d̪ɔ | basaŋ | ɟɔm-akad-a,3PL.ANIM | TOP | cooked.food | eat-PRF-FIN,Synthetic PRF-FIN clause modeled on akad-a rows.
synthetic_texts_glossed.eaf,522,1099473,1101104,[SYN.522] পাটি ভালো।,The leg is good.,ɟaŋga d̪ɔ mɔ̃ɟa.,ɟaŋga d̪ɔ mɔ̃ɟ-a.,ɟaŋga | d̪ɔ | mɔ̃ɟ-a,leg | TOP | good-FIN,
synthetic_new_glossed_3.eaf,523,1101104,1103415,[SYN.523] একটি মাছ হ্রদে আছে।,One fish is in the lake.,mit̪ʔ haku d̪ɔ ɟɔlaɾɛ menaa.,mit̪ʔ haku d̪ɔ ɟɔla-ɾɛ mena-a.,mit̪ʔ | haku | d̪ɔ | ɟɔla-ɾɛ | mena-a,one | fish | TOP | lake-LOC | exist-FIN,
synthetic_see_paradigm.eaf,524,1103415,1104641,[SYN.524] তুমি মারা যাচ্ছ।,You is dying.,amɛm gɔc̚ʔɛd̪a.,am-ɛm gɔc̚ʔ-ɛ-d̪a.,am-ɛm | gɔc̚ʔ-ɛ-d̪a,2SG-2SG | die-PROG-FIN,
synthetic_imperatives_glossed.eaf,525,1104641,1106752,[SYN.525] দয়া করে পানি পান করো।,Please drink the water.,d̪a.ja kat̪ɛ d̪aʔ ɲumɛ.,d̪a.ja kat̪ɛ d̪aʔ ɲu-mɛ.,d̪a.ja | kat̪ɛ | d̪aʔ | ɲu-mɛ,please | Manner | water | drink-IMP.2SG.POL,
synthetic_texts_glossed.eaf,526,1106752,1108572,[SYN.526] গুহাে একটি জীবন আছে।,There is a life in the cave.,bʰugək̕ɾɛ ɟiŋgi menaa.,bʰugək̕-ɾɛ ɟiŋgi mena-a.,bʰugək̕-ɾɛ | ɟiŋgi | mena-a,cave-LOC | life | exist-FIN,
synthetic_new_glossed.eaf,527,1108572,1110780,[SYN.527] তারা মা সাহায্য করেছে।,They have helped the mother.,oŋko d̪ɔ gɔgɔ gɔɽɔakada.,oŋko d̪ɔ gɔgɔ gɔɽɔ-akad-a.,oŋko | d̪ɔ | gɔgɔ | gɔɽɔ-akad-a,3PL.ANIM | TOP | mother | help-PRF-FIN,
synthetic_imperatives_glossed.eaf,528,1110780,1112723,[SYN.528] দয়া করে বাড়িতে যাও।,Please go to the house.,d̪a.ja kat̪ɛ ɔɽaʔɾɛ calaʔmɛ.,d̪a.ja kat̪ɛ ɔɽaʔ-ɾɛ calaʔ-mɛ.,d̪a.ja | kat̪ɛ | ɔɽaʔ-ɾɛ | calaʔ-mɛ,please | Manner | house-LOC | go-IMP.2SG.POL,Synthetic polite imperative with d̪a.ja kat̪ɛ and -mɛ.
synthetic_texts_glossed.eaf,529,1112723,1114315,[SYN.529] পাল (নৌকার)টি পরিষ্কার।,The sail is clean.,baɖɔm d̪ɔ sapʰaa.,baɖɔm d̪ɔ sapʰa-a.,baɖɔm | d̪ɔ | sapʰa-a,sail | TOP | clean-FIN,
synthetic_new_glossed.eaf,530,1114315,1116198,[SYN.530] আমি ভাষা পড়েছি।,I have studied the language.,iɲ d̪ɔ pɘɾsi paɽha͡o̯akada.,iɲ d̪ɔ pɘɾsi paɽha͡o̯-akad-a.,iɲ | d̪ɔ | pɘɾsi | paɽha͡o̯-akad-a,1SG | TOP | language | study-PRF-FIN,
synthetic_bangla_glossed.eaf,531,1116198,1118072,[SYN.531] তারা ভাষা বলবে।,They will speak the language.,oŋko d̪ɔ pɘɾsi ɾɔɽa.,oŋko d̪ɔ pɘɾsi ɾɔɽ-a.,oŋko | d̪ɔ | pɘɾsi | ɾɔɽ-a,3PL.ANIM | TOP | language | speak-FIN,
synthetic_dialogues_glossed.eaf,532,1118072,1121426,"[SYN.532] তুমি খাবার পাবে, কিন্তু ছবি পাবে না।","You will get the food, but do not get the photo.",am d̪ɔ ɟɔmaʔ ɲama mɛnkʰan pʰɔʈɔ bam ɲama.,am d̪ɔ ɟɔmaʔ ɲam-a mɛnkʰan pʰɔʈɔ ba-m ɲam-a.,am | d̪ɔ | ɟɔmaʔ | ɲam-a | mɛnkʰan | pʰɔʈɔ | ba-m | ɲam-a,2SG | TOP | food | get-FIN | but | photo | NEG-2SG | get-FIN,
synthetic_see_paradigm.eaf,533,1121426,1122798,[SYN.533] তারা মারা যাচ্ছে।,They are dying.,oŋkoko gɔc̚ʔɛd̪a.,oŋko-ko gɔc̚ʔ-ɛ-d̪a.,oŋko-ko | gɔc̚ʔ-ɛ-d̪a,3PL.ANIM-3PL.ANIM | die-PROG-FIN,
synthetic_see_paradigm.eaf,534,1122798,1125137,[SYN.534] আমি খাবার বিক্রি করব না।,I do not sell the food.,iɲ d̪ɔ ɟɔmaʔ bɘɲ ɘkʰɾiɲa.,iɲ d̪ɔ ɟɔmaʔ bɘ-ɲ ɘkʰɾiɲ-a.,iɲ | d̪ɔ | ɟɔmaʔ | bɘ-ɲ | ɘkʰɾiɲ-a,1SG | TOP | food | NEG-1SG | sell-FIN,Synthetic NEG-pronominal marker pattern from the see paradigm.
synthetic_new_glossed_3.eaf,535,1125137,1127647,[SYN.535] একটি ভাগ্নী হ্রদে আছে।,One niece is in the lake.,mit̪ʔʈɛn bʰət͡ʃə d̪ɔ ɟɔlaɾɛ menaa.,mit̪ʔ-ʈɛn bʰət͡ʃə d̪ɔ ɟɔla-ɾɛ mena-a.,mit̪ʔ-ʈɛn | bʰət͡ʃə | d̪ɔ | ɟɔla-ɾɛ | mena-a,one-CLF.HUM | niece | TOP | lake-LOC | exist-FIN,
synthetic_new_glossed_3.eaf,536,1127647,1129909,[SYN.536] একটি উত্তরাধিকার শহরে আছে।,One heritage is in the town.,mit̪ʔʈɛn bapɔti dʰɔn d̪ɔ sɔhɔɽɾɛ menaa.,mit̪ʔ-ʈɛn bapɔti dʰɔn d̪ɔ sɔhɔɽ-ɾɛ mena-a.,mit̪ʔ-ʈɛn | bapɔti dʰɔn | d̪ɔ | sɔhɔɽ-ɾɛ | mena-a,one-CLF.HUM | heritage | TOP | town-LOC | exist-FIN,
synthetic_bangla_glossed.eaf,537,1129909,1131975,[SYN.537] তোমরা কথা বলবে।,You all will speak the word.,apɛ d̪ɔ kat̪ʰa ɾɔɽa.,apɛ d̪ɔ kat̪ʰa ɾɔɽ-a.,apɛ | d̪ɔ | kat̪ʰa | ɾɔɽ-a,2PL | TOP | word | speak-FIN,
synthetic_see_paradigm.eaf,538,1131975,1134447,[SYN.538] তুমি দুধ পান করবে না।,You do not drink the milk.,am d̪ɔ t̪o̯͡a bam ɲua.,am d̪ɔ t̪o̯͡a ba-m ɲu-a.,am | d̪ɔ | t̪o̯͡a | ba-m | ɲu-a,2SG | TOP | milk | NEG-2SG | drink-FIN,
synthetic_dialogues_glossed.eaf,539,1134447,1135832,[SYN.539] আমরা কেমন আছে?,How are we?,cɛt̪ʔlɛka menlɛa.,cɛt̪ʔ-lɛka men-lɛ-a.,cɛt̪ʔ-lɛka | men-lɛ-a,how-like | be.NFIN-1PL.EXCL-FIN,
synthetic_paradigm_glossed.eaf,540,1135832,1137984,[SYN.540] আমার ঔষধ নতুন।,My medicine is new.,iɲaʔ ɾan d̪ɔ nɔwaa.,iɲ-aʔ ɾan d̪ɔ nɔwa-a.,iɲ-aʔ | ɾan | d̪ɔ | nɔwa-a,1SG-GEN | medicine | TOP | new-FIN,
synthetic_texts_glossed.eaf,541,1137984,1139771,[SYN.541] নদীতে একটি সময় আছে।,There is a time in the river.,gaɖaɾɛ ɔkt̪ɛ menaa.,gaɖa-ɾɛ ɔkt̪ɛ mena-a.,gaɖa-ɾɛ | ɔkt̪ɛ | mena-a,river-LOC | time | exist-FIN,Synthetic LOC + exist-FIN clause matching mena-a patterns.
synthetic_new_glossed.eaf,542,1139771,1141881,[SYN.542] আমি দুধ পান করেছি।,I have drunk the milk.,iɲ d̪ɔ t̪o̯͡a ɲuakada.,iɲ d̪ɔ t̪o̯͡a ɲu-akad-a.,iɲ | d̪ɔ | t̪o̯͡a | ɲu-akad-a,1SG | TOP | milk | drink-PRF-FIN,
synthetic_texts_glossed.eaf,543,1141881,1143565,[SYN.543] শহরে একটি আদালত আছে।,There is a court in the town.,sɔhɔɽɾɛ adalot menaa.,sɔhɔɽ-ɾɛ adalot mena-a.,sɔhɔɽ-ɾɛ | adalot | mena-a,town-LOC | court | exist-FIN,
synthetic_see_paradigm.eaf,544,1143565,1146085,[SYN.544] আমরা ডাক্তার সাহায্য করব না।,We do not help the doctor.,alɛ d̪ɔ ɖak̚t̪aɾ balɛ gɔɽɔa.,alɛ d̪ɔ ɖak̚t̪aɾ ba-lɛ gɔɽɔ-a.,alɛ | d̪ɔ | ɖak̚t̪aɾ | ba-lɛ | gɔɽɔ-a,1PL.EXCL | TOP | doctor | NEG-1PL.EXCL | help-FIN,
synthetic_dialogues_glossed.eaf,545,1146085,1149491,"[SYN.545] আমি ভাষা বলব, কিন্তু ভাষা বলব না।","I will speak the language, but do not speak the language.",iɲ d̪ɔ pɘɾsi ɾɔɽa mɛnkʰan pɘɾsi bɘɲ ɾɔɽa.,iɲ d̪ɔ pɘɾsi ɾɔɽ-a mɛnkʰan pɘɾsi bɘ-ɲ ɾɔɽ-a.,iɲ | d̪ɔ | pɘɾsi | ɾɔɽ-a | mɛnkʰan | pɘɾsi | bɘ-ɲ | ɾɔɽ-a,1SG | TOP | language | speak-FIN | but | language | NEG-1SG | speak-FIN,
synthetic_new_glossed_3.eaf,546,1149491,1151820,[SYN.546] একটি উত্তরাধিকার বাড়িতে আছে।,One heritage is in the house.,mit̪ʔʈɛn bapɔti dʰɔn d̪ɔ ɔɽaʔɾɛ menaa.,mit̪ʔ-ʈɛn bapɔti dʰɔn d̪ɔ ɔɽaʔ-ɾɛ mena-a.,mit̪ʔ-ʈɛn | bapɔti dʰɔn | d̪ɔ | ɔɽaʔ-ɾɛ | mena-a,one-CLF.HUM | heritage | TOP | house-LOC | exist-FIN,
synthetic_dialogues_glossed.eaf,547,1151820,1155245,"[SYN.547] সে ভাষা লিখবে, কিন্তু ভাষা লিখবে না।","He/she will write the language, but does not write the language.",uni d̪ɔ pɘɾsi ɔlɔʔa mɛnkʰan pɘɾsi bai̯ ɔlɔʔa.,uni d̪ɔ pɘɾsi ɔlɔʔ-a mɛnkʰan pɘɾsi ba-i̯ ɔlɔʔ-a.,uni | d̪ɔ | pɘɾsi | ɔlɔʔ-a | mɛnkʰan | pɘɾsi | ba-i̯ | ɔlɔʔ-a,3SG.ANIM | TOP | language | write-FIN | but | language | NEG-3SG.ANIM | write-FIN,
synthetic_paradigm_glossed.eaf,548,1155245,1157231,[SYN.548] তাদের মা আনন্দের।,Their mother is happy.,oŋkoaʔ gɔgɔ d̪ɔ ɾɘskɘa.,oŋko-aʔ gɔgɔ d̪ɔ ɾɘskɘ-a.,oŋko-aʔ | gɔgɔ | d̪ɔ | ɾɘskɘ-a,3PL-GEN | mother | TOP | happy-FIN,
synthetic_bangla_glossed.eaf,549,1157231,1159124,[SYN.549] তারা পানি পান করবে।,They will drink the water.,oŋko d̪ɔ d̪aʔ ɲua.,oŋko d̪ɔ d̪aʔ ɲu-a.,oŋko | d̪ɔ | d̪aʔ | ɲu-a,3PL.ANIM | TOP | water | drink-FIN,
synthetic_texts_glossed.eaf,550,1159124,1160635,[SYN.550] ইংল্যান্ডে একটি খাবারের অবশিষ্ট আছে।,There is a leftover food in the england.,bilətɾɛ əi̯ʈʰə menaa.,bilət-ɾɛ əi̯ʈʰə mena-a.,bilət-ɾɛ | əi̯ʈʰə | mena-a,england-LOC | leftover.food | exist-FIN,
synthetic_paradigm_glossed.eaf,551,1160635,1162182,[SYN.551] তুমি কথা পড়েছিলে।,You studied the word.,amɛm kat̪ʰa paɽha͡o̯keda.,am-ɛm kat̪ʰa paɽha͡o̯-ked-a.,am-ɛm | kat̪ʰa | paɽha͡o̯-ked-a,2SG-2SG | word | study-PST-FIN,
synthetic_bangla_glossed.eaf,552,1162182,1164089,[SYN.552] তোমরা খাবার পাবে।,You all will get the food.,apɛ d̪ɔ ɟɔmaʔ ɲama.,apɛ d̪ɔ ɟɔmaʔ ɲam-a.,apɛ | d̪ɔ | ɟɔmaʔ | ɲam-a,2PL | TOP | food | get-FIN,
synthetic_school_dialogue_glossed.eaf,553,1164089,1166680,[SYN.553] সেই সময় আমরা অনুরোধ দেখে স্কুলে কাজ করব।,"At that time, we see the request and then work in the school.",ɔkt̪ɛɾɛ alɛ aɾd͡ʒa əɾd͡ʒi ɲɛlkat̪ɛ iskulɾɛ kɘmia.,ɔkt̪ɛ-ɾɛ alɛ aɾd͡ʒa əɾd͡ʒi ɲɛl-kat̪ɛ iskul-ɾɛ kɘmi-a.,ɔkt̪ɛ-ɾɛ | alɛ | aɾd͡ʒa əɾd͡ʒi | ɲɛl-kat̪ɛ | iskul-ɾɛ | kɘmi-a,time-LOC | 1PL.EXCL | request | see-CVB | school-LOC | work-FIN,
synthetic_bangla_glossed.eaf,554,1166680,1168560,[SYN.554] সে কথা বলবে।,He/she will speak the word.,uni d̪ɔ kat̪ʰa ɾɔɽa.,uni d̪ɔ kat̪ʰa ɾɔɽ-a.,uni | d̪ɔ | kat̪ʰa | ɾɔɽ-a,3SG.ANIM | TOP | word | speak-FIN,
synthetic_paradigm_glossed.eaf,555,1168560,1170516,[SYN.555] আমার গ্রাম ভালো।,My village is good.,iɲaʔ at̪o d̪ɔ mɔ̃ɟa.,iɲ-aʔ at̪o d̪ɔ mɔ̃ɟ-a.,iɲ-aʔ | at̪o | d̪ɔ | mɔ̃ɟ-a,1SG-GEN | village | TOP | good-FIN,
synthetic_school_dialogue_glossed.eaf,556,1170516,1173198,[SYN.556] গতকাল আমরা মধু খেয়ে বাড়িতে কাজ করব।,"Yesterday, we eat the honey and then work in the house.",hɔlaɾɛ alɛ ɲɛlɛɾasa ɟɔmkat̪ɛ ɔɽaʔɾɛ kɘmia.,hɔla-ɾɛ alɛ ɲɛlɛɾasa ɟɔm-kat̪ɛ ɔɽaʔ-ɾɛ kɘmi-a.,hɔla-ɾɛ | alɛ | ɲɛlɛɾasa | ɟɔm-kat̪ɛ | ɔɽaʔ-ɾɛ | kɘmi-a,yesterday-LOC | 1PL.EXCL | honey | eat-CVB | house-LOC | work-FIN,Synthetic sequential CVB clause with -kat̪ɛ.
synthetic_paradigm_glossed.eaf,557,1173198,1174768,[SYN.557] আমরা খাবার বিক্রি করেছিলাম।,We sold the food.,alɛlɛ ɟɔmaʔ ɘkʰɾiɲkeda.,alɛ-lɛ ɟɔmaʔ ɘkʰɾiɲ-ked-a.,alɛ-lɛ | ɟɔmaʔ | ɘkʰɾiɲ-ked-a,1PL.EXCL-1PL.EXCL | food | sell-PST-FIN,Synthetic PST-FIN transitive pattern using dictionary/core lexicon.
synthetic_texts_glossed.eaf,558,1174768,1176455,[SYN.558] হ্রদটি গুরুত্বপূর্ণ।,The lake is important.,ɟɔla d̪ɔ ɟɘɾuɽa.,ɟɔla d̪ɔ ɟɘɾuɽ-a.,ɟɔla | d̪ɔ | ɟɘɾuɽ-a,lake | TOP | important-FIN,Synthetic TOP + adjectival-FIN clause following layout A/B labels.
synthetic_see_paradigm.eaf,559,1176455,1178977,[SYN.559] আমি আদিবাসী দেখব না।,I do not see the aborigines.,iɲ d̪ɔ bəu̯ɾi bɘɲ ɲɛla.,iɲ d̪ɔ bəu̯ɾi bɘ-ɲ ɲɛl-a.,iɲ | d̪ɔ | bəu̯ɾi | bɘ-ɲ | ɲɛl-a,1SG | TOP | aborigines | NEG-1SG | see-FIN,
synthetic_paradigm_glossed.eaf,560,1178977,1180848,[SYN.560] আমার পানি পরিষ্কার।,My water is clean.,iɲaʔ d̪aʔ d̪ɔ sapʰaa.,iɲ-aʔ d̪aʔ d̪ɔ sapʰa-a.,iɲ-aʔ | d̪aʔ | d̪ɔ | sapʰa-a,1SG-GEN | water | TOP | clean-FIN,
synthetic_paradigm_glossed.eaf,561,1180848,1183011,[SYN.561] তার স্ত্রী আনন্দের।,His/her wife is happy.,uniaʔ bəhu d̪ɔ ɾɘskɘa.,uni-aʔ bəhu d̪ɔ ɾɘskɘ-a.,uni-aʔ | bəhu | d̪ɔ | ɾɘskɘ-a,3SG-GEN | wife | TOP | happy-FIN,
synthetic_dialogues_glossed.eaf,562,1183011,1186634,"[SYN.562] আমরা ভাষা বলব, কিন্তু ভাষা বলব না।","We will speak the language, but do not speak the language.",alɛ d̪ɔ pɘɾsi ɾɔɽa mɛnkʰan pɘɾsi balɛ ɾɔɽa.,alɛ d̪ɔ pɘɾsi ɾɔɽ-a mɛnkʰan pɘɾsi ba-lɛ ɾɔɽ-a.,alɛ | d̪ɔ | pɘɾsi | ɾɔɽ-a | mɛnkʰan | pɘɾsi | ba-lɛ | ɾɔɽ-a,1PL.EXCL | TOP | language | speak-FIN | but | language | NEG-1PL.EXCL | speak-FIN,
synthetic_paradigm_glossed.eaf,563,1186634,1188148,[SYN.563] তুমি ভাষা লিখেছিলে।,You wrote the language.,amɛm pɘɾsi ɔlɔʔkeda.,am-ɛm pɘɾsi ɔlɔʔ-ked-a.,am-ɛm | pɘɾsi | ɔlɔʔ-ked-a,2SG-2SG | language | write-PST-FIN,
synthetic_see_paradigm.eaf,564,1188148,1190456,[SYN.564] তুমি মাছ কিনবে না।,You do not buy the fish.,am d̪ɔ haku bam kiɾiɲa.,am d̪ɔ haku ba-m kiɾiɲ-a.,am | d̪ɔ | haku | ba-m | kiɾiɲ-a,2SG | TOP | fish | NEG-2SG | buy-FIN,
synthetic_school_dialogue_glossed.eaf,565,1190456,1193363,[SYN.565] আজ তারা মোবাইল ফোন কিনে স্কুলে আসবে।,"Today, they buy the mobile phone and then come to the school.",t̪eheɲɾɛ oŋko mɔbaĭl pʰon kiɾiɲkat̪ɛ iskulɾɛ hiɟuʔa.,t̪eheɲ-ɾɛ oŋko mɔbaĭl pʰon kiɾiɲ-kat̪ɛ iskul-ɾɛ hiɟuʔ-a.,t̪eheɲ-ɾɛ | oŋko | mɔbaĭl pʰon | kiɾiɲ-kat̪ɛ | iskul-ɾɛ | hiɟuʔ-a,today-LOC | 3PL.ANIM | mobile.phone | buy-CVB | school-LOC | come-FIN,
synthetic_see_paradigm.eaf,566,1193363,1195798,[SYN.566] সে মাছ খাবে না।,He/she does not eat the fish.,uni d̪ɔ haku bai̯ ɟɔma.,uni d̪ɔ haku ba-i̯ ɟɔm-a.,uni | d̪ɔ | haku | ba-i̯ | ɟɔm-a,3SG.ANIM | TOP | fish | NEG-3SG.ANIM | eat-FIN,
synthetic_paradigm_glossed.eaf,567,1195798,1197755,[SYN.567] আমাদের টাকা নতুন।,Our money is new.,alɛaʔ ʈaka d̪ɔ nɔwaa.,alɛ-aʔ ʈaka d̪ɔ nɔwa-a.,alɛ-aʔ | ʈaka | d̪ɔ | nɔwa-a,1PL.EXCL-GEN | money | TOP | new-FIN,
synthetic_paradigm_glossed.eaf,568,1197755,1199744,[SYN.568] তাদের ঘড়ি গুরুত্বপূর্ণ।,Their watch is important.,oŋkoaʔ gʰuɽi d̪ɔ ɟɘɾuɽa.,oŋko-aʔ gʰuɽi d̪ɔ ɟɘɾuɽ-a.,oŋko-aʔ | gʰuɽi | d̪ɔ | ɟɘɾuɽ-a,3PL-GEN | watch | TOP | important-FIN,
synthetic_texts_glossed.eaf,569,1199744,1201455,[SYN.569] হ্রদে একটি কুমড়ো আছে।,There is a pumpkin in the lake.,ɟɔlaɾɛ bə̃ɽĩə kohɳɖa menaa.,ɟɔla-ɾɛ bə̃ɽĩə kohɳɖa mena-a.,ɟɔla-ɾɛ | bə̃ɽĩə kohɳɖa | mena-a,lake-LOC | pumpkin | exist-FIN,
synthetic_school_dialogue_glossed.eaf,570,1201455,1204347,[SYN.570] সেই সময় আমরা ভাষা লিখে শহরে আসব।,"At that time, we write the language and then come to the town.",ɔkt̪ɛɾɛ alɛ pɘɾsi ɔlɔʔkat̪ɛ sɔhɔɽɾɛ hiɟuʔa.,ɔkt̪ɛ-ɾɛ alɛ pɘɾsi ɔlɔʔ-kat̪ɛ sɔhɔɽ-ɾɛ hiɟuʔ-a.,ɔkt̪ɛ-ɾɛ | alɛ | pɘɾsi | ɔlɔʔ-kat̪ɛ | sɔhɔɽ-ɾɛ | hiɟuʔ-a,time-LOC | 1PL.EXCL | language | write-CVB | town-LOC | come-FIN,Synthetic sequential CVB clause with -kat̪ɛ.
synthetic_see_paradigm.eaf,571,1204347,1205823,[SYN.571] সে খেলছে।,He/she is playing.,unii̯ gat̪eɛd̪a.,uni-i̯ gat̪e-ɛ-d̪a.,uni-i̯ | gat̪e-ɛ-d̪a,3SG.ANIM-3SG.ANIM | play-PROG-FIN,
synthetic_see_paradigm.eaf,572,1205823,1208071,[SYN.572] তারা মানুষ সাহায্য করবে না।,They do not help the person.,oŋko d̪ɔ hɔɽ bako gɔɽɔa.,oŋko d̪ɔ hɔɽ ba-ko gɔɽɔ-a.,oŋko | d̪ɔ | hɔɽ | ba-ko | gɔɽɔ-a,3PL.ANIM | TOP | person | NEG-3PL.ANIM | help-FIN,
synthetic_dialogues_glossed.eaf,573,1208071,1211552,"[SYN.573] আমরা খাবার বিক্রি করব, কিন্তু ঘড়ি বিক্রি করব না।","We will sell the food, but do not sell the watch.",alɛ d̪ɔ ɟɔmaʔ ɘkʰɾiɲa mɛnkʰan gʰuɽi balɛ ɘkʰɾiɲa.,alɛ d̪ɔ ɟɔmaʔ ɘkʰɾiɲ-a mɛnkʰan gʰuɽi ba-lɛ ɘkʰɾiɲ-a.,alɛ | d̪ɔ | ɟɔmaʔ | ɘkʰɾiɲ-a | mɛnkʰan | gʰuɽi | ba-lɛ | ɘkʰɾiɲ-a,1PL.EXCL | TOP | food | sell-FIN | but | watch | NEG-1PL.EXCL | sell-FIN,
synthetic_bangla_glossed.eaf,574,1211552,1213461,[SYN.574] আমি লক্ষ্যবস্তু দেখব।,I will see the target.,iɲ d̪ɔ bed͡ʒʰa ɲɛla.,iɲ d̪ɔ bed͡ʒʰa ɲɛl-a.,iɲ | d̪ɔ | bed͡ʒʰa | ɲɛl-a,1SG | TOP | target | see-FIN,
synthetic_see_paradigm.eaf,575,1213461,1214749,[SYN.575] তারা বলছে।,They are speaking.,oŋkoko ɾɔɽɛd̪a.,oŋko-ko ɾɔɽ-ɛ-d̪a.,oŋko-ko | ɾɔɽ-ɛ-d̪a,3PL.ANIM-3PL.ANIM | speak-PROG-FIN,Synthetic PROG-FIN agreement pattern based on see-paradigm rows.
synthetic_bangla_glossed.eaf,576,1214749,1217649,[SYN.576] তোমরা মাছ ও ঘড়ি কিনবে।,You all will buy the fish and the watch.,apɛ d̪ɔ haku aɾ gʰuɽi kiɾiɲa.,apɛ d̪ɔ haku aɾ gʰuɽi kiɾiɲ-a.,apɛ | d̪ɔ | haku | aɾ | gʰuɽi | kiɾiɲ-a,2PL | TOP | fish | and | watch | buy-FIN,Synthetic coordination with aɾ 'and'.
synthetic_see_paradigm.eaf,577,1217649,1220016,[SYN.577] তারা ডাক্তার সাহায্য করবে না।,They do not help the doctor.,oŋko d̪ɔ ɖak̚t̪aɾ bako gɔɽɔa.,oŋko d̪ɔ ɖak̚t̪aɾ ba-ko gɔɽɔ-a.,oŋko | d̪ɔ | ɖak̚t̪aɾ | ba-ko | gɔɽɔ-a,3PL.ANIM | TOP | doctor | NEG-3PL.ANIM | help-FIN,
synthetic_bangla_glossed.eaf,578,1220016,1221900,[SYN.578] আমরা দুধ পান করব।,We will drink the milk.,alɛ d̪ɔ t̪o̯͡a ɲua.,alɛ d̪ɔ t̪o̯͡a ɲu-a.,alɛ | d̪ɔ | t̪o̯͡a | ɲu-a,1PL.EXCL | TOP | milk | drink-FIN,
synthetic_texts_glossed.eaf,579,1221900,1223675,[SYN.579] বাড়িতে একটি ভূত আছে।,There is an apparition in the house.,ɔɽaʔɾɛ bʰeo̯na menaa.,ɔɽaʔ-ɾɛ bʰeo̯na mena-a.,ɔɽaʔ-ɾɛ | bʰeo̯na | mena-a,house-LOC | apparition | exist-FIN,Synthetic LOC + exist-FIN clause matching mena-a patterns.
synthetic_school_dialogue_glossed.eaf,580,1223675,1226459,[SYN.580] আজ আমরা মাছ খেয়ে হ্রদে যাব।,"Today, we eat the fish and then go to the lake.",t̪eheɲɾɛ alɛ haku ɟɔmkat̪ɛ ɟɔlaɾɛ calaʔa.,t̪eheɲ-ɾɛ alɛ haku ɟɔm-kat̪ɛ ɟɔla-ɾɛ calaʔ-a.,t̪eheɲ-ɾɛ | alɛ | haku | ɟɔm-kat̪ɛ | ɟɔla-ɾɛ | calaʔ-a,today-LOC | 1PL.EXCL | fish | eat-CVB | lake-LOC | go-FIN,
synthetic_texts_glossed.eaf,581,1226459,1228262,[SYN.581] বাসস্থানে একটি রান্না আছে।,There is a cooked food in the dwelling place.,basɾɛ basaŋ menaa.,bas-ɾɛ basaŋ mena-a.,bas-ɾɛ | basaŋ | mena-a,dwelling.place-LOC | cooked.food | exist-FIN,
synthetic_bangla_glossed.eaf,582,1228262,1230296,[SYN.582] তারা ঔষধ কিনবে।,They will buy the medicine.,oŋko d̪ɔ ɾan kiɾiɲa.,oŋko d̪ɔ ɾan kiɾiɲ-a.,oŋko | d̪ɔ | ɾan | kiɾiɲ-a,3PL.ANIM | TOP | medicine | buy-FIN,
synthetic_new_glossed.eaf,583,1230296,1232213,[SYN.583] তারা মধু খেয়েছে।,They have eaten the honey.,oŋko d̪ɔ ɲɛlɛɾasa ɟɔmakada.,oŋko d̪ɔ ɲɛlɛɾasa ɟɔm-akad-a.,oŋko | d̪ɔ | ɲɛlɛɾasa | ɟɔm-akad-a,3PL.ANIM | TOP | honey | eat-PRF-FIN,
synthetic_paradigm_glossed.eaf,584,1232213,1234185,[SYN.584] আমাদের ভণ্ড আনন্দের।,Our pretender is happy.,alɛaʔ bʰiduk d̪ɔ ɾɘskɘa.,alɛ-aʔ bʰiduk d̪ɔ ɾɘskɘ-a.,alɛ-aʔ | bʰiduk | d̪ɔ | ɾɘskɘ-a,1PL.EXCL-GEN | pretender | TOP | happy-FIN,Synthetic GEN + TOP clause using pronoun markers from ground truth.
synthetic_texts_glossed.eaf,585,1234185,1235865,[SYN.585] শহরে একটি বাড়ি আছে।,There is a house in the town.,sɔhɔɽɾɛ ɔɽaʔ menaa.,sɔhɔɽ-ɾɛ ɔɽaʔ mena-a.,sɔhɔɽ-ɾɛ | ɔɽaʔ | mena-a,town-LOC | house | exist-FIN,
synthetic_bangla_glossed.eaf,586,1235865,1237772,[SYN.586] আমি মোবাইল ফোন বিক্রি করব।,I will sell the mobile phone.,iɲ d̪ɔ mɔbaĭl pʰon ɘkʰɾiɲa.,iɲ d̪ɔ mɔbaĭl pʰon ɘkʰɾiɲ-a.,iɲ | d̪ɔ | mɔbaĭl pʰon | ɘkʰɾiɲ-a,1SG | TOP | mobile.phone | sell-FIN,
synthetic_new_glossed.eaf,587,1237772,1239818,[SYN.587] আমি পাঠ পড়েছি।,I have studied the lesson.,iɲ d̪ɔ sikʰnɘt̪ paɽha͡o̯akada.,iɲ d̪ɔ sikʰnɘt̪ paɽha͡o̯-akad-a.,iɲ | d̪ɔ | sikʰnɘt̪ | paɽha͡o̯-akad-a,1SG | TOP | lesson | study-PRF-FIN,
synthetic_texts_glossed.eaf,588,1239818,1241449,[SYN.588] আস্থাটি পরিষ্কার।,The confidence is clean.,baɾsa d̪ɔ sapʰaa.,baɾsa d̪ɔ sapʰa-a.,baɾsa | d̪ɔ | sapʰa-a,confidence | TOP | clean-FIN,
synthetic_school_dialogue_glossed.eaf,589,1241449,1244073,[SYN.589] সেই সময় তারা দুধ পান করে হ্রদে খেলবে।,"At that time, they drink the milk and then play in the lake.",ɔkt̪ɛɾɛ oŋko t̪o̯͡a ɲukat̪ɛ ɟɔlaɾɛ gat̪ea.,ɔkt̪ɛ-ɾɛ oŋko t̪o̯͡a ɲu-kat̪ɛ ɟɔla-ɾɛ gat̪e-a.,ɔkt̪ɛ-ɾɛ | oŋko | t̪o̯͡a | ɲu-kat̪ɛ | ɟɔla-ɾɛ | gat̪e-a,time-LOC | 3PL.ANIM | milk | drink-CVB | lake-LOC | play-FIN,
synthetic_paradigm_glossed.eaf,590,1244073,1246162,[SYN.590] আমাদের ভূমিকম্প ভালো।,Our earthquake is good.,alɛaʔ bʰut͡ʃampa d̪ɔ mɔ̃ɟa.,alɛ-aʔ bʰut͡ʃampa d̪ɔ mɔ̃ɟ-a.,alɛ-aʔ | bʰut͡ʃampa | d̪ɔ | mɔ̃ɟ-a,1PL.EXCL-GEN | earthquake | TOP | good-FIN,
synthetic_see_paradigm.eaf,591,1246162,1248504,[SYN.591] তোমরা কথা পড়বে না।,You all do not study the word.,apɛ d̪ɔ kat̪ʰa bapɛ paɽha͡o̯a.,apɛ d̪ɔ kat̪ʰa ba-pɛ paɽha͡o̯-a.,apɛ | d̪ɔ | kat̪ʰa | ba-pɛ | paɽha͡o̯-a,2PL | TOP | word | NEG-2PL | study-FIN,
synthetic_texts_glossed.eaf,592,1248504,1250019,[SYN.592] ছাগলের বিষ্ঠাটি ছোট।,The goat's dropping is small.,bʰelə̃uɳɖi d̪ɔ lɘʈua.,bʰelə̃uɳɖi d̪ɔ lɘʈu-a.,bʰelə̃uɳɖi | d̪ɔ | lɘʈu-a,goat.s.dropping | TOP | small-FIN,
synthetic_paradigm_glossed.eaf,593,1250019,1252026,[SYN.593] তোমাদের বাঘ ভালো।,Your tiger is good.,apɛaʔ t̪ɘɾup̚ʔ d̪ɔ mɔ̃ɟa.,apɛ-aʔ t̪ɘɾup̚ʔ d̪ɔ mɔ̃ɟ-a.,apɛ-aʔ | t̪ɘɾup̚ʔ | d̪ɔ | mɔ̃ɟ-a,2PL-GEN | tiger | TOP | good-FIN,Synthetic GEN + TOP clause using pronoun markers from ground truth.
synthetic_texts_glossed.eaf,594,1252026,1253603,[SYN.594] ব্যাঙের ডাকটি পরিষ্কার।,The croak of frogs is clean.,bɛbɛ d̪ɔ sapʰaa.,bɛbɛ d̪ɔ sapʰa-a.,bɛbɛ | d̪ɔ | sapʰa-a,croak.of.frogs | TOP | clean-FIN,
synthetic_bangla_glossed.eaf,595,1253603,1256228,[SYN.595] তুমি মাছ ও খাবার খাবে।,You will eat the fish and the food.,am d̪ɔ haku aɾ ɟɔmaʔ ɟɔma.,am d̪ɔ haku aɾ ɟɔmaʔ ɟɔm-a.,am | d̪ɔ | haku | aɾ | ɟɔmaʔ | ɟɔm-a,2SG | TOP | fish | and | food | eat-FIN,
synthetic_paradigm_glossed.eaf,596,1256228,1258412,[SYN.596] তার শিশু ভালো।,His/her child is good.,uniaʔ gid̪ɾɘ d̪ɔ mɔ̃ɟa.,uni-aʔ gid̪ɾɘ d̪ɔ mɔ̃ɟ-a.,uni-aʔ | gid̪ɾɘ | d̪ɔ | mɔ̃ɟ-a,3SG-GEN | child | TOP | good-FIN,
synthetic_paradigm_glossed.eaf,597,1258412,1260108,[SYN.597] তারা কথা লিখেছিল।,They wrote the word.,oŋkoko kat̪ʰa ɔlɔʔkeda.,oŋko-ko kat̪ʰa ɔlɔʔ-ked-a.,oŋko-ko | kat̪ʰa | ɔlɔʔ-ked-a,3PL.ANIM-3PL.ANIM | word | write-PST-FIN,
synthetic_new_glossed_3.eaf,598,1260108,1262522,[SYN.598] একটি প্রজন্ম বাড়িতে আছে।,One generation is in the house.,mit̪ʔʈɛn bibɔɾɔn d̪ɔ ɔɽaʔɾɛ menaa.,mit̪ʔ-ʈɛn bibɔɾɔn d̪ɔ ɔɽaʔ-ɾɛ mena-a.,mit̪ʔ-ʈɛn | bibɔɾɔn | d̪ɔ | ɔɽaʔ-ɾɛ | mena-a,one-CLF.HUM | generation | TOP | house-LOC | exist-FIN,
synthetic_see_paradigm.eaf,599,1262522,1263978,[SYN.599] তোমরা অপেক্ষা করছ।,You all are waiting.,apɛpɛ t̪ɘŋgiɛd̪a.,apɛ-pɛ t̪ɘŋgi-ɛ-d̪a.,apɛ-pɛ | t̪ɘŋgi-ɛ-d̪a,2PL-2PL | wait-PROG-FIN,
synthetic_paradigm_glossed.eaf,600,1263978,1265586,[SYN.600] আমরা কথা লিখেছিলাম।,We wrote the word.,alɛlɛ kat̪ʰa ɔlɔʔkeda.,alɛ-lɛ kat̪ʰa ɔlɔʔ-ked-a.,alɛ-lɛ | kat̪ʰa | ɔlɔʔ-ked-a,1PL.EXCL-1PL.EXCL | word | write-PST-FIN,Synthetic PST-FIN transitive pattern using dictionary/core lexicon.
synthetic_paradigm_glossed.eaf,601,1265586,1267509,[SYN.601] তাদের শহর পরিষ্কার।,Their town is clean.,oŋkoaʔ sɔhɔɽ d̪ɔ sapʰaa.,oŋko-aʔ sɔhɔɽ d̪ɔ sapʰa-a.,oŋko-aʔ | sɔhɔɽ | d̪ɔ | sapʰa-a,3PL-GEN | town | TOP | clean-FIN,
synthetic_paradigm_glossed.eaf,602,1267509,1269321,[SYN.602] আমি ঘড়ি বিক্রি করেছিলাম।,I sold the watch.,iɲiɲ gʰuɽi ɘkʰɾiɲkeda.,iɲ-iɲ gʰuɽi ɘkʰɾiɲ-ked-a.,iɲ-iɲ | gʰuɽi | ɘkʰɾiɲ-ked-a,1SG-1SG | watch | sell-PST-FIN,
synthetic_see_paradigm.eaf,603,1269321,1271873,[SYN.603] তুমি কিশোর দেখবে না।,You do not see the lad.,am d̪ɔ bat͡ʃʰɽa bam ɲɛla.,am d̪ɔ bat͡ʃʰɽa ba-m ɲɛl-a.,am | d̪ɔ | bat͡ʃʰɽa | ba-m | ɲɛl-a,2SG | TOP | lad | NEG-2SG | see-FIN,
synthetic_new_glossed.eaf,604,1271873,1273843,[SYN.604] তোমরা বনরুই দেখেছ।,You all have seen the ant-eater.,apɛ d̪ɔ aɾba ɲɛlakada.,apɛ d̪ɔ aɾba ɲɛl-akad-a.,apɛ | d̪ɔ | aɾba | ɲɛl-akad-a,2PL | TOP | ant.eater | see-PRF-FIN,
synthetic_school_dialogue_glossed.eaf,605,1273843,1276490,[SYN.605] সেই সময় তুমি ভাষা লিখে গ্রামে আসবে।,"At that time, you write the language and then come to the village.",ɔkt̪ɛɾɛ am pɘɾsi ɔlɔʔkat̪ɛ at̪oɾɛ hiɟuʔa.,ɔkt̪ɛ-ɾɛ am pɘɾsi ɔlɔʔ-kat̪ɛ at̪o-ɾɛ hiɟuʔ-a.,ɔkt̪ɛ-ɾɛ | am | pɘɾsi | ɔlɔʔ-kat̪ɛ | at̪o-ɾɛ | hiɟuʔ-a,time-LOC | 2SG | language | write-CVB | village-LOC | come-FIN,Synthetic sequential CVB clause with -kat̪ɛ.
synthetic_paradigm_glossed.eaf,606,1276490,1278521,[SYN.606] আমার ঝড়বৃষ্টি নতুন।,My storm of wind & rain is new.,iɲaʔ əndʰi dak̕ d̪ɔ nɔwaa.,iɲ-aʔ əndʰi dak̕ d̪ɔ nɔwa-a.,iɲ-aʔ | əndʰi dak̕ | d̪ɔ | nɔwa-a,1SG-GEN | storm.of.wind | TOP | new-FIN,
synthetic_new_glossed.eaf,607,1278521,1280557,[SYN.607] তুমি ভাষা লিখেছ।,You have written the language.,am d̪ɔ pɘɾsi ɔlɔʔakada.,am d̪ɔ pɘɾsi ɔlɔʔ-akad-a.,am | d̪ɔ | pɘɾsi | ɔlɔʔ-akad-a,2SG | TOP | language | write-PRF-FIN,Synthetic PRF-FIN clause modeled on akad-a rows.
synthetic_paradigm_glossed.eaf,608,1280557,1282724,[SYN.608] তোমাদের ফুলের বৃতি পরিষ্কার।,Your calyx of flower is clean.,apɛaʔ bɛnɛt d̪ɔ sapʰaa.,apɛ-aʔ bɛnɛt d̪ɔ sapʰa-a.,apɛ-aʔ | bɛnɛt | d̪ɔ | sapʰa-a,2PL-GEN | calyx.of.flower | TOP | clean-FIN,
synthetic_see_paradigm.eaf,609,1282724,1285204,[SYN.609] তোমরা খাবার বিক্রি করবে না।,You all do not sell the food.,apɛ d̪ɔ ɟɔmaʔ bapɛ ɘkʰɾiɲa.,apɛ d̪ɔ ɟɔmaʔ ba-pɛ ɘkʰɾiɲ-a.,apɛ | d̪ɔ | ɟɔmaʔ | ba-pɛ | ɘkʰɾiɲ-a,2PL | TOP | food | NEG-2PL | sell-FIN,
synthetic_bangla_glossed.eaf,610,1285204,1288006,[SYN.610] তুমি খাবার ও মাছ কিনবে।,You will buy the food and the fish.,am d̪ɔ ɟɔmaʔ aɾ haku kiɾiɲa.,am d̪ɔ ɟɔmaʔ aɾ haku kiɾiɲ-a.,am | d̪ɔ | ɟɔmaʔ | aɾ | haku | kiɾiɲ-a,2SG | TOP | food | and | fish | buy-FIN,
synthetic_paradigm_glossed.eaf,611,1288006,1289658,[SYN.611] তারা দুধ পান করেছিল।,They drank the milk.,oŋkoko t̪o̯͡a ɲukeda.,oŋko-ko t̪o̯͡a ɲu-ked-a.,oŋko-ko | t̪o̯͡a | ɲu-ked-a,3PL.ANIM-3PL.ANIM | milk | drink-PST-FIN,Synthetic PST-FIN transitive pattern using dictionary/core lexicon.
synthetic_bangla_glossed.eaf,612,1289658,1291666,[SYN.612] তুমি ডাক্তার সাহায্য করবে।,You will help the doctor.,am d̪ɔ ɖak̚t̪aɾ gɔɽɔa.,am d̪ɔ ɖak̚t̪aɾ gɔɽɔ-a.,am | d̪ɔ | ɖak̚t̪aɾ | gɔɽɔ-a,2SG | TOP | doctor | help-FIN,
synthetic_texts_glossed.eaf,613,1291666,1293344,[SYN.613] স্কুলে একটি মোবাইল ফোন আছে।,There is a mobile phone in the school.,iskulɾɛ mɔbaĭl pʰon menaa.,iskul-ɾɛ mɔbaĭl pʰon mena-a.,iskul-ɾɛ | mɔbaĭl pʰon | mena-a,school-LOC | mobile.phone | exist-FIN,Synthetic LOC + exist-FIN clause matching mena-a patterns.
synthetic_texts_glossed.eaf,614,1293344,1294886,[SYN.614] নদীতে একটি অবসর আছে।,There is a leisure in the river.,gaɖaɾɛ apʰsoɾ menaa.,gaɖa-ɾɛ apʰsoɾ mena-a.,gaɖa-ɾɛ | apʰsoɾ | mena-a,river-LOC | leisure | exist-FIN,Synthetic LOC + exist-FIN clause matching mena-a patterns.
synthetic_texts_glossed.eaf,615,1294886,1296575,[SYN.615] বাসস্থানে একটি কাজ আছে।,There is a work in the dwelling place.,basɾɛ kɘmi menaa.,bas-ɾɛ kɘmi mena-a.,bas-ɾɛ | kɘmi | mena-a,dwelling.place-LOC | work | exist-FIN,
synthetic_school_dialogue_glossed.eaf,616,1296575,1299297,[SYN.616] সেই সময় তোমরা খাবার খেয়ে হ্রদে আসবে।,"At that time, you all eat the food and then come to the lake.",ɔkt̪ɛɾɛ apɛ ɟɔmaʔ ɟɔmkat̪ɛ ɟɔlaɾɛ hiɟuʔa.,ɔkt̪ɛ-ɾɛ apɛ ɟɔmaʔ ɟɔm-kat̪ɛ ɟɔla-ɾɛ hiɟuʔ-a.,ɔkt̪ɛ-ɾɛ | apɛ | ɟɔmaʔ | ɟɔm-kat̪ɛ | ɟɔla-ɾɛ | hiɟuʔ-a,time-LOC | 2PL | food | eat-CVB | lake-LOC | come-FIN,
synthetic_dialogues_glossed.eaf,617,1299297,1302860,"[SYN.617] আমরা খাবার বিক্রি করব, কিন্তু মাছ বিক্রি করব না।","We will sell the food, but do not sell the fish.",alɛ d̪ɔ ɟɔmaʔ ɘkʰɾiɲa mɛnkʰan haku balɛ ɘkʰɾiɲa.,alɛ d̪ɔ ɟɔmaʔ ɘkʰɾiɲ-a mɛnkʰan haku ba-lɛ ɘkʰɾiɲ-a.,alɛ | d̪ɔ | ɟɔmaʔ | ɘkʰɾiɲ-a | mɛnkʰan | haku | ba-lɛ | ɘkʰɾiɲ-a,1PL.EXCL | TOP | food | sell-FIN | but | fish | NEG-1PL.EXCL | sell-FIN,
synthetic_see_paradigm.eaf,618,1302860,1305230,[SYN.618] সে পাত্র দেখবে না।,He/she does not see the receptacle.,uni d̪ɔ anataŋ bai̯ ɲɛla.,uni d̪ɔ anataŋ ba-i̯ ɲɛl-a.,uni | d̪ɔ | anataŋ | ba-i̯ | ɲɛl-a,3SG.ANIM | TOP | receptacle | NEG-3SG.ANIM | see-FIN,
synthetic_bangla_glossed.eaf,619,1305230,1307293,[SYN.619] তারা পাঠ পড়বে।,They will study the lesson.,oŋko d̪ɔ sikʰnɘt̪ paɽha͡o̯a.,oŋko d̪ɔ sikʰnɘt̪ paɽha͡o̯-a.,oŋko | d̪ɔ | sikʰnɘt̪ | paɽha͡o̯-a,3PL.ANIM | TOP | lesson | study-FIN,Synthetic transitive finite clause with TOP and FIN labels.
synthetic_texts_glossed.eaf,620,1307293,1309120,[SYN.620] বাসস্থানে একটি মধু আছে।,There is a honey in the residence.,basaɾɛ ɲɛlɛɾasa menaa.,basa-ɾɛ ɲɛlɛɾasa mena-a.,basa-ɾɛ | ɲɛlɛɾasa | mena-a,residence-LOC | honey | exist-FIN,
synthetic_bangla_glossed.eaf,621,1309120,1311768,[SYN.621] সে ভাড়াটে কর্মী ও নেতিবাচক দেখবে।,He/she will see the hired worker and the negative.,uni d̪ɔ bənkəɾ aɾ baŋ ɲɛla.,uni d̪ɔ bənkəɾ aɾ baŋ ɲɛl-a.,uni | d̪ɔ | bənkəɾ | aɾ | baŋ | ɲɛl-a,3SG.ANIM | TOP | hired.worker | and | negative | see-FIN,
synthetic_bangla_glossed.eaf,622,1311768,1313795,[SYN.622] তুমি ঘড়ি কিনবে।,You will buy the watch.,am d̪ɔ gʰuɽi kiɾiɲa.,am d̪ɔ gʰuɽi kiɾiɲ-a.,am | d̪ɔ | gʰuɽi | kiɾiɲ-a,2SG | TOP | watch | buy-FIN,Synthetic transitive finite clause with TOP and FIN labels.
synthetic_paradigm_glossed.eaf,623,1313795,1315776,[SYN.623] তার খাবার পরিষ্কার।,His/her food is clean.,uniaʔ ɟɔmaʔ d̪ɔ sapʰaa.,uni-aʔ ɟɔmaʔ d̪ɔ sapʰa-a.,uni-aʔ | ɟɔmaʔ | d̪ɔ | sapʰa-a,3SG-GEN | food | TOP | clean-FIN,
synthetic_bangla_glossed.eaf,624,1315776,1318636,[SYN.624] তোমরা কালো ভাল্লুক ও বাদ পড়া দেখবে।,You all will see the black bear and the omission.,apɛ d̪ɔ bana aɾ bʰul t͡ʃuk ɲɛla.,apɛ d̪ɔ bana aɾ bʰul t͡ʃuk ɲɛl-a.,apɛ | d̪ɔ | bana | aɾ | bʰul t͡ʃuk | ɲɛl-a,2PL | TOP | black.bear | and | omission | see-FIN,
synthetic_texts_glossed.eaf,625,1318636,1320475,[SYN.625] পুকুরটি পরিষ্কার।,The pool is clean.,agʰoɾni d̪ɔ sapʰaa.,agʰoɾni d̪ɔ sapʰa-a.,agʰoɾni | d̪ɔ | sapʰa-a,pool | TOP | clean-FIN,
synthetic_dialogues_glossed.eaf,626,1320475,1322575,[SYN.626] মা কোথায় আছে?,Where is the mother?,gɔgɔ d̪ɔ ɔkaɾɛ menaa.,gɔgɔ d̪ɔ ɔka-ɾɛ mena-a.,gɔgɔ | d̪ɔ | ɔka-ɾɛ | mena-a,mother | TOP | where-LOC | exist-FIN,
synthetic_paradigm_glossed.eaf,627,1322575,1324759,[SYN.627] তোমার উৎসব নতুন।,Your festival is new.,amaʔ pɔɾɔb d̪ɔ nɔwaa.,am-aʔ pɔɾɔb d̪ɔ nɔwa-a.,am-aʔ | pɔɾɔb | d̪ɔ | nɔwa-a,2SG-GEN | festival | TOP | new-FIN,
synthetic_imperatives_glossed.eaf,628,1324759,1326722,[SYN.628] দয়া করে কথা লিখো।,Please write the word.,d̪a.ja kat̪ɛ kat̪ʰa ɔlɔʔmɛ.,d̪a.ja kat̪ɛ kat̪ʰa ɔlɔʔ-mɛ.,d̪a.ja | kat̪ɛ | kat̪ʰa | ɔlɔʔ-mɛ,please | Manner | word | write-IMP.2SG.POL,Synthetic polite imperative with d̪a.ja kat̪ɛ and -mɛ.
synthetic_bangla_glossed.eaf,629,1326722,1328685,[SYN.629] সে বিশ দেখবে।,He/she will see the twenty.,uni d̪ɔ baɾ gɛl ɲɛla.,uni d̪ɔ baɾ gɛl ɲɛl-a.,uni | d̪ɔ | baɾ gɛl | ɲɛl-a,3SG.ANIM | TOP | twenty | see-FIN,
synthetic_bangla_glossed.eaf,630,1328685,1330589,[SYN.630] সে কথা লিখবে।,He/she will write the word.,uni d̪ɔ kat̪ʰa ɔlɔʔa.,uni d̪ɔ kat̪ʰa ɔlɔʔ-a.,uni | d̪ɔ | kat̪ʰa | ɔlɔʔ-a,3SG.ANIM | TOP | word | write-FIN,
synthetic_dialogues_glossed.eaf,631,1330589,1333990,"[SYN.631] আমরা অভিযোগকারী দেখব, কিন্তু উই পোকা দেখব না।","We will see the accuser, but do not see the termite.",alɛ d̪ɔ bədi ɲɛla mɛnkʰan bʰuku balɛ ɲɛla.,alɛ d̪ɔ bədi ɲɛl-a mɛnkʰan bʰuku ba-lɛ ɲɛl-a.,alɛ | d̪ɔ | bədi | ɲɛl-a | mɛnkʰan | bʰuku | ba-lɛ | ɲɛl-a,1PL.EXCL | TOP | accuser | see-FIN | but | termite | NEG-1PL.EXCL | see-FIN,
synthetic_new_glossed_3.eaf,632,1333990,1336476,[SYN.632] একটি নবজাতক হ্রদে আছে।,One infant is in the lake.,mit̪ʔʈɛn balɛ d̪ɔ ɟɔlaɾɛ menaa.,mit̪ʔ-ʈɛn balɛ d̪ɔ ɟɔla-ɾɛ mena-a.,mit̪ʔ-ʈɛn | balɛ | d̪ɔ | ɟɔla-ɾɛ | mena-a,one-CLF.HUM | infant | TOP | lake-LOC | exist-FIN,
synthetic_see_paradigm.eaf,633,1336476,1337913,[SYN.633] তোমরা আসছ।,You all are coming.,apɛpɛ hiɟuʔɛd̪a.,apɛ-pɛ hiɟuʔ-ɛ-d̪a.,apɛ-pɛ | hiɟuʔ-ɛ-d̪a,2PL-2PL | come-PROG-FIN,
synthetic_bangla_glossed.eaf,634,1337913,1339820,[SYN.634] তুমি পাঠ পড়বে।,You will study the lesson.,am d̪ɔ sikʰnɘt̪ paɽha͡o̯a.,am d̪ɔ sikʰnɘt̪ paɽha͡o̯-a.,am | d̪ɔ | sikʰnɘt̪ | paɽha͡o̯-a,2SG | TOP | lesson | study-FIN,
synthetic_texts_glossed.eaf,635,1339820,1341490,[SYN.635] ইংল্যান্ডে একটি শ্রমিক আছে।,There is a navvy in the england.,bilətɾɛ beldaɾ menaa.,bilət-ɾɛ beldaɾ mena-a.,bilət-ɾɛ | beldaɾ | mena-a,england-LOC | navvy | exist-FIN,
synthetic_dialogues_glossed.eaf,636,1341490,1343633,[SYN.636] হাত কোথায় আছে?,Where is the hand?,t̪i d̪ɔ ɔkaɾɛ menaa.,t̪i d̪ɔ ɔka-ɾɛ mena-a.,t̪i | d̪ɔ | ɔka-ɾɛ | mena-a,hand | TOP | where-LOC | exist-FIN,
synthetic_texts_glossed.eaf,637,1343633,1345215,[SYN.637] ইংল্যান্ডে একটি মা আছে।,There is a mother in the england.,bilətɾɛ gɔgɔ menaa.,bilət-ɾɛ gɔgɔ mena-a.,bilət-ɾɛ | gɔgɔ | mena-a,england-LOC | mother | exist-FIN,
synthetic_texts_glossed.eaf,638,1345215,1346777,[SYN.638] পাড়াে একটি আদালত আছে।,There is a court in the neighbourhood.,aɖe paseɾɛ adalot menaa.,aɖe pase-ɾɛ adalot mena-a.,aɖe pase-ɾɛ | adalot | mena-a,neighbourhood-LOC | court | exist-FIN,
synthetic_bangla_glossed.eaf,639,1346777,1349404,[SYN.639] আমি রান্না ও মধু খাব।,I will eat the cooked food and the honey.,iɲ d̪ɔ basaŋ aɾ ɲɛlɛɾasa ɟɔma.,iɲ d̪ɔ basaŋ aɾ ɲɛlɛɾasa ɟɔm-a.,iɲ | d̪ɔ | basaŋ | aɾ | ɲɛlɛɾasa | ɟɔm-a,1SG | TOP | cooked.food | and | honey | eat-FIN,
synthetic_paradigm_glossed.eaf,640,1349404,1351477,[SYN.640] আমার ডাক্তার ভালো।,My doctor is good.,iɲaʔ ɖak̚t̪aɾ d̪ɔ mɔ̃ɟa.,iɲ-aʔ ɖak̚t̪aɾ d̪ɔ mɔ̃ɟ-a.,iɲ-aʔ | ɖak̚t̪aɾ | d̪ɔ | mɔ̃ɟ-a,1SG-GEN | doctor | TOP | good-FIN,
synthetic_bangla_glossed.eaf,641,1351477,1354403,[SYN.641] আমরা খাবার ও মাছ কিনব।,We will buy the food and the fish.,alɛ d̪ɔ ɟɔmaʔ aɾ haku kiɾiɲa.,alɛ d̪ɔ ɟɔmaʔ aɾ haku kiɾiɲ-a.,alɛ | d̪ɔ | ɟɔmaʔ | aɾ | haku | kiɾiɲ-a,1PL.EXCL | TOP | food | and | fish | buy-FIN,
synthetic_dialogues_glossed.eaf,642,1354403,1357794,"[SYN.642] সে মোবাইল ফোন কিনবে, কিন্তু মাছ কিনবে না।","He/she will buy the mobile phone, but does not buy the fish.",uni d̪ɔ mɔbaĭl pʰon kiɾiɲa mɛnkʰan haku bai̯ kiɾiɲa.,uni d̪ɔ mɔbaĭl pʰon kiɾiɲ-a mɛnkʰan haku ba-i̯ kiɾiɲ-a.,uni | d̪ɔ | mɔbaĭl pʰon | kiɾiɲ-a | mɛnkʰan | haku | ba-i̯ | kiɾiɲ-a,3SG.ANIM | TOP | mobile.phone | buy-FIN | but | fish | NEG-3SG.ANIM | buy-FIN,
synthetic_new_glossed_3.eaf,643,1357794,1360290,[SYN.643] একটি ঘড়ি বাড়িতে আছে।,One watch is in the house.,mit̪ʔ gʰuɽi d̪ɔ ɔɽaʔɾɛ menaa.,mit̪ʔ gʰuɽi d̪ɔ ɔɽaʔ-ɾɛ mena-a.,mit̪ʔ | gʰuɽi | d̪ɔ | ɔɽaʔ-ɾɛ | mena-a,one | watch | TOP | house-LOC | exist-FIN,
synthetic_texts_glossed.eaf,644,1360290,1361940,[SYN.644] মাফ (হাতঢাকা)টি গুরুত্বপূর্ণ।,The muff is important.,bembʰa d̪ɔ ɟɘɾuɽa.,bembʰa d̪ɔ ɟɘɾuɽ-a.,bembʰa | d̪ɔ | ɟɘɾuɽ-a,muff | TOP | important-FIN,
synthetic_texts_glossed.eaf,645,1361940,1363719,[SYN.645] বাসস্থানে একটি জট পাকানো আছে।,There is a jumble in the residence.,basaɾɛ beɲd͡ʒaɲ biɲd͡ʒiɲ menaa.,basa-ɾɛ beɲd͡ʒaɲ biɲd͡ʒiɲ mena-a.,basa-ɾɛ | beɲd͡ʒaɲ biɲd͡ʒiɲ | mena-a,residence-LOC | jumble | exist-FIN,
synthetic_imperatives_glossed.eaf,646,1363719,1365724,[SYN.646] দয়া করে ভাষা পড়ো।,Please study the language.,d̪a.ja kat̪ɛ pɘɾsi paɽha͡o̯mɛ.,d̪a.ja kat̪ɛ pɘɾsi paɽha͡o̯-mɛ.,d̪a.ja | kat̪ɛ | pɘɾsi | paɽha͡o̯-mɛ,please | Manner | language | study-IMP.2SG.POL,
synthetic_school_dialogue_glossed.eaf,647,1365724,1368463,[SYN.647] সেই সময় সে দম্ভ দেখে বাড়িতে খেলবে।,"At that time, he/she see the boasting and then play in the house.",ɔkt̪ɛɾɛ uni bakʰaɾa ɲɛlkat̪ɛ ɔɽaʔɾɛ gat̪ea.,ɔkt̪ɛ-ɾɛ uni bakʰaɾa ɲɛl-kat̪ɛ ɔɽaʔ-ɾɛ gat̪e-a.,ɔkt̪ɛ-ɾɛ | uni | bakʰaɾa | ɲɛl-kat̪ɛ | ɔɽaʔ-ɾɛ | gat̪e-a,time-LOC | 3SG.ANIM | boasting | see-CVB | house-LOC | play-FIN,
synthetic_bangla_glossed.eaf,648,1368463,1370424,[SYN.648] আমরা মোবাইল ফোন বিক্রি করব।,We will sell the mobile phone.,alɛ d̪ɔ mɔbaĭl pʰon ɘkʰɾiɲa.,alɛ d̪ɔ mɔbaĭl pʰon ɘkʰɾiɲ-a.,alɛ | d̪ɔ | mɔbaĭl pʰon | ɘkʰɾiɲ-a,1PL.EXCL | TOP | mobile.phone | sell-FIN,
synthetic_new_glossed_3.eaf,649,1370424,1372854,[SYN.649] একটি রান্না হ্রদে আছে।,One cooked food is in the lake.,mit̪ʔ basaŋ d̪ɔ ɟɔlaɾɛ menaa.,mit̪ʔ basaŋ d̪ɔ ɟɔla-ɾɛ mena-a.,mit̪ʔ | basaŋ | d̪ɔ | ɟɔla-ɾɛ | mena-a,one | cooked.food | TOP | lake-LOC | exist-FIN,
synthetic_dialogues_glossed.eaf,650,1372854,1376329,"[SYN.650] তারা কথা পড়বে, কিন্তু ভাষা পড়বে না।","They will study the word, but do not study the language.",oŋko d̪ɔ kat̪ʰa paɽha͡o̯a mɛnkʰan pɘɾsi bako paɽha͡o̯a.,oŋko d̪ɔ kat̪ʰa paɽha͡o̯-a mɛnkʰan pɘɾsi ba-ko paɽha͡o̯-a.,oŋko | d̪ɔ | kat̪ʰa | paɽha͡o̯-a | mɛnkʰan | pɘɾsi | ba-ko | paɽha͡o̯-a,3PL.ANIM | TOP | word | study-FIN | but | language | NEG-3PL.ANIM | study-FIN,
synthetic_see_paradigm.eaf,651,1376329,1377585,[SYN.651] আমরা বলছি।,We are speaking.,alɛlɛ ɾɔɽɛd̪a.,alɛ-lɛ ɾɔɽ-ɛ-d̪a.,alɛ-lɛ | ɾɔɽ-ɛ-d̪a,1PL.EXCL-1PL.EXCL | speak-PROG-FIN,
synthetic_see_paradigm.eaf,652,1377585,1379074,[SYN.652] তারা পড়ছে।,They are studying.,oŋkoko paɽha͡o̯ɛd̪a.,oŋko-ko paɽha͡o̯-ɛ-d̪a.,oŋko-ko | paɽha͡o̯-ɛ-d̪a,3PL.ANIM-3PL.ANIM | study-PROG-FIN,
synthetic_texts_glossed.eaf,653,1379074,1380644,[SYN.653] উঠানে একটি ছাগলের বিষ্ঠা আছে।,There is a goat's dropping in the courtyard of house.,bəteɾɛ bʰelə̃uɳɖi menaa.,bəte-ɾɛ bʰelə̃uɳɖi mena-a.,bəte-ɾɛ | bʰelə̃uɳɖi | mena-a,courtyard.of.house-LOC | goat.s.dropping | exist-FIN,
synthetic_bangla_glossed.eaf,654,1380644,1383544,[SYN.654] আমি ঔষধ ও মোবাইল ফোন কিনব।,I will buy the medicine and the mobile phone.,iɲ d̪ɔ ɾan aɾ mɔbaĭl pʰon kiɾiɲa.,iɲ d̪ɔ ɾan aɾ mɔbaĭl pʰon kiɾiɲ-a.,iɲ | d̪ɔ | ɾan | aɾ | mɔbaĭl pʰon | kiɾiɲ-a,1SG | TOP | medicine | and | mobile.phone | buy-FIN,Synthetic coordination with aɾ 'and'.
synthetic_dialogues_glossed.eaf,655,1383544,1387178,"[SYN.655] তোমরা একমুঠো দেখবে, কিন্তু সম্পদ দেখবে না।","You all will see the handful, but do not see the wealth.",apɛ d̪ɔ aɲd͡ʒle ɲɛla mɛnkʰan at͡ʃel bapɛ ɲɛla.,apɛ d̪ɔ aɲd͡ʒle ɲɛl-a mɛnkʰan at͡ʃel ba-pɛ ɲɛl-a.,apɛ | d̪ɔ | aɲd͡ʒle | ɲɛl-a | mɛnkʰan | at͡ʃel | ba-pɛ | ɲɛl-a,2PL | TOP | handful | see-FIN | but | wealth | NEG-2PL | see-FIN,Synthetic contrast with mɛnkʰan 'but' and NEG marking.
synthetic_paradigm_glossed.eaf,656,1387178,1388778,[SYN.656] তুমি এক প্রজাতির হরিণ দেখেছিলে।,You saw the a species of antelope.,amɛm bʰãoʈia ɲɛlkeda.,am-ɛm bʰãoʈia ɲɛl-ked-a.,am-ɛm | bʰãoʈia | ɲɛl-ked-a,2SG-2SG | a.species.of | see-PST-FIN,
synthetic_texts_glossed.eaf,657,1388778,1390502,[SYN.657] উঠানে একটি আমড়া (ফল) আছে।,There is a hog plum in the courtyard of house.,bəteɾɛ bədʰiə̯ menaa.,bəte-ɾɛ bədʰiə̯ mena-a.,bəte-ɾɛ | bədʰiə̯ | mena-a,courtyard.of.house-LOC | hog.plum | exist-FIN,
synthetic_bangla_glossed.eaf,658,1390502,1393317,[SYN.658] আমরা পানি ও দুধ পান করব।,We will drink the water and the milk.,alɛ d̪ɔ d̪aʔ aɾ t̪o̯͡a ɲua.,alɛ d̪ɔ d̪aʔ aɾ t̪o̯͡a ɲu-a.,alɛ | d̪ɔ | d̪aʔ | aɾ | t̪o̯͡a | ɲu-a,1PL.EXCL | TOP | water | and | milk | drink-FIN,Synthetic coordination with aɾ 'and'.
synthetic_texts_glossed.eaf,659,1393317,1395011,[SYN.659] উৎসবটি নতুন।,The festival is new.,pɔɾɔb d̪ɔ nɔwaa.,pɔɾɔb d̪ɔ nɔwa-a.,pɔɾɔb | d̪ɔ | nɔwa-a,festival | TOP | new-FIN,
synthetic_paradigm_glossed.eaf,660,1395011,1396770,[SYN.660] আমরা পাঠ পড়েছিলাম।,We studied the lesson.,alɛlɛ sikʰnɘt̪ paɽha͡o̯keda.,alɛ-lɛ sikʰnɘt̪ paɽha͡o̯-ked-a.,alɛ-lɛ | sikʰnɘt̪ | paɽha͡o̯-ked-a,1PL.EXCL-1PL.EXCL | lesson | study-PST-FIN,
synthetic_paradigm_glossed.eaf,661,1396770,1398445,[SYN.661] আমি কথা পড়েছিলাম।,I studied the word.,iɲiɲ kat̪ʰa paɽha͡o̯keda.,iɲ-iɲ kat̪ʰa paɽha͡o̯-ked-a.,iɲ-iɲ | kat̪ʰa | paɽha͡o̯-ked-a,1SG-1SG | word | study-PST-FIN,Synthetic PST-FIN transitive pattern using dictionary/core lexicon.
synthetic_paradigm_glossed.eaf,662,1398445,1400382,[SYN.662] আমার ভাই ছোট।,My brother is small.,iɲaʔ bɔ͡i̯ha d̪ɔ lɘʈua.,iɲ-aʔ bɔ͡i̯ha d̪ɔ lɘʈu-a.,iɲ-aʔ | bɔ͡i̯ha | d̪ɔ | lɘʈu-a,1SG-GEN | brother | TOP | small-FIN,
synthetic_dialogues_glossed.eaf,663,1400382,1404016,"[SYN.663] তুমি ভাষা বলবে, কিন্তু কথা বলবে না।","You will speak the language, but do not speak the word.",am d̪ɔ pɘɾsi ɾɔɽa mɛnkʰan kat̪ʰa bam ɾɔɽa.,am d̪ɔ pɘɾsi ɾɔɽ-a mɛnkʰan kat̪ʰa ba-m ɾɔɽ-a.,am | d̪ɔ | pɘɾsi | ɾɔɽ-a | mɛnkʰan | kat̪ʰa | ba-m | ɾɔɽ-a,2SG | TOP | language | speak-FIN | but | word | NEG-2SG | speak-FIN,Synthetic contrast with mɛnkʰan 'but' and NEG marking.
synthetic_see_paradigm.eaf,664,1404016,1405259,[SYN.664] তারা সাহায্য করছে।,They are helping.,oŋkoko gɔɽɔɛd̪a.,oŋko-ko gɔɽɔ-ɛ-d̪a.,oŋko-ko | gɔɽɔ-ɛ-d̪a,3PL.ANIM-3PL.ANIM | help-PROG-FIN,
synthetic_texts_glossed.eaf,665,1405259,1406769,[SYN.665] উৎসবটি ভালো।,The festival is good.,pɔɾɔb d̪ɔ mɔ̃ɟa.,pɔɾɔb d̪ɔ mɔ̃ɟ-a.,pɔɾɔb | d̪ɔ | mɔ̃ɟ-a,festival | TOP | good-FIN,
synthetic_texts_glossed.eaf,666,1406769,1408285,[SYN.666] নদীতে একটি মা আছে।,There is a mother in the river.,gaɖaɾɛ gɔgɔ menaa.,gaɖa-ɾɛ gɔgɔ mena-a.,gaɖa-ɾɛ | gɔgɔ | mena-a,river-LOC | mother | exist-FIN,
synthetic_paradigm_glossed.eaf,667,1408285,1410006,[SYN.667] তারা খাবার খেয়েছিল।,They ate the food.,oŋkoko ɟɔmaʔ ɟɔmkeda.,oŋko-ko ɟɔmaʔ ɟɔm-ked-a.,oŋko-ko | ɟɔmaʔ | ɟɔm-ked-a,3PL.ANIM-3PL.ANIM | food | eat-PST-FIN,
synthetic_paradigm_glossed.eaf,668,1410006,1411771,[SYN.668] তারা মোবাইল ফোন বিক্রি করেছিল।,They sold the mobile phone.,oŋkoko mɔbaĭl pʰon ɘkʰɾiɲkeda.,oŋko-ko mɔbaĭl pʰon ɘkʰɾiɲ-ked-a.,oŋko-ko | mɔbaĭl pʰon | ɘkʰɾiɲ-ked-a,3PL.ANIM-3PL.ANIM | mobile.phone | sell-PST-FIN,
synthetic_bangla_glossed.eaf,669,1411771,1413906,[SYN.669] আমরা খাবার বিক্রি করব।,We will sell the food.,alɛ d̪ɔ ɟɔmaʔ ɘkʰɾiɲa.,alɛ d̪ɔ ɟɔmaʔ ɘkʰɾiɲ-a.,alɛ | d̪ɔ | ɟɔmaʔ | ɘkʰɾiɲ-a,1PL.EXCL | TOP | food | sell-FIN,Synthetic transitive finite clause with TOP and FIN labels.
synthetic_bangla_glossed.eaf,670,1413906,1415859,[SYN.670] তুমি মা সাহায্য করবে।,You will help the mother.,am d̪ɔ gɔgɔ gɔɽɔa.,am d̪ɔ gɔgɔ gɔɽɔ-a.,am | d̪ɔ | gɔgɔ | gɔɽɔ-a,2SG | TOP | mother | help-FIN,Synthetic transitive finite clause with TOP and FIN labels.
synthetic_bangla_glossed.eaf,671,1415859,1418745,[SYN.671] সে মধু ও মাছ খাবে।,He/she will eat the honey and the fish.,uni d̪ɔ ɲɛlɛɾasa aɾ haku ɟɔma.,uni d̪ɔ ɲɛlɛɾasa aɾ haku ɟɔm-a.,uni | d̪ɔ | ɲɛlɛɾasa | aɾ | haku | ɟɔm-a,3SG.ANIM | TOP | honey | and | fish | eat-FIN,
synthetic_dialogues_glossed.eaf,672,1418745,1422123,"[SYN.672] তুমি পানি পান করবে, কিন্তু পানি পান করবে না।","You will drink the water, but do not drink the water.",am d̪ɔ d̪aʔ ɲua mɛnkʰan d̪aʔ bam ɲua.,am d̪ɔ d̪aʔ ɲu-a mɛnkʰan d̪aʔ ba-m ɲu-a.,am | d̪ɔ | d̪aʔ | ɲu-a | mɛnkʰan | d̪aʔ | ba-m | ɲu-a,2SG | TOP | water | drink-FIN | but | water | NEG-2SG | drink-FIN,
synthetic_paradigm_glossed.eaf,673,1422123,1424276,[SYN.673] তোমাদের ভাষা নতুন।,Your language is new.,apɛaʔ pɘɾsi d̪ɔ nɔwaa.,apɛ-aʔ pɘɾsi d̪ɔ nɔwa-a.,apɛ-aʔ | pɘɾsi | d̪ɔ | nɔwa-a,2PL-GEN | language | TOP | new-FIN,
synthetic_bangla_glossed.eaf,674,1424276,1426427,[SYN.674] তারা গুড়গুড় শব্দ দেখবে।,They will see the rumbling sound.,oŋko d̪ɔ aʈap̕ uʈup̕ ɲɛla.,oŋko d̪ɔ aʈap̕ uʈup̕ ɲɛl-a.,oŋko | d̪ɔ | aʈap̕ uʈup̕ | ɲɛl-a,3PL.ANIM | TOP | rumbling.sound | see-FIN,
synthetic_new_glossed_3.eaf,675,1426427,1428990,[SYN.675] একটি মা কুয়ায় আছে।,One mother is in the well.,mit̪ʔʈɛn ajo d̪ɔ kuɲɾɛ menaa.,mit̪ʔ-ʈɛn ajo d̪ɔ kuɲ-ɾɛ mena-a.,mit̪ʔ-ʈɛn | ajo | d̪ɔ | kuɲ-ɾɛ | mena-a,one-CLF.HUM | mother | TOP | well-LOC | exist-FIN,
synthetic_texts_glossed.eaf,676,1428990,1430823,[SYN.676] বিস্তীর্ণ ভূমিে একটি আমড়া আছে।,There is a hog plum in the wide expanse of land.,bilənɾɛ amɽa menaa.,bilən-ɾɛ amɽa mena-a.,bilən-ɾɛ | amɽa | mena-a,wide.expanse.of-LOC | hog.plum | exist-FIN,
synthetic_dialogues_glossed.eaf,677,1430823,1434440,"[SYN.677] আমি ছবি পাব, কিন্তু খাবার পাব না।","I will get the photo, but do not get the food.",iɲ d̪ɔ pʰɔʈɔ ɲama mɛnkʰan ɟɔmaʔ bɘɲ ɲama.,iɲ d̪ɔ pʰɔʈɔ ɲam-a mɛnkʰan ɟɔmaʔ bɘ-ɲ ɲam-a.,iɲ | d̪ɔ | pʰɔʈɔ | ɲam-a | mɛnkʰan | ɟɔmaʔ | bɘ-ɲ | ɲam-a,1SG | TOP | photo | get-FIN | but | food | NEG-1SG | get-FIN,Synthetic contrast with mɛnkʰan 'but' and NEG marking.
synthetic_bangla_glossed.eaf,678,1434440,1436320,[SYN.678] আমরা রান্না খাব।,We will eat the cooked food.,alɛ d̪ɔ basaŋ ɟɔma.,alɛ d̪ɔ basaŋ ɟɔm-a.,alɛ | d̪ɔ | basaŋ | ɟɔm-a,1PL.EXCL | TOP | cooked.food | eat-FIN,Synthetic transitive finite clause with TOP and FIN labels.
synthetic_see_paradigm.eaf,679,1436320,1437633,[SYN.679] তুমি খাচ্ছ।,You is eating.,amɛm ɟɔmɛd̪a.,am-ɛm ɟɔm-ɛ-d̪a.,am-ɛm | ɟɔm-ɛ-d̪a,2SG-2SG | eat-PROG-FIN,
synthetic_texts_glossed.eaf,680,1437633,1439300,[SYN.680] বয়লারটি ভালো।,The boiler is good.,bʰəʈʰi d̪ɔ mɔ̃ɟa.,bʰəʈʰi d̪ɔ mɔ̃ɟ-a.,bʰəʈʰi | d̪ɔ | mɔ̃ɟ-a,boiler | TOP | good-FIN,
synthetic_new_glossed.eaf,681,1439300,1441487,[SYN.681] আমরা পাঠ পড়েছি।,We have studied the lesson.,alɛ d̪ɔ sikʰnɘt̪ paɽha͡o̯akada.,alɛ d̪ɔ sikʰnɘt̪ paɽha͡o̯-akad-a.,alɛ | d̪ɔ | sikʰnɘt̪ | paɽha͡o̯-akad-a,1PL.EXCL | TOP | lesson | study-PRF-FIN,
synthetic_paradigm_glossed.eaf,682,1441487,1443274,[SYN.682] তোমরা পাঠ পড়েছিলে।,You all studied the lesson.,apɛpɛ sikʰnɘt̪ paɽha͡o̯keda.,apɛ-pɛ sikʰnɘt̪ paɽha͡o̯-ked-a.,apɛ-pɛ | sikʰnɘt̪ | paɽha͡o̯-ked-a,2PL-2PL | lesson | study-PST-FIN,
synthetic_paradigm_glossed.eaf,683,1443274,1444804,[SYN.683] তারা কথা পড়েছিল।,They studied the word.,oŋkoko kat̪ʰa paɽha͡o̯keda.,oŋko-ko kat̪ʰa paɽha͡o̯-ked-a.,oŋko-ko | kat̪ʰa | paɽha͡o̯-ked-a,3PL.ANIM-3PL.ANIM | word | study-PST-FIN,
synthetic_paradigm_glossed.eaf,684,1444804,1446477,[SYN.684] সে বাগান দেখেছিল।,He/she saw the garden.,unii̯ bagan ɲɛlkeda.,uni-i̯ bagan ɲɛl-ked-a.,uni-i̯ | bagan | ɲɛl-ked-a,3SG.ANIM-3SG.ANIM | garden | see-PST-FIN,Synthetic PST-FIN transitive pattern using dictionary/core lexicon.
synthetic_paradigm_glossed.eaf,685,1446477,1448469,[SYN.685] তার হাত পরিষ্কার।,His/her hand is clean.,uniaʔ t̪i d̪ɔ sapʰaa.,uni-aʔ t̪i d̪ɔ sapʰa-a.,uni-aʔ | t̪i | d̪ɔ | sapʰa-a,3SG-GEN | hand | TOP | clean-FIN,Synthetic GEN + TOP clause using pronoun markers from ground truth.
synthetic_texts_glossed.eaf,686,1448469,1450012,[SYN.686] বাসস্থানে একটি ডাক্তার আছে।,There is a doctor in the dwelling place.,basɾɛ ɖak̚t̪aɾ menaa.,bas-ɾɛ ɖak̚t̪aɾ mena-a.,bas-ɾɛ | ɖak̚t̪aɾ | mena-a,dwelling.place-LOC | doctor | exist-FIN,
synthetic_texts_glossed.eaf,687,1450012,1451678,[SYN.687] আঙুরটি পরিষ্কার।,The grape is clean.,aŋguɾ d̪ɔ sapʰaa.,aŋguɾ d̪ɔ sapʰa-a.,aŋguɾ | d̪ɔ | sapʰa-a,grape | TOP | clean-FIN,
synthetic_paradigm_glossed.eaf,688,1451678,1453333,[SYN.688] তুমি মধু খেয়েছিলে।,You ate the honey.,amɛm ɲɛlɛɾasa ɟɔmkeda.,am-ɛm ɲɛlɛɾasa ɟɔm-ked-a.,am-ɛm | ɲɛlɛɾasa | ɟɔm-ked-a,2SG-2SG | honey | eat-PST-FIN,
synthetic_texts_glossed.eaf,689,1453333,1455015,[SYN.689] মাফ (হাতঢাকা)টি পরিষ্কার।,The muff is clean.,bembʰa d̪ɔ sapʰaa.,bembʰa d̪ɔ sapʰa-a.,bembʰa | d̪ɔ | sapʰa-a,muff | TOP | clean-FIN,Synthetic TOP + adjectival-FIN clause following layout A/B labels.
synthetic_texts_glossed.eaf,690,1455015,1456831,[SYN.690] ভেড়ার বাচ্চাটি আনন্দের।,The lamb is happy.,bʰiɖi hɔpɔn d̪ɔ ɾɘskɘa.,bʰiɖi hɔpɔn d̪ɔ ɾɘskɘ-a.,bʰiɖi hɔpɔn | d̪ɔ | ɾɘskɘ-a,lamb | TOP | happy-FIN,
synthetic_new_glossed_3.eaf,691,1456831,1459227,[SYN.691] একটি ভাই গ্রামে আছে।,One brother is in the village.,mit̪ʔʈɛn baɾet d̪ɔ at̪oɾɛ menaa.,mit̪ʔ-ʈɛn baɾet d̪ɔ at̪o-ɾɛ mena-a.,mit̪ʔ-ʈɛn | baɾet | d̪ɔ | at̪o-ɾɛ | mena-a,one-CLF.HUM | brother | TOP | village-LOC | exist-FIN,
synthetic_school_dialogue_glossed.eaf,692,1459227,1461974,[SYN.692] আজ তোমরা কথা লিখে শহরে খেলবে।,"Today, you all write the word and then play in the town.",t̪eheɲɾɛ apɛ kat̪ʰa ɔlɔʔkat̪ɛ sɔhɔɽɾɛ gat̪ea.,t̪eheɲ-ɾɛ apɛ kat̪ʰa ɔlɔʔ-kat̪ɛ sɔhɔɽ-ɾɛ gat̪e-a.,t̪eheɲ-ɾɛ | apɛ | kat̪ʰa | ɔlɔʔ-kat̪ɛ | sɔhɔɽ-ɾɛ | gat̪e-a,today-LOC | 2PL | word | write-CVB | town-LOC | play-FIN,
synthetic_new_glossed.eaf,693,1461974,1463880,[SYN.693] আমি মধু খেয়েছি।,I have eaten the honey.,iɲ d̪ɔ ɲɛlɛɾasa ɟɔmakada.,iɲ d̪ɔ ɲɛlɛɾasa ɟɔm-akad-a.,iɲ | d̪ɔ | ɲɛlɛɾasa | ɟɔm-akad-a,1SG | TOP | honey | eat-PRF-FIN,
synthetic_paradigm_glossed.eaf,694,1463880,1465920,[SYN.694] তোমার গ্রাম গুরুত্বপূর্ণ।,Your village is important.,amaʔ at̪o d̪ɔ ɟɘɾuɽa.,am-aʔ at̪o d̪ɔ ɟɘɾuɽ-a.,am-aʔ | at̪o | d̪ɔ | ɟɘɾuɽ-a,2SG-GEN | village | TOP | important-FIN,
synthetic_see_paradigm.eaf,695,1465920,1468272,[SYN.695] তারা পানি পান করবে না।,They do not drink the water.,oŋko d̪ɔ d̪aʔ bako ɲua.,oŋko d̪ɔ d̪aʔ ba-ko ɲu-a.,oŋko | d̪ɔ | d̪aʔ | ba-ko | ɲu-a,3PL.ANIM | TOP | water | NEG-3PL.ANIM | drink-FIN,
synthetic_new_glossed.eaf,696,1468272,1470237,[SYN.696] তোমরা বাবা সাহায্য করেছ।,You all have helped the father.,apɛ d̪ɔ baba gɔɽɔakada.,apɛ d̪ɔ baba gɔɽɔ-akad-a.,apɛ | d̪ɔ | baba | gɔɽɔ-akad-a,2PL | TOP | father | help-PRF-FIN,
synthetic_new_glossed_3.eaf,697,1470237,1472587,[SYN.697] একটি ছবি কুয়ায় আছে।,One photo is in the well.,mit̪ʔ pʰɔʈɔ d̪ɔ kuɲɾɛ menaa.,mit̪ʔ pʰɔʈɔ d̪ɔ kuɲ-ɾɛ mena-a.,mit̪ʔ | pʰɔʈɔ | d̪ɔ | kuɲ-ɾɛ | mena-a,one | photo | TOP | well-LOC | exist-FIN,
synthetic_texts_glossed.eaf,698,1472587,1474317,[SYN.698] বাসস্থানে একটি পেট ব্যথা আছে।,There is a gripes in the residence.,basaɾɛ bɛɾõʈ duk menaa.,basa-ɾɛ bɛɾõʈ duk mena-a.,basa-ɾɛ | bɛɾõʈ duk | mena-a,residence-LOC | gripes | exist-FIN,
synthetic_bangla_glossed.eaf,699,1474317,1477186,[SYN.699] আমরা অভ্যাস ও অশান্তি দেখব।,We will see the habit and the unrest.,alɛ d̪ɔ bʰəsi aɾ bɛtʰiɾ ɲɛla.,alɛ d̪ɔ bʰəsi aɾ bɛtʰiɾ ɲɛl-a.,alɛ | d̪ɔ | bʰəsi | aɾ | bɛtʰiɾ | ɲɛl-a,1PL.EXCL | TOP | habit | and | unrest | see-FIN,Synthetic coordination with aɾ 'and'.
synthetic_texts_glossed.eaf,700,1477186,1478757,[SYN.700] অংশীদারটি ভালো।,The partner is good.,bʰəgiə̯ɾi d̪ɔ mɔ̃ɟa.,bʰəgiə̯ɾi d̪ɔ mɔ̃ɟ-a.,bʰəgiə̯ɾi | d̪ɔ | mɔ̃ɟ-a,partner | TOP | good-FIN,
synthetic_texts_glossed.eaf,701,1478757,1480273,[SYN.701] হাতটি গুরুত্বপূর্ণ।,The hand is important.,t̪i d̪ɔ ɟɘɾuɽa.,t̪i d̪ɔ ɟɘɾuɽ-a.,t̪i | d̪ɔ | ɟɘɾuɽ-a,hand | TOP | important-FIN,
synthetic_bangla_glossed.eaf,702,1480273,1482298,[SYN.702] আমরা পানি পান করব।,We will drink the water.,alɛ d̪ɔ d̪aʔ ɲua.,alɛ d̪ɔ d̪aʔ ɲu-a.,alɛ | d̪ɔ | d̪aʔ | ɲu-a,1PL.EXCL | TOP | water | drink-FIN,
synthetic_new_glossed_3.eaf,703,1482298,1484650,[SYN.703] একটি টাকা গ্রামে আছে।,One money is in the village.,mit̪ʔ ʈaka d̪ɔ at̪oɾɛ menaa.,mit̪ʔ ʈaka d̪ɔ at̪o-ɾɛ mena-a.,mit̪ʔ | ʈaka | d̪ɔ | at̪o-ɾɛ | mena-a,one | money | TOP | village-LOC | exist-FIN,
synthetic_texts_glossed.eaf,704,1484650,1486315,[SYN.704] হ্রদটি নতুন।,The lake is new.,ɟɔla d̪ɔ nɔwaa.,ɟɔla d̪ɔ nɔwa-a.,ɟɔla | d̪ɔ | nɔwa-a,lake | TOP | new-FIN,Synthetic TOP + adjectival-FIN clause following layout A/B labels.
synthetic_bangla_glossed.eaf,705,1486315,1489059,[SYN.705] আমি ঔষধ ও মাছ কিনব।,I will buy the medicine and the fish.,iɲ d̪ɔ ɾan aɾ haku kiɾiɲa.,iɲ d̪ɔ ɾan aɾ haku kiɾiɲ-a.,iɲ | d̪ɔ | ɾan | aɾ | haku | kiɾiɲ-a,1SG | TOP | medicine | and | fish | buy-FIN,
synthetic_bangla_glossed.eaf,706,1489059,1491820,[SYN.706] তোমরা ঘড়ি ও মোবাইল ফোন কিনবে।,You all will buy the watch and the mobile phone.,apɛ d̪ɔ gʰuɽi aɾ mɔbaĭl pʰon kiɾiɲa.,apɛ d̪ɔ gʰuɽi aɾ mɔbaĭl pʰon kiɾiɲ-a.,apɛ | d̪ɔ | gʰuɽi | aɾ | mɔbaĭl pʰon | kiɾiɲ-a,2PL | TOP | watch | and | mobile.phone | buy-FIN,Synthetic coordination with aɾ 'and'.
synthetic_school_dialogue_glossed.eaf,707,1491820,1494577,[SYN.707] সকালে সে ভাষা লিখে বাড়িতে যাবে।,"In the morning, he/she write the language and then go to the house.",sɛt̪aʔɾɛ uni pɘɾsi ɔlɔʔkat̪ɛ ɔɽaʔɾɛ calaʔa.,sɛt̪aʔ-ɾɛ uni pɘɾsi ɔlɔʔ-kat̪ɛ ɔɽaʔ-ɾɛ calaʔ-a.,sɛt̪aʔ-ɾɛ | uni | pɘɾsi | ɔlɔʔ-kat̪ɛ | ɔɽaʔ-ɾɛ | calaʔ-a,morning-LOC | 3SG.ANIM | language | write-CVB | house-LOC | go-FIN,
synthetic_texts_glossed.eaf,708,1494577,1496214,[SYN.708] ছোট কুঠারটি গুরুত্বপূর্ণ।,The small adze is important.,bəslə d̪ɔ ɟɘɾuɽa.,bəslə d̪ɔ ɟɘɾuɽ-a.,bəslə | d̪ɔ | ɟɘɾuɽ-a,small.adze | TOP | important-FIN,
synthetic_bangla_glossed.eaf,709,1496214,1499021,[SYN.709] তুমি মোবাইল ফোন ও ঘড়ি কিনবে।,You will buy the mobile phone and the watch.,am d̪ɔ mɔbaĭl pʰon aɾ gʰuɽi kiɾiɲa.,am d̪ɔ mɔbaĭl pʰon aɾ gʰuɽi kiɾiɲ-a.,am | d̪ɔ | mɔbaĭl pʰon | aɾ | gʰuɽi | kiɾiɲ-a,2SG | TOP | mobile.phone | and | watch | buy-FIN,
synthetic_texts_glossed.eaf,710,1499021,1500625,[SYN.710] কাঠের খুঁটিটি পরিষ্কার।,The wooden pin is clean.,bʰaɲd͡ʒ kʰuɳʈi d̪ɔ sapʰaa.,bʰaɲd͡ʒ kʰuɳʈi d̪ɔ sapʰa-a.,bʰaɲd͡ʒ kʰuɳʈi | d̪ɔ | sapʰa-a,wooden.pin | TOP | clean-FIN,
synthetic_texts_glossed.eaf,711,1500625,1502167,[SYN.711] বাবাটি আনন্দের।,The father is happy.,baba d̪ɔ ɾɘskɘa.,baba d̪ɔ ɾɘskɘ-a.,baba | d̪ɔ | ɾɘskɘ-a,father | TOP | happy-FIN,
synthetic_see_paradigm.eaf,712,1502167,1504726,[SYN.712] তুমি মধু খাবে না।,You do not eat the honey.,am d̪ɔ ɲɛlɛɾasa bam ɟɔma.,am d̪ɔ ɲɛlɛɾasa ba-m ɟɔm-a.,am | d̪ɔ | ɲɛlɛɾasa | ba-m | ɟɔm-a,2SG | TOP | honey | NEG-2SG | eat-FIN,
synthetic_new_glossed.eaf,713,1504726,1506807,[SYN.713] আমি ভাষা বলেছি।,I have spoken the language.,iɲ d̪ɔ pɘɾsi ɾɔɽakada.,iɲ d̪ɔ pɘɾsi ɾɔɽ-akad-a.,iɲ | d̪ɔ | pɘɾsi | ɾɔɽ-akad-a,1SG | TOP | language | speak-PRF-FIN,
synthetic_new_glossed_3.eaf,714,1506807,1509099,[SYN.714] একটি মোবাইল ফোন শহরে আছে।,One mobile phone is in the town.,mit̪ʔ mɔbaĭl pʰon d̪ɔ sɔhɔɽɾɛ menaa.,mit̪ʔ mɔbaĭl pʰon d̪ɔ sɔhɔɽ-ɾɛ mena-a.,mit̪ʔ | mɔbaĭl pʰon | d̪ɔ | sɔhɔɽ-ɾɛ | mena-a,one | mobile.phone | TOP | town-LOC | exist-FIN,
synthetic_new_glossed.eaf,715,1509099,1511228,[SYN.715] তোমরা মাছ বিক্রি করেছ।,You all have sold the fish.,apɛ d̪ɔ haku ɘkʰɾiɲakada.,apɛ d̪ɔ haku ɘkʰɾiɲ-akad-a.,apɛ | d̪ɔ | haku | ɘkʰɾiɲ-akad-a,2PL | TOP | fish | sell-PRF-FIN,
synthetic_school_dialogue_glossed.eaf,716,1511228,1513915,[SYN.716] গতকাল সে বেশ্যা দেখে হ্রদে যাবে।,"Yesterday, he/she see the harlot and then go to the lake.",hɔlaɾɛ uni bət͡ʃkəɾ ɲɛlkat̪ɛ ɟɔlaɾɛ calaʔa.,hɔla-ɾɛ uni bət͡ʃkəɾ ɲɛl-kat̪ɛ ɟɔla-ɾɛ calaʔ-a.,hɔla-ɾɛ | uni | bət͡ʃkəɾ | ɲɛl-kat̪ɛ | ɟɔla-ɾɛ | calaʔ-a,yesterday-LOC | 3SG.ANIM | harlot | see-CVB | lake-LOC | go-FIN,
synthetic_texts_glossed.eaf,717,1513915,1515426,[SYN.717] পাড়াে একটি টাকা আছে।,There is a money in the neighbourhood.,aɖe paseɾɛ ʈaka menaa.,aɖe pase-ɾɛ ʈaka mena-a.,aɖe pase-ɾɛ | ʈaka | mena-a,neighbourhood-LOC | money | exist-FIN,
synthetic_school_dialogue_glossed.eaf,718,1515426,1518134,[SYN.718] সকালে আমি কথা লিখে হ্রদে যাব।,"In the morning, I write the word and then go to the lake.",sɛt̪aʔɾɛ iɲ kat̪ʰa ɔlɔʔkat̪ɛ ɟɔlaɾɛ calaʔa.,sɛt̪aʔ-ɾɛ iɲ kat̪ʰa ɔlɔʔ-kat̪ɛ ɟɔla-ɾɛ calaʔ-a.,sɛt̪aʔ-ɾɛ | iɲ | kat̪ʰa | ɔlɔʔ-kat̪ɛ | ɟɔla-ɾɛ | calaʔ-a,morning-LOC | 1SG | word | write-CVB | lake-LOC | go-FIN,Synthetic sequential CVB clause with -kat̪ɛ.
synthetic_texts_glossed.eaf,719,1518134,1519783,[SYN.719] ইংল্যান্ডে একটি হ্রদ আছে।,There is a lake in the england.,bilətɾɛ ɟɔla menaa.,bilət-ɾɛ ɟɔla mena-a.,bilət-ɾɛ | ɟɔla | mena-a,england-LOC | lake | exist-FIN,
synthetic_school_dialogue_glossed.eaf,720,1519783,1522594,[SYN.720] আজ আমি খাবার কিনে কুয়ায় কাজ করব।,"Today, I buy the food and then work in the well.",t̪eheɲɾɛ iɲ ɟɔmaʔ kiɾiɲkat̪ɛ kuɲɾɛ kɘmia.,t̪eheɲ-ɾɛ iɲ ɟɔmaʔ kiɾiɲ-kat̪ɛ kuɲ-ɾɛ kɘmi-a.,t̪eheɲ-ɾɛ | iɲ | ɟɔmaʔ | kiɾiɲ-kat̪ɛ | kuɲ-ɾɛ | kɘmi-a,today-LOC | 1SG | food | buy-CVB | well-LOC | work-FIN,Synthetic sequential CVB clause with -kat̪ɛ.
synthetic_texts_glossed.eaf,721,1522594,1524214,[SYN.721] চুক্তিটি গুরুত্বপূর্ণ।,The contract is important.,bandʰɔn d̪ɔ ɟɘɾuɽa.,bandʰɔn d̪ɔ ɟɘɾuɽ-a.,bandʰɔn | d̪ɔ | ɟɘɾuɽ-a,contract | TOP | important-FIN,
synthetic_paradigm_glossed.eaf,722,1524214,1525827,[SYN.722] তারা মা সাহায্য করেছিল।,They helped the mother.,oŋkoko gɔgɔ gɔɽɔkeda.,oŋko-ko gɔgɔ gɔɽɔ-ked-a.,oŋko-ko | gɔgɔ | gɔɽɔ-ked-a,3PL.ANIM-3PL.ANIM | mother | help-PST-FIN,
synthetic_new_glossed.eaf,723,1525827,1527717,[SYN.723] আমরা মোবাইল ফোন কিনেছি।,We have bought the mobile phone.,alɛ d̪ɔ mɔbaĭl pʰon kiɾiɲakada.,alɛ d̪ɔ mɔbaĭl pʰon kiɾiɲ-akad-a.,alɛ | d̪ɔ | mɔbaĭl pʰon | kiɾiɲ-akad-a,1PL.EXCL | TOP | mobile.phone | buy-PRF-FIN,
synthetic_texts_glossed.eaf,724,1527717,1529240,[SYN.724] নিকটবর্তী এলাকাে একটি অভ্যাস আছে।,There is a habit in the vicinity.,aɖe ʈolaɾɛ bʰəsi menaa.,aɖe ʈola-ɾɛ bʰəsi mena-a.,aɖe ʈola-ɾɛ | bʰəsi | mena-a,vicinity-LOC | habit | exist-FIN,
synthetic_texts_glossed.eaf,725,1529240,1530843,[SYN.725] তুলার গাছটি ভালো।,The cotton plant is good.,bʰoga kaskɔm d̪ɔ mɔ̃ɟa.,bʰoga kaskɔm d̪ɔ mɔ̃ɟ-a.,bʰoga kaskɔm | d̪ɔ | mɔ̃ɟ-a,cotton.plant | TOP | good-FIN,
synthetic_texts_glossed.eaf,726,1530843,1532645,[SYN.726] বাড়িতে একটি আখড়া আছে।,There is a gathering in the house.,ɔɽaʔɾɛ akʰɾa menaa.,ɔɽaʔ-ɾɛ akʰɾa mena-a.,ɔɽaʔ-ɾɛ | akʰɾa | mena-a,house-LOC | gathering | exist-FIN,Synthetic LOC + exist-FIN clause matching mena-a patterns.
synthetic_see_paradigm.eaf,727,1532645,1534021,[SYN.727] তোমরা বসছ।,You all are sitting.,apɛpɛ d̪uɽup̚ʔɛd̪a.,apɛ-pɛ d̪uɽup̚ʔ-ɛ-d̪a.,apɛ-pɛ | d̪uɽup̚ʔ-ɛ-d̪a,2PL-2PL | sit-PROG-FIN,
synthetic_paradigm_glossed.eaf,728,1534021,1535979,[SYN.728] তোমাদের সময় নতুন।,Your time is new.,apɛaʔ ɔkt̪ɛ d̪ɔ nɔwaa.,apɛ-aʔ ɔkt̪ɛ d̪ɔ nɔwa-a.,apɛ-aʔ | ɔkt̪ɛ | d̪ɔ | nɔwa-a,2PL-GEN | time | TOP | new-FIN,
synthetic_new_glossed_3.eaf,729,1535979,1538260,[SYN.729] একটি জারজ কুয়ায় আছে।,One bastard is in the well.,mit̪ʔʈɛn bidʰuə̯ d̪ɔ kuɲɾɛ menaa.,mit̪ʔ-ʈɛn bidʰuə̯ d̪ɔ kuɲ-ɾɛ mena-a.,mit̪ʔ-ʈɛn | bidʰuə̯ | d̪ɔ | kuɲ-ɾɛ | mena-a,one-CLF.HUM | bastard | TOP | well-LOC | exist-FIN,
synthetic_see_paradigm.eaf,730,1538260,1540648,[SYN.730] তুমি কথা বলবে না।,You do not speak the word.,am d̪ɔ kat̪ʰa bam ɾɔɽa.,am d̪ɔ kat̪ʰa ba-m ɾɔɽ-a.,am | d̪ɔ | kat̪ʰa | ba-m | ɾɔɽ-a,2SG | TOP | word | NEG-2SG | speak-FIN,
synthetic_paradigm_glossed.eaf,731,1540648,1542230,[SYN.731] তুমি ঘড়ি বিক্রি করেছিলে।,You sold the watch.,amɛm gʰuɽi ɘkʰɾiɲkeda.,am-ɛm gʰuɽi ɘkʰɾiɲ-ked-a.,am-ɛm | gʰuɽi | ɘkʰɾiɲ-ked-a,2SG-2SG | watch | sell-PST-FIN,
synthetic_imperatives_glossed.eaf,732,1542230,1544197,[SYN.732] দয়া করে শহরে আসো।,Please come to the town.,d̪a.ja kat̪ɛ sɔhɔɽɾɛ hiɟuʔmɛ.,d̪a.ja kat̪ɛ sɔhɔɽ-ɾɛ hiɟuʔ-mɛ.,d̪a.ja | kat̪ɛ | sɔhɔɽ-ɾɛ | hiɟuʔ-mɛ,please | Manner | town-LOC | come-IMP.2SG.POL,
synthetic_bangla_glossed.eaf,733,1544197,1546307,[SYN.733] তারা কসাই দেখবে।,They will see the butcher.,oŋko d̪ɔ bʰut͡ʃəɽ ɲɛla.,oŋko d̪ɔ bʰut͡ʃəɽ ɲɛl-a.,oŋko | d̪ɔ | bʰut͡ʃəɽ | ɲɛl-a,3PL.ANIM | TOP | butcher | see-FIN,
synthetic_texts_glossed.eaf,734,1546307,1548024,[SYN.734] বিস্তীর্ণ ভূমিে একটি দুধ আছে।,There is a milk in the wide expanse of land.,bilənɾɛ t̪o̯͡a menaa.,bilən-ɾɛ t̪o̯͡a mena-a.,bilən-ɾɛ | t̪o̯͡a | mena-a,wide.expanse.of-LOC | milk | exist-FIN,
synthetic_paradigm_glossed.eaf,735,1548024,1550130,[SYN.735] তাদের আঙুর ভালো।,Their grape is good.,oŋkoaʔ aŋguɾ d̪ɔ mɔ̃ɟa.,oŋko-aʔ aŋguɾ d̪ɔ mɔ̃ɟ-a.,oŋko-aʔ | aŋguɾ | d̪ɔ | mɔ̃ɟ-a,3PL-GEN | grape | TOP | good-FIN,
synthetic_paradigm_glossed.eaf,736,1550130,1552115,[SYN.736] আমাদের পিঁপড়া ছোট।,Our ant is small.,alɛaʔ muc̚ʔ d̪ɔ lɘʈua.,alɛ-aʔ muc̚ʔ d̪ɔ lɘʈu-a.,alɛ-aʔ | muc̚ʔ | d̪ɔ | lɘʈu-a,1PL.EXCL-GEN | ant | TOP | small-FIN,
synthetic_texts_glossed.eaf,737,1552115,1553858,[SYN.737] ভুলটি পরিষ্কার।,The blunder is clean.,bʰul d̪ɔ sapʰaa.,bʰul d̪ɔ sapʰa-a.,bʰul | d̪ɔ | sapʰa-a,blunder | TOP | clean-FIN,
synthetic_paradigm_glossed.eaf,738,1553858,1555492,[SYN.738] সে খাবার খেয়েছিল।,He/she ate the food.,unii̯ ɟɔmaʔ ɟɔmkeda.,uni-i̯ ɟɔmaʔ ɟɔm-ked-a.,uni-i̯ | ɟɔmaʔ | ɟɔm-ked-a,3SG.ANIM-3SG.ANIM | food | eat-PST-FIN,
synthetic_new_glossed.eaf,739,1555492,1557386,[SYN.739] তোমরা ভাষা পড়েছ।,You all have studied the language.,apɛ d̪ɔ pɘɾsi paɽha͡o̯akada.,apɛ d̪ɔ pɘɾsi paɽha͡o̯-akad-a.,apɛ | d̪ɔ | pɘɾsi | paɽha͡o̯-akad-a,2PL | TOP | language | study-PRF-FIN,
synthetic_texts_glossed.eaf,740,1557386,1559087,[SYN.740] অগ্রদূতটি ভালো।,The forerunner is good.,əguə̯daɾ d̪ɔ mɔ̃ɟa.,əguə̯daɾ d̪ɔ mɔ̃ɟ-a.,əguə̯daɾ | d̪ɔ | mɔ̃ɟ-a,forerunner | TOP | good-FIN,
synthetic_paradigm_glossed.eaf,741,1559087,1560797,[SYN.741] তারা ভাষা বলেছিল।,They spoke the language.,oŋkoko pɘɾsi ɾɔɽkeda.,oŋko-ko pɘɾsi ɾɔɽ-ked-a.,oŋko-ko | pɘɾsi | ɾɔɽ-ked-a,3PL.ANIM-3PL.ANIM | language | speak-PST-FIN,
synthetic_texts_glossed.eaf,742,1560797,1562308,[SYN.742] পাটি ভালো।,The foot is good.,kaʈa d̪ɔ mɔ̃ɟa.,kaʈa d̪ɔ mɔ̃ɟ-a.,kaʈa | d̪ɔ | mɔ̃ɟ-a,foot | TOP | good-FIN,
synthetic_paradigm_glossed.eaf,743,1562308,1564334,[SYN.743] তোমার মা ছোট।,Your mother is small.,amaʔ gɔgɔ d̪ɔ lɘʈua.,am-aʔ gɔgɔ d̪ɔ lɘʈu-a.,am-aʔ | gɔgɔ | d̪ɔ | lɘʈu-a,2SG-GEN | mother | TOP | small-FIN,
synthetic_texts_glossed.eaf,744,1564334,1566057,[SYN.744] মাটির জারটি নতুন।,The round jar is new.,bəhni d̪ɔ nɔwaa.,bəhni d̪ɔ nɔwa-a.,bəhni | d̪ɔ | nɔwa-a,round.jar | TOP | new-FIN,
synthetic_see_paradigm.eaf,745,1566057,1568399,[SYN.745] তুমি ওয়ারেন্ট দেখবে না।,You do not see the warrant.,am d̪ɔ aɾoɳʈ bam ɲɛla.,am d̪ɔ aɾoɳʈ ba-m ɲɛl-a.,am | d̪ɔ | aɾoɳʈ | ba-m | ɲɛl-a,2SG | TOP | warrant | NEG-2SG | see-FIN,Synthetic NEG-pronominal marker pattern from the see paradigm.
synthetic_texts_glossed.eaf,746,1568399,1570038,[SYN.746] সময়টি গুরুত্বপূর্ণ।,The time is important.,ɔkt̪ɛ d̪ɔ ɟɘɾuɽa.,ɔkt̪ɛ d̪ɔ ɟɘɾuɽ-a.,ɔkt̪ɛ | d̪ɔ | ɟɘɾuɽ-a,time | TOP | important-FIN,
synthetic_paradigm_glossed.eaf,747,1570038,1572220,[SYN.747] তোমার কর্তব্যচ্যুতি গুরুত্বপূর্ণ।,Your omission of duty is important.,amaʔ bʰisoɾ d̪ɔ ɟɘɾuɽa.,am-aʔ bʰisoɾ d̪ɔ ɟɘɾuɽ-a.,am-aʔ | bʰisoɾ | d̪ɔ | ɟɘɾuɽ-a,2SG-GEN | omission.of.duty | TOP | important-FIN,Synthetic GEN + TOP clause using pronoun markers from ground truth.
synthetic_school_dialogue_glossed.eaf,748,1572220,1574827,[SYN.748] সকালে আমি ভাষা লিখে কুয়ায় খেলব।,"In the morning, I write the language and then play in the well.",sɛt̪aʔɾɛ iɲ pɘɾsi ɔlɔʔkat̪ɛ kuɲɾɛ gat̪ea.,sɛt̪aʔ-ɾɛ iɲ pɘɾsi ɔlɔʔ-kat̪ɛ kuɲ-ɾɛ gat̪e-a.,sɛt̪aʔ-ɾɛ | iɲ | pɘɾsi | ɔlɔʔ-kat̪ɛ | kuɲ-ɾɛ | gat̪e-a,morning-LOC | 1SG | language | write-CVB | well-LOC | play-FIN,
synthetic_texts_glossed.eaf,749,1574827,1576417,[SYN.749] কুয়ায় একটি বিনিময় আছে।,There is an exchange in the well.,kuɲɾɛ badla menaa.,kuɲ-ɾɛ badla mena-a.,kuɲ-ɾɛ | badla | mena-a,well-LOC | exchange | exist-FIN,
synthetic_texts_glossed.eaf,750,1576417,1578072,[SYN.750] নদীতে একটি কুয়া আছে।,There is a well in the river.,gaɖaɾɛ kuɲ menaa.,gaɖa-ɾɛ kuɲ mena-a.,gaɖa-ɾɛ | kuɲ | mena-a,river-LOC | well | exist-FIN,
synthetic_see_paradigm.eaf,751,1578072,1580437,[SYN.751] আমি কথা পড়ব না।,I do not study the word.,iɲ d̪ɔ kat̪ʰa bɘɲ paɽha͡o̯a.,iɲ d̪ɔ kat̪ʰa bɘ-ɲ paɽha͡o̯-a.,iɲ | d̪ɔ | kat̪ʰa | bɘ-ɲ | paɽha͡o̯-a,1SG | TOP | word | NEG-1SG | study-FIN,
synthetic_texts_glossed.eaf,752,1580437,1582249,[SYN.752] কিশোরটি ছোট।,The hobbledehoy is small.,bat͡ʃʰɽa koɽa d̪ɔ lɘʈua.,bat͡ʃʰɽa koɽa d̪ɔ lɘʈu-a.,bat͡ʃʰɽa koɽa | d̪ɔ | lɘʈu-a,hobbledehoy | TOP | small-FIN,Synthetic TOP + adjectival-FIN clause following layout A/B labels.
synthetic_school_dialogue_glossed.eaf,753,1582249,1584893,[SYN.753] সেই সময় তারা দুধ পান করে স্কুলে আসবে।,"At that time, they drink the milk and then come to the school.",ɔkt̪ɛɾɛ oŋko t̪o̯͡a ɲukat̪ɛ iskulɾɛ hiɟuʔa.,ɔkt̪ɛ-ɾɛ oŋko t̪o̯͡a ɲu-kat̪ɛ iskul-ɾɛ hiɟuʔ-a.,ɔkt̪ɛ-ɾɛ | oŋko | t̪o̯͡a | ɲu-kat̪ɛ | iskul-ɾɛ | hiɟuʔ-a,time-LOC | 3PL.ANIM | milk | drink-CVB | school-LOC | come-FIN,
synthetic_paradigm_glossed.eaf,754,1584893,1586895,[SYN.754] তার আখড়া ভালো।,His/her gathering is good.,uniaʔ akʰɾa d̪ɔ mɔ̃ɟa.,uni-aʔ akʰɾa d̪ɔ mɔ̃ɟ-a.,uni-aʔ | akʰɾa | d̪ɔ | mɔ̃ɟ-a,3SG-GEN | gathering | TOP | good-FIN,
synthetic_dialogues_glossed.eaf,755,1586895,1590241,"[SYN.755] তুমি কথা লিখবে, কিন্তু কথা লিখবে না।","You will write the word, but do not write the word.",am d̪ɔ kat̪ʰa ɔlɔʔa mɛnkʰan kat̪ʰa bam ɔlɔʔa.,am d̪ɔ kat̪ʰa ɔlɔʔ-a mɛnkʰan kat̪ʰa ba-m ɔlɔʔ-a.,am | d̪ɔ | kat̪ʰa | ɔlɔʔ-a | mɛnkʰan | kat̪ʰa | ba-m | ɔlɔʔ-a,2SG | TOP | word | write-FIN | but | word | NEG-2SG | write-FIN,
synthetic_bangla_glossed.eaf,756,1590241,1592182,[SYN.756] সে ঘড়ি কিনবে।,He/she will buy the watch.,uni d̪ɔ gʰuɽi kiɾiɲa.,uni d̪ɔ gʰuɽi kiɾiɲ-a.,uni | d̪ɔ | gʰuɽi | kiɾiɲ-a,3SG.ANIM | TOP | watch | buy-FIN,
synthetic_texts_glossed.eaf,757,1592182,1593911,[SYN.757] বাড়িটি পরিষ্কার।,The house is clean.,ɔɽaʔ d̪ɔ sapʰaa.,ɔɽaʔ d̪ɔ sapʰa-a.,ɔɽaʔ | d̪ɔ | sapʰa-a,house | TOP | clean-FIN,
synthetic_texts_glossed.eaf,758,1593911,1595476,[SYN.758] বাসস্থানে একটি অনুচিত আচরণ আছে।,There is an impropriety in the residence.,basaɾɛ baŋ ganok̕ak̕ menaa.,basa-ɾɛ baŋ ganok̕ak̕ mena-a.,basa-ɾɛ | baŋ ganok̕ak̕ | mena-a,residence-LOC | impropriety | exist-FIN,
synthetic_texts_glossed.eaf,759,1595476,1597120,[SYN.759] ঘামটি ভালো।,The perspiration is good.,balbal d̪ɔ mɔ̃ɟa.,balbal d̪ɔ mɔ̃ɟ-a.,balbal | d̪ɔ | mɔ̃ɟ-a,perspiration | TOP | good-FIN,Synthetic TOP + adjectival-FIN clause following layout A/B labels.
synthetic_texts_glossed.eaf,760,1597120,1598690,[SYN.760] বালিশটি ভালো।,The pillow is good.,bəlis d̪ɔ mɔ̃ɟa.,bəlis d̪ɔ mɔ̃ɟ-a.,bəlis | d̪ɔ | mɔ̃ɟ-a,pillow | TOP | good-FIN,
synthetic_bangla_glossed.eaf,761,1598690,1601390,[SYN.761] আমি অবসর ও আনারস দেখব।,I will see the leisure and the pineapple.,iɲ d̪ɔ apʰsoɾ aɾ ananas ɲɛla.,iɲ d̪ɔ apʰsoɾ aɾ ananas ɲɛl-a.,iɲ | d̪ɔ | apʰsoɾ | aɾ | ananas | ɲɛl-a,1SG | TOP | leisure | and | pineapple | see-FIN,
synthetic_texts_glossed.eaf,762,1601390,1603171,[SYN.762] শক্তিটি ভালো।,The force is good.,ad͡ʒʰãʈ d̪ɔ mɔ̃ɟa.,ad͡ʒʰãʈ d̪ɔ mɔ̃ɟ-a.,ad͡ʒʰãʈ | d̪ɔ | mɔ̃ɟ-a,force | TOP | good-FIN,
synthetic_dialogues_glossed.eaf,763,1603171,1606717,"[SYN.763] তুমি খাবার পাবে, কিন্তু ঔষধ পাবে না।","You will get the food, but do not get the medicine.",am d̪ɔ ɟɔmaʔ ɲama mɛnkʰan ɾan bam ɲama.,am d̪ɔ ɟɔmaʔ ɲam-a mɛnkʰan ɾan ba-m ɲam-a.,am | d̪ɔ | ɟɔmaʔ | ɲam-a | mɛnkʰan | ɾan | ba-m | ɲam-a,2SG | TOP | food | get-FIN | but | medicine | NEG-2SG | get-FIN,
synthetic_texts_glossed.eaf,764,1606717,1608462,[SYN.764] স্কুলে একটি লাগাম আছে।,There is a bridle in the school.,iskulɾɛ bag menaa.,iskul-ɾɛ bag mena-a.,iskul-ɾɛ | bag | mena-a,school-LOC | bridle | exist-FIN,
synthetic_see_paradigm.eaf,765,1608462,1609709,[SYN.765] আমি মারা যাচ্ছি।,I am dying.,iɲiɲ gɔc̚ʔɛd̪a.,iɲ-iɲ gɔc̚ʔ-ɛ-d̪a.,iɲ-iɲ | gɔc̚ʔ-ɛ-d̪a,1SG-1SG | die-PROG-FIN,
synthetic_paradigm_glossed.eaf,766,1609709,1611870,[SYN.766] তাদের গুজব রটনাকারী ভালো।,Their gossiping is good.,oŋkoaʔ bəd͡ʒniə̯ d̪ɔ mɔ̃ɟa.,oŋko-aʔ bəd͡ʒniə̯ d̪ɔ mɔ̃ɟ-a.,oŋko-aʔ | bəd͡ʒniə̯ | d̪ɔ | mɔ̃ɟ-a,3PL-GEN | gossiping | TOP | good-FIN,
synthetic_new_glossed_3.eaf,767,1611870,1614269,[SYN.767] একটি টাকা স্কুলে আছে।,One money is in the school.,mit̪ʔ ʈaka d̪ɔ iskulɾɛ menaa.,mit̪ʔ ʈaka d̪ɔ iskul-ɾɛ mena-a.,mit̪ʔ | ʈaka | d̪ɔ | iskul-ɾɛ | mena-a,one | money | TOP | school-LOC | exist-FIN,
synthetic_texts_glossed.eaf,768,1614269,1615784,[SYN.768] বকেয়াটি নতুন।,The arrears is new.,bəki d̪ɔ nɔwaa.,bəki d̪ɔ nɔwa-a.,bəki | d̪ɔ | nɔwa-a,arrears | TOP | new-FIN,Synthetic TOP + adjectival-FIN clause following layout A/B labels.
synthetic_new_glossed_3.eaf,769,1615784,1618334,[SYN.769] একটি পূর্বপুরুষ হ্রদে আছে।,One ancestors is in the lake.,mit̪ʔʈɛn bap dada d̪ɔ ɟɔlaɾɛ menaa.,mit̪ʔ-ʈɛn bap dada d̪ɔ ɟɔla-ɾɛ mena-a.,mit̪ʔ-ʈɛn | bap dada | d̪ɔ | ɟɔla-ɾɛ | mena-a,one-CLF.HUM | ancestors | TOP | lake-LOC | exist-FIN,
synthetic_see_paradigm.eaf,770,1618334,1620857,[SYN.770] তোমরা মা সাহায্য করবে না।,You all do not help the mother.,apɛ d̪ɔ gɔgɔ bapɛ gɔɽɔa.,apɛ d̪ɔ gɔgɔ ba-pɛ gɔɽɔ-a.,apɛ | d̪ɔ | gɔgɔ | ba-pɛ | gɔɽɔ-a,2PL | TOP | mother | NEG-2PL | help-FIN,
synthetic_texts_glossed.eaf,771,1620857,1622575,[SYN.771] ঝড়বৃষ্টিটি গুরুত্বপূর্ণ।,The storm of wind & rain is important.,əndʰi dak̕ d̪ɔ ɟɘɾuɽa.,əndʰi dak̕ d̪ɔ ɟɘɾuɽ-a.,əndʰi dak̕ | d̪ɔ | ɟɘɾuɽ-a,storm.of.wind | TOP | important-FIN,
synthetic_bangla_glossed.eaf,772,1622575,1624467,[SYN.772] তোমরা বাবা সাহায্য করবে।,You all will help the father.,apɛ d̪ɔ baba gɔɽɔa.,apɛ d̪ɔ baba gɔɽɔ-a.,apɛ | d̪ɔ | baba | gɔɽɔ-a,2PL | TOP | father | help-FIN,
synthetic_school_dialogue_glossed.eaf,773,1624467,1627066,[SYN.773] আজ আমরা ঘড়ি কিনে বাড়িতে আসব।,"Today, we buy the watch and then come to the house.",t̪eheɲɾɛ alɛ gʰuɽi kiɾiɲkat̪ɛ ɔɽaʔɾɛ hiɟuʔa.,t̪eheɲ-ɾɛ alɛ gʰuɽi kiɾiɲ-kat̪ɛ ɔɽaʔ-ɾɛ hiɟuʔ-a.,t̪eheɲ-ɾɛ | alɛ | gʰuɽi | kiɾiɲ-kat̪ɛ | ɔɽaʔ-ɾɛ | hiɟuʔ-a,today-LOC | 1PL.EXCL | watch | buy-CVB | house-LOC | come-FIN,
synthetic_new_glossed_3.eaf,774,1627066,1629475,[SYN.774] একটি বাবা শহরে আছে।,One father is in the town.,mit̪ʔʈɛn baba d̪ɔ sɔhɔɽɾɛ menaa.,mit̪ʔ-ʈɛn baba d̪ɔ sɔhɔɽ-ɾɛ mena-a.,mit̪ʔ-ʈɛn | baba | d̪ɔ | sɔhɔɽ-ɾɛ | mena-a,one-CLF.HUM | father | TOP | town-LOC | exist-FIN,
synthetic_texts_glossed.eaf,775,1629475,1631150,[SYN.775] উঠানে একটি মশাল আছে।,There is a torch in the courtyard of house.,bəteɾɛ bambeɾ menaa.,bəte-ɾɛ bambeɾ mena-a.,bəte-ɾɛ | bambeɾ | mena-a,courtyard.of.house-LOC | torch | exist-FIN,
synthetic_paradigm_glossed.eaf,776,1631150,1633140,[SYN.776] তোমাদের প্রসবোত্তর নাড়ি নতুন।,Your afterbirth placenta is new.,apɛaʔ baha āowāɾ d̪ɔ nɔwaa.,apɛ-aʔ baha āowāɾ d̪ɔ nɔwa-a.,apɛ-aʔ | baha āowāɾ | d̪ɔ | nɔwa-a,2PL-GEN | afterbirth.placenta | TOP | new-FIN,
synthetic_paradigm_glossed.eaf,777,1633140,1635290,[SYN.777] তাদের মানুষ আনন্দের।,Their person is happy.,oŋkoaʔ hɔɽ d̪ɔ ɾɘskɘa.,oŋko-aʔ hɔɽ d̪ɔ ɾɘskɘ-a.,oŋko-aʔ | hɔɽ | d̪ɔ | ɾɘskɘ-a,3PL-GEN | person | TOP | happy-FIN,
synthetic_paradigm_glossed.eaf,778,1635290,1637472,[SYN.778] তোমাদের ঘড়ি পরিষ্কার।,Your watch is clean.,apɛaʔ gʰuɽi d̪ɔ sapʰaa.,apɛ-aʔ gʰuɽi d̪ɔ sapʰa-a.,apɛ-aʔ | gʰuɽi | d̪ɔ | sapʰa-a,2PL-GEN | watch | TOP | clean-FIN,
synthetic_see_paradigm.eaf,779,1637472,1639725,[SYN.779] সে খাবার বিক্রি করবে না।,He/she does not sell the food.,uni d̪ɔ ɟɔmaʔ bai̯ ɘkʰɾiɲa.,uni d̪ɔ ɟɔmaʔ ba-i̯ ɘkʰɾiɲ-a.,uni | d̪ɔ | ɟɔmaʔ | ba-i̯ | ɘkʰɾiɲ-a,3SG.ANIM | TOP | food | NEG-3SG.ANIM | sell-FIN,
synthetic_school_dialogue_glossed.eaf,780,1639725,1642426,[SYN.780] সেই সময় সে পাঠ পড়ে হ্রদে খেলবে।,"At that time, he/she study the lesson and then play in the lake.",ɔkt̪ɛɾɛ uni sikʰnɘt̪ paɽha͡o̯kat̪ɛ ɟɔlaɾɛ gat̪ea.,ɔkt̪ɛ-ɾɛ uni sikʰnɘt̪ paɽha͡o̯-kat̪ɛ ɟɔla-ɾɛ gat̪e-a.,ɔkt̪ɛ-ɾɛ | uni | sikʰnɘt̪ | paɽha͡o̯-kat̪ɛ | ɟɔla-ɾɛ | gat̪e-a,time-LOC | 3SG.ANIM | lesson | study-CVB | lake-LOC | play-FIN,
synthetic_paradigm_glossed.eaf,781,1642426,1644070,[SYN.781] তোমরা খাবার পেয়েছিলে।,You all got the food.,apɛpɛ ɟɔmaʔ ɲamkeda.,apɛ-pɛ ɟɔmaʔ ɲam-ked-a.,apɛ-pɛ | ɟɔmaʔ | ɲam-ked-a,2PL-2PL | food | get-PST-FIN,
synthetic_texts_glossed.eaf,782,1644070,1645756,[SYN.782] নদীতে একটি জীবন আছে।,There is a life in the river.,gaɖaɾɛ ɟiŋgi menaa.,gaɖa-ɾɛ ɟiŋgi mena-a.,gaɖa-ɾɛ | ɟiŋgi | mena-a,river-LOC | life | exist-FIN,
synthetic_imperatives_glossed.eaf,783,1645756,1647656,[SYN.783] দয়া করে কথা পড়ো।,Please study the word.,d̪a.ja kat̪ɛ kat̪ʰa paɽha͡o̯mɛ.,d̪a.ja kat̪ɛ kat̪ʰa paɽha͡o̯-mɛ.,d̪a.ja | kat̪ɛ | kat̪ʰa | paɽha͡o̯-mɛ,please | Manner | word | study-IMP.2SG.POL,
synthetic_bangla_glossed.eaf,784,1647656,1650406,[SYN.784] সে পানি ও দুধ পান করবে।,He/she will drink the water and the milk.,uni d̪ɔ d̪aʔ aɾ t̪o̯͡a ɲua.,uni d̪ɔ d̪aʔ aɾ t̪o̯͡a ɲu-a.,uni | d̪ɔ | d̪aʔ | aɾ | t̪o̯͡a | ɲu-a,3SG.ANIM | TOP | water | and | milk | drink-FIN,
synthetic_paradigm_glossed.eaf,785,1650406,1652387,[SYN.785] তার পা গুরুত্বপূর্ণ।,His/her leg is important.,uniaʔ ɟaŋga d̪ɔ ɟɘɾuɽa.,uni-aʔ ɟaŋga d̪ɔ ɟɘɾuɽ-a.,uni-aʔ | ɟaŋga | d̪ɔ | ɟɘɾuɽ-a,3SG-GEN | leg | TOP | important-FIN,
synthetic_see_paradigm.eaf,786,1652387,1653710,[SYN.786] তোমরা খেলছ।,You all are playing.,apɛpɛ gat̪eɛd̪a.,apɛ-pɛ gat̪e-ɛ-d̪a.,apɛ-pɛ | gat̪e-ɛ-d̪a,2PL-2PL | play-PROG-FIN,
synthetic_see_paradigm.eaf,787,1653710,1656071,[SYN.787] আমরা খাবার বিক্রি করব না।,We do not sell the food.,alɛ d̪ɔ ɟɔmaʔ balɛ ɘkʰɾiɲa.,alɛ d̪ɔ ɟɔmaʔ ba-lɛ ɘkʰɾiɲ-a.,alɛ | d̪ɔ | ɟɔmaʔ | ba-lɛ | ɘkʰɾiɲ-a,1PL.EXCL | TOP | food | NEG-1PL.EXCL | sell-FIN,
synthetic_dialogues_glossed.eaf,788,1656071,1658141,[SYN.788] জেলে কোথায় আছে?,Where is the fisherman?,ɟɘliɘ d̪ɔ ɔkaɾɛ menaa.,ɟɘliɘ d̪ɔ ɔka-ɾɛ mena-a.,ɟɘliɘ | d̪ɔ | ɔka-ɾɛ | mena-a,fisherman | TOP | where-LOC | exist-FIN,
synthetic_bangla_glossed.eaf,789,1658141,1660331,[SYN.789] তুমি মোবাইল ফোন কিনবে।,You will buy the mobile phone.,am d̪ɔ mɔbaĭl pʰon kiɾiɲa.,am d̪ɔ mɔbaĭl pʰon kiɾiɲ-a.,am | d̪ɔ | mɔbaĭl pʰon | kiɾiɲ-a,2SG | TOP | mobile.phone | buy-FIN,
synthetic_new_glossed_3.eaf,790,1660331,1662803,[SYN.790] একটি বোকা নদীতে আছে।,One fool is in the river.,mit̪ʔʈɛn bemblaha d̪ɔ gaɖaɾɛ menaa.,mit̪ʔ-ʈɛn bemblaha d̪ɔ gaɖa-ɾɛ mena-a.,mit̪ʔ-ʈɛn | bemblaha | d̪ɔ | gaɖa-ɾɛ | mena-a,one-CLF.HUM | fool | TOP | river-LOC | exist-FIN,Synthetic classifier + LOC/exist clause.
synthetic_school_dialogue_glossed.eaf,791,1662803,1665666,[SYN.791] গতকাল তোমরা রান্না খেয়ে স্কুলে আসবে।,"Yesterday, you all eat the cooked food and then come to the school.",hɔlaɾɛ apɛ basaŋ ɟɔmkat̪ɛ iskulɾɛ hiɟuʔa.,hɔla-ɾɛ apɛ basaŋ ɟɔm-kat̪ɛ iskul-ɾɛ hiɟuʔ-a.,hɔla-ɾɛ | apɛ | basaŋ | ɟɔm-kat̪ɛ | iskul-ɾɛ | hiɟuʔ-a,yesterday-LOC | 2PL | cooked.food | eat-CVB | school-LOC | come-FIN,
synthetic_texts_glossed.eaf,792,1665666,1667448,[SYN.792] জাদুবিদ্যাটি নতুন।,The sorcery is new.,ban d̪ɔ nɔwaa.,ban d̪ɔ nɔwa-a.,ban | d̪ɔ | nɔwa-a,sorcery | TOP | new-FIN,
synthetic_school_dialogue_glossed.eaf,793,1667448,1670273,[SYN.793] সেই সময় আমরা মাছ খেয়ে শহরে খেলব।,"At that time, we eat the fish and then play in the town.",ɔkt̪ɛɾɛ alɛ haku ɟɔmkat̪ɛ sɔhɔɽɾɛ gat̪ea.,ɔkt̪ɛ-ɾɛ alɛ haku ɟɔm-kat̪ɛ sɔhɔɽ-ɾɛ gat̪e-a.,ɔkt̪ɛ-ɾɛ | alɛ | haku | ɟɔm-kat̪ɛ | sɔhɔɽ-ɾɛ | gat̪e-a,time-LOC | 1PL.EXCL | fish | eat-CVB | town-LOC | play-FIN,
synthetic_school_dialogue_glossed.eaf,794,1670273,1673016,[SYN.794] সকালে তোমরা বাক্য দেখে হ্রদে খেলবে।,"In the morning, you all see the sentence and then play in the lake.",sɛt̪aʔɾɛ apɛ ajat ɲɛlkat̪ɛ ɟɔlaɾɛ gat̪ea.,sɛt̪aʔ-ɾɛ apɛ ajat ɲɛl-kat̪ɛ ɟɔla-ɾɛ gat̪e-a.,sɛt̪aʔ-ɾɛ | apɛ | ajat | ɲɛl-kat̪ɛ | ɟɔla-ɾɛ | gat̪e-a,morning-LOC | 2PL | sentence | see-CVB | lake-LOC | play-FIN,Synthetic sequential CVB clause with -kat̪ɛ.
synthetic_bangla_glossed.eaf,795,1673016,1675026,[SYN.795] আমরা গবাদিপশুর পাতলা পায়খানা দেখব।,We will see the scouring in cattle.,alɛ d̪ɔ aɽhəi̯ə ɲɛla.,alɛ d̪ɔ aɽhəi̯ə ɲɛl-a.,alɛ | d̪ɔ | aɽhəi̯ə | ɲɛl-a,1PL.EXCL | TOP | scouring.in.cattle | see-FIN,
synthetic_paradigm_glossed.eaf,796,1675026,1676670,[SYN.796] আমরা ডাক্তার সাহায্য করেছিলাম।,We helped the doctor.,alɛlɛ ɖak̚t̪aɾ gɔɽɔkeda.,alɛ-lɛ ɖak̚t̪aɾ gɔɽɔ-ked-a.,alɛ-lɛ | ɖak̚t̪aɾ | gɔɽɔ-ked-a,1PL.EXCL-1PL.EXCL | doctor | help-PST-FIN,
synthetic_texts_glossed.eaf,797,1676670,1678211,[SYN.797] উঠানে একটি জারজ আছে।,There is a bastard in the courtyard of house.,bəteɾɛ bidʰuə̯ menaa.,bəte-ɾɛ bidʰuə̯ mena-a.,bəte-ɾɛ | bidʰuə̯ | mena-a,courtyard.of.house-LOC | bastard | exist-FIN,
synthetic_new_glossed.eaf,798,1678211,1680278,[SYN.798] সে বাবা সাহায্য করেছে।,He/she has helped the father.,uni d̪ɔ baba gɔɽɔakada.,uni d̪ɔ baba gɔɽɔ-akad-a.,uni | d̪ɔ | baba | gɔɽɔ-akad-a,3SG.ANIM | TOP | father | help-PRF-FIN,
synthetic_new_glossed.eaf,799,1680278,1682355,[SYN.799] সে খাবার পেয়েছে।,He/she has gotten the food.,uni d̪ɔ ɟɔmaʔ ɲamakada.,uni d̪ɔ ɟɔmaʔ ɲam-akad-a.,uni | d̪ɔ | ɟɔmaʔ | ɲam-akad-a,3SG.ANIM | TOP | food | get-PRF-FIN,
synthetic_new_glossed_3.eaf,800,1682355,1684735,[SYN.800] একটি পৈতৃক সম্পত্তি স্কুলে আছে।,One patrimony is in the school.,mit̪ʔʈɛn bapɔɾi dʰɔn d̪ɔ iskulɾɛ menaa.,mit̪ʔ-ʈɛn bapɔɾi dʰɔn d̪ɔ iskul-ɾɛ mena-a.,mit̪ʔ-ʈɛn | bapɔɾi dʰɔn | d̪ɔ | iskul-ɾɛ | mena-a,one-CLF.HUM | patrimony | TOP | school-LOC | exist-FIN,Synthetic classifier + LOC/exist clause.
synthetic_texts_glossed.eaf,801,1684735,1686265,[SYN.801] পাড়াে একটি সময় আছে।,There is a time in the neighbourhood.,aɖe paseɾɛ ɔkt̪ɛ menaa.,aɖe pase-ɾɛ ɔkt̪ɛ mena-a.,aɖe pase-ɾɛ | ɔkt̪ɛ | mena-a,neighbourhood-LOC | time | exist-FIN,
synthetic_texts_glossed.eaf,802,1686265,1687775,[SYN.802] স্কুলে একটি আখড়া আছে।,There is a gathering in the school.,iskulɾɛ akʰɾa menaa.,iskul-ɾɛ akʰɾa mena-a.,iskul-ɾɛ | akʰɾa | mena-a,school-LOC | gathering | exist-FIN,
synthetic_bangla_glossed.eaf,803,1687775,1689698,[SYN.803] আমি ডাক্তার সাহায্য করব।,I will help the doctor.,iɲ d̪ɔ ɖak̚t̪aɾ gɔɽɔa.,iɲ d̪ɔ ɖak̚t̪aɾ gɔɽɔ-a.,iɲ | d̪ɔ | ɖak̚t̪aɾ | gɔɽɔ-a,1SG | TOP | doctor | help-FIN,
synthetic_texts_glossed.eaf,804,1689698,1691234,[SYN.804] গ্রামে একটি হিসাব আছে।,There is an account in the village.,at̪oɾɛ bil menaa.,at̪o-ɾɛ bil mena-a.,at̪o-ɾɛ | bil | mena-a,village-LOC | account | exist-FIN,
synthetic_see_paradigm.eaf,805,1691234,1693773,[SYN.805] তোমরা দুধ পান করবে না।,You all do not drink the milk.,apɛ d̪ɔ t̪o̯͡a bapɛ ɲua.,apɛ d̪ɔ t̪o̯͡a ba-pɛ ɲu-a.,apɛ | d̪ɔ | t̪o̯͡a | ba-pɛ | ɲu-a,2PL | TOP | milk | NEG-2PL | drink-FIN,
synthetic_school_dialogue_glossed.eaf,806,1693773,1696634,[SYN.806] সকালে আমি ভাষা পড়ে কুয়ায় কাজ করব।,"In the morning, I study the language and then work in the well.",sɛt̪aʔɾɛ iɲ pɘɾsi paɽha͡o̯kat̪ɛ kuɲɾɛ kɘmia.,sɛt̪aʔ-ɾɛ iɲ pɘɾsi paɽha͡o̯-kat̪ɛ kuɲ-ɾɛ kɘmi-a.,sɛt̪aʔ-ɾɛ | iɲ | pɘɾsi | paɽha͡o̯-kat̪ɛ | kuɲ-ɾɛ | kɘmi-a,morning-LOC | 1SG | language | study-CVB | well-LOC | work-FIN,
synthetic_texts_glossed.eaf,807,1696634,1698360,[SYN.807] উঠানে একটি অনুশীলন আছে।,There is a practice in the courtyard of house.,bəteɾɛ bɛbɔhaɾ menaa.,bəte-ɾɛ bɛbɔhaɾ mena-a.,bəte-ɾɛ | bɛbɔhaɾ | mena-a,courtyard.of.house-LOC | practice | exist-FIN,
synthetic_texts_glossed.eaf,808,1698360,1700133,[SYN.808] উঠানে একটি মাথা ঘোরা আছে।,There is a vertigo in the courtyard of house.,bəteɾɛ bʰãoɾi menaa.,bəte-ɾɛ bʰãoɾi mena-a.,bəte-ɾɛ | bʰãoɾi | mena-a,courtyard.of.house-LOC | vertigo | exist-FIN,
synthetic_bangla_glossed.eaf,809,1700133,1703058,[SYN.809] আমি মহাপ্লাবন ও দেবতা দেখব।,I will see the deluge and the deity.,iɲ d̪ɔ bajaban aɾ bʰokta ɲɛla.,iɲ d̪ɔ bajaban aɾ bʰokta ɲɛl-a.,iɲ | d̪ɔ | bajaban | aɾ | bʰokta | ɲɛl-a,1SG | TOP | deluge | and | deity | see-FIN,
synthetic_dialogues_glossed.eaf,810,1703058,1706619,"[SYN.810] আমরা মা সাহায্য করব, কিন্তু মানুষ সাহায্য করব না।","We will help the mother, but do not help the person.",alɛ d̪ɔ gɔgɔ gɔɽɔa mɛnkʰan hɔɽ balɛ gɔɽɔa.,alɛ d̪ɔ gɔgɔ gɔɽɔ-a mɛnkʰan hɔɽ ba-lɛ gɔɽɔ-a.,alɛ | d̪ɔ | gɔgɔ | gɔɽɔ-a | mɛnkʰan | hɔɽ | ba-lɛ | gɔɽɔ-a,1PL.EXCL | TOP | mother | help-FIN | but | person | NEG-1PL.EXCL | help-FIN,
synthetic_dialogues_glossed.eaf,811,1706619,1710235,"[SYN.811] সে মাছ খাবে, কিন্তু মধু খাবে না।","He/she will eat the fish, but does not eat the honey.",uni d̪ɔ haku ɟɔma mɛnkʰan ɲɛlɛɾasa bai̯ ɟɔma.,uni d̪ɔ haku ɟɔm-a mɛnkʰan ɲɛlɛɾasa ba-i̯ ɟɔm-a.,uni | d̪ɔ | haku | ɟɔm-a | mɛnkʰan | ɲɛlɛɾasa | ba-i̯ | ɟɔm-a,3SG.ANIM | TOP | fish | eat-FIN | but | honey | NEG-3SG.ANIM | eat-FIN,Synthetic contrast with mɛnkʰan 'but' and NEG marking.
synthetic_bangla_glossed.eaf,812,1710235,1712211,[SYN.812] তুমি খাবার পাবে।,You will get the food.,am d̪ɔ ɟɔmaʔ ɲama.,am d̪ɔ ɟɔmaʔ ɲam-a.,am | d̪ɔ | ɟɔmaʔ | ɲam-a,2SG | TOP | food | get-FIN,
synthetic_dialogues_glossed.eaf,813,1712211,1715731,"[SYN.813] তোমরা আমড়া (ফল) দেখবে, কিন্তু আফিম দেখবে না।","You all will see the hog plum, but do not see the opium.",apɛ d̪ɔ bədʰiə̯ ɲɛla mɛnkʰan əpʰim bapɛ ɲɛla.,apɛ d̪ɔ bədʰiə̯ ɲɛl-a mɛnkʰan əpʰim ba-pɛ ɲɛl-a.,apɛ | d̪ɔ | bədʰiə̯ | ɲɛl-a | mɛnkʰan | əpʰim | ba-pɛ | ɲɛl-a,2PL | TOP | hog.plum | see-FIN | but | opium | NEG-2PL | see-FIN,
synthetic_see_paradigm.eaf,814,1715731,1718252,[SYN.814] আমি সময় দেখব না।,I do not see the time.,iɲ d̪ɔ ɔkt̪ɛ bɘɲ ɲɛla.,iɲ d̪ɔ ɔkt̪ɛ bɘ-ɲ ɲɛl-a.,iɲ | d̪ɔ | ɔkt̪ɛ | bɘ-ɲ | ɲɛl-a,1SG | TOP | time | NEG-1SG | see-FIN,
synthetic_texts_glossed.eaf,815,1718252,1719961,[SYN.815] শেষটি গুরুত্বপূর্ণ।,The end is important.,əkʰiɾ d̪ɔ ɟɘɾuɽa.,əkʰiɾ d̪ɔ ɟɘɾuɽ-a.,əkʰiɾ | d̪ɔ | ɟɘɾuɽ-a,end | TOP | important-FIN,Synthetic TOP + adjectival-FIN clause following layout A/B labels.
synthetic_bangla_glossed.eaf,816,1719961,1722129,[SYN.816] আমরা টাকা পাব।,We will get the money.,alɛ d̪ɔ ʈaka ɲama.,alɛ d̪ɔ ʈaka ɲam-a.,alɛ | d̪ɔ | ʈaka | ɲam-a,1PL.EXCL | TOP | money | get-FIN,
synthetic_imperatives_glossed.eaf,817,1722129,1724016,[SYN.817] দয়া করে গ্রামে অপেক্ষা করো।,Please wait in the village.,d̪a.ja kat̪ɛ at̪oɾɛ t̪ɘŋgimɛ.,d̪a.ja kat̪ɛ at̪o-ɾɛ t̪ɘŋgi-mɛ.,d̪a.ja | kat̪ɛ | at̪o-ɾɛ | t̪ɘŋgi-mɛ,please | Manner | village-LOC | wait-IMP.2SG.POL,Synthetic polite imperative with d̪a.ja kat̪ɛ and -mɛ.
synthetic_bangla_glossed.eaf,818,1724016,1726080,[SYN.818] তোমরা ভাষা লিখবে।,You all will write the language.,apɛ d̪ɔ pɘɾsi ɔlɔʔa.,apɛ d̪ɔ pɘɾsi ɔlɔʔ-a.,apɛ | d̪ɔ | pɘɾsi | ɔlɔʔ-a,2PL | TOP | language | write-FIN,
synthetic_texts_glossed.eaf,819,1726080,1727857,[SYN.819] বাড়িতে একটি কষ্ট আছে।,There is a distress in the house.,ɔɽaʔɾɛ alad͡ʒʰala menaa.,ɔɽaʔ-ɾɛ alad͡ʒʰala mena-a.,ɔɽaʔ-ɾɛ | alad͡ʒʰala | mena-a,house-LOC | distress | exist-FIN,Synthetic LOC + exist-FIN clause matching mena-a patterns.
synthetic_school_dialogue_glossed.eaf,820,1727857,1730467,[SYN.820] সেই সময় তোমরা পানি পান করে নদীতে কাজ করবে।,"At that time, you all drink the water and then work in the river.",ɔkt̪ɛɾɛ apɛ d̪aʔ ɲukat̪ɛ gaɖaɾɛ kɘmia.,ɔkt̪ɛ-ɾɛ apɛ d̪aʔ ɲu-kat̪ɛ gaɖa-ɾɛ kɘmi-a.,ɔkt̪ɛ-ɾɛ | apɛ | d̪aʔ | ɲu-kat̪ɛ | gaɖa-ɾɛ | kɘmi-a,time-LOC | 2PL | water | drink-CVB | river-LOC | work-FIN,
synthetic_new_glossed_3.eaf,821,1730467,1732943,[SYN.821] একটি গুপ্তচর গ্রামে আছে।,One spy is in the village.,mit̪ʔʈɛn baʈ paɽ d̪ɔ at̪oɾɛ menaa.,mit̪ʔ-ʈɛn baʈ paɽ d̪ɔ at̪o-ɾɛ mena-a.,mit̪ʔ-ʈɛn | baʈ paɽ | d̪ɔ | at̪o-ɾɛ | mena-a,one-CLF.HUM | spy | TOP | village-LOC | exist-FIN,
synthetic_school_dialogue_glossed.eaf,822,1732943,1735665,[SYN.822] গতকাল তারা কথা লিখে গ্রামে খেলবে।,"Yesterday, they write the word and then play in the village.",hɔlaɾɛ oŋko kat̪ʰa ɔlɔʔkat̪ɛ at̪oɾɛ gat̪ea.,hɔla-ɾɛ oŋko kat̪ʰa ɔlɔʔ-kat̪ɛ at̪o-ɾɛ gat̪e-a.,hɔla-ɾɛ | oŋko | kat̪ʰa | ɔlɔʔ-kat̪ɛ | at̪o-ɾɛ | gat̪e-a,yesterday-LOC | 3PL.ANIM | word | write-CVB | village-LOC | play-FIN,Synthetic sequential CVB clause with -kat̪ɛ.
synthetic_texts_glossed.eaf,823,1735665,1737296,[SYN.823] আড়ালে একটি ঢাল আছে।,There is a declivity in the covert.,ao̯tanɾɛ anaɽgo menaa.,ao̯tan-ɾɛ anaɽgo mena-a.,ao̯tan-ɾɛ | anaɽgo | mena-a,covert-LOC | declivity | exist-FIN,Synthetic LOC + exist-FIN clause matching mena-a patterns.
synthetic_texts_glossed.eaf,824,1737296,1738934,[SYN.824] বিস্তীর্ণ ভূমিে একটি কিশোর আছে।,There is a lad in the wide expanse of land.,bilənɾɛ bat͡ʃʰɽa menaa.,bilən-ɾɛ bat͡ʃʰɽa mena-a.,bilən-ɾɛ | bat͡ʃʰɽa | mena-a,wide.expanse.of-LOC | lad | exist-FIN,
synthetic_texts_glossed.eaf,825,1738934,1740762,[SYN.825] ভাষাটি নতুন।,The language is new.,pɘɾsi d̪ɔ nɔwaa.,pɘɾsi d̪ɔ nɔwa-a.,pɘɾsi | d̪ɔ | nɔwa-a,language | TOP | new-FIN,Synthetic TOP + adjectival-FIN clause following layout A/B labels.
synthetic_see_paradigm.eaf,826,1740762,1743136,[SYN.826] আমরা ঘড়ি কিনব না।,We do not buy the watch.,alɛ d̪ɔ gʰuɽi balɛ kiɾiɲa.,alɛ d̪ɔ gʰuɽi ba-lɛ kiɾiɲ-a.,alɛ | d̪ɔ | gʰuɽi | ba-lɛ | kiɾiɲ-a,1PL.EXCL | TOP | watch | NEG-1PL.EXCL | buy-FIN,
synthetic_paradigm_glossed.eaf,827,1743136,1744941,[SYN.827] তারা মাছ খেয়েছিল।,They ate the fish.,oŋkoko haku ɟɔmkeda.,oŋko-ko haku ɟɔm-ked-a.,oŋko-ko | haku | ɟɔm-ked-a,3PL.ANIM-3PL.ANIM | fish | eat-PST-FIN,
synthetic_bangla_glossed.eaf,828,1744941,1747087,[SYN.828] তারা দুধ পান করবে।,They will drink the milk.,oŋko d̪ɔ t̪o̯͡a ɲua.,oŋko d̪ɔ t̪o̯͡a ɲu-a.,oŋko | d̪ɔ | t̪o̯͡a | ɲu-a,3PL.ANIM | TOP | milk | drink-FIN,
synthetic_bangla_glossed.eaf,829,1747087,1750005,[SYN.829] তুমি মোবাইল ফোন ও মাছ কিনবে।,You will buy the mobile phone and the fish.,am d̪ɔ mɔbaĭl pʰon aɾ haku kiɾiɲa.,am d̪ɔ mɔbaĭl pʰon aɾ haku kiɾiɲ-a.,am | d̪ɔ | mɔbaĭl pʰon | aɾ | haku | kiɾiɲ-a,2SG | TOP | mobile.phone | and | fish | buy-FIN,
synthetic_see_paradigm.eaf,830,1750005,1751264,[SYN.830] আমরা যাচ্ছি।,We are going.,alɛlɛ calaʔɛd̪a.,alɛ-lɛ calaʔ-ɛ-d̪a.,alɛ-lɛ | calaʔ-ɛ-d̪a,1PL.EXCL-1PL.EXCL | go-PROG-FIN,
synthetic_bangla_glossed.eaf,831,1751264,1753189,[SYN.831] সে পানি পান করবে।,He/she will drink the water.,uni d̪ɔ d̪aʔ ɲua.,uni d̪ɔ d̪aʔ ɲu-a.,uni | d̪ɔ | d̪aʔ | ɲu-a,3SG.ANIM | TOP | water | drink-FIN,
synthetic_bangla_glossed.eaf,832,1753189,1755994,[SYN.832] তুমি খাবার ও মধু খাবে।,You will eat the food and the honey.,am d̪ɔ ɟɔmaʔ aɾ ɲɛlɛɾasa ɟɔma.,am d̪ɔ ɟɔmaʔ aɾ ɲɛlɛɾasa ɟɔm-a.,am | d̪ɔ | ɟɔmaʔ | aɾ | ɲɛlɛɾasa | ɟɔm-a,2SG | TOP | food | and | honey | eat-FIN,
synthetic_bangla_glossed.eaf,833,1755994,1758122,[SYN.833] আমরা ছবি পাব।,We will get the photo.,alɛ d̪ɔ pʰɔʈɔ ɲama.,alɛ d̪ɔ pʰɔʈɔ ɲam-a.,alɛ | d̪ɔ | pʰɔʈɔ | ɲam-a,1PL.EXCL | TOP | photo | get-FIN,
synthetic_school_dialogue_glossed.eaf,834,1758122,1761050,[SYN.834] গতকাল আমরা দুধ পান করে শহরে যাব।,"Yesterday, we drink the milk and then go to the town.",hɔlaɾɛ alɛ t̪o̯͡a ɲukat̪ɛ sɔhɔɽɾɛ calaʔa.,hɔla-ɾɛ alɛ t̪o̯͡a ɲu-kat̪ɛ sɔhɔɽ-ɾɛ calaʔ-a.,hɔla-ɾɛ | alɛ | t̪o̯͡a | ɲu-kat̪ɛ | sɔhɔɽ-ɾɛ | calaʔ-a,yesterday-LOC | 1PL.EXCL | milk | drink-CVB | town-LOC | go-FIN,Synthetic sequential CVB clause with -kat̪ɛ.
synthetic_bangla_glossed.eaf,835,1761050,1763251,[SYN.835] সে বাবা সাহায্য করবে।,He/she will help the father.,uni d̪ɔ baba gɔɽɔa.,uni d̪ɔ baba gɔɽɔ-a.,uni | d̪ɔ | baba | gɔɽɔ-a,3SG.ANIM | TOP | father | help-FIN,Synthetic transitive finite clause with TOP and FIN labels.
synthetic_paradigm_glossed.eaf,836,1763251,1764843,[SYN.836] তোমরা মধু খেয়েছিলে।,You all ate the honey.,apɛpɛ ɲɛlɛɾasa ɟɔmkeda.,apɛ-pɛ ɲɛlɛɾasa ɟɔm-ked-a.,apɛ-pɛ | ɲɛlɛɾasa | ɟɔm-ked-a,2PL-2PL | honey | eat-PST-FIN,Synthetic PST-FIN transitive pattern using dictionary/core lexicon.
synthetic_new_glossed.eaf,837,1764843,1766889,[SYN.837] আমি খাবার পেয়েছি।,I have gotten the food.,iɲ d̪ɔ ɟɔmaʔ ɲamakada.,iɲ d̪ɔ ɟɔmaʔ ɲam-akad-a.,iɲ | d̪ɔ | ɟɔmaʔ | ɲam-akad-a,1SG | TOP | food | get-PRF-FIN,
synthetic_texts_glossed.eaf,838,1766889,1768504,[SYN.838] ইংল্যান্ডে একটি জীবন আছে।,There is a life in the england.,bilətɾɛ ɟiŋgi menaa.,bilət-ɾɛ ɟiŋgi mena-a.,bilət-ɾɛ | ɟiŋgi | mena-a,england-LOC | life | exist-FIN,
synthetic_bangla_glossed.eaf,839,1768504,1770380,[SYN.839] তোমরা ভাষা বলবে।,You all will speak the language.,apɛ d̪ɔ pɘɾsi ɾɔɽa.,apɛ d̪ɔ pɘɾsi ɾɔɽ-a.,apɛ | d̪ɔ | pɘɾsi | ɾɔɽ-a,2PL | TOP | language | speak-FIN,
synthetic_school_dialogue_glossed.eaf,840,1770380,1773094,[SYN.840] গতকাল তোমরা পানি পান করে হ্রদে যাবে।,"Yesterday, you all drink the water and then go to the lake.",hɔlaɾɛ apɛ d̪aʔ ɲukat̪ɛ ɟɔlaɾɛ calaʔa.,hɔla-ɾɛ apɛ d̪aʔ ɲu-kat̪ɛ ɟɔla-ɾɛ calaʔ-a.,hɔla-ɾɛ | apɛ | d̪aʔ | ɲu-kat̪ɛ | ɟɔla-ɾɛ | calaʔ-a,yesterday-LOC | 2PL | water | drink-CVB | lake-LOC | go-FIN,
synthetic_texts_glossed.eaf,841,1773094,1774643,[SYN.841] অজ্ঞতাটি পরিষ্কার।,The ignorance is clean.,bʰut͡ʃ d̪ɔ sapʰaa.,bʰut͡ʃ d̪ɔ sapʰa-a.,bʰut͡ʃ | d̪ɔ | sapʰa-a,ignorance | TOP | clean-FIN,
synthetic_bangla_glossed.eaf,842,1774643,1776819,[SYN.842] তোমরা মাছ বিক্রি করবে।,You all will sell the fish.,apɛ d̪ɔ haku ɘkʰɾiɲa.,apɛ d̪ɔ haku ɘkʰɾiɲ-a.,apɛ | d̪ɔ | haku | ɘkʰɾiɲ-a,2PL | TOP | fish | sell-FIN,Synthetic transitive finite clause with TOP and FIN labels.
synthetic_bangla_glossed.eaf,843,1776819,1778972,[SYN.843] তোমরা খাবার খাবে।,You all will eat the food.,apɛ d̪ɔ ɟɔmaʔ ɟɔma.,apɛ d̪ɔ ɟɔmaʔ ɟɔm-a.,apɛ | d̪ɔ | ɟɔmaʔ | ɟɔm-a,2PL | TOP | food | eat-FIN,
synthetic_bangla_glossed.eaf,844,1778972,1781164,[SYN.844] আমরা মাছ কিনব।,We will buy the fish.,alɛ d̪ɔ haku kiɾiɲa.,alɛ d̪ɔ haku kiɾiɲ-a.,alɛ | d̪ɔ | haku | kiɾiɲ-a,1PL.EXCL | TOP | fish | buy-FIN,
synthetic_bangla_glossed.eaf,845,1781164,1783836,[SYN.845] সে রান্না ও মাছ খাবে।,He/she will eat the cooked food and the fish.,uni d̪ɔ basaŋ aɾ haku ɟɔma.,uni d̪ɔ basaŋ aɾ haku ɟɔm-a.,uni | d̪ɔ | basaŋ | aɾ | haku | ɟɔm-a,3SG.ANIM | TOP | cooked.food | and | fish | eat-FIN,
synthetic_texts_glossed.eaf,846,1783836,1785684,[SYN.846] নদীতে একটি ছেঁড়া আছে।,There is a rent in the river.,gaɖaɾɛ baŋ baŋ menaa.,gaɖa-ɾɛ baŋ baŋ mena-a.,gaɖa-ɾɛ | baŋ baŋ | mena-a,river-LOC | rent | exist-FIN,
synthetic_texts_glossed.eaf,847,1785684,1787508,[SYN.847] উঠানে একটি খাবার আছে।,There is a food in the courtyard of house.,bəteɾɛ ɟɔmaʔ menaa.,bəte-ɾɛ ɟɔmaʔ mena-a.,bəte-ɾɛ | ɟɔmaʔ | mena-a,courtyard.of.house-LOC | food | exist-FIN,
synthetic_texts_glossed.eaf,848,1787508,1789304,[SYN.848] আখটি নতুন।,The sugarcane is new.,ək d̪ɔ nɔwaa.,ək d̪ɔ nɔwa-a.,ək | d̪ɔ | nɔwa-a,sugarcane | TOP | new-FIN,Synthetic TOP + adjectival-FIN clause following layout A/B labels.
synthetic_paradigm_glossed.eaf,849,1789304,1791328,[SYN.849] তার হাত নতুন।,His/her hand is new.,uniaʔ t̪i d̪ɔ nɔwaa.,uni-aʔ t̪i d̪ɔ nɔwa-a.,uni-aʔ | t̪i | d̪ɔ | nɔwa-a,3SG-GEN | hand | TOP | new-FIN,
synthetic_school_dialogue_glossed.eaf,850,1791328,1794084,[SYN.850] সেই সময় সে দুধ পান করে হ্রদে কাজ করবে।,"At that time, he/she drink the milk and then work in the lake.",ɔkt̪ɛɾɛ uni t̪o̯͡a ɲukat̪ɛ ɟɔlaɾɛ kɘmia.,ɔkt̪ɛ-ɾɛ uni t̪o̯͡a ɲu-kat̪ɛ ɟɔla-ɾɛ kɘmi-a.,ɔkt̪ɛ-ɾɛ | uni | t̪o̯͡a | ɲu-kat̪ɛ | ɟɔla-ɾɛ | kɘmi-a,time-LOC | 3SG.ANIM | milk | drink-CVB | lake-LOC | work-FIN,Synthetic sequential CVB clause with -kat̪ɛ.
synthetic_texts_glossed.eaf,851,1794084,1795607,[SYN.851] বাড়িতে একটি জোর খাটানো শ্রম আছে।,There is a forced labour in the house.,ɔɽaʔɾɛ begaɾ menaa.,ɔɽaʔ-ɾɛ begaɾ mena-a.,ɔɽaʔ-ɾɛ | begaɾ | mena-a,house-LOC | forced.labour | exist-FIN,
synthetic_texts_glossed.eaf,852,1795607,1797319,[SYN.852] কুয়ায় একটি উৎসব আছে।,There is a festival in the well.,kuɲɾɛ pɔɾɔb menaa.,kuɲ-ɾɛ pɔɾɔb mena-a.,kuɲ-ɾɛ | pɔɾɔb | mena-a,well-LOC | festival | exist-FIN,
synthetic_bangla_glossed.eaf,853,1797319,1799941,[SYN.853] আমি ঘড়ি ও মাছ কিনব।,I will buy the watch and the fish.,iɲ d̪ɔ gʰuɽi aɾ haku kiɾiɲa.,iɲ d̪ɔ gʰuɽi aɾ haku kiɾiɲ-a.,iɲ | d̪ɔ | gʰuɽi | aɾ | haku | kiɾiɲ-a,1SG | TOP | watch | and | fish | buy-FIN,Synthetic coordination with aɾ 'and'.
synthetic_texts_glossed.eaf,854,1799941,1801599,[SYN.854] স্কুলে একটি ঢাল আছে।,There is a declivity in the school.,iskulɾɛ anaɽgo menaa.,iskul-ɾɛ anaɽgo mena-a.,iskul-ɾɛ | anaɽgo | mena-a,school-LOC | declivity | exist-FIN,Synthetic LOC + exist-FIN clause matching mena-a patterns.
synthetic_see_paradigm.eaf,855,1801599,1803874,[SYN.855] তুমি পাঠ পড়বে না।,You do not study the lesson.,am d̪ɔ sikʰnɘt̪ bam paɽha͡o̯a.,am d̪ɔ sikʰnɘt̪ ba-m paɽha͡o̯-a.,am | d̪ɔ | sikʰnɘt̪ | ba-m | paɽha͡o̯-a,2SG | TOP | lesson | NEG-2SG | study-FIN,
synthetic_paradigm_glossed.eaf,856,1803874,1805908,[SYN.856] তোমার রোগ গুরুত্বপূর্ণ।,Your illness is important.,amaʔ ɾu̯͡ɘ d̪ɔ ɟɘɾuɽa.,am-aʔ ɾu̯͡ɘ d̪ɔ ɟɘɾuɽ-a.,am-aʔ | ɾu̯͡ɘ | d̪ɔ | ɟɘɾuɽ-a,2SG-GEN | illness | TOP | important-FIN,
synthetic_paradigm_glossed.eaf,857,1805908,1807532,[SYN.857] আমি টাকা পেয়েছিলাম।,I got the money.,iɲiɲ ʈaka ɲamkeda.,iɲ-iɲ ʈaka ɲam-ked-a.,iɲ-iɲ | ʈaka | ɲam-ked-a,1SG-1SG | money | get-PST-FIN,Synthetic PST-FIN transitive pattern using dictionary/core lexicon.
synthetic_new_glossed_3.eaf,858,1807532,1809904,[SYN.858] একটি স্ত্রী শহরে আছে।,One wife is in the town.,mit̪ʔʈɛn bəhu d̪ɔ sɔhɔɽɾɛ menaa.,mit̪ʔ-ʈɛn bəhu d̪ɔ sɔhɔɽ-ɾɛ mena-a.,mit̪ʔ-ʈɛn | bəhu | d̪ɔ | sɔhɔɽ-ɾɛ | mena-a,one-CLF.HUM | wife | TOP | town-LOC | exist-FIN,
synthetic_texts_glossed.eaf,859,1809904,1811451,[SYN.859] বাসস্থানে একটি ঘাম আছে।,There is a perspiration in the residence.,basaɾɛ balbal menaa.,basa-ɾɛ balbal mena-a.,basa-ɾɛ | balbal | mena-a,residence-LOC | perspiration | exist-FIN,Synthetic LOC + exist-FIN clause matching mena-a patterns.
synthetic_new_glossed.eaf,860,1811451,1813559,[SYN.860] আমি ঘড়ি কিনেছি।,I have bought the watch.,iɲ d̪ɔ gʰuɽi kiɾiɲakada.,iɲ d̪ɔ gʰuɽi kiɾiɲ-akad-a.,iɲ | d̪ɔ | gʰuɽi | kiɾiɲ-akad-a,1SG | TOP | watch | buy-PRF-FIN,
synthetic_paradigm_glossed.eaf,861,1813559,1815619,[SYN.861] তাদের ঔষধ নতুন।,Their medicine is new.,oŋkoaʔ ɾan d̪ɔ nɔwaa.,oŋko-aʔ ɾan d̪ɔ nɔwa-a.,oŋko-aʔ | ɾan | d̪ɔ | nɔwa-a,3PL-GEN | medicine | TOP | new-FIN,
synthetic_see_paradigm.eaf,862,1815619,1817882,[SYN.862] আমরা ছবি পাব না।,We do not get the photo.,alɛ d̪ɔ pʰɔʈɔ balɛ ɲama.,alɛ d̪ɔ pʰɔʈɔ ba-lɛ ɲam-a.,alɛ | d̪ɔ | pʰɔʈɔ | ba-lɛ | ɲam-a,1PL.EXCL | TOP | photo | NEG-1PL.EXCL | get-FIN,Synthetic NEG-pronominal marker pattern from the see paradigm.
synthetic_paradigm_glossed.eaf,863,1817882,1820037,[SYN.863] তাদের নদী পরিষ্কার।,Their river is clean.,oŋkoaʔ gaɖa d̪ɔ sapʰaa.,oŋko-aʔ gaɖa d̪ɔ sapʰa-a.,oŋko-aʔ | gaɖa | d̪ɔ | sapʰa-a,3PL-GEN | river | TOP | clean-FIN,
synthetic_bangla_glossed.eaf,864,1820037,1821930,[SYN.864] তোমরা দুধ পান করবে।,You all will drink the milk.,apɛ d̪ɔ t̪o̯͡a ɲua.,apɛ d̪ɔ t̪o̯͡a ɲu-a.,apɛ | d̪ɔ | t̪o̯͡a | ɲu-a,2PL | TOP | milk | drink-FIN,
synthetic_paradigm_glossed.eaf,865,1821930,1823928,[SYN.865] তোমার ভিক্ষুক ভালো।,Your beggar is good.,amaʔ bʰikʰəɾi d̪ɔ mɔ̃ɟa.,am-aʔ bʰikʰəɾi d̪ɔ mɔ̃ɟ-a.,am-aʔ | bʰikʰəɾi | d̪ɔ | mɔ̃ɟ-a,2SG-GEN | beggar | TOP | good-FIN,
synthetic_new_glossed_3.eaf,866,1823928,1826484,[SYN.866] একটি শিশু হ্রদে আছে।,One baby is in the lake.,mit̪ʔʈɛn bale d̪ɔ ɟɔlaɾɛ menaa.,mit̪ʔ-ʈɛn bale d̪ɔ ɟɔla-ɾɛ mena-a.,mit̪ʔ-ʈɛn | bale | d̪ɔ | ɟɔla-ɾɛ | mena-a,one-CLF.HUM | baby | TOP | lake-LOC | exist-FIN,
synthetic_bangla_glossed.eaf,867,1826484,1828438,[SYN.867] আমি ঘড়ি বিক্রি করব।,I will sell the watch.,iɲ d̪ɔ gʰuɽi ɘkʰɾiɲa.,iɲ d̪ɔ gʰuɽi ɘkʰɾiɲ-a.,iɲ | d̪ɔ | gʰuɽi | ɘkʰɾiɲ-a,1SG | TOP | watch | sell-FIN,Synthetic transitive finite clause with TOP and FIN labels.
synthetic_school_dialogue_glossed.eaf,868,1828438,1831041,[SYN.868] সেই সময় আমরা কথা লিখে শহরে কাজ করব।,"At that time, we write the word and then work in the town.",ɔkt̪ɛɾɛ alɛ kat̪ʰa ɔlɔʔkat̪ɛ sɔhɔɽɾɛ kɘmia.,ɔkt̪ɛ-ɾɛ alɛ kat̪ʰa ɔlɔʔ-kat̪ɛ sɔhɔɽ-ɾɛ kɘmi-a.,ɔkt̪ɛ-ɾɛ | alɛ | kat̪ʰa | ɔlɔʔ-kat̪ɛ | sɔhɔɽ-ɾɛ | kɘmi-a,time-LOC | 1PL.EXCL | word | write-CVB | town-LOC | work-FIN,Synthetic sequential CVB clause with -kat̪ɛ.
synthetic_paradigm_glossed.eaf,869,1831041,1833200,[SYN.869] আমাদের ভাষা ভালো।,Our language is good.,alɛaʔ pɘɾsi d̪ɔ mɔ̃ɟa.,alɛ-aʔ pɘɾsi d̪ɔ mɔ̃ɟ-a.,alɛ-aʔ | pɘɾsi | d̪ɔ | mɔ̃ɟ-a,1PL.EXCL-GEN | language | TOP | good-FIN,
synthetic_see_paradigm.eaf,870,1833200,1835600,[SYN.870] তোমরা খাবার কিনবে না।,You all do not buy the food.,apɛ d̪ɔ ɟɔmaʔ bapɛ kiɾiɲa.,apɛ d̪ɔ ɟɔmaʔ ba-pɛ kiɾiɲ-a.,apɛ | d̪ɔ | ɟɔmaʔ | ba-pɛ | kiɾiɲ-a,2PL | TOP | food | NEG-2PL | buy-FIN,
synthetic_texts_glossed.eaf,871,1835600,1837369,[SYN.871] আড়ালে একটি শুকর আছে।,There is a pig in the covert.,ao̯tanɾɛ suk̚ɾi menaa.,ao̯tan-ɾɛ suk̚ɾi mena-a.,ao̯tan-ɾɛ | suk̚ɾi | mena-a,covert-LOC | pig | exist-FIN,Synthetic LOC + exist-FIN clause matching mena-a patterns.
synthetic_imperatives_glossed.eaf,872,1837369,1839425,[SYN.872] দয়া করে শহরে অপেক্ষা করো।,Please wait in the town.,d̪a.ja kat̪ɛ sɔhɔɽɾɛ t̪ɘŋgimɛ.,d̪a.ja kat̪ɛ sɔhɔɽ-ɾɛ t̪ɘŋgi-mɛ.,d̪a.ja | kat̪ɛ | sɔhɔɽ-ɾɛ | t̪ɘŋgi-mɛ,please | Manner | town-LOC | wait-IMP.2SG.POL,
synthetic_new_glossed.eaf,873,1839425,1841361,[SYN.873] আমি রান্না খেয়েছি।,I have eaten the cooked food.,iɲ d̪ɔ basaŋ ɟɔmakada.,iɲ d̪ɔ basaŋ ɟɔm-akad-a.,iɲ | d̪ɔ | basaŋ | ɟɔm-akad-a,1SG | TOP | cooked.food | eat-PRF-FIN,
synthetic_see_paradigm.eaf,874,1841361,1842650,[SYN.874] আমি শব্দ করছি।,I am sounding.,iɲiɲ ɾaːgɛd̪a.,iɲ-iɲ ɾaːg-ɛ-d̪a.,iɲ-iɲ | ɾaːg-ɛ-d̪a,1SG-1SG | sound-PROG-FIN,
synthetic_paradigm_glossed.eaf,875,1842650,1844536,[SYN.875] তাদের কাজ গুরুত্বপূর্ণ।,Their work is important.,oŋkoaʔ kɘmi d̪ɔ ɟɘɾuɽa.,oŋko-aʔ kɘmi d̪ɔ ɟɘɾuɽ-a.,oŋko-aʔ | kɘmi | d̪ɔ | ɟɘɾuɽ-a,3PL-GEN | work | TOP | important-FIN,Synthetic GEN + TOP clause using pronoun markers from ground truth.
synthetic_texts_glossed.eaf,876,1844536,1846093,[SYN.876] কুয়াটি ভালো।,The well is good.,kuɲ d̪ɔ mɔ̃ɟa.,kuɲ d̪ɔ mɔ̃ɟ-a.,kuɲ | d̪ɔ | mɔ̃ɟ-a,well | TOP | good-FIN,
synthetic_new_glossed.eaf,877,1846093,1848214,[SYN.877] আমরা ভাষা লিখেছি।,We have written the language.,alɛ d̪ɔ pɘɾsi ɔlɔʔakada.,alɛ d̪ɔ pɘɾsi ɔlɔʔ-akad-a.,alɛ | d̪ɔ | pɘɾsi | ɔlɔʔ-akad-a,1PL.EXCL | TOP | language | write-PRF-FIN,
synthetic_texts_glossed.eaf,878,1848214,1850027,[SYN.878] পাড়াে একটি ছবি আছে।,There is a photo in the neighbourhood.,aɖe paseɾɛ pʰɔʈɔ menaa.,aɖe pase-ɾɛ pʰɔʈɔ mena-a.,aɖe pase-ɾɛ | pʰɔʈɔ | mena-a,neighbourhood-LOC | photo | exist-FIN,Synthetic LOC + exist-FIN clause matching mena-a patterns.
synthetic_imperatives_glossed.eaf,879,1850027,1852135,[SYN.879] দয়া করে বাড়িতে অপেক্ষা করো।,Please wait in the house.,d̪a.ja kat̪ɛ ɔɽaʔɾɛ t̪ɘŋgimɛ.,d̪a.ja kat̪ɛ ɔɽaʔ-ɾɛ t̪ɘŋgi-mɛ.,d̪a.ja | kat̪ɛ | ɔɽaʔ-ɾɛ | t̪ɘŋgi-mɛ,please | Manner | house-LOC | wait-IMP.2SG.POL,
synthetic_school_dialogue_glossed.eaf,880,1852135,1855058,[SYN.880] গতকাল আমরা রান্না খেয়ে নদীতে যাব।,"Yesterday, we eat the cooked food and then go to the river.",hɔlaɾɛ alɛ basaŋ ɟɔmkat̪ɛ gaɖaɾɛ calaʔa.,hɔla-ɾɛ alɛ basaŋ ɟɔm-kat̪ɛ gaɖa-ɾɛ calaʔ-a.,hɔla-ɾɛ | alɛ | basaŋ | ɟɔm-kat̪ɛ | gaɖa-ɾɛ | calaʔ-a,yesterday-LOC | 1PL.EXCL | cooked.food | eat-CVB | river-LOC | go-FIN,
synthetic_see_paradigm.eaf,881,1855058,1857308,[SYN.881] আমরা রান্না খাব না।,We do not eat the cooked food.,alɛ d̪ɔ basaŋ balɛ ɟɔma.,alɛ d̪ɔ basaŋ ba-lɛ ɟɔm-a.,alɛ | d̪ɔ | basaŋ | ba-lɛ | ɟɔm-a,1PL.EXCL | TOP | cooked.food | NEG-1PL.EXCL | eat-FIN,
synthetic_bangla_glossed.eaf,882,1857308,1860147,[SYN.882] আমরা ঔষধ ও খাবার কিনব।,We will buy the medicine and the food.,alɛ d̪ɔ ɾan aɾ ɟɔmaʔ kiɾiɲa.,alɛ d̪ɔ ɾan aɾ ɟɔmaʔ kiɾiɲ-a.,alɛ | d̪ɔ | ɾan | aɾ | ɟɔmaʔ | kiɾiɲ-a,1PL.EXCL | TOP | medicine | and | food | buy-FIN,
synthetic_see_paradigm.eaf,883,1860147,1861612,[SYN.883] তুমি বলছ।,You is speaking.,amɛm ɾɔɽɛd̪a.,am-ɛm ɾɔɽ-ɛ-d̪a.,am-ɛm | ɾɔɽ-ɛ-d̪a,2SG-2SG | speak-PROG-FIN,
synthetic_paradigm_glossed.eaf,884,1861612,1863369,[SYN.884] আমি ভাষা বলেছিলাম।,I spoke the language.,iɲiɲ pɘɾsi ɾɔɽkeda.,iɲ-iɲ pɘɾsi ɾɔɽ-ked-a.,iɲ-iɲ | pɘɾsi | ɾɔɽ-ked-a,1SG-1SG | language | speak-PST-FIN,
synthetic_texts_glossed.eaf,885,1863369,1865195,[SYN.885] উঠানে একটি রোগ আছে।,There is an illness in the courtyard of house.,bəteɾɛ ɾu̯͡ɘ menaa.,bəte-ɾɛ ɾu̯͡ɘ mena-a.,bəte-ɾɛ | ɾu̯͡ɘ | mena-a,courtyard.of.house-LOC | illness | exist-FIN,Synthetic LOC + exist-FIN clause matching mena-a patterns.
synthetic_paradigm_glossed.eaf,886,1865195,1867175,[SYN.886] আমার রোগ ভালো।,My illness is good.,iɲaʔ ɾu̯͡ɘ d̪ɔ mɔ̃ɟa.,iɲ-aʔ ɾu̯͡ɘ d̪ɔ mɔ̃ɟ-a.,iɲ-aʔ | ɾu̯͡ɘ | d̪ɔ | mɔ̃ɟ-a,1SG-GEN | illness | TOP | good-FIN,
synthetic_bangla_glossed.eaf,887,1867175,1869766,[SYN.887] সে বিঘত ও ছোট মশা দেখবে।,He/she will see the span and the midge.,uni d̪ɔ beɽ aɾ bəsɳɖi ɲɛla.,uni d̪ɔ beɽ aɾ bəsɳɖi ɲɛl-a.,uni | d̪ɔ | beɽ | aɾ | bəsɳɖi | ɲɛl-a,3SG.ANIM | TOP | span | and | midge | see-FIN,
synthetic_school_dialogue_glossed.eaf,888,1869766,1872623,[SYN.888] সেই সময় আমরা পাঠ পড়ে হ্রদে যাব।,"At that time, we study the lesson and then go to the lake.",ɔkt̪ɛɾɛ alɛ sikʰnɘt̪ paɽha͡o̯kat̪ɛ ɟɔlaɾɛ calaʔa.,ɔkt̪ɛ-ɾɛ alɛ sikʰnɘt̪ paɽha͡o̯-kat̪ɛ ɟɔla-ɾɛ calaʔ-a.,ɔkt̪ɛ-ɾɛ | alɛ | sikʰnɘt̪ | paɽha͡o̯-kat̪ɛ | ɟɔla-ɾɛ | calaʔ-a,time-LOC | 1PL.EXCL | lesson | study-CVB | lake-LOC | go-FIN,
synthetic_dialogues_glossed.eaf,889,1872623,1876177,"[SYN.889] তুমি মধু খাবে, কিন্তু খাবার খাবে না।","You will eat the honey, but do not eat the food.",am d̪ɔ ɲɛlɛɾasa ɟɔma mɛnkʰan ɟɔmaʔ bam ɟɔma.,am d̪ɔ ɲɛlɛɾasa ɟɔm-a mɛnkʰan ɟɔmaʔ ba-m ɟɔm-a.,am | d̪ɔ | ɲɛlɛɾasa | ɟɔm-a | mɛnkʰan | ɟɔmaʔ | ba-m | ɟɔm-a,2SG | TOP | honey | eat-FIN | but | food | NEG-2SG | eat-FIN,
synthetic_texts_glossed.eaf,890,1876177,1877962,[SYN.890] গুহাে একটি শুকর আছে।,There is a pig in the cave.,bʰugək̕ɾɛ suk̚ɾi menaa.,bʰugək̕-ɾɛ suk̚ɾi mena-a.,bʰugək̕-ɾɛ | suk̚ɾi | mena-a,cave-LOC | pig | exist-FIN,
synthetic_texts_glossed.eaf,891,1877962,1879498,[SYN.891] জেলেটি ছোট।,The fisherman is small.,ɟɘliɘ d̪ɔ lɘʈua.,ɟɘliɘ d̪ɔ lɘʈu-a.,ɟɘliɘ | d̪ɔ | lɘʈu-a,fisherman | TOP | small-FIN,
synthetic_texts_glossed.eaf,892,1879498,1881251,[SYN.892] বাড়িতে একটি বালিয়া সারস পাখি আছে।,There is a sand martin in the house.,ɔɽaʔɾɛ bʰəluə̯ menaa.,ɔɽaʔ-ɾɛ bʰəluə̯ mena-a.,ɔɽaʔ-ɾɛ | bʰəluə̯ | mena-a,house-LOC | sand.martin | exist-FIN,Synthetic LOC + exist-FIN clause matching mena-a patterns.
synthetic_paradigm_glossed.eaf,893,1881251,1883324,[SYN.893] আমার মানুষ আনন্দের।,My person is happy.,iɲaʔ hɔɽ d̪ɔ ɾɘskɘa.,iɲ-aʔ hɔɽ d̪ɔ ɾɘskɘ-a.,iɲ-aʔ | hɔɽ | d̪ɔ | ɾɘskɘ-a,1SG-GEN | person | TOP | happy-FIN,Synthetic GEN + TOP clause using pronoun markers from ground truth.
synthetic_see_paradigm.eaf,894,1883324,1885745,[SYN.894] তোমরা পাঠ পড়বে না।,You all do not study the lesson.,apɛ d̪ɔ sikʰnɘt̪ bapɛ paɽha͡o̯a.,apɛ d̪ɔ sikʰnɘt̪ ba-pɛ paɽha͡o̯-a.,apɛ | d̪ɔ | sikʰnɘt̪ | ba-pɛ | paɽha͡o̯-a,2PL | TOP | lesson | NEG-2PL | study-FIN,
synthetic_texts_glossed.eaf,895,1885745,1887456,[SYN.895] আড়ালে একটি উৎসব আছে।,There is a festival in the covert.,ao̯tanɾɛ pɔɾɔb menaa.,ao̯tan-ɾɛ pɔɾɔb mena-a.,ao̯tan-ɾɛ | pɔɾɔb | mena-a,covert-LOC | festival | exist-FIN,
synthetic_imperatives_glossed.eaf,896,1887456,1889543,[SYN.896] দয়া করে স্কুলে আসো।,Please come to the school.,d̪a.ja kat̪ɛ iskulɾɛ hiɟuʔmɛ.,d̪a.ja kat̪ɛ iskul-ɾɛ hiɟuʔ-mɛ.,d̪a.ja | kat̪ɛ | iskul-ɾɛ | hiɟuʔ-mɛ,please | Manner | school-LOC | come-IMP.2SG.POL,
synthetic_dialogues_glossed.eaf,897,1889543,1892962,"[SYN.897] আমি পানি পান করব, কিন্তু পানি পান করব না।","I will drink the water, but do not drink the water.",iɲ d̪ɔ d̪aʔ ɲua mɛnkʰan d̪aʔ bɘɲ ɲua.,iɲ d̪ɔ d̪aʔ ɲu-a mɛnkʰan d̪aʔ bɘ-ɲ ɲu-a.,iɲ | d̪ɔ | d̪aʔ | ɲu-a | mɛnkʰan | d̪aʔ | bɘ-ɲ | ɲu-a,1SG | TOP | water | drink-FIN | but | water | NEG-1SG | drink-FIN,
synthetic_school_dialogue_glossed.eaf,898,1892962,1895780,[SYN.898] সেই সময় আমি বাদ পড়া দেখে বাড়িতে আসব।,"At that time, I see the omission and then come to the house.",ɔkt̪ɛɾɛ iɲ bʰul t͡ʃuk ɲɛlkat̪ɛ ɔɽaʔɾɛ hiɟuʔa.,ɔkt̪ɛ-ɾɛ iɲ bʰul t͡ʃuk ɲɛl-kat̪ɛ ɔɽaʔ-ɾɛ hiɟuʔ-a.,ɔkt̪ɛ-ɾɛ | iɲ | bʰul t͡ʃuk | ɲɛl-kat̪ɛ | ɔɽaʔ-ɾɛ | hiɟuʔ-a,time-LOC | 1SG | omission | see-CVB | house-LOC | come-FIN,
synthetic_texts_glossed.eaf,899,1895780,1897429,[SYN.899] বাড়িতে একটি স্কুল আছে।,There is a school in the house.,ɔɽaʔɾɛ iskul menaa.,ɔɽaʔ-ɾɛ iskul mena-a.,ɔɽaʔ-ɾɛ | iskul | mena-a,house-LOC | school | exist-FIN,
synthetic_bangla_glossed.eaf,900,1897429,1899574,[SYN.900] আমরা মানুষ সাহায্য করব।,We will help the person.,alɛ d̪ɔ hɔɽ gɔɽɔa.,alɛ d̪ɔ hɔɽ gɔɽɔ-a.,alɛ | d̪ɔ | hɔɽ | gɔɽɔ-a,1PL.EXCL | TOP | person | help-FIN,Synthetic transitive finite clause with TOP and FIN labels.
synthetic_texts_glossed.eaf,901,1899574,1901423,[SYN.901] ভাড়াটে কর্মীটি গুরুত্বপূর্ণ।,The hired worker is important.,bənkəɾ d̪ɔ ɟɘɾuɽa.,bənkəɾ d̪ɔ ɟɘɾuɽ-a.,bənkəɾ | d̪ɔ | ɟɘɾuɽ-a,hired.worker | TOP | important-FIN,
synthetic_texts_glossed.eaf,902,1901423,1902960,[SYN.902] বন্ধকীটি নতুন।,The mortgage is new.,bəndki d̪ɔ nɔwaa.,bəndki d̪ɔ nɔwa-a.,bəndki | d̪ɔ | nɔwa-a,mortgage | TOP | new-FIN,Synthetic TOP + adjectival-FIN clause following layout A/B labels.
synthetic_texts_glossed.eaf,903,1902960,1904679,[SYN.903] হ্রদে একটি অভিশাপ আছে।,There is a curse in the lake.,ɟɔlaɾɛ əsis menaa.,ɟɔla-ɾɛ əsis mena-a.,ɟɔla-ɾɛ | əsis | mena-a,lake-LOC | curse | exist-FIN,Synthetic LOC + exist-FIN clause matching mena-a patterns.
synthetic_texts_glossed.eaf,904,1904679,1906209,[SYN.904] ইংল্যান্ডে একটি নুন-তামাকের ফেরিওয়ালা আছে।,There is a pedlar of salt and tobacco in the england.,bilətɾɛ bə̃ɽiə̯̃ menaa.,bilət-ɾɛ bə̃ɽiə̯̃ mena-a.,bilət-ɾɛ | bə̃ɽiə̯̃ | mena-a,england-LOC | pedlar.of.salt | exist-FIN,
synthetic_texts_glossed.eaf,905,1906209,1907922,[SYN.905] বাজারটি ভালো।,The bazaar is good.,bad͡ʒaɾ d̪ɔ mɔ̃ɟa.,bad͡ʒaɾ d̪ɔ mɔ̃ɟ-a.,bad͡ʒaɾ | d̪ɔ | mɔ̃ɟ-a,bazaar | TOP | good-FIN,
synthetic_see_paradigm.eaf,906,1907922,1910466,[SYN.906] তোমরা টাকা পাবে না।,You all do not get the money.,apɛ d̪ɔ ʈaka bapɛ ɲama.,apɛ d̪ɔ ʈaka ba-pɛ ɲam-a.,apɛ | d̪ɔ | ʈaka | ba-pɛ | ɲam-a,2PL | TOP | money | NEG-2PL | get-FIN,
synthetic_see_paradigm.eaf,907,1910466,1911658,[SYN.907] তোমরা পান করছ।,You all are drinking.,apɛpɛ ɲuɛd̪a.,apɛ-pɛ ɲu-ɛ-d̪a.,apɛ-pɛ | ɲu-ɛ-d̪a,2PL-2PL | drink-PROG-FIN,
synthetic_texts_glossed.eaf,908,1911658,1913272,[SYN.908] পোশাকটি ভালো।,The attire is good.,bʰagwa d̪ɔ mɔ̃ɟa.,bʰagwa d̪ɔ mɔ̃ɟ-a.,bʰagwa | d̪ɔ | mɔ̃ɟ-a,attire | TOP | good-FIN,
synthetic_school_dialogue_glossed.eaf,909,1913272,1916065,[SYN.909] সেই সময় তুমি পাঠ পড়ে বাড়িতে যাবে।,"At that time, you study the lesson and then go to the house.",ɔkt̪ɛɾɛ am sikʰnɘt̪ paɽha͡o̯kat̪ɛ ɔɽaʔɾɛ calaʔa.,ɔkt̪ɛ-ɾɛ am sikʰnɘt̪ paɽha͡o̯-kat̪ɛ ɔɽaʔ-ɾɛ calaʔ-a.,ɔkt̪ɛ-ɾɛ | am | sikʰnɘt̪ | paɽha͡o̯-kat̪ɛ | ɔɽaʔ-ɾɛ | calaʔ-a,time-LOC | 2SG | lesson | study-CVB | house-LOC | go-FIN,Synthetic sequential CVB clause with -kat̪ɛ.
synthetic_imperatives_glossed.eaf,910,1916065,1918189,[SYN.910] দয়া করে গ্রামে আসো।,Please come to the village.,d̪a.ja kat̪ɛ at̪oɾɛ hiɟuʔmɛ.,d̪a.ja kat̪ɛ at̪o-ɾɛ hiɟuʔ-mɛ.,d̪a.ja | kat̪ɛ | at̪o-ɾɛ | hiɟuʔ-mɛ,please | Manner | village-LOC | come-IMP.2SG.POL,
synthetic_new_glossed_3.eaf,911,1918189,1920661,[SYN.911] একটি খাবার গ্রামে আছে।,One food is in the village.,mit̪ʔ ɟɔmaʔ d̪ɔ at̪oɾɛ menaa.,mit̪ʔ ɟɔmaʔ d̪ɔ at̪o-ɾɛ mena-a.,mit̪ʔ | ɟɔmaʔ | d̪ɔ | at̪o-ɾɛ | mena-a,one | food | TOP | village-LOC | exist-FIN,
synthetic_texts_glossed.eaf,912,1920661,1922459,[SYN.912] ভেড়ার মাংসটি পরিষ্কার।,The mutton is clean.,bʰiɖi d͡ʒel d̪ɔ sapʰaa.,bʰiɖi d͡ʒel d̪ɔ sapʰa-a.,bʰiɖi d͡ʒel | d̪ɔ | sapʰa-a,mutton | TOP | clean-FIN,
synthetic_bangla_glossed.eaf,913,1922459,1925230,[SYN.913] আমি দুধ ও পানি পান করব।,I will drink the milk and the water.,iɲ d̪ɔ t̪o̯͡a aɾ d̪aʔ ɲua.,iɲ d̪ɔ t̪o̯͡a aɾ d̪aʔ ɲu-a.,iɲ | d̪ɔ | t̪o̯͡a | aɾ | d̪aʔ | ɲu-a,1SG | TOP | milk | and | water | drink-FIN,
synthetic_dialogues_glossed.eaf,914,1925230,1927333,[SYN.914] শিশু কোথায় আছে?,Where is the child?,gid̪ɾɘ d̪ɔ ɔkaɾɛ menaa.,gid̪ɾɘ d̪ɔ ɔka-ɾɛ mena-a.,gid̪ɾɘ | d̪ɔ | ɔka-ɾɛ | mena-a,child | TOP | where-LOC | exist-FIN,
synthetic_texts_glossed.eaf,915,1927333,1929073,[SYN.915] শহরে একটি মধু আছে।,There is a honey in the town.,sɔhɔɽɾɛ ɲɛlɛɾasa menaa.,sɔhɔɽ-ɾɛ ɲɛlɛɾasa mena-a.,sɔhɔɽ-ɾɛ | ɲɛlɛɾasa | mena-a,town-LOC | honey | exist-FIN,
synthetic_school_dialogue_glossed.eaf,916,1929073,1931868,[SYN.916] সেই সময় আমি দুধ পান করে গ্রামে আসব।,"At that time, I drink the milk and then come to the village.",ɔkt̪ɛɾɛ iɲ t̪o̯͡a ɲukat̪ɛ at̪oɾɛ hiɟuʔa.,ɔkt̪ɛ-ɾɛ iɲ t̪o̯͡a ɲu-kat̪ɛ at̪o-ɾɛ hiɟuʔ-a.,ɔkt̪ɛ-ɾɛ | iɲ | t̪o̯͡a | ɲu-kat̪ɛ | at̪o-ɾɛ | hiɟuʔ-a,time-LOC | 1SG | milk | drink-CVB | village-LOC | come-FIN,
synthetic_bangla_glossed.eaf,917,1931868,1933748,[SYN.917] তুমি রান্না খাবে।,You will eat the cooked food.,am d̪ɔ basaŋ ɟɔma.,am d̪ɔ basaŋ ɟɔm-a.,am | d̪ɔ | basaŋ | ɟɔm-a,2SG | TOP | cooked.food | eat-FIN,
synthetic_paradigm_glossed.eaf,918,1933748,1935427,[SYN.918] তোমরা টাকা পেয়েছিলে।,You all got the money.,apɛpɛ ʈaka ɲamkeda.,apɛ-pɛ ʈaka ɲam-ked-a.,apɛ-pɛ | ʈaka | ɲam-ked-a,2PL-2PL | money | get-PST-FIN,
synthetic_paradigm_glossed.eaf,919,1935427,1937508,[SYN.919] আমার আঙুলের ফোঁড়া গুরুত্বপূর্ণ।,My whitlow is important.,iɲaʔ aŋguɾ biɽhi d̪ɔ ɟɘɾuɽa.,iɲ-aʔ aŋguɾ biɽhi d̪ɔ ɟɘɾuɽ-a.,iɲ-aʔ | aŋguɾ biɽhi | d̪ɔ | ɟɘɾuɽ-a,1SG-GEN | whitlow | TOP | important-FIN,
synthetic_texts_glossed.eaf,920,1937508,1939218,[SYN.920] কুয়ায় একটি আখড়া আছে।,There is a gathering in the well.,kuɲɾɛ akʰɾa menaa.,kuɲ-ɾɛ akʰɾa mena-a.,kuɲ-ɾɛ | akʰɾa | mena-a,well-LOC | gathering | exist-FIN,
synthetic_paradigm_glossed.eaf,921,1939218,1940818,[SYN.921] তোমরা দুধ পান করেছিলে।,You all drank the milk.,apɛpɛ t̪o̯͡a ɲukeda.,apɛ-pɛ t̪o̯͡a ɲu-ked-a.,apɛ-pɛ | t̪o̯͡a | ɲu-ked-a,2PL-2PL | milk | drink-PST-FIN,
synthetic_school_dialogue_glossed.eaf,922,1940818,1943578,[SYN.922] আজ আমি ভাষা লিখে শহরে খেলব।,"Today, I write the language and then play in the town.",t̪eheɲɾɛ iɲ pɘɾsi ɔlɔʔkat̪ɛ sɔhɔɽɾɛ gat̪ea.,t̪eheɲ-ɾɛ iɲ pɘɾsi ɔlɔʔ-kat̪ɛ sɔhɔɽ-ɾɛ gat̪e-a.,t̪eheɲ-ɾɛ | iɲ | pɘɾsi | ɔlɔʔ-kat̪ɛ | sɔhɔɽ-ɾɛ | gat̪e-a,today-LOC | 1SG | language | write-CVB | town-LOC | play-FIN,
synthetic_new_glossed.eaf,923,1943578,1945717,[SYN.923] তোমরা কথা লিখেছ।,You all have written the word.,apɛ d̪ɔ kat̪ʰa ɔlɔʔakada.,apɛ d̪ɔ kat̪ʰa ɔlɔʔ-akad-a.,apɛ | d̪ɔ | kat̪ʰa | ɔlɔʔ-akad-a,2PL | TOP | word | write-PRF-FIN,
synthetic_texts_glossed.eaf,924,1945717,1947554,[SYN.924] কিশোরটি গুরুত্বপূর্ণ।,The lad is important.,bat͡ʃʰɽa d̪ɔ ɟɘɾuɽa.,bat͡ʃʰɽa d̪ɔ ɟɘɾuɽ-a.,bat͡ʃʰɽa | d̪ɔ | ɟɘɾuɽ-a,lad | TOP | important-FIN,
synthetic_see_paradigm.eaf,925,1947554,1950105,[SYN.925] তোমরা ছবি পাবে না।,You all do not get the photo.,apɛ d̪ɔ pʰɔʈɔ bapɛ ɲama.,apɛ d̪ɔ pʰɔʈɔ ba-pɛ ɲam-a.,apɛ | d̪ɔ | pʰɔʈɔ | ba-pɛ | ɲam-a,2PL | TOP | photo | NEG-2PL | get-FIN,
synthetic_see_paradigm.eaf,926,1950105,1951478,[SYN.926] তারা বসছে।,They are sitting.,oŋkoko d̪uɽup̚ʔɛd̪a.,oŋko-ko d̪uɽup̚ʔ-ɛ-d̪a.,oŋko-ko | d̪uɽup̚ʔ-ɛ-d̪a,3PL.ANIM-3PL.ANIM | sit-PROG-FIN,
synthetic_see_paradigm.eaf,927,1951478,1953792,[SYN.927] তোমরা ঘড়ি বিক্রি করবে না।,You all do not sell the watch.,apɛ d̪ɔ gʰuɽi bapɛ ɘkʰɾiɲa.,apɛ d̪ɔ gʰuɽi ba-pɛ ɘkʰɾiɲ-a.,apɛ | d̪ɔ | gʰuɽi | ba-pɛ | ɘkʰɾiɲ-a,2PL | TOP | watch | NEG-2PL | sell-FIN,
synthetic_texts_glossed.eaf,928,1953792,1955415,[SYN.928] খাবারটি পরিষ্কার।,The food is clean.,ɟɔmaʔ d̪ɔ sapʰaa.,ɟɔmaʔ d̪ɔ sapʰa-a.,ɟɔmaʔ | d̪ɔ | sapʰa-a,food | TOP | clean-FIN,Synthetic TOP + adjectival-FIN clause following layout A/B labels.
synthetic_see_paradigm.eaf,929,1955415,1956755,[SYN.929] আমি লিখছি।,I am writing.,iɲiɲ ɔlɔʔɛd̪a.,iɲ-iɲ ɔlɔʔ-ɛ-d̪a.,iɲ-iɲ | ɔlɔʔ-ɛ-d̪a,1SG-1SG | write-PROG-FIN,
synthetic_texts_glossed.eaf,930,1956755,1958452,[SYN.930] বধিরতাটি ভালো।,The deafness is good.,bəhiɾ bəi̯ d̪ɔ mɔ̃ɟa.,bəhiɾ bəi̯ d̪ɔ mɔ̃ɟ-a.,bəhiɾ bəi̯ | d̪ɔ | mɔ̃ɟ-a,deafness | TOP | good-FIN,Synthetic TOP + adjectival-FIN clause following layout A/B labels.
synthetic_school_dialogue_glossed.eaf,931,1958452,1961371,[SYN.931] আজ সে ভাদ্র মাস দেখে স্কুলে কাজ করবে।,"Today, he/she see the august-september and then work in the school.",t̪eheɲɾɛ uni bʰadɔɾ ɲɛlkat̪ɛ iskulɾɛ kɘmia.,t̪eheɲ-ɾɛ uni bʰadɔɾ ɲɛl-kat̪ɛ iskul-ɾɛ kɘmi-a.,t̪eheɲ-ɾɛ | uni | bʰadɔɾ | ɲɛl-kat̪ɛ | iskul-ɾɛ | kɘmi-a,today-LOC | 3SG.ANIM | august.september | see-CVB | school-LOC | work-FIN,
synthetic_texts_glossed.eaf,932,1961371,1963091,[SYN.932] ঘড়িটি নতুন।,The watch is new.,gʰuɽi d̪ɔ nɔwaa.,gʰuɽi d̪ɔ nɔwa-a.,gʰuɽi | d̪ɔ | nɔwa-a,watch | TOP | new-FIN,Synthetic TOP + adjectival-FIN clause following layout A/B labels.
synthetic_new_glossed.eaf,933,1963091,1964980,[SYN.933] তোমরা আস্থা দেখেছ।,You all have seen the confidence.,apɛ d̪ɔ baɾsa ɲɛlakada.,apɛ d̪ɔ baɾsa ɲɛl-akad-a.,apɛ | d̪ɔ | baɾsa | ɲɛl-akad-a,2PL | TOP | confidence | see-PRF-FIN,
synthetic_bangla_glossed.eaf,934,1964980,1967002,[SYN.934] তোমরা রান্না খাবে।,You all will eat the cooked food.,apɛ d̪ɔ basaŋ ɟɔma.,apɛ d̪ɔ basaŋ ɟɔm-a.,apɛ | d̪ɔ | basaŋ | ɟɔm-a,2PL | TOP | cooked.food | eat-FIN,Synthetic transitive finite clause with TOP and FIN labels.
synthetic_paradigm_glossed.eaf,935,1967002,1968646,[SYN.935] আমি মোবাইল ফোন বিক্রি করেছিলাম।,I sold the mobile phone.,iɲiɲ mɔbaĭl pʰon ɘkʰɾiɲkeda.,iɲ-iɲ mɔbaĭl pʰon ɘkʰɾiɲ-ked-a.,iɲ-iɲ | mɔbaĭl pʰon | ɘkʰɾiɲ-ked-a,1SG-1SG | mobile.phone | sell-PST-FIN,
synthetic_school_dialogue_glossed.eaf,936,1968646,1971448,[SYN.936] আজ তারা খাবার কিনে গ্রামে খেলবে।,"Today, they buy the food and then play in the village.",t̪eheɲɾɛ oŋko ɟɔmaʔ kiɾiɲkat̪ɛ at̪oɾɛ gat̪ea.,t̪eheɲ-ɾɛ oŋko ɟɔmaʔ kiɾiɲ-kat̪ɛ at̪o-ɾɛ gat̪e-a.,t̪eheɲ-ɾɛ | oŋko | ɟɔmaʔ | kiɾiɲ-kat̪ɛ | at̪o-ɾɛ | gat̪e-a,today-LOC | 3PL.ANIM | food | buy-CVB | village-LOC | play-FIN,
synthetic_see_paradigm.eaf,937,1971448,1972755,[SYN.937] সে কাজ করছে।,He/she is working.,unii̯ kɘmiɛd̪a.,uni-i̯ kɘmi-ɛ-d̪a.,uni-i̯ | kɘmi-ɛ-d̪a,3SG.ANIM-3SG.ANIM | work-PROG-FIN,
synthetic_new_glossed.eaf,938,1972755,1974881,[SYN.938] আমি বাবা সাহায্য করেছি।,I have helped the father.,iɲ d̪ɔ baba gɔɽɔakada.,iɲ d̪ɔ baba gɔɽɔ-akad-a.,iɲ | d̪ɔ | baba | gɔɽɔ-akad-a,1SG | TOP | father | help-PRF-FIN,
synthetic_dialogues_glossed.eaf,939,1974881,1978341,"[SYN.939] তুমি খাবার পাবে, কিন্তু খাবার পাবে না।","You will get the food, but do not get the food.",am d̪ɔ ɟɔmaʔ ɲama mɛnkʰan ɟɔmaʔ bam ɲama.,am d̪ɔ ɟɔmaʔ ɲam-a mɛnkʰan ɟɔmaʔ ba-m ɲam-a.,am | d̪ɔ | ɟɔmaʔ | ɲam-a | mɛnkʰan | ɟɔmaʔ | ba-m | ɲam-a,2SG | TOP | food | get-FIN | but | food | NEG-2SG | get-FIN,
synthetic_bangla_glossed.eaf,940,1978341,1980464,[SYN.940] তোমরা কথা লিখবে।,You all will write the word.,apɛ d̪ɔ kat̪ʰa ɔlɔʔa.,apɛ d̪ɔ kat̪ʰa ɔlɔʔ-a.,apɛ | d̪ɔ | kat̪ʰa | ɔlɔʔ-a,2PL | TOP | word | write-FIN,
synthetic_paradigm_glossed.eaf,941,1980464,1982538,[SYN.941] তার উই পোকা ছোট।,His/her termite is small.,uniaʔ bʰuku d̪ɔ lɘʈua.,uni-aʔ bʰuku d̪ɔ lɘʈu-a.,uni-aʔ | bʰuku | d̪ɔ | lɘʈu-a,3SG-GEN | termite | TOP | small-FIN,
synthetic_new_glossed.eaf,942,1982538,1984453,[SYN.942] আমরা মোবাইল ফোন বিক্রি করেছি।,We have sold the mobile phone.,alɛ d̪ɔ mɔbaĭl pʰon ɘkʰɾiɲakada.,alɛ d̪ɔ mɔbaĭl pʰon ɘkʰɾiɲ-akad-a.,alɛ | d̪ɔ | mɔbaĭl pʰon | ɘkʰɾiɲ-akad-a,1PL.EXCL | TOP | mobile.phone | sell-PRF-FIN,
synthetic_paradigm_glossed.eaf,943,1984453,1986449,[SYN.943] আমাদের মোবাইল ফোন পরিষ্কার।,Our mobile phone is clean.,alɛaʔ mɔbaĭl pʰon d̪ɔ sapʰaa.,alɛ-aʔ mɔbaĭl pʰon d̪ɔ sapʰa-a.,alɛ-aʔ | mɔbaĭl pʰon | d̪ɔ | sapʰa-a,1PL.EXCL-GEN | mobile.phone | TOP | clean-FIN,Synthetic GEN + TOP clause using pronoun markers from ground truth.
synthetic_school_dialogue_glossed.eaf,944,1986449,1989226,[SYN.944] গতকাল সে খাবার কিনে কুয়ায় খেলবে।,"Yesterday, he/she buy the food and then play in the well.",hɔlaɾɛ uni ɟɔmaʔ kiɾiɲkat̪ɛ kuɲɾɛ gat̪ea.,hɔla-ɾɛ uni ɟɔmaʔ kiɾiɲ-kat̪ɛ kuɲ-ɾɛ gat̪e-a.,hɔla-ɾɛ | uni | ɟɔmaʔ | kiɾiɲ-kat̪ɛ | kuɲ-ɾɛ | gat̪e-a,yesterday-LOC | 3SG.ANIM | food | buy-CVB | well-LOC | play-FIN,
synthetic_dialogues_glossed.eaf,945,1989226,1992583,"[SYN.945] আমরা খাবার কিনব, কিন্তু খাবার কিনব না।","We will buy the food, but do not buy the food.",alɛ d̪ɔ ɟɔmaʔ kiɾiɲa mɛnkʰan ɟɔmaʔ balɛ kiɾiɲa.,alɛ d̪ɔ ɟɔmaʔ kiɾiɲ-a mɛnkʰan ɟɔmaʔ ba-lɛ kiɾiɲ-a.,alɛ | d̪ɔ | ɟɔmaʔ | kiɾiɲ-a | mɛnkʰan | ɟɔmaʔ | ba-lɛ | kiɾiɲ-a,1PL.EXCL | TOP | food | buy-FIN | but | food | NEG-1PL.EXCL | buy-FIN,Synthetic contrast with mɛnkʰan 'but' and NEG marking.
synthetic_bangla_glossed.eaf,946,1992583,1994548,[SYN.946] তুমি বাবা সাহায্য করবে।,You will help the father.,am d̪ɔ baba gɔɽɔa.,am d̪ɔ baba gɔɽɔ-a.,am | d̪ɔ | baba | gɔɽɔ-a,2SG | TOP | father | help-FIN,
synthetic_paradigm_glossed.eaf,947,1994548,1996220,[SYN.947] তুমি ভাষা পড়েছিলে।,You studied the language.,amɛm pɘɾsi paɽha͡o̯keda.,am-ɛm pɘɾsi paɽha͡o̯-ked-a.,am-ɛm | pɘɾsi | paɽha͡o̯-ked-a,2SG-2SG | language | study-PST-FIN,
synthetic_texts_glossed.eaf,948,1996220,1997813,[SYN.948] কুয়ায় একটি নির্ভরতা আছে।,There is a reliance in the well.,kuɲɾɛ bʰaɾsa menaa.,kuɲ-ɾɛ bʰaɾsa mena-a.,kuɲ-ɾɛ | bʰaɾsa | mena-a,well-LOC | reliance | exist-FIN,
synthetic_texts_glossed.eaf,949,1997813,1999472,[SYN.949] বাসস্থানে একটি স্বস্তি আছে।,There is a relief in the residence.,basaɾɛ ao̯san menaa.,basa-ɾɛ ao̯san mena-a.,basa-ɾɛ | ao̯san | mena-a,residence-LOC | relief | exist-FIN,
synthetic_school_dialogue_glossed.eaf,950,1999472,2002140,[SYN.950] গতকাল আমি মাছ কিনে গ্রামে খেলব।,"Yesterday, I buy the fish and then play in the village.",hɔlaɾɛ iɲ haku kiɾiɲkat̪ɛ at̪oɾɛ gat̪ea.,hɔla-ɾɛ iɲ haku kiɾiɲ-kat̪ɛ at̪o-ɾɛ gat̪e-a.,hɔla-ɾɛ | iɲ | haku | kiɾiɲ-kat̪ɛ | at̪o-ɾɛ | gat̪e-a,yesterday-LOC | 1SG | fish | buy-CVB | village-LOC | play-FIN,Synthetic sequential CVB clause with -kat̪ɛ.
synthetic_bangla_glossed.eaf,951,2002140,2004027,[SYN.951] তারা মাছ কিনবে।,They will buy the fish.,oŋko d̪ɔ haku kiɾiɲa.,oŋko d̪ɔ haku kiɾiɲ-a.,oŋko | d̪ɔ | haku | kiɾiɲ-a,3PL.ANIM | TOP | fish | buy-FIN,
synthetic_school_dialogue_glossed.eaf,952,2004027,2006729,[SYN.952] আজ আমরা অর্জন দেখে কুয়ায় খেলব।,"Today, we see the gain and then play in the well.",t̪eheɲɾɛ alɛ ae̯ upəi̯ ɲɛlkat̪ɛ kuɲɾɛ gat̪ea.,t̪eheɲ-ɾɛ alɛ ae̯ upəi̯ ɲɛl-kat̪ɛ kuɲ-ɾɛ gat̪e-a.,t̪eheɲ-ɾɛ | alɛ | ae̯ upəi̯ | ɲɛl-kat̪ɛ | kuɲ-ɾɛ | gat̪e-a,today-LOC | 1PL.EXCL | gain | see-CVB | well-LOC | play-FIN,
synthetic_new_glossed.eaf,953,2006729,2008845,[SYN.953] আমরা খাবার খেয়েছি।,We have eaten the food.,alɛ d̪ɔ ɟɔmaʔ ɟɔmakada.,alɛ d̪ɔ ɟɔmaʔ ɟɔm-akad-a.,alɛ | d̪ɔ | ɟɔmaʔ | ɟɔm-akad-a,1PL.EXCL | TOP | food | eat-PRF-FIN,
synthetic_texts_glossed.eaf,954,2008845,2010596,[SYN.954] হ্রদে একটি অবিশ্বাসী আছে।,There is a heathen in the lake.,ɟɔlaɾɛ bedin menaa.,ɟɔla-ɾɛ bedin mena-a.,ɟɔla-ɾɛ | bedin | mena-a,lake-LOC | heathen | exist-FIN,
synthetic_texts_glossed.eaf,955,2010596,2012153,[SYN.955] নিকটবর্তী এলাকাে একটি বনরুই আছে।,There is an ant-eater in the vicinity.,aɖe ʈolaɾɛ aɾba menaa.,aɖe ʈola-ɾɛ aɾba mena-a.,aɖe ʈola-ɾɛ | aɾba | mena-a,vicinity-LOC | ant.eater | exist-FIN,
synthetic_dialogues_glossed.eaf,956,2012153,2015624,"[SYN.956] সে নির্বোধ ব্যক্তি দেখবে, কিন্তু সহ্যশক্তি দেখবে না।","He/she will see the dunce, but does not see the stamina.",uni d̪ɔ akoɾma ɲɛla mɛnkʰan bʰẹd͡ʒ bai̯ ɲɛla.,uni d̪ɔ akoɾma ɲɛl-a mɛnkʰan bʰẹd͡ʒ ba-i̯ ɲɛl-a.,uni | d̪ɔ | akoɾma | ɲɛl-a | mɛnkʰan | bʰẹd͡ʒ | ba-i̯ | ɲɛl-a,3SG.ANIM | TOP | dunce | see-FIN | but | stamina | NEG-3SG.ANIM | see-FIN,
synthetic_texts_glossed.eaf,957,2015624,2017223,[SYN.957] একমুঠোটি পরিষ্কার।,The handful is clean.,aɲd͡ʒle d̪ɔ sapʰaa.,aɲd͡ʒle d̪ɔ sapʰa-a.,aɲd͡ʒle | d̪ɔ | sapʰa-a,handful | TOP | clean-FIN,
synthetic_see_paradigm.eaf,958,2017223,2019462,[SYN.958] তারা খাবার কিনবে না।,They do not buy the food.,oŋko d̪ɔ ɟɔmaʔ bako kiɾiɲa.,oŋko d̪ɔ ɟɔmaʔ ba-ko kiɾiɲ-a.,oŋko | d̪ɔ | ɟɔmaʔ | ba-ko | kiɾiɲ-a,3PL.ANIM | TOP | food | NEG-3PL.ANIM | buy-FIN,
synthetic_school_dialogue_glossed.eaf,959,2019462,2022210,[SYN.959] সকালে তুমি ঔষধ কিনে শহরে খেলবে।,"In the morning, you buy the medicine and then play in the town.",sɛt̪aʔɾɛ am ɾan kiɾiɲkat̪ɛ sɔhɔɽɾɛ gat̪ea.,sɛt̪aʔ-ɾɛ am ɾan kiɾiɲ-kat̪ɛ sɔhɔɽ-ɾɛ gat̪e-a.,sɛt̪aʔ-ɾɛ | am | ɾan | kiɾiɲ-kat̪ɛ | sɔhɔɽ-ɾɛ | gat̪e-a,morning-LOC | 2SG | medicine | buy-CVB | town-LOC | play-FIN,
synthetic_bangla_glossed.eaf,960,2022210,2024086,[SYN.960] আমি শিশু সাহায্য করব।,I will help the child.,iɲ d̪ɔ gid̪ɾɘ gɔɽɔa.,iɲ d̪ɔ gid̪ɾɘ gɔɽɔ-a.,iɲ | d̪ɔ | gid̪ɾɘ | gɔɽɔ-a,1SG | TOP | child | help-FIN,
synthetic_school_dialogue_glossed.eaf,961,2024086,2026979,[SYN.961] সেই সময় তোমরা কথা লিখে বাড়িতে আসবে।,"At that time, you all write the word and then come to the house.",ɔkt̪ɛɾɛ apɛ kat̪ʰa ɔlɔʔkat̪ɛ ɔɽaʔɾɛ hiɟuʔa.,ɔkt̪ɛ-ɾɛ apɛ kat̪ʰa ɔlɔʔ-kat̪ɛ ɔɽaʔ-ɾɛ hiɟuʔ-a.,ɔkt̪ɛ-ɾɛ | apɛ | kat̪ʰa | ɔlɔʔ-kat̪ɛ | ɔɽaʔ-ɾɛ | hiɟuʔ-a,time-LOC | 2PL | word | write-CVB | house-LOC | come-FIN,
synthetic_texts_glossed.eaf,962,2026979,2028527,[SYN.962] ভাইটি আনন্দের।,The brother is happy.,baɾet d̪ɔ ɾɘskɘa.,baɾet d̪ɔ ɾɘskɘ-a.,baɾet | d̪ɔ | ɾɘskɘ-a,brother | TOP | happy-FIN,
synthetic_new_glossed_3.eaf,963,2028527,2031034,[SYN.963] একটি ডাক্তার বাড়িতে আছে।,One doctor is in the house.,mit̪ʔʈɛn ɖak̚t̪aɾ d̪ɔ ɔɽaʔɾɛ menaa.,mit̪ʔ-ʈɛn ɖak̚t̪aɾ d̪ɔ ɔɽaʔ-ɾɛ mena-a.,mit̪ʔ-ʈɛn | ɖak̚t̪aɾ | d̪ɔ | ɔɽaʔ-ɾɛ | mena-a,one-CLF.HUM | doctor | TOP | house-LOC | exist-FIN,
synthetic_see_paradigm.eaf,964,2031034,2032481,[SYN.964] আমরা অপেক্ষা করছি।,We are waiting.,alɛlɛ t̪ɘŋgiɛd̪a.,alɛ-lɛ t̪ɘŋgi-ɛ-d̪a.,alɛ-lɛ | t̪ɘŋgi-ɛ-d̪a,1PL.EXCL-1PL.EXCL | wait-PROG-FIN,
synthetic_texts_glossed.eaf,965,2032481,2034148,[SYN.965] ইংল্যান্ডে একটি পা আছে।,There is a foot in the england.,bilətɾɛ kaʈa menaa.,bilət-ɾɛ kaʈa mena-a.,bilət-ɾɛ | kaʈa | mena-a,england-LOC | foot | exist-FIN,
synthetic_dialogues_glossed.eaf,966,2034148,2037544,"[SYN.966] আমরা রান্না খাব, কিন্তু রান্না খাব না।","We will eat the cooked food, but do not eat the cooked food.",alɛ d̪ɔ basaŋ ɟɔma mɛnkʰan basaŋ balɛ ɟɔma.,alɛ d̪ɔ basaŋ ɟɔm-a mɛnkʰan basaŋ ba-lɛ ɟɔm-a.,alɛ | d̪ɔ | basaŋ | ɟɔm-a | mɛnkʰan | basaŋ | ba-lɛ | ɟɔm-a,1PL.EXCL | TOP | cooked.food | eat-FIN | but | cooked.food | NEG-1PL.EXCL | eat-FIN,
synthetic_see_paradigm.eaf,967,2037544,2039837,[SYN.967] আমি মোবাইল ফোন বিক্রি করব না।,I do not sell the mobile phone.,iɲ d̪ɔ mɔbaĭl pʰon bɘɲ ɘkʰɾiɲa.,iɲ d̪ɔ mɔbaĭl pʰon bɘ-ɲ ɘkʰɾiɲ-a.,iɲ | d̪ɔ | mɔbaĭl pʰon | bɘ-ɲ | ɘkʰɾiɲ-a,1SG | TOP | mobile.phone | NEG-1SG | sell-FIN,
synthetic_school_dialogue_glossed.eaf,968,2039837,2042713,[SYN.968] সকালে তুমি ঝুড়ি দেখে হ্রদে খেলবে।,"In the morning, you see the basket and then play in the lake.",sɛt̪aʔɾɛ am bʰad͡ʒan ɲɛlkat̪ɛ ɟɔlaɾɛ gat̪ea.,sɛt̪aʔ-ɾɛ am bʰad͡ʒan ɲɛl-kat̪ɛ ɟɔla-ɾɛ gat̪e-a.,sɛt̪aʔ-ɾɛ | am | bʰad͡ʒan | ɲɛl-kat̪ɛ | ɟɔla-ɾɛ | gat̪e-a,morning-LOC | 2SG | basket | see-CVB | lake-LOC | play-FIN,Synthetic sequential CVB clause with -kat̪ɛ.
synthetic_dialogues_glossed.eaf,969,2042713,2044904,[SYN.969] আখড়া কোথায় আছে?,Where is the gathering?,akʰɾa d̪ɔ ɔkaɾɛ menaa.,akʰɾa d̪ɔ ɔka-ɾɛ mena-a.,akʰɾa | d̪ɔ | ɔka-ɾɛ | mena-a,gathering | TOP | where-LOC | exist-FIN,
synthetic_school_dialogue_glossed.eaf,970,2044904,2047758,[SYN.970] সকালে সে মধু খেয়ে নদীতে যাবে।,"In the morning, he/she eat the honey and then go to the river.",sɛt̪aʔɾɛ uni ɲɛlɛɾasa ɟɔmkat̪ɛ gaɖaɾɛ calaʔa.,sɛt̪aʔ-ɾɛ uni ɲɛlɛɾasa ɟɔm-kat̪ɛ gaɖa-ɾɛ calaʔ-a.,sɛt̪aʔ-ɾɛ | uni | ɲɛlɛɾasa | ɟɔm-kat̪ɛ | gaɖa-ɾɛ | calaʔ-a,morning-LOC | 3SG.ANIM | honey | eat-CVB | river-LOC | go-FIN,Synthetic sequential CVB clause with -kat̪ɛ.
synthetic_dialogues_glossed.eaf,971,2047758,2051068,"[SYN.971] আমরা রান্না খাব, কিন্তু মাছ খাব না।","We will eat the cooked food, but do not eat the fish.",alɛ d̪ɔ basaŋ ɟɔma mɛnkʰan haku balɛ ɟɔma.,alɛ d̪ɔ basaŋ ɟɔm-a mɛnkʰan haku ba-lɛ ɟɔm-a.,alɛ | d̪ɔ | basaŋ | ɟɔm-a | mɛnkʰan | haku | ba-lɛ | ɟɔm-a,1PL.EXCL | TOP | cooked.food | eat-FIN | but | fish | NEG-1PL.EXCL | eat-FIN,
synthetic_dialogues_glossed.eaf,972,2051068,2054441,"[SYN.972] সে পানি পান করবে, কিন্তু পানি পান করবে না।","He/she will drink the water, but does not drink the water.",uni d̪ɔ d̪aʔ ɲua mɛnkʰan d̪aʔ bai̯ ɲua.,uni d̪ɔ d̪aʔ ɲu-a mɛnkʰan d̪aʔ ba-i̯ ɲu-a.,uni | d̪ɔ | d̪aʔ | ɲu-a | mɛnkʰan | d̪aʔ | ba-i̯ | ɲu-a,3SG.ANIM | TOP | water | drink-FIN | but | water | NEG-3SG.ANIM | drink-FIN,
synthetic_paradigm_glossed.eaf,973,2054441,2056340,[SYN.973] তার মহাপ্লাবন নতুন।,His/her deluge is new.,uniaʔ bajaban d̪ɔ nɔwaa.,uni-aʔ bajaban d̪ɔ nɔwa-a.,uni-aʔ | bajaban | d̪ɔ | nɔwa-a,3SG-GEN | deluge | TOP | new-FIN,Synthetic GEN + TOP clause using pronoun markers from ground truth.
synthetic_texts_glossed.eaf,974,2056340,2057968,[SYN.974] ব্যাঙের ডাকটি গুরুত্বপূর্ণ।,The croak of frogs is important.,bɛbɛ d̪ɔ ɟɘɾuɽa.,bɛbɛ d̪ɔ ɟɘɾuɽ-a.,bɛbɛ | d̪ɔ | ɟɘɾuɽ-a,croak.of.frogs | TOP | important-FIN,
synthetic_bangla_glossed.eaf,975,2057968,2060047,[SYN.975] তারা মোবাইল ফোন বিক্রি করবে।,They will sell the mobile phone.,oŋko d̪ɔ mɔbaĭl pʰon ɘkʰɾiɲa.,oŋko d̪ɔ mɔbaĭl pʰon ɘkʰɾiɲ-a.,oŋko | d̪ɔ | mɔbaĭl pʰon | ɘkʰɾiɲ-a,3PL.ANIM | TOP | mobile.phone | sell-FIN,
synthetic_bangla_glossed.eaf,976,2060047,2062055,[SYN.976] তুমি ভাষা বলবে।,You will speak the language.,am d̪ɔ pɘɾsi ɾɔɽa.,am d̪ɔ pɘɾsi ɾɔɽ-a.,am | d̪ɔ | pɘɾsi | ɾɔɽ-a,2SG | TOP | language | speak-FIN,Synthetic transitive finite clause with TOP and FIN labels.
synthetic_new_glossed_3.eaf,977,2062055,2064354,[SYN.977] একটি মাছ গ্রামে আছে।,One fish is in the village.,mit̪ʔ haku d̪ɔ at̪oɾɛ menaa.,mit̪ʔ haku d̪ɔ at̪o-ɾɛ mena-a.,mit̪ʔ | haku | d̪ɔ | at̪o-ɾɛ | mena-a,one | fish | TOP | village-LOC | exist-FIN,Synthetic classifier + LOC/exist clause.
synthetic_texts_glossed.eaf,978,2064354,2065890,[SYN.978] বিস্তীর্ণ ভূমিে একটি বাহু আছে।,There is an arm in the wide expanse of land.,bilənɾɛ bə̃hi menaa.,bilən-ɾɛ bə̃hi mena-a.,bilən-ɾɛ | bə̃hi | mena-a,wide.expanse.of-LOC | arm | exist-FIN,
synthetic_bangla_glossed.eaf,979,2065890,2068020,[SYN.979] আমরা মধু খাব।,We will eat the honey.,alɛ d̪ɔ ɲɛlɛɾasa ɟɔma.,alɛ d̪ɔ ɲɛlɛɾasa ɟɔm-a.,alɛ | d̪ɔ | ɲɛlɛɾasa | ɟɔm-a,1PL.EXCL | TOP | honey | eat-FIN,
synthetic_see_paradigm.eaf,980,2068020,2070275,[SYN.980] তুমি পানি পান করবে না।,You do not drink the water.,am d̪ɔ d̪aʔ bam ɲua.,am d̪ɔ d̪aʔ ba-m ɲu-a.,am | d̪ɔ | d̪aʔ | ba-m | ɲu-a,2SG | TOP | water | NEG-2SG | drink-FIN,
synthetic_school_dialogue_glossed.eaf,981,2070275,2073093,[SYN.981] আজ তোমরা পানি পান করে বাড়িতে আসবে।,"Today, you all drink the water and then come to the house.",t̪eheɲɾɛ apɛ d̪aʔ ɲukat̪ɛ ɔɽaʔɾɛ hiɟuʔa.,t̪eheɲ-ɾɛ apɛ d̪aʔ ɲu-kat̪ɛ ɔɽaʔ-ɾɛ hiɟuʔ-a.,t̪eheɲ-ɾɛ | apɛ | d̪aʔ | ɲu-kat̪ɛ | ɔɽaʔ-ɾɛ | hiɟuʔ-a,today-LOC | 2PL | water | drink-CVB | house-LOC | come-FIN,
synthetic_bangla_glossed.eaf,982,2073093,2075086,[SYN.982] আমি দুধ পান করব।,I will drink the milk.,iɲ d̪ɔ t̪o̯͡a ɲua.,iɲ d̪ɔ t̪o̯͡a ɲu-a.,iɲ | d̪ɔ | t̪o̯͡a | ɲu-a,1SG | TOP | milk | drink-FIN,
synthetic_paradigm_glossed.eaf,983,2075086,2076960,[SYN.983] তোমাদের খাবার সুস্বাদু।,Your food is tasty.,apɛaʔ ɟɔmaʔ d̪ɔ sibila.,apɛ-aʔ ɟɔmaʔ d̪ɔ sibil-a.,apɛ-aʔ | ɟɔmaʔ | d̪ɔ | sibil-a,2PL-GEN | food | TOP | tasty-FIN,
synthetic_school_dialogue_glossed.eaf,984,2076960,2079734,[SYN.984] সেই সময় তারা খড়ের মোটা দড়ি দেখে নদীতে যাবে।,"At that time, they see the thick straw rope and then go to the river.",ɔkt̪ɛɾɛ oŋko baɾahi ɲɛlkat̪ɛ gaɖaɾɛ calaʔa.,ɔkt̪ɛ-ɾɛ oŋko baɾahi ɲɛl-kat̪ɛ gaɖa-ɾɛ calaʔ-a.,ɔkt̪ɛ-ɾɛ | oŋko | baɾahi | ɲɛl-kat̪ɛ | gaɖa-ɾɛ | calaʔ-a,time-LOC | 3PL.ANIM | thick.straw.rope | see-CVB | river-LOC | go-FIN,
synthetic_paradigm_glossed.eaf,985,2079734,2081861,[SYN.985] আমার বাবা ছোট।,My father is small.,iɲaʔ baba d̪ɔ lɘʈua.,iɲ-aʔ baba d̪ɔ lɘʈu-a.,iɲ-aʔ | baba | d̪ɔ | lɘʈu-a,1SG-GEN | father | TOP | small-FIN,Synthetic GEN + TOP clause using pronoun markers from ground truth.
synthetic_see_paradigm.eaf,986,2081861,2083312,[SYN.986] তুমি পান করছ।,You is drinking.,amɛm ɲuɛd̪a.,am-ɛm ɲu-ɛ-d̪a.,am-ɛm | ɲu-ɛ-d̪a,2SG-2SG | drink-PROG-FIN,
synthetic_texts_glossed.eaf,987,2083312,2084936,[SYN.987] শিলাবৃষ্টিটি ভালো।,The hail is good.,aɾel d̪ɔ mɔ̃ɟa.,aɾel d̪ɔ mɔ̃ɟ-a.,aɾel | d̪ɔ | mɔ̃ɟ-a,hail | TOP | good-FIN,
synthetic_texts_glossed.eaf,988,2084936,2086772,[SYN.988] বিস্তীর্ণ ভূমিে একটি অশান্তি আছে।,There is an unrest in the wide expanse of land.,bilənɾɛ bɛtʰiɾ menaa.,bilən-ɾɛ bɛtʰiɾ mena-a.,bilən-ɾɛ | bɛtʰiɾ | mena-a,wide.expanse.of-LOC | unrest | exist-FIN,
synthetic_new_glossed_3.eaf,989,2086772,2089092,[SYN.989] একটি বিড়াল স্কুলে আছে।,One cat is in the school.,mit̪ʔʈɛn pusi d̪ɔ iskulɾɛ menaa.,mit̪ʔ-ʈɛn pusi d̪ɔ iskul-ɾɛ mena-a.,mit̪ʔ-ʈɛn | pusi | d̪ɔ | iskul-ɾɛ | mena-a,one-CLF.HUM | cat | TOP | school-LOC | exist-FIN,Synthetic classifier + LOC/exist clause.
synthetic_school_dialogue_glossed.eaf,990,2089092,2091848,[SYN.990] সেই সময় আমরা পানি পান করে স্কুলে আসব।,"At that time, we drink the water and then come to the school.",ɔkt̪ɛɾɛ alɛ d̪aʔ ɲukat̪ɛ iskulɾɛ hiɟuʔa.,ɔkt̪ɛ-ɾɛ alɛ d̪aʔ ɲu-kat̪ɛ iskul-ɾɛ hiɟuʔ-a.,ɔkt̪ɛ-ɾɛ | alɛ | d̪aʔ | ɲu-kat̪ɛ | iskul-ɾɛ | hiɟuʔ-a,time-LOC | 1PL.EXCL | water | drink-CVB | school-LOC | come-FIN,
synthetic_paradigm_glossed.eaf,991,2091848,2093584,[SYN.991] তারা রান্না খেয়েছিল।,They ate the cooked food.,oŋkoko basaŋ ɟɔmkeda.,oŋko-ko basaŋ ɟɔm-ked-a.,oŋko-ko | basaŋ | ɟɔm-ked-a,3PL.ANIM-3PL.ANIM | cooked.food | eat-PST-FIN,
synthetic_dialogues_glossed.eaf,992,2093584,2097091,"[SYN.992] তুমি ঘড়ি বিক্রি করবে, কিন্তু ঘড়ি বিক্রি করবে না।","You will sell the watch, but do not sell the watch.",am d̪ɔ gʰuɽi ɘkʰɾiɲa mɛnkʰan gʰuɽi bam ɘkʰɾiɲa.,am d̪ɔ gʰuɽi ɘkʰɾiɲ-a mɛnkʰan gʰuɽi ba-m ɘkʰɾiɲ-a.,am | d̪ɔ | gʰuɽi | ɘkʰɾiɲ-a | mɛnkʰan | gʰuɽi | ba-m | ɘkʰɾiɲ-a,2SG | TOP | watch | sell-FIN | but | watch | NEG-2SG | sell-FIN,
synthetic_texts_glossed.eaf,993,2097091,2098878,[SYN.993] গ্রামে একটি অশান্তি আছে।,There is an unrest in the village.,at̪oɾɛ bɛtʰiɾ menaa.,at̪o-ɾɛ bɛtʰiɾ mena-a.,at̪o-ɾɛ | bɛtʰiɾ | mena-a,village-LOC | unrest | exist-FIN,
synthetic_paradigm_glossed.eaf,994,2098878,2100575,[SYN.994] আমি পানি পান করেছিলাম।,I drank the water.,iɲiɲ d̪aʔ ɲukeda.,iɲ-iɲ d̪aʔ ɲu-ked-a.,iɲ-iɲ | d̪aʔ | ɲu-ked-a,1SG-1SG | water | drink-PST-FIN,
synthetic_new_glossed_3.eaf,995,2100575,2102842,[SYN.995] একটি কিশোর বাড়িতে আছে।,One hobbledehoy is in the house.,mit̪ʔʈɛn bat͡ʃʰɽa koɽa d̪ɔ ɔɽaʔɾɛ menaa.,mit̪ʔ-ʈɛn bat͡ʃʰɽa koɽa d̪ɔ ɔɽaʔ-ɾɛ mena-a.,mit̪ʔ-ʈɛn | bat͡ʃʰɽa koɽa | d̪ɔ | ɔɽaʔ-ɾɛ | mena-a,one-CLF.HUM | hobbledehoy | TOP | house-LOC | exist-FIN,
synthetic_paradigm_glossed.eaf,996,2102842,2104920,[SYN.996] তোমাদের বাজি নতুন।,Your wager is new.,apɛaʔ bəd͡ʒi d̪ɔ nɔwaa.,apɛ-aʔ bəd͡ʒi d̪ɔ nɔwa-a.,apɛ-aʔ | bəd͡ʒi | d̪ɔ | nɔwa-a,2PL-GEN | wager | TOP | new-FIN,
synthetic_new_glossed_3.eaf,997,2104920,2107372,[SYN.997] একটি মোবাইল ফোন গ্রামে আছে।,One mobile phone is in the village.,mit̪ʔ mɔbaĭl pʰon d̪ɔ at̪oɾɛ menaa.,mit̪ʔ mɔbaĭl pʰon d̪ɔ at̪o-ɾɛ mena-a.,mit̪ʔ | mɔbaĭl pʰon | d̪ɔ | at̪o-ɾɛ | mena-a,one | mobile.phone | TOP | village-LOC | exist-FIN,
synthetic_texts_glossed.eaf,998,2107372,2109190,[SYN.998] পাটি নতুন।,The foot is new.,kaʈa d̪ɔ nɔwaa.,kaʈa d̪ɔ nɔwa-a.,kaʈa | d̪ɔ | nɔwa-a,foot | TOP | new-FIN,
synthetic_see_paradigm.eaf,999,2109190,2110568,[SYN.999] তারা বিক্রি করছে।,They are selling.,oŋkoko ɘkʰɾiɲɛd̪a.,oŋko-ko ɘkʰɾiɲ-ɛ-d̪a.,oŋko-ko | ɘkʰɾiɲ-ɛ-d̪a,3PL.ANIM-3PL.ANIM | sell-PROG-FIN,
synthetic_dialogues_glossed.eaf,1000,2110568,2113889,"[SYN.1000] তারা মানুষ সাহায্য করবে, কিন্তু ডাক্তার সাহায্য করবে না।","They will help the person, but do not help the doctor.",oŋko d̪ɔ hɔɽ gɔɽɔa mɛnkʰan ɖak̚t̪aɾ bako gɔɽɔa.,oŋko d̪ɔ hɔɽ gɔɽɔ-a mɛnkʰan ɖak̚t̪aɾ ba-ko gɔɽɔ-a.,oŋko | d̪ɔ | hɔɽ | gɔɽɔ-a | mɛnkʰan | ɖak̚t̪aɾ | ba-ko | gɔɽɔ-a,3PL.ANIM | TOP | person | help-FIN | but | doctor | NEG-3PL.ANIM | help-FIN,
synthetic_imperatives_glossed.eaf,1001,2113889,2115841,[SYN.1001] দয়া করে শহরে যাও।,Please go to the town.,d̪a.ja kat̪ɛ sɔhɔɽɾɛ calaʔmɛ.,d̪a.ja kat̪ɛ sɔhɔɽ-ɾɛ calaʔ-mɛ.,d̪a.ja | kat̪ɛ | sɔhɔɽ-ɾɛ | calaʔ-mɛ,please | Manner | town-LOC | go-IMP.2SG.POL,
synthetic_dialogues_glossed.eaf,1002,2115841,2119327,"[SYN.1002] তোমরা ঘড়ি কিনবে, কিন্তু খাবার কিনবে না।","You all will buy the watch, but do not buy the food.",apɛ d̪ɔ gʰuɽi kiɾiɲa mɛnkʰan ɟɔmaʔ bapɛ kiɾiɲa.,apɛ d̪ɔ gʰuɽi kiɾiɲ-a mɛnkʰan ɟɔmaʔ ba-pɛ kiɾiɲ-a.,apɛ | d̪ɔ | gʰuɽi | kiɾiɲ-a | mɛnkʰan | ɟɔmaʔ | ba-pɛ | kiɾiɲ-a,2PL | TOP | watch | buy-FIN | but | food | NEG-2PL | buy-FIN,
synthetic_see_paradigm.eaf,1003,2119327,2121627,[SYN.1003] সে বন্ধকী দেখবে না।,He/she does not see the mortgage.,uni d̪ɔ bəndki bai̯ ɲɛla.,uni d̪ɔ bəndki ba-i̯ ɲɛl-a.,uni | d̪ɔ | bəndki | ba-i̯ | ɲɛl-a,3SG.ANIM | TOP | mortgage | NEG-3SG.ANIM | see-FIN,Synthetic NEG-pronominal marker pattern from the see paradigm.
synthetic_bangla_glossed.eaf,1004,2121627,2123817,[SYN.1004] তোমরা টাকা পাবে।,You all will get the money.,apɛ d̪ɔ ʈaka ɲama.,apɛ d̪ɔ ʈaka ɲam-a.,apɛ | d̪ɔ | ʈaka | ɲam-a,2PL | TOP | money | get-FIN,
synthetic_see_paradigm.eaf,1005,2123817,2125032,[SYN.1005] তুমি পড়ছ।,You is studying.,amɛm paɽha͡o̯ɛd̪a.,am-ɛm paɽha͡o̯-ɛ-d̪a.,am-ɛm | paɽha͡o̯-ɛ-d̪a,2SG-2SG | study-PROG-FIN,
synthetic_school_dialogue_glossed.eaf,1006,2125032,2127904,[SYN.1006] আজ আমি শোক দেখে হ্রদে কাজ করব।,"Today, I see the grief and then work in the lake.",t̪eheɲɾɛ iɲ bedna ɲɛlkat̪ɛ ɟɔlaɾɛ kɘmia.,t̪eheɲ-ɾɛ iɲ bedna ɲɛl-kat̪ɛ ɟɔla-ɾɛ kɘmi-a.,t̪eheɲ-ɾɛ | iɲ | bedna | ɲɛl-kat̪ɛ | ɟɔla-ɾɛ | kɘmi-a,today-LOC | 1SG | grief | see-CVB | lake-LOC | work-FIN,
synthetic_texts_glossed.eaf,1007,2127904,2129569,[SYN.1007] ওয়ারেন্টটি নতুন।,The warrant is new.,aɾoɳʈ d̪ɔ nɔwaa.,aɾoɳʈ d̪ɔ nɔwa-a.,aɾoɳʈ | d̪ɔ | nɔwa-a,warrant | TOP | new-FIN,
synthetic_texts_glossed.eaf,1008,2129569,2131202,[SYN.1008] স্কুলে একটি গ্রাম আছে।,There is a village in the school.,iskulɾɛ at̪o menaa.,iskul-ɾɛ at̪o mena-a.,iskul-ɾɛ | at̪o | mena-a,school-LOC | village | exist-FIN,
synthetic_paradigm_glossed.eaf,1009,2131202,2132759,[SYN.1009] আমরা মানুষ সাহায্য করেছিলাম।,We helped the person.,alɛlɛ hɔɽ gɔɽɔkeda.,alɛ-lɛ hɔɽ gɔɽɔ-ked-a.,alɛ-lɛ | hɔɽ | gɔɽɔ-ked-a,1PL.EXCL-1PL.EXCL | person | help-PST-FIN,
synthetic_see_paradigm.eaf,1010,2132759,2133962,[SYN.1010] তারা খেলছে।,They are playing.,oŋkoko gat̪eɛd̪a.,oŋko-ko gat̪e-ɛ-d̪a.,oŋko-ko | gat̪e-ɛ-d̪a,3PL.ANIM-3PL.ANIM | play-PROG-FIN,
synthetic_texts_glossed.eaf,1011,2133962,2135500,[SYN.1011] খড়টি গুরুত্বপূর্ণ।,The chaff is important.,bʰusə d̪ɔ ɟɘɾuɽa.,bʰusə d̪ɔ ɟɘɾuɽ-a.,bʰusə | d̪ɔ | ɟɘɾuɽ-a,chaff | TOP | important-FIN,
synthetic_new_glossed.eaf,1012,2135500,2137611,[SYN.1012] তুমি চুল্লি দেখেছ।,You have seen the furnace.,am d̪ɔ bʰaʈa ɲɛlakada.,am d̪ɔ bʰaʈa ɲɛl-akad-a.,am | d̪ɔ | bʰaʈa | ɲɛl-akad-a,2SG | TOP | furnace | see-PRF-FIN,
synthetic_new_glossed_3.eaf,1013,2137611,2139854,[SYN.1013] একটি মা শহরে আছে।,One mother is in the town.,mit̪ʔʈɛn ajo d̪ɔ sɔhɔɽɾɛ menaa.,mit̪ʔ-ʈɛn ajo d̪ɔ sɔhɔɽ-ɾɛ mena-a.,mit̪ʔ-ʈɛn | ajo | d̪ɔ | sɔhɔɽ-ɾɛ | mena-a,one-CLF.HUM | mother | TOP | town-LOC | exist-FIN,
synthetic_school_dialogue_glossed.eaf,1014,2139854,2142598,[SYN.1014] সেই সময় সে মাছ খেয়ে হ্রদে কাজ করবে।,"At that time, he/she eat the fish and then work in the lake.",ɔkt̪ɛɾɛ uni haku ɟɔmkat̪ɛ ɟɔlaɾɛ kɘmia.,ɔkt̪ɛ-ɾɛ uni haku ɟɔm-kat̪ɛ ɟɔla-ɾɛ kɘmi-a.,ɔkt̪ɛ-ɾɛ | uni | haku | ɟɔm-kat̪ɛ | ɟɔla-ɾɛ | kɘmi-a,time-LOC | 3SG.ANIM | fish | eat-CVB | lake-LOC | work-FIN,
synthetic_school_dialogue_glossed.eaf,1015,2142598,2145393,[SYN.1015] সকালে আমরা পানি পান করে শহরে খেলব।,"In the morning, we drink the water and then play in the town.",sɛt̪aʔɾɛ alɛ d̪aʔ ɲukat̪ɛ sɔhɔɽɾɛ gat̪ea.,sɛt̪aʔ-ɾɛ alɛ d̪aʔ ɲu-kat̪ɛ sɔhɔɽ-ɾɛ gat̪e-a.,sɛt̪aʔ-ɾɛ | alɛ | d̪aʔ | ɲu-kat̪ɛ | sɔhɔɽ-ɾɛ | gat̪e-a,morning-LOC | 1PL.EXCL | water | drink-CVB | town-LOC | play-FIN,
synthetic_texts_glossed.eaf,1016,2145393,2147068,[SYN.1016] আড়ালে একটি হ্রদ আছে।,There is a lake in the covert.,ao̯tanɾɛ ɟɔla menaa.,ao̯tan-ɾɛ ɟɔla mena-a.,ao̯tan-ɾɛ | ɟɔla | mena-a,covert-LOC | lake | exist-FIN,Synthetic LOC + exist-FIN clause matching mena-a patterns.
synthetic_imperatives_glossed.eaf,1017,2147068,2148966,[SYN.1017] দয়া করে হ্রদে আসো।,Please come to the lake.,d̪a.ja kat̪ɛ ɟɔlaɾɛ hiɟuʔmɛ.,d̪a.ja kat̪ɛ ɟɔla-ɾɛ hiɟuʔ-mɛ.,d̪a.ja | kat̪ɛ | ɟɔla-ɾɛ | hiɟuʔ-mɛ,please | Manner | lake-LOC | come-IMP.2SG.POL,
synthetic_texts_glossed.eaf,1018,2148966,2150580,[SYN.1018] সন্ধ্যাকালটি গুরুত্বপূর্ণ।,The eventide is important.,əjup̕ pajaɾ d̪ɔ ɟɘɾuɽa.,əjup̕ pajaɾ d̪ɔ ɟɘɾuɽ-a.,əjup̕ pajaɾ | d̪ɔ | ɟɘɾuɽ-a,eventide | TOP | important-FIN,
synthetic_bangla_glossed.eaf,1019,2150580,2153421,[SYN.1019] আমি ছুতার ও মাফ (হাতঢাকা) দেখব।,I will see the carpenter and the muff.,iɲ d̪ɔ bəɖʰi aɾ bembʰa ɲɛla.,iɲ d̪ɔ bəɖʰi aɾ bembʰa ɲɛl-a.,iɲ | d̪ɔ | bəɖʰi | aɾ | bembʰa | ɲɛl-a,1SG | TOP | carpenter | and | muff | see-FIN,
synthetic_texts_glossed.eaf,1020,2153421,2154932,[SYN.1020] গ্রামে একটি অগ্রদূত আছে।,There is a forerunner in the village.,at̪oɾɛ əguə̯daɾ menaa.,at̪o-ɾɛ əguə̯daɾ mena-a.,at̪o-ɾɛ | əguə̯daɾ | mena-a,village-LOC | forerunner | exist-FIN,Synthetic LOC + exist-FIN clause matching mena-a patterns.
synthetic_texts_glossed.eaf,1021,2154932,2156698,[SYN.1021] আড়ালে একটি পরাজয় আছে।,There is a beating in the covert.,ao̯tanɾɛ alao̯ menaa.,ao̯tan-ɾɛ alao̯ mena-a.,ao̯tan-ɾɛ | alao̯ | mena-a,covert-LOC | beating | exist-FIN,
synthetic_paradigm_glossed.eaf,1022,2156698,2158630,[SYN.1022] আমাদের ফার্ন গাছ নতুন।,Our fern is new.,alɛaʔ badgot͡ʃak̕ d̪ɔ nɔwaa.,alɛ-aʔ badgot͡ʃak̕ d̪ɔ nɔwa-a.,alɛ-aʔ | badgot͡ʃak̕ | d̪ɔ | nɔwa-a,1PL.EXCL-GEN | fern | TOP | new-FIN,
synthetic_school_dialogue_glossed.eaf,1023,2158630,2161397,[SYN.1023] সেই সময় সে দুধ পান করে নদীতে খেলবে।,"At that time, he/she drink the milk and then play in the river.",ɔkt̪ɛɾɛ uni t̪o̯͡a ɲukat̪ɛ gaɖaɾɛ gat̪ea.,ɔkt̪ɛ-ɾɛ uni t̪o̯͡a ɲu-kat̪ɛ gaɖa-ɾɛ gat̪e-a.,ɔkt̪ɛ-ɾɛ | uni | t̪o̯͡a | ɲu-kat̪ɛ | gaɖa-ɾɛ | gat̪e-a,time-LOC | 3SG.ANIM | milk | drink-CVB | river-LOC | play-FIN,
synthetic_see_paradigm.eaf,1024,2161397,2162756,[SYN.1024] সে কিনছে।,He/she is buying.,unii̯ kiɾiɲɛd̪a.,uni-i̯ kiɾiɲ-ɛ-d̪a.,uni-i̯ | kiɾiɲ-ɛ-d̪a,3SG.ANIM-3SG.ANIM | buy-PROG-FIN,
synthetic_new_glossed.eaf,1025,2162756,2164642,[SYN.1025] তারা মানুষ সাহায্য করেছে।,They have helped the person.,oŋko d̪ɔ hɔɽ gɔɽɔakada.,oŋko d̪ɔ hɔɽ gɔɽɔ-akad-a.,oŋko | d̪ɔ | hɔɽ | gɔɽɔ-akad-a,3PL.ANIM | TOP | person | help-PRF-FIN,
synthetic_see_paradigm.eaf,1026,2164642,2166058,[SYN.1026] আমরা মারা যাচ্ছি।,We are dying.,alɛlɛ gɔc̚ʔɛd̪a.,alɛ-lɛ gɔc̚ʔ-ɛ-d̪a.,alɛ-lɛ | gɔc̚ʔ-ɛ-d̪a,1PL.EXCL-1PL.EXCL | die-PROG-FIN,Synthetic PROG-FIN agreement pattern based on see-paradigm rows.
synthetic_school_dialogue_glossed.eaf,1027,2166058,2168746,[SYN.1027] সকালে আমি মাছ কিনে গ্রামে কাজ করব।,"In the morning, I buy the fish and then work in the village.",sɛt̪aʔɾɛ iɲ haku kiɾiɲkat̪ɛ at̪oɾɛ kɘmia.,sɛt̪aʔ-ɾɛ iɲ haku kiɾiɲ-kat̪ɛ at̪o-ɾɛ kɘmi-a.,sɛt̪aʔ-ɾɛ | iɲ | haku | kiɾiɲ-kat̪ɛ | at̪o-ɾɛ | kɘmi-a,morning-LOC | 1SG | fish | buy-CVB | village-LOC | work-FIN,
synthetic_bangla_glossed.eaf,1028,2168746,2171387,[SYN.1028] আমি পানি ও দুধ পান করব।,I will drink the water and the milk.,iɲ d̪ɔ d̪aʔ aɾ t̪o̯͡a ɲua.,iɲ d̪ɔ d̪aʔ aɾ t̪o̯͡a ɲu-a.,iɲ | d̪ɔ | d̪aʔ | aɾ | t̪o̯͡a | ɲu-a,1SG | TOP | water | and | milk | drink-FIN,Synthetic coordination with aɾ 'and'.
synthetic_texts_glossed.eaf,1029,2171387,2173141,[SYN.1029] অবিশ্বাসীটি নতুন।,The heathen is new.,bedin d̪ɔ nɔwaa.,bedin d̪ɔ nɔwa-a.,bedin | d̪ɔ | nɔwa-a,heathen | TOP | new-FIN,Synthetic TOP + adjectival-FIN clause following layout A/B labels.
synthetic_texts_glossed.eaf,1030,2173141,2174991,[SYN.1030] জিহ্বাটি ভালো।,The tongue is good.,alaŋ d̪ɔ mɔ̃ɟa.,alaŋ d̪ɔ mɔ̃ɟ-a.,alaŋ | d̪ɔ | mɔ̃ɟ-a,tongue | TOP | good-FIN,
synthetic_new_glossed_3.eaf,1031,2174991,2177362,[SYN.1031] একটি ভাই শহরে আছে।,One brother is in the town.,mit̪ʔʈɛn bɔ͡i̯ha d̪ɔ sɔhɔɽɾɛ menaa.,mit̪ʔ-ʈɛn bɔ͡i̯ha d̪ɔ sɔhɔɽ-ɾɛ mena-a.,mit̪ʔ-ʈɛn | bɔ͡i̯ha | d̪ɔ | sɔhɔɽ-ɾɛ | mena-a,one-CLF.HUM | brother | TOP | town-LOC | exist-FIN,
synthetic_dialogues_glossed.eaf,1032,2177362,2180984,"[SYN.1032] তারা কথা পড়বে, কিন্তু পাঠ পড়বে না।","They will study the word, but do not study the lesson.",oŋko d̪ɔ kat̪ʰa paɽha͡o̯a mɛnkʰan sikʰnɘt̪ bako paɽha͡o̯a.,oŋko d̪ɔ kat̪ʰa paɽha͡o̯-a mɛnkʰan sikʰnɘt̪ ba-ko paɽha͡o̯-a.,oŋko | d̪ɔ | kat̪ʰa | paɽha͡o̯-a | mɛnkʰan | sikʰnɘt̪ | ba-ko | paɽha͡o̯-a,3PL.ANIM | TOP | word | study-FIN | but | lesson | NEG-3PL.ANIM | study-FIN,
synthetic_new_glossed_3.eaf,1033,2180984,2183488,[SYN.1033] একটি মা হ্রদে আছে।,One mother is in the lake.,mit̪ʔʈɛn gɔgɔ d̪ɔ ɟɔlaɾɛ menaa.,mit̪ʔ-ʈɛn gɔgɔ d̪ɔ ɟɔla-ɾɛ mena-a.,mit̪ʔ-ʈɛn | gɔgɔ | d̪ɔ | ɟɔla-ɾɛ | mena-a,one-CLF.HUM | mother | TOP | lake-LOC | exist-FIN,
synthetic_texts_glossed.eaf,1034,2183488,2185207,[SYN.1034] নদীতে একটি উৎসব আছে।,There is a festival in the river.,gaɖaɾɛ pɔɾɔb menaa.,gaɖa-ɾɛ pɔɾɔb mena-a.,gaɖa-ɾɛ | pɔɾɔb | mena-a,river-LOC | festival | exist-FIN,
synthetic_bangla_glossed.eaf,1035,2185207,2187361,[SYN.1035] আমরা খাবার কিনব।,We will buy the food.,alɛ d̪ɔ ɟɔmaʔ kiɾiɲa.,alɛ d̪ɔ ɟɔmaʔ kiɾiɲ-a.,alɛ | d̪ɔ | ɟɔmaʔ | kiɾiɲ-a,1PL.EXCL | TOP | food | buy-FIN,
synthetic_see_paradigm.eaf,1036,2187361,2188781,[SYN.1036] সে যাচ্ছে।,He/she is going.,unii̯ calaʔɛd̪a.,uni-i̯ calaʔ-ɛ-d̪a.,uni-i̯ | calaʔ-ɛ-d̪a,3SG.ANIM-3SG.ANIM | go-PROG-FIN,Synthetic PROG-FIN agreement pattern based on see-paradigm rows.
synthetic_texts_glossed.eaf,1037,2188781,2190437,[SYN.1037] জারজটি ছোট।,The bastard is small.,bidʰuə̯ d̪ɔ lɘʈua.,bidʰuə̯ d̪ɔ lɘʈu-a.,bidʰuə̯ | d̪ɔ | lɘʈu-a,bastard | TOP | small-FIN,Synthetic TOP + adjectival-FIN clause following layout A/B labels.
synthetic_school_dialogue_glossed.eaf,1038,2190437,2193295,[SYN.1038] সকালে আমরা জাদুবিদ্যা দেখে হ্রদে কাজ করব।,"In the morning, we see the sorcery and then work in the lake.",sɛt̪aʔɾɛ alɛ ban ɲɛlkat̪ɛ ɟɔlaɾɛ kɘmia.,sɛt̪aʔ-ɾɛ alɛ ban ɲɛl-kat̪ɛ ɟɔla-ɾɛ kɘmi-a.,sɛt̪aʔ-ɾɛ | alɛ | ban | ɲɛl-kat̪ɛ | ɟɔla-ɾɛ | kɘmi-a,morning-LOC | 1PL.EXCL | sorcery | see-CVB | lake-LOC | work-FIN,Synthetic sequential CVB clause with -kat̪ɛ.
synthetic_school_dialogue_glossed.eaf,1039,2193295,2195983,[SYN.1039] সেই সময় আমরা ঘড়ি কিনে শহরে খেলব।,"At that time, we buy the watch and then play in the town.",ɔkt̪ɛɾɛ alɛ gʰuɽi kiɾiɲkat̪ɛ sɔhɔɽɾɛ gat̪ea.,ɔkt̪ɛ-ɾɛ alɛ gʰuɽi kiɾiɲ-kat̪ɛ sɔhɔɽ-ɾɛ gat̪e-a.,ɔkt̪ɛ-ɾɛ | alɛ | gʰuɽi | kiɾiɲ-kat̪ɛ | sɔhɔɽ-ɾɛ | gat̪e-a,time-LOC | 1PL.EXCL | watch | buy-CVB | town-LOC | play-FIN,
synthetic_texts_glossed.eaf,1040,2195983,2197530,[SYN.1040] স্কুলে একটি খেলা আছে।,There is a game in the school.,iskulɾɛ bʰelguɖa menaa.,iskul-ɾɛ bʰelguɖa mena-a.,iskul-ɾɛ | bʰelguɖa | mena-a,school-LOC | game | exist-FIN,
synthetic_paradigm_glossed.eaf,1041,2197530,2199475,[SYN.1041] তাদের টাকা গুরুত্বপূর্ণ।,Their money is important.,oŋkoaʔ ʈaka d̪ɔ ɟɘɾuɽa.,oŋko-aʔ ʈaka d̪ɔ ɟɘɾuɽ-a.,oŋko-aʔ | ʈaka | d̪ɔ | ɟɘɾuɽ-a,3PL-GEN | money | TOP | important-FIN,
synthetic_texts_glossed.eaf,1042,2199475,2201024,[SYN.1042] মোবাইল ফোনটি ভালো।,The mobile phone is good.,mɔbaĭl pʰon d̪ɔ mɔ̃ɟa.,mɔbaĭl pʰon d̪ɔ mɔ̃ɟ-a.,mɔbaĭl pʰon | d̪ɔ | mɔ̃ɟ-a,mobile.phone | TOP | good-FIN,
synthetic_texts_glossed.eaf,1043,2201024,2202742,[SYN.1043] টাকাটি গুরুত্বপূর্ণ।,The money is important.,ʈaka d̪ɔ ɟɘɾuɽa.,ʈaka d̪ɔ ɟɘɾuɽ-a.,ʈaka | d̪ɔ | ɟɘɾuɽ-a,money | TOP | important-FIN,
synthetic_see_paradigm.eaf,1044,2202742,2204980,[SYN.1044] আমি কথা লিখব না।,I do not write the word.,iɲ d̪ɔ kat̪ʰa bɘɲ ɔlɔʔa.,iɲ d̪ɔ kat̪ʰa bɘ-ɲ ɔlɔʔ-a.,iɲ | d̪ɔ | kat̪ʰa | bɘ-ɲ | ɔlɔʔ-a,1SG | TOP | word | NEG-1SG | write-FIN,Synthetic NEG-pronominal marker pattern from the see paradigm.
synthetic_paradigm_glossed.eaf,1045,2204980,2206918,[SYN.1045] তোমার হাত পরিষ্কার।,Your hand is clean.,amaʔ t̪i d̪ɔ sapʰaa.,am-aʔ t̪i d̪ɔ sapʰa-a.,am-aʔ | t̪i | d̪ɔ | sapʰa-a,2SG-GEN | hand | TOP | clean-FIN,
synthetic_texts_glossed.eaf,1046,2206918,2208671,[SYN.1046] স্কুলে একটি রীতি আছে।,There is a customs in the school.,iskulɾɛ at͡ʃaɾ menaa.,iskul-ɾɛ at͡ʃaɾ mena-a.,iskul-ɾɛ | at͡ʃaɾ | mena-a,school-LOC | customs | exist-FIN,Synthetic LOC + exist-FIN clause matching mena-a patterns.
synthetic_paradigm_glossed.eaf,1047,2208671,2210868,[SYN.1047] তোমাদের পদ্য ভালো।,Your verse is good.,apɛaʔ ae̯t d̪ɔ mɔ̃ɟa.,apɛ-aʔ ae̯t d̪ɔ mɔ̃ɟ-a.,apɛ-aʔ | ae̯t | d̪ɔ | mɔ̃ɟ-a,2PL-GEN | verse | TOP | good-FIN,
synthetic_see_paradigm.eaf,1048,2210868,2213376,[SYN.1048] তুমি ভাষা লিখবে না।,You do not write the language.,am d̪ɔ pɘɾsi bam ɔlɔʔa.,am d̪ɔ pɘɾsi ba-m ɔlɔʔ-a.,am | d̪ɔ | pɘɾsi | ba-m | ɔlɔʔ-a,2SG | TOP | language | NEG-2SG | write-FIN,Synthetic NEG-pronominal marker pattern from the see paradigm.
synthetic_texts_glossed.eaf,1049,2213376,2215061,[SYN.1049] নিকটবর্তী এলাকাে একটি উই পোকা আছে।,There is a termite in the vicinity.,aɖe ʈolaɾɛ bʰuku menaa.,aɖe ʈola-ɾɛ bʰuku mena-a.,aɖe ʈola-ɾɛ | bʰuku | mena-a,vicinity-LOC | termite | exist-FIN,
synthetic_paradigm_glossed.eaf,1050,2215061,2216810,[SYN.1050] তুমি মোবাইল ফোন বিক্রি করেছিলে।,You sold the mobile phone.,amɛm mɔbaĭl pʰon ɘkʰɾiɲkeda.,am-ɛm mɔbaĭl pʰon ɘkʰɾiɲ-ked-a.,am-ɛm | mɔbaĭl pʰon | ɘkʰɾiɲ-ked-a,2SG-2SG | mobile.phone | sell-PST-FIN,
synthetic_texts_glossed.eaf,1051,2216810,2218345,[SYN.1051] পানিটি সুস্বাদু।,The water is tasty.,d̪aʔ d̪ɔ sibila.,d̪aʔ d̪ɔ sibil-a.,d̪aʔ | d̪ɔ | sibil-a,water | TOP | tasty-FIN,
synthetic_texts_glossed.eaf,1052,2218345,2219949,[SYN.1052] বাসস্থানে একটি গুজব রটনাকারী আছে।,There is a gossiping in the dwelling place.,basɾɛ bəd͡ʒniə̯ menaa.,bas-ɾɛ bəd͡ʒniə̯ mena-a.,bas-ɾɛ | bəd͡ʒniə̯ | mena-a,dwelling.place-LOC | gossiping | exist-FIN,
synthetic_dialogues_glossed.eaf,1053,2219949,2223355,"[SYN.1053] আমরা পাঠ পড়ব, কিন্তু ভাষা পড়ব না।","We will study the lesson, but do not study the language.",alɛ d̪ɔ sikʰnɘt̪ paɽha͡o̯a mɛnkʰan pɘɾsi balɛ paɽha͡o̯a.,alɛ d̪ɔ sikʰnɘt̪ paɽha͡o̯-a mɛnkʰan pɘɾsi ba-lɛ paɽha͡o̯-a.,alɛ | d̪ɔ | sikʰnɘt̪ | paɽha͡o̯-a | mɛnkʰan | pɘɾsi | ba-lɛ | paɽha͡o̯-a,1PL.EXCL | TOP | lesson | study-FIN | but | language | NEG-1PL.EXCL | study-FIN,
synthetic_texts_glossed.eaf,1054,2223355,2224890,[SYN.1054] প্রকারটি নতুন।,The kinds is new.,bʰə̃t d̪ɔ nɔwaa.,bʰə̃t d̪ɔ nɔwa-a.,bʰə̃t | d̪ɔ | nɔwa-a,kinds | TOP | new-FIN,
synthetic_paradigm_glossed.eaf,1055,2224890,2226404,[SYN.1055] আমরা পানি পান করেছিলাম।,We drank the water.,alɛlɛ d̪aʔ ɲukeda.,alɛ-lɛ d̪aʔ ɲu-ked-a.,alɛ-lɛ | d̪aʔ | ɲu-ked-a,1PL.EXCL-1PL.EXCL | water | drink-PST-FIN,
synthetic_texts_glossed.eaf,1056,2226404,2228143,[SYN.1056] গুহাে একটি পিঁপড়া আছে।,There is an ant in the cave.,bʰugək̕ɾɛ muc̚ʔ menaa.,bʰugək̕-ɾɛ muc̚ʔ mena-a.,bʰugək̕-ɾɛ | muc̚ʔ | mena-a,cave-LOC | ant | exist-FIN,Synthetic LOC + exist-FIN clause matching mena-a patterns.
synthetic_texts_glossed.eaf,1057,2228143,2229826,[SYN.1057] আড়ালে একটি শহর আছে।,There is a town in the covert.,ao̯tanɾɛ sɔhɔɽ menaa.,ao̯tan-ɾɛ sɔhɔɽ mena-a.,ao̯tan-ɾɛ | sɔhɔɽ | mena-a,covert-LOC | town | exist-FIN,
synthetic_school_dialogue_glossed.eaf,1058,2229826,2232639,[SYN.1058] সেই সময় আমি ভাষা লিখে কুয়ায় কাজ করব।,"At that time, I write the language and then work in the well.",ɔkt̪ɛɾɛ iɲ pɘɾsi ɔlɔʔkat̪ɛ kuɲɾɛ kɘmia.,ɔkt̪ɛ-ɾɛ iɲ pɘɾsi ɔlɔʔ-kat̪ɛ kuɲ-ɾɛ kɘmi-a.,ɔkt̪ɛ-ɾɛ | iɲ | pɘɾsi | ɔlɔʔ-kat̪ɛ | kuɲ-ɾɛ | kɘmi-a,time-LOC | 1SG | language | write-CVB | well-LOC | work-FIN,
synthetic_texts_glossed.eaf,1059,2232639,2234326,[SYN.1059] ইংল্যান্ডে একটি দুধ আছে।,There is a milk in the england.,bilətɾɛ t̪o̯͡a menaa.,bilət-ɾɛ t̪o̯͡a mena-a.,bilət-ɾɛ | t̪o̯͡a | mena-a,england-LOC | milk | exist-FIN,Synthetic LOC + exist-FIN clause matching mena-a patterns.
synthetic_texts_glossed.eaf,1060,2234326,2236011,[SYN.1060] বাসস্থানে একটি আয়না আছে।,There is a mirror in the dwelling place.,basɾɛ əɾsi menaa.,bas-ɾɛ əɾsi mena-a.,bas-ɾɛ | əɾsi | mena-a,dwelling.place-LOC | mirror | exist-FIN,Synthetic LOC + exist-FIN clause matching mena-a patterns.
synthetic_texts_glossed.eaf,1061,2236011,2237668,[SYN.1061] হ্রদে একটি আয়না আছে।,There is a mirror in the lake.,ɟɔlaɾɛ əɾsi menaa.,ɟɔla-ɾɛ əɾsi mena-a.,ɟɔla-ɾɛ | əɾsi | mena-a,lake-LOC | mirror | exist-FIN,Synthetic LOC + exist-FIN clause matching mena-a patterns.
synthetic_school_dialogue_glossed.eaf,1062,2237668,2240543,[SYN.1062] সকালে আমরা ভাষা পড়ে হ্রদে খেলব।,"In the morning, we study the language and then play in the lake.",sɛt̪aʔɾɛ alɛ pɘɾsi paɽha͡o̯kat̪ɛ ɟɔlaɾɛ gat̪ea.,sɛt̪aʔ-ɾɛ alɛ pɘɾsi paɽha͡o̯-kat̪ɛ ɟɔla-ɾɛ gat̪e-a.,sɛt̪aʔ-ɾɛ | alɛ | pɘɾsi | paɽha͡o̯-kat̪ɛ | ɟɔla-ɾɛ | gat̪e-a,morning-LOC | 1PL.EXCL | language | study-CVB | lake-LOC | play-FIN,
synthetic_see_paradigm.eaf,1063,2240543,2242841,[SYN.1063] আমি ঘড়ি বিক্রি করব না।,I do not sell the watch.,iɲ d̪ɔ gʰuɽi bɘɲ ɘkʰɾiɲa.,iɲ d̪ɔ gʰuɽi bɘ-ɲ ɘkʰɾiɲ-a.,iɲ | d̪ɔ | gʰuɽi | bɘ-ɲ | ɘkʰɾiɲ-a,1SG | TOP | watch | NEG-1SG | sell-FIN,
synthetic_texts_glossed.eaf,1064,2242841,2244638,[SYN.1064] গুহাে একটি বোকা আছে।,There is a fool in the cave.,bʰugək̕ɾɛ bemblaha menaa.,bʰugək̕-ɾɛ bemblaha mena-a.,bʰugək̕-ɾɛ | bemblaha | mena-a,cave-LOC | fool | exist-FIN,
synthetic_dialogues_glossed.eaf,1065,2244638,2247998,"[SYN.1065] সে কিশোর দেখবে, কিন্তু ভালোবাসা দেখবে না।","He/she will see the lad, but does not see the love.",uni d̪ɔ bat͡ʃʰɽa ɲɛla mɛnkʰan bʰad bai̯ ɲɛla.,uni d̪ɔ bat͡ʃʰɽa ɲɛl-a mɛnkʰan bʰad ba-i̯ ɲɛl-a.,uni | d̪ɔ | bat͡ʃʰɽa | ɲɛl-a | mɛnkʰan | bʰad | ba-i̯ | ɲɛl-a,3SG.ANIM | TOP | lad | see-FIN | but | love | NEG-3SG.ANIM | see-FIN,
synthetic_see_paradigm.eaf,1066,2247998,2249385,[SYN.1066] তুমি শব্দ করছ।,You is sounding.,amɛm ɾaːgɛd̪a.,am-ɛm ɾaːg-ɛ-d̪a.,am-ɛm | ɾaːg-ɛ-d̪a,2SG-2SG | sound-PROG-FIN,
synthetic_paradigm_glossed.eaf,1067,2249385,2251486,[SYN.1067] তাদের জাফরি পরিষ্কার।,Their lattice work is clean.,oŋkoaʔ bata d̪ɔ sapʰaa.,oŋko-aʔ bata d̪ɔ sapʰa-a.,oŋko-aʔ | bata | d̪ɔ | sapʰa-a,3PL-GEN | lattice.work | TOP | clean-FIN,Synthetic GEN + TOP clause using pronoun markers from ground truth.
synthetic_dialogues_glossed.eaf,1068,2251486,2254962,"[SYN.1068] আমি ঘড়ি কিনব, কিন্তু মাছ কিনব না।","I will buy the watch, but do not buy the fish.",iɲ d̪ɔ gʰuɽi kiɾiɲa mɛnkʰan haku bɘɲ kiɾiɲa.,iɲ d̪ɔ gʰuɽi kiɾiɲ-a mɛnkʰan haku bɘ-ɲ kiɾiɲ-a.,iɲ | d̪ɔ | gʰuɽi | kiɾiɲ-a | mɛnkʰan | haku | bɘ-ɲ | kiɾiɲ-a,1SG | TOP | watch | buy-FIN | but | fish | NEG-1SG | buy-FIN,
synthetic_bangla_glossed.eaf,1069,2254962,2257860,[SYN.1069] আমরা ঘড়ি ও মোবাইল ফোন কিনব।,We will buy the watch and the mobile phone.,alɛ d̪ɔ gʰuɽi aɾ mɔbaĭl pʰon kiɾiɲa.,alɛ d̪ɔ gʰuɽi aɾ mɔbaĭl pʰon kiɾiɲ-a.,alɛ | d̪ɔ | gʰuɽi | aɾ | mɔbaĭl pʰon | kiɾiɲ-a,1PL.EXCL | TOP | watch | and | mobile.phone | buy-FIN,
synthetic_see_paradigm.eaf,1070,2257860,2260298,[SYN.1070] তুমি কথা লিখবে না।,You do not write the word.,am d̪ɔ kat̪ʰa bam ɔlɔʔa.,am d̪ɔ kat̪ʰa ba-m ɔlɔʔ-a.,am | d̪ɔ | kat̪ʰa | ba-m | ɔlɔʔ-a,2SG | TOP | word | NEG-2SG | write-FIN,
synthetic_texts_glossed.eaf,1071,2260298,2262003,[SYN.1071] পবিত্র সিন্দুকটি গুরুত্বপূর্ণ।,The ark of the covenant is important.,ən sunduk d̪ɔ ɟɘɾuɽa.,ən sunduk d̪ɔ ɟɘɾuɽ-a.,ən sunduk | d̪ɔ | ɟɘɾuɽ-a,ark.of.the | TOP | important-FIN,
synthetic_see_paradigm.eaf,1072,2262003,2264403,[SYN.1072] আমরা ভাষা লিখব না।,We do not write the language.,alɛ d̪ɔ pɘɾsi balɛ ɔlɔʔa.,alɛ d̪ɔ pɘɾsi ba-lɛ ɔlɔʔ-a.,alɛ | d̪ɔ | pɘɾsi | ba-lɛ | ɔlɔʔ-a,1PL.EXCL | TOP | language | NEG-1PL.EXCL | write-FIN,
synthetic_dialogues_glossed.eaf,1073,2264403,2268025,"[SYN.1073] আমরা ভাষা বলব, কিন্তু কথা বলব না।","We will speak the language, but do not speak the word.",alɛ d̪ɔ pɘɾsi ɾɔɽa mɛnkʰan kat̪ʰa balɛ ɾɔɽa.,alɛ d̪ɔ pɘɾsi ɾɔɽ-a mɛnkʰan kat̪ʰa ba-lɛ ɾɔɽ-a.,alɛ | d̪ɔ | pɘɾsi | ɾɔɽ-a | mɛnkʰan | kat̪ʰa | ba-lɛ | ɾɔɽ-a,1PL.EXCL | TOP | language | speak-FIN | but | word | NEG-1PL.EXCL | speak-FIN,
synthetic_bangla_glossed.eaf,1074,2268025,2270037,[SYN.1074] আমরা ভাষা পড়ব।,We will study the language.,alɛ d̪ɔ pɘɾsi paɽha͡o̯a.,alɛ d̪ɔ pɘɾsi paɽha͡o̯-a.,alɛ | d̪ɔ | pɘɾsi | paɽha͡o̯-a,1PL.EXCL | TOP | language | study-FIN,
synthetic_school_dialogue_glossed.eaf,1075,2270037,2272745,[SYN.1075] সেই সময় আমি খাবার কিনে কুয়ায় খেলব।,"At that time, I buy the food and then play in the well.",ɔkt̪ɛɾɛ iɲ ɟɔmaʔ kiɾiɲkat̪ɛ kuɲɾɛ gat̪ea.,ɔkt̪ɛ-ɾɛ iɲ ɟɔmaʔ kiɾiɲ-kat̪ɛ kuɲ-ɾɛ gat̪e-a.,ɔkt̪ɛ-ɾɛ | iɲ | ɟɔmaʔ | kiɾiɲ-kat̪ɛ | kuɲ-ɾɛ | gat̪e-a,time-LOC | 1SG | food | buy-CVB | well-LOC | play-FIN,
synthetic_bangla_glossed.eaf,1076,2272745,2275488,[SYN.1076] তারা পানি ও দুধ পান করবে।,They will drink the water and the milk.,oŋko d̪ɔ d̪aʔ aɾ t̪o̯͡a ɲua.,oŋko d̪ɔ d̪aʔ aɾ t̪o̯͡a ɲu-a.,oŋko | d̪ɔ | d̪aʔ | aɾ | t̪o̯͡a | ɲu-a,3PL.ANIM | TOP | water | and | milk | drink-FIN,
synthetic_bangla_glossed.eaf,1077,2275488,2278329,[SYN.1077] তোমরা পানি ও দুধ পান করবে।,You all will drink the water and the milk.,apɛ d̪ɔ d̪aʔ aɾ t̪o̯͡a ɲua.,apɛ d̪ɔ d̪aʔ aɾ t̪o̯͡a ɲu-a.,apɛ | d̪ɔ | d̪aʔ | aɾ | t̪o̯͡a | ɲu-a,2PL | TOP | water | and | milk | drink-FIN,
synthetic_imperatives_glossed.eaf,1078,2278329,2280405,[SYN.1078] দয়া করে কুয়ায় বসো।,Please sit in the well.,d̪a.ja kat̪ɛ kuɲɾɛ d̪uɽup̚ʔmɛ.,d̪a.ja kat̪ɛ kuɲ-ɾɛ d̪uɽup̚ʔ-mɛ.,d̪a.ja | kat̪ɛ | kuɲ-ɾɛ | d̪uɽup̚ʔ-mɛ,please | Manner | well-LOC | sit-IMP.2SG.POL,Synthetic polite imperative with d̪a.ja kat̪ɛ and -mɛ.
synthetic_paradigm_glossed.eaf,1079,2280405,2282233,[SYN.1079] তুমি খাবার কিনেছিলে।,You bought the food.,amɛm ɟɔmaʔ kiɾiɲkeda.,am-ɛm ɟɔmaʔ kiɾiɲ-ked-a.,am-ɛm | ɟɔmaʔ | kiɾiɲ-ked-a,2SG-2SG | food | buy-PST-FIN,
synthetic_see_paradigm.eaf,1080,2282233,2284600,[SYN.1080] তারা কথা পড়বে না।,They do not study the word.,oŋko d̪ɔ kat̪ʰa bako paɽha͡o̯a.,oŋko d̪ɔ kat̪ʰa ba-ko paɽha͡o̯-a.,oŋko | d̪ɔ | kat̪ʰa | ba-ko | paɽha͡o̯-a,3PL.ANIM | TOP | word | NEG-3PL.ANIM | study-FIN,
synthetic_texts_glossed.eaf,1081,2284600,2286195,[SYN.1081] নদীতে একটি অকাল জন্ম আছে।,There is a premature birth in the river.,gaɖaɾɛ adpakolia menaa.,gaɖa-ɾɛ adpakolia mena-a.,gaɖa-ɾɛ | adpakolia | mena-a,river-LOC | premature.birth | exist-FIN,
synthetic_texts_glossed.eaf,1082,2286195,2287973,[SYN.1082] উঠানে একটি শহর আছে।,There is a town in the courtyard of house.,bəteɾɛ sɔhɔɽ menaa.,bəte-ɾɛ sɔhɔɽ mena-a.,bəte-ɾɛ | sɔhɔɽ | mena-a,courtyard.of.house-LOC | town | exist-FIN,
synthetic_paradigm_glossed.eaf,1083,2287973,2289890,[SYN.1083] তাদের আঁটি ভালো।,Their bundle is good.,oŋkoaʔ əʈi d̪ɔ mɔ̃ɟa.,oŋko-aʔ əʈi d̪ɔ mɔ̃ɟ-a.,oŋko-aʔ | əʈi | d̪ɔ | mɔ̃ɟ-a,3PL-GEN | bundle | TOP | good-FIN,
synthetic_see_paradigm.eaf,1084,2289890,2292266,[SYN.1084] সে মাছ কিনবে না।,He/she does not buy the fish.,uni d̪ɔ haku bai̯ kiɾiɲa.,uni d̪ɔ haku ba-i̯ kiɾiɲ-a.,uni | d̪ɔ | haku | ba-i̯ | kiɾiɲ-a,3SG.ANIM | TOP | fish | NEG-3SG.ANIM | buy-FIN,
synthetic_new_glossed_3.eaf,1085,2292266,2294563,[SYN.1085] একটি মা গ্রামে আছে।,One mother is in the village.,mit̪ʔʈɛn gɔgɔ d̪ɔ at̪oɾɛ menaa.,mit̪ʔ-ʈɛn gɔgɔ d̪ɔ at̪o-ɾɛ mena-a.,mit̪ʔ-ʈɛn | gɔgɔ | d̪ɔ | at̪o-ɾɛ | mena-a,one-CLF.HUM | mother | TOP | village-LOC | exist-FIN,
synthetic_texts_glossed.eaf,1086,2294563,2296133,[SYN.1086] বধিরতাটি গুরুত্বপূর্ণ।,The deafness is important.,bəhiɾ bəi̯ d̪ɔ ɟɘɾuɽa.,bəhiɾ bəi̯ d̪ɔ ɟɘɾuɽ-a.,bəhiɾ bəi̯ | d̪ɔ | ɟɘɾuɽ-a,deafness | TOP | important-FIN,
synthetic_see_paradigm.eaf,1087,2296133,2298549,[SYN.1087] সে কথা বলবে না।,He/she does not speak the word.,uni d̪ɔ kat̪ʰa bai̯ ɾɔɽa.,uni d̪ɔ kat̪ʰa ba-i̯ ɾɔɽ-a.,uni | d̪ɔ | kat̪ʰa | ba-i̯ | ɾɔɽ-a,3SG.ANIM | TOP | word | NEG-3SG.ANIM | speak-FIN,Synthetic NEG-pronominal marker pattern from the see paradigm.
synthetic_paradigm_glossed.eaf,1088,2298549,2300748,[SYN.1088] তার বাবা আনন্দের।,His/her father is happy.,uniaʔ baba d̪ɔ ɾɘskɘa.,uni-aʔ baba d̪ɔ ɾɘskɘ-a.,uni-aʔ | baba | d̪ɔ | ɾɘskɘ-a,3SG-GEN | father | TOP | happy-FIN,Synthetic GEN + TOP clause using pronoun markers from ground truth.
synthetic_texts_glossed.eaf,1089,2300748,2302443,[SYN.1089] বিস্তীর্ণ ভূমিে একটি বেতন আছে।,There is a pay in the wide expanse of land.,bilənɾɛ bɛtɔn menaa.,bilən-ɾɛ bɛtɔn mena-a.,bilən-ɾɛ | bɛtɔn | mena-a,wide.expanse.of-LOC | pay | exist-FIN,
synthetic_paradigm_glossed.eaf,1090,2302443,2304511,[SYN.1090] তোমাদের হ্রদ নতুন।,Your lake is new.,apɛaʔ ɟɔla d̪ɔ nɔwaa.,apɛ-aʔ ɟɔla d̪ɔ nɔwa-a.,apɛ-aʔ | ɟɔla | d̪ɔ | nɔwa-a,2PL-GEN | lake | TOP | new-FIN,Synthetic GEN + TOP clause using pronoun markers from ground truth.
synthetic_paradigm_glossed.eaf,1091,2304511,2306309,[SYN.1091] সে বাবা সাহায্য করেছিল।,He/she helped the father.,unii̯ baba gɔɽɔkeda.,uni-i̯ baba gɔɽɔ-ked-a.,uni-i̯ | baba | gɔɽɔ-ked-a,3SG.ANIM-3SG.ANIM | father | help-PST-FIN,
synthetic_dialogues_glossed.eaf,1092,2306309,2309958,"[SYN.1092] আমি সময় দেখব, কিন্তু কোমরবন্ধ দেখব না।","I will see the time, but do not see the girth.",iɲ d̪ɔ ɔkt̪ɛ ɲɛla mɛnkʰan beɽband bɘɲ ɲɛla.,iɲ d̪ɔ ɔkt̪ɛ ɲɛl-a mɛnkʰan beɽband bɘ-ɲ ɲɛl-a.,iɲ | d̪ɔ | ɔkt̪ɛ | ɲɛl-a | mɛnkʰan | beɽband | bɘ-ɲ | ɲɛl-a,1SG | TOP | time | see-FIN | but | girth | NEG-1SG | see-FIN,
synthetic_texts_glossed.eaf,1093,2309958,2311751,[SYN.1093] কুয়ায় একটি চুল্লি আছে।,There is a furnace in the well.,kuɲɾɛ bʰaʈa menaa.,kuɲ-ɾɛ bʰaʈa mena-a.,kuɲ-ɾɛ | bʰaʈa | mena-a,well-LOC | furnace | exist-FIN,
synthetic_bangla_glossed.eaf,1094,2311751,2313642,[SYN.1094] আমি ঘড়ি কিনব।,I will buy the watch.,iɲ d̪ɔ gʰuɽi kiɾiɲa.,iɲ d̪ɔ gʰuɽi kiɾiɲ-a.,iɲ | d̪ɔ | gʰuɽi | kiɾiɲ-a,1SG | TOP | watch | buy-FIN,
synthetic_texts_glossed.eaf,1095,2313642,2315462,[SYN.1095] এক তোলাটি ভালো।,The one tola is good.,bʰoɾi d̪ɔ mɔ̃ɟa.,bʰoɾi d̪ɔ mɔ̃ɟ-a.,bʰoɾi | d̪ɔ | mɔ̃ɟ-a,one.tola | TOP | good-FIN,
synthetic_paradigm_glossed.eaf,1096,2315462,2317444,[SYN.1096] তাদের সময়কাল ভালো।,Their period is good.,oŋkoaʔ ãʈɾe d̪ɔ mɔ̃ɟa.,oŋko-aʔ ãʈɾe d̪ɔ mɔ̃ɟ-a.,oŋko-aʔ | ãʈɾe | d̪ɔ | mɔ̃ɟ-a,3PL-GEN | period | TOP | good-FIN,Synthetic GEN + TOP clause using pronoun markers from ground truth.
synthetic_bangla_glossed.eaf,1097,2317444,2319385,[SYN.1097] তুমি ঘড়ি দেখবে।,You will see the watch.,am d̪ɔ gʰuɽi ɲɛla.,am d̪ɔ gʰuɽi ɲɛl-a.,am | d̪ɔ | gʰuɽi | ɲɛl-a,2SG | TOP | watch | see-FIN,
synthetic_bangla_glossed.eaf,1098,2319385,2321387,[SYN.1098] তারা মধু খাবে।,They will eat the honey.,oŋko d̪ɔ ɲɛlɛɾasa ɟɔma.,oŋko d̪ɔ ɲɛlɛɾasa ɟɔm-a.,oŋko | d̪ɔ | ɲɛlɛɾasa | ɟɔm-a,3PL.ANIM | TOP | honey | eat-FIN,
synthetic_dialogues_glossed.eaf,1099,2321387,2323512,[SYN.1099] পাঠ কোথায় আছে?,Where is the lesson?,sikʰnɘt̪ d̪ɔ ɔkaɾɛ menaa.,sikʰnɘt̪ d̪ɔ ɔka-ɾɛ mena-a.,sikʰnɘt̪ | d̪ɔ | ɔka-ɾɛ | mena-a,lesson | TOP | where-LOC | exist-FIN,
synthetic_texts_glossed.eaf,1100,2323512,2325361,[SYN.1100] বাত রোগটি নতুন।,The rheumatism is new.,bat d̪ɔ nɔwaa.,bat d̪ɔ nɔwa-a.,bat | d̪ɔ | nɔwa-a,rheumatism | TOP | new-FIN,
synthetic_new_glossed_3.eaf,1101,2325361,2327732,[SYN.1101] একটি বাসিন্দা গ্রামে আছে।,One inhabitant is in the village.,mit̪ʔʈɛn baskitiə̯ d̪ɔ at̪oɾɛ menaa.,mit̪ʔ-ʈɛn baskitiə̯ d̪ɔ at̪o-ɾɛ mena-a.,mit̪ʔ-ʈɛn | baskitiə̯ | d̪ɔ | at̪o-ɾɛ | mena-a,one-CLF.HUM | inhabitant | TOP | village-LOC | exist-FIN,Synthetic classifier + LOC/exist clause.
synthetic_texts_glossed.eaf,1102,2327732,2329388,[SYN.1102] বাঁধটি পরিষ্কার।,The embankment is clean.,band d̪ɔ sapʰaa.,band d̪ɔ sapʰa-a.,band | d̪ɔ | sapʰa-a,embankment | TOP | clean-FIN,
synthetic_school_dialogue_glossed.eaf,1103,2329388,2332146,[SYN.1103] সেই সময় তারা কথা পড়ে শহরে খেলবে।,"At that time, they study the word and then play in the town.",ɔkt̪ɛɾɛ oŋko kat̪ʰa paɽha͡o̯kat̪ɛ sɔhɔɽɾɛ gat̪ea.,ɔkt̪ɛ-ɾɛ oŋko kat̪ʰa paɽha͡o̯-kat̪ɛ sɔhɔɽ-ɾɛ gat̪e-a.,ɔkt̪ɛ-ɾɛ | oŋko | kat̪ʰa | paɽha͡o̯-kat̪ɛ | sɔhɔɽ-ɾɛ | gat̪e-a,time-LOC | 3PL.ANIM | word | study-CVB | town-LOC | play-FIN,
synthetic_dialogues_glossed.eaf,1104,2332146,2334191,[SYN.1104] ডাক্তার কোথায় আছে?,Where is the doctor?,ɖak̚t̪aɾ d̪ɔ ɔkaɾɛ menaa.,ɖak̚t̪aɾ d̪ɔ ɔka-ɾɛ mena-a.,ɖak̚t̪aɾ | d̪ɔ | ɔka-ɾɛ | mena-a,doctor | TOP | where-LOC | exist-FIN,Synthetic question row using cɛt̪ʔ/ja patterns.
synthetic_paradigm_glossed.eaf,1105,2334191,2336041,[SYN.1105] আমি বন্য শুকর দেখেছিলাম।,I saw the boar.,iɲiɲ bʰatoɽ ɲɛlkeda.,iɲ-iɲ bʰatoɽ ɲɛl-ked-a.,iɲ-iɲ | bʰatoɽ | ɲɛl-ked-a,1SG-1SG | boar | see-PST-FIN,
synthetic_texts_glossed.eaf,1106,2336041,2337579,[SYN.1106] ঝোপঝাড়টি নতুন।,The shrub is new.,akao̯na d̪ɔ nɔwaa.,akao̯na d̪ɔ nɔwa-a.,akao̯na | d̪ɔ | nɔwa-a,shrub | TOP | new-FIN,
synthetic_texts_glossed.eaf,1107,2337579,2339338,[SYN.1107] অবশিষ্টটি নতুন।,The residue is new.,bəɖɾə d̪ɔ nɔwaa.,bəɖɾə d̪ɔ nɔwa-a.,bəɖɾə | d̪ɔ | nɔwa-a,residue | TOP | new-FIN,
synthetic_paradigm_glossed.eaf,1108,2339338,2341403,[SYN.1108] তোমাদের খাবার পরিষ্কার।,Your food is clean.,apɛaʔ ɟɔmaʔ d̪ɔ sapʰaa.,apɛ-aʔ ɟɔmaʔ d̪ɔ sapʰa-a.,apɛ-aʔ | ɟɔmaʔ | d̪ɔ | sapʰa-a,2PL-GEN | food | TOP | clean-FIN,
synthetic_texts_glossed.eaf,1109,2341403,2343023,[SYN.1109] আড়ালে একটি বেঁকানো যন্ত্র আছে।,There is a brace for boring in the covert.,ao̯tanɾɛ bʰãoɾa menaa.,ao̯tan-ɾɛ bʰãoɾa mena-a.,ao̯tan-ɾɛ | bʰãoɾa | mena-a,covert-LOC | brace.for.boring | exist-FIN,
synthetic_bangla_glossed.eaf,1110,2343023,2345838,[SYN.1110] তোমরা মাছ ও মধু খাবে।,You all will eat the fish and the honey.,apɛ d̪ɔ haku aɾ ɲɛlɛɾasa ɟɔma.,apɛ d̪ɔ haku aɾ ɲɛlɛɾasa ɟɔm-a.,apɛ | d̪ɔ | haku | aɾ | ɲɛlɛɾasa | ɟɔm-a,2PL | TOP | fish | and | honey | eat-FIN,
synthetic_school_dialogue_glossed.eaf,1111,2345838,2348749,[SYN.1111] আজ তুমি ভাষা লিখে স্কুলে কাজ করবে।,"Today, you write the language and then work in the school.",t̪eheɲɾɛ am pɘɾsi ɔlɔʔkat̪ɛ iskulɾɛ kɘmia.,t̪eheɲ-ɾɛ am pɘɾsi ɔlɔʔ-kat̪ɛ iskul-ɾɛ kɘmi-a.,t̪eheɲ-ɾɛ | am | pɘɾsi | ɔlɔʔ-kat̪ɛ | iskul-ɾɛ | kɘmi-a,today-LOC | 2SG | language | write-CVB | school-LOC | work-FIN,
synthetic_bangla_glossed.eaf,1112,2348749,2351606,[SYN.1112] তারা মাছ ও মধু খাবে।,They will eat the fish and the honey.,oŋko d̪ɔ haku aɾ ɲɛlɛɾasa ɟɔma.,oŋko d̪ɔ haku aɾ ɲɛlɛɾasa ɟɔm-a.,oŋko | d̪ɔ | haku | aɾ | ɲɛlɛɾasa | ɟɔm-a,3PL.ANIM | TOP | fish | and | honey | eat-FIN,Synthetic coordination with aɾ 'and'.
synthetic_paradigm_glossed.eaf,1113,2351606,2353682,[SYN.1113] আমার নদী গুরুত্বপূর্ণ।,My river is important.,iɲaʔ gaɖa d̪ɔ ɟɘɾuɽa.,iɲ-aʔ gaɖa d̪ɔ ɟɘɾuɽ-a.,iɲ-aʔ | gaɖa | d̪ɔ | ɟɘɾuɽ-a,1SG-GEN | river | TOP | important-FIN,
synthetic_new_glossed.eaf,1114,2353682,2355879,[SYN.1114] তারা শিশু সাহায্য করেছে।,They have helped the child.,oŋko d̪ɔ gid̪ɾɘ gɔɽɔakada.,oŋko d̪ɔ gid̪ɾɘ gɔɽɔ-akad-a.,oŋko | d̪ɔ | gid̪ɾɘ | gɔɽɔ-akad-a,3PL.ANIM | TOP | child | help-PRF-FIN,
synthetic_imperatives_glossed.eaf,1115,2355879,2358045,[SYN.1115] দয়া করে শহরে বসো।,Please sit in the town.,d̪a.ja kat̪ɛ sɔhɔɽɾɛ d̪uɽup̚ʔmɛ.,d̪a.ja kat̪ɛ sɔhɔɽ-ɾɛ d̪uɽup̚ʔ-mɛ.,d̪a.ja | kat̪ɛ | sɔhɔɽ-ɾɛ | d̪uɽup̚ʔ-mɛ,please | Manner | town-LOC | sit-IMP.2SG.POL,
synthetic_new_glossed_3.eaf,1116,2358045,2360276,[SYN.1116] একটি পিঁপড়া কুয়ায় আছে।,One ant is in the well.,mit̪ʔʈɛn muc̚ʔ d̪ɔ kuɲɾɛ menaa.,mit̪ʔ-ʈɛn muc̚ʔ d̪ɔ kuɲ-ɾɛ mena-a.,mit̪ʔ-ʈɛn | muc̚ʔ | d̪ɔ | kuɲ-ɾɛ | mena-a,one-CLF.HUM | ant | TOP | well-LOC | exist-FIN,
synthetic_see_paradigm.eaf,1117,2360276,2361453,[SYN.1117] তারা দেখছে।,They are seeing.,oŋkoko ɲɛlɛd̪a.,oŋko-ko ɲɛl-ɛ-d̪a.,oŋko-ko | ɲɛl-ɛ-d̪a,3PL.ANIM-3PL.ANIM | see-PROG-FIN,
synthetic_paradigm_glossed.eaf,1118,2361453,2363336,[SYN.1118] তোমার ডিমের কুসুম সুস্বাদু।,Your yolk of egg is tasty.,amaʔ bele botke d̪ɔ sibila.,am-aʔ bele botke d̪ɔ sibil-a.,am-aʔ | bele botke | d̪ɔ | sibil-a,2SG-GEN | yolk.of.egg | TOP | tasty-FIN,Synthetic GEN + TOP clause using pronoun markers from ground truth.
synthetic_texts_glossed.eaf,1119,2363336,2364995,[SYN.1119] শহরে একটি গুজব রটনাকারী আছে।,There is a bearer of tales in the town.,sɔhɔɽɾɛ bad͡ʒʰəni menaa.,sɔhɔɽ-ɾɛ bad͡ʒʰəni mena-a.,sɔhɔɽ-ɾɛ | bad͡ʒʰəni | mena-a,town-LOC | bearer.of.tales | exist-FIN,
synthetic_dialogues_glossed.eaf,1120,2364995,2368554,"[SYN.1120] তুমি খাবার বিক্রি করবে, কিন্তু ঘড়ি বিক্রি করবে না।","You will sell the food, but do not sell the watch.",am d̪ɔ ɟɔmaʔ ɘkʰɾiɲa mɛnkʰan gʰuɽi bam ɘkʰɾiɲa.,am d̪ɔ ɟɔmaʔ ɘkʰɾiɲ-a mɛnkʰan gʰuɽi ba-m ɘkʰɾiɲ-a.,am | d̪ɔ | ɟɔmaʔ | ɘkʰɾiɲ-a | mɛnkʰan | gʰuɽi | ba-m | ɘkʰɾiɲ-a,2SG | TOP | food | sell-FIN | but | watch | NEG-2SG | sell-FIN,
synthetic_texts_glossed.eaf,1121,2368554,2370331,[SYN.1121] গ্রামে একটি বিড়াল আছে।,There is a cat in the village.,at̪oɾɛ pusi menaa.,at̪o-ɾɛ pusi mena-a.,at̪o-ɾɛ | pusi | mena-a,village-LOC | cat | exist-FIN,
synthetic_texts_glossed.eaf,1122,2370331,2372179,[SYN.1122] বেতনটি পরিষ্কার।,The pay is clean.,bɛtɔn d̪ɔ sapʰaa.,bɛtɔn d̪ɔ sapʰa-a.,bɛtɔn | d̪ɔ | sapʰa-a,pay | TOP | clean-FIN,
synthetic_school_dialogue_glossed.eaf,1123,2372179,2374792,[SYN.1123] সেই সময় তারা পাঠ পড়ে বাড়িতে খেলবে।,"At that time, they study the lesson and then play in the house.",ɔkt̪ɛɾɛ oŋko sikʰnɘt̪ paɽha͡o̯kat̪ɛ ɔɽaʔɾɛ gat̪ea.,ɔkt̪ɛ-ɾɛ oŋko sikʰnɘt̪ paɽha͡o̯-kat̪ɛ ɔɽaʔ-ɾɛ gat̪e-a.,ɔkt̪ɛ-ɾɛ | oŋko | sikʰnɘt̪ | paɽha͡o̯-kat̪ɛ | ɔɽaʔ-ɾɛ | gat̪e-a,time-LOC | 3PL.ANIM | lesson | study-CVB | house-LOC | play-FIN,
synthetic_new_glossed.eaf,1124,2374792,2376698,[SYN.1124] তুমি মাছ খেয়েছ।,You have eaten the fish.,am d̪ɔ haku ɟɔmakada.,am d̪ɔ haku ɟɔm-akad-a.,am | d̪ɔ | haku | ɟɔm-akad-a,2SG | TOP | fish | eat-PRF-FIN,
synthetic_bangla_glossed.eaf,1125,2376698,2379560,[SYN.1125] সে মধু ও রান্না খাবে।,He/she will eat the honey and the cooked food.,uni d̪ɔ ɲɛlɛɾasa aɾ basaŋ ɟɔma.,uni d̪ɔ ɲɛlɛɾasa aɾ basaŋ ɟɔm-a.,uni | d̪ɔ | ɲɛlɛɾasa | aɾ | basaŋ | ɟɔm-a,3SG.ANIM | TOP | honey | and | cooked.food | eat-FIN,
synthetic_paradigm_glossed.eaf,1126,2379560,2381431,[SYN.1126] তোমাদের তাঁতের অংশ নতুন।,Your heddles of loom is new.,apɛaʔ bade d̪ɔ nɔwaa.,apɛ-aʔ bade d̪ɔ nɔwa-a.,apɛ-aʔ | bade | d̪ɔ | nɔwa-a,2PL-GEN | heddles.of.loom | TOP | new-FIN,Synthetic GEN + TOP clause using pronoun markers from ground truth.
synthetic_school_dialogue_glossed.eaf,1127,2381431,2384169,[SYN.1127] সকালে তোমরা মোবাইল ফোন কিনে হ্রদে আসবে।,"In the morning, you all buy the mobile phone and then come to the lake.",sɛt̪aʔɾɛ apɛ mɔbaĭl pʰon kiɾiɲkat̪ɛ ɟɔlaɾɛ hiɟuʔa.,sɛt̪aʔ-ɾɛ apɛ mɔbaĭl pʰon kiɾiɲ-kat̪ɛ ɟɔla-ɾɛ hiɟuʔ-a.,sɛt̪aʔ-ɾɛ | apɛ | mɔbaĭl pʰon | kiɾiɲ-kat̪ɛ | ɟɔla-ɾɛ | hiɟuʔ-a,morning-LOC | 2PL | mobile.phone | buy-CVB | lake-LOC | come-FIN,
synthetic_texts_glossed.eaf,1128,2384169,2386004,[SYN.1128] স্কুলে একটি খাবার আছে।,There is a food in the school.,iskulɾɛ ɟɔmaʔ menaa.,iskul-ɾɛ ɟɔmaʔ mena-a.,iskul-ɾɛ | ɟɔmaʔ | mena-a,school-LOC | food | exist-FIN,
synthetic_paradigm_glossed.eaf,1129,2386004,2388211,[SYN.1129] আমাদের গান ভালো।,Our song is good.,alɛaʔ seɾeɲ d̪ɔ mɔ̃ɟa.,alɛ-aʔ seɾeɲ d̪ɔ mɔ̃ɟ-a.,alɛ-aʔ | seɾeɲ | d̪ɔ | mɔ̃ɟ-a,1PL.EXCL-GEN | song | TOP | good-FIN,Synthetic GEN + TOP clause using pronoun markers from ground truth.
synthetic_school_dialogue_glossed.eaf,1130,2388211,2390839,[SYN.1130] সকালে তুমি ভাষা লিখে বাড়িতে যাবে।,"In the morning, you write the language and then go to the house.",sɛt̪aʔɾɛ am pɘɾsi ɔlɔʔkat̪ɛ ɔɽaʔɾɛ calaʔa.,sɛt̪aʔ-ɾɛ am pɘɾsi ɔlɔʔ-kat̪ɛ ɔɽaʔ-ɾɛ calaʔ-a.,sɛt̪aʔ-ɾɛ | am | pɘɾsi | ɔlɔʔ-kat̪ɛ | ɔɽaʔ-ɾɛ | calaʔ-a,morning-LOC | 2SG | language | write-CVB | house-LOC | go-FIN,
synthetic_school_dialogue_glossed.eaf,1131,2390839,2393584,[SYN.1131] সেই সময় তুমি পানি পান করে নদীতে খেলবে।,"At that time, you drink the water and then play in the river.",ɔkt̪ɛɾɛ am d̪aʔ ɲukat̪ɛ gaɖaɾɛ gat̪ea.,ɔkt̪ɛ-ɾɛ am d̪aʔ ɲu-kat̪ɛ gaɖa-ɾɛ gat̪e-a.,ɔkt̪ɛ-ɾɛ | am | d̪aʔ | ɲu-kat̪ɛ | gaɖa-ɾɛ | gat̪e-a,time-LOC | 2SG | water | drink-CVB | river-LOC | play-FIN,
synthetic_school_dialogue_glossed.eaf,1132,2393584,2396187,[SYN.1132] আজ সে দুধ পান করে গ্রামে আসবে।,"Today, he/she drink the milk and then come to the village.",t̪eheɲɾɛ uni t̪o̯͡a ɲukat̪ɛ at̪oɾɛ hiɟuʔa.,t̪eheɲ-ɾɛ uni t̪o̯͡a ɲu-kat̪ɛ at̪o-ɾɛ hiɟuʔ-a.,t̪eheɲ-ɾɛ | uni | t̪o̯͡a | ɲu-kat̪ɛ | at̪o-ɾɛ | hiɟuʔ-a,today-LOC | 3SG.ANIM | milk | drink-CVB | village-LOC | come-FIN,
synthetic_see_paradigm.eaf,1133,2396187,2398680,[SYN.1133] আমি পানি পান করব না।,I do not drink the water.,iɲ d̪ɔ d̪aʔ bɘɲ ɲua.,iɲ d̪ɔ d̪aʔ bɘ-ɲ ɲu-a.,iɲ | d̪ɔ | d̪aʔ | bɘ-ɲ | ɲu-a,1SG | TOP | water | NEG-1SG | drink-FIN,
synthetic_see_paradigm.eaf,1134,2398680,2400046,[SYN.1134] তুমি অপেক্ষা করছ।,You is waiting.,amɛm t̪ɘŋgiɛd̪a.,am-ɛm t̪ɘŋgi-ɛ-d̪a.,am-ɛm | t̪ɘŋgi-ɛ-d̪a,2SG-2SG | wait-PROG-FIN,Synthetic PROG-FIN agreement pattern based on see-paradigm rows.
synthetic_texts_glossed.eaf,1135,2400046,2401754,[SYN.1135] গুহাে একটি উত্তরাধিকার আছে।,There is a heritage in the cave.,bʰugək̕ɾɛ bapɔti dʰɔn menaa.,bʰugək̕-ɾɛ bapɔti dʰɔn mena-a.,bʰugək̕-ɾɛ | bapɔti dʰɔn | mena-a,cave-LOC | heritage | exist-FIN,
synthetic_school_dialogue_glossed.eaf,1136,2401754,2404561,[SYN.1136] সকালে আমরা খাবার খেয়ে গ্রামে খেলব।,"In the morning, we eat the food and then play in the village.",sɛt̪aʔɾɛ alɛ ɟɔmaʔ ɟɔmkat̪ɛ at̪oɾɛ gat̪ea.,sɛt̪aʔ-ɾɛ alɛ ɟɔmaʔ ɟɔm-kat̪ɛ at̪o-ɾɛ gat̪e-a.,sɛt̪aʔ-ɾɛ | alɛ | ɟɔmaʔ | ɟɔm-kat̪ɛ | at̪o-ɾɛ | gat̪e-a,morning-LOC | 1PL.EXCL | food | eat-CVB | village-LOC | play-FIN,
synthetic_paradigm_glossed.eaf,1137,2404561,2406699,[SYN.1137] তার অগ্রদূত গুরুত্বপূর্ণ।,His/her forerunner is important.,uniaʔ əguə̯daɾ d̪ɔ ɟɘɾuɽa.,uni-aʔ əguə̯daɾ d̪ɔ ɟɘɾuɽ-a.,uni-aʔ | əguə̯daɾ | d̪ɔ | ɟɘɾuɽ-a,3SG-GEN | forerunner | TOP | important-FIN,
synthetic_school_dialogue_glossed.eaf,1138,2406699,2409410,[SYN.1138] সেই সময় তারা ডায়াবেটিস দেখে বাড়িতে খেলবে।,"At that time, they see the diabetes and then play in the house.",ɔkt̪ɛɾɛ oŋko bəhumut ɲɛlkat̪ɛ ɔɽaʔɾɛ gat̪ea.,ɔkt̪ɛ-ɾɛ oŋko bəhumut ɲɛl-kat̪ɛ ɔɽaʔ-ɾɛ gat̪e-a.,ɔkt̪ɛ-ɾɛ | oŋko | bəhumut | ɲɛl-kat̪ɛ | ɔɽaʔ-ɾɛ | gat̪e-a,time-LOC | 3PL.ANIM | diabetes | see-CVB | house-LOC | play-FIN,
synthetic_paradigm_glossed.eaf,1139,2409410,2411589,[SYN.1139] আমার গান ভালো।,My song is good.,iɲaʔ seɾeɲ d̪ɔ mɔ̃ɟa.,iɲ-aʔ seɾeɲ d̪ɔ mɔ̃ɟ-a.,iɲ-aʔ | seɾeɲ | d̪ɔ | mɔ̃ɟ-a,1SG-GEN | song | TOP | good-FIN,
synthetic_texts_glossed.eaf,1140,2411589,2413208,[SYN.1140] অশান্তিটি ভালো।,The unrest is good.,bɛtʰiɾ d̪ɔ mɔ̃ɟa.,bɛtʰiɾ d̪ɔ mɔ̃ɟ-a.,bɛtʰiɾ | d̪ɔ | mɔ̃ɟ-a,unrest | TOP | good-FIN,Synthetic TOP + adjectival-FIN clause following layout A/B labels.
synthetic_paradigm_glossed.eaf,1141,2413208,2414853,[SYN.1141] তুমি দুধ পান করেছিলে।,You drank the milk.,amɛm t̪o̯͡a ɲukeda.,am-ɛm t̪o̯͡a ɲu-ked-a.,am-ɛm | t̪o̯͡a | ɲu-ked-a,2SG-2SG | milk | drink-PST-FIN,Synthetic PST-FIN transitive pattern using dictionary/core lexicon.
synthetic_texts_glossed.eaf,1142,2414853,2416376,[SYN.1142] অভ্যাসটি নতুন।,The habit is new.,bʰəsi d̪ɔ nɔwaa.,bʰəsi d̪ɔ nɔwa-a.,bʰəsi | d̪ɔ | nɔwa-a,habit | TOP | new-FIN,
synthetic_texts_glossed.eaf,1143,2416376,2418110,[SYN.1143] আচরণটি পরিষ্কার।,The conduct is clean.,at͡ʃaɾ beo̯haɾ d̪ɔ sapʰaa.,at͡ʃaɾ beo̯haɾ d̪ɔ sapʰa-a.,at͡ʃaɾ beo̯haɾ | d̪ɔ | sapʰa-a,conduct | TOP | clean-FIN,
synthetic_bangla_glossed.eaf,1144,2418110,2420955,[SYN.1144] সে মোবাইল ফোন ও ঔষধ কিনবে।,He/she will buy the mobile phone and the medicine.,uni d̪ɔ mɔbaĭl pʰon aɾ ɾan kiɾiɲa.,uni d̪ɔ mɔbaĭl pʰon aɾ ɾan kiɾiɲ-a.,uni | d̪ɔ | mɔbaĭl pʰon | aɾ | ɾan | kiɾiɲ-a,3SG.ANIM | TOP | mobile.phone | and | medicine | buy-FIN,
synthetic_texts_glossed.eaf,1145,2420955,2422589,[SYN.1145] বিস্তীর্ণ ভূমিে একটি রান্না আছে।,There is a cooked food in the wide expanse of land.,bilənɾɛ basaŋ menaa.,bilən-ɾɛ basaŋ mena-a.,bilən-ɾɛ | basaŋ | mena-a,wide.expanse.of-LOC | cooked.food | exist-FIN,
synthetic_paradigm_glossed.eaf,1146,2422589,2424134,[SYN.1146] আমরা কথা বলেছিলাম।,We spoke the word.,alɛlɛ kat̪ʰa ɾɔɽkeda.,alɛ-lɛ kat̪ʰa ɾɔɽ-ked-a.,alɛ-lɛ | kat̪ʰa | ɾɔɽ-ked-a,1PL.EXCL-1PL.EXCL | word | speak-PST-FIN,
synthetic_bangla_glossed.eaf,1147,2424134,2426027,[SYN.1147] তারা ঘড়ি বিক্রি করবে।,They will sell the watch.,oŋko d̪ɔ gʰuɽi ɘkʰɾiɲa.,oŋko d̪ɔ gʰuɽi ɘkʰɾiɲ-a.,oŋko | d̪ɔ | gʰuɽi | ɘkʰɾiɲ-a,3PL.ANIM | TOP | watch | sell-FIN,
synthetic_school_dialogue_glossed.eaf,1148,2426027,2428885,[SYN.1148] গতকাল আমি দুধ পান করে স্কুলে আসব।,"Yesterday, I drink the milk and then come to the school.",hɔlaɾɛ iɲ t̪o̯͡a ɲukat̪ɛ iskulɾɛ hiɟuʔa.,hɔla-ɾɛ iɲ t̪o̯͡a ɲu-kat̪ɛ iskul-ɾɛ hiɟuʔ-a.,hɔla-ɾɛ | iɲ | t̪o̯͡a | ɲu-kat̪ɛ | iskul-ɾɛ | hiɟuʔ-a,yesterday-LOC | 1SG | milk | drink-CVB | school-LOC | come-FIN,
synthetic_school_dialogue_glossed.eaf,1149,2428885,2431780,[SYN.1149] আজ আমি ঘড়ি কিনে বাড়িতে আসব।,"Today, I buy the watch and then come to the house.",t̪eheɲɾɛ iɲ gʰuɽi kiɾiɲkat̪ɛ ɔɽaʔɾɛ hiɟuʔa.,t̪eheɲ-ɾɛ iɲ gʰuɽi kiɾiɲ-kat̪ɛ ɔɽaʔ-ɾɛ hiɟuʔ-a.,t̪eheɲ-ɾɛ | iɲ | gʰuɽi | kiɾiɲ-kat̪ɛ | ɔɽaʔ-ɾɛ | hiɟuʔ-a,today-LOC | 1SG | watch | buy-CVB | house-LOC | come-FIN,
synthetic_new_glossed.eaf,1150,2431780,2433652,[SYN.1150] আমরা কথা বলেছি।,We have spoken the word.,alɛ d̪ɔ kat̪ʰa ɾɔɽakada.,alɛ d̪ɔ kat̪ʰa ɾɔɽ-akad-a.,alɛ | d̪ɔ | kat̪ʰa | ɾɔɽ-akad-a,1PL.EXCL | TOP | word | speak-PRF-FIN,
synthetic_texts_glossed.eaf,1151,2433652,2435332,[SYN.1151] বাড়িতে একটি কৃষিজ উৎপাদন আছে।,There is an agricultural produce in the house.,ɔɽaʔɾɛ aɾd͡ʒon menaa.,ɔɽaʔ-ɾɛ aɾd͡ʒon mena-a.,ɔɽaʔ-ɾɛ | aɾd͡ʒon | mena-a,house-LOC | agricultural.produce | exist-FIN,Synthetic LOC + exist-FIN clause matching mena-a patterns.
synthetic_texts_glossed.eaf,1152,2435332,2437160,[SYN.1152] ইংল্যান্ডে একটি ছুতার আছে।,There is a carpenter in the england.,bilətɾɛ bəɖʰi menaa.,bilət-ɾɛ bəɖʰi mena-a.,bilət-ɾɛ | bəɖʰi | mena-a,england-LOC | carpenter | exist-FIN,
synthetic_texts_glossed.eaf,1153,2437160,2438954,[SYN.1153] গুহাে একটি সময় আছে।,There is a time in the cave.,bʰugək̕ɾɛ ɔkt̪ɛ menaa.,bʰugək̕-ɾɛ ɔkt̪ɛ mena-a.,bʰugək̕-ɾɛ | ɔkt̪ɛ | mena-a,cave-LOC | time | exist-FIN,
synthetic_bangla_glossed.eaf,1154,2438954,2441110,[SYN.1154] তুমি মাছ খাবে।,You will eat the fish.,am d̪ɔ haku ɟɔma.,am d̪ɔ haku ɟɔm-a.,am | d̪ɔ | haku | ɟɔm-a,2SG | TOP | fish | eat-FIN,
synthetic_see_paradigm.eaf,1155,2441110,2443590,[SYN.1155] সে মা সাহায্য করবে না।,He/she does not help the mother.,uni d̪ɔ gɔgɔ bai̯ gɔɽɔa.,uni d̪ɔ gɔgɔ ba-i̯ gɔɽɔ-a.,uni | d̪ɔ | gɔgɔ | ba-i̯ | gɔɽɔ-a,3SG.ANIM | TOP | mother | NEG-3SG.ANIM | help-FIN,
synthetic_texts_glossed.eaf,1156,2443590,2445231,[SYN.1156] হ্রদে একটি খাবার আছে।,There is a victuals in the lake.,ɟɔlaɾɛ aʈa saʈa menaa.,ɟɔla-ɾɛ aʈa saʈa mena-a.,ɟɔla-ɾɛ | aʈa saʈa | mena-a,lake-LOC | victuals | exist-FIN,
synthetic_texts_glossed.eaf,1157,2445231,2446979,[SYN.1157] নিকটবর্তী এলাকাে একটি বাষ্প আছে।,There is a steam in the vicinity.,aɖe ʈolaɾɛ bʰapʰ menaa.,aɖe ʈola-ɾɛ bʰapʰ mena-a.,aɖe ʈola-ɾɛ | bʰapʰ | mena-a,vicinity-LOC | steam | exist-FIN,
synthetic_school_dialogue_glossed.eaf,1158,2446979,2449759,[SYN.1158] সকালে তারা দুধ পান করে হ্রদে খেলবে।,"In the morning, they drink the milk and then play in the lake.",sɛt̪aʔɾɛ oŋko t̪o̯͡a ɲukat̪ɛ ɟɔlaɾɛ gat̪ea.,sɛt̪aʔ-ɾɛ oŋko t̪o̯͡a ɲu-kat̪ɛ ɟɔla-ɾɛ gat̪e-a.,sɛt̪aʔ-ɾɛ | oŋko | t̪o̯͡a | ɲu-kat̪ɛ | ɟɔla-ɾɛ | gat̪e-a,morning-LOC | 3PL.ANIM | milk | drink-CVB | lake-LOC | play-FIN,
synthetic_school_dialogue_glossed.eaf,1159,2449759,2452624,[SYN.1159] সকালে সে কথা লিখে কুয়ায় কাজ করবে।,"In the morning, he/she write the word and then work in the well.",sɛt̪aʔɾɛ uni kat̪ʰa ɔlɔʔkat̪ɛ kuɲɾɛ kɘmia.,sɛt̪aʔ-ɾɛ uni kat̪ʰa ɔlɔʔ-kat̪ɛ kuɲ-ɾɛ kɘmi-a.,sɛt̪aʔ-ɾɛ | uni | kat̪ʰa | ɔlɔʔ-kat̪ɛ | kuɲ-ɾɛ | kɘmi-a,morning-LOC | 3SG.ANIM | word | write-CVB | well-LOC | work-FIN,Synthetic sequential CVB clause with -kat̪ɛ.
synthetic_new_glossed.eaf,1160,2452624,2454829,[SYN.1160] তোমরা মাছ কিনেছ।,You all have bought the fish.,apɛ d̪ɔ haku kiɾiɲakada.,apɛ d̪ɔ haku kiɾiɲ-akad-a.,apɛ | d̪ɔ | haku | kiɾiɲ-akad-a,2PL | TOP | fish | buy-PRF-FIN,
synthetic_paradigm_glossed.eaf,1161,2454829,2456650,[SYN.1161] আমি রান্না খেয়েছিলাম।,I ate the cooked food.,iɲiɲ basaŋ ɟɔmkeda.,iɲ-iɲ basaŋ ɟɔm-ked-a.,iɲ-iɲ | basaŋ | ɟɔm-ked-a,1SG-1SG | cooked.food | eat-PST-FIN,
synthetic_bangla_glossed.eaf,1162,2456650,2458555,[SYN.1162] সে বয়লার দেখবে।,He/she will see the boiler.,uni d̪ɔ bʰəʈʰi ɲɛla.,uni d̪ɔ bʰəʈʰi ɲɛl-a.,uni | d̪ɔ | bʰəʈʰi | ɲɛl-a,3SG.ANIM | TOP | boiler | see-FIN,
synthetic_bangla_glossed.eaf,1163,2458555,2460462,[SYN.1163] সে নুন-তামাকের ফেরিওয়ালা দেখবে।,He/she will see the pedlar of salt and tobacco.,uni d̪ɔ bə̃ɽiə̯̃ ɲɛla.,uni d̪ɔ bə̃ɽiə̯̃ ɲɛl-a.,uni | d̪ɔ | bə̃ɽiə̯̃ | ɲɛl-a,3SG.ANIM | TOP | pedlar.of.salt | see-FIN,
synthetic_see_paradigm.eaf,1164,2460462,2462920,[SYN.1164] আমি মাছ বিক্রি করব না।,I do not sell the fish.,iɲ d̪ɔ haku bɘɲ ɘkʰɾiɲa.,iɲ d̪ɔ haku bɘ-ɲ ɘkʰɾiɲ-a.,iɲ | d̪ɔ | haku | bɘ-ɲ | ɘkʰɾiɲ-a,1SG | TOP | fish | NEG-1SG | sell-FIN,
synthetic_school_dialogue_glossed.eaf,1165,2462920,2465653,[SYN.1165] আজ সে রান্না খেয়ে নদীতে আসবে।,"Today, he/she eat the cooked food and then come to the river.",t̪eheɲɾɛ uni basaŋ ɟɔmkat̪ɛ gaɖaɾɛ hiɟuʔa.,t̪eheɲ-ɾɛ uni basaŋ ɟɔm-kat̪ɛ gaɖa-ɾɛ hiɟuʔ-a.,t̪eheɲ-ɾɛ | uni | basaŋ | ɟɔm-kat̪ɛ | gaɖa-ɾɛ | hiɟuʔ-a,today-LOC | 3SG.ANIM | cooked.food | eat-CVB | river-LOC | come-FIN,
synthetic_bangla_glossed.eaf,1166,2465653,2467840,[SYN.1166] আমি কথা বলব।,I will speak the word.,iɲ d̪ɔ kat̪ʰa ɾɔɽa.,iɲ d̪ɔ kat̪ʰa ɾɔɽ-a.,iɲ | d̪ɔ | kat̪ʰa | ɾɔɽ-a,1SG | TOP | word | speak-FIN,
synthetic_bangla_glossed.eaf,1167,2467840,2469914,[SYN.1167] সে খাবার কিনবে।,He/she will buy the food.,uni d̪ɔ ɟɔmaʔ kiɾiɲa.,uni d̪ɔ ɟɔmaʔ kiɾiɲ-a.,uni | d̪ɔ | ɟɔmaʔ | kiɾiɲ-a,3SG.ANIM | TOP | food | buy-FIN,
synthetic_texts_glossed.eaf,1168,2469914,2471605,[SYN.1168] গুহাে একটি গান আছে।,There is a song in the cave.,bʰugək̕ɾɛ seɾeɲ menaa.,bʰugək̕-ɾɛ seɾeɲ mena-a.,bʰugək̕-ɾɛ | seɾeɲ | mena-a,cave-LOC | song | exist-FIN,
synthetic_paradigm_glossed.eaf,1169,2471605,2473519,[SYN.1169] তোমাদের পরজীবী উদ্ভিদ পরিষ্কার।,Your parasitic plant is clean.,apɛaʔ alagd͡ʒəɽi d̪ɔ sapʰaa.,apɛ-aʔ alagd͡ʒəɽi d̪ɔ sapʰa-a.,apɛ-aʔ | alagd͡ʒəɽi | d̪ɔ | sapʰa-a,2PL-GEN | parasitic.plant | TOP | clean-FIN,
synthetic_paradigm_glossed.eaf,1170,2473519,2475529,[SYN.1170] তার মানুষ ভালো।,His/her person is good.,uniaʔ hɔɽ d̪ɔ mɔ̃ɟa.,uni-aʔ hɔɽ d̪ɔ mɔ̃ɟ-a.,uni-aʔ | hɔɽ | d̪ɔ | mɔ̃ɟ-a,3SG-GEN | person | TOP | good-FIN,
synthetic_paradigm_glossed.eaf,1171,2475529,2477680,[SYN.1171] আমার কাজ গুরুত্বপূর্ণ।,My work is important.,iɲaʔ kɘmi d̪ɔ ɟɘɾuɽa.,iɲ-aʔ kɘmi d̪ɔ ɟɘɾuɽ-a.,iɲ-aʔ | kɘmi | d̪ɔ | ɟɘɾuɽ-a,1SG-GEN | work | TOP | important-FIN,
synthetic_paradigm_glossed.eaf,1172,2477680,2479328,[SYN.1172] আমরা ভাষা লিখেছিলাম।,We wrote the language.,alɛlɛ pɘɾsi ɔlɔʔkeda.,alɛ-lɛ pɘɾsi ɔlɔʔ-ked-a.,alɛ-lɛ | pɘɾsi | ɔlɔʔ-ked-a,1PL.EXCL-1PL.EXCL | language | write-PST-FIN,
synthetic_new_glossed.eaf,1173,2479328,2481226,[SYN.1173] আমরা টকশাক দেখেছি।,We have seen the sorel.,alɛ d̪ɔ aɾak̕ kudɾum ɲɛlakada.,alɛ d̪ɔ aɾak̕ kudɾum ɲɛl-akad-a.,alɛ | d̪ɔ | aɾak̕ kudɾum | ɲɛl-akad-a,1PL.EXCL | TOP | sorel | see-PRF-FIN,
synthetic_texts_glossed.eaf,1174,2481226,2482767,[SYN.1174] গুহাে একটি জাদুবিদ্যা আছে।,There is a sorcery in the cave.,bʰugək̕ɾɛ ban menaa.,bʰugək̕-ɾɛ ban mena-a.,bʰugək̕-ɾɛ | ban | mena-a,cave-LOC | sorcery | exist-FIN,
synthetic_new_glossed_3.eaf,1175,2482767,2485108,[SYN.1175] একটি গুপ্তচর নদীতে আছে।,One spy is in the river.,mit̪ʔʈɛn baʈ paɽ d̪ɔ gaɖaɾɛ menaa.,mit̪ʔ-ʈɛn baʈ paɽ d̪ɔ gaɖa-ɾɛ mena-a.,mit̪ʔ-ʈɛn | baʈ paɽ | d̪ɔ | gaɖa-ɾɛ | mena-a,one-CLF.HUM | spy | TOP | river-LOC | exist-FIN,
synthetic_bangla_glossed.eaf,1176,2485108,2487912,[SYN.1176] তুমি মাছ ও রান্না খাবে।,You will eat the fish and the cooked food.,am d̪ɔ haku aɾ basaŋ ɟɔma.,am d̪ɔ haku aɾ basaŋ ɟɔm-a.,am | d̪ɔ | haku | aɾ | basaŋ | ɟɔm-a,2SG | TOP | fish | and | cooked.food | eat-FIN,Synthetic coordination with aɾ 'and'.
synthetic_texts_glossed.eaf,1177,2487912,2489607,[SYN.1177] বন্যাটি ভালো।,The flood is good.,bəd d̪ɔ mɔ̃ɟa.,bəd d̪ɔ mɔ̃ɟ-a.,bəd | d̪ɔ | mɔ̃ɟ-a,flood | TOP | good-FIN,
synthetic_see_paradigm.eaf,1178,2489607,2492163,[SYN.1178] তারা ভাষা লিখবে না।,They do not write the language.,oŋko d̪ɔ pɘɾsi bako ɔlɔʔa.,oŋko d̪ɔ pɘɾsi ba-ko ɔlɔʔ-a.,oŋko | d̪ɔ | pɘɾsi | ba-ko | ɔlɔʔ-a,3PL.ANIM | TOP | language | NEG-3PL.ANIM | write-FIN,
synthetic_texts_glossed.eaf,1179,2492163,2493875,[SYN.1179] বন্ধুত্বটি ভালো।,The friendship is good.,bʰab d̪ɔ mɔ̃ɟa.,bʰab d̪ɔ mɔ̃ɟ-a.,bʰab | d̪ɔ | mɔ̃ɟ-a,friendship | TOP | good-FIN,
synthetic_bangla_glossed.eaf,1180,2493875,2496709,[SYN.1180] আমি পাত্র ও আতঙ্ক দেখব।,I will see the receptacle and the terror.,iɲ d̪ɔ anataŋ aɾ bʰɔɽɔk ɲɛla.,iɲ d̪ɔ anataŋ aɾ bʰɔɽɔk ɲɛl-a.,iɲ | d̪ɔ | anataŋ | aɾ | bʰɔɽɔk | ɲɛl-a,1SG | TOP | receptacle | and | terror | see-FIN,
synthetic_school_dialogue_glossed.eaf,1181,2496709,2499509,[SYN.1181] সকালে আমরা কথা লিখে গ্রামে আসব।,"In the morning, we write the word and then come to the village.",sɛt̪aʔɾɛ alɛ kat̪ʰa ɔlɔʔkat̪ɛ at̪oɾɛ hiɟuʔa.,sɛt̪aʔ-ɾɛ alɛ kat̪ʰa ɔlɔʔ-kat̪ɛ at̪o-ɾɛ hiɟuʔ-a.,sɛt̪aʔ-ɾɛ | alɛ | kat̪ʰa | ɔlɔʔ-kat̪ɛ | at̪o-ɾɛ | hiɟuʔ-a,morning-LOC | 1PL.EXCL | word | write-CVB | village-LOC | come-FIN,
synthetic_texts_glossed.eaf,1182,2499509,2501326,[SYN.1182] বাসস্থানে একটি ভাই আছে।,There is a brother in the dwelling place.,basɾɛ bɔ͡i̯ha menaa.,bas-ɾɛ bɔ͡i̯ha mena-a.,bas-ɾɛ | bɔ͡i̯ha | mena-a,dwelling.place-LOC | brother | exist-FIN,
synthetic_bangla_glossed.eaf,1183,2501326,2504150,[SYN.1183] তারা মধু ও মাছ খাবে।,They will eat the honey and the fish.,oŋko d̪ɔ ɲɛlɛɾasa aɾ haku ɟɔma.,oŋko d̪ɔ ɲɛlɛɾasa aɾ haku ɟɔm-a.,oŋko | d̪ɔ | ɲɛlɛɾasa | aɾ | haku | ɟɔm-a,3PL.ANIM | TOP | honey | and | fish | eat-FIN,Synthetic coordination with aɾ 'and'.
synthetic_see_paradigm.eaf,1184,2504150,2505531,[SYN.1184] তারা পান করছে।,They are drinking.,oŋkoko ɲuɛd̪a.,oŋko-ko ɲu-ɛ-d̪a.,oŋko-ko | ɲu-ɛ-d̪a,3PL.ANIM-3PL.ANIM | drink-PROG-FIN,
synthetic_bangla_glossed.eaf,1185,2505531,2507640,[SYN.1185] সে মোবাইল ফোন বিক্রি করবে।,He/she will sell the mobile phone.,uni d̪ɔ mɔbaĭl pʰon ɘkʰɾiɲa.,uni d̪ɔ mɔbaĭl pʰon ɘkʰɾiɲ-a.,uni | d̪ɔ | mɔbaĭl pʰon | ɘkʰɾiɲ-a,3SG.ANIM | TOP | mobile.phone | sell-FIN,
synthetic_bangla_glossed.eaf,1186,2507640,2509802,[SYN.1186] তারা রান্না খাবে।,They will eat the cooked food.,oŋko d̪ɔ basaŋ ɟɔma.,oŋko d̪ɔ basaŋ ɟɔm-a.,oŋko | d̪ɔ | basaŋ | ɟɔm-a,3PL.ANIM | TOP | cooked.food | eat-FIN,
synthetic_paradigm_glossed.eaf,1187,2509802,2511346,[SYN.1187] আমি ভাষা পড়েছিলাম।,I studied the language.,iɲiɲ pɘɾsi paɽha͡o̯keda.,iɲ-iɲ pɘɾsi paɽha͡o̯-ked-a.,iɲ-iɲ | pɘɾsi | paɽha͡o̯-ked-a,1SG-1SG | language | study-PST-FIN,
synthetic_bangla_glossed.eaf,1188,2511346,2513965,[SYN.1188] সে ঘড়ি ও মাছ কিনবে।,He/she will buy the watch and the fish.,uni d̪ɔ gʰuɽi aɾ haku kiɾiɲa.,uni d̪ɔ gʰuɽi aɾ haku kiɾiɲ-a.,uni | d̪ɔ | gʰuɽi | aɾ | haku | kiɾiɲ-a,3SG.ANIM | TOP | watch | and | fish | buy-FIN,
synthetic_paradigm_glossed.eaf,1189,2513965,2516148,[SYN.1189] আমাদের পা পরিষ্কার।,Our leg is clean.,alɛaʔ ɟaŋga d̪ɔ sapʰaa.,alɛ-aʔ ɟaŋga d̪ɔ sapʰa-a.,alɛ-aʔ | ɟaŋga | d̪ɔ | sapʰa-a,1PL.EXCL-GEN | leg | TOP | clean-FIN,
synthetic_school_dialogue_glossed.eaf,1190,2516148,2518917,[SYN.1190] গতকাল তুমি কথা লিখে স্কুলে খেলবে।,"Yesterday, you write the word and then play in the school.",hɔlaɾɛ am kat̪ʰa ɔlɔʔkat̪ɛ iskulɾɛ gat̪ea.,hɔla-ɾɛ am kat̪ʰa ɔlɔʔ-kat̪ɛ iskul-ɾɛ gat̪e-a.,hɔla-ɾɛ | am | kat̪ʰa | ɔlɔʔ-kat̪ɛ | iskul-ɾɛ | gat̪e-a,yesterday-LOC | 2SG | word | write-CVB | school-LOC | play-FIN,Synthetic sequential CVB clause with -kat̪ɛ.
synthetic_bangla_glossed.eaf,1191,2518917,2520941,[SYN.1191] আমি মানুষ সাহায্য করব।,I will help the person.,iɲ d̪ɔ hɔɽ gɔɽɔa.,iɲ d̪ɔ hɔɽ gɔɽɔ-a.,iɲ | d̪ɔ | hɔɽ | gɔɽɔ-a,1SG | TOP | person | help-FIN,Synthetic transitive finite clause with TOP and FIN labels.
synthetic_paradigm_glossed.eaf,1192,2520941,2523133,[SYN.1192] আমাদের বিড়াল আনন্দের।,Our cat is happy.,alɛaʔ pusi d̪ɔ ɾɘskɘa.,alɛ-aʔ pusi d̪ɔ ɾɘskɘ-a.,alɛ-aʔ | pusi | d̪ɔ | ɾɘskɘ-a,1PL.EXCL-GEN | cat | TOP | happy-FIN,
synthetic_bangla_glossed.eaf,1193,2523133,2525917,[SYN.1193] সে মাছ ও খাবার খাবে।,He/she will eat the fish and the food.,uni d̪ɔ haku aɾ ɟɔmaʔ ɟɔma.,uni d̪ɔ haku aɾ ɟɔmaʔ ɟɔm-a.,uni | d̪ɔ | haku | aɾ | ɟɔmaʔ | ɟɔm-a,3SG.ANIM | TOP | fish | and | food | eat-FIN,Synthetic coordination with aɾ 'and'.
synthetic_see_paradigm.eaf,1194,2525917,2527131,[SYN.1194] তোমরা বিক্রি করছ।,You all are selling.,apɛpɛ ɘkʰɾiɲɛd̪a.,apɛ-pɛ ɘkʰɾiɲ-ɛ-d̪a.,apɛ-pɛ | ɘkʰɾiɲ-ɛ-d̪a,2PL-2PL | sell-PROG-FIN,
synthetic_school_dialogue_glossed.eaf,1195,2527131,2529780,[SYN.1195] আজ আমি ভাষা পড়ে বাড়িতে যাব।,"Today, I study the language and then go to the house.",t̪eheɲɾɛ iɲ pɘɾsi paɽha͡o̯kat̪ɛ ɔɽaʔɾɛ calaʔa.,t̪eheɲ-ɾɛ iɲ pɘɾsi paɽha͡o̯-kat̪ɛ ɔɽaʔ-ɾɛ calaʔ-a.,t̪eheɲ-ɾɛ | iɲ | pɘɾsi | paɽha͡o̯-kat̪ɛ | ɔɽaʔ-ɾɛ | calaʔ-a,today-LOC | 1SG | language | study-CVB | house-LOC | go-FIN,
synthetic_texts_glossed.eaf,1196,2529780,2531562,[SYN.1196] আড়ালে একটি বাঘ আছে।,There is a tiger in the covert.,ao̯tanɾɛ t̪ɘɾup̚ʔ menaa.,ao̯tan-ɾɛ t̪ɘɾup̚ʔ mena-a.,ao̯tan-ɾɛ | t̪ɘɾup̚ʔ | mena-a,covert-LOC | tiger | exist-FIN,
synthetic_texts_glossed.eaf,1197,2531562,2533337,[SYN.1197] হাতটি ভালো।,The hand is good.,t̪i d̪ɔ mɔ̃ɟa.,t̪i d̪ɔ mɔ̃ɟ-a.,t̪i | d̪ɔ | mɔ̃ɟ-a,hand | TOP | good-FIN,Synthetic TOP + adjectival-FIN clause following layout A/B labels.
synthetic_paradigm_glossed.eaf,1198,2533337,2535265,[SYN.1198] তার উৎসব গুরুত্বপূর্ণ।,His/her festival is important.,uniaʔ pɔɾɔb d̪ɔ ɟɘɾuɽa.,uni-aʔ pɔɾɔb d̪ɔ ɟɘɾuɽ-a.,uni-aʔ | pɔɾɔb | d̪ɔ | ɟɘɾuɽ-a,3SG-GEN | festival | TOP | important-FIN,
synthetic_school_dialogue_glossed.eaf,1199,2535265,2538064,[SYN.1199] সেই সময় আমি মধু খেয়ে বাড়িতে যাব।,"At that time, I eat the honey and then go to the house.",ɔkt̪ɛɾɛ iɲ ɲɛlɛɾasa ɟɔmkat̪ɛ ɔɽaʔɾɛ calaʔa.,ɔkt̪ɛ-ɾɛ iɲ ɲɛlɛɾasa ɟɔm-kat̪ɛ ɔɽaʔ-ɾɛ calaʔ-a.,ɔkt̪ɛ-ɾɛ | iɲ | ɲɛlɛɾasa | ɟɔm-kat̪ɛ | ɔɽaʔ-ɾɛ | calaʔ-a,time-LOC | 1SG | honey | eat-CVB | house-LOC | go-FIN,
synthetic_new_glossed.eaf,1200,2538064,2540240,[SYN.1200] আমরা খাবার বিক্রি করেছি।,We have sold the food.,alɛ d̪ɔ ɟɔmaʔ ɘkʰɾiɲakada.,alɛ d̪ɔ ɟɔmaʔ ɘkʰɾiɲ-akad-a.,alɛ | d̪ɔ | ɟɔmaʔ | ɘkʰɾiɲ-akad-a,1PL.EXCL | TOP | food | sell-PRF-FIN,Synthetic PRF-FIN clause modeled on akad-a rows.
