file,utterance_id,start_ms,end_ms,ref,mb,gl,ft
synthetic_texts_glossed.eaf,1,0,1518,iskul d̪ɔ nɔwaa,iskul d̪ɔ nɔwa-a,school TOP new-FIN,The school is new.
synthetic_bangla_glossed.eaf,2,1518,3453,uni d̪ɔ sikʰnɘt̪ paɽha͡o̯a,uni d̪ɔ sikʰnɘt̪ paɽha͡o̯-a,3SG.ANIM TOP lesson study-FIN,He/she will study the lesson.
synthetic_see_paradigm.eaf,3,3453,4788,unii̯ gɔc̚ʔɛd̪a,uni-i̯ gɔc̚ʔ-ɛ-d̪a,3SG.ANIM-3SG.ANIM die-PROG-FIN,He/she is dying.
synthetic_new_glossed.eaf,4,4788,6730,am d̪ɔ kat̪ʰa ɔlɔʔakada,am d̪ɔ kat̪ʰa ɔlɔʔ-akad-a,2SG TOP word write-PRF-FIN,You have written the word.
synthetic_texts_glossed.eaf,5,6730,8334,sikʰnɘt̪ d̪ɔ nɔwaa,sikʰnɘt̪ d̪ɔ nɔwa-a,lesson TOP new-FIN,The lesson is new.
synthetic_texts_glossed.eaf,6,8334,9849,bʰed͡ʒa d̪ɔ sapʰaa,bʰed͡ʒa d̪ɔ sapʰa-a,additional.assessment.on TOP clean-FIN,The additional assessment on rent is clean.
synthetic_texts_glossed.eaf,7,9849,11692,bilətɾɛ awad͡ʒ menaa,bilət-ɾɛ awad͡ʒ mena-a,england-LOC noise exist-FIN,There is a noise in the england.
synthetic_texts_glossed.eaf,8,11692,13379,at̪oɾɛ ʈaka menaa,at̪o-ɾɛ ʈaka mena-a,village-LOC money exist-FIN,There is a money in the village.
synthetic_texts_glossed.eaf,9,13379,15212,bʰāe d̪ɔ ɟɘɾuɽa,bʰāe d̪ɔ ɟɘɾuɽ-a,alarm TOP important-FIN,The alarm is important.
synthetic_new_glossed_3.eaf,10,15212,17493,mit̪ʔ basaŋ d̪ɔ iskulɾɛ menaa,mit̪ʔ basaŋ d̪ɔ iskul-ɾɛ mena-a,one cooked.food TOP school-LOC exist-FIN,One cooked food is in the school.
synthetic_paradigm_glossed.eaf,11,17493,19441,alɛaʔ mɔbaĭl pʰon d̪ɔ ɟɘɾuɽa,alɛ-aʔ mɔbaĭl pʰon d̪ɔ ɟɘɾuɽ-a,1PL.EXCL-GEN mobile.phone TOP important-FIN,Our mobile phone is important.
synthetic_imperatives_glossed.eaf,12,19441,21593,d̪a.ja kat̪ɛ kuɲɾɛ calaʔmɛ,d̪a.ja kat̪ɛ kuɲ-ɾɛ calaʔ-mɛ,please Manner well-LOC go-IMP.2SG.POL,Please go to the well.
synthetic_paradigm_glossed.eaf,13,21593,23319,iɲiɲ haku ɘkʰɾiɲkeda,iɲ-iɲ haku ɘkʰɾiɲ-ked-a,1SG-1SG fish sell-PST-FIN,I sold the fish.
synthetic_new_glossed_3.eaf,14,23319,25704,mit̪ʔʈɛn gid̪ɾɘ d̪ɔ kuɲɾɛ menaa,mit̪ʔ-ʈɛn gid̪ɾɘ d̪ɔ kuɲ-ɾɛ mena-a,one-CLF.HUM child TOP well-LOC exist-FIN,One child is in the well.
synthetic_bangla_glossed.eaf,15,25704,28373,am d̪ɔ t̪o̯͡a aɾ d̪aʔ ɲua,am d̪ɔ t̪o̯͡a aɾ d̪aʔ ɲu-a,2SG TOP milk and water drink-FIN,You will drink the milk and the water.
synthetic_see_paradigm.eaf,16,28373,30922,iɲ d̪ɔ ɾan bɘɲ kiɾiɲa,iɲ d̪ɔ ɾan bɘ-ɲ kiɾiɲ-a,1SG TOP medicine NEG-1SG buy-FIN,I do not buy the medicine.
synthetic_see_paradigm.eaf,17,30922,33474,uni d̪ɔ ɖak̚t̪aɾ bai̯ gɔɽɔa,uni d̪ɔ ɖak̚t̪aɾ ba-i̯ gɔɽɔ-a,3SG.ANIM TOP doctor NEG-3SG.ANIM help-FIN,He/she does not help the doctor.
synthetic_paradigm_glossed.eaf,18,33474,35579,alɛaʔ bʰaka d̪ɔ nɔwaa,alɛ-aʔ bʰaka d̪ɔ nɔwa-a,1PL.EXCL-GEN language TOP new-FIN,Our language is new.
synthetic_bangla_glossed.eaf,19,35579,38254,iɲ d̪ɔ ɟɔmaʔ aɾ ɾan kiɾiɲa,iɲ d̪ɔ ɟɔmaʔ aɾ ɾan kiɾiɲ-a,1SG TOP food and medicine buy-FIN,I will buy the food and the medicine.
synthetic_see_paradigm.eaf,20,38254,40705,apɛ d̪ɔ pɘɾsi bapɛ ɾɔɽa,apɛ d̪ɔ pɘɾsi ba-pɛ ɾɔɽ-a,2PL TOP language NEG-2PL speak-FIN,You all do not speak the language.
synthetic_see_paradigm.eaf,21,40705,43151,uni d̪ɔ bid͡ʒli bai̯ ɲɛla,uni d̪ɔ bid͡ʒli ba-i̯ ɲɛl-a,3SG.ANIM TOP lightning NEG-3SG.ANIM see-FIN,He/she does not see the lightning.
synthetic_paradigm_glossed.eaf,22,43151,44834,oŋkoko ʈaka ɲamkeda,oŋko-ko ʈaka ɲam-ked-a,3PL.ANIM-3PL.ANIM money get-PST-FIN,They got the money.
synthetic_see_paradigm.eaf,23,44834,47184,am d̪ɔ ʈaka bam ɲama,am d̪ɔ ʈaka ba-m ɲam-a,2SG TOP money NEG-2SG get-FIN,You do not get the money.
synthetic_paradigm_glossed.eaf,24,47184,48789,unii̯ kat̪ʰa ɔlɔʔkeda,uni-i̯ kat̪ʰa ɔlɔʔ-ked-a,3SG.ANIM-3SG.ANIM word write-PST-FIN,He/she wrote the word.
synthetic_bangla_glossed.eaf,25,48789,50786,apɛ d̪ɔ ɾan kiɾiɲa,apɛ d̪ɔ ɾan kiɾiɲ-a,2PL TOP medicine buy-FIN,You all will buy the medicine.
synthetic_texts_glossed.eaf,26,50786,52341,bəteɾɛ əjup̕ pajaɾ menaa,bəte-ɾɛ əjup̕ pajaɾ mena-a,courtyard.of.house-LOC eventide exist-FIN,There is an eventide in the courtyard of house.
synthetic_texts_glossed.eaf,27,52341,54135,pusi d̪ɔ mɔ̃ɟa,pusi d̪ɔ mɔ̃ɟ-a,cat TOP good-FIN,The cat is good.
synthetic_paradigm_glossed.eaf,28,54135,56213,oŋkoaʔ ahɾan pahaɾand d̪ɔ ɟɘɾuɽa,oŋko-aʔ ahɾan pahaɾand d̪ɔ ɟɘɾuɽ-a,3PL-GEN apparel TOP important-FIN,Their apparel is important.
synthetic_paradigm_glossed.eaf,29,56213,57796,unii̯ ɟɔmaʔ ɘkʰɾiɲkeda,uni-i̯ ɟɔmaʔ ɘkʰɾiɲ-ked-a,3SG.ANIM-3SG.ANIM food sell-PST-FIN,He/she sold the food.
synthetic_new_glossed.eaf,30,57796,59697,uni d̪ɔ t̪o̯͡a ɲuakada,uni d̪ɔ t̪o̯͡a ɲu-akad-a,3SG.ANIM TOP milk drink-PRF-FIN,He/she has drunk the milk.
synthetic_texts_glossed.eaf,31,59697,61433,bilətɾɛ bɛɾõʈ duk menaa,bilət-ɾɛ bɛɾõʈ duk mena-a,england-LOC gripes exist-FIN,There is a gripes in the england.
synthetic_bangla_glossed.eaf,32,61433,63452,oŋko d̪ɔ kat̪ʰa ɾɔɽa,oŋko d̪ɔ kat̪ʰa ɾɔɽ-a,3PL.ANIM TOP word speak-FIN,They will speak the word.
synthetic_see_paradigm.eaf,33,63452,65981,iɲ d̪ɔ pɘɾsi bɘɲ ɔlɔʔa,iɲ d̪ɔ pɘɾsi bɘ-ɲ ɔlɔʔ-a,1SG TOP language NEG-1SG write-FIN,I do not write the language.
synthetic_bangla_glossed.eaf,34,65981,68857,apɛ d̪ɔ ɾan aɾ mɔbaĭl pʰon kiɾiɲa,apɛ d̪ɔ ɾan aɾ mɔbaĭl pʰon kiɾiɲ-a,2PL TOP medicine and mobile.phone buy-FIN,You all will buy the medicine and the mobile phone.
synthetic_see_paradigm.eaf,35,68857,71265,uni d̪ɔ ɟɔmaʔ bai̯ kiɾiɲa,uni d̪ɔ ɟɔmaʔ ba-i̯ kiɾiɲ-a,3SG.ANIM TOP food NEG-3SG.ANIM buy-FIN,He/she does not buy the food.
synthetic_texts_glossed.eaf,36,71265,72926,bʰakaɾa d̪ɔ ɟɘɾuɽa,bʰakaɾa d̪ɔ ɟɘɾuɽ-a,rumour TOP important-FIN,The rumour is important.
synthetic_dialogues_glossed.eaf,37,72926,74806,gaɖa d̪ɔ ɔkaɾɛ menaa,gaɖa d̪ɔ ɔka-ɾɛ mena-a,river TOP where-LOC exist-FIN,Where is the river?
synthetic_texts_glossed.eaf,38,74806,76536,bʰut͡ʃəɽ d̪ɔ sapʰaa,bʰut͡ʃəɽ d̪ɔ sapʰa-a,butcher TOP clean-FIN,The butcher is clean.
synthetic_paradigm_glossed.eaf,39,76536,78512,alɛaʔ pusi d̪ɔ mɔ̃ɟa,alɛ-aʔ pusi d̪ɔ mɔ̃ɟ-a,1PL.EXCL-GEN cat TOP good-FIN,Our cat is good.
synthetic_dialogues_glossed.eaf,40,78512,79748,cɛt̪ʔlɛka meni̯a,cɛt̪ʔ-lɛka men-i̯-a,how-like be.NFIN-3SG.ANIM-FIN,How is he/she?
synthetic_paradigm_glossed.eaf,41,79748,81596,oŋkoko haku kiɾiɲkeda,oŋko-ko haku kiɾiɲ-ked-a,3PL.ANIM-3PL.ANIM fish buy-PST-FIN,They bought the fish.
synthetic_texts_glossed.eaf,42,81596,83233,aɲd͡ʒle d̪ɔ mɔ̃ɟa,aɲd͡ʒle d̪ɔ mɔ̃ɟ-a,handful TOP good-FIN,The handful is good.
synthetic_see_paradigm.eaf,43,83233,85633,am d̪ɔ haku bam ɘkʰɾiɲa,am d̪ɔ haku ba-m ɘkʰɾiɲ-a,2SG TOP fish NEG-2SG sell-FIN,You do not sell the fish.
synthetic_paradigm_glossed.eaf,44,85633,87618,amaʔ t̪o̯͡a d̪ɔ sibila,am-aʔ t̪o̯͡a d̪ɔ sibil-a,2SG-GEN milk TOP tasty-FIN,Your milk is tasty.
synthetic_bangla_glossed.eaf,45,87618,90357,apɛ d̪ɔ ɲɛlɛɾasa aɾ basaŋ ɟɔma,apɛ d̪ɔ ɲɛlɛɾasa aɾ basaŋ ɟɔm-a,2PL TOP honey and cooked.food eat-FIN,You all will eat the honey and the cooked food.
synthetic_paradigm_glossed.eaf,46,90357,92470,amaʔ əpəi̯ d̪ɔ ɟɘɾuɽa,am-aʔ əpəi̯ d̪ɔ ɟɘɾuɽ-a,2SG-GEN fault TOP important-FIN,Your fault is important.
synthetic_texts_glossed.eaf,47,92470,94116,bəteɾɛ ɾan menaa,bəte-ɾɛ ɾan mena-a,courtyard.of.house-LOC medicine exist-FIN,There is a medicine in the courtyard of house.
synthetic_new_glossed_3.eaf,48,94116,96389,mit̪ʔʈɛn bibɔɾɔn d̪ɔ at̪oɾɛ menaa,mit̪ʔ-ʈɛn bibɔɾɔn d̪ɔ at̪o-ɾɛ mena-a,one-CLF.HUM generation TOP village-LOC exist-FIN,One generation is in the village.
synthetic_see_paradigm.eaf,49,96389,97864,oŋkoko kɘmiɛd̪a,oŋko-ko kɘmi-ɛ-d̪a,3PL.ANIM-3PL.ANIM work-PROG-FIN,They are working.
synthetic_see_paradigm.eaf,50,97864,100110,oŋko d̪ɔ ɟɔmaʔ bako ɲama,oŋko d̪ɔ ɟɔmaʔ ba-ko ɲam-a,3PL.ANIM TOP food NEG-3PL.ANIM get-FIN,They do not get the food.
synthetic_bangla_glossed.eaf,51,100110,102118,iɲ d̪ɔ haku ɟɔma,iɲ d̪ɔ haku ɟɔm-a,1SG TOP fish eat-FIN,I will eat the fish.
synthetic_new_glossed.eaf,52,102118,104103,apɛ d̪ɔ ɲɛlɛɾasa ɟɔmakada,apɛ d̪ɔ ɲɛlɛɾasa ɟɔm-akad-a,2PL TOP honey eat-PRF-FIN,You all have eaten the honey.
synthetic_paradigm_glossed.eaf,53,104103,105633,apɛpɛ kat̪ʰa ɔlɔʔkeda,apɛ-pɛ kat̪ʰa ɔlɔʔ-ked-a,2PL-2PL word write-PST-FIN,You all wrote the word.
synthetic_bangla_glossed.eaf,54,105633,107759,apɛ d̪ɔ d̪aʔ ɲua,apɛ d̪ɔ d̪aʔ ɲu-a,2PL TOP water drink-FIN,You all will drink the water.
synthetic_new_glossed_3.eaf,55,107759,110275,mit̪ʔʈɛn hɔɽ d̪ɔ at̪oɾɛ menaa,mit̪ʔ-ʈɛn hɔɽ d̪ɔ at̪o-ɾɛ mena-a,one-CLF.HUM person TOP village-LOC exist-FIN,One person is in the village.
synthetic_bangla_glossed.eaf,56,110275,112154,oŋko d̪ɔ bandʰec̕ ɲɛla,oŋko d̪ɔ bandʰec̕ ɲɛl-a,3PL.ANIM TOP appliance see-FIN,They will see the appliance.
synthetic_paradigm_glossed.eaf,57,112154,114152,uniaʔ bʰaɽa d̪ɔ ɟɘɾuɽa,uni-aʔ bʰaɽa d̪ɔ ɟɘɾuɽ-a,3SG-GEN fare TOP important-FIN,His/her fare is important.
synthetic_bangla_glossed.eaf,58,114152,116316,uni d̪ɔ ɾan ɲama,uni d̪ɔ ɾan ɲam-a,3SG.ANIM TOP medicine get-FIN,He/she will get the medicine.
synthetic_paradigm_glossed.eaf,59,116316,117855,unii̯ sikʰnɘt̪ paɽha͡o̯keda,uni-i̯ sikʰnɘt̪ paɽha͡o̯-ked-a,3SG.ANIM-3SG.ANIM lesson study-PST-FIN,He/she studied the lesson.
synthetic_texts_glossed.eaf,60,117855,119626,bade d̪ɔ mɔ̃ɟa,bade d̪ɔ mɔ̃ɟ-a,heddles.of.loom TOP good-FIN,The heddles of loom is good.
synthetic_dialogues_glossed.eaf,61,119626,123109,uni d̪ɔ pʰɔʈɔ ɲama mɛnkʰan pʰɔʈɔ bai̯ ɲama,uni d̪ɔ pʰɔʈɔ ɲam-a mɛnkʰan pʰɔʈɔ ba-i̯ ɲam-a,3SG.ANIM TOP photo get-FIN but photo NEG-3SG.ANIM get-FIN,"He/she will get the photo, but does not get the photo."
synthetic_dialogues_glossed.eaf,62,123109,126610,iɲ d̪ɔ ʈaka ɲama mɛnkʰan ɟɔmaʔ bɘɲ ɲama,iɲ d̪ɔ ʈaka ɲam-a mɛnkʰan ɟɔmaʔ bɘ-ɲ ɲam-a,1SG TOP money get-FIN but food NEG-1SG get-FIN,"I will get the money, but do not get the food."
synthetic_see_paradigm.eaf,63,126610,128884,uni d̪ɔ d̪aʔ bai̯ ɲua,uni d̪ɔ d̪aʔ ba-i̯ ɲu-a,3SG.ANIM TOP water NEG-3SG.ANIM drink-FIN,He/she does not drink the water.
synthetic_new_glossed_3.eaf,64,128884,131352,mit̪ʔʈɛn hɔɽ d̪ɔ ɟɔlaɾɛ menaa,mit̪ʔ-ʈɛn hɔɽ d̪ɔ ɟɔla-ɾɛ mena-a,one-CLF.HUM person TOP lake-LOC exist-FIN,One person is in the lake.
synthetic_dialogues_glossed.eaf,65,131352,134852,oŋko d̪ɔ mɔbaĭl pʰon ɘkʰɾiɲa mɛnkʰan ɟɔmaʔ bako ɘkʰɾiɲa,oŋko d̪ɔ mɔbaĭl pʰon ɘkʰɾiɲ-a mɛnkʰan ɟɔmaʔ ba-ko ɘkʰɾiɲ-a,3PL.ANIM TOP mobile.phone sell-FIN but food NEG-3PL.ANIM sell-FIN,"They will sell the mobile phone, but do not sell the food."
synthetic_school_dialogue_glossed.eaf,66,134852,137782,hɔlaɾɛ oŋko ɾan ɲɛlkat̪ɛ ɔɽaʔɾɛ calaʔa,hɔla-ɾɛ oŋko ɾan ɲɛl-kat̪ɛ ɔɽaʔ-ɾɛ calaʔ-a,yesterday-LOC 3PL.ANIM medicine see-CVB house-LOC go-FIN,"Yesterday, they see the medicine and then go to the house."
synthetic_bangla_glossed.eaf,67,137782,139991,alɛ d̪ɔ bəki bɔkɔe̯a ɲɛla,alɛ d̪ɔ bəki bɔkɔe̯a ɲɛl-a,1PL.EXCL TOP remainder see-FIN,We will see the remainder.
synthetic_texts_glossed.eaf,68,139991,141824,bilənɾɛ ad͡ʒa menaa,bilən-ɾɛ ad͡ʒa mena-a,wide.expanse.of-LOC grandfather exist-FIN,There is a grandfather in the wide expanse of land.
synthetic_texts_glossed.eaf,69,141824,143438,kat̪ʰa d̪ɔ mɔ̃ɟa,kat̪ʰa d̪ɔ mɔ̃ɟ-a,word TOP good-FIN,The word is good.
synthetic_bangla_glossed.eaf,70,143438,146156,uni d̪ɔ haku aɾ basaŋ ɟɔma,uni d̪ɔ haku aɾ basaŋ ɟɔm-a,3SG.ANIM TOP fish and cooked.food eat-FIN,He/she will eat the fish and the cooked food.
synthetic_texts_glossed.eaf,71,146156,147857,ɟiŋgi d̪ɔ ɟɘɾuɽa,ɟiŋgi d̪ɔ ɟɘɾuɽ-a,life TOP important-FIN,The life is important.
synthetic_see_paradigm.eaf,72,147857,150355,iɲ d̪ɔ gɔgɔ bɘɲ gɔɽɔa,iɲ d̪ɔ gɔgɔ bɘ-ɲ gɔɽɔ-a,1SG TOP mother NEG-1SG help-FIN,I do not help the mother.
synthetic_bangla_glossed.eaf,73,150355,152235,oŋko d̪ɔ kat̪ʰa paɽha͡o̯a,oŋko d̪ɔ kat̪ʰa paɽha͡o̯-a,3PL.ANIM TOP word study-FIN,They will study the word.
synthetic_new_glossed_3.eaf,74,152235,154649,mit̪ʔ ɟɔmaʔ d̪ɔ sɔhɔɽɾɛ menaa,mit̪ʔ ɟɔmaʔ d̪ɔ sɔhɔɽ-ɾɛ mena-a,one food TOP town-LOC exist-FIN,One food is in the town.
synthetic_bangla_glossed.eaf,75,154649,156750,oŋko d̪ɔ əi̯məi̯ ɲɛla,oŋko d̪ɔ əi̯məi̯ ɲɛl-a,3PL.ANIM TOP woman see-FIN,They will see the woman.
synthetic_see_paradigm.eaf,76,156750,158155,oŋkoko t̪ɘŋgiɛd̪a,oŋko-ko t̪ɘŋgi-ɛ-d̪a,3PL.ANIM-3PL.ANIM wait-PROG-FIN,They are waiting.
synthetic_see_paradigm.eaf,77,158155,159618,unii̯ hiɟuʔɛd̪a,uni-i̯ hiɟuʔ-ɛ-d̪a,3SG.ANIM-3SG.ANIM come-PROG-FIN,He/she is coming.
synthetic_new_glossed_3.eaf,78,159618,162118,mit̪ʔʈɛn bʰəgnə d̪ɔ ɟɔlaɾɛ menaa,mit̪ʔ-ʈɛn bʰəgnə d̪ɔ ɟɔla-ɾɛ mena-a,one-CLF.HUM nephew TOP lake-LOC exist-FIN,One nephew is in the lake.
synthetic_paradigm_glossed.eaf,79,162118,164030,alɛaʔ ato posu d̪ɔ mɔ̃ɟa,alɛ-aʔ ato posu d̪ɔ mɔ̃ɟ-a,1PL.EXCL-GEN domestic.animal TOP good-FIN,Our domestic animal is good.
synthetic_texts_glossed.eaf,80,164030,165558,baɾ isi d̪ɔ ɟɘɾuɽa,baɾ isi d̪ɔ ɟɘɾuɽ-a,forty TOP important-FIN,The forty is important.
synthetic_see_paradigm.eaf,81,165558,168023,alɛ d̪ɔ ɟɔmaʔ balɛ kiɾiɲa,alɛ d̪ɔ ɟɔmaʔ ba-lɛ kiɾiɲ-a,1PL.EXCL TOP food NEG-1PL.EXCL buy-FIN,We do not buy the food.
synthetic_see_paradigm.eaf,82,168023,170492,uni d̪ɔ ɟɔmaʔ bai̯ ɟɔma,uni d̪ɔ ɟɔmaʔ ba-i̯ ɟɔm-a,3SG.ANIM TOP food NEG-3SG.ANIM eat-FIN,He/she does not eat the food.
synthetic_school_dialogue_glossed.eaf,83,170492,173161,sɛt̪aʔɾɛ iɲ d̪aʔ ɲukat̪ɛ gaɖaɾɛ kɘmia,sɛt̪aʔ-ɾɛ iɲ d̪aʔ ɲu-kat̪ɛ gaɖa-ɾɛ kɘmi-a,morning-LOC 1SG water drink-CVB river-LOC work-FIN,"In the morning, I drink the water and then work in the river."
synthetic_see_paradigm.eaf,84,173161,174627,alɛlɛ kiɾiɲɛd̪a,alɛ-lɛ kiɾiɲ-ɛ-d̪a,1PL.EXCL-1PL.EXCL buy-PROG-FIN,We are buying.
synthetic_dialogues_glossed.eaf,85,174627,178000,alɛ d̪ɔ kat̪ʰa paɽha͡o̯a mɛnkʰan pɘɾsi balɛ paɽha͡o̯a,alɛ d̪ɔ kat̪ʰa paɽha͡o̯-a mɛnkʰan pɘɾsi ba-lɛ paɽha͡o̯-a,1PL.EXCL TOP word study-FIN but language NEG-1PL.EXCL study-FIN,"We will study the word, but do not study the language."
synthetic_school_dialogue_glossed.eaf,86,178000,180729,hɔlaɾɛ apɛ kat̪ʰa ɔlɔʔkat̪ɛ kuɲɾɛ gat̪ea,hɔla-ɾɛ apɛ kat̪ʰa ɔlɔʔ-kat̪ɛ kuɲ-ɾɛ gat̪e-a,yesterday-LOC 2PL word write-CVB well-LOC play-FIN,"Yesterday, you all write the word and then play in the well."
synthetic_texts_glossed.eaf,87,180729,182514,bʰabna d̪ɔ sapʰaa,bʰabna d̪ɔ sapʰa-a,anxiety TOP clean-FIN,The anxiety is clean.
synthetic_bangla_glossed.eaf,88,182514,184384,oŋko d̪ɔ ɟɔmaʔ ɘkʰɾiɲa,oŋko d̪ɔ ɟɔmaʔ ɘkʰɾiɲ-a,3PL.ANIM TOP food sell-FIN,They will sell the food.
synthetic_bangla_glossed.eaf,89,184384,186495,oŋko d̪ɔ hɔɽ gɔɽɔa,oŋko d̪ɔ hɔɽ gɔɽɔ-a,3PL.ANIM TOP person help-FIN,They will help the person.
synthetic_new_glossed.eaf,90,186495,188693,uni d̪ɔ haku ɟɔmakada,uni d̪ɔ haku ɟɔm-akad-a,3SG.ANIM TOP fish eat-PRF-FIN,He/she has eaten the fish.
synthetic_dialogues_glossed.eaf,91,188693,192073,oŋko d̪ɔ gʰuɽi ɘkʰɾiɲa mɛnkʰan mɔbaĭl pʰon bako ɘkʰɾiɲa,oŋko d̪ɔ gʰuɽi ɘkʰɾiɲ-a mɛnkʰan mɔbaĭl pʰon ba-ko ɘkʰɾiɲ-a,3PL.ANIM TOP watch sell-FIN but mobile.phone NEG-3PL.ANIM sell-FIN,"They will sell the watch, but do not sell the mobile phone."
synthetic_paradigm_glossed.eaf,92,192073,193948,alɛaʔ ɖak̚t̪aɾ d̪ɔ lɘʈua,alɛ-aʔ ɖak̚t̪aɾ d̪ɔ lɘʈu-a,1PL.EXCL-GEN doctor TOP small-FIN,Our doctor is small.
synthetic_paradigm_glossed.eaf,93,193948,195578,apɛpɛ haku ɘkʰɾiɲkeda,apɛ-pɛ haku ɘkʰɾiɲ-ked-a,2PL-2PL fish sell-PST-FIN,You all sold the fish.
synthetic_new_glossed_3.eaf,94,195578,197931,mit̪ʔ ʈaka d̪ɔ gaɖaɾɛ menaa,mit̪ʔ ʈaka d̪ɔ gaɖa-ɾɛ mena-a,one money TOP river-LOC exist-FIN,One money is in the river.
synthetic_bangla_glossed.eaf,95,197931,199966,alɛ d̪ɔ pɘɾsi ɔlɔʔa,alɛ d̪ɔ pɘɾsi ɔlɔʔ-a,1PL.EXCL TOP language write-FIN,We will write the language.
synthetic_bangla_glossed.eaf,96,199966,201973,uni d̪ɔ ɖak̚t̪aɾ gɔɽɔa,uni d̪ɔ ɖak̚t̪aɾ gɔɽɔ-a,3SG.ANIM TOP doctor help-FIN,He/she will help the doctor.
synthetic_texts_glossed.eaf,97,201973,203538,suk̚ɾi d̪ɔ ɾɘskɘa,suk̚ɾi d̪ɔ ɾɘskɘ-a,pig TOP happy-FIN,The pig is happy.
synthetic_bangla_glossed.eaf,98,203538,205643,uni d̪ɔ pʰɔʈɔ ɲama,uni d̪ɔ pʰɔʈɔ ɲam-a,3SG.ANIM TOP photo get-FIN,He/she will get the photo.
synthetic_new_glossed_3.eaf,99,205643,207938,mit̪ʔʈɛn ɟɘliɘ d̪ɔ sɔhɔɽɾɛ menaa,mit̪ʔ-ʈɛn ɟɘliɘ d̪ɔ sɔhɔɽ-ɾɛ mena-a,one-CLF.HUM fisherman TOP town-LOC exist-FIN,One fisherman is in the town.
synthetic_school_dialogue_glossed.eaf,100,207938,210816,sɛt̪aʔɾɛ iɲ kat̪ʰa ɔlɔʔkat̪ɛ kuɲɾɛ hiɟuʔa,sɛt̪aʔ-ɾɛ iɲ kat̪ʰa ɔlɔʔ-kat̪ɛ kuɲ-ɾɛ hiɟuʔ-a,morning-LOC 1SG word write-CVB well-LOC come-FIN,"In the morning, I write the word and then come to the well."
synthetic_see_paradigm.eaf,101,210816,212039,iɲiɲ calaʔɛd̪a,iɲ-iɲ calaʔ-ɛ-d̪a,1SG-1SG go-PROG-FIN,I am going.
synthetic_paradigm_glossed.eaf,102,212039,213933,iɲaʔ pɔɾɔb d̪ɔ nɔwaa,iɲ-aʔ pɔɾɔb d̪ɔ nɔwa-a,1SG-GEN festival TOP new-FIN,My festival is new.
synthetic_bangla_glossed.eaf,103,213933,216742,uni d̪ɔ əpɾug aɾ bʰelə̃uɳɖi ɲɛla,uni d̪ɔ əpɾug aɾ bʰelə̃uɳɖi ɲɛl-a,3SG.ANIM TOP choice and goat.s.dropping see-FIN,He/she will see the choice and the goat's dropping.
synthetic_imperatives_glossed.eaf,104,216742,218716,d̪a.ja kat̪ɛ iskulɾɛ t̪ɘŋgimɛ,d̪a.ja kat̪ɛ iskul-ɾɛ t̪ɘŋgi-mɛ,please Manner school-LOC wait-IMP.2SG.POL,Please wait in the school.
synthetic_school_dialogue_glossed.eaf,105,218716,221441,ɔkt̪ɛɾɛ am pɘɾsi paɽha͡o̯kat̪ɛ gaɖaɾɛ calaʔa,ɔkt̪ɛ-ɾɛ am pɘɾsi paɽha͡o̯-kat̪ɛ gaɖa-ɾɛ calaʔ-a,time-LOC 2SG language study-CVB river-LOC go-FIN,"At that time, you study the language and then go to the river."
synthetic_texts_glossed.eaf,106,221441,223220,basaɾɛ pɔɾɔb menaa,basa-ɾɛ pɔɾɔb mena-a,residence-LOC festival exist-FIN,There is a festival in the residence.
synthetic_bangla_glossed.eaf,107,223220,225331,alɛ d̪ɔ pɘɾsi ɾɔɽa,alɛ d̪ɔ pɘɾsi ɾɔɽ-a,1PL.EXCL TOP language speak-FIN,We will speak the language.
synthetic_new_glossed.eaf,108,225331,227528,iɲ d̪ɔ gʰuɽi ɘkʰɾiɲakada,iɲ d̪ɔ gʰuɽi ɘkʰɾiɲ-akad-a,1SG TOP watch sell-PRF-FIN,I have sold the watch.
synthetic_bangla_glossed.eaf,109,227528,229583,uni d̪ɔ haku kiɾiɲa,uni d̪ɔ haku kiɾiɲ-a,3SG.ANIM TOP fish buy-FIN,He/she will buy the fish.
synthetic_school_dialogue_glossed.eaf,110,229583,232509,t̪eheɲɾɛ am basaŋ ɟɔmkat̪ɛ ɔɽaʔɾɛ kɘmia,t̪eheɲ-ɾɛ am basaŋ ɟɔm-kat̪ɛ ɔɽaʔ-ɾɛ kɘmi-a,today-LOC 2SG cooked.food eat-CVB house-LOC work-FIN,"Today, you eat the cooked food and then work in the house."
synthetic_texts_glossed.eaf,111,232509,234160,bid͡ʒli d̪ɔ mɔ̃ɟa,bid͡ʒli d̪ɔ mɔ̃ɟ-a,lightning TOP good-FIN,The lightning is good.
synthetic_see_paradigm.eaf,112,234160,236624,apɛ d̪ɔ kat̪ʰa bapɛ ɔlɔʔa,apɛ d̪ɔ kat̪ʰa ba-pɛ ɔlɔʔ-a,2PL TOP word NEG-2PL write-FIN,You all do not write the word.
synthetic_texts_glossed.eaf,113,236624,238330,bʰiduk d̪ɔ lɘʈua,bʰiduk d̪ɔ lɘʈu-a,pretender TOP small-FIN,The pretender is small.
synthetic_paradigm_glossed.eaf,114,238330,240122,apɛpɛ pɘɾsi ɔlɔʔkeda,apɛ-pɛ pɘɾsi ɔlɔʔ-ked-a,2PL-2PL language write-PST-FIN,You all wrote the language.
synthetic_texts_glossed.eaf,115,240122,241731,bʰugək̕ɾɛ gaɖa menaa,bʰugək̕-ɾɛ gaɖa mena-a,cave-LOC river exist-FIN,There is a river in the cave.
synthetic_bangla_glossed.eaf,116,241731,244391,oŋko d̪ɔ beɽ aɾ alad͡ʒʰala ɲɛla,oŋko d̪ɔ beɽ aɾ alad͡ʒʰala ɲɛl-a,3PL.ANIM TOP span and distress see-FIN,They will see the span and the distress.
synthetic_texts_glossed.eaf,117,244391,246019,ɟɔlaɾɛ alagd͡ʒəɽi menaa,ɟɔla-ɾɛ alagd͡ʒəɽi mena-a,lake-LOC parasitic.plant exist-FIN,There is a parasitic plant in the lake.
synthetic_new_glossed.eaf,118,246019,247899,am d̪ɔ t̪o̯͡a ɲuakada,am d̪ɔ t̪o̯͡a ɲu-akad-a,2SG TOP milk drink-PRF-FIN,You have drunk the milk.
synthetic_bangla_glossed.eaf,119,247899,250057,apɛ d̪ɔ gʰuɽi ɘkʰɾiɲa,apɛ d̪ɔ gʰuɽi ɘkʰɾiɲ-a,2PL TOP watch sell-FIN,You all will sell the watch.
synthetic_paradigm_glossed.eaf,120,250057,252113,oŋkoaʔ bʰəgiə̯ɾi d̪ɔ mɔ̃ɟa,oŋko-aʔ bʰəgiə̯ɾi d̪ɔ mɔ̃ɟ-a,3PL-GEN partner TOP good-FIN,Their partner is good.
synthetic_see_paradigm.eaf,121,252113,253316,oŋkoko hiɟuʔɛd̪a,oŋko-ko hiɟuʔ-ɛ-d̪a,3PL.ANIM-3PL.ANIM come-PROG-FIN,They are coming.
synthetic_see_paradigm.eaf,122,253316,255682,uni d̪ɔ kat̪ʰa bai̯ ɔlɔʔa,uni d̪ɔ kat̪ʰa ba-i̯ ɔlɔʔ-a,3SG.ANIM TOP word NEG-3SG.ANIM write-FIN,He/she does not write the word.
synthetic_bangla_glossed.eaf,123,255682,257709,iɲ d̪ɔ kat̪ʰa ɔlɔʔa,iɲ d̪ɔ kat̪ʰa ɔlɔʔ-a,1SG TOP word write-FIN,I will write the word.
synthetic_see_paradigm.eaf,124,257709,260093,apɛ d̪ɔ bʰul bapɛ ɲɛla,apɛ d̪ɔ bʰul ba-pɛ ɲɛl-a,2PL TOP blunder NEG-2PL see-FIN,You all do not see the blunder.
synthetic_dialogues_glossed.eaf,125,260093,263429,uni d̪ɔ kat̪ʰa ɔlɔʔa mɛnkʰan pɘɾsi bai̯ ɔlɔʔa,uni d̪ɔ kat̪ʰa ɔlɔʔ-a mɛnkʰan pɘɾsi ba-i̯ ɔlɔʔ-a,3SG.ANIM TOP word write-FIN but language NEG-3SG.ANIM write-FIN,"He/she will write the word, but does not write the language."
synthetic_dialogues_glossed.eaf,126,263429,267048,iɲ d̪ɔ pɘɾsi ɾɔɽa mɛnkʰan kat̪ʰa bɘɲ ɾɔɽa,iɲ d̪ɔ pɘɾsi ɾɔɽ-a mɛnkʰan kat̪ʰa bɘ-ɲ ɾɔɽ-a,1SG TOP language speak-FIN but word NEG-1SG speak-FIN,"I will speak the language, but do not speak the word."
synthetic_new_glossed_3.eaf,127,267048,269531,mit̪ʔ haku d̪ɔ ɔɽaʔɾɛ menaa,mit̪ʔ haku d̪ɔ ɔɽaʔ-ɾɛ mena-a,one fish TOP house-LOC exist-FIN,One fish is in the house.
synthetic_paradigm_glossed.eaf,128,269531,271644,iɲaʔ gid̪ɾɘ d̪ɔ ɾɘskɘa,iɲ-aʔ gid̪ɾɘ d̪ɔ ɾɘskɘ-a,1SG-GEN child TOP happy-FIN,My child is happy.
synthetic_dialogues_glossed.eaf,129,271644,275133,alɛ d̪ɔ mɔbaĭl pʰon kiɾiɲa mɛnkʰan gʰuɽi balɛ kiɾiɲa,alɛ d̪ɔ mɔbaĭl pʰon kiɾiɲ-a mɛnkʰan gʰuɽi ba-lɛ kiɾiɲ-a,1PL.EXCL TOP mobile.phone buy-FIN but watch NEG-1PL.EXCL buy-FIN,"We will buy the mobile phone, but do not buy the watch."
synthetic_dialogues_glossed.eaf,130,275133,278745,uni d̪ɔ ɾan ɲama mɛnkʰan ɟɔmaʔ bai̯ ɲama,uni d̪ɔ ɾan ɲam-a mɛnkʰan ɟɔmaʔ ba-i̯ ɲam-a,3SG.ANIM TOP medicine get-FIN but food NEG-3SG.ANIM get-FIN,"He/she will get the medicine, but does not get the food."
synthetic_imperatives_glossed.eaf,131,278745,280817,d̪a.ja kat̪ɛ ɲɛlɛɾasa ɟɔmmɛ,d̪a.ja kat̪ɛ ɲɛlɛɾasa ɟɔm-mɛ,please Manner honey eat-IMP.2SG.POL,Please eat the honey.
synthetic_texts_glossed.eaf,132,280817,282411,aɖe ʈolaɾɛ ɟiŋgi menaa,aɖe ʈola-ɾɛ ɟiŋgi mena-a,vicinity-LOC life exist-FIN,There is a life in the vicinity.
synthetic_texts_glossed.eaf,133,282411,283962,sɔhɔɽɾɛ ae̯ menaa,sɔhɔɽ-ɾɛ ae̯ mena-a,town-LOC measure exist-FIN,There is a measure in the town.
synthetic_bangla_glossed.eaf,134,283962,286070,am d̪ɔ ʈaka ɲama,am d̪ɔ ʈaka ɲam-a,2SG TOP money get-FIN,You will get the money.
synthetic_texts_glossed.eaf,135,286070,287696,bilətɾɛ kuɲ menaa,bilət-ɾɛ kuɲ mena-a,england-LOC well exist-FIN,There is a well in the england.
synthetic_new_glossed.eaf,136,287696,289827,uni d̪ɔ haku ɘkʰɾiɲakada,uni d̪ɔ haku ɘkʰɾiɲ-akad-a,3SG.ANIM TOP fish sell-PRF-FIN,He/she has sold the fish.
synthetic_dialogues_glossed.eaf,137,289827,293455,uni d̪ɔ bʰəti ɲɛla mɛnkʰan aɽaŋ bai̯ ɲɛla,uni d̪ɔ bʰəti ɲɛl-a mɛnkʰan aɽaŋ ba-i̯ ɲɛl-a,3SG.ANIM TOP kernel.of.half see-FIN but voice NEG-3SG.ANIM see-FIN,"He/she will see the kernel of half-ripe fruits, but does not see the voice."
synthetic_texts_glossed.eaf,138,293455,295175,gaɖaɾɛ bʰagwa menaa,gaɖa-ɾɛ bʰagwa mena-a,river-LOC attire exist-FIN,There is an attire in the river.
synthetic_see_paradigm.eaf,139,295175,297691,uni d̪ɔ baba bai̯ gɔɽɔa,uni d̪ɔ baba ba-i̯ gɔɽɔ-a,3SG.ANIM TOP father NEG-3SG.ANIM help-FIN,He/she does not help the father.
synthetic_bangla_glossed.eaf,140,297691,299751,iɲ d̪ɔ ɲɛlɛɾasa ɟɔma,iɲ d̪ɔ ɲɛlɛɾasa ɟɔm-a,1SG TOP honey eat-FIN,I will eat the honey.
synthetic_texts_glossed.eaf,141,299751,301356,akʰɾoʈ d̪ɔ sibila,akʰɾoʈ d̪ɔ sibil-a,walnut TOP tasty-FIN,The walnut is tasty.
synthetic_texts_glossed.eaf,142,301356,303147,aɖe ʈolaɾɛ d̪aʔ menaa,aɖe ʈola-ɾɛ d̪aʔ mena-a,vicinity-LOC water exist-FIN,There is a water in the vicinity.
synthetic_new_glossed.eaf,143,303147,305128,iɲ d̪ɔ kat̪ʰa paɽha͡o̯akada,iɲ d̪ɔ kat̪ʰa paɽha͡o̯-akad-a,1SG TOP word study-PRF-FIN,I have studied the word.
synthetic_paradigm_glossed.eaf,144,305128,306652,amɛm kat̪ʰa ɔlɔʔkeda,am-ɛm kat̪ʰa ɔlɔʔ-ked-a,2SG-2SG word write-PST-FIN,You wrote the word.
synthetic_bangla_glossed.eaf,145,306652,308606,am d̪ɔ pɘɾsi ɔlɔʔa,am d̪ɔ pɘɾsi ɔlɔʔ-a,2SG TOP language write-FIN,You will write the language.
synthetic_new_glossed_3.eaf,146,308606,311154,mit̪ʔ ɲɛlɛɾasa d̪ɔ iskulɾɛ menaa,mit̪ʔ ɲɛlɛɾasa d̪ɔ iskul-ɾɛ mena-a,one honey TOP school-LOC exist-FIN,One honey is in the school.
synthetic_new_glossed_3.eaf,147,311154,313591,mit̪ʔʈɛn baɾet d̪ɔ kuɲɾɛ menaa,mit̪ʔ-ʈɛn baɾet d̪ɔ kuɲ-ɾɛ mena-a,one-CLF.HUM brother TOP well-LOC exist-FIN,One brother is in the well.
synthetic_see_paradigm.eaf,148,313591,316057,uni d̪ɔ pɘɾsi bai̯ ɾɔɽa,uni d̪ɔ pɘɾsi ba-i̯ ɾɔɽ-a,3SG.ANIM TOP language NEG-3SG.ANIM speak-FIN,He/she does not speak the language.
synthetic_bangla_glossed.eaf,149,316057,318706,am d̪ɔ bʰagat aɾ bihet̕ ɲɛla,am d̪ɔ bʰagat aɾ bihet̕ ɲɛl-a,2SG TOP vegetarian and cattle.call see-FIN,You will see the vegetarian and the cattle call.
synthetic_texts_glossed.eaf,150,318706,320555,ɟɔlaɾɛ pɔɾɔb menaa,ɟɔla-ɾɛ pɔɾɔb mena-a,lake-LOC festival exist-FIN,There is a festival in the lake.
synthetic_see_paradigm.eaf,151,320555,321734,alɛlɛ d̪uɽup̚ʔɛd̪a,alɛ-lɛ d̪uɽup̚ʔ-ɛ-d̪a,1PL.EXCL-1PL.EXCL sit-PROG-FIN,We are sitting.
synthetic_new_glossed.eaf,152,321734,323826,apɛ d̪ɔ pɘɾsi ɾɔɽakada,apɛ d̪ɔ pɘɾsi ɾɔɽ-akad-a,2PL TOP language speak-PRF-FIN,You all have spoken the language.
synthetic_texts_glossed.eaf,153,323826,325386,basɾɛ əɽis menaa,bas-ɾɛ əɽis mena-a,dwelling.place-LOC annoyance exist-FIN,There is an annoyance in the dwelling place.
synthetic_bangla_glossed.eaf,154,325386,328314,alɛ d̪ɔ t̪o̯͡a aɾ d̪aʔ ɲua,alɛ d̪ɔ t̪o̯͡a aɾ d̪aʔ ɲu-a,1PL.EXCL TOP milk and water drink-FIN,We will drink the milk and the water.
synthetic_dialogues_glossed.eaf,155,328314,330432,nit̪ʔ cɛʔɛm ceka ja,nit̪ʔ cɛ-ʔ-ɛm cek-a ja,now what-NFIN-2SG.SUBJ do-FIN Q,What will you do now?
synthetic_see_paradigm.eaf,156,330432,332758,uni d̪ɔ kat̪ʰa bai̯ paɽha͡o̯a,uni d̪ɔ kat̪ʰa ba-i̯ paɽha͡o̯-a,3SG.ANIM TOP word NEG-3SG.ANIM study-FIN,He/she does not study the word.
synthetic_see_paradigm.eaf,157,332758,335284,oŋko d̪ɔ ɾan bako kiɾiɲa,oŋko d̪ɔ ɾan ba-ko kiɾiɲ-a,3PL.ANIM TOP medicine NEG-3PL.ANIM buy-FIN,They do not buy the medicine.
synthetic_texts_glossed.eaf,158,335284,337024,sɔhɔɽɾɛ a menaa,sɔhɔɽ-ɾɛ a- mena-a,town-LOC causative.inflection exist-FIN,There is a causative inflection in the town.
synthetic_new_glossed.eaf,159,337024,339226,iɲ d̪ɔ kat̪ʰa ɔlɔʔakada,iɲ d̪ɔ kat̪ʰa ɔlɔʔ-akad-a,1SG TOP word write-PRF-FIN,I have written the word.
synthetic_new_glossed.eaf,160,339226,341379,am d̪ɔ haku kiɾiɲakada,am d̪ɔ haku kiɾiɲ-akad-a,2SG TOP fish buy-PRF-FIN,You have bought the fish.
synthetic_texts_glossed.eaf,161,341379,343198,basaɾɛ bemblaha menaa,basa-ɾɛ bemblaha mena-a,residence-LOC fool exist-FIN,There is a fool in the residence.
synthetic_texts_glossed.eaf,162,343198,344849,ɔɽaʔɾɛ ɖak̚t̪aɾ menaa,ɔɽaʔ-ɾɛ ɖak̚t̪aɾ mena-a,house-LOC doctor exist-FIN,There is a doctor in the house.
synthetic_see_paradigm.eaf,163,344849,347241,iɲ d̪ɔ pʰɔʈɔ bɘɲ ɲama,iɲ d̪ɔ pʰɔʈɔ bɘ-ɲ ɲam-a,1SG TOP photo NEG-1SG get-FIN,I do not get the photo.
synthetic_texts_glossed.eaf,164,347241,348765,ananas d̪ɔ mɔ̃ɟa,ananas d̪ɔ mɔ̃ɟ-a,pineapple TOP good-FIN,The pineapple is good.
synthetic_texts_glossed.eaf,165,348765,350316,ɔɽaʔɾɛ ən sunduk menaa,ɔɽaʔ-ɾɛ ən sunduk mena-a,house-LOC ark.of.the exist-FIN,There is an ark of the covenant in the house.
synthetic_imperatives_glossed.eaf,166,350316,352418,d̪a.ja kat̪ɛ sikʰnɘt̪ paɽha͡o̯mɛ,d̪a.ja kat̪ɛ sikʰnɘt̪ paɽha͡o̯-mɛ,please Manner lesson study-IMP.2SG.POL,Please study the lesson.
synthetic_bangla_glossed.eaf,167,352418,355204,oŋko d̪ɔ ɲɛlɛɾasa aɾ basaŋ ɟɔma,oŋko d̪ɔ ɲɛlɛɾasa aɾ basaŋ ɟɔm-a,3PL.ANIM TOP honey and cooked.food eat-FIN,They will eat the honey and the cooked food.
synthetic_school_dialogue_glossed.eaf,168,355204,357886,sɛt̪aʔɾɛ uni əɾsi ɲɛlkat̪ɛ gaɖaɾɛ kɘmia,sɛt̪aʔ-ɾɛ uni əɾsi ɲɛl-kat̪ɛ gaɖa-ɾɛ kɘmi-a,morning-LOC 3SG.ANIM mirror see-CVB river-LOC work-FIN,"In the morning, he/she see the mirror and then work in the river."
synthetic_school_dialogue_glossed.eaf,169,357886,360560,hɔlaɾɛ alɛ ɲɛlɛɾasa ɟɔmkat̪ɛ sɔhɔɽɾɛ calaʔa,hɔla-ɾɛ alɛ ɲɛlɛɾasa ɟɔm-kat̪ɛ sɔhɔɽ-ɾɛ calaʔ-a,yesterday-LOC 1PL.EXCL honey eat-CVB town-LOC go-FIN,"Yesterday, we eat the honey and then go to the town."
synthetic_paradigm_glossed.eaf,170,360560,362354,oŋkoko kat̪ʰa ɾɔɽkeda,oŋko-ko kat̪ʰa ɾɔɽ-ked-a,3PL.ANIM-3PL.ANIM word speak-PST-FIN,They spoke the word.
synthetic_dialogues_glossed.eaf,171,362354,365994,iɲ d̪ɔ ɟɔmaʔ kiɾiɲa mɛnkʰan mɔbaĭl pʰon bɘɲ kiɾiɲa,iɲ d̪ɔ ɟɔmaʔ kiɾiɲ-a mɛnkʰan mɔbaĭl pʰon bɘ-ɲ kiɾiɲ-a,1SG TOP food buy-FIN but mobile.phone NEG-1SG buy-FIN,"I will buy the food, but do not buy the mobile phone."
synthetic_new_glossed.eaf,172,365994,368151,uni d̪ɔ d̪aʔ ɲuakada,uni d̪ɔ d̪aʔ ɲu-akad-a,3SG.ANIM TOP water drink-PRF-FIN,He/she has drunk the water.
synthetic_bangla_glossed.eaf,173,368151,370975,alɛ d̪ɔ haku aɾ gʰuɽi kiɾiɲa,alɛ d̪ɔ haku aɾ gʰuɽi kiɾiɲ-a,1PL.EXCL TOP fish and watch buy-FIN,We will buy the fish and the watch.
synthetic_paradigm_glossed.eaf,174,370975,372613,apɛpɛ mɔbaĭl pʰon kiɾiɲkeda,apɛ-pɛ mɔbaĭl pʰon kiɾiɲ-ked-a,2PL-2PL mobile.phone buy-PST-FIN,You all bought the mobile phone.
synthetic_texts_glossed.eaf,175,372613,374333,bəu̯ɾi d̪ɔ ɟɘɾuɽa,bəu̯ɾi d̪ɔ ɟɘɾuɽ-a,aborigines TOP important-FIN,The aborigines is important.
synthetic_bangla_glossed.eaf,176,374333,377234,am d̪ɔ ɟɔmaʔ aɾ ɾan kiɾiɲa,am d̪ɔ ɟɔmaʔ aɾ ɾan kiɾiɲ-a,2SG TOP food and medicine buy-FIN,You will buy the food and the medicine.
synthetic_texts_glossed.eaf,177,377234,378874,iskulɾɛ gid̪ɾɘ menaa,iskul-ɾɛ gid̪ɾɘ mena-a,school-LOC child exist-FIN,There is a child in the school.
synthetic_dialogues_glossed.eaf,178,378874,382478,iɲ d̪ɔ mɔbaĭl pʰon ɘkʰɾiɲa mɛnkʰan gʰuɽi bɘɲ ɘkʰɾiɲa,iɲ d̪ɔ mɔbaĭl pʰon ɘkʰɾiɲ-a mɛnkʰan gʰuɽi bɘ-ɲ ɘkʰɾiɲ-a,1SG TOP mobile.phone sell-FIN but watch NEG-1SG sell-FIN,"I will sell the mobile phone, but do not sell the watch."
synthetic_texts_glossed.eaf,179,382478,384170,sɔhɔɽɾɛ ək menaa,sɔhɔɽ-ɾɛ ək mena-a,town-LOC sugarcane exist-FIN,There is a sugarcane in the town.
synthetic_bangla_glossed.eaf,180,384170,386069,alɛ d̪ɔ sikʰnɘt̪ paɽha͡o̯a,alɛ d̪ɔ sikʰnɘt̪ paɽha͡o̯-a,1PL.EXCL TOP lesson study-FIN,We will study the lesson.
synthetic_see_paradigm.eaf,181,386069,388447,am d̪ɔ ɖak̚t̪aɾ bam gɔɽɔa,am d̪ɔ ɖak̚t̪aɾ ba-m gɔɽɔ-a,2SG TOP doctor NEG-2SG help-FIN,You do not help the doctor.
synthetic_paradigm_glossed.eaf,182,388447,390174,iɲiɲ ɟɔmaʔ kiɾiɲkeda,iɲ-iɲ ɟɔmaʔ kiɾiɲ-ked-a,1SG-1SG food buy-PST-FIN,I bought the food.
synthetic_see_paradigm.eaf,183,390174,392545,apɛ d̪ɔ haku bapɛ ɘkʰɾiɲa,apɛ d̪ɔ haku ba-pɛ ɘkʰɾiɲ-a,2PL TOP fish NEG-2PL sell-FIN,You all do not sell the fish.
synthetic_new_glossed_3.eaf,184,392545,394882,mit̪ʔʈɛn bidesiə̯ d̪ɔ sɔhɔɽɾɛ menaa,mit̪ʔ-ʈɛn bidesiə̯ d̪ɔ sɔhɔɽ-ɾɛ mena-a,one-CLF.HUM foreigner TOP town-LOC exist-FIN,One foreigner is in the town.
synthetic_school_dialogue_glossed.eaf,185,394882,397619,sɛt̪aʔɾɛ alɛ pɘɾsi paɽha͡o̯kat̪ɛ at̪oɾɛ hiɟuʔa,sɛt̪aʔ-ɾɛ alɛ pɘɾsi paɽha͡o̯-kat̪ɛ at̪o-ɾɛ hiɟuʔ-a,morning-LOC 1PL.EXCL language study-CVB village-LOC come-FIN,"In the morning, we study the language and then come to the village."
synthetic_see_paradigm.eaf,186,397619,400076,alɛ d̪ɔ t̪o̯͡a balɛ ɲua,alɛ d̪ɔ t̪o̯͡a ba-lɛ ɲu-a,1PL.EXCL TOP milk NEG-1PL.EXCL drink-FIN,We do not drink the milk.
synthetic_school_dialogue_glossed.eaf,187,400076,402866,t̪eheɲɾɛ oŋko haku ɟɔmkat̪ɛ at̪oɾɛ gat̪ea,t̪eheɲ-ɾɛ oŋko haku ɟɔm-kat̪ɛ at̪o-ɾɛ gat̪e-a,today-LOC 3PL.ANIM fish eat-CVB village-LOC play-FIN,"Today, they eat the fish and then play in the village."
synthetic_dialogues_glossed.eaf,188,402866,404045,cɛt̪ʔlɛka meniɲa,cɛt̪ʔ-lɛka men-iɲ-a,how-like be.NFIN-1SG-FIN,How am I?
synthetic_bangla_glossed.eaf,189,404045,406723,oŋko d̪ɔ t̪o̯͡a aɾ d̪aʔ ɲua,oŋko d̪ɔ t̪o̯͡a aɾ d̪aʔ ɲu-a,3PL.ANIM TOP milk and water drink-FIN,They will drink the milk and the water.
synthetic_paradigm_glossed.eaf,190,406723,408719,oŋkoaʔ bɔ͡i̯ha d̪ɔ lɘʈua,oŋko-aʔ bɔ͡i̯ha d̪ɔ lɘʈu-a,3PL-GEN brother TOP small-FIN,Their brother is small.
synthetic_texts_glossed.eaf,191,408719,410553,bəlʈi d̪ɔ nɔwaa,bəlʈi d̪ɔ nɔwa-a,bucket TOP new-FIN,The bucket is new.
synthetic_texts_glossed.eaf,192,410553,412362,bilətɾɛ bʰəgiə̯ɾi menaa,bilət-ɾɛ bʰəgiə̯ɾi mena-a,england-LOC partner exist-FIN,There is a partner in the england.
synthetic_imperatives_glossed.eaf,193,412362,414240,d̪a.ja kat̪ɛ ɔɽaʔɾɛ d̪uɽup̚ʔmɛ,d̪a.ja kat̪ɛ ɔɽaʔ-ɾɛ d̪uɽup̚ʔ-mɛ,please Manner house-LOC sit-IMP.2SG.POL,Please sit in the house.
synthetic_bangla_glossed.eaf,194,414240,417099,apɛ d̪ɔ t̪o̯͡a aɾ d̪aʔ ɲua,apɛ d̪ɔ t̪o̯͡a aɾ d̪aʔ ɲu-a,2PL TOP milk and water drink-FIN,You all will drink the milk and the water.
synthetic_texts_glossed.eaf,195,417099,418637,ao̯tanɾɛ bʰəluə̯ menaa,ao̯tan-ɾɛ bʰəluə̯ mena-a,covert-LOC sand.martin exist-FIN,There is a sand martin in the covert.
synthetic_new_glossed.eaf,196,418637,420779,am d̪ɔ ɾan kiɾiɲakada,am d̪ɔ ɾan kiɾiɲ-akad-a,2SG TOP medicine buy-PRF-FIN,You have bought the medicine.
synthetic_texts_glossed.eaf,197,420779,422339,aɖe paseɾɛ bəndʰi menaa,aɖe pase-ɾɛ bəndʰi mena-a,neighbourhood-LOC hitch exist-FIN,There is a hitch in the neighbourhood.
synthetic_imperatives_glossed.eaf,198,422339,424532,d̪a.ja kat̪ɛ ɟɔmaʔ ɟɔmmɛ,d̪a.ja kat̪ɛ ɟɔmaʔ ɟɔm-mɛ,please Manner food eat-IMP.2SG.POL,Please eat the food.
synthetic_see_paradigm.eaf,199,424532,425877,amɛm kiɾiɲɛd̪a,am-ɛm kiɾiɲ-ɛ-d̪a,2SG-2SG buy-PROG-FIN,You is buying.
synthetic_paradigm_glossed.eaf,200,425877,427917,apɛaʔ gaɖa d̪ɔ nɔwaa,apɛ-aʔ gaɖa d̪ɔ nɔwa-a,2PL-GEN river TOP new-FIN,Your river is new.
synthetic_texts_glossed.eaf,201,427917,429756,bedin d̪ɔ ɟɘɾuɽa,bedin d̪ɔ ɟɘɾuɽ-a,heathen TOP important-FIN,The heathen is important.
synthetic_see_paradigm.eaf,202,429756,431224,apɛpɛ ɾɔɽɛd̪a,apɛ-pɛ ɾɔɽ-ɛ-d̪a,2PL-2PL speak-PROG-FIN,You all are speaking.
synthetic_dialogues_glossed.eaf,203,431224,433143,kaʈa d̪ɔ ɔkaɾɛ menaa,kaʈa d̪ɔ ɔka-ɾɛ mena-a,foot TOP where-LOC exist-FIN,Where is the foot?
synthetic_paradigm_glossed.eaf,204,433143,435086,oŋkoaʔ suk̚ɾi d̪ɔ mɔ̃ɟa,oŋko-aʔ suk̚ɾi d̪ɔ mɔ̃ɟ-a,3PL-GEN pig TOP good-FIN,Their pig is good.
synthetic_imperatives_glossed.eaf,205,435086,437023,d̪a.ja kat̪ɛ pɘɾsi ɔlɔʔmɛ,d̪a.ja kat̪ɛ pɘɾsi ɔlɔʔ-mɛ,please Manner language write-IMP.2SG.POL,Please write the language.
synthetic_imperatives_glossed.eaf,206,437023,439225,d̪a.ja kat̪ɛ ɟɔlaɾɛ calaʔmɛ,d̪a.ja kat̪ɛ ɟɔla-ɾɛ calaʔ-mɛ,please Manner lake-LOC go-IMP.2SG.POL,Please go to the lake.
synthetic_school_dialogue_glossed.eaf,207,439225,441922,hɔlaɾɛ am aɾak̕ kudɾum ɲɛlkat̪ɛ gaɖaɾɛ gat̪ea,hɔla-ɾɛ am aɾak̕ kudɾum ɲɛl-kat̪ɛ gaɖa-ɾɛ gat̪e-a,yesterday-LOC 2SG sorel see-CVB river-LOC play-FIN,"Yesterday, you see the sorel and then play in the river."
synthetic_school_dialogue_glossed.eaf,208,441922,444592,ɔkt̪ɛɾɛ alɛ sikʰnɘt̪ paɽha͡o̯kat̪ɛ ɔɽaʔɾɛ calaʔa,ɔkt̪ɛ-ɾɛ alɛ sikʰnɘt̪ paɽha͡o̯-kat̪ɛ ɔɽaʔ-ɾɛ calaʔ-a,time-LOC 1PL.EXCL lesson study-CVB house-LOC go-FIN,"At that time, we study the lesson and then go to the house."
synthetic_texts_glossed.eaf,209,444592,446311,bag d̪ɔ sapʰaa,bag d̪ɔ sapʰa-a,bridle TOP clean-FIN,The bridle is clean.
synthetic_texts_glossed.eaf,210,446311,447919,basɾɛ aheɾ menaa,bas-ɾɛ aheɾ mena-a,dwelling.place-LOC prey exist-FIN,There is a prey in the dwelling place.
synthetic_bangla_glossed.eaf,211,447919,449925,oŋko d̪ɔ baba gɔɽɔa,oŋko d̪ɔ baba gɔɽɔ-a,3PL.ANIM TOP father help-FIN,They will help the father.
synthetic_new_glossed.eaf,212,449925,452017,uni d̪ɔ ɟɔmaʔ ɘkʰɾiɲakada,uni d̪ɔ ɟɔmaʔ ɘkʰɾiɲ-akad-a,3SG.ANIM TOP food sell-PRF-FIN,He/she has sold the food.
synthetic_new_glossed_3.eaf,213,452017,454397,mit̪ʔʈɛn bidesiə̯ d̪ɔ gaɖaɾɛ menaa,mit̪ʔ-ʈɛn bidesiə̯ d̪ɔ gaɖa-ɾɛ mena-a,one-CLF.HUM foreigner TOP river-LOC exist-FIN,One foreigner is in the river.
synthetic_see_paradigm.eaf,214,454397,456925,oŋko d̪ɔ baba bako gɔɽɔa,oŋko d̪ɔ baba ba-ko gɔɽɔ-a,3PL.ANIM TOP father NEG-3PL.ANIM help-FIN,They do not help the father.
synthetic_texts_glossed.eaf,215,456925,458630,begaɾ d̪ɔ mɔ̃ɟa,begaɾ d̪ɔ mɔ̃ɟ-a,forced.labour TOP good-FIN,The forced labour is good.
synthetic_texts_glossed.eaf,216,458630,460236,at̪oɾɛ bidesiə̯ menaa,at̪o-ɾɛ bidesiə̯ mena-a,village-LOC foreigner exist-FIN,There is a foreigner in the village.
synthetic_new_glossed.eaf,217,460236,462408,oŋko d̪ɔ pɘɾsi ɾɔɽakada,oŋko d̪ɔ pɘɾsi ɾɔɽ-akad-a,3PL.ANIM TOP language speak-PRF-FIN,They have spoken the language.
synthetic_new_glossed.eaf,218,462408,464344,alɛ d̪ɔ pɘɾsi paɽha͡o̯akada,alɛ d̪ɔ pɘɾsi paɽha͡o̯-akad-a,1PL.EXCL TOP language study-PRF-FIN,We have studied the language.
synthetic_bangla_glossed.eaf,219,464344,466468,am d̪ɔ bʰəʈʰi ɲɛla,am d̪ɔ bʰəʈʰi ɲɛl-a,2SG TOP boiler see-FIN,You will see the boiler.
synthetic_school_dialogue_glossed.eaf,220,466468,469143,t̪eheɲɾɛ am basaŋ ɟɔmkat̪ɛ at̪oɾɛ kɘmia,t̪eheɲ-ɾɛ am basaŋ ɟɔm-kat̪ɛ at̪o-ɾɛ kɘmi-a,today-LOC 2SG cooked.food eat-CVB village-LOC work-FIN,"Today, you eat the cooked food and then work in the village."
synthetic_see_paradigm.eaf,221,469143,471676,oŋko d̪ɔ gɔgɔ bako gɔɽɔa,oŋko d̪ɔ gɔgɔ ba-ko gɔɽɔ-a,3PL.ANIM TOP mother NEG-3PL.ANIM help-FIN,They do not help the mother.
synthetic_see_paradigm.eaf,222,471676,474108,am d̪ɔ bʰao̯ bam ɲɛla,am d̪ɔ bʰao̯ ba-m ɲɛl-a,2SG TOP price NEG-2SG see-FIN,You do not see the price.
synthetic_school_dialogue_glossed.eaf,223,474108,476935,hɔlaɾɛ iɲ d̪aʔ ɲukat̪ɛ sɔhɔɽɾɛ calaʔa,hɔla-ɾɛ iɲ d̪aʔ ɲu-kat̪ɛ sɔhɔɽ-ɾɛ calaʔ-a,yesterday-LOC 1SG water drink-CVB town-LOC go-FIN,"Yesterday, I drink the water and then go to the town."
synthetic_texts_glossed.eaf,224,476935,478732,bɔ͡i̯ha d̪ɔ ɾɘskɘa,bɔ͡i̯ha d̪ɔ ɾɘskɘ-a,brother TOP happy-FIN,The brother is happy.
synthetic_school_dialogue_glossed.eaf,225,478732,481351,sɛt̪aʔɾɛ uni d̪aʔ ɲukat̪ɛ ɟɔlaɾɛ calaʔa,sɛt̪aʔ-ɾɛ uni d̪aʔ ɲu-kat̪ɛ ɟɔla-ɾɛ calaʔ-a,morning-LOC 3SG.ANIM water drink-CVB lake-LOC go-FIN,"In the morning, he/she drink the water and then go to the lake."
synthetic_bangla_glossed.eaf,226,481351,484237,oŋko d̪ɔ beldaɾ aɾ badʰoɽ ɲɛla,oŋko d̪ɔ beldaɾ aɾ badʰoɽ ɲɛl-a,3PL.ANIM TOP navvy and species.of.fish see-FIN,They will see the navvy and the species of fish.
synthetic_bangla_glossed.eaf,227,484237,486417,iɲ d̪ɔ pɘɾsi ɔlɔʔa,iɲ d̪ɔ pɘɾsi ɔlɔʔ-a,1SG TOP language write-FIN,I will write the language.
synthetic_texts_glossed.eaf,228,486417,488180,bade d̪ɔ ɟɘɾuɽa,bade d̪ɔ ɟɘɾuɽ-a,heddles.of.loom TOP important-FIN,The heddles of loom is important.
synthetic_paradigm_glossed.eaf,229,488180,490246,apɛaʔ baʈ paɽ d̪ɔ lɘʈua,apɛ-aʔ baʈ paɽ d̪ɔ lɘʈu-a,2PL-GEN spy TOP small-FIN,Your spy is small.
synthetic_new_glossed.eaf,230,490246,492337,apɛ d̪ɔ ʈaka ɲamakada,apɛ d̪ɔ ʈaka ɲam-akad-a,2PL TOP money get-PRF-FIN,You all have gotten the money.
synthetic_school_dialogue_glossed.eaf,231,492337,495265,sɛt̪aʔɾɛ am haku ɟɔmkat̪ɛ ɔɽaʔɾɛ gat̪ea,sɛt̪aʔ-ɾɛ am haku ɟɔm-kat̪ɛ ɔɽaʔ-ɾɛ gat̪e-a,morning-LOC 2SG fish eat-CVB house-LOC play-FIN,"In the morning, you eat the fish and then play in the house."
synthetic_texts_glossed.eaf,232,495265,497012,sɔhɔɽɾɛ gaɖa menaa,sɔhɔɽ-ɾɛ gaɖa mena-a,town-LOC river exist-FIN,There is a river in the town.
synthetic_texts_glossed.eaf,233,497012,498571,sɔhɔɽɾɛ ɾu̯͡ɘ menaa,sɔhɔɽ-ɾɛ ɾu̯͡ɘ mena-a,town-LOC illness exist-FIN,There is an illness in the town.
synthetic_bangla_glossed.eaf,234,498571,500569,oŋko d̪ɔ pɘɾsi ɔlɔʔa,oŋko d̪ɔ pɘɾsi ɔlɔʔ-a,3PL.ANIM TOP language write-FIN,They will write the language.
synthetic_texts_glossed.eaf,235,500569,502092,seɾeɲ d̪ɔ mɔ̃ɟa,seɾeɲ d̪ɔ mɔ̃ɟ-a,song TOP good-FIN,The song is good.
synthetic_texts_glossed.eaf,236,502092,503617,anaɽgo d̪ɔ mɔ̃ɟa,anaɽgo d̪ɔ mɔ̃ɟ-a,declivity TOP good-FIN,The declivity is good.
synthetic_school_dialogue_glossed.eaf,237,503617,506432,t̪eheɲɾɛ apɛ adpakolia ɲɛlkat̪ɛ kuɲɾɛ kɘmia,t̪eheɲ-ɾɛ apɛ adpakolia ɲɛl-kat̪ɛ kuɲ-ɾɛ kɘmi-a,today-LOC 2PL premature.birth see-CVB well-LOC work-FIN,"Today, you all see the premature birth and then work in the well."
synthetic_school_dialogue_glossed.eaf,238,506432,509256,hɔlaɾɛ am sikʰnɘt̪ paɽha͡o̯kat̪ɛ sɔhɔɽɾɛ kɘmia,hɔla-ɾɛ am sikʰnɘt̪ paɽha͡o̯-kat̪ɛ sɔhɔɽ-ɾɛ kɘmi-a,yesterday-LOC 2SG lesson study-CVB town-LOC work-FIN,"Yesterday, you study the lesson and then work in the town."
synthetic_bangla_glossed.eaf,239,509256,511143,uni d̪ɔ pɘɾsi paɽha͡o̯a,uni d̪ɔ pɘɾsi paɽha͡o̯-a,3SG.ANIM TOP language study-FIN,He/she will study the language.
synthetic_see_paradigm.eaf,240,511143,513671,oŋko d̪ɔ kat̪ʰa bako ɔlɔʔa,oŋko d̪ɔ kat̪ʰa ba-ko ɔlɔʔ-a,3PL.ANIM TOP word NEG-3PL.ANIM write-FIN,They do not write the word.
synthetic_see_paradigm.eaf,241,513671,516049,uni d̪ɔ t̪o̯͡a bai̯ ɲua,uni d̪ɔ t̪o̯͡a ba-i̯ ɲu-a,3SG.ANIM TOP milk NEG-3SG.ANIM drink-FIN,He/she does not drink the milk.
synthetic_school_dialogue_glossed.eaf,242,516049,518896,hɔlaɾɛ alɛ kat̪ʰa paɽha͡o̯kat̪ɛ at̪oɾɛ hiɟuʔa,hɔla-ɾɛ alɛ kat̪ʰa paɽha͡o̯-kat̪ɛ at̪o-ɾɛ hiɟuʔ-a,yesterday-LOC 1PL.EXCL word study-CVB village-LOC come-FIN,"Yesterday, we study the word and then come to the village."
synthetic_paradigm_glossed.eaf,243,518896,521101,amaʔ gid̪ɾɘ d̪ɔ ɾɘskɘa,am-aʔ gid̪ɾɘ d̪ɔ ɾɘskɘ-a,2SG-GEN child TOP happy-FIN,Your child is happy.
synthetic_new_glossed.eaf,244,521101,523103,uni d̪ɔ ɟɔmaʔ ɟɔmakada,uni d̪ɔ ɟɔmaʔ ɟɔm-akad-a,3SG.ANIM TOP food eat-PRF-FIN,He/she has eaten the food.
synthetic_texts_glossed.eaf,245,523103,524836,ʈaka d̪ɔ mɔ̃ɟa,ʈaka d̪ɔ mɔ̃ɟ-a,money TOP good-FIN,The money is good.
synthetic_new_glossed.eaf,246,524836,526719,uni d̪ɔ sikʰnɘt̪ paɽha͡o̯akada,uni d̪ɔ sikʰnɘt̪ paɽha͡o̯-akad-a,3SG.ANIM TOP lesson study-PRF-FIN,He/she has studied the lesson.
synthetic_see_paradigm.eaf,247,526719,528081,unii̯ paɽha͡o̯ɛd̪a,uni-i̯ paɽha͡o̯-ɛ-d̪a,3SG.ANIM-3SG.ANIM study-PROG-FIN,He/she is studying.
synthetic_school_dialogue_glossed.eaf,248,528081,530885,ɔkt̪ɛɾɛ apɛ gʰuɽi kiɾiɲkat̪ɛ iskulɾɛ hiɟuʔa,ɔkt̪ɛ-ɾɛ apɛ gʰuɽi kiɾiɲ-kat̪ɛ iskul-ɾɛ hiɟuʔ-a,time-LOC 2PL watch buy-CVB school-LOC come-FIN,"At that time, you all buy the watch and then come to the school."
synthetic_paradigm_glossed.eaf,249,530885,532615,oŋkoko d̪aʔ ɲukeda,oŋko-ko d̪aʔ ɲu-ked-a,3PL.ANIM-3PL.ANIM water drink-PST-FIN,They drank the water.
synthetic_see_paradigm.eaf,250,532615,535118,alɛ d̪ɔ kat̪ʰa balɛ ɾɔɽa,alɛ d̪ɔ kat̪ʰa ba-lɛ ɾɔɽ-a,1PL.EXCL TOP word NEG-1PL.EXCL speak-FIN,We do not speak the word.
synthetic_dialogues_glossed.eaf,251,535118,538477,am d̪ɔ ɟɔmaʔ ɘkʰɾiɲa mɛnkʰan haku bam ɘkʰɾiɲa,am d̪ɔ ɟɔmaʔ ɘkʰɾiɲ-a mɛnkʰan haku ba-m ɘkʰɾiɲ-a,2SG TOP food sell-FIN but fish NEG-2SG sell-FIN,"You will sell the food, but do not sell the fish."
synthetic_bangla_glossed.eaf,252,538477,540428,apɛ d̪ɔ haku ɟɔma,apɛ d̪ɔ haku ɟɔm-a,2PL TOP fish eat-FIN,You all will eat the fish.
synthetic_school_dialogue_glossed.eaf,253,540428,543071,t̪eheɲɾɛ apɛ apa ɲɛlkat̪ɛ ɔɽaʔɾɛ gat̪ea,t̪eheɲ-ɾɛ apɛ apa ɲɛl-kat̪ɛ ɔɽaʔ-ɾɛ gat̪e-a,today-LOC 2PL father see-CVB house-LOC play-FIN,"Today, you all see the father and then play in the house."
synthetic_paradigm_glossed.eaf,254,543071,544643,iɲiɲ pusi ɲɛlkeda,iɲ-iɲ pusi ɲɛl-ked-a,1SG-1SG cat see-PST-FIN,I saw the cat.
synthetic_texts_glossed.eaf,255,544643,546353,at̪oɾɛ ɟiŋgi menaa,at̪o-ɾɛ ɟiŋgi mena-a,village-LOC life exist-FIN,There is a life in the village.
synthetic_texts_glossed.eaf,256,546353,548174,gaɖaɾɛ suk̚ɾi menaa,gaɖa-ɾɛ suk̚ɾi mena-a,river-LOC pig exist-FIN,There is a pig in the river.
synthetic_new_glossed_3.eaf,257,548174,550742,mit̪ʔʈɛn baskitiə̯ d̪ɔ kuɲɾɛ menaa,mit̪ʔ-ʈɛn baskitiə̯ d̪ɔ kuɲ-ɾɛ mena-a,one-CLF.HUM inhabitant TOP well-LOC exist-FIN,One inhabitant is in the well.
synthetic_paradigm_glossed.eaf,258,550742,552529,unii̯ basaŋ ɟɔmkeda,uni-i̯ basaŋ ɟɔm-ked-a,3SG.ANIM-3SG.ANIM cooked.food eat-PST-FIN,He/she ate the cooked food.
synthetic_see_paradigm.eaf,259,552529,553741,apɛpɛ kɘmiɛd̪a,apɛ-pɛ kɘmi-ɛ-d̪a,2PL-2PL work-PROG-FIN,You all are working.
synthetic_bangla_glossed.eaf,260,553741,555820,uni d̪ɔ basaŋ ɟɔma,uni d̪ɔ basaŋ ɟɔm-a,3SG.ANIM TOP cooked.food eat-FIN,He/she will eat the cooked food.
synthetic_paradigm_glossed.eaf,261,555820,557352,apɛpɛ kat̪ʰa paɽha͡o̯keda,apɛ-pɛ kat̪ʰa paɽha͡o̯-ked-a,2PL-2PL word study-PST-FIN,You all studied the word.
synthetic_texts_glossed.eaf,262,557352,558869,aɖe ʈolaɾɛ bʰui̯t͡ʃampa menaa,aɖe ʈola-ɾɛ bʰui̯t͡ʃampa mena-a,vicinity-LOC fireworks exist-FIN,There is a fireworks in the vicinity.
synthetic_dialogues_glossed.eaf,263,558869,562402,am d̪ɔ basaŋ ɟɔma mɛnkʰan haku bam ɟɔma,am d̪ɔ basaŋ ɟɔm-a mɛnkʰan haku ba-m ɟɔm-a,2SG TOP cooked.food eat-FIN but fish NEG-2SG eat-FIN,"You will eat the cooked food, but do not eat the fish."
synthetic_texts_glossed.eaf,264,562402,563912,baɾet d̪ɔ lɘʈua,baɾet d̪ɔ lɘʈu-a,brother TOP small-FIN,The brother is small.
synthetic_bangla_glossed.eaf,265,563912,565850,iɲ d̪ɔ pʰɔʈɔ ɲama,iɲ d̪ɔ pʰɔʈɔ ɲam-a,1SG TOP photo get-FIN,I will get the photo.
synthetic_school_dialogue_glossed.eaf,266,565850,568723,hɔlaɾɛ apɛ gʰuɽi kiɾiɲkat̪ɛ iskulɾɛ gat̪ea,hɔla-ɾɛ apɛ gʰuɽi kiɾiɲ-kat̪ɛ iskul-ɾɛ gat̪e-a,yesterday-LOC 2PL watch buy-CVB school-LOC play-FIN,"Yesterday, you all buy the watch and then play in the school."
synthetic_see_paradigm.eaf,267,568723,571154,alɛ d̪ɔ bedin balɛ ɲɛla,alɛ d̪ɔ bedin ba-lɛ ɲɛl-a,1PL.EXCL TOP heathen NEG-1PL.EXCL see-FIN,We do not see the heathen.
synthetic_bangla_glossed.eaf,268,571154,573194,apɛ d̪ɔ pɘɾsi paɽha͡o̯a,apɛ d̪ɔ pɘɾsi paɽha͡o̯-a,2PL TOP language study-FIN,You all will study the language.
synthetic_bangla_glossed.eaf,269,573194,575275,uni d̪ɔ haku ɘkʰɾiɲa,uni d̪ɔ haku ɘkʰɾiɲ-a,3SG.ANIM TOP fish sell-FIN,He/she will sell the fish.
synthetic_see_paradigm.eaf,270,575275,577665,oŋko d̪ɔ kat̪ʰa bako ɾɔɽa,oŋko d̪ɔ kat̪ʰa ba-ko ɾɔɽ-a,3PL.ANIM TOP word NEG-3PL.ANIM speak-FIN,They do not speak the word.
synthetic_new_glossed.eaf,271,577665,579755,oŋko d̪ɔ t̪o̯͡a ɲuakada,oŋko d̪ɔ t̪o̯͡a ɲu-akad-a,3PL.ANIM TOP milk drink-PRF-FIN,They have drunk the milk.
synthetic_see_paradigm.eaf,272,579755,582070,iɲ d̪ɔ pɘɾsi bɘɲ ɾɔɽa,iɲ d̪ɔ pɘɾsi bɘ-ɲ ɾɔɽ-a,1SG TOP language NEG-1SG speak-FIN,I do not speak the language.
synthetic_texts_glossed.eaf,273,582070,583658,basɾɛ bʰut͡ʃ menaa,bas-ɾɛ bʰut͡ʃ mena-a,dwelling.place-LOC ignorance exist-FIN,There is an ignorance in the dwelling place.
synthetic_school_dialogue_glossed.eaf,274,583658,586276,hɔlaɾɛ uni kat̪ʰa ɔlɔʔkat̪ɛ gaɖaɾɛ kɘmia,hɔla-ɾɛ uni kat̪ʰa ɔlɔʔ-kat̪ɛ gaɖa-ɾɛ kɘmi-a,yesterday-LOC 3SG.ANIM word write-CVB river-LOC work-FIN,"Yesterday, he/she write the word and then work in the river."
synthetic_see_paradigm.eaf,275,586276,587652,oŋkoko ɟɔmɛd̪a,oŋko-ko ɟɔm-ɛ-d̪a,3PL.ANIM-3PL.ANIM eat-PROG-FIN,They are eating.
synthetic_dialogues_glossed.eaf,276,587652,588833,cɛt̪ʔlɛka menɛma,cɛt̪ʔ-lɛka men-ɛm-a,how-like be.NFIN-2SG-FIN,How is you?
synthetic_school_dialogue_glossed.eaf,277,588833,591600,sɛt̪aʔɾɛ am bəd͡ʒniə̯ ɲɛlkat̪ɛ gaɖaɾɛ kɘmia,sɛt̪aʔ-ɾɛ am bəd͡ʒniə̯ ɲɛl-kat̪ɛ gaɖa-ɾɛ kɘmi-a,morning-LOC 2SG gossiping see-CVB river-LOC work-FIN,"In the morning, you see the gossiping and then work in the river."
synthetic_new_glossed.eaf,278,591600,593783,uni d̪ɔ gʰuɽi ɘkʰɾiɲakada,uni d̪ɔ gʰuɽi ɘkʰɾiɲ-akad-a,3SG.ANIM TOP watch sell-PRF-FIN,He/she has sold the watch.
synthetic_see_paradigm.eaf,279,593783,596184,apɛ d̪ɔ badla bapɛ ɲɛla,apɛ d̪ɔ badla ba-pɛ ɲɛl-a,2PL TOP exchange NEG-2PL see-FIN,You all do not see the exchange.
synthetic_paradigm_glossed.eaf,280,596184,598018,alɛlɛ ɾan kiɾiɲkeda,alɛ-lɛ ɾan kiɾiɲ-ked-a,1PL.EXCL-1PL.EXCL medicine buy-PST-FIN,We bought the medicine.
synthetic_texts_glossed.eaf,281,598018,599702,ɔɽaʔ d̪ɔ nɔwaa,ɔɽaʔ d̪ɔ nɔwa-a,house TOP new-FIN,The house is new.
synthetic_new_glossed.eaf,282,599702,601892,alɛ d̪ɔ pʰɔʈɔ ɲamakada,alɛ d̪ɔ pʰɔʈɔ ɲam-akad-a,1PL.EXCL TOP photo get-PRF-FIN,We have gotten the photo.
synthetic_bangla_glossed.eaf,283,601892,604048,oŋko d̪ɔ gɔgɔ gɔɽɔa,oŋko d̪ɔ gɔgɔ gɔɽɔ-a,3PL.ANIM TOP mother help-FIN,They will help the mother.
synthetic_bangla_glossed.eaf,284,604048,606910,alɛ d̪ɔ ɾan aɾ haku kiɾiɲa,alɛ d̪ɔ ɾan aɾ haku kiɾiɲ-a,1PL.EXCL TOP medicine and fish buy-FIN,We will buy the medicine and the fish.
synthetic_paradigm_glossed.eaf,285,606910,608535,oŋkoko pɘɾsi ɔlɔʔkeda,oŋko-ko pɘɾsi ɔlɔʔ-ked-a,3PL.ANIM-3PL.ANIM language write-PST-FIN,They wrote the language.
synthetic_new_glossed_3.eaf,286,608535,610926,mit̪ʔʈɛn bale d̪ɔ ɔɽaʔɾɛ menaa,mit̪ʔ-ʈɛn bale d̪ɔ ɔɽaʔ-ɾɛ mena-a,one-CLF.HUM baby TOP house-LOC exist-FIN,One baby is in the house.
synthetic_bangla_glossed.eaf,287,610926,612849,alɛ d̪ɔ ɟɔmaʔ ɟɔma,alɛ d̪ɔ ɟɔmaʔ ɟɔm-a,1PL.EXCL TOP food eat-FIN,We will eat the food.
synthetic_dialogues_glossed.eaf,288,612849,614760,nit̪ʔ cɛʔlɛ ceka ja,nit̪ʔ cɛ-ʔ-lɛ cek-a ja,now what-NFIN-1PL.EXCL.SUBJ do-FIN Q,What will we do now?
synthetic_dialogues_glossed.eaf,289,614760,618156,alɛ d̪ɔ t̪o̯͡a ɲua mɛnkʰan d̪aʔ balɛ ɲua,alɛ d̪ɔ t̪o̯͡a ɲu-a mɛnkʰan d̪aʔ ba-lɛ ɲu-a,1PL.EXCL TOP milk drink-FIN but water NEG-1PL.EXCL drink-FIN,"We will drink the milk, but do not drink the water."
synthetic_see_paradigm.eaf,290,618156,619326,amɛm gat̪eɛd̪a,am-ɛm gat̪e-ɛ-d̪a,2SG-2SG play-PROG-FIN,You is playing.
synthetic_school_dialogue_glossed.eaf,291,619326,622128,t̪eheɲɾɛ iɲ apʰɔɾ ɲɛlkat̪ɛ sɔhɔɽɾɛ calaʔa,t̪eheɲ-ɾɛ iɲ apʰɔɾ ɲɛl-kat̪ɛ sɔhɔɽ-ɾɛ calaʔ-a,today-LOC 1SG transplantation see-CVB town-LOC go-FIN,"Today, I see the transplantation and then go to the town."
synthetic_see_paradigm.eaf,292,622128,624479,oŋko d̪ɔ mɔbaĭl pʰon bako kiɾiɲa,oŋko d̪ɔ mɔbaĭl pʰon ba-ko kiɾiɲ-a,3PL.ANIM TOP mobile.phone NEG-3PL.ANIM buy-FIN,They do not buy the mobile phone.
synthetic_see_paradigm.eaf,293,624479,626985,iɲ d̪ɔ gʰuɽi bɘɲ kiɾiɲa,iɲ d̪ɔ gʰuɽi bɘ-ɲ kiɾiɲ-a,1SG TOP watch NEG-1SG buy-FIN,I do not buy the watch.
synthetic_bangla_glossed.eaf,294,626985,629788,iɲ d̪ɔ ɟɔmaʔ aɾ basaŋ ɟɔma,iɲ d̪ɔ ɟɔmaʔ aɾ basaŋ ɟɔm-a,1SG TOP food and cooked.food eat-FIN,I will eat the food and the cooked food.
synthetic_texts_glossed.eaf,295,629788,631540,muc̚ʔ d̪ɔ ɾɘskɘa,muc̚ʔ d̪ɔ ɾɘskɘ-a,ant TOP happy-FIN,The ant is happy.
synthetic_texts_glossed.eaf,296,631540,633257,baɾpʰəi̯ d̪ɔ nɔwaa,baɾpʰəi̯ d̪ɔ nɔwa-a,profit TOP new-FIN,The profit is new.
synthetic_bangla_glossed.eaf,297,633257,635916,alɛ d̪ɔ ɟɔmaʔ aɾ ɲɛlɛɾasa ɟɔma,alɛ d̪ɔ ɟɔmaʔ aɾ ɲɛlɛɾasa ɟɔm-a,1PL.EXCL TOP food and honey eat-FIN,We will eat the food and the honey.
synthetic_bangla_glossed.eaf,298,635916,638019,alɛ d̪ɔ ɖak̚t̪aɾ gɔɽɔa,alɛ d̪ɔ ɖak̚t̪aɾ gɔɽɔ-a,1PL.EXCL TOP doctor help-FIN,We will help the doctor.
synthetic_imperatives_glossed.eaf,299,638019,640103,d̪a.ja kat̪ɛ gaɖaɾɛ t̪ɘŋgimɛ,d̪a.ja kat̪ɛ gaɖa-ɾɛ t̪ɘŋgi-mɛ,please Manner river-LOC wait-IMP.2SG.POL,Please wait in the river.
synthetic_texts_glossed.eaf,300,640103,641923,seɾeɲ d̪ɔ ɟɘɾuɽa,seɾeɲ d̪ɔ ɟɘɾuɽ-a,song TOP important-FIN,The song is important.
synthetic_paradigm_glossed.eaf,301,641923,643647,unii̯ əsis ɲɛlkeda,uni-i̯ əsis ɲɛl-ked-a,3SG.ANIM-3SG.ANIM curse see-PST-FIN,He/she saw the curse.
synthetic_see_paradigm.eaf,302,643647,646100,iɲ d̪ɔ ɟɔmaʔ bɘɲ ɟɔma,iɲ d̪ɔ ɟɔmaʔ bɘ-ɲ ɟɔm-a,1SG TOP food NEG-1SG eat-FIN,I do not eat the food.
synthetic_school_dialogue_glossed.eaf,303,646100,648930,t̪eheɲɾɛ uni pɘɾsi ɔlɔʔkat̪ɛ gaɖaɾɛ calaʔa,t̪eheɲ-ɾɛ uni pɘɾsi ɔlɔʔ-kat̪ɛ gaɖa-ɾɛ calaʔ-a,today-LOC 3SG.ANIM language write-CVB river-LOC go-FIN,"Today, he/she write the language and then go to the river."
synthetic_paradigm_glossed.eaf,304,648930,650861,amaʔ alad͡ʒʰala d̪ɔ ɟɘɾuɽa,am-aʔ alad͡ʒʰala d̪ɔ ɟɘɾuɽ-a,2SG-GEN distress TOP important-FIN,Your distress is important.
synthetic_paradigm_glossed.eaf,305,650861,652414,amɛm pɘɾsi ɾɔɽkeda,am-ɛm pɘɾsi ɾɔɽ-ked-a,2SG-2SG language speak-PST-FIN,You spoke the language.
synthetic_paradigm_glossed.eaf,306,652414,654109,alɛlɛ ɲɛlɛɾasa ɟɔmkeda,alɛ-lɛ ɲɛlɛɾasa ɟɔm-ked-a,1PL.EXCL-1PL.EXCL honey eat-PST-FIN,We ate the honey.
synthetic_see_paradigm.eaf,307,654109,656442,alɛ d̪ɔ haku balɛ ɘkʰɾiɲa,alɛ d̪ɔ haku ba-lɛ ɘkʰɾiɲ-a,1PL.EXCL TOP fish NEG-1PL.EXCL sell-FIN,We do not sell the fish.
synthetic_see_paradigm.eaf,308,656442,658813,iɲ d̪ɔ t̪o̯͡a bɘɲ ɲua,iɲ d̪ɔ t̪o̯͡a bɘ-ɲ ɲu-a,1SG TOP milk NEG-1SG drink-FIN,I do not drink the milk.
synthetic_texts_glossed.eaf,309,658813,660620,basaɾɛ iskul menaa,basa-ɾɛ iskul mena-a,residence-LOC school exist-FIN,There is a school in the residence.
synthetic_bangla_glossed.eaf,310,660620,663539,apɛ d̪ɔ ɟɔmaʔ aɾ haku ɟɔma,apɛ d̪ɔ ɟɔmaʔ aɾ haku ɟɔm-a,2PL TOP food and fish eat-FIN,You all will eat the food and the fish.
synthetic_texts_glossed.eaf,311,663539,665164,basɾɛ alad͡ʒʰala menaa,bas-ɾɛ alad͡ʒʰala mena-a,dwelling.place-LOC distress exist-FIN,There is a distress in the dwelling place.
synthetic_school_dialogue_glossed.eaf,312,665164,667815,hɔlaɾɛ apɛ t̪o̯͡a ɲukat̪ɛ gaɖaɾɛ kɘmia,hɔla-ɾɛ apɛ t̪o̯͡a ɲu-kat̪ɛ gaɖa-ɾɛ kɘmi-a,yesterday-LOC 2PL milk drink-CVB river-LOC work-FIN,"Yesterday, you all drink the milk and then work in the river."
synthetic_new_glossed.eaf,313,667815,669945,oŋko d̪ɔ kat̪ʰa ɾɔɽakada,oŋko d̪ɔ kat̪ʰa ɾɔɽ-akad-a,3PL.ANIM TOP word speak-PRF-FIN,They have spoken the word.
synthetic_texts_glossed.eaf,314,669945,671588,bʰɔɾɔm d̪ɔ nɔwaa,bʰɔɾɔm d̪ɔ nɔwa-a,shame TOP new-FIN,The shame is new.
synthetic_bangla_glossed.eaf,315,671588,674287,alɛ d̪ɔ basaŋ aɾ ɟɔmaʔ ɟɔma,alɛ d̪ɔ basaŋ aɾ ɟɔmaʔ ɟɔm-a,1PL.EXCL TOP cooked.food and food eat-FIN,We will eat the cooked food and the food.
synthetic_texts_glossed.eaf,316,674287,676005,bʰugək̕ɾɛ ʈaka menaa,bʰugək̕-ɾɛ ʈaka mena-a,cave-LOC money exist-FIN,There is a money in the cave.
synthetic_new_glossed.eaf,317,676005,678170,iɲ d̪ɔ band ɲɛlakada,iɲ d̪ɔ band ɲɛl-akad-a,1SG TOP embankment see-PRF-FIN,I have seen the embankment.
synthetic_school_dialogue_glossed.eaf,318,678170,680849,ɔkt̪ɛɾɛ iɲ gʰuɽi kiɾiɲkat̪ɛ iskulɾɛ kɘmia,ɔkt̪ɛ-ɾɛ iɲ gʰuɽi kiɾiɲ-kat̪ɛ iskul-ɾɛ kɘmi-a,time-LOC 1SG watch buy-CVB school-LOC work-FIN,"At that time, I buy the watch and then work in the school."
synthetic_texts_glossed.eaf,319,680849,682677,bɔ͡i̯ha d̪ɔ mɔ̃ɟa,bɔ͡i̯ha d̪ɔ mɔ̃ɟ-a,brother TOP good-FIN,The brother is good.
synthetic_paradigm_glossed.eaf,320,682677,684600,amaʔ baba d̪ɔ ɾɘskɘa,am-aʔ baba d̪ɔ ɾɘskɘ-a,2SG-GEN father TOP happy-FIN,Your father is happy.
synthetic_see_paradigm.eaf,321,684600,687024,alɛ d̪ɔ pɘɾsi balɛ ɾɔɽa,alɛ d̪ɔ pɘɾsi ba-lɛ ɾɔɽ-a,1PL.EXCL TOP language NEG-1PL.EXCL speak-FIN,We do not speak the language.
synthetic_texts_glossed.eaf,322,687024,688849,bilənɾɛ aɳɖɾac̕ ɔɳɖɾɔc̕ menaa,bilən-ɾɛ aɳɖɾac̕ ɔɳɖɾɔc̕ mena-a,wide.expanse.of-LOC cry.of.beasts exist-FIN,There is a cry of beasts & c in the wide expanse of land.
synthetic_paradigm_glossed.eaf,323,688849,690765,amaʔ ɟɔmaʔ d̪ɔ sapʰaa,am-aʔ ɟɔmaʔ d̪ɔ sapʰa-a,2SG-GEN food TOP clean-FIN,Your food is clean.
synthetic_dialogues_glossed.eaf,324,690765,692954,nit̪ʔ cɛʔi̯ ceka ja,nit̪ʔ cɛ-ʔ-i̯ cek-a ja,now what-NFIN-3SG.ANIM.SUBJ do-FIN Q,What will he/she do now?
synthetic_school_dialogue_glossed.eaf,325,692954,695680,ɔkt̪ɛɾɛ am bele botke ɲɛlkat̪ɛ gaɖaɾɛ calaʔa,ɔkt̪ɛ-ɾɛ am bele botke ɲɛl-kat̪ɛ gaɖa-ɾɛ calaʔ-a,time-LOC 2SG yolk.of.egg see-CVB river-LOC go-FIN,"At that time, you see the yolk of egg and then go to the river."
synthetic_texts_glossed.eaf,326,695680,697284,sɔhɔɽɾɛ at͡ʃel pat͡ʃel menaa,sɔhɔɽ-ɾɛ at͡ʃel pat͡ʃel mena-a,town-LOC abundance exist-FIN,There is an abundance in the town.
synthetic_new_glossed.eaf,327,697284,699386,am d̪ɔ ɖak̚t̪aɾ gɔɽɔakada,am d̪ɔ ɖak̚t̪aɾ gɔɽɔ-akad-a,2SG TOP doctor help-PRF-FIN,You have helped the doctor.
synthetic_bangla_glossed.eaf,328,699386,701295,apɛ d̪ɔ mɔbaĭl pʰon kiɾiɲa,apɛ d̪ɔ mɔbaĭl pʰon kiɾiɲ-a,2PL TOP mobile.phone buy-FIN,You all will buy the mobile phone.
synthetic_texts_glossed.eaf,329,701295,703102,gid̪ɾɘ d̪ɔ lɘʈua,gid̪ɾɘ d̪ɔ lɘʈu-a,child TOP small-FIN,The child is small.
synthetic_dialogues_glossed.eaf,330,703102,706642,oŋko d̪ɔ haku kiɾiɲa mɛnkʰan ɾan bako kiɾiɲa,oŋko d̪ɔ haku kiɾiɲ-a mɛnkʰan ɾan ba-ko kiɾiɲ-a,3PL.ANIM TOP fish buy-FIN but medicine NEG-3PL.ANIM buy-FIN,"They will buy the fish, but do not buy the medicine."
synthetic_imperatives_glossed.eaf,331,706642,708848,d̪a.ja kat̪ɛ at̪oɾɛ d̪uɽup̚ʔmɛ,d̪a.ja kat̪ɛ at̪o-ɾɛ d̪uɽup̚ʔ-mɛ,please Manner village-LOC sit-IMP.2SG.POL,Please sit in the village.
synthetic_school_dialogue_glossed.eaf,332,708848,711516,ɔkt̪ɛɾɛ am basaŋ ɟɔmkat̪ɛ ɟɔlaɾɛ gat̪ea,ɔkt̪ɛ-ɾɛ am basaŋ ɟɔm-kat̪ɛ ɟɔla-ɾɛ gat̪e-a,time-LOC 2SG cooked.food eat-CVB lake-LOC play-FIN,"At that time, you eat the cooked food and then play in the lake."
synthetic_imperatives_glossed.eaf,333,711516,713660,d̪a.ja kat̪ɛ at̪oɾɛ calaʔmɛ,d̪a.ja kat̪ɛ at̪o-ɾɛ calaʔ-mɛ,please Manner village-LOC go-IMP.2SG.POL,Please go to the village.
synthetic_bangla_glossed.eaf,334,713660,715853,iɲ d̪ɔ basaŋ ɟɔma,iɲ d̪ɔ basaŋ ɟɔm-a,1SG TOP cooked.food eat-FIN,I will eat the cooked food.
synthetic_texts_glossed.eaf,335,715853,717681,aʈap̕ uʈup̕ d̪ɔ nɔwaa,aʈap̕ uʈup̕ d̪ɔ nɔwa-a,rumbling.sound TOP new-FIN,The rumbling sound is new.
synthetic_school_dialogue_glossed.eaf,336,717681,720300,t̪eheɲɾɛ am sikʰnɘt̪ paɽha͡o̯kat̪ɛ ɔɽaʔɾɛ hiɟuʔa,t̪eheɲ-ɾɛ am sikʰnɘt̪ paɽha͡o̯-kat̪ɛ ɔɽaʔ-ɾɛ hiɟuʔ-a,today-LOC 2SG lesson study-CVB house-LOC come-FIN,"Today, you study the lesson and then come to the house."
synthetic_texts_glossed.eaf,337,720300,721998,bajaban d̪ɔ nɔwaa,bajaban d̪ɔ nɔwa-a,deluge TOP new-FIN,The deluge is new.
synthetic_see_paradigm.eaf,338,721998,723446,oŋkoko calaʔɛd̪a,oŋko-ko calaʔ-ɛ-d̪a,3PL.ANIM-3PL.ANIM go-PROG-FIN,They are going.
synthetic_paradigm_glossed.eaf,339,723446,724969,alɛlɛ pɘɾsi ɾɔɽkeda,alɛ-lɛ pɘɾsi ɾɔɽ-ked-a,1PL.EXCL-1PL.EXCL language speak-PST-FIN,We spoke the language.
synthetic_bangla_glossed.eaf,340,724969,727161,oŋko d̪ɔ pɘɾsi paɽha͡o̯a,oŋko d̪ɔ pɘɾsi paɽha͡o̯-a,3PL.ANIM TOP language study-FIN,They will study the language.
synthetic_school_dialogue_glossed.eaf,341,727161,729784,hɔlaɾɛ alɛ basaŋ ɟɔmkat̪ɛ sɔhɔɽɾɛ hiɟuʔa,hɔla-ɾɛ alɛ basaŋ ɟɔm-kat̪ɛ sɔhɔɽ-ɾɛ hiɟuʔ-a,yesterday-LOC 1PL.EXCL cooked.food eat-CVB town-LOC come-FIN,"Yesterday, we eat the cooked food and then come to the town."
synthetic_paradigm_glossed.eaf,342,729784,731826,uniaʔ kaʈa d̪ɔ ɟɘɾuɽa,uni-aʔ kaʈa d̪ɔ ɟɘɾuɽ-a,3SG-GEN foot TOP important-FIN,His/her foot is important.
synthetic_bangla_glossed.eaf,343,731826,733792,apɛ d̪ɔ ɖak̚t̪aɾ gɔɽɔa,apɛ d̪ɔ ɖak̚t̪aɾ gɔɽɔ-a,2PL TOP doctor help-FIN,You all will help the doctor.
synthetic_texts_glossed.eaf,344,733792,735312,abʰeɽ d̪ɔ mɔ̃ɟa,abʰeɽ d̪ɔ mɔ̃ɟ-a,moment TOP good-FIN,The moment is good.
synthetic_texts_glossed.eaf,345,735312,736944,mɔbaĭl pʰon d̪ɔ ɟɘɾuɽa,mɔbaĭl pʰon d̪ɔ ɟɘɾuɽ-a,mobile.phone TOP important-FIN,The mobile phone is important.
synthetic_see_paradigm.eaf,346,736944,738323,apɛpɛ gɔc̚ʔɛd̪a,apɛ-pɛ gɔc̚ʔ-ɛ-d̪a,2PL-2PL die-PROG-FIN,You all are dying.
synthetic_paradigm_glossed.eaf,347,738323,740385,alɛaʔ kɘmi d̪ɔ ɟɘɾuɽa,alɛ-aʔ kɘmi d̪ɔ ɟɘɾuɽ-a,1PL.EXCL-GEN work TOP important-FIN,Our work is important.
synthetic_paradigm_glossed.eaf,348,740385,741988,amɛm ɟɔmaʔ ɲamkeda,am-ɛm ɟɔmaʔ ɲam-ked-a,2SG-2SG food get-PST-FIN,You got the food.
synthetic_see_paradigm.eaf,349,741988,744441,oŋko d̪ɔ t̪o̯͡a bako ɲua,oŋko d̪ɔ t̪o̯͡a ba-ko ɲu-a,3PL.ANIM TOP milk NEG-3PL.ANIM drink-FIN,They do not drink the milk.
synthetic_texts_glossed.eaf,350,744441,746042,aɖe paseɾɛ kaʈa menaa,aɖe pase-ɾɛ kaʈa mena-a,neighbourhood-LOC foot exist-FIN,There is a foot in the neighbourhood.
synthetic_see_paradigm.eaf,351,746042,747497,oŋkoko ɲamɛd̪a,oŋko-ko ɲam-ɛ-d̪a,3PL.ANIM-3PL.ANIM get-PROG-FIN,They are getting.
synthetic_see_paradigm.eaf,352,747497,749943,iɲ d̪ɔ beɲ bɘɲ ɲɛla,iɲ d̪ɔ beɲ bɘ-ɲ ɲɛl-a,1SG TOP blubbering NEG-1SG see-FIN,I do not see the blubbering.
synthetic_bangla_glossed.eaf,353,749943,752587,oŋko d̪ɔ ɟɔmaʔ aɾ basaŋ ɟɔma,oŋko d̪ɔ ɟɔmaʔ aɾ basaŋ ɟɔm-a,3PL.ANIM TOP food and cooked.food eat-FIN,They will eat the food and the cooked food.
synthetic_paradigm_glossed.eaf,354,752587,754415,unii̯ alaŋ ɲɛlkeda,uni-i̯ alaŋ ɲɛl-ked-a,3SG.ANIM-3SG.ANIM tongue see-PST-FIN,He/she saw the tongue.
synthetic_new_glossed_3.eaf,355,754415,756656,mit̪ʔ ɾan d̪ɔ iskulɾɛ menaa,mit̪ʔ ɾan d̪ɔ iskul-ɾɛ mena-a,one medicine TOP school-LOC exist-FIN,One medicine is in the school.
synthetic_bangla_glossed.eaf,356,756656,758633,uni d̪ɔ bʰiɖi up̕ ɲɛla,uni d̪ɔ bʰiɖi up̕ ɲɛl-a,3SG.ANIM TOP wool see-FIN,He/she will see the wool.
synthetic_school_dialogue_glossed.eaf,357,758633,761263,t̪eheɲɾɛ uni kat̪ʰa ɔlɔʔkat̪ɛ ɔɽaʔɾɛ gat̪ea,t̪eheɲ-ɾɛ uni kat̪ʰa ɔlɔʔ-kat̪ɛ ɔɽaʔ-ɾɛ gat̪e-a,today-LOC 3SG.ANIM word write-CVB house-LOC play-FIN,"Today, he/she write the word and then play in the house."
synthetic_texts_glossed.eaf,358,761263,763112,at̪oɾɛ kɘmi menaa,at̪o-ɾɛ kɘmi mena-a,village-LOC work exist-FIN,There is a work in the village.
synthetic_paradigm_glossed.eaf,359,763112,764818,alɛlɛ ɟɔmaʔ kiɾiɲkeda,alɛ-lɛ ɟɔmaʔ kiɾiɲ-ked-a,1PL.EXCL-1PL.EXCL food buy-PST-FIN,We bought the food.
synthetic_paradigm_glossed.eaf,360,764818,766350,apɛpɛ basaŋ ɟɔmkeda,apɛ-pɛ basaŋ ɟɔm-ked-a,2PL-2PL cooked.food eat-PST-FIN,You all ate the cooked food.
synthetic_paradigm_glossed.eaf,361,766350,767903,iɲiɲ pɘɾsi ɔlɔʔkeda,iɲ-iɲ pɘɾsi ɔlɔʔ-ked-a,1SG-1SG language write-PST-FIN,I wrote the language.
synthetic_bangla_glossed.eaf,362,767903,770827,apɛ d̪ɔ anman aɾ anaɾ ɲɛla,apɛ d̪ɔ anman aɾ anaɾ ɲɛl-a,2PL TOP appraisement and pomegranate see-FIN,You all will see the appraisement and the pomegranate.
synthetic_see_paradigm.eaf,363,770827,773354,oŋko d̪ɔ haku bako ɘkʰɾiɲa,oŋko d̪ɔ haku ba-ko ɘkʰɾiɲ-a,3PL.ANIM TOP fish NEG-3PL.ANIM sell-FIN,They do not sell the fish.
synthetic_new_glossed_3.eaf,364,773354,775905,mit̪ʔʈɛn balɛ d̪ɔ sɔhɔɽɾɛ menaa,mit̪ʔ-ʈɛn balɛ d̪ɔ sɔhɔɽ-ɾɛ mena-a,one-CLF.HUM infant TOP town-LOC exist-FIN,One infant is in the town.
synthetic_texts_glossed.eaf,365,775905,777479,basɾɛ ɾu̯͡ɘ menaa,bas-ɾɛ ɾu̯͡ɘ mena-a,dwelling.place-LOC illness exist-FIN,There is an illness in the dwelling place.
synthetic_see_paradigm.eaf,366,777479,778849,iɲiɲ hiɟuʔɛd̪a,iɲ-iɲ hiɟuʔ-ɛ-d̪a,1SG-1SG come-PROG-FIN,I am coming.
synthetic_texts_glossed.eaf,367,778849,780557,aglaha d̪ɔ nɔwaa,aglaha d̪ɔ nɔwa-a,leader TOP new-FIN,The leader is new.
synthetic_paradigm_glossed.eaf,368,780557,782236,iɲiɲ ɖak̚t̪aɾ gɔɽɔkeda,iɲ-iɲ ɖak̚t̪aɾ gɔɽɔ-ked-a,1SG-1SG doctor help-PST-FIN,I helped the doctor.
synthetic_paradigm_glossed.eaf,369,782236,784314,iɲaʔ gʰuɽi d̪ɔ sapʰaa,iɲ-aʔ gʰuɽi d̪ɔ sapʰa-a,1SG-GEN watch TOP clean-FIN,My watch is clean.
synthetic_paradigm_glossed.eaf,370,784314,786491,amaʔ d̪aʔ d̪ɔ sibila,am-aʔ d̪aʔ d̪ɔ sibil-a,2SG-GEN water TOP tasty-FIN,Your water is tasty.
synthetic_paradigm_glossed.eaf,371,786491,788586,uniaʔ sɔhɔɽ d̪ɔ ɟɘɾuɽa,uni-aʔ sɔhɔɽ d̪ɔ ɟɘɾuɽ-a,3SG-GEN town TOP important-FIN,His/her town is important.
synthetic_new_glossed.eaf,372,788586,790661,am d̪ɔ haku ɘkʰɾiɲakada,am d̪ɔ haku ɘkʰɾiɲ-akad-a,2SG TOP fish sell-PRF-FIN,You have sold the fish.
synthetic_texts_glossed.eaf,373,790661,792447,baskitiə̯ d̪ɔ lɘʈua,baskitiə̯ d̪ɔ lɘʈu-a,inhabitant TOP small-FIN,The inhabitant is small.
synthetic_see_paradigm.eaf,374,792447,793772,apɛpɛ gɔɽɔɛd̪a,apɛ-pɛ gɔɽɔ-ɛ-d̪a,2PL-2PL help-PROG-FIN,You all are helping.
synthetic_bangla_glossed.eaf,375,793772,795832,am d̪ɔ kat̪ʰa ɾɔɽa,am d̪ɔ kat̪ʰa ɾɔɽ-a,2SG TOP word speak-FIN,You will speak the word.
synthetic_see_paradigm.eaf,376,795832,797109,amɛm calaʔɛd̪a,am-ɛm calaʔ-ɛ-d̪a,2SG-2SG go-PROG-FIN,You is going.
synthetic_bangla_glossed.eaf,377,797109,799175,oŋko d̪ɔ ɟɔmaʔ ɲama,oŋko d̪ɔ ɟɔmaʔ ɲam-a,3PL.ANIM TOP food get-FIN,They will get the food.
synthetic_paradigm_glossed.eaf,378,799175,801121,alɛaʔ aɾd͡ʒan d̪ɔ sapʰaa,alɛ-aʔ aɾd͡ʒan d̪ɔ sapʰa-a,1PL.EXCL-GEN goad TOP clean-FIN,Our goad is clean.
synthetic_bangla_glossed.eaf,379,801121,803749,am d̪ɔ ɟɔmaʔ aɾ haku ɟɔma,am d̪ɔ ɟɔmaʔ aɾ haku ɟɔm-a,2SG TOP food and fish eat-FIN,You will eat the food and the fish.
synthetic_new_glossed_3.eaf,380,803749,806019,mit̪ʔʈɛn bʰikʰəɾi d̪ɔ sɔhɔɽɾɛ menaa,mit̪ʔ-ʈɛn bʰikʰəɾi d̪ɔ sɔhɔɽ-ɾɛ mena-a,one-CLF.HUM beggar TOP town-LOC exist-FIN,One beggar is in the town.
synthetic_bangla_glossed.eaf,381,806019,807958,iɲ d̪ɔ pɘɾsi ɾɔɽa,iɲ d̪ɔ pɘɾsi ɾɔɽ-a,1SG TOP language speak-FIN,I will speak the language.
synthetic_bangla_glossed.eaf,382,807958,810887,am d̪ɔ gʰuɽi aɾ ɾan kiɾiɲa,am d̪ɔ gʰuɽi aɾ ɾan kiɾiɲ-a,2SG TOP watch and medicine buy-FIN,You will buy the watch and the medicine.
synthetic_bangla_glossed.eaf,383,810887,812818,alɛ d̪ɔ ɾan ɲama,alɛ d̪ɔ ɾan ɲam-a,1PL.EXCL TOP medicine get-FIN,We will get the medicine.
synthetic_paradigm_glossed.eaf,384,812818,814882,oŋkoaʔ ɲɛlɛɾasa d̪ɔ mɔ̃ɟa,oŋko-aʔ ɲɛlɛɾasa d̪ɔ mɔ̃ɟ-a,3PL-GEN honey TOP good-FIN,Their honey is good.
synthetic_texts_glossed.eaf,385,814882,816530,bat͡ʃʰɽa d̪ɔ sapʰaa,bat͡ʃʰɽa d̪ɔ sapʰa-a,lad TOP clean-FIN,The lad is clean.
synthetic_bangla_glossed.eaf,386,816530,818570,apɛ d̪ɔ ɟɔmaʔ kiɾiɲa,apɛ d̪ɔ ɟɔmaʔ kiɾiɲ-a,2PL TOP food buy-FIN,You all will buy the food.
synthetic_school_dialogue_glossed.eaf,387,818570,821461,sɛt̪aʔɾɛ alɛ pɘɾsi paɽha͡o̯kat̪ɛ iskulɾɛ calaʔa,sɛt̪aʔ-ɾɛ alɛ pɘɾsi paɽha͡o̯-kat̪ɛ iskul-ɾɛ calaʔ-a,morning-LOC 1PL.EXCL language study-CVB school-LOC go-FIN,"In the morning, we study the language and then go to the school."
synthetic_see_paradigm.eaf,388,821461,823911,oŋko d̪ɔ mɔbaĭl pʰon bako ɘkʰɾiɲa,oŋko d̪ɔ mɔbaĭl pʰon ba-ko ɘkʰɾiɲ-a,3PL.ANIM TOP mobile.phone NEG-3PL.ANIM sell-FIN,They do not sell the mobile phone.
synthetic_paradigm_glossed.eaf,389,823911,825991,oŋkoaʔ əgil hapɽam d̪ɔ ɟɘɾuɽa,oŋko-aʔ əgil hapɽam d̪ɔ ɟɘɾuɽ-a,3PL-GEN patriarch TOP important-FIN,Their patriarch is important.
synthetic_school_dialogue_glossed.eaf,390,825991,828608,t̪eheɲɾɛ alɛ basaŋ ɟɔmkat̪ɛ kuɲɾɛ calaʔa,t̪eheɲ-ɾɛ alɛ basaŋ ɟɔm-kat̪ɛ kuɲ-ɾɛ calaʔ-a,today-LOC 1PL.EXCL cooked.food eat-CVB well-LOC go-FIN,"Today, we eat the cooked food and then go to the well."
synthetic_imperatives_glossed.eaf,391,828608,830763,d̪a.ja kat̪ɛ haku ɟɔmmɛ,d̪a.ja kat̪ɛ haku ɟɔm-mɛ,please Manner fish eat-IMP.2SG.POL,Please eat the fish.
synthetic_see_paradigm.eaf,392,830763,833182,oŋko d̪ɔ basaŋ bako ɟɔma,oŋko d̪ɔ basaŋ ba-ko ɟɔm-a,3PL.ANIM TOP cooked.food NEG-3PL.ANIM eat-FIN,They do not eat the cooked food.
synthetic_paradigm_glossed.eaf,393,833182,834905,iɲiɲ pʰɔʈɔ ɲamkeda,iɲ-iɲ pʰɔʈɔ ɲam-ked-a,1SG-1SG photo get-PST-FIN,I got the photo.
synthetic_see_paradigm.eaf,394,834905,836193,alɛlɛ ɲamɛd̪a,alɛ-lɛ ɲam-ɛ-d̪a,1PL.EXCL-1PL.EXCL get-PROG-FIN,We are getting.
synthetic_paradigm_glossed.eaf,395,836193,838080,apɛaʔ bəɾd͡ʒid d̪ɔ mɔ̃ɟa,apɛ-aʔ bəɾd͡ʒid d̪ɔ mɔ̃ɟ-a,2PL-GEN bet TOP good-FIN,Your bet is good.
synthetic_bangla_glossed.eaf,396,838080,840026,uni d̪ɔ gɔgɔ gɔɽɔa,uni d̪ɔ gɔgɔ gɔɽɔ-a,3SG.ANIM TOP mother help-FIN,He/she will help the mother.
synthetic_texts_glossed.eaf,397,840026,841631,aɖe paseɾɛ əngɾa menaa,aɖe pase-ɾɛ əngɾa mena-a,neighbourhood-LOC coquetry exist-FIN,There is a coquetry in the neighbourhood.
synthetic_see_paradigm.eaf,398,841631,843081,apɛpɛ ɟɔmɛd̪a,apɛ-pɛ ɟɔm-ɛ-d̪a,2PL-2PL eat-PROG-FIN,You all are eating.
synthetic_texts_glossed.eaf,399,843081,844812,əi̯dəɾi d̪ɔ mɔ̃ɟa,əi̯dəɾi d̪ɔ mɔ̃ɟ-a,inheritance TOP good-FIN,The inheritance is good.
synthetic_school_dialogue_glossed.eaf,400,844812,847609,t̪eheɲɾɛ oŋko gʰuɽi kiɾiɲkat̪ɛ kuɲɾɛ gat̪ea,t̪eheɲ-ɾɛ oŋko gʰuɽi kiɾiɲ-kat̪ɛ kuɲ-ɾɛ gat̪e-a,today-LOC 3PL.ANIM watch buy-CVB well-LOC play-FIN,"Today, they buy the watch and then play in the well."
synthetic_new_glossed.eaf,401,847609,849757,apɛ d̪ɔ pɘɾsi ɔlɔʔakada,apɛ d̪ɔ pɘɾsi ɔlɔʔ-akad-a,2PL TOP language write-PRF-FIN,You all have written the language.
synthetic_texts_glossed.eaf,402,849757,851281,adalot d̪ɔ nɔwaa,adalot d̪ɔ nɔwa-a,court TOP new-FIN,The court is new.
synthetic_bangla_glossed.eaf,403,851281,853320,apɛ d̪ɔ aɾak̕ d͡ʒʰaɾ ɲɛla,apɛ d̪ɔ aɾak̕ d͡ʒʰaɾ ɲɛl-a,2PL TOP haematuria see-FIN,You all will see the haematuria.
synthetic_paradigm_glossed.eaf,404,853320,855342,amaʔ gʰuɽi d̪ɔ ɟɘɾuɽa,am-aʔ gʰuɽi d̪ɔ ɟɘɾuɽ-a,2SG-GEN watch TOP important-FIN,Your watch is important.
synthetic_paradigm_glossed.eaf,405,855342,857031,unii̯ pɘɾsi ɔlɔʔkeda,uni-i̯ pɘɾsi ɔlɔʔ-ked-a,3SG.ANIM-3SG.ANIM language write-PST-FIN,He/she wrote the language.
synthetic_texts_glossed.eaf,406,857031,858739,aɖepaseɾenko d̪ɔ ɟɘɾuɽa,aɖepaseɾenko d̪ɔ ɟɘɾuɽ-a,neighbours TOP important-FIN,The neighbours is important.
synthetic_paradigm_glossed.eaf,407,858739,860401,apɛpɛ gɔgɔ gɔɽɔkeda,apɛ-pɛ gɔgɔ gɔɽɔ-ked-a,2PL-2PL mother help-PST-FIN,You all helped the mother.
synthetic_dialogues_glossed.eaf,408,860401,862379,sɔhɔɽ d̪ɔ ɔkaɾɛ menaa,sɔhɔɽ d̪ɔ ɔka-ɾɛ mena-a,town TOP where-LOC exist-FIN,Where is the town?
synthetic_paradigm_glossed.eaf,409,862379,864301,apɛaʔ bele d̪ɔ nɔwaa,apɛ-aʔ bele d̪ɔ nɔwa-a,2PL-GEN pus TOP new-FIN,Your pus is new.
synthetic_paradigm_glossed.eaf,410,864301,866256,alɛaʔ bən d̪ɔ nɔwaa,alɛ-aʔ bən d̪ɔ nɔwa-a,1PL.EXCL-GEN wages TOP new-FIN,Our wages is new.
synthetic_bangla_glossed.eaf,411,866256,868174,am d̪ɔ gʰuɽi ɘkʰɾiɲa,am d̪ɔ gʰuɽi ɘkʰɾiɲ-a,2SG TOP watch sell-FIN,You will sell the watch.
synthetic_new_glossed.eaf,412,868174,870071,oŋko d̪ɔ ɟɔmaʔ ɲamakada,oŋko d̪ɔ ɟɔmaʔ ɲam-akad-a,3PL.ANIM TOP food get-PRF-FIN,They have gotten the food.
synthetic_see_paradigm.eaf,413,870071,871384,apɛpɛ calaʔɛd̪a,apɛ-pɛ calaʔ-ɛ-d̪a,2PL-2PL go-PROG-FIN,You all are going.
synthetic_texts_glossed.eaf,414,871384,872896,bʰuku d̪ɔ lɘʈua,bʰuku d̪ɔ lɘʈu-a,termite TOP small-FIN,The termite is small.
synthetic_dialogues_glossed.eaf,415,872896,876545,am d̪ɔ gʰuɽi ɘkʰɾiɲa mɛnkʰan ɟɔmaʔ bam ɘkʰɾiɲa,am d̪ɔ gʰuɽi ɘkʰɾiɲ-a mɛnkʰan ɟɔmaʔ ba-m ɘkʰɾiɲ-a,2SG TOP watch sell-FIN but food NEG-2SG sell-FIN,"You will sell the watch, but do not sell the food."
synthetic_new_glossed_3.eaf,416,876545,878920,mit̪ʔ ɾan d̪ɔ kuɲɾɛ menaa,mit̪ʔ ɾan d̪ɔ kuɲ-ɾɛ mena-a,one medicine TOP well-LOC exist-FIN,One medicine is in the well.
synthetic_paradigm_glossed.eaf,417,878920,880984,apɛaʔ əɾsi d̪ɔ nɔwaa,apɛ-aʔ əɾsi d̪ɔ nɔwa-a,2PL-GEN mirror TOP new-FIN,Your mirror is new.
synthetic_imperatives_glossed.eaf,418,880984,883098,d̪a.ja kat̪ɛ kuɲɾɛ t̪ɘŋgimɛ,d̪a.ja kat̪ɛ kuɲ-ɾɛ t̪ɘŋgi-mɛ,please Manner well-LOC wait-IMP.2SG.POL,Please wait in the well.
synthetic_paradigm_glossed.eaf,419,883098,884996,oŋkoaʔ baha d̪ɔ ɟɘɾuɽa,oŋko-aʔ baha d̪ɔ ɟɘɾuɽ-a,3PL-GEN flower TOP important-FIN,Their flower is important.
synthetic_new_glossed_3.eaf,420,884996,887339,mit̪ʔʈɛn t̪ɘɾup̚ʔ d̪ɔ gaɖaɾɛ menaa,mit̪ʔ-ʈɛn t̪ɘɾup̚ʔ d̪ɔ gaɖa-ɾɛ mena-a,one-CLF.HUM tiger TOP river-LOC exist-FIN,One tiger is in the river.
synthetic_paradigm_glossed.eaf,421,887339,888981,alɛlɛ t̪o̯͡a ɲukeda,alɛ-lɛ t̪o̯͡a ɲu-ked-a,1PL.EXCL-1PL.EXCL milk drink-PST-FIN,We drank the milk.
synthetic_see_paradigm.eaf,422,888981,891465,alɛ d̪ɔ d̪aʔ balɛ ɲua,alɛ d̪ɔ d̪aʔ ba-lɛ ɲu-a,1PL.EXCL TOP water NEG-1PL.EXCL drink-FIN,We do not drink the water.
synthetic_texts_glossed.eaf,423,891465,893209,bɛmanɔt d̪ɔ ɟɘɾuɽa,bɛmanɔt d̪ɔ ɟɘɾuɽ-a,disrespect TOP important-FIN,The disrespect is important.
synthetic_paradigm_glossed.eaf,424,893209,895162,apɛaʔ kaʈa d̪ɔ ɟɘɾuɽa,apɛ-aʔ kaʈa d̪ɔ ɟɘɾuɽ-a,2PL-GEN foot TOP important-FIN,Your foot is important.
synthetic_bangla_glossed.eaf,425,895162,897976,alɛ d̪ɔ aɲd͡ʒle aɾ aɾak̕ kudɾum ɲɛla,alɛ d̪ɔ aɲd͡ʒle aɾ aɾak̕ kudɾum ɲɛl-a,1PL.EXCL TOP handful and sorel see-FIN,We will see the handful and the sorel.
synthetic_dialogues_glossed.eaf,426,897976,901316,apɛ d̪ɔ ən ɲɛla mɛnkʰan bandʰec̕ bapɛ ɲɛla,apɛ d̪ɔ ən ɲɛl-a mɛnkʰan bandʰec̕ ba-pɛ ɲɛl-a,2PL TOP enactment see-FIN but appliance NEG-2PL see-FIN,"You all will see the enactment, but do not see the appliance."
synthetic_new_glossed_3.eaf,427,901316,903563,mit̪ʔʈɛn gid̪ɾɘ d̪ɔ sɔhɔɽɾɛ menaa,mit̪ʔ-ʈɛn gid̪ɾɘ d̪ɔ sɔhɔɽ-ɾɛ mena-a,one-CLF.HUM child TOP town-LOC exist-FIN,One child is in the town.
synthetic_texts_glossed.eaf,428,903563,905199,bəi̯sək d̪ɔ sapʰaa,bəi̯sək d̪ɔ sapʰa-a,april.may TOP clean-FIN,The april-may is clean.
synthetic_school_dialogue_glossed.eaf,429,905199,907895,sɛt̪aʔɾɛ am t̪o̯͡a ɲukat̪ɛ at̪oɾɛ hiɟuʔa,sɛt̪aʔ-ɾɛ am t̪o̯͡a ɲu-kat̪ɛ at̪o-ɾɛ hiɟuʔ-a,morning-LOC 2SG milk drink-CVB village-LOC come-FIN,"In the morning, you drink the milk and then come to the village."
synthetic_texts_glossed.eaf,430,907895,909488,gaɖaɾɛ seɾeɲ menaa,gaɖa-ɾɛ seɾeɲ mena-a,river-LOC song exist-FIN,There is a song in the river.
synthetic_bangla_glossed.eaf,431,909488,911596,uni d̪ɔ gʰuɽi ɘkʰɾiɲa,uni d̪ɔ gʰuɽi ɘkʰɾiɲ-a,3SG.ANIM TOP watch sell-FIN,He/she will sell the watch.
synthetic_texts_glossed.eaf,432,911596,913417,iskulɾɛ pɘɾsi menaa,iskul-ɾɛ pɘɾsi mena-a,school-LOC language exist-FIN,There is a language in the school.
synthetic_bangla_glossed.eaf,433,913417,915309,iɲ d̪ɔ ɟɔmaʔ ɲama,iɲ d̪ɔ ɟɔmaʔ ɲam-a,1SG TOP food get-FIN,I will get the food.
synthetic_texts_glossed.eaf,434,915309,917133,gɔgɔ d̪ɔ lɘʈua,gɔgɔ d̪ɔ lɘʈu-a,mother TOP small-FIN,The mother is small.
synthetic_texts_glossed.eaf,435,917133,918685,basaɾɛ bʰusə menaa,basa-ɾɛ bʰusə mena-a,residence-LOC chaff exist-FIN,There is a chaff in the residence.
synthetic_bangla_glossed.eaf,436,918685,921297,oŋko d̪ɔ gʰuɽi aɾ ɟɔmaʔ kiɾiɲa,oŋko d̪ɔ gʰuɽi aɾ ɟɔmaʔ kiɾiɲ-a,3PL.ANIM TOP watch and food buy-FIN,They will buy the watch and the food.
synthetic_see_paradigm.eaf,437,921297,922768,amɛm hiɟuʔɛd̪a,am-ɛm hiɟuʔ-ɛ-d̪a,2SG-2SG come-PROG-FIN,You is coming.
synthetic_texts_glossed.eaf,438,922768,924388,beɽband d̪ɔ sapʰaa,beɽband d̪ɔ sapʰa-a,girth TOP clean-FIN,The girth is clean.
synthetic_bangla_glossed.eaf,439,924388,927104,oŋko d̪ɔ gʰuɽi aɾ mɔbaĭl pʰon kiɾiɲa,oŋko d̪ɔ gʰuɽi aɾ mɔbaĭl pʰon kiɾiɲ-a,3PL.ANIM TOP watch and mobile.phone buy-FIN,They will buy the watch and the mobile phone.
synthetic_school_dialogue_glossed.eaf,440,927104,929760,hɔlaɾɛ uni sikʰnɘt̪ paɽha͡o̯kat̪ɛ iskulɾɛ gat̪ea,hɔla-ɾɛ uni sikʰnɘt̪ paɽha͡o̯-kat̪ɛ iskul-ɾɛ gat̪e-a,yesterday-LOC 3SG.ANIM lesson study-CVB school-LOC play-FIN,"Yesterday, he/she study the lesson and then play in the school."
synthetic_see_paradigm.eaf,441,929760,932187,apɛ d̪ɔ ɟɔmaʔ bapɛ ɟɔma,apɛ d̪ɔ ɟɔmaʔ ba-pɛ ɟɔm-a,2PL TOP food NEG-2PL eat-FIN,You all do not eat the food.
synthetic_texts_glossed.eaf,442,932187,934009,ɲɛlɛɾasa d̪ɔ sapʰaa,ɲɛlɛɾasa d̪ɔ sapʰa-a,honey TOP clean-FIN,The honey is clean.
synthetic_texts_glossed.eaf,443,934009,935691,əpus d̪ɔ nɔwaa,əpus d̪ɔ nɔwa-a,kindred TOP new-FIN,The kindred is new.
synthetic_paradigm_glossed.eaf,444,935691,937891,oŋkoaʔ muc̚ʔ d̪ɔ mɔ̃ɟa,oŋko-aʔ muc̚ʔ d̪ɔ mɔ̃ɟ-a,3PL-GEN ant TOP good-FIN,Their ant is good.
synthetic_see_paradigm.eaf,445,937891,939151,oŋkoko ɾaːgɛd̪a,oŋko-ko ɾaːg-ɛ-d̪a,3PL.ANIM-3PL.ANIM sound-PROG-FIN,They are sounding.
synthetic_school_dialogue_glossed.eaf,446,939151,941901,hɔlaɾɛ iɲ t̪o̯͡a ɲukat̪ɛ gaɖaɾɛ kɘmia,hɔla-ɾɛ iɲ t̪o̯͡a ɲu-kat̪ɛ gaɖa-ɾɛ kɘmi-a,yesterday-LOC 1SG milk drink-CVB river-LOC work-FIN,"Yesterday, I drink the milk and then work in the river."
synthetic_paradigm_glossed.eaf,447,941901,944037,iɲaʔ haku d̪ɔ mɔ̃ɟa,iɲ-aʔ haku d̪ɔ mɔ̃ɟ-a,1SG-GEN fish TOP good-FIN,My fish is good.
synthetic_dialogues_glossed.eaf,448,944037,947652,uni d̪ɔ ɟɔmaʔ ɟɔma mɛnkʰan ɟɔmaʔ bai̯ ɟɔma,uni d̪ɔ ɟɔmaʔ ɟɔm-a mɛnkʰan ɟɔmaʔ ba-i̯ ɟɔm-a,3SG.ANIM TOP food eat-FIN but food NEG-3SG.ANIM eat-FIN,"He/she will eat the food, but does not eat the food."
synthetic_texts_glossed.eaf,449,947652,949357,əpus d̪ɔ sapʰaa,əpus d̪ɔ sapʰa-a,kindred TOP clean-FIN,The kindred is clean.
synthetic_texts_glossed.eaf,450,949357,950907,kuɲɾɛ band menaa,kuɲ-ɾɛ band mena-a,well-LOC embankment exist-FIN,There is an embankment in the well.
synthetic_school_dialogue_glossed.eaf,451,950907,953521,t̪eheɲɾɛ apɛ sikʰnɘt̪ paɽha͡o̯kat̪ɛ sɔhɔɽɾɛ hiɟuʔa,t̪eheɲ-ɾɛ apɛ sikʰnɘt̪ paɽha͡o̯-kat̪ɛ sɔhɔɽ-ɾɛ hiɟuʔ-a,today-LOC 2PL lesson study-CVB town-LOC come-FIN,"Today, you all study the lesson and then come to the town."
synthetic_paradigm_glossed.eaf,452,953521,955321,apɛpɛ t̪i ɲɛlkeda,apɛ-pɛ t̪i ɲɛl-ked-a,2PL-2PL hand see-PST-FIN,You all saw the hand.
synthetic_texts_glossed.eaf,453,955321,956947,sɔhɔɽɾɛ t̪o̯͡a menaa,sɔhɔɽ-ɾɛ t̪o̯͡a mena-a,town-LOC milk exist-FIN,There is a milk in the town.
synthetic_bangla_glossed.eaf,454,956947,959076,alɛ d̪ɔ gʰuɽi kiɾiɲa,alɛ d̪ɔ gʰuɽi kiɾiɲ-a,1PL.EXCL TOP watch buy-FIN,We will buy the watch.
synthetic_see_paradigm.eaf,455,959076,961542,iɲ d̪ɔ kaʈa bɘɲ ɲɛla,iɲ d̪ɔ kaʈa bɘ-ɲ ɲɛl-a,1SG TOP foot NEG-1SG see-FIN,I do not see the foot.
synthetic_texts_glossed.eaf,456,961542,963102,bʰugək̕ɾɛ bəi̯ɾi menaa,bʰugək̕-ɾɛ bəi̯ɾi mena-a,cave-LOC enemy exist-FIN,There is an enemy in the cave.
synthetic_texts_glossed.eaf,457,963102,964612,aɾpa d̪ɔ ɟɘɾuɽa,aɾpa d̪ɔ ɟɘɾuɽ-a,fathom TOP important-FIN,The fathom is important.
synthetic_paradigm_glossed.eaf,458,964612,966622,oŋkoaʔ babɾẽ d̪ɔ sapʰaa,oŋko-aʔ babɾẽ d̪ɔ sapʰa-a,3PL-GEN brahman TOP clean-FIN,Their brahman is clean.
synthetic_bangla_glossed.eaf,459,966622,968678,uni d̪ɔ kat̪ʰa paɽha͡o̯a,uni d̪ɔ kat̪ʰa paɽha͡o̯-a,3SG.ANIM TOP word study-FIN,He/she will study the word.
synthetic_texts_glossed.eaf,460,968678,970515,gaɖaɾɛ kat̪ʰa menaa,gaɖa-ɾɛ kat̪ʰa mena-a,river-LOC word exist-FIN,There is a word in the river.
synthetic_school_dialogue_glossed.eaf,461,970515,973129,sɛt̪aʔɾɛ alɛ d̪aʔ ɲukat̪ɛ kuɲɾɛ gat̪ea,sɛt̪aʔ-ɾɛ alɛ d̪aʔ ɲu-kat̪ɛ kuɲ-ɾɛ gat̪e-a,morning-LOC 1PL.EXCL water drink-CVB well-LOC play-FIN,"In the morning, we drink the water and then play in the well."
synthetic_school_dialogue_glossed.eaf,462,973129,976031,sɛt̪aʔɾɛ oŋko pɘɾsi ɔlɔʔkat̪ɛ gaɖaɾɛ gat̪ea,sɛt̪aʔ-ɾɛ oŋko pɘɾsi ɔlɔʔ-kat̪ɛ gaɖa-ɾɛ gat̪e-a,morning-LOC 3PL.ANIM language write-CVB river-LOC play-FIN,"In the morning, they write the language and then play in the river."
synthetic_see_paradigm.eaf,463,976031,977352,amɛm kɘmiɛd̪a,am-ɛm kɘmi-ɛ-d̪a,2SG-2SG work-PROG-FIN,You is working.
synthetic_texts_glossed.eaf,464,977352,978973,ən d̪ɔ mɔ̃ɟa,ən d̪ɔ mɔ̃ɟ-a,enactment TOP good-FIN,The enactment is good.
synthetic_bangla_glossed.eaf,465,978973,981902,oŋko d̪ɔ banam aɾ baɲt͡ʃao̯k̕ ɲɛla,oŋko d̪ɔ banam aɾ baɲt͡ʃao̯k̕ ɲɛl-a,3PL.ANIM TOP a.kind.of and salvation see-FIN,They will see the a kind of fiddle and the salvation.
synthetic_new_glossed_3.eaf,466,981902,984411,mit̪ʔʈɛn bãoɽã d̪ɔ ɔɽaʔɾɛ menaa,mit̪ʔ-ʈɛn bãoɽã d̪ɔ ɔɽaʔ-ɾɛ mena-a,one-CLF.HUM dwarf TOP house-LOC exist-FIN,One dwarf is in the house.
synthetic_school_dialogue_glossed.eaf,467,984411,987037,t̪eheɲɾɛ uni d̪aʔ ɲukat̪ɛ at̪oɾɛ kɘmia,t̪eheɲ-ɾɛ uni d̪aʔ ɲu-kat̪ɛ at̪o-ɾɛ kɘmi-a,today-LOC 3SG.ANIM water drink-CVB village-LOC work-FIN,"Today, he/she drink the water and then work in the village."
synthetic_dialogues_glossed.eaf,468,987037,990542,alɛ d̪ɔ hɔɽ gɔɽɔa mɛnkʰan baba balɛ gɔɽɔa,alɛ d̪ɔ hɔɽ gɔɽɔ-a mɛnkʰan baba ba-lɛ gɔɽɔ-a,1PL.EXCL TOP person help-FIN but father NEG-1PL.EXCL help-FIN,"We will help the person, but do not help the father."
synthetic_texts_glossed.eaf,469,990542,992282,bilənɾɛ bʰui̯t͡ʃampa menaa,bilən-ɾɛ bʰui̯t͡ʃampa mena-a,wide.expanse.of-LOC fireworks exist-FIN,There is a fireworks in the wide expanse of land.
synthetic_dialogues_glossed.eaf,470,992282,994267,nit̪ʔ cɛʔiɲ ceka ja,nit̪ʔ cɛ-ʔ-iɲ cek-a ja,now what-NFIN-1SG.SUBJ do-FIN Q,What will I do now?
synthetic_school_dialogue_glossed.eaf,471,994267,997194,sɛt̪aʔɾɛ alɛ mɔbaĭl pʰon kiɾiɲkat̪ɛ kuɲɾɛ kɘmia,sɛt̪aʔ-ɾɛ alɛ mɔbaĭl pʰon kiɾiɲ-kat̪ɛ kuɲ-ɾɛ kɘmi-a,morning-LOC 1PL.EXCL mobile.phone buy-CVB well-LOC work-FIN,"In the morning, we buy the mobile phone and then work in the well."
synthetic_paradigm_glossed.eaf,472,997194,999242,iɲaʔ kuɲ d̪ɔ ɟɘɾuɽa,iɲ-aʔ kuɲ d̪ɔ ɟɘɾuɽ-a,1SG-GEN well TOP important-FIN,My well is important.
synthetic_dialogues_glossed.eaf,473,999242,1002850,iɲ d̪ɔ gɔgɔ gɔɽɔa mɛnkʰan gɔgɔ bɘɲ gɔɽɔa,iɲ d̪ɔ gɔgɔ gɔɽɔ-a mɛnkʰan gɔgɔ bɘ-ɲ gɔɽɔ-a,1SG TOP mother help-FIN but mother NEG-1SG help-FIN,"I will help the mother, but do not help the mother."
synthetic_texts_glossed.eaf,474,1002850,1004571,ɖak̚t̪aɾ d̪ɔ mɔ̃ɟa,ɖak̚t̪aɾ d̪ɔ mɔ̃ɟ-a,doctor TOP good-FIN,The doctor is good.
synthetic_texts_glossed.eaf,475,1004571,1006377,basaɾɛ kuɲ menaa,basa-ɾɛ kuɲ mena-a,residence-LOC well exist-FIN,There is a well in the residence.
synthetic_paradigm_glossed.eaf,476,1006377,1008376,amaʔ gid̪ɾɘ d̪ɔ mɔ̃ɟa,am-aʔ gid̪ɾɘ d̪ɔ mɔ̃ɟ-a,2SG-GEN child TOP good-FIN,Your child is good.
synthetic_see_paradigm.eaf,477,1008376,1009694,alɛlɛ gat̪eɛd̪a,alɛ-lɛ gat̪e-ɛ-d̪a,1PL.EXCL-1PL.EXCL play-PROG-FIN,We are playing.
synthetic_bangla_glossed.eaf,478,1009694,1011879,uni d̪ɔ pɘɾsi ɾɔɽa,uni d̪ɔ pɘɾsi ɾɔɽ-a,3SG.ANIM TOP language speak-FIN,He/she will speak the language.
synthetic_paradigm_glossed.eaf,479,1011879,1013478,oŋkoko ɟɔmaʔ ɲamkeda,oŋko-ko ɟɔmaʔ ɲam-ked-a,3PL.ANIM-3PL.ANIM food get-PST-FIN,They got the food.
synthetic_bangla_glossed.eaf,480,1013478,1015597,uni d̪ɔ ʈaka ɲama,uni d̪ɔ ʈaka ɲam-a,3SG.ANIM TOP money get-FIN,He/she will get the money.
synthetic_texts_glossed.eaf,481,1015597,1017137,ɟɔlaɾɛ hɔɽ menaa,ɟɔla-ɾɛ hɔɽ mena-a,lake-LOC person exist-FIN,There is a person in the lake.
synthetic_see_paradigm.eaf,482,1017137,1019480,apɛ d̪ɔ hɔɽ bapɛ gɔɽɔa,apɛ d̪ɔ hɔɽ ba-pɛ gɔɽɔ-a,2PL TOP person NEG-2PL help-FIN,You all do not help the person.
synthetic_see_paradigm.eaf,483,1019480,1020822,iɲiɲ gat̪eɛd̪a,iɲ-iɲ gat̪e-ɛ-d̪a,1SG-1SG play-PROG-FIN,I am playing.
synthetic_new_glossed.eaf,484,1020822,1022703,alɛ d̪ɔ ɟɔmaʔ ɲamakada,alɛ d̪ɔ ɟɔmaʔ ɲam-akad-a,1PL.EXCL TOP food get-PRF-FIN,We have gotten the food.
synthetic_dialogues_glossed.eaf,485,1022703,1026217,oŋko d̪ɔ ɟɔmaʔ ɲama mɛnkʰan ʈaka bako ɲama,oŋko d̪ɔ ɟɔmaʔ ɲam-a mɛnkʰan ʈaka ba-ko ɲam-a,3PL.ANIM TOP food get-FIN but money NEG-3PL.ANIM get-FIN,"They will get the food, but do not get the money."
synthetic_texts_glossed.eaf,486,1026217,1027883,bəteɾɛ bɛtʰiɾ menaa,bəte-ɾɛ bɛtʰiɾ mena-a,courtyard.of.house-LOC unrest exist-FIN,There is an unrest in the courtyard of house.
synthetic_bangla_glossed.eaf,487,1027883,1030624,uni d̪ɔ t̪o̯͡a aɾ d̪aʔ ɲua,uni d̪ɔ t̪o̯͡a aɾ d̪aʔ ɲu-a,3SG.ANIM TOP milk and water drink-FIN,He/she will drink the milk and the water.
synthetic_texts_glossed.eaf,488,1030624,1032157,kuɲɾɛ ae̯ upəi̯ menaa,kuɲ-ɾɛ ae̯ upəi̯ mena-a,well-LOC gain exist-FIN,There is a gain in the well.
synthetic_paradigm_glossed.eaf,489,1032157,1033922,unii̯ kat̪ʰa ɾɔɽkeda,uni-i̯ kat̪ʰa ɾɔɽ-ked-a,3SG.ANIM-3SG.ANIM word speak-PST-FIN,He/she spoke the word.
synthetic_dialogues_glossed.eaf,490,1033922,1037506,alɛ d̪ɔ bət͡ʃkəɾ ɲɛla mɛnkʰan baŋ balɛ ɲɛla,alɛ d̪ɔ bət͡ʃkəɾ ɲɛl-a mɛnkʰan baŋ ba-lɛ ɲɛl-a,1PL.EXCL TOP harlot see-FIN but negative NEG-1PL.EXCL see-FIN,"We will see the harlot, but do not see the negative."
synthetic_paradigm_glossed.eaf,491,1037506,1039431,iɲaʔ baba d̪ɔ mɔ̃ɟa,iɲ-aʔ baba d̪ɔ mɔ̃ɟ-a,1SG-GEN father TOP good-FIN,My father is good.
synthetic_see_paradigm.eaf,492,1039431,1041781,am d̪ɔ gɔgɔ bam gɔɽɔa,am d̪ɔ gɔgɔ ba-m gɔɽɔ-a,2SG TOP mother NEG-2SG help-FIN,You do not help the mother.
synthetic_school_dialogue_glossed.eaf,493,1041781,1044548,t̪eheɲɾɛ apɛ ɟɔmaʔ kiɾiɲkat̪ɛ gaɖaɾɛ gat̪ea,t̪eheɲ-ɾɛ apɛ ɟɔmaʔ kiɾiɲ-kat̪ɛ gaɖa-ɾɛ gat̪e-a,today-LOC 2PL food buy-CVB river-LOC play-FIN,"Today, you all buy the food and then play in the river."
synthetic_imperatives_glossed.eaf,494,1044548,1046611,d̪a.ja kat̪ɛ t̪o̯͡a ɲumɛ,d̪a.ja kat̪ɛ t̪o̯͡a ɲu-mɛ,please Manner milk drink-IMP.2SG.POL,Please drink the milk.
synthetic_see_paradigm.eaf,495,1046611,1047910,alɛlɛ hiɟuʔɛd̪a,alɛ-lɛ hiɟuʔ-ɛ-d̪a,1PL.EXCL-1PL.EXCL come-PROG-FIN,We are coming.
synthetic_texts_glossed.eaf,496,1047910,1049595,aɖe ʈolaɾɛ bəɖɾə menaa,aɖe ʈola-ɾɛ bəɖɾə mena-a,vicinity-LOC residue exist-FIN,There is a residue in the vicinity.
synthetic_texts_glossed.eaf,497,1049595,1051394,iskulɾɛ baɾet menaa,iskul-ɾɛ baɾet mena-a,school-LOC brother exist-FIN,There is a brother in the school.
synthetic_bangla_glossed.eaf,498,1051394,1053305,iɲ d̪ɔ ḅahiɾ bəi̯ ɲɛla,iɲ d̪ɔ ḅahiɾ bəi̯ ɲɛl-a,1SG TOP convulsions see-FIN,I will see the convulsions.
synthetic_see_paradigm.eaf,499,1053305,1055780,oŋko d̪ɔ sikʰnɘt̪ bako paɽha͡o̯a,oŋko d̪ɔ sikʰnɘt̪ ba-ko paɽha͡o̯-a,3PL.ANIM TOP lesson NEG-3PL.ANIM study-FIN,They do not study the lesson.
synthetic_see_paradigm.eaf,500,1055780,1058065,am d̪ɔ mɔbaĭl pʰon bam ɘkʰɾiɲa,am d̪ɔ mɔbaĭl pʰon ba-m ɘkʰɾiɲ-a,2SG TOP mobile.phone NEG-2SG sell-FIN,You do not sell the mobile phone.
synthetic_texts_glossed.eaf,501,1058065,1059575,baba d̪ɔ lɘʈua,baba d̪ɔ lɘʈu-a,father TOP small-FIN,The father is small.
synthetic_see_paradigm.eaf,502,1059575,1060771,iɲiɲ kɘmiɛd̪a,iɲ-iɲ kɘmi-ɛ-d̪a,1SG-1SG work-PROG-FIN,I am working.
synthetic_bangla_glossed.eaf,503,1060771,1062891,apɛ d̪ɔ bʰed͡ʒa ɲɛla,apɛ d̪ɔ bʰed͡ʒa ɲɛl-a,2PL TOP additional.assessment.on see-FIN,You all will see the additional assessment on rent.
synthetic_texts_glossed.eaf,504,1062891,1064598,iskul d̪ɔ ɟɘɾuɽa,iskul d̪ɔ ɟɘɾuɽ-a,school TOP important-FIN,The school is important.
synthetic_paradigm_glossed.eaf,505,1064598,1066616,oŋkoaʔ sɔhɔɽ d̪ɔ nɔwaa,oŋko-aʔ sɔhɔɽ d̪ɔ nɔwa-a,3PL-GEN town TOP new-FIN,Their town is new.
synthetic_texts_glossed.eaf,506,1066616,1068188,bapɔti dʰo d̪ɔ mɔ̃ɟa,bapɔti dʰo d̪ɔ mɔ̃ɟ-a,paternal.estate TOP good-FIN,The paternal estate is good.
synthetic_dialogues_glossed.eaf,507,1068188,1071698,iɲ d̪ɔ bʰad͡ʒan ɲɛla mɛnkʰan bʰit bɘɲ ɲɛla,iɲ d̪ɔ bʰad͡ʒan ɲɛl-a mɛnkʰan bʰit bɘ-ɲ ɲɛl-a,1SG TOP basket see-FIN but wall NEG-1SG see-FIN,"I will see the basket, but do not see the wall."
synthetic_imperatives_glossed.eaf,508,1071698,1073907,d̪a.ja kat̪ɛ gaɖaɾɛ d̪uɽup̚ʔmɛ,d̪a.ja kat̪ɛ gaɖa-ɾɛ d̪uɽup̚ʔ-mɛ,please Manner river-LOC sit-IMP.2SG.POL,Please sit in the river.
synthetic_texts_glossed.eaf,509,1073907,1075649,bãoɽã d̪ɔ mɔ̃ɟa,bãoɽã d̪ɔ mɔ̃ɟ-a,dwarf TOP good-FIN,The dwarf is good.
synthetic_school_dialogue_glossed.eaf,510,1075649,1078251,hɔlaɾɛ apɛ t̪o̯͡a ɲukat̪ɛ ɟɔlaɾɛ kɘmia,hɔla-ɾɛ apɛ t̪o̯͡a ɲu-kat̪ɛ ɟɔla-ɾɛ kɘmi-a,yesterday-LOC 2PL milk drink-CVB lake-LOC work-FIN,"Yesterday, you all drink the milk and then work in the lake."
synthetic_texts_glossed.eaf,511,1078251,1079822,babad͡ʒi d̪ɔ sapʰaa,babad͡ʒi d̪ɔ sapʰa-a,fakeer TOP clean-FIN,The fakeer is clean.
synthetic_texts_glossed.eaf,512,1079822,1081596,basɾɛ pɔɾɔb menaa,bas-ɾɛ pɔɾɔb mena-a,dwelling.place-LOC festival exist-FIN,There is a festival in the dwelling place.
synthetic_paradigm_glossed.eaf,513,1081596,1083759,uniaʔ bʰao̯ d̪ɔ sapʰaa,uni-aʔ bʰao̯ d̪ɔ sapʰa-a,3SG-GEN price TOP clean-FIN,His/her price is clean.
synthetic_paradigm_glossed.eaf,514,1083759,1085810,uniaʔ ɟaŋga d̪ɔ mɔ̃ɟa,uni-aʔ ɟaŋga d̪ɔ mɔ̃ɟ-a,3SG-GEN leg TOP good-FIN,His/her leg is good.
synthetic_paradigm_glossed.eaf,515,1085810,1087794,amaʔ basaŋ d̪ɔ sapʰaa,am-aʔ basaŋ d̪ɔ sapʰa-a,2SG-GEN cooked.food TOP clean-FIN,Your cooked food is clean.
synthetic_paradigm_glossed.eaf,516,1087794,1089890,amaʔ bʰit d̪ɔ nɔwaa,am-aʔ bʰit d̪ɔ nɔwa-a,2SG-GEN wall TOP new-FIN,Your wall is new.
synthetic_texts_glossed.eaf,517,1089890,1091470,bata d̪ɔ ɟɘɾuɽa,bata d̪ɔ ɟɘɾuɽ-a,lattice.work TOP important-FIN,The lattice work is important.
synthetic_new_glossed.eaf,518,1091470,1093343,oŋko d̪ɔ ən sunduk ɲɛlakada,oŋko d̪ɔ ən sunduk ɲɛl-akad-a,3PL.ANIM TOP ark.of.the see-PRF-FIN,They have seen the ark of the covenant.
synthetic_see_paradigm.eaf,519,1093343,1095575,oŋko d̪ɔ pɘɾsi bako ɾɔɽa,oŋko d̪ɔ pɘɾsi ba-ko ɾɔɽ-a,3PL.ANIM TOP language NEG-3PL.ANIM speak-FIN,They do not speak the language.
synthetic_new_glossed.eaf,520,1095575,1097560,am d̪ɔ ɟɔmaʔ ɟɔmakada,am d̪ɔ ɟɔmaʔ ɟɔm-akad-a,2SG TOP food eat-PRF-FIN,You have eaten the food.
synthetic_new_glossed.eaf,521,1097560,1099473,oŋko d̪ɔ basaŋ ɟɔmakada,oŋko d̪ɔ basaŋ ɟɔm-akad-a,3PL.ANIM TOP cooked.food eat-PRF-FIN,They have eaten the cooked food.
synthetic_texts_glossed.eaf,522,1099473,1101104,ɟaŋga d̪ɔ mɔ̃ɟa,ɟaŋga d̪ɔ mɔ̃ɟ-a,leg TOP good-FIN,The leg is good.
synthetic_new_glossed_3.eaf,523,1101104,1103415,mit̪ʔ haku d̪ɔ ɟɔlaɾɛ menaa,mit̪ʔ haku d̪ɔ ɟɔla-ɾɛ mena-a,one fish TOP lake-LOC exist-FIN,One fish is in the lake.
synthetic_see_paradigm.eaf,524,1103415,1104641,amɛm gɔc̚ʔɛd̪a,am-ɛm gɔc̚ʔ-ɛ-d̪a,2SG-2SG die-PROG-FIN,You is dying.
synthetic_imperatives_glossed.eaf,525,1104641,1106752,d̪a.ja kat̪ɛ d̪aʔ ɲumɛ,d̪a.ja kat̪ɛ d̪aʔ ɲu-mɛ,please Manner water drink-IMP.2SG.POL,Please drink the water.
synthetic_texts_glossed.eaf,526,1106752,1108572,bʰugək̕ɾɛ ɟiŋgi menaa,bʰugək̕-ɾɛ ɟiŋgi mena-a,cave-LOC life exist-FIN,There is a life in the cave.
synthetic_new_glossed.eaf,527,1108572,1110780,oŋko d̪ɔ gɔgɔ gɔɽɔakada,oŋko d̪ɔ gɔgɔ gɔɽɔ-akad-a,3PL.ANIM TOP mother help-PRF-FIN,They have helped the mother.
synthetic_imperatives_glossed.eaf,528,1110780,1112723,d̪a.ja kat̪ɛ ɔɽaʔɾɛ calaʔmɛ,d̪a.ja kat̪ɛ ɔɽaʔ-ɾɛ calaʔ-mɛ,please Manner house-LOC go-IMP.2SG.POL,Please go to the house.
synthetic_texts_glossed.eaf,529,1112723,1114315,baɖɔm d̪ɔ sapʰaa,baɖɔm d̪ɔ sapʰa-a,sail TOP clean-FIN,The sail is clean.
synthetic_new_glossed.eaf,530,1114315,1116198,iɲ d̪ɔ pɘɾsi paɽha͡o̯akada,iɲ d̪ɔ pɘɾsi paɽha͡o̯-akad-a,1SG TOP language study-PRF-FIN,I have studied the language.
synthetic_bangla_glossed.eaf,531,1116198,1118072,oŋko d̪ɔ pɘɾsi ɾɔɽa,oŋko d̪ɔ pɘɾsi ɾɔɽ-a,3PL.ANIM TOP language speak-FIN,They will speak the language.
synthetic_dialogues_glossed.eaf,532,1118072,1121426,am d̪ɔ ɟɔmaʔ ɲama mɛnkʰan pʰɔʈɔ bam ɲama,am d̪ɔ ɟɔmaʔ ɲam-a mɛnkʰan pʰɔʈɔ ba-m ɲam-a,2SG TOP food get-FIN but photo NEG-2SG get-FIN,"You will get the food, but do not get the photo."
synthetic_see_paradigm.eaf,533,1121426,1122798,oŋkoko gɔc̚ʔɛd̪a,oŋko-ko gɔc̚ʔ-ɛ-d̪a,3PL.ANIM-3PL.ANIM die-PROG-FIN,They are dying.
synthetic_see_paradigm.eaf,534,1122798,1125137,iɲ d̪ɔ ɟɔmaʔ bɘɲ ɘkʰɾiɲa,iɲ d̪ɔ ɟɔmaʔ bɘ-ɲ ɘkʰɾiɲ-a,1SG TOP food NEG-1SG sell-FIN,I do not sell the food.
synthetic_new_glossed_3.eaf,535,1125137,1127647,mit̪ʔʈɛn bʰət͡ʃə d̪ɔ ɟɔlaɾɛ menaa,mit̪ʔ-ʈɛn bʰət͡ʃə d̪ɔ ɟɔla-ɾɛ mena-a,one-CLF.HUM niece TOP lake-LOC exist-FIN,One niece is in the lake.
synthetic_new_glossed_3.eaf,536,1127647,1129909,mit̪ʔʈɛn bapɔti dʰɔn d̪ɔ sɔhɔɽɾɛ menaa,mit̪ʔ-ʈɛn bapɔti dʰɔn d̪ɔ sɔhɔɽ-ɾɛ mena-a,one-CLF.HUM heritage TOP town-LOC exist-FIN,One heritage is in the town.
synthetic_bangla_glossed.eaf,537,1129909,1131975,apɛ d̪ɔ kat̪ʰa ɾɔɽa,apɛ d̪ɔ kat̪ʰa ɾɔɽ-a,2PL TOP word speak-FIN,You all will speak the word.
synthetic_see_paradigm.eaf,538,1131975,1134447,am d̪ɔ t̪o̯͡a bam ɲua,am d̪ɔ t̪o̯͡a ba-m ɲu-a,2SG TOP milk NEG-2SG drink-FIN,You do not drink the milk.
synthetic_dialogues_glossed.eaf,539,1134447,1135832,cɛt̪ʔlɛka menlɛa,cɛt̪ʔ-lɛka men-lɛ-a,how-like be.NFIN-1PL.EXCL-FIN,How are we?
synthetic_paradigm_glossed.eaf,540,1135832,1137984,iɲaʔ ɾan d̪ɔ nɔwaa,iɲ-aʔ ɾan d̪ɔ nɔwa-a,1SG-GEN medicine TOP new-FIN,My medicine is new.
synthetic_texts_glossed.eaf,541,1137984,1139771,gaɖaɾɛ ɔkt̪ɛ menaa,gaɖa-ɾɛ ɔkt̪ɛ mena-a,river-LOC time exist-FIN,There is a time in the river.
synthetic_new_glossed.eaf,542,1139771,1141881,iɲ d̪ɔ t̪o̯͡a ɲuakada,iɲ d̪ɔ t̪o̯͡a ɲu-akad-a,1SG TOP milk drink-PRF-FIN,I have drunk the milk.
synthetic_texts_glossed.eaf,543,1141881,1143565,sɔhɔɽɾɛ adalot menaa,sɔhɔɽ-ɾɛ adalot mena-a,town-LOC court exist-FIN,There is a court in the town.
synthetic_see_paradigm.eaf,544,1143565,1146085,alɛ d̪ɔ ɖak̚t̪aɾ balɛ gɔɽɔa,alɛ d̪ɔ ɖak̚t̪aɾ ba-lɛ gɔɽɔ-a,1PL.EXCL TOP doctor NEG-1PL.EXCL help-FIN,We do not help the doctor.
synthetic_dialogues_glossed.eaf,545,1146085,1149491,iɲ d̪ɔ pɘɾsi ɾɔɽa mɛnkʰan pɘɾsi bɘɲ ɾɔɽa,iɲ d̪ɔ pɘɾsi ɾɔɽ-a mɛnkʰan pɘɾsi bɘ-ɲ ɾɔɽ-a,1SG TOP language speak-FIN but language NEG-1SG speak-FIN,"I will speak the language, but do not speak the language."
synthetic_new_glossed_3.eaf,546,1149491,1151820,mit̪ʔʈɛn bapɔti dʰɔn d̪ɔ ɔɽaʔɾɛ menaa,mit̪ʔ-ʈɛn bapɔti dʰɔn d̪ɔ ɔɽaʔ-ɾɛ mena-a,one-CLF.HUM heritage TOP house-LOC exist-FIN,One heritage is in the house.
synthetic_dialogues_glossed.eaf,547,1151820,1155245,uni d̪ɔ pɘɾsi ɔlɔʔa mɛnkʰan pɘɾsi bai̯ ɔlɔʔa,uni d̪ɔ pɘɾsi ɔlɔʔ-a mɛnkʰan pɘɾsi ba-i̯ ɔlɔʔ-a,3SG.ANIM TOP language write-FIN but language NEG-3SG.ANIM write-FIN,"He/she will write the language, but does not write the language."
synthetic_paradigm_glossed.eaf,548,1155245,1157231,oŋkoaʔ gɔgɔ d̪ɔ ɾɘskɘa,oŋko-aʔ gɔgɔ d̪ɔ ɾɘskɘ-a,3PL-GEN mother TOP happy-FIN,Their mother is happy.
synthetic_bangla_glossed.eaf,549,1157231,1159124,oŋko d̪ɔ d̪aʔ ɲua,oŋko d̪ɔ d̪aʔ ɲu-a,3PL.ANIM TOP water drink-FIN,They will drink the water.
synthetic_texts_glossed.eaf,550,1159124,1160635,bilətɾɛ əi̯ʈʰə menaa,bilət-ɾɛ əi̯ʈʰə mena-a,england-LOC leftover.food exist-FIN,There is a leftover food in the england.
synthetic_paradigm_glossed.eaf,551,1160635,1162182,amɛm kat̪ʰa paɽha͡o̯keda,am-ɛm kat̪ʰa paɽha͡o̯-ked-a,2SG-2SG word study-PST-FIN,You studied the word.
synthetic_bangla_glossed.eaf,552,1162182,1164089,apɛ d̪ɔ ɟɔmaʔ ɲama,apɛ d̪ɔ ɟɔmaʔ ɲam-a,2PL TOP food get-FIN,You all will get the food.
synthetic_school_dialogue_glossed.eaf,553,1164089,1166680,ɔkt̪ɛɾɛ alɛ aɾd͡ʒa əɾd͡ʒi ɲɛlkat̪ɛ iskulɾɛ kɘmia,ɔkt̪ɛ-ɾɛ alɛ aɾd͡ʒa əɾd͡ʒi ɲɛl-kat̪ɛ iskul-ɾɛ kɘmi-a,time-LOC 1PL.EXCL request see-CVB school-LOC work-FIN,"At that time, we see the request and then work in the school."
synthetic_bangla_glossed.eaf,554,1166680,1168560,uni d̪ɔ kat̪ʰa ɾɔɽa,uni d̪ɔ kat̪ʰa ɾɔɽ-a,3SG.ANIM TOP word speak-FIN,He/she will speak the word.
synthetic_paradigm_glossed.eaf,555,1168560,1170516,iɲaʔ at̪o d̪ɔ mɔ̃ɟa,iɲ-aʔ at̪o d̪ɔ mɔ̃ɟ-a,1SG-GEN village TOP good-FIN,My village is good.
synthetic_school_dialogue_glossed.eaf,556,1170516,1173198,hɔlaɾɛ alɛ ɲɛlɛɾasa ɟɔmkat̪ɛ ɔɽaʔɾɛ kɘmia,hɔla-ɾɛ alɛ ɲɛlɛɾasa ɟɔm-kat̪ɛ ɔɽaʔ-ɾɛ kɘmi-a,yesterday-LOC 1PL.EXCL honey eat-CVB house-LOC work-FIN,"Yesterday, we eat the honey and then work in the house."
synthetic_paradigm_glossed.eaf,557,1173198,1174768,alɛlɛ ɟɔmaʔ ɘkʰɾiɲkeda,alɛ-lɛ ɟɔmaʔ ɘkʰɾiɲ-ked-a,1PL.EXCL-1PL.EXCL food sell-PST-FIN,We sold the food.
synthetic_texts_glossed.eaf,558,1174768,1176455,ɟɔla d̪ɔ ɟɘɾuɽa,ɟɔla d̪ɔ ɟɘɾuɽ-a,lake TOP important-FIN,The lake is important.
synthetic_see_paradigm.eaf,559,1176455,1178977,iɲ d̪ɔ bəu̯ɾi bɘɲ ɲɛla,iɲ d̪ɔ bəu̯ɾi bɘ-ɲ ɲɛl-a,1SG TOP aborigines NEG-1SG see-FIN,I do not see the aborigines.
synthetic_paradigm_glossed.eaf,560,1178977,1180848,iɲaʔ d̪aʔ d̪ɔ sapʰaa,iɲ-aʔ d̪aʔ d̪ɔ sapʰa-a,1SG-GEN water TOP clean-FIN,My water is clean.
synthetic_paradigm_glossed.eaf,561,1180848,1183011,uniaʔ bəhu d̪ɔ ɾɘskɘa,uni-aʔ bəhu d̪ɔ ɾɘskɘ-a,3SG-GEN wife TOP happy-FIN,His/her wife is happy.
synthetic_dialogues_glossed.eaf,562,1183011,1186634,alɛ d̪ɔ pɘɾsi ɾɔɽa mɛnkʰan pɘɾsi balɛ ɾɔɽa,alɛ d̪ɔ pɘɾsi ɾɔɽ-a mɛnkʰan pɘɾsi ba-lɛ ɾɔɽ-a,1PL.EXCL TOP language speak-FIN but language NEG-1PL.EXCL speak-FIN,"We will speak the language, but do not speak the language."
synthetic_paradigm_glossed.eaf,563,1186634,1188148,amɛm pɘɾsi ɔlɔʔkeda,am-ɛm pɘɾsi ɔlɔʔ-ked-a,2SG-2SG language write-PST-FIN,You wrote the language.
synthetic_see_paradigm.eaf,564,1188148,1190456,am d̪ɔ haku bam kiɾiɲa,am d̪ɔ haku ba-m kiɾiɲ-a,2SG TOP fish NEG-2SG buy-FIN,You do not buy the fish.
synthetic_school_dialogue_glossed.eaf,565,1190456,1193363,t̪eheɲɾɛ oŋko mɔbaĭl pʰon kiɾiɲkat̪ɛ iskulɾɛ hiɟuʔa,t̪eheɲ-ɾɛ oŋko mɔbaĭl pʰon kiɾiɲ-kat̪ɛ iskul-ɾɛ hiɟuʔ-a,today-LOC 3PL.ANIM mobile.phone buy-CVB school-LOC come-FIN,"Today, they buy the mobile phone and then come to the school."
synthetic_see_paradigm.eaf,566,1193363,1195798,uni d̪ɔ haku bai̯ ɟɔma,uni d̪ɔ haku ba-i̯ ɟɔm-a,3SG.ANIM TOP fish NEG-3SG.ANIM eat-FIN,He/she does not eat the fish.
synthetic_paradigm_glossed.eaf,567,1195798,1197755,alɛaʔ ʈaka d̪ɔ nɔwaa,alɛ-aʔ ʈaka d̪ɔ nɔwa-a,1PL.EXCL-GEN money TOP new-FIN,Our money is new.
synthetic_paradigm_glossed.eaf,568,1197755,1199744,oŋkoaʔ gʰuɽi d̪ɔ ɟɘɾuɽa,oŋko-aʔ gʰuɽi d̪ɔ ɟɘɾuɽ-a,3PL-GEN watch TOP important-FIN,Their watch is important.
synthetic_texts_glossed.eaf,569,1199744,1201455,ɟɔlaɾɛ bə̃ɽĩə kohɳɖa menaa,ɟɔla-ɾɛ bə̃ɽĩə kohɳɖa mena-a,lake-LOC pumpkin exist-FIN,There is a pumpkin in the lake.
synthetic_school_dialogue_glossed.eaf,570,1201455,1204347,ɔkt̪ɛɾɛ alɛ pɘɾsi ɔlɔʔkat̪ɛ sɔhɔɽɾɛ hiɟuʔa,ɔkt̪ɛ-ɾɛ alɛ pɘɾsi ɔlɔʔ-kat̪ɛ sɔhɔɽ-ɾɛ hiɟuʔ-a,time-LOC 1PL.EXCL language write-CVB town-LOC come-FIN,"At that time, we write the language and then come to the town."
synthetic_see_paradigm.eaf,571,1204347,1205823,unii̯ gat̪eɛd̪a,uni-i̯ gat̪e-ɛ-d̪a,3SG.ANIM-3SG.ANIM play-PROG-FIN,He/she is playing.
synthetic_see_paradigm.eaf,572,1205823,1208071,oŋko d̪ɔ hɔɽ bako gɔɽɔa,oŋko d̪ɔ hɔɽ ba-ko gɔɽɔ-a,3PL.ANIM TOP person NEG-3PL.ANIM help-FIN,They do not help the person.
synthetic_dialogues_glossed.eaf,573,1208071,1211552,alɛ d̪ɔ ɟɔmaʔ ɘkʰɾiɲa mɛnkʰan gʰuɽi balɛ ɘkʰɾiɲa,alɛ d̪ɔ ɟɔmaʔ ɘkʰɾiɲ-a mɛnkʰan gʰuɽi ba-lɛ ɘkʰɾiɲ-a,1PL.EXCL TOP food sell-FIN but watch NEG-1PL.EXCL sell-FIN,"We will sell the food, but do not sell the watch."
synthetic_bangla_glossed.eaf,574,1211552,1213461,iɲ d̪ɔ bed͡ʒʰa ɲɛla,iɲ d̪ɔ bed͡ʒʰa ɲɛl-a,1SG TOP target see-FIN,I will see the target.
synthetic_see_paradigm.eaf,575,1213461,1214749,oŋkoko ɾɔɽɛd̪a,oŋko-ko ɾɔɽ-ɛ-d̪a,3PL.ANIM-3PL.ANIM speak-PROG-FIN,They are speaking.
synthetic_bangla_glossed.eaf,576,1214749,1217649,apɛ d̪ɔ haku aɾ gʰuɽi kiɾiɲa,apɛ d̪ɔ haku aɾ gʰuɽi kiɾiɲ-a,2PL TOP fish and watch buy-FIN,You all will buy the fish and the watch.
synthetic_see_paradigm.eaf,577,1217649,1220016,oŋko d̪ɔ ɖak̚t̪aɾ bako gɔɽɔa,oŋko d̪ɔ ɖak̚t̪aɾ ba-ko gɔɽɔ-a,3PL.ANIM TOP doctor NEG-3PL.ANIM help-FIN,They do not help the doctor.
synthetic_bangla_glossed.eaf,578,1220016,1221900,alɛ d̪ɔ t̪o̯͡a ɲua,alɛ d̪ɔ t̪o̯͡a ɲu-a,1PL.EXCL TOP milk drink-FIN,We will drink the milk.
synthetic_texts_glossed.eaf,579,1221900,1223675,ɔɽaʔɾɛ bʰeo̯na menaa,ɔɽaʔ-ɾɛ bʰeo̯na mena-a,house-LOC apparition exist-FIN,There is an apparition in the house.
synthetic_school_dialogue_glossed.eaf,580,1223675,1226459,t̪eheɲɾɛ alɛ haku ɟɔmkat̪ɛ ɟɔlaɾɛ calaʔa,t̪eheɲ-ɾɛ alɛ haku ɟɔm-kat̪ɛ ɟɔla-ɾɛ calaʔ-a,today-LOC 1PL.EXCL fish eat-CVB lake-LOC go-FIN,"Today, we eat the fish and then go to the lake."
synthetic_texts_glossed.eaf,581,1226459,1228262,basɾɛ basaŋ menaa,bas-ɾɛ basaŋ mena-a,dwelling.place-LOC cooked.food exist-FIN,There is a cooked food in the dwelling place.
synthetic_bangla_glossed.eaf,582,1228262,1230296,oŋko d̪ɔ ɾan kiɾiɲa,oŋko d̪ɔ ɾan kiɾiɲ-a,3PL.ANIM TOP medicine buy-FIN,They will buy the medicine.
synthetic_new_glossed.eaf,583,1230296,1232213,oŋko d̪ɔ ɲɛlɛɾasa ɟɔmakada,oŋko d̪ɔ ɲɛlɛɾasa ɟɔm-akad-a,3PL.ANIM TOP honey eat-PRF-FIN,They have eaten the honey.
synthetic_paradigm_glossed.eaf,584,1232213,1234185,alɛaʔ bʰiduk d̪ɔ ɾɘskɘa,alɛ-aʔ bʰiduk d̪ɔ ɾɘskɘ-a,1PL.EXCL-GEN pretender TOP happy-FIN,Our pretender is happy.
synthetic_texts_glossed.eaf,585,1234185,1235865,sɔhɔɽɾɛ ɔɽaʔ menaa,sɔhɔɽ-ɾɛ ɔɽaʔ mena-a,town-LOC house exist-FIN,There is a house in the town.
synthetic_bangla_glossed.eaf,586,1235865,1237772,iɲ d̪ɔ mɔbaĭl pʰon ɘkʰɾiɲa,iɲ d̪ɔ mɔbaĭl pʰon ɘkʰɾiɲ-a,1SG TOP mobile.phone sell-FIN,I will sell the mobile phone.
synthetic_new_glossed.eaf,587,1237772,1239818,iɲ d̪ɔ sikʰnɘt̪ paɽha͡o̯akada,iɲ d̪ɔ sikʰnɘt̪ paɽha͡o̯-akad-a,1SG TOP lesson study-PRF-FIN,I have studied the lesson.
synthetic_texts_glossed.eaf,588,1239818,1241449,baɾsa d̪ɔ sapʰaa,baɾsa d̪ɔ sapʰa-a,confidence TOP clean-FIN,The confidence is clean.
synthetic_school_dialogue_glossed.eaf,589,1241449,1244073,ɔkt̪ɛɾɛ oŋko t̪o̯͡a ɲukat̪ɛ ɟɔlaɾɛ gat̪ea,ɔkt̪ɛ-ɾɛ oŋko t̪o̯͡a ɲu-kat̪ɛ ɟɔla-ɾɛ gat̪e-a,time-LOC 3PL.ANIM milk drink-CVB lake-LOC play-FIN,"At that time, they drink the milk and then play in the lake."
synthetic_paradigm_glossed.eaf,590,1244073,1246162,alɛaʔ bʰut͡ʃampa d̪ɔ mɔ̃ɟa,alɛ-aʔ bʰut͡ʃampa d̪ɔ mɔ̃ɟ-a,1PL.EXCL-GEN earthquake TOP good-FIN,Our earthquake is good.
synthetic_see_paradigm.eaf,591,1246162,1248504,apɛ d̪ɔ kat̪ʰa bapɛ paɽha͡o̯a,apɛ d̪ɔ kat̪ʰa ba-pɛ paɽha͡o̯-a,2PL TOP word NEG-2PL study-FIN,You all do not study the word.
synthetic_texts_glossed.eaf,592,1248504,1250019,bʰelə̃uɳɖi d̪ɔ lɘʈua,bʰelə̃uɳɖi d̪ɔ lɘʈu-a,goat.s.dropping TOP small-FIN,The goat's dropping is small.
synthetic_paradigm_glossed.eaf,593,1250019,1252026,apɛaʔ t̪ɘɾup̚ʔ d̪ɔ mɔ̃ɟa,apɛ-aʔ t̪ɘɾup̚ʔ d̪ɔ mɔ̃ɟ-a,2PL-GEN tiger TOP good-FIN,Your tiger is good.
synthetic_texts_glossed.eaf,594,1252026,1253603,bɛbɛ d̪ɔ sapʰaa,bɛbɛ d̪ɔ sapʰa-a,croak.of.frogs TOP clean-FIN,The croak of frogs is clean.
synthetic_bangla_glossed.eaf,595,1253603,1256228,am d̪ɔ haku aɾ ɟɔmaʔ ɟɔma,am d̪ɔ haku aɾ ɟɔmaʔ ɟɔm-a,2SG TOP fish and food eat-FIN,You will eat the fish and the food.
synthetic_paradigm_glossed.eaf,596,1256228,1258412,uniaʔ gid̪ɾɘ d̪ɔ mɔ̃ɟa,uni-aʔ gid̪ɾɘ d̪ɔ mɔ̃ɟ-a,3SG-GEN child TOP good-FIN,His/her child is good.
synthetic_paradigm_glossed.eaf,597,1258412,1260108,oŋkoko kat̪ʰa ɔlɔʔkeda,oŋko-ko kat̪ʰa ɔlɔʔ-ked-a,3PL.ANIM-3PL.ANIM word write-PST-FIN,They wrote the word.
synthetic_new_glossed_3.eaf,598,1260108,1262522,mit̪ʔʈɛn bibɔɾɔn d̪ɔ ɔɽaʔɾɛ menaa,mit̪ʔ-ʈɛn bibɔɾɔn d̪ɔ ɔɽaʔ-ɾɛ mena-a,one-CLF.HUM generation TOP house-LOC exist-FIN,One generation is in the house.
synthetic_see_paradigm.eaf,599,1262522,1263978,apɛpɛ t̪ɘŋgiɛd̪a,apɛ-pɛ t̪ɘŋgi-ɛ-d̪a,2PL-2PL wait-PROG-FIN,You all are waiting.
synthetic_paradigm_glossed.eaf,600,1263978,1265586,alɛlɛ kat̪ʰa ɔlɔʔkeda,alɛ-lɛ kat̪ʰa ɔlɔʔ-ked-a,1PL.EXCL-1PL.EXCL word write-PST-FIN,We wrote the word.
synthetic_paradigm_glossed.eaf,601,1265586,1267509,oŋkoaʔ sɔhɔɽ d̪ɔ sapʰaa,oŋko-aʔ sɔhɔɽ d̪ɔ sapʰa-a,3PL-GEN town TOP clean-FIN,Their town is clean.
synthetic_paradigm_glossed.eaf,602,1267509,1269321,iɲiɲ gʰuɽi ɘkʰɾiɲkeda,iɲ-iɲ gʰuɽi ɘkʰɾiɲ-ked-a,1SG-1SG watch sell-PST-FIN,I sold the watch.
synthetic_see_paradigm.eaf,603,1269321,1271873,am d̪ɔ bat͡ʃʰɽa bam ɲɛla,am d̪ɔ bat͡ʃʰɽa ba-m ɲɛl-a,2SG TOP lad NEG-2SG see-FIN,You do not see the lad.
synthetic_new_glossed.eaf,604,1271873,1273843,apɛ d̪ɔ aɾba ɲɛlakada,apɛ d̪ɔ aɾba ɲɛl-akad-a,2PL TOP ant.eater see-PRF-FIN,You all have seen the ant-eater.
synthetic_school_dialogue_glossed.eaf,605,1273843,1276490,ɔkt̪ɛɾɛ am pɘɾsi ɔlɔʔkat̪ɛ at̪oɾɛ hiɟuʔa,ɔkt̪ɛ-ɾɛ am pɘɾsi ɔlɔʔ-kat̪ɛ at̪o-ɾɛ hiɟuʔ-a,time-LOC 2SG language write-CVB village-LOC come-FIN,"At that time, you write the language and then come to the village."
synthetic_paradigm_glossed.eaf,606,1276490,1278521,iɲaʔ əndʰi dak̕ d̪ɔ nɔwaa,iɲ-aʔ əndʰi dak̕ d̪ɔ nɔwa-a,1SG-GEN storm.of.wind TOP new-FIN,My storm of wind & rain is new.
synthetic_new_glossed.eaf,607,1278521,1280557,am d̪ɔ pɘɾsi ɔlɔʔakada,am d̪ɔ pɘɾsi ɔlɔʔ-akad-a,2SG TOP language write-PRF-FIN,You have written the language.
synthetic_paradigm_glossed.eaf,608,1280557,1282724,apɛaʔ bɛnɛt d̪ɔ sapʰaa,apɛ-aʔ bɛnɛt d̪ɔ sapʰa-a,2PL-GEN calyx.of.flower TOP clean-FIN,Your calyx of flower is clean.
synthetic_see_paradigm.eaf,609,1282724,1285204,apɛ d̪ɔ ɟɔmaʔ bapɛ ɘkʰɾiɲa,apɛ d̪ɔ ɟɔmaʔ ba-pɛ ɘkʰɾiɲ-a,2PL TOP food NEG-2PL sell-FIN,You all do not sell the food.
synthetic_bangla_glossed.eaf,610,1285204,1288006,am d̪ɔ ɟɔmaʔ aɾ haku kiɾiɲa,am d̪ɔ ɟɔmaʔ aɾ haku kiɾiɲ-a,2SG TOP food and fish buy-FIN,You will buy the food and the fish.
synthetic_paradigm_glossed.eaf,611,1288006,1289658,oŋkoko t̪o̯͡a ɲukeda,oŋko-ko t̪o̯͡a ɲu-ked-a,3PL.ANIM-3PL.ANIM milk drink-PST-FIN,They drank the milk.
synthetic_bangla_glossed.eaf,612,1289658,1291666,am d̪ɔ ɖak̚t̪aɾ gɔɽɔa,am d̪ɔ ɖak̚t̪aɾ gɔɽɔ-a,2SG TOP doctor help-FIN,You will help the doctor.
synthetic_texts_glossed.eaf,613,1291666,1293344,iskulɾɛ mɔbaĭl pʰon menaa,iskul-ɾɛ mɔbaĭl pʰon mena-a,school-LOC mobile.phone exist-FIN,There is a mobile phone in the school.
synthetic_texts_glossed.eaf,614,1293344,1294886,gaɖaɾɛ apʰsoɾ menaa,gaɖa-ɾɛ apʰsoɾ mena-a,river-LOC leisure exist-FIN,There is a leisure in the river.
synthetic_texts_glossed.eaf,615,1294886,1296575,basɾɛ kɘmi menaa,bas-ɾɛ kɘmi mena-a,dwelling.place-LOC work exist-FIN,There is a work in the dwelling place.
synthetic_school_dialogue_glossed.eaf,616,1296575,1299297,ɔkt̪ɛɾɛ apɛ ɟɔmaʔ ɟɔmkat̪ɛ ɟɔlaɾɛ hiɟuʔa,ɔkt̪ɛ-ɾɛ apɛ ɟɔmaʔ ɟɔm-kat̪ɛ ɟɔla-ɾɛ hiɟuʔ-a,time-LOC 2PL food eat-CVB lake-LOC come-FIN,"At that time, you all eat the food and then come to the lake."
synthetic_dialogues_glossed.eaf,617,1299297,1302860,alɛ d̪ɔ ɟɔmaʔ ɘkʰɾiɲa mɛnkʰan haku balɛ ɘkʰɾiɲa,alɛ d̪ɔ ɟɔmaʔ ɘkʰɾiɲ-a mɛnkʰan haku ba-lɛ ɘkʰɾiɲ-a,1PL.EXCL TOP food sell-FIN but fish NEG-1PL.EXCL sell-FIN,"We will sell the food, but do not sell the fish."
synthetic_see_paradigm.eaf,618,1302860,1305230,uni d̪ɔ anataŋ bai̯ ɲɛla,uni d̪ɔ anataŋ ba-i̯ ɲɛl-a,3SG.ANIM TOP receptacle NEG-3SG.ANIM see-FIN,He/she does not see the receptacle.
synthetic_bangla_glossed.eaf,619,1305230,1307293,oŋko d̪ɔ sikʰnɘt̪ paɽha͡o̯a,oŋko d̪ɔ sikʰnɘt̪ paɽha͡o̯-a,3PL.ANIM TOP lesson study-FIN,They will study the lesson.
synthetic_texts_glossed.eaf,620,1307293,1309120,basaɾɛ ɲɛlɛɾasa menaa,basa-ɾɛ ɲɛlɛɾasa mena-a,residence-LOC honey exist-FIN,There is a honey in the residence.
synthetic_bangla_glossed.eaf,621,1309120,1311768,uni d̪ɔ bənkəɾ aɾ baŋ ɲɛla,uni d̪ɔ bənkəɾ aɾ baŋ ɲɛl-a,3SG.ANIM TOP hired.worker and negative see-FIN,He/she will see the hired worker and the negative.
synthetic_bangla_glossed.eaf,622,1311768,1313795,am d̪ɔ gʰuɽi kiɾiɲa,am d̪ɔ gʰuɽi kiɾiɲ-a,2SG TOP watch buy-FIN,You will buy the watch.
synthetic_paradigm_glossed.eaf,623,1313795,1315776,uniaʔ ɟɔmaʔ d̪ɔ sapʰaa,uni-aʔ ɟɔmaʔ d̪ɔ sapʰa-a,3SG-GEN food TOP clean-FIN,His/her food is clean.
synthetic_bangla_glossed.eaf,624,1315776,1318636,apɛ d̪ɔ bana aɾ bʰul t͡ʃuk ɲɛla,apɛ d̪ɔ bana aɾ bʰul t͡ʃuk ɲɛl-a,2PL TOP black.bear and omission see-FIN,You all will see the black bear and the omission.
synthetic_texts_glossed.eaf,625,1318636,1320475,agʰoɾni d̪ɔ sapʰaa,agʰoɾni d̪ɔ sapʰa-a,pool TOP clean-FIN,The pool is clean.
synthetic_dialogues_glossed.eaf,626,1320475,1322575,gɔgɔ d̪ɔ ɔkaɾɛ menaa,gɔgɔ d̪ɔ ɔka-ɾɛ mena-a,mother TOP where-LOC exist-FIN,Where is the mother?
synthetic_paradigm_glossed.eaf,627,1322575,1324759,amaʔ pɔɾɔb d̪ɔ nɔwaa,am-aʔ pɔɾɔb d̪ɔ nɔwa-a,2SG-GEN festival TOP new-FIN,Your festival is new.
synthetic_imperatives_glossed.eaf,628,1324759,1326722,d̪a.ja kat̪ɛ kat̪ʰa ɔlɔʔmɛ,d̪a.ja kat̪ɛ kat̪ʰa ɔlɔʔ-mɛ,please Manner word write-IMP.2SG.POL,Please write the word.
synthetic_bangla_glossed.eaf,629,1326722,1328685,uni d̪ɔ baɾ gɛl ɲɛla,uni d̪ɔ baɾ gɛl ɲɛl-a,3SG.ANIM TOP twenty see-FIN,He/she will see the twenty.
synthetic_bangla_glossed.eaf,630,1328685,1330589,uni d̪ɔ kat̪ʰa ɔlɔʔa,uni d̪ɔ kat̪ʰa ɔlɔʔ-a,3SG.ANIM TOP word write-FIN,He/she will write the word.
synthetic_dialogues_glossed.eaf,631,1330589,1333990,alɛ d̪ɔ bədi ɲɛla mɛnkʰan bʰuku balɛ ɲɛla,alɛ d̪ɔ bədi ɲɛl-a mɛnkʰan bʰuku ba-lɛ ɲɛl-a,1PL.EXCL TOP accuser see-FIN but termite NEG-1PL.EXCL see-FIN,"We will see the accuser, but do not see the termite."
synthetic_new_glossed_3.eaf,632,1333990,1336476,mit̪ʔʈɛn balɛ d̪ɔ ɟɔlaɾɛ menaa,mit̪ʔ-ʈɛn balɛ d̪ɔ ɟɔla-ɾɛ mena-a,one-CLF.HUM infant TOP lake-LOC exist-FIN,One infant is in the lake.
synthetic_see_paradigm.eaf,633,1336476,1337913,apɛpɛ hiɟuʔɛd̪a,apɛ-pɛ hiɟuʔ-ɛ-d̪a,2PL-2PL come-PROG-FIN,You all are coming.
synthetic_bangla_glossed.eaf,634,1337913,1339820,am d̪ɔ sikʰnɘt̪ paɽha͡o̯a,am d̪ɔ sikʰnɘt̪ paɽha͡o̯-a,2SG TOP lesson study-FIN,You will study the lesson.
synthetic_texts_glossed.eaf,635,1339820,1341490,bilətɾɛ beldaɾ menaa,bilət-ɾɛ beldaɾ mena-a,england-LOC navvy exist-FIN,There is a navvy in the england.
synthetic_dialogues_glossed.eaf,636,1341490,1343633,t̪i d̪ɔ ɔkaɾɛ menaa,t̪i d̪ɔ ɔka-ɾɛ mena-a,hand TOP where-LOC exist-FIN,Where is the hand?
synthetic_texts_glossed.eaf,637,1343633,1345215,bilətɾɛ gɔgɔ menaa,bilət-ɾɛ gɔgɔ mena-a,england-LOC mother exist-FIN,There is a mother in the england.
synthetic_texts_glossed.eaf,638,1345215,1346777,aɖe paseɾɛ adalot menaa,aɖe pase-ɾɛ adalot mena-a,neighbourhood-LOC court exist-FIN,There is a court in the neighbourhood.
synthetic_bangla_glossed.eaf,639,1346777,1349404,iɲ d̪ɔ basaŋ aɾ ɲɛlɛɾasa ɟɔma,iɲ d̪ɔ basaŋ aɾ ɲɛlɛɾasa ɟɔm-a,1SG TOP cooked.food and honey eat-FIN,I will eat the cooked food and the honey.
synthetic_paradigm_glossed.eaf,640,1349404,1351477,iɲaʔ ɖak̚t̪aɾ d̪ɔ mɔ̃ɟa,iɲ-aʔ ɖak̚t̪aɾ d̪ɔ mɔ̃ɟ-a,1SG-GEN doctor TOP good-FIN,My doctor is good.
synthetic_bangla_glossed.eaf,641,1351477,1354403,alɛ d̪ɔ ɟɔmaʔ aɾ haku kiɾiɲa,alɛ d̪ɔ ɟɔmaʔ aɾ haku kiɾiɲ-a,1PL.EXCL TOP food and fish buy-FIN,We will buy the food and the fish.
synthetic_dialogues_glossed.eaf,642,1354403,1357794,uni d̪ɔ mɔbaĭl pʰon kiɾiɲa mɛnkʰan haku bai̯ kiɾiɲa,uni d̪ɔ mɔbaĭl pʰon kiɾiɲ-a mɛnkʰan haku ba-i̯ kiɾiɲ-a,3SG.ANIM TOP mobile.phone buy-FIN but fish NEG-3SG.ANIM buy-FIN,"He/she will buy the mobile phone, but does not buy the fish."
synthetic_new_glossed_3.eaf,643,1357794,1360290,mit̪ʔ gʰuɽi d̪ɔ ɔɽaʔɾɛ menaa,mit̪ʔ gʰuɽi d̪ɔ ɔɽaʔ-ɾɛ mena-a,one watch TOP house-LOC exist-FIN,One watch is in the house.
synthetic_texts_glossed.eaf,644,1360290,1361940,bembʰa d̪ɔ ɟɘɾuɽa,bembʰa d̪ɔ ɟɘɾuɽ-a,muff TOP important-FIN,The muff is important.
synthetic_texts_glossed.eaf,645,1361940,1363719,basaɾɛ beɲd͡ʒaɲ biɲd͡ʒiɲ menaa,basa-ɾɛ beɲd͡ʒaɲ biɲd͡ʒiɲ mena-a,residence-LOC jumble exist-FIN,There is a jumble in the residence.
synthetic_imperatives_glossed.eaf,646,1363719,1365724,d̪a.ja kat̪ɛ pɘɾsi paɽha͡o̯mɛ,d̪a.ja kat̪ɛ pɘɾsi paɽha͡o̯-mɛ,please Manner language study-IMP.2SG.POL,Please study the language.
synthetic_school_dialogue_glossed.eaf,647,1365724,1368463,ɔkt̪ɛɾɛ uni bakʰaɾa ɲɛlkat̪ɛ ɔɽaʔɾɛ gat̪ea,ɔkt̪ɛ-ɾɛ uni bakʰaɾa ɲɛl-kat̪ɛ ɔɽaʔ-ɾɛ gat̪e-a,time-LOC 3SG.ANIM boasting see-CVB house-LOC play-FIN,"At that time, he/she see the boasting and then play in the house."
synthetic_bangla_glossed.eaf,648,1368463,1370424,alɛ d̪ɔ mɔbaĭl pʰon ɘkʰɾiɲa,alɛ d̪ɔ mɔbaĭl pʰon ɘkʰɾiɲ-a,1PL.EXCL TOP mobile.phone sell-FIN,We will sell the mobile phone.
synthetic_new_glossed_3.eaf,649,1370424,1372854,mit̪ʔ basaŋ d̪ɔ ɟɔlaɾɛ menaa,mit̪ʔ basaŋ d̪ɔ ɟɔla-ɾɛ mena-a,one cooked.food TOP lake-LOC exist-FIN,One cooked food is in the lake.
synthetic_dialogues_glossed.eaf,650,1372854,1376329,oŋko d̪ɔ kat̪ʰa paɽha͡o̯a mɛnkʰan pɘɾsi bako paɽha͡o̯a,oŋko d̪ɔ kat̪ʰa paɽha͡o̯-a mɛnkʰan pɘɾsi ba-ko paɽha͡o̯-a,3PL.ANIM TOP word study-FIN but language NEG-3PL.ANIM study-FIN,"They will study the word, but do not study the language."
synthetic_see_paradigm.eaf,651,1376329,1377585,alɛlɛ ɾɔɽɛd̪a,alɛ-lɛ ɾɔɽ-ɛ-d̪a,1PL.EXCL-1PL.EXCL speak-PROG-FIN,We are speaking.
synthetic_see_paradigm.eaf,652,1377585,1379074,oŋkoko paɽha͡o̯ɛd̪a,oŋko-ko paɽha͡o̯-ɛ-d̪a,3PL.ANIM-3PL.ANIM study-PROG-FIN,They are studying.
synthetic_texts_glossed.eaf,653,1379074,1380644,bəteɾɛ bʰelə̃uɳɖi menaa,bəte-ɾɛ bʰelə̃uɳɖi mena-a,courtyard.of.house-LOC goat.s.dropping exist-FIN,There is a goat's dropping in the courtyard of house.
synthetic_bangla_glossed.eaf,654,1380644,1383544,iɲ d̪ɔ ɾan aɾ mɔbaĭl pʰon kiɾiɲa,iɲ d̪ɔ ɾan aɾ mɔbaĭl pʰon kiɾiɲ-a,1SG TOP medicine and mobile.phone buy-FIN,I will buy the medicine and the mobile phone.
synthetic_dialogues_glossed.eaf,655,1383544,1387178,apɛ d̪ɔ aɲd͡ʒle ɲɛla mɛnkʰan at͡ʃel bapɛ ɲɛla,apɛ d̪ɔ aɲd͡ʒle ɲɛl-a mɛnkʰan at͡ʃel ba-pɛ ɲɛl-a,2PL TOP handful see-FIN but wealth NEG-2PL see-FIN,"You all will see the handful, but do not see the wealth."
synthetic_paradigm_glossed.eaf,656,1387178,1388778,amɛm bʰãoʈia ɲɛlkeda,am-ɛm bʰãoʈia ɲɛl-ked-a,2SG-2SG a.species.of see-PST-FIN,You saw the a species of antelope.
synthetic_texts_glossed.eaf,657,1388778,1390502,bəteɾɛ bədʰiə̯ menaa,bəte-ɾɛ bədʰiə̯ mena-a,courtyard.of.house-LOC hog.plum exist-FIN,There is a hog plum in the courtyard of house.
synthetic_bangla_glossed.eaf,658,1390502,1393317,alɛ d̪ɔ d̪aʔ aɾ t̪o̯͡a ɲua,alɛ d̪ɔ d̪aʔ aɾ t̪o̯͡a ɲu-a,1PL.EXCL TOP water and milk drink-FIN,We will drink the water and the milk.
synthetic_texts_glossed.eaf,659,1393317,1395011,pɔɾɔb d̪ɔ nɔwaa,pɔɾɔb d̪ɔ nɔwa-a,festival TOP new-FIN,The festival is new.
synthetic_paradigm_glossed.eaf,660,1395011,1396770,alɛlɛ sikʰnɘt̪ paɽha͡o̯keda,alɛ-lɛ sikʰnɘt̪ paɽha͡o̯-ked-a,1PL.EXCL-1PL.EXCL lesson study-PST-FIN,We studied the lesson.
synthetic_paradigm_glossed.eaf,661,1396770,1398445,iɲiɲ kat̪ʰa paɽha͡o̯keda,iɲ-iɲ kat̪ʰa paɽha͡o̯-ked-a,1SG-1SG word study-PST-FIN,I studied the word.
synthetic_paradigm_glossed.eaf,662,1398445,1400382,iɲaʔ bɔ͡i̯ha d̪ɔ lɘʈua,iɲ-aʔ bɔ͡i̯ha d̪ɔ lɘʈu-a,1SG-GEN brother TOP small-FIN,My brother is small.
synthetic_dialogues_glossed.eaf,663,1400382,1404016,am d̪ɔ pɘɾsi ɾɔɽa mɛnkʰan kat̪ʰa bam ɾɔɽa,am d̪ɔ pɘɾsi ɾɔɽ-a mɛnkʰan kat̪ʰa ba-m ɾɔɽ-a,2SG TOP language speak-FIN but word NEG-2SG speak-FIN,"You will speak the language, but do not speak the word."
synthetic_see_paradigm.eaf,664,1404016,1405259,oŋkoko gɔɽɔɛd̪a,oŋko-ko gɔɽɔ-ɛ-d̪a,3PL.ANIM-3PL.ANIM help-PROG-FIN,They are helping.
synthetic_texts_glossed.eaf,665,1405259,1406769,pɔɾɔb d̪ɔ mɔ̃ɟa,pɔɾɔb d̪ɔ mɔ̃ɟ-a,festival TOP good-FIN,The festival is good.
synthetic_texts_glossed.eaf,666,1406769,1408285,gaɖaɾɛ gɔgɔ menaa,gaɖa-ɾɛ gɔgɔ mena-a,river-LOC mother exist-FIN,There is a mother in the river.
synthetic_paradigm_glossed.eaf,667,1408285,1410006,oŋkoko ɟɔmaʔ ɟɔmkeda,oŋko-ko ɟɔmaʔ ɟɔm-ked-a,3PL.ANIM-3PL.ANIM food eat-PST-FIN,They ate the food.
synthetic_paradigm_glossed.eaf,668,1410006,1411771,oŋkoko mɔbaĭl pʰon ɘkʰɾiɲkeda,oŋko-ko mɔbaĭl pʰon ɘkʰɾiɲ-ked-a,3PL.ANIM-3PL.ANIM mobile.phone sell-PST-FIN,They sold the mobile phone.
synthetic_bangla_glossed.eaf,669,1411771,1413906,alɛ d̪ɔ ɟɔmaʔ ɘkʰɾiɲa,alɛ d̪ɔ ɟɔmaʔ ɘkʰɾiɲ-a,1PL.EXCL TOP food sell-FIN,We will sell the food.
synthetic_bangla_glossed.eaf,670,1413906,1415859,am d̪ɔ gɔgɔ gɔɽɔa,am d̪ɔ gɔgɔ gɔɽɔ-a,2SG TOP mother help-FIN,You will help the mother.
synthetic_bangla_glossed.eaf,671,1415859,1418745,uni d̪ɔ ɲɛlɛɾasa aɾ haku ɟɔma,uni d̪ɔ ɲɛlɛɾasa aɾ haku ɟɔm-a,3SG.ANIM TOP honey and fish eat-FIN,He/she will eat the honey and the fish.
synthetic_dialogues_glossed.eaf,672,1418745,1422123,am d̪ɔ d̪aʔ ɲua mɛnkʰan d̪aʔ bam ɲua,am d̪ɔ d̪aʔ ɲu-a mɛnkʰan d̪aʔ ba-m ɲu-a,2SG TOP water drink-FIN but water NEG-2SG drink-FIN,"You will drink the water, but do not drink the water."
synthetic_paradigm_glossed.eaf,673,1422123,1424276,apɛaʔ pɘɾsi d̪ɔ nɔwaa,apɛ-aʔ pɘɾsi d̪ɔ nɔwa-a,2PL-GEN language TOP new-FIN,Your language is new.
synthetic_bangla_glossed.eaf,674,1424276,1426427,oŋko d̪ɔ aʈap̕ uʈup̕ ɲɛla,oŋko d̪ɔ aʈap̕ uʈup̕ ɲɛl-a,3PL.ANIM TOP rumbling.sound see-FIN,They will see the rumbling sound.
synthetic_new_glossed_3.eaf,675,1426427,1428990,mit̪ʔʈɛn ajo d̪ɔ kuɲɾɛ menaa,mit̪ʔ-ʈɛn ajo d̪ɔ kuɲ-ɾɛ mena-a,one-CLF.HUM mother TOP well-LOC exist-FIN,One mother is in the well.
synthetic_texts_glossed.eaf,676,1428990,1430823,bilənɾɛ amɽa menaa,bilən-ɾɛ amɽa mena-a,wide.expanse.of-LOC hog.plum exist-FIN,There is a hog plum in the wide expanse of land.
synthetic_dialogues_glossed.eaf,677,1430823,1434440,iɲ d̪ɔ pʰɔʈɔ ɲama mɛnkʰan ɟɔmaʔ bɘɲ ɲama,iɲ d̪ɔ pʰɔʈɔ ɲam-a mɛnkʰan ɟɔmaʔ bɘ-ɲ ɲam-a,1SG TOP photo get-FIN but food NEG-1SG get-FIN,"I will get the photo, but do not get the food."
synthetic_bangla_glossed.eaf,678,1434440,1436320,alɛ d̪ɔ basaŋ ɟɔma,alɛ d̪ɔ basaŋ ɟɔm-a,1PL.EXCL TOP cooked.food eat-FIN,We will eat the cooked food.
synthetic_see_paradigm.eaf,679,1436320,1437633,amɛm ɟɔmɛd̪a,am-ɛm ɟɔm-ɛ-d̪a,2SG-2SG eat-PROG-FIN,You is eating.
synthetic_texts_glossed.eaf,680,1437633,1439300,bʰəʈʰi d̪ɔ mɔ̃ɟa,bʰəʈʰi d̪ɔ mɔ̃ɟ-a,boiler TOP good-FIN,The boiler is good.
synthetic_new_glossed.eaf,681,1439300,1441487,alɛ d̪ɔ sikʰnɘt̪ paɽha͡o̯akada,alɛ d̪ɔ sikʰnɘt̪ paɽha͡o̯-akad-a,1PL.EXCL TOP lesson study-PRF-FIN,We have studied the lesson.
synthetic_paradigm_glossed.eaf,682,1441487,1443274,apɛpɛ sikʰnɘt̪ paɽha͡o̯keda,apɛ-pɛ sikʰnɘt̪ paɽha͡o̯-ked-a,2PL-2PL lesson study-PST-FIN,You all studied the lesson.
synthetic_paradigm_glossed.eaf,683,1443274,1444804,oŋkoko kat̪ʰa paɽha͡o̯keda,oŋko-ko kat̪ʰa paɽha͡o̯-ked-a,3PL.ANIM-3PL.ANIM word study-PST-FIN,They studied the word.
synthetic_paradigm_glossed.eaf,684,1444804,1446477,unii̯ bagan ɲɛlkeda,uni-i̯ bagan ɲɛl-ked-a,3SG.ANIM-3SG.ANIM garden see-PST-FIN,He/she saw the garden.
synthetic_paradigm_glossed.eaf,685,1446477,1448469,uniaʔ t̪i d̪ɔ sapʰaa,uni-aʔ t̪i d̪ɔ sapʰa-a,3SG-GEN hand TOP clean-FIN,His/her hand is clean.
synthetic_texts_glossed.eaf,686,1448469,1450012,basɾɛ ɖak̚t̪aɾ menaa,bas-ɾɛ ɖak̚t̪aɾ mena-a,dwelling.place-LOC doctor exist-FIN,There is a doctor in the dwelling place.
synthetic_texts_glossed.eaf,687,1450012,1451678,aŋguɾ d̪ɔ sapʰaa,aŋguɾ d̪ɔ sapʰa-a,grape TOP clean-FIN,The grape is clean.
synthetic_paradigm_glossed.eaf,688,1451678,1453333,amɛm ɲɛlɛɾasa ɟɔmkeda,am-ɛm ɲɛlɛɾasa ɟɔm-ked-a,2SG-2SG honey eat-PST-FIN,You ate the honey.
synthetic_texts_glossed.eaf,689,1453333,1455015,bembʰa d̪ɔ sapʰaa,bembʰa d̪ɔ sapʰa-a,muff TOP clean-FIN,The muff is clean.
synthetic_texts_glossed.eaf,690,1455015,1456831,bʰiɖi hɔpɔn d̪ɔ ɾɘskɘa,bʰiɖi hɔpɔn d̪ɔ ɾɘskɘ-a,lamb TOP happy-FIN,The lamb is happy.
synthetic_new_glossed_3.eaf,691,1456831,1459227,mit̪ʔʈɛn baɾet d̪ɔ at̪oɾɛ menaa,mit̪ʔ-ʈɛn baɾet d̪ɔ at̪o-ɾɛ mena-a,one-CLF.HUM brother TOP village-LOC exist-FIN,One brother is in the village.
synthetic_school_dialogue_glossed.eaf,692,1459227,1461974,t̪eheɲɾɛ apɛ kat̪ʰa ɔlɔʔkat̪ɛ sɔhɔɽɾɛ gat̪ea,t̪eheɲ-ɾɛ apɛ kat̪ʰa ɔlɔʔ-kat̪ɛ sɔhɔɽ-ɾɛ gat̪e-a,today-LOC 2PL word write-CVB town-LOC play-FIN,"Today, you all write the word and then play in the town."
synthetic_new_glossed.eaf,693,1461974,1463880,iɲ d̪ɔ ɲɛlɛɾasa ɟɔmakada,iɲ d̪ɔ ɲɛlɛɾasa ɟɔm-akad-a,1SG TOP honey eat-PRF-FIN,I have eaten the honey.
synthetic_paradigm_glossed.eaf,694,1463880,1465920,amaʔ at̪o d̪ɔ ɟɘɾuɽa,am-aʔ at̪o d̪ɔ ɟɘɾuɽ-a,2SG-GEN village TOP important-FIN,Your village is important.
synthetic_see_paradigm.eaf,695,1465920,1468272,oŋko d̪ɔ d̪aʔ bako ɲua,oŋko d̪ɔ d̪aʔ ba-ko ɲu-a,3PL.ANIM TOP water NEG-3PL.ANIM drink-FIN,They do not drink the water.
synthetic_new_glossed.eaf,696,1468272,1470237,apɛ d̪ɔ baba gɔɽɔakada,apɛ d̪ɔ baba gɔɽɔ-akad-a,2PL TOP father help-PRF-FIN,You all have helped the father.
synthetic_new_glossed_3.eaf,697,1470237,1472587,mit̪ʔ pʰɔʈɔ d̪ɔ kuɲɾɛ menaa,mit̪ʔ pʰɔʈɔ d̪ɔ kuɲ-ɾɛ mena-a,one photo TOP well-LOC exist-FIN,One photo is in the well.
synthetic_texts_glossed.eaf,698,1472587,1474317,basaɾɛ bɛɾõʈ duk menaa,basa-ɾɛ bɛɾõʈ duk mena-a,residence-LOC gripes exist-FIN,There is a gripes in the residence.
synthetic_bangla_glossed.eaf,699,1474317,1477186,alɛ d̪ɔ bʰəsi aɾ bɛtʰiɾ ɲɛla,alɛ d̪ɔ bʰəsi aɾ bɛtʰiɾ ɲɛl-a,1PL.EXCL TOP habit and unrest see-FIN,We will see the habit and the unrest.
synthetic_texts_glossed.eaf,700,1477186,1478757,bʰəgiə̯ɾi d̪ɔ mɔ̃ɟa,bʰəgiə̯ɾi d̪ɔ mɔ̃ɟ-a,partner TOP good-FIN,The partner is good.
synthetic_texts_glossed.eaf,701,1478757,1480273,t̪i d̪ɔ ɟɘɾuɽa,t̪i d̪ɔ ɟɘɾuɽ-a,hand TOP important-FIN,The hand is important.
synthetic_bangla_glossed.eaf,702,1480273,1482298,alɛ d̪ɔ d̪aʔ ɲua,alɛ d̪ɔ d̪aʔ ɲu-a,1PL.EXCL TOP water drink-FIN,We will drink the water.
synthetic_new_glossed_3.eaf,703,1482298,1484650,mit̪ʔ ʈaka d̪ɔ at̪oɾɛ menaa,mit̪ʔ ʈaka d̪ɔ at̪o-ɾɛ mena-a,one money TOP village-LOC exist-FIN,One money is in the village.
synthetic_texts_glossed.eaf,704,1484650,1486315,ɟɔla d̪ɔ nɔwaa,ɟɔla d̪ɔ nɔwa-a,lake TOP new-FIN,The lake is new.
synthetic_bangla_glossed.eaf,705,1486315,1489059,iɲ d̪ɔ ɾan aɾ haku kiɾiɲa,iɲ d̪ɔ ɾan aɾ haku kiɾiɲ-a,1SG TOP medicine and fish buy-FIN,I will buy the medicine and the fish.
synthetic_bangla_glossed.eaf,706,1489059,1491820,apɛ d̪ɔ gʰuɽi aɾ mɔbaĭl pʰon kiɾiɲa,apɛ d̪ɔ gʰuɽi aɾ mɔbaĭl pʰon kiɾiɲ-a,2PL TOP watch and mobile.phone buy-FIN,You all will buy the watch and the mobile phone.
synthetic_school_dialogue_glossed.eaf,707,1491820,1494577,sɛt̪aʔɾɛ uni pɘɾsi ɔlɔʔkat̪ɛ ɔɽaʔɾɛ calaʔa,sɛt̪aʔ-ɾɛ uni pɘɾsi ɔlɔʔ-kat̪ɛ ɔɽaʔ-ɾɛ calaʔ-a,morning-LOC 3SG.ANIM language write-CVB house-LOC go-FIN,"In the morning, he/she write the language and then go to the house."
synthetic_texts_glossed.eaf,708,1494577,1496214,bəslə d̪ɔ ɟɘɾuɽa,bəslə d̪ɔ ɟɘɾuɽ-a,small.adze TOP important-FIN,The small adze is important.
synthetic_bangla_glossed.eaf,709,1496214,1499021,am d̪ɔ mɔbaĭl pʰon aɾ gʰuɽi kiɾiɲa,am d̪ɔ mɔbaĭl pʰon aɾ gʰuɽi kiɾiɲ-a,2SG TOP mobile.phone and watch buy-FIN,You will buy the mobile phone and the watch.
synthetic_texts_glossed.eaf,710,1499021,1500625,bʰaɲd͡ʒ kʰuɳʈi d̪ɔ sapʰaa,bʰaɲd͡ʒ kʰuɳʈi d̪ɔ sapʰa-a,wooden.pin TOP clean-FIN,The wooden pin is clean.
synthetic_texts_glossed.eaf,711,1500625,1502167,baba d̪ɔ ɾɘskɘa,baba d̪ɔ ɾɘskɘ-a,father TOP happy-FIN,The father is happy.
synthetic_see_paradigm.eaf,712,1502167,1504726,am d̪ɔ ɲɛlɛɾasa bam ɟɔma,am d̪ɔ ɲɛlɛɾasa ba-m ɟɔm-a,2SG TOP honey NEG-2SG eat-FIN,You do not eat the honey.
synthetic_new_glossed.eaf,713,1504726,1506807,iɲ d̪ɔ pɘɾsi ɾɔɽakada,iɲ d̪ɔ pɘɾsi ɾɔɽ-akad-a,1SG TOP language speak-PRF-FIN,I have spoken the language.
synthetic_new_glossed_3.eaf,714,1506807,1509099,mit̪ʔ mɔbaĭl pʰon d̪ɔ sɔhɔɽɾɛ menaa,mit̪ʔ mɔbaĭl pʰon d̪ɔ sɔhɔɽ-ɾɛ mena-a,one mobile.phone TOP town-LOC exist-FIN,One mobile phone is in the town.
synthetic_new_glossed.eaf,715,1509099,1511228,apɛ d̪ɔ haku ɘkʰɾiɲakada,apɛ d̪ɔ haku ɘkʰɾiɲ-akad-a,2PL TOP fish sell-PRF-FIN,You all have sold the fish.
synthetic_school_dialogue_glossed.eaf,716,1511228,1513915,hɔlaɾɛ uni bət͡ʃkəɾ ɲɛlkat̪ɛ ɟɔlaɾɛ calaʔa,hɔla-ɾɛ uni bət͡ʃkəɾ ɲɛl-kat̪ɛ ɟɔla-ɾɛ calaʔ-a,yesterday-LOC 3SG.ANIM harlot see-CVB lake-LOC go-FIN,"Yesterday, he/she see the harlot and then go to the lake."
synthetic_texts_glossed.eaf,717,1513915,1515426,aɖe paseɾɛ ʈaka menaa,aɖe pase-ɾɛ ʈaka mena-a,neighbourhood-LOC money exist-FIN,There is a money in the neighbourhood.
synthetic_school_dialogue_glossed.eaf,718,1515426,1518134,sɛt̪aʔɾɛ iɲ kat̪ʰa ɔlɔʔkat̪ɛ ɟɔlaɾɛ calaʔa,sɛt̪aʔ-ɾɛ iɲ kat̪ʰa ɔlɔʔ-kat̪ɛ ɟɔla-ɾɛ calaʔ-a,morning-LOC 1SG word write-CVB lake-LOC go-FIN,"In the morning, I write the word and then go to the lake."
synthetic_texts_glossed.eaf,719,1518134,1519783,bilətɾɛ ɟɔla menaa,bilət-ɾɛ ɟɔla mena-a,england-LOC lake exist-FIN,There is a lake in the england.
synthetic_school_dialogue_glossed.eaf,720,1519783,1522594,t̪eheɲɾɛ iɲ ɟɔmaʔ kiɾiɲkat̪ɛ kuɲɾɛ kɘmia,t̪eheɲ-ɾɛ iɲ ɟɔmaʔ kiɾiɲ-kat̪ɛ kuɲ-ɾɛ kɘmi-a,today-LOC 1SG food buy-CVB well-LOC work-FIN,"Today, I buy the food and then work in the well."
synthetic_texts_glossed.eaf,721,1522594,1524214,bandʰɔn d̪ɔ ɟɘɾuɽa,bandʰɔn d̪ɔ ɟɘɾuɽ-a,contract TOP important-FIN,The contract is important.
synthetic_paradigm_glossed.eaf,722,1524214,1525827,oŋkoko gɔgɔ gɔɽɔkeda,oŋko-ko gɔgɔ gɔɽɔ-ked-a,3PL.ANIM-3PL.ANIM mother help-PST-FIN,They helped the mother.
synthetic_new_glossed.eaf,723,1525827,1527717,alɛ d̪ɔ mɔbaĭl pʰon kiɾiɲakada,alɛ d̪ɔ mɔbaĭl pʰon kiɾiɲ-akad-a,1PL.EXCL TOP mobile.phone buy-PRF-FIN,We have bought the mobile phone.
synthetic_texts_glossed.eaf,724,1527717,1529240,aɖe ʈolaɾɛ bʰəsi menaa,aɖe ʈola-ɾɛ bʰəsi mena-a,vicinity-LOC habit exist-FIN,There is a habit in the vicinity.
synthetic_texts_glossed.eaf,725,1529240,1530843,bʰoga kaskɔm d̪ɔ mɔ̃ɟa,bʰoga kaskɔm d̪ɔ mɔ̃ɟ-a,cotton.plant TOP good-FIN,The cotton plant is good.
synthetic_texts_glossed.eaf,726,1530843,1532645,ɔɽaʔɾɛ akʰɾa menaa,ɔɽaʔ-ɾɛ akʰɾa mena-a,house-LOC gathering exist-FIN,There is a gathering in the house.
synthetic_see_paradigm.eaf,727,1532645,1534021,apɛpɛ d̪uɽup̚ʔɛd̪a,apɛ-pɛ d̪uɽup̚ʔ-ɛ-d̪a,2PL-2PL sit-PROG-FIN,You all are sitting.
synthetic_paradigm_glossed.eaf,728,1534021,1535979,apɛaʔ ɔkt̪ɛ d̪ɔ nɔwaa,apɛ-aʔ ɔkt̪ɛ d̪ɔ nɔwa-a,2PL-GEN time TOP new-FIN,Your time is new.
synthetic_new_glossed_3.eaf,729,1535979,1538260,mit̪ʔʈɛn bidʰuə̯ d̪ɔ kuɲɾɛ menaa,mit̪ʔ-ʈɛn bidʰuə̯ d̪ɔ kuɲ-ɾɛ mena-a,one-CLF.HUM bastard TOP well-LOC exist-FIN,One bastard is in the well.
synthetic_see_paradigm.eaf,730,1538260,1540648,am d̪ɔ kat̪ʰa bam ɾɔɽa,am d̪ɔ kat̪ʰa ba-m ɾɔɽ-a,2SG TOP word NEG-2SG speak-FIN,You do not speak the word.
synthetic_paradigm_glossed.eaf,731,1540648,1542230,amɛm gʰuɽi ɘkʰɾiɲkeda,am-ɛm gʰuɽi ɘkʰɾiɲ-ked-a,2SG-2SG watch sell-PST-FIN,You sold the watch.
synthetic_imperatives_glossed.eaf,732,1542230,1544197,d̪a.ja kat̪ɛ sɔhɔɽɾɛ hiɟuʔmɛ,d̪a.ja kat̪ɛ sɔhɔɽ-ɾɛ hiɟuʔ-mɛ,please Manner town-LOC come-IMP.2SG.POL,Please come to the town.
synthetic_bangla_glossed.eaf,733,1544197,1546307,oŋko d̪ɔ bʰut͡ʃəɽ ɲɛla,oŋko d̪ɔ bʰut͡ʃəɽ ɲɛl-a,3PL.ANIM TOP butcher see-FIN,They will see the butcher.
synthetic_texts_glossed.eaf,734,1546307,1548024,bilənɾɛ t̪o̯͡a menaa,bilən-ɾɛ t̪o̯͡a mena-a,wide.expanse.of-LOC milk exist-FIN,There is a milk in the wide expanse of land.
synthetic_paradigm_glossed.eaf,735,1548024,1550130,oŋkoaʔ aŋguɾ d̪ɔ mɔ̃ɟa,oŋko-aʔ aŋguɾ d̪ɔ mɔ̃ɟ-a,3PL-GEN grape TOP good-FIN,Their grape is good.
synthetic_paradigm_glossed.eaf,736,1550130,1552115,alɛaʔ muc̚ʔ d̪ɔ lɘʈua,alɛ-aʔ muc̚ʔ d̪ɔ lɘʈu-a,1PL.EXCL-GEN ant TOP small-FIN,Our ant is small.
synthetic_texts_glossed.eaf,737,1552115,1553858,bʰul d̪ɔ sapʰaa,bʰul d̪ɔ sapʰa-a,blunder TOP clean-FIN,The blunder is clean.
synthetic_paradigm_glossed.eaf,738,1553858,1555492,unii̯ ɟɔmaʔ ɟɔmkeda,uni-i̯ ɟɔmaʔ ɟɔm-ked-a,3SG.ANIM-3SG.ANIM food eat-PST-FIN,He/she ate the food.
synthetic_new_glossed.eaf,739,1555492,1557386,apɛ d̪ɔ pɘɾsi paɽha͡o̯akada,apɛ d̪ɔ pɘɾsi paɽha͡o̯-akad-a,2PL TOP language study-PRF-FIN,You all have studied the language.
synthetic_texts_glossed.eaf,740,1557386,1559087,əguə̯daɾ d̪ɔ mɔ̃ɟa,əguə̯daɾ d̪ɔ mɔ̃ɟ-a,forerunner TOP good-FIN,The forerunner is good.
synthetic_paradigm_glossed.eaf,741,1559087,1560797,oŋkoko pɘɾsi ɾɔɽkeda,oŋko-ko pɘɾsi ɾɔɽ-ked-a,3PL.ANIM-3PL.ANIM language speak-PST-FIN,They spoke the language.
synthetic_texts_glossed.eaf,742,1560797,1562308,kaʈa d̪ɔ mɔ̃ɟa,kaʈa d̪ɔ mɔ̃ɟ-a,foot TOP good-FIN,The foot is good.
synthetic_paradigm_glossed.eaf,743,1562308,1564334,amaʔ gɔgɔ d̪ɔ lɘʈua,am-aʔ gɔgɔ d̪ɔ lɘʈu-a,2SG-GEN mother TOP small-FIN,Your mother is small.
synthetic_texts_glossed.eaf,744,1564334,1566057,bəhni d̪ɔ nɔwaa,bəhni d̪ɔ nɔwa-a,round.jar TOP new-FIN,The round jar is new.
synthetic_see_paradigm.eaf,745,1566057,1568399,am d̪ɔ aɾoɳʈ bam ɲɛla,am d̪ɔ aɾoɳʈ ba-m ɲɛl-a,2SG TOP warrant NEG-2SG see-FIN,You do not see the warrant.
synthetic_texts_glossed.eaf,746,1568399,1570038,ɔkt̪ɛ d̪ɔ ɟɘɾuɽa,ɔkt̪ɛ d̪ɔ ɟɘɾuɽ-a,time TOP important-FIN,The time is important.
synthetic_paradigm_glossed.eaf,747,1570038,1572220,amaʔ bʰisoɾ d̪ɔ ɟɘɾuɽa,am-aʔ bʰisoɾ d̪ɔ ɟɘɾuɽ-a,2SG-GEN omission.of.duty TOP important-FIN,Your omission of duty is important.
synthetic_school_dialogue_glossed.eaf,748,1572220,1574827,sɛt̪aʔɾɛ iɲ pɘɾsi ɔlɔʔkat̪ɛ kuɲɾɛ gat̪ea,sɛt̪aʔ-ɾɛ iɲ pɘɾsi ɔlɔʔ-kat̪ɛ kuɲ-ɾɛ gat̪e-a,morning-LOC 1SG language write-CVB well-LOC play-FIN,"In the morning, I write the language and then play in the well."
synthetic_texts_glossed.eaf,749,1574827,1576417,kuɲɾɛ badla menaa,kuɲ-ɾɛ badla mena-a,well-LOC exchange exist-FIN,There is an exchange in the well.
synthetic_texts_glossed.eaf,750,1576417,1578072,gaɖaɾɛ kuɲ menaa,gaɖa-ɾɛ kuɲ mena-a,river-LOC well exist-FIN,There is a well in the river.
synthetic_see_paradigm.eaf,751,1578072,1580437,iɲ d̪ɔ kat̪ʰa bɘɲ paɽha͡o̯a,iɲ d̪ɔ kat̪ʰa bɘ-ɲ paɽha͡o̯-a,1SG TOP word NEG-1SG study-FIN,I do not study the word.
synthetic_texts_glossed.eaf,752,1580437,1582249,bat͡ʃʰɽa koɽa d̪ɔ lɘʈua,bat͡ʃʰɽa koɽa d̪ɔ lɘʈu-a,hobbledehoy TOP small-FIN,The hobbledehoy is small.
synthetic_school_dialogue_glossed.eaf,753,1582249,1584893,ɔkt̪ɛɾɛ oŋko t̪o̯͡a ɲukat̪ɛ iskulɾɛ hiɟuʔa,ɔkt̪ɛ-ɾɛ oŋko t̪o̯͡a ɲu-kat̪ɛ iskul-ɾɛ hiɟuʔ-a,time-LOC 3PL.ANIM milk drink-CVB school-LOC come-FIN,"At that time, they drink the milk and then come to the school."
synthetic_paradigm_glossed.eaf,754,1584893,1586895,uniaʔ akʰɾa d̪ɔ mɔ̃ɟa,uni-aʔ akʰɾa d̪ɔ mɔ̃ɟ-a,3SG-GEN gathering TOP good-FIN,His/her gathering is good.
synthetic_dialogues_glossed.eaf,755,1586895,1590241,am d̪ɔ kat̪ʰa ɔlɔʔa mɛnkʰan kat̪ʰa bam ɔlɔʔa,am d̪ɔ kat̪ʰa ɔlɔʔ-a mɛnkʰan kat̪ʰa ba-m ɔlɔʔ-a,2SG TOP word write-FIN but word NEG-2SG write-FIN,"You will write the word, but do not write the word."
synthetic_bangla_glossed.eaf,756,1590241,1592182,uni d̪ɔ gʰuɽi kiɾiɲa,uni d̪ɔ gʰuɽi kiɾiɲ-a,3SG.ANIM TOP watch buy-FIN,He/she will buy the watch.
synthetic_texts_glossed.eaf,757,1592182,1593911,ɔɽaʔ d̪ɔ sapʰaa,ɔɽaʔ d̪ɔ sapʰa-a,house TOP clean-FIN,The house is clean.
synthetic_texts_glossed.eaf,758,1593911,1595476,basaɾɛ baŋ ganok̕ak̕ menaa,basa-ɾɛ baŋ ganok̕ak̕ mena-a,residence-LOC impropriety exist-FIN,There is an impropriety in the residence.
synthetic_texts_glossed.eaf,759,1595476,1597120,balbal d̪ɔ mɔ̃ɟa,balbal d̪ɔ mɔ̃ɟ-a,perspiration TOP good-FIN,The perspiration is good.
synthetic_texts_glossed.eaf,760,1597120,1598690,bəlis d̪ɔ mɔ̃ɟa,bəlis d̪ɔ mɔ̃ɟ-a,pillow TOP good-FIN,The pillow is good.
synthetic_bangla_glossed.eaf,761,1598690,1601390,iɲ d̪ɔ apʰsoɾ aɾ ananas ɲɛla,iɲ d̪ɔ apʰsoɾ aɾ ananas ɲɛl-a,1SG TOP leisure and pineapple see-FIN,I will see the leisure and the pineapple.
synthetic_texts_glossed.eaf,762,1601390,1603171,ad͡ʒʰãʈ d̪ɔ mɔ̃ɟa,ad͡ʒʰãʈ d̪ɔ mɔ̃ɟ-a,force TOP good-FIN,The force is good.
synthetic_dialogues_glossed.eaf,763,1603171,1606717,am d̪ɔ ɟɔmaʔ ɲama mɛnkʰan ɾan bam ɲama,am d̪ɔ ɟɔmaʔ ɲam-a mɛnkʰan ɾan ba-m ɲam-a,2SG TOP food get-FIN but medicine NEG-2SG get-FIN,"You will get the food, but do not get the medicine."
synthetic_texts_glossed.eaf,764,1606717,1608462,iskulɾɛ bag menaa,iskul-ɾɛ bag mena-a,school-LOC bridle exist-FIN,There is a bridle in the school.
synthetic_see_paradigm.eaf,765,1608462,1609709,iɲiɲ gɔc̚ʔɛd̪a,iɲ-iɲ gɔc̚ʔ-ɛ-d̪a,1SG-1SG die-PROG-FIN,I am dying.
synthetic_paradigm_glossed.eaf,766,1609709,1611870,oŋkoaʔ bəd͡ʒniə̯ d̪ɔ mɔ̃ɟa,oŋko-aʔ bəd͡ʒniə̯ d̪ɔ mɔ̃ɟ-a,3PL-GEN gossiping TOP good-FIN,Their gossiping is good.
synthetic_new_glossed_3.eaf,767,1611870,1614269,mit̪ʔ ʈaka d̪ɔ iskulɾɛ menaa,mit̪ʔ ʈaka d̪ɔ iskul-ɾɛ mena-a,one money TOP school-LOC exist-FIN,One money is in the school.
synthetic_texts_glossed.eaf,768,1614269,1615784,bəki d̪ɔ nɔwaa,bəki d̪ɔ nɔwa-a,arrears TOP new-FIN,The arrears is new.
synthetic_new_glossed_3.eaf,769,1615784,1618334,mit̪ʔʈɛn bap dada d̪ɔ ɟɔlaɾɛ menaa,mit̪ʔ-ʈɛn bap dada d̪ɔ ɟɔla-ɾɛ mena-a,one-CLF.HUM ancestors TOP lake-LOC exist-FIN,One ancestors is in the lake.
synthetic_see_paradigm.eaf,770,1618334,1620857,apɛ d̪ɔ gɔgɔ bapɛ gɔɽɔa,apɛ d̪ɔ gɔgɔ ba-pɛ gɔɽɔ-a,2PL TOP mother NEG-2PL help-FIN,You all do not help the mother.
synthetic_texts_glossed.eaf,771,1620857,1622575,əndʰi dak̕ d̪ɔ ɟɘɾuɽa,əndʰi dak̕ d̪ɔ ɟɘɾuɽ-a,storm.of.wind TOP important-FIN,The storm of wind & rain is important.
synthetic_bangla_glossed.eaf,772,1622575,1624467,apɛ d̪ɔ baba gɔɽɔa,apɛ d̪ɔ baba gɔɽɔ-a,2PL TOP father help-FIN,You all will help the father.
synthetic_school_dialogue_glossed.eaf,773,1624467,1627066,t̪eheɲɾɛ alɛ gʰuɽi kiɾiɲkat̪ɛ ɔɽaʔɾɛ hiɟuʔa,t̪eheɲ-ɾɛ alɛ gʰuɽi kiɾiɲ-kat̪ɛ ɔɽaʔ-ɾɛ hiɟuʔ-a,today-LOC 1PL.EXCL watch buy-CVB house-LOC come-FIN,"Today, we buy the watch and then come to the house."
synthetic_new_glossed_3.eaf,774,1627066,1629475,mit̪ʔʈɛn baba d̪ɔ sɔhɔɽɾɛ menaa,mit̪ʔ-ʈɛn baba d̪ɔ sɔhɔɽ-ɾɛ mena-a,one-CLF.HUM father TOP town-LOC exist-FIN,One father is in the town.
synthetic_texts_glossed.eaf,775,1629475,1631150,bəteɾɛ bambeɾ menaa,bəte-ɾɛ bambeɾ mena-a,courtyard.of.house-LOC torch exist-FIN,There is a torch in the courtyard of house.
synthetic_paradigm_glossed.eaf,776,1631150,1633140,apɛaʔ baha āowāɾ d̪ɔ nɔwaa,apɛ-aʔ baha āowāɾ d̪ɔ nɔwa-a,2PL-GEN afterbirth.placenta TOP new-FIN,Your afterbirth placenta is new.
synthetic_paradigm_glossed.eaf,777,1633140,1635290,oŋkoaʔ hɔɽ d̪ɔ ɾɘskɘa,oŋko-aʔ hɔɽ d̪ɔ ɾɘskɘ-a,3PL-GEN person TOP happy-FIN,Their person is happy.
synthetic_paradigm_glossed.eaf,778,1635290,1637472,apɛaʔ gʰuɽi d̪ɔ sapʰaa,apɛ-aʔ gʰuɽi d̪ɔ sapʰa-a,2PL-GEN watch TOP clean-FIN,Your watch is clean.
synthetic_see_paradigm.eaf,779,1637472,1639725,uni d̪ɔ ɟɔmaʔ bai̯ ɘkʰɾiɲa,uni d̪ɔ ɟɔmaʔ ba-i̯ ɘkʰɾiɲ-a,3SG.ANIM TOP food NEG-3SG.ANIM sell-FIN,He/she does not sell the food.
synthetic_school_dialogue_glossed.eaf,780,1639725,1642426,ɔkt̪ɛɾɛ uni sikʰnɘt̪ paɽha͡o̯kat̪ɛ ɟɔlaɾɛ gat̪ea,ɔkt̪ɛ-ɾɛ uni sikʰnɘt̪ paɽha͡o̯-kat̪ɛ ɟɔla-ɾɛ gat̪e-a,time-LOC 3SG.ANIM lesson study-CVB lake-LOC play-FIN,"At that time, he/she study the lesson and then play in the lake."
synthetic_paradigm_glossed.eaf,781,1642426,1644070,apɛpɛ ɟɔmaʔ ɲamkeda,apɛ-pɛ ɟɔmaʔ ɲam-ked-a,2PL-2PL food get-PST-FIN,You all got the food.
synthetic_texts_glossed.eaf,782,1644070,1645756,gaɖaɾɛ ɟiŋgi menaa,gaɖa-ɾɛ ɟiŋgi mena-a,river-LOC life exist-FIN,There is a life in the river.
synthetic_imperatives_glossed.eaf,783,1645756,1647656,d̪a.ja kat̪ɛ kat̪ʰa paɽha͡o̯mɛ,d̪a.ja kat̪ɛ kat̪ʰa paɽha͡o̯-mɛ,please Manner word study-IMP.2SG.POL,Please study the word.
synthetic_bangla_glossed.eaf,784,1647656,1650406,uni d̪ɔ d̪aʔ aɾ t̪o̯͡a ɲua,uni d̪ɔ d̪aʔ aɾ t̪o̯͡a ɲu-a,3SG.ANIM TOP water and milk drink-FIN,He/she will drink the water and the milk.
synthetic_paradigm_glossed.eaf,785,1650406,1652387,uniaʔ ɟaŋga d̪ɔ ɟɘɾuɽa,uni-aʔ ɟaŋga d̪ɔ ɟɘɾuɽ-a,3SG-GEN leg TOP important-FIN,His/her leg is important.
synthetic_see_paradigm.eaf,786,1652387,1653710,apɛpɛ gat̪eɛd̪a,apɛ-pɛ gat̪e-ɛ-d̪a,2PL-2PL play-PROG-FIN,You all are playing.
synthetic_see_paradigm.eaf,787,1653710,1656071,alɛ d̪ɔ ɟɔmaʔ balɛ ɘkʰɾiɲa,alɛ d̪ɔ ɟɔmaʔ ba-lɛ ɘkʰɾiɲ-a,1PL.EXCL TOP food NEG-1PL.EXCL sell-FIN,We do not sell the food.
synthetic_dialogues_glossed.eaf,788,1656071,1658141,ɟɘliɘ d̪ɔ ɔkaɾɛ menaa,ɟɘliɘ d̪ɔ ɔka-ɾɛ mena-a,fisherman TOP where-LOC exist-FIN,Where is the fisherman?
synthetic_bangla_glossed.eaf,789,1658141,1660331,am d̪ɔ mɔbaĭl pʰon kiɾiɲa,am d̪ɔ mɔbaĭl pʰon kiɾiɲ-a,2SG TOP mobile.phone buy-FIN,You will buy the mobile phone.
synthetic_new_glossed_3.eaf,790,1660331,1662803,mit̪ʔʈɛn bemblaha d̪ɔ gaɖaɾɛ menaa,mit̪ʔ-ʈɛn bemblaha d̪ɔ gaɖa-ɾɛ mena-a,one-CLF.HUM fool TOP river-LOC exist-FIN,One fool is in the river.
synthetic_school_dialogue_glossed.eaf,791,1662803,1665666,hɔlaɾɛ apɛ basaŋ ɟɔmkat̪ɛ iskulɾɛ hiɟuʔa,hɔla-ɾɛ apɛ basaŋ ɟɔm-kat̪ɛ iskul-ɾɛ hiɟuʔ-a,yesterday-LOC 2PL cooked.food eat-CVB school-LOC come-FIN,"Yesterday, you all eat the cooked food and then come to the school."
synthetic_texts_glossed.eaf,792,1665666,1667448,ban d̪ɔ nɔwaa,ban d̪ɔ nɔwa-a,sorcery TOP new-FIN,The sorcery is new.
synthetic_school_dialogue_glossed.eaf,793,1667448,1670273,ɔkt̪ɛɾɛ alɛ haku ɟɔmkat̪ɛ sɔhɔɽɾɛ gat̪ea,ɔkt̪ɛ-ɾɛ alɛ haku ɟɔm-kat̪ɛ sɔhɔɽ-ɾɛ gat̪e-a,time-LOC 1PL.EXCL fish eat-CVB town-LOC play-FIN,"At that time, we eat the fish and then play in the town."
synthetic_school_dialogue_glossed.eaf,794,1670273,1673016,sɛt̪aʔɾɛ apɛ ajat ɲɛlkat̪ɛ ɟɔlaɾɛ gat̪ea,sɛt̪aʔ-ɾɛ apɛ ajat ɲɛl-kat̪ɛ ɟɔla-ɾɛ gat̪e-a,morning-LOC 2PL sentence see-CVB lake-LOC play-FIN,"In the morning, you all see the sentence and then play in the lake."
synthetic_bangla_glossed.eaf,795,1673016,1675026,alɛ d̪ɔ aɽhəi̯ə ɲɛla,alɛ d̪ɔ aɽhəi̯ə ɲɛl-a,1PL.EXCL TOP scouring.in.cattle see-FIN,We will see the scouring in cattle.
synthetic_paradigm_glossed.eaf,796,1675026,1676670,alɛlɛ ɖak̚t̪aɾ gɔɽɔkeda,alɛ-lɛ ɖak̚t̪aɾ gɔɽɔ-ked-a,1PL.EXCL-1PL.EXCL doctor help-PST-FIN,We helped the doctor.
synthetic_texts_glossed.eaf,797,1676670,1678211,bəteɾɛ bidʰuə̯ menaa,bəte-ɾɛ bidʰuə̯ mena-a,courtyard.of.house-LOC bastard exist-FIN,There is a bastard in the courtyard of house.
synthetic_new_glossed.eaf,798,1678211,1680278,uni d̪ɔ baba gɔɽɔakada,uni d̪ɔ baba gɔɽɔ-akad-a,3SG.ANIM TOP father help-PRF-FIN,He/she has helped the father.
synthetic_new_glossed.eaf,799,1680278,1682355,uni d̪ɔ ɟɔmaʔ ɲamakada,uni d̪ɔ ɟɔmaʔ ɲam-akad-a,3SG.ANIM TOP food get-PRF-FIN,He/she has gotten the food.
synthetic_new_glossed_3.eaf,800,1682355,1684735,mit̪ʔʈɛn bapɔɾi dʰɔn d̪ɔ iskulɾɛ menaa,mit̪ʔ-ʈɛn bapɔɾi dʰɔn d̪ɔ iskul-ɾɛ mena-a,one-CLF.HUM patrimony TOP school-LOC exist-FIN,One patrimony is in the school.
synthetic_texts_glossed.eaf,801,1684735,1686265,aɖe paseɾɛ ɔkt̪ɛ menaa,aɖe pase-ɾɛ ɔkt̪ɛ mena-a,neighbourhood-LOC time exist-FIN,There is a time in the neighbourhood.
synthetic_texts_glossed.eaf,802,1686265,1687775,iskulɾɛ akʰɾa menaa,iskul-ɾɛ akʰɾa mena-a,school-LOC gathering exist-FIN,There is a gathering in the school.
synthetic_bangla_glossed.eaf,803,1687775,1689698,iɲ d̪ɔ ɖak̚t̪aɾ gɔɽɔa,iɲ d̪ɔ ɖak̚t̪aɾ gɔɽɔ-a,1SG TOP doctor help-FIN,I will help the doctor.
synthetic_texts_glossed.eaf,804,1689698,1691234,at̪oɾɛ bil menaa,at̪o-ɾɛ bil mena-a,village-LOC account exist-FIN,There is an account in the village.
synthetic_see_paradigm.eaf,805,1691234,1693773,apɛ d̪ɔ t̪o̯͡a bapɛ ɲua,apɛ d̪ɔ t̪o̯͡a ba-pɛ ɲu-a,2PL TOP milk NEG-2PL drink-FIN,You all do not drink the milk.
synthetic_school_dialogue_glossed.eaf,806,1693773,1696634,sɛt̪aʔɾɛ iɲ pɘɾsi paɽha͡o̯kat̪ɛ kuɲɾɛ kɘmia,sɛt̪aʔ-ɾɛ iɲ pɘɾsi paɽha͡o̯-kat̪ɛ kuɲ-ɾɛ kɘmi-a,morning-LOC 1SG language study-CVB well-LOC work-FIN,"In the morning, I study the language and then work in the well."
synthetic_texts_glossed.eaf,807,1696634,1698360,bəteɾɛ bɛbɔhaɾ menaa,bəte-ɾɛ bɛbɔhaɾ mena-a,courtyard.of.house-LOC practice exist-FIN,There is a practice in the courtyard of house.
synthetic_texts_glossed.eaf,808,1698360,1700133,bəteɾɛ bʰãoɾi menaa,bəte-ɾɛ bʰãoɾi mena-a,courtyard.of.house-LOC vertigo exist-FIN,There is a vertigo in the courtyard of house.
synthetic_bangla_glossed.eaf,809,1700133,1703058,iɲ d̪ɔ bajaban aɾ bʰokta ɲɛla,iɲ d̪ɔ bajaban aɾ bʰokta ɲɛl-a,1SG TOP deluge and deity see-FIN,I will see the deluge and the deity.
synthetic_dialogues_glossed.eaf,810,1703058,1706619,alɛ d̪ɔ gɔgɔ gɔɽɔa mɛnkʰan hɔɽ balɛ gɔɽɔa,alɛ d̪ɔ gɔgɔ gɔɽɔ-a mɛnkʰan hɔɽ ba-lɛ gɔɽɔ-a,1PL.EXCL TOP mother help-FIN but person NEG-1PL.EXCL help-FIN,"We will help the mother, but do not help the person."
synthetic_dialogues_glossed.eaf,811,1706619,1710235,uni d̪ɔ haku ɟɔma mɛnkʰan ɲɛlɛɾasa bai̯ ɟɔma,uni d̪ɔ haku ɟɔm-a mɛnkʰan ɲɛlɛɾasa ba-i̯ ɟɔm-a,3SG.ANIM TOP fish eat-FIN but honey NEG-3SG.ANIM eat-FIN,"He/she will eat the fish, but does not eat the honey."
synthetic_bangla_glossed.eaf,812,1710235,1712211,am d̪ɔ ɟɔmaʔ ɲama,am d̪ɔ ɟɔmaʔ ɲam-a,2SG TOP food get-FIN,You will get the food.
synthetic_dialogues_glossed.eaf,813,1712211,1715731,apɛ d̪ɔ bədʰiə̯ ɲɛla mɛnkʰan əpʰim bapɛ ɲɛla,apɛ d̪ɔ bədʰiə̯ ɲɛl-a mɛnkʰan əpʰim ba-pɛ ɲɛl-a,2PL TOP hog.plum see-FIN but opium NEG-2PL see-FIN,"You all will see the hog plum, but do not see the opium."
synthetic_see_paradigm.eaf,814,1715731,1718252,iɲ d̪ɔ ɔkt̪ɛ bɘɲ ɲɛla,iɲ d̪ɔ ɔkt̪ɛ bɘ-ɲ ɲɛl-a,1SG TOP time NEG-1SG see-FIN,I do not see the time.
synthetic_texts_glossed.eaf,815,1718252,1719961,əkʰiɾ d̪ɔ ɟɘɾuɽa,əkʰiɾ d̪ɔ ɟɘɾuɽ-a,end TOP important-FIN,The end is important.
synthetic_bangla_glossed.eaf,816,1719961,1722129,alɛ d̪ɔ ʈaka ɲama,alɛ d̪ɔ ʈaka ɲam-a,1PL.EXCL TOP money get-FIN,We will get the money.
synthetic_imperatives_glossed.eaf,817,1722129,1724016,d̪a.ja kat̪ɛ at̪oɾɛ t̪ɘŋgimɛ,d̪a.ja kat̪ɛ at̪o-ɾɛ t̪ɘŋgi-mɛ,please Manner village-LOC wait-IMP.2SG.POL,Please wait in the village.
synthetic_bangla_glossed.eaf,818,1724016,1726080,apɛ d̪ɔ pɘɾsi ɔlɔʔa,apɛ d̪ɔ pɘɾsi ɔlɔʔ-a,2PL TOP language write-FIN,You all will write the language.
synthetic_texts_glossed.eaf,819,1726080,1727857,ɔɽaʔɾɛ alad͡ʒʰala menaa,ɔɽaʔ-ɾɛ alad͡ʒʰala mena-a,house-LOC distress exist-FIN,There is a distress in the house.
synthetic_school_dialogue_glossed.eaf,820,1727857,1730467,ɔkt̪ɛɾɛ apɛ d̪aʔ ɲukat̪ɛ gaɖaɾɛ kɘmia,ɔkt̪ɛ-ɾɛ apɛ d̪aʔ ɲu-kat̪ɛ gaɖa-ɾɛ kɘmi-a,time-LOC 2PL water drink-CVB river-LOC work-FIN,"At that time, you all drink the water and then work in the river."
synthetic_new_glossed_3.eaf,821,1730467,1732943,mit̪ʔʈɛn baʈ paɽ d̪ɔ at̪oɾɛ menaa,mit̪ʔ-ʈɛn baʈ paɽ d̪ɔ at̪o-ɾɛ mena-a,one-CLF.HUM spy TOP village-LOC exist-FIN,One spy is in the village.
synthetic_school_dialogue_glossed.eaf,822,1732943,1735665,hɔlaɾɛ oŋko kat̪ʰa ɔlɔʔkat̪ɛ at̪oɾɛ gat̪ea,hɔla-ɾɛ oŋko kat̪ʰa ɔlɔʔ-kat̪ɛ at̪o-ɾɛ gat̪e-a,yesterday-LOC 3PL.ANIM word write-CVB village-LOC play-FIN,"Yesterday, they write the word and then play in the village."
synthetic_texts_glossed.eaf,823,1735665,1737296,ao̯tanɾɛ anaɽgo menaa,ao̯tan-ɾɛ anaɽgo mena-a,covert-LOC declivity exist-FIN,There is a declivity in the covert.
synthetic_texts_glossed.eaf,824,1737296,1738934,bilənɾɛ bat͡ʃʰɽa menaa,bilən-ɾɛ bat͡ʃʰɽa mena-a,wide.expanse.of-LOC lad exist-FIN,There is a lad in the wide expanse of land.
synthetic_texts_glossed.eaf,825,1738934,1740762,pɘɾsi d̪ɔ nɔwaa,pɘɾsi d̪ɔ nɔwa-a,language TOP new-FIN,The language is new.
synthetic_see_paradigm.eaf,826,1740762,1743136,alɛ d̪ɔ gʰuɽi balɛ kiɾiɲa,alɛ d̪ɔ gʰuɽi ba-lɛ kiɾiɲ-a,1PL.EXCL TOP watch NEG-1PL.EXCL buy-FIN,We do not buy the watch.
synthetic_paradigm_glossed.eaf,827,1743136,1744941,oŋkoko haku ɟɔmkeda,oŋko-ko haku ɟɔm-ked-a,3PL.ANIM-3PL.ANIM fish eat-PST-FIN,They ate the fish.
synthetic_bangla_glossed.eaf,828,1744941,1747087,oŋko d̪ɔ t̪o̯͡a ɲua,oŋko d̪ɔ t̪o̯͡a ɲu-a,3PL.ANIM TOP milk drink-FIN,They will drink the milk.
synthetic_bangla_glossed.eaf,829,1747087,1750005,am d̪ɔ mɔbaĭl pʰon aɾ haku kiɾiɲa,am d̪ɔ mɔbaĭl pʰon aɾ haku kiɾiɲ-a,2SG TOP mobile.phone and fish buy-FIN,You will buy the mobile phone and the fish.
synthetic_see_paradigm.eaf,830,1750005,1751264,alɛlɛ calaʔɛd̪a,alɛ-lɛ calaʔ-ɛ-d̪a,1PL.EXCL-1PL.EXCL go-PROG-FIN,We are going.
synthetic_bangla_glossed.eaf,831,1751264,1753189,uni d̪ɔ d̪aʔ ɲua,uni d̪ɔ d̪aʔ ɲu-a,3SG.ANIM TOP water drink-FIN,He/she will drink the water.
synthetic_bangla_glossed.eaf,832,1753189,1755994,am d̪ɔ ɟɔmaʔ aɾ ɲɛlɛɾasa ɟɔma,am d̪ɔ ɟɔmaʔ aɾ ɲɛlɛɾasa ɟɔm-a,2SG TOP food and honey eat-FIN,You will eat the food and the honey.
synthetic_bangla_glossed.eaf,833,1755994,1758122,alɛ d̪ɔ pʰɔʈɔ ɲama,alɛ d̪ɔ pʰɔʈɔ ɲam-a,1PL.EXCL TOP photo get-FIN,We will get the photo.
synthetic_school_dialogue_glossed.eaf,834,1758122,1761050,hɔlaɾɛ alɛ t̪o̯͡a ɲukat̪ɛ sɔhɔɽɾɛ calaʔa,hɔla-ɾɛ alɛ t̪o̯͡a ɲu-kat̪ɛ sɔhɔɽ-ɾɛ calaʔ-a,yesterday-LOC 1PL.EXCL milk drink-CVB town-LOC go-FIN,"Yesterday, we drink the milk and then go to the town."
synthetic_bangla_glossed.eaf,835,1761050,1763251,uni d̪ɔ baba gɔɽɔa,uni d̪ɔ baba gɔɽɔ-a,3SG.ANIM TOP father help-FIN,He/she will help the father.
synthetic_paradigm_glossed.eaf,836,1763251,1764843,apɛpɛ ɲɛlɛɾasa ɟɔmkeda,apɛ-pɛ ɲɛlɛɾasa ɟɔm-ked-a,2PL-2PL honey eat-PST-FIN,You all ate the honey.
synthetic_new_glossed.eaf,837,1764843,1766889,iɲ d̪ɔ ɟɔmaʔ ɲamakada,iɲ d̪ɔ ɟɔmaʔ ɲam-akad-a,1SG TOP food get-PRF-FIN,I have gotten the food.
synthetic_texts_glossed.eaf,838,1766889,1768504,bilətɾɛ ɟiŋgi menaa,bilət-ɾɛ ɟiŋgi mena-a,england-LOC life exist-FIN,There is a life in the england.
synthetic_bangla_glossed.eaf,839,1768504,1770380,apɛ d̪ɔ pɘɾsi ɾɔɽa,apɛ d̪ɔ pɘɾsi ɾɔɽ-a,2PL TOP language speak-FIN,You all will speak the language.
synthetic_school_dialogue_glossed.eaf,840,1770380,1773094,hɔlaɾɛ apɛ d̪aʔ ɲukat̪ɛ ɟɔlaɾɛ calaʔa,hɔla-ɾɛ apɛ d̪aʔ ɲu-kat̪ɛ ɟɔla-ɾɛ calaʔ-a,yesterday-LOC 2PL water drink-CVB lake-LOC go-FIN,"Yesterday, you all drink the water and then go to the lake."
synthetic_texts_glossed.eaf,841,1773094,1774643,bʰut͡ʃ d̪ɔ sapʰaa,bʰut͡ʃ d̪ɔ sapʰa-a,ignorance TOP clean-FIN,The ignorance is clean.
synthetic_bangla_glossed.eaf,842,1774643,1776819,apɛ d̪ɔ haku ɘkʰɾiɲa,apɛ d̪ɔ haku ɘkʰɾiɲ-a,2PL TOP fish sell-FIN,You all will sell the fish.
synthetic_bangla_glossed.eaf,843,1776819,1778972,apɛ d̪ɔ ɟɔmaʔ ɟɔma,apɛ d̪ɔ ɟɔmaʔ ɟɔm-a,2PL TOP food eat-FIN,You all will eat the food.
synthetic_bangla_glossed.eaf,844,1778972,1781164,alɛ d̪ɔ haku kiɾiɲa,alɛ d̪ɔ haku kiɾiɲ-a,1PL.EXCL TOP fish buy-FIN,We will buy the fish.
synthetic_bangla_glossed.eaf,845,1781164,1783836,uni d̪ɔ basaŋ aɾ haku ɟɔma,uni d̪ɔ basaŋ aɾ haku ɟɔm-a,3SG.ANIM TOP cooked.food and fish eat-FIN,He/she will eat the cooked food and the fish.
synthetic_texts_glossed.eaf,846,1783836,1785684,gaɖaɾɛ baŋ baŋ menaa,gaɖa-ɾɛ baŋ baŋ mena-a,river-LOC rent exist-FIN,There is a rent in the river.
synthetic_texts_glossed.eaf,847,1785684,1787508,bəteɾɛ ɟɔmaʔ menaa,bəte-ɾɛ ɟɔmaʔ mena-a,courtyard.of.house-LOC food exist-FIN,There is a food in the courtyard of house.
synthetic_texts_glossed.eaf,848,1787508,1789304,ək d̪ɔ nɔwaa,ək d̪ɔ nɔwa-a,sugarcane TOP new-FIN,The sugarcane is new.
synthetic_paradigm_glossed.eaf,849,1789304,1791328,uniaʔ t̪i d̪ɔ nɔwaa,uni-aʔ t̪i d̪ɔ nɔwa-a,3SG-GEN hand TOP new-FIN,His/her hand is new.
synthetic_school_dialogue_glossed.eaf,850,1791328,1794084,ɔkt̪ɛɾɛ uni t̪o̯͡a ɲukat̪ɛ ɟɔlaɾɛ kɘmia,ɔkt̪ɛ-ɾɛ uni t̪o̯͡a ɲu-kat̪ɛ ɟɔla-ɾɛ kɘmi-a,time-LOC 3SG.ANIM milk drink-CVB lake-LOC work-FIN,"At that time, he/she drink the milk and then work in the lake."
synthetic_texts_glossed.eaf,851,1794084,1795607,ɔɽaʔɾɛ begaɾ menaa,ɔɽaʔ-ɾɛ begaɾ mena-a,house-LOC forced.labour exist-FIN,There is a forced labour in the house.
synthetic_texts_glossed.eaf,852,1795607,1797319,kuɲɾɛ pɔɾɔb menaa,kuɲ-ɾɛ pɔɾɔb mena-a,well-LOC festival exist-FIN,There is a festival in the well.
synthetic_bangla_glossed.eaf,853,1797319,1799941,iɲ d̪ɔ gʰuɽi aɾ haku kiɾiɲa,iɲ d̪ɔ gʰuɽi aɾ haku kiɾiɲ-a,1SG TOP watch and fish buy-FIN,I will buy the watch and the fish.
synthetic_texts_glossed.eaf,854,1799941,1801599,iskulɾɛ anaɽgo menaa,iskul-ɾɛ anaɽgo mena-a,school-LOC declivity exist-FIN,There is a declivity in the school.
synthetic_see_paradigm.eaf,855,1801599,1803874,am d̪ɔ sikʰnɘt̪ bam paɽha͡o̯a,am d̪ɔ sikʰnɘt̪ ba-m paɽha͡o̯-a,2SG TOP lesson NEG-2SG study-FIN,You do not study the lesson.
synthetic_paradigm_glossed.eaf,856,1803874,1805908,amaʔ ɾu̯͡ɘ d̪ɔ ɟɘɾuɽa,am-aʔ ɾu̯͡ɘ d̪ɔ ɟɘɾuɽ-a,2SG-GEN illness TOP important-FIN,Your illness is important.
synthetic_paradigm_glossed.eaf,857,1805908,1807532,iɲiɲ ʈaka ɲamkeda,iɲ-iɲ ʈaka ɲam-ked-a,1SG-1SG money get-PST-FIN,I got the money.
synthetic_new_glossed_3.eaf,858,1807532,1809904,mit̪ʔʈɛn bəhu d̪ɔ sɔhɔɽɾɛ menaa,mit̪ʔ-ʈɛn bəhu d̪ɔ sɔhɔɽ-ɾɛ mena-a,one-CLF.HUM wife TOP town-LOC exist-FIN,One wife is in the town.
synthetic_texts_glossed.eaf,859,1809904,1811451,basaɾɛ balbal menaa,basa-ɾɛ balbal mena-a,residence-LOC perspiration exist-FIN,There is a perspiration in the residence.
synthetic_new_glossed.eaf,860,1811451,1813559,iɲ d̪ɔ gʰuɽi kiɾiɲakada,iɲ d̪ɔ gʰuɽi kiɾiɲ-akad-a,1SG TOP watch buy-PRF-FIN,I have bought the watch.
synthetic_paradigm_glossed.eaf,861,1813559,1815619,oŋkoaʔ ɾan d̪ɔ nɔwaa,oŋko-aʔ ɾan d̪ɔ nɔwa-a,3PL-GEN medicine TOP new-FIN,Their medicine is new.
synthetic_see_paradigm.eaf,862,1815619,1817882,alɛ d̪ɔ pʰɔʈɔ balɛ ɲama,alɛ d̪ɔ pʰɔʈɔ ba-lɛ ɲam-a,1PL.EXCL TOP photo NEG-1PL.EXCL get-FIN,We do not get the photo.
synthetic_paradigm_glossed.eaf,863,1817882,1820037,oŋkoaʔ gaɖa d̪ɔ sapʰaa,oŋko-aʔ gaɖa d̪ɔ sapʰa-a,3PL-GEN river TOP clean-FIN,Their river is clean.
synthetic_bangla_glossed.eaf,864,1820037,1821930,apɛ d̪ɔ t̪o̯͡a ɲua,apɛ d̪ɔ t̪o̯͡a ɲu-a,2PL TOP milk drink-FIN,You all will drink the milk.
synthetic_paradigm_glossed.eaf,865,1821930,1823928,amaʔ bʰikʰəɾi d̪ɔ mɔ̃ɟa,am-aʔ bʰikʰəɾi d̪ɔ mɔ̃ɟ-a,2SG-GEN beggar TOP good-FIN,Your beggar is good.
synthetic_new_glossed_3.eaf,866,1823928,1826484,mit̪ʔʈɛn bale d̪ɔ ɟɔlaɾɛ menaa,mit̪ʔ-ʈɛn bale d̪ɔ ɟɔla-ɾɛ mena-a,one-CLF.HUM baby TOP lake-LOC exist-FIN,One baby is in the lake.
synthetic_bangla_glossed.eaf,867,1826484,1828438,iɲ d̪ɔ gʰuɽi ɘkʰɾiɲa,iɲ d̪ɔ gʰuɽi ɘkʰɾiɲ-a,1SG TOP watch sell-FIN,I will sell the watch.
synthetic_school_dialogue_glossed.eaf,868,1828438,1831041,ɔkt̪ɛɾɛ alɛ kat̪ʰa ɔlɔʔkat̪ɛ sɔhɔɽɾɛ kɘmia,ɔkt̪ɛ-ɾɛ alɛ kat̪ʰa ɔlɔʔ-kat̪ɛ sɔhɔɽ-ɾɛ kɘmi-a,time-LOC 1PL.EXCL word write-CVB town-LOC work-FIN,"At that time, we write the word and then work in the town."
synthetic_paradigm_glossed.eaf,869,1831041,1833200,alɛaʔ pɘɾsi d̪ɔ mɔ̃ɟa,alɛ-aʔ pɘɾsi d̪ɔ mɔ̃ɟ-a,1PL.EXCL-GEN language TOP good-FIN,Our language is good.
synthetic_see_paradigm.eaf,870,1833200,1835600,apɛ d̪ɔ ɟɔmaʔ bapɛ kiɾiɲa,apɛ d̪ɔ ɟɔmaʔ ba-pɛ kiɾiɲ-a,2PL TOP food NEG-2PL buy-FIN,You all do not buy the food.
synthetic_texts_glossed.eaf,871,1835600,1837369,ao̯tanɾɛ suk̚ɾi menaa,ao̯tan-ɾɛ suk̚ɾi mena-a,covert-LOC pig exist-FIN,There is a pig in the covert.
synthetic_imperatives_glossed.eaf,872,1837369,1839425,d̪a.ja kat̪ɛ sɔhɔɽɾɛ t̪ɘŋgimɛ,d̪a.ja kat̪ɛ sɔhɔɽ-ɾɛ t̪ɘŋgi-mɛ,please Manner town-LOC wait-IMP.2SG.POL,Please wait in the town.
synthetic_new_glossed.eaf,873,1839425,1841361,iɲ d̪ɔ basaŋ ɟɔmakada,iɲ d̪ɔ basaŋ ɟɔm-akad-a,1SG TOP cooked.food eat-PRF-FIN,I have eaten the cooked food.
synthetic_see_paradigm.eaf,874,1841361,1842650,iɲiɲ ɾaːgɛd̪a,iɲ-iɲ ɾaːg-ɛ-d̪a,1SG-1SG sound-PROG-FIN,I am sounding.
synthetic_paradigm_glossed.eaf,875,1842650,1844536,oŋkoaʔ kɘmi d̪ɔ ɟɘɾuɽa,oŋko-aʔ kɘmi d̪ɔ ɟɘɾuɽ-a,3PL-GEN work TOP important-FIN,Their work is important.
synthetic_texts_glossed.eaf,876,1844536,1846093,kuɲ d̪ɔ mɔ̃ɟa,kuɲ d̪ɔ mɔ̃ɟ-a,well TOP good-FIN,The well is good.
synthetic_new_glossed.eaf,877,1846093,1848214,alɛ d̪ɔ pɘɾsi ɔlɔʔakada,alɛ d̪ɔ pɘɾsi ɔlɔʔ-akad-a,1PL.EXCL TOP language write-PRF-FIN,We have written the language.
synthetic_texts_glossed.eaf,878,1848214,1850027,aɖe paseɾɛ pʰɔʈɔ menaa,aɖe pase-ɾɛ pʰɔʈɔ mena-a,neighbourhood-LOC photo exist-FIN,There is a photo in the neighbourhood.
synthetic_imperatives_glossed.eaf,879,1850027,1852135,d̪a.ja kat̪ɛ ɔɽaʔɾɛ t̪ɘŋgimɛ,d̪a.ja kat̪ɛ ɔɽaʔ-ɾɛ t̪ɘŋgi-mɛ,please Manner house-LOC wait-IMP.2SG.POL,Please wait in the house.
synthetic_school_dialogue_glossed.eaf,880,1852135,1855058,hɔlaɾɛ alɛ basaŋ ɟɔmkat̪ɛ gaɖaɾɛ calaʔa,hɔla-ɾɛ alɛ basaŋ ɟɔm-kat̪ɛ gaɖa-ɾɛ calaʔ-a,yesterday-LOC 1PL.EXCL cooked.food eat-CVB river-LOC go-FIN,"Yesterday, we eat the cooked food and then go to the river."
synthetic_see_paradigm.eaf,881,1855058,1857308,alɛ d̪ɔ basaŋ balɛ ɟɔma,alɛ d̪ɔ basaŋ ba-lɛ ɟɔm-a,1PL.EXCL TOP cooked.food NEG-1PL.EXCL eat-FIN,We do not eat the cooked food.
synthetic_bangla_glossed.eaf,882,1857308,1860147,alɛ d̪ɔ ɾan aɾ ɟɔmaʔ kiɾiɲa,alɛ d̪ɔ ɾan aɾ ɟɔmaʔ kiɾiɲ-a,1PL.EXCL TOP medicine and food buy-FIN,We will buy the medicine and the food.
synthetic_see_paradigm.eaf,883,1860147,1861612,amɛm ɾɔɽɛd̪a,am-ɛm ɾɔɽ-ɛ-d̪a,2SG-2SG speak-PROG-FIN,You is speaking.
synthetic_paradigm_glossed.eaf,884,1861612,1863369,iɲiɲ pɘɾsi ɾɔɽkeda,iɲ-iɲ pɘɾsi ɾɔɽ-ked-a,1SG-1SG language speak-PST-FIN,I spoke the language.
synthetic_texts_glossed.eaf,885,1863369,1865195,bəteɾɛ ɾu̯͡ɘ menaa,bəte-ɾɛ ɾu̯͡ɘ mena-a,courtyard.of.house-LOC illness exist-FIN,There is an illness in the courtyard of house.
synthetic_paradigm_glossed.eaf,886,1865195,1867175,iɲaʔ ɾu̯͡ɘ d̪ɔ mɔ̃ɟa,iɲ-aʔ ɾu̯͡ɘ d̪ɔ mɔ̃ɟ-a,1SG-GEN illness TOP good-FIN,My illness is good.
synthetic_bangla_glossed.eaf,887,1867175,1869766,uni d̪ɔ beɽ aɾ bəsɳɖi ɲɛla,uni d̪ɔ beɽ aɾ bəsɳɖi ɲɛl-a,3SG.ANIM TOP span and midge see-FIN,He/she will see the span and the midge.
synthetic_school_dialogue_glossed.eaf,888,1869766,1872623,ɔkt̪ɛɾɛ alɛ sikʰnɘt̪ paɽha͡o̯kat̪ɛ ɟɔlaɾɛ calaʔa,ɔkt̪ɛ-ɾɛ alɛ sikʰnɘt̪ paɽha͡o̯-kat̪ɛ ɟɔla-ɾɛ calaʔ-a,time-LOC 1PL.EXCL lesson study-CVB lake-LOC go-FIN,"At that time, we study the lesson and then go to the lake."
synthetic_dialogues_glossed.eaf,889,1872623,1876177,am d̪ɔ ɲɛlɛɾasa ɟɔma mɛnkʰan ɟɔmaʔ bam ɟɔma,am d̪ɔ ɲɛlɛɾasa ɟɔm-a mɛnkʰan ɟɔmaʔ ba-m ɟɔm-a,2SG TOP honey eat-FIN but food NEG-2SG eat-FIN,"You will eat the honey, but do not eat the food."
synthetic_texts_glossed.eaf,890,1876177,1877962,bʰugək̕ɾɛ suk̚ɾi menaa,bʰugək̕-ɾɛ suk̚ɾi mena-a,cave-LOC pig exist-FIN,There is a pig in the cave.
synthetic_texts_glossed.eaf,891,1877962,1879498,ɟɘliɘ d̪ɔ lɘʈua,ɟɘliɘ d̪ɔ lɘʈu-a,fisherman TOP small-FIN,The fisherman is small.
synthetic_texts_glossed.eaf,892,1879498,1881251,ɔɽaʔɾɛ bʰəluə̯ menaa,ɔɽaʔ-ɾɛ bʰəluə̯ mena-a,house-LOC sand.martin exist-FIN,There is a sand martin in the house.
synthetic_paradigm_glossed.eaf,893,1881251,1883324,iɲaʔ hɔɽ d̪ɔ ɾɘskɘa,iɲ-aʔ hɔɽ d̪ɔ ɾɘskɘ-a,1SG-GEN person TOP happy-FIN,My person is happy.
synthetic_see_paradigm.eaf,894,1883324,1885745,apɛ d̪ɔ sikʰnɘt̪ bapɛ paɽha͡o̯a,apɛ d̪ɔ sikʰnɘt̪ ba-pɛ paɽha͡o̯-a,2PL TOP lesson NEG-2PL study-FIN,You all do not study the lesson.
synthetic_texts_glossed.eaf,895,1885745,1887456,ao̯tanɾɛ pɔɾɔb menaa,ao̯tan-ɾɛ pɔɾɔb mena-a,covert-LOC festival exist-FIN,There is a festival in the covert.
synthetic_imperatives_glossed.eaf,896,1887456,1889543,d̪a.ja kat̪ɛ iskulɾɛ hiɟuʔmɛ,d̪a.ja kat̪ɛ iskul-ɾɛ hiɟuʔ-mɛ,please Manner school-LOC come-IMP.2SG.POL,Please come to the school.
synthetic_dialogues_glossed.eaf,897,1889543,1892962,iɲ d̪ɔ d̪aʔ ɲua mɛnkʰan d̪aʔ bɘɲ ɲua,iɲ d̪ɔ d̪aʔ ɲu-a mɛnkʰan d̪aʔ bɘ-ɲ ɲu-a,1SG TOP water drink-FIN but water NEG-1SG drink-FIN,"I will drink the water, but do not drink the water."
synthetic_school_dialogue_glossed.eaf,898,1892962,1895780,ɔkt̪ɛɾɛ iɲ bʰul t͡ʃuk ɲɛlkat̪ɛ ɔɽaʔɾɛ hiɟuʔa,ɔkt̪ɛ-ɾɛ iɲ bʰul t͡ʃuk ɲɛl-kat̪ɛ ɔɽaʔ-ɾɛ hiɟuʔ-a,time-LOC 1SG omission see-CVB house-LOC come-FIN,"At that time, I see the omission and then come to the house."
synthetic_texts_glossed.eaf,899,1895780,1897429,ɔɽaʔɾɛ iskul menaa,ɔɽaʔ-ɾɛ iskul mena-a,house-LOC school exist-FIN,There is a school in the house.
synthetic_bangla_glossed.eaf,900,1897429,1899574,alɛ d̪ɔ hɔɽ gɔɽɔa,alɛ d̪ɔ hɔɽ gɔɽɔ-a,1PL.EXCL TOP person help-FIN,We will help the person.
synthetic_texts_glossed.eaf,901,1899574,1901423,bənkəɾ d̪ɔ ɟɘɾuɽa,bənkəɾ d̪ɔ ɟɘɾuɽ-a,hired.worker TOP important-FIN,The hired worker is important.
synthetic_texts_glossed.eaf,902,1901423,1902960,bəndki d̪ɔ nɔwaa,bəndki d̪ɔ nɔwa-a,mortgage TOP new-FIN,The mortgage is new.
synthetic_texts_glossed.eaf,903,1902960,1904679,ɟɔlaɾɛ əsis menaa,ɟɔla-ɾɛ əsis mena-a,lake-LOC curse exist-FIN,There is a curse in the lake.
synthetic_texts_glossed.eaf,904,1904679,1906209,bilətɾɛ bə̃ɽiə̯̃ menaa,bilət-ɾɛ bə̃ɽiə̯̃ mena-a,england-LOC pedlar.of.salt exist-FIN,There is a pedlar of salt and tobacco in the england.
synthetic_texts_glossed.eaf,905,1906209,1907922,bad͡ʒaɾ d̪ɔ mɔ̃ɟa,bad͡ʒaɾ d̪ɔ mɔ̃ɟ-a,bazaar TOP good-FIN,The bazaar is good.
synthetic_see_paradigm.eaf,906,1907922,1910466,apɛ d̪ɔ ʈaka bapɛ ɲama,apɛ d̪ɔ ʈaka ba-pɛ ɲam-a,2PL TOP money NEG-2PL get-FIN,You all do not get the money.
synthetic_see_paradigm.eaf,907,1910466,1911658,apɛpɛ ɲuɛd̪a,apɛ-pɛ ɲu-ɛ-d̪a,2PL-2PL drink-PROG-FIN,You all are drinking.
synthetic_texts_glossed.eaf,908,1911658,1913272,bʰagwa d̪ɔ mɔ̃ɟa,bʰagwa d̪ɔ mɔ̃ɟ-a,attire TOP good-FIN,The attire is good.
synthetic_school_dialogue_glossed.eaf,909,1913272,1916065,ɔkt̪ɛɾɛ am sikʰnɘt̪ paɽha͡o̯kat̪ɛ ɔɽaʔɾɛ calaʔa,ɔkt̪ɛ-ɾɛ am sikʰnɘt̪ paɽha͡o̯-kat̪ɛ ɔɽaʔ-ɾɛ calaʔ-a,time-LOC 2SG lesson study-CVB house-LOC go-FIN,"At that time, you study the lesson and then go to the house."
synthetic_imperatives_glossed.eaf,910,1916065,1918189,d̪a.ja kat̪ɛ at̪oɾɛ hiɟuʔmɛ,d̪a.ja kat̪ɛ at̪o-ɾɛ hiɟuʔ-mɛ,please Manner village-LOC come-IMP.2SG.POL,Please come to the village.
synthetic_new_glossed_3.eaf,911,1918189,1920661,mit̪ʔ ɟɔmaʔ d̪ɔ at̪oɾɛ menaa,mit̪ʔ ɟɔmaʔ d̪ɔ at̪o-ɾɛ mena-a,one food TOP village-LOC exist-FIN,One food is in the village.
synthetic_texts_glossed.eaf,912,1920661,1922459,bʰiɖi d͡ʒel d̪ɔ sapʰaa,bʰiɖi d͡ʒel d̪ɔ sapʰa-a,mutton TOP clean-FIN,The mutton is clean.
synthetic_bangla_glossed.eaf,913,1922459,1925230,iɲ d̪ɔ t̪o̯͡a aɾ d̪aʔ ɲua,iɲ d̪ɔ t̪o̯͡a aɾ d̪aʔ ɲu-a,1SG TOP milk and water drink-FIN,I will drink the milk and the water.
synthetic_dialogues_glossed.eaf,914,1925230,1927333,gid̪ɾɘ d̪ɔ ɔkaɾɛ menaa,gid̪ɾɘ d̪ɔ ɔka-ɾɛ mena-a,child TOP where-LOC exist-FIN,Where is the child?
synthetic_texts_glossed.eaf,915,1927333,1929073,sɔhɔɽɾɛ ɲɛlɛɾasa menaa,sɔhɔɽ-ɾɛ ɲɛlɛɾasa mena-a,town-LOC honey exist-FIN,There is a honey in the town.
synthetic_school_dialogue_glossed.eaf,916,1929073,1931868,ɔkt̪ɛɾɛ iɲ t̪o̯͡a ɲukat̪ɛ at̪oɾɛ hiɟuʔa,ɔkt̪ɛ-ɾɛ iɲ t̪o̯͡a ɲu-kat̪ɛ at̪o-ɾɛ hiɟuʔ-a,time-LOC 1SG milk drink-CVB village-LOC come-FIN,"At that time, I drink the milk and then come to the village."
synthetic_bangla_glossed.eaf,917,1931868,1933748,am d̪ɔ basaŋ ɟɔma,am d̪ɔ basaŋ ɟɔm-a,2SG TOP cooked.food eat-FIN,You will eat the cooked food.
synthetic_paradigm_glossed.eaf,918,1933748,1935427,apɛpɛ ʈaka ɲamkeda,apɛ-pɛ ʈaka ɲam-ked-a,2PL-2PL money get-PST-FIN,You all got the money.
synthetic_paradigm_glossed.eaf,919,1935427,1937508,iɲaʔ aŋguɾ biɽhi d̪ɔ ɟɘɾuɽa,iɲ-aʔ aŋguɾ biɽhi d̪ɔ ɟɘɾuɽ-a,1SG-GEN whitlow TOP important-FIN,My whitlow is important.
synthetic_texts_glossed.eaf,920,1937508,1939218,kuɲɾɛ akʰɾa menaa,kuɲ-ɾɛ akʰɾa mena-a,well-LOC gathering exist-FIN,There is a gathering in the well.
synthetic_paradigm_glossed.eaf,921,1939218,1940818,apɛpɛ t̪o̯͡a ɲukeda,apɛ-pɛ t̪o̯͡a ɲu-ked-a,2PL-2PL milk drink-PST-FIN,You all drank the milk.
synthetic_school_dialogue_glossed.eaf,922,1940818,1943578,t̪eheɲɾɛ iɲ pɘɾsi ɔlɔʔkat̪ɛ sɔhɔɽɾɛ gat̪ea,t̪eheɲ-ɾɛ iɲ pɘɾsi ɔlɔʔ-kat̪ɛ sɔhɔɽ-ɾɛ gat̪e-a,today-LOC 1SG language write-CVB town-LOC play-FIN,"Today, I write the language and then play in the town."
synthetic_new_glossed.eaf,923,1943578,1945717,apɛ d̪ɔ kat̪ʰa ɔlɔʔakada,apɛ d̪ɔ kat̪ʰa ɔlɔʔ-akad-a,2PL TOP word write-PRF-FIN,You all have written the word.
synthetic_texts_glossed.eaf,924,1945717,1947554,bat͡ʃʰɽa d̪ɔ ɟɘɾuɽa,bat͡ʃʰɽa d̪ɔ ɟɘɾuɽ-a,lad TOP important-FIN,The lad is important.
synthetic_see_paradigm.eaf,925,1947554,1950105,apɛ d̪ɔ pʰɔʈɔ bapɛ ɲama,apɛ d̪ɔ pʰɔʈɔ ba-pɛ ɲam-a,2PL TOP photo NEG-2PL get-FIN,You all do not get the photo.
synthetic_see_paradigm.eaf,926,1950105,1951478,oŋkoko d̪uɽup̚ʔɛd̪a,oŋko-ko d̪uɽup̚ʔ-ɛ-d̪a,3PL.ANIM-3PL.ANIM sit-PROG-FIN,They are sitting.
synthetic_see_paradigm.eaf,927,1951478,1953792,apɛ d̪ɔ gʰuɽi bapɛ ɘkʰɾiɲa,apɛ d̪ɔ gʰuɽi ba-pɛ ɘkʰɾiɲ-a,2PL TOP watch NEG-2PL sell-FIN,You all do not sell the watch.
synthetic_texts_glossed.eaf,928,1953792,1955415,ɟɔmaʔ d̪ɔ sapʰaa,ɟɔmaʔ d̪ɔ sapʰa-a,food TOP clean-FIN,The food is clean.
synthetic_see_paradigm.eaf,929,1955415,1956755,iɲiɲ ɔlɔʔɛd̪a,iɲ-iɲ ɔlɔʔ-ɛ-d̪a,1SG-1SG write-PROG-FIN,I am writing.
synthetic_texts_glossed.eaf,930,1956755,1958452,bəhiɾ bəi̯ d̪ɔ mɔ̃ɟa,bəhiɾ bəi̯ d̪ɔ mɔ̃ɟ-a,deafness TOP good-FIN,The deafness is good.
synthetic_school_dialogue_glossed.eaf,931,1958452,1961371,t̪eheɲɾɛ uni bʰadɔɾ ɲɛlkat̪ɛ iskulɾɛ kɘmia,t̪eheɲ-ɾɛ uni bʰadɔɾ ɲɛl-kat̪ɛ iskul-ɾɛ kɘmi-a,today-LOC 3SG.ANIM august.september see-CVB school-LOC work-FIN,"Today, he/she see the august-september and then work in the school."
synthetic_texts_glossed.eaf,932,1961371,1963091,gʰuɽi d̪ɔ nɔwaa,gʰuɽi d̪ɔ nɔwa-a,watch TOP new-FIN,The watch is new.
synthetic_new_glossed.eaf,933,1963091,1964980,apɛ d̪ɔ baɾsa ɲɛlakada,apɛ d̪ɔ baɾsa ɲɛl-akad-a,2PL TOP confidence see-PRF-FIN,You all have seen the confidence.
synthetic_bangla_glossed.eaf,934,1964980,1967002,apɛ d̪ɔ basaŋ ɟɔma,apɛ d̪ɔ basaŋ ɟɔm-a,2PL TOP cooked.food eat-FIN,You all will eat the cooked food.
synthetic_paradigm_glossed.eaf,935,1967002,1968646,iɲiɲ mɔbaĭl pʰon ɘkʰɾiɲkeda,iɲ-iɲ mɔbaĭl pʰon ɘkʰɾiɲ-ked-a,1SG-1SG mobile.phone sell-PST-FIN,I sold the mobile phone.
synthetic_school_dialogue_glossed.eaf,936,1968646,1971448,t̪eheɲɾɛ oŋko ɟɔmaʔ kiɾiɲkat̪ɛ at̪oɾɛ gat̪ea,t̪eheɲ-ɾɛ oŋko ɟɔmaʔ kiɾiɲ-kat̪ɛ at̪o-ɾɛ gat̪e-a,today-LOC 3PL.ANIM food buy-CVB village-LOC play-FIN,"Today, they buy the food and then play in the village."
synthetic_see_paradigm.eaf,937,1971448,1972755,unii̯ kɘmiɛd̪a,uni-i̯ kɘmi-ɛ-d̪a,3SG.ANIM-3SG.ANIM work-PROG-FIN,He/she is working.
synthetic_new_glossed.eaf,938,1972755,1974881,iɲ d̪ɔ baba gɔɽɔakada,iɲ d̪ɔ baba gɔɽɔ-akad-a,1SG TOP father help-PRF-FIN,I have helped the father.
synthetic_dialogues_glossed.eaf,939,1974881,1978341,am d̪ɔ ɟɔmaʔ ɲama mɛnkʰan ɟɔmaʔ bam ɲama,am d̪ɔ ɟɔmaʔ ɲam-a mɛnkʰan ɟɔmaʔ ba-m ɲam-a,2SG TOP food get-FIN but food NEG-2SG get-FIN,"You will get the food, but do not get the food."
synthetic_bangla_glossed.eaf,940,1978341,1980464,apɛ d̪ɔ kat̪ʰa ɔlɔʔa,apɛ d̪ɔ kat̪ʰa ɔlɔʔ-a,2PL TOP word write-FIN,You all will write the word.
synthetic_paradigm_glossed.eaf,941,1980464,1982538,uniaʔ bʰuku d̪ɔ lɘʈua,uni-aʔ bʰuku d̪ɔ lɘʈu-a,3SG-GEN termite TOP small-FIN,His/her termite is small.
synthetic_new_glossed.eaf,942,1982538,1984453,alɛ d̪ɔ mɔbaĭl pʰon ɘkʰɾiɲakada,alɛ d̪ɔ mɔbaĭl pʰon ɘkʰɾiɲ-akad-a,1PL.EXCL TOP mobile.phone sell-PRF-FIN,We have sold the mobile phone.
synthetic_paradigm_glossed.eaf,943,1984453,1986449,alɛaʔ mɔbaĭl pʰon d̪ɔ sapʰaa,alɛ-aʔ mɔbaĭl pʰon d̪ɔ sapʰa-a,1PL.EXCL-GEN mobile.phone TOP clean-FIN,Our mobile phone is clean.
synthetic_school_dialogue_glossed.eaf,944,1986449,1989226,hɔlaɾɛ uni ɟɔmaʔ kiɾiɲkat̪ɛ kuɲɾɛ gat̪ea,hɔla-ɾɛ uni ɟɔmaʔ kiɾiɲ-kat̪ɛ kuɲ-ɾɛ gat̪e-a,yesterday-LOC 3SG.ANIM food buy-CVB well-LOC play-FIN,"Yesterday, he/she buy the food and then play in the well."
synthetic_dialogues_glossed.eaf,945,1989226,1992583,alɛ d̪ɔ ɟɔmaʔ kiɾiɲa mɛnkʰan ɟɔmaʔ balɛ kiɾiɲa,alɛ d̪ɔ ɟɔmaʔ kiɾiɲ-a mɛnkʰan ɟɔmaʔ ba-lɛ kiɾiɲ-a,1PL.EXCL TOP food buy-FIN but food NEG-1PL.EXCL buy-FIN,"We will buy the food, but do not buy the food."
synthetic_bangla_glossed.eaf,946,1992583,1994548,am d̪ɔ baba gɔɽɔa,am d̪ɔ baba gɔɽɔ-a,2SG TOP father help-FIN,You will help the father.
synthetic_paradigm_glossed.eaf,947,1994548,1996220,amɛm pɘɾsi paɽha͡o̯keda,am-ɛm pɘɾsi paɽha͡o̯-ked-a,2SG-2SG language study-PST-FIN,You studied the language.
synthetic_texts_glossed.eaf,948,1996220,1997813,kuɲɾɛ bʰaɾsa menaa,kuɲ-ɾɛ bʰaɾsa mena-a,well-LOC reliance exist-FIN,There is a reliance in the well.
synthetic_texts_glossed.eaf,949,1997813,1999472,basaɾɛ ao̯san menaa,basa-ɾɛ ao̯san mena-a,residence-LOC relief exist-FIN,There is a relief in the residence.
synthetic_school_dialogue_glossed.eaf,950,1999472,2002140,hɔlaɾɛ iɲ haku kiɾiɲkat̪ɛ at̪oɾɛ gat̪ea,hɔla-ɾɛ iɲ haku kiɾiɲ-kat̪ɛ at̪o-ɾɛ gat̪e-a,yesterday-LOC 1SG fish buy-CVB village-LOC play-FIN,"Yesterday, I buy the fish and then play in the village."
synthetic_bangla_glossed.eaf,951,2002140,2004027,oŋko d̪ɔ haku kiɾiɲa,oŋko d̪ɔ haku kiɾiɲ-a,3PL.ANIM TOP fish buy-FIN,They will buy the fish.
synthetic_school_dialogue_glossed.eaf,952,2004027,2006729,t̪eheɲɾɛ alɛ ae̯ upəi̯ ɲɛlkat̪ɛ kuɲɾɛ gat̪ea,t̪eheɲ-ɾɛ alɛ ae̯ upəi̯ ɲɛl-kat̪ɛ kuɲ-ɾɛ gat̪e-a,today-LOC 1PL.EXCL gain see-CVB well-LOC play-FIN,"Today, we see the gain and then play in the well."
synthetic_new_glossed.eaf,953,2006729,2008845,alɛ d̪ɔ ɟɔmaʔ ɟɔmakada,alɛ d̪ɔ ɟɔmaʔ ɟɔm-akad-a,1PL.EXCL TOP food eat-PRF-FIN,We have eaten the food.
synthetic_texts_glossed.eaf,954,2008845,2010596,ɟɔlaɾɛ bedin menaa,ɟɔla-ɾɛ bedin mena-a,lake-LOC heathen exist-FIN,There is a heathen in the lake.
synthetic_texts_glossed.eaf,955,2010596,2012153,aɖe ʈolaɾɛ aɾba menaa,aɖe ʈola-ɾɛ aɾba mena-a,vicinity-LOC ant.eater exist-FIN,There is an ant-eater in the vicinity.
synthetic_dialogues_glossed.eaf,956,2012153,2015624,uni d̪ɔ akoɾma ɲɛla mɛnkʰan bʰẹd͡ʒ bai̯ ɲɛla,uni d̪ɔ akoɾma ɲɛl-a mɛnkʰan bʰẹd͡ʒ ba-i̯ ɲɛl-a,3SG.ANIM TOP dunce see-FIN but stamina NEG-3SG.ANIM see-FIN,"He/she will see the dunce, but does not see the stamina."
synthetic_texts_glossed.eaf,957,2015624,2017223,aɲd͡ʒle d̪ɔ sapʰaa,aɲd͡ʒle d̪ɔ sapʰa-a,handful TOP clean-FIN,The handful is clean.
synthetic_see_paradigm.eaf,958,2017223,2019462,oŋko d̪ɔ ɟɔmaʔ bako kiɾiɲa,oŋko d̪ɔ ɟɔmaʔ ba-ko kiɾiɲ-a,3PL.ANIM TOP food NEG-3PL.ANIM buy-FIN,They do not buy the food.
synthetic_school_dialogue_glossed.eaf,959,2019462,2022210,sɛt̪aʔɾɛ am ɾan kiɾiɲkat̪ɛ sɔhɔɽɾɛ gat̪ea,sɛt̪aʔ-ɾɛ am ɾan kiɾiɲ-kat̪ɛ sɔhɔɽ-ɾɛ gat̪e-a,morning-LOC 2SG medicine buy-CVB town-LOC play-FIN,"In the morning, you buy the medicine and then play in the town."
synthetic_bangla_glossed.eaf,960,2022210,2024086,iɲ d̪ɔ gid̪ɾɘ gɔɽɔa,iɲ d̪ɔ gid̪ɾɘ gɔɽɔ-a,1SG TOP child help-FIN,I will help the child.
synthetic_school_dialogue_glossed.eaf,961,2024086,2026979,ɔkt̪ɛɾɛ apɛ kat̪ʰa ɔlɔʔkat̪ɛ ɔɽaʔɾɛ hiɟuʔa,ɔkt̪ɛ-ɾɛ apɛ kat̪ʰa ɔlɔʔ-kat̪ɛ ɔɽaʔ-ɾɛ hiɟuʔ-a,time-LOC 2PL word write-CVB house-LOC come-FIN,"At that time, you all write the word and then come to the house."
synthetic_texts_glossed.eaf,962,2026979,2028527,baɾet d̪ɔ ɾɘskɘa,baɾet d̪ɔ ɾɘskɘ-a,brother TOP happy-FIN,The brother is happy.
synthetic_new_glossed_3.eaf,963,2028527,2031034,mit̪ʔʈɛn ɖak̚t̪aɾ d̪ɔ ɔɽaʔɾɛ menaa,mit̪ʔ-ʈɛn ɖak̚t̪aɾ d̪ɔ ɔɽaʔ-ɾɛ mena-a,one-CLF.HUM doctor TOP house-LOC exist-FIN,One doctor is in the house.
synthetic_see_paradigm.eaf,964,2031034,2032481,alɛlɛ t̪ɘŋgiɛd̪a,alɛ-lɛ t̪ɘŋgi-ɛ-d̪a,1PL.EXCL-1PL.EXCL wait-PROG-FIN,We are waiting.
synthetic_texts_glossed.eaf,965,2032481,2034148,bilətɾɛ kaʈa menaa,bilət-ɾɛ kaʈa mena-a,england-LOC foot exist-FIN,There is a foot in the england.
synthetic_dialogues_glossed.eaf,966,2034148,2037544,alɛ d̪ɔ basaŋ ɟɔma mɛnkʰan basaŋ balɛ ɟɔma,alɛ d̪ɔ basaŋ ɟɔm-a mɛnkʰan basaŋ ba-lɛ ɟɔm-a,1PL.EXCL TOP cooked.food eat-FIN but cooked.food NEG-1PL.EXCL eat-FIN,"We will eat the cooked food, but do not eat the cooked food."
synthetic_see_paradigm.eaf,967,2037544,2039837,iɲ d̪ɔ mɔbaĭl pʰon bɘɲ ɘkʰɾiɲa,iɲ d̪ɔ mɔbaĭl pʰon bɘ-ɲ ɘkʰɾiɲ-a,1SG TOP mobile.phone NEG-1SG sell-FIN,I do not sell the mobile phone.
synthetic_school_dialogue_glossed.eaf,968,2039837,2042713,sɛt̪aʔɾɛ am bʰad͡ʒan ɲɛlkat̪ɛ ɟɔlaɾɛ gat̪ea,sɛt̪aʔ-ɾɛ am bʰad͡ʒan ɲɛl-kat̪ɛ ɟɔla-ɾɛ gat̪e-a,morning-LOC 2SG basket see-CVB lake-LOC play-FIN,"In the morning, you see the basket and then play in the lake."
synthetic_dialogues_glossed.eaf,969,2042713,2044904,akʰɾa d̪ɔ ɔkaɾɛ menaa,akʰɾa d̪ɔ ɔka-ɾɛ mena-a,gathering TOP where-LOC exist-FIN,Where is the gathering?
synthetic_school_dialogue_glossed.eaf,970,2044904,2047758,sɛt̪aʔɾɛ uni ɲɛlɛɾasa ɟɔmkat̪ɛ gaɖaɾɛ calaʔa,sɛt̪aʔ-ɾɛ uni ɲɛlɛɾasa ɟɔm-kat̪ɛ gaɖa-ɾɛ calaʔ-a,morning-LOC 3SG.ANIM honey eat-CVB river-LOC go-FIN,"In the morning, he/she eat the honey and then go to the river."
synthetic_dialogues_glossed.eaf,971,2047758,2051068,alɛ d̪ɔ basaŋ ɟɔma mɛnkʰan haku balɛ ɟɔma,alɛ d̪ɔ basaŋ ɟɔm-a mɛnkʰan haku ba-lɛ ɟɔm-a,1PL.EXCL TOP cooked.food eat-FIN but fish NEG-1PL.EXCL eat-FIN,"We will eat the cooked food, but do not eat the fish."
synthetic_dialogues_glossed.eaf,972,2051068,2054441,uni d̪ɔ d̪aʔ ɲua mɛnkʰan d̪aʔ bai̯ ɲua,uni d̪ɔ d̪aʔ ɲu-a mɛnkʰan d̪aʔ ba-i̯ ɲu-a,3SG.ANIM TOP water drink-FIN but water NEG-3SG.ANIM drink-FIN,"He/she will drink the water, but does not drink the water."
synthetic_paradigm_glossed.eaf,973,2054441,2056340,uniaʔ bajaban d̪ɔ nɔwaa,uni-aʔ bajaban d̪ɔ nɔwa-a,3SG-GEN deluge TOP new-FIN,His/her deluge is new.
synthetic_texts_glossed.eaf,974,2056340,2057968,bɛbɛ d̪ɔ ɟɘɾuɽa,bɛbɛ d̪ɔ ɟɘɾuɽ-a,croak.of.frogs TOP important-FIN,The croak of frogs is important.
synthetic_bangla_glossed.eaf,975,2057968,2060047,oŋko d̪ɔ mɔbaĭl pʰon ɘkʰɾiɲa,oŋko d̪ɔ mɔbaĭl pʰon ɘkʰɾiɲ-a,3PL.ANIM TOP mobile.phone sell-FIN,They will sell the mobile phone.
synthetic_bangla_glossed.eaf,976,2060047,2062055,am d̪ɔ pɘɾsi ɾɔɽa,am d̪ɔ pɘɾsi ɾɔɽ-a,2SG TOP language speak-FIN,You will speak the language.
synthetic_new_glossed_3.eaf,977,2062055,2064354,mit̪ʔ haku d̪ɔ at̪oɾɛ menaa,mit̪ʔ haku d̪ɔ at̪o-ɾɛ mena-a,one fish TOP village-LOC exist-FIN,One fish is in the village.
synthetic_texts_glossed.eaf,978,2064354,2065890,bilənɾɛ bə̃hi menaa,bilən-ɾɛ bə̃hi mena-a,wide.expanse.of-LOC arm exist-FIN,There is an arm in the wide expanse of land.
synthetic_bangla_glossed.eaf,979,2065890,2068020,alɛ d̪ɔ ɲɛlɛɾasa ɟɔma,alɛ d̪ɔ ɲɛlɛɾasa ɟɔm-a,1PL.EXCL TOP honey eat-FIN,We will eat the honey.
synthetic_see_paradigm.eaf,980,2068020,2070275,am d̪ɔ d̪aʔ bam ɲua,am d̪ɔ d̪aʔ ba-m ɲu-a,2SG TOP water NEG-2SG drink-FIN,You do not drink the water.
synthetic_school_dialogue_glossed.eaf,981,2070275,2073093,t̪eheɲɾɛ apɛ d̪aʔ ɲukat̪ɛ ɔɽaʔɾɛ hiɟuʔa,t̪eheɲ-ɾɛ apɛ d̪aʔ ɲu-kat̪ɛ ɔɽaʔ-ɾɛ hiɟuʔ-a,today-LOC 2PL water drink-CVB house-LOC come-FIN,"Today, you all drink the water and then come to the house."
synthetic_bangla_glossed.eaf,982,2073093,2075086,iɲ d̪ɔ t̪o̯͡a ɲua,iɲ d̪ɔ t̪o̯͡a ɲu-a,1SG TOP milk drink-FIN,I will drink the milk.
synthetic_paradigm_glossed.eaf,983,2075086,2076960,apɛaʔ ɟɔmaʔ d̪ɔ sibila,apɛ-aʔ ɟɔmaʔ d̪ɔ sibil-a,2PL-GEN food TOP tasty-FIN,Your food is tasty.
synthetic_school_dialogue_glossed.eaf,984,2076960,2079734,ɔkt̪ɛɾɛ oŋko baɾahi ɲɛlkat̪ɛ gaɖaɾɛ calaʔa,ɔkt̪ɛ-ɾɛ oŋko baɾahi ɲɛl-kat̪ɛ gaɖa-ɾɛ calaʔ-a,time-LOC 3PL.ANIM thick.straw.rope see-CVB river-LOC go-FIN,"At that time, they see the thick straw rope and then go to the river."
synthetic_paradigm_glossed.eaf,985,2079734,2081861,iɲaʔ baba d̪ɔ lɘʈua,iɲ-aʔ baba d̪ɔ lɘʈu-a,1SG-GEN father TOP small-FIN,My father is small.
synthetic_see_paradigm.eaf,986,2081861,2083312,amɛm ɲuɛd̪a,am-ɛm ɲu-ɛ-d̪a,2SG-2SG drink-PROG-FIN,You is drinking.
synthetic_texts_glossed.eaf,987,2083312,2084936,aɾel d̪ɔ mɔ̃ɟa,aɾel d̪ɔ mɔ̃ɟ-a,hail TOP good-FIN,The hail is good.
synthetic_texts_glossed.eaf,988,2084936,2086772,bilənɾɛ bɛtʰiɾ menaa,bilən-ɾɛ bɛtʰiɾ mena-a,wide.expanse.of-LOC unrest exist-FIN,There is an unrest in the wide expanse of land.
synthetic_new_glossed_3.eaf,989,2086772,2089092,mit̪ʔʈɛn pusi d̪ɔ iskulɾɛ menaa,mit̪ʔ-ʈɛn pusi d̪ɔ iskul-ɾɛ mena-a,one-CLF.HUM cat TOP school-LOC exist-FIN,One cat is in the school.
synthetic_school_dialogue_glossed.eaf,990,2089092,2091848,ɔkt̪ɛɾɛ alɛ d̪aʔ ɲukat̪ɛ iskulɾɛ hiɟuʔa,ɔkt̪ɛ-ɾɛ alɛ d̪aʔ ɲu-kat̪ɛ iskul-ɾɛ hiɟuʔ-a,time-LOC 1PL.EXCL water drink-CVB school-LOC come-FIN,"At that time, we drink the water and then come to the school."
synthetic_paradigm_glossed.eaf,991,2091848,2093584,oŋkoko basaŋ ɟɔmkeda,oŋko-ko basaŋ ɟɔm-ked-a,3PL.ANIM-3PL.ANIM cooked.food eat-PST-FIN,They ate the cooked food.
synthetic_dialogues_glossed.eaf,992,2093584,2097091,am d̪ɔ gʰuɽi ɘkʰɾiɲa mɛnkʰan gʰuɽi bam ɘkʰɾiɲa,am d̪ɔ gʰuɽi ɘkʰɾiɲ-a mɛnkʰan gʰuɽi ba-m ɘkʰɾiɲ-a,2SG TOP watch sell-FIN but watch NEG-2SG sell-FIN,"You will sell the watch, but do not sell the watch."
synthetic_texts_glossed.eaf,993,2097091,2098878,at̪oɾɛ bɛtʰiɾ menaa,at̪o-ɾɛ bɛtʰiɾ mena-a,village-LOC unrest exist-FIN,There is an unrest in the village.
synthetic_paradigm_glossed.eaf,994,2098878,2100575,iɲiɲ d̪aʔ ɲukeda,iɲ-iɲ d̪aʔ ɲu-ked-a,1SG-1SG water drink-PST-FIN,I drank the water.
synthetic_new_glossed_3.eaf,995,2100575,2102842,mit̪ʔʈɛn bat͡ʃʰɽa koɽa d̪ɔ ɔɽaʔɾɛ menaa,mit̪ʔ-ʈɛn bat͡ʃʰɽa koɽa d̪ɔ ɔɽaʔ-ɾɛ mena-a,one-CLF.HUM hobbledehoy TOP house-LOC exist-FIN,One hobbledehoy is in the house.
synthetic_paradigm_glossed.eaf,996,2102842,2104920,apɛaʔ bəd͡ʒi d̪ɔ nɔwaa,apɛ-aʔ bəd͡ʒi d̪ɔ nɔwa-a,2PL-GEN wager TOP new-FIN,Your wager is new.
synthetic_new_glossed_3.eaf,997,2104920,2107372,mit̪ʔ mɔbaĭl pʰon d̪ɔ at̪oɾɛ menaa,mit̪ʔ mɔbaĭl pʰon d̪ɔ at̪o-ɾɛ mena-a,one mobile.phone TOP village-LOC exist-FIN,One mobile phone is in the village.
synthetic_texts_glossed.eaf,998,2107372,2109190,kaʈa d̪ɔ nɔwaa,kaʈa d̪ɔ nɔwa-a,foot TOP new-FIN,The foot is new.
synthetic_see_paradigm.eaf,999,2109190,2110568,oŋkoko ɘkʰɾiɲɛd̪a,oŋko-ko ɘkʰɾiɲ-ɛ-d̪a,3PL.ANIM-3PL.ANIM sell-PROG-FIN,They are selling.
synthetic_dialogues_glossed.eaf,1000,2110568,2113889,oŋko d̪ɔ hɔɽ gɔɽɔa mɛnkʰan ɖak̚t̪aɾ bako gɔɽɔa,oŋko d̪ɔ hɔɽ gɔɽɔ-a mɛnkʰan ɖak̚t̪aɾ ba-ko gɔɽɔ-a,3PL.ANIM TOP person help-FIN but doctor NEG-3PL.ANIM help-FIN,"They will help the person, but do not help the doctor."
synthetic_imperatives_glossed.eaf,1001,2113889,2115841,d̪a.ja kat̪ɛ sɔhɔɽɾɛ calaʔmɛ,d̪a.ja kat̪ɛ sɔhɔɽ-ɾɛ calaʔ-mɛ,please Manner town-LOC go-IMP.2SG.POL,Please go to the town.
synthetic_dialogues_glossed.eaf,1002,2115841,2119327,apɛ d̪ɔ gʰuɽi kiɾiɲa mɛnkʰan ɟɔmaʔ bapɛ kiɾiɲa,apɛ d̪ɔ gʰuɽi kiɾiɲ-a mɛnkʰan ɟɔmaʔ ba-pɛ kiɾiɲ-a,2PL TOP watch buy-FIN but food NEG-2PL buy-FIN,"You all will buy the watch, but do not buy the food."
synthetic_see_paradigm.eaf,1003,2119327,2121627,uni d̪ɔ bəndki bai̯ ɲɛla,uni d̪ɔ bəndki ba-i̯ ɲɛl-a,3SG.ANIM TOP mortgage NEG-3SG.ANIM see-FIN,He/she does not see the mortgage.
synthetic_bangla_glossed.eaf,1004,2121627,2123817,apɛ d̪ɔ ʈaka ɲama,apɛ d̪ɔ ʈaka ɲam-a,2PL TOP money get-FIN,You all will get the money.
synthetic_see_paradigm.eaf,1005,2123817,2125032,amɛm paɽha͡o̯ɛd̪a,am-ɛm paɽha͡o̯-ɛ-d̪a,2SG-2SG study-PROG-FIN,You is studying.
synthetic_school_dialogue_glossed.eaf,1006,2125032,2127904,t̪eheɲɾɛ iɲ bedna ɲɛlkat̪ɛ ɟɔlaɾɛ kɘmia,t̪eheɲ-ɾɛ iɲ bedna ɲɛl-kat̪ɛ ɟɔla-ɾɛ kɘmi-a,today-LOC 1SG grief see-CVB lake-LOC work-FIN,"Today, I see the grief and then work in the lake."
synthetic_texts_glossed.eaf,1007,2127904,2129569,aɾoɳʈ d̪ɔ nɔwaa,aɾoɳʈ d̪ɔ nɔwa-a,warrant TOP new-FIN,The warrant is new.
synthetic_texts_glossed.eaf,1008,2129569,2131202,iskulɾɛ at̪o menaa,iskul-ɾɛ at̪o mena-a,school-LOC village exist-FIN,There is a village in the school.
synthetic_paradigm_glossed.eaf,1009,2131202,2132759,alɛlɛ hɔɽ gɔɽɔkeda,alɛ-lɛ hɔɽ gɔɽɔ-ked-a,1PL.EXCL-1PL.EXCL person help-PST-FIN,We helped the person.
synthetic_see_paradigm.eaf,1010,2132759,2133962,oŋkoko gat̪eɛd̪a,oŋko-ko gat̪e-ɛ-d̪a,3PL.ANIM-3PL.ANIM play-PROG-FIN,They are playing.
synthetic_texts_glossed.eaf,1011,2133962,2135500,bʰusə d̪ɔ ɟɘɾuɽa,bʰusə d̪ɔ ɟɘɾuɽ-a,chaff TOP important-FIN,The chaff is important.
synthetic_new_glossed.eaf,1012,2135500,2137611,am d̪ɔ bʰaʈa ɲɛlakada,am d̪ɔ bʰaʈa ɲɛl-akad-a,2SG TOP furnace see-PRF-FIN,You have seen the furnace.
synthetic_new_glossed_3.eaf,1013,2137611,2139854,mit̪ʔʈɛn ajo d̪ɔ sɔhɔɽɾɛ menaa,mit̪ʔ-ʈɛn ajo d̪ɔ sɔhɔɽ-ɾɛ mena-a,one-CLF.HUM mother TOP town-LOC exist-FIN,One mother is in the town.
synthetic_school_dialogue_glossed.eaf,1014,2139854,2142598,ɔkt̪ɛɾɛ uni haku ɟɔmkat̪ɛ ɟɔlaɾɛ kɘmia,ɔkt̪ɛ-ɾɛ uni haku ɟɔm-kat̪ɛ ɟɔla-ɾɛ kɘmi-a,time-LOC 3SG.ANIM fish eat-CVB lake-LOC work-FIN,"At that time, he/she eat the fish and then work in the lake."
synthetic_school_dialogue_glossed.eaf,1015,2142598,2145393,sɛt̪aʔɾɛ alɛ d̪aʔ ɲukat̪ɛ sɔhɔɽɾɛ gat̪ea,sɛt̪aʔ-ɾɛ alɛ d̪aʔ ɲu-kat̪ɛ sɔhɔɽ-ɾɛ gat̪e-a,morning-LOC 1PL.EXCL water drink-CVB town-LOC play-FIN,"In the morning, we drink the water and then play in the town."
synthetic_texts_glossed.eaf,1016,2145393,2147068,ao̯tanɾɛ ɟɔla menaa,ao̯tan-ɾɛ ɟɔla mena-a,covert-LOC lake exist-FIN,There is a lake in the covert.
synthetic_imperatives_glossed.eaf,1017,2147068,2148966,d̪a.ja kat̪ɛ ɟɔlaɾɛ hiɟuʔmɛ,d̪a.ja kat̪ɛ ɟɔla-ɾɛ hiɟuʔ-mɛ,please Manner lake-LOC come-IMP.2SG.POL,Please come to the lake.
synthetic_texts_glossed.eaf,1018,2148966,2150580,əjup̕ pajaɾ d̪ɔ ɟɘɾuɽa,əjup̕ pajaɾ d̪ɔ ɟɘɾuɽ-a,eventide TOP important-FIN,The eventide is important.
synthetic_bangla_glossed.eaf,1019,2150580,2153421,iɲ d̪ɔ bəɖʰi aɾ bembʰa ɲɛla,iɲ d̪ɔ bəɖʰi aɾ bembʰa ɲɛl-a,1SG TOP carpenter and muff see-FIN,I will see the carpenter and the muff.
synthetic_texts_glossed.eaf,1020,2153421,2154932,at̪oɾɛ əguə̯daɾ menaa,at̪o-ɾɛ əguə̯daɾ mena-a,village-LOC forerunner exist-FIN,There is a forerunner in the village.
synthetic_texts_glossed.eaf,1021,2154932,2156698,ao̯tanɾɛ alao̯ menaa,ao̯tan-ɾɛ alao̯ mena-a,covert-LOC beating exist-FIN,There is a beating in the covert.
synthetic_paradigm_glossed.eaf,1022,2156698,2158630,alɛaʔ badgot͡ʃak̕ d̪ɔ nɔwaa,alɛ-aʔ badgot͡ʃak̕ d̪ɔ nɔwa-a,1PL.EXCL-GEN fern TOP new-FIN,Our fern is new.
synthetic_school_dialogue_glossed.eaf,1023,2158630,2161397,ɔkt̪ɛɾɛ uni t̪o̯͡a ɲukat̪ɛ gaɖaɾɛ gat̪ea,ɔkt̪ɛ-ɾɛ uni t̪o̯͡a ɲu-kat̪ɛ gaɖa-ɾɛ gat̪e-a,time-LOC 3SG.ANIM milk drink-CVB river-LOC play-FIN,"At that time, he/she drink the milk and then play in the river."
synthetic_see_paradigm.eaf,1024,2161397,2162756,unii̯ kiɾiɲɛd̪a,uni-i̯ kiɾiɲ-ɛ-d̪a,3SG.ANIM-3SG.ANIM buy-PROG-FIN,He/she is buying.
synthetic_new_glossed.eaf,1025,2162756,2164642,oŋko d̪ɔ hɔɽ gɔɽɔakada,oŋko d̪ɔ hɔɽ gɔɽɔ-akad-a,3PL.ANIM TOP person help-PRF-FIN,They have helped the person.
synthetic_see_paradigm.eaf,1026,2164642,2166058,alɛlɛ gɔc̚ʔɛd̪a,alɛ-lɛ gɔc̚ʔ-ɛ-d̪a,1PL.EXCL-1PL.EXCL die-PROG-FIN,We are dying.
synthetic_school_dialogue_glossed.eaf,1027,2166058,2168746,sɛt̪aʔɾɛ iɲ haku kiɾiɲkat̪ɛ at̪oɾɛ kɘmia,sɛt̪aʔ-ɾɛ iɲ haku kiɾiɲ-kat̪ɛ at̪o-ɾɛ kɘmi-a,morning-LOC 1SG fish buy-CVB village-LOC work-FIN,"In the morning, I buy the fish and then work in the village."
synthetic_bangla_glossed.eaf,1028,2168746,2171387,iɲ d̪ɔ d̪aʔ aɾ t̪o̯͡a ɲua,iɲ d̪ɔ d̪aʔ aɾ t̪o̯͡a ɲu-a,1SG TOP water and milk drink-FIN,I will drink the water and the milk.
synthetic_texts_glossed.eaf,1029,2171387,2173141,bedin d̪ɔ nɔwaa,bedin d̪ɔ nɔwa-a,heathen TOP new-FIN,The heathen is new.
synthetic_texts_glossed.eaf,1030,2173141,2174991,alaŋ d̪ɔ mɔ̃ɟa,alaŋ d̪ɔ mɔ̃ɟ-a,tongue TOP good-FIN,The tongue is good.
synthetic_new_glossed_3.eaf,1031,2174991,2177362,mit̪ʔʈɛn bɔ͡i̯ha d̪ɔ sɔhɔɽɾɛ menaa,mit̪ʔ-ʈɛn bɔ͡i̯ha d̪ɔ sɔhɔɽ-ɾɛ mena-a,one-CLF.HUM brother TOP town-LOC exist-FIN,One brother is in the town.
synthetic_dialogues_glossed.eaf,1032,2177362,2180984,oŋko d̪ɔ kat̪ʰa paɽha͡o̯a mɛnkʰan sikʰnɘt̪ bako paɽha͡o̯a,oŋko d̪ɔ kat̪ʰa paɽha͡o̯-a mɛnkʰan sikʰnɘt̪ ba-ko paɽha͡o̯-a,3PL.ANIM TOP word study-FIN but lesson NEG-3PL.ANIM study-FIN,"They will study the word, but do not study the lesson."
synthetic_new_glossed_3.eaf,1033,2180984,2183488,mit̪ʔʈɛn gɔgɔ d̪ɔ ɟɔlaɾɛ menaa,mit̪ʔ-ʈɛn gɔgɔ d̪ɔ ɟɔla-ɾɛ mena-a,one-CLF.HUM mother TOP lake-LOC exist-FIN,One mother is in the lake.
synthetic_texts_glossed.eaf,1034,2183488,2185207,gaɖaɾɛ pɔɾɔb menaa,gaɖa-ɾɛ pɔɾɔb mena-a,river-LOC festival exist-FIN,There is a festival in the river.
synthetic_bangla_glossed.eaf,1035,2185207,2187361,alɛ d̪ɔ ɟɔmaʔ kiɾiɲa,alɛ d̪ɔ ɟɔmaʔ kiɾiɲ-a,1PL.EXCL TOP food buy-FIN,We will buy the food.
synthetic_see_paradigm.eaf,1036,2187361,2188781,unii̯ calaʔɛd̪a,uni-i̯ calaʔ-ɛ-d̪a,3SG.ANIM-3SG.ANIM go-PROG-FIN,He/she is going.
synthetic_texts_glossed.eaf,1037,2188781,2190437,bidʰuə̯ d̪ɔ lɘʈua,bidʰuə̯ d̪ɔ lɘʈu-a,bastard TOP small-FIN,The bastard is small.
synthetic_school_dialogue_glossed.eaf,1038,2190437,2193295,sɛt̪aʔɾɛ alɛ ban ɲɛlkat̪ɛ ɟɔlaɾɛ kɘmia,sɛt̪aʔ-ɾɛ alɛ ban ɲɛl-kat̪ɛ ɟɔla-ɾɛ kɘmi-a,morning-LOC 1PL.EXCL sorcery see-CVB lake-LOC work-FIN,"In the morning, we see the sorcery and then work in the lake."
synthetic_school_dialogue_glossed.eaf,1039,2193295,2195983,ɔkt̪ɛɾɛ alɛ gʰuɽi kiɾiɲkat̪ɛ sɔhɔɽɾɛ gat̪ea,ɔkt̪ɛ-ɾɛ alɛ gʰuɽi kiɾiɲ-kat̪ɛ sɔhɔɽ-ɾɛ gat̪e-a,time-LOC 1PL.EXCL watch buy-CVB town-LOC play-FIN,"At that time, we buy the watch and then play in the town."
synthetic_texts_glossed.eaf,1040,2195983,2197530,iskulɾɛ bʰelguɖa menaa,iskul-ɾɛ bʰelguɖa mena-a,school-LOC game exist-FIN,There is a game in the school.
synthetic_paradigm_glossed.eaf,1041,2197530,2199475,oŋkoaʔ ʈaka d̪ɔ ɟɘɾuɽa,oŋko-aʔ ʈaka d̪ɔ ɟɘɾuɽ-a,3PL-GEN money TOP important-FIN,Their money is important.
synthetic_texts_glossed.eaf,1042,2199475,2201024,mɔbaĭl pʰon d̪ɔ mɔ̃ɟa,mɔbaĭl pʰon d̪ɔ mɔ̃ɟ-a,mobile.phone TOP good-FIN,The mobile phone is good.
synthetic_texts_glossed.eaf,1043,2201024,2202742,ʈaka d̪ɔ ɟɘɾuɽa,ʈaka d̪ɔ ɟɘɾuɽ-a,money TOP important-FIN,The money is important.
synthetic_see_paradigm.eaf,1044,2202742,2204980,iɲ d̪ɔ kat̪ʰa bɘɲ ɔlɔʔa,iɲ d̪ɔ kat̪ʰa bɘ-ɲ ɔlɔʔ-a,1SG TOP word NEG-1SG write-FIN,I do not write the word.
synthetic_paradigm_glossed.eaf,1045,2204980,2206918,amaʔ t̪i d̪ɔ sapʰaa,am-aʔ t̪i d̪ɔ sapʰa-a,2SG-GEN hand TOP clean-FIN,Your hand is clean.
synthetic_texts_glossed.eaf,1046,2206918,2208671,iskulɾɛ at͡ʃaɾ menaa,iskul-ɾɛ at͡ʃaɾ mena-a,school-LOC customs exist-FIN,There is a customs in the school.
synthetic_paradigm_glossed.eaf,1047,2208671,2210868,apɛaʔ ae̯t d̪ɔ mɔ̃ɟa,apɛ-aʔ ae̯t d̪ɔ mɔ̃ɟ-a,2PL-GEN verse TOP good-FIN,Your verse is good.
synthetic_see_paradigm.eaf,1048,2210868,2213376,am d̪ɔ pɘɾsi bam ɔlɔʔa,am d̪ɔ pɘɾsi ba-m ɔlɔʔ-a,2SG TOP language NEG-2SG write-FIN,You do not write the language.
synthetic_texts_glossed.eaf,1049,2213376,2215061,aɖe ʈolaɾɛ bʰuku menaa,aɖe ʈola-ɾɛ bʰuku mena-a,vicinity-LOC termite exist-FIN,There is a termite in the vicinity.
synthetic_paradigm_glossed.eaf,1050,2215061,2216810,amɛm mɔbaĭl pʰon ɘkʰɾiɲkeda,am-ɛm mɔbaĭl pʰon ɘkʰɾiɲ-ked-a,2SG-2SG mobile.phone sell-PST-FIN,You sold the mobile phone.
synthetic_texts_glossed.eaf,1051,2216810,2218345,d̪aʔ d̪ɔ sibila,d̪aʔ d̪ɔ sibil-a,water TOP tasty-FIN,The water is tasty.
synthetic_texts_glossed.eaf,1052,2218345,2219949,basɾɛ bəd͡ʒniə̯ menaa,bas-ɾɛ bəd͡ʒniə̯ mena-a,dwelling.place-LOC gossiping exist-FIN,There is a gossiping in the dwelling place.
synthetic_dialogues_glossed.eaf,1053,2219949,2223355,alɛ d̪ɔ sikʰnɘt̪ paɽha͡o̯a mɛnkʰan pɘɾsi balɛ paɽha͡o̯a,alɛ d̪ɔ sikʰnɘt̪ paɽha͡o̯-a mɛnkʰan pɘɾsi ba-lɛ paɽha͡o̯-a,1PL.EXCL TOP lesson study-FIN but language NEG-1PL.EXCL study-FIN,"We will study the lesson, but do not study the language."
synthetic_texts_glossed.eaf,1054,2223355,2224890,bʰə̃t d̪ɔ nɔwaa,bʰə̃t d̪ɔ nɔwa-a,kinds TOP new-FIN,The kinds is new.
synthetic_paradigm_glossed.eaf,1055,2224890,2226404,alɛlɛ d̪aʔ ɲukeda,alɛ-lɛ d̪aʔ ɲu-ked-a,1PL.EXCL-1PL.EXCL water drink-PST-FIN,We drank the water.
synthetic_texts_glossed.eaf,1056,2226404,2228143,bʰugək̕ɾɛ muc̚ʔ menaa,bʰugək̕-ɾɛ muc̚ʔ mena-a,cave-LOC ant exist-FIN,There is an ant in the cave.
synthetic_texts_glossed.eaf,1057,2228143,2229826,ao̯tanɾɛ sɔhɔɽ menaa,ao̯tan-ɾɛ sɔhɔɽ mena-a,covert-LOC town exist-FIN,There is a town in the covert.
synthetic_school_dialogue_glossed.eaf,1058,2229826,2232639,ɔkt̪ɛɾɛ iɲ pɘɾsi ɔlɔʔkat̪ɛ kuɲɾɛ kɘmia,ɔkt̪ɛ-ɾɛ iɲ pɘɾsi ɔlɔʔ-kat̪ɛ kuɲ-ɾɛ kɘmi-a,time-LOC 1SG language write-CVB well-LOC work-FIN,"At that time, I write the language and then work in the well."
synthetic_texts_glossed.eaf,1059,2232639,2234326,bilətɾɛ t̪o̯͡a menaa,bilət-ɾɛ t̪o̯͡a mena-a,england-LOC milk exist-FIN,There is a milk in the england.
synthetic_texts_glossed.eaf,1060,2234326,2236011,basɾɛ əɾsi menaa,bas-ɾɛ əɾsi mena-a,dwelling.place-LOC mirror exist-FIN,There is a mirror in the dwelling place.
synthetic_texts_glossed.eaf,1061,2236011,2237668,ɟɔlaɾɛ əɾsi menaa,ɟɔla-ɾɛ əɾsi mena-a,lake-LOC mirror exist-FIN,There is a mirror in the lake.
synthetic_school_dialogue_glossed.eaf,1062,2237668,2240543,sɛt̪aʔɾɛ alɛ pɘɾsi paɽha͡o̯kat̪ɛ ɟɔlaɾɛ gat̪ea,sɛt̪aʔ-ɾɛ alɛ pɘɾsi paɽha͡o̯-kat̪ɛ ɟɔla-ɾɛ gat̪e-a,morning-LOC 1PL.EXCL language study-CVB lake-LOC play-FIN,"In the morning, we study the language and then play in the lake."
synthetic_see_paradigm.eaf,1063,2240543,2242841,iɲ d̪ɔ gʰuɽi bɘɲ ɘkʰɾiɲa,iɲ d̪ɔ gʰuɽi bɘ-ɲ ɘkʰɾiɲ-a,1SG TOP watch NEG-1SG sell-FIN,I do not sell the watch.
synthetic_texts_glossed.eaf,1064,2242841,2244638,bʰugək̕ɾɛ bemblaha menaa,bʰugək̕-ɾɛ bemblaha mena-a,cave-LOC fool exist-FIN,There is a fool in the cave.
synthetic_dialogues_glossed.eaf,1065,2244638,2247998,uni d̪ɔ bat͡ʃʰɽa ɲɛla mɛnkʰan bʰad bai̯ ɲɛla,uni d̪ɔ bat͡ʃʰɽa ɲɛl-a mɛnkʰan bʰad ba-i̯ ɲɛl-a,3SG.ANIM TOP lad see-FIN but love NEG-3SG.ANIM see-FIN,"He/she will see the lad, but does not see the love."
synthetic_see_paradigm.eaf,1066,2247998,2249385,amɛm ɾaːgɛd̪a,am-ɛm ɾaːg-ɛ-d̪a,2SG-2SG sound-PROG-FIN,You is sounding.
synthetic_paradigm_glossed.eaf,1067,2249385,2251486,oŋkoaʔ bata d̪ɔ sapʰaa,oŋko-aʔ bata d̪ɔ sapʰa-a,3PL-GEN lattice.work TOP clean-FIN,Their lattice work is clean.
synthetic_dialogues_glossed.eaf,1068,2251486,2254962,iɲ d̪ɔ gʰuɽi kiɾiɲa mɛnkʰan haku bɘɲ kiɾiɲa,iɲ d̪ɔ gʰuɽi kiɾiɲ-a mɛnkʰan haku bɘ-ɲ kiɾiɲ-a,1SG TOP watch buy-FIN but fish NEG-1SG buy-FIN,"I will buy the watch, but do not buy the fish."
synthetic_bangla_glossed.eaf,1069,2254962,2257860,alɛ d̪ɔ gʰuɽi aɾ mɔbaĭl pʰon kiɾiɲa,alɛ d̪ɔ gʰuɽi aɾ mɔbaĭl pʰon kiɾiɲ-a,1PL.EXCL TOP watch and mobile.phone buy-FIN,We will buy the watch and the mobile phone.
synthetic_see_paradigm.eaf,1070,2257860,2260298,am d̪ɔ kat̪ʰa bam ɔlɔʔa,am d̪ɔ kat̪ʰa ba-m ɔlɔʔ-a,2SG TOP word NEG-2SG write-FIN,You do not write the word.
synthetic_texts_glossed.eaf,1071,2260298,2262003,ən sunduk d̪ɔ ɟɘɾuɽa,ən sunduk d̪ɔ ɟɘɾuɽ-a,ark.of.the TOP important-FIN,The ark of the covenant is important.
synthetic_see_paradigm.eaf,1072,2262003,2264403,alɛ d̪ɔ pɘɾsi balɛ ɔlɔʔa,alɛ d̪ɔ pɘɾsi ba-lɛ ɔlɔʔ-a,1PL.EXCL TOP language NEG-1PL.EXCL write-FIN,We do not write the language.
synthetic_dialogues_glossed.eaf,1073,2264403,2268025,alɛ d̪ɔ pɘɾsi ɾɔɽa mɛnkʰan kat̪ʰa balɛ ɾɔɽa,alɛ d̪ɔ pɘɾsi ɾɔɽ-a mɛnkʰan kat̪ʰa ba-lɛ ɾɔɽ-a,1PL.EXCL TOP language speak-FIN but word NEG-1PL.EXCL speak-FIN,"We will speak the language, but do not speak the word."
synthetic_bangla_glossed.eaf,1074,2268025,2270037,alɛ d̪ɔ pɘɾsi paɽha͡o̯a,alɛ d̪ɔ pɘɾsi paɽha͡o̯-a,1PL.EXCL TOP language study-FIN,We will study the language.
synthetic_school_dialogue_glossed.eaf,1075,2270037,2272745,ɔkt̪ɛɾɛ iɲ ɟɔmaʔ kiɾiɲkat̪ɛ kuɲɾɛ gat̪ea,ɔkt̪ɛ-ɾɛ iɲ ɟɔmaʔ kiɾiɲ-kat̪ɛ kuɲ-ɾɛ gat̪e-a,time-LOC 1SG food buy-CVB well-LOC play-FIN,"At that time, I buy the food and then play in the well."
synthetic_bangla_glossed.eaf,1076,2272745,2275488,oŋko d̪ɔ d̪aʔ aɾ t̪o̯͡a ɲua,oŋko d̪ɔ d̪aʔ aɾ t̪o̯͡a ɲu-a,3PL.ANIM TOP water and milk drink-FIN,They will drink the water and the milk.
synthetic_bangla_glossed.eaf,1077,2275488,2278329,apɛ d̪ɔ d̪aʔ aɾ t̪o̯͡a ɲua,apɛ d̪ɔ d̪aʔ aɾ t̪o̯͡a ɲu-a,2PL TOP water and milk drink-FIN,You all will drink the water and the milk.
synthetic_imperatives_glossed.eaf,1078,2278329,2280405,d̪a.ja kat̪ɛ kuɲɾɛ d̪uɽup̚ʔmɛ,d̪a.ja kat̪ɛ kuɲ-ɾɛ d̪uɽup̚ʔ-mɛ,please Manner well-LOC sit-IMP.2SG.POL,Please sit in the well.
synthetic_paradigm_glossed.eaf,1079,2280405,2282233,amɛm ɟɔmaʔ kiɾiɲkeda,am-ɛm ɟɔmaʔ kiɾiɲ-ked-a,2SG-2SG food buy-PST-FIN,You bought the food.
synthetic_see_paradigm.eaf,1080,2282233,2284600,oŋko d̪ɔ kat̪ʰa bako paɽha͡o̯a,oŋko d̪ɔ kat̪ʰa ba-ko paɽha͡o̯-a,3PL.ANIM TOP word NEG-3PL.ANIM study-FIN,They do not study the word.
synthetic_texts_glossed.eaf,1081,2284600,2286195,gaɖaɾɛ adpakolia menaa,gaɖa-ɾɛ adpakolia mena-a,river-LOC premature.birth exist-FIN,There is a premature birth in the river.
synthetic_texts_glossed.eaf,1082,2286195,2287973,bəteɾɛ sɔhɔɽ menaa,bəte-ɾɛ sɔhɔɽ mena-a,courtyard.of.house-LOC town exist-FIN,There is a town in the courtyard of house.
synthetic_paradigm_glossed.eaf,1083,2287973,2289890,oŋkoaʔ əʈi d̪ɔ mɔ̃ɟa,oŋko-aʔ əʈi d̪ɔ mɔ̃ɟ-a,3PL-GEN bundle TOP good-FIN,Their bundle is good.
synthetic_see_paradigm.eaf,1084,2289890,2292266,uni d̪ɔ haku bai̯ kiɾiɲa,uni d̪ɔ haku ba-i̯ kiɾiɲ-a,3SG.ANIM TOP fish NEG-3SG.ANIM buy-FIN,He/she does not buy the fish.
synthetic_new_glossed_3.eaf,1085,2292266,2294563,mit̪ʔʈɛn gɔgɔ d̪ɔ at̪oɾɛ menaa,mit̪ʔ-ʈɛn gɔgɔ d̪ɔ at̪o-ɾɛ mena-a,one-CLF.HUM mother TOP village-LOC exist-FIN,One mother is in the village.
synthetic_texts_glossed.eaf,1086,2294563,2296133,bəhiɾ bəi̯ d̪ɔ ɟɘɾuɽa,bəhiɾ bəi̯ d̪ɔ ɟɘɾuɽ-a,deafness TOP important-FIN,The deafness is important.
synthetic_see_paradigm.eaf,1087,2296133,2298549,uni d̪ɔ kat̪ʰa bai̯ ɾɔɽa,uni d̪ɔ kat̪ʰa ba-i̯ ɾɔɽ-a,3SG.ANIM TOP word NEG-3SG.ANIM speak-FIN,He/she does not speak the word.
synthetic_paradigm_glossed.eaf,1088,2298549,2300748,uniaʔ baba d̪ɔ ɾɘskɘa,uni-aʔ baba d̪ɔ ɾɘskɘ-a,3SG-GEN father TOP happy-FIN,His/her father is happy.
synthetic_texts_glossed.eaf,1089,2300748,2302443,bilənɾɛ bɛtɔn menaa,bilən-ɾɛ bɛtɔn mena-a,wide.expanse.of-LOC pay exist-FIN,There is a pay in the wide expanse of land.
synthetic_paradigm_glossed.eaf,1090,2302443,2304511,apɛaʔ ɟɔla d̪ɔ nɔwaa,apɛ-aʔ ɟɔla d̪ɔ nɔwa-a,2PL-GEN lake TOP new-FIN,Your lake is new.
synthetic_paradigm_glossed.eaf,1091,2304511,2306309,unii̯ baba gɔɽɔkeda,uni-i̯ baba gɔɽɔ-ked-a,3SG.ANIM-3SG.ANIM father help-PST-FIN,He/she helped the father.
synthetic_dialogues_glossed.eaf,1092,2306309,2309958,iɲ d̪ɔ ɔkt̪ɛ ɲɛla mɛnkʰan beɽband bɘɲ ɲɛla,iɲ d̪ɔ ɔkt̪ɛ ɲɛl-a mɛnkʰan beɽband bɘ-ɲ ɲɛl-a,1SG TOP time see-FIN but girth NEG-1SG see-FIN,"I will see the time, but do not see the girth."
synthetic_texts_glossed.eaf,1093,2309958,2311751,kuɲɾɛ bʰaʈa menaa,kuɲ-ɾɛ bʰaʈa mena-a,well-LOC furnace exist-FIN,There is a furnace in the well.
synthetic_bangla_glossed.eaf,1094,2311751,2313642,iɲ d̪ɔ gʰuɽi kiɾiɲa,iɲ d̪ɔ gʰuɽi kiɾiɲ-a,1SG TOP watch buy-FIN,I will buy the watch.
synthetic_texts_glossed.eaf,1095,2313642,2315462,bʰoɾi d̪ɔ mɔ̃ɟa,bʰoɾi d̪ɔ mɔ̃ɟ-a,one.tola TOP good-FIN,The one tola is good.
synthetic_paradigm_glossed.eaf,1096,2315462,2317444,oŋkoaʔ ãʈɾe d̪ɔ mɔ̃ɟa,oŋko-aʔ ãʈɾe d̪ɔ mɔ̃ɟ-a,3PL-GEN period TOP good-FIN,Their period is good.
synthetic_bangla_glossed.eaf,1097,2317444,2319385,am d̪ɔ gʰuɽi ɲɛla,am d̪ɔ gʰuɽi ɲɛl-a,2SG TOP watch see-FIN,You will see the watch.
synthetic_bangla_glossed.eaf,1098,2319385,2321387,oŋko d̪ɔ ɲɛlɛɾasa ɟɔma,oŋko d̪ɔ ɲɛlɛɾasa ɟɔm-a,3PL.ANIM TOP honey eat-FIN,They will eat the honey.
synthetic_dialogues_glossed.eaf,1099,2321387,2323512,sikʰnɘt̪ d̪ɔ ɔkaɾɛ menaa,sikʰnɘt̪ d̪ɔ ɔka-ɾɛ mena-a,lesson TOP where-LOC exist-FIN,Where is the lesson?
synthetic_texts_glossed.eaf,1100,2323512,2325361,bat d̪ɔ nɔwaa,bat d̪ɔ nɔwa-a,rheumatism TOP new-FIN,The rheumatism is new.
synthetic_new_glossed_3.eaf,1101,2325361,2327732,mit̪ʔʈɛn baskitiə̯ d̪ɔ at̪oɾɛ menaa,mit̪ʔ-ʈɛn baskitiə̯ d̪ɔ at̪o-ɾɛ mena-a,one-CLF.HUM inhabitant TOP village-LOC exist-FIN,One inhabitant is in the village.
synthetic_texts_glossed.eaf,1102,2327732,2329388,band d̪ɔ sapʰaa,band d̪ɔ sapʰa-a,embankment TOP clean-FIN,The embankment is clean.
synthetic_school_dialogue_glossed.eaf,1103,2329388,2332146,ɔkt̪ɛɾɛ oŋko kat̪ʰa paɽha͡o̯kat̪ɛ sɔhɔɽɾɛ gat̪ea,ɔkt̪ɛ-ɾɛ oŋko kat̪ʰa paɽha͡o̯-kat̪ɛ sɔhɔɽ-ɾɛ gat̪e-a,time-LOC 3PL.ANIM word study-CVB town-LOC play-FIN,"At that time, they study the word and then play in the town."
synthetic_dialogues_glossed.eaf,1104,2332146,2334191,ɖak̚t̪aɾ d̪ɔ ɔkaɾɛ menaa,ɖak̚t̪aɾ d̪ɔ ɔka-ɾɛ mena-a,doctor TOP where-LOC exist-FIN,Where is the doctor?
synthetic_paradigm_glossed.eaf,1105,2334191,2336041,iɲiɲ bʰatoɽ ɲɛlkeda,iɲ-iɲ bʰatoɽ ɲɛl-ked-a,1SG-1SG boar see-PST-FIN,I saw the boar.
synthetic_texts_glossed.eaf,1106,2336041,2337579,akao̯na d̪ɔ nɔwaa,akao̯na d̪ɔ nɔwa-a,shrub TOP new-FIN,The shrub is new.
synthetic_texts_glossed.eaf,1107,2337579,2339338,bəɖɾə d̪ɔ nɔwaa,bəɖɾə d̪ɔ nɔwa-a,residue TOP new-FIN,The residue is new.
synthetic_paradigm_glossed.eaf,1108,2339338,2341403,apɛaʔ ɟɔmaʔ d̪ɔ sapʰaa,apɛ-aʔ ɟɔmaʔ d̪ɔ sapʰa-a,2PL-GEN food TOP clean-FIN,Your food is clean.
synthetic_texts_glossed.eaf,1109,2341403,2343023,ao̯tanɾɛ bʰãoɾa menaa,ao̯tan-ɾɛ bʰãoɾa mena-a,covert-LOC brace.for.boring exist-FIN,There is a brace for boring in the covert.
synthetic_bangla_glossed.eaf,1110,2343023,2345838,apɛ d̪ɔ haku aɾ ɲɛlɛɾasa ɟɔma,apɛ d̪ɔ haku aɾ ɲɛlɛɾasa ɟɔm-a,2PL TOP fish and honey eat-FIN,You all will eat the fish and the honey.
synthetic_school_dialogue_glossed.eaf,1111,2345838,2348749,t̪eheɲɾɛ am pɘɾsi ɔlɔʔkat̪ɛ iskulɾɛ kɘmia,t̪eheɲ-ɾɛ am pɘɾsi ɔlɔʔ-kat̪ɛ iskul-ɾɛ kɘmi-a,today-LOC 2SG language write-CVB school-LOC work-FIN,"Today, you write the language and then work in the school."
synthetic_bangla_glossed.eaf,1112,2348749,2351606,oŋko d̪ɔ haku aɾ ɲɛlɛɾasa ɟɔma,oŋko d̪ɔ haku aɾ ɲɛlɛɾasa ɟɔm-a,3PL.ANIM TOP fish and honey eat-FIN,They will eat the fish and the honey.
synthetic_paradigm_glossed.eaf,1113,2351606,2353682,iɲaʔ gaɖa d̪ɔ ɟɘɾuɽa,iɲ-aʔ gaɖa d̪ɔ ɟɘɾuɽ-a,1SG-GEN river TOP important-FIN,My river is important.
synthetic_new_glossed.eaf,1114,2353682,2355879,oŋko d̪ɔ gid̪ɾɘ gɔɽɔakada,oŋko d̪ɔ gid̪ɾɘ gɔɽɔ-akad-a,3PL.ANIM TOP child help-PRF-FIN,They have helped the child.
synthetic_imperatives_glossed.eaf,1115,2355879,2358045,d̪a.ja kat̪ɛ sɔhɔɽɾɛ d̪uɽup̚ʔmɛ,d̪a.ja kat̪ɛ sɔhɔɽ-ɾɛ d̪uɽup̚ʔ-mɛ,please Manner town-LOC sit-IMP.2SG.POL,Please sit in the town.
synthetic_new_glossed_3.eaf,1116,2358045,2360276,mit̪ʔʈɛn muc̚ʔ d̪ɔ kuɲɾɛ menaa,mit̪ʔ-ʈɛn muc̚ʔ d̪ɔ kuɲ-ɾɛ mena-a,one-CLF.HUM ant TOP well-LOC exist-FIN,One ant is in the well.
synthetic_see_paradigm.eaf,1117,2360276,2361453,oŋkoko ɲɛlɛd̪a,oŋko-ko ɲɛl-ɛ-d̪a,3PL.ANIM-3PL.ANIM see-PROG-FIN,They are seeing.
synthetic_paradigm_glossed.eaf,1118,2361453,2363336,amaʔ bele botke d̪ɔ sibila,am-aʔ bele botke d̪ɔ sibil-a,2SG-GEN yolk.of.egg TOP tasty-FIN,Your yolk of egg is tasty.
synthetic_texts_glossed.eaf,1119,2363336,2364995,sɔhɔɽɾɛ bad͡ʒʰəni menaa,sɔhɔɽ-ɾɛ bad͡ʒʰəni mena-a,town-LOC bearer.of.tales exist-FIN,There is a bearer of tales in the town.
synthetic_dialogues_glossed.eaf,1120,2364995,2368554,am d̪ɔ ɟɔmaʔ ɘkʰɾiɲa mɛnkʰan gʰuɽi bam ɘkʰɾiɲa,am d̪ɔ ɟɔmaʔ ɘkʰɾiɲ-a mɛnkʰan gʰuɽi ba-m ɘkʰɾiɲ-a,2SG TOP food sell-FIN but watch NEG-2SG sell-FIN,"You will sell the food, but do not sell the watch."
synthetic_texts_glossed.eaf,1121,2368554,2370331,at̪oɾɛ pusi menaa,at̪o-ɾɛ pusi mena-a,village-LOC cat exist-FIN,There is a cat in the village.
synthetic_texts_glossed.eaf,1122,2370331,2372179,bɛtɔn d̪ɔ sapʰaa,bɛtɔn d̪ɔ sapʰa-a,pay TOP clean-FIN,The pay is clean.
synthetic_school_dialogue_glossed.eaf,1123,2372179,2374792,ɔkt̪ɛɾɛ oŋko sikʰnɘt̪ paɽha͡o̯kat̪ɛ ɔɽaʔɾɛ gat̪ea,ɔkt̪ɛ-ɾɛ oŋko sikʰnɘt̪ paɽha͡o̯-kat̪ɛ ɔɽaʔ-ɾɛ gat̪e-a,time-LOC 3PL.ANIM lesson study-CVB house-LOC play-FIN,"At that time, they study the lesson and then play in the house."
synthetic_new_glossed.eaf,1124,2374792,2376698,am d̪ɔ haku ɟɔmakada,am d̪ɔ haku ɟɔm-akad-a,2SG TOP fish eat-PRF-FIN,You have eaten the fish.
synthetic_bangla_glossed.eaf,1125,2376698,2379560,uni d̪ɔ ɲɛlɛɾasa aɾ basaŋ ɟɔma,uni d̪ɔ ɲɛlɛɾasa aɾ basaŋ ɟɔm-a,3SG.ANIM TOP honey and cooked.food eat-FIN,He/she will eat the honey and the cooked food.
synthetic_paradigm_glossed.eaf,1126,2379560,2381431,apɛaʔ bade d̪ɔ nɔwaa,apɛ-aʔ bade d̪ɔ nɔwa-a,2PL-GEN heddles.of.loom TOP new-FIN,Your heddles of loom is new.
synthetic_school_dialogue_glossed.eaf,1127,2381431,2384169,sɛt̪aʔɾɛ apɛ mɔbaĭl pʰon kiɾiɲkat̪ɛ ɟɔlaɾɛ hiɟuʔa,sɛt̪aʔ-ɾɛ apɛ mɔbaĭl pʰon kiɾiɲ-kat̪ɛ ɟɔla-ɾɛ hiɟuʔ-a,morning-LOC 2PL mobile.phone buy-CVB lake-LOC come-FIN,"In the morning, you all buy the mobile phone and then come to the lake."
synthetic_texts_glossed.eaf,1128,2384169,2386004,iskulɾɛ ɟɔmaʔ menaa,iskul-ɾɛ ɟɔmaʔ mena-a,school-LOC food exist-FIN,There is a food in the school.
synthetic_paradigm_glossed.eaf,1129,2386004,2388211,alɛaʔ seɾeɲ d̪ɔ mɔ̃ɟa,alɛ-aʔ seɾeɲ d̪ɔ mɔ̃ɟ-a,1PL.EXCL-GEN song TOP good-FIN,Our song is good.
synthetic_school_dialogue_glossed.eaf,1130,2388211,2390839,sɛt̪aʔɾɛ am pɘɾsi ɔlɔʔkat̪ɛ ɔɽaʔɾɛ calaʔa,sɛt̪aʔ-ɾɛ am pɘɾsi ɔlɔʔ-kat̪ɛ ɔɽaʔ-ɾɛ calaʔ-a,morning-LOC 2SG language write-CVB house-LOC go-FIN,"In the morning, you write the language and then go to the house."
synthetic_school_dialogue_glossed.eaf,1131,2390839,2393584,ɔkt̪ɛɾɛ am d̪aʔ ɲukat̪ɛ gaɖaɾɛ gat̪ea,ɔkt̪ɛ-ɾɛ am d̪aʔ ɲu-kat̪ɛ gaɖa-ɾɛ gat̪e-a,time-LOC 2SG water drink-CVB river-LOC play-FIN,"At that time, you drink the water and then play in the river."
synthetic_school_dialogue_glossed.eaf,1132,2393584,2396187,t̪eheɲɾɛ uni t̪o̯͡a ɲukat̪ɛ at̪oɾɛ hiɟuʔa,t̪eheɲ-ɾɛ uni t̪o̯͡a ɲu-kat̪ɛ at̪o-ɾɛ hiɟuʔ-a,today-LOC 3SG.ANIM milk drink-CVB village-LOC come-FIN,"Today, he/she drink the milk and then come to the village."
synthetic_see_paradigm.eaf,1133,2396187,2398680,iɲ d̪ɔ d̪aʔ bɘɲ ɲua,iɲ d̪ɔ d̪aʔ bɘ-ɲ ɲu-a,1SG TOP water NEG-1SG drink-FIN,I do not drink the water.
synthetic_see_paradigm.eaf,1134,2398680,2400046,amɛm t̪ɘŋgiɛd̪a,am-ɛm t̪ɘŋgi-ɛ-d̪a,2SG-2SG wait-PROG-FIN,You is waiting.
synthetic_texts_glossed.eaf,1135,2400046,2401754,bʰugək̕ɾɛ bapɔti dʰɔn menaa,bʰugək̕-ɾɛ bapɔti dʰɔn mena-a,cave-LOC heritage exist-FIN,There is a heritage in the cave.
synthetic_school_dialogue_glossed.eaf,1136,2401754,2404561,sɛt̪aʔɾɛ alɛ ɟɔmaʔ ɟɔmkat̪ɛ at̪oɾɛ gat̪ea,sɛt̪aʔ-ɾɛ alɛ ɟɔmaʔ ɟɔm-kat̪ɛ at̪o-ɾɛ gat̪e-a,morning-LOC 1PL.EXCL food eat-CVB village-LOC play-FIN,"In the morning, we eat the food and then play in the village."
synthetic_paradigm_glossed.eaf,1137,2404561,2406699,uniaʔ əguə̯daɾ d̪ɔ ɟɘɾuɽa,uni-aʔ əguə̯daɾ d̪ɔ ɟɘɾuɽ-a,3SG-GEN forerunner TOP important-FIN,His/her forerunner is important.
synthetic_school_dialogue_glossed.eaf,1138,2406699,2409410,ɔkt̪ɛɾɛ oŋko bəhumut ɲɛlkat̪ɛ ɔɽaʔɾɛ gat̪ea,ɔkt̪ɛ-ɾɛ oŋko bəhumut ɲɛl-kat̪ɛ ɔɽaʔ-ɾɛ gat̪e-a,time-LOC 3PL.ANIM diabetes see-CVB house-LOC play-FIN,"At that time, they see the diabetes and then play in the house."
synthetic_paradigm_glossed.eaf,1139,2409410,2411589,iɲaʔ seɾeɲ d̪ɔ mɔ̃ɟa,iɲ-aʔ seɾeɲ d̪ɔ mɔ̃ɟ-a,1SG-GEN song TOP good-FIN,My song is good.
synthetic_texts_glossed.eaf,1140,2411589,2413208,bɛtʰiɾ d̪ɔ mɔ̃ɟa,bɛtʰiɾ d̪ɔ mɔ̃ɟ-a,unrest TOP good-FIN,The unrest is good.
synthetic_paradigm_glossed.eaf,1141,2413208,2414853,amɛm t̪o̯͡a ɲukeda,am-ɛm t̪o̯͡a ɲu-ked-a,2SG-2SG milk drink-PST-FIN,You drank the milk.
synthetic_texts_glossed.eaf,1142,2414853,2416376,bʰəsi d̪ɔ nɔwaa,bʰəsi d̪ɔ nɔwa-a,habit TOP new-FIN,The habit is new.
synthetic_texts_glossed.eaf,1143,2416376,2418110,at͡ʃaɾ beo̯haɾ d̪ɔ sapʰaa,at͡ʃaɾ beo̯haɾ d̪ɔ sapʰa-a,conduct TOP clean-FIN,The conduct is clean.
synthetic_bangla_glossed.eaf,1144,2418110,2420955,uni d̪ɔ mɔbaĭl pʰon aɾ ɾan kiɾiɲa,uni d̪ɔ mɔbaĭl pʰon aɾ ɾan kiɾiɲ-a,3SG.ANIM TOP mobile.phone and medicine buy-FIN,He/she will buy the mobile phone and the medicine.
synthetic_texts_glossed.eaf,1145,2420955,2422589,bilənɾɛ basaŋ menaa,bilən-ɾɛ basaŋ mena-a,wide.expanse.of-LOC cooked.food exist-FIN,There is a cooked food in the wide expanse of land.
synthetic_paradigm_glossed.eaf,1146,2422589,2424134,alɛlɛ kat̪ʰa ɾɔɽkeda,alɛ-lɛ kat̪ʰa ɾɔɽ-ked-a,1PL.EXCL-1PL.EXCL word speak-PST-FIN,We spoke the word.
synthetic_bangla_glossed.eaf,1147,2424134,2426027,oŋko d̪ɔ gʰuɽi ɘkʰɾiɲa,oŋko d̪ɔ gʰuɽi ɘkʰɾiɲ-a,3PL.ANIM TOP watch sell-FIN,They will sell the watch.
synthetic_school_dialogue_glossed.eaf,1148,2426027,2428885,hɔlaɾɛ iɲ t̪o̯͡a ɲukat̪ɛ iskulɾɛ hiɟuʔa,hɔla-ɾɛ iɲ t̪o̯͡a ɲu-kat̪ɛ iskul-ɾɛ hiɟuʔ-a,yesterday-LOC 1SG milk drink-CVB school-LOC come-FIN,"Yesterday, I drink the milk and then come to the school."
synthetic_school_dialogue_glossed.eaf,1149,2428885,2431780,t̪eheɲɾɛ iɲ gʰuɽi kiɾiɲkat̪ɛ ɔɽaʔɾɛ hiɟuʔa,t̪eheɲ-ɾɛ iɲ gʰuɽi kiɾiɲ-kat̪ɛ ɔɽaʔ-ɾɛ hiɟuʔ-a,today-LOC 1SG watch buy-CVB house-LOC come-FIN,"Today, I buy the watch and then come to the house."
synthetic_new_glossed.eaf,1150,2431780,2433652,alɛ d̪ɔ kat̪ʰa ɾɔɽakada,alɛ d̪ɔ kat̪ʰa ɾɔɽ-akad-a,1PL.EXCL TOP word speak-PRF-FIN,We have spoken the word.
synthetic_texts_glossed.eaf,1151,2433652,2435332,ɔɽaʔɾɛ aɾd͡ʒon menaa,ɔɽaʔ-ɾɛ aɾd͡ʒon mena-a,house-LOC agricultural.produce exist-FIN,There is an agricultural produce in the house.
synthetic_texts_glossed.eaf,1152,2435332,2437160,bilətɾɛ bəɖʰi menaa,bilət-ɾɛ bəɖʰi mena-a,england-LOC carpenter exist-FIN,There is a carpenter in the england.
synthetic_texts_glossed.eaf,1153,2437160,2438954,bʰugək̕ɾɛ ɔkt̪ɛ menaa,bʰugək̕-ɾɛ ɔkt̪ɛ mena-a,cave-LOC time exist-FIN,There is a time in the cave.
synthetic_bangla_glossed.eaf,1154,2438954,2441110,am d̪ɔ haku ɟɔma,am d̪ɔ haku ɟɔm-a,2SG TOP fish eat-FIN,You will eat the fish.
synthetic_see_paradigm.eaf,1155,2441110,2443590,uni d̪ɔ gɔgɔ bai̯ gɔɽɔa,uni d̪ɔ gɔgɔ ba-i̯ gɔɽɔ-a,3SG.ANIM TOP mother NEG-3SG.ANIM help-FIN,He/she does not help the mother.
synthetic_texts_glossed.eaf,1156,2443590,2445231,ɟɔlaɾɛ aʈa saʈa menaa,ɟɔla-ɾɛ aʈa saʈa mena-a,lake-LOC victuals exist-FIN,There is a victuals in the lake.
synthetic_texts_glossed.eaf,1157,2445231,2446979,aɖe ʈolaɾɛ bʰapʰ menaa,aɖe ʈola-ɾɛ bʰapʰ mena-a,vicinity-LOC steam exist-FIN,There is a steam in the vicinity.
synthetic_school_dialogue_glossed.eaf,1158,2446979,2449759,sɛt̪aʔɾɛ oŋko t̪o̯͡a ɲukat̪ɛ ɟɔlaɾɛ gat̪ea,sɛt̪aʔ-ɾɛ oŋko t̪o̯͡a ɲu-kat̪ɛ ɟɔla-ɾɛ gat̪e-a,morning-LOC 3PL.ANIM milk drink-CVB lake-LOC play-FIN,"In the morning, they drink the milk and then play in the lake."
synthetic_school_dialogue_glossed.eaf,1159,2449759,2452624,sɛt̪aʔɾɛ uni kat̪ʰa ɔlɔʔkat̪ɛ kuɲɾɛ kɘmia,sɛt̪aʔ-ɾɛ uni kat̪ʰa ɔlɔʔ-kat̪ɛ kuɲ-ɾɛ kɘmi-a,morning-LOC 3SG.ANIM word write-CVB well-LOC work-FIN,"In the morning, he/she write the word and then work in the well."
synthetic_new_glossed.eaf,1160,2452624,2454829,apɛ d̪ɔ haku kiɾiɲakada,apɛ d̪ɔ haku kiɾiɲ-akad-a,2PL TOP fish buy-PRF-FIN,You all have bought the fish.
synthetic_paradigm_glossed.eaf,1161,2454829,2456650,iɲiɲ basaŋ ɟɔmkeda,iɲ-iɲ basaŋ ɟɔm-ked-a,1SG-1SG cooked.food eat-PST-FIN,I ate the cooked food.
synthetic_bangla_glossed.eaf,1162,2456650,2458555,uni d̪ɔ bʰəʈʰi ɲɛla,uni d̪ɔ bʰəʈʰi ɲɛl-a,3SG.ANIM TOP boiler see-FIN,He/she will see the boiler.
synthetic_bangla_glossed.eaf,1163,2458555,2460462,uni d̪ɔ bə̃ɽiə̯̃ ɲɛla,uni d̪ɔ bə̃ɽiə̯̃ ɲɛl-a,3SG.ANIM TOP pedlar.of.salt see-FIN,He/she will see the pedlar of salt and tobacco.
synthetic_see_paradigm.eaf,1164,2460462,2462920,iɲ d̪ɔ haku bɘɲ ɘkʰɾiɲa,iɲ d̪ɔ haku bɘ-ɲ ɘkʰɾiɲ-a,1SG TOP fish NEG-1SG sell-FIN,I do not sell the fish.
synthetic_school_dialogue_glossed.eaf,1165,2462920,2465653,t̪eheɲɾɛ uni basaŋ ɟɔmkat̪ɛ gaɖaɾɛ hiɟuʔa,t̪eheɲ-ɾɛ uni basaŋ ɟɔm-kat̪ɛ gaɖa-ɾɛ hiɟuʔ-a,today-LOC 3SG.ANIM cooked.food eat-CVB river-LOC come-FIN,"Today, he/she eat the cooked food and then come to the river."
synthetic_bangla_glossed.eaf,1166,2465653,2467840,iɲ d̪ɔ kat̪ʰa ɾɔɽa,iɲ d̪ɔ kat̪ʰa ɾɔɽ-a,1SG TOP word speak-FIN,I will speak the word.
synthetic_bangla_glossed.eaf,1167,2467840,2469914,uni d̪ɔ ɟɔmaʔ kiɾiɲa,uni d̪ɔ ɟɔmaʔ kiɾiɲ-a,3SG.ANIM TOP food buy-FIN,He/she will buy the food.
synthetic_texts_glossed.eaf,1168,2469914,2471605,bʰugək̕ɾɛ seɾeɲ menaa,bʰugək̕-ɾɛ seɾeɲ mena-a,cave-LOC song exist-FIN,There is a song in the cave.
synthetic_paradigm_glossed.eaf,1169,2471605,2473519,apɛaʔ alagd͡ʒəɽi d̪ɔ sapʰaa,apɛ-aʔ alagd͡ʒəɽi d̪ɔ sapʰa-a,2PL-GEN parasitic.plant TOP clean-FIN,Your parasitic plant is clean.
synthetic_paradigm_glossed.eaf,1170,2473519,2475529,uniaʔ hɔɽ d̪ɔ mɔ̃ɟa,uni-aʔ hɔɽ d̪ɔ mɔ̃ɟ-a,3SG-GEN person TOP good-FIN,His/her person is good.
synthetic_paradigm_glossed.eaf,1171,2475529,2477680,iɲaʔ kɘmi d̪ɔ ɟɘɾuɽa,iɲ-aʔ kɘmi d̪ɔ ɟɘɾuɽ-a,1SG-GEN work TOP important-FIN,My work is important.
synthetic_paradigm_glossed.eaf,1172,2477680,2479328,alɛlɛ pɘɾsi ɔlɔʔkeda,alɛ-lɛ pɘɾsi ɔlɔʔ-ked-a,1PL.EXCL-1PL.EXCL language write-PST-FIN,We wrote the language.
synthetic_new_glossed.eaf,1173,2479328,2481226,alɛ d̪ɔ aɾak̕ kudɾum ɲɛlakada,alɛ d̪ɔ aɾak̕ kudɾum ɲɛl-akad-a,1PL.EXCL TOP sorel see-PRF-FIN,We have seen the sorel.
synthetic_texts_glossed.eaf,1174,2481226,2482767,bʰugək̕ɾɛ ban menaa,bʰugək̕-ɾɛ ban mena-a,cave-LOC sorcery exist-FIN,There is a sorcery in the cave.
synthetic_new_glossed_3.eaf,1175,2482767,2485108,mit̪ʔʈɛn baʈ paɽ d̪ɔ gaɖaɾɛ menaa,mit̪ʔ-ʈɛn baʈ paɽ d̪ɔ gaɖa-ɾɛ mena-a,one-CLF.HUM spy TOP river-LOC exist-FIN,One spy is in the river.
synthetic_bangla_glossed.eaf,1176,2485108,2487912,am d̪ɔ haku aɾ basaŋ ɟɔma,am d̪ɔ haku aɾ basaŋ ɟɔm-a,2SG TOP fish and cooked.food eat-FIN,You will eat the fish and the cooked food.
synthetic_texts_glossed.eaf,1177,2487912,2489607,bəd d̪ɔ mɔ̃ɟa,bəd d̪ɔ mɔ̃ɟ-a,flood TOP good-FIN,The flood is good.
synthetic_see_paradigm.eaf,1178,2489607,2492163,oŋko d̪ɔ pɘɾsi bako ɔlɔʔa,oŋko d̪ɔ pɘɾsi ba-ko ɔlɔʔ-a,3PL.ANIM TOP language NEG-3PL.ANIM write-FIN,They do not write the language.
synthetic_texts_glossed.eaf,1179,2492163,2493875,bʰab d̪ɔ mɔ̃ɟa,bʰab d̪ɔ mɔ̃ɟ-a,friendship TOP good-FIN,The friendship is good.
synthetic_bangla_glossed.eaf,1180,2493875,2496709,iɲ d̪ɔ anataŋ aɾ bʰɔɽɔk ɲɛla,iɲ d̪ɔ anataŋ aɾ bʰɔɽɔk ɲɛl-a,1SG TOP receptacle and terror see-FIN,I will see the receptacle and the terror.
synthetic_school_dialogue_glossed.eaf,1181,2496709,2499509,sɛt̪aʔɾɛ alɛ kat̪ʰa ɔlɔʔkat̪ɛ at̪oɾɛ hiɟuʔa,sɛt̪aʔ-ɾɛ alɛ kat̪ʰa ɔlɔʔ-kat̪ɛ at̪o-ɾɛ hiɟuʔ-a,morning-LOC 1PL.EXCL word write-CVB village-LOC come-FIN,"In the morning, we write the word and then come to the village."
synthetic_texts_glossed.eaf,1182,2499509,2501326,basɾɛ bɔ͡i̯ha menaa,bas-ɾɛ bɔ͡i̯ha mena-a,dwelling.place-LOC brother exist-FIN,There is a brother in the dwelling place.
synthetic_bangla_glossed.eaf,1183,2501326,2504150,oŋko d̪ɔ ɲɛlɛɾasa aɾ haku ɟɔma,oŋko d̪ɔ ɲɛlɛɾasa aɾ haku ɟɔm-a,3PL.ANIM TOP honey and fish eat-FIN,They will eat the honey and the fish.
synthetic_see_paradigm.eaf,1184,2504150,2505531,oŋkoko ɲuɛd̪a,oŋko-ko ɲu-ɛ-d̪a,3PL.ANIM-3PL.ANIM drink-PROG-FIN,They are drinking.
synthetic_bangla_glossed.eaf,1185,2505531,2507640,uni d̪ɔ mɔbaĭl pʰon ɘkʰɾiɲa,uni d̪ɔ mɔbaĭl pʰon ɘkʰɾiɲ-a,3SG.ANIM TOP mobile.phone sell-FIN,He/she will sell the mobile phone.
synthetic_bangla_glossed.eaf,1186,2507640,2509802,oŋko d̪ɔ basaŋ ɟɔma,oŋko d̪ɔ basaŋ ɟɔm-a,3PL.ANIM TOP cooked.food eat-FIN,They will eat the cooked food.
synthetic_paradigm_glossed.eaf,1187,2509802,2511346,iɲiɲ pɘɾsi paɽha͡o̯keda,iɲ-iɲ pɘɾsi paɽha͡o̯-ked-a,1SG-1SG language study-PST-FIN,I studied the language.
synthetic_bangla_glossed.eaf,1188,2511346,2513965,uni d̪ɔ gʰuɽi aɾ haku kiɾiɲa,uni d̪ɔ gʰuɽi aɾ haku kiɾiɲ-a,3SG.ANIM TOP watch and fish buy-FIN,He/she will buy the watch and the fish.
synthetic_paradigm_glossed.eaf,1189,2513965,2516148,alɛaʔ ɟaŋga d̪ɔ sapʰaa,alɛ-aʔ ɟaŋga d̪ɔ sapʰa-a,1PL.EXCL-GEN leg TOP clean-FIN,Our leg is clean.
synthetic_school_dialogue_glossed.eaf,1190,2516148,2518917,hɔlaɾɛ am kat̪ʰa ɔlɔʔkat̪ɛ iskulɾɛ gat̪ea,hɔla-ɾɛ am kat̪ʰa ɔlɔʔ-kat̪ɛ iskul-ɾɛ gat̪e-a,yesterday-LOC 2SG word write-CVB school-LOC play-FIN,"Yesterday, you write the word and then play in the school."
synthetic_bangla_glossed.eaf,1191,2518917,2520941,iɲ d̪ɔ hɔɽ gɔɽɔa,iɲ d̪ɔ hɔɽ gɔɽɔ-a,1SG TOP person help-FIN,I will help the person.
synthetic_paradigm_glossed.eaf,1192,2520941,2523133,alɛaʔ pusi d̪ɔ ɾɘskɘa,alɛ-aʔ pusi d̪ɔ ɾɘskɘ-a,1PL.EXCL-GEN cat TOP happy-FIN,Our cat is happy.
synthetic_bangla_glossed.eaf,1193,2523133,2525917,uni d̪ɔ haku aɾ ɟɔmaʔ ɟɔma,uni d̪ɔ haku aɾ ɟɔmaʔ ɟɔm-a,3SG.ANIM TOP fish and food eat-FIN,He/she will eat the fish and the food.
synthetic_see_paradigm.eaf,1194,2525917,2527131,apɛpɛ ɘkʰɾiɲɛd̪a,apɛ-pɛ ɘkʰɾiɲ-ɛ-d̪a,2PL-2PL sell-PROG-FIN,You all are selling.
synthetic_school_dialogue_glossed.eaf,1195,2527131,2529780,t̪eheɲɾɛ iɲ pɘɾsi paɽha͡o̯kat̪ɛ ɔɽaʔɾɛ calaʔa,t̪eheɲ-ɾɛ iɲ pɘɾsi paɽha͡o̯-kat̪ɛ ɔɽaʔ-ɾɛ calaʔ-a,today-LOC 1SG language study-CVB house-LOC go-FIN,"Today, I study the language and then go to the house."
synthetic_texts_glossed.eaf,1196,2529780,2531562,ao̯tanɾɛ t̪ɘɾup̚ʔ menaa,ao̯tan-ɾɛ t̪ɘɾup̚ʔ mena-a,covert-LOC tiger exist-FIN,There is a tiger in the covert.
synthetic_texts_glossed.eaf,1197,2531562,2533337,t̪i d̪ɔ mɔ̃ɟa,t̪i d̪ɔ mɔ̃ɟ-a,hand TOP good-FIN,The hand is good.
synthetic_paradigm_glossed.eaf,1198,2533337,2535265,uniaʔ pɔɾɔb d̪ɔ ɟɘɾuɽa,uni-aʔ pɔɾɔb d̪ɔ ɟɘɾuɽ-a,3SG-GEN festival TOP important-FIN,His/her festival is important.
synthetic_school_dialogue_glossed.eaf,1199,2535265,2538064,ɔkt̪ɛɾɛ iɲ ɲɛlɛɾasa ɟɔmkat̪ɛ ɔɽaʔɾɛ calaʔa,ɔkt̪ɛ-ɾɛ iɲ ɲɛlɛɾasa ɟɔm-kat̪ɛ ɔɽaʔ-ɾɛ calaʔ-a,time-LOC 1SG honey eat-CVB house-LOC go-FIN,"At that time, I eat the honey and then go to the house."
synthetic_new_glossed.eaf,1200,2538064,2540240,alɛ d̪ɔ ɟɔmaʔ ɘkʰɾiɲakada,alɛ d̪ɔ ɟɔmaʔ ɘkʰɾiɲ-akad-a,1PL.EXCL TOP food sell-PRF-FIN,We have sold the food.
