bangla,english,santali
স্কুলটি নতুন।,The school is new.,iskul d̪ɔ nɔwaa.
সে পাঠ পড়বে।,He/she will study the lesson.,uni d̪ɔ sikʰnɘt̪ paɽha͡o̯a.
সে মারা যাচ্ছে।,He/she is dying.,unii̯ gɔc̚ʔɛd̪a.
তুমি কথা লিখেছ।,You have written the word.,am d̪ɔ kat̪ʰa ɔlɔʔakada.
পাঠটি নতুন।,The lesson is new.,sikʰnɘt̪ d̪ɔ nɔwaa.
অতিরিক্ত খাজনাটি পরিষ্কার।,The additional assessment on rent is clean.,bʰed͡ʒa d̪ɔ sapʰaa.
ইংল্যান্ডে একটি শব্দ আছে।,There is a noise in the england.,bilətɾɛ awad͡ʒ menaa.
গ্রামে একটি টাকা আছে।,There is a money in the village.,at̪oɾɛ ʈaka menaa.
সতর্কবাণীটি গুরুত্বপূর্ণ।,The alarm is important.,bʰāe d̪ɔ ɟɘɾuɽa.
একটি রান্না স্কুলে আছে।,One cooked food is in the school.,mit̪ʔ basaŋ d̪ɔ iskulɾɛ menaa.
আমাদের মোবাইল ফোন গুরুত্বপূর্ণ।,Our mobile phone is important.,alɛaʔ mɔbaĭl pʰon d̪ɔ ɟɘɾuɽa.
দয়া করে কুয়ায় যাও।,Please go to the well.,d̪a.ja kat̪ɛ kuɲɾɛ calaʔmɛ.
আমি মাছ বিক্রি করেছিলাম।,I sold the fish.,iɲiɲ haku ɘkʰɾiɲkeda.
একটি শিশু কুয়ায় আছে।,One child is in the well.,mit̪ʔʈɛn gid̪ɾɘ d̪ɔ kuɲɾɛ menaa.
তুমি দুধ ও পানি পান করবে।,You will drink the milk and the water.,am d̪ɔ t̪o̯͡a aɾ d̪aʔ ɲua.
আমি ঔষধ কিনব না।,I do not buy the medicine.,iɲ d̪ɔ ɾan bɘɲ kiɾiɲa.
সে ডাক্তার সাহায্য করবে না।,He/she does not help the doctor.,uni d̪ɔ ɖak̚t̪aɾ bai̯ gɔɽɔa.
আমাদের ভাষা নতুন।,Our language is new.,alɛaʔ bʰaka d̪ɔ nɔwaa.
আমি খাবার ও ঔষধ কিনব।,I will buy the food and the medicine.,iɲ d̪ɔ ɟɔmaʔ aɾ ɾan kiɾiɲa.
তোমরা ভাষা বলবে না।,You all do not speak the language.,apɛ d̪ɔ pɘɾsi bapɛ ɾɔɽa.
সে বিদ্যুৎ দেখবে না।,He/she does not see the lightning.,uni d̪ɔ bid͡ʒli bai̯ ɲɛla.
তারা টাকা পেয়েছিল।,They got the money.,oŋkoko ʈaka ɲamkeda.
তুমি টাকা পাবে না।,You do not get the money.,am d̪ɔ ʈaka bam ɲama.
সে কথা লিখেছিল।,He/she wrote the word.,unii̯ kat̪ʰa ɔlɔʔkeda.
তোমরা ঔষধ কিনবে।,You all will buy the medicine.,apɛ d̪ɔ ɾan kiɾiɲa.
উঠানে একটি সন্ধ্যাকাল আছে।,There is an eventide in the courtyard of house.,bəteɾɛ əjup̕ pajaɾ menaa.
বিড়ালটি ভালো।,The cat is good.,pusi d̪ɔ mɔ̃ɟa.
তাদের পোশাক গুরুত্বপূর্ণ।,Their apparel is important.,oŋkoaʔ ahɾan pahaɾand d̪ɔ ɟɘɾuɽa.
সে খাবার বিক্রি করেছিল।,He/she sold the food.,unii̯ ɟɔmaʔ ɘkʰɾiɲkeda.
সে দুধ পান করেছে।,He/she has drunk the milk.,uni d̪ɔ t̪o̯͡a ɲuakada.
ইংল্যান্ডে একটি পেট ব্যথা আছে।,There is a gripes in the england.,bilətɾɛ bɛɾõʈ duk menaa.
তারা কথা বলবে।,They will speak the word.,oŋko d̪ɔ kat̪ʰa ɾɔɽa.
আমি ভাষা লিখব না।,I do not write the language.,iɲ d̪ɔ pɘɾsi bɘɲ ɔlɔʔa.
তোমরা ঔষধ ও মোবাইল ফোন কিনবে।,You all will buy the medicine and the mobile phone.,apɛ d̪ɔ ɾan aɾ mɔbaĭl pʰon kiɾiɲa.
সে খাবার কিনবে না।,He/she does not buy the food.,uni d̪ɔ ɟɔmaʔ bai̯ kiɾiɲa.
গুজবটি গুরুত্বপূর্ণ।,The rumour is important.,bʰakaɾa d̪ɔ ɟɘɾuɽa.
নদী কোথায় আছে?,Where is the river?,gaɖa d̪ɔ ɔkaɾɛ menaa.
কসাইটি পরিষ্কার।,The butcher is clean.,bʰut͡ʃəɽ d̪ɔ sapʰaa.
আমাদের বিড়াল ভালো।,Our cat is good.,alɛaʔ pusi d̪ɔ mɔ̃ɟa.
সে কেমন আছে?,How is he/she?,cɛt̪ʔlɛka meni̯a.
তারা মাছ কিনেছিল।,They bought the fish.,oŋkoko haku kiɾiɲkeda.
একমুঠোটি ভালো।,The handful is good.,aɲd͡ʒle d̪ɔ mɔ̃ɟa.
তুমি মাছ বিক্রি করবে না।,You do not sell the fish.,am d̪ɔ haku bam ɘkʰɾiɲa.
তোমার দুধ সুস্বাদু।,Your milk is tasty.,amaʔ t̪o̯͡a d̪ɔ sibila.
তোমরা মধু ও রান্না খাবে।,You all will eat the honey and the cooked food.,apɛ d̪ɔ ɲɛlɛɾasa aɾ basaŋ ɟɔma.
তোমার দোষ গুরুত্বপূর্ণ।,Your fault is important.,amaʔ əpəi̯ d̪ɔ ɟɘɾuɽa.
উঠানে একটি ঔষধ আছে।,There is a medicine in the courtyard of house.,bəteɾɛ ɾan menaa.
একটি প্রজন্ম গ্রামে আছে।,One generation is in the village.,mit̪ʔʈɛn bibɔɾɔn d̪ɔ at̪oɾɛ menaa.
তারা কাজ করছে।,They are working.,oŋkoko kɘmiɛd̪a.
তারা খাবার পাবে না।,They do not get the food.,oŋko d̪ɔ ɟɔmaʔ bako ɲama.
আমি মাছ খাব।,I will eat the fish.,iɲ d̪ɔ haku ɟɔma.
তোমরা মধু খেয়েছ।,You all have eaten the honey.,apɛ d̪ɔ ɲɛlɛɾasa ɟɔmakada.
তোমরা কথা লিখেছিলে।,You all wrote the word.,apɛpɛ kat̪ʰa ɔlɔʔkeda.
তোমরা পানি পান করবে।,You all will drink the water.,apɛ d̪ɔ d̪aʔ ɲua.
একটি মানুষ গ্রামে আছে।,One person is in the village.,mit̪ʔʈɛn hɔɽ d̪ɔ at̪oɾɛ menaa.
তারা যন্ত্রপাতি দেখবে।,They will see the appliance.,oŋko d̪ɔ bandʰec̕ ɲɛla.
তার ভাড়া গুরুত্বপূর্ণ।,His/her fare is important.,uniaʔ bʰaɽa d̪ɔ ɟɘɾuɽa.
সে ঔষধ পাবে।,He/she will get the medicine.,uni d̪ɔ ɾan ɲama.
সে পাঠ পড়েছিল।,He/she studied the lesson.,unii̯ sikʰnɘt̪ paɽha͡o̯keda.
তাঁতের অংশটি ভালো।,The heddles of loom is good.,bade d̪ɔ mɔ̃ɟa.
"সে ছবি পাবে, কিন্তু ছবি পাবে না।","He/she will get the photo, but does not get the photo.",uni d̪ɔ pʰɔʈɔ ɲama mɛnkʰan pʰɔʈɔ bai̯ ɲama.
"আমি টাকা পাব, কিন্তু খাবার পাব না।","I will get the money, but do not get the food.",iɲ d̪ɔ ʈaka ɲama mɛnkʰan ɟɔmaʔ bɘɲ ɲama.
সে পানি পান করবে না।,He/she does not drink the water.,uni d̪ɔ d̪aʔ bai̯ ɲua.
একটি মানুষ হ্রদে আছে।,One person is in the lake.,mit̪ʔʈɛn hɔɽ d̪ɔ ɟɔlaɾɛ menaa.
"তারা মোবাইল ফোন বিক্রি করবে, কিন্তু খাবার বিক্রি করবে না।","They will sell the mobile phone, but do not sell the food.",oŋko d̪ɔ mɔbaĭl pʰon ɘkʰɾiɲa mɛnkʰan ɟɔmaʔ bako ɘkʰɾiɲa.
গতকাল তারা ঔষধ দেখে বাড়িতে যাবে।,"Yesterday, they see the medicine and then go to the house.",hɔlaɾɛ oŋko ɾan ɲɛlkat̪ɛ ɔɽaʔɾɛ calaʔa.
আমরা অবশিষ্ট দেখব।,We will see the remainder.,alɛ d̪ɔ bəki bɔkɔe̯a ɲɛla.
বিস্তীর্ণ ভূমিে একটি দাদা আছে।,There is a grandfather in the wide expanse of land.,bilənɾɛ ad͡ʒa menaa.
কথাটি ভালো।,The word is good.,kat̪ʰa d̪ɔ mɔ̃ɟa.
সে মাছ ও রান্না খাবে।,He/she will eat the fish and the cooked food.,uni d̪ɔ haku aɾ basaŋ ɟɔma.
জীবনটি গুরুত্বপূর্ণ।,The life is important.,ɟiŋgi d̪ɔ ɟɘɾuɽa.
আমি মা সাহায্য করব না।,I do not help the mother.,iɲ d̪ɔ gɔgɔ bɘɲ gɔɽɔa.
তারা কথা পড়বে।,They will study the word.,oŋko d̪ɔ kat̪ʰa paɽha͡o̯a.
একটি খাবার শহরে আছে।,One food is in the town.,mit̪ʔ ɟɔmaʔ d̪ɔ sɔhɔɽɾɛ menaa.
তারা নারী দেখবে।,They will see the woman.,oŋko d̪ɔ əi̯məi̯ ɲɛla.
তারা অপেক্ষা করছে।,They are waiting.,oŋkoko t̪ɘŋgiɛd̪a.
সে আসছে।,He/she is coming.,unii̯ hiɟuʔɛd̪a.
একটি ভাগ্নে হ্রদে আছে।,One nephew is in the lake.,mit̪ʔʈɛn bʰəgnə d̪ɔ ɟɔlaɾɛ menaa.
আমাদের গৃহপালিত পশু ভালো।,Our domestic animal is good.,alɛaʔ ato posu d̪ɔ mɔ̃ɟa.
চল্লিশটি গুরুত্বপূর্ণ।,The forty is important.,baɾ isi d̪ɔ ɟɘɾuɽa.
আমরা খাবার কিনব না।,We do not buy the food.,alɛ d̪ɔ ɟɔmaʔ balɛ kiɾiɲa.
সে খাবার খাবে না।,He/she does not eat the food.,uni d̪ɔ ɟɔmaʔ bai̯ ɟɔma.
সকালে আমি পানি পান করে নদীতে কাজ করব।,"In the morning, I drink the water and then work in the river.",sɛt̪aʔɾɛ iɲ d̪aʔ ɲukat̪ɛ gaɖaɾɛ kɘmia.
আমরা কিনছি।,We are buying.,alɛlɛ kiɾiɲɛd̪a.
"আমরা কথা পড়ব, কিন্তু ভাষা পড়ব না।","We will study the word, but do not study the language.",alɛ d̪ɔ kat̪ʰa paɽha͡o̯a mɛnkʰan pɘɾsi balɛ paɽha͡o̯a.
গতকাল তোমরা কথা লিখে কুয়ায় খেলবে।,"Yesterday, you all write the word and then play in the well.",hɔlaɾɛ apɛ kat̪ʰa ɔlɔʔkat̪ɛ kuɲɾɛ gat̪ea.
উদ্বেগটি পরিষ্কার।,The anxiety is clean.,bʰabna d̪ɔ sapʰaa.
তারা খাবার বিক্রি করবে।,They will sell the food.,oŋko d̪ɔ ɟɔmaʔ ɘkʰɾiɲa.
তারা মানুষ সাহায্য করবে।,They will help the person.,oŋko d̪ɔ hɔɽ gɔɽɔa.
সে মাছ খেয়েছে।,He/she has eaten the fish.,uni d̪ɔ haku ɟɔmakada.
"তারা ঘড়ি বিক্রি করবে, কিন্তু মোবাইল ফোন বিক্রি করবে না।","They will sell the watch, but do not sell the mobile phone.",oŋko d̪ɔ gʰuɽi ɘkʰɾiɲa mɛnkʰan mɔbaĭl pʰon bako ɘkʰɾiɲa.
আমাদের ডাক্তার ছোট।,Our doctor is small.,alɛaʔ ɖak̚t̪aɾ d̪ɔ lɘʈua.
তোমরা মাছ বিক্রি করেছিলে।,You all sold the fish.,apɛpɛ haku ɘkʰɾiɲkeda.
একটি টাকা নদীতে আছে।,One money is in the river.,mit̪ʔ ʈaka d̪ɔ gaɖaɾɛ menaa.
আমরা ভাষা লিখব।,We will write the language.,alɛ d̪ɔ pɘɾsi ɔlɔʔa.
সে ডাক্তার সাহায্য করবে।,He/she will help the doctor.,uni d̪ɔ ɖak̚t̪aɾ gɔɽɔa.
শুকরটি আনন্দের।,The pig is happy.,suk̚ɾi d̪ɔ ɾɘskɘa.
সে ছবি পাবে।,He/she will get the photo.,uni d̪ɔ pʰɔʈɔ ɲama.
একটি জেলে শহরে আছে।,One fisherman is in the town.,mit̪ʔʈɛn ɟɘliɘ d̪ɔ sɔhɔɽɾɛ menaa.
সকালে আমি কথা লিখে কুয়ায় আসব।,"In the morning, I write the word and then come to the well.",sɛt̪aʔɾɛ iɲ kat̪ʰa ɔlɔʔkat̪ɛ kuɲɾɛ hiɟuʔa.
আমি যাচ্ছি।,I am going.,iɲiɲ calaʔɛd̪a.
আমার উৎসব নতুন।,My festival is new.,iɲaʔ pɔɾɔb d̪ɔ nɔwaa.
সে পছন্দ ও ছাগলের বিষ্ঠা দেখবে।,He/she will see the choice and the goat's dropping.,uni d̪ɔ əpɾug aɾ bʰelə̃uɳɖi ɲɛla.
দয়া করে স্কুলে অপেক্ষা করো।,Please wait in the school.,d̪a.ja kat̪ɛ iskulɾɛ t̪ɘŋgimɛ.
সেই সময় তুমি ভাষা পড়ে নদীতে যাবে।,"At that time, you study the language and then go to the river.",ɔkt̪ɛɾɛ am pɘɾsi paɽha͡o̯kat̪ɛ gaɖaɾɛ calaʔa.
বাসস্থানে একটি উৎসব আছে।,There is a festival in the residence.,basaɾɛ pɔɾɔb menaa.
আমরা ভাষা বলব।,We will speak the language.,alɛ d̪ɔ pɘɾsi ɾɔɽa.
আমি ঘড়ি বিক্রি করেছি।,I have sold the watch.,iɲ d̪ɔ gʰuɽi ɘkʰɾiɲakada.
সে মাছ কিনবে।,He/she will buy the fish.,uni d̪ɔ haku kiɾiɲa.
আজ তুমি রান্না খেয়ে বাড়িতে কাজ করবে।,"Today, you eat the cooked food and then work in the house.",t̪eheɲɾɛ am basaŋ ɟɔmkat̪ɛ ɔɽaʔɾɛ kɘmia.
বিদ্যুৎটি ভালো।,The lightning is good.,bid͡ʒli d̪ɔ mɔ̃ɟa.
তোমরা কথা লিখবে না।,You all do not write the word.,apɛ d̪ɔ kat̪ʰa bapɛ ɔlɔʔa.
ভণ্ডটি ছোট।,The pretender is small.,bʰiduk d̪ɔ lɘʈua.
তোমরা ভাষা লিখেছিলে।,You all wrote the language.,apɛpɛ pɘɾsi ɔlɔʔkeda.
গুহাে একটি নদী আছে।,There is a river in the cave.,bʰugək̕ɾɛ gaɖa menaa.
তারা বিঘত ও কষ্ট দেখবে।,They will see the span and the distress.,oŋko d̪ɔ beɽ aɾ alad͡ʒʰala ɲɛla.
হ্রদে একটি পরজীবী উদ্ভিদ আছে।,There is a parasitic plant in the lake.,ɟɔlaɾɛ alagd͡ʒəɽi menaa.
তুমি দুধ পান করেছ।,You have drunk the milk.,am d̪ɔ t̪o̯͡a ɲuakada.
তোমরা ঘড়ি বিক্রি করবে।,You all will sell the watch.,apɛ d̪ɔ gʰuɽi ɘkʰɾiɲa.
তাদের অংশীদার ভালো।,Their partner is good.,oŋkoaʔ bʰəgiə̯ɾi d̪ɔ mɔ̃ɟa.
তারা আসছে।,They are coming.,oŋkoko hiɟuʔɛd̪a.
সে কথা লিখবে না।,He/she does not write the word.,uni d̪ɔ kat̪ʰa bai̯ ɔlɔʔa.
আমি কথা লিখব।,I will write the word.,iɲ d̪ɔ kat̪ʰa ɔlɔʔa.
তোমরা ভুল দেখবে না।,You all do not see the blunder.,apɛ d̪ɔ bʰul bapɛ ɲɛla.
"সে কথা লিখবে, কিন্তু ভাষা লিখবে না।","He/she will write the word, but does not write the language.",uni d̪ɔ kat̪ʰa ɔlɔʔa mɛnkʰan pɘɾsi bai̯ ɔlɔʔa.
"আমি ভাষা বলব, কিন্তু কথা বলব না।","I will speak the language, but do not speak the word.",iɲ d̪ɔ pɘɾsi ɾɔɽa mɛnkʰan kat̪ʰa bɘɲ ɾɔɽa.
একটি মাছ বাড়িতে আছে।,One fish is in the house.,mit̪ʔ haku d̪ɔ ɔɽaʔɾɛ menaa.
আমার শিশু আনন্দের।,My child is happy.,iɲaʔ gid̪ɾɘ d̪ɔ ɾɘskɘa.
"আমরা মোবাইল ফোন কিনব, কিন্তু ঘড়ি কিনব না।","We will buy the mobile phone, but do not buy the watch.",alɛ d̪ɔ mɔbaĭl pʰon kiɾiɲa mɛnkʰan gʰuɽi balɛ kiɾiɲa.
"সে ঔষধ পাবে, কিন্তু খাবার পাবে না।","He/she will get the medicine, but does not get the food.",uni d̪ɔ ɾan ɲama mɛnkʰan ɟɔmaʔ bai̯ ɲama.
দয়া করে মধু খাও।,Please eat the honey.,d̪a.ja kat̪ɛ ɲɛlɛɾasa ɟɔmmɛ.
নিকটবর্তী এলাকাে একটি জীবন আছে।,There is a life in the vicinity.,aɖe ʈolaɾɛ ɟiŋgi menaa.
শহরে একটি পরিমাপ আছে।,There is a measure in the town.,sɔhɔɽɾɛ ae̯ menaa.
তুমি টাকা পাবে।,You will get the money.,am d̪ɔ ʈaka ɲama.
ইংল্যান্ডে একটি কুয়া আছে।,There is a well in the england.,bilətɾɛ kuɲ menaa.
সে মাছ বিক্রি করেছে।,He/she has sold the fish.,uni d̪ɔ haku ɘkʰɾiɲakada.
"সে আধপাকা ফলের বিচি দেখবে, কিন্তু কণ্ঠস্বর দেখবে না।","He/she will see the kernel of half-ripe fruits, but does not see the voice.",uni d̪ɔ bʰəti ɲɛla mɛnkʰan aɽaŋ bai̯ ɲɛla.
নদীতে একটি পোশাক আছে।,There is an attire in the river.,gaɖaɾɛ bʰagwa menaa.
সে বাবা সাহায্য করবে না।,He/she does not help the father.,uni d̪ɔ baba bai̯ gɔɽɔa.
আমি মধু খাব।,I will eat the honey.,iɲ d̪ɔ ɲɛlɛɾasa ɟɔma.
আখরোটটি সুস্বাদু।,The walnut is tasty.,akʰɾoʈ d̪ɔ sibila.
নিকটবর্তী এলাকাে একটি পানি আছে।,There is a water in the vicinity.,aɖe ʈolaɾɛ d̪aʔ menaa.
আমি কথা পড়েছি।,I have studied the word.,iɲ d̪ɔ kat̪ʰa paɽha͡o̯akada.
তুমি কথা লিখেছিলে।,You wrote the word.,amɛm kat̪ʰa ɔlɔʔkeda.
তুমি ভাষা লিখবে।,You will write the language.,am d̪ɔ pɘɾsi ɔlɔʔa.
একটি মধু স্কুলে আছে।,One honey is in the school.,mit̪ʔ ɲɛlɛɾasa d̪ɔ iskulɾɛ menaa.
একটি ভাই কুয়ায় আছে।,One brother is in the well.,mit̪ʔʈɛn baɾet d̪ɔ kuɲɾɛ menaa.
সে ভাষা বলবে না।,He/she does not speak the language.,uni d̪ɔ pɘɾsi bai̯ ɾɔɽa.
তুমি নিরামিষাশী ও গরু ডাকার শব্দ দেখবে।,You will see the vegetarian and the cattle call.,am d̪ɔ bʰagat aɾ bihet̕ ɲɛla.
হ্রদে একটি উৎসব আছে।,There is a festival in the lake.,ɟɔlaɾɛ pɔɾɔb menaa.
আমরা বসছি।,We are sitting.,alɛlɛ d̪uɽup̚ʔɛd̪a.
তোমরা ভাষা বলেছ।,You all have spoken the language.,apɛ d̪ɔ pɘɾsi ɾɔɽakada.
বাসস্থানে একটি বিরক্তি আছে।,There is an annoyance in the dwelling place.,basɾɛ əɽis menaa.
আমরা দুধ ও পানি পান করব।,We will drink the milk and the water.,alɛ d̪ɔ t̪o̯͡a aɾ d̪aʔ ɲua.
তুমি এখন কী করবে?,What will you do now?,nit̪ʔ cɛʔɛm ceka ja.
সে কথা পড়বে না।,He/she does not study the word.,uni d̪ɔ kat̪ʰa bai̯ paɽha͡o̯a.
তারা ঔষধ কিনবে না।,They do not buy the medicine.,oŋko d̪ɔ ɾan bako kiɾiɲa.
শহরে একটি কারকীয় ক্রিয়া আছে।,There is a causative inflection in the town.,sɔhɔɽɾɛ a menaa.
আমি কথা লিখেছি।,I have written the word.,iɲ d̪ɔ kat̪ʰa ɔlɔʔakada.
তুমি মাছ কিনেছ।,You have bought the fish.,am d̪ɔ haku kiɾiɲakada.
বাসস্থানে একটি বোকা আছে।,There is a fool in the residence.,basaɾɛ bemblaha menaa.
বাড়িতে একটি ডাক্তার আছে।,There is a doctor in the house.,ɔɽaʔɾɛ ɖak̚t̪aɾ menaa.
আমি ছবি পাব না।,I do not get the photo.,iɲ d̪ɔ pʰɔʈɔ bɘɲ ɲama.
আনারসটি ভালো।,The pineapple is good.,ananas d̪ɔ mɔ̃ɟa.
বাড়িতে একটি পবিত্র সিন্দুক আছে।,There is an ark of the covenant in the house.,ɔɽaʔɾɛ ən sunduk menaa.
দয়া করে পাঠ পড়ো।,Please study the lesson.,d̪a.ja kat̪ɛ sikʰnɘt̪ paɽha͡o̯mɛ.
তারা মধু ও রান্না খাবে।,They will eat the honey and the cooked food.,oŋko d̪ɔ ɲɛlɛɾasa aɾ basaŋ ɟɔma.
সকালে সে আয়না দেখে নদীতে কাজ করবে।,"In the morning, he/she see the mirror and then work in the river.",sɛt̪aʔɾɛ uni əɾsi ɲɛlkat̪ɛ gaɖaɾɛ kɘmia.
গতকাল আমরা মধু খেয়ে শহরে যাব।,"Yesterday, we eat the honey and then go to the town.",hɔlaɾɛ alɛ ɲɛlɛɾasa ɟɔmkat̪ɛ sɔhɔɽɾɛ calaʔa.
তারা কথা বলেছিল।,They spoke the word.,oŋkoko kat̪ʰa ɾɔɽkeda.
"আমি খাবার কিনব, কিন্তু মোবাইল ফোন কিনব না।","I will buy the food, but do not buy the mobile phone.",iɲ d̪ɔ ɟɔmaʔ kiɾiɲa mɛnkʰan mɔbaĭl pʰon bɘɲ kiɾiɲa.
সে পানি পান করেছে।,He/she has drunk the water.,uni d̪ɔ d̪aʔ ɲuakada.
আমরা মাছ ও ঘড়ি কিনব।,We will buy the fish and the watch.,alɛ d̪ɔ haku aɾ gʰuɽi kiɾiɲa.
তোমরা মোবাইল ফোন কিনেছিলে।,You all bought the mobile phone.,apɛpɛ mɔbaĭl pʰon kiɾiɲkeda.
আদিবাসীটি গুরুত্বপূর্ণ।,The aborigines is important.,bəu̯ɾi d̪ɔ ɟɘɾuɽa.
তুমি খাবার ও ঔষধ কিনবে।,You will buy the food and the medicine.,am d̪ɔ ɟɔmaʔ aɾ ɾan kiɾiɲa.
স্কুলে একটি শিশু আছে।,There is a child in the school.,iskulɾɛ gid̪ɾɘ menaa.
"আমি মোবাইল ফোন বিক্রি করব, কিন্তু ঘড়ি বিক্রি করব না।","I will sell the mobile phone, but do not sell the watch.",iɲ d̪ɔ mɔbaĭl pʰon ɘkʰɾiɲa mɛnkʰan gʰuɽi bɘɲ ɘkʰɾiɲa.
শহরে একটি আখ আছে।,There is a sugarcane in the town.,sɔhɔɽɾɛ ək menaa.
আমরা পাঠ পড়ব।,We will study the lesson.,alɛ d̪ɔ sikʰnɘt̪ paɽha͡o̯a.
তুমি ডাক্তার সাহায্য করবে না।,You do not help the doctor.,am d̪ɔ ɖak̚t̪aɾ bam gɔɽɔa.
আমি খাবার কিনেছিলাম।,I bought the food.,iɲiɲ ɟɔmaʔ kiɾiɲkeda.
তোমরা মাছ বিক্রি করবে না।,You all do not sell the fish.,apɛ d̪ɔ haku bapɛ ɘkʰɾiɲa.
একটি বিদেশী শহরে আছে।,One foreigner is in the town.,mit̪ʔʈɛn bidesiə̯ d̪ɔ sɔhɔɽɾɛ menaa.
সকালে আমরা ভাষা পড়ে গ্রামে আসব।,"In the morning, we study the language and then come to the village.",sɛt̪aʔɾɛ alɛ pɘɾsi paɽha͡o̯kat̪ɛ at̪oɾɛ hiɟuʔa.
আমরা দুধ পান করব না।,We do not drink the milk.,alɛ d̪ɔ t̪o̯͡a balɛ ɲua.
আজ তারা মাছ খেয়ে গ্রামে খেলবে।,"Today, they eat the fish and then play in the village.",t̪eheɲɾɛ oŋko haku ɟɔmkat̪ɛ at̪oɾɛ gat̪ea.
আমি কেমন আছে?,How am I?,cɛt̪ʔlɛka meniɲa.
তারা দুধ ও পানি পান করবে।,They will drink the milk and the water.,oŋko d̪ɔ t̪o̯͡a aɾ d̪aʔ ɲua.
তাদের ভাই ছোট।,Their brother is small.,oŋkoaʔ bɔ͡i̯ha d̪ɔ lɘʈua.
বালতিটি নতুন।,The bucket is new.,bəlʈi d̪ɔ nɔwaa.
ইংল্যান্ডে একটি অংশীদার আছে।,There is a partner in the england.,bilətɾɛ bʰəgiə̯ɾi menaa.
দয়া করে বাড়িতে বসো।,Please sit in the house.,d̪a.ja kat̪ɛ ɔɽaʔɾɛ d̪uɽup̚ʔmɛ.
তোমরা দুধ ও পানি পান করবে।,You all will drink the milk and the water.,apɛ d̪ɔ t̪o̯͡a aɾ d̪aʔ ɲua.
আড়ালে একটি বালিয়া সারস পাখি আছে।,There is a sand martin in the covert.,ao̯tanɾɛ bʰəluə̯ menaa.
তুমি ঔষধ কিনেছ।,You have bought the medicine.,am d̪ɔ ɾan kiɾiɲakada.
পাড়াে একটি বাধা আছে।,There is a hitch in the neighbourhood.,aɖe paseɾɛ bəndʰi menaa.
দয়া করে খাবার খাও।,Please eat the food.,d̪a.ja kat̪ɛ ɟɔmaʔ ɟɔmmɛ.
তুমি কিনছ।,You is buying.,amɛm kiɾiɲɛd̪a.
তোমাদের নদী নতুন।,Your river is new.,apɛaʔ gaɖa d̪ɔ nɔwaa.
অবিশ্বাসীটি গুরুত্বপূর্ণ।,The heathen is important.,bedin d̪ɔ ɟɘɾuɽa.
তোমরা বলছ।,You all are speaking.,apɛpɛ ɾɔɽɛd̪a.
পা কোথায় আছে?,Where is the foot?,kaʈa d̪ɔ ɔkaɾɛ menaa.
তাদের শুকর ভালো।,Their pig is good.,oŋkoaʔ suk̚ɾi d̪ɔ mɔ̃ɟa.
দয়া করে ভাষা লিখো।,Please write the language.,d̪a.ja kat̪ɛ pɘɾsi ɔlɔʔmɛ.
দয়া করে হ্রদে যাও।,Please go to the lake.,d̪a.ja kat̪ɛ ɟɔlaɾɛ calaʔmɛ.
গতকাল তুমি টকশাক দেখে নদীতে খেলবে।,"Yesterday, you see the sorel and then play in the river.",hɔlaɾɛ am aɾak̕ kudɾum ɲɛlkat̪ɛ gaɖaɾɛ gat̪ea.
সেই সময় আমরা পাঠ পড়ে বাড়িতে যাব।,"At that time, we study the lesson and then go to the house.",ɔkt̪ɛɾɛ alɛ sikʰnɘt̪ paɽha͡o̯kat̪ɛ ɔɽaʔɾɛ calaʔa.
লাগামটি পরিষ্কার।,The bridle is clean.,bag d̪ɔ sapʰaa.
বাসস্থানে একটি শিকার আছে।,There is a prey in the dwelling place.,basɾɛ aheɾ menaa.
তারা বাবা সাহায্য করবে।,They will help the father.,oŋko d̪ɔ baba gɔɽɔa.
সে খাবার বিক্রি করেছে।,He/she has sold the food.,uni d̪ɔ ɟɔmaʔ ɘkʰɾiɲakada.
একটি বিদেশী নদীতে আছে।,One foreigner is in the river.,mit̪ʔʈɛn bidesiə̯ d̪ɔ gaɖaɾɛ menaa.
তারা বাবা সাহায্য করবে না।,They do not help the father.,oŋko d̪ɔ baba bako gɔɽɔa.
জোর খাটানো শ্রমটি ভালো।,The forced labour is good.,begaɾ d̪ɔ mɔ̃ɟa.
গ্রামে একটি বিদেশী আছে।,There is a foreigner in the village.,at̪oɾɛ bidesiə̯ menaa.
তারা ভাষা বলেছে।,They have spoken the language.,oŋko d̪ɔ pɘɾsi ɾɔɽakada.
আমরা ভাষা পড়েছি।,We have studied the language.,alɛ d̪ɔ pɘɾsi paɽha͡o̯akada.
তুমি বয়লার দেখবে।,You will see the boiler.,am d̪ɔ bʰəʈʰi ɲɛla.
আজ তুমি রান্না খেয়ে গ্রামে কাজ করবে।,"Today, you eat the cooked food and then work in the village.",t̪eheɲɾɛ am basaŋ ɟɔmkat̪ɛ at̪oɾɛ kɘmia.
তারা মা সাহায্য করবে না।,They do not help the mother.,oŋko d̪ɔ gɔgɔ bako gɔɽɔa.
তুমি দাম দেখবে না।,You do not see the price.,am d̪ɔ bʰao̯ bam ɲɛla.
গতকাল আমি পানি পান করে শহরে যাব।,"Yesterday, I drink the water and then go to the town.",hɔlaɾɛ iɲ d̪aʔ ɲukat̪ɛ sɔhɔɽɾɛ calaʔa.
ভাইটি আনন্দের।,The brother is happy.,bɔ͡i̯ha d̪ɔ ɾɘskɘa.
সকালে সে পানি পান করে হ্রদে যাবে।,"In the morning, he/she drink the water and then go to the lake.",sɛt̪aʔɾɛ uni d̪aʔ ɲukat̪ɛ ɟɔlaɾɛ calaʔa.
তারা শ্রমিক ও এক প্রজাতির মাছ দেখবে।,They will see the navvy and the species of fish.,oŋko d̪ɔ beldaɾ aɾ badʰoɽ ɲɛla.
আমি ভাষা লিখব।,I will write the language.,iɲ d̪ɔ pɘɾsi ɔlɔʔa.
তাঁতের অংশটি গুরুত্বপূর্ণ।,The heddles of loom is important.,bade d̪ɔ ɟɘɾuɽa.
তোমাদের গুপ্তচর ছোট।,Your spy is small.,apɛaʔ baʈ paɽ d̪ɔ lɘʈua.
তোমরা টাকা পেয়েছ।,You all have gotten the money.,apɛ d̪ɔ ʈaka ɲamakada.
সকালে তুমি মাছ খেয়ে বাড়িতে খেলবে।,"In the morning, you eat the fish and then play in the house.",sɛt̪aʔɾɛ am haku ɟɔmkat̪ɛ ɔɽaʔɾɛ gat̪ea.
শহরে একটি নদী আছে।,There is a river in the town.,sɔhɔɽɾɛ gaɖa menaa.
শহরে একটি রোগ আছে।,There is an illness in the town.,sɔhɔɽɾɛ ɾu̯͡ɘ menaa.
তারা ভাষা লিখবে।,They will write the language.,oŋko d̪ɔ pɘɾsi ɔlɔʔa.
গানটি ভালো।,The song is good.,seɾeɲ d̪ɔ mɔ̃ɟa.
ঢালটি ভালো।,The declivity is good.,anaɽgo d̪ɔ mɔ̃ɟa.
আজ তোমরা অকাল জন্ম দেখে কুয়ায় কাজ করবে।,"Today, you all see the premature birth and then work in the well.",t̪eheɲɾɛ apɛ adpakolia ɲɛlkat̪ɛ kuɲɾɛ kɘmia.
গতকাল তুমি পাঠ পড়ে শহরে কাজ করবে।,"Yesterday, you study the lesson and then work in the town.",hɔlaɾɛ am sikʰnɘt̪ paɽha͡o̯kat̪ɛ sɔhɔɽɾɛ kɘmia.
সে ভাষা পড়বে।,He/she will study the language.,uni d̪ɔ pɘɾsi paɽha͡o̯a.
তারা কথা লিখবে না।,They do not write the word.,oŋko d̪ɔ kat̪ʰa bako ɔlɔʔa.
সে দুধ পান করবে না।,He/she does not drink the milk.,uni d̪ɔ t̪o̯͡a bai̯ ɲua.
গতকাল আমরা কথা পড়ে গ্রামে আসব।,"Yesterday, we study the word and then come to the village.",hɔlaɾɛ alɛ kat̪ʰa paɽha͡o̯kat̪ɛ at̪oɾɛ hiɟuʔa.
তোমার শিশু আনন্দের।,Your child is happy.,amaʔ gid̪ɾɘ d̪ɔ ɾɘskɘa.
সে খাবার খেয়েছে।,He/she has eaten the food.,uni d̪ɔ ɟɔmaʔ ɟɔmakada.
টাকাটি ভালো।,The money is good.,ʈaka d̪ɔ mɔ̃ɟa.
সে পাঠ পড়েছে।,He/she has studied the lesson.,uni d̪ɔ sikʰnɘt̪ paɽha͡o̯akada.
সে পড়ছে।,He/she is studying.,unii̯ paɽha͡o̯ɛd̪a.
সেই সময় তোমরা ঘড়ি কিনে স্কুলে আসবে।,"At that time, you all buy the watch and then come to the school.",ɔkt̪ɛɾɛ apɛ gʰuɽi kiɾiɲkat̪ɛ iskulɾɛ hiɟuʔa.
তারা পানি পান করেছিল।,They drank the water.,oŋkoko d̪aʔ ɲukeda.
আমরা কথা বলব না।,We do not speak the word.,alɛ d̪ɔ kat̪ʰa balɛ ɾɔɽa.
"তুমি খাবার বিক্রি করবে, কিন্তু মাছ বিক্রি করবে না।","You will sell the food, but do not sell the fish.",am d̪ɔ ɟɔmaʔ ɘkʰɾiɲa mɛnkʰan haku bam ɘkʰɾiɲa.
তোমরা মাছ খাবে।,You all will eat the fish.,apɛ d̪ɔ haku ɟɔma.
আজ তোমরা বাবা দেখে বাড়িতে খেলবে।,"Today, you all see the father and then play in the house.",t̪eheɲɾɛ apɛ apa ɲɛlkat̪ɛ ɔɽaʔɾɛ gat̪ea.
আমি বিড়াল দেখেছিলাম।,I saw the cat.,iɲiɲ pusi ɲɛlkeda.
গ্রামে একটি জীবন আছে।,There is a life in the village.,at̪oɾɛ ɟiŋgi menaa.
নদীতে একটি শুকর আছে।,There is a pig in the river.,gaɖaɾɛ suk̚ɾi menaa.
একটি বাসিন্দা কুয়ায় আছে।,One inhabitant is in the well.,mit̪ʔʈɛn baskitiə̯ d̪ɔ kuɲɾɛ menaa.
সে রান্না খেয়েছিল।,He/she ate the cooked food.,unii̯ basaŋ ɟɔmkeda.
তোমরা কাজ করছ।,You all are working.,apɛpɛ kɘmiɛd̪a.
সে রান্না খাবে।,He/she will eat the cooked food.,uni d̪ɔ basaŋ ɟɔma.
তোমরা কথা পড়েছিলে।,You all studied the word.,apɛpɛ kat̪ʰa paɽha͡o̯keda.
নিকটবর্তী এলাকাে একটি আতশবাজি আছে।,There is a fireworks in the vicinity.,aɖe ʈolaɾɛ bʰui̯t͡ʃampa menaa.
"তুমি রান্না খাবে, কিন্তু মাছ খাবে না।","You will eat the cooked food, but do not eat the fish.",am d̪ɔ basaŋ ɟɔma mɛnkʰan haku bam ɟɔma.
ভাইটি ছোট।,The brother is small.,baɾet d̪ɔ lɘʈua.
আমি ছবি পাব।,I will get the photo.,iɲ d̪ɔ pʰɔʈɔ ɲama.
গতকাল তোমরা ঘড়ি কিনে স্কুলে খেলবে।,"Yesterday, you all buy the watch and then play in the school.",hɔlaɾɛ apɛ gʰuɽi kiɾiɲkat̪ɛ iskulɾɛ gat̪ea.
আমরা অবিশ্বাসী দেখব না।,We do not see the heathen.,alɛ d̪ɔ bedin balɛ ɲɛla.
তোমরা ভাষা পড়বে।,You all will study the language.,apɛ d̪ɔ pɘɾsi paɽha͡o̯a.
সে মাছ বিক্রি করবে।,He/she will sell the fish.,uni d̪ɔ haku ɘkʰɾiɲa.
তারা কথা বলবে না।,They do not speak the word.,oŋko d̪ɔ kat̪ʰa bako ɾɔɽa.
তারা দুধ পান করেছে।,They have drunk the milk.,oŋko d̪ɔ t̪o̯͡a ɲuakada.
আমি ভাষা বলব না।,I do not speak the language.,iɲ d̪ɔ pɘɾsi bɘɲ ɾɔɽa.
বাসস্থানে একটি অজ্ঞতা আছে।,There is an ignorance in the dwelling place.,basɾɛ bʰut͡ʃ menaa.
গতকাল সে কথা লিখে নদীতে কাজ করবে।,"Yesterday, he/she write the word and then work in the river.",hɔlaɾɛ uni kat̪ʰa ɔlɔʔkat̪ɛ gaɖaɾɛ kɘmia.
তারা খাচ্ছে।,They are eating.,oŋkoko ɟɔmɛd̪a.
তুমি কেমন আছে?,How is you?,cɛt̪ʔlɛka menɛma.
সকালে তুমি গুজব রটনাকারী দেখে নদীতে কাজ করবে।,"In the morning, you see the gossiping and then work in the river.",sɛt̪aʔɾɛ am bəd͡ʒniə̯ ɲɛlkat̪ɛ gaɖaɾɛ kɘmia.
সে ঘড়ি বিক্রি করেছে।,He/she has sold the watch.,uni d̪ɔ gʰuɽi ɘkʰɾiɲakada.
তোমরা বিনিময় দেখবে না।,You all do not see the exchange.,apɛ d̪ɔ badla bapɛ ɲɛla.
আমরা ঔষধ কিনেছিলাম।,We bought the medicine.,alɛlɛ ɾan kiɾiɲkeda.
বাড়িটি নতুন।,The house is new.,ɔɽaʔ d̪ɔ nɔwaa.
আমরা ছবি পেয়েছি।,We have gotten the photo.,alɛ d̪ɔ pʰɔʈɔ ɲamakada.
তারা মা সাহায্য করবে।,They will help the mother.,oŋko d̪ɔ gɔgɔ gɔɽɔa.
আমরা ঔষধ ও মাছ কিনব।,We will buy the medicine and the fish.,alɛ d̪ɔ ɾan aɾ haku kiɾiɲa.
তারা ভাষা লিখেছিল।,They wrote the language.,oŋkoko pɘɾsi ɔlɔʔkeda.
একটি শিশু বাড়িতে আছে।,One baby is in the house.,mit̪ʔʈɛn bale d̪ɔ ɔɽaʔɾɛ menaa.
আমরা খাবার খাব।,We will eat the food.,alɛ d̪ɔ ɟɔmaʔ ɟɔma.
আমরা এখন কী করবে?,What will we do now?,nit̪ʔ cɛʔlɛ ceka ja.
"আমরা দুধ পান করব, কিন্তু পানি পান করব না।","We will drink the milk, but do not drink the water.",alɛ d̪ɔ t̪o̯͡a ɲua mɛnkʰan d̪aʔ balɛ ɲua.
তুমি খেলছ।,You is playing.,amɛm gat̪eɛd̪a.
আজ আমি চারা রোপণ দেখে শহরে যাব।,"Today, I see the transplantation and then go to the town.",t̪eheɲɾɛ iɲ apʰɔɾ ɲɛlkat̪ɛ sɔhɔɽɾɛ calaʔa.
তারা মোবাইল ফোন কিনবে না।,They do not buy the mobile phone.,oŋko d̪ɔ mɔbaĭl pʰon bako kiɾiɲa.
আমি ঘড়ি কিনব না।,I do not buy the watch.,iɲ d̪ɔ gʰuɽi bɘɲ kiɾiɲa.
আমি খাবার ও রান্না খাব।,I will eat the food and the cooked food.,iɲ d̪ɔ ɟɔmaʔ aɾ basaŋ ɟɔma.
পিঁপড়াটি আনন্দের।,The ant is happy.,muc̚ʔ d̪ɔ ɾɘskɘa.
লাভটি নতুন।,The profit is new.,baɾpʰəi̯ d̪ɔ nɔwaa.
আমরা খাবার ও মধু খাব।,We will eat the food and the honey.,alɛ d̪ɔ ɟɔmaʔ aɾ ɲɛlɛɾasa ɟɔma.
আমরা ডাক্তার সাহায্য করব।,We will help the doctor.,alɛ d̪ɔ ɖak̚t̪aɾ gɔɽɔa.
দয়া করে নদীতে অপেক্ষা করো।,Please wait in the river.,d̪a.ja kat̪ɛ gaɖaɾɛ t̪ɘŋgimɛ.
গানটি গুরুত্বপূর্ণ।,The song is important.,seɾeɲ d̪ɔ ɟɘɾuɽa.
সে অভিশাপ দেখেছিল।,He/she saw the curse.,unii̯ əsis ɲɛlkeda.
আমি খাবার খাব না।,I do not eat the food.,iɲ d̪ɔ ɟɔmaʔ bɘɲ ɟɔma.
আজ সে ভাষা লিখে নদীতে যাবে।,"Today, he/she write the language and then go to the river.",t̪eheɲɾɛ uni pɘɾsi ɔlɔʔkat̪ɛ gaɖaɾɛ calaʔa.
তোমার কষ্ট গুরুত্বপূর্ণ।,Your distress is important.,amaʔ alad͡ʒʰala d̪ɔ ɟɘɾuɽa.
তুমি ভাষা বলেছিলে।,You spoke the language.,amɛm pɘɾsi ɾɔɽkeda.
আমরা মধু খেয়েছিলাম।,We ate the honey.,alɛlɛ ɲɛlɛɾasa ɟɔmkeda.
আমরা মাছ বিক্রি করব না।,We do not sell the fish.,alɛ d̪ɔ haku balɛ ɘkʰɾiɲa.
আমি দুধ পান করব না।,I do not drink the milk.,iɲ d̪ɔ t̪o̯͡a bɘɲ ɲua.
বাসস্থানে একটি স্কুল আছে।,There is a school in the residence.,basaɾɛ iskul menaa.
তোমরা খাবার ও মাছ খাবে।,You all will eat the food and the fish.,apɛ d̪ɔ ɟɔmaʔ aɾ haku ɟɔma.
বাসস্থানে একটি কষ্ট আছে।,There is a distress in the dwelling place.,basɾɛ alad͡ʒʰala menaa.
গতকাল তোমরা দুধ পান করে নদীতে কাজ করবে।,"Yesterday, you all drink the milk and then work in the river.",hɔlaɾɛ apɛ t̪o̯͡a ɲukat̪ɛ gaɖaɾɛ kɘmia.
তারা কথা বলেছে।,They have spoken the word.,oŋko d̪ɔ kat̪ʰa ɾɔɽakada.
লজ্জাটি নতুন।,The shame is new.,bʰɔɾɔm d̪ɔ nɔwaa.
আমরা রান্না ও খাবার খাব।,We will eat the cooked food and the food.,alɛ d̪ɔ basaŋ aɾ ɟɔmaʔ ɟɔma.
গুহাে একটি টাকা আছে।,There is a money in the cave.,bʰugək̕ɾɛ ʈaka menaa.
আমি বাঁধ দেখেছি।,I have seen the embankment.,iɲ d̪ɔ band ɲɛlakada.
সেই সময় আমি ঘড়ি কিনে স্কুলে কাজ করব।,"At that time, I buy the watch and then work in the school.",ɔkt̪ɛɾɛ iɲ gʰuɽi kiɾiɲkat̪ɛ iskulɾɛ kɘmia.
ভাইটি ভালো।,The brother is good.,bɔ͡i̯ha d̪ɔ mɔ̃ɟa.
তোমার বাবা আনন্দের।,Your father is happy.,amaʔ baba d̪ɔ ɾɘskɘa.
আমরা ভাষা বলব না।,We do not speak the language.,alɛ d̪ɔ pɘɾsi balɛ ɾɔɽa.
বিস্তীর্ণ ভূমিে একটি পশুপাখির ডাক আছে।,There is a cry of beasts & c in the wide expanse of land.,bilənɾɛ aɳɖɾac̕ ɔɳɖɾɔc̕ menaa.
তোমার খাবার পরিষ্কার।,Your food is clean.,amaʔ ɟɔmaʔ d̪ɔ sapʰaa.
সে এখন কী করবে?,What will he/she do now?,nit̪ʔ cɛʔi̯ ceka ja.
সেই সময় তুমি ডিমের কুসুম দেখে নদীতে যাবে।,"At that time, you see the yolk of egg and then go to the river.",ɔkt̪ɛɾɛ am bele botke ɲɛlkat̪ɛ gaɖaɾɛ calaʔa.
শহরে একটি প্রাচুর্য আছে।,There is an abundance in the town.,sɔhɔɽɾɛ at͡ʃel pat͡ʃel menaa.
তুমি ডাক্তার সাহায্য করেছ।,You have helped the doctor.,am d̪ɔ ɖak̚t̪aɾ gɔɽɔakada.
তোমরা মোবাইল ফোন কিনবে।,You all will buy the mobile phone.,apɛ d̪ɔ mɔbaĭl pʰon kiɾiɲa.
শিশুটি ছোট।,The child is small.,gid̪ɾɘ d̪ɔ lɘʈua.
"তারা মাছ কিনবে, কিন্তু ঔষধ কিনবে না।","They will buy the fish, but do not buy the medicine.",oŋko d̪ɔ haku kiɾiɲa mɛnkʰan ɾan bako kiɾiɲa.
দয়া করে গ্রামে বসো।,Please sit in the village.,d̪a.ja kat̪ɛ at̪oɾɛ d̪uɽup̚ʔmɛ.
সেই সময় তুমি রান্না খেয়ে হ্রদে খেলবে।,"At that time, you eat the cooked food and then play in the lake.",ɔkt̪ɛɾɛ am basaŋ ɟɔmkat̪ɛ ɟɔlaɾɛ gat̪ea.
দয়া করে গ্রামে যাও।,Please go to the village.,d̪a.ja kat̪ɛ at̪oɾɛ calaʔmɛ.
আমি রান্না খাব।,I will eat the cooked food.,iɲ d̪ɔ basaŋ ɟɔma.
গুড়গুড় শব্দটি নতুন।,The rumbling sound is new.,aʈap̕ uʈup̕ d̪ɔ nɔwaa.
আজ তুমি পাঠ পড়ে বাড়িতে আসবে।,"Today, you study the lesson and then come to the house.",t̪eheɲɾɛ am sikʰnɘt̪ paɽha͡o̯kat̪ɛ ɔɽaʔɾɛ hiɟuʔa.
মহাপ্লাবনটি নতুন।,The deluge is new.,bajaban d̪ɔ nɔwaa.
তারা যাচ্ছে।,They are going.,oŋkoko calaʔɛd̪a.
আমরা ভাষা বলেছিলাম।,We spoke the language.,alɛlɛ pɘɾsi ɾɔɽkeda.
তারা ভাষা পড়বে।,They will study the language.,oŋko d̪ɔ pɘɾsi paɽha͡o̯a.
গতকাল আমরা রান্না খেয়ে শহরে আসব।,"Yesterday, we eat the cooked food and then come to the town.",hɔlaɾɛ alɛ basaŋ ɟɔmkat̪ɛ sɔhɔɽɾɛ hiɟuʔa.
তার পা গুরুত্বপূর্ণ।,His/her foot is important.,uniaʔ kaʈa d̪ɔ ɟɘɾuɽa.
তোমরা ডাক্তার সাহায্য করবে।,You all will help the doctor.,apɛ d̪ɔ ɖak̚t̪aɾ gɔɽɔa.
মুহূর্তটি ভালো।,The moment is good.,abʰeɽ d̪ɔ mɔ̃ɟa.
মোবাইল ফোনটি গুরুত্বপূর্ণ।,The mobile phone is important.,mɔbaĭl pʰon d̪ɔ ɟɘɾuɽa.
তোমরা মারা যাচ্ছ।,You all are dying.,apɛpɛ gɔc̚ʔɛd̪a.
আমাদের কাজ গুরুত্বপূর্ণ।,Our work is important.,alɛaʔ kɘmi d̪ɔ ɟɘɾuɽa.
তুমি খাবার পেয়েছিলে।,You got the food.,amɛm ɟɔmaʔ ɲamkeda.
তারা দুধ পান করবে না।,They do not drink the milk.,oŋko d̪ɔ t̪o̯͡a bako ɲua.
পাড়াে একটি পা আছে।,There is a foot in the neighbourhood.,aɖe paseɾɛ kaʈa menaa.
তারা পাচ্ছে।,They are getting.,oŋkoko ɲamɛd̪a.
আমি ফোঁপানি দেখব না।,I do not see the blubbering.,iɲ d̪ɔ beɲ bɘɲ ɲɛla.
তারা খাবার ও রান্না খাবে।,They will eat the food and the cooked food.,oŋko d̪ɔ ɟɔmaʔ aɾ basaŋ ɟɔma.
সে জিহ্বা দেখেছিল।,He/she saw the tongue.,unii̯ alaŋ ɲɛlkeda.
একটি ঔষধ স্কুলে আছে।,One medicine is in the school.,mit̪ʔ ɾan d̪ɔ iskulɾɛ menaa.
সে উল দেখবে।,He/she will see the wool.,uni d̪ɔ bʰiɖi up̕ ɲɛla.
আজ সে কথা লিখে বাড়িতে খেলবে।,"Today, he/she write the word and then play in the house.",t̪eheɲɾɛ uni kat̪ʰa ɔlɔʔkat̪ɛ ɔɽaʔɾɛ gat̪ea.
গ্রামে একটি কাজ আছে।,There is a work in the village.,at̪oɾɛ kɘmi menaa.
আমরা খাবার কিনেছিলাম।,We bought the food.,alɛlɛ ɟɔmaʔ kiɾiɲkeda.
তোমরা রান্না খেয়েছিলে।,You all ate the cooked food.,apɛpɛ basaŋ ɟɔmkeda.
আমি ভাষা লিখেছিলাম।,I wrote the language.,iɲiɲ pɘɾsi ɔlɔʔkeda.
তোমরা মূল্যায়ন ও ডালিম দেখবে।,You all will see the appraisement and the pomegranate.,apɛ d̪ɔ anman aɾ anaɾ ɲɛla.
তারা মাছ বিক্রি করবে না।,They do not sell the fish.,oŋko d̪ɔ haku bako ɘkʰɾiɲa.
একটি নবজাতক শহরে আছে।,One infant is in the town.,mit̪ʔʈɛn balɛ d̪ɔ sɔhɔɽɾɛ menaa.
বাসস্থানে একটি রোগ আছে।,There is an illness in the dwelling place.,basɾɛ ɾu̯͡ɘ menaa.
আমি আসছি।,I am coming.,iɲiɲ hiɟuʔɛd̪a.
নেতাটি নতুন।,The leader is new.,aglaha d̪ɔ nɔwaa.
আমি ডাক্তার সাহায্য করেছিলাম।,I helped the doctor.,iɲiɲ ɖak̚t̪aɾ gɔɽɔkeda.
আমার ঘড়ি পরিষ্কার।,My watch is clean.,iɲaʔ gʰuɽi d̪ɔ sapʰaa.
তোমার পানি সুস্বাদু।,Your water is tasty.,amaʔ d̪aʔ d̪ɔ sibila.
তার শহর গুরুত্বপূর্ণ।,His/her town is important.,uniaʔ sɔhɔɽ d̪ɔ ɟɘɾuɽa.
তুমি মাছ বিক্রি করেছ।,You have sold the fish.,am d̪ɔ haku ɘkʰɾiɲakada.
বাসিন্দাটি ছোট।,The inhabitant is small.,baskitiə̯ d̪ɔ lɘʈua.
তোমরা সাহায্য করছ।,You all are helping.,apɛpɛ gɔɽɔɛd̪a.
তুমি কথা বলবে।,You will speak the word.,am d̪ɔ kat̪ʰa ɾɔɽa.
তুমি যাচ্ছ।,You is going.,amɛm calaʔɛd̪a.
তারা খাবার পাবে।,They will get the food.,oŋko d̪ɔ ɟɔmaʔ ɲama.
আমাদের পশু তাড়ানোর লাঠি পরিষ্কার।,Our goad is clean.,alɛaʔ aɾd͡ʒan d̪ɔ sapʰaa.
তুমি খাবার ও মাছ খাবে।,You will eat the food and the fish.,am d̪ɔ ɟɔmaʔ aɾ haku ɟɔma.
একটি ভিক্ষুক শহরে আছে।,One beggar is in the town.,mit̪ʔʈɛn bʰikʰəɾi d̪ɔ sɔhɔɽɾɛ menaa.
আমি ভাষা বলব।,I will speak the language.,iɲ d̪ɔ pɘɾsi ɾɔɽa.
তুমি ঘড়ি ও ঔষধ কিনবে।,You will buy the watch and the medicine.,am d̪ɔ gʰuɽi aɾ ɾan kiɾiɲa.
আমরা ঔষধ পাব।,We will get the medicine.,alɛ d̪ɔ ɾan ɲama.
তাদের মধু ভালো।,Their honey is good.,oŋkoaʔ ɲɛlɛɾasa d̪ɔ mɔ̃ɟa.
কিশোরটি পরিষ্কার।,The lad is clean.,bat͡ʃʰɽa d̪ɔ sapʰaa.
তোমরা খাবার কিনবে।,You all will buy the food.,apɛ d̪ɔ ɟɔmaʔ kiɾiɲa.
সকালে আমরা ভাষা পড়ে স্কুলে যাব।,"In the morning, we study the language and then go to the school.",sɛt̪aʔɾɛ alɛ pɘɾsi paɽha͡o̯kat̪ɛ iskulɾɛ calaʔa.
তারা মোবাইল ফোন বিক্রি করবে না।,They do not sell the mobile phone.,oŋko d̪ɔ mɔbaĭl pʰon bako ɘkʰɾiɲa.
তাদের পূর্বপুরুষ গুরুত্বপূর্ণ।,Their patriarch is important.,oŋkoaʔ əgil hapɽam d̪ɔ ɟɘɾuɽa.
আজ আমরা রান্না খেয়ে কুয়ায় যাব।,"Today, we eat the cooked food and then go to the well.",t̪eheɲɾɛ alɛ basaŋ ɟɔmkat̪ɛ kuɲɾɛ calaʔa.
দয়া করে মাছ খাও।,Please eat the fish.,d̪a.ja kat̪ɛ haku ɟɔmmɛ.
তারা রান্না খাবে না।,They do not eat the cooked food.,oŋko d̪ɔ basaŋ bako ɟɔma.
আমি ছবি পেয়েছিলাম।,I got the photo.,iɲiɲ pʰɔʈɔ ɲamkeda.
আমরা পাচ্ছি।,We are getting.,alɛlɛ ɲamɛd̪a.
তোমাদের বাজি ভালো।,Your bet is good.,apɛaʔ bəɾd͡ʒid d̪ɔ mɔ̃ɟa.
সে মা সাহায্য করবে।,He/she will help the mother.,uni d̪ɔ gɔgɔ gɔɽɔa.
পাড়াে একটি প্রণয়ভঙ্গি আছে।,There is a coquetry in the neighbourhood.,aɖe paseɾɛ əngɾa menaa.
তোমরা খাচ্ছ।,You all are eating.,apɛpɛ ɟɔmɛd̪a.
উত্তরাধিকারটি ভালো।,The inheritance is good.,əi̯dəɾi d̪ɔ mɔ̃ɟa.
আজ তারা ঘড়ি কিনে কুয়ায় খেলবে।,"Today, they buy the watch and then play in the well.",t̪eheɲɾɛ oŋko gʰuɽi kiɾiɲkat̪ɛ kuɲɾɛ gat̪ea.
তোমরা ভাষা লিখেছ।,You all have written the language.,apɛ d̪ɔ pɘɾsi ɔlɔʔakada.
আদালতটি নতুন।,The court is new.,adalot d̪ɔ nɔwaa.
তোমরা রক্তমূত্র দেখবে।,You all will see the haematuria.,apɛ d̪ɔ aɾak̕ d͡ʒʰaɾ ɲɛla.
তোমার ঘড়ি গুরুত্বপূর্ণ।,Your watch is important.,amaʔ gʰuɽi d̪ɔ ɟɘɾuɽa.
সে ভাষা লিখেছিল।,He/she wrote the language.,unii̯ pɘɾsi ɔlɔʔkeda.
প্রতিবেশীটি গুরুত্বপূর্ণ।,The neighbours is important.,aɖepaseɾenko d̪ɔ ɟɘɾuɽa.
তোমরা মা সাহায্য করেছিলে।,You all helped the mother.,apɛpɛ gɔgɔ gɔɽɔkeda.
শহর কোথায় আছে?,Where is the town?,sɔhɔɽ d̪ɔ ɔkaɾɛ menaa.
তোমাদের পুঁজ নতুন।,Your pus is new.,apɛaʔ bele d̪ɔ nɔwaa.
আমাদের মজুরি নতুন।,Our wages is new.,alɛaʔ bən d̪ɔ nɔwaa.
তুমি ঘড়ি বিক্রি করবে।,You will sell the watch.,am d̪ɔ gʰuɽi ɘkʰɾiɲa.
তারা খাবার পেয়েছে।,They have gotten the food.,oŋko d̪ɔ ɟɔmaʔ ɲamakada.
তোমরা যাচ্ছ।,You all are going.,apɛpɛ calaʔɛd̪a.
উই পোকাটি ছোট।,The termite is small.,bʰuku d̪ɔ lɘʈua.
"তুমি ঘড়ি বিক্রি করবে, কিন্তু খাবার বিক্রি করবে না।","You will sell the watch, but do not sell the food.",am d̪ɔ gʰuɽi ɘkʰɾiɲa mɛnkʰan ɟɔmaʔ bam ɘkʰɾiɲa.
একটি ঔষধ কুয়ায় আছে।,One medicine is in the well.,mit̪ʔ ɾan d̪ɔ kuɲɾɛ menaa.
তোমাদের আয়না নতুন।,Your mirror is new.,apɛaʔ əɾsi d̪ɔ nɔwaa.
দয়া করে কুয়ায় অপেক্ষা করো।,Please wait in the well.,d̪a.ja kat̪ɛ kuɲɾɛ t̪ɘŋgimɛ.
তাদের ফুল গুরুত্বপূর্ণ।,Their flower is important.,oŋkoaʔ baha d̪ɔ ɟɘɾuɽa.
একটি বাঘ নদীতে আছে।,One tiger is in the river.,mit̪ʔʈɛn t̪ɘɾup̚ʔ d̪ɔ gaɖaɾɛ menaa.
আমরা দুধ পান করেছিলাম।,We drank the milk.,alɛlɛ t̪o̯͡a ɲukeda.
আমরা পানি পান করব না।,We do not drink the water.,alɛ d̪ɔ d̪aʔ balɛ ɲua.
অসম্মানটি গুরুত্বপূর্ণ।,The disrespect is important.,bɛmanɔt d̪ɔ ɟɘɾuɽa.
তোমাদের পা গুরুত্বপূর্ণ।,Your foot is important.,apɛaʔ kaʈa d̪ɔ ɟɘɾuɽa.
আমরা একমুঠো ও টকশাক দেখব।,We will see the handful and the sorel.,alɛ d̪ɔ aɲd͡ʒle aɾ aɾak̕ kudɾum ɲɛla.
"তোমরা প্রণয়ন দেখবে, কিন্তু যন্ত্রপাতি দেখবে না।","You all will see the enactment, but do not see the appliance.",apɛ d̪ɔ ən ɲɛla mɛnkʰan bandʰec̕ bapɛ ɲɛla.
একটি শিশু শহরে আছে।,One child is in the town.,mit̪ʔʈɛn gid̪ɾɘ d̪ɔ sɔhɔɽɾɛ menaa.
বৈশাখ মাসটি পরিষ্কার।,The april-may is clean.,bəi̯sək d̪ɔ sapʰaa.
সকালে তুমি দুধ পান করে গ্রামে আসবে।,"In the morning, you drink the milk and then come to the village.",sɛt̪aʔɾɛ am t̪o̯͡a ɲukat̪ɛ at̪oɾɛ hiɟuʔa.
নদীতে একটি গান আছে।,There is a song in the river.,gaɖaɾɛ seɾeɲ menaa.
সে ঘড়ি বিক্রি করবে।,He/she will sell the watch.,uni d̪ɔ gʰuɽi ɘkʰɾiɲa.
স্কুলে একটি ভাষা আছে।,There is a language in the school.,iskulɾɛ pɘɾsi menaa.
আমি খাবার পাব।,I will get the food.,iɲ d̪ɔ ɟɔmaʔ ɲama.
মাটি ছোট।,The mother is small.,gɔgɔ d̪ɔ lɘʈua.
বাসস্থানে একটি খড় আছে।,There is a chaff in the residence.,basaɾɛ bʰusə menaa.
তারা ঘড়ি ও খাবার কিনবে।,They will buy the watch and the food.,oŋko d̪ɔ gʰuɽi aɾ ɟɔmaʔ kiɾiɲa.
তুমি আসছ।,You is coming.,amɛm hiɟuʔɛd̪a.
কোমরবন্ধটি পরিষ্কার।,The girth is clean.,beɽband d̪ɔ sapʰaa.
তারা ঘড়ি ও মোবাইল ফোন কিনবে।,They will buy the watch and the mobile phone.,oŋko d̪ɔ gʰuɽi aɾ mɔbaĭl pʰon kiɾiɲa.
গতকাল সে পাঠ পড়ে স্কুলে খেলবে।,"Yesterday, he/she study the lesson and then play in the school.",hɔlaɾɛ uni sikʰnɘt̪ paɽha͡o̯kat̪ɛ iskulɾɛ gat̪ea.
তোমরা খাবার খাবে না।,You all do not eat the food.,apɛ d̪ɔ ɟɔmaʔ bapɛ ɟɔma.
মধুটি পরিষ্কার।,The honey is clean.,ɲɛlɛɾasa d̪ɔ sapʰaa.
আত্মীয়টি নতুন।,The kindred is new.,əpus d̪ɔ nɔwaa.
তাদের পিঁপড়া ভালো।,Their ant is good.,oŋkoaʔ muc̚ʔ d̪ɔ mɔ̃ɟa.
তারা শব্দ করছে।,They are sounding.,oŋkoko ɾaːgɛd̪a.
গতকাল আমি দুধ পান করে নদীতে কাজ করব।,"Yesterday, I drink the milk and then work in the river.",hɔlaɾɛ iɲ t̪o̯͡a ɲukat̪ɛ gaɖaɾɛ kɘmia.
আমার মাছ ভালো।,My fish is good.,iɲaʔ haku d̪ɔ mɔ̃ɟa.
"সে খাবার খাবে, কিন্তু খাবার খাবে না।","He/she will eat the food, but does not eat the food.",uni d̪ɔ ɟɔmaʔ ɟɔma mɛnkʰan ɟɔmaʔ bai̯ ɟɔma.
আত্মীয়টি পরিষ্কার।,The kindred is clean.,əpus d̪ɔ sapʰaa.
কুয়ায় একটি বাঁধ আছে।,There is an embankment in the well.,kuɲɾɛ band menaa.
আজ তোমরা পাঠ পড়ে শহরে আসবে।,"Today, you all study the lesson and then come to the town.",t̪eheɲɾɛ apɛ sikʰnɘt̪ paɽha͡o̯kat̪ɛ sɔhɔɽɾɛ hiɟuʔa.
তোমরা হাত দেখেছিলে।,You all saw the hand.,apɛpɛ t̪i ɲɛlkeda.
শহরে একটি দুধ আছে।,There is a milk in the town.,sɔhɔɽɾɛ t̪o̯͡a menaa.
আমরা ঘড়ি কিনব।,We will buy the watch.,alɛ d̪ɔ gʰuɽi kiɾiɲa.
আমি পা দেখব না।,I do not see the foot.,iɲ d̪ɔ kaʈa bɘɲ ɲɛla.
গুহাে একটি শত্রু আছে।,There is an enemy in the cave.,bʰugək̕ɾɛ bəi̯ɾi menaa.
ফ্যাথমটি গুরুত্বপূর্ণ।,The fathom is important.,aɾpa d̪ɔ ɟɘɾuɽa.
তাদের ব্রাহ্মণ পরিষ্কার।,Their brahman is clean.,oŋkoaʔ babɾẽ d̪ɔ sapʰaa.
সে কথা পড়বে।,He/she will study the word.,uni d̪ɔ kat̪ʰa paɽha͡o̯a.
নদীতে একটি কথা আছে।,There is a word in the river.,gaɖaɾɛ kat̪ʰa menaa.
সকালে আমরা পানি পান করে কুয়ায় খেলব।,"In the morning, we drink the water and then play in the well.",sɛt̪aʔɾɛ alɛ d̪aʔ ɲukat̪ɛ kuɲɾɛ gat̪ea.
সকালে তারা ভাষা লিখে নদীতে খেলবে।,"In the morning, they write the language and then play in the river.",sɛt̪aʔɾɛ oŋko pɘɾsi ɔlɔʔkat̪ɛ gaɖaɾɛ gat̪ea.
তুমি কাজ করছ।,You is working.,amɛm kɘmiɛd̪a.
প্রণয়নটি ভালো।,The enactment is good.,ən d̪ɔ mɔ̃ɟa.
তারা এক ধরনের বাদ্যযন্ত্র ও মুক্তি দেখবে।,They will see the a kind of fiddle and the salvation.,oŋko d̪ɔ banam aɾ baɲt͡ʃao̯k̕ ɲɛla.
একটি বামন বাড়িতে আছে।,One dwarf is in the house.,mit̪ʔʈɛn bãoɽã d̪ɔ ɔɽaʔɾɛ menaa.
আজ সে পানি পান করে গ্রামে কাজ করবে।,"Today, he/she drink the water and then work in the village.",t̪eheɲɾɛ uni d̪aʔ ɲukat̪ɛ at̪oɾɛ kɘmia.
"আমরা মানুষ সাহায্য করব, কিন্তু বাবা সাহায্য করব না।","We will help the person, but do not help the father.",alɛ d̪ɔ hɔɽ gɔɽɔa mɛnkʰan baba balɛ gɔɽɔa.
বিস্তীর্ণ ভূমিে একটি আতশবাজি আছে।,There is a fireworks in the wide expanse of land.,bilənɾɛ bʰui̯t͡ʃampa menaa.
আমি এখন কী করবে?,What will I do now?,nit̪ʔ cɛʔiɲ ceka ja.
সকালে আমরা মোবাইল ফোন কিনে কুয়ায় কাজ করব।,"In the morning, we buy the mobile phone and then work in the well.",sɛt̪aʔɾɛ alɛ mɔbaĭl pʰon kiɾiɲkat̪ɛ kuɲɾɛ kɘmia.
আমার কুয়া গুরুত্বপূর্ণ।,My well is important.,iɲaʔ kuɲ d̪ɔ ɟɘɾuɽa.
"আমি মা সাহায্য করব, কিন্তু মা সাহায্য করব না।","I will help the mother, but do not help the mother.",iɲ d̪ɔ gɔgɔ gɔɽɔa mɛnkʰan gɔgɔ bɘɲ gɔɽɔa.
ডাক্তারটি ভালো।,The doctor is good.,ɖak̚t̪aɾ d̪ɔ mɔ̃ɟa.
বাসস্থানে একটি কুয়া আছে।,There is a well in the residence.,basaɾɛ kuɲ menaa.
তোমার শিশু ভালো।,Your child is good.,amaʔ gid̪ɾɘ d̪ɔ mɔ̃ɟa.
আমরা খেলছি।,We are playing.,alɛlɛ gat̪eɛd̪a.
সে ভাষা বলবে।,He/she will speak the language.,uni d̪ɔ pɘɾsi ɾɔɽa.
তারা খাবার পেয়েছিল।,They got the food.,oŋkoko ɟɔmaʔ ɲamkeda.
সে টাকা পাবে।,He/she will get the money.,uni d̪ɔ ʈaka ɲama.
হ্রদে একটি মানুষ আছে।,There is a person in the lake.,ɟɔlaɾɛ hɔɽ menaa.
তোমরা মানুষ সাহায্য করবে না।,You all do not help the person.,apɛ d̪ɔ hɔɽ bapɛ gɔɽɔa.
আমি খেলছি।,I am playing.,iɲiɲ gat̪eɛd̪a.
আমরা খাবার পেয়েছি।,We have gotten the food.,alɛ d̪ɔ ɟɔmaʔ ɲamakada.
"তারা খাবার পাবে, কিন্তু টাকা পাবে না।","They will get the food, but do not get the money.",oŋko d̪ɔ ɟɔmaʔ ɲama mɛnkʰan ʈaka bako ɲama.
উঠানে একটি অশান্তি আছে।,There is an unrest in the courtyard of house.,bəteɾɛ bɛtʰiɾ menaa.
সে দুধ ও পানি পান করবে।,He/she will drink the milk and the water.,uni d̪ɔ t̪o̯͡a aɾ d̪aʔ ɲua.
কুয়ায় একটি অর্জন আছে।,There is a gain in the well.,kuɲɾɛ ae̯ upəi̯ menaa.
সে কথা বলেছিল।,He/she spoke the word.,unii̯ kat̪ʰa ɾɔɽkeda.
"আমরা বেশ্যা দেখব, কিন্তু নেতিবাচক দেখব না।","We will see the harlot, but do not see the negative.",alɛ d̪ɔ bət͡ʃkəɾ ɲɛla mɛnkʰan baŋ balɛ ɲɛla.
আমার বাবা ভালো।,My father is good.,iɲaʔ baba d̪ɔ mɔ̃ɟa.
তুমি মা সাহায্য করবে না।,You do not help the mother.,am d̪ɔ gɔgɔ bam gɔɽɔa.
আজ তোমরা খাবার কিনে নদীতে খেলবে।,"Today, you all buy the food and then play in the river.",t̪eheɲɾɛ apɛ ɟɔmaʔ kiɾiɲkat̪ɛ gaɖaɾɛ gat̪ea.
দয়া করে দুধ পান করো।,Please drink the milk.,d̪a.ja kat̪ɛ t̪o̯͡a ɲumɛ.
আমরা আসছি।,We are coming.,alɛlɛ hiɟuʔɛd̪a.
নিকটবর্তী এলাকাে একটি অবশিষ্ট আছে।,There is a residue in the vicinity.,aɖe ʈolaɾɛ bəɖɾə menaa.
স্কুলে একটি ভাই আছে।,There is a brother in the school.,iskulɾɛ baɾet menaa.
আমি খিঁচুনি দেখব।,I will see the convulsions.,iɲ d̪ɔ ḅahiɾ bəi̯ ɲɛla.
তারা পাঠ পড়বে না।,They do not study the lesson.,oŋko d̪ɔ sikʰnɘt̪ bako paɽha͡o̯a.
তুমি মোবাইল ফোন বিক্রি করবে না।,You do not sell the mobile phone.,am d̪ɔ mɔbaĭl pʰon bam ɘkʰɾiɲa.
বাবাটি ছোট।,The father is small.,baba d̪ɔ lɘʈua.
আমি কাজ করছি।,I am working.,iɲiɲ kɘmiɛd̪a.
তোমরা অতিরিক্ত খাজনা দেখবে।,You all will see the additional assessment on rent.,apɛ d̪ɔ bʰed͡ʒa ɲɛla.
স্কুলটি গুরুত্বপূর্ণ।,The school is important.,iskul d̪ɔ ɟɘɾuɽa.
তাদের শহর নতুন।,Their town is new.,oŋkoaʔ sɔhɔɽ d̪ɔ nɔwaa.
পৈতৃক সম্পত্তিটি ভালো।,The paternal estate is good.,bapɔti dʰo d̪ɔ mɔ̃ɟa.
"আমি ঝুড়ি দেখব, কিন্তু দেওয়াল দেখব না।","I will see the basket, but do not see the wall.",iɲ d̪ɔ bʰad͡ʒan ɲɛla mɛnkʰan bʰit bɘɲ ɲɛla.
দয়া করে নদীতে বসো।,Please sit in the river.,d̪a.ja kat̪ɛ gaɖaɾɛ d̪uɽup̚ʔmɛ.
বামনটি ভালো।,The dwarf is good.,bãoɽã d̪ɔ mɔ̃ɟa.
গতকাল তোমরা দুধ পান করে হ্রদে কাজ করবে।,"Yesterday, you all drink the milk and then work in the lake.",hɔlaɾɛ apɛ t̪o̯͡a ɲukat̪ɛ ɟɔlaɾɛ kɘmia.
ফকিরটি পরিষ্কার।,The fakeer is clean.,babad͡ʒi d̪ɔ sapʰaa.
বাসস্থানে একটি উৎসব আছে।,There is a festival in the dwelling place.,basɾɛ pɔɾɔb menaa.
তার দাম পরিষ্কার।,His/her price is clean.,uniaʔ bʰao̯ d̪ɔ sapʰaa.
তার পা ভালো।,His/her leg is good.,uniaʔ ɟaŋga d̪ɔ mɔ̃ɟa.
তোমার রান্না পরিষ্কার।,Your cooked food is clean.,amaʔ basaŋ d̪ɔ sapʰaa.
তোমার দেওয়াল নতুন।,Your wall is new.,amaʔ bʰit d̪ɔ nɔwaa.
জাফরিটি গুরুত্বপূর্ণ।,The lattice work is important.,bata d̪ɔ ɟɘɾuɽa.
তারা পবিত্র সিন্দুক দেখেছে।,They have seen the ark of the covenant.,oŋko d̪ɔ ən sunduk ɲɛlakada.
তারা ভাষা বলবে না।,They do not speak the language.,oŋko d̪ɔ pɘɾsi bako ɾɔɽa.
তুমি খাবার খেয়েছ।,You have eaten the food.,am d̪ɔ ɟɔmaʔ ɟɔmakada.
তারা রান্না খেয়েছে।,They have eaten the cooked food.,oŋko d̪ɔ basaŋ ɟɔmakada.
পাটি ভালো।,The leg is good.,ɟaŋga d̪ɔ mɔ̃ɟa.
একটি মাছ হ্রদে আছে।,One fish is in the lake.,mit̪ʔ haku d̪ɔ ɟɔlaɾɛ menaa.
তুমি মারা যাচ্ছ।,You is dying.,amɛm gɔc̚ʔɛd̪a.
দয়া করে পানি পান করো।,Please drink the water.,d̪a.ja kat̪ɛ d̪aʔ ɲumɛ.
গুহাে একটি জীবন আছে।,There is a life in the cave.,bʰugək̕ɾɛ ɟiŋgi menaa.
তারা মা সাহায্য করেছে।,They have helped the mother.,oŋko d̪ɔ gɔgɔ gɔɽɔakada.
দয়া করে বাড়িতে যাও।,Please go to the house.,d̪a.ja kat̪ɛ ɔɽaʔɾɛ calaʔmɛ.
পাল (নৌকার)টি পরিষ্কার।,The sail is clean.,baɖɔm d̪ɔ sapʰaa.
আমি ভাষা পড়েছি।,I have studied the language.,iɲ d̪ɔ pɘɾsi paɽha͡o̯akada.
তারা ভাষা বলবে।,They will speak the language.,oŋko d̪ɔ pɘɾsi ɾɔɽa.
"তুমি খাবার পাবে, কিন্তু ছবি পাবে না।","You will get the food, but do not get the photo.",am d̪ɔ ɟɔmaʔ ɲama mɛnkʰan pʰɔʈɔ bam ɲama.
তারা মারা যাচ্ছে।,They are dying.,oŋkoko gɔc̚ʔɛd̪a.
আমি খাবার বিক্রি করব না।,I do not sell the food.,iɲ d̪ɔ ɟɔmaʔ bɘɲ ɘkʰɾiɲa.
একটি ভাগ্নী হ্রদে আছে।,One niece is in the lake.,mit̪ʔʈɛn bʰət͡ʃə d̪ɔ ɟɔlaɾɛ menaa.
একটি উত্তরাধিকার শহরে আছে।,One heritage is in the town.,mit̪ʔʈɛn bapɔti dʰɔn d̪ɔ sɔhɔɽɾɛ menaa.
তোমরা কথা বলবে।,You all will speak the word.,apɛ d̪ɔ kat̪ʰa ɾɔɽa.
তুমি দুধ পান করবে না।,You do not drink the milk.,am d̪ɔ t̪o̯͡a bam ɲua.
আমরা কেমন আছে?,How are we?,cɛt̪ʔlɛka menlɛa.
আমার ঔষধ নতুন।,My medicine is new.,iɲaʔ ɾan d̪ɔ nɔwaa.
নদীতে একটি সময় আছে।,There is a time in the river.,gaɖaɾɛ ɔkt̪ɛ menaa.
আমি দুধ পান করেছি।,I have drunk the milk.,iɲ d̪ɔ t̪o̯͡a ɲuakada.
শহরে একটি আদালত আছে।,There is a court in the town.,sɔhɔɽɾɛ adalot menaa.
আমরা ডাক্তার সাহায্য করব না।,We do not help the doctor.,alɛ d̪ɔ ɖak̚t̪aɾ balɛ gɔɽɔa.
"আমি ভাষা বলব, কিন্তু ভাষা বলব না।","I will speak the language, but do not speak the language.",iɲ d̪ɔ pɘɾsi ɾɔɽa mɛnkʰan pɘɾsi bɘɲ ɾɔɽa.
একটি উত্তরাধিকার বাড়িতে আছে।,One heritage is in the house.,mit̪ʔʈɛn bapɔti dʰɔn d̪ɔ ɔɽaʔɾɛ menaa.
"সে ভাষা লিখবে, কিন্তু ভাষা লিখবে না।","He/she will write the language, but does not write the language.",uni d̪ɔ pɘɾsi ɔlɔʔa mɛnkʰan pɘɾsi bai̯ ɔlɔʔa.
তাদের মা আনন্দের।,Their mother is happy.,oŋkoaʔ gɔgɔ d̪ɔ ɾɘskɘa.
তারা পানি পান করবে।,They will drink the water.,oŋko d̪ɔ d̪aʔ ɲua.
ইংল্যান্ডে একটি খাবারের অবশিষ্ট আছে।,There is a leftover food in the england.,bilətɾɛ əi̯ʈʰə menaa.
তুমি কথা পড়েছিলে।,You studied the word.,amɛm kat̪ʰa paɽha͡o̯keda.
তোমরা খাবার পাবে।,You all will get the food.,apɛ d̪ɔ ɟɔmaʔ ɲama.
সেই সময় আমরা অনুরোধ দেখে স্কুলে কাজ করব।,"At that time, we see the request and then work in the school.",ɔkt̪ɛɾɛ alɛ aɾd͡ʒa əɾd͡ʒi ɲɛlkat̪ɛ iskulɾɛ kɘmia.
সে কথা বলবে।,He/she will speak the word.,uni d̪ɔ kat̪ʰa ɾɔɽa.
আমার গ্রাম ভালো।,My village is good.,iɲaʔ at̪o d̪ɔ mɔ̃ɟa.
গতকাল আমরা মধু খেয়ে বাড়িতে কাজ করব।,"Yesterday, we eat the honey and then work in the house.",hɔlaɾɛ alɛ ɲɛlɛɾasa ɟɔmkat̪ɛ ɔɽaʔɾɛ kɘmia.
আমরা খাবার বিক্রি করেছিলাম।,We sold the food.,alɛlɛ ɟɔmaʔ ɘkʰɾiɲkeda.
হ্রদটি গুরুত্বপূর্ণ।,The lake is important.,ɟɔla d̪ɔ ɟɘɾuɽa.
আমি আদিবাসী দেখব না।,I do not see the aborigines.,iɲ d̪ɔ bəu̯ɾi bɘɲ ɲɛla.
আমার পানি পরিষ্কার।,My water is clean.,iɲaʔ d̪aʔ d̪ɔ sapʰaa.
তার স্ত্রী আনন্দের।,His/her wife is happy.,uniaʔ bəhu d̪ɔ ɾɘskɘa.
"আমরা ভাষা বলব, কিন্তু ভাষা বলব না।","We will speak the language, but do not speak the language.",alɛ d̪ɔ pɘɾsi ɾɔɽa mɛnkʰan pɘɾsi balɛ ɾɔɽa.
তুমি ভাষা লিখেছিলে।,You wrote the language.,amɛm pɘɾsi ɔlɔʔkeda.
তুমি মাছ কিনবে না।,You do not buy the fish.,am d̪ɔ haku bam kiɾiɲa.
আজ তারা মোবাইল ফোন কিনে স্কুলে আসবে।,"Today, they buy the mobile phone and then come to the school.",t̪eheɲɾɛ oŋko mɔbaĭl pʰon kiɾiɲkat̪ɛ iskulɾɛ hiɟuʔa.
সে মাছ খাবে না।,He/she does not eat the fish.,uni d̪ɔ haku bai̯ ɟɔma.
আমাদের টাকা নতুন।,Our money is new.,alɛaʔ ʈaka d̪ɔ nɔwaa.
তাদের ঘড়ি গুরুত্বপূর্ণ।,Their watch is important.,oŋkoaʔ gʰuɽi d̪ɔ ɟɘɾuɽa.
হ্রদে একটি কুমড়ো আছে।,There is a pumpkin in the lake.,ɟɔlaɾɛ bə̃ɽĩə kohɳɖa menaa.
সেই সময় আমরা ভাষা লিখে শহরে আসব।,"At that time, we write the language and then come to the town.",ɔkt̪ɛɾɛ alɛ pɘɾsi ɔlɔʔkat̪ɛ sɔhɔɽɾɛ hiɟuʔa.
সে খেলছে।,He/she is playing.,unii̯ gat̪eɛd̪a.
তারা মানুষ সাহায্য করবে না।,They do not help the person.,oŋko d̪ɔ hɔɽ bako gɔɽɔa.
"আমরা খাবার বিক্রি করব, কিন্তু ঘড়ি বিক্রি করব না।","We will sell the food, but do not sell the watch.",alɛ d̪ɔ ɟɔmaʔ ɘkʰɾiɲa mɛnkʰan gʰuɽi balɛ ɘkʰɾiɲa.
আমি লক্ষ্যবস্তু দেখব।,I will see the target.,iɲ d̪ɔ bed͡ʒʰa ɲɛla.
তারা বলছে।,They are speaking.,oŋkoko ɾɔɽɛd̪a.
তোমরা মাছ ও ঘড়ি কিনবে।,You all will buy the fish and the watch.,apɛ d̪ɔ haku aɾ gʰuɽi kiɾiɲa.
তারা ডাক্তার সাহায্য করবে না।,They do not help the doctor.,oŋko d̪ɔ ɖak̚t̪aɾ bako gɔɽɔa.
আমরা দুধ পান করব।,We will drink the milk.,alɛ d̪ɔ t̪o̯͡a ɲua.
বাড়িতে একটি ভূত আছে।,There is an apparition in the house.,ɔɽaʔɾɛ bʰeo̯na menaa.
আজ আমরা মাছ খেয়ে হ্রদে যাব।,"Today, we eat the fish and then go to the lake.",t̪eheɲɾɛ alɛ haku ɟɔmkat̪ɛ ɟɔlaɾɛ calaʔa.
বাসস্থানে একটি রান্না আছে।,There is a cooked food in the dwelling place.,basɾɛ basaŋ menaa.
তারা ঔষধ কিনবে।,They will buy the medicine.,oŋko d̪ɔ ɾan kiɾiɲa.
তারা মধু খেয়েছে।,They have eaten the honey.,oŋko d̪ɔ ɲɛlɛɾasa ɟɔmakada.
আমাদের ভণ্ড আনন্দের।,Our pretender is happy.,alɛaʔ bʰiduk d̪ɔ ɾɘskɘa.
শহরে একটি বাড়ি আছে।,There is a house in the town.,sɔhɔɽɾɛ ɔɽaʔ menaa.
আমি মোবাইল ফোন বিক্রি করব।,I will sell the mobile phone.,iɲ d̪ɔ mɔbaĭl pʰon ɘkʰɾiɲa.
আমি পাঠ পড়েছি।,I have studied the lesson.,iɲ d̪ɔ sikʰnɘt̪ paɽha͡o̯akada.
আস্থাটি পরিষ্কার।,The confidence is clean.,baɾsa d̪ɔ sapʰaa.
সেই সময় তারা দুধ পান করে হ্রদে খেলবে।,"At that time, they drink the milk and then play in the lake.",ɔkt̪ɛɾɛ oŋko t̪o̯͡a ɲukat̪ɛ ɟɔlaɾɛ gat̪ea.
আমাদের ভূমিকম্প ভালো।,Our earthquake is good.,alɛaʔ bʰut͡ʃampa d̪ɔ mɔ̃ɟa.
তোমরা কথা পড়বে না।,You all do not study the word.,apɛ d̪ɔ kat̪ʰa bapɛ paɽha͡o̯a.
ছাগলের বিষ্ঠাটি ছোট।,The goat's dropping is small.,bʰelə̃uɳɖi d̪ɔ lɘʈua.
তোমাদের বাঘ ভালো।,Your tiger is good.,apɛaʔ t̪ɘɾup̚ʔ d̪ɔ mɔ̃ɟa.
ব্যাঙের ডাকটি পরিষ্কার।,The croak of frogs is clean.,bɛbɛ d̪ɔ sapʰaa.
তুমি মাছ ও খাবার খাবে।,You will eat the fish and the food.,am d̪ɔ haku aɾ ɟɔmaʔ ɟɔma.
তার শিশু ভালো।,His/her child is good.,uniaʔ gid̪ɾɘ d̪ɔ mɔ̃ɟa.
তারা কথা লিখেছিল।,They wrote the word.,oŋkoko kat̪ʰa ɔlɔʔkeda.
একটি প্রজন্ম বাড়িতে আছে।,One generation is in the house.,mit̪ʔʈɛn bibɔɾɔn d̪ɔ ɔɽaʔɾɛ menaa.
তোমরা অপেক্ষা করছ।,You all are waiting.,apɛpɛ t̪ɘŋgiɛd̪a.
আমরা কথা লিখেছিলাম।,We wrote the word.,alɛlɛ kat̪ʰa ɔlɔʔkeda.
তাদের শহর পরিষ্কার।,Their town is clean.,oŋkoaʔ sɔhɔɽ d̪ɔ sapʰaa.
আমি ঘড়ি বিক্রি করেছিলাম।,I sold the watch.,iɲiɲ gʰuɽi ɘkʰɾiɲkeda.
তুমি কিশোর দেখবে না।,You do not see the lad.,am d̪ɔ bat͡ʃʰɽa bam ɲɛla.
তোমরা বনরুই দেখেছ।,You all have seen the ant-eater.,apɛ d̪ɔ aɾba ɲɛlakada.
সেই সময় তুমি ভাষা লিখে গ্রামে আসবে।,"At that time, you write the language and then come to the village.",ɔkt̪ɛɾɛ am pɘɾsi ɔlɔʔkat̪ɛ at̪oɾɛ hiɟuʔa.
আমার ঝড়বৃষ্টি নতুন।,My storm of wind & rain is new.,iɲaʔ əndʰi dak̕ d̪ɔ nɔwaa.
তুমি ভাষা লিখেছ।,You have written the language.,am d̪ɔ pɘɾsi ɔlɔʔakada.
তোমাদের ফুলের বৃতি পরিষ্কার।,Your calyx of flower is clean.,apɛaʔ bɛnɛt d̪ɔ sapʰaa.
তোমরা খাবার বিক্রি করবে না।,You all do not sell the food.,apɛ d̪ɔ ɟɔmaʔ bapɛ ɘkʰɾiɲa.
তুমি খাবার ও মাছ কিনবে।,You will buy the food and the fish.,am d̪ɔ ɟɔmaʔ aɾ haku kiɾiɲa.
তারা দুধ পান করেছিল।,They drank the milk.,oŋkoko t̪o̯͡a ɲukeda.
তুমি ডাক্তার সাহায্য করবে।,You will help the doctor.,am d̪ɔ ɖak̚t̪aɾ gɔɽɔa.
স্কুলে একটি মোবাইল ফোন আছে।,There is a mobile phone in the school.,iskulɾɛ mɔbaĭl pʰon menaa.
নদীতে একটি অবসর আছে।,There is a leisure in the river.,gaɖaɾɛ apʰsoɾ menaa.
বাসস্থানে একটি কাজ আছে।,There is a work in the dwelling place.,basɾɛ kɘmi menaa.
সেই সময় তোমরা খাবার খেয়ে হ্রদে আসবে।,"At that time, you all eat the food and then come to the lake.",ɔkt̪ɛɾɛ apɛ ɟɔmaʔ ɟɔmkat̪ɛ ɟɔlaɾɛ hiɟuʔa.
"আমরা খাবার বিক্রি করব, কিন্তু মাছ বিক্রি করব না।","We will sell the food, but do not sell the fish.",alɛ d̪ɔ ɟɔmaʔ ɘkʰɾiɲa mɛnkʰan haku balɛ ɘkʰɾiɲa.
সে পাত্র দেখবে না।,He/she does not see the receptacle.,uni d̪ɔ anataŋ bai̯ ɲɛla.
তারা পাঠ পড়বে।,They will study the lesson.,oŋko d̪ɔ sikʰnɘt̪ paɽha͡o̯a.
বাসস্থানে একটি মধু আছে।,There is a honey in the residence.,basaɾɛ ɲɛlɛɾasa menaa.
সে ভাড়াটে কর্মী ও নেতিবাচক দেখবে।,He/she will see the hired worker and the negative.,uni d̪ɔ bənkəɾ aɾ baŋ ɲɛla.
তুমি ঘড়ি কিনবে।,You will buy the watch.,am d̪ɔ gʰuɽi kiɾiɲa.
তার খাবার পরিষ্কার।,His/her food is clean.,uniaʔ ɟɔmaʔ d̪ɔ sapʰaa.
তোমরা কালো ভাল্লুক ও বাদ পড়া দেখবে।,You all will see the black bear and the omission.,apɛ d̪ɔ bana aɾ bʰul t͡ʃuk ɲɛla.
পুকুরটি পরিষ্কার।,The pool is clean.,agʰoɾni d̪ɔ sapʰaa.
মা কোথায় আছে?,Where is the mother?,gɔgɔ d̪ɔ ɔkaɾɛ menaa.
তোমার উৎসব নতুন।,Your festival is new.,amaʔ pɔɾɔb d̪ɔ nɔwaa.
দয়া করে কথা লিখো।,Please write the word.,d̪a.ja kat̪ɛ kat̪ʰa ɔlɔʔmɛ.
সে বিশ দেখবে।,He/she will see the twenty.,uni d̪ɔ baɾ gɛl ɲɛla.
সে কথা লিখবে।,He/she will write the word.,uni d̪ɔ kat̪ʰa ɔlɔʔa.
"আমরা অভিযোগকারী দেখব, কিন্তু উই পোকা দেখব না।","We will see the accuser, but do not see the termite.",alɛ d̪ɔ bədi ɲɛla mɛnkʰan bʰuku balɛ ɲɛla.
একটি নবজাতক হ্রদে আছে।,One infant is in the lake.,mit̪ʔʈɛn balɛ d̪ɔ ɟɔlaɾɛ menaa.
তোমরা আসছ।,You all are coming.,apɛpɛ hiɟuʔɛd̪a.
তুমি পাঠ পড়বে।,You will study the lesson.,am d̪ɔ sikʰnɘt̪ paɽha͡o̯a.
ইংল্যান্ডে একটি শ্রমিক আছে।,There is a navvy in the england.,bilətɾɛ beldaɾ menaa.
হাত কোথায় আছে?,Where is the hand?,t̪i d̪ɔ ɔkaɾɛ menaa.
ইংল্যান্ডে একটি মা আছে।,There is a mother in the england.,bilətɾɛ gɔgɔ menaa.
পাড়াে একটি আদালত আছে।,There is a court in the neighbourhood.,aɖe paseɾɛ adalot menaa.
আমি রান্না ও মধু খাব।,I will eat the cooked food and the honey.,iɲ d̪ɔ basaŋ aɾ ɲɛlɛɾasa ɟɔma.
আমার ডাক্তার ভালো।,My doctor is good.,iɲaʔ ɖak̚t̪aɾ d̪ɔ mɔ̃ɟa.
আমরা খাবার ও মাছ কিনব।,We will buy the food and the fish.,alɛ d̪ɔ ɟɔmaʔ aɾ haku kiɾiɲa.
"সে মোবাইল ফোন কিনবে, কিন্তু মাছ কিনবে না।","He/she will buy the mobile phone, but does not buy the fish.",uni d̪ɔ mɔbaĭl pʰon kiɾiɲa mɛnkʰan haku bai̯ kiɾiɲa.
একটি ঘড়ি বাড়িতে আছে।,One watch is in the house.,mit̪ʔ gʰuɽi d̪ɔ ɔɽaʔɾɛ menaa.
মাফ (হাতঢাকা)টি গুরুত্বপূর্ণ।,The muff is important.,bembʰa d̪ɔ ɟɘɾuɽa.
বাসস্থানে একটি জট পাকানো আছে।,There is a jumble in the residence.,basaɾɛ beɲd͡ʒaɲ biɲd͡ʒiɲ menaa.
দয়া করে ভাষা পড়ো।,Please study the language.,d̪a.ja kat̪ɛ pɘɾsi paɽha͡o̯mɛ.
সেই সময় সে দম্ভ দেখে বাড়িতে খেলবে।,"At that time, he/she see the boasting and then play in the house.",ɔkt̪ɛɾɛ uni bakʰaɾa ɲɛlkat̪ɛ ɔɽaʔɾɛ gat̪ea.
আমরা মোবাইল ফোন বিক্রি করব।,We will sell the mobile phone.,alɛ d̪ɔ mɔbaĭl pʰon ɘkʰɾiɲa.
একটি রান্না হ্রদে আছে।,One cooked food is in the lake.,mit̪ʔ basaŋ d̪ɔ ɟɔlaɾɛ menaa.
"তারা কথা পড়বে, কিন্তু ভাষা পড়বে না।","They will study the word, but do not study the language.",oŋko d̪ɔ kat̪ʰa paɽha͡o̯a mɛnkʰan pɘɾsi bako paɽha͡o̯a.
আমরা বলছি।,We are speaking.,alɛlɛ ɾɔɽɛd̪a.
তারা পড়ছে।,They are studying.,oŋkoko paɽha͡o̯ɛd̪a.
উঠানে একটি ছাগলের বিষ্ঠা আছে।,There is a goat's dropping in the courtyard of house.,bəteɾɛ bʰelə̃uɳɖi menaa.
আমি ঔষধ ও মোবাইল ফোন কিনব।,I will buy the medicine and the mobile phone.,iɲ d̪ɔ ɾan aɾ mɔbaĭl pʰon kiɾiɲa.
"তোমরা একমুঠো দেখবে, কিন্তু সম্পদ দেখবে না।","You all will see the handful, but do not see the wealth.",apɛ d̪ɔ aɲd͡ʒle ɲɛla mɛnkʰan at͡ʃel bapɛ ɲɛla.
তুমি এক প্রজাতির হরিণ দেখেছিলে।,You saw the a species of antelope.,amɛm bʰãoʈia ɲɛlkeda.
উঠানে একটি আমড়া (ফল) আছে।,There is a hog plum in the courtyard of house.,bəteɾɛ bədʰiə̯ menaa.
আমরা পানি ও দুধ পান করব।,We will drink the water and the milk.,alɛ d̪ɔ d̪aʔ aɾ t̪o̯͡a ɲua.
উৎসবটি নতুন।,The festival is new.,pɔɾɔb d̪ɔ nɔwaa.
আমরা পাঠ পড়েছিলাম।,We studied the lesson.,alɛlɛ sikʰnɘt̪ paɽha͡o̯keda.
আমি কথা পড়েছিলাম।,I studied the word.,iɲiɲ kat̪ʰa paɽha͡o̯keda.
আমার ভাই ছোট।,My brother is small.,iɲaʔ bɔ͡i̯ha d̪ɔ lɘʈua.
"তুমি ভাষা বলবে, কিন্তু কথা বলবে না।","You will speak the language, but do not speak the word.",am d̪ɔ pɘɾsi ɾɔɽa mɛnkʰan kat̪ʰa bam ɾɔɽa.
তারা সাহায্য করছে।,They are helping.,oŋkoko gɔɽɔɛd̪a.
উৎসবটি ভালো।,The festival is good.,pɔɾɔb d̪ɔ mɔ̃ɟa.
নদীতে একটি মা আছে।,There is a mother in the river.,gaɖaɾɛ gɔgɔ menaa.
তারা খাবার খেয়েছিল।,They ate the food.,oŋkoko ɟɔmaʔ ɟɔmkeda.
তারা মোবাইল ফোন বিক্রি করেছিল।,They sold the mobile phone.,oŋkoko mɔbaĭl pʰon ɘkʰɾiɲkeda.
আমরা খাবার বিক্রি করব।,We will sell the food.,alɛ d̪ɔ ɟɔmaʔ ɘkʰɾiɲa.
তুমি মা সাহায্য করবে।,You will help the mother.,am d̪ɔ gɔgɔ gɔɽɔa.
সে মধু ও মাছ খাবে।,He/she will eat the honey and the fish.,uni d̪ɔ ɲɛlɛɾasa aɾ haku ɟɔma.
"তুমি পানি পান করবে, কিন্তু পানি পান করবে না।","You will drink the water, but do not drink the water.",am d̪ɔ d̪aʔ ɲua mɛnkʰan d̪aʔ bam ɲua.
তোমাদের ভাষা নতুন।,Your language is new.,apɛaʔ pɘɾsi d̪ɔ nɔwaa.
তারা গুড়গুড় শব্দ দেখবে।,They will see the rumbling sound.,oŋko d̪ɔ aʈap̕ uʈup̕ ɲɛla.
একটি মা কুয়ায় আছে।,One mother is in the well.,mit̪ʔʈɛn ajo d̪ɔ kuɲɾɛ menaa.
বিস্তীর্ণ ভূমিে একটি আমড়া আছে।,There is a hog plum in the wide expanse of land.,bilənɾɛ amɽa menaa.
"আমি ছবি পাব, কিন্তু খাবার পাব না।","I will get the photo, but do not get the food.",iɲ d̪ɔ pʰɔʈɔ ɲama mɛnkʰan ɟɔmaʔ bɘɲ ɲama.
আমরা রান্না খাব।,We will eat the cooked food.,alɛ d̪ɔ basaŋ ɟɔma.
তুমি খাচ্ছ।,You is eating.,amɛm ɟɔmɛd̪a.
বয়লারটি ভালো।,The boiler is good.,bʰəʈʰi d̪ɔ mɔ̃ɟa.
আমরা পাঠ পড়েছি।,We have studied the lesson.,alɛ d̪ɔ sikʰnɘt̪ paɽha͡o̯akada.
তোমরা পাঠ পড়েছিলে।,You all studied the lesson.,apɛpɛ sikʰnɘt̪ paɽha͡o̯keda.
তারা কথা পড়েছিল।,They studied the word.,oŋkoko kat̪ʰa paɽha͡o̯keda.
সে বাগান দেখেছিল।,He/she saw the garden.,unii̯ bagan ɲɛlkeda.
তার হাত পরিষ্কার।,His/her hand is clean.,uniaʔ t̪i d̪ɔ sapʰaa.
বাসস্থানে একটি ডাক্তার আছে।,There is a doctor in the dwelling place.,basɾɛ ɖak̚t̪aɾ menaa.
আঙুরটি পরিষ্কার।,The grape is clean.,aŋguɾ d̪ɔ sapʰaa.
তুমি মধু খেয়েছিলে।,You ate the honey.,amɛm ɲɛlɛɾasa ɟɔmkeda.
মাফ (হাতঢাকা)টি পরিষ্কার।,The muff is clean.,bembʰa d̪ɔ sapʰaa.
ভেড়ার বাচ্চাটি আনন্দের।,The lamb is happy.,bʰiɖi hɔpɔn d̪ɔ ɾɘskɘa.
একটি ভাই গ্রামে আছে।,One brother is in the village.,mit̪ʔʈɛn baɾet d̪ɔ at̪oɾɛ menaa.
আজ তোমরা কথা লিখে শহরে খেলবে।,"Today, you all write the word and then play in the town.",t̪eheɲɾɛ apɛ kat̪ʰa ɔlɔʔkat̪ɛ sɔhɔɽɾɛ gat̪ea.
আমি মধু খেয়েছি।,I have eaten the honey.,iɲ d̪ɔ ɲɛlɛɾasa ɟɔmakada.
তোমার গ্রাম গুরুত্বপূর্ণ।,Your village is important.,amaʔ at̪o d̪ɔ ɟɘɾuɽa.
তারা পানি পান করবে না।,They do not drink the water.,oŋko d̪ɔ d̪aʔ bako ɲua.
তোমরা বাবা সাহায্য করেছ।,You all have helped the father.,apɛ d̪ɔ baba gɔɽɔakada.
একটি ছবি কুয়ায় আছে।,One photo is in the well.,mit̪ʔ pʰɔʈɔ d̪ɔ kuɲɾɛ menaa.
বাসস্থানে একটি পেট ব্যথা আছে।,There is a gripes in the residence.,basaɾɛ bɛɾõʈ duk menaa.
আমরা অভ্যাস ও অশান্তি দেখব।,We will see the habit and the unrest.,alɛ d̪ɔ bʰəsi aɾ bɛtʰiɾ ɲɛla.
অংশীদারটি ভালো।,The partner is good.,bʰəgiə̯ɾi d̪ɔ mɔ̃ɟa.
হাতটি গুরুত্বপূর্ণ।,The hand is important.,t̪i d̪ɔ ɟɘɾuɽa.
আমরা পানি পান করব।,We will drink the water.,alɛ d̪ɔ d̪aʔ ɲua.
একটি টাকা গ্রামে আছে।,One money is in the village.,mit̪ʔ ʈaka d̪ɔ at̪oɾɛ menaa.
হ্রদটি নতুন।,The lake is new.,ɟɔla d̪ɔ nɔwaa.
আমি ঔষধ ও মাছ কিনব।,I will buy the medicine and the fish.,iɲ d̪ɔ ɾan aɾ haku kiɾiɲa.
তোমরা ঘড়ি ও মোবাইল ফোন কিনবে।,You all will buy the watch and the mobile phone.,apɛ d̪ɔ gʰuɽi aɾ mɔbaĭl pʰon kiɾiɲa.
সকালে সে ভাষা লিখে বাড়িতে যাবে।,"In the morning, he/she write the language and then go to the house.",sɛt̪aʔɾɛ uni pɘɾsi ɔlɔʔkat̪ɛ ɔɽaʔɾɛ calaʔa.
ছোট কুঠারটি গুরুত্বপূর্ণ।,The small adze is important.,bəslə d̪ɔ ɟɘɾuɽa.
তুমি মোবাইল ফোন ও ঘড়ি কিনবে।,You will buy the mobile phone and the watch.,am d̪ɔ mɔbaĭl pʰon aɾ gʰuɽi kiɾiɲa.
কাঠের খুঁটিটি পরিষ্কার।,The wooden pin is clean.,bʰaɲd͡ʒ kʰuɳʈi d̪ɔ sapʰaa.
বাবাটি আনন্দের।,The father is happy.,baba d̪ɔ ɾɘskɘa.
তুমি মধু খাবে না।,You do not eat the honey.,am d̪ɔ ɲɛlɛɾasa bam ɟɔma.
আমি ভাষা বলেছি।,I have spoken the language.,iɲ d̪ɔ pɘɾsi ɾɔɽakada.
একটি মোবাইল ফোন শহরে আছে।,One mobile phone is in the town.,mit̪ʔ mɔbaĭl pʰon d̪ɔ sɔhɔɽɾɛ menaa.
তোমরা মাছ বিক্রি করেছ।,You all have sold the fish.,apɛ d̪ɔ haku ɘkʰɾiɲakada.
গতকাল সে বেশ্যা দেখে হ্রদে যাবে।,"Yesterday, he/she see the harlot and then go to the lake.",hɔlaɾɛ uni bət͡ʃkəɾ ɲɛlkat̪ɛ ɟɔlaɾɛ calaʔa.
পাড়াে একটি টাকা আছে।,There is a money in the neighbourhood.,aɖe paseɾɛ ʈaka menaa.
সকালে আমি কথা লিখে হ্রদে যাব।,"In the morning, I write the word and then go to the lake.",sɛt̪aʔɾɛ iɲ kat̪ʰa ɔlɔʔkat̪ɛ ɟɔlaɾɛ calaʔa.
ইংল্যান্ডে একটি হ্রদ আছে।,There is a lake in the england.,bilətɾɛ ɟɔla menaa.
আজ আমি খাবার কিনে কুয়ায় কাজ করব।,"Today, I buy the food and then work in the well.",t̪eheɲɾɛ iɲ ɟɔmaʔ kiɾiɲkat̪ɛ kuɲɾɛ kɘmia.
চুক্তিটি গুরুত্বপূর্ণ।,The contract is important.,bandʰɔn d̪ɔ ɟɘɾuɽa.
তারা মা সাহায্য করেছিল।,They helped the mother.,oŋkoko gɔgɔ gɔɽɔkeda.
আমরা মোবাইল ফোন কিনেছি।,We have bought the mobile phone.,alɛ d̪ɔ mɔbaĭl pʰon kiɾiɲakada.
নিকটবর্তী এলাকাে একটি অভ্যাস আছে।,There is a habit in the vicinity.,aɖe ʈolaɾɛ bʰəsi menaa.
তুলার গাছটি ভালো।,The cotton plant is good.,bʰoga kaskɔm d̪ɔ mɔ̃ɟa.
বাড়িতে একটি আখড়া আছে।,There is a gathering in the house.,ɔɽaʔɾɛ akʰɾa menaa.
তোমরা বসছ।,You all are sitting.,apɛpɛ d̪uɽup̚ʔɛd̪a.
তোমাদের সময় নতুন।,Your time is new.,apɛaʔ ɔkt̪ɛ d̪ɔ nɔwaa.
একটি জারজ কুয়ায় আছে।,One bastard is in the well.,mit̪ʔʈɛn bidʰuə̯ d̪ɔ kuɲɾɛ menaa.
তুমি কথা বলবে না।,You do not speak the word.,am d̪ɔ kat̪ʰa bam ɾɔɽa.
তুমি ঘড়ি বিক্রি করেছিলে।,You sold the watch.,amɛm gʰuɽi ɘkʰɾiɲkeda.
দয়া করে শহরে আসো।,Please come to the town.,d̪a.ja kat̪ɛ sɔhɔɽɾɛ hiɟuʔmɛ.
তারা কসাই দেখবে।,They will see the butcher.,oŋko d̪ɔ bʰut͡ʃəɽ ɲɛla.
বিস্তীর্ণ ভূমিে একটি দুধ আছে।,There is a milk in the wide expanse of land.,bilənɾɛ t̪o̯͡a menaa.
তাদের আঙুর ভালো।,Their grape is good.,oŋkoaʔ aŋguɾ d̪ɔ mɔ̃ɟa.
আমাদের পিঁপড়া ছোট।,Our ant is small.,alɛaʔ muc̚ʔ d̪ɔ lɘʈua.
ভুলটি পরিষ্কার।,The blunder is clean.,bʰul d̪ɔ sapʰaa.
সে খাবার খেয়েছিল।,He/she ate the food.,unii̯ ɟɔmaʔ ɟɔmkeda.
তোমরা ভাষা পড়েছ।,You all have studied the language.,apɛ d̪ɔ pɘɾsi paɽha͡o̯akada.
অগ্রদূতটি ভালো।,The forerunner is good.,əguə̯daɾ d̪ɔ mɔ̃ɟa.
তারা ভাষা বলেছিল।,They spoke the language.,oŋkoko pɘɾsi ɾɔɽkeda.
পাটি ভালো।,The foot is good.,kaʈa d̪ɔ mɔ̃ɟa.
তোমার মা ছোট।,Your mother is small.,amaʔ gɔgɔ d̪ɔ lɘʈua.
মাটির জারটি নতুন।,The round jar is new.,bəhni d̪ɔ nɔwaa.
তুমি ওয়ারেন্ট দেখবে না।,You do not see the warrant.,am d̪ɔ aɾoɳʈ bam ɲɛla.
সময়টি গুরুত্বপূর্ণ।,The time is important.,ɔkt̪ɛ d̪ɔ ɟɘɾuɽa.
তোমার কর্তব্যচ্যুতি গুরুত্বপূর্ণ।,Your omission of duty is important.,amaʔ bʰisoɾ d̪ɔ ɟɘɾuɽa.
সকালে আমি ভাষা লিখে কুয়ায় খেলব।,"In the morning, I write the language and then play in the well.",sɛt̪aʔɾɛ iɲ pɘɾsi ɔlɔʔkat̪ɛ kuɲɾɛ gat̪ea.
কুয়ায় একটি বিনিময় আছে।,There is an exchange in the well.,kuɲɾɛ badla menaa.
নদীতে একটি কুয়া আছে।,There is a well in the river.,gaɖaɾɛ kuɲ menaa.
আমি কথা পড়ব না।,I do not study the word.,iɲ d̪ɔ kat̪ʰa bɘɲ paɽha͡o̯a.
কিশোরটি ছোট।,The hobbledehoy is small.,bat͡ʃʰɽa koɽa d̪ɔ lɘʈua.
সেই সময় তারা দুধ পান করে স্কুলে আসবে।,"At that time, they drink the milk and then come to the school.",ɔkt̪ɛɾɛ oŋko t̪o̯͡a ɲukat̪ɛ iskulɾɛ hiɟuʔa.
তার আখড়া ভালো।,His/her gathering is good.,uniaʔ akʰɾa d̪ɔ mɔ̃ɟa.
"তুমি কথা লিখবে, কিন্তু কথা লিখবে না।","You will write the word, but do not write the word.",am d̪ɔ kat̪ʰa ɔlɔʔa mɛnkʰan kat̪ʰa bam ɔlɔʔa.
সে ঘড়ি কিনবে।,He/she will buy the watch.,uni d̪ɔ gʰuɽi kiɾiɲa.
বাড়িটি পরিষ্কার।,The house is clean.,ɔɽaʔ d̪ɔ sapʰaa.
বাসস্থানে একটি অনুচিত আচরণ আছে।,There is an impropriety in the residence.,basaɾɛ baŋ ganok̕ak̕ menaa.
ঘামটি ভালো।,The perspiration is good.,balbal d̪ɔ mɔ̃ɟa.
বালিশটি ভালো।,The pillow is good.,bəlis d̪ɔ mɔ̃ɟa.
আমি অবসর ও আনারস দেখব।,I will see the leisure and the pineapple.,iɲ d̪ɔ apʰsoɾ aɾ ananas ɲɛla.
শক্তিটি ভালো।,The force is good.,ad͡ʒʰãʈ d̪ɔ mɔ̃ɟa.
"তুমি খাবার পাবে, কিন্তু ঔষধ পাবে না।","You will get the food, but do not get the medicine.",am d̪ɔ ɟɔmaʔ ɲama mɛnkʰan ɾan bam ɲama.
স্কুলে একটি লাগাম আছে।,There is a bridle in the school.,iskulɾɛ bag menaa.
আমি মারা যাচ্ছি।,I am dying.,iɲiɲ gɔc̚ʔɛd̪a.
তাদের গুজব রটনাকারী ভালো।,Their gossiping is good.,oŋkoaʔ bəd͡ʒniə̯ d̪ɔ mɔ̃ɟa.
একটি টাকা স্কুলে আছে।,One money is in the school.,mit̪ʔ ʈaka d̪ɔ iskulɾɛ menaa.
বকেয়াটি নতুন।,The arrears is new.,bəki d̪ɔ nɔwaa.
একটি পূর্বপুরুষ হ্রদে আছে।,One ancestors is in the lake.,mit̪ʔʈɛn bap dada d̪ɔ ɟɔlaɾɛ menaa.
তোমরা মা সাহায্য করবে না।,You all do not help the mother.,apɛ d̪ɔ gɔgɔ bapɛ gɔɽɔa.
ঝড়বৃষ্টিটি গুরুত্বপূর্ণ।,The storm of wind & rain is important.,əndʰi dak̕ d̪ɔ ɟɘɾuɽa.
তোমরা বাবা সাহায্য করবে।,You all will help the father.,apɛ d̪ɔ baba gɔɽɔa.
আজ আমরা ঘড়ি কিনে বাড়িতে আসব।,"Today, we buy the watch and then come to the house.",t̪eheɲɾɛ alɛ gʰuɽi kiɾiɲkat̪ɛ ɔɽaʔɾɛ hiɟuʔa.
একটি বাবা শহরে আছে।,One father is in the town.,mit̪ʔʈɛn baba d̪ɔ sɔhɔɽɾɛ menaa.
উঠানে একটি মশাল আছে।,There is a torch in the courtyard of house.,bəteɾɛ bambeɾ menaa.
তোমাদের প্রসবোত্তর নাড়ি নতুন।,Your afterbirth placenta is new.,apɛaʔ baha āowāɾ d̪ɔ nɔwaa.
তাদের মানুষ আনন্দের।,Their person is happy.,oŋkoaʔ hɔɽ d̪ɔ ɾɘskɘa.
তোমাদের ঘড়ি পরিষ্কার।,Your watch is clean.,apɛaʔ gʰuɽi d̪ɔ sapʰaa.
সে খাবার বিক্রি করবে না।,He/she does not sell the food.,uni d̪ɔ ɟɔmaʔ bai̯ ɘkʰɾiɲa.
সেই সময় সে পাঠ পড়ে হ্রদে খেলবে।,"At that time, he/she study the lesson and then play in the lake.",ɔkt̪ɛɾɛ uni sikʰnɘt̪ paɽha͡o̯kat̪ɛ ɟɔlaɾɛ gat̪ea.
তোমরা খাবার পেয়েছিলে।,You all got the food.,apɛpɛ ɟɔmaʔ ɲamkeda.
নদীতে একটি জীবন আছে।,There is a life in the river.,gaɖaɾɛ ɟiŋgi menaa.
দয়া করে কথা পড়ো।,Please study the word.,d̪a.ja kat̪ɛ kat̪ʰa paɽha͡o̯mɛ.
সে পানি ও দুধ পান করবে।,He/she will drink the water and the milk.,uni d̪ɔ d̪aʔ aɾ t̪o̯͡a ɲua.
তার পা গুরুত্বপূর্ণ।,His/her leg is important.,uniaʔ ɟaŋga d̪ɔ ɟɘɾuɽa.
তোমরা খেলছ।,You all are playing.,apɛpɛ gat̪eɛd̪a.
আমরা খাবার বিক্রি করব না।,We do not sell the food.,alɛ d̪ɔ ɟɔmaʔ balɛ ɘkʰɾiɲa.
জেলে কোথায় আছে?,Where is the fisherman?,ɟɘliɘ d̪ɔ ɔkaɾɛ menaa.
তুমি মোবাইল ফোন কিনবে।,You will buy the mobile phone.,am d̪ɔ mɔbaĭl pʰon kiɾiɲa.
একটি বোকা নদীতে আছে।,One fool is in the river.,mit̪ʔʈɛn bemblaha d̪ɔ gaɖaɾɛ menaa.
গতকাল তোমরা রান্না খেয়ে স্কুলে আসবে।,"Yesterday, you all eat the cooked food and then come to the school.",hɔlaɾɛ apɛ basaŋ ɟɔmkat̪ɛ iskulɾɛ hiɟuʔa.
জাদুবিদ্যাটি নতুন।,The sorcery is new.,ban d̪ɔ nɔwaa.
সেই সময় আমরা মাছ খেয়ে শহরে খেলব।,"At that time, we eat the fish and then play in the town.",ɔkt̪ɛɾɛ alɛ haku ɟɔmkat̪ɛ sɔhɔɽɾɛ gat̪ea.
সকালে তোমরা বাক্য দেখে হ্রদে খেলবে।,"In the morning, you all see the sentence and then play in the lake.",sɛt̪aʔɾɛ apɛ ajat ɲɛlkat̪ɛ ɟɔlaɾɛ gat̪ea.
আমরা গবাদিপশুর পাতলা পায়খানা দেখব।,We will see the scouring in cattle.,alɛ d̪ɔ aɽhəi̯ə ɲɛla.
আমরা ডাক্তার সাহায্য করেছিলাম।,We helped the doctor.,alɛlɛ ɖak̚t̪aɾ gɔɽɔkeda.
উঠানে একটি জারজ আছে।,There is a bastard in the courtyard of house.,bəteɾɛ bidʰuə̯ menaa.
সে বাবা সাহায্য করেছে।,He/she has helped the father.,uni d̪ɔ baba gɔɽɔakada.
সে খাবার পেয়েছে।,He/she has gotten the food.,uni d̪ɔ ɟɔmaʔ ɲamakada.
একটি পৈতৃক সম্পত্তি স্কুলে আছে।,One patrimony is in the school.,mit̪ʔʈɛn bapɔɾi dʰɔn d̪ɔ iskulɾɛ menaa.
পাড়াে একটি সময় আছে।,There is a time in the neighbourhood.,aɖe paseɾɛ ɔkt̪ɛ menaa.
স্কুলে একটি আখড়া আছে।,There is a gathering in the school.,iskulɾɛ akʰɾa menaa.
আমি ডাক্তার সাহায্য করব।,I will help the doctor.,iɲ d̪ɔ ɖak̚t̪aɾ gɔɽɔa.
গ্রামে একটি হিসাব আছে।,There is an account in the village.,at̪oɾɛ bil menaa.
তোমরা দুধ পান করবে না।,You all do not drink the milk.,apɛ d̪ɔ t̪o̯͡a bapɛ ɲua.
সকালে আমি ভাষা পড়ে কুয়ায় কাজ করব।,"In the morning, I study the language and then work in the well.",sɛt̪aʔɾɛ iɲ pɘɾsi paɽha͡o̯kat̪ɛ kuɲɾɛ kɘmia.
উঠানে একটি অনুশীলন আছে।,There is a practice in the courtyard of house.,bəteɾɛ bɛbɔhaɾ menaa.
উঠানে একটি মাথা ঘোরা আছে।,There is a vertigo in the courtyard of house.,bəteɾɛ bʰãoɾi menaa.
আমি মহাপ্লাবন ও দেবতা দেখব।,I will see the deluge and the deity.,iɲ d̪ɔ bajaban aɾ bʰokta ɲɛla.
"আমরা মা সাহায্য করব, কিন্তু মানুষ সাহায্য করব না।","We will help the mother, but do not help the person.",alɛ d̪ɔ gɔgɔ gɔɽɔa mɛnkʰan hɔɽ balɛ gɔɽɔa.
"সে মাছ খাবে, কিন্তু মধু খাবে না।","He/she will eat the fish, but does not eat the honey.",uni d̪ɔ haku ɟɔma mɛnkʰan ɲɛlɛɾasa bai̯ ɟɔma.
তুমি খাবার পাবে।,You will get the food.,am d̪ɔ ɟɔmaʔ ɲama.
"তোমরা আমড়া (ফল) দেখবে, কিন্তু আফিম দেখবে না।","You all will see the hog plum, but do not see the opium.",apɛ d̪ɔ bədʰiə̯ ɲɛla mɛnkʰan əpʰim bapɛ ɲɛla.
আমি সময় দেখব না।,I do not see the time.,iɲ d̪ɔ ɔkt̪ɛ bɘɲ ɲɛla.
শেষটি গুরুত্বপূর্ণ।,The end is important.,əkʰiɾ d̪ɔ ɟɘɾuɽa.
আমরা টাকা পাব।,We will get the money.,alɛ d̪ɔ ʈaka ɲama.
দয়া করে গ্রামে অপেক্ষা করো।,Please wait in the village.,d̪a.ja kat̪ɛ at̪oɾɛ t̪ɘŋgimɛ.
তোমরা ভাষা লিখবে।,You all will write the language.,apɛ d̪ɔ pɘɾsi ɔlɔʔa.
বাড়িতে একটি কষ্ট আছে।,There is a distress in the house.,ɔɽaʔɾɛ alad͡ʒʰala menaa.
সেই সময় তোমরা পানি পান করে নদীতে কাজ করবে।,"At that time, you all drink the water and then work in the river.",ɔkt̪ɛɾɛ apɛ d̪aʔ ɲukat̪ɛ gaɖaɾɛ kɘmia.
একটি গুপ্তচর গ্রামে আছে।,One spy is in the village.,mit̪ʔʈɛn baʈ paɽ d̪ɔ at̪oɾɛ menaa.
গতকাল তারা কথা লিখে গ্রামে খেলবে।,"Yesterday, they write the word and then play in the village.",hɔlaɾɛ oŋko kat̪ʰa ɔlɔʔkat̪ɛ at̪oɾɛ gat̪ea.
আড়ালে একটি ঢাল আছে।,There is a declivity in the covert.,ao̯tanɾɛ anaɽgo menaa.
বিস্তীর্ণ ভূমিে একটি কিশোর আছে।,There is a lad in the wide expanse of land.,bilənɾɛ bat͡ʃʰɽa menaa.
ভাষাটি নতুন।,The language is new.,pɘɾsi d̪ɔ nɔwaa.
আমরা ঘড়ি কিনব না।,We do not buy the watch.,alɛ d̪ɔ gʰuɽi balɛ kiɾiɲa.
তারা মাছ খেয়েছিল।,They ate the fish.,oŋkoko haku ɟɔmkeda.
তারা দুধ পান করবে।,They will drink the milk.,oŋko d̪ɔ t̪o̯͡a ɲua.
তুমি মোবাইল ফোন ও মাছ কিনবে।,You will buy the mobile phone and the fish.,am d̪ɔ mɔbaĭl pʰon aɾ haku kiɾiɲa.
আমরা যাচ্ছি।,We are going.,alɛlɛ calaʔɛd̪a.
সে পানি পান করবে।,He/she will drink the water.,uni d̪ɔ d̪aʔ ɲua.
তুমি খাবার ও মধু খাবে।,You will eat the food and the honey.,am d̪ɔ ɟɔmaʔ aɾ ɲɛlɛɾasa ɟɔma.
আমরা ছবি পাব।,We will get the photo.,alɛ d̪ɔ pʰɔʈɔ ɲama.
গতকাল আমরা দুধ পান করে শহরে যাব।,"Yesterday, we drink the milk and then go to the town.",hɔlaɾɛ alɛ t̪o̯͡a ɲukat̪ɛ sɔhɔɽɾɛ calaʔa.
সে বাবা সাহায্য করবে।,He/she will help the father.,uni d̪ɔ baba gɔɽɔa.
তোমরা মধু খেয়েছিলে।,You all ate the honey.,apɛpɛ ɲɛlɛɾasa ɟɔmkeda.
আমি খাবার পেয়েছি।,I have gotten the food.,iɲ d̪ɔ ɟɔmaʔ ɲamakada.
ইংল্যান্ডে একটি জীবন আছে।,There is a life in the england.,bilətɾɛ ɟiŋgi menaa.
তোমরা ভাষা বলবে।,You all will speak the language.,apɛ d̪ɔ pɘɾsi ɾɔɽa.
গতকাল তোমরা পানি পান করে হ্রদে যাবে।,"Yesterday, you all drink the water and then go to the lake.",hɔlaɾɛ apɛ d̪aʔ ɲukat̪ɛ ɟɔlaɾɛ calaʔa.
অজ্ঞতাটি পরিষ্কার।,The ignorance is clean.,bʰut͡ʃ d̪ɔ sapʰaa.
তোমরা মাছ বিক্রি করবে।,You all will sell the fish.,apɛ d̪ɔ haku ɘkʰɾiɲa.
তোমরা খাবার খাবে।,You all will eat the food.,apɛ d̪ɔ ɟɔmaʔ ɟɔma.
আমরা মাছ কিনব।,We will buy the fish.,alɛ d̪ɔ haku kiɾiɲa.
সে রান্না ও মাছ খাবে।,He/she will eat the cooked food and the fish.,uni d̪ɔ basaŋ aɾ haku ɟɔma.
নদীতে একটি ছেঁড়া আছে।,There is a rent in the river.,gaɖaɾɛ baŋ baŋ menaa.
উঠানে একটি খাবার আছে।,There is a food in the courtyard of house.,bəteɾɛ ɟɔmaʔ menaa.
আখটি নতুন।,The sugarcane is new.,ək d̪ɔ nɔwaa.
তার হাত নতুন।,His/her hand is new.,uniaʔ t̪i d̪ɔ nɔwaa.
সেই সময় সে দুধ পান করে হ্রদে কাজ করবে।,"At that time, he/she drink the milk and then work in the lake.",ɔkt̪ɛɾɛ uni t̪o̯͡a ɲukat̪ɛ ɟɔlaɾɛ kɘmia.
বাড়িতে একটি জোর খাটানো শ্রম আছে।,There is a forced labour in the house.,ɔɽaʔɾɛ begaɾ menaa.
কুয়ায় একটি উৎসব আছে।,There is a festival in the well.,kuɲɾɛ pɔɾɔb menaa.
আমি ঘড়ি ও মাছ কিনব।,I will buy the watch and the fish.,iɲ d̪ɔ gʰuɽi aɾ haku kiɾiɲa.
স্কুলে একটি ঢাল আছে।,There is a declivity in the school.,iskulɾɛ anaɽgo menaa.
তুমি পাঠ পড়বে না।,You do not study the lesson.,am d̪ɔ sikʰnɘt̪ bam paɽha͡o̯a.
তোমার রোগ গুরুত্বপূর্ণ।,Your illness is important.,amaʔ ɾu̯͡ɘ d̪ɔ ɟɘɾuɽa.
আমি টাকা পেয়েছিলাম।,I got the money.,iɲiɲ ʈaka ɲamkeda.
একটি স্ত্রী শহরে আছে।,One wife is in the town.,mit̪ʔʈɛn bəhu d̪ɔ sɔhɔɽɾɛ menaa.
বাসস্থানে একটি ঘাম আছে।,There is a perspiration in the residence.,basaɾɛ balbal menaa.
আমি ঘড়ি কিনেছি।,I have bought the watch.,iɲ d̪ɔ gʰuɽi kiɾiɲakada.
তাদের ঔষধ নতুন।,Their medicine is new.,oŋkoaʔ ɾan d̪ɔ nɔwaa.
আমরা ছবি পাব না।,We do not get the photo.,alɛ d̪ɔ pʰɔʈɔ balɛ ɲama.
তাদের নদী পরিষ্কার।,Their river is clean.,oŋkoaʔ gaɖa d̪ɔ sapʰaa.
তোমরা দুধ পান করবে।,You all will drink the milk.,apɛ d̪ɔ t̪o̯͡a ɲua.
তোমার ভিক্ষুক ভালো।,Your beggar is good.,amaʔ bʰikʰəɾi d̪ɔ mɔ̃ɟa.
একটি শিশু হ্রদে আছে।,One baby is in the lake.,mit̪ʔʈɛn bale d̪ɔ ɟɔlaɾɛ menaa.
আমি ঘড়ি বিক্রি করব।,I will sell the watch.,iɲ d̪ɔ gʰuɽi ɘkʰɾiɲa.
সেই সময় আমরা কথা লিখে শহরে কাজ করব।,"At that time, we write the word and then work in the town.",ɔkt̪ɛɾɛ alɛ kat̪ʰa ɔlɔʔkat̪ɛ sɔhɔɽɾɛ kɘmia.
আমাদের ভাষা ভালো।,Our language is good.,alɛaʔ pɘɾsi d̪ɔ mɔ̃ɟa.
তোমরা খাবার কিনবে না।,You all do not buy the food.,apɛ d̪ɔ ɟɔmaʔ bapɛ kiɾiɲa.
আড়ালে একটি শুকর আছে।,There is a pig in the covert.,ao̯tanɾɛ suk̚ɾi menaa.
দয়া করে শহরে অপেক্ষা করো।,Please wait in the town.,d̪a.ja kat̪ɛ sɔhɔɽɾɛ t̪ɘŋgimɛ.
আমি রান্না খেয়েছি।,I have eaten the cooked food.,iɲ d̪ɔ basaŋ ɟɔmakada.
আমি শব্দ করছি।,I am sounding.,iɲiɲ ɾaːgɛd̪a.
তাদের কাজ গুরুত্বপূর্ণ।,Their work is important.,oŋkoaʔ kɘmi d̪ɔ ɟɘɾuɽa.
কুয়াটি ভালো।,The well is good.,kuɲ d̪ɔ mɔ̃ɟa.
আমরা ভাষা লিখেছি।,We have written the language.,alɛ d̪ɔ pɘɾsi ɔlɔʔakada.
পাড়াে একটি ছবি আছে।,There is a photo in the neighbourhood.,aɖe paseɾɛ pʰɔʈɔ menaa.
দয়া করে বাড়িতে অপেক্ষা করো।,Please wait in the house.,d̪a.ja kat̪ɛ ɔɽaʔɾɛ t̪ɘŋgimɛ.
গতকাল আমরা রান্না খেয়ে নদীতে যাব।,"Yesterday, we eat the cooked food and then go to the river.",hɔlaɾɛ alɛ basaŋ ɟɔmkat̪ɛ gaɖaɾɛ calaʔa.
আমরা রান্না খাব না।,We do not eat the cooked food.,alɛ d̪ɔ basaŋ balɛ ɟɔma.
আমরা ঔষধ ও খাবার কিনব।,We will buy the medicine and the food.,alɛ d̪ɔ ɾan aɾ ɟɔmaʔ kiɾiɲa.
তুমি বলছ।,You is speaking.,amɛm ɾɔɽɛd̪a.
আমি ভাষা বলেছিলাম।,I spoke the language.,iɲiɲ pɘɾsi ɾɔɽkeda.
উঠানে একটি রোগ আছে।,There is an illness in the courtyard of house.,bəteɾɛ ɾu̯͡ɘ menaa.
আমার রোগ ভালো।,My illness is good.,iɲaʔ ɾu̯͡ɘ d̪ɔ mɔ̃ɟa.
সে বিঘত ও ছোট মশা দেখবে।,He/she will see the span and the midge.,uni d̪ɔ beɽ aɾ bəsɳɖi ɲɛla.
সেই সময় আমরা পাঠ পড়ে হ্রদে যাব।,"At that time, we study the lesson and then go to the lake.",ɔkt̪ɛɾɛ alɛ sikʰnɘt̪ paɽha͡o̯kat̪ɛ ɟɔlaɾɛ calaʔa.
"তুমি মধু খাবে, কিন্তু খাবার খাবে না।","You will eat the honey, but do not eat the food.",am d̪ɔ ɲɛlɛɾasa ɟɔma mɛnkʰan ɟɔmaʔ bam ɟɔma.
গুহাে একটি শুকর আছে।,There is a pig in the cave.,bʰugək̕ɾɛ suk̚ɾi menaa.
জেলেটি ছোট।,The fisherman is small.,ɟɘliɘ d̪ɔ lɘʈua.
বাড়িতে একটি বালিয়া সারস পাখি আছে।,There is a sand martin in the house.,ɔɽaʔɾɛ bʰəluə̯ menaa.
আমার মানুষ আনন্দের।,My person is happy.,iɲaʔ hɔɽ d̪ɔ ɾɘskɘa.
তোমরা পাঠ পড়বে না।,You all do not study the lesson.,apɛ d̪ɔ sikʰnɘt̪ bapɛ paɽha͡o̯a.
আড়ালে একটি উৎসব আছে।,There is a festival in the covert.,ao̯tanɾɛ pɔɾɔb menaa.
দয়া করে স্কুলে আসো।,Please come to the school.,d̪a.ja kat̪ɛ iskulɾɛ hiɟuʔmɛ.
"আমি পানি পান করব, কিন্তু পানি পান করব না।","I will drink the water, but do not drink the water.",iɲ d̪ɔ d̪aʔ ɲua mɛnkʰan d̪aʔ bɘɲ ɲua.
সেই সময় আমি বাদ পড়া দেখে বাড়িতে আসব।,"At that time, I see the omission and then come to the house.",ɔkt̪ɛɾɛ iɲ bʰul t͡ʃuk ɲɛlkat̪ɛ ɔɽaʔɾɛ hiɟuʔa.
বাড়িতে একটি স্কুল আছে।,There is a school in the house.,ɔɽaʔɾɛ iskul menaa.
আমরা মানুষ সাহায্য করব।,We will help the person.,alɛ d̪ɔ hɔɽ gɔɽɔa.
ভাড়াটে কর্মীটি গুরুত্বপূর্ণ।,The hired worker is important.,bənkəɾ d̪ɔ ɟɘɾuɽa.
বন্ধকীটি নতুন।,The mortgage is new.,bəndki d̪ɔ nɔwaa.
হ্রদে একটি অভিশাপ আছে।,There is a curse in the lake.,ɟɔlaɾɛ əsis menaa.
ইংল্যান্ডে একটি নুন-তামাকের ফেরিওয়ালা আছে।,There is a pedlar of salt and tobacco in the england.,bilətɾɛ bə̃ɽiə̯̃ menaa.
বাজারটি ভালো।,The bazaar is good.,bad͡ʒaɾ d̪ɔ mɔ̃ɟa.
তোমরা টাকা পাবে না।,You all do not get the money.,apɛ d̪ɔ ʈaka bapɛ ɲama.
তোমরা পান করছ।,You all are drinking.,apɛpɛ ɲuɛd̪a.
পোশাকটি ভালো।,The attire is good.,bʰagwa d̪ɔ mɔ̃ɟa.
সেই সময় তুমি পাঠ পড়ে বাড়িতে যাবে।,"At that time, you study the lesson and then go to the house.",ɔkt̪ɛɾɛ am sikʰnɘt̪ paɽha͡o̯kat̪ɛ ɔɽaʔɾɛ calaʔa.
দয়া করে গ্রামে আসো।,Please come to the village.,d̪a.ja kat̪ɛ at̪oɾɛ hiɟuʔmɛ.
একটি খাবার গ্রামে আছে।,One food is in the village.,mit̪ʔ ɟɔmaʔ d̪ɔ at̪oɾɛ menaa.
ভেড়ার মাংসটি পরিষ্কার।,The mutton is clean.,bʰiɖi d͡ʒel d̪ɔ sapʰaa.
আমি দুধ ও পানি পান করব।,I will drink the milk and the water.,iɲ d̪ɔ t̪o̯͡a aɾ d̪aʔ ɲua.
শিশু কোথায় আছে?,Where is the child?,gid̪ɾɘ d̪ɔ ɔkaɾɛ menaa.
শহরে একটি মধু আছে।,There is a honey in the town.,sɔhɔɽɾɛ ɲɛlɛɾasa menaa.
সেই সময় আমি দুধ পান করে গ্রামে আসব।,"At that time, I drink the milk and then come to the village.",ɔkt̪ɛɾɛ iɲ t̪o̯͡a ɲukat̪ɛ at̪oɾɛ hiɟuʔa.
তুমি রান্না খাবে।,You will eat the cooked food.,am d̪ɔ basaŋ ɟɔma.
তোমরা টাকা পেয়েছিলে।,You all got the money.,apɛpɛ ʈaka ɲamkeda.
আমার আঙুলের ফোঁড়া গুরুত্বপূর্ণ।,My whitlow is important.,iɲaʔ aŋguɾ biɽhi d̪ɔ ɟɘɾuɽa.
কুয়ায় একটি আখড়া আছে।,There is a gathering in the well.,kuɲɾɛ akʰɾa menaa.
তোমরা দুধ পান করেছিলে।,You all drank the milk.,apɛpɛ t̪o̯͡a ɲukeda.
আজ আমি ভাষা লিখে শহরে খেলব।,"Today, I write the language and then play in the town.",t̪eheɲɾɛ iɲ pɘɾsi ɔlɔʔkat̪ɛ sɔhɔɽɾɛ gat̪ea.
তোমরা কথা লিখেছ।,You all have written the word.,apɛ d̪ɔ kat̪ʰa ɔlɔʔakada.
কিশোরটি গুরুত্বপূর্ণ।,The lad is important.,bat͡ʃʰɽa d̪ɔ ɟɘɾuɽa.
তোমরা ছবি পাবে না।,You all do not get the photo.,apɛ d̪ɔ pʰɔʈɔ bapɛ ɲama.
তারা বসছে।,They are sitting.,oŋkoko d̪uɽup̚ʔɛd̪a.
তোমরা ঘড়ি বিক্রি করবে না।,You all do not sell the watch.,apɛ d̪ɔ gʰuɽi bapɛ ɘkʰɾiɲa.
খাবারটি পরিষ্কার।,The food is clean.,ɟɔmaʔ d̪ɔ sapʰaa.
আমি লিখছি।,I am writing.,iɲiɲ ɔlɔʔɛd̪a.
বধিরতাটি ভালো।,The deafness is good.,bəhiɾ bəi̯ d̪ɔ mɔ̃ɟa.
আজ সে ভাদ্র মাস দেখে স্কুলে কাজ করবে।,"Today, he/she see the august-september and then work in the school.",t̪eheɲɾɛ uni bʰadɔɾ ɲɛlkat̪ɛ iskulɾɛ kɘmia.
ঘড়িটি নতুন।,The watch is new.,gʰuɽi d̪ɔ nɔwaa.
তোমরা আস্থা দেখেছ।,You all have seen the confidence.,apɛ d̪ɔ baɾsa ɲɛlakada.
তোমরা রান্না খাবে।,You all will eat the cooked food.,apɛ d̪ɔ basaŋ ɟɔma.
আমি মোবাইল ফোন বিক্রি করেছিলাম।,I sold the mobile phone.,iɲiɲ mɔbaĭl pʰon ɘkʰɾiɲkeda.
আজ তারা খাবার কিনে গ্রামে খেলবে।,"Today, they buy the food and then play in the village.",t̪eheɲɾɛ oŋko ɟɔmaʔ kiɾiɲkat̪ɛ at̪oɾɛ gat̪ea.
সে কাজ করছে।,He/she is working.,unii̯ kɘmiɛd̪a.
আমি বাবা সাহায্য করেছি।,I have helped the father.,iɲ d̪ɔ baba gɔɽɔakada.
"তুমি খাবার পাবে, কিন্তু খাবার পাবে না।","You will get the food, but do not get the food.",am d̪ɔ ɟɔmaʔ ɲama mɛnkʰan ɟɔmaʔ bam ɲama.
তোমরা কথা লিখবে।,You all will write the word.,apɛ d̪ɔ kat̪ʰa ɔlɔʔa.
তার উই পোকা ছোট।,His/her termite is small.,uniaʔ bʰuku d̪ɔ lɘʈua.
আমরা মোবাইল ফোন বিক্রি করেছি।,We have sold the mobile phone.,alɛ d̪ɔ mɔbaĭl pʰon ɘkʰɾiɲakada.
আমাদের মোবাইল ফোন পরিষ্কার।,Our mobile phone is clean.,alɛaʔ mɔbaĭl pʰon d̪ɔ sapʰaa.
গতকাল সে খাবার কিনে কুয়ায় খেলবে।,"Yesterday, he/she buy the food and then play in the well.",hɔlaɾɛ uni ɟɔmaʔ kiɾiɲkat̪ɛ kuɲɾɛ gat̪ea.
"আমরা খাবার কিনব, কিন্তু খাবার কিনব না।","We will buy the food, but do not buy the food.",alɛ d̪ɔ ɟɔmaʔ kiɾiɲa mɛnkʰan ɟɔmaʔ balɛ kiɾiɲa.
তুমি বাবা সাহায্য করবে।,You will help the father.,am d̪ɔ baba gɔɽɔa.
তুমি ভাষা পড়েছিলে।,You studied the language.,amɛm pɘɾsi paɽha͡o̯keda.
কুয়ায় একটি নির্ভরতা আছে।,There is a reliance in the well.,kuɲɾɛ bʰaɾsa menaa.
বাসস্থানে একটি স্বস্তি আছে।,There is a relief in the residence.,basaɾɛ ao̯san menaa.
গতকাল আমি মাছ কিনে গ্রামে খেলব।,"Yesterday, I buy the fish and then play in the village.",hɔlaɾɛ iɲ haku kiɾiɲkat̪ɛ at̪oɾɛ gat̪ea.
তারা মাছ কিনবে।,They will buy the fish.,oŋko d̪ɔ haku kiɾiɲa.
আজ আমরা অর্জন দেখে কুয়ায় খেলব।,"Today, we see the gain and then play in the well.",t̪eheɲɾɛ alɛ ae̯ upəi̯ ɲɛlkat̪ɛ kuɲɾɛ gat̪ea.
আমরা খাবার খেয়েছি।,We have eaten the food.,alɛ d̪ɔ ɟɔmaʔ ɟɔmakada.
হ্রদে একটি অবিশ্বাসী আছে।,There is a heathen in the lake.,ɟɔlaɾɛ bedin menaa.
নিকটবর্তী এলাকাে একটি বনরুই আছে।,There is an ant-eater in the vicinity.,aɖe ʈolaɾɛ aɾba menaa.
"সে নির্বোধ ব্যক্তি দেখবে, কিন্তু সহ্যশক্তি দেখবে না।","He/she will see the dunce, but does not see the stamina.",uni d̪ɔ akoɾma ɲɛla mɛnkʰan bʰẹd͡ʒ bai̯ ɲɛla.
একমুঠোটি পরিষ্কার।,The handful is clean.,aɲd͡ʒle d̪ɔ sapʰaa.
তারা খাবার কিনবে না।,They do not buy the food.,oŋko d̪ɔ ɟɔmaʔ bako kiɾiɲa.
সকালে তুমি ঔষধ কিনে শহরে খেলবে।,"In the morning, you buy the medicine and then play in the town.",sɛt̪aʔɾɛ am ɾan kiɾiɲkat̪ɛ sɔhɔɽɾɛ gat̪ea.
আমি শিশু সাহায্য করব।,I will help the child.,iɲ d̪ɔ gid̪ɾɘ gɔɽɔa.
সেই সময় তোমরা কথা লিখে বাড়িতে আসবে।,"At that time, you all write the word and then come to the house.",ɔkt̪ɛɾɛ apɛ kat̪ʰa ɔlɔʔkat̪ɛ ɔɽaʔɾɛ hiɟuʔa.
ভাইটি আনন্দের।,The brother is happy.,baɾet d̪ɔ ɾɘskɘa.
একটি ডাক্তার বাড়িতে আছে।,One doctor is in the house.,mit̪ʔʈɛn ɖak̚t̪aɾ d̪ɔ ɔɽaʔɾɛ menaa.
আমরা অপেক্ষা করছি।,We are waiting.,alɛlɛ t̪ɘŋgiɛd̪a.
ইংল্যান্ডে একটি পা আছে।,There is a foot in the england.,bilətɾɛ kaʈa menaa.
"আমরা রান্না খাব, কিন্তু রান্না খাব না।","We will eat the cooked food, but do not eat the cooked food.",alɛ d̪ɔ basaŋ ɟɔma mɛnkʰan basaŋ balɛ ɟɔma.
আমি মোবাইল ফোন বিক্রি করব না।,I do not sell the mobile phone.,iɲ d̪ɔ mɔbaĭl pʰon bɘɲ ɘkʰɾiɲa.
সকালে তুমি ঝুড়ি দেখে হ্রদে খেলবে।,"In the morning, you see the basket and then play in the lake.",sɛt̪aʔɾɛ am bʰad͡ʒan ɲɛlkat̪ɛ ɟɔlaɾɛ gat̪ea.
আখড়া কোথায় আছে?,Where is the gathering?,akʰɾa d̪ɔ ɔkaɾɛ menaa.
সকালে সে মধু খেয়ে নদীতে যাবে।,"In the morning, he/she eat the honey and then go to the river.",sɛt̪aʔɾɛ uni ɲɛlɛɾasa ɟɔmkat̪ɛ gaɖaɾɛ calaʔa.
"আমরা রান্না খাব, কিন্তু মাছ খাব না।","We will eat the cooked food, but do not eat the fish.",alɛ d̪ɔ basaŋ ɟɔma mɛnkʰan haku balɛ ɟɔma.
"সে পানি পান করবে, কিন্তু পানি পান করবে না।","He/she will drink the water, but does not drink the water.",uni d̪ɔ d̪aʔ ɲua mɛnkʰan d̪aʔ bai̯ ɲua.
তার মহাপ্লাবন নতুন।,His/her deluge is new.,uniaʔ bajaban d̪ɔ nɔwaa.
ব্যাঙের ডাকটি গুরুত্বপূর্ণ।,The croak of frogs is important.,bɛbɛ d̪ɔ ɟɘɾuɽa.
তারা মোবাইল ফোন বিক্রি করবে।,They will sell the mobile phone.,oŋko d̪ɔ mɔbaĭl pʰon ɘkʰɾiɲa.
তুমি ভাষা বলবে।,You will speak the language.,am d̪ɔ pɘɾsi ɾɔɽa.
একটি মাছ গ্রামে আছে।,One fish is in the village.,mit̪ʔ haku d̪ɔ at̪oɾɛ menaa.
বিস্তীর্ণ ভূমিে একটি বাহু আছে।,There is an arm in the wide expanse of land.,bilənɾɛ bə̃hi menaa.
আমরা মধু খাব।,We will eat the honey.,alɛ d̪ɔ ɲɛlɛɾasa ɟɔma.
তুমি পানি পান করবে না।,You do not drink the water.,am d̪ɔ d̪aʔ bam ɲua.
আজ তোমরা পানি পান করে বাড়িতে আসবে।,"Today, you all drink the water and then come to the house.",t̪eheɲɾɛ apɛ d̪aʔ ɲukat̪ɛ ɔɽaʔɾɛ hiɟuʔa.
আমি দুধ পান করব।,I will drink the milk.,iɲ d̪ɔ t̪o̯͡a ɲua.
তোমাদের খাবার সুস্বাদু।,Your food is tasty.,apɛaʔ ɟɔmaʔ d̪ɔ sibila.
সেই সময় তারা খড়ের মোটা দড়ি দেখে নদীতে যাবে।,"At that time, they see the thick straw rope and then go to the river.",ɔkt̪ɛɾɛ oŋko baɾahi ɲɛlkat̪ɛ gaɖaɾɛ calaʔa.
আমার বাবা ছোট।,My father is small.,iɲaʔ baba d̪ɔ lɘʈua.
তুমি পান করছ।,You is drinking.,amɛm ɲuɛd̪a.
শিলাবৃষ্টিটি ভালো।,The hail is good.,aɾel d̪ɔ mɔ̃ɟa.
বিস্তীর্ণ ভূমিে একটি অশান্তি আছে।,There is an unrest in the wide expanse of land.,bilənɾɛ bɛtʰiɾ menaa.
একটি বিড়াল স্কুলে আছে।,One cat is in the school.,mit̪ʔʈɛn pusi d̪ɔ iskulɾɛ menaa.
সেই সময় আমরা পানি পান করে স্কুলে আসব।,"At that time, we drink the water and then come to the school.",ɔkt̪ɛɾɛ alɛ d̪aʔ ɲukat̪ɛ iskulɾɛ hiɟuʔa.
তারা রান্না খেয়েছিল।,They ate the cooked food.,oŋkoko basaŋ ɟɔmkeda.
"তুমি ঘড়ি বিক্রি করবে, কিন্তু ঘড়ি বিক্রি করবে না।","You will sell the watch, but do not sell the watch.",am d̪ɔ gʰuɽi ɘkʰɾiɲa mɛnkʰan gʰuɽi bam ɘkʰɾiɲa.
গ্রামে একটি অশান্তি আছে।,There is an unrest in the village.,at̪oɾɛ bɛtʰiɾ menaa.
আমি পানি পান করেছিলাম।,I drank the water.,iɲiɲ d̪aʔ ɲukeda.
একটি কিশোর বাড়িতে আছে।,One hobbledehoy is in the house.,mit̪ʔʈɛn bat͡ʃʰɽa koɽa d̪ɔ ɔɽaʔɾɛ menaa.
তোমাদের বাজি নতুন।,Your wager is new.,apɛaʔ bəd͡ʒi d̪ɔ nɔwaa.
একটি মোবাইল ফোন গ্রামে আছে।,One mobile phone is in the village.,mit̪ʔ mɔbaĭl pʰon d̪ɔ at̪oɾɛ menaa.
পাটি নতুন।,The foot is new.,kaʈa d̪ɔ nɔwaa.
তারা বিক্রি করছে।,They are selling.,oŋkoko ɘkʰɾiɲɛd̪a.
"তারা মানুষ সাহায্য করবে, কিন্তু ডাক্তার সাহায্য করবে না।","They will help the person, but do not help the doctor.",oŋko d̪ɔ hɔɽ gɔɽɔa mɛnkʰan ɖak̚t̪aɾ bako gɔɽɔa.
দয়া করে শহরে যাও।,Please go to the town.,d̪a.ja kat̪ɛ sɔhɔɽɾɛ calaʔmɛ.
"তোমরা ঘড়ি কিনবে, কিন্তু খাবার কিনবে না।","You all will buy the watch, but do not buy the food.",apɛ d̪ɔ gʰuɽi kiɾiɲa mɛnkʰan ɟɔmaʔ bapɛ kiɾiɲa.
সে বন্ধকী দেখবে না।,He/she does not see the mortgage.,uni d̪ɔ bəndki bai̯ ɲɛla.
তোমরা টাকা পাবে।,You all will get the money.,apɛ d̪ɔ ʈaka ɲama.
তুমি পড়ছ।,You is studying.,amɛm paɽha͡o̯ɛd̪a.
আজ আমি শোক দেখে হ্রদে কাজ করব।,"Today, I see the grief and then work in the lake.",t̪eheɲɾɛ iɲ bedna ɲɛlkat̪ɛ ɟɔlaɾɛ kɘmia.
ওয়ারেন্টটি নতুন।,The warrant is new.,aɾoɳʈ d̪ɔ nɔwaa.
স্কুলে একটি গ্রাম আছে।,There is a village in the school.,iskulɾɛ at̪o menaa.
আমরা মানুষ সাহায্য করেছিলাম।,We helped the person.,alɛlɛ hɔɽ gɔɽɔkeda.
তারা খেলছে।,They are playing.,oŋkoko gat̪eɛd̪a.
খড়টি গুরুত্বপূর্ণ।,The chaff is important.,bʰusə d̪ɔ ɟɘɾuɽa.
তুমি চুল্লি দেখেছ।,You have seen the furnace.,am d̪ɔ bʰaʈa ɲɛlakada.
একটি মা শহরে আছে।,One mother is in the town.,mit̪ʔʈɛn ajo d̪ɔ sɔhɔɽɾɛ menaa.
সেই সময় সে মাছ খেয়ে হ্রদে কাজ করবে।,"At that time, he/she eat the fish and then work in the lake.",ɔkt̪ɛɾɛ uni haku ɟɔmkat̪ɛ ɟɔlaɾɛ kɘmia.
সকালে আমরা পানি পান করে শহরে খেলব।,"In the morning, we drink the water and then play in the town.",sɛt̪aʔɾɛ alɛ d̪aʔ ɲukat̪ɛ sɔhɔɽɾɛ gat̪ea.
আড়ালে একটি হ্রদ আছে।,There is a lake in the covert.,ao̯tanɾɛ ɟɔla menaa.
দয়া করে হ্রদে আসো।,Please come to the lake.,d̪a.ja kat̪ɛ ɟɔlaɾɛ hiɟuʔmɛ.
সন্ধ্যাকালটি গুরুত্বপূর্ণ।,The eventide is important.,əjup̕ pajaɾ d̪ɔ ɟɘɾuɽa.
আমি ছুতার ও মাফ (হাতঢাকা) দেখব।,I will see the carpenter and the muff.,iɲ d̪ɔ bəɖʰi aɾ bembʰa ɲɛla.
গ্রামে একটি অগ্রদূত আছে।,There is a forerunner in the village.,at̪oɾɛ əguə̯daɾ menaa.
আড়ালে একটি পরাজয় আছে।,There is a beating in the covert.,ao̯tanɾɛ alao̯ menaa.
আমাদের ফার্ন গাছ নতুন।,Our fern is new.,alɛaʔ badgot͡ʃak̕ d̪ɔ nɔwaa.
সেই সময় সে দুধ পান করে নদীতে খেলবে।,"At that time, he/she drink the milk and then play in the river.",ɔkt̪ɛɾɛ uni t̪o̯͡a ɲukat̪ɛ gaɖaɾɛ gat̪ea.
সে কিনছে।,He/she is buying.,unii̯ kiɾiɲɛd̪a.
তারা মানুষ সাহায্য করেছে।,They have helped the person.,oŋko d̪ɔ hɔɽ gɔɽɔakada.
আমরা মারা যাচ্ছি।,We are dying.,alɛlɛ gɔc̚ʔɛd̪a.
সকালে আমি মাছ কিনে গ্রামে কাজ করব।,"In the morning, I buy the fish and then work in the village.",sɛt̪aʔɾɛ iɲ haku kiɾiɲkat̪ɛ at̪oɾɛ kɘmia.
আমি পানি ও দুধ পান করব।,I will drink the water and the milk.,iɲ d̪ɔ d̪aʔ aɾ t̪o̯͡a ɲua.
অবিশ্বাসীটি নতুন।,The heathen is new.,bedin d̪ɔ nɔwaa.
জিহ্বাটি ভালো।,The tongue is good.,alaŋ d̪ɔ mɔ̃ɟa.
একটি ভাই শহরে আছে।,One brother is in the town.,mit̪ʔʈɛn bɔ͡i̯ha d̪ɔ sɔhɔɽɾɛ menaa.
"তারা কথা পড়বে, কিন্তু পাঠ পড়বে না।","They will study the word, but do not study the lesson.",oŋko d̪ɔ kat̪ʰa paɽha͡o̯a mɛnkʰan sikʰnɘt̪ bako paɽha͡o̯a.
একটি মা হ্রদে আছে।,One mother is in the lake.,mit̪ʔʈɛn gɔgɔ d̪ɔ ɟɔlaɾɛ menaa.
নদীতে একটি উৎসব আছে।,There is a festival in the river.,gaɖaɾɛ pɔɾɔb menaa.
আমরা খাবার কিনব।,We will buy the food.,alɛ d̪ɔ ɟɔmaʔ kiɾiɲa.
সে যাচ্ছে।,He/she is going.,unii̯ calaʔɛd̪a.
জারজটি ছোট।,The bastard is small.,bidʰuə̯ d̪ɔ lɘʈua.
সকালে আমরা জাদুবিদ্যা দেখে হ্রদে কাজ করব।,"In the morning, we see the sorcery and then work in the lake.",sɛt̪aʔɾɛ alɛ ban ɲɛlkat̪ɛ ɟɔlaɾɛ kɘmia.
সেই সময় আমরা ঘড়ি কিনে শহরে খেলব।,"At that time, we buy the watch and then play in the town.",ɔkt̪ɛɾɛ alɛ gʰuɽi kiɾiɲkat̪ɛ sɔhɔɽɾɛ gat̪ea.
স্কুলে একটি খেলা আছে।,There is a game in the school.,iskulɾɛ bʰelguɖa menaa.
তাদের টাকা গুরুত্বপূর্ণ।,Their money is important.,oŋkoaʔ ʈaka d̪ɔ ɟɘɾuɽa.
মোবাইল ফোনটি ভালো।,The mobile phone is good.,mɔbaĭl pʰon d̪ɔ mɔ̃ɟa.
টাকাটি গুরুত্বপূর্ণ।,The money is important.,ʈaka d̪ɔ ɟɘɾuɽa.
আমি কথা লিখব না।,I do not write the word.,iɲ d̪ɔ kat̪ʰa bɘɲ ɔlɔʔa.
তোমার হাত পরিষ্কার।,Your hand is clean.,amaʔ t̪i d̪ɔ sapʰaa.
স্কুলে একটি রীতি আছে।,There is a customs in the school.,iskulɾɛ at͡ʃaɾ menaa.
তোমাদের পদ্য ভালো।,Your verse is good.,apɛaʔ ae̯t d̪ɔ mɔ̃ɟa.
তুমি ভাষা লিখবে না।,You do not write the language.,am d̪ɔ pɘɾsi bam ɔlɔʔa.
নিকটবর্তী এলাকাে একটি উই পোকা আছে।,There is a termite in the vicinity.,aɖe ʈolaɾɛ bʰuku menaa.
তুমি মোবাইল ফোন বিক্রি করেছিলে।,You sold the mobile phone.,amɛm mɔbaĭl pʰon ɘkʰɾiɲkeda.
পানিটি সুস্বাদু।,The water is tasty.,d̪aʔ d̪ɔ sibila.
বাসস্থানে একটি গুজব রটনাকারী আছে।,There is a gossiping in the dwelling place.,basɾɛ bəd͡ʒniə̯ menaa.
"আমরা পাঠ পড়ব, কিন্তু ভাষা পড়ব না।","We will study the lesson, but do not study the language.",alɛ d̪ɔ sikʰnɘt̪ paɽha͡o̯a mɛnkʰan pɘɾsi balɛ paɽha͡o̯a.
প্রকারটি নতুন।,The kinds is new.,bʰə̃t d̪ɔ nɔwaa.
আমরা পানি পান করেছিলাম।,We drank the water.,alɛlɛ d̪aʔ ɲukeda.
গুহাে একটি পিঁপড়া আছে।,There is an ant in the cave.,bʰugək̕ɾɛ muc̚ʔ menaa.
আড়ালে একটি শহর আছে।,There is a town in the covert.,ao̯tanɾɛ sɔhɔɽ menaa.
সেই সময় আমি ভাষা লিখে কুয়ায় কাজ করব।,"At that time, I write the language and then work in the well.",ɔkt̪ɛɾɛ iɲ pɘɾsi ɔlɔʔkat̪ɛ kuɲɾɛ kɘmia.
ইংল্যান্ডে একটি দুধ আছে।,There is a milk in the england.,bilətɾɛ t̪o̯͡a menaa.
বাসস্থানে একটি আয়না আছে।,There is a mirror in the dwelling place.,basɾɛ əɾsi menaa.
হ্রদে একটি আয়না আছে।,There is a mirror in the lake.,ɟɔlaɾɛ əɾsi menaa.
সকালে আমরা ভাষা পড়ে হ্রদে খেলব।,"In the morning, we study the language and then play in the lake.",sɛt̪aʔɾɛ alɛ pɘɾsi paɽha͡o̯kat̪ɛ ɟɔlaɾɛ gat̪ea.
আমি ঘড়ি বিক্রি করব না।,I do not sell the watch.,iɲ d̪ɔ gʰuɽi bɘɲ ɘkʰɾiɲa.
গুহাে একটি বোকা আছে।,There is a fool in the cave.,bʰugək̕ɾɛ bemblaha menaa.
"সে কিশোর দেখবে, কিন্তু ভালোবাসা দেখবে না।","He/she will see the lad, but does not see the love.",uni d̪ɔ bat͡ʃʰɽa ɲɛla mɛnkʰan bʰad bai̯ ɲɛla.
তুমি শব্দ করছ।,You is sounding.,amɛm ɾaːgɛd̪a.
তাদের জাফরি পরিষ্কার।,Their lattice work is clean.,oŋkoaʔ bata d̪ɔ sapʰaa.
"আমি ঘড়ি কিনব, কিন্তু মাছ কিনব না।","I will buy the watch, but do not buy the fish.",iɲ d̪ɔ gʰuɽi kiɾiɲa mɛnkʰan haku bɘɲ kiɾiɲa.
আমরা ঘড়ি ও মোবাইল ফোন কিনব।,We will buy the watch and the mobile phone.,alɛ d̪ɔ gʰuɽi aɾ mɔbaĭl pʰon kiɾiɲa.
তুমি কথা লিখবে না।,You do not write the word.,am d̪ɔ kat̪ʰa bam ɔlɔʔa.
পবিত্র সিন্দুকটি গুরুত্বপূর্ণ।,The ark of the covenant is important.,ən sunduk d̪ɔ ɟɘɾuɽa.
আমরা ভাষা লিখব না।,We do not write the language.,alɛ d̪ɔ pɘɾsi balɛ ɔlɔʔa.
"আমরা ভাষা বলব, কিন্তু কথা বলব না।","We will speak the language, but do not speak the word.",alɛ d̪ɔ pɘɾsi ɾɔɽa mɛnkʰan kat̪ʰa balɛ ɾɔɽa.
আমরা ভাষা পড়ব।,We will study the language.,alɛ d̪ɔ pɘɾsi paɽha͡o̯a.
সেই সময় আমি খাবার কিনে কুয়ায় খেলব।,"At that time, I buy the food and then play in the well.",ɔkt̪ɛɾɛ iɲ ɟɔmaʔ kiɾiɲkat̪ɛ kuɲɾɛ gat̪ea.
তারা পানি ও দুধ পান করবে।,They will drink the water and the milk.,oŋko d̪ɔ d̪aʔ aɾ t̪o̯͡a ɲua.
তোমরা পানি ও দুধ পান করবে।,You all will drink the water and the milk.,apɛ d̪ɔ d̪aʔ aɾ t̪o̯͡a ɲua.
দয়া করে কুয়ায় বসো।,Please sit in the well.,d̪a.ja kat̪ɛ kuɲɾɛ d̪uɽup̚ʔmɛ.
তুমি খাবার কিনেছিলে।,You bought the food.,amɛm ɟɔmaʔ kiɾiɲkeda.
তারা কথা পড়বে না।,They do not study the word.,oŋko d̪ɔ kat̪ʰa bako paɽha͡o̯a.
নদীতে একটি অকাল জন্ম আছে।,There is a premature birth in the river.,gaɖaɾɛ adpakolia menaa.
উঠানে একটি শহর আছে।,There is a town in the courtyard of house.,bəteɾɛ sɔhɔɽ menaa.
তাদের আঁটি ভালো।,Their bundle is good.,oŋkoaʔ əʈi d̪ɔ mɔ̃ɟa.
সে মাছ কিনবে না।,He/she does not buy the fish.,uni d̪ɔ haku bai̯ kiɾiɲa.
একটি মা গ্রামে আছে।,One mother is in the village.,mit̪ʔʈɛn gɔgɔ d̪ɔ at̪oɾɛ menaa.
বধিরতাটি গুরুত্বপূর্ণ।,The deafness is important.,bəhiɾ bəi̯ d̪ɔ ɟɘɾuɽa.
সে কথা বলবে না।,He/she does not speak the word.,uni d̪ɔ kat̪ʰa bai̯ ɾɔɽa.
তার বাবা আনন্দের।,His/her father is happy.,uniaʔ baba d̪ɔ ɾɘskɘa.
বিস্তীর্ণ ভূমিে একটি বেতন আছে।,There is a pay in the wide expanse of land.,bilənɾɛ bɛtɔn menaa.
তোমাদের হ্রদ নতুন।,Your lake is new.,apɛaʔ ɟɔla d̪ɔ nɔwaa.
সে বাবা সাহায্য করেছিল।,He/she helped the father.,unii̯ baba gɔɽɔkeda.
"আমি সময় দেখব, কিন্তু কোমরবন্ধ দেখব না।","I will see the time, but do not see the girth.",iɲ d̪ɔ ɔkt̪ɛ ɲɛla mɛnkʰan beɽband bɘɲ ɲɛla.
কুয়ায় একটি চুল্লি আছে।,There is a furnace in the well.,kuɲɾɛ bʰaʈa menaa.
আমি ঘড়ি কিনব।,I will buy the watch.,iɲ d̪ɔ gʰuɽi kiɾiɲa.
এক তোলাটি ভালো।,The one tola is good.,bʰoɾi d̪ɔ mɔ̃ɟa.
তাদের সময়কাল ভালো।,Their period is good.,oŋkoaʔ ãʈɾe d̪ɔ mɔ̃ɟa.
তুমি ঘড়ি দেখবে।,You will see the watch.,am d̪ɔ gʰuɽi ɲɛla.
তারা মধু খাবে।,They will eat the honey.,oŋko d̪ɔ ɲɛlɛɾasa ɟɔma.
পাঠ কোথায় আছে?,Where is the lesson?,sikʰnɘt̪ d̪ɔ ɔkaɾɛ menaa.
বাত রোগটি নতুন।,The rheumatism is new.,bat d̪ɔ nɔwaa.
একটি বাসিন্দা গ্রামে আছে।,One inhabitant is in the village.,mit̪ʔʈɛn baskitiə̯ d̪ɔ at̪oɾɛ menaa.
বাঁধটি পরিষ্কার।,The embankment is clean.,band d̪ɔ sapʰaa.
সেই সময় তারা কথা পড়ে শহরে খেলবে।,"At that time, they study the word and then play in the town.",ɔkt̪ɛɾɛ oŋko kat̪ʰa paɽha͡o̯kat̪ɛ sɔhɔɽɾɛ gat̪ea.
ডাক্তার কোথায় আছে?,Where is the doctor?,ɖak̚t̪aɾ d̪ɔ ɔkaɾɛ menaa.
আমি বন্য শুকর দেখেছিলাম।,I saw the boar.,iɲiɲ bʰatoɽ ɲɛlkeda.
ঝোপঝাড়টি নতুন।,The shrub is new.,akao̯na d̪ɔ nɔwaa.
অবশিষ্টটি নতুন।,The residue is new.,bəɖɾə d̪ɔ nɔwaa.
তোমাদের খাবার পরিষ্কার।,Your food is clean.,apɛaʔ ɟɔmaʔ d̪ɔ sapʰaa.
আড়ালে একটি বেঁকানো যন্ত্র আছে।,There is a brace for boring in the covert.,ao̯tanɾɛ bʰãoɾa menaa.
তোমরা মাছ ও মধু খাবে।,You all will eat the fish and the honey.,apɛ d̪ɔ haku aɾ ɲɛlɛɾasa ɟɔma.
আজ তুমি ভাষা লিখে স্কুলে কাজ করবে।,"Today, you write the language and then work in the school.",t̪eheɲɾɛ am pɘɾsi ɔlɔʔkat̪ɛ iskulɾɛ kɘmia.
তারা মাছ ও মধু খাবে।,They will eat the fish and the honey.,oŋko d̪ɔ haku aɾ ɲɛlɛɾasa ɟɔma.
আমার নদী গুরুত্বপূর্ণ।,My river is important.,iɲaʔ gaɖa d̪ɔ ɟɘɾuɽa.
তারা শিশু সাহায্য করেছে।,They have helped the child.,oŋko d̪ɔ gid̪ɾɘ gɔɽɔakada.
দয়া করে শহরে বসো।,Please sit in the town.,d̪a.ja kat̪ɛ sɔhɔɽɾɛ d̪uɽup̚ʔmɛ.
একটি পিঁপড়া কুয়ায় আছে।,One ant is in the well.,mit̪ʔʈɛn muc̚ʔ d̪ɔ kuɲɾɛ menaa.
তারা দেখছে।,They are seeing.,oŋkoko ɲɛlɛd̪a.
তোমার ডিমের কুসুম সুস্বাদু।,Your yolk of egg is tasty.,amaʔ bele botke d̪ɔ sibila.
শহরে একটি গুজব রটনাকারী আছে।,There is a bearer of tales in the town.,sɔhɔɽɾɛ bad͡ʒʰəni menaa.
"তুমি খাবার বিক্রি করবে, কিন্তু ঘড়ি বিক্রি করবে না।","You will sell the food, but do not sell the watch.",am d̪ɔ ɟɔmaʔ ɘkʰɾiɲa mɛnkʰan gʰuɽi bam ɘkʰɾiɲa.
গ্রামে একটি বিড়াল আছে।,There is a cat in the village.,at̪oɾɛ pusi menaa.
বেতনটি পরিষ্কার।,The pay is clean.,bɛtɔn d̪ɔ sapʰaa.
সেই সময় তারা পাঠ পড়ে বাড়িতে খেলবে।,"At that time, they study the lesson and then play in the house.",ɔkt̪ɛɾɛ oŋko sikʰnɘt̪ paɽha͡o̯kat̪ɛ ɔɽaʔɾɛ gat̪ea.
তুমি মাছ খেয়েছ।,You have eaten the fish.,am d̪ɔ haku ɟɔmakada.
সে মধু ও রান্না খাবে।,He/she will eat the honey and the cooked food.,uni d̪ɔ ɲɛlɛɾasa aɾ basaŋ ɟɔma.
তোমাদের তাঁতের অংশ নতুন।,Your heddles of loom is new.,apɛaʔ bade d̪ɔ nɔwaa.
সকালে তোমরা মোবাইল ফোন কিনে হ্রদে আসবে।,"In the morning, you all buy the mobile phone and then come to the lake.",sɛt̪aʔɾɛ apɛ mɔbaĭl pʰon kiɾiɲkat̪ɛ ɟɔlaɾɛ hiɟuʔa.
স্কুলে একটি খাবার আছে।,There is a food in the school.,iskulɾɛ ɟɔmaʔ menaa.
আমাদের গান ভালো।,Our song is good.,alɛaʔ seɾeɲ d̪ɔ mɔ̃ɟa.
সকালে তুমি ভাষা লিখে বাড়িতে যাবে।,"In the morning, you write the language and then go to the house.",sɛt̪aʔɾɛ am pɘɾsi ɔlɔʔkat̪ɛ ɔɽaʔɾɛ calaʔa.
সেই সময় তুমি পানি পান করে নদীতে খেলবে।,"At that time, you drink the water and then play in the river.",ɔkt̪ɛɾɛ am d̪aʔ ɲukat̪ɛ gaɖaɾɛ gat̪ea.
আজ সে দুধ পান করে গ্রামে আসবে।,"Today, he/she drink the milk and then come to the village.",t̪eheɲɾɛ uni t̪o̯͡a ɲukat̪ɛ at̪oɾɛ hiɟuʔa.
আমি পানি পান করব না।,I do not drink the water.,iɲ d̪ɔ d̪aʔ bɘɲ ɲua.
তুমি অপেক্ষা করছ।,You is waiting.,amɛm t̪ɘŋgiɛd̪a.
গুহাে একটি উত্তরাধিকার আছে।,There is a heritage in the cave.,bʰugək̕ɾɛ bapɔti dʰɔn menaa.
সকালে আমরা খাবার খেয়ে গ্রামে খেলব।,"In the morning, we eat the food and then play in the village.",sɛt̪aʔɾɛ alɛ ɟɔmaʔ ɟɔmkat̪ɛ at̪oɾɛ gat̪ea.
তার অগ্রদূত গুরুত্বপূর্ণ।,His/her forerunner is important.,uniaʔ əguə̯daɾ d̪ɔ ɟɘɾuɽa.
সেই সময় তারা ডায়াবেটিস দেখে বাড়িতে খেলবে।,"At that time, they see the diabetes and then play in the house.",ɔkt̪ɛɾɛ oŋko bəhumut ɲɛlkat̪ɛ ɔɽaʔɾɛ gat̪ea.
আমার গান ভালো।,My song is good.,iɲaʔ seɾeɲ d̪ɔ mɔ̃ɟa.
অশান্তিটি ভালো।,The unrest is good.,bɛtʰiɾ d̪ɔ mɔ̃ɟa.
তুমি দুধ পান করেছিলে।,You drank the milk.,amɛm t̪o̯͡a ɲukeda.
অভ্যাসটি নতুন।,The habit is new.,bʰəsi d̪ɔ nɔwaa.
আচরণটি পরিষ্কার।,The conduct is clean.,at͡ʃaɾ beo̯haɾ d̪ɔ sapʰaa.
সে মোবাইল ফোন ও ঔষধ কিনবে।,He/she will buy the mobile phone and the medicine.,uni d̪ɔ mɔbaĭl pʰon aɾ ɾan kiɾiɲa.
বিস্তীর্ণ ভূমিে একটি রান্না আছে।,There is a cooked food in the wide expanse of land.,bilənɾɛ basaŋ menaa.
আমরা কথা বলেছিলাম।,We spoke the word.,alɛlɛ kat̪ʰa ɾɔɽkeda.
তারা ঘড়ি বিক্রি করবে।,They will sell the watch.,oŋko d̪ɔ gʰuɽi ɘkʰɾiɲa.
গতকাল আমি দুধ পান করে স্কুলে আসব।,"Yesterday, I drink the milk and then come to the school.",hɔlaɾɛ iɲ t̪o̯͡a ɲukat̪ɛ iskulɾɛ hiɟuʔa.
আজ আমি ঘড়ি কিনে বাড়িতে আসব।,"Today, I buy the watch and then come to the house.",t̪eheɲɾɛ iɲ gʰuɽi kiɾiɲkat̪ɛ ɔɽaʔɾɛ hiɟuʔa.
আমরা কথা বলেছি।,We have spoken the word.,alɛ d̪ɔ kat̪ʰa ɾɔɽakada.
বাড়িতে একটি কৃষিজ উৎপাদন আছে।,There is an agricultural produce in the house.,ɔɽaʔɾɛ aɾd͡ʒon menaa.
ইংল্যান্ডে একটি ছুতার আছে।,There is a carpenter in the england.,bilətɾɛ bəɖʰi menaa.
গুহাে একটি সময় আছে।,There is a time in the cave.,bʰugək̕ɾɛ ɔkt̪ɛ menaa.
তুমি মাছ খাবে।,You will eat the fish.,am d̪ɔ haku ɟɔma.
সে মা সাহায্য করবে না।,He/she does not help the mother.,uni d̪ɔ gɔgɔ bai̯ gɔɽɔa.
হ্রদে একটি খাবার আছে।,There is a victuals in the lake.,ɟɔlaɾɛ aʈa saʈa menaa.
নিকটবর্তী এলাকাে একটি বাষ্প আছে।,There is a steam in the vicinity.,aɖe ʈolaɾɛ bʰapʰ menaa.
সকালে তারা দুধ পান করে হ্রদে খেলবে।,"In the morning, they drink the milk and then play in the lake.",sɛt̪aʔɾɛ oŋko t̪o̯͡a ɲukat̪ɛ ɟɔlaɾɛ gat̪ea.
সকালে সে কথা লিখে কুয়ায় কাজ করবে।,"In the morning, he/she write the word and then work in the well.",sɛt̪aʔɾɛ uni kat̪ʰa ɔlɔʔkat̪ɛ kuɲɾɛ kɘmia.
তোমরা মাছ কিনেছ।,You all have bought the fish.,apɛ d̪ɔ haku kiɾiɲakada.
আমি রান্না খেয়েছিলাম।,I ate the cooked food.,iɲiɲ basaŋ ɟɔmkeda.
সে বয়লার দেখবে।,He/she will see the boiler.,uni d̪ɔ bʰəʈʰi ɲɛla.
সে নুন-তামাকের ফেরিওয়ালা দেখবে।,He/she will see the pedlar of salt and tobacco.,uni d̪ɔ bə̃ɽiə̯̃ ɲɛla.
আমি মাছ বিক্রি করব না।,I do not sell the fish.,iɲ d̪ɔ haku bɘɲ ɘkʰɾiɲa.
আজ সে রান্না খেয়ে নদীতে আসবে।,"Today, he/she eat the cooked food and then come to the river.",t̪eheɲɾɛ uni basaŋ ɟɔmkat̪ɛ gaɖaɾɛ hiɟuʔa.
আমি কথা বলব।,I will speak the word.,iɲ d̪ɔ kat̪ʰa ɾɔɽa.
সে খাবার কিনবে।,He/she will buy the food.,uni d̪ɔ ɟɔmaʔ kiɾiɲa.
গুহাে একটি গান আছে।,There is a song in the cave.,bʰugək̕ɾɛ seɾeɲ menaa.
তোমাদের পরজীবী উদ্ভিদ পরিষ্কার।,Your parasitic plant is clean.,apɛaʔ alagd͡ʒəɽi d̪ɔ sapʰaa.
তার মানুষ ভালো।,His/her person is good.,uniaʔ hɔɽ d̪ɔ mɔ̃ɟa.
আমার কাজ গুরুত্বপূর্ণ।,My work is important.,iɲaʔ kɘmi d̪ɔ ɟɘɾuɽa.
আমরা ভাষা লিখেছিলাম।,We wrote the language.,alɛlɛ pɘɾsi ɔlɔʔkeda.
আমরা টকশাক দেখেছি।,We have seen the sorel.,alɛ d̪ɔ aɾak̕ kudɾum ɲɛlakada.
গুহাে একটি জাদুবিদ্যা আছে।,There is a sorcery in the cave.,bʰugək̕ɾɛ ban menaa.
একটি গুপ্তচর নদীতে আছে।,One spy is in the river.,mit̪ʔʈɛn baʈ paɽ d̪ɔ gaɖaɾɛ menaa.
তুমি মাছ ও রান্না খাবে।,You will eat the fish and the cooked food.,am d̪ɔ haku aɾ basaŋ ɟɔma.
বন্যাটি ভালো।,The flood is good.,bəd d̪ɔ mɔ̃ɟa.
তারা ভাষা লিখবে না।,They do not write the language.,oŋko d̪ɔ pɘɾsi bako ɔlɔʔa.
বন্ধুত্বটি ভালো।,The friendship is good.,bʰab d̪ɔ mɔ̃ɟa.
আমি পাত্র ও আতঙ্ক দেখব।,I will see the receptacle and the terror.,iɲ d̪ɔ anataŋ aɾ bʰɔɽɔk ɲɛla.
সকালে আমরা কথা লিখে গ্রামে আসব।,"In the morning, we write the word and then come to the village.",sɛt̪aʔɾɛ alɛ kat̪ʰa ɔlɔʔkat̪ɛ at̪oɾɛ hiɟuʔa.
বাসস্থানে একটি ভাই আছে।,There is a brother in the dwelling place.,basɾɛ bɔ͡i̯ha menaa.
তারা মধু ও মাছ খাবে।,They will eat the honey and the fish.,oŋko d̪ɔ ɲɛlɛɾasa aɾ haku ɟɔma.
তারা পান করছে।,They are drinking.,oŋkoko ɲuɛd̪a.
সে মোবাইল ফোন বিক্রি করবে।,He/she will sell the mobile phone.,uni d̪ɔ mɔbaĭl pʰon ɘkʰɾiɲa.
তারা রান্না খাবে।,They will eat the cooked food.,oŋko d̪ɔ basaŋ ɟɔma.
আমি ভাষা পড়েছিলাম।,I studied the language.,iɲiɲ pɘɾsi paɽha͡o̯keda.
সে ঘড়ি ও মাছ কিনবে।,He/she will buy the watch and the fish.,uni d̪ɔ gʰuɽi aɾ haku kiɾiɲa.
আমাদের পা পরিষ্কার।,Our leg is clean.,alɛaʔ ɟaŋga d̪ɔ sapʰaa.
গতকাল তুমি কথা লিখে স্কুলে খেলবে।,"Yesterday, you write the word and then play in the school.",hɔlaɾɛ am kat̪ʰa ɔlɔʔkat̪ɛ iskulɾɛ gat̪ea.
আমি মানুষ সাহায্য করব।,I will help the person.,iɲ d̪ɔ hɔɽ gɔɽɔa.
আমাদের বিড়াল আনন্দের।,Our cat is happy.,alɛaʔ pusi d̪ɔ ɾɘskɘa.
সে মাছ ও খাবার খাবে।,He/she will eat the fish and the food.,uni d̪ɔ haku aɾ ɟɔmaʔ ɟɔma.
তোমরা বিক্রি করছ।,You all are selling.,apɛpɛ ɘkʰɾiɲɛd̪a.
আজ আমি ভাষা পড়ে বাড়িতে যাব।,"Today, I study the language and then go to the house.",t̪eheɲɾɛ iɲ pɘɾsi paɽha͡o̯kat̪ɛ ɔɽaʔɾɛ calaʔa.
আড়ালে একটি বাঘ আছে।,There is a tiger in the covert.,ao̯tanɾɛ t̪ɘɾup̚ʔ menaa.
হাতটি ভালো।,The hand is good.,t̪i d̪ɔ mɔ̃ɟa.
তার উৎসব গুরুত্বপূর্ণ।,His/her festival is important.,uniaʔ pɔɾɔb d̪ɔ ɟɘɾuɽa.
সেই সময় আমি মধু খেয়ে বাড়িতে যাব।,"At that time, I eat the honey and then go to the house.",ɔkt̪ɛɾɛ iɲ ɲɛlɛɾasa ɟɔmkat̪ɛ ɔɽaʔɾɛ calaʔa.
আমরা খাবার বিক্রি করেছি।,We have sold the food.,alɛ d̪ɔ ɟɔmaʔ ɘkʰɾiɲakada.
বুদ্ধিটি ভালো।,The wisdom is good.,əkil d̪ɔ mɔ̃ɟa.
তারা ঔষধ পেয়েছিল।,They got the medicine.,oŋkoko ɾan ɲamkeda.
সেই সময় তোমরা কথা পড়ে বাড়িতে কাজ করবে।,"At that time, you all study the word and then work in the house.",ɔkt̪ɛɾɛ apɛ kat̪ʰa paɽha͡o̯kat̪ɛ ɔɽaʔɾɛ kɘmia.
তোমার দুধ ভালো।,Your milk is good.,amaʔ t̪o̯͡a d̪ɔ mɔ̃ɟa.
পানিটি পরিষ্কার।,The water is clean.,d̪aʔ d̪ɔ sapʰaa.
বাড়িতে একটি একমুঠো আছে।,There is a handful in the house.,ɔɽaʔɾɛ aɲd͡ʒle menaa.
"সে কথা বলবে, কিন্তু কথা বলবে না।","He/she will speak the word, but does not speak the word.",uni d̪ɔ kat̪ʰa ɾɔɽa mɛnkʰan kat̪ʰa bai̯ ɾɔɽa.
শত্রুটি গুরুত্বপূর্ণ।,The enemy is important.,bəi̯ɾi d̪ɔ ɟɘɾuɽa.
আমি কিনছি।,I am buying.,iɲiɲ kiɾiɲɛd̪a.
আমরা মাছ ও খাবার খাব।,We will eat the fish and the food.,alɛ d̪ɔ haku aɾ ɟɔmaʔ ɟɔma.
সে ভাষা লিখবে।,He/she will write the language.,uni d̪ɔ pɘɾsi ɔlɔʔa.
আমরা ছবি পেয়েছিলাম।,We got the photo.,alɛlɛ pʰɔʈɔ ɲamkeda.
আমাদের পা পরিষ্কার।,Our foot is clean.,alɛaʔ kaʈa d̪ɔ sapʰaa.
তুমি খাবার বিক্রি করেছ।,You have sold the food.,am d̪ɔ ɟɔmaʔ ɘkʰɾiɲakada.
মোবাইল ফোনটি পরিষ্কার।,The mobile phone is clean.,mɔbaĭl pʰon d̪ɔ sapʰaa.
একটি মাছ স্কুলে আছে।,One fish is in the school.,mit̪ʔ haku d̪ɔ iskulɾɛ menaa.
সে অপেক্ষা করছে।,He/she is waiting.,unii̯ t̪ɘŋgiɛd̪a.
বিস্তীর্ণ ভূমিে একটি উৎসব আছে।,There is a festival in the wide expanse of land.,bilənɾɛ pɔɾɔb menaa.
বাড়িতে একটি টাকা আছে।,There is a money in the house.,ɔɽaʔɾɛ ʈaka menaa.
ভবিষ্যৎটি গুরুত্বপূর্ণ।,The future is important.,agam d̪ɔ ɟɘɾuɽa.
তাদের দুধ পরিষ্কার।,Their milk is clean.,oŋkoaʔ t̪o̯͡a d̪ɔ sapʰaa.
"তোমরা দুধ পান করবে, কিন্তু পানি পান করবে না।","You all will drink the milk, but do not drink the water.",apɛ d̪ɔ t̪o̯͡a ɲua mɛnkʰan d̪aʔ bapɛ ɲua.
"তারা মাছ বিক্রি করবে, কিন্তু মোবাইল ফোন বিক্রি করবে না।","They will sell the fish, but do not sell the mobile phone.",oŋko d̪ɔ haku ɘkʰɾiɲa mɛnkʰan mɔbaĭl pʰon bako ɘkʰɾiɲa.
জোনাকিটি নতুন।,The firefly is new.,bakd͡ʒunu d̪ɔ nɔwaa.
সকালে আমরা কথা লিখে বাড়িতে যাব।,"In the morning, we write the word and then go to the house.",sɛt̪aʔɾɛ alɛ kat̪ʰa ɔlɔʔkat̪ɛ ɔɽaʔɾɛ calaʔa.
ভূগোলটি গুরুত্বপূর্ণ।,The geography is important.,bʰugol d̪ɔ ɟɘɾuɽa.
সে মোবাইল ফোন কিনবে।,He/she will buy the mobile phone.,uni d̪ɔ mɔbaĭl pʰon kiɾiɲa.
তোমরা খাবার বিক্রি করবে।,You all will sell the food.,apɛ d̪ɔ ɟɔmaʔ ɘkʰɾiɲa.
মধুটি ভালো।,The honey is good.,ɲɛlɛɾasa d̪ɔ mɔ̃ɟa.
আমাদের বাজি পরিষ্কার।,Our bet is clean.,alɛaʔ bəɾd͡ʒid d̪ɔ sapʰaa.
তার শুকর আনন্দের।,His/her pig is happy.,uniaʔ suk̚ɾi d̪ɔ ɾɘskɘa.
তার ছবি গুরুত্বপূর্ণ।,His/her photo is important.,uniaʔ pʰɔʈɔ d̪ɔ ɟɘɾuɽa.
আমাদের শুকর ছোট।,Our pig is small.,alɛaʔ suk̚ɾi d̪ɔ lɘʈua.
ঔষধ কোথায় আছে?,Where is the medicine?,ɾan d̪ɔ ɔkaɾɛ menaa.
আমি পাঠ পড়েছিলাম।,I studied the lesson.,iɲiɲ sikʰnɘt̪ paɽha͡o̯keda.
উত্তরাধিকারীটি গুরুত্বপূর্ণ।,The heir is important.,awəsi d̪ɔ ɟɘɾuɽa.
আমি মানুষ সাহায্য করেছিলাম।,I helped the person.,iɲiɲ hɔɽ gɔɽɔkeda.
পাতার বোঁটাটি ভালো।,The petiole is good.,bʰekuə̯ d̪ɔ mɔ̃ɟa.
দয়া করে স্কুলে বসো।,Please sit in the school.,d̪a.ja kat̪ɛ iskulɾɛ d̪uɽup̚ʔmɛ.
কর্তৃত্বটি পরিষ্কার।,The authority is clean.,adɔl d̪ɔ sapʰaa.
একটি টাকা শহরে আছে।,One money is in the town.,mit̪ʔ ʈaka d̪ɔ sɔhɔɽɾɛ menaa.
সময়কালটি পরিষ্কার।,The period is clean.,ãʈɾe d̪ɔ sapʰaa.
তোমাদের সময় ভালো।,Your time is good.,apɛaʔ ɔkt̪ɛ d̪ɔ mɔ̃ɟa.
দয়া করে কুয়ায় আসো।,Please come to the well.,d̪a.ja kat̪ɛ kuɲɾɛ hiɟuʔmɛ.
শহরে একটি শিখা আছে।,There is a flame in the town.,sɔhɔɽɾɛ ãt͡ʃ menaa.
পরিষদটি ভালো।,The council is good.,bəi̯si d̪ɔ mɔ̃ɟa.
হ্রদে একটি ডায়াবেটিস আছে।,There is a diabetes in the lake.,ɟɔlaɾɛ bəhumut menaa.
অবিশ্বাসীটি ভালো।,The heathen is good.,bedin d̪ɔ mɔ̃ɟa.
বাসস্থানে একটি ঝোপ আছে।,There is a thicket in the residence.,basaɾɛ badaɽ menaa.
আজ সে কথা পড়ে বাড়িতে আসবে।,"Today, he/she study the word and then come to the house.",t̪eheɲɾɛ uni kat̪ʰa paɽha͡o̯kat̪ɛ ɔɽaʔɾɛ hiɟuʔa.
বাসস্থানে একটি পা আছে।,There is a leg in the dwelling place.,basɾɛ ɟaŋga menaa.
ডাক্তারটি ছোট।,The doctor is small.,ɖak̚t̪aɾ d̪ɔ lɘʈua.
তাদের বাড়ি নতুন।,Their house is new.,oŋkoaʔ ɔɽaʔ d̪ɔ nɔwaa.
আমার কথা গুরুত্বপূর্ণ।,My word is important.,iɲaʔ kat̪ʰa d̪ɔ ɟɘɾuɽa.
ভাইটি ছোট।,The brother is small.,bɔ͡i̯ha d̪ɔ lɘʈua.
তোমরা মোবাইল ফোন বিক্রি করবে না।,You all do not sell the mobile phone.,apɛ d̪ɔ mɔbaĭl pʰon bapɛ ɘkʰɾiɲa.
সকালে তুমি মাছ খেয়ে কুয়ায় আসবে।,"In the morning, you eat the fish and then come to the well.",sɛt̪aʔɾɛ am haku ɟɔmkat̪ɛ kuɲɾɛ hiɟuʔa.
আজ আমি রোগ দেখে স্কুলে যাব।,"Today, I see the illness and then go to the school.",t̪eheɲɾɛ iɲ ɾu̯͡ɘ ɲɛlkat̪ɛ iskulɾɛ calaʔa.
তারা এক তোলা দেখেছিল।,They saw the one tola.,oŋkoko bʰoɾi ɲɛlkeda.
ন্যায়বিচারের আবেদনটি ভালো।,The appeal for justice is good.,əpʰil dohae̯ d̪ɔ mɔ̃ɟa.
"আমি ভাষা পড়ব, কিন্তু ভাষা পড়ব না।","I will study the language, but do not study the language.",iɲ d̪ɔ pɘɾsi paɽha͡o̯a mɛnkʰan pɘɾsi bɘɲ paɽha͡o̯a.
নিকটবর্তী এলাকাে একটি পা আছে।,There is a foot in the vicinity.,aɖe ʈolaɾɛ kaʈa menaa.
আমি শিশু সাহায্য করেছিলাম।,I helped the child.,iɲiɲ gid̪ɾɘ gɔɽɔkeda.
বিস্তীর্ণ ভূমিে একটি আখরোট আছে।,There is a walnut in the wide expanse of land.,bilənɾɛ akʰɾoʈ menaa.
আমরা রান্না ও মাছ খাব।,We will eat the cooked food and the fish.,alɛ d̪ɔ basaŋ aɾ haku ɟɔma.
তারা মাছ খাবে।,They will eat the fish.,oŋko d̪ɔ haku ɟɔma.
আমরা ভাষা পড়ব না।,We do not study the language.,alɛ d̪ɔ pɘɾsi balɛ paɽha͡o̯a.
"তুমি নিরামিষাশী দেখবে, কিন্তু মধু দেখবে না।","You will see the vegetarian, but do not see the honey.",am d̪ɔ bʰagat ɲɛla mɛnkʰan ɲɛlɛɾasa bam ɲɛla.
তোমরা খাবার দেখেছ।,You all have seen the victuals.,apɛ d̪ɔ aʈa saʈa ɲɛlakada.
সে পাচ্ছে।,He/she is getting.,unii̯ ɲamɛd̪a.
তাদের সময় ভালো।,Their time is good.,oŋkoaʔ ɔkt̪ɛ d̪ɔ mɔ̃ɟa.
গতকাল তুমি ঔষধ কিনে কুয়ায় কাজ করবে।,"Yesterday, you buy the medicine and then work in the well.",hɔlaɾɛ am ɾan kiɾiɲkat̪ɛ kuɲɾɛ kɘmia.
"তুমি মোবাইল ফোন কিনবে, কিন্তু ঘড়ি কিনবে না।","You will buy the mobile phone, but do not buy the watch.",am d̪ɔ mɔbaĭl pʰon kiɾiɲa mɛnkʰan gʰuɽi bam kiɾiɲa.
"আমি খাবার বিক্রি করব, কিন্তু মাছ বিক্রি করব না।","I will sell the food, but do not sell the fish.",iɲ d̪ɔ ɟɔmaʔ ɘkʰɾiɲa mɛnkʰan haku bɘɲ ɘkʰɾiɲa.
তুমি ভাষা বলেছ।,You have spoken the language.,am d̪ɔ pɘɾsi ɾɔɽakada.
ঝুড়িটি গুরুত্বপূর্ণ।,The basket is important.,bʰad͡ʒan d̪ɔ ɟɘɾuɽa.
তুমি ঔষধ পাবে না।,You do not get the medicine.,am d̪ɔ ɾan bam ɲama.
স্কুলে একটি ব্যবসায়ী আছে।,There is a trader in the school.,iskulɾɛ bepaɾi menaa.
শহরে একটি ভাই আছে।,There is a brother in the town.,sɔhɔɽɾɛ bɔ͡i̯ha menaa.
আমাদের বাড়ি পরিষ্কার।,Our house is clean.,alɛaʔ ɔɽaʔ d̪ɔ sapʰaa.
সকালে আমরা ভাষা লিখে হ্রদে আসব।,"In the morning, we write the language and then come to the lake.",sɛt̪aʔɾɛ alɛ pɘɾsi ɔlɔʔkat̪ɛ ɟɔlaɾɛ hiɟuʔa.
স্কুলে একটি বাবা আছে।,There is a father in the school.,iskulɾɛ apa menaa.
মাছটি ভালো।,The fish is good.,haku d̪ɔ mɔ̃ɟa.
তোমরা মোবাইল ফোন বিক্রি করেছিলে।,You all sold the mobile phone.,apɛpɛ mɔbaĭl pʰon ɘkʰɾiɲkeda.
স্কুলে একটি কণ্ঠস্বর আছে।,There is a voice in the school.,iskulɾɛ aɽaŋ menaa.
ছবিটি পরিষ্কার।,The photo is clean.,pʰɔʈɔ d̪ɔ sapʰaa.
সকালে তোমরা মধু খেয়ে নদীতে খেলবে।,"In the morning, you all eat the honey and then play in the river.",sɛt̪aʔɾɛ apɛ ɲɛlɛɾasa ɟɔmkat̪ɛ gaɖaɾɛ gat̪ea.
আমরা কাজ করছি।,We are working.,alɛlɛ kɘmiɛd̪a.
তারা ডাক্তার সাহায্য করেছিল।,They helped the doctor.,oŋkoko ɖak̚t̪aɾ gɔɽɔkeda.
একটি ভাই কুয়ায় আছে।,One brother is in the well.,mit̪ʔʈɛn bɔ͡i̯ha d̪ɔ kuɲɾɛ menaa.
"আমি ভাষা পড়ব, কিন্তু কথা পড়ব না।","I will study the language, but do not study the word.",iɲ d̪ɔ pɘɾsi paɽha͡o̯a mɛnkʰan kat̪ʰa bɘɲ paɽha͡o̯a.
তোমাদের ঔষধ গুরুত্বপূর্ণ।,Your medicine is important.,apɛaʔ ɾan d̪ɔ ɟɘɾuɽa.
স্কুলে একটি শুকর আছে।,There is a pig in the school.,iskulɾɛ suk̚ɾi menaa.
"আমরা বাবা সাহায্য করব, কিন্তু ডাক্তার সাহায্য করব না।","We will help the father, but do not help the doctor.",alɛ d̪ɔ baba gɔɽɔa mɛnkʰan ɖak̚t̪aɾ balɛ gɔɽɔa.
সেই সময় আমি পাঠ পড়ে বাড়িতে খেলব।,"At that time, I study the lesson and then play in the house.",ɔkt̪ɛɾɛ iɲ sikʰnɘt̪ paɽha͡o̯kat̪ɛ ɔɽaʔɾɛ gat̪ea.
আমরা মোবাইল ফোন কিনব।,We will buy the mobile phone.,alɛ d̪ɔ mɔbaĭl pʰon kiɾiɲa.
স্কুলে একটি কিশোর আছে।,There is a lad in the school.,iskulɾɛ bat͡ʃʰɽa menaa.
ভিক্ষুকটি ছোট।,The beggar is small.,bʰikʰəɾi d̪ɔ lɘʈua.
গতকাল সে ভাষা লিখে বাড়িতে খেলবে।,"Yesterday, he/she write the language and then play in the house.",hɔlaɾɛ uni pɘɾsi ɔlɔʔkat̪ɛ ɔɽaʔɾɛ gat̪ea.
তাদের ধাতুর বাটি পরিষ্কার।,Their metal basin is clean.,oŋkoaʔ bəʈi d̪ɔ sapʰaa.
তার পা পরিষ্কার।,His/her leg is clean.,uniaʔ ɟaŋga d̪ɔ sapʰaa.
উঠানে একটি আঙুলের ফোঁড়া আছে।,There is a whitlow in the courtyard of house.,bəteɾɛ aŋguɾ biɽhi menaa.
তার ভাদ্র মাস নতুন।,His/her august-september is new.,uniaʔ bʰadɔɾ d̪ɔ nɔwaa.
তার ভাষা ভালো।,His/her language is good.,uniaʔ bʰaka d̪ɔ mɔ̃ɟa.
আমি মাছ বিক্রি করব।,I will sell the fish.,iɲ d̪ɔ haku ɘkʰɾiɲa.
গুহাে একটি বাবা আছে।,There is a father in the cave.,bʰugək̕ɾɛ baba menaa.
একটি জারজ স্কুলে আছে।,One bastard is in the school.,mit̪ʔʈɛn bidʰuə̯ d̪ɔ iskulɾɛ menaa.
সেই সময় আমরা ভাষা পড়ে হ্রদে কাজ করব।,"At that time, we study the language and then work in the lake.",ɔkt̪ɛɾɛ alɛ pɘɾsi paɽha͡o̯kat̪ɛ ɟɔlaɾɛ kɘmia.
আমি দুধ পান করেছিলাম।,I drank the milk.,iɲiɲ t̪o̯͡a ɲukeda.
"তোমরা কথা লিখবে, কিন্তু কথা লিখবে না।","You all will write the word, but do not write the word.",apɛ d̪ɔ kat̪ʰa ɔlɔʔa mɛnkʰan kat̪ʰa bapɛ ɔlɔʔa.
সে ঔষধ কিনবে না।,He/she does not buy the medicine.,uni d̪ɔ ɾan bai̯ kiɾiɲa.
আমি মধু ও খাবার খাব।,I will eat the honey and the food.,iɲ d̪ɔ ɲɛlɛɾasa aɾ ɟɔmaʔ ɟɔma.
আমাদের লাভ পরিষ্কার।,Our profit is clean.,alɛaʔ baɾpʰəi̯ d̪ɔ sapʰaa.
গতকাল আমি কথা লিখে শহরে যাব।,"Yesterday, I write the word and then go to the town.",hɔlaɾɛ iɲ kat̪ʰa ɔlɔʔkat̪ɛ sɔhɔɽɾɛ calaʔa.
তাদের বাবা ভালো।,Their father is good.,oŋkoaʔ baba d̪ɔ mɔ̃ɟa.
আমরা পাঠ পড়ব না।,We do not study the lesson.,alɛ d̪ɔ sikʰnɘt̪ balɛ paɽha͡o̯a.
তার ফকির ভালো।,His/her fakeer is good.,uniaʔ babad͡ʒi d̪ɔ mɔ̃ɟa.
বাসস্থানে একটি বয়লার আছে।,There is a boiler in the dwelling place.,basɾɛ bʰəʈʰi menaa.
তুমি খাবার পাবে না।,You do not get the food.,am d̪ɔ ɟɔmaʔ bam ɲama.
আমি অজ্ঞতা দেখেছিলাম।,I saw the ignorance.,iɲiɲ bʰut͡ʃ ɲɛlkeda.
ইংল্যান্ডে একটি ঔষধ আছে।,There is a medicine in the england.,bilətɾɛ ɾan menaa.
বেতনটি ভালো।,The pay is good.,bɛtɔn d̪ɔ mɔ̃ɟa.
"আমরা খাবার কিনব, কিন্তু মাছ কিনব না।","We will buy the food, but do not buy the fish.",alɛ d̪ɔ ɟɔmaʔ kiɾiɲa mɛnkʰan haku balɛ kiɾiɲa.
সে বাদ্যযন্ত্র দেখেছিল।,He/she saw the musical instrument.,unii̯ bad͡ʒa ɲɛlkeda.
উঠানে একটি বিঘত আছে।,There is a span in the courtyard of house.,bəteɾɛ beɽ menaa.
স্কুলে একটি ডালিম আছে।,There is a pomegranate in the school.,iskulɾɛ anaɾ menaa.
আমরা মাছ কিনেছিলাম।,We bought the fish.,alɛlɛ haku kiɾiɲkeda.
আমরা মানুষ সাহায্য করব না।,We do not help the person.,alɛ d̪ɔ hɔɽ balɛ gɔɽɔa.
তুমি কথা লিখবে।,You will write the word.,am d̪ɔ kat̪ʰa ɔlɔʔa.
তোমাদের মধু ভালো।,Your honey is good.,apɛaʔ ɲɛlɛɾasa d̪ɔ mɔ̃ɟa.
একটি বামন স্কুলে আছে।,One dwarf is in the school.,mit̪ʔʈɛn bãoɽã d̪ɔ iskulɾɛ menaa.
কুয়াটি গুরুত্বপূর্ণ।,The well is important.,kuɲ d̪ɔ ɟɘɾuɽa.
"তারা ভাষা লিখবে, কিন্তু ভাষা লিখবে না।","They will write the language, but do not write the language.",oŋko d̪ɔ pɘɾsi ɔlɔʔa mɛnkʰan pɘɾsi bako ɔlɔʔa.
বাসস্থানে একটি পা আছে।,There is a foot in the dwelling place.,basɾɛ kaʈa menaa.
পক্ষাঘাতটি পরিষ্কার।,The hemiplegia is clean.,aɾdʰəŋgi d̪ɔ sapʰaa.
সেই সময় আমি পানি পান করে হ্রদে খেলব।,"At that time, I drink the water and then play in the lake.",ɔkt̪ɛɾɛ iɲ d̪aʔ ɲukat̪ɛ ɟɔlaɾɛ gat̪ea.
সকালে তোমরা ভাষা লিখে হ্রদে খেলবে।,"In the morning, you all write the language and then play in the lake.",sɛt̪aʔɾɛ apɛ pɘɾsi ɔlɔʔkat̪ɛ ɟɔlaɾɛ gat̪ea.
একটি ছবি শহরে আছে।,One photo is in the town.,mit̪ʔ pʰɔʈɔ d̪ɔ sɔhɔɽɾɛ menaa.
হ্রদটি পরিষ্কার।,The lake is clean.,ɟɔla d̪ɔ sapʰaa.
একটি ঔষধ বাড়িতে আছে।,One medicine is in the house.,mit̪ʔ ɾan d̪ɔ ɔɽaʔɾɛ menaa.
আমার হ্রদ নতুন।,My lake is new.,iɲaʔ ɟɔla d̪ɔ nɔwaa.
আজ আমি মাছ খেয়ে স্কুলে খেলব।,"Today, I eat the fish and then play in the school.",t̪eheɲɾɛ iɲ haku ɟɔmkat̪ɛ iskulɾɛ gat̪ea.
সকালে আমরা ভাষা পড়ে বাড়িতে আসব।,"In the morning, we study the language and then come to the house.",sɛt̪aʔɾɛ alɛ pɘɾsi paɽha͡o̯kat̪ɛ ɔɽaʔɾɛ hiɟuʔa.
তুমি কথা পড়বে।,You will study the word.,am d̪ɔ kat̪ʰa paɽha͡o̯a.
"আমরা মানুষ সাহায্য করব, কিন্তু শিশু সাহায্য করব না।","We will help the person, but do not help the child.",alɛ d̪ɔ hɔɽ gɔɽɔa mɛnkʰan gid̪ɾɘ balɛ gɔɽɔa.
তার ঔষধ গুরুত্বপূর্ণ।,His/her medicine is important.,uniaʔ ɾan d̪ɔ ɟɘɾuɽa.
একটি বাবা স্কুলে আছে।,One father is in the school.,mit̪ʔʈɛn baba d̪ɔ iskulɾɛ menaa.
তারা খাবার কিনবে।,They will buy the food.,oŋko d̪ɔ ɟɔmaʔ kiɾiɲa.
তোমরা মাছ কিনবে।,You all will buy the fish.,apɛ d̪ɔ haku kiɾiɲa.
সে মাছ খেয়েছিল।,He/she ate the fish.,unii̯ haku ɟɔmkeda.
শহরে একটি হ্রদ আছে।,There is a lake in the town.,sɔhɔɽɾɛ ɟɔla menaa.
আমি মা সাহায্য করব।,I will help the mother.,iɲ d̪ɔ gɔgɔ gɔɽɔa.
বেল্টের ক্ল্যাপটি ভালো।,The belt clasp is good.,bəkuk̕ d̪ɔ mɔ̃ɟa.
আমরা পাতার বোঁটা দেখব।,We will see the petiole.,alɛ d̪ɔ bʰekuə̯ ɲɛla.
খড়ের মোটা দড়িটি পরিষ্কার।,The thick straw rope is clean.,baɾahi d̪ɔ sapʰaa.
তোমরা শব্দ করছ।,You all are sounding.,apɛpɛ ɾaːgɛd̪a.
আমরা অশান্তি ও বকেয়া দেখব।,We will see the unrest and the arrears.,alɛ d̪ɔ bɛtʰiɾ aɾ bəki ɲɛla.
সে মধু ও খাবার খাবে।,He/she will eat the honey and the food.,uni d̪ɔ ɲɛlɛɾasa aɾ ɟɔmaʔ ɟɔma.
তোমরা জোয়াল দেখেছিলে।,You all saw the yoke.,apɛpɛ aɾãɽ ɲɛlkeda.
ইংল্যান্ডে একটি হাত আছে।,There is a hand in the england.,bilətɾɛ t̪i menaa.
সে খাবার ও মধু খাবে।,He/she will eat the food and the honey.,uni d̪ɔ ɟɔmaʔ aɾ ɲɛlɛɾasa ɟɔma.
"তারা ঔষধ পাবে, কিন্তু টাকা পাবে না।","They will get the medicine, but do not get the money.",oŋko d̪ɔ ɾan ɲama mɛnkʰan ʈaka bako ɲama.
তোমার ব্যান্ডেজ নতুন।,Your bandger is new.,amaʔ bədʰi d̪ɔ nɔwaa.
"তুমি মানুষ সাহায্য করবে, কিন্তু মানুষ সাহায্য করবে না।","You will help the person, but do not help the person.",am d̪ɔ hɔɽ gɔɽɔa mɛnkʰan hɔɽ bam gɔɽɔa.
আমি ভূত দেখব।,I will see the apparition.,iɲ d̪ɔ bʰeo̯na ɲɛla.
"তোমরা খাবার বিক্রি করবে, কিন্তু ঘড়ি বিক্রি করবে না।","You all will sell the food, but do not sell the watch.",apɛ d̪ɔ ɟɔmaʔ ɘkʰɾiɲa mɛnkʰan gʰuɽi bapɛ ɘkʰɾiɲa.
তুমি রান্না খাবে না।,You do not eat the cooked food.,am d̪ɔ basaŋ bam ɟɔma.
তুমি রান্না খেয়েছ।,You have eaten the cooked food.,am d̪ɔ basaŋ ɟɔmakada.
সেই সময় সে খাবার খেয়ে বাড়িতে খেলবে।,"At that time, he/she eat the food and then play in the house.",ɔkt̪ɛɾɛ uni ɟɔmaʔ ɟɔmkat̪ɛ ɔɽaʔɾɛ gat̪ea.
বাক্যটি ভালো।,The sentence is good.,ajat d̪ɔ mɔ̃ɟa.
তোমার অন্ধ ভয় পরিষ্কার।,Your superstitious fear is clean.,amaʔ bʰae̯ d̪ɔ sapʰaa.
গুহাে একটি স্কুল আছে।,There is a school in the cave.,bʰugək̕ɾɛ iskul menaa.
পাড়াে একটি ছোট কুঠার আছে।,There is a small adze in the neighbourhood.,aɖe paseɾɛ bəslə menaa.
"তুমি কথা বলবে, কিন্তু কথা বলবে না।","You will speak the word, but do not speak the word.",am d̪ɔ kat̪ʰa ɾɔɽa mɛnkʰan kat̪ʰa bam ɾɔɽa.
আমার আখরোট সুস্বাদু।,My walnut is tasty.,iɲaʔ akʰɾoʈ d̪ɔ sibila.
সে গুজব দেখবে।,He/she will see the rumour.,uni d̪ɔ bʰakaɾa ɲɛla.
একটি পিঁপড়া গ্রামে আছে।,One ant is in the village.,mit̪ʔʈɛn muc̚ʔ d̪ɔ at̪oɾɛ menaa.
আজ তারা কথা পড়ে শহরে কাজ করবে।,"Today, they study the word and then work in the town.",t̪eheɲɾɛ oŋko kat̪ʰa paɽha͡o̯kat̪ɛ sɔhɔɽɾɛ kɘmia.
তারা আফিম দেখেছে।,They have seen the opium.,oŋko d̪ɔ əpʰim ɲɛlakada.
ইংল্যান্ডে একটি ছোট কুঠার আছে।,There is a small adze in the england.,bilətɾɛ bəslə menaa.
আমরা কথা পড়েছি।,We have studied the word.,alɛ d̪ɔ kat̪ʰa paɽha͡o̯akada.
তার টকশাক নতুন।,His/her sorel is new.,uniaʔ aɾak̕ kudɾum d̪ɔ nɔwaa.
এক প্রজাতির কাকটি ভালো।,The bow-billed corby is good.,bʰoɳɖa kəhu d̪ɔ mɔ̃ɟa.
"আমি বাবা সাহায্য করব, কিন্তু ডাক্তার সাহায্য করব না।","I will help the father, but do not help the doctor.",iɲ d̪ɔ baba gɔɽɔa mɛnkʰan ɖak̚t̪aɾ bɘɲ gɔɽɔa.
ব্যাখ্যাটি নতুন।,The explanation is new.,bejan d̪ɔ nɔwaa.
তুমি পাঠ পড়েছিলে।,You studied the lesson.,amɛm sikʰnɘt̪ paɽha͡o̯keda.
তুমি ছবি পাবে না।,You do not get the photo.,am d̪ɔ pʰɔʈɔ bam ɲama.
তুমি ঘড়ি কিনেছিলে।,You bought the watch.,amɛm gʰuɽi kiɾiɲkeda.
তোমরা আচরণ দেখেছ।,You all have seen the conduct.,apɛ d̪ɔ at͡ʃaɾ beo̯haɾ ɲɛlakada.
তোমাদের বৃদ্ধি ভালো।,Your growth is good.,apɛaʔ baɽhɔnta d̪ɔ mɔ̃ɟa.
একটি ভাই স্কুলে আছে।,One brother is in the school.,mit̪ʔʈɛn baɾet d̪ɔ iskulɾɛ menaa.
উঠানে একটি লাগাম আছে।,There is a bridle in the courtyard of house.,bəteɾɛ bag menaa.
একটি ভাগ্নী গ্রামে আছে।,One niece is in the village.,mit̪ʔʈɛn bʰət͡ʃə d̪ɔ at̪oɾɛ menaa.
সে পান করছে।,He/she is drinking.,unii̯ ɲuɛd̪a.
তুমি ঘড়ি ও মাছ কিনবে।,You will buy the watch and the fish.,am d̪ɔ gʰuɽi aɾ haku kiɾiɲa.
একটি বিদেশী বাড়িতে আছে।,One foreigner is in the house.,mit̪ʔʈɛn bidesiə̯ d̪ɔ ɔɽaʔɾɛ menaa.
কুয়ায় একটি জোনাকি আছে।,There is a firefly in the well.,kuɲɾɛ bakd͡ʒunu menaa.
সেই সময় আমি লাগাম দেখে বাড়িতে যাব।,"At that time, I see the bridle and then go to the house.",ɔkt̪ɛɾɛ iɲ bag ɲɛlkat̪ɛ ɔɽaʔɾɛ calaʔa.
আঁটিটি ভালো।,The bundle is good.,əʈi d̪ɔ mɔ̃ɟa.
দম্ভটি নতুন।,The boasting is new.,bakʰaɾa d̪ɔ nɔwaa.
আজ সে ঔষধ কিনে নদীতে আসবে।,"Today, he/she buy the medicine and then come to the river.",t̪eheɲɾɛ uni ɾan kiɾiɲkat̪ɛ gaɖaɾɛ hiɟuʔa.
"তারা দুধ পান করবে, কিন্তু দুধ পান করবে না।","They will drink the milk, but do not drink the milk.",oŋko d̪ɔ t̪o̯͡a ɲua mɛnkʰan t̪o̯͡a bako ɲua.
বালিশটি পরিষ্কার।,The pillow is clean.,bəlis d̪ɔ sapʰaa.
বাঘ কোথায় আছে?,Where is the tiger?,t̪ɘɾup̚ʔ d̪ɔ ɔkaɾɛ menaa.
আমার জীবন ভালো।,My life is good.,iɲaʔ ɟiŋgi d̪ɔ mɔ̃ɟa.
ইংল্যান্ডে একটি সিস্ট টিউমার আছে।,There is a cystic tumour in the england.,bilətɾɛ batoɾi menaa.
তুমি ঔষধ পাবে।,You will get the medicine.,am d̪ɔ ɾan ɲama.
আজ তুমি মোবাইল ফোন কিনে স্কুলে যাবে।,"Today, you buy the mobile phone and then go to the school.",t̪eheɲɾɛ am mɔbaĭl pʰon kiɾiɲkat̪ɛ iskulɾɛ calaʔa.
"আমি শিশু সাহায্য করব, কিন্তু বাবা সাহায্য করব না।","I will help the child, but do not help the father.",iɲ d̪ɔ gid̪ɾɘ gɔɽɔa mɛnkʰan baba bɘɲ gɔɽɔa.
সে পানি পান করেছিল।,He/she drank the water.,unii̯ d̪aʔ ɲukeda.
গুজব রটনাকারীটি গুরুত্বপূর্ণ।,The gossiping is important.,bəd͡ʒniə̯ d̪ɔ ɟɘɾuɽa.
তারা খাবার বিক্রি করবে না।,They do not sell the food.,oŋko d̪ɔ ɟɔmaʔ bako ɘkʰɾiɲa.
কুয়ায় একটি সময় আছে।,There is a time in the well.,kuɲɾɛ ɔkt̪ɛ menaa.
আমরা ঘড়ি বিক্রি করেছিলাম।,We sold the watch.,alɛlɛ gʰuɽi ɘkʰɾiɲkeda.
বাঁধটি নতুন।,The embankment is new.,band d̪ɔ nɔwaa.
আমাদের দরখাস্ত গুরুত্বপূর্ণ।,Our petition is important.,alɛaʔ aɾd͡ʒa d̪ɔ ɟɘɾuɽa.
আমার শ্রমিক পরিষ্কার।,My navvy is clean.,iɲaʔ beldaɾ d̪ɔ sapʰaa.
"আমরা খাবার পাব, কিন্তু টাকা পাব না।","We will get the food, but do not get the money.",alɛ d̪ɔ ɟɔmaʔ ɲama mɛnkʰan ʈaka balɛ ɲama.
তাদের ভাষা ভালো।,Their language is good.,oŋkoaʔ pɘɾsi d̪ɔ mɔ̃ɟa.
তার ভাই ভালো।,His/her brother is good.,uniaʔ bɔ͡i̯ha d̪ɔ mɔ̃ɟa.
সেই সময় আমি কথা লিখে কুয়ায় কাজ করব।,"At that time, I write the word and then work in the well.",ɔkt̪ɛɾɛ iɲ kat̪ʰa ɔlɔʔkat̪ɛ kuɲɾɛ kɘmia.
আমরা কথা লিখব।,We will write the word.,alɛ d̪ɔ kat̪ʰa ɔlɔʔa.
তোমরা অভিশাপ দেখবে।,You all will see the curse.,apɛ d̪ɔ əsis ɲɛla.
আমরা কথা লিখব না।,We do not write the word.,alɛ d̪ɔ kat̪ʰa balɛ ɔlɔʔa.
শহরে একটি বাঘ আছে।,There is a tiger in the town.,sɔhɔɽɾɛ t̪ɘɾup̚ʔ menaa.
"তারা মধু খাবে, কিন্তু মাছ খাবে না।","They will eat the honey, but do not eat the fish.",oŋko d̪ɔ ɲɛlɛɾasa ɟɔma mɛnkʰan haku bako ɟɔma.
একটি খাবার বাড়িতে আছে।,One food is in the house.,mit̪ʔ ɟɔmaʔ d̪ɔ ɔɽaʔɾɛ menaa.
আমরা উল দেখেছি।,We have seen the wool.,alɛ d̪ɔ bʰiɖi up̕ ɲɛlakada.
বাসস্থানে একটি হাত আছে।,There is a hand in the residence.,basaɾɛ t̪i menaa.
আড়ালে একটি ভূমিকম্প আছে।,There is an earth tremor in the covert.,ao̯tanɾɛ bʰui̯ t͡ʃəl menaa.
একটি ভাগ্নী বাড়িতে আছে।,One niece is in the house.,mit̪ʔʈɛn bʰət͡ʃə d̪ɔ ɔɽaʔɾɛ menaa.
সে মাছ কিনেছে।,He/she has bought the fish.,uni d̪ɔ haku kiɾiɲakada.
গতকাল আমরা কথা লিখে কুয়ায় খেলব।,"Yesterday, we write the word and then play in the well.",hɔlaɾɛ alɛ kat̪ʰa ɔlɔʔkat̪ɛ kuɲɾɛ gat̪ea.
"আমরা ডাক্তার সাহায্য করব, কিন্তু মানুষ সাহায্য করব না।","We will help the doctor, but do not help the person.",alɛ d̪ɔ ɖak̚t̪aɾ gɔɽɔa mɛnkʰan hɔɽ balɛ gɔɽɔa.
তার ঔষধ ভালো।,His/her medicine is good.,uniaʔ ɾan d̪ɔ mɔ̃ɟa.
তাদের পা ভালো।,Their leg is good.,oŋkoaʔ ɟaŋga d̪ɔ mɔ̃ɟa.
ছবিটি গুরুত্বপূর্ণ।,The photo is important.,pʰɔʈɔ d̪ɔ ɟɘɾuɽa.
উদ্বেগটি নতুন।,The anxiety is new.,bʰabna d̪ɔ nɔwaa.
একটি ডাক্তার হ্রদে আছে।,One doctor is in the lake.,mit̪ʔʈɛn ɖak̚t̪aɾ d̪ɔ ɟɔlaɾɛ menaa.
একটি পূর্বপুরুষ গ্রামে আছে।,One ancestors is in the village.,mit̪ʔʈɛn bap dada d̪ɔ at̪oɾɛ menaa.
গ্রামে একটি কথা আছে।,There is a word in the village.,at̪oɾɛ kat̪ʰa menaa.
তার গ্রাম পরিষ্কার।,His/her village is clean.,uniaʔ ato d̪ɔ sapʰaa.
আখড়াটি নতুন।,The gathering is new.,akʰɾa d̪ɔ nɔwaa.
ওয়ারেন্টটি পরিষ্কার।,The warrant is clean.,aɾoɳʈ d̪ɔ sapʰaa.
গ্রামে একটি বাষ্প আছে।,There is a vapour in the village.,at̪oɾɛ bʰap menaa.
তারা ভাষা পড়েছিল।,They studied the language.,oŋkoko pɘɾsi paɽha͡o̯keda.
তুমি মা সাহায্য করেছিলে।,You helped the mother.,amɛm gɔgɔ gɔɽɔkeda.
"আমরা পানি পান করব, কিন্তু দুধ পান করব না।","We will drink the water, but do not drink the milk.",alɛ d̪ɔ d̪aʔ ɲua mɛnkʰan t̪o̯͡a balɛ ɲua.
বাসস্থানে একটি পাঠ আছে।,There is a lesson in the dwelling place.,basɾɛ sikʰnɘt̪ menaa.
বাসস্থানে একটি ছবি আছে।,There is a photo in the dwelling place.,basɾɛ pʰɔʈɔ menaa.
ছুতারটি পরিষ্কার।,The carpenter is clean.,bəɖʰi d̪ɔ sapʰaa.
তার খাবার ভালো।,His/her food is good.,uniaʔ ɟɔmaʔ d̪ɔ mɔ̃ɟa.
আমি পানি পান করেছি।,I have drunk the water.,iɲ d̪ɔ d̪aʔ ɲuakada.
তোমাদের টাকা গুরুত্বপূর্ণ।,Your money is important.,apɛaʔ ʈaka d̪ɔ ɟɘɾuɽa.
আমি বাবা সাহায্য করব।,I will help the father.,iɲ d̪ɔ baba gɔɽɔa.
আমার আদালত পরিষ্কার।,My court is clean.,iɲaʔ adalot d̪ɔ sapʰaa.
তাদের হ্রদ নতুন।,Their lake is new.,oŋkoaʔ ɟɔla d̪ɔ nɔwaa.
একটি বাসিন্দা শহরে আছে।,One inhabitant is in the town.,mit̪ʔʈɛn baskitiə̯ d̪ɔ sɔhɔɽɾɛ menaa.
ডালিমটি গুরুত্বপূর্ণ।,The pomegranate is important.,anaɾ d̪ɔ ɟɘɾuɽa.
তার আখড়া গুরুত্বপূর্ণ।,His/her gathering is important.,uniaʔ akʰɾa d̪ɔ ɟɘɾuɽa.
আমার সময় পরিষ্কার।,My time is clean.,iɲaʔ ɔkt̪ɛ d̪ɔ sapʰaa.
সেই সময় তোমরা পাঠ পড়ে কুয়ায় খেলবে।,"At that time, you all study the lesson and then play in the well.",ɔkt̪ɛɾɛ apɛ sikʰnɘt̪ paɽha͡o̯kat̪ɛ kuɲɾɛ gat̪ea.
তারা পানি পান করেছে।,They have drunk the water.,oŋko d̪ɔ d̪aʔ ɲuakada.
তোমরা খাবার ও রান্না খাবে।,You all will eat the food and the cooked food.,apɛ d̪ɔ ɟɔmaʔ aɾ basaŋ ɟɔma.
একটি ছেলে বাড়িতে আছে।,One boy is in the house.,mit̪ʔʈɛn bəbu d̪ɔ ɔɽaʔɾɛ menaa.
তোমার ঘড়ি ভালো।,Your watch is good.,amaʔ gʰuɽi d̪ɔ mɔ̃ɟa.
সে মানুষ সাহায্য করবে।,He/she will help the person.,uni d̪ɔ hɔɽ gɔɽɔa.
সে রান্না খেয়েছে।,He/she has eaten the cooked food.,uni d̪ɔ basaŋ ɟɔmakada.
পাঠটি গুরুত্বপূর্ণ।,The lesson is important.,sikʰnɘt̪ d̪ɔ ɟɘɾuɽa.
তাদের শিশু ছোট।,Their child is small.,oŋkoaʔ gid̪ɾɘ d̪ɔ lɘʈua.
সেই সময় তারা মাছ খেয়ে হ্রদে যাবে।,"At that time, they eat the fish and then go to the lake.",ɔkt̪ɛɾɛ oŋko haku ɟɔmkat̪ɛ ɟɔlaɾɛ calaʔa.
হ্রদে একটি অপচয় আছে।,There is a waste in the lake.,ɟɔlaɾɛ apt͡ʃo menaa.
কুমারীটি গুরুত্বপূর্ণ।,The virgin is important.,aɾda kuɽi d̪ɔ ɟɘɾuɽa.
গ্রামে একটি ডায়াবেটিস আছে।,There is a diabetes in the village.,at̪oɾɛ bəhumut menaa.
শহরে একটি পা আছে।,There is a leg in the town.,sɔhɔɽɾɛ ɟaŋga menaa.
আমরা ফুল দেখেছি।,We have seen the flower.,alɛ d̪ɔ baha ɲɛlakada.
বাসস্থানে একটি লাগাম আছে।,There is a bridle in the dwelling place.,basɾɛ bag menaa.
একটি ভাগ্নী নদীতে আছে।,One niece is in the river.,mit̪ʔʈɛn bʰət͡ʃə d̪ɔ gaɖaɾɛ menaa.
তোমরা মোবাইল ফোন ও ঔষধ কিনবে।,You all will buy the mobile phone and the medicine.,apɛ d̪ɔ mɔbaĭl pʰon aɾ ɾan kiɾiɲa.
তোমরা চাষাবাদ দেখেছিলে।,You all saw the cultivation.,apɛpɛ abad ɲɛlkeda.
বকেয়াটি গুরুত্বপূর্ণ।,The arrears is important.,bəki d̪ɔ ɟɘɾuɽa.
গতকাল তারা পাঠ পড়ে বাড়িতে যাবে।,"Yesterday, they study the lesson and then go to the house.",hɔlaɾɛ oŋko sikʰnɘt̪ paɽha͡o̯kat̪ɛ ɔɽaʔɾɛ calaʔa.
আড়ালে একটি নিকটবর্তী এলাকা আছে।,There is a vicinity in the covert.,ao̯tanɾɛ aɖe ʈola menaa.
আমি ঔষধ পেয়েছি।,I have gotten the medicine.,iɲ d̪ɔ ɾan ɲamakada.
তোমাদের হ্রদ ভালো।,Your lake is good.,apɛaʔ ɟɔla d̪ɔ mɔ̃ɟa.
একটি খাবার নদীতে আছে।,One food is in the river.,mit̪ʔ ɟɔmaʔ d̪ɔ gaɖaɾɛ menaa.
সেই সময় আমরা দুধ পান করে বাড়িতে খেলব।,"At that time, we drink the milk and then play in the house.",ɔkt̪ɛɾɛ alɛ t̪o̯͡a ɲukat̪ɛ ɔɽaʔɾɛ gat̪ea.
শহরে একটি ব্যাগ আছে।,There is a bag in the town.,sɔhɔɽɾɛ bɛg menaa.
কুয়ায় একটি সহ্যশক্তি আছে।,There is a stamina in the well.,kuɲɾɛ bʰẹd͡ʒ menaa.
তুমি মধু খাবে।,You will eat the honey.,am d̪ɔ ɲɛlɛɾasa ɟɔma.
সে প্রতিদ্বন্দ্বিতা দেখবে না।,He/she does not see the rivalry.,uni d̪ɔ bada bədi bai̯ ɲɛla.
"তুমি মাছ কিনবে, কিন্তু ঔষধ কিনবে না।","You will buy the fish, but do not buy the medicine.",am d̪ɔ haku kiɾiɲa mɛnkʰan ɾan bam kiɾiɲa.
তারা ঘড়ি কিনেছিল।,They bought the watch.,oŋkoko gʰuɽi kiɾiɲkeda.
তুমি ছবি পেয়েছ।,You have gotten the photo.,am d̪ɔ pʰɔʈɔ ɲamakada.
একটি বোকা কুয়ায় আছে।,One fool is in the well.,mit̪ʔʈɛn bemblaha d̪ɔ kuɲɾɛ menaa.
ইংল্যান্ডে একটি মজুরি আছে।,There is a wages in the england.,bilətɾɛ bən menaa.
গতকাল আমরা কথা দেখে হ্রদে যাব।,"Yesterday, we see the word and then go to the lake.",hɔlaɾɛ alɛ kat̪ʰa ɲɛlkat̪ɛ ɟɔlaɾɛ calaʔa.
বামনটি ছোট।,The dwarf is small.,bãoɽã d̪ɔ lɘʈua.
তারা উত্তরাধিকার দেখবে।,They will see the inheritance.,oŋko d̪ɔ əi̯dəɾi ɲɛla.
আড়ালে একটি নেতা আছে।,There is a leader in the covert.,ao̯tanɾɛ aglaha menaa.
বাসস্থানে একটি মোবাইল ফোন আছে।,There is a mobile phone in the residence.,basaɾɛ mɔbaĭl pʰon menaa.
আমরা ঘড়ি ও ঔষধ কিনব।,We will buy the watch and the medicine.,alɛ d̪ɔ gʰuɽi aɾ ɾan kiɾiɲa.
তোমরা ঔষধ পেয়েছিলে।,You all got the medicine.,apɛpɛ ɾan ɲamkeda.
সময়টি ভালো।,The time is good.,ɔkt̪ɛ d̪ɔ mɔ̃ɟa.
আমি খাবার কিনব।,I will buy the food.,iɲ d̪ɔ ɟɔmaʔ kiɾiɲa.
সিস্ট টিউমারটি গুরুত্বপূর্ণ।,The cystic tumour is important.,batoɾi d̪ɔ ɟɘɾuɽa.
একটি পৈতৃক সম্পত্তি গ্রামে আছে।,One patrimony is in the village.,mit̪ʔʈɛn bapɔɾi dʰɔn d̪ɔ at̪oɾɛ menaa.
"তোমরা ভাষা লিখবে, কিন্তু ভাষা লিখবে না।","You all will write the language, but do not write the language.",apɛ d̪ɔ pɘɾsi ɔlɔʔa mɛnkʰan pɘɾsi bapɛ ɔlɔʔa.
তোমাদের মোবাইল ফোন নতুন।,Your mobile phone is new.,apɛaʔ mɔbaĭl pʰon d̪ɔ nɔwaa.
গুহাে একটি ব্যাকরণ আছে।,There is a grammar in the cave.,bʰugək̕ɾɛ bejakaɾan menaa.
তোমাদের ছবি গুরুত্বপূর্ণ।,Your photo is important.,apɛaʔ pʰɔʈɔ d̪ɔ ɟɘɾuɽa.
গতকাল তুমি কথা পড়ে স্কুলে যাবে।,"Yesterday, you study the word and then go to the school.",hɔlaɾɛ am kat̪ʰa paɽha͡o̯kat̪ɛ iskulɾɛ calaʔa.
আমি মোবাইল ফোন ও মাছ কিনব।,I will buy the mobile phone and the fish.,iɲ d̪ɔ mɔbaĭl pʰon aɾ haku kiɾiɲa.
তারা কথা লিখবে।,They will write the word.,oŋko d̪ɔ kat̪ʰa ɔlɔʔa.
আজ তারা অগ্রদূত দেখে হ্রদে কাজ করবে।,"Today, they see the forerunner and then work in the lake.",t̪eheɲɾɛ oŋko əguə̯daɾ ɲɛlkat̪ɛ ɟɔlaɾɛ kɘmia.
মানুষটি ছোট।,The person is small.,hɔɽ d̪ɔ lɘʈua.
আমার দাম ভালো।,My price is good.,iɲaʔ bʰao̯ d̪ɔ mɔ̃ɟa.
তোমাদের রান্না সুস্বাদু।,Your cooked food is tasty.,apɛaʔ basaŋ d̪ɔ sibila.
টকশাকটি গুরুত্বপূর্ণ।,The sorel is important.,aɾak̕ kudɾum d̪ɔ ɟɘɾuɽa.
স্কুলে একটি দালালি আছে।,There is a commission in the school.,iskulɾɛ baʈa menaa.
একটি জারজ গ্রামে আছে।,One bastard is in the village.,mit̪ʔʈɛn bidʰuə̯ d̪ɔ at̪oɾɛ menaa.
আমাদের ব্যান্ডেজ নতুন।,Our bandger is new.,alɛaʔ bədʰi d̪ɔ nɔwaa.
তার হ্রদ নতুন।,His/her lake is new.,uniaʔ ɟɔla d̪ɔ nɔwaa.
সকালে আমি পাঠ পড়ে বাড়িতে যাব।,"In the morning, I study the lesson and then go to the house.",sɛt̪aʔɾɛ iɲ sikʰnɘt̪ paɽha͡o̯kat̪ɛ ɔɽaʔɾɛ calaʔa.
সে দুধ পান করেছিল।,He/she drank the milk.,unii̯ t̪o̯͡a ɲukeda.
আমাদের হাত গুরুত্বপূর্ণ।,Our hand is important.,alɛaʔ t̪i d̪ɔ ɟɘɾuɽa.
তোমার ছবি ভালো।,Your photo is good.,amaʔ pʰɔʈɔ d̪ɔ mɔ̃ɟa.
তুমি ঔষধ ও ঘড়ি কিনবে।,You will buy the medicine and the watch.,am d̪ɔ ɾan aɾ gʰuɽi kiɾiɲa.
আমরা মাছ বিক্রি করেছিলাম।,We sold the fish.,alɛlɛ haku ɘkʰɾiɲkeda.
হ্রদে একটি কাজ আছে।,There is a work in the lake.,ɟɔlaɾɛ kɘmi menaa.
গ্রামটি নতুন।,The village is new.,at̪o d̪ɔ nɔwaa.
আমাদের আদিবাসী নতুন।,Our aborigines is new.,alɛaʔ bəu̯ɾi d̪ɔ nɔwaa.
তুমি পানি পান করেছিলে।,You drank the water.,amɛm d̪aʔ ɲukeda.
একটি স্ত্রী গ্রামে আছে।,One wife is in the village.,mit̪ʔʈɛn bəhu d̪ɔ at̪oɾɛ menaa.
ফার্ন গাছটি পরিষ্কার।,The fern is clean.,badgot͡ʃak̕ d̪ɔ sapʰaa.
নিকটবর্তী এলাকাে একটি শিশু আছে।,There is a child in the vicinity.,aɖe ʈolaɾɛ gid̪ɾɘ menaa.
খিঁচুনিটি গুরুত্বপূর্ণ।,The convulsions is important.,ḅahiɾ bəi̯ d̪ɔ ɟɘɾuɽa.
তাদের রান্না পরিষ্কার।,Their cooked food is clean.,oŋkoaʔ basaŋ d̪ɔ sapʰaa.
দুধটি সুস্বাদু।,The milk is tasty.,t̪o̯͡a d̪ɔ sibila.
তাদের হাত ভালো।,Their hand is good.,oŋkoaʔ t̪i d̪ɔ mɔ̃ɟa.
তোমাদের গ্রাম ভালো।,Your village is good.,apɛaʔ at̪o d̪ɔ mɔ̃ɟa.
বিস্তীর্ণ ভূমিে একটি এক প্রজাতির কাক আছে।,There is a bow-billed corby in the wide expanse of land.,bilənɾɛ bʰoɳɖa kəhu menaa.
"আমি ভাষা লিখব, কিন্তু কথা লিখব না।","I will write the language, but do not write the word.",iɲ d̪ɔ pɘɾsi ɔlɔʔa mɛnkʰan kat̪ʰa bɘɲ ɔlɔʔa.
রান্না কোথায় আছে?,Where is the cooked food?,basaŋ d̪ɔ ɔkaɾɛ menaa.
তারা জোয়াল দেখবে না।,They do not see the yoke.,oŋko d̪ɔ aɾãɽ bako ɲɛla.
শহরে একটি ভাষা আছে।,There is a language in the town.,sɔhɔɽɾɛ pɘɾsi menaa.
তোমাদের মানুষ আনন্দের।,Your person is happy.,apɛaʔ hɔɽ d̪ɔ ɾɘskɘa.
গতকাল তোমরা ভাষা লিখে কুয়ায় খেলবে।,"Yesterday, you all write the language and then play in the well.",hɔlaɾɛ apɛ pɘɾsi ɔlɔʔkat̪ɛ kuɲɾɛ gat̪ea.
তার হাত ভালো।,His/her hand is good.,uniaʔ t̪i d̪ɔ mɔ̃ɟa.
আমি ভাষা পড়ব।,I will study the language.,iɲ d̪ɔ pɘɾsi paɽha͡o̯a.
হ্রদে একটি জেলে আছে।,There is a fisherman in the lake.,ɟɔlaɾɛ ɟɘliɘ menaa.
তার মাছ পরিষ্কার।,His/her fish is clean.,uniaʔ haku d̪ɔ sapʰaa.
আমরা কথা বলব।,We will speak the word.,alɛ d̪ɔ kat̪ʰa ɾɔɽa.
সে রাখাল ও চুক্তি দেখবে।,He/she will see the shepherd and the contract.,uni d̪ɔ bʰiɖi gupitic̕ aɾ bandʰɔn ɲɛla.
"আমরা কথা লিখব, কিন্তু কথা লিখব না।","We will write the word, but do not write the word.",alɛ d̪ɔ kat̪ʰa ɔlɔʔa mɛnkʰan kat̪ʰa balɛ ɔlɔʔa.
তোমরা খাবার ও মোবাইল ফোন কিনবে।,You all will buy the food and the mobile phone.,apɛ d̪ɔ ɟɔmaʔ aɾ mɔbaĭl pʰon kiɾiɲa.
তোমরা ভাষা পড়বে না।,You all do not study the language.,apɛ d̪ɔ pɘɾsi bapɛ paɽha͡o̯a.
গতকাল তুমি মাছ খেয়ে নদীতে আসবে।,"Yesterday, you eat the fish and then come to the river.",hɔlaɾɛ am haku ɟɔmkat̪ɛ gaɖaɾɛ hiɟuʔa.
বাসস্থানে একটি অভাব আছে।,There is a dearth in the residence.,basaɾɛ akal menaa.
আমি চল্লিশ ও যাবপাত্র দেখব।,I will see the forty and the fodder.,iɲ d̪ɔ baɾ isi aɾ adʰaɾ ɲɛla.
সকালে তোমরা ভুল দেখে গ্রামে যাবে।,"In the morning, you all see the blunder and then go to the village.",sɛt̪aʔɾɛ apɛ bʰul ɲɛlkat̪ɛ at̪oɾɛ calaʔa.
তুমি শিশু সাহায্য করেছিলে।,You helped the child.,amɛm gid̪ɾɘ gɔɽɔkeda.
আমরা মানুষ সাহায্য করেছি।,We have helped the person.,alɛ d̪ɔ hɔɽ gɔɽɔakada.
তোমরা রান্না দেখবে না।,You all do not see the cooked food.,apɛ d̪ɔ basaŋ bapɛ ɲɛla.
তাদের প্রেমালাপ নতুন।,Their flirting is new.,oŋkoaʔ əŋgɾa d̪ɔ nɔwaa.
তোমাদের কাজ ভালো।,Your work is good.,apɛaʔ kɘmi d̪ɔ mɔ̃ɟa.
দয়া করে হ্রদে অপেক্ষা করো।,Please wait in the lake.,d̪a.ja kat̪ɛ ɟɔlaɾɛ t̪ɘŋgimɛ.
তুমি গোখরো সাপ দেখেছিলে।,You saw the cobra.,amɛm ajaŋ bin ɲɛlkeda.
জ্ঞানটি ভালো।,The knowledge is good.,bʰas d̪ɔ mɔ̃ɟa.
"সে ভাষা বলবে, কিন্তু ভাষা বলবে না।","He/she will speak the language, but does not speak the language.",uni d̪ɔ pɘɾsi ɾɔɽa mɛnkʰan pɘɾsi bai̯ ɾɔɽa.
বাড়িতে একটি বাধা আছে।,There is a hindrance in the house.,ɔɽaʔɾɛ badʰa menaa.
আমি ঔষধ কিনব।,I will buy the medicine.,iɲ d̪ɔ ɾan kiɾiɲa.
সেই সময় তুমি কথা লিখে বাড়িতে আসবে।,"At that time, you write the word and then come to the house.",ɔkt̪ɛɾɛ am kat̪ʰa ɔlɔʔkat̪ɛ ɔɽaʔɾɛ hiɟuʔa.
সেই সময় তোমরা খাবার খেয়ে শহরে খেলবে।,"At that time, you all eat the food and then play in the town.",ɔkt̪ɛɾɛ apɛ ɟɔmaʔ ɟɔmkat̪ɛ sɔhɔɽɾɛ gat̪ea.
তোমার পা পরিষ্কার।,Your leg is clean.,amaʔ ɟaŋga d̪ɔ sapʰaa.
কর্তব্যচ্যুতিটি ভালো।,The omission of duty is good.,bʰisoɾ d̪ɔ mɔ̃ɟa.
আজ তারা মধু খেয়ে নদীতে যাবে।,"Today, they eat the honey and then go to the river.",t̪eheɲɾɛ oŋko ɲɛlɛɾasa ɟɔmkat̪ɛ gaɖaɾɛ calaʔa.
তুমি ঘড়ি ও খাবার কিনবে।,You will buy the watch and the food.,am d̪ɔ gʰuɽi aɾ ɟɔmaʔ kiɾiɲa.
ইংল্যান্ডে একটি নির্বোধ ব্যক্তি আছে।,There is a dunce in the england.,bilətɾɛ akoɾma menaa.
একটি ডাক্তার নদীতে আছে।,One doctor is in the river.,mit̪ʔʈɛn ɖak̚t̪aɾ d̪ɔ gaɖaɾɛ menaa.
তোমরা ঔষধ কিনবে না।,You all do not buy the medicine.,apɛ d̪ɔ ɾan bapɛ kiɾiɲa.
আমরা সহ্যশক্তি ও ভূমিকম্প দেখব।,We will see the stamina and the earthquake.,alɛ d̪ɔ bʰẹd͡ʒ aɾ bʰut͡ʃampa ɲɛla.
ফুলটি পরিষ্কার।,The flower is clean.,baha d̪ɔ sapʰaa.
স্কুলে একটি শহর আছে।,There is a town in the school.,iskulɾɛ sɔhɔɽ menaa.
গতকাল তোমরা খাবার কিনে স্কুলে যাবে।,"Yesterday, you all buy the food and then go to the school.",hɔlaɾɛ apɛ ɟɔmaʔ kiɾiɲkat̪ɛ iskulɾɛ calaʔa.
বর্ণটি পরিষ্কার।,The alphabet is clean.,akʰɔɾ d̪ɔ sapʰaa.
উঠানে একটি ন্যায়বিচারের আবেদন আছে।,There is an appeal for justice in the courtyard of house.,bəteɾɛ əpʰil dohae̯ menaa.
পরিমাপটি ভালো।,The measure is good.,ae̯ d̪ɔ mɔ̃ɟa.
ভালোবাসাটি নতুন।,The love is new.,bʰad d̪ɔ nɔwaa.
তারা ঘড়ি বিক্রি করেছিল।,They sold the watch.,oŋkoko gʰuɽi ɘkʰɾiɲkeda.
তার ছবি নতুন।,His/her photo is new.,uniaʔ pʰɔʈɔ d̪ɔ nɔwaa.
নারীজাতিটি ভালো।,The females is good.,əi̯məi̯ d͡ʒət d̪ɔ mɔ̃ɟa.
আজ আমি কথা লিখে নদীতে কাজ করব।,"Today, I write the word and then work in the river.",t̪eheɲɾɛ iɲ kat̪ʰa ɔlɔʔkat̪ɛ gaɖaɾɛ kɘmia.
"সে মা সাহায্য করবে, কিন্তু মানুষ সাহায্য করবে না।","He/she will help the mother, but does not help the person.",uni d̪ɔ gɔgɔ gɔɽɔa mɛnkʰan hɔɽ bai̯ gɔɽɔa.
সকালে তুমি ঘড়ি কিনে হ্রদে খেলবে।,"In the morning, you buy the watch and then play in the lake.",sɛt̪aʔɾɛ am gʰuɽi kiɾiɲkat̪ɛ ɟɔlaɾɛ gat̪ea.
বিস্তীর্ণ ভূমিে একটি অকাল জন্ম আছে।,There is a premature birth in the wide expanse of land.,bilənɾɛ adpakolia menaa.
গতকাল আমি অভ্র দেখে শহরে যাব।,"Yesterday, I see the mica and then go to the town.",hɔlaɾɛ iɲ abɾak ɲɛlkat̪ɛ sɔhɔɽɾɛ calaʔa.
সে ভাষা বলেছিল।,He/she spoke the language.,unii̯ pɘɾsi ɾɔɽkeda.
তুমি বাবা সাহায্য করেছ।,You have helped the father.,am d̪ɔ baba gɔɽɔakada.
তোমরা মোবাইল ফোন কিনেছ।,You all have bought the mobile phone.,apɛ d̪ɔ mɔbaĭl pʰon kiɾiɲakada.
বাদ পড়াটি গুরুত্বপূর্ণ।,The omission is important.,bʰul t͡ʃuk d̪ɔ ɟɘɾuɽa.
"তুমি কথা পড়বে, কিন্তু পাঠ পড়বে না।","You will study the word, but do not study the lesson.",am d̪ɔ kat̪ʰa paɽha͡o̯a mɛnkʰan sikʰnɘt̪ bam paɽha͡o̯a.
তারা ভূত দেখবে।,They will see the apparition.,oŋko d̪ɔ bʰeo̯na ɲɛla.
বিস্তীর্ণ ভূমিে একটি মাছ আছে।,There is a fish in the wide expanse of land.,bilənɾɛ haku menaa.
গ্রামটি পরিষ্কার।,The village is clean.,at̪o d̪ɔ sapʰaa.
সে রান্না ও মধু খাবে।,He/she will eat the cooked food and the honey.,uni d̪ɔ basaŋ aɾ ɲɛlɛɾasa ɟɔma.
তুমি মাছ খেয়েছিলে।,You ate the fish.,amɛm haku ɟɔmkeda.
সেই সময় তারা খাবার খেয়ে নদীতে আসবে।,"At that time, they eat the food and then come to the river.",ɔkt̪ɛɾɛ oŋko ɟɔmaʔ ɟɔmkat̪ɛ gaɖaɾɛ hiɟuʔa.
মধু কোথায় আছে?,Where is the honey?,ɲɛlɛɾasa d̪ɔ ɔkaɾɛ menaa.
ভাষাটি ভালো।,The language is good.,pɘɾsi d̪ɔ mɔ̃ɟa.
গুহাটি গুরুত্বপূর্ণ।,The cave is important.,bʰugək̕ d̪ɔ ɟɘɾuɽa.
বিস্তীর্ণ ভূমিে একটি মাপদণ্ড আছে।,There is a rod in the wide expanse of land.,bilənɾɛ aɽəni ɖaŋ menaa.
সকালে আমরা মোবাইল ফোন কিনে গ্রামে আসব।,"In the morning, we buy the mobile phone and then come to the village.",sɛt̪aʔɾɛ alɛ mɔbaĭl pʰon kiɾiɲkat̪ɛ at̪oɾɛ hiɟuʔa.
সময়টি নতুন।,The time is new.,ɔkt̪ɛ d̪ɔ nɔwaa.
আমি মাছ ও খাবার কিনব।,I will buy the fish and the food.,iɲ d̪ɔ haku aɾ ɟɔmaʔ kiɾiɲa.
তার রোগ ভালো।,His/her illness is good.,uniaʔ ɾu̯͡ɘ d̪ɔ mɔ̃ɟa.
মাছের ছিটেফোঁটা সংগ্রহটি পরিষ্কার।,The gleanings of fish is clean.,bəɾəu̯ɖʰa d̪ɔ sapʰaa.
সেই সময় আমরা ভাষা লিখে স্কুলে খেলব।,"At that time, we write the language and then play in the school.",ɔkt̪ɛɾɛ alɛ pɘɾsi ɔlɔʔkat̪ɛ iskulɾɛ gat̪ea.
একটি মানুষ নদীতে আছে।,One person is in the river.,mit̪ʔʈɛn hɔɽ d̪ɔ gaɖaɾɛ menaa.
বন্ধুত্বটি গুরুত্বপূর্ণ।,The friendship is important.,bʰab d̪ɔ ɟɘɾuɽa.
"আমরা ভাষা পড়ব, কিন্তু ভাষা পড়ব না।","We will study the language, but do not study the language.",alɛ d̪ɔ pɘɾsi paɽha͡o̯a mɛnkʰan pɘɾsi balɛ paɽha͡o̯a.
তাদের উৎসব গুরুত্বপূর্ণ।,Their festival is important.,oŋkoaʔ pɔɾɔb d̪ɔ ɟɘɾuɽa.
তুমি পানি ও দুধ পান করবে।,You will drink the water and the milk.,am d̪ɔ d̪aʔ aɾ t̪o̯͡a ɲua.
তোমরা ভাষা লিখবে না।,You all do not write the language.,apɛ d̪ɔ pɘɾsi bapɛ ɔlɔʔa.
ধাতুর বাটিটি গুরুত্বপূর্ণ।,The metal basin is important.,bəʈi d̪ɔ ɟɘɾuɽa.
তোমরা ছবি পেয়েছিলে।,You all got the photo.,apɛpɛ pʰɔʈɔ ɲamkeda.
একটি রান্না গ্রামে আছে।,One cooked food is in the village.,mit̪ʔ basaŋ d̪ɔ at̪oɾɛ menaa.
তোমরা মাছ খাবে না।,You all do not eat the fish.,apɛ d̪ɔ haku bapɛ ɟɔma.
বিস্তীর্ণ ভূমিে একটি কষ্ট আছে।,There is a distress in the wide expanse of land.,bilənɾɛ alad͡ʒʰala menaa.
আমি ঔষধ কিনেছিলাম।,I bought the medicine.,iɲiɲ ɾan kiɾiɲkeda.
অশান্তিটি নতুন।,The unrest is new.,bɛtʰiɾ d̪ɔ nɔwaa.
আমি বলছি।,I am speaking.,iɲiɲ ɾɔɽɛd̪a.
তোমরা মাছ ও মোবাইল ফোন কিনবে।,You all will buy the fish and the mobile phone.,apɛ d̪ɔ haku aɾ mɔbaĭl pʰon kiɾiɲa.
তুমি কথা পড়েছ।,You have studied the word.,am d̪ɔ kat̪ʰa paɽha͡o̯akada.
গতকাল আমি ঘড়ি কিনে হ্রদে কাজ করব।,"Yesterday, I buy the watch and then work in the lake.",hɔlaɾɛ iɲ gʰuɽi kiɾiɲkat̪ɛ ɟɔlaɾɛ kɘmia.
আমাদের পাঠ ভালো।,Our lesson is good.,alɛaʔ sikʰnɘt̪ d̪ɔ mɔ̃ɟa.
হ্রদে একটি কয়েকদিন আছে।,There is a few days in the lake.,ɟɔlaɾɛ əɾsiɲ bəɾsiɲ menaa.
বিবাহটি গুরুত্বপূর্ণ।,The marriage is important.,bapla d̪ɔ ɟɘɾuɽa.
তার শুকর ভালো।,His/her pig is good.,uniaʔ suk̚ɾi d̪ɔ mɔ̃ɟa.
তুমি শিশু সাহায্য করেছ।,You have helped the child.,am d̪ɔ gid̪ɾɘ gɔɽɔakada.
গানটি নতুন।,The song is new.,seɾeɲ d̪ɔ nɔwaa.
পাড়াে একটি কাজ আছে।,There is a work in the neighbourhood.,aɖe paseɾɛ kɘmi menaa.
ঘড়িটি গুরুত্বপূর্ণ।,The watch is important.,gʰuɽi d̪ɔ ɟɘɾuɽa.
একটি বিড়াল বাড়িতে আছে।,One cat is in the house.,mit̪ʔʈɛn pusi d̪ɔ ɔɽaʔɾɛ menaa.
একটি জেলে হ্রদে আছে।,One fisherman is in the lake.,mit̪ʔʈɛn ɟɘliɘ d̪ɔ ɟɔlaɾɛ menaa.
আমার নির্বোধ ব্যক্তি গুরুত্বপূর্ণ।,My dunce is important.,iɲaʔ akoɾma d̪ɔ ɟɘɾuɽa.
অপচয়টি গুরুত্বপূর্ণ।,The waste is important.,apt͡ʃo d̪ɔ ɟɘɾuɽa.
শহরে একটি ঔষধ আছে।,There is a medicine in the town.,sɔhɔɽɾɛ ɾan menaa.
বর্ণটি নতুন।,The alphabet is new.,akʰɔɾ d̪ɔ nɔwaa.
হ্রদে একটি ফল পাকা আছে।,There is a mellowing in the lake.,ɟɔlaɾɛ aɾaɾao̯k̕ menaa.
পেট ব্যথাটি নতুন।,The gripes is new.,bɛɾõʈ duk d̪ɔ nɔwaa.
গতকাল তোমরা খাবার খেয়ে বাড়িতে কাজ করবে।,"Yesterday, you all eat the food and then work in the house.",hɔlaɾɛ apɛ ɟɔmaʔ ɟɔmkat̪ɛ ɔɽaʔɾɛ kɘmia.
আমরা মাছ কিনব না।,We do not buy the fish.,alɛ d̪ɔ haku balɛ kiɾiɲa.
পাড়াে একটি খাবার আছে।,There is a food in the neighbourhood.,aɖe paseɾɛ ɟɔmaʔ menaa.
সকালে আমরা দুধ পান করে গ্রামে যাব।,"In the morning, we drink the milk and then go to the village.",sɛt̪aʔɾɛ alɛ t̪o̯͡a ɲukat̪ɛ at̪oɾɛ calaʔa.
আমরা ডাক্তার সাহায্য করেছি।,We have helped the doctor.,alɛ d̪ɔ ɖak̚t̪aɾ gɔɽɔakada.
বাসস্থানে একটি এক তোলা আছে।,There is an one tola in the residence.,basaɾɛ bʰoɾi menaa.
একটি ভণ্ড স্কুলে আছে।,One pretender is in the school.,mit̪ʔʈɛn bʰiduk d̪ɔ iskulɾɛ menaa.
আমি খাবার বিক্রি করেছিলাম।,I sold the food.,iɲiɲ ɟɔmaʔ ɘkʰɾiɲkeda.
তাদের কাজ নতুন।,Their work is new.,oŋkoaʔ kɘmi d̪ɔ nɔwaa.
তোমাদের ভাই ভালো।,Your brother is good.,apɛaʔ bɔ͡i̯ha d̪ɔ mɔ̃ɟa.
বাড়িটি ভালো।,The house is good.,ɔɽaʔ d̪ɔ mɔ̃ɟa.
তুমি মধু খেয়েছ।,You have eaten the honey.,am d̪ɔ ɲɛlɛɾasa ɟɔmakada.
আমরা ঔষধ কিনব না।,We do not buy the medicine.,alɛ d̪ɔ ɾan balɛ kiɾiɲa.
পুঁজটি ভালো।,The pus is good.,bele d̪ɔ mɔ̃ɟa.
আমাদের পিঁপড়া ভালো।,Our ant is good.,alɛaʔ muc̚ʔ d̪ɔ mɔ̃ɟa.
শহরে একটি স্বস্তি আছে।,There is a relief in the town.,sɔhɔɽɾɛ ao̯san menaa.
আমি কথা বলেছিলাম।,I spoke the word.,iɲiɲ kat̪ʰa ɾɔɽkeda.
সে ভাষা পড়বে না।,He/she does not study the language.,uni d̪ɔ pɘɾsi bai̯ paɽha͡o̯a.
আখরোটটি পরিষ্কার।,The walnut is clean.,akʰɾoʈ d̪ɔ sapʰaa.
আমার পাঠ ভালো।,My lesson is good.,iɲaʔ sikʰnɘt̪ d̪ɔ mɔ̃ɟa.
দেবতাটি পরিষ্কার।,The deity is clean.,bʰokta d̪ɔ sapʰaa.
তারা বিস্ফোরক পাউডার দেখেছিল।,They saw the blasting powder.,oŋkoko bəɾud ɲɛlkeda.
তোমরা আখরোট দেখবে।,You all will see the walnut.,apɛ d̪ɔ akʰɾoʈ ɲɛla.
একটি ছেলে শহরে আছে।,One boy is in the town.,mit̪ʔʈɛn bəbu d̪ɔ sɔhɔɽɾɛ menaa.
আমরা অল্প ও বনরুই দেখব।,We will see the little and the ant-eater.,alɛ d̪ɔ ədʰəɾiə̯ aɾ aɾba ɲɛla.
তুমি মোবাইল ফোন ও খাবার কিনবে।,You will buy the mobile phone and the food.,am d̪ɔ mɔbaĭl pʰon aɾ ɟɔmaʔ kiɾiɲa.
সে কথা পড়েছিল।,He/she studied the word.,unii̯ kat̪ʰa paɽha͡o̯keda.
বাসস্থানে একটি আচরণ আছে।,There is a conduct in the dwelling place.,basɾɛ at͡ʃaɾ beo̯haɾ menaa.
নিকটবর্তী এলাকাে একটি বৃদ্ধি আছে।,There is a growth in the vicinity.,aɖe ʈolaɾɛ baɽhɔnta menaa.
উঠানে একটি ঘড়ি আছে।,There is a watch in the courtyard of house.,bəteɾɛ gʰuɽi menaa.
সে শিশু সাহায্য করেছে।,He/she has helped the child.,uni d̪ɔ gid̪ɾɘ gɔɽɔakada.
আমরা খাবার পেয়েছিলাম।,We got the food.,alɛlɛ ɟɔmaʔ ɲamkeda.
তুমি কথা পড়বে না।,You do not study the word.,am d̪ɔ kat̪ʰa bam paɽha͡o̯a.
"তুমি খাবার কিনবে, কিন্তু ঘড়ি কিনবে না।","You will buy the food, but do not buy the watch.",am d̪ɔ ɟɔmaʔ kiɾiɲa mɛnkʰan gʰuɽi bam kiɾiɲa.
অবিচারটি পরিষ্কার।,The injustice is clean.,aneã̯o d̪ɔ sapʰaa.
আমাদের ভাষা পরিষ্কার।,Our language is clean.,alɛaʔ bʰaka d̪ɔ sapʰaa.
"তোমরা খাবার খাবে, কিন্তু খাবার খাবে না।","You all will eat the food, but do not eat the food.",apɛ d̪ɔ ɟɔmaʔ ɟɔma mɛnkʰan ɟɔmaʔ bapɛ ɟɔma.
সকালে তোমরা খাবার খেয়ে শহরে খেলবে।,"In the morning, you all eat the food and then play in the town.",sɛt̪aʔɾɛ apɛ ɟɔmaʔ ɟɔmkat̪ɛ sɔhɔɽɾɛ gat̪ea.
তোমরা ফকির দেখেছিলে।,You all saw the fakeer.,apɛpɛ babad͡ʒi ɲɛlkeda.
আমরা কথা লিখেছি।,We have written the word.,alɛ d̪ɔ kat̪ʰa ɔlɔʔakada.
তারা মাছ বিক্রি করবে।,They will sell the fish.,oŋko d̪ɔ haku ɘkʰɾiɲa.
আমি মাছ বিক্রি করেছি।,I have sold the fish.,iɲ d̪ɔ haku ɘkʰɾiɲakada.
আমরা সাতভাই পাখি দেখব।,We will see the bengal babbler.,alɛ d̪ɔ bʰoɳɖa ɲɛla.
গ্রামে একটি খাবার আছে।,There is a food in the village.,at̪oɾɛ ɟɔmaʔ menaa.
কথাটি গুরুত্বপূর্ণ।,The word is important.,kat̪ʰa d̪ɔ ɟɘɾuɽa.
তোমার টাকা পরিষ্কার।,Your money is clean.,amaʔ ʈaka d̪ɔ sapʰaa.
অভাবটি ভালো।,The dearth is good.,akal d̪ɔ mɔ̃ɟa.
ভাগ্নীটি ভালো।,The niece is good.,bʰət͡ʃə d̪ɔ mɔ̃ɟa.
আমাদের বাড়ি ভালো।,Our house is good.,alɛaʔ ɔɽaʔ d̪ɔ mɔ̃ɟa.
আমার গুপ্তচর আনন্দের।,My spy is happy.,iɲaʔ baʈ paɽ d̪ɔ ɾɘskɘa.
তারা মাছ খেয়েছে।,They have eaten the fish.,oŋko d̪ɔ haku ɟɔmakada.
তোমাদের আখড়া গুরুত্বপূর্ণ।,Your gathering is important.,apɛaʔ akʰɾa d̪ɔ ɟɘɾuɽa.
সে বসছে।,He/she is sitting.,unii̯ d̪uɽup̚ʔɛd̪a.
তোমরা ডিমের কুসুম ও ছোট কুঠার দেখবে।,You all will see the yolk of egg and the small adze.,apɛ d̪ɔ bele botke aɾ bəslə ɲɛla.
বাড়িতে একটি মূল্যায়ন আছে।,There is an appraisement in the house.,ɔɽaʔɾɛ anman menaa.
সে দুই দেখবে না।,He/she does not see the two.,uni d̪ɔ baɾ bai̯ ɲɛla.
তার ছবি পরিষ্কার।,His/her photo is clean.,uniaʔ pʰɔʈɔ d̪ɔ sapʰaa.
ইংল্যান্ডে একটি পুরুষ ভেড়া আছে।,There is a ram in the england.,bilətɾɛ bʰeɖa menaa.
বৈশাখ মাসটি নতুন।,The april-may is new.,bəi̯sək d̪ɔ nɔwaa.
সকালে তোমরা রান্না খেয়ে স্কুলে যাবে।,"In the morning, you all eat the cooked food and then go to the school.",sɛt̪aʔɾɛ apɛ basaŋ ɟɔmkat̪ɛ iskulɾɛ calaʔa.
দয়া করে স্কুলে যাও।,Please go to the school.,d̪a.ja kat̪ɛ iskulɾɛ calaʔmɛ.
নিকটবর্তী এলাকাে একটি খড় আছে।,There is a chaff in the vicinity.,aɖe ʈolaɾɛ bʰusə menaa.
আমি মাছ কিনেছিলাম।,I bought the fish.,iɲiɲ haku kiɾiɲkeda.
তারা খাবার ও মধু খাবে।,They will eat the food and the honey.,oŋko d̪ɔ ɟɔmaʔ aɾ ɲɛlɛɾasa ɟɔma.
সকালে আমরা খাবার কিনে স্কুলে আসব।,"In the morning, we buy the food and then come to the school.",sɛt̪aʔɾɛ alɛ ɟɔmaʔ kiɾiɲkat̪ɛ iskulɾɛ hiɟuʔa.
"আমি অহংকার দেখব, কিন্তু বাবা দেখব না।","I will see the pride, but do not see the father.",iɲ d̪ɔ adɔɾ ɲɛla mɛnkʰan apa bɘɲ ɲɛla.
একটি নবজাতক গ্রামে আছে।,One infant is in the village.,mit̪ʔʈɛn balɛ d̪ɔ at̪oɾɛ menaa.
গ্রামে একটি পুরোহিতের রক্তদানের দক্ষিণা আছে।,There is a fee to priest who offers his blood in the village.,at̪oɾɛ bəlkəʈi menaa.
গতকাল আমরা পাঠ পড়ে স্কুলে যাব।,"Yesterday, we study the lesson and then go to the school.",hɔlaɾɛ alɛ sikʰnɘt̪ paɽha͡o̯kat̪ɛ iskulɾɛ calaʔa.
তোমরা মোবাইল ফোন বিক্রি করবে।,You all will sell the mobile phone.,apɛ d̪ɔ mɔbaĭl pʰon ɘkʰɾiɲa.
"আমি মাছ কিনব, কিন্তু মোবাইল ফোন কিনব না।","I will buy the fish, but do not buy the mobile phone.",iɲ d̪ɔ haku kiɾiɲa mɛnkʰan mɔbaĭl pʰon bɘɲ kiɾiɲa.
শহরে একটি কোমরবন্ধ আছে।,There is a girth in the town.,sɔhɔɽɾɛ beɽband menaa.
ইংল্যান্ডটি নতুন।,The england is new.,bilət d̪ɔ nɔwaa.
আমি মা সাহায্য করেছি।,I have helped the mother.,iɲ d̪ɔ gɔgɔ gɔɽɔakada.
সেই সময় তোমরা নুন-তামাকের ফেরিওয়ালা দেখে শহরে কাজ করবে।,"At that time, you all see the pedlar of salt and tobacco and then work in the town.",ɔkt̪ɛɾɛ apɛ bə̃ɽiə̯̃ ɲɛlkat̪ɛ sɔhɔɽɾɛ kɘmia.
একটি প্রতারক বাড়িতে আছে।,One deceiver is in the house.,mit̪ʔʈɛn bʰataha d̪ɔ ɔɽaʔɾɛ menaa.
কোমরবন্ধটি ভালো।,The girth is good.,beɽband d̪ɔ mɔ̃ɟa.
স্বস্তিটি পরিষ্কার।,The relief is clean.,ao̯san d̪ɔ sapʰaa.
একটি ভাই গ্রামে আছে।,One brother is in the village.,mit̪ʔʈɛn bɔ͡i̯ha d̪ɔ at̪oɾɛ menaa.
তোমরা ঔষধ পেয়েছ।,You all have gotten the medicine.,apɛ d̪ɔ ɾan ɲamakada.
দয়া করে বাড়িতে আসো।,Please come to the house.,d̪a.ja kat̪ɛ ɔɽaʔɾɛ hiɟuʔmɛ.
"সে মাছ কিনবে, কিন্তু মোবাইল ফোন কিনবে না।","He/she will buy the fish, but does not buy the mobile phone.",uni d̪ɔ haku kiɾiɲa mɛnkʰan mɔbaĭl pʰon bai̯ kiɾiɲa.
আমরা ঘড়ি ও মাছ কিনব।,We will buy the watch and the fish.,alɛ d̪ɔ gʰuɽi aɾ haku kiɾiɲa.
হ্রদে একটি আখরোট আছে।,There is a walnut in the lake.,ɟɔlaɾɛ akʰɾoʈ menaa.
উঠানে একটি চারা রোপণ আছে।,There is a transplantation in the courtyard of house.,bəteɾɛ apʰɔɾ menaa.
একটি স্ত্রী স্কুলে আছে।,One wife is in the school.,mit̪ʔʈɛn bəhu d̪ɔ iskulɾɛ menaa.
আমরা ঔষধ পেয়েছি।,We have gotten the medicine.,alɛ d̪ɔ ɾan ɲamakada.
আমি অপেক্ষা করছি।,I am waiting.,iɲiɲ t̪ɘŋgiɛd̪a.
অগ্রিম টাকাটি ভালো।,The advance is good.,bae̯na d̪ɔ mɔ̃ɟa.
আমার শহর পরিষ্কার।,My town is clean.,iɲaʔ sɔhɔɽ d̪ɔ sapʰaa.
তাদের ভাগ্নে ছোট।,Their nephew is small.,oŋkoaʔ bʰəgnə d̪ɔ lɘʈua.
তোমাদের বিবাহ গুরুত্বপূর্ণ।,Your marriage is important.,apɛaʔ bapla d̪ɔ ɟɘɾuɽa.
তোমরা ঔষধ পাবে না।,You all do not get the medicine.,apɛ d̪ɔ ɾan bapɛ ɲama.
একটি প্রজন্ম নদীতে আছে।,One generation is in the river.,mit̪ʔʈɛn bibɔɾɔn d̪ɔ gaɖaɾɛ menaa.
সে ঘড়ি বিক্রি করবে না।,He/she does not sell the watch.,uni d̪ɔ gʰuɽi bai̯ ɘkʰɾiɲa.
সে ভাষা লিখবে না।,He/she does not write the language.,uni d̪ɔ pɘɾsi bai̯ ɔlɔʔa.
তাঁতের অংশটি নতুন।,The heddles of loom is new.,bade d̪ɔ nɔwaa.
তোমরা দুধ পান করেছ।,You all have drunk the milk.,apɛ d̪ɔ t̪o̯͡a ɲuakada.
আমি নির্বোধ ব্যক্তি ও পা দেখব।,I will see the dunce and the foot.,iɲ d̪ɔ akoɾma aɾ kaʈa ɲɛla.
সে ভাষা লিখেছে।,He/she has written the language.,uni d̪ɔ pɘɾsi ɔlɔʔakada.
আজ তোমরা রান্না খেয়ে স্কুলে কাজ করবে।,"Today, you all eat the cooked food and then work in the school.",t̪eheɲɾɛ apɛ basaŋ ɟɔmkat̪ɛ iskulɾɛ kɘmia.
তাদের পানি পরিষ্কার।,Their water is clean.,oŋkoaʔ d̪aʔ d̪ɔ sapʰaa.
তুমি স্বস্তি দেখবে না।,You do not see the relief.,am d̪ɔ ao̯san bam ɲɛla.
তোমার রাখাল পরিষ্কার।,Your shepherd is clean.,amaʔ bʰiɖi gupitic̕ d̪ɔ sapʰaa.
তুমি ভান দেখবে।,You will see the pretence.,am d̪ɔ aɽsa ɲɛla.
তুমি মোবাইল ফোন ও ঔষধ কিনবে।,You will buy the mobile phone and the medicine.,am d̪ɔ mɔbaĭl pʰon aɾ ɾan kiɾiɲa.
হুকটি নতুন।,The hook is new.,əŋkus d̪ɔ nɔwaa.
উঠানে একটি ডাক্তার আছে।,There is a doctor in the courtyard of house.,bəteɾɛ ɖak̚t̪aɾ menaa.
গুহাে একটি অকাল জন্ম আছে।,There is a premature birth in the cave.,bʰugək̕ɾɛ adpakolia menaa.
বাড়িতে একটি অপমান আছে।,There is a disgrace in the house.,ɔɽaʔɾɛ apd͡ʒɔs menaa.
তোমাদের এক প্রজাতির কাক ভালো।,Your bow-billed corby is good.,apɛaʔ bʰoɳɖa kəhu d̪ɔ mɔ̃ɟa.
তুমি বাবা সাহায্য করেছিলে।,You helped the father.,amɛm baba gɔɽɔkeda.
ইংল্যান্ডে একটি বনরুই আছে।,There is an ant-eater in the england.,bilətɾɛ aɾba menaa.
একটি মা কুয়ায় আছে।,One mother is in the well.,mit̪ʔʈɛn gɔgɔ d̪ɔ kuɲɾɛ menaa.
পাড়াে একটি পানি আছে।,There is a water in the neighbourhood.,aɖe paseɾɛ d̪aʔ menaa.
আমাদের মা আনন্দের।,Our mother is happy.,alɛaʔ gɔgɔ d̪ɔ ɾɘskɘa.
তুমি ছবি পেয়েছিলে।,You got the photo.,amɛm pʰɔʈɔ ɲamkeda.
তোমাদের দুধ সুস্বাদু।,Your milk is tasty.,apɛaʔ t̪o̯͡a d̪ɔ sibila.
বিস্তীর্ণ ভূমিে একটি বাধা আছে।,There is a hindrance in the wide expanse of land.,bilənɾɛ badʰa menaa.
একটি পিঁপড়া বাড়িতে আছে।,One ant is in the house.,mit̪ʔʈɛn muc̚ʔ d̪ɔ ɔɽaʔɾɛ menaa.
তুলার গাছটি পরিষ্কার।,The cotton plant is clean.,bʰoga kaskɔm d̪ɔ sapʰaa.
হ্রদে একটি বন্ধুত্ব আছে।,There is a friendship in the lake.,ɟɔlaɾɛ bʰab menaa.
তার আঁটি গুরুত্বপূর্ণ।,His/her bundle is important.,uniaʔ əʈi d̪ɔ ɟɘɾuɽa.
তোমরা মাছ ও খাবার খাবে।,You all will eat the fish and the food.,apɛ d̪ɔ haku aɾ ɟɔmaʔ ɟɔma.
আমার হরিণ ছোট।,My buck is small.,iɲaʔ badaɾ d̪ɔ lɘʈua.
আমি খাবার খেয়েছিলাম।,I ate the food.,iɲiɲ ɟɔmaʔ ɟɔmkeda.
ইংল্যান্ডে একটি বামন আছে।,There is a dwarf in the england.,bilətɾɛ bãoɽã menaa.
আঙুলের ফোঁড়াটি ভালো।,The whitlow is good.,aŋguɾ biɽhi d̪ɔ mɔ̃ɟa.
তাদের কষ্ট ভালো।,Their suffering is good.,oŋkoaʔ bidot d̪ɔ mɔ̃ɟa.
তোমার পোশাক নতুন।,Your attire is new.,amaʔ bʰagwa d̪ɔ nɔwaa.
একটি নবজাতক নদীতে আছে।,One infant is in the river.,mit̪ʔʈɛn balɛ d̪ɔ gaɖaɾɛ menaa.
সে রান্না খাবে না।,He/she does not eat the cooked food.,uni d̪ɔ basaŋ bai̯ ɟɔma.
তোমরা মা সাহায্য করবে।,You all will help the mother.,apɛ d̪ɔ gɔgɔ gɔɽɔa.
বাসস্থানে একটি খাবার আছে।,There is a food in the dwelling place.,basɾɛ ɟɔmaʔ menaa.
বেগুনটি নতুন।,The brinjal is new.,beŋgaɾ d̪ɔ nɔwaa.
কারকীয় ক্রিয়াটি ভালো।,The causative inflection is good.,a d̪ɔ mɔ̃ɟa.
সেই সময় তারা মাছ খেয়ে স্কুলে কাজ করবে।,"At that time, they eat the fish and then work in the school.",ɔkt̪ɛɾɛ oŋko haku ɟɔmkat̪ɛ iskulɾɛ kɘmia.
তুমি ছুতার দেখবে।,You will see the carpenter.,am d̪ɔ bəɖʰi ɲɛla.
মাপদণ্ডটি নতুন।,The rod is new.,aɽəni ɖaŋ d̪ɔ nɔwaa.
তুমি খাবার কিনবে।,You will buy the food.,am d̪ɔ ɟɔmaʔ kiɾiɲa.
ইংল্যান্ডে একটি অর্জন আছে।,There is a gain in the england.,bilətɾɛ ae̯ upəi̯ menaa.
আমরা ঔষধ পাব না।,We do not get the medicine.,alɛ d̪ɔ ɾan balɛ ɲama.
স্কুলে একটি কুয়া আছে।,There is a well in the school.,iskulɾɛ kuɲ menaa.
আমাদের পদ্য গুরুত্বপূর্ণ।,Our verse is important.,alɛaʔ ae̯t d̪ɔ ɟɘɾuɽa.
হ্রদে একটি ভাষা আছে।,There is a language in the lake.,ɟɔlaɾɛ pɘɾsi menaa.
আজ আমরা দুই দেখে নদীতে আসব।,"Today, we see the two and then come to the river.",t̪eheɲɾɛ alɛ baɾ ɲɛlkat̪ɛ gaɖaɾɛ hiɟuʔa.
তারা আনা দেখবে না।,They do not see the anna.,oŋko d̪ɔ ana bako ɲɛla.
সকালে সে ভাষা পড়ে স্কুলে যাবে।,"In the morning, he/she study the language and then go to the school.",sɛt̪aʔɾɛ uni pɘɾsi paɽha͡o̯kat̪ɛ iskulɾɛ calaʔa.
"সে ভাষা বলবে, কিন্তু কথা বলবে না।","He/she will speak the language, but does not speak the word.",uni d̪ɔ pɘɾsi ɾɔɽa mɛnkʰan kat̪ʰa bai̯ ɾɔɽa.
তোমার হাত ভালো।,Your hand is good.,amaʔ t̪i d̪ɔ mɔ̃ɟa.
আজ তুমি মাছ কিনে স্কুলে খেলবে।,"Today, you buy the fish and then play in the school.",t̪eheɲɾɛ am haku kiɾiɲkat̪ɛ iskulɾɛ gat̪ea.
গ্রামে একটি বিবাহের উপহার আছে।,There is a presents given at marriage in the village.,at̪oɾɛ banda pɔn menaa.
বাসস্থানে একটি অল্প আছে।,There is a little in the dwelling place.,basɾɛ ədʰəɾiə̯ menaa.
গতকাল আমি খাবার কিনে গ্রামে খেলব।,"Yesterday, I buy the food and then play in the village.",hɔlaɾɛ iɲ ɟɔmaʔ kiɾiɲkat̪ɛ at̪oɾɛ gat̪ea.
"তারা কথা লিখবে, কিন্তু ভাষা লিখবে না।","They will write the word, but do not write the language.",oŋko d̪ɔ kat̪ʰa ɔlɔʔa mɛnkʰan pɘɾsi bako ɔlɔʔa.
গতকাল সে পাঠ পড়ে নদীতে যাবে।,"Yesterday, he/she study the lesson and then go to the river.",hɔlaɾɛ uni sikʰnɘt̪ paɽha͡o̯kat̪ɛ gaɖaɾɛ calaʔa.
পানি কোথায় আছে?,Where is the water?,d̪aʔ d̪ɔ ɔkaɾɛ menaa.
একটি ডাক্তার গ্রামে আছে।,One doctor is in the village.,mit̪ʔʈɛn ɖak̚t̪aɾ d̪ɔ at̪oɾɛ menaa.
তারা অনুচিত আচরণ ও শ্বাস দেখবে।,They will see the impropriety and the breath.,oŋko d̪ɔ baŋ ganok̕ak̕ aɾ bao̯ ɲɛla.
শহরে একটি আচরণ আছে।,There is a behaviour in the town.,sɔhɔɽɾɛ bebɔhaɾ menaa.
তার বৃদ্ধি ভালো।,His/her growth is good.,uniaʔ baɽhɔnta d̪ɔ mɔ̃ɟa.
গ্রামে একটি রক্তমূত্র আছে।,There is a haematuria in the village.,at̪oɾɛ aɾak̕ d͡ʒʰaɾ menaa.
সে ফল পাকা দেখবে না।,He/she does not see the mellowing.,uni d̪ɔ aɾaɾao̯k̕ bai̯ ɲɛla.
তাদের কুয়া ভালো।,Their well is good.,oŋkoaʔ kuɲ d̪ɔ mɔ̃ɟa.
তুমি গুড়ের চিনি দেখবে না।,You do not see the crystallized raw sugar.,am d̪ɔ bəli guɽ bam ɲɛla.
আমরা গাছের ছাল ও ঝোপ দেখব।,We will see the bark of tree and the thicket.,alɛ d̪ɔ baklak̕ aɾ badaɽ ɲɛla.
তার পুকুর ভালো।,His/her pool is good.,uniaʔ agʰoɾni d̪ɔ mɔ̃ɟa.
"তারা মাছ বিক্রি করবে, কিন্তু খাবার বিক্রি করবে না।","They will sell the fish, but do not sell the food.",oŋko d̪ɔ haku ɘkʰɾiɲa mɛnkʰan ɟɔmaʔ bako ɘkʰɾiɲa.
"আমি মোবাইল ফোন বিক্রি করব, কিন্তু খাবার বিক্রি করব না।","I will sell the mobile phone, but do not sell the food.",iɲ d̪ɔ mɔbaĭl pʰon ɘkʰɾiɲa mɛnkʰan ɟɔmaʔ bɘɲ ɘkʰɾiɲa.
উঠানে একটি শুকর আছে।,There is a pig in the courtyard of house.,bəteɾɛ suk̚ɾi menaa.
সে পুরুষ ভেড়া ও ঢাল দেখবে।,He/she will see the ram and the declivity.,uni d̪ɔ bʰeɖa aɾ anaɽgo ɲɛla.
কুয়ায় একটি ভাড়া আছে।,There is a fare in the well.,kuɲɾɛ bʰaɽa menaa.
আমরা ভেড়া দেখব।,We will see the sheep.,alɛ d̪ɔ bʰiɖi ɲɛla.
তাদের গুজব পরিষ্কার।,Their rumour is clean.,oŋkoaʔ bʰakaɾa d̪ɔ sapʰaa.
তুমি পরজীবী উদ্ভিদ দেখবে।,You will see the parasitic plant.,am d̪ɔ alagd͡ʒəɽi ɲɛla.
তারা শিশু সাহায্য করেছিল।,They helped the child.,oŋkoko gid̪ɾɘ gɔɽɔkeda.
বাড়িতে একটি দল আছে।,There is a group in the house.,ɔɽaʔɾɛ aɖa menaa.
সকালে সে দুধ পান করে হ্রদে কাজ করবে।,"In the morning, he/she drink the milk and then work in the lake.",sɛt̪aʔɾɛ uni t̪o̯͡a ɲukat̪ɛ ɟɔlaɾɛ kɘmia.
তার কুয়া নতুন।,His/her well is new.,uniaʔ kuɲ d̪ɔ nɔwaa.
একটি মাছ নদীতে আছে।,One fish is in the river.,mit̪ʔ haku d̪ɔ gaɖaɾɛ menaa.
সকালে আমরা দুধ পান করে শহরে আসব।,"In the morning, we drink the milk and then come to the town.",sɛt̪aʔɾɛ alɛ t̪o̯͡a ɲukat̪ɛ sɔhɔɽɾɛ hiɟuʔa.
সন্ধ্যাটি গুরুত্বপূর্ণ।,The evening is important.,əjup̕ d̪ɔ ɟɘɾuɽa.
তারা মোবাইল ফোন কিনবে।,They will buy the mobile phone.,oŋko d̪ɔ mɔbaĭl pʰon kiɾiɲa.
তারা ঔষধ কিনেছিল।,They bought the medicine.,oŋkoko ɾan kiɾiɲkeda.
ব্যবসায়ীটি গুরুত্বপূর্ণ।,The trader is important.,bepaɾi d̪ɔ ɟɘɾuɽa.
তোমাদের আখড়া ভালো।,Your gathering is good.,apɛaʔ akʰɾa d̪ɔ mɔ̃ɟa.
একটি ভাই হ্রদে আছে।,One brother is in the lake.,mit̪ʔʈɛn baɾet d̪ɔ ɟɔlaɾɛ menaa.
তুমি ঔষধ কিনেছিলে।,You bought the medicine.,amɛm ɾan kiɾiɲkeda.
আমার ডালিম নতুন।,My pomegranate is new.,iɲaʔ anaɾ d̪ɔ nɔwaa.
হ্রদটি ভালো।,The lake is good.,ɟɔla d̪ɔ mɔ̃ɟa.
সে দুধ পান করবে।,He/she will drink the milk.,uni d̪ɔ t̪o̯͡a ɲua.
সেই সময় তুমি দুধ পান করে বাড়িতে আসবে।,"At that time, you drink the milk and then come to the house.",ɔkt̪ɛɾɛ am t̪o̯͡a ɲukat̪ɛ ɔɽaʔɾɛ hiɟuʔa.
"তুমি ছবি পাবে, কিন্তু টাকা পাবে না।","You will get the photo, but do not get the money.",am d̪ɔ pʰɔʈɔ ɲama mɛnkʰan ʈaka bam ɲama.
তার নদী পরিষ্কার।,His/her river is clean.,uniaʔ gaɖa d̪ɔ sapʰaa.
পাড়াে একটি বাদ্যযন্ত্র আছে।,There is a musical instrument in the neighbourhood.,aɖe paseɾɛ bad͡ʒa menaa.
আমি প্রতিদ্বন্দ্বিতা ও পেট ব্যথা দেখব।,I will see the rivalry and the gripes.,iɲ d̪ɔ bada bədi aɾ bɛɾõʈ duk ɲɛla.
পাড়াে একটি পূর্বপুরুষ আছে।,There is an ancestors in the neighbourhood.,aɖe paseɾɛ bap dada menaa.
আমাদের রান্না সুস্বাদু।,Our cooked food is tasty.,alɛaʔ basaŋ d̪ɔ sibila.
আমি খাবার খাব।,I will eat the food.,iɲ d̪ɔ ɟɔmaʔ ɟɔma.
একটি ভাই নদীতে আছে।,One brother is in the river.,mit̪ʔʈɛn bɔ͡i̯ha d̪ɔ gaɖaɾɛ menaa.
"আমরা ঘড়ি বিক্রি করব, কিন্তু মোবাইল ফোন বিক্রি করব না।","We will sell the watch, but do not sell the mobile phone.",alɛ d̪ɔ gʰuɽi ɘkʰɾiɲa mɛnkʰan mɔbaĭl pʰon balɛ ɘkʰɾiɲa.
শহরটি পরিষ্কার।,The town is clean.,sɔhɔɽ d̪ɔ sapʰaa.
আজ তোমরা পাঠ পড়ে শহরে খেলবে।,"Today, you all study the lesson and then play in the town.",t̪eheɲɾɛ apɛ sikʰnɘt̪ paɽha͡o̯kat̪ɛ sɔhɔɽɾɛ gat̪ea.
সেই সময় আমি দুধ পান করে হ্রদে খেলব।,"At that time, I drink the milk and then play in the lake.",ɔkt̪ɛɾɛ iɲ t̪o̯͡a ɲukat̪ɛ ɟɔlaɾɛ gat̪ea.
অজ্ঞতাটি গুরুত্বপূর্ণ।,The ignorance is important.,bʰut͡ʃ d̪ɔ ɟɘɾuɽa.
এক প্রজাতির কাকটি ছোট।,The bow-billed corby is small.,bʰoɳɖa kəhu d̪ɔ lɘʈua.
উঠানে একটি গান আছে।,There is a song in the courtyard of house.,bəteɾɛ seɾeɲ menaa.
গ্রামটি ভালো।,The village is good.,at̪o d̪ɔ mɔ̃ɟa.
সেই সময় আমি দুধ পান করে গ্রামে যাব।,"At that time, I drink the milk and then go to the village.",ɔkt̪ɛɾɛ iɲ t̪o̯͡a ɲukat̪ɛ at̪oɾɛ calaʔa.
নদীতে একটি পৈতৃক সম্পত্তি আছে।,There is a patrimony in the river.,gaɖaɾɛ bapɔɾi dʰɔn menaa.
আমি ঔষধ পাব না।,I do not get the medicine.,iɲ d̪ɔ ɾan bɘɲ ɲama.
আমাদের আখরোট সুস্বাদু।,Our walnut is tasty.,alɛaʔ akʰɾoʈ d̪ɔ sibila.
বেঞ্চটি নতুন।,The bench is new.,beɲt͡ʃ d̪ɔ nɔwaa.
"তোমরা মাছ কিনবে, কিন্তু মোবাইল ফোন কিনবে না।","You all will buy the fish, but do not buy the mobile phone.",apɛ d̪ɔ haku kiɾiɲa mɛnkʰan mɔbaĭl pʰon bapɛ kiɾiɲa.
গ্রামে একটি পরজীবী উদ্ভিদ আছে।,There is a parasitic plant in the village.,at̪oɾɛ alagd͡ʒəɽi menaa.
তুমি আঁটি ও স্বাস্থ্য দেখবে।,You will see the bundle and the health.,am d̪ɔ əʈi aɾ bega d͡ʒudə ɲɛla.
আমরা খাবার পাব।,We will get the food.,alɛ d̪ɔ ɟɔmaʔ ɲama.
তাদের কণ্ঠস্বর গুরুত্বপূর্ণ।,Their voice is important.,oŋkoaʔ aɽaŋ d̪ɔ ɟɘɾuɽa.
তারা বিশ ও ভাদ্র মাস দেখবে।,They will see the twenty and the august-september.,oŋko d̪ɔ baɾ gɛl aɾ bʰadɔɾ ɲɛla.
উৎসবটি গুরুত্বপূর্ণ।,The festival is important.,pɔɾɔb d̪ɔ ɟɘɾuɽa.
সেই সময় সে মাছ কিনে কুয়ায় কাজ করবে।,"At that time, he/she buy the fish and then work in the well.",ɔkt̪ɛɾɛ uni haku kiɾiɲkat̪ɛ kuɲɾɛ kɘmia.
তারা মোবাইল ফোন কিনেছে।,They have bought the mobile phone.,oŋko d̪ɔ mɔbaĭl pʰon kiɾiɲakada.
আচরণটি নতুন।,The behaviour is new.,bebɔhaɾ d̪ɔ nɔwaa.
আমরা পানি পান করেছি।,We have drunk the water.,alɛ d̪ɔ d̪aʔ ɲuakada.
তারা চারা গাছ ও বেত গাছ দেখবে।,They will see the sapling and the rattan.,oŋko d̪ɔ bat͡ʃʰɽa daɾe aɾ bɛ̃t ɲɛla.
তোমরা রান্না খাবে না।,You all do not eat the cooked food.,apɛ d̪ɔ basaŋ bapɛ ɟɔma.
শহরে একটি গ্রাম আছে।,There is a village in the town.,sɔhɔɽɾɛ ato menaa.
তুমি ভাষা পড়বে।,You will study the language.,am d̪ɔ pɘɾsi paɽha͡o̯a.
তুমি মাছ কিনবে।,You will buy the fish.,am d̪ɔ haku kiɾiɲa.
কুয়ায় একটি আয়ুর্বেদিক উদ্ভিদ আছে।,There is a bishop’s weed in the well.,kuɲɾɛ əd͡ʒuə̯ menaa.
তার প্রতিবেশী নতুন।,His/her neighbours is new.,uniaʔ aɖepaseɾenko d̪ɔ nɔwaa.
তুমি ভূমিকম্প দেখবে।,You will see the earth tremor.,am d̪ɔ bʰui̯ t͡ʃəl ɲɛla.
আমাদের পৈতৃক সম্পত্তি ছোট।,Our patrimony is small.,alɛaʔ bapɔɾi dʰɔn d̪ɔ lɘʈua.
আমি মধু ও মাছ খাব।,I will eat the honey and the fish.,iɲ d̪ɔ ɲɛlɛɾasa aɾ haku ɟɔma.
বাসস্থানে একটি ঔষধ আছে।,There is a medicine in the dwelling place.,basɾɛ ɾan menaa.
তোমার নিয়োগকর্তা নতুন।,Your employer is new.,amaʔ ək̕t͡ʃu hɔɽ d̪ɔ nɔwaa.
গতকাল তোমরা ঔষধ কিনে হ্রদে কাজ করবে।,"Yesterday, you all buy the medicine and then work in the lake.",hɔlaɾɛ apɛ ɾan kiɾiɲkat̪ɛ ɟɔlaɾɛ kɘmia.
তারা নির্ভরতা ও পেয়ারা দেখবে।,They will see the reliance and the guava.,oŋko d̪ɔ bʰaɾsa aɾ əmɾud ɲɛla.
আমার বামন ছোট।,My dwarf is small.,iɲaʔ bãoɽã d̪ɔ lɘʈua.
শুরুটি নতুন।,The beginning is new.,əd d̪ɔ nɔwaa.
তুমি আয়ুর্বেদিক উদ্ভিদ ও পরিমাপ দেখবে।,You will see the bishop’s weed and the measure.,am d̪ɔ əd͡ʒuə̯ aɾ ae̯ ɲɛla.
তাদের মাছ সুস্বাদু।,Their fish is tasty.,oŋkoaʔ haku d̪ɔ sibila.
আমরা আশা ও চারা গাছ দেখব।,We will see the expectation and the sapling.,alɛ d̪ɔ as aɾ bat͡ʃʰɽa daɾe ɲɛla.
একটি ভিক্ষুক স্কুলে আছে।,One beggar is in the school.,mit̪ʔʈɛn bʰikʰəɾi d̪ɔ iskulɾɛ menaa.
স্কুলে একটি ঝুড়ি আছে।,There is a basket in the school.,iskulɾɛ bʰad͡ʒan menaa.
তোমরা ফোঁপানি দেখবে না।,You all do not see the blubbering.,apɛ d̪ɔ beɲ bapɛ ɲɛla.
হ্রদে একটি ব্যবসায়ী আছে।,There is a trader in the lake.,ɟɔlaɾɛ bepaɾi menaa.
তারা কিনছে।,They are buying.,oŋkoko kiɾiɲɛd̪a.
নদীতে একটি খড় আছে।,There is a chaff in the river.,gaɖaɾɛ bʰusə menaa.
"সে কথা লিখবে, কিন্তু কথা লিখবে না।","He/she will write the word, but does not write the word.",uni d̪ɔ kat̪ʰa ɔlɔʔa mɛnkʰan kat̪ʰa bai̯ ɔlɔʔa.
"তুমি ঔষধ পাবে, কিন্তু টাকা পাবে না।","You will get the medicine, but do not get the money.",am d̪ɔ ɾan ɲama mɛnkʰan ʈaka bam ɲama.
অপমানটি ভালো।,The disgrace is good.,apd͡ʒɔs d̪ɔ mɔ̃ɟa.
নদীটি নতুন।,The river is new.,gaɖa d̪ɔ nɔwaa.
"তোমরা জ্ঞান দেখবে, কিন্তু কনুই দেখবে না।","You all will see the knowledge, but do not see the elbow.",apɛ d̪ɔ bʰas ɲɛla mɛnkʰan bə̃hl bapɛ ɲɛla.
রোগটি গুরুত্বপূর্ণ।,The illness is important.,ɾu̯͡ɘ d̪ɔ ɟɘɾuɽa.
পাড়াে একটি বিস্তীর্ণ ভূমি আছে।,There is a wide expanse of land in the neighbourhood.,aɖe paseɾɛ bilən menaa.
তোমরা শিশু সাহায্য করবে।,You all will help the child.,apɛ d̪ɔ gid̪ɾɘ gɔɽɔa.
তাদের হ্রদ ভালো।,Their lake is good.,oŋkoaʔ ɟɔla d̪ɔ mɔ̃ɟa.
গ্রামে একটি শহর আছে।,There is a town in the village.,at̪oɾɛ sɔhɔɽ menaa.
বিদ্যাটি পরিষ্কার।,The learning is clean.,bidiə̯ d̪ɔ sapʰaa.
সকালে তোমরা মোবাইল ফোন কিনে কুয়ায় আসবে।,"In the morning, you all buy the mobile phone and then come to the well.",sɛt̪aʔɾɛ apɛ mɔbaĭl pʰon kiɾiɲkat̪ɛ kuɲɾɛ hiɟuʔa.
আড়ালে একটি পাঠ আছে।,There is a lesson in the covert.,ao̯tanɾɛ sikʰnɘt̪ menaa.
একটি ভিক্ষুক কুয়ায় আছে।,One beggar is in the well.,mit̪ʔʈɛn bʰikʰəɾi d̪ɔ kuɲɾɛ menaa.
আমার পানি ভালো।,My water is good.,iɲaʔ d̪aʔ d̪ɔ mɔ̃ɟa.
তুমি বুদ্ধি দেখেছ।,You have seen the wisdom.,am d̪ɔ əkil ɲɛlakada.
নিকটবর্তী এলাকাে একটি পেরিনিয়াল ফোঁড়া আছে।,There is a perineal abscess in the vicinity.,aɖe ʈolaɾɛ andʰãɾ gãɳɖ menaa.
তুমি ঔষধ ও মাছ কিনবে।,You will buy the medicine and the fish.,am d̪ɔ ɾan aɾ haku kiɾiɲa.
স্কুলে একটি অনুচিত আচরণ আছে।,There is an impropriety in the school.,iskulɾɛ baŋ ganok̕ak̕ menaa.
পরাজয়টি নতুন।,The beating is new.,alao̯ d̪ɔ nɔwaa.
তারা কথা লিখেছে।,They have written the word.,oŋko d̪ɔ kat̪ʰa ɔlɔʔakada.
উঠানে একটি মধু আছে।,There is a honey in the courtyard of house.,bəteɾɛ ɲɛlɛɾasa menaa.
শালটি গুরুত্বপূর্ণ।,The shawl is important.,bəɾki d̪ɔ ɟɘɾuɽa.
উঠানে একটি পূর্বপুরুষ আছে।,There is a patriarch in the courtyard of house.,bəteɾɛ əgil hapɽam menaa.
লাগামটি গুরুত্বপূর্ণ।,The bridle is important.,bag d̪ɔ ɟɘɾuɽa.
সকালে তুমি দুধ পান করে বাড়িতে আসবে।,"In the morning, you drink the milk and then come to the house.",sɛt̪aʔɾɛ am t̪o̯͡a ɲukat̪ɛ ɔɽaʔɾɛ hiɟuʔa.
আমি রান্না খাব না।,I do not eat the cooked food.,iɲ d̪ɔ basaŋ bɘɲ ɟɔma.
শহরে একটি ছবি আছে।,There is a photo in the town.,sɔhɔɽɾɛ pʰɔʈɔ menaa.
আমি কথা বলব না।,I do not speak the word.,iɲ d̪ɔ kat̪ʰa bɘɲ ɾɔɽa.
রক্তমূত্রটি নতুন।,The haematuria is new.,aɾak̕ d͡ʒʰaɾ d̪ɔ nɔwaa.
আমার আখড়া ভালো।,My gathering is good.,iɲaʔ akʰɾa d̪ɔ mɔ̃ɟa.
"তোমরা ঋতু দেখবে, কিন্তু পিঁপড়া দেখবে না।","You all will see the season, but do not see the ant.",apɛ d̪ɔ bataɾ ɲɛla mɛnkʰan muc̚ʔ bapɛ ɲɛla.
একটি শিশু বাড়িতে আছে।,One child is in the house.,mit̪ʔʈɛn gid̪ɾɘ d̪ɔ ɔɽaʔɾɛ menaa.
আমরা পুরোহিতের রক্তদানের দক্ষিণা ও আস্থা দেখব।,We will see the fee to priest who offers his blood and the confidence.,alɛ d̪ɔ bəlkəʈi aɾ baɾsa ɲɛla.
সকালে আমি দুধ পান করে গ্রামে খেলব।,"In the morning, I drink the milk and then play in the village.",sɛt̪aʔɾɛ iɲ t̪o̯͡a ɲukat̪ɛ at̪oɾɛ gat̪ea.
গতকাল তারা অপমান দেখে শহরে যাবে।,"Yesterday, they see the disgrace and then go to the town.",hɔlaɾɛ oŋko apd͡ʒɔs ɲɛlkat̪ɛ sɔhɔɽɾɛ calaʔa.
শিশুটি ভালো।,The child is good.,gid̪ɾɘ d̪ɔ mɔ̃ɟa.
বিড়াল কোথায় আছে?,Where is the cat?,pusi d̪ɔ ɔkaɾɛ menaa.
সে খাবার পাবে।,He/she will get the food.,uni d̪ɔ ɟɔmaʔ ɲama.
আমরা মধু খেয়েছি।,We have eaten the honey.,alɛ d̪ɔ ɲɛlɛɾasa ɟɔmakada.
তারা ঘড়ি ও ঔষধ কিনবে।,They will buy the watch and the medicine.,oŋko d̪ɔ gʰuɽi aɾ ɾan kiɾiɲa.
আমরা অর্ধ বিঘা দেখেছি।,We have seen the half bigha.,alɛ d̪ɔ bʰənga ɲɛlakada.
"তোমরা পানি পান করবে, কিন্তু পানি পান করবে না।","You all will drink the water, but do not drink the water.",apɛ d̪ɔ d̪aʔ ɲua mɛnkʰan d̪aʔ bapɛ ɲua.
দয়া করে নদীতে আসো।,Please come to the river.,d̪a.ja kat̪ɛ gaɖaɾɛ hiɟuʔmɛ.
আমরা খাবার পাব না।,We do not get the food.,alɛ d̪ɔ ɟɔmaʔ balɛ ɲama.
নদীতে একটি শহর আছে।,There is a town in the river.,gaɖaɾɛ sɔhɔɽ menaa.
তারা মাছ খাবে না।,They do not eat the fish.,oŋko d̪ɔ haku bako ɟɔma.
কুয়ায় একটি এক প্রজাতির কুঁচলা মাছ আছে।,There is an a species of eel in the well.,kuɲɾɛ bəmbi menaa.
সকালে আমি কথা পড়ে গ্রামে খেলব।,"In the morning, I study the word and then play in the village.",sɛt̪aʔɾɛ iɲ kat̪ʰa paɽha͡o̯kat̪ɛ at̪oɾɛ gat̪ea.
একটি জারজ শহরে আছে।,One bastard is in the town.,mit̪ʔʈɛn bidʰuə̯ d̪ɔ sɔhɔɽɾɛ menaa.
"তুমি খাবার খাবে, কিন্তু মাছ খাবে না।","You will eat the food, but do not eat the fish.",am d̪ɔ ɟɔmaʔ ɟɔma mɛnkʰan haku bam ɟɔma.
ঔষধটি গুরুত্বপূর্ণ।,The medicine is important.,ɾan d̪ɔ ɟɘɾuɽa.
আজ তারা কথা পড়ে নদীতে যাবে।,"Today, they study the word and then go to the river.",t̪eheɲɾɛ oŋko kat̪ʰa paɽha͡o̯kat̪ɛ gaɖaɾɛ calaʔa.
আমাদের ছবি গুরুত্বপূর্ণ।,Our photo is important.,alɛaʔ pʰɔʈɔ d̪ɔ ɟɘɾuɽa.
মাটি আনন্দের।,The mother is happy.,gɔgɔ d̪ɔ ɾɘskɘa.
জেলেটি ভালো।,The fisherman is good.,ɟɘliɘ d̪ɔ mɔ̃ɟa.
তুমি বন্দুক দেখবে না।,You do not see the gun.,am d̪ɔ bənduk bam ɲɛla.
সে খাবার কিনেছিল।,He/she bought the food.,unii̯ ɟɔmaʔ kiɾiɲkeda.
গুহাে একটি ছোট কুঠার আছে।,There is a small adze in the cave.,bʰugək̕ɾɛ bəslə menaa.
বিঘতটি ভালো।,The span is good.,beɽ d̪ɔ mɔ̃ɟa.
বিদ্যুৎটি পরিষ্কার।,The lightning is clean.,bid͡ʒli d̪ɔ sapʰaa.
হ্রদে একটি ভোর আছে।,There is a dawn in the lake.,ɟɔlaɾɛ aŋga menaa.
সকালে সে বন্ধুত্ব দেখে শহরে কাজ করবে।,"In the morning, he/she see the friendship and then work in the town.",sɛt̪aʔɾɛ uni bʰab ɲɛlkat̪ɛ sɔhɔɽɾɛ kɘmia.
তোমার বন্ধকী নতুন।,Your mortgage is new.,amaʔ bəndki d̪ɔ nɔwaa.
"আমি ঔষধ কিনব, কিন্তু মোবাইল ফোন কিনব না।","I will buy the medicine, but do not buy the mobile phone.",iɲ d̪ɔ ɾan kiɾiɲa mɛnkʰan mɔbaĭl pʰon bɘɲ kiɾiɲa.
দয়া করে রান্না খাও।,Please eat the cooked food.,d̪a.ja kat̪ɛ basaŋ ɟɔmmɛ.
তোমার টাকা ভালো।,Your money is good.,amaʔ ʈaka d̪ɔ mɔ̃ɟa.
আমি পূর্বপুরুষ দেখব না।,I do not see the patriarch.,iɲ d̪ɔ əgil hapɽam bɘɲ ɲɛla.
মোবাইল ফোন কোথায় আছে?,Where is the mobile phone?,mɔbaĭl pʰon d̪ɔ ɔkaɾɛ menaa.
আজ সে ভাষা পড়ে গ্রামে খেলবে।,"Today, he/she study the language and then play in the village.",t̪eheɲɾɛ uni pɘɾsi paɽha͡o̯kat̪ɛ at̪oɾɛ gat̪ea.
আমরা বন্যা দেখব না।,We do not see the flood.,alɛ d̪ɔ bəd balɛ ɲɛla.
আড়ালে একটি শুরু আছে।,There is a beginning in the covert.,ao̯tanɾɛ əd menaa.
আমরা খাচ্ছি।,We are eating.,alɛlɛ ɟɔmɛd̪a.
আমার ভূমিকম্প ভালো।,My earthquake is good.,iɲaʔ bʰut͡ʃampa d̪ɔ mɔ̃ɟa.
আমি পানি পান করব।,I will drink the water.,iɲ d̪ɔ d̪aʔ ɲua.
প্রেমালাপটি নতুন।,The flirting is new.,əŋgɾa d̪ɔ nɔwaa.
ইংল্যান্ডে একটি মোবাইল ফোন আছে।,There is a mobile phone in the england.,bilətɾɛ mɔbaĭl pʰon menaa.
হ্রদে একটি বাত রোগ আছে।,There is a rheumatism in the lake.,ɟɔlaɾɛ bat menaa.
আড়ালে একটি বন্য শুকর আছে।,There is a boar in the covert.,ao̯tanɾɛ bʰatoɽ menaa.
আমি ডাক্তার সাহায্য করব না।,I do not help the doctor.,iɲ d̪ɔ ɖak̚t̪aɾ bɘɲ gɔɽɔa.
"আমি কাপ দেখব, কিন্তু অসম্মান দেখব না।","I will see the cup, but do not see the disrespect.",iɲ d̪ɔ basna ɲɛla mɛnkʰan bɛmanɔt bɘɲ ɲɛla.
সকালে আমি পানি পান করে শহরে যাব।,"In the morning, I drink the water and then go to the town.",sɛt̪aʔɾɛ iɲ d̪aʔ ɲukat̪ɛ sɔhɔɽɾɛ calaʔa.
আমরা মাছ খেয়েছি।,We have eaten the fish.,alɛ d̪ɔ haku ɟɔmakada.
আমার অকাল জন্ম পরিষ্কার।,My premature birth is clean.,iɲaʔ adpakolia d̪ɔ sapʰaa.
গ্রামটি পরিষ্কার।,The village is clean.,ato d̪ɔ sapʰaa.
তোমাদের উৎসব ভালো।,Your festival is good.,apɛaʔ pɔɾɔb d̪ɔ mɔ̃ɟa.
আমি ঔষধ ও ঘড়ি কিনব।,I will buy the medicine and the watch.,iɲ d̪ɔ ɾan aɾ gʰuɽi kiɾiɲa.
নেতাটি গুরুত্বপূর্ণ।,The leader is important.,aglaha d̪ɔ ɟɘɾuɽa.
সকালে সে দুধ পান করে বাড়িতে যাবে।,"In the morning, he/she drink the milk and then go to the house.",sɛt̪aʔɾɛ uni t̪o̯͡a ɲukat̪ɛ ɔɽaʔɾɛ calaʔa.
সকালে আমি কথা লিখে নদীতে যাব।,"In the morning, I write the word and then go to the river.",sɛt̪aʔɾɛ iɲ kat̪ʰa ɔlɔʔkat̪ɛ gaɖaɾɛ calaʔa.
"তুমি কথা লিখবে, কিন্তু ভাষা লিখবে না।","You will write the word, but do not write the language.",am d̪ɔ kat̪ʰa ɔlɔʔa mɛnkʰan pɘɾsi bam ɔlɔʔa.
পাড়াে একটি ভণ্ড আছে।,There is a pretender in the neighbourhood.,aɖe paseɾɛ bʰiduk menaa.
রান্নাটি পরিষ্কার।,The cooked food is clean.,basaŋ d̪ɔ sapʰaa.
সকালে আমরা বধিরতা দেখে শহরে কাজ করব।,"In the morning, we see the deafness and then work in the town.",sɛt̪aʔɾɛ alɛ bəhiɾ bəi̯ ɲɛlkat̪ɛ sɔhɔɽɾɛ kɘmia.
আমাদের পেট ব্যথা ভালো।,Our gripes is good.,alɛaʔ bɛɾõʈ duk d̪ɔ mɔ̃ɟa.
বেল্টের ক্ল্যাপটি নতুন।,The belt clasp is new.,bəkuk̕ d̪ɔ nɔwaa.
তুমি খাবার খাবে না।,You do not eat the food.,am d̪ɔ ɟɔmaʔ bam ɟɔma.
দয়া করে হ্রদে বসো।,Please sit in the lake.,d̪a.ja kat̪ɛ ɟɔlaɾɛ d̪uɽup̚ʔmɛ.
তোমরা কথা বলেছিলে।,You all spoke the word.,apɛpɛ kat̪ʰa ɾɔɽkeda.
একটি প্রজন্ম স্কুলে আছে।,One generation is in the school.,mit̪ʔʈɛn bibɔɾɔn d̪ɔ iskulɾɛ menaa.
বিস্তীর্ণ ভূমিে একটি পানি আছে।,There is a water in the wide expanse of land.,bilənɾɛ d̪aʔ menaa.
আমার বাঘ ভালো।,My tiger is good.,iɲaʔ t̪ɘɾup̚ʔ d̪ɔ mɔ̃ɟa.
সেই সময় তোমরা পুঁজ দেখে হ্রদে যাবে।,"At that time, you all see the pus and then go to the lake.",ɔkt̪ɛɾɛ apɛ bele ɲɛlkat̪ɛ ɟɔlaɾɛ calaʔa.
আখরোটটি ভালো।,The walnut is good.,akʰɾoʈ d̪ɔ mɔ̃ɟa.
তোমাদের হাত গুরুত্বপূর্ণ।,Your hand is important.,apɛaʔ t̪i d̪ɔ ɟɘɾuɽa.
কৃষিজ উৎপাদনটি গুরুত্বপূর্ণ।,The agricultural produce is important.,aɾd͡ʒon d̪ɔ ɟɘɾuɽa.
প্রণয়ভঙ্গিটি গুরুত্বপূর্ণ।,The coquetry is important.,əngɾa d̪ɔ ɟɘɾuɽa.
আমাদের আখরোট ভালো।,Our walnut is good.,alɛaʔ akʰɾoʈ d̪ɔ mɔ̃ɟa.
সেনাবাহিনীটি পরিষ্কার।,The army is clean.,aɽa d̪ɔ sapʰaa.
উঠানে একটি ফুল আছে।,There is a flower in the courtyard of house.,bəteɾɛ baha menaa.
কুয়ায় একটি নদী আছে।,There is a river in the well.,kuɲɾɛ gaɖa menaa.
কথাটি নতুন।,The word is new.,kat̪ʰa d̪ɔ nɔwaa.
গতকাল তারা খাবার কিনে বাড়িতে খেলবে।,"Yesterday, they buy the food and then play in the house.",hɔlaɾɛ oŋko ɟɔmaʔ kiɾiɲkat̪ɛ ɔɽaʔɾɛ gat̪ea.
একটি ভিক্ষুক নদীতে আছে।,One beggar is in the river.,mit̪ʔʈɛn bʰikʰəɾi d̪ɔ gaɖaɾɛ menaa.
আজ তারা মাছ কিনে নদীতে কাজ করবে।,"Today, they buy the fish and then work in the river.",t̪eheɲɾɛ oŋko haku kiɾiɲkat̪ɛ gaɖaɾɛ kɘmia.
উপভাষাটি ভালো।,The dialect is good.,bahaka d̪ɔ mɔ̃ɟa.
আমরা মা সাহায্য করব না।,We do not help the mother.,alɛ d̪ɔ gɔgɔ balɛ gɔɽɔa.
আমরা মা সাহায্য করব।,We will help the mother.,alɛ d̪ɔ gɔgɔ gɔɽɔa.
"তোমরা ডাক্তার সাহায্য করবে, কিন্তু মা সাহায্য করবে না।","You all will help the doctor, but do not help the mother.",apɛ d̪ɔ ɖak̚t̪aɾ gɔɽɔa mɛnkʰan gɔgɔ bapɛ gɔɽɔa.
তুমি সাহায্য করছ।,You is helping.,amɛm gɔɽɔɛd̪a.
ঢোলের শব্দটি ভালো।,The rattle on drum is good.,beɖo d̪ɔ mɔ̃ɟa.
তারা এক ধরনের বাদ্যযন্ত্র দেখবে।,They will see the a kind of fiddle.,oŋko d̪ɔ banam ɲɛla.
শহরে একটি উৎসব আছে।,There is a festival in the town.,sɔhɔɽɾɛ pɔɾɔb menaa.
আমরা জন্ম ও যাবপাত্র দেখব।,We will see the birth and the fodder.,alɛ d̪ɔ biə̯n aɾ adʰaɾ ɲɛla.
তুমি বিক্রি করছ।,You is selling.,amɛm ɘkʰɾiɲɛd̪a.
"আমি ঔষধ কিনব, কিন্তু ঔষধ কিনব না।","I will buy the medicine, but do not buy the medicine.",iɲ d̪ɔ ɾan kiɾiɲa mɛnkʰan ɾan bɘɲ kiɾiɲa.
আজ তারা রান্না খেয়ে হ্রদে কাজ করবে।,"Today, they eat the cooked food and then work in the lake.",t̪eheɲɾɛ oŋko basaŋ ɟɔmkat̪ɛ ɟɔlaɾɛ kɘmia.
কুয়ায় একটি তুলার গাছ আছে।,There is a cotton plant in the well.,kuɲɾɛ bʰoga kaskɔm menaa.
আড়ালে একটি মাফ (হাতঢাকা) আছে।,There is a muff in the covert.,ao̯tanɾɛ bembʰa menaa.
বেঁকানো যন্ত্রটি গুরুত্বপূর্ণ।,The brace for boring is important.,bʰãoɾa d̪ɔ ɟɘɾuɽa.
বাসস্থানে একটি নারী আছে।,There is a woman in the residence.,basaɾɛ əi̯məi̯ menaa.
তুমি পানি পান করেছ।,You have drunk the water.,am d̪ɔ d̪aʔ ɲuakada.
পাড়াে একটি ফ্যাথম আছে।,There is a fathom in the neighbourhood.,aɖe paseɾɛ aɾpa menaa.
গতকাল আমরা দুধ পান করে গ্রামে কাজ করব।,"Yesterday, we drink the milk and then work in the village.",hɔlaɾɛ alɛ t̪o̯͡a ɲukat̪ɛ at̪oɾɛ kɘmia.
আমরা বনরুই দেখব না।,We do not see the ant-eater.,alɛ d̪ɔ aɾba balɛ ɲɛla.
সে টাকা পেয়েছিল।,He/she got the money.,unii̯ ʈaka ɲamkeda.
একটি ঔষধ গ্রামে আছে।,One medicine is in the village.,mit̪ʔ ɾan d̪ɔ at̪oɾɛ menaa.
উঠানে একটি ব্যাঙের ডাক আছে।,There is a croak of frogs in the courtyard of house.,bəteɾɛ bɛbɛ menaa.
"তারা ভাষা পড়বে, কিন্তু ভাষা পড়বে না।","They will study the language, but do not study the language.",oŋko d̪ɔ pɘɾsi paɽha͡o̯a mɛnkʰan pɘɾsi bako paɽha͡o̯a.
সেই সময় তোমরা মোবাইল ফোন কিনে গ্রামে কাজ করবে।,"At that time, you all buy the mobile phone and then work in the village.",ɔkt̪ɛɾɛ apɛ mɔbaĭl pʰon kiɾiɲkat̪ɛ at̪oɾɛ kɘmia.
একটি বিড়াল গ্রামে আছে।,One cat is in the village.,mit̪ʔʈɛn pusi d̪ɔ at̪oɾɛ menaa.
সে পাঠ পড়বে না।,He/she does not study the lesson.,uni d̪ɔ sikʰnɘt̪ bai̯ paɽha͡o̯a.
শহরে একটি বিদ্যুৎ আছে।,There is a lightning in the town.,sɔhɔɽɾɛ bid͡ʒli menaa.
তোমাদের আখরোট ভালো।,Your walnut is good.,apɛaʔ akʰɾoʈ d̪ɔ mɔ̃ɟa.
তুমি ঘড়ি বিক্রি করেছ।,You have sold the watch.,am d̪ɔ gʰuɽi ɘkʰɾiɲakada.
"তোমরা কথা পড়বে, কিন্তু ভাষা পড়বে না।","You all will study the word, but do not study the language.",apɛ d̪ɔ kat̪ʰa paɽha͡o̯a mɛnkʰan pɘɾsi bapɛ paɽha͡o̯a.
আমরা হাত দেখব।,We will see the hand.,alɛ d̪ɔ t̪i ɲɛla.
গতকাল আমরা মোবাইল ফোন কিনে স্কুলে খেলব।,"Yesterday, we buy the mobile phone and then play in the school.",hɔlaɾɛ alɛ mɔbaĭl pʰon kiɾiɲkat̪ɛ iskulɾɛ gat̪ea.
আমরা ঘড়ি বিক্রি করব না।,We do not sell the watch.,alɛ d̪ɔ gʰuɽi balɛ ɘkʰɾiɲa.
বাসস্থানে একটি খাবার আছে।,There is a victuals in the residence.,basaɾɛ aʈa saʈa menaa.
অসম্মানটি নতুন।,The disrespect is new.,bɛmanɔt d̪ɔ nɔwaa.
একটি বিড়াল শহরে আছে।,One cat is in the town.,mit̪ʔʈɛn pusi d̪ɔ sɔhɔɽɾɛ menaa.
কালো ভাল্লুকটি ছোট।,The black bear is small.,bana d̪ɔ lɘʈua.
গ্রামে একটি সময় আছে।,There is a time in the village.,at̪oɾɛ ɔkt̪ɛ menaa.
হ্রদে একটি পেট ব্যথা আছে।,There is a gripes in the lake.,ɟɔlaɾɛ bɛɾõʈ duk menaa.
পরজীবী উদ্ভিদটি পরিষ্কার।,The parasitic plant is clean.,alagd͡ʒəɽi d̪ɔ sapʰaa.
তোমার পিঁপড়া ভালো।,Your ant is good.,amaʔ muc̚ʔ d̪ɔ mɔ̃ɟa.
তার মটরশুটি নতুন।,His/her pea is new.,uniaʔ baʈɽa d̪ɔ nɔwaa.
"তুমি কথা বলবে, কিন্তু ভাষা বলবে না।","You will speak the word, but do not speak the language.",am d̪ɔ kat̪ʰa ɾɔɽa mɛnkʰan pɘɾsi bam ɾɔɽa.
আজ সে ঘড়ি কিনে স্কুলে আসবে।,"Today, he/she buy the watch and then come to the school.",t̪eheɲɾɛ uni gʰuɽi kiɾiɲkat̪ɛ iskulɾɛ hiɟuʔa.
আমি গাছের ছাল দেখেছিলাম।,I saw the bark of tree.,iɲiɲ baklak̕ ɲɛlkeda.
সে মোবাইল ফোন কিনেছে।,He/she has bought the mobile phone.,uni d̪ɔ mɔbaĭl pʰon kiɾiɲakada.
আড়ালে একটি কাপ আছে।,There is a cup in the covert.,ao̯tanɾɛ basna menaa.
তুমি লাভ ও বাজি দেখবে।,You will see the profit and the wager.,am d̪ɔ baɾpʰəi̯ aɾ bəd͡ʒi ɲɛla.
নদীতে একটি মাফ (হাতঢাকা) আছে।,There is a muff in the river.,gaɖaɾɛ bembʰa menaa.
তাদের বাসিন্দা আনন্দের।,Their inhabitant is happy.,oŋkoaʔ baskitiə̯ d̪ɔ ɾɘskɘa.
"তুমি মোবাইল ফোন কিনবে, কিন্তু মোবাইল ফোন কিনবে না।","You will buy the mobile phone, but do not buy the mobile phone.",am d̪ɔ mɔbaĭl pʰon kiɾiɲa mɛnkʰan mɔbaĭl pʰon bam kiɾiɲa.
আমরা মধু ও রান্না খাব।,We will eat the honey and the cooked food.,alɛ d̪ɔ ɲɛlɛɾasa aɾ basaŋ ɟɔma.
তোমরা ছবি পেয়েছ।,You all have gotten the photo.,apɛ d̪ɔ pʰɔʈɔ ɲamakada.
আমি টাকা পাব।,I will get the money.,iɲ d̪ɔ ʈaka ɲama.
সকালে আমি মাছ খেয়ে কুয়ায় যাব।,"In the morning, I eat the fish and then go to the well.",sɛt̪aʔɾɛ iɲ haku ɟɔmkat̪ɛ kuɲɾɛ calaʔa.
আমি বসছি।,I am sitting.,iɲiɲ d̪uɽup̚ʔɛd̪a.
আমি ভাষা লিখেছি।,I have written the language.,iɲ d̪ɔ pɘɾsi ɔlɔʔakada.
বেগুনটি পরিষ্কার।,The brinjal is clean.,beŋgaɾ d̪ɔ sapʰaa.
সে ভাষা পড়েছিল।,He/she studied the language.,unii̯ pɘɾsi paɽha͡o̯keda.
বিরক্তিটি ভালো।,The annoyance is good.,əɽis d̪ɔ mɔ̃ɟa.
দয়া করে নদীতে যাও।,Please go to the river.,d̪a.ja kat̪ɛ gaɖaɾɛ calaʔmɛ.
তুমি মাছ কিনেছিলে।,You bought the fish.,amɛm haku kiɾiɲkeda.
গতকাল সে মধু খেয়ে গ্রামে খেলবে।,"Yesterday, he/she eat the honey and then play in the village.",hɔlaɾɛ uni ɲɛlɛɾasa ɟɔmkat̪ɛ at̪oɾɛ gat̪ea.
একটি ভিক্ষুক বাড়িতে আছে।,One beggar is in the house.,mit̪ʔʈɛn bʰikʰəɾi d̪ɔ ɔɽaʔɾɛ menaa.
আমরা বিক্রি করছি।,We are selling.,alɛlɛ ɘkʰɾiɲɛd̪a.
মশালটি নতুন।,The torch is new.,bambeɾ d̪ɔ nɔwaa.
"তোমরা খাবার বিক্রি করবে, কিন্তু খাবার বিক্রি করবে না।","You all will sell the food, but do not sell the food.",apɛ d̪ɔ ɟɔmaʔ ɘkʰɾiɲa mɛnkʰan ɟɔmaʔ bapɛ ɘkʰɾiɲa.
আমাদের অপচয় গুরুত্বপূর্ণ।,Our waste is important.,alɛaʔ apt͡ʃo d̪ɔ ɟɘɾuɽa.
তোমরা খাবার কিনেছ।,You all have bought the food.,apɛ d̪ɔ ɟɔmaʔ kiɾiɲakada.
তোমাদের ভোর নতুন।,Your dawn is new.,apɛaʔ aŋga d̪ɔ nɔwaa.
আমাদের তাঁতের পোড়েন ভালো।,Our woof is good.,alɛaʔ bʰaɾna d̪ɔ mɔ̃ɟa.
আড়ালে একটি টাকা আছে।,There is a money in the covert.,ao̯tanɾɛ ʈaka menaa.
স্কুলে একটি উই পোকা আছে।,There is a termite in the school.,iskulɾɛ bʰuku menaa.
তারা বাবা সাহায্য করেছিল।,They helped the father.,oŋkoko baba gɔɽɔkeda.
তুমি আশ্বিন মাস দেখবে।,You will see the september–october.,am d̪ɔ asin ɲɛla.
তোমার ছবি নতুন।,Your photo is new.,amaʔ pʰɔʈɔ d̪ɔ nɔwaa.
সেই সময় আমরা কথা লিখে স্কুলে আসব।,"At that time, we write the word and then come to the school.",ɔkt̪ɛɾɛ alɛ kat̪ʰa ɔlɔʔkat̪ɛ iskulɾɛ hiɟuʔa.
সে খাবার ও ঔষধ কিনবে।,He/she will buy the food and the medicine.,uni d̪ɔ ɟɔmaʔ aɾ ɾan kiɾiɲa.
আমরা শব্দ করছি।,We are sounding.,alɛlɛ ɾaːgɛd̪a.
আমি ভাষা পড়ব না।,I do not study the language.,iɲ d̪ɔ pɘɾsi bɘɲ paɽha͡o̯a.
তারা ঔষধ কিনেছে।,They have bought the medicine.,oŋko d̪ɔ ɾan kiɾiɲakada.
সেই সময় সে কথা পড়ে হ্রদে আসবে।,"At that time, he/she study the word and then come to the lake.",ɔkt̪ɛɾɛ uni kat̪ʰa paɽha͡o̯kat̪ɛ ɟɔlaɾɛ hiɟuʔa.
তুমি মধু ও খাবার খাবে।,You will eat the honey and the food.,am d̪ɔ ɲɛlɛɾasa aɾ ɟɔmaʔ ɟɔma.
তারা মাছ ও মোবাইল ফোন কিনবে।,They will buy the fish and the mobile phone.,oŋko d̪ɔ haku aɾ mɔbaĭl pʰon kiɾiɲa.
গ্রাম কোথায় আছে?,Where is the village?,at̪o d̪ɔ ɔkaɾɛ menaa.
তোমাদের দরখাস্ত গুরুত্বপূর্ণ।,Your petition is important.,apɛaʔ aɾd͡ʒa d̪ɔ ɟɘɾuɽa.
আমি মধু খেয়েছিলাম।,I ate the honey.,iɲiɲ ɲɛlɛɾasa ɟɔmkeda.
অংশীদারটি গুরুত্বপূর্ণ।,The partner is important.,bʰəgiə̯ɾi d̪ɔ ɟɘɾuɽa.
শিলাবৃষ্টিটি পরিষ্কার।,The hail is clean.,aɾel d̪ɔ sapʰaa.
তুমি বাবা সাহায্য করবে না।,You do not help the father.,am d̪ɔ baba bam gɔɽɔa.
তুমি মোবাইল ফোন বিক্রি করবে।,You will sell the mobile phone.,am d̪ɔ mɔbaĭl pʰon ɘkʰɾiɲa.
আজ আমি পৈতৃক সম্পত্তি দেখে নদীতে খেলব।,"Today, I see the paternal estate and then play in the river.",t̪eheɲɾɛ iɲ bapɔti dʰo ɲɛlkat̪ɛ gaɖaɾɛ gat̪ea.
বট গাছটি গুরুত্বপূর্ণ।,The banyan tree is important.,baɽe d̪ɔ ɟɘɾuɽa.
বাসস্থানে একটি ফল পাকা আছে।,There is a mellowing in the dwelling place.,basɾɛ aɾaɾao̯k̕ menaa.
"তোমরা মানুষ সাহায্য করবে, কিন্তু ডাক্তার সাহায্য করবে না।","You all will help the person, but do not help the doctor.",apɛ d̪ɔ hɔɽ gɔɽɔa mɛnkʰan ɖak̚t̪aɾ bapɛ gɔɽɔa.
পছন্দটি নতুন।,The choice is new.,əpɾug d̪ɔ nɔwaa.
তোমরা ডাক্তার সাহায্য করবে না।,You all do not help the doctor.,apɛ d̪ɔ ɖak̚t̪aɾ bapɛ gɔɽɔa.
তার রোগ নতুন।,His/her illness is new.,uniaʔ ɾu̯͡ɘ d̪ɔ nɔwaa.
পাড়াে একটি বাবা আছে।,There is a father in the neighbourhood.,aɖe paseɾɛ baba menaa.
কুয়ায় একটি গ্রাম আছে।,There is a village in the well.,kuɲɾɛ at̪o menaa.
"আমি খাবার কিনব, কিন্তু মাছ কিনব না।","I will buy the food, but do not buy the fish.",iɲ d̪ɔ ɟɔmaʔ kiɾiɲa mɛnkʰan haku bɘɲ kiɾiɲa.
গতকাল সে দুধ পান করে শহরে কাজ করবে।,"Yesterday, he/she drink the milk and then work in the town.",hɔlaɾɛ uni t̪o̯͡a ɲukat̪ɛ sɔhɔɽɾɛ kɘmia.
তুমি কথা বলেছিলে।,You spoke the word.,amɛm kat̪ʰa ɾɔɽkeda.
কাজটি গুরুত্বপূর্ণ।,The work is important.,kɘmi d̪ɔ ɟɘɾuɽa.
তাদের ভাষা নতুন।,Their language is new.,oŋkoaʔ pɘɾsi d̪ɔ nɔwaa.
ধাতুর বাটিটি পরিষ্কার।,The metal basin is clean.,bəʈi d̪ɔ sapʰaa.
তোমরা ঘড়ি দেখবে না।,You all do not see the watch.,apɛ d̪ɔ gʰuɽi bapɛ ɲɛla.
আমি মাছ খেয়েছি।,I have eaten the fish.,iɲ d̪ɔ haku ɟɔmakada.
"তুমি মাছ কিনবে, কিন্তু মোবাইল ফোন কিনবে না।","You will buy the fish, but do not buy the mobile phone.",am d̪ɔ haku kiɾiɲa mɛnkʰan mɔbaĭl pʰon bam kiɾiɲa.
পাড়াে একটি বন্দুক আছে।,There is a gun in the neighbourhood.,aɖe paseɾɛ bənduk menaa.
আমরা ঔষধ ও মোবাইল ফোন কিনব।,We will buy the medicine and the mobile phone.,alɛ d̪ɔ ɾan aɾ mɔbaĭl pʰon kiɾiɲa.
তুমি খাবার পেয়েছ।,You have gotten the food.,am d̪ɔ ɟɔmaʔ ɲamakada.
কাজটি ভালো।,The work is good.,kɘmi d̪ɔ mɔ̃ɟa.
তারা রান্না ও মধু খাবে।,They will eat the cooked food and the honey.,oŋko d̪ɔ basaŋ aɾ ɲɛlɛɾasa ɟɔma.
একটি শুকর হ্রদে আছে।,One pig is in the lake.,mit̪ʔʈɛn suk̚ɾi d̪ɔ ɟɔlaɾɛ menaa.
আমার হ্রদ গুরুত্বপূর্ণ।,My lake is important.,iɲaʔ ɟɔla d̪ɔ ɟɘɾuɽa.
গ্রামে একটি আঙুলের ফোঁড়া আছে।,There is a whitlow in the village.,at̪oɾɛ aŋguɾ biɽhi menaa.
তোমরা কাজ দেখেছিলে।,You all saw the occupation.,apɛpɛ bʰɛd ɲɛlkeda.
দুধটি পরিষ্কার।,The milk is clean.,t̪o̯͡a d̪ɔ sapʰaa.
আমি কথা বলেছি।,I have spoken the word.,iɲ d̪ɔ kat̪ʰa ɾɔɽakada.
তুমি রীতি দেখেছিলে।,You saw the custom.,amɛm bebohaɾ ɲɛlkeda.
বোঝাটি নতুন।,The load is new.,bʰaɾ d̪ɔ nɔwaa.
শহরে একটি শুকর আছে।,There is a pig in the town.,sɔhɔɽɾɛ suk̚ɾi menaa.
গ্রামে একটি সন্ন্যাসী আছে।,There is an ascetic in the village.,at̪oɾɛ ətit menaa.
সে আফিম দেখবে।,He/she will see the opium.,uni d̪ɔ əpʰim ɲɛla.
পশুপাখির ডাকটি ভালো।,The cry of beasts & c is good.,aɳɖɾac̕ ɔɳɖɾɔc̕ d̪ɔ mɔ̃ɟa.
সকালে আমরা কথা পড়ে স্কুলে কাজ করব।,"In the morning, we study the word and then work in the school.",sɛt̪aʔɾɛ alɛ kat̪ʰa paɽha͡o̯kat̪ɛ iskulɾɛ kɘmia.
শহরে একটি ধানের খেত আছে।,There is a rice field in the town.,sɔhɔɽɾɛ baɽge menaa.
বাসস্থানে একটি উত্তরাধিকারী আছে।,There is a heir in the residence.,basaɾɛ awəsi menaa.
একটি কিশোর শহরে আছে।,One hobbledehoy is in the town.,mit̪ʔʈɛn bat͡ʃʰɽa koɽa d̪ɔ sɔhɔɽɾɛ menaa.
সকালে তারা ঘড়ি কিনে নদীতে যাবে।,"In the morning, they buy the watch and then go to the river.",sɛt̪aʔɾɛ oŋko gʰuɽi kiɾiɲkat̪ɛ gaɖaɾɛ calaʔa.
আমি খাচ্ছি।,I am eating.,iɲiɲ ɟɔmɛd̪a.
জীবন কোথায় আছে?,Where is the life?,ɟiŋgi d̪ɔ ɔkaɾɛ menaa.
আজ সে কথা পড়ে গ্রামে কাজ করবে।,"Today, he/she study the word and then work in the village.",t̪eheɲɾɛ uni kat̪ʰa paɽha͡o̯kat̪ɛ at̪oɾɛ kɘmia.
মনটি ভালো।,The mind is good.,aŋ d̪ɔ mɔ̃ɟa.
বাসস্থানে একটি বিড়াল আছে।,There is a cat in the dwelling place.,basɾɛ pusi menaa.
সকালে তুমি পানি পান করে নদীতে যাবে।,"In the morning, you drink the water and then go to the river.",sɛt̪aʔɾɛ am d̪aʔ ɲukat̪ɛ gaɖaɾɛ calaʔa.
একটি নবজাতক বাড়িতে আছে।,One infant is in the house.,mit̪ʔʈɛn balɛ d̪ɔ ɔɽaʔɾɛ menaa.
"তোমরা মাছ বিক্রি করবে, কিন্তু মাছ বিক্রি করবে না।","You all will sell the fish, but do not sell the fish.",apɛ d̪ɔ haku ɘkʰɾiɲa mɛnkʰan haku bapɛ ɘkʰɾiɲa.
একটি ছবি হ্রদে আছে।,One photo is in the lake.,mit̪ʔ pʰɔʈɔ d̪ɔ ɟɔlaɾɛ menaa.
"আমি মুহূর্ত দেখব, কিন্তু ভাষা দেখব না।","I will see the moment, but do not see the language.",iɲ d̪ɔ abʰeɽ ɲɛla mɛnkʰan pɘɾsi bɘɲ ɲɛla.
আমি যন্ত্রপাতি দেখেছিলাম।,I saw the appliance.,iɲiɲ bandʰec̕ ɲɛlkeda.
বালিশটি নতুন।,The pillow is new.,bəlis d̪ɔ nɔwaa.
আজ তারা মাছ খেয়ে বাড়িতে আসবে।,"Today, they eat the fish and then come to the house.",t̪eheɲɾɛ oŋko haku ɟɔmkat̪ɛ ɔɽaʔɾɛ hiɟuʔa.
তোমরা মাছ খেয়েছ।,You all have eaten the fish.,apɛ d̪ɔ haku ɟɔmakada.
বিস্তীর্ণ ভূমিে একটি ভেড়া আছে।,There is a sheep in the wide expanse of land.,bilənɾɛ bʰiɖi menaa.
একটি উত্তরাধিকার হ্রদে আছে।,One heritage is in the lake.,mit̪ʔʈɛn bapɔti dʰɔn d̪ɔ ɟɔlaɾɛ menaa.
আমি মোবাইল ফোন বিক্রি করেছি।,I have sold the mobile phone.,iɲ d̪ɔ mɔbaĭl pʰon ɘkʰɾiɲakada.
তোমরা কথা বলেছ।,You all have spoken the word.,apɛ d̪ɔ kat̪ʰa ɾɔɽakada.
একটি পিঁপড়া স্কুলে আছে।,One ant is in the school.,mit̪ʔʈɛn muc̚ʔ d̪ɔ iskulɾɛ menaa.
ভেড়াটি ভালো।,The sheep is good.,bʰiɖi d̪ɔ mɔ̃ɟa.
তার পূর্বপুরুষ ভালো।,His/her patriarch is good.,uniaʔ əgil hapɽam d̪ɔ mɔ̃ɟa.
বাড়িতে একটি বংশধর আছে।,There is a descendants in the house.,ɔɽaʔɾɛ ãosa bãosa menaa.
আমরা পুরস্কার দেখেছি।,We have seen the prize.,alɛ d̪ɔ bəksis ɲɛlakada.
শহরটি গুরুত্বপূর্ণ।,The town is important.,sɔhɔɽ d̪ɔ ɟɘɾuɽa.
আমি খাবার ও মাছ খাব।,I will eat the food and the fish.,iɲ d̪ɔ ɟɔmaʔ aɾ haku ɟɔma.
তার বাঘ ছোট।,His/her tiger is small.,uniaʔ t̪ɘɾup̚ʔ d̪ɔ lɘʈua.
তারা অহংকার ও মুক্তি দেখবে।,They will see the pride and the salvation.,oŋko d̪ɔ adɔɾ aɾ baɲt͡ʃao̯k̕ ɲɛla.
আমার মাছ পরিষ্কার।,My fish is clean.,iɲaʔ haku d̪ɔ sapʰaa.
সকালে তারা রান্না খেয়ে কুয়ায় কাজ করবে।,"In the morning, they eat the cooked food and then work in the well.",sɛt̪aʔɾɛ oŋko basaŋ ɟɔmkat̪ɛ kuɲɾɛ kɘmia.
গতকাল তুমি খাবার কিনে কুয়ায় কাজ করবে।,"Yesterday, you buy the food and then work in the well.",hɔlaɾɛ am ɟɔmaʔ kiɾiɲkat̪ɛ kuɲɾɛ kɘmia.
তারা অগ্রদূত দেখেছিল।,They saw the forerunner.,oŋkoko əguə̯daɾ ɲɛlkeda.
একটি শিশু শহরে আছে।,One baby is in the town.,mit̪ʔʈɛn bale d̪ɔ sɔhɔɽɾɛ menaa.
আমার নিরামিষাশী গুরুত্বপূর্ণ।,My vegetarian is important.,iɲaʔ bʰagat d̪ɔ ɟɘɾuɽa.
সকালে সে মাছ খেয়ে শহরে কাজ করবে।,"In the morning, he/she eat the fish and then work in the town.",sɛt̪aʔɾɛ uni haku ɟɔmkat̪ɛ sɔhɔɽɾɛ kɘmia.
একটি মাছ কুয়ায় আছে।,One fish is in the well.,mit̪ʔ haku d̪ɔ kuɲɾɛ menaa.
আড়ালে একটি পছন্দ আছে।,There is a choice in the covert.,ao̯tanɾɛ əpɾug menaa.
উঠানে একটি বিস্তীর্ণ ভূমি আছে।,There is a wide expanse of land in the courtyard of house.,bəteɾɛ bilən menaa.
তোমার কষ্ট ভালো।,Your distress is good.,amaʔ alad͡ʒʰala d̪ɔ mɔ̃ɟa.
একটি জেলে গ্রামে আছে।,One fisherman is in the village.,mit̪ʔʈɛn ɟɘliɘ d̪ɔ at̪oɾɛ menaa.
সকালে তোমরা খাবার কিনে শহরে কাজ করবে।,"In the morning, you all buy the food and then work in the town.",sɛt̪aʔɾɛ apɛ ɟɔmaʔ kiɾiɲkat̪ɛ sɔhɔɽɾɛ kɘmia.
তাদের এক প্রজাতির কুঁচলা মাছ ভালো।,Their a species of eel is good.,oŋkoaʔ bəmbi d̪ɔ mɔ̃ɟa.
ব্যান্ডেজটি গুরুত্বপূর্ণ।,The bandger is important.,bədʰi d̪ɔ ɟɘɾuɽa.
আমি বাজি দেখব না।,I do not see the bet.,iɲ d̪ɔ bəɾd͡ʒid bɘɲ ɲɛla.
সেই সময় আমরা খাবার খেয়ে শহরে খেলব।,"At that time, we eat the food and then play in the town.",ɔkt̪ɛɾɛ alɛ ɟɔmaʔ ɟɔmkat̪ɛ sɔhɔɽɾɛ gat̪ea.
তুমি মাছ খাবে না।,You do not eat the fish.,am d̪ɔ haku bam ɟɔma.
সকালে তুমি দুধ পান করে শহরে কাজ করবে।,"In the morning, you drink the milk and then work in the town.",sɛt̪aʔɾɛ am t̪o̯͡a ɲukat̪ɛ sɔhɔɽɾɛ kɘmia.
আমি শিশু সাহায্য করব না।,I do not help the child.,iɲ d̪ɔ gid̪ɾɘ bɘɲ gɔɽɔa.
"আমি গহনা দেখব, কিন্তু অবসর দেখব না।","I will see the jewelry, but do not see the leisure.",iɲ d̪ɔ abʰɾan ɲɛla mɛnkʰan apʰsoɾ bɘɲ ɲɛla.
আজ তোমরা দুধ পান করে স্কুলে কাজ করবে।,"Today, you all drink the milk and then work in the school.",t̪eheɲɾɛ apɛ t̪o̯͡a ɲukat̪ɛ iskulɾɛ kɘmia.
তাদের জিহ্বা ভালো।,Their tongue is good.,oŋkoaʔ alaŋ d̪ɔ mɔ̃ɟa.
তোমরা মোবাইল ফোন বিক্রি করেছ।,You all have sold the mobile phone.,apɛ d̪ɔ mɔbaĭl pʰon ɘkʰɾiɲakada.
ঔষধটি নতুন।,The medicine is new.,ɾan d̪ɔ nɔwaa.
তুমি খাবার কিনেছ।,You have bought the food.,am d̪ɔ ɟɔmaʔ kiɾiɲakada.
কুয়ায় একটি বর্ণ আছে।,There is an alphabet in the well.,kuɲɾɛ akʰɔɾ menaa.
"তারা বেত দেখবে, কিন্তু চারা গাছ দেখবে না।","They will see the cane, but do not see the sapling.",oŋko d̪ɔ bɛt ɲɛla mɛnkʰan bat͡ʃʰɽa daɾe bako ɲɛla.
স্কুলে একটি সতর্কবাণী আছে।,There is an alarm in the school.,iskulɾɛ bʰāe menaa.
তোমার মধু সুস্বাদু।,Your honey is tasty.,amaʔ ɲɛlɛɾasa d̪ɔ sibila.
তোমার মাছ পরিষ্কার।,Your fish is clean.,amaʔ haku d̪ɔ sapʰaa.
আমি পোশাক দেখেছি।,I have seen the attire.,iɲ d̪ɔ bʰagwa ɲɛlakada.
আমার বাত রোগ গুরুত্বপূর্ণ।,My rheumatism is important.,iɲaʔ bat d̪ɔ ɟɘɾuɽa.
আমার শুকর ভালো।,My pig is good.,iɲaʔ suk̚ɾi d̪ɔ mɔ̃ɟa.
আমাদের ঘড়ি গুরুত্বপূর্ণ।,Our watch is important.,alɛaʔ gʰuɽi d̪ɔ ɟɘɾuɽa.
পাড়াে একটি নির্গমন আছে।,There is an emanation in the neighbourhood.,aɖe paseɾɛ əhlə menaa.
তুমি আস্থা দেখবে।,You will see the confidence.,am d̪ɔ baɾsa ɲɛla.
আমার কুয়া পরিষ্কার।,My well is clean.,iɲaʔ kuɲ d̪ɔ sapʰaa.
তুমি ধানের খেত দেখেছ।,You have seen the rice field.,am d̪ɔ baɽge ɲɛlakada.
তাদের ভাড়াটে কর্মী গুরুত্বপূর্ণ।,Their hired worker is important.,oŋkoaʔ bənkəɾ d̪ɔ ɟɘɾuɽa.
আমরা সাহায্য করছি।,We are helping.,alɛlɛ gɔɽɔɛd̪a.
সেই সময় তারা মাছ কিনে বাড়িতে কাজ করবে।,"At that time, they buy the fish and then work in the house.",ɔkt̪ɛɾɛ oŋko haku kiɾiɲkat̪ɛ ɔɽaʔɾɛ kɘmia.
পাড়াে একটি ভালোবাসা আছে।,There is a love in the neighbourhood.,aɖe paseɾɛ bʰad menaa.
সেই সময় সে মধু খেয়ে নদীতে যাবে।,"At that time, he/she eat the honey and then go to the river.",ɔkt̪ɛɾɛ uni ɲɛlɛɾasa ɟɔmkat̪ɛ gaɖaɾɛ calaʔa.
তারা খেলা দেখবে।,They will see the game.,oŋko d̪ɔ bʰelguɖa ɲɛla.
নভেম্বর–ডিসেম্বরটি ভালো।,The november–december is good.,agʰãɽ d̪ɔ mɔ̃ɟa.
"তোমরা ভালোবাসা দেখবে, কিন্তু রীতি দেখবে না।","You all will see the love, but do not see the customs.",apɛ d̪ɔ bʰad ɲɛla mɛnkʰan at͡ʃaɾ bapɛ ɲɛla.
আজ আমরা মন দেখে স্কুলে খেলব।,"Today, we see the mind and then play in the school.",t̪eheɲɾɛ alɛ aŋ ɲɛlkat̪ɛ iskulɾɛ gat̪ea.
তারা ঘড়ি বিক্রি করেছে।,They have sold the watch.,oŋko d̪ɔ gʰuɽi ɘkʰɾiɲakada.
চুল্লিটি নতুন।,The furnace is new.,bʰaʈa d̪ɔ nɔwaa.
তারা মোবাইল ফোন ও ঔষধ কিনবে।,They will buy the mobile phone and the medicine.,oŋko d̪ɔ mɔbaĭl pʰon aɾ ɾan kiɾiɲa.
বাসস্থানটি ভালো।,The residence is good.,basa d̪ɔ mɔ̃ɟa.
একটি পূর্বপুরুষ স্কুলে আছে।,One ancestors is in the school.,mit̪ʔʈɛn bap dada d̪ɔ iskulɾɛ menaa.
তাদের লজ্জা গুরুত্বপূর্ণ।,Their shame is important.,oŋkoaʔ bʰɔɾɔm d̪ɔ ɟɘɾuɽa.
আমার ডাক্তার ছোট।,My doctor is small.,iɲaʔ ɖak̚t̪aɾ d̪ɔ lɘʈua.
তোমরা মধু খাবে।,You all will eat the honey.,apɛ d̪ɔ ɲɛlɛɾasa ɟɔma.
তুমি মোবাইল ফোন বিক্রি করেছ।,You have sold the mobile phone.,am d̪ɔ mɔbaĭl pʰon ɘkʰɾiɲakada.
রোগটি নতুন।,The illness is new.,ɾu̯͡ɘ d̪ɔ nɔwaa.
সেই সময় তুমি দুধ পান করে কুয়ায় খেলবে।,"At that time, you drink the milk and then play in the well.",ɔkt̪ɛɾɛ am t̪o̯͡a ɲukat̪ɛ kuɲɾɛ gat̪ea.
তারা ঔষধ ও মাছ কিনবে।,They will buy the medicine and the fish.,oŋko d̪ɔ ɾan aɾ haku kiɾiɲa.
আজ তোমরা খড় দেখে গ্রামে আসবে।,"Today, you all see the chaff and then come to the village.",t̪eheɲɾɛ apɛ bʰusə ɲɛlkat̪ɛ at̪oɾɛ hiɟuʔa.
তোমরা পানি পান করেছিলে।,You all drank the water.,apɛpɛ d̪aʔ ɲukeda.
আমড়া (ফল)টি পরিষ্কার।,The hog plum is clean.,bədʰiə̯ d̪ɔ sapʰaa.
আতঙ্কটি গুরুত্বপূর্ণ।,The terror is important.,bʰɔɽɔk d̪ɔ ɟɘɾuɽa.
বারান্দাটি গুরুত্বপূর্ণ।,The verandah is important.,baɾaɳda d̪ɔ ɟɘɾuɽa.
তোমরা শস্য দেখবে।,You all will see the grain.,apɛ d̪ɔ an ɲɛla.
আমার অল্প পরিষ্কার।,My little is clean.,iɲaʔ ədʰəɾiə̯ d̪ɔ sapʰaa.
সে মধু খাবে না।,He/she does not eat the honey.,uni d̪ɔ ɲɛlɛɾasa bai̯ ɟɔma.
তার গরু ডাকার শব্দ ভালো।,His/her cattle call is good.,uniaʔ bihet̕ d̪ɔ mɔ̃ɟa.
ফোঁপানিটি নতুন।,The blubbering is new.,beɲ d̪ɔ nɔwaa.
কিশোরটি ভালো।,The lad is good.,bat͡ʃʰɽa d̪ɔ mɔ̃ɟa.
ইংল্যান্ডে একটি ফুলের বৃতি আছে।,There is a calyx of flower in the england.,bilətɾɛ bɛnɛt menaa.
গতকাল আমি ভাষা পড়ে শহরে খেলব।,"Yesterday, I study the language and then play in the town.",hɔlaɾɛ iɲ pɘɾsi paɽha͡o̯kat̪ɛ sɔhɔɽɾɛ gat̪ea.
একটি গুপ্তচর শহরে আছে।,One spy is in the town.,mit̪ʔʈɛn baʈ paɽ d̪ɔ sɔhɔɽɾɛ menaa.
গাঁজাটি পরিষ্কার।,The hemp drug is clean.,bʰaŋ d̪ɔ sapʰaa.
সে শিশু সাহায্য করবে।,He/she will help the child.,uni d̪ɔ gid̪ɾɘ gɔɽɔa.
সে দুই ও লাভ দেখবে।,He/she will see the two and the benefit.,uni d̪ɔ baɾ aɾ bapʰa ɲɛla.
সূর্যটি পরিষ্কার।,The sun is clean.,bela d̪ɔ sapʰaa.
গতকাল তারা উদ্বৃত্ত দেখে বাড়িতে যাবে।,"Yesterday, they see the surplus and then go to the house.",hɔlaɾɛ oŋko bətil ɲɛlkat̪ɛ ɔɽaʔɾɛ calaʔa.
মোবাইল ফোনটি নতুন।,The mobile phone is new.,mɔbaĭl pʰon d̪ɔ nɔwaa.
বাড়িতে একটি বাদাম আছে।,There is an almond in the house.,ɔɽaʔɾɛ badam d͡ʒɔ menaa.
"তুমি বাবা সাহায্য করবে, কিন্তু মা সাহায্য করবে না।","You will help the father, but do not help the mother.",am d̪ɔ baba gɔɽɔa mɛnkʰan gɔgɔ bam gɔɽɔa.
"সে পাঠ পড়বে, কিন্তু ভাষা পড়বে না।","He/she will study the lesson, but does not study the language.",uni d̪ɔ sikʰnɘt̪ paɽha͡o̯a mɛnkʰan pɘɾsi bai̯ paɽha͡o̯a.
একটি মা নদীতে আছে।,One mother is in the river.,mit̪ʔʈɛn ajo d̪ɔ gaɖaɾɛ menaa.
তোমার পা গুরুত্বপূর্ণ।,Your leg is important.,amaʔ ɟaŋga d̪ɔ ɟɘɾuɽa.
একটি মধু হ্রদে আছে।,One honey is in the lake.,mit̪ʔ ɲɛlɛɾasa d̪ɔ ɟɔlaɾɛ menaa.
"সে ভাষা পড়বে, কিন্তু পাঠ পড়বে না।","He/she will study the language, but does not study the lesson.",uni d̪ɔ pɘɾsi paɽha͡o̯a mɛnkʰan sikʰnɘt̪ bai̯ paɽha͡o̯a.
সেই সময় তারা কথা লিখে বাড়িতে আসবে।,"At that time, they write the word and then come to the house.",ɔkt̪ɛɾɛ oŋko kat̪ʰa ɔlɔʔkat̪ɛ ɔɽaʔɾɛ hiɟuʔa.
"আমি ছবি পাব, কিন্তু ছবি পাব না।","I will get the photo, but do not get the photo.",iɲ d̪ɔ pʰɔʈɔ ɲama mɛnkʰan pʰɔʈɔ bɘɲ ɲama.
আমাদের কনুই পরিষ্কার।,Our elbow is clean.,alɛaʔ bə̃hl d̪ɔ sapʰaa.
বট গাছটি নতুন।,The banyan tree is new.,baɽe d̪ɔ nɔwaa.
তার বাবা ভালো।,His/her father is good.,uniaʔ baba d̪ɔ mɔ̃ɟa.
শহরে একটি সময় আছে।,There is a time in the town.,sɔhɔɽɾɛ ɔkt̪ɛ menaa.
বাসস্থানে একটি রান্না আছে।,There is a cooked food in the residence.,basaɾɛ basaŋ menaa.
সকালে তোমরা পাঠ পড়ে বাড়িতে আসবে।,"In the morning, you all study the lesson and then come to the house.",sɛt̪aʔɾɛ apɛ sikʰnɘt̪ paɽha͡o̯kat̪ɛ ɔɽaʔɾɛ hiɟuʔa.
সকালে তুমি গুড়ের চিনি দেখে কুয়ায় কাজ করবে।,"In the morning, you see the crystallized raw sugar and then work in the well.",sɛt̪aʔɾɛ am bəli guɽ ɲɛlkat̪ɛ kuɲɾɛ kɘmia.
তোমাদের পুকুর ভালো।,Your pool is good.,apɛaʔ agʰoɾni d̪ɔ mɔ̃ɟa.
আমার শিশু ভালো।,My child is good.,iɲaʔ gid̪ɾɘ d̪ɔ mɔ̃ɟa.
তুমি ঔষধ পেয়েছিলে।,You got the medicine.,amɛm ɾan ɲamkeda.
তারা বালিশ দেখেছিল।,They saw the pillow.,oŋkoko bəlis ɲɛlkeda.
তারা ভাষা পড়েছে।,They have studied the language.,oŋko d̪ɔ pɘɾsi paɽha͡o̯akada.
তুমি খাবার বিক্রি করবে না।,You do not sell the food.,am d̪ɔ ɟɔmaʔ bam ɘkʰɾiɲa.
সেই সময় আমরা কথা পড়ে বাড়িতে খেলব।,"At that time, we study the word and then play in the house.",ɔkt̪ɛɾɛ alɛ kat̪ʰa paɽha͡o̯kat̪ɛ ɔɽaʔɾɛ gat̪ea.
তার শোক নতুন।,His/her grief is new.,uniaʔ bedna d̪ɔ nɔwaa.
আজ তারা ঔষধ কিনে বাড়িতে যাবে।,"Today, they buy the medicine and then go to the house.",t̪eheɲɾɛ oŋko ɾan kiɾiɲkat̪ɛ ɔɽaʔɾɛ calaʔa.
বাড়িতে একটি বেঞ্চ আছে।,There is a bench in the house.,ɔɽaʔɾɛ beɲt͡ʃ menaa.
সে উই পোকা ও বট গাছ দেখবে।,He/she will see the termite and the banyan tree.,uni d̪ɔ bʰuku aɾ baɽe ɲɛla.
আমি শিখা ও কুলি নিয়োগকারী দেখব।,I will see the flame and the recruiter.,iɲ d̪ɔ ãt͡ʃ aɾ aɽkəʈʰiə̯ ɲɛla.
তারা টাকা পাবে।,They will get the money.,oŋko d̪ɔ ʈaka ɲama.
গতকাল আমি পাঠ পড়ে শহরে খেলব।,"Yesterday, I study the lesson and then play in the town.",hɔlaɾɛ iɲ sikʰnɘt̪ paɽha͡o̯kat̪ɛ sɔhɔɽɾɛ gat̪ea.
মটরশুটিটি গুরুত্বপূর্ণ।,The pea is important.,baʈɽa d̪ɔ ɟɘɾuɽa.
গতকাল তোমরা মাছ খেয়ে নদীতে আসবে।,"Yesterday, you all eat the fish and then come to the river.",hɔlaɾɛ apɛ haku ɟɔmkat̪ɛ gaɖaɾɛ hiɟuʔa.
আজ তারা পানি পান করে শহরে কাজ করবে।,"Today, they drink the water and then work in the town.",t̪eheɲɾɛ oŋko d̪aʔ ɲukat̪ɛ sɔhɔɽɾɛ kɘmia.
তুমি পানি পান করবে।,You will drink the water.,am d̪ɔ d̪aʔ ɲua.
গুহাে একটি অংশীদার আছে।,There is a partner in the cave.,bʰugək̕ɾɛ bʰəgiə̯ɾi menaa.
তারা মাছ ও খাবার কিনবে।,They will buy the fish and the food.,oŋko d̪ɔ haku aɾ ɟɔmaʔ kiɾiɲa.
আজ আমরা লাগাম দেখে স্কুলে যাব।,"Today, we see the bridle and then go to the school.",t̪eheɲɾɛ alɛ bag ɲɛlkat̪ɛ iskulɾɛ calaʔa.
ইংল্যান্ডে একটি গান আছে।,There is a song in the england.,bilətɾɛ seɾeɲ menaa.
তোমার ভেড়া ভালো।,Your sheep is good.,amaʔ bʰiɖi d̪ɔ mɔ̃ɟa.
তুমি দুধ পান করবে।,You will drink the milk.,am d̪ɔ t̪o̯͡a ɲua.
একটি গুপ্তচর বাড়িতে আছে।,One spy is in the house.,mit̪ʔʈɛn baʈ paɽ d̪ɔ ɔɽaʔɾɛ menaa.
তোমাদের বাসিন্দা ছোট।,Your inhabitant is small.,apɛaʔ baskitiə̯ d̪ɔ lɘʈua.
তোমরা ভাষা বলেছিলে।,You all spoke the language.,apɛpɛ pɘɾsi ɾɔɽkeda.
গতকাল তোমরা বন্য শুকর দেখে নদীতে আসবে।,"Yesterday, you all see the boar and then come to the river.",hɔlaɾɛ apɛ bʰatoɽ ɲɛlkat̪ɛ gaɖaɾɛ hiɟuʔa.
তুমি কসাই ও ভাষা দেখবে।,You will see the butcher and the language.,am d̪ɔ bʰut͡ʃəɽ aɾ pɘɾsi ɲɛla.
তোমার মোবাইল ফোন পরিষ্কার।,Your mobile phone is clean.,amaʔ mɔbaĭl pʰon d̪ɔ sapʰaa.
গুহাে একটি বাচ্চা ঘোড়া আছে।,There is a colt in the cave.,bʰugək̕ɾɛ bat͡ʃʰaɽa sadɔm menaa.
"তারা পরাজয় দেখবে, কিন্তু হিসাব দেখবে না।","They will see the beating, but do not see the account.",oŋko d̪ɔ alao̯ ɲɛla mɛnkʰan bil bako ɲɛla.
সে আঙুলের ফোঁড়া দেখেছে।,He/she has seen the whitlow.,uni d̪ɔ aŋguɾ biɽhi ɲɛlakada.
"তোমরা খাবার পাবে, কিন্তু টাকা পাবে না।","You all will get the food, but do not get the money.",apɛ d̪ɔ ɟɔmaʔ ɲama mɛnkʰan ʈaka bapɛ ɲama.
পাড়াে একটি ভাষা আছে।,There is a language in the neighbourhood.,aɖe paseɾɛ pɘɾsi menaa.
তুমি বসছ।,You is sitting.,amɛm d̪uɽup̚ʔɛd̪a.
তুমি মাছ ও খাবার কিনবে।,You will buy the fish and the food.,am d̪ɔ haku aɾ ɟɔmaʔ kiɾiɲa.
তোমাদের বাঘ ছোট।,Your tiger is small.,apɛaʔ t̪ɘɾup̚ʔ d̪ɔ lɘʈua.
তোমার ডাক্তার ভালো।,Your doctor is good.,amaʔ ɖak̚t̪aɾ d̪ɔ mɔ̃ɟa.
তারা ঘড়ি কিনবে।,They will buy the watch.,oŋko d̪ɔ gʰuɽi kiɾiɲa.
কাঠের খুঁটিটি নতুন।,The wooden pin is new.,bʰaɲd͡ʒ kʰuɳʈi d̪ɔ nɔwaa.
উঠানে একটি ঝোপঝাড় আছে।,There is a shrub in the courtyard of house.,bəteɾɛ akao̯na menaa.
বাদ পড়াটি ভালো।,The omission is good.,bʰul t͡ʃuk d̪ɔ mɔ̃ɟa.
তার শহর নতুন।,His/her town is new.,uniaʔ sɔhɔɽ d̪ɔ nɔwaa.
ইংল্যান্ডে একটি ভোর আছে।,There is a dawn in the england.,bilətɾɛ aŋga menaa.
শহরে একটি ঢাকনা আছে।,There is a lid in the town.,sɔhɔɽɾɛ bɛnɛt̕ menaa.
একটি ছবি বাড়িতে আছে।,One photo is in the house.,mit̪ʔ pʰɔʈɔ d̪ɔ ɔɽaʔɾɛ menaa.
নিকটবর্তী এলাকাে একটি কালো ভাল্লুক আছে।,There is a black bear in the vicinity.,aɖe ʈolaɾɛ bana menaa.
আমি মোবাইল ফোন কিনেছিলাম।,I bought the mobile phone.,iɲiɲ mɔbaĭl pʰon kiɾiɲkeda.
তারা হাত দেখেছে।,They have seen the hand.,oŋko d̪ɔ t̪i ɲɛlakada.
তারা মাছ কিনবে না।,They do not buy the fish.,oŋko d̪ɔ haku bako kiɾiɲa.
বিনিময়টি পরিষ্কার।,The exchange is clean.,badla d̪ɔ sapʰaa.
তাদের শিলাবৃষ্টি নতুন।,Their hail is new.,oŋkoaʔ aɾel d̪ɔ nɔwaa.
তোমার ভাই ভালো।,Your brother is good.,amaʔ bɔ͡i̯ha d̪ɔ mɔ̃ɟa.
বোকাটি ভালো।,The fool is good.,bemblaha d̪ɔ mɔ̃ɟa.
তার মোবাইল ফোন ভালো।,His/her mobile phone is good.,uniaʔ mɔbaĭl pʰon d̪ɔ mɔ̃ɟa.
তারা খাবার বিক্রি করেছিল।,They sold the food.,oŋkoko ɟɔmaʔ ɘkʰɾiɲkeda.
আমি মশাল দেখব না।,I do not see the torch.,iɲ d̪ɔ bambeɾ bɘɲ ɲɛla.
সেই সময় তোমরা পানি পান করে গ্রামে খেলবে।,"At that time, you all drink the water and then play in the village.",ɔkt̪ɛɾɛ apɛ d̪aʔ ɲukat̪ɛ at̪oɾɛ gat̪ea.
শত্রুটি ভালো।,The enemy is good.,bəi̯ɾi d̪ɔ mɔ̃ɟa.
সকালে সে দুধ পান করে স্কুলে খেলবে।,"In the morning, he/she drink the milk and then play in the school.",sɛt̪aʔɾɛ uni t̪o̯͡a ɲukat̪ɛ iskulɾɛ gat̪ea.
তাদের বৈশাখ মাস ভালো।,Their april-may is good.,oŋkoaʔ bəi̯sək d̪ɔ mɔ̃ɟa.
বিবাহের উপহারটি গুরুত্বপূর্ণ।,The presents given at marriage is important.,banda pɔn d̪ɔ ɟɘɾuɽa.
আমার প্রণয়ভঙ্গি নতুন।,My coquetry is new.,iɲaʔ əngɾa d̪ɔ nɔwaa.
তার উৎসব ভালো।,His/her festival is good.,uniaʔ pɔɾɔb d̪ɔ mɔ̃ɟa.
পাকা রাস্তাটি পরিষ্কার।,The pavement is clean.,bəi̯səu̯ dʰiɾi d̪ɔ sapʰaa.
বাসস্থানে একটি শত্রু আছে।,There is an enemy in the dwelling place.,basɾɛ bəi̯ɾi menaa.
গ্রামে একটি ফকির আছে।,There is a fakeer in the village.,at̪oɾɛ babad͡ʒi menaa.
সে ভাষা বলেছে।,He/she has spoken the language.,uni d̪ɔ pɘɾsi ɾɔɽakada.
তোমার গ্রাম ভালো।,Your village is good.,amaʔ at̪o d̪ɔ mɔ̃ɟa.
তুমি উত্তরাধিকারী ও ডুমুর গাছের এক প্রজাতি দেখবে।,You will see the heir and the fig tree.,am d̪ɔ awəsi aɾ əɲd͡ʒiɾ ɲɛla.
সে ঘড়ি বিক্রি করেছিল।,He/she sold the watch.,unii̯ gʰuɽi ɘkʰɾiɲkeda.
তোমরা ছাগলের বিষ্ঠা দেখবে না।,You all do not see the goat's dropping.,apɛ d̪ɔ bʰelə̃uɳɖi bapɛ ɲɛla.
গতকাল আমরা পানি পান করে স্কুলে আসব।,"Yesterday, we drink the water and then come to the school.",hɔlaɾɛ alɛ d̪aʔ ɲukat̪ɛ iskulɾɛ hiɟuʔa.
আমরা মোবাইল ফোন বিক্রি করব না।,We do not sell the mobile phone.,alɛ d̪ɔ mɔbaĭl pʰon balɛ ɘkʰɾiɲa.
তোমরা অভ্যাস দেখবে।,You all will see the habit.,apɛ d̪ɔ bʰəsi ɲɛla.
সকালে তারা ভাষা লিখে শহরে কাজ করবে।,"In the morning, they write the language and then work in the town.",sɛt̪aʔɾɛ oŋko pɘɾsi ɔlɔʔkat̪ɛ sɔhɔɽɾɛ kɘmia.
আমি পাঠ পড়ব।,I will study the lesson.,iɲ d̪ɔ sikʰnɘt̪ paɽha͡o̯a.
তোমাদের গ্রাম গুরুত্বপূর্ণ।,Your village is important.,apɛaʔ at̪o d̪ɔ ɟɘɾuɽa.
তোমাদের কয়েকদিন নতুন।,Your few days is new.,apɛaʔ əɾsiɲ bəɾsiɲ d̪ɔ nɔwaa.
"আমি রান্না খাব, কিন্তু মাছ খাব না।","I will eat the cooked food, but do not eat the fish.",iɲ d̪ɔ basaŋ ɟɔma mɛnkʰan haku bɘɲ ɟɔma.
সে বেঁকানো যন্ত্র দেখবে না।,He/she does not see the brace for boring.,uni d̪ɔ bʰãoɾa bai̯ ɲɛla.
গতকাল আমি মাছ খেয়ে শহরে কাজ করব।,"Yesterday, I eat the fish and then work in the town.",hɔlaɾɛ iɲ haku ɟɔmkat̪ɛ sɔhɔɽɾɛ kɘmia.
স্কুলে একটি কষ্ট আছে।,There is a suffering in the school.,iskulɾɛ bidot menaa.
তুমি শিখা ও যন্ত্রপাতি দেখবে।,You will see the flame and the appliance.,am d̪ɔ ãt͡ʃ aɾ bandʰec̕ ɲɛla.
"আমরা ছবি পাব, কিন্তু খাবার পাব না।","We will get the photo, but do not get the food.",alɛ d̪ɔ pʰɔʈɔ ɲama mɛnkʰan ɟɔmaʔ balɛ ɲama.
সকালে তুমি আঙুর দেখে কুয়ায় আসবে।,"In the morning, you see the grape and then come to the well.",sɛt̪aʔɾɛ am aŋguɾ ɲɛlkat̪ɛ kuɲɾɛ hiɟuʔa.
আজ সে মোবাইল ফোন কিনে হ্রদে কাজ করবে।,"Today, he/she buy the mobile phone and then work in the lake.",t̪eheɲɾɛ uni mɔbaĭl pʰon kiɾiɲkat̪ɛ ɟɔlaɾɛ kɘmia.
তোমরা দোহনের পাত্র ও নির্গমন দেখবে।,You all will see the milking pot and the emanation.,apɛ d̪ɔ bʰaɳɖ aɾ əhlə ɲɛla.
তাদের দুধ ভালো।,Their milk is good.,oŋkoaʔ t̪o̯͡a d̪ɔ mɔ̃ɟa.
ঢালটি গুরুত্বপূর্ণ।,The declivity is important.,anaɽgo d̪ɔ ɟɘɾuɽa.
আমরা ভাষা বলেছি।,We have spoken the language.,alɛ d̪ɔ pɘɾsi ɾɔɽakada.
"আমরা মাছ কিনব, কিন্তু মাছ কিনব না।","We will buy the fish, but do not buy the fish.",alɛ d̪ɔ haku kiɾiɲa mɛnkʰan haku balɛ kiɾiɲa.
তার রক্তমূত্র ভালো।,His/her haematuria is good.,uniaʔ aɾak̕ d͡ʒʰaɾ d̪ɔ mɔ̃ɟa.
আমি বাবা সাহায্য করব না।,I do not help the father.,iɲ d̪ɔ baba bɘɲ gɔɽɔa.
সে মোবাইল ফোন কিনেছিল।,He/she bought the mobile phone.,unii̯ mɔbaĭl pʰon kiɾiɲkeda.
"সে পানি পান করবে, কিন্তু দুধ পান করবে না।","He/she will drink the water, but does not drink the milk.",uni d̪ɔ d̪aʔ ɲua mɛnkʰan t̪o̯͡a bai̯ ɲua.
তারা খাবার ও ঔষধ কিনবে।,They will buy the food and the medicine.,oŋko d̪ɔ ɟɔmaʔ aɾ ɾan kiɾiɲa.
আমাদের পাঠ নতুন।,Our lesson is new.,alɛaʔ sikʰnɘt̪ d̪ɔ nɔwaa.
গরু ডাকার শব্দটি ভালো।,The cattle call is good.,bihet̕ d̪ɔ mɔ̃ɟa.
সে মধু খাবে।,He/she will eat the honey.,uni d̪ɔ ɲɛlɛɾasa ɟɔma.
সকালে তুমি ব্যাখ্যা দেখে নদীতে কাজ করবে।,"In the morning, you see the explanation and then work in the river.",sɛt̪aʔɾɛ am bejan ɲɛlkat̪ɛ gaɖaɾɛ kɘmia.
তারা শিশু সাহায্য করবে।,They will help the child.,oŋko d̪ɔ gid̪ɾɘ gɔɽɔa.
"তুমি মাছ বিক্রি করবে, কিন্তু মাছ বিক্রি করবে না।","You will sell the fish, but do not sell the fish.",am d̪ɔ haku ɘkʰɾiɲa mɛnkʰan haku bam ɘkʰɾiɲa.
আমার পাঠ গুরুত্বপূর্ণ।,My lesson is important.,iɲaʔ sikʰnɘt̪ d̪ɔ ɟɘɾuɽa.
রাখালটি ভালো।,The shepherd is good.,bʰiɖi gupitic̕ d̪ɔ mɔ̃ɟa.
তারা ঘোড়া দেখবে না।,They do not see the horse.,oŋko d̪ɔ əɳɖiə̯ sadɔm bako ɲɛla.
স্কুলে একটি ভূমিকম্প আছে।,There is an earthquake in the school.,iskulɾɛ bʰut͡ʃampa menaa.
নিকটবর্তী এলাকাে একটি বট গাছ আছে।,There is a banyan tree in the vicinity.,aɖe ʈolaɾɛ baɽe menaa.
আড়ালে একটি প্রতারক আছে।,There is a deceiver in the covert.,ao̯tanɾɛ bʰataha menaa.
তোমরা বিঘত ও আখ দেখবে।,You all will see the span and the sugarcane.,apɛ d̪ɔ beɽ aɾ ək ɲɛla.
সেই সময় তারা নেতিবাচক দেখে কুয়ায় আসবে।,"At that time, they see the negative and then come to the well.",ɔkt̪ɛɾɛ oŋko baŋ ɲɛlkat̪ɛ kuɲɾɛ hiɟuʔa.
তোমাদের পা ভালো।,Your foot is good.,apɛaʔ kaʈa d̪ɔ mɔ̃ɟa.
ভাইটি ভালো।,The brother is good.,baɾet d̪ɔ mɔ̃ɟa.
আমরা বাবা সাহায্য করব।,We will help the father.,alɛ d̪ɔ baba gɔɽɔa.
আমরা লাভ দেখেছিলাম।,We saw the benefit.,alɛlɛ bapʰa ɲɛlkeda.
তোমরা ডাক্তার সাহায্য করেছিলে।,You all helped the doctor.,apɛpɛ ɖak̚t̪aɾ gɔɽɔkeda.
গুড়ের চিনিটি ভালো।,The crystallized raw sugar is good.,bəli guɽ d̪ɔ mɔ̃ɟa.
কুয়ায় একটি দোষ আছে।,There is a fault in the well.,kuɲɾɛ əpəi̯ menaa.
"আমি মাছ কিনব, কিন্তু খাবার কিনব না।","I will buy the fish, but do not buy the food.",iɲ d̪ɔ haku kiɾiɲa mɛnkʰan ɟɔmaʔ bɘɲ kiɾiɲa.
তোমরা পানি পান করবে না।,You all do not drink the water.,apɛ d̪ɔ d̪aʔ bapɛ ɲua.
সেই সময় আমরা মাছ কিনে নদীতে কাজ করব।,"At that time, we buy the fish and then work in the river.",ɔkt̪ɛɾɛ alɛ haku kiɾiɲkat̪ɛ gaɖaɾɛ kɘmia.
আমাদের পানি সুস্বাদু।,Our water is tasty.,alɛaʔ d̪aʔ d̪ɔ sibila.
কয়েকদিনটি নতুন।,The few days is new.,əɾsiɲ bəɾsiɲ d̪ɔ nɔwaa.
তোমার আখড়া ভালো।,Your gathering is good.,amaʔ akʰɾa d̪ɔ mɔ̃ɟa.
ইংল্যান্ডে একটি ছোট মশা আছে।,There is a midge in the england.,bilətɾɛ bəsɳɖi menaa.
তুমি মা সাহায্য করেছ।,You have helped the mother.,am d̪ɔ gɔgɔ gɔɽɔakada.
তুমি মোবাইল ফোন কিনেছিলে।,You bought the mobile phone.,amɛm mɔbaĭl pʰon kiɾiɲkeda.
সকালে আমরা মাছ খেয়ে গ্রামে আসব।,"In the morning, we eat the fish and then come to the village.",sɛt̪aʔɾɛ alɛ haku ɟɔmkat̪ɛ at̪oɾɛ hiɟuʔa.
তার গান পরিষ্কার।,His/her song is clean.,uniaʔ seɾeɲ d̪ɔ sapʰaa.
আমরা দুধ পান করেছি।,We have drunk the milk.,alɛ d̪ɔ t̪o̯͡a ɲuakada.
তোমাদের গাড়ির চাকায় লাগানো খিল পরিষ্কার।,Your cog put before a cartwheel is clean.,apɛaʔ baɳdʰi d̪ɔ sapʰaa.
"সে খাবার খাবে, কিন্তু মধু খাবে না।","He/she will eat the food, but does not eat the honey.",uni d̪ɔ ɟɔmaʔ ɟɔma mɛnkʰan ɲɛlɛɾasa bai̯ ɟɔma.
একটি জেলে নদীতে আছে।,One fisherman is in the river.,mit̪ʔʈɛn ɟɘliɘ d̪ɔ gaɖaɾɛ menaa.
তোমরা কথা বলবে না।,You all do not speak the word.,apɛ d̪ɔ kat̪ʰa bapɛ ɾɔɽa.
আমার ভূমিকম্প পরিষ্কার।,My earth tremor is clean.,iɲaʔ bʰui̯ t͡ʃəl d̪ɔ sapʰaa.
আমি মোবাইল ফোন ও ঘড়ি কিনব।,I will buy the mobile phone and the watch.,iɲ d̪ɔ mɔbaĭl pʰon aɾ gʰuɽi kiɾiɲa.
সেই সময় আমি ছাগলের বিষ্ঠা দেখে স্কুলে আসব।,"At that time, I see the goat's dropping and then come to the school.",ɔkt̪ɛɾɛ iɲ bʰelə̃uɳɖi ɲɛlkat̪ɛ iskulɾɛ hiɟuʔa.
তোমরা মাছ খেয়েছিলে।,You all ate the fish.,apɛpɛ haku ɟɔmkeda.
আমরা পশুর স্তন দেখেছিলাম।,We saw the udder.,alɛlɛ əɳɖwəɾ ɲɛlkeda.
সকালে তারা ভাষা লিখে গ্রামে যাবে।,"In the morning, they write the language and then go to the village.",sɛt̪aʔɾɛ oŋko pɘɾsi ɔlɔʔkat̪ɛ at̪oɾɛ calaʔa.
সেই সময় তারা পাঠ পড়ে স্কুলে খেলবে।,"At that time, they study the lesson and then play in the school.",ɔkt̪ɛɾɛ oŋko sikʰnɘt̪ paɽha͡o̯kat̪ɛ iskulɾɛ gat̪ea.
এক প্রজাতির মাছটি পরিষ্কার।,The species of fish is clean.,badʰoɽ d̪ɔ sapʰaa.
তোমার হাত গুরুত্বপূর্ণ।,Your hand is important.,amaʔ t̪i d̪ɔ ɟɘɾuɽa.
সকালে তোমরা খাবার খেয়ে বাড়িতে কাজ করবে।,"In the morning, you all eat the food and then work in the house.",sɛt̪aʔɾɛ apɛ ɟɔmaʔ ɟɔmkat̪ɛ ɔɽaʔɾɛ kɘmia.
বালতিটি পরিষ্কার।,The bucket is clean.,bəlʈi d̪ɔ sapʰaa.
সে মাছ কিনেছিল।,He/she bought the fish.,unii̯ haku kiɾiɲkeda.
আমি জিহ্বা দেখব না।,I do not see the tongue.,iɲ d̪ɔ alaŋ bɘɲ ɲɛla.
স্কুলে একটি রক্তমূত্র আছে।,There is a haematuria in the school.,iskulɾɛ aɾak̕ d͡ʒʰaɾ menaa.
উঠানে একটি দেবতা আছে।,There is a deity in the courtyard of house.,bəteɾɛ bʰokta menaa.
আমি ব্যাখ্যা দেখব।,I will see the explanation.,iɲ d̪ɔ bejan ɲɛla.
তার ভাই ছোট।,His/her brother is small.,uniaʔ bɔ͡i̯ha d̪ɔ lɘʈua.
গতকাল আমি ভাষা পড়ে শহরে আসব।,"Yesterday, I study the language and then come to the town.",hɔlaɾɛ iɲ pɘɾsi paɽha͡o̯kat̪ɛ sɔhɔɽɾɛ hiɟuʔa.
আমাদের মধু ভালো।,Our honey is good.,alɛaʔ ɲɛlɛɾasa d̪ɔ mɔ̃ɟa.
নিকটবর্তী এলাকাটি গুরুত্বপূর্ণ।,The vicinity is important.,aɖe ʈola d̪ɔ ɟɘɾuɽa.
তাদের আশ্বিন মাস ভালো।,Their september–october is good.,oŋkoaʔ asin d̪ɔ mɔ̃ɟa.
তাদের পশুর স্তন নতুন।,Their udder is new.,oŋkoaʔ əɳɖwəɾ d̪ɔ nɔwaa.
তাদের বিনিময় ভালো।,Their exchange is good.,oŋkoaʔ badla d̪ɔ mɔ̃ɟa.
"আমি পানি পান করব, কিন্তু দুধ পান করব না।","I will drink the water, but do not drink the milk.",iɲ d̪ɔ d̪aʔ ɲua mɛnkʰan t̪o̯͡a bɘɲ ɲua.
তাদের রোগ গুরুত্বপূর্ণ।,Their illness is important.,oŋkoaʔ ɾu̯͡ɘ d̪ɔ ɟɘɾuɽa.
আমাদের আড়াল ভালো।,Our covert is good.,alɛaʔ ao̯tan d̪ɔ mɔ̃ɟa.
তারা মাছ ও ঔষধ কিনবে।,They will buy the fish and the medicine.,oŋko d̪ɔ haku aɾ ɾan kiɾiɲa.
"আমি কথা লিখব, কিন্তু কথা লিখব না।","I will write the word, but do not write the word.",iɲ d̪ɔ kat̪ʰa ɔlɔʔa mɛnkʰan kat̪ʰa bɘɲ ɔlɔʔa.
তোমরা দুধ ও বিদ্যুৎ দেখবে।,You all will see the milk and the lightning.,apɛ d̪ɔ t̪o̯͡a aɾ bid͡ʒli ɲɛla.
তাদের গ্রাম গুরুত্বপূর্ণ।,Their village is important.,oŋkoaʔ at̪o d̪ɔ ɟɘɾuɽa.
বিস্তীর্ণ ভূমিে একটি পিঁপড়া আছে।,There is an ant in the wide expanse of land.,bilənɾɛ muc̚ʔ menaa.
সে ঝোপঝাড় দেখেছে।,He/she has seen the shrub.,uni d̪ɔ akao̯na ɲɛlakada.
একটি মা শহরে আছে।,One mother is in the town.,mit̪ʔʈɛn gɔgɔ d̪ɔ sɔhɔɽɾɛ menaa.
কর্তব্যচ্যুতিটি নতুন।,The omission of duty is new.,bʰisoɾ d̪ɔ nɔwaa.
তারা ঘড়ি কিনেছে।,They have bought the watch.,oŋko d̪ɔ gʰuɽi kiɾiɲakada.
"তুমি পানি পান করবে, কিন্তু দুধ পান করবে না।","You will drink the water, but do not drink the milk.",am d̪ɔ d̪aʔ ɲua mɛnkʰan t̪o̯͡a bam ɲua.
তারা ঔষধ পাবে।,They will get the medicine.,oŋko d̪ɔ ɾan ɲama.
তাদের পাঠ গুরুত্বপূর্ণ।,Their lesson is important.,oŋkoaʔ sikʰnɘt̪ d̪ɔ ɟɘɾuɽa.
একটি মা নদীতে আছে।,One mother is in the river.,mit̪ʔʈɛn gɔgɔ d̪ɔ gaɖaɾɛ menaa.
বেদটি পরিষ্কার।,The vedas is clean.,bed d̪ɔ sapʰaa.
তার গান গুরুত্বপূর্ণ।,His/her song is important.,uniaʔ seɾeɲ d̪ɔ ɟɘɾuɽa.
আমাদের পোশাক নতুন।,Our attire is new.,alɛaʔ bʰagwa d̪ɔ nɔwaa.
শুকরটি ভালো।,The pig is good.,suk̚ɾi d̪ɔ mɔ̃ɟa.
"তোমরা পুরুষ ভেড়া দেখবে, কিন্তু গৃহপালিত পশু দেখবে না।","You all will see the ram, but do not see the domestic animal.",apɛ d̪ɔ bʰeɖa ɲɛla mɛnkʰan ato posu bapɛ ɲɛla.
তুমি গুজব রটনাকারী দেখবে।,You will see the gossiping.,am d̪ɔ bəd͡ʒniə̯ ɲɛla.
"আমি শিশু সাহায্য করব, কিন্তু মা সাহায্য করব না।","I will help the child, but do not help the mother.",iɲ d̪ɔ gid̪ɾɘ gɔɽɔa mɛnkʰan gɔgɔ bɘɲ gɔɽɔa.
স্কুলে একটি বর্ণ আছে।,There is an alphabet in the school.,iskulɾɛ akʰɔɾ menaa.
কুয়ায় একটি জীবন আছে।,There is a life in the well.,kuɲɾɛ ɟiŋgi menaa.
আমি মাছ ও খাবার খাব।,I will eat the fish and the food.,iɲ d̪ɔ haku aɾ ɟɔmaʔ ɟɔma.
তোমরা সন্ধ্যাকাল দেখেছিলে।,You all saw the eventide.,apɛpɛ əjup̕ pajaɾ ɲɛlkeda.
নিকটবর্তী এলাকাে একটি পাড়া আছে।,There is a neighbourhood in the vicinity.,aɖe ʈolaɾɛ aɖe pase menaa.
কুয়ায় একটি ভোজ আছে।,There is a feast in the well.,kuɲɾɛ bʰɔd͡ʒ menaa.
নিকটবর্তী এলাকাে একটি উল আছে।,There is a wool in the vicinity.,aɖe ʈolaɾɛ bʰiɖi up̕ menaa.
তার ফুলের মালা নতুন।,His/her garland of flowers is new.,uniaʔ baha mala d̪ɔ nɔwaa.
আজ আমরা অনুশীলন দেখে হ্রদে কাজ করব।,"Today, we see the practice and then work in the lake.",t̪eheɲɾɛ alɛ bɛbɔhaɾ ɲɛlkat̪ɛ ɟɔlaɾɛ kɘmia.
আড়ালে একটি আচরণ আছে।,There is a conduct in the covert.,ao̯tanɾɛ at͡ʃaɾ beo̯haɾ menaa.
অগ্রিম টাকাটি পরিষ্কার।,The advance is clean.,bae̯na d̪ɔ sapʰaa.
একটি মা বাড়িতে আছে।,One mother is in the house.,mit̪ʔʈɛn gɔgɔ d̪ɔ ɔɽaʔɾɛ menaa.
তাদের মা ছোট।,Their mother is small.,oŋkoaʔ gɔgɔ d̪ɔ lɘʈua.
হ্রদে একটি ঘড়ি আছে।,There is a watch in the lake.,ɟɔlaɾɛ gʰuɽi menaa.
তোমরা আয়ুর্বেদিক উদ্ভিদ দেখেছিলে।,You all saw the bishop’s weed.,apɛpɛ əd͡ʒuə̯ ɲɛlkeda.
গ্রামে একটি কিশোর আছে।,There is a hobbledehoy in the village.,at̪oɾɛ bat͡ʃʰɽa koɽa menaa.
"তোমরা শিশু সাহায্য করবে, কিন্তু মা সাহায্য করবে না।","You all will help the child, but do not help the mother.",apɛ d̪ɔ gid̪ɾɘ gɔɽɔa mɛnkʰan gɔgɔ bapɛ gɔɽɔa.
গতকাল আমি দুধ পান করে গ্রামে আসব।,"Yesterday, I drink the milk and then come to the village.",hɔlaɾɛ iɲ t̪o̯͡a ɲukat̪ɛ at̪oɾɛ hiɟuʔa.
গতকাল আমরা খাবার কিনে স্কুলে আসব।,"Yesterday, we buy the food and then come to the school.",hɔlaɾɛ alɛ ɟɔmaʔ kiɾiɲkat̪ɛ iskulɾɛ hiɟuʔa.
তুমি বিনিময় দেখেছিলে।,You saw the exchange.,amɛm badla ɲɛlkeda.
সকালে সে দুধ পান করে কুয়ায় খেলবে।,"In the morning, he/she drink the milk and then play in the well.",sɛt̪aʔɾɛ uni t̪o̯͡a ɲukat̪ɛ kuɲɾɛ gat̪ea.
সেই সময় তোমরা মাছ কিনে গ্রামে খেলবে।,"At that time, you all buy the fish and then play in the village.",ɔkt̪ɛɾɛ apɛ haku kiɾiɲkat̪ɛ at̪oɾɛ gat̪ea.
গতকাল সে খাবার খেয়ে কুয়ায় আসবে।,"Yesterday, he/she eat the food and then come to the well.",hɔlaɾɛ uni ɟɔmaʔ ɟɔmkat̪ɛ kuɲɾɛ hiɟuʔa.
"সে টাকা পাবে, কিন্তু ছবি পাবে না।","He/she will get the money, but does not get the photo.",uni d̪ɔ ʈaka ɲama mɛnkʰan pʰɔʈɔ bai̯ ɲama.
তাদের ব্যাগ পরিষ্কার।,Their bag is clean.,oŋkoaʔ bɛg d̪ɔ sapʰaa.
তুমি মোবাইল ফোন কিনবে না।,You do not buy the mobile phone.,am d̪ɔ mɔbaĭl pʰon bam kiɾiɲa.
সেবাটি ভালো।,The service is good.,aŋgɾa d̪ɔ mɔ̃ɟa.
সে ঘড়ি কিনেছিল।,He/she bought the watch.,unii̯ gʰuɽi kiɾiɲkeda.
তারা শোক দেখবে না।,They do not see the grief.,oŋko d̪ɔ bedna bako ɲɛla.
তাদের হাত নতুন।,Their hand is new.,oŋkoaʔ t̪i d̪ɔ nɔwaa.
আজ আমি মাছ খেয়ে স্কুলে যাব।,"Today, I eat the fish and then go to the school.",t̪eheɲɾɛ iɲ haku ɟɔmkat̪ɛ iskulɾɛ calaʔa.
আজ আমি ঘড়ি কিনে গ্রামে খেলব।,"Today, I buy the watch and then play in the village.",t̪eheɲɾɛ iɲ gʰuɽi kiɾiɲkat̪ɛ at̪oɾɛ gat̪ea.
"আমি রাখাল দেখব, কিন্তু পবিত্র সিন্দুক দেখব না।","I will see the shepherd, but do not see the ark of the covenant.",iɲ d̪ɔ bʰiɖi gupitic̕ ɲɛla mɛnkʰan ən sunduk bɘɲ ɲɛla.
উপভাষাটি গুরুত্বপূর্ণ।,The dialect is important.,bahaka d̪ɔ ɟɘɾuɽa.
মনটি পরিষ্কার।,The mind is clean.,aŋ d̪ɔ sapʰaa.
আমাদের পাঠ গুরুত্বপূর্ণ।,Our lesson is important.,alɛaʔ sikʰnɘt̪ d̪ɔ ɟɘɾuɽa.
তাদের ডাক্তার ছোট।,Their doctor is small.,oŋkoaʔ ɖak̚t̪aɾ d̪ɔ lɘʈua.
আমার নক্ষত্রমণ্ডল পরিষ্কার।,My constellation is clean.,iɲaʔ ãɾgɔm d̪ɔ sapʰaa.
সে মোবাইল ফোন বিক্রি করবে না।,He/she does not sell the mobile phone.,uni d̪ɔ mɔbaĭl pʰon bai̯ ɘkʰɾiɲa.
সে বাষ্প দেখবে না।,He/she does not see the vapour.,uni d̪ɔ bʰap bai̯ ɲɛla.
আমার ধনুক পরিষ্কার।,My bow is clean.,iɲaʔ ak̕ d̪ɔ sapʰaa.
"তারা খাবার খাবে, কিন্তু মাছ খাবে না।","They will eat the food, but do not eat the fish.",oŋko d̪ɔ ɟɔmaʔ ɟɔma mɛnkʰan haku bako ɟɔma.
গতকাল সে ভাষা লিখে বাড়িতে যাবে।,"Yesterday, he/she write the language and then go to the house.",hɔlaɾɛ uni pɘɾsi ɔlɔʔkat̪ɛ ɔɽaʔɾɛ calaʔa.
"তোমরা খাবার পাবে, কিন্তু খাবার পাবে না।","You all will get the food, but do not get the food.",apɛ d̪ɔ ɟɔmaʔ ɲama mɛnkʰan ɟɔmaʔ bapɛ ɲama.
তাদের আচরণ পরিষ্কার।,Their conduct is clean.,oŋkoaʔ at͡ʃaɾ beo̯haɾ d̪ɔ sapʰaa.
আজ আমরা পানি পান করে গ্রামে কাজ করব।,"Today, we drink the water and then work in the village.",t̪eheɲɾɛ alɛ d̪aʔ ɲukat̪ɛ at̪oɾɛ kɘmia.
তোমার অভাব গুরুত্বপূর্ণ।,Your dearth is important.,amaʔ akal d̪ɔ ɟɘɾuɽa.
তার কুয়া পরিষ্কার।,His/her well is clean.,uniaʔ kuɲ d̪ɔ sapʰaa.
তোমার বন্দুক ভালো।,Your gun is good.,amaʔ bənduk d̪ɔ mɔ̃ɟa.
তোমরা ছবি পাবে।,You all will get the photo.,apɛ d̪ɔ pʰɔʈɔ ɲama.
আমি অন্ধ ভয় দেখব না।,I do not see the superstitious fear.,iɲ d̪ɔ bʰae̯ bɘɲ ɲɛla.
আমি ঔষধ পেয়েছিলাম।,I got the medicine.,iɲiɲ ɾan ɲamkeda.
জাফরিটি ভালো।,The lattice work is good.,bata d̪ɔ mɔ̃ɟa.
তারা ঔষধ পাবে না।,They do not get the medicine.,oŋko d̪ɔ ɾan bako ɲama.
আমি পাচ্ছি।,I am getting.,iɲiɲ ɲamɛd̪a.
আড়ালে একটি বাদ্যযন্ত্র আছে।,There is a musical instrument in the covert.,ao̯tanɾɛ bad͡ʒa menaa.
তার ঘড়ি নতুন।,His/her watch is new.,uniaʔ gʰuɽi d̪ɔ nɔwaa.
সেই সময় তারা পানি পান করে নদীতে যাবে।,"At that time, they drink the water and then go to the river.",ɔkt̪ɛɾɛ oŋko d̪aʔ ɲukat̪ɛ gaɖaɾɛ calaʔa.
আমি ভেড়ার বাচ্চা ও বিধাতা দেখব।,I will see the lamb and the providence.,iɲ d̪ɔ bʰiɖi hɔpɔn aɾ bʰidata ɲɛla.
একটি বোকা বাড়িতে আছে।,One fool is in the house.,mit̪ʔʈɛn bemblaha d̪ɔ ɔɽaʔɾɛ menaa.
বিস্তীর্ণ ভূমিে একটি বাবা আছে।,There is a father in the wide expanse of land.,bilənɾɛ baba menaa.
তাদের গ্রাম পরিষ্কার।,Their village is clean.,oŋkoaʔ at̪o d̪ɔ sapʰaa.
তাদের পা নতুন।,Their foot is new.,oŋkoaʔ kaʈa d̪ɔ nɔwaa.
স্কুলে একটি পা আছে।,There is a leg in the school.,iskulɾɛ ɟaŋga menaa.
"আমরা ভাষা পড়ব, কিন্তু পাঠ পড়ব না।","We will study the language, but do not study the lesson.",alɛ d̪ɔ pɘɾsi paɽha͡o̯a mɛnkʰan sikʰnɘt̪ balɛ paɽha͡o̯a.
তোমার আনারস নতুন।,Your pineapple is new.,amaʔ ananas d̪ɔ nɔwaa.
সকালে আমরা পাঠ পড়ে নদীতে খেলব।,"In the morning, we study the lesson and then play in the river.",sɛt̪aʔɾɛ alɛ sikʰnɘt̪ paɽha͡o̯kat̪ɛ gaɖaɾɛ gat̪ea.
একটি মানুষ কুয়ায় আছে।,One person is in the well.,mit̪ʔʈɛn hɔɽ d̪ɔ kuɲɾɛ menaa.
"আমি মধু খাব, কিন্তু খাবার খাব না।","I will eat the honey, but do not eat the food.",iɲ d̪ɔ ɲɛlɛɾasa ɟɔma mɛnkʰan ɟɔmaʔ bɘɲ ɟɔma.
উঠানে একটি ইংল্যান্ড আছে।,There is an england in the courtyard of house.,bəteɾɛ bilət menaa.
তোমরা ঔষধ পাবে।,You all will get the medicine.,apɛ d̪ɔ ɾan ɲama.
তারা আয়ুর্বেদিক উদ্ভিদ দেখবে না।,They do not see the bishop’s weed.,oŋko d̪ɔ əd͡ʒuə̯ bako ɲɛla.
সেই সময় তোমরা পুরুষ ভেড়া দেখে বাড়িতে কাজ করবে।,"At that time, you all see the ram and then work in the house.",ɔkt̪ɛɾɛ apɛ bʰeɖa ɲɛlkat̪ɛ ɔɽaʔɾɛ kɘmia.
আচরণটি গুরুত্বপূর্ণ।,The behaviour is important.,bebɔhaɾ d̪ɔ ɟɘɾuɽa.
আমাদের স্কুল পরিষ্কার।,Our school is clean.,alɛaʔ iskul d̪ɔ sapʰaa.
তারা মাছ ও রান্না খাবে।,They will eat the fish and the cooked food.,oŋko d̪ɔ haku aɾ basaŋ ɟɔma.
আমাদের ঔষধ ভালো।,Our medicine is good.,alɛaʔ ɾan d̪ɔ mɔ̃ɟa.
তারা খাবার খেয়েছে।,They have eaten the food.,oŋko d̪ɔ ɟɔmaʔ ɟɔmakada.
লজ্জাটি ভালো।,The shame is good.,bʰɔɾɔm d̪ɔ mɔ̃ɟa.
শিলাবৃষ্টিটি গুরুত্বপূর্ণ।,The hail is important.,aɾel d̪ɔ ɟɘɾuɽa.
হ্রদে একটি বাজি আছে।,There is a bet in the lake.,ɟɔlaɾɛ bəɾd͡ʒid menaa.
ইংল্যান্ডে একটি ভাগ্নী আছে।,There is a niece in the england.,bilətɾɛ bʰət͡ʃə menaa.
শহরে একটি স্কুল আছে।,There is a school in the town.,sɔhɔɽɾɛ iskul menaa.
তুমি কথা বলেছ।,You have spoken the word.,am d̪ɔ kat̪ʰa ɾɔɽakada.
হ্রদে একটি বিদেশী আছে।,There is a foreigner in the lake.,ɟɔlaɾɛ bidesiə̯ menaa.
সিস্ট টিউমারটি নতুন।,The cystic tumour is new.,batoɾi d̪ɔ nɔwaa.
একটি পিঁপড়া হ্রদে আছে।,One ant is in the lake.,mit̪ʔʈɛn muc̚ʔ d̪ɔ ɟɔlaɾɛ menaa.
বাড়িতে একটি ফার্ন গাছ আছে।,There is a fern in the house.,ɔɽaʔɾɛ badgot͡ʃak̕ menaa.
ন্যায়বিচারের আবেদনটি পরিষ্কার।,The appeal for justice is clean.,əpʰil dohae̯ d̪ɔ sapʰaa.
একটি মোবাইল ফোন স্কুলে আছে।,One mobile phone is in the school.,mit̪ʔ mɔbaĭl pʰon d̪ɔ iskulɾɛ menaa.
সেই সময় তোমরা বাষ্প দেখে নদীতে কাজ করবে।,"At that time, you all see the steam and then work in the river.",ɔkt̪ɛɾɛ apɛ bʰapʰ ɲɛlkat̪ɛ gaɖaɾɛ kɘmia.
একটি ভাগ্নী কুয়ায় আছে।,One niece is in the well.,mit̪ʔʈɛn bʰət͡ʃə d̪ɔ kuɲɾɛ menaa.
আমরা শিশু সাহায্য করেছি।,We have helped the child.,alɛ d̪ɔ gid̪ɾɘ gɔɽɔakada.
আমাদের শুকর আনন্দের।,Our pig is happy.,alɛaʔ suk̚ɾi d̪ɔ ɾɘskɘa.
আমরা কথা পড়েছিলাম।,We studied the word.,alɛlɛ kat̪ʰa paɽha͡o̯keda.
আমার আখড়া নতুন।,My gathering is new.,iɲaʔ akʰɾa d̪ɔ nɔwaa.
তুমি মুখের কর্কট রোগ দেখেছ।,You have seen the cancer of the face.,am d̪ɔ bandoɾ gali ɲɛlakada.
তোমার জেলে ভালো।,Your fisherman is good.,amaʔ ɟɘliɘ d̪ɔ mɔ̃ɟa.
তার আঁটি নতুন।,His/her bundle is new.,uniaʔ əʈi d̪ɔ nɔwaa.
তুমি ডাক্তার সাহায্য করেছিলে।,You helped the doctor.,amɛm ɖak̚t̪aɾ gɔɽɔkeda.
আমার জেলে আনন্দের।,My fisherman is happy.,iɲaʔ ɟɘliɘ d̪ɔ ɾɘskɘa.
আমার নক্ষত্রমণ্ডল নতুন।,My constellation is new.,iɲaʔ ãɾgɔm d̪ɔ nɔwaa.
তাদের আঙুলের ফোঁড়া নতুন।,Their whitlow is new.,oŋkoaʔ aŋguɾ biɽhi d̪ɔ nɔwaa.
হ্রদে একটি আনা আছে।,There is an anna in the lake.,ɟɔlaɾɛ ana menaa.
আমরা মধু ও খাবার খাব।,We will eat the honey and the food.,alɛ d̪ɔ ɲɛlɛɾasa aɾ ɟɔmaʔ ɟɔma.
সকালে আমি মোবাইল ফোন কিনে নদীতে আসব।,"In the morning, I buy the mobile phone and then come to the river.",sɛt̪aʔɾɛ iɲ mɔbaĭl pʰon kiɾiɲkat̪ɛ gaɖaɾɛ hiɟuʔa.
আমার অহংকার ভালো।,My pride is good.,iɲaʔ adɔɾ d̪ɔ mɔ̃ɟa.
বাবাটি ভালো।,The father is good.,baba d̪ɔ mɔ̃ɟa.
সেই সময় তোমরা মাছ খেয়ে স্কুলে কাজ করবে।,"At that time, you all eat the fish and then work in the school.",ɔkt̪ɛɾɛ apɛ haku ɟɔmkat̪ɛ iskulɾɛ kɘmia.
আমাদের নদী পরিষ্কার।,Our river is clean.,alɛaʔ gaɖa d̪ɔ sapʰaa.
"তারা ভাষা পড়বে, কিন্তু কথা পড়বে না।","They will study the language, but do not study the word.",oŋko d̪ɔ pɘɾsi paɽha͡o̯a mɛnkʰan kat̪ʰa bako paɽha͡o̯a.
হ্রদে একটি রান্না আছে।,There is a cooked food in the lake.,ɟɔlaɾɛ basaŋ menaa.
তোমাদের সন্ধ্যা গুরুত্বপূর্ণ।,Your evening is important.,apɛaʔ əjup̕ d̪ɔ ɟɘɾuɽa.
সেই সময় আমি পাঠ পড়ে নদীতে যাব।,"At that time, I study the lesson and then go to the river.",ɔkt̪ɛɾɛ iɲ sikʰnɘt̪ paɽha͡o̯kat̪ɛ gaɖaɾɛ calaʔa.
সেই সময় আমরা খাবার কিনে শহরে যাব।,"At that time, we buy the food and then go to the town.",ɔkt̪ɛɾɛ alɛ ɟɔmaʔ kiɾiɲkat̪ɛ sɔhɔɽɾɛ calaʔa.
বাসস্থানে একটি সাতভাই পাখি আছে।,There is a bengal babbler in the dwelling place.,basɾɛ bʰoɳɖa menaa.
তোমাদের মাছ ভালো।,Your fish is good.,apɛaʔ haku d̪ɔ mɔ̃ɟa.
একটি জেলে কুয়ায় আছে।,One fisherman is in the well.,mit̪ʔʈɛn ɟɘliɘ d̪ɔ kuɲɾɛ menaa.
তুমি মানুষ সাহায্য করেছিলে।,You helped the person.,amɛm hɔɽ gɔɽɔkeda.
তারা মহাপ্লাবন দেখবে না।,They do not see the deluge.,oŋko d̪ɔ bajaban bako ɲɛla.
প্রাচুর্যটি নতুন।,The abundance is new.,at͡ʃel pat͡ʃel d̪ɔ nɔwaa.
পিঁপড়াটি ছোট।,The ant is small.,muc̚ʔ d̪ɔ lɘʈua.
তোমরা আশা ও ভূত দেখবে।,You all will see the expectation and the demon.,apɛ d̪ɔ as aɾ bʰut ɲɛla.
বেশ্যাটি ভালো।,The harlot is good.,bət͡ʃkəɾ d̪ɔ mɔ̃ɟa.
আড়ালে একটি দাম আছে।,There is a price in the covert.,ao̯tanɾɛ bʰao̯ menaa.
সেই সময় তারা ভাষা পড়ে শহরে আসবে।,"At that time, they study the language and then come to the town.",ɔkt̪ɛɾɛ oŋko pɘɾsi paɽha͡o̯kat̪ɛ sɔhɔɽɾɛ hiɟuʔa.
আজ তারা ঔষধ কিনে বাড়িতে কাজ করবে।,"Today, they buy the medicine and then work in the house.",t̪eheɲɾɛ oŋko ɾan kiɾiɲkat̪ɛ ɔɽaʔɾɛ kɘmia.
তোমরা অহংকার ও বন্যা দেখবে।,You all will see the pride and the flood.,apɛ d̪ɔ adɔɾ aɾ bəd ɲɛla.
তারা ঝোপঝাড় দেখেছিল।,They saw the shrub.,oŋkoko akao̯na ɲɛlkeda.
আজ আমরা ভাষা লিখে শহরে খেলব।,"Today, we write the language and then play in the town.",t̪eheɲɾɛ alɛ pɘɾsi ɔlɔʔkat̪ɛ sɔhɔɽɾɛ gat̪ea.
সকালে সে ভাষা লিখে স্কুলে কাজ করবে।,"In the morning, he/she write the language and then work in the school.",sɛt̪aʔɾɛ uni pɘɾsi ɔlɔʔkat̪ɛ iskulɾɛ kɘmia.
স্কুলে একটি রান্না আছে।,There is a cooked food in the school.,iskulɾɛ basaŋ menaa.
তোমার পানি পরিষ্কার।,Your water is clean.,amaʔ d̪aʔ d̪ɔ sapʰaa.
সে মাছ বিক্রি করবে না।,He/she does not sell the fish.,uni d̪ɔ haku bai̯ ɘkʰɾiɲa.
সেই সময় তুমি ভুল দেখে গ্রামে কাজ করবে।,"At that time, you see the blunder and then work in the village.",ɔkt̪ɛɾɛ am bʰul ɲɛlkat̪ɛ at̪oɾɛ kɘmia.
আমার পিঁপড়া আনন্দের।,My ant is happy.,iɲaʔ muc̚ʔ d̪ɔ ɾɘskɘa.
একটি ছেলে হ্রদে আছে।,One boy is in the lake.,mit̪ʔʈɛn bəbu d̪ɔ ɟɔlaɾɛ menaa.
তুলার গাছটি নতুন।,The cotton plant is new.,bʰoga kaskɔm d̪ɔ nɔwaa.
সে বকেয়া দেখবে না।,He/she does not see the arrears.,uni d̪ɔ bəki bai̯ ɲɛla.
আমাদের চারা রোপণ নতুন।,Our transplantation is new.,alɛaʔ apʰɔɾ d̪ɔ nɔwaa.
তোমরা রোগ ও এক ধরনের বাদ্যযন্ত্র দেখবে।,You all will see the illness and the a kind of fiddle.,apɛ d̪ɔ ɾu̯͡ɘ aɾ banam ɲɛla.
নদীতে একটি নারীজাতি আছে।,There is a females in the river.,gaɖaɾɛ əi̯məi̯ d͡ʒət menaa.
বন্ধকীটি পরিষ্কার।,The mortgage is clean.,bəndki d̪ɔ sapʰaa.
"তারা ঘড়ি বিক্রি করবে, কিন্তু খাবার বিক্রি করবে না।","They will sell the watch, but do not sell the food.",oŋko d̪ɔ gʰuɽi ɘkʰɾiɲa mɛnkʰan ɟɔmaʔ bako ɘkʰɾiɲa.
সে সময় ও সেবা দেখবে।,He/she will see the time and the service.,uni d̪ɔ ɔkt̪ɛ aɾ aŋgɾa ɲɛla.
সে মধু খেয়েছে।,He/she has eaten the honey.,uni d̪ɔ ɲɛlɛɾasa ɟɔmakada.
তোমার শুকর আনন্দের।,Your pig is happy.,amaʔ suk̚ɾi d̪ɔ ɾɘskɘa.
তুমি আদিবাসী দেখবে।,You will see the aborigines.,am d̪ɔ bəu̯ɾi ɲɛla.
"আমি বাচ্চা ঘোড়া দেখব, কিন্তু সময়কাল দেখব না।","I will see the colt, but do not see the period.",iɲ d̪ɔ bat͡ʃʰaɽa sadɔm ɲɛla mɛnkʰan ãʈɾe bɘɲ ɲɛla.
আমরা ঘড়ি বিক্রি করব।,We will sell the watch.,alɛ d̪ɔ gʰuɽi ɘkʰɾiɲa.
তাদের ছোট কুঠার নতুন।,Their small adze is new.,oŋkoaʔ bəslə d̪ɔ nɔwaa.
তোমাদের ঘড়ি ভালো।,Your watch is good.,apɛaʔ gʰuɽi d̪ɔ mɔ̃ɟa.
আমরা বেল্টের ক্ল্যাপ দেখব না।,We do not see the belt clasp.,alɛ d̪ɔ bəkuk̕ balɛ ɲɛla.
গতকাল সে ঔষধ কিনে বাড়িতে যাবে।,"Yesterday, he/she buy the medicine and then go to the house.",hɔlaɾɛ uni ɾan kiɾiɲkat̪ɛ ɔɽaʔɾɛ calaʔa.
আমি খাবার পেয়েছিলাম।,I got the food.,iɲiɲ ɟɔmaʔ ɲamkeda.
অনুচিত আচরণটি গুরুত্বপূর্ণ।,The impropriety is important.,baŋ ganok̕ak̕ d̪ɔ ɟɘɾuɽa.
কুয়ায় একটি শুকর আছে।,There is a pig in the well.,kuɲɾɛ suk̚ɾi menaa.
কুয়ায় একটি বিকল্প আছে।,There is a substitute in the well.,kuɲɾɛ bədli menaa.
সেই সময় তোমরা কথা লিখে স্কুলে আসবে।,"At that time, you all write the word and then come to the school.",ɔkt̪ɛɾɛ apɛ kat̪ʰa ɔlɔʔkat̪ɛ iskulɾɛ hiɟuʔa.
"আমি কণ্ঠস্বর দেখব, কিন্তু পাত্র দেখব না।","I will see the voice, but do not see the receptacle.",iɲ d̪ɔ aɽaŋ ɲɛla mɛnkʰan anataŋ bɘɲ ɲɛla.
আমি মধু খাব না।,I do not eat the honey.,iɲ d̪ɔ ɲɛlɛɾasa bɘɲ ɟɔma.
কনুইটি পরিষ্কার।,The elbow is clean.,bə̃hl d̪ɔ sapʰaa.
তার রান্না পরিষ্কার।,His/her cooked food is clean.,uniaʔ basaŋ d̪ɔ sapʰaa.
গতকাল তুমি কথা লিখে হ্রদে খেলবে।,"Yesterday, you write the word and then play in the lake.",hɔlaɾɛ am kat̪ʰa ɔlɔʔkat̪ɛ ɟɔlaɾɛ gat̪ea.
তারা ডাক্তার সাহায্য করবে।,They will help the doctor.,oŋko d̪ɔ ɖak̚t̪aɾ gɔɽɔa.
তারা খাবার ও মোবাইল ফোন কিনবে।,They will buy the food and the mobile phone.,oŋko d̪ɔ ɟɔmaʔ aɾ mɔbaĭl pʰon kiɾiɲa.
গতকাল আমি পানি পান করে স্কুলে কাজ করব।,"Yesterday, I drink the water and then work in the school.",hɔlaɾɛ iɲ d̪aʔ ɲukat̪ɛ iskulɾɛ kɘmia.
একটি জেলে বাড়িতে আছে।,One fisherman is in the house.,mit̪ʔʈɛn ɟɘliɘ d̪ɔ ɔɽaʔɾɛ menaa.
তোমরা পরজীবী উদ্ভিদ দেখবে না।,You all do not see the parasitic plant.,apɛ d̪ɔ alagd͡ʒəɽi bapɛ ɲɛla.
তোমাদের যন্ত্রপাতি পরিষ্কার।,Your appliance is clean.,apɛaʔ bandʰec̕ d̪ɔ sapʰaa.
তোমরা আফিম দেখবে।,You all will see the opium.,apɛ d̪ɔ əpʰim ɲɛla.
সকালে তারা ভাষা পড়ে নদীতে যাবে।,"In the morning, they study the language and then go to the river.",sɛt̪aʔɾɛ oŋko pɘɾsi paɽha͡o̯kat̪ɛ gaɖaɾɛ calaʔa.
পুরস্কারটি নতুন।,The prize is new.,bəksis d̪ɔ nɔwaa.
তুমি জট পাকানো দেখবে।,You will see the jumble.,am d̪ɔ beɲd͡ʒaɲ biɲd͡ʒiɲ ɲɛla.
আমার পানি সুস্বাদু।,My water is tasty.,iɲaʔ d̪aʔ d̪ɔ sibila.
"আমি ছবি পাব, কিন্তু টাকা পাব না।","I will get the photo, but do not get the money.",iɲ d̪ɔ pʰɔʈɔ ɲama mɛnkʰan ʈaka bɘɲ ɲama.
গতকাল তুমি পানি পান করে হ্রদে আসবে।,"Yesterday, you drink the water and then come to the lake.",hɔlaɾɛ am d̪aʔ ɲukat̪ɛ ɟɔlaɾɛ hiɟuʔa.
দাদাটি ভালো।,The grandfather is good.,ad͡ʒa d̪ɔ mɔ̃ɟa.
তাদের আঁটি নতুন।,Their bundle is new.,oŋkoaʔ əʈi d̪ɔ nɔwaa.
প্রণয়নটি নতুন।,The enactment is new.,ən d̪ɔ nɔwaa.
তোমরা ভাষা পড়েছিলে।,You all studied the language.,apɛpɛ pɘɾsi paɽha͡o̯keda.
খাবারটি সুস্বাদু।,The food is tasty.,ɟɔmaʔ d̪ɔ sibila.
গুহাে একটি রোগ আছে।,There is an illness in the cave.,bʰugək̕ɾɛ ɾu̯͡ɘ menaa.
গতকাল আমি দেওয়াল দেখে হ্রদে কাজ করব।,"Yesterday, I see the wall and then work in the lake.",hɔlaɾɛ iɲ bʰit ɲɛlkat̪ɛ ɟɔlaɾɛ kɘmia.
গ্রামে একটি হ্রদ আছে।,There is a lake in the village.,at̪oɾɛ ɟɔla menaa.
তুমি খাবার ও রান্না খাবে।,You will eat the food and the cooked food.,am d̪ɔ ɟɔmaʔ aɾ basaŋ ɟɔma.
হ্রদে একটি কাপ আছে।,There is a cup in the lake.,ɟɔlaɾɛ basna menaa.
পুরুষ ভেড়াটি আনন্দের।,The ram is happy.,bʰeɖa d̪ɔ ɾɘskɘa.
নিকটবর্তী এলাকাে একটি আশ্বিন মাস আছে।,There is a september–october in the vicinity.,aɖe ʈolaɾɛ asin menaa.
আমরা মাছ খাব।,We will eat the fish.,alɛ d̪ɔ haku ɟɔma.
আমাদের সময় ভালো।,Our time is good.,alɛaʔ ɔkt̪ɛ d̪ɔ mɔ̃ɟa.
নদীতে একটি লাগাম আছে।,There is a bridle in the river.,gaɖaɾɛ bag menaa.
সেই সময় তুমি প্রাচুর্য দেখে স্কুলে কাজ করবে।,"At that time, you see the abundance and then work in the school.",ɔkt̪ɛɾɛ am at͡ʃel pat͡ʃel ɲɛlkat̪ɛ iskulɾɛ kɘmia.
পাল (নৌকার)টি গুরুত্বপূর্ণ।,The sail is important.,baɖɔm d̪ɔ ɟɘɾuɽa.
"আমরা কথা বলব, কিন্তু ভাষা বলব না।","We will speak the word, but do not speak the language.",alɛ d̪ɔ kat̪ʰa ɾɔɽa mɛnkʰan pɘɾsi balɛ ɾɔɽa.
তোমাদের মা ভালো।,Your mother is good.,apɛaʔ gɔgɔ d̪ɔ mɔ̃ɟa.
আড়ালে একটি বেঞ্চ আছে।,There is a bench in the covert.,ao̯tanɾɛ beɲt͡ʃ menaa.
প্রজন্মটি ভালো।,The generation is good.,bibɔɾɔn d̪ɔ mɔ̃ɟa.
সন্ন্যাসীটি ভালো।,The ascetic is good.,ətit d̪ɔ mɔ̃ɟa.
বিস্তীর্ণ ভূমিে একটি চুল্লি আছে।,There is a furnace in the wide expanse of land.,bilənɾɛ bʰaʈa menaa.
আমাদের বাসস্থান নতুন।,Our residence is new.,alɛaʔ basa d̪ɔ nɔwaa.
"তারা বালিয়া সারস পাখি দেখবে, কিন্তু সতর্কবাণী দেখবে না।","They will see the sand martin, but do not see the alarm.",oŋko d̪ɔ bʰəluə̯ ɲɛla mɛnkʰan bʰāe bako ɲɛla.
মাছটি সুস্বাদু।,The fish is tasty.,haku d̪ɔ sibila.
সকালে তুমি ঔষধ কিনে হ্রদে খেলবে।,"In the morning, you buy the medicine and then play in the lake.",sɛt̪aʔɾɛ am ɾan kiɾiɲkat̪ɛ ɟɔlaɾɛ gat̪ea.
আমরা মধু খাব না।,We do not eat the honey.,alɛ d̪ɔ ɲɛlɛɾasa balɛ ɟɔma.
বাঘটি ছোট।,The tiger is small.,t̪ɘɾup̚ʔ d̪ɔ lɘʈua.
আমার অসুস্থতা নতুন।,My sickness is new.,iɲaʔ bigʰin d̪ɔ nɔwaa.
নদীতে একটি ধানের খেত আছে।,There is a rice field in the river.,gaɖaɾɛ baɽge menaa.
পাটি পরিষ্কার।,The leg is clean.,ɟaŋga d̪ɔ sapʰaa.
"আমরা আমড়া দেখব, কিন্তু পদ্য দেখব না।","We will see the hog plum, but do not see the verse.",alɛ d̪ɔ amɽa ɲɛla mɛnkʰan ae̯t balɛ ɲɛla.
"তারা মা সাহায্য করবে, কিন্তু মানুষ সাহায্য করবে না।","They will help the mother, but do not help the person.",oŋko d̪ɔ gɔgɔ gɔɽɔa mɛnkʰan hɔɽ bako gɔɽɔa.
স্কুলে একটি দুধ আছে।,There is a milk in the school.,iskulɾɛ t̪o̯͡a menaa.
একটি ছেলে গ্রামে আছে।,One boy is in the village.,mit̪ʔʈɛn bəbu d̪ɔ at̪oɾɛ menaa.
তোমাদের শক্তি পরিষ্কার।,Your force is clean.,apɛaʔ ad͡ʒʰãʈ d̪ɔ sapʰaa.
"আমরা ঘড়ি কিনব, কিন্তু ঘড়ি কিনব না।","We will buy the watch, but do not buy the watch.",alɛ d̪ɔ gʰuɽi kiɾiɲa mɛnkʰan gʰuɽi balɛ kiɾiɲa.
সেই সময় তোমরা বন্ধুত্ব দেখে শহরে কাজ করবে।,"At that time, you all see the friendship and then work in the town.",ɔkt̪ɛɾɛ apɛ bʰab ɲɛlkat̪ɛ sɔhɔɽɾɛ kɘmia.
সকালে তারা খাবার খেয়ে গ্রামে কাজ করবে।,"In the morning, they eat the food and then work in the village.",sɛt̪aʔɾɛ oŋko ɟɔmaʔ ɟɔmkat̪ɛ at̪oɾɛ kɘmia.
তাদের অজুহাত পরিষ্কার।,Their excuse is clean.,oŋkoaʔ aɾd͡ʒaəɾd͡ʒi d̪ɔ sapʰaa.
আমি মোবাইল ফোন ও ঔষধ কিনব।,I will buy the mobile phone and the medicine.,iɲ d̪ɔ mɔbaĭl pʰon aɾ ɾan kiɾiɲa.
আখড়াটি ভালো।,The gathering is good.,akʰɾa d̪ɔ mɔ̃ɟa.
আমরা পুরুষ ভেড়া দেখেছি।,We have seen the ram.,alɛ d̪ɔ bʰeɖa ɲɛlakada.
উঠানে একটি বেত আছে।,There is a cane in the courtyard of house.,bəteɾɛ bɛt menaa.
আজ আমি কথা লিখে নদীতে আসব।,"Today, I write the word and then come to the river.",t̪eheɲɾɛ iɲ kat̪ʰa ɔlɔʔkat̪ɛ gaɖaɾɛ hiɟuʔa.
গতকাল সে পাঠ দেখে হ্রদে আসবে।,"Yesterday, he/she see the lesson and then come to the lake.",hɔlaɾɛ uni sikʰnɘt̪ ɲɛlkat̪ɛ ɟɔlaɾɛ hiɟuʔa.
তার অল্প পরিষ্কার।,His/her little is clean.,uniaʔ ədʰəɾiə̯ d̪ɔ sapʰaa.
সেই সময় আমি ছাগলের বিষ্ঠা দেখে স্কুলে কাজ করব।,"At that time, I see the goat's dropping and then work in the school.",ɔkt̪ɛɾɛ iɲ bʰelə̃uɳɖi ɲɛlkat̪ɛ iskulɾɛ kɘmia.
কুয়ায় একটি দুধ আছে।,There is a milk in the well.,kuɲɾɛ t̪o̯͡a menaa.
গুহাে একটি শহর আছে।,There is a town in the cave.,bʰugək̕ɾɛ sɔhɔɽ menaa.
"তোমরা ঔষধ পাবে, কিন্তু ঔষধ পাবে না।","You all will get the medicine, but do not get the medicine.",apɛ d̪ɔ ɾan ɲama mɛnkʰan ɾan bapɛ ɲama.
ইংল্যান্ডে একটি অভ্যাস আছে।,There is a habit in the england.,bilətɾɛ bʰəsi menaa.
আমাদের ঔষধ নতুন।,Our medicine is new.,alɛaʔ ɾan d̪ɔ nɔwaa.
"আমি ঘড়ি বিক্রি করব, কিন্তু খাবার বিক্রি করব না।","I will sell the watch, but do not sell the food.",iɲ d̪ɔ gʰuɽi ɘkʰɾiɲa mɛnkʰan ɟɔmaʔ bɘɲ ɘkʰɾiɲa.
গতকাল তোমরা মাছ কিনে স্কুলে আসবে।,"Yesterday, you all buy the fish and then come to the school.",hɔlaɾɛ apɛ haku kiɾiɲkat̪ɛ iskulɾɛ hiɟuʔa.
তুমি ভাষা বলবে না।,You do not speak the language.,am d̪ɔ pɘɾsi bam ɾɔɽa.
সে কথা লিখেছে।,He/she has written the word.,uni d̪ɔ kat̪ʰa ɔlɔʔakada.
তাদের জীবন নতুন।,Their life is new.,oŋkoaʔ ɟiŋgi d̪ɔ nɔwaa.
ইংল্যান্ডটি পরিষ্কার।,The england is clean.,bilət d̪ɔ sapʰaa.
তোমরা খাবার বিক্রি করেছিলে।,You all sold the food.,apɛpɛ ɟɔmaʔ ɘkʰɾiɲkeda.
উদ্বৃত্তটি ভালো।,The surplus is good.,bətil d̪ɔ mɔ̃ɟa.
বড় ইঁদুরটি ছোট।,The bandicoot rat is small.,bʰus goɖo d̪ɔ lɘʈua.
বাসস্থানটি নতুন।,The residence is new.,basa d̪ɔ nɔwaa.
"আমি গাঁট দেখব, কিন্তু অশান্তি দেখব না।","I will see the bale, but do not see the unrest.",iɲ d̪ɔ bʰiɳɖ ɲɛla mɛnkʰan bɛtʰiɾ bɘɲ ɲɛla.
হ্রদে একটি বোঝা আছে।,There is a load in the lake.,ɟɔlaɾɛ bʰaɾ menaa.
একটি বিড়াল হ্রদে আছে।,One cat is in the lake.,mit̪ʔʈɛn pusi d̪ɔ ɟɔlaɾɛ menaa.
সেই সময় তারা গুজব রটনাকারী দেখে হ্রদে কাজ করবে।,"At that time, they see the bearer of tales and then work in the lake.",ɔkt̪ɛɾɛ oŋko bad͡ʒʰəni ɲɛlkat̪ɛ ɟɔlaɾɛ kɘmia.
আমাদের গৃহপালিত পশু ছোট।,Our domestic animal is small.,alɛaʔ ato posu d̪ɔ lɘʈua.
তুমি পেয়ারা ও ব্যবসায়ী দেখবে।,You will see the guava and the trader.,am d̪ɔ əmɾud aɾ bepaɾi ɲɛla.
ব্রাহ্মণটি পরিষ্কার।,The brahman is clean.,babɾẽ d̪ɔ sapʰaa.
তারা যন্ত্রপাতি ও ঢোলকি বাদক দেখবে।,They will see the appliance and the drummer.,oŋko d̪ɔ bandʰec̕ aɾ bəd͡ʒni ɲɛla.
সে মধু খেয়েছিল।,He/she ate the honey.,unii̯ ɲɛlɛɾasa ɟɔmkeda.
নদীতে একটি কয়েকদিন আছে।,There is a few days in the river.,gaɖaɾɛ əɾsiɲ bəɾsiɲ menaa.
মধুটি সুস্বাদু।,The honey is tasty.,ɲɛlɛɾasa d̪ɔ sibila.
সে মোবাইল ফোন বিক্রি করেছে।,He/she has sold the mobile phone.,uni d̪ɔ mɔbaĭl pʰon ɘkʰɾiɲakada.
আজ তোমরা নারী দেখে নদীতে যাবে।,"Today, you all see the woman and then go to the river.",t̪eheɲɾɛ apɛ əi̯məi̯ ɲɛlkat̪ɛ gaɖaɾɛ calaʔa.
দাদাটি গুরুত্বপূর্ণ।,The grandfather is important.,ad͡ʒa d̪ɔ ɟɘɾuɽa.
বিস্তীর্ণ ভূমিে একটি ব্যান্ডেজ আছে।,There is a bandger in the wide expanse of land.,bilənɾɛ bədʰi menaa.
আমাদের কুয়া নতুন।,Our well is new.,alɛaʔ kuɲ d̪ɔ nɔwaa.
আঁটিটি নতুন।,The bundle is new.,əʈi d̪ɔ nɔwaa.
বাসস্থানে একটি গ্রাম আছে।,There is a village in the dwelling place.,basɾɛ at̪o menaa.
গ্রামে একটি ছবি আছে।,There is a photo in the village.,at̪oɾɛ pʰɔʈɔ menaa.
বাসস্থানে একটি গুঁড়ি আছে।,There is a trunk in the residence.,basaɾɛ auɳɖ menaa.
টাকাটি পরিষ্কার।,The money is clean.,ʈaka d̪ɔ sapʰaa.
ঘড়িটি ভালো।,The watch is good.,gʰuɽi d̪ɔ mɔ̃ɟa.
চোখের পচা পদার্থটি নতুন।,The rheum from the eyes is new.,beɲd͡ʒak̕ d̪ɔ nɔwaa.
তারা বর্ণ দেখেছে।,They have seen the alphabet.,oŋko d̪ɔ akʰɔɾ ɲɛlakada.
হ্রদে একটি বাঘ আছে।,There is a tiger in the lake.,ɟɔlaɾɛ t̪ɘɾup̚ʔ menaa.
আমি খাবার পাব না।,I do not get the food.,iɲ d̪ɔ ɟɔmaʔ bɘɲ ɲama.
হ্রদে একটি ঝোপ আছে।,There is a thicket in the lake.,ɟɔlaɾɛ badaɽ menaa.
বাড়িতে একটি সময় আছে।,There is a time in the house.,ɔɽaʔɾɛ ɔkt̪ɛ menaa.
সকালে সে পাঠ পড়ে বাড়িতে খেলবে।,"In the morning, he/she study the lesson and then play in the house.",sɛt̪aʔɾɛ uni sikʰnɘt̪ paɽha͡o̯kat̪ɛ ɔɽaʔɾɛ gat̪ea.
আমার মুহূর্ত গুরুত্বপূর্ণ।,My moment is important.,iɲaʔ abʰeɽ d̪ɔ ɟɘɾuɽa.
তোমরা পক্ষাঘাত দেখেছিলে।,You all saw the hemiplegia.,apɛpɛ aɾdʰəŋgi ɲɛlkeda.
তুমি ছবি পাবে।,You will get the photo.,am d̪ɔ pʰɔʈɔ ɲama.
"সে কুলি নিয়োগকারী দেখবে, কিন্তু টাকা দেখবে না।","He/she will see the recruiter, but does not see the money.",uni d̪ɔ aɽkəʈʰiə̯ ɲɛla mɛnkʰan ʈaka bai̯ ɲɛla.
আজ তারা ভাষা লিখে শহরে খেলবে।,"Today, they write the language and then play in the town.",t̪eheɲɾɛ oŋko pɘɾsi ɔlɔʔkat̪ɛ sɔhɔɽɾɛ gat̪ea.
জট পাকানোটি গুরুত্বপূর্ণ।,The jumble is important.,beɲd͡ʒaɲ biɲd͡ʒiɲ d̪ɔ ɟɘɾuɽa.
ভাষাটি গুরুত্বপূর্ণ।,The language is important.,bʰaka d̪ɔ ɟɘɾuɽa.
তুমি প্রণয়ন দেখবে।,You will see the enactment.,am d̪ɔ ən ɲɛla.
হ্রদে একটি প্রাচুর্য আছে।,There is an abundance in the lake.,ɟɔlaɾɛ at͡ʃel pat͡ʃel menaa.
"তুমি দুধ পান করবে, কিন্তু পানি পান করবে না।","You will drink the milk, but do not drink the water.",am d̪ɔ t̪o̯͡a ɲua mɛnkʰan d̪aʔ bam ɲua.
তুমি খাবার কিনবে না।,You do not buy the food.,am d̪ɔ ɟɔmaʔ bam kiɾiɲa.
মশালটি পরিষ্কার।,The torch is clean.,bambeɾ d̪ɔ sapʰaa.
তার গ্রাম পরিষ্কার।,His/her village is clean.,uniaʔ at̪o d̪ɔ sapʰaa.
একটি শুকর নদীতে আছে।,One pig is in the river.,mit̪ʔʈɛn suk̚ɾi d̪ɔ gaɖaɾɛ menaa.
তোমরা ঔষধ ও ঘড়ি কিনবে।,You all will buy the medicine and the watch.,apɛ d̪ɔ ɾan aɾ gʰuɽi kiɾiɲa.
আমার গান নতুন।,My song is new.,iɲaʔ seɾeɲ d̪ɔ nɔwaa.
গুহাে একটি ডাক্তার আছে।,There is a doctor in the cave.,bʰugək̕ɾɛ ɖak̚t̪aɾ menaa.
কুয়ায় একটি রান্না আছে।,There is a cooked food in the well.,kuɲɾɛ basaŋ menaa.
সকালে তোমরা পানি পান করে কুয়ায় যাবে।,"In the morning, you all drink the water and then go to the well.",sɛt̪aʔɾɛ apɛ d̪aʔ ɲukat̪ɛ kuɲɾɛ calaʔa.
আমি মোবাইল ফোন কিনেছি।,I have bought the mobile phone.,iɲ d̪ɔ mɔbaĭl pʰon kiɾiɲakada.
আজ সে ঢাল দেখে নদীতে কাজ করবে।,"Today, he/she see the declivity and then work in the river.",t̪eheɲɾɛ uni anaɽgo ɲɛlkat̪ɛ gaɖaɾɛ kɘmia.
আমরা সেবা দেখব।,We will see the service.,alɛ d̪ɔ aŋgɾa ɲɛla.
একটি মোবাইল ফোন কুয়ায় আছে।,One mobile phone is in the well.,mit̪ʔ mɔbaĭl pʰon d̪ɔ kuɲɾɛ menaa.
সেই সময় আমরা ঘড়ি কিনে কুয়ায় খেলব।,"At that time, we buy the watch and then play in the well.",ɔkt̪ɛɾɛ alɛ gʰuɽi kiɾiɲkat̪ɛ kuɲɾɛ gat̪ea.
তুমি ভাষা পড়বে না।,You do not study the language.,am d̪ɔ pɘɾsi bam paɽha͡o̯a.
একটি গুপ্তচর কুয়ায় আছে।,One spy is in the well.,mit̪ʔʈɛn baʈ paɽ d̪ɔ kuɲɾɛ menaa.
গুহাে একটি জট পাকানো আছে।,There is a jumble in the cave.,bʰugək̕ɾɛ beɲd͡ʒaɲ biɲd͡ʒiɲ menaa.
গতকাল তুমি মাছ কিনে কুয়ায় খেলবে।,"Yesterday, you buy the fish and then play in the well.",hɔlaɾɛ am haku kiɾiɲkat̪ɛ kuɲɾɛ gat̪ea.
শহরে একটি জীবন আছে।,There is a life in the town.,sɔhɔɽɾɛ ɟiŋgi menaa.
আজ সে ঔষধ কিনে গ্রামে কাজ করবে।,"Today, he/she buy the medicine and then work in the village.",t̪eheɲɾɛ uni ɾan kiɾiɲkat̪ɛ at̪oɾɛ kɘmia.
তুমি রান্না ও মাছ খাবে।,You will eat the cooked food and the fish.,am d̪ɔ basaŋ aɾ haku ɟɔma.
সে লাভ দেখেছিল।,He/she saw the benefit.,unii̯ bapʰa ɲɛlkeda.
সে শব্দ করছে।,He/she is sounding.,unii̯ ɾaːgɛd̪a.
আমি নিরামিষাশী দেখেছিলাম।,I saw the vegetarian.,iɲiɲ bʰagat ɲɛlkeda.
পাড়াে একটি উত্তরাধিকার আছে।,There is an inheritance in the neighbourhood.,aɖe paseɾɛ əi̯dəɾi menaa.
বাড়িতে একটি বাবা আছে।,There is a father in the house.,ɔɽaʔɾɛ baba menaa.
সেই সময় আমি দুধ পান করে শহরে কাজ করব।,"At that time, I drink the milk and then work in the town.",ɔkt̪ɛɾɛ iɲ t̪o̯͡a ɲukat̪ɛ sɔhɔɽɾɛ kɘmia.
"আমি ভাষা লিখব, কিন্তু ভাষা লিখব না।","I will write the language, but do not write the language.",iɲ d̪ɔ pɘɾsi ɔlɔʔa mɛnkʰan pɘɾsi bɘɲ ɔlɔʔa.
তোমরা মানুষ সাহায্য করবে।,You all will help the person.,apɛ d̪ɔ hɔɽ gɔɽɔa.
আমাদের প্রতিবেশী নতুন।,Our neighbours is new.,alɛaʔ aɖepaseɾenko d̪ɔ nɔwaa.
তোমাদের গরু ডাকার শব্দ ছোট।,Your cattle call is small.,apɛaʔ bihet̕ d̪ɔ lɘʈua.
তার বাত রোগ গুরুত্বপূর্ণ।,His/her rheumatism is important.,uniaʔ bat d̪ɔ ɟɘɾuɽa.
আজ আমরা শস্য দেখে স্কুলে যাব।,"Today, we see the grain and then go to the school.",t̪eheɲɾɛ alɛ an ɲɛlkat̪ɛ iskulɾɛ calaʔa.
জাদুবিদ্যাটি পরিষ্কার।,The sorcery is clean.,ban d̪ɔ sapʰaa.
একটি প্রতারক কুয়ায় আছে।,One deceiver is in the well.,mit̪ʔʈɛn bʰataha d̪ɔ kuɲɾɛ menaa.
সকালে তোমরা পাঠ পড়ে গ্রামে কাজ করবে।,"In the morning, you all study the lesson and then work in the village.",sɛt̪aʔɾɛ apɛ sikʰnɘt̪ paɽha͡o̯kat̪ɛ at̪oɾɛ kɘmia.
তুমি মাছ বিক্রি করবে।,You will sell the fish.,am d̪ɔ haku ɘkʰɾiɲa.
তার কাজ পরিষ্কার।,His/her work is clean.,uniaʔ kɘmi d̪ɔ sapʰaa.
তাদের কালো ভাল্লুক ভালো।,Their black bear is good.,oŋkoaʔ bana d̪ɔ mɔ̃ɟa.
তারা বাহুবন্ধনী ও ফল পাকা দেখবে।,They will see the armlet and the mellowing.,oŋko d̪ɔ bəd͡ʒu aɾ aɾaɾao̯k̕ ɲɛla.
সেই সময় তোমরা মধু খেয়ে বাড়িতে কাজ করবে।,"At that time, you all eat the honey and then work in the house.",ɔkt̪ɛɾɛ apɛ ɲɛlɛɾasa ɟɔmkat̪ɛ ɔɽaʔɾɛ kɘmia.
হ্রদে একটি বিনিময় আছে।,There is an exchange in the lake.,ɟɔlaɾɛ badla menaa.
গতকাল আমি কথা পড়ে স্কুলে আসব।,"Yesterday, I study the word and then come to the school.",hɔlaɾɛ iɲ kat̪ʰa paɽha͡o̯kat̪ɛ iskulɾɛ hiɟuʔa.
আমরা রীতি ও পদ্য দেখব।,We will see the customs and the verse.,alɛ d̪ɔ at͡ʃaɾ aɾ ae̯t ɲɛla.
উঠানে একটি দুর্যোগ আছে।,There is a calmity in the courtyard of house.,bəteɾɛ apʰoti menaa.
"আমরা মানুষ সাহায্য করব, কিন্তু ডাক্তার সাহায্য করব না।","We will help the person, but do not help the doctor.",alɛ d̪ɔ hɔɽ gɔɽɔa mɛnkʰan ɖak̚t̪aɾ balɛ gɔɽɔa.
আমরা শস্য দেখব।,We will see the grain.,alɛ d̪ɔ an ɲɛla.
ইংল্যান্ডে একটি গ্রাম আছে।,There is a village in the england.,bilətɾɛ at̪o menaa.
তুমি মাছ ও মধু খাবে।,You will eat the fish and the honey.,am d̪ɔ haku aɾ ɲɛlɛɾasa ɟɔma.
তারা খাবার কিনেছে।,They have bought the food.,oŋko d̪ɔ ɟɔmaʔ kiɾiɲakada.
হ্রদে একটি মধু আছে।,There is a honey in the lake.,ɟɔlaɾɛ ɲɛlɛɾasa menaa.
গোখরো সাপটি আনন্দের।,The cobra is happy.,ajaŋ bin d̪ɔ ɾɘskɘa.
কুয়ায় একটি পানি আছে।,There is a water in the well.,kuɲɾɛ d̪aʔ menaa.
আমরা মোবাইল ফোন ও মাছ কিনব।,We will buy the mobile phone and the fish.,alɛ d̪ɔ mɔbaĭl pʰon aɾ haku kiɾiɲa.
বাসস্থানে একটি ভূমিকম্প আছে।,There is an earth tremor in the dwelling place.,basɾɛ bʰui̯ t͡ʃəl menaa.
সে বলছে।,He/she is speaking.,unii̯ ɾɔɽɛd̪a.
নদীতে একটি কাজ আছে।,There is a work in the river.,gaɖaɾɛ kɘmi menaa.
গতকাল সে কণ্ঠস্বর দেখে শহরে খেলবে।,"Yesterday, he/she see the voice and then play in the town.",hɔlaɾɛ uni aɽaŋ ɲɛlkat̪ɛ sɔhɔɽɾɛ gat̪ea.
সে ঘড়ি ও মোবাইল ফোন কিনবে।,He/she will buy the watch and the mobile phone.,uni d̪ɔ gʰuɽi aɾ mɔbaĭl pʰon kiɾiɲa.
ইংল্যান্ডে একটি পিঁপড়া আছে।,There is an ant in the england.,bilətɾɛ muc̚ʔ menaa.
ভালোবাসাটি গুরুত্বপূর্ণ।,The love is important.,bʰad d̪ɔ ɟɘɾuɽa.
শ্রাইক পাখিটি ছোট।,The shrike is small.,bagʰa kɛɾkeʈa d̪ɔ lɘʈua.
ব্যাগটি গুরুত্বপূর্ণ।,The bag is important.,bɛg d̪ɔ ɟɘɾuɽa.
শহরে একটি দুই আছে।,There is a two in the town.,sɔhɔɽɾɛ baɾ menaa.
পাঠটি ভালো।,The lesson is good.,sikʰnɘt̪ d̪ɔ mɔ̃ɟa.
আমরা মাছ কিনেছি।,We have bought the fish.,alɛ d̪ɔ haku kiɾiɲakada.
গতকাল আমি মোবাইল ফোন কিনে গ্রামে আসব।,"Yesterday, I buy the mobile phone and then come to the village.",hɔlaɾɛ iɲ mɔbaĭl pʰon kiɾiɲkat̪ɛ at̪oɾɛ hiɟuʔa.
উঠানে একটি কথা আছে।,There is a word in the courtyard of house.,bəteɾɛ kat̪ʰa menaa.
আমি বিক্রি করছি।,I am selling.,iɲiɲ ɘkʰɾiɲɛd̪a.
তারা মোবাইল ফোন বিক্রি করেছে।,They have sold the mobile phone.,oŋko d̪ɔ mɔbaĭl pʰon ɘkʰɾiɲakada.
ভূগোলটি পরিষ্কার।,The geography is clean.,bʰugol d̪ɔ sapʰaa.
বাড়ি কোথায় আছে?,Where is the house?,ɔɽaʔ d̪ɔ ɔkaɾɛ menaa.
তোমরা বাবা সাহায্য করবে না।,You all do not help the father.,apɛ d̪ɔ baba bapɛ gɔɽɔa.
ভাষাটি গুরুত্বপূর্ণ।,The language is important.,pɘɾsi d̪ɔ ɟɘɾuɽa.
আমরা কথা পড়ব।,We will study the word.,alɛ d̪ɔ kat̪ʰa paɽha͡o̯a.
সম্পদটি পরিষ্কার।,The wealth is clean.,at͡ʃel d̪ɔ sapʰaa.
তাদের সময়কাল নতুন।,Their period is new.,oŋkoaʔ ãʈɾe d̪ɔ nɔwaa.
তোমাদের ছুতার পরিষ্কার।,Your carpenter is clean.,apɛaʔ bəɖʰi d̪ɔ sapʰaa.
তোমাদের শুকর ভালো।,Your pig is good.,apɛaʔ suk̚ɾi d̪ɔ mɔ̃ɟa.
বিস্তীর্ণ ভূমিে একটি জিহ্বা আছে।,There is a tongue in the wide expanse of land.,bilənɾɛ alaŋ menaa.
গতকাল আমরা ভাষা লিখে কুয়ায় খেলব।,"Yesterday, we write the language and then play in the well.",hɔlaɾɛ alɛ pɘɾsi ɔlɔʔkat̪ɛ kuɲɾɛ gat̪ea.
"আমি মন দেখব, কিন্তু বড় ইঁদুর দেখব না।","I will see the mind, but do not see the bandicoot rat.",iɲ d̪ɔ aŋ ɲɛla mɛnkʰan bʰus goɖo bɘɲ ɲɛla.
বন্য শুকরটি আনন্দের।,The boar is happy.,bʰatoɽ d̪ɔ ɾɘskɘa.
গতকাল তারা পানি পান করে নদীতে যাবে।,"Yesterday, they drink the water and then go to the river.",hɔlaɾɛ oŋko d̪aʔ ɲukat̪ɛ gaɖaɾɛ calaʔa.
বংশধরটি গুরুত্বপূর্ণ।,The descendants is important.,ãosa bãosa d̪ɔ ɟɘɾuɽa.
ছোট মশাটি ভালো।,The midge is good.,bəsɳɖi d̪ɔ mɔ̃ɟa.
"আমরা কথা লিখব, কিন্তু ভাষা লিখব না।","We will write the word, but do not write the language.",alɛ d̪ɔ kat̪ʰa ɔlɔʔa mɛnkʰan pɘɾsi balɛ ɔlɔʔa.
আজ আমরা পানি পান করে স্কুলে যাব।,"Today, we drink the water and then go to the school.",t̪eheɲɾɛ alɛ d̪aʔ ɲukat̪ɛ iskulɾɛ calaʔa.
"আমি মাছ খাব, কিন্তু রান্না খাব না।","I will eat the fish, but do not eat the cooked food.",iɲ d̪ɔ haku ɟɔma mɛnkʰan basaŋ bɘɲ ɟɔma.
সেই সময় তুমি ঔষধ কিনে শহরে যাবে।,"At that time, you buy the medicine and then go to the town.",ɔkt̪ɛɾɛ am ɾan kiɾiɲkat̪ɛ sɔhɔɽɾɛ calaʔa.
তারা ভাষা লিখেছে।,They have written the language.,oŋko d̪ɔ pɘɾsi ɔlɔʔakada.
তোমার ন্যায়বিচারের আবেদন গুরুত্বপূর্ণ।,Your appeal for justice is important.,amaʔ əpʰil dohae̯ d̪ɔ ɟɘɾuɽa.
ইংল্যান্ডে একটি রান্না আছে।,There is a cooked food in the england.,bilətɾɛ basaŋ menaa.
"আমি ডাক্তার সাহায্য করব, কিন্তু বাবা সাহায্য করব না।","I will help the doctor, but do not help the father.",iɲ d̪ɔ ɖak̚t̪aɾ gɔɽɔa mɛnkʰan baba bɘɲ gɔɽɔa.
দোষটি পরিষ্কার।,The fault is clean.,əpəi̯ d̪ɔ sapʰaa.
শহরে একটি অর্ধ বিঘা আছে।,There is a half bigha in the town.,sɔhɔɽɾɛ bʰənga menaa.
"আমি দুধ পান করব, কিন্তু দুধ পান করব না।","I will drink the milk, but do not drink the milk.",iɲ d̪ɔ t̪o̯͡a ɲua mɛnkʰan t̪o̯͡a bɘɲ ɲua.
আমি মাছ কিনব।,I will buy the fish.,iɲ d̪ɔ haku kiɾiɲa.
আড়ালে একটি অন্ধ ভয় আছে।,There is a superstitious fear in the covert.,ao̯tanɾɛ bʰae̯ menaa.
"তোমরা রান্না খাবে, কিন্তু মাছ খাবে না।","You all will eat the cooked food, but do not eat the fish.",apɛ d̪ɔ basaŋ ɟɔma mɛnkʰan haku bapɛ ɟɔma.
তোমার নদী নতুন।,Your river is new.,amaʔ gaɖa d̪ɔ nɔwaa.
তুমি স্বাস্থ্য দেখেছ।,You have seen the health.,am d̪ɔ bega d͡ʒudə ɲɛlakada.
"তুমি রান্না খাবে, কিন্তু রান্না খাবে না।","You will eat the cooked food, but do not eat the cooked food.",am d̪ɔ basaŋ ɟɔma mɛnkʰan basaŋ bam ɟɔma.
ইংল্যান্ডে একটি শস্য আছে।,There is a grain in the england.,bilətɾɛ an menaa.
একটি ঘড়ি কুয়ায় আছে।,One watch is in the well.,mit̪ʔ gʰuɽi d̪ɔ kuɲɾɛ menaa.
সে খাবার পেয়েছিল।,He/she got the food.,unii̯ ɟɔmaʔ ɲamkeda.
সে কথা বলেছে।,He/she has spoken the word.,uni d̪ɔ kat̪ʰa ɾɔɽakada.
নদীতে একটি পিঁপড়া আছে।,There is an ant in the river.,gaɖaɾɛ muc̚ʔ menaa.
শুরুটি গুরুত্বপূর্ণ।,The beginning is important.,əd d̪ɔ ɟɘɾuɽa.
একটি শুকর স্কুলে আছে।,One pig is in the school.,mit̪ʔʈɛn suk̚ɾi d̪ɔ iskulɾɛ menaa.
সকালটি ভালো।,The morning is good.,ãɽgat d̪ɔ mɔ̃ɟa.
আমি ঘোড়া দেখব না।,I do not see the horse.,iɲ d̪ɔ əɳɖiə̯ sadɔm bɘɲ ɲɛla.
একটি শুকর গ্রামে আছে।,One pig is in the village.,mit̪ʔʈɛn suk̚ɾi d̪ɔ at̪oɾɛ menaa.
পাড়াে একটি মাছ আছে।,There is a fish in the neighbourhood.,aɖe paseɾɛ haku menaa.
আমরা মোবাইল ফোন কিনব না।,We do not buy the mobile phone.,alɛ d̪ɔ mɔbaĭl pʰon balɛ kiɾiɲa.
আমরা মাছ ও খাবার কিনব।,We will buy the fish and the food.,alɛ d̪ɔ haku aɾ ɟɔmaʔ kiɾiɲa.
বাসস্থানে একটি নামা আছে।,There is a descent in the residence.,basaɾɛ anãɽgo menaa.
সে লিখছে।,He/she is writing.,unii̯ ɔlɔʔɛd̪a.
তাদের ভাই ভালো।,Their brother is good.,oŋkoaʔ bɔ͡i̯ha d̪ɔ mɔ̃ɟa.
আমাদের দুধ পরিষ্কার।,Our milk is clean.,alɛaʔ t̪o̯͡a d̪ɔ sapʰaa.
আমি মানুষ সাহায্য করব না।,I do not help the person.,iɲ d̪ɔ hɔɽ bɘɲ gɔɽɔa.
আমার উৎসব ভালো।,My festival is good.,iɲaʔ pɔɾɔb d̪ɔ mɔ̃ɟa.
সকালে তারা ডালিম দেখে বাড়িতে খেলবে।,"In the morning, they see the pomegranate and then play in the house.",sɛt̪aʔɾɛ oŋko anaɾ ɲɛlkat̪ɛ ɔɽaʔɾɛ gat̪ea.
আমার কাঠের খুঁটি পরিষ্কার।,My wooden pin is clean.,iɲaʔ bʰaɲd͡ʒ kʰuɳʈi d̪ɔ sapʰaa.
আজ তারা কুমারী দেখে স্কুলে আসবে।,"Today, they see the virgin and then come to the school.",t̪eheɲɾɛ oŋko aɾda kuɽi ɲɛlkat̪ɛ iskulɾɛ hiɟuʔa.
নিকটবর্তী এলাকাে একটি জাফরি আছে।,There is a lattice work in the vicinity.,aɖe ʈolaɾɛ bata menaa.
তুমি উদ্বেগ দেখবে না।,You do not see the anxiety.,am d̪ɔ bʰabna bam ɲɛla.
বাসস্থানে একটি আখড়া আছে।,There is a gathering in the residence.,basaɾɛ akʰɾa menaa.
"আমরা ঘড়ি কিনব, কিন্তু মাছ কিনব না।","We will buy the watch, but do not buy the fish.",alɛ d̪ɔ gʰuɽi kiɾiɲa mɛnkʰan haku balɛ kiɾiɲa.
তুমি তাঁতের অংশ ও ভূমিকম্প দেখবে।,You will see the heddles of loom and the earthquake.,am d̪ɔ bade aɾ bʰut͡ʃampa ɲɛla.
তার ঢোলকি বাদক গুরুত্বপূর্ণ।,His/her drummer is important.,uniaʔ bəd͡ʒni d̪ɔ ɟɘɾuɽa.
বাসস্থানে একটি খাবার আছে।,There is a food in the residence.,basaɾɛ ɟɔmaʔ menaa.
সে পরিমাপ দেখেছিল।,He/she saw the measure.,unii̯ ae̯ ɲɛlkeda.
তারা রান্না ও মাছ খাবে।,They will eat the cooked food and the fish.,oŋko d̪ɔ basaŋ aɾ haku ɟɔma.
একটি ভাগ্নে স্কুলে আছে।,One nephew is in the school.,mit̪ʔʈɛn bʰəgnə d̪ɔ iskulɾɛ menaa.
রোগটি ভালো।,The illness is good.,ɾu̯͡ɘ d̪ɔ mɔ̃ɟa.
গতকাল আমরা কথা লিখে শহরে যাব।,"Yesterday, we write the word and then go to the town.",hɔlaɾɛ alɛ kat̪ʰa ɔlɔʔkat̪ɛ sɔhɔɽɾɛ calaʔa.
একটি বিদেশী গ্রামে আছে।,One foreigner is in the village.,mit̪ʔʈɛn bidesiə̯ d̪ɔ at̪oɾɛ menaa.
একটি স্ত্রী বাড়িতে আছে।,One wife is in the house.,mit̪ʔʈɛn bəhu d̪ɔ ɔɽaʔɾɛ menaa.
একটি উত্তরাধিকার গ্রামে আছে।,One heritage is in the village.,mit̪ʔʈɛn bapɔti dʰɔn d̪ɔ at̪oɾɛ menaa.
আমি ঔষধ পাব।,I will get the medicine.,iɲ d̪ɔ ɾan ɲama.
আতশবাজিটি গুরুত্বপূর্ণ।,The fireworks is important.,bʰui̯t͡ʃampa d̪ɔ ɟɘɾuɽa.
আমরা পছন্দ দেখব না।,We do not see the choice.,alɛ d̪ɔ əpɾug balɛ ɲɛla.
তোমাদের নয় পরিষ্কার।,Your nine is clean.,apɛaʔ aɾe d̪ɔ sapʰaa.
গতকাল আমরা ঘড়ি কিনে হ্রদে আসব।,"Yesterday, we buy the watch and then come to the lake.",hɔlaɾɛ alɛ gʰuɽi kiɾiɲkat̪ɛ ɟɔlaɾɛ hiɟuʔa.
তুমি জোনাকি ও পূর্বপুরুষ দেখবে।,You will see the firefly and the patriarch.,am d̪ɔ bakd͡ʒunu aɾ əgil hapɽam ɲɛla.
খাবারের অবশিষ্টটি ভালো।,The leftover food is good.,əi̯ʈʰə d̪ɔ mɔ̃ɟa.
সকালে সে কথা পড়ে স্কুলে খেলবে।,"In the morning, he/she study the word and then play in the school.",sɛt̪aʔɾɛ uni kat̪ʰa paɽha͡o̯kat̪ɛ iskulɾɛ gat̪ea.
আমি মাপদণ্ড ও গাড়ির চাকায় লাগানো খিল দেখব।,I will see the rod and the cog put before a cartwheel.,iɲ d̪ɔ aɽəni ɖaŋ aɾ baɳdʰi ɲɛla.
বিস্তীর্ণ ভূমিে একটি শোক আছে।,There is a grief in the wide expanse of land.,bilənɾɛ bedna menaa.
পেরিনিয়াল ফোঁড়াটি নতুন।,The perineal abscess is new.,andʰãɾ gãɳɖ d̪ɔ nɔwaa.
তোমাদের কুয়া ভালো।,Your well is good.,apɛaʔ kuɲ d̪ɔ mɔ̃ɟa.
একটি ভণ্ড নদীতে আছে।,One pretender is in the river.,mit̪ʔʈɛn bʰiduk d̪ɔ gaɖaɾɛ menaa.
গতকাল আমরা মাছ কিনে হ্রদে কাজ করব।,"Yesterday, we buy the fish and then work in the lake.",hɔlaɾɛ alɛ haku kiɾiɲkat̪ɛ ɟɔlaɾɛ kɘmia.
তোমরা ঘড়ি বিক্রি করেছিলে।,You all sold the watch.,apɛpɛ gʰuɽi ɘkʰɾiɲkeda.
তারা ভাষা পড়বে না।,They do not study the language.,oŋko d̪ɔ pɘɾsi bako paɽha͡o̯a.
সে মাছ ও ঘড়ি কিনবে।,He/she will buy the fish and the watch.,uni d̪ɔ haku aɾ gʰuɽi kiɾiɲa.
আমরা তরকারি ও উৎসব দেখব।,We will see the vegetables and the festival.,alɛ d̪ɔ aɽak̕ sakam aɾ pɔɾɔb ɲɛla.
তোমার অগ্রিম টাকা নতুন।,Your advance is new.,amaʔ bae̯na d̪ɔ nɔwaa.
আশ্বিন মাসটি নতুন।,The september–october is new.,asin d̪ɔ nɔwaa.
সেই সময় তুমি খাবার খেয়ে স্কুলে যাবে।,"At that time, you eat the food and then go to the school.",ɔkt̪ɛɾɛ am ɟɔmaʔ ɟɔmkat̪ɛ iskulɾɛ calaʔa.
তোমরা বাবা সাহায্য করেছিলে।,You all helped the father.,apɛpɛ baba gɔɽɔkeda.
সকালে তোমরা পাঠ পড়ে হ্রদে আসবে।,"In the morning, you all study the lesson and then come to the lake.",sɛt̪aʔɾɛ apɛ sikʰnɘt̪ paɽha͡o̯kat̪ɛ ɟɔlaɾɛ hiɟuʔa.
তারা পছন্দ দেখেছিল।,They saw the choice.,oŋkoko əpɾug ɲɛlkeda.
সেই সময় তোমরা দুধ পান করে হ্রদে যাবে।,"At that time, you all drink the milk and then go to the lake.",ɔkt̪ɛɾɛ apɛ t̪o̯͡a ɲukat̪ɛ ɟɔlaɾɛ calaʔa.
নিকটবর্তী এলাকাে একটি নির্বোধ ব্যক্তি আছে।,There is a dunce in the vicinity.,aɖe ʈolaɾɛ akoɾma menaa.
সময়টি পরিষ্কার।,The time is clean.,ɔkt̪ɛ d̪ɔ sapʰaa.
ছবিটি নতুন।,The photo is new.,pʰɔʈɔ d̪ɔ nɔwaa.
তোমার হ্রদ পরিষ্কার।,Your lake is clean.,amaʔ ɟɔla d̪ɔ sapʰaa.
"তুমি টাকা পাবে, কিন্তু খাবার পাবে না।","You will get the money, but do not get the food.",am d̪ɔ ʈaka ɲama mɛnkʰan ɟɔmaʔ bam ɲama.
উঠানে একটি বর্শা আছে।,There is a spear in the courtyard of house.,bəteɾɛ bəɾt͡ʃʰi menaa.
কথা কোথায় আছে?,Where is the word?,kat̪ʰa d̪ɔ ɔkaɾɛ menaa.
ছোট মশাটি আনন্দের।,The midge is happy.,bəsɳɖi d̪ɔ ɾɘskɘa.
তারা মোবাইল ফোন ও মাছ কিনবে।,They will buy the mobile phone and the fish.,oŋko d̪ɔ mɔbaĭl pʰon aɾ haku kiɾiɲa.
তোমরা শিশু সাহায্য করেছ।,You all have helped the child.,apɛ d̪ɔ gid̪ɾɘ gɔɽɔakada.
তারা মোবাইল ফোন ও খাবার কিনবে।,They will buy the mobile phone and the food.,oŋko d̪ɔ mɔbaĭl pʰon aɾ ɟɔmaʔ kiɾiɲa.
তোমার শস্য সুস্বাদু।,Your grain is tasty.,amaʔ an d̪ɔ sibila.
সেবাটি নতুন।,The service is new.,aŋgɾa d̪ɔ nɔwaa.
তোমরা মাছ কিনবে না।,You all do not buy the fish.,apɛ d̪ɔ haku bapɛ kiɾiɲa.
তার বাঘ ভালো।,His/her tiger is good.,uniaʔ t̪ɘɾup̚ʔ d̪ɔ mɔ̃ɟa.
আমাদের স্কুল নতুন।,Our school is new.,alɛaʔ iskul d̪ɔ nɔwaa.
ভাগ্নেটি ছোট।,The nephew is small.,bʰəgnə d̪ɔ lɘʈua.
একটি শিশু স্কুলে আছে।,One baby is in the school.,mit̪ʔʈɛn bale d̪ɔ iskulɾɛ menaa.
বৃদ্ধিটি পরিষ্কার।,The growth is clean.,baɽhɔnta d̪ɔ sapʰaa.
সেই সময় আমি খাবার কিনে শহরে খেলব।,"At that time, I buy the food and then play in the town.",ɔkt̪ɛɾɛ iɲ ɟɔmaʔ kiɾiɲkat̪ɛ sɔhɔɽɾɛ gat̪ea.
"তারা মোবাইল ফোন বিক্রি করবে, কিন্তু ঘড়ি বিক্রি করবে না।","They will sell the mobile phone, but do not sell the watch.",oŋko d̪ɔ mɔbaĭl pʰon ɘkʰɾiɲa mɛnkʰan gʰuɽi bako ɘkʰɾiɲa.
পাটি গুরুত্বপূর্ণ।,The leg is important.,ɟaŋga d̪ɔ ɟɘɾuɽa.
তাদের ঘড়ি পরিষ্কার।,Their watch is clean.,oŋkoaʔ gʰuɽi d̪ɔ sapʰaa.
আমরা এক প্রজাতির কাক দেখেছি।,We have seen the bow-billed corby.,alɛ d̪ɔ bʰoɳɖa kəhu ɲɛlakada.
তুমি জীবন দেখেছিলে।,You saw the life.,amɛm ɟiŋgi ɲɛlkeda.
বাড়িতে একটি প্রতারক আছে।,There is a deceiver in the house.,ɔɽaʔɾɛ bʰataha menaa.
আজ আমি ভাষা পড়ে কুয়ায় কাজ করব।,"Today, I study the language and then work in the well.",t̪eheɲɾɛ iɲ pɘɾsi paɽha͡o̯kat̪ɛ kuɲɾɛ kɘmia.
একটি শিশু গ্রামে আছে।,One baby is in the village.,mit̪ʔʈɛn bale d̪ɔ at̪oɾɛ menaa.
তুমি মানুষ সাহায্য করবে।,You will help the person.,am d̪ɔ hɔɽ gɔɽɔa.
তারা খাবার খাবে।,They will eat the food.,oŋko d̪ɔ ɟɔmaʔ ɟɔma.
তার স্কুল নতুন।,His/her school is new.,uniaʔ iskul d̪ɔ nɔwaa.
বাসস্থানে একটি পা আছে।,There is a foot in the residence.,basaɾɛ kaʈa menaa.
"তুমি ভাষা বলবে, কিন্তু ভাষা বলবে না।","You will speak the language, but do not speak the language.",am d̪ɔ pɘɾsi ɾɔɽa mɛnkʰan pɘɾsi bam ɾɔɽa.
তার মোবাইল ফোন পরিষ্কার।,His/her mobile phone is clean.,uniaʔ mɔbaĭl pʰon d̪ɔ sapʰaa.
আমাদের পা গুরুত্বপূর্ণ।,Our foot is important.,alɛaʔ kaʈa d̪ɔ ɟɘɾuɽa.
আমি খাবার বিক্রি করব।,I will sell the food.,iɲ d̪ɔ ɟɔmaʔ ɘkʰɾiɲa.
"তোমরা মাছ বিক্রি করবে, কিন্তু মোবাইল ফোন বিক্রি করবে না।","You all will sell the fish, but do not sell the mobile phone.",apɛ d̪ɔ haku ɘkʰɾiɲa mɛnkʰan mɔbaĭl pʰon bapɛ ɘkʰɾiɲa.
সেই সময় তারা পশুর স্তন দেখে কুয়ায় কাজ করবে।,"At that time, they see the udder and then work in the well.",ɔkt̪ɛɾɛ oŋko əɳɖwəɾ ɲɛlkat̪ɛ kuɲɾɛ kɘmia.
সেই সময় তুমি ভাষা লিখে স্কুলে খেলবে।,"At that time, you write the language and then play in the school.",ɔkt̪ɛɾɛ am pɘɾsi ɔlɔʔkat̪ɛ iskulɾɛ gat̪ea.
তাদের মা ভালো।,Their mother is good.,oŋkoaʔ gɔgɔ d̪ɔ mɔ̃ɟa.
সেই সময় তোমরা ঔষধ কিনে স্কুলে যাবে।,"At that time, you all buy the medicine and then go to the school.",ɔkt̪ɛɾɛ apɛ ɾan kiɾiɲkat̪ɛ iskulɾɛ calaʔa.
ডুমুর গাছের এক প্রজাতিটি পরিষ্কার।,The fig tree is clean.,əɲd͡ʒiɾ d̪ɔ sapʰaa.
নির্গমনটি ভালো।,The emanation is good.,əhlə d̪ɔ mɔ̃ɟa.
আজ আমি পানি পান করে কুয়ায় আসব।,"Today, I drink the water and then come to the well.",t̪eheɲɾɛ iɲ d̪aʔ ɲukat̪ɛ kuɲɾɛ hiɟuʔa.
"তোমরা ভান দেখবে, কিন্তু বেত গাছ দেখবে না।","You all will see the pretence, but do not see the rattan.",apɛ d̪ɔ aɽsa ɲɛla mɛnkʰan bɛ̃t bapɛ ɲɛla.
তোমার জেলে ছোট।,Your fisherman is small.,amaʔ ɟɘliɘ d̪ɔ lɘʈua.
আজ আমরা তাঁতের অংশ দেখে শহরে যাব।,"Today, we see the heddles of loom and then go to the town.",t̪eheɲɾɛ alɛ bade ɲɛlkat̪ɛ sɔhɔɽɾɛ calaʔa.
তোমরা ছোট কুঠার দেখবে।,You all will see the small adze.,apɛ d̪ɔ bəslə ɲɛla.
"তোমরা মোবাইল ফোন কিনবে, কিন্তু মাছ কিনবে না।","You all will buy the mobile phone, but do not buy the fish.",apɛ d̪ɔ mɔbaĭl pʰon kiɾiɲa mɛnkʰan haku bapɛ kiɾiɲa.
সেই সময় আমরা রান্না খেয়ে নদীতে আসব।,"At that time, we eat the cooked food and then come to the river.",ɔkt̪ɛɾɛ alɛ basaŋ ɟɔmkat̪ɛ gaɖaɾɛ hiɟuʔa.
নিকটবর্তী এলাকাে একটি বেদ আছে।,There is a vedas in the vicinity.,aɖe ʈolaɾɛ bed menaa.
গতকাল সে পাঠ পড়ে স্কুলে কাজ করবে।,"Yesterday, he/she study the lesson and then work in the school.",hɔlaɾɛ uni sikʰnɘt̪ paɽha͡o̯kat̪ɛ iskulɾɛ kɘmia.
"তারা বর্শা দেখবে, কিন্তু সম্পদ দেখবে না।","They will see the spear, but do not see the wealth.",oŋko d̪ɔ bəɾt͡ʃʰi ɲɛla mɛnkʰan at͡ʃel bako ɲɛla.
তাদের অর্জন ভালো।,Their gain is good.,oŋkoaʔ ae̯ upəi̯ d̪ɔ mɔ̃ɟa.
গুহাে একটি অগ্রিম টাকা আছে।,There is an advance in the cave.,bʰugək̕ɾɛ bae̯na menaa.
সে বেঁকানো যন্ত্র দেখেছিল।,He/she saw the brace for boring.,unii̯ bʰãoɾa ɲɛlkeda.
সে ভূগোল দেখবে না।,He/she does not see the geography.,uni d̪ɔ bʰugol bai̯ ɲɛla.
তোমরা রান্না ও খাবার খাবে।,You all will eat the cooked food and the food.,apɛ d̪ɔ basaŋ aɾ ɟɔmaʔ ɟɔma.
"তারা খাবার খাবে, কিন্তু মধু খাবে না।","They will eat the food, but do not eat the honey.",oŋko d̪ɔ ɟɔmaʔ ɟɔma mɛnkʰan ɲɛlɛɾasa bako ɟɔma.
আমরা মা সাহায্য করেছি।,We have helped the mother.,alɛ d̪ɔ gɔgɔ gɔɽɔakada.
গ্রামে একটি ব্যান্ডেজ আছে।,There is a bandger in the village.,at̪oɾɛ bədʰi menaa.
দুধ কোথায় আছে?,Where is the milk?,t̪o̯͡a d̪ɔ ɔkaɾɛ menaa.
হ্রদে একটি আখড়া আছে।,There is a gathering in the lake.,ɟɔlaɾɛ akʰɾa menaa.
আজ সে মধু খেয়ে হ্রদে আসবে।,"Today, he/she eat the honey and then come to the lake.",t̪eheɲɾɛ uni ɲɛlɛɾasa ɟɔmkat̪ɛ ɟɔlaɾɛ hiɟuʔa.
আমরা লাভ দেখেছি।,We have seen the benefit.,alɛ d̪ɔ bapʰa ɲɛlakada.
আজ আমি রান্না খেয়ে শহরে খেলব।,"Today, I eat the cooked food and then play in the town.",t̪eheɲɾɛ iɲ basaŋ ɟɔmkat̪ɛ sɔhɔɽɾɛ gat̪ea.
সেই সময় আমি ঔষধ কিনে হ্রদে খেলব।,"At that time, I buy the medicine and then play in the lake.",ɔkt̪ɛɾɛ iɲ ɾan kiɾiɲkat̪ɛ ɟɔlaɾɛ gat̪ea.
"আমি খাবার খাব, কিন্তু রান্না খাব না।","I will eat the food, but do not eat the cooked food.",iɲ d̪ɔ ɟɔmaʔ ɟɔma mɛnkʰan basaŋ bɘɲ ɟɔma.
"তারা পানি পান করবে, কিন্তু পানি পান করবে না।","They will drink the water, but do not drink the water.",oŋko d̪ɔ d̪aʔ ɲua mɛnkʰan d̪aʔ bako ɲua.
তোমার বট গাছ গুরুত্বপূর্ণ।,Your banyan tree is important.,amaʔ baɽe d̪ɔ ɟɘɾuɽa.
অবসরটি পরিষ্কার।,The leisure is clean.,apʰsoɾ d̪ɔ sapʰaa.
গ্রামে একটি পানি আছে।,There is a water in the village.,at̪oɾɛ d̪aʔ menaa.
"সে ঔষধ পাবে, কিন্তু ছবি পাবে না।","He/she will get the medicine, but does not get the photo.",uni d̪ɔ ɾan ɲama mɛnkʰan pʰɔʈɔ bai̯ ɲama.
"তারা মোবাইল ফোন বিক্রি করবে, কিন্তু মাছ বিক্রি করবে না।","They will sell the mobile phone, but do not sell the fish.",oŋko d̪ɔ mɔbaĭl pʰon ɘkʰɾiɲa mɛnkʰan haku bako ɘkʰɾiɲa.
তোমরা ঘড়ি ও উৎসব দেখবে।,You all will see the watch and the festival.,apɛ d̪ɔ gʰuɽi aɾ pɔɾɔb ɲɛla.
পাড়াে একটি বিড়াল আছে।,There is a cat in the neighbourhood.,aɖe paseɾɛ pusi menaa.
তুমি টাকা পেয়েছিলে।,You got the money.,amɛm ʈaka ɲamkeda.
গতকাল তুমি খাবার কিনে বাড়িতে খেলবে।,"Yesterday, you buy the food and then play in the house.",hɔlaɾɛ am ɟɔmaʔ kiɾiɲkat̪ɛ ɔɽaʔɾɛ gat̪ea.
সেনাবাহিনীটি নতুন।,The army is new.,aɽa d̪ɔ nɔwaa.
আমাদের কুয়া পরিষ্কার।,Our well is clean.,alɛaʔ kuɲ d̪ɔ sapʰaa.
আমি ঔষধ কিনেছি।,I have bought the medicine.,iɲ d̪ɔ ɾan kiɾiɲakada.
পাড়াে একটি কুয়া আছে।,There is a well in the neighbourhood.,aɖe paseɾɛ kuɲ menaa.
"তারা মাছের ছিটেফোঁটা সংগ্রহ দেখবে, কিন্তু উদ্বেগ দেখবে না।","They will see the gleanings of fish, but do not see the anxiety.",oŋko d̪ɔ bəɾəu̯ɖʰa ɲɛla mɛnkʰan bʰabna bako ɲɛla.
আমি খাবার কিনব না।,I do not buy the food.,iɲ d̪ɔ ɟɔmaʔ bɘɲ kiɾiɲa.
বাসস্থানে একটি পেয়ারা আছে।,There is a guava in the residence.,basaɾɛ əmɾud menaa.
আমরা শিশু সাহায্য করব না।,We do not help the child.,alɛ d̪ɔ gid̪ɾɘ balɛ gɔɽɔa.
আঙুরটি গুরুত্বপূর্ণ।,The grape is important.,aŋguɾ d̪ɔ ɟɘɾuɽa.
ইংল্যান্ডে একটি বেশ্যা আছে।,There is a harlot in the england.,bilətɾɛ bət͡ʃkəɾ menaa.
বিস্তীর্ণ ভূমিে একটি অভ্র আছে।,There is a mica in the wide expanse of land.,bilənɾɛ abɾak menaa.
"আমরা মাছ বিক্রি করব, কিন্তু মোবাইল ফোন বিক্রি করব না।","We will sell the fish, but do not sell the mobile phone.",alɛ d̪ɔ haku ɘkʰɾiɲa mɛnkʰan mɔbaĭl pʰon balɛ ɘkʰɾiɲa.
তার কথা গুরুত্বপূর্ণ।,His/her word is important.,uniaʔ kat̪ʰa d̪ɔ ɟɘɾuɽa.
আজ তুমি মাছ কিনে স্কুলে আসবে।,"Today, you buy the fish and then come to the school.",t̪eheɲɾɛ am haku kiɾiɲkat̪ɛ iskulɾɛ hiɟuʔa.
সেই সময় আমি রান্না খেয়ে স্কুলে কাজ করব।,"At that time, I eat the cooked food and then work in the school.",ɔkt̪ɛɾɛ iɲ basaŋ ɟɔmkat̪ɛ iskulɾɛ kɘmia.
আমার পবিত্র সিন্দুক পরিষ্কার।,My ark of the covenant is clean.,iɲaʔ ən sunduk d̪ɔ sapʰaa.
আজ আমরা মধু খেয়ে বাড়িতে কাজ করব।,"Today, we eat the honey and then work in the house.",t̪eheɲɾɛ alɛ ɲɛlɛɾasa ɟɔmkat̪ɛ ɔɽaʔɾɛ kɘmia.
আমি বাদ্যযন্ত্র দেখব।,I will see the musical instrument.,iɲ d̪ɔ bad͡ʒa ɲɛla.
একটি ভিক্ষুক হ্রদে আছে।,One beggar is in the lake.,mit̪ʔʈɛn bʰikʰəɾi d̪ɔ ɟɔlaɾɛ menaa.
বিস্তীর্ণ ভূমিে একটি বিবাহ আছে।,There is a marriage in the wide expanse of land.,bilənɾɛ bapla menaa.
শহরে একটি অনুশীলন আছে।,There is a practice in the town.,sɔhɔɽɾɛ bɛbɔhaɾ menaa.
সকালে তোমরা খাবার কিনে বাড়িতে যাবে।,"In the morning, you all buy the food and then go to the house.",sɛt̪aʔɾɛ apɛ ɟɔmaʔ kiɾiɲkat̪ɛ ɔɽaʔɾɛ calaʔa.
তোমাদের জেলে ভালো।,Your fisherman is good.,apɛaʔ ɟɘliɘ d̪ɔ mɔ̃ɟa.
একটি কিশোর গ্রামে আছে।,One hobbledehoy is in the village.,mit̪ʔʈɛn bat͡ʃʰɽa koɽa d̪ɔ at̪oɾɛ menaa.
সকালে তোমরা মাছ কিনে গ্রামে খেলবে।,"In the morning, you all buy the fish and then play in the village.",sɛt̪aʔɾɛ apɛ haku kiɾiɲkat̪ɛ at̪oɾɛ gat̪ea.
একটি কিশোর কুয়ায় আছে।,One hobbledehoy is in the well.,mit̪ʔʈɛn bat͡ʃʰɽa koɽa d̪ɔ kuɲɾɛ menaa.
"আমি অংশীদার দেখব, কিন্তু এক ধরনের বাদ্যযন্ত্র দেখব না।","I will see the partner, but do not see the a kind of fiddle.",iɲ d̪ɔ bʰəgiə̯ɾi ɲɛla mɛnkʰan banam bɘɲ ɲɛla.
সেই সময় সে ভাষা লিখে শহরে আসবে।,"At that time, he/she write the language and then come to the town.",ɔkt̪ɛɾɛ uni pɘɾsi ɔlɔʔkat̪ɛ sɔhɔɽɾɛ hiɟuʔa.
অভিযোগকারীটি ভালো।,The accuser is good.,bədi d̪ɔ mɔ̃ɟa.
গতকাল তারা কথা পড়ে কুয়ায় আসবে।,"Yesterday, they study the word and then come to the well.",hɔlaɾɛ oŋko kat̪ʰa paɽha͡o̯kat̪ɛ kuɲɾɛ hiɟuʔa.
বাসস্থানে একটি আনারস আছে।,There is a pineapple in the residence.,basaɾɛ ananas menaa.
আমি মোবাইল ফোন ও খাবার কিনব।,I will buy the mobile phone and the food.,iɲ d̪ɔ mɔbaĭl pʰon aɾ ɟɔmaʔ kiɾiɲa.
শহরে একটি ফুল আছে।,There is a flower in the town.,sɔhɔɽɾɛ baha menaa.
কুয়ায় একটি শাল আছে।,There is a shawl in the well.,kuɲɾɛ bəɾki menaa.
উঠানে একটি বাচ্চা ঘোড়া আছে।,There is a colt in the courtyard of house.,bəteɾɛ bat͡ʃʰaɽa sadɔm menaa.
বিদ্যাটি নতুন।,The learning is new.,bidiə̯ d̪ɔ nɔwaa.
তার শিখা ভালো।,His/her flame is good.,uniaʔ ãt͡ʃ d̪ɔ mɔ̃ɟa.
নিকটবর্তী এলাকাে একটি উৎসব আছে।,There is a festival in the vicinity.,aɖe ʈolaɾɛ pɔɾɔb menaa.
একটি টাকা বাড়িতে আছে।,One money is in the house.,mit̪ʔ ʈaka d̪ɔ ɔɽaʔɾɛ menaa.
সকালে তুমি পাঠ পড়ে বাড়িতে কাজ করবে।,"In the morning, you study the lesson and then work in the house.",sɛt̪aʔɾɛ am sikʰnɘt̪ paɽha͡o̯kat̪ɛ ɔɽaʔɾɛ kɘmia.
পাড়াে একটি কুলি নিয়োগকারী আছে।,There is a recruiter in the neighbourhood.,aɖe paseɾɛ aɽkəʈʰiə̯ menaa.
বিস্তীর্ণ ভূমিে একটি রোগ আছে।,There is an illness in the wide expanse of land.,bilənɾɛ ɾu̯͡ɘ menaa.
"তুমি দুধ পান করবে, কিন্তু দুধ পান করবে না।","You will drink the milk, but do not drink the milk.",am d̪ɔ t̪o̯͡a ɲua mɛnkʰan t̪o̯͡a bam ɲua.
হ্রদে একটি আফিম আছে।,There is an opium in the lake.,ɟɔlaɾɛ əpʰim menaa.
সে টকশাক দেখবে না।,He/she does not see the sorel.,uni d̪ɔ aɾak̕ kudɾum bai̯ ɲɛla.
অভাবটি নতুন।,The dearth is new.,akal d̪ɔ nɔwaa.
তোমরা মা সাহায্য করেছ।,You all have helped the mother.,apɛ d̪ɔ gɔgɔ gɔɽɔakada.
আড়ালে একটি নদী আছে।,There is a river in the covert.,ao̯tanɾɛ gaɖa menaa.
সে ডাক্তার সাহায্য করেছে।,He/she has helped the doctor.,uni d̪ɔ ɖak̚t̪aɾ gɔɽɔakada.
তোমাদের ভাই আনন্দের।,Your brother is happy.,apɛaʔ bɔ͡i̯ha d̪ɔ ɾɘskɘa.
আমরা বিশ দেখেছিলাম।,We saw the twenty.,alɛlɛ baɾ gɛl ɲɛlkeda.
শহরে একটি পশু তাড়ানোর লাঠি আছে।,There is a goad in the town.,sɔhɔɽɾɛ aɾd͡ʒan menaa.
গতকাল আমি ঔষধ কিনে গ্রামে কাজ করব।,"Yesterday, I buy the medicine and then work in the village.",hɔlaɾɛ iɲ ɾan kiɾiɲkat̪ɛ at̪oɾɛ kɘmia.
সকালে আমরা মাছ খেয়ে কুয়ায় যাব।,"In the morning, we eat the fish and then go to the well.",sɛt̪aʔɾɛ alɛ haku ɟɔmkat̪ɛ kuɲɾɛ calaʔa.
শিশুটি আনন্দের।,The child is happy.,gid̪ɾɘ d̪ɔ ɾɘskɘa.
তোমাদের ঝুড়ি নতুন।,Your basket is new.,apɛaʔ bʰad͡ʒan d̪ɔ nɔwaa.
গ্রামে একটি ভূত আছে।,There is a demon in the village.,at̪oɾɛ bʰut menaa.
আঙুলের ফোঁড়াটি নতুন।,The whitlow is new.,aŋguɾ biɽhi d̪ɔ nɔwaa.
উঠানে একটি কাজ আছে।,There is an occupation in the courtyard of house.,bəteɾɛ bʰɛd menaa.
তোমার হ্রদ নতুন।,Your lake is new.,amaʔ ɟɔla d̪ɔ nɔwaa.
একটি বোকা স্কুলে আছে।,One fool is in the school.,mit̪ʔʈɛn bemblaha d̪ɔ iskulɾɛ menaa.
কুয়ায় একটি পৈতৃক সম্পত্তি আছে।,There is a patrimony in the well.,kuɲɾɛ bapɔɾi dʰɔn menaa.
পাত্রটি নতুন।,The receptacle is new.,anataŋ d̪ɔ nɔwaa.
ইংল্যান্ডে একটি আদিবাসী আছে।,There is an aborigines in the england.,bilətɾɛ bəu̯ɾi menaa.
তোমাদের ঔষধ নতুন।,Your medicine is new.,apɛaʔ ɾan d̪ɔ nɔwaa.
তোমাদের ঢাল গুরুত্বপূর্ণ।,Your declivity is important.,apɛaʔ anaɽgo d̪ɔ ɟɘɾuɽa.
সে খাবার ও রান্না খাবে।,He/she will eat the food and the cooked food.,uni d̪ɔ ɟɔmaʔ aɾ basaŋ ɟɔma.
সেই সময় তোমরা কথা পড়ে শহরে যাবে।,"At that time, you all study the word and then go to the town.",ɔkt̪ɛɾɛ apɛ kat̪ʰa paɽha͡o̯kat̪ɛ sɔhɔɽɾɛ calaʔa.
সেই সময় তারা ভাষা পড়ে কুয়ায় কাজ করবে।,"At that time, they study the language and then work in the well.",ɔkt̪ɛɾɛ oŋko pɘɾsi paɽha͡o̯kat̪ɛ kuɲɾɛ kɘmia.
তার রান্না সুস্বাদু।,His/her cooked food is tasty.,uniaʔ basaŋ d̪ɔ sibila.
তার পিঁপড়া ছোট।,His/her ant is small.,uniaʔ muc̚ʔ d̪ɔ lɘʈua.
আমাদের বন্ধুত্ব ভালো।,Our friendship is good.,alɛaʔ bʰab d̪ɔ mɔ̃ɟa.
সেই সময় আমি মোবাইল ফোন কিনে হ্রদে খেলব।,"At that time, I buy the mobile phone and then play in the lake.",ɔkt̪ɛɾɛ iɲ mɔbaĭl pʰon kiɾiɲkat̪ɛ ɟɔlaɾɛ gat̪ea.
গতকাল তুমি অভ্যাস দেখে শহরে খেলবে।,"Yesterday, you see the habit and then play in the town.",hɔlaɾɛ am bʰəsi ɲɛlkat̪ɛ sɔhɔɽɾɛ gat̪ea.
কুয়ায় একটি বাঘ আছে।,There is a tiger in the well.,kuɲɾɛ t̪ɘɾup̚ʔ menaa.
তোমরা আতশবাজি দেখবে।,You all will see the fireworks.,apɛ d̪ɔ bʰui̯t͡ʃampa ɲɛla.
তোমরা ঘড়ি কিনেছিলে।,You all bought the watch.,apɛpɛ gʰuɽi kiɾiɲkeda.
সেই সময় তুমি কথা পড়ে বাড়িতে খেলবে।,"At that time, you study the word and then play in the house.",ɔkt̪ɛɾɛ am kat̪ʰa paɽha͡o̯kat̪ɛ ɔɽaʔɾɛ gat̪ea.
সেই সময় সে মাছ খেয়ে হ্রদে যাবে।,"At that time, he/she eat the fish and then go to the lake.",ɔkt̪ɛɾɛ uni haku ɟɔmkat̪ɛ ɟɔlaɾɛ calaʔa.
তোমার আঙুর ভালো।,Your grape is good.,amaʔ aŋguɾ d̪ɔ mɔ̃ɟa.
একটি ঘড়ি গ্রামে আছে।,One watch is in the village.,mit̪ʔ gʰuɽi d̪ɔ at̪oɾɛ menaa.
সকালে আমরা ঘড়ি কিনে স্কুলে আসব।,"In the morning, we buy the watch and then come to the school.",sɛt̪aʔɾɛ alɛ gʰuɽi kiɾiɲkat̪ɛ iskulɾɛ hiɟuʔa.
আমি ঘড়ি কিনেছিলাম।,I bought the watch.,iɲiɲ gʰuɽi kiɾiɲkeda.
সকালে তোমরা ভাষা লিখে কুয়ায় খেলবে।,"In the morning, you all write the language and then play in the well.",sɛt̪aʔɾɛ apɛ pɘɾsi ɔlɔʔkat̪ɛ kuɲɾɛ gat̪ea.
পেট ব্যথাটি ভালো।,The gripes is good.,bɛɾõʈ duk d̪ɔ mɔ̃ɟa.
"আমি পাঠ পড়ব, কিন্তু ভাষা পড়ব না।","I will study the lesson, but do not study the language.",iɲ d̪ɔ sikʰnɘt̪ paɽha͡o̯a mɛnkʰan pɘɾsi bɘɲ paɽha͡o̯a.
অজ্ঞতাটি নতুন।,The ignorance is new.,bʰut͡ʃ d̪ɔ nɔwaa.
একটি প্রতারক শহরে আছে।,One deceiver is in the town.,mit̪ʔʈɛn bʰataha d̪ɔ sɔhɔɽɾɛ menaa.
তোমাদের কর্তৃত্ব ভালো।,Your authority is good.,apɛaʔ adɔl d̪ɔ mɔ̃ɟa.
তারা খাবার দেখবে।,They will see the victuals.,oŋko d̪ɔ aʈa saʈa ɲɛla.
উঠানে একটি বাদাম আছে।,There is an almond in the courtyard of house.,bəteɾɛ badam d͡ʒɔ menaa.
আমার হিসাব পরিষ্কার।,My account is clean.,iɲaʔ bil d̪ɔ sapʰaa.
সেই সময় সে রান্না খেয়ে কুয়ায় কাজ করবে।,"At that time, he/she eat the cooked food and then work in the well.",ɔkt̪ɛɾɛ uni basaŋ ɟɔmkat̪ɛ kuɲɾɛ kɘmia.
তোমাদের শিশু আনন্দের।,Your child is happy.,apɛaʔ gid̪ɾɘ d̪ɔ ɾɘskɘa.
গতকাল তারা কসাই দেখে স্কুলে কাজ করবে।,"Yesterday, they see the butcher and then work in the school.",hɔlaɾɛ oŋko bʰut͡ʃəɽ ɲɛlkat̪ɛ iskulɾɛ kɘmia.
"আমি দুধ পান করব, কিন্তু পানি পান করব না।","I will drink the milk, but do not drink the water.",iɲ d̪ɔ t̪o̯͡a ɲua mɛnkʰan d̪aʔ bɘɲ ɲua.
গতকাল আমরা খাবার খেয়ে হ্রদে আসব।,"Yesterday, we eat the food and then come to the lake.",hɔlaɾɛ alɛ ɟɔmaʔ ɟɔmkat̪ɛ ɟɔlaɾɛ hiɟuʔa.
"আমরা ভবিষ্যৎ দেখব, কিন্তু বাঘ দেখব না।","We will see the future, but do not see the tiger.",alɛ d̪ɔ agam ɲɛla mɛnkʰan t̪ɘɾup̚ʔ balɛ ɲɛla.
আজ তারা রান্না খেয়ে কুয়ায় কাজ করবে।,"Today, they eat the cooked food and then work in the well.",t̪eheɲɾɛ oŋko basaŋ ɟɔmkat̪ɛ kuɲɾɛ kɘmia.
তারা রান্না ও খাবার খাবে।,They will eat the cooked food and the food.,oŋko d̪ɔ basaŋ aɾ ɟɔmaʔ ɟɔma.
একটি পূর্বপুরুষ শহরে আছে।,One ancestors is in the town.,mit̪ʔʈɛn bap dada d̪ɔ sɔhɔɽɾɛ menaa.
তাদের সুতা নতুন।,Their twine is new.,oŋkoaʔ babeɾ d̪ɔ nɔwaa.
তোমাদের বাগান নতুন।,Your garden is new.,apɛaʔ bagan d̪ɔ nɔwaa.
তোমাদের উই পোকা আনন্দের।,Your termite is happy.,apɛaʔ bʰuku d̪ɔ ɾɘskɘa.
স্কুলে একটি ঝোপঝাড় আছে।,There is a shrub in the school.,iskulɾɛ akao̯na menaa.
আমরা মাছ খেয়েছিলাম।,We ate the fish.,alɛlɛ haku ɟɔmkeda.
উত্তরাধিকারীটি ভালো।,The heir is good.,awəsi d̪ɔ mɔ̃ɟa.
পাড়াে একটি বিস্ফোরক পাউডার আছে।,There is a blasting powder in the neighbourhood.,aɖe paseɾɛ bəɾud menaa.
তোমরা ঔষধ ও খাবার কিনবে।,You all will buy the medicine and the food.,apɛ d̪ɔ ɾan aɾ ɟɔmaʔ kiɾiɲa.
তার শোক ভালো।,His/her grief is good.,uniaʔ bedna d̪ɔ mɔ̃ɟa.
আমরা ভূমিকম্প ও সুযোগ দেখব।,We will see the earthquake and the chance.,alɛ d̪ɔ bʰut͡ʃampa aɾ bʰəg ɲɛla.
নদীতে একটি বন্দুক আছে।,There is a gun in the river.,gaɖaɾɛ bənduk menaa.
গতকাল সে পাঠ পড়ে হ্রদে খেলবে।,"Yesterday, he/she study the lesson and then play in the lake.",hɔlaɾɛ uni sikʰnɘt̪ paɽha͡o̯kat̪ɛ ɟɔlaɾɛ gat̪ea.
"আমি কথা পড়ব, কিন্তু পাঠ পড়ব না।","I will study the word, but do not study the lesson.",iɲ d̪ɔ kat̪ʰa paɽha͡o̯a mɛnkʰan sikʰnɘt̪ bɘɲ paɽha͡o̯a.
আড়ালে একটি খাবার আছে।,There is a food in the covert.,ao̯tanɾɛ ɟɔmaʔ menaa.
আমার নির্গমন ভালো।,My emanation is good.,iɲaʔ əhlə d̪ɔ mɔ̃ɟa.
একটি খাবার কুয়ায় আছে।,One food is in the well.,mit̪ʔ ɟɔmaʔ d̪ɔ kuɲɾɛ menaa.
পাড়াে একটি উৎসব আছে।,There is a festival in the neighbourhood.,aɖe paseɾɛ pɔɾɔb menaa.
তার অপমান নতুন।,His/her disgrace is new.,uniaʔ apd͡ʒɔs d̪ɔ nɔwaa.
তুমি জিহ্বা দেখবে না।,You do not see the tongue.,am d̪ɔ alaŋ bam ɲɛla.
আমাদের কথা নতুন।,Our word is new.,alɛaʔ kat̪ʰa d̪ɔ nɔwaa.
আমার রোগ নতুন।,My illness is new.,iɲaʔ ɾu̯͡ɘ d̪ɔ nɔwaa.
চারা রোপণটি পরিষ্কার।,The transplantation is clean.,apʰɔɾ d̪ɔ sapʰaa.
বেঁকানো যন্ত্রটি পরিষ্কার।,The brace for boring is clean.,bʰãoɾa d̪ɔ sapʰaa.
তাদের নদী ভালো।,Their river is good.,oŋkoaʔ gaɖa d̪ɔ mɔ̃ɟa.
ভাষাটি নতুন।,The language is new.,bʰaka d̪ɔ nɔwaa.
আজ সে কথা পড়ে শহরে কাজ করবে।,"Today, he/she study the word and then work in the town.",t̪eheɲɾɛ uni kat̪ʰa paɽha͡o̯kat̪ɛ sɔhɔɽɾɛ kɘmia.
গুহাে একটি অবশিষ্ট আছে।,There is a residue in the cave.,bʰugək̕ɾɛ bəɖɾə menaa.
তোমরা ব্যান্ডেজ ও কাজ দেখবে।,You all will see the bandger and the work.,apɛ d̪ɔ bədʰi aɾ kɘmi ɲɛla.
বাসস্থানে একটি কথা আছে।,There is a word in the residence.,basaɾɛ kat̪ʰa menaa.
বিস্তীর্ণ ভূমিে একটি ঔষধ আছে।,There is a medicine in the wide expanse of land.,bilənɾɛ ɾan menaa.
তোমাদের কথা নতুন।,Your word is new.,apɛaʔ kat̪ʰa d̪ɔ nɔwaa.
আমরা সুযোগ দেখব না।,We do not see the chance.,alɛ d̪ɔ bʰəg balɛ ɲɛla.
গতকাল সে ভাষা লিখে হ্রদে আসবে।,"Yesterday, he/she write the language and then come to the lake.",hɔlaɾɛ uni pɘɾsi ɔlɔʔkat̪ɛ ɟɔlaɾɛ hiɟuʔa.
"তোমরা দুধ পান করবে, কিন্তু দুধ পান করবে না।","You all will drink the milk, but do not drink the milk.",apɛ d̪ɔ t̪o̯͡a ɲua mɛnkʰan t̪o̯͡a bapɛ ɲua.
সকালে তুমি ঘড়ি কিনে নদীতে যাবে।,"In the morning, you buy the watch and then go to the river.",sɛt̪aʔɾɛ am gʰuɽi kiɾiɲkat̪ɛ gaɖaɾɛ calaʔa.
তোমরা ভূত দেখবে না।,You all do not see the demon.,apɛ d̪ɔ bʰut bapɛ ɲɛla.
"তোমরা পানি পান করবে, কিন্তু দুধ পান করবে না।","You all will drink the water, but do not drink the milk.",apɛ d̪ɔ d̪aʔ ɲua mɛnkʰan t̪o̯͡a bapɛ ɲua.
আমার কাঁকড়া আনন্দের।,My crayfish is happy.,iɲaʔ bə̃uɳɖi d̪ɔ ɾɘskɘa.
পাড়াে একটি আঁটি আছে।,There is a bundle in the neighbourhood.,aɖe paseɾɛ əʈi menaa.
তাদের মূল্যায়ন ভালো।,Their appraisement is good.,oŋkoaʔ anman d̪ɔ mɔ̃ɟa.
তুমি হাত দেখবে।,You will see the hand.,am d̪ɔ t̪i ɲɛla.
তারা কথা পড়েছে।,They have studied the word.,oŋko d̪ɔ kat̪ʰa paɽha͡o̯akada.
তুমি পাঠ পড়েছ।,You have studied the lesson.,am d̪ɔ sikʰnɘt̪ paɽha͡o̯akada.
তারা ভেড়া দেখেছিল।,They saw the sheep.,oŋkoko bʰiɖi ɲɛlkeda.
ভাড়াটি পরিষ্কার।,The fare is clean.,bʰaɽa d̪ɔ sapʰaa.
সেই সময় আমি ঘড়ি কিনে বাড়িতে যাব।,"At that time, I buy the watch and then go to the house.",ɔkt̪ɛɾɛ iɲ gʰuɽi kiɾiɲkat̪ɛ ɔɽaʔɾɛ calaʔa.
আমরা মাছ বিক্রি করেছি।,We have sold the fish.,alɛ d̪ɔ haku ɘkʰɾiɲakada.
আমি জীবন দেখব না।,I do not see the life.,iɲ d̪ɔ ɟiŋgi bɘɲ ɲɛla.
সকালে সে পানি পান করে হ্রদে কাজ করবে।,"In the morning, he/she drink the water and then work in the lake.",sɛt̪aʔɾɛ uni d̪aʔ ɲukat̪ɛ ɟɔlaɾɛ kɘmia.
ইংল্যান্ডে একটি আফিম আছে।,There is an opium in the england.,bilətɾɛ əpʰim menaa.
সকালে আমি পাঠ পড়ে কুয়ায় খেলব।,"In the morning, I study the lesson and then play in the well.",sɛt̪aʔɾɛ iɲ sikʰnɘt̪ paɽha͡o̯kat̪ɛ kuɲɾɛ gat̪ea.
সে খেলা দেখবে না।,He/she does not see the game.,uni d̪ɔ bʰelguɖa bai̯ ɲɛla.
আমার গান গুরুত্বপূর্ণ।,My song is important.,iɲaʔ seɾeɲ d̪ɔ ɟɘɾuɽa.
আজ আমি কুমড়ো দেখে শহরে আসব।,"Today, I see the pumpkin and then come to the town.",t̪eheɲɾɛ iɲ bə̃ɽĩə kohɳɖa ɲɛlkat̪ɛ sɔhɔɽɾɛ hiɟuʔa.
নদীতে একটি পাল (নৌকার) আছে।,There is a sail in the river.,gaɖaɾɛ baɖɔm menaa.
পক্ষাঘাতটি ভালো।,The hemiplegia is good.,aɾdʰəŋgi d̪ɔ mɔ̃ɟa.
আমাদের গান পরিষ্কার।,Our song is clean.,alɛaʔ seɾeɲ d̪ɔ sapʰaa.
আমরা তুলার গাছ দেখেছি।,We have seen the cotton plant.,alɛ d̪ɔ bʰoga kaskɔm ɲɛlakada.
হ্রদে একটি মাপদণ্ড আছে।,There is a rod in the lake.,ɟɔlaɾɛ aɽəni ɖaŋ menaa.
তারা বিবাহের শোভাযাত্রা দেখেছিল।,They saw the marriage procession.,oŋkoko bəɾiə̯t ɲɛlkeda.
কুয়ায় একটি কথা আছে।,There is a word in the well.,kuɲɾɛ kat̪ʰa menaa.
পয়সাটি গুরুত্বপূর্ণ।,The pice is important.,anapʰana d̪ɔ ɟɘɾuɽa.
আমরা মোবাইল ফোন ও ঘড়ি কিনব।,We will buy the mobile phone and the watch.,alɛ d̪ɔ mɔbaĭl pʰon aɾ gʰuɽi kiɾiɲa.
"তারা ঘড়ি বিক্রি করবে, কিন্তু ঘড়ি বিক্রি করবে না।","They will sell the watch, but do not sell the watch.",oŋko d̪ɔ gʰuɽi ɘkʰɾiɲa mɛnkʰan gʰuɽi bako ɘkʰɾiɲa.
সেই সময় তোমরা কথা লিখে স্কুলে খেলবে।,"At that time, you all write the word and then play in the school.",ɔkt̪ɛɾɛ apɛ kat̪ʰa ɔlɔʔkat̪ɛ iskulɾɛ gat̪ea.
জন্মটি ভালো।,The birth is good.,biə̯n d̪ɔ mɔ̃ɟa.
সেই সময় সে ভাষা লিখে কুয়ায় খেলবে।,"At that time, he/she write the language and then play in the well.",ɔkt̪ɛɾɛ uni pɘɾsi ɔlɔʔkat̪ɛ kuɲɾɛ gat̪ea.
আজ তুমি দুধ পান করে শহরে খেলবে।,"Today, you drink the milk and then play in the town.",t̪eheɲɾɛ am t̪o̯͡a ɲukat̪ɛ sɔhɔɽɾɛ gat̪ea.
আমি তাঁতের পোড়েন দেখব না।,I do not see the woof.,iɲ d̪ɔ bʰaɾna bɘɲ ɲɛla.
একটি বামন হ্রদে আছে।,One dwarf is in the lake.,mit̪ʔʈɛn bãoɽã d̪ɔ ɟɔlaɾɛ menaa.
একটি জারজ হ্রদে আছে।,One bastard is in the lake.,mit̪ʔʈɛn bidʰuə̯ d̪ɔ ɟɔlaɾɛ menaa.
অবশিষ্টটি নতুন।,The remainder is new.,bəki bɔkɔe̯a d̪ɔ nɔwaa.
তোমার ঘড়ি নতুন।,Your watch is new.,amaʔ gʰuɽi d̪ɔ nɔwaa.
একটি ভাগ্নে কুয়ায় আছে।,One nephew is in the well.,mit̪ʔʈɛn bʰəgnə d̪ɔ kuɲɾɛ menaa.
আমাদের চাষাবাদ গুরুত্বপূর্ণ।,Our cultivation is important.,alɛaʔ abad d̪ɔ ɟɘɾuɽa.
বাজারটি নতুন।,The bazaar is new.,bad͡ʒaɾ d̪ɔ nɔwaa.
শিকারটি পরিষ্কার।,The prey is clean.,aheɾ d̪ɔ sapʰaa.
নিকটবর্তী এলাকাে একটি নির্ভরতা আছে।,There is a reliance in the vicinity.,aɖe ʈolaɾɛ bʰaɾsa menaa.
আজ সে গাঁট দেখে বাড়িতে আসবে।,"Today, he/she see the bale and then come to the house.",t̪eheɲɾɛ uni bʰiɳɖ ɲɛlkat̪ɛ ɔɽaʔɾɛ hiɟuʔa.
আমি টাকা পাব না।,I do not get the money.,iɲ d̪ɔ ʈaka bɘɲ ɲama.
সে মা সাহায্য করেছিল।,He/she helped the mother.,unii̯ gɔgɔ gɔɽɔkeda.
"আমি ভাষা পড়ব, কিন্তু পাঠ পড়ব না।","I will study the language, but do not study the lesson.",iɲ d̪ɔ pɘɾsi paɽha͡o̯a mɛnkʰan sikʰnɘt̪ bɘɲ paɽha͡o̯a.
গ্রামে একটি রান্না আছে।,There is a cooked food in the village.,at̪oɾɛ basaŋ menaa.
নদীটি পরিষ্কার।,The river is clean.,gaɖa d̪ɔ sapʰaa.
পাটি নতুন।,The leg is new.,ɟaŋga d̪ɔ nɔwaa.
রীতিটি পরিষ্কার।,The customs is clean.,at͡ʃaɾ d̪ɔ sapʰaa.
আমি মাছ খেয়েছিলাম।,I ate the fish.,iɲiɲ haku ɟɔmkeda.
আমরা শিশু সাহায্য করেছিলাম।,We helped the child.,alɛlɛ gid̪ɾɘ gɔɽɔkeda.
তারা মাপদণ্ড দেখেছিল।,They saw the rod.,oŋkoko aɽəni ɖaŋ ɲɛlkeda.
তুমি হরিণ ও বাদ পড়া দেখবে।,You will see the buck and the omission.,am d̪ɔ badaɾ aɾ bʰul t͡ʃuk ɲɛla.
একটি ঘড়ি শহরে আছে।,One watch is in the town.,mit̪ʔ gʰuɽi d̪ɔ sɔhɔɽɾɛ menaa.
তুমি দেওয়াল দেখেছ।,You have seen the wall.,am d̪ɔ bʰit ɲɛlakada.
দামটি নতুন।,The price is new.,bʰao̯ d̪ɔ nɔwaa.
বেতটি গুরুত্বপূর্ণ।,The cane is important.,bɛt d̪ɔ ɟɘɾuɽa.
আড়ালে একটি পানি আছে।,There is a water in the covert.,ao̯tanɾɛ d̪aʔ menaa.
বিঘতটি নতুন।,The span is new.,beɽ d̪ɔ nɔwaa.
বাড়িতে একটি পাড়া আছে।,There is a neighbourhood in the house.,ɔɽaʔɾɛ aɖe pase menaa.
একটি প্রতারক স্কুলে আছে।,One deceiver is in the school.,mit̪ʔʈɛn bʰataha d̪ɔ iskulɾɛ menaa.
সকালে তোমরা কথা লিখে কুয়ায় যাবে।,"In the morning, you all write the word and then go to the well.",sɛt̪aʔɾɛ apɛ kat̪ʰa ɔlɔʔkat̪ɛ kuɲɾɛ calaʔa.
পুরোহিতের রক্তদানের দক্ষিণাটি ভালো।,The fee to priest who offers his blood is good.,bəlkəʈi d̪ɔ mɔ̃ɟa.
তার গ্রাম গুরুত্বপূর্ণ।,His/her village is important.,uniaʔ at̪o d̪ɔ ɟɘɾuɽa.
অর্ধ বিঘাটি ভালো।,The half bigha is good.,bʰənga d̪ɔ mɔ̃ɟa.
গতকাল আমি ভাষা লিখে কুয়ায় যাব।,"Yesterday, I write the language and then go to the well.",hɔlaɾɛ iɲ pɘɾsi ɔlɔʔkat̪ɛ kuɲɾɛ calaʔa.
তারা ছোট মশা ও পশু তাড়ানোর লাঠি দেখবে।,They will see the midge and the goad.,oŋko d̪ɔ bəsɳɖi aɾ aɾd͡ʒan ɲɛla.
আমাদের বাড়ি নতুন।,Our house is new.,alɛaʔ ɔɽaʔ d̪ɔ nɔwaa.
সে শিশু সাহায্য করেছিল।,He/she helped the child.,unii̯ gid̪ɾɘ gɔɽɔkeda.
নদীতে একটি ডাক্তার আছে।,There is a doctor in the river.,gaɖaɾɛ ɖak̚t̪aɾ menaa.
সকালে সে রান্না খেয়ে হ্রদে কাজ করবে।,"In the morning, he/she eat the cooked food and then work in the lake.",sɛt̪aʔɾɛ uni basaŋ ɟɔmkat̪ɛ ɟɔlaɾɛ kɘmia.
বাঘটি আনন্দের।,The tiger is happy.,t̪ɘɾup̚ʔ d̪ɔ ɾɘskɘa.
তুমি বেশ্যা ও বাঁধ দেখবে।,You will see the harlot and the embankment.,am d̪ɔ bət͡ʃkəɾ aɾ band ɲɛla.
"তোমরা ঘড়ি কিনবে, কিন্তু মোবাইল ফোন কিনবে না।","You all will buy the watch, but do not buy the mobile phone.",apɛ d̪ɔ gʰuɽi kiɾiɲa mɛnkʰan mɔbaĭl pʰon bapɛ kiɾiɲa.
আড়ালে একটি ওনিক্স পাথর আছে।,There is an onyx in the covert.,ao̯tanɾɛ beləu̯ɾ menaa.
গ্রামে একটি পূর্বপুরুষ আছে।,There is an ancestors in the village.,at̪oɾɛ bap dada menaa.
তাদের গান পরিষ্কার।,Their song is clean.,oŋkoaʔ seɾeɲ d̪ɔ sapʰaa.
তার চালের মদ পরিষ্কার।,His/her liquor made from rice is clean.,uniaʔ əɾikə d̪ɔ sapʰaa.
সেই সময় আমি পাঠ পড়ে গ্রামে যাব।,"At that time, I study the lesson and then go to the village.",ɔkt̪ɛɾɛ iɲ sikʰnɘt̪ paɽha͡o̯kat̪ɛ at̪oɾɛ calaʔa.
বৃদ্ধিটি গুরুত্বপূর্ণ।,The growth is important.,baɽhɔnta d̪ɔ ɟɘɾuɽa.
"সে ঘড়ি কিনবে, কিন্তু ঔষধ কিনবে না।","He/she will buy the watch, but does not buy the medicine.",uni d̪ɔ gʰuɽi kiɾiɲa mɛnkʰan ɾan bai̯ kiɾiɲa.
আমি পড়ছি।,I am studying.,iɲiɲ paɽha͡o̯ɛd̪a.
আমরা ঘড়ি বিক্রি করেছি।,We have sold the watch.,alɛ d̪ɔ gʰuɽi ɘkʰɾiɲakada.
ফার্ন গাছটি নতুন।,The fern is new.,badgot͡ʃak̕ d̪ɔ nɔwaa.
সে অর্জন দেখেছে।,He/she has seen the gain.,uni d̪ɔ ae̯ upəi̯ ɲɛlakada.
তারা দেবতা ও কারকীয় ক্রিয়া দেখবে।,They will see the deity and the causative inflection.,oŋko d̪ɔ bʰokta aɾ a ɲɛla.
আমার ঔষধ ভালো।,My medicine is good.,iɲaʔ ɾan d̪ɔ mɔ̃ɟa.
তারা ঘড়ি বিক্রি করবে না।,They do not sell the watch.,oŋko d̪ɔ gʰuɽi bako ɘkʰɾiɲa.
সকালে আমরা কথা পড়ে হ্রদে কাজ করব।,"In the morning, we study the word and then work in the lake.",sɛt̪aʔɾɛ alɛ kat̪ʰa paɽha͡o̯kat̪ɛ ɟɔlaɾɛ kɘmia.
আজ তোমরা চাষাবাদ দেখে নদীতে যাবে।,"Today, you all see the cultivation and then go to the river.",t̪eheɲɾɛ apɛ abad ɲɛlkat̪ɛ gaɖaɾɛ calaʔa.
আমরা বাবা সাহায্য করব না।,We do not help the father.,alɛ d̪ɔ baba balɛ gɔɽɔa.
আড়ালে একটি ধনুক আছে।,There is a bow in the covert.,ao̯tanɾɛ ak̕ menaa.
আজ আমি মাছ খেয়ে শহরে যাব।,"Today, I eat the fish and then go to the town.",t̪eheɲɾɛ iɲ haku ɟɔmkat̪ɛ sɔhɔɽɾɛ calaʔa.
আমার মানুষ ভালো।,My person is good.,iɲaʔ hɔɽ d̪ɔ mɔ̃ɟa.
খাবারটি ভালো।,The food is good.,ɟɔmaʔ d̪ɔ mɔ̃ɟa.
একটি প্রতারক নদীতে আছে।,One deceiver is in the river.,mit̪ʔʈɛn bʰataha d̪ɔ gaɖaɾɛ menaa.
তুমি ঘড়ি বিক্রি করবে না।,You do not sell the watch.,am d̪ɔ gʰuɽi bam ɘkʰɾiɲa.
তোমরা লিখছ।,You all are writing.,apɛpɛ ɔlɔʔɛd̪a.
গ্রামটি গুরুত্বপূর্ণ।,The village is important.,at̪o d̪ɔ ɟɘɾuɽa.
"তারা পানি পান করবে, কিন্তু দুধ পান করবে না।","They will drink the water, but do not drink the milk.",oŋko d̪ɔ d̪aʔ ɲua mɛnkʰan t̪o̯͡a bako ɲua.
বাসস্থানে একটি শাল আছে।,There is a shawl in the dwelling place.,basɾɛ bəɾki menaa.
আমি মাপদণ্ড ও ব্যান্ডেজ দেখব।,I will see the rod and the bandger.,iɲ d̪ɔ aɽəni ɖaŋ aɾ bədʰi ɲɛla.
হ্রদে একটি মা আছে।,There is a mother in the lake.,ɟɔlaɾɛ gɔgɔ menaa.
তোমাদের ডাক্তার ছোট।,Your doctor is small.,apɛaʔ ɖak̚t̪aɾ d̪ɔ lɘʈua.
আমরা মাছ ও মধু খাব।,We will eat the fish and the honey.,alɛ d̪ɔ haku aɾ ɲɛlɛɾasa ɟɔma.
সে খাবার কিনেছে।,He/she has bought the food.,uni d̪ɔ ɟɔmaʔ kiɾiɲakada.
বাসস্থানে একটি দল আছে।,There is a group in the residence.,basaɾɛ aɖa menaa.
তোমরা পাত্র ও নামা দেখবে।,You all will see the receptacle and the descent.,apɛ d̪ɔ anataŋ aɾ anãɽgo ɲɛla.
তার মোবাইল ফোন গুরুত্বপূর্ণ।,His/her mobile phone is important.,uniaʔ mɔbaĭl pʰon d̪ɔ ɟɘɾuɽa.
লক্ষ্যবস্তুটি গুরুত্বপূর্ণ।,The target is important.,bed͡ʒʰa d̪ɔ ɟɘɾuɽa.
ঝোপটি ভালো।,The thicket is good.,badaɽ d̪ɔ mɔ̃ɟa.
তোমার শত্রু পরিষ্কার।,Your enemy is clean.,amaʔ bəi̯ɾi d̪ɔ sapʰaa.
সেই সময় তারা কথা পড়ে গ্রামে কাজ করবে।,"At that time, they study the word and then work in the village.",ɔkt̪ɛɾɛ oŋko kat̪ʰa paɽha͡o̯kat̪ɛ at̪oɾɛ kɘmia.
আমার মা ভালো।,My mother is good.,iɲaʔ gɔgɔ d̪ɔ mɔ̃ɟa.
সে খাবার খাবে।,He/she will eat the food.,uni d̪ɔ ɟɔmaʔ ɟɔma.
সেই সময় তারা কথা লিখে হ্রদে খেলবে।,"At that time, they write the word and then play in the lake.",ɔkt̪ɛɾɛ oŋko kat̪ʰa ɔlɔʔkat̪ɛ ɟɔlaɾɛ gat̪ea.
সেই সময় সে মাছ খেয়ে স্কুলে যাবে।,"At that time, he/she eat the fish and then go to the school.",ɔkt̪ɛɾɛ uni haku ɟɔmkat̪ɛ iskulɾɛ calaʔa.
আমি রান্না দেখব।,I will see the cooked food.,iɲ d̪ɔ basaŋ ɲɛla.
সেই সময় আমরা পানি পান করে গ্রামে খেলব।,"At that time, we drink the water and then play in the village.",ɔkt̪ɛɾɛ alɛ d̪aʔ ɲukat̪ɛ at̪oɾɛ gat̪ea.
সে খাবার ও ঘড়ি কিনবে।,He/she will buy the food and the watch.,uni d̪ɔ ɟɔmaʔ aɾ gʰuɽi kiɾiɲa.
আমি বাহু দেখেছি।,I have seen the arm.,iɲ d̪ɔ bə̃hi ɲɛlakada.
সে মোবাইল ফোন বিক্রি করেছিল।,He/she sold the mobile phone.,unii̯ mɔbaĭl pʰon ɘkʰɾiɲkeda.
একটি পিঁপড়া শহরে আছে।,One ant is in the town.,mit̪ʔʈɛn muc̚ʔ d̪ɔ sɔhɔɽɾɛ menaa.
সেই সময় আমি কথা পড়ে নদীতে আসব।,"At that time, I study the word and then come to the river.",ɔkt̪ɛɾɛ iɲ kat̪ʰa paɽha͡o̯kat̪ɛ gaɖaɾɛ hiɟuʔa.
সকালে আমি মোবাইল ফোন কিনে শহরে খেলব।,"In the morning, I buy the mobile phone and then play in the town.",sɛt̪aʔɾɛ iɲ mɔbaĭl pʰon kiɾiɲkat̪ɛ sɔhɔɽɾɛ gat̪ea.
তোমাদের আখড়া নতুন।,Your gathering is new.,apɛaʔ akʰɾa d̪ɔ nɔwaa.
তোমরা ঘড়ি ও ঔষধ কিনবে।,You all will buy the watch and the medicine.,apɛ d̪ɔ gʰuɽi aɾ ɾan kiɾiɲa.
আমি মাছ ও ঔষধ কিনব।,I will buy the fish and the medicine.,iɲ d̪ɔ haku aɾ ɾan kiɾiɲa.
তোমরা পাঠ পড়বে।,You all will study the lesson.,apɛ d̪ɔ sikʰnɘt̪ paɽha͡o̯a.
একটি বাসিন্দা নদীতে আছে।,One inhabitant is in the river.,mit̪ʔʈɛn baskitiə̯ d̪ɔ gaɖaɾɛ menaa.
সেই সময় তুমি ভাষা পড়ে বাড়িতে যাবে।,"At that time, you study the language and then go to the house.",ɔkt̪ɛɾɛ am pɘɾsi paɽha͡o̯kat̪ɛ ɔɽaʔɾɛ calaʔa.
"তোমরা ভাষা পড়বে, কিন্তু পাঠ পড়বে না।","You all will study the language, but do not study the lesson.",apɛ d̪ɔ pɘɾsi paɽha͡o̯a mɛnkʰan sikʰnɘt̪ bapɛ paɽha͡o̯a.
বাসস্থানে একটি ছবি আছে।,There is a photo in the residence.,basaɾɛ pʰɔʈɔ menaa.
পাড়াে একটি ঔষধ আছে।,There is a medicine in the neighbourhood.,aɖe paseɾɛ ɾan menaa.
সে মুহূর্ত দেখবে।,He/she will see the moment.,uni d̪ɔ abʰeɽ ɲɛla.
বংশধরটি নতুন।,The descendants is new.,ãosa bãosa d̪ɔ nɔwaa.
সে পবিত্র সিন্দুক দেখেছে।,He/she has seen the ark of the covenant.,uni d̪ɔ ən sunduk ɲɛlakada.
তোমাদের বাড়ি পরিষ্কার।,Your house is clean.,apɛaʔ ɔɽaʔ d̪ɔ sapʰaa.
বাসস্থানে একটি মানুষ আছে।,There is a person in the residence.,basaɾɛ hɔɽ menaa.
কর্তৃত্বটি নতুন।,The authority is new.,adɔl d̪ɔ nɔwaa.
আয়ুর্বেদিক উদ্ভিদটি নতুন।,The bishop’s weed is new.,əd͡ʒuə̯ d̪ɔ nɔwaa.
বিস্তীর্ণ ভূমিে একটি জ্বালাপোড়া আছে।,There is a burning sensation in the wide expanse of land.,bilənɾɛ aɽae̯ menaa.
আমাদের গ্রাম ভালো।,Our village is good.,alɛaʔ at̪o d̪ɔ mɔ̃ɟa.
কুয়ায় একটি মুক্তি আছে।,There is a salvation in the well.,kuɲɾɛ baɲt͡ʃao̯k̕ menaa.
সকালে তোমরা মাছ কিনে গ্রামে যাবে।,"In the morning, you all buy the fish and then go to the village.",sɛt̪aʔɾɛ apɛ haku kiɾiɲkat̪ɛ at̪oɾɛ calaʔa.
তারা মানুষ সাহায্য করেছিল।,They helped the person.,oŋkoko hɔɽ gɔɽɔkeda.
একটি ছেলে কুয়ায় আছে।,One boy is in the well.,mit̪ʔʈɛn bəbu d̪ɔ kuɲɾɛ menaa.
সে নির্ভরতা ও এক প্রজাতির হরিণ দেখবে।,He/she will see the reliance and the a species of antelope.,uni d̪ɔ bʰaɾsa aɾ bʰãoʈia ɲɛla.
আমরা রক্তমূত্র দেখব।,We will see the haematuria.,alɛ d̪ɔ aɾak̕ d͡ʒʰaɾ ɲɛla.
তোমরা মাছ কিনেছিলে।,You all bought the fish.,apɛpɛ haku kiɾiɲkeda.
আখড়াটি গুরুত্বপূর্ণ।,The gathering is important.,akʰɾa d̪ɔ ɟɘɾuɽa.
গতকাল তোমরা কথা লিখে গ্রামে যাবে।,"Yesterday, you all write the word and then go to the village.",hɔlaɾɛ apɛ kat̪ʰa ɔlɔʔkat̪ɛ at̪oɾɛ calaʔa.
তুমি খাবার বিক্রি করবে।,You will sell the food.,am d̪ɔ ɟɔmaʔ ɘkʰɾiɲa.
গতকাল তুমি ঘড়ি কিনে স্কুলে আসবে।,"Yesterday, you buy the watch and then come to the school.",hɔlaɾɛ am gʰuɽi kiɾiɲkat̪ɛ iskulɾɛ hiɟuʔa.
নিকটবর্তী এলাকাে একটি কুয়া আছে।,There is a well in the vicinity.,aɖe ʈolaɾɛ kuɲ menaa.
দুধটি ভালো।,The milk is good.,t̪o̯͡a d̪ɔ mɔ̃ɟa.
তার মধু ভালো।,His/her honey is good.,uniaʔ ɲɛlɛɾasa d̪ɔ mɔ̃ɟa.
আমাদের শিশু আনন্দের।,Our child is happy.,alɛaʔ gid̪ɾɘ d̪ɔ ɾɘskɘa.
আড়ালে একটি জোর খাটানো শ্রম আছে।,There is a forced labour in the covert.,ao̯tanɾɛ begaɾ menaa.
তারা যন্ত্রপাতি দেখেছিল।,They saw the appliance.,oŋkoko bandʰec̕ ɲɛlkeda.
একটি টাকা কুয়ায় আছে।,One money is in the well.,mit̪ʔ ʈaka d̪ɔ kuɲɾɛ menaa.
আজ আমি ঢাল দেখে স্কুলে কাজ করব।,"Today, I see the declivity and then work in the school.",t̪eheɲɾɛ iɲ anaɽgo ɲɛlkat̪ɛ iskulɾɛ kɘmia.
সকালে আমরা মধু খেয়ে গ্রামে খেলব।,"In the morning, we eat the honey and then play in the village.",sɛt̪aʔɾɛ alɛ ɲɛlɛɾasa ɟɔmkat̪ɛ at̪oɾɛ gat̪ea.
আমি মানুষ সাহায্য করেছি।,I have helped the person.,iɲ d̪ɔ hɔɽ gɔɽɔakada.
আজ তোমরা রান্না খেয়ে গ্রামে খেলবে।,"Today, you all eat the cooked food and then play in the village.",t̪eheɲɾɛ apɛ basaŋ ɟɔmkat̪ɛ at̪oɾɛ gat̪ea.
আমরা পড়ছি।,We are studying.,alɛlɛ paɽha͡o̯ɛd̪a.
একটি উত্তরাধিকার নদীতে আছে।,One heritage is in the river.,mit̪ʔʈɛn bapɔti dʰɔn d̪ɔ gaɖaɾɛ menaa.
গতকাল সে রান্না খেয়ে স্কুলে খেলবে।,"Yesterday, he/she eat the cooked food and then play in the school.",hɔlaɾɛ uni basaŋ ɟɔmkat̪ɛ iskulɾɛ gat̪ea.
বিস্তীর্ণ ভূমিে একটি অতিরিক্ত খাজনা আছে।,There is an additional assessment on rent in the wide expanse of land.,bilənɾɛ bʰed͡ʒa menaa.
ভ্রাতৃত্ব অনুষ্ঠানটি ভালো।,The brotherhood ceremony is good.,bã̠ihə̃ d̪ɔ mɔ̃ɟa.
আমার জীবন গুরুত্বপূর্ণ।,My life is important.,iɲaʔ ɟiŋgi d̪ɔ ɟɘɾuɽa.
অভিশাপটি পরিষ্কার।,The curse is clean.,əsis d̪ɔ sapʰaa.
সে খাবার বিক্রি করবে।,He/she will sell the food.,uni d̪ɔ ɟɔmaʔ ɘkʰɾiɲa.
একটি শুকর বাড়িতে আছে।,One pig is in the house.,mit̪ʔʈɛn suk̚ɾi d̪ɔ ɔɽaʔɾɛ menaa.
সকালে তারা ভাষা লিখে নদীতে কাজ করবে।,"In the morning, they write the language and then work in the river.",sɛt̪aʔɾɛ oŋko pɘɾsi ɔlɔʔkat̪ɛ gaɖaɾɛ kɘmia.
নিকটবর্তী এলাকাে একটি অপচয় আছে।,There is a waste in the vicinity.,aɖe ʈolaɾɛ apt͡ʃo menaa.
পরিষদটি নতুন।,The council is new.,bəi̯si d̪ɔ nɔwaa.
আস্থাটি ভালো।,The confidence is good.,baɾsa d̪ɔ mɔ̃ɟa.
তারা অভিযোগকারী দেখবে।,They will see the accuser.,oŋko d̪ɔ bədi ɲɛla.
তোমার বিদেশী ছোট।,Your foreigner is small.,amaʔ bidesiə̯ d̪ɔ lɘʈua.
বাঘটি ভালো।,The tiger is good.,t̪ɘɾup̚ʔ d̪ɔ mɔ̃ɟa.
তোমরা পাঠ পড়েছ।,You all have studied the lesson.,apɛ d̪ɔ sikʰnɘt̪ paɽha͡o̯akada.
সকালে তোমরা ধানক্ষেত দেখে স্কুলে আসবে।,"In the morning, you all see the rice-land and then come to the school.",sɛt̪aʔɾɛ apɛ ahaɾ ɲɛlkat̪ɛ iskulɾɛ hiɟuʔa.
খড়ের মোটা দড়িটি নতুন।,The thick straw rope is new.,baɾahi d̪ɔ nɔwaa.
বাধাটি ভালো।,The hitch is good.,bəndʰi d̪ɔ mɔ̃ɟa.
তোমাদের গ্রাম নতুন।,Your village is new.,apɛaʔ at̪o d̪ɔ nɔwaa.
নিকটবর্তী এলাকাে একটি নারী আছে।,There is a woman in the vicinity.,aɖe ʈolaɾɛ əi̯məi̯ menaa.
সেই সময় তোমরা কথা লিখে কুয়ায় কাজ করবে।,"At that time, you all write the word and then work in the well.",ɔkt̪ɛɾɛ apɛ kat̪ʰa ɔlɔʔkat̪ɛ kuɲɾɛ kɘmia.
তোমাদের স্কুল পরিষ্কার।,Your school is clean.,apɛaʔ iskul d̪ɔ sapʰaa.
আমাদের কাজ পরিষ্কার।,Our work is clean.,alɛaʔ kɘmi d̪ɔ sapʰaa.
তারা খিঁচুনি দেখবে না।,They do not see the convulsions.,oŋko d̪ɔ ḅahiɾ bəi̯ bako ɲɛla.
আমাদের সময় পরিষ্কার।,Our time is clean.,alɛaʔ ɔkt̪ɛ d̪ɔ sapʰaa.
গতকাল সে আখরোট দেখে নদীতে আসবে।,"Yesterday, he/she see the walnut and then come to the river.",hɔlaɾɛ uni akʰɾoʈ ɲɛlkat̪ɛ gaɖaɾɛ hiɟuʔa.
আমি পান করছি।,I am drinking.,iɲiɲ ɲuɛd̪a.
পাড়াে একটি মোবাইল ফোন আছে।,There is a mobile phone in the neighbourhood.,aɖe paseɾɛ mɔbaĭl pʰon menaa.
আমরা ঔষধ কিনেছি।,We have bought the medicine.,alɛ d̪ɔ ɾan kiɾiɲakada.
আমি মোবাইল ফোন কিনব না।,I do not buy the mobile phone.,iɲ d̪ɔ mɔbaĭl pʰon bɘɲ kiɾiɲa.
তোমরা খাবার খেয়েছ।,You all have eaten the food.,apɛ d̪ɔ ɟɔmaʔ ɟɔmakada.
তারা ছবি পাবে।,They will get the photo.,oŋko d̪ɔ pʰɔʈɔ ɲama.
আজ তারা ভাষা পড়ে শহরে কাজ করবে।,"Today, they study the language and then work in the town.",t̪eheɲɾɛ oŋko pɘɾsi paɽha͡o̯kat̪ɛ sɔhɔɽɾɛ kɘmia.
আমাদের ভাষা নতুন।,Our language is new.,alɛaʔ pɘɾsi d̪ɔ nɔwaa.
"আমি খাবার বিক্রি করব, কিন্তু মোবাইল ফোন বিক্রি করব না।","I will sell the food, but do not sell the mobile phone.",iɲ d̪ɔ ɟɔmaʔ ɘkʰɾiɲa mɛnkʰan mɔbaĭl pʰon bɘɲ ɘkʰɾiɲa.
আমি ব্যান্ডেজ ও মাছ দেখব।,I will see the bandger and the fish.,iɲ d̪ɔ bədʰi aɾ haku ɲɛla.
গুহাে একটি অবিচার আছে।,There is an injustice in the cave.,bʰugək̕ɾɛ aneã̯o menaa.
উঠানে একটি স্কুল আছে।,There is a school in the courtyard of house.,bəteɾɛ iskul menaa.
তোমরা মানুষ সাহায্য করেছিলে।,You all helped the person.,apɛpɛ hɔɽ gɔɽɔkeda.
গুহাে একটি চুল্লি আছে।,There is a furnace in the cave.,bʰugək̕ɾɛ bʰaʈa menaa.
উঠানে একটি আখড়া আছে।,There is a gathering in the courtyard of house.,bəteɾɛ akʰɾa menaa.
উঠানটি পরিষ্কার।,The courtyard of house is clean.,bəte d̪ɔ sapʰaa.
তোমাদের মানুষ ছোট।,Your person is small.,apɛaʔ hɔɽ d̪ɔ lɘʈua.
ডাক্তারটি আনন্দের।,The doctor is happy.,ɖak̚t̪aɾ d̪ɔ ɾɘskɘa.
আজ আমরা ঔষধ কিনে শহরে খেলব।,"Today, we buy the medicine and then play in the town.",t̪eheɲɾɛ alɛ ɾan kiɾiɲkat̪ɛ sɔhɔɽɾɛ gat̪ea.
বাষ্পটি নতুন।,The vapour is new.,bʰap d̪ɔ nɔwaa.
সেই সময় আমি মাছ কিনে নদীতে কাজ করব।,"At that time, I buy the fish and then work in the river.",ɔkt̪ɛɾɛ iɲ haku kiɾiɲkat̪ɛ gaɖaɾɛ kɘmia.
দালালিটি পরিষ্কার।,The commission is clean.,baʈa d̪ɔ sapʰaa.
তোমরা পড়ছ।,You all are studying.,apɛpɛ paɽha͡o̯ɛd̪a.
তোমার গুড়ের চিনি সুস্বাদু।,Your crystallized raw sugar is tasty.,amaʔ bəli guɽ d̪ɔ sibila.
তুমি চাষাবাদ দেখবে।,You will see the cultivation.,am d̪ɔ abad ɲɛla.
আজ তোমরা মাছ কিনে কুয়ায় যাবে।,"Today, you all buy the fish and then go to the well.",t̪eheɲɾɛ apɛ haku kiɾiɲkat̪ɛ kuɲɾɛ calaʔa.
ভূতটি ভালো।,The apparition is good.,bʰeo̯na d̪ɔ mɔ̃ɟa.
গতকাল আমরা পাঠ পড়ে বাড়িতে খেলব।,"Yesterday, we study the lesson and then play in the house.",hɔlaɾɛ alɛ sikʰnɘt̪ paɽha͡o̯kat̪ɛ ɔɽaʔɾɛ gat̪ea.
তারা আসা-যাওয়া দেখেছিল।,They saw the coming & going.,oŋkoko ana gona ɲɛlkeda.
সেই সময় আমরা মাছের ছিটেফোঁটা সংগ্রহ দেখে গ্রামে যাব।,"At that time, we see the gleanings of fish and then go to the village.",ɔkt̪ɛɾɛ alɛ bəɾəu̯ɖʰa ɲɛlkat̪ɛ at̪oɾɛ calaʔa.
সকালে তুমি কথা পড়ে নদীতে খেলবে।,"In the morning, you study the word and then play in the river.",sɛt̪aʔɾɛ am kat̪ʰa paɽha͡o̯kat̪ɛ gaɖaɾɛ gat̪ea.
হ্রদে একটি ঢাল আছে।,There is a declivity in the lake.,ɟɔlaɾɛ anaɽgo menaa.
তোমরা জিহ্বা দেখবে না।,You all do not see the tongue.,apɛ d̪ɔ alaŋ bapɛ ɲɛla.
তুমি ঔষধ কিনবে।,You will buy the medicine.,am d̪ɔ ɾan kiɾiɲa.
তারা খাবার কিনেছিল।,They bought the food.,oŋkoko ɟɔmaʔ kiɾiɲkeda.
বাড়িতে একটি পাঠ আছে।,There is a lesson in the house.,ɔɽaʔɾɛ sikʰnɘt̪ menaa.
গ্রামে একটি দোষ আছে।,There is a fault in the village.,at̪oɾɛ əpəi̯ menaa.
আমরা মাটির জার দেখব না।,We do not see the round jar.,alɛ d̪ɔ bəhni balɛ ɲɛla.
আমার ব্যাঙের ডাক গুরুত্বপূর্ণ।,My croak of frogs is important.,iɲaʔ bɛbɛ d̪ɔ ɟɘɾuɽa.
গৃহপালিত পশুটি আনন্দের।,The domestic animal is happy.,ato posu d̪ɔ ɾɘskɘa.
তারা পোশাক দেখেছিল।,They saw the apparel.,oŋkoko ahɾan pahaɾand ɲɛlkeda.
তোমরা কষ্ট ও দুধ দেখবে।,You all will see the distress and the milk.,apɛ d̪ɔ alad͡ʒʰala aɾ t̪o̯͡a ɲɛla.
"তুমি ঘড়ি কিনবে, কিন্তু ঘড়ি কিনবে না।","You will buy the watch, but do not buy the watch.",am d̪ɔ gʰuɽi kiɾiɲa mɛnkʰan gʰuɽi bam kiɾiɲa.
ইংল্যান্ডে একটি লক্ষ্যবস্তু আছে।,There is a target in the england.,bilətɾɛ bed͡ʒʰa menaa.
একটি পৈতৃক সম্পত্তি বাড়িতে আছে।,One patrimony is in the house.,mit̪ʔʈɛn bapɔɾi dʰɔn d̪ɔ ɔɽaʔɾɛ menaa.
আমি বাবা সাহায্য করেছিলাম।,I helped the father.,iɲiɲ baba gɔɽɔkeda.
আমি ছবি পেয়েছি।,I have gotten the photo.,iɲ d̪ɔ pʰɔʈɔ ɲamakada.
গতকাল তোমরা বাদ পড়া দেখে শহরে আসবে।,"Yesterday, you all see the omission and then come to the town.",hɔlaɾɛ apɛ bʰul t͡ʃuk ɲɛlkat̪ɛ sɔhɔɽɾɛ hiɟuʔa.
তোমাদের নারী ভালো।,Your woman is good.,apɛaʔ əi̯məi̯ d̪ɔ mɔ̃ɟa.
একটি বাঘ হ্রদে আছে।,One tiger is in the lake.,mit̪ʔʈɛn t̪ɘɾup̚ʔ d̪ɔ ɟɔlaɾɛ menaa.
তোমরা ঘড়ি কিনবে না।,You all do not buy the watch.,apɛ d̪ɔ gʰuɽi bapɛ kiɾiɲa.
আমি পাঠ পড়ব না।,I do not study the lesson.,iɲ d̪ɔ sikʰnɘt̪ bɘɲ paɽha͡o̯a.
তারা মধু ও খাবার খাবে।,They will eat the honey and the food.,oŋko d̪ɔ ɲɛlɛɾasa aɾ ɟɔmaʔ ɟɔma.
আমার পছন্দ নতুন।,My choice is new.,iɲaʔ əpɾug d̪ɔ nɔwaa.
ইংল্যান্ডে একটি আস্থা আছে।,There is a confidence in the england.,bilətɾɛ baɾsa menaa.
বাড়িতে একটি আসা-যাওয়া আছে।,There is a coming & going in the house.,ɔɽaʔɾɛ ana gona menaa.
গতকাল আমরা কথা পড়ে বাড়িতে যাব।,"Yesterday, we study the word and then go to the house.",hɔlaɾɛ alɛ kat̪ʰa paɽha͡o̯kat̪ɛ ɔɽaʔɾɛ calaʔa.
একটি পূর্বপুরুষ কুয়ায় আছে।,One ancestors is in the well.,mit̪ʔʈɛn bap dada d̪ɔ kuɲɾɛ menaa.
আমার আঁটি ভালো।,My bundle is good.,iɲaʔ əʈi d̪ɔ mɔ̃ɟa.
আজ তারা মাথা ঘোরা দেখে শহরে কাজ করবে।,"Today, they see the vertigo and then work in the town.",t̪eheɲɾɛ oŋko bʰãoɾi ɲɛlkat̪ɛ sɔhɔɽɾɛ kɘmia.
সেই সময় তুমি অজুহাত দেখে নদীতে খেলবে।,"At that time, you see the excuse and then play in the river.",ɔkt̪ɛɾɛ am aɾd͡ʒaəɾd͡ʒi ɲɛlkat̪ɛ gaɖaɾɛ gat̪ea.
সে সাহায্য করছে।,He/she is helping.,unii̯ gɔɽɔɛd̪a.
তারা শিশু সাহায্য করবে না।,They do not help the child.,oŋko d̪ɔ gid̪ɾɘ bako gɔɽɔa.
বাসস্থানে একটি বারান্দা আছে।,There is a verandah in the residence.,basaɾɛ baɾaɳda menaa.
তাদের বিবাহের শোভাযাত্রা নতুন।,Their marriage procession is new.,oŋkoaʔ bəɾiə̯t d̪ɔ nɔwaa.
"আমরা ভাষা লিখব, কিন্তু ভাষা লিখব না।","We will write the language, but do not write the language.",alɛ d̪ɔ pɘɾsi ɔlɔʔa mɛnkʰan pɘɾsi balɛ ɔlɔʔa.
বিস্তীর্ণ ভূমিে একটি পা আছে।,There is a foot in the wide expanse of land.,bilənɾɛ kaʈa menaa.
সকালে তারা মাছ কিনে নদীতে খেলবে।,"In the morning, they buy the fish and then play in the river.",sɛt̪aʔɾɛ oŋko haku kiɾiɲkat̪ɛ gaɖaɾɛ gat̪ea.
নিকটবর্তী এলাকাে একটি এক প্রজাতির মাছ আছে।,There is a species of fish in the vicinity.,aɖe ʈolaɾɛ badʰoɽ menaa.
একটি মা স্কুলে আছে।,One mother is in the school.,mit̪ʔʈɛn gɔgɔ d̪ɔ iskulɾɛ menaa.
সকালে সে পানি পান করে শহরে কাজ করবে।,"In the morning, he/she drink the water and then work in the town.",sɛt̪aʔɾɛ uni d̪aʔ ɲukat̪ɛ sɔhɔɽɾɛ kɘmia.
আজ আমরা খাবার কিনে কুয়ায় খেলব।,"Today, we buy the food and then play in the well.",t̪eheɲɾɛ alɛ ɟɔmaʔ kiɾiɲkat̪ɛ kuɲɾɛ gat̪ea.
একটি বাবা কুয়ায় আছে।,One father is in the well.,mit̪ʔʈɛn baba d̪ɔ kuɲɾɛ menaa.
আমরা নির্গমন দেখব।,We will see the emanation.,alɛ d̪ɔ əhlə ɲɛla.
আজ তোমরা চারা গাছ দেখে নদীতে যাবে।,"Today, you all see the sapling and then go to the river.",t̪eheɲɾɛ apɛ bat͡ʃʰɽa daɾe ɲɛlkat̪ɛ gaɖaɾɛ calaʔa.
আড়ালে একটি মধু আছে।,There is a honey in the covert.,ao̯tanɾɛ ɲɛlɛɾasa menaa.
শহরে একটি শব্দ আছে।,There is a noise in the town.,sɔhɔɽɾɛ awad͡ʒ menaa.
সকালে তুমি ঔষধ কিনে গ্রামে যাবে।,"In the morning, you buy the medicine and then go to the village.",sɛt̪aʔɾɛ am ɾan kiɾiɲkat̪ɛ at̪oɾɛ calaʔa.
নিকটবর্তী এলাকাে একটি গ্রাম আছে।,There is a village in the vicinity.,aɖe ʈolaɾɛ at̪o menaa.
গতকাল তুমি বালিয়া সারস পাখি দেখে শহরে কাজ করবে।,"Yesterday, you see the sand martin and then work in the town.",hɔlaɾɛ am bʰəluə̯ ɲɛlkat̪ɛ sɔhɔɽɾɛ kɘmia.
ইংল্যান্ডে একটি বুদ্ধি আছে।,There is a wisdom in the england.,bilətɾɛ əkil menaa.
তাদের মাছ পরিষ্কার।,Their fish is clean.,oŋkoaʔ haku d̪ɔ sapʰaa.
গতকাল আমি মূল্যায়ন দেখে বাড়িতে কাজ করব।,"Yesterday, I see the appraisement and then work in the house.",hɔlaɾɛ iɲ anman ɲɛlkat̪ɛ ɔɽaʔɾɛ kɘmia.
সকালে সে মাছ খেয়ে শহরে যাবে।,"In the morning, he/she eat the fish and then go to the town.",sɛt̪aʔɾɛ uni haku ɟɔmkat̪ɛ sɔhɔɽɾɛ calaʔa.
জেলেটি আনন্দের।,The fisherman is happy.,ɟɘliɘ d̪ɔ ɾɘskɘa.
আমরা মোবাইল ফোন ও খাবার কিনব।,We will buy the mobile phone and the food.,alɛ d̪ɔ mɔbaĭl pʰon aɾ ɟɔmaʔ kiɾiɲa.
"তোমরা কথা বলবে, কিন্তু ভাষা বলবে না।","You all will speak the word, but do not speak the language.",apɛ d̪ɔ kat̪ʰa ɾɔɽa mɛnkʰan pɘɾsi bapɛ ɾɔɽa.
বিস্তীর্ণ ভূমিে একটি কণ্ঠস্বর আছে।,There is a voice in the wide expanse of land.,bilənɾɛ aɽaŋ menaa.
সেই সময় তোমরা ভাষা লিখে নদীতে খেলবে।,"At that time, you all write the language and then play in the river.",ɔkt̪ɛɾɛ apɛ pɘɾsi ɔlɔʔkat̪ɛ gaɖaɾɛ gat̪ea.
গুহাে একটি ঘড়ি আছে।,There is a watch in the cave.,bʰugək̕ɾɛ gʰuɽi menaa.
মুখের কর্কট রোগটি গুরুত্বপূর্ণ।,The cancer of the face is important.,bandoɾ gali d̪ɔ ɟɘɾuɽa.
তুমি শক্তি দেখবে না।,You do not see the force.,am d̪ɔ ad͡ʒʰãʈ bam ɲɛla.
"তোমরা ঔষধ কিনবে, কিন্তু ঔষধ কিনবে না।","You all will buy the medicine, but do not buy the medicine.",apɛ d̪ɔ ɾan kiɾiɲa mɛnkʰan ɾan bapɛ kiɾiɲa.
নিকটবর্তী এলাকাে একটি সকাল আছে।,There is a morning in the vicinity.,aɖe ʈolaɾɛ ãɽgat menaa.
তোমাদের হাত ভালো।,Your hand is good.,apɛaʔ t̪i d̪ɔ mɔ̃ɟa.
গতকাল তুমি তরকারি দেখে স্কুলে যাবে।,"Yesterday, you see the vegetables and then go to the school.",hɔlaɾɛ am aɽak̕ sakam ɲɛlkat̪ɛ iskulɾɛ calaʔa.
সে খাবার পাবে না।,He/she does not get the food.,uni d̪ɔ ɟɔmaʔ bai̯ ɲama.
একটি শুকর কুয়ায় আছে।,One pig is in the well.,mit̪ʔʈɛn suk̚ɾi d̪ɔ kuɲɾɛ menaa.
মটরশুটিটি নতুন।,The pea is new.,baʈɽa d̪ɔ nɔwaa.
আচরণটি নতুন।,The conduct is new.,at͡ʃaɾ beo̯haɾ d̪ɔ nɔwaa.
নদীতে একটি সন্ধ্যা আছে।,There is an evening in the river.,gaɖaɾɛ əjup̕ menaa.
কুয়ায় একটি অভিযোগকারী আছে।,There is an accuser in the well.,kuɲɾɛ bədi menaa.
তোমাদের অশান্তি ভালো।,Your unrest is good.,apɛaʔ bɛtʰiɾ d̪ɔ mɔ̃ɟa.
হ্রদে একটি ব্যাঙের ডাক আছে।,There is a croak of frogs in the lake.,ɟɔlaɾɛ bɛbɛ menaa.
আমরা বাবা সাহায্য করেছিলাম।,We helped the father.,alɛlɛ baba gɔɽɔkeda.
সকালে তারা মাছ কিনে নদীতে যাবে।,"In the morning, they buy the fish and then go to the river.",sɛt̪aʔɾɛ oŋko haku kiɾiɲkat̪ɛ gaɖaɾɛ calaʔa.
"তুমি গবাদিপশুর পাতলা পায়খানা দেখবে, কিন্তু পশু তাড়ানোর লাঠি দেখবে না।","You will see the scouring in cattle, but do not see the goad.",am d̪ɔ aɽhəi̯ə ɲɛla mɛnkʰan aɾd͡ʒan bam ɲɛla.
তারা খাবার ও ঘড়ি কিনবে।,They will buy the food and the watch.,oŋko d̪ɔ ɟɔmaʔ aɾ gʰuɽi kiɾiɲa.
আমি কথা লিখেছিলাম।,I wrote the word.,iɲiɲ kat̪ʰa ɔlɔʔkeda.
তার ভাষা গুরুত্বপূর্ণ।,His/her language is important.,uniaʔ pɘɾsi d̪ɔ ɟɘɾuɽa.
আড়ালে একটি ঋতু আছে।,There is a season in the covert.,ao̯tanɾɛ bataɾ menaa.
বাসস্থানে একটি জীবন আছে।,There is a life in the residence.,basaɾɛ ɟiŋgi menaa.
তোমাদের বাবা ভালো।,Your father is good.,apɛaʔ baba d̪ɔ mɔ̃ɟa.
আজ আমি ঔষধ কিনে নদীতে যাব।,"Today, I buy the medicine and then go to the river.",t̪eheɲɾɛ iɲ ɾan kiɾiɲkat̪ɛ gaɖaɾɛ calaʔa.
"সে ট্যাংক দেখবে, কিন্তু লজ্জা দেখবে না।","He/she will see the tank, but does not see the shame.",uni d̪ɔ abʰɾa ɲɛla mɛnkʰan bʰɔɾɔm bai̯ ɲɛla.
আমার কিশোর নতুন।,My lad is new.,iɲaʔ bat͡ʃʰɽa d̪ɔ nɔwaa.
পাড়াে একটি সময়কাল আছে।,There is a period in the neighbourhood.,aɖe paseɾɛ ãʈɾe menaa.
উত্তরাধিকারীটি পরিষ্কার।,The heir is clean.,awəsi d̪ɔ sapʰaa.
আমি মাছ ও রান্না খাব।,I will eat the fish and the cooked food.,iɲ d̪ɔ haku aɾ basaŋ ɟɔma.
তোমাদের মানুষ ভালো।,Your person is good.,apɛaʔ hɔɽ d̪ɔ mɔ̃ɟa.
সে ঔষধ পেয়েছে।,He/she has gotten the medicine.,uni d̪ɔ ɾan ɲamakada.
"তারা মাছ কিনবে, কিন্তু ঘড়ি কিনবে না।","They will buy the fish, but do not buy the watch.",oŋko d̪ɔ haku kiɾiɲa mɛnkʰan gʰuɽi bako kiɾiɲa.
সে পোশাক দেখবে।,He/she will see the attire.,uni d̪ɔ bʰagwa ɲɛla.
বাড়িতে একটি ছোট মশা আছে।,There is a midge in the house.,ɔɽaʔɾɛ bəsɳɖi menaa.
বধিরতাটি পরিষ্কার।,The deafness is clean.,bəhiɾ bəi̯ d̪ɔ sapʰaa.
সে ছবি পাবে না।,He/she does not get the photo.,uni d̪ɔ pʰɔʈɔ bai̯ ɲama.
সেই সময় তারা মধু খেয়ে গ্রামে কাজ করবে।,"At that time, they eat the honey and then work in the village.",ɔkt̪ɛɾɛ oŋko ɲɛlɛɾasa ɟɔmkat̪ɛ at̪oɾɛ kɘmia.
বাসস্থানে একটি উই পোকা আছে।,There is a termite in the dwelling place.,basɾɛ bʰuku menaa.
গানটি পরিষ্কার।,The song is clean.,seɾeɲ d̪ɔ sapʰaa.
"আমরা কথা পড়ব, কিন্তু কথা পড়ব না।","We will study the word, but do not study the word.",alɛ d̪ɔ kat̪ʰa paɽha͡o̯a mɛnkʰan kat̪ʰa balɛ paɽha͡o̯a.
কুয়ায় একটি মোবাইল ফোন আছে।,There is a mobile phone in the well.,kuɲɾɛ mɔbaĭl pʰon menaa.
শহরে একটি বিড়াল আছে।,There is a cat in the town.,sɔhɔɽɾɛ pusi menaa.
আমরা যাবপাত্র দেখব না।,We do not see the fodder.,alɛ d̪ɔ adʰaɾ balɛ ɲɛla.
নদীতে একটি জাফরি আছে।,There is a lattice work in the river.,gaɖaɾɛ bata menaa.
বাসস্থানে একটি বিরক্তি আছে।,There is an annoyance in the residence.,basaɾɛ əɽis menaa.
বট গাছটি পরিষ্কার।,The banyan tree is clean.,baɽe d̪ɔ sapʰaa.
তোমাদের শুকর ছোট।,Your pig is small.,apɛaʔ suk̚ɾi d̪ɔ lɘʈua.
ফ্যাথমটি ভালো।,The fathom is good.,aɾpa d̪ɔ mɔ̃ɟa.
আড়ালে একটি পিঁপড়া আছে।,There is an ant in the covert.,ao̯tanɾɛ muc̚ʔ menaa.
হ্রদে একটি পিঁপড়া আছে।,There is an ant in the lake.,ɟɔlaɾɛ muc̚ʔ menaa.
তোমাদের ঘড়ি নতুন।,Your watch is new.,apɛaʔ gʰuɽi d̪ɔ nɔwaa.
দম্ভটি গুরুত্বপূর্ণ।,The boasting is important.,bakʰaɾa d̪ɔ ɟɘɾuɽa.
আমাদের বেতন নতুন।,Our pay is new.,alɛaʔ bɛtɔn d̪ɔ nɔwaa.
ভণ্ডটি ভালো।,The pretender is good.,bʰiduk d̪ɔ mɔ̃ɟa.
তার অভিশাপ গুরুত্বপূর্ণ।,His/her curse is important.,uniaʔ əsis d̪ɔ ɟɘɾuɽa.
একটি বোকা গ্রামে আছে।,One fool is in the village.,mit̪ʔʈɛn bemblaha d̪ɔ at̪oɾɛ menaa.
রোগ কোথায় আছে?,Where is the illness?,ɾu̯͡ɘ d̪ɔ ɔkaɾɛ menaa.
টাকাটি নতুন।,The money is new.,ʈaka d̪ɔ nɔwaa.
আমাদের দুধ ভালো।,Our milk is good.,alɛaʔ t̪o̯͡a d̪ɔ mɔ̃ɟa.
কাজটি নতুন।,The work is new.,kɘmi d̪ɔ nɔwaa.
আজ তুমি মোবাইল ফোন কিনে স্কুলে কাজ করবে।,"Today, you buy the mobile phone and then work in the school.",t̪eheɲɾɛ am mɔbaĭl pʰon kiɾiɲkat̪ɛ iskulɾɛ kɘmia.
একটি ভণ্ড হ্রদে আছে।,One pretender is in the lake.,mit̪ʔʈɛn bʰiduk d̪ɔ ɟɔlaɾɛ menaa.
সকালে আমি ভাষা পড়ে নদীতে আসব।,"In the morning, I study the language and then come to the river.",sɛt̪aʔɾɛ iɲ pɘɾsi paɽha͡o̯kat̪ɛ gaɖaɾɛ hiɟuʔa.
আমরা খাবার ও মোবাইল ফোন কিনব।,We will buy the food and the mobile phone.,alɛ d̪ɔ ɟɔmaʔ aɾ mɔbaĭl pʰon kiɾiɲa.
একটি ভাগ্নে নদীতে আছে।,One nephew is in the river.,mit̪ʔʈɛn bʰəgnə d̪ɔ gaɖaɾɛ menaa.
সে মোবাইল ফোন ও খাবার কিনবে।,He/she will buy the mobile phone and the food.,uni d̪ɔ mɔbaĭl pʰon aɾ ɟɔmaʔ kiɾiɲa.
তারা শত্রু দেখবে।,They will see the enemy.,oŋko d̪ɔ bəi̯ɾi ɲɛla.
সেই সময় তোমরা দুধ পান করে শহরে আসবে।,"At that time, you all drink the milk and then come to the town.",ɔkt̪ɛɾɛ apɛ t̪o̯͡a ɲukat̪ɛ sɔhɔɽɾɛ hiɟuʔa.
গতকাল আমরা খাবার কিনে শহরে যাব।,"Yesterday, we buy the food and then go to the town.",hɔlaɾɛ alɛ ɟɔmaʔ kiɾiɲkat̪ɛ sɔhɔɽɾɛ calaʔa.
তোমরা সম্পদ দেখেছ।,You all have seen the wealth.,apɛ d̪ɔ at͡ʃel ɲɛlakada.
গতকাল তোমরা পাঠ পড়ে বাড়িতে আসবে।,"Yesterday, you all study the lesson and then come to the house.",hɔlaɾɛ apɛ sikʰnɘt̪ paɽha͡o̯kat̪ɛ ɔɽaʔɾɛ hiɟuʔa.
গতকাল সে ভাষা পড়ে কুয়ায় যাবে।,"Yesterday, he/she study the language and then go to the well.",hɔlaɾɛ uni pɘɾsi paɽha͡o̯kat̪ɛ kuɲɾɛ calaʔa.
তোমার মধু পরিষ্কার।,Your honey is clean.,amaʔ ɲɛlɛɾasa d̪ɔ sapʰaa.
তার বিদ্যুৎ গুরুত্বপূর্ণ।,His/her lightning is important.,uniaʔ bid͡ʒli d̪ɔ ɟɘɾuɽa.
সকালে সে মাছ খেয়ে বাড়িতে আসবে।,"In the morning, he/she eat the fish and then come to the house.",sɛt̪aʔɾɛ uni haku ɟɔmkat̪ɛ ɔɽaʔɾɛ hiɟuʔa.
গ্রামে একটি নির্বোধ ব্যক্তি আছে।,There is a dunce in the village.,at̪oɾɛ akoɾma menaa.
গতকাল তোমরা ভাষা পড়ে কুয়ায় কাজ করবে।,"Yesterday, you all study the language and then work in the well.",hɔlaɾɛ apɛ pɘɾsi paɽha͡o̯kat̪ɛ kuɲɾɛ kɘmia.
তাদের বিড়াল ছোট।,Their cat is small.,oŋkoaʔ pusi d̪ɔ lɘʈua.
"তারা ডিমের কুসুম দেখবে, কিন্তু নক্ষত্রমণ্ডল দেখবে না।","They will see the yolk of egg, but do not see the constellation.",oŋko d̪ɔ bele botke ɲɛla mɛnkʰan ãɾgɔm bako ɲɛla.
একটি মধু গ্রামে আছে।,One honey is in the village.,mit̪ʔ ɲɛlɛɾasa d̪ɔ at̪oɾɛ menaa.
তারা স্বস্তি ও খড় দেখবে।,They will see the relief and the chaff.,oŋko d̪ɔ ao̯san aɾ bʰusə ɲɛla.
সকালে সে খাবার খেয়ে নদীতে খেলবে।,"In the morning, he/she eat the food and then play in the river.",sɛt̪aʔɾɛ uni ɟɔmaʔ ɟɔmkat̪ɛ gaɖaɾɛ gat̪ea.
সকালে তোমরা কথা লিখে গ্রামে যাবে।,"In the morning, you all write the word and then go to the village.",sɛt̪aʔɾɛ apɛ kat̪ʰa ɔlɔʔkat̪ɛ at̪oɾɛ calaʔa.
তার গান নতুন।,His/her song is new.,uniaʔ seɾeɲ d̪ɔ nɔwaa.
সকালে তারা খাবার কিনে শহরে খেলবে।,"In the morning, they buy the food and then play in the town.",sɛt̪aʔɾɛ oŋko ɟɔmaʔ kiɾiɲkat̪ɛ sɔhɔɽɾɛ gat̪ea.
তার গ্রাম নতুন।,His/her village is new.,uniaʔ at̪o d̪ɔ nɔwaa.
একটি ডাক্তার শহরে আছে।,One doctor is in the town.,mit̪ʔʈɛn ɖak̚t̪aɾ d̪ɔ sɔhɔɽɾɛ menaa.
নিকটবর্তী এলাকাে একটি পুরস্কার আছে।,There is a prize in the vicinity.,aɖe ʈolaɾɛ bəksis menaa.
"তারা মাছ খাবে, কিন্তু মাছ খাবে না।","They will eat the fish, but do not eat the fish.",oŋko d̪ɔ haku ɟɔma mɛnkʰan haku bako ɟɔma.
তুমি শিশু সাহায্য করবে না।,You do not help the child.,am d̪ɔ gid̪ɾɘ bam gɔɽɔa.
সকালে সে দুধ পান করে হ্রদে আসবে।,"In the morning, he/she drink the milk and then come to the lake.",sɛt̪aʔɾɛ uni t̪o̯͡a ɲukat̪ɛ ɟɔlaɾɛ hiɟuʔa.
সে লজ্জা ও ভেড়া দেখবে।,He/she will see the shame and the sheep.,uni d̪ɔ bʰɔɾɔm aɾ bʰiɖi ɲɛla.
শ্রমিকটি নতুন।,The navvy is new.,beldaɾ d̪ɔ nɔwaa.
"সে ঔষধ পাবে, কিন্তু টাকা পাবে না।","He/she will get the medicine, but does not get the money.",uni d̪ɔ ɾan ɲama mɛnkʰan ʈaka bai̯ ɲama.
সেই সময় সে শুকর দেখে শহরে যাবে।,"At that time, he/she see the pig and then go to the town.",ɔkt̪ɛɾɛ uni suk̚ɾi ɲɛlkat̪ɛ sɔhɔɽɾɛ calaʔa.
"আমি মানুষ সাহায্য করব, কিন্তু শিশু সাহায্য করব না।","I will help the person, but do not help the child.",iɲ d̪ɔ hɔɽ gɔɽɔa mɛnkʰan gid̪ɾɘ bɘɲ gɔɽɔa.
কুয়ায় একটি যন্ত্রপাতি আছে।,There is an appliance in the well.,kuɲɾɛ bandʰec̕ menaa.
গতকাল তারা মধু খেয়ে স্কুলে আসবে।,"Yesterday, they eat the honey and then come to the school.",hɔlaɾɛ oŋko ɲɛlɛɾasa ɟɔmkat̪ɛ iskulɾɛ hiɟuʔa.
আমরা টাকা পেয়েছি।,We have gotten the money.,alɛ d̪ɔ ʈaka ɲamakada.
আমরা নুন-তামাকের ফেরিওয়ালা দেখব না।,We do not see the pedlar of salt and tobacco.,alɛ d̪ɔ bə̃ɽiə̯̃ balɛ ɲɛla.
কাজ কোথায় আছে?,Where is the work?,kɘmi d̪ɔ ɔkaɾɛ menaa.
আজ আমরা পানি পান করে বাড়িতে যাব।,"Today, we drink the water and then go to the house.",t̪eheɲɾɛ alɛ d̪aʔ ɲukat̪ɛ ɔɽaʔɾɛ calaʔa.
"তারা রান্না খাবে, কিন্তু খাবার খাবে না।","They will eat the cooked food, but do not eat the food.",oŋko d̪ɔ basaŋ ɟɔma mɛnkʰan ɟɔmaʔ bako ɟɔma.
একটি বোকা হ্রদে আছে।,One fool is in the lake.,mit̪ʔʈɛn bemblaha d̪ɔ ɟɔlaɾɛ menaa.
আমরা ঔষধ পেয়েছিলাম।,We got the medicine.,alɛlɛ ɾan ɲamkeda.
তারা বিবাহের উপহার দেখবে।,They will see the presents given at marriage.,oŋko d̪ɔ banda pɔn ɲɛla.
তুমি টাকা পেয়েছ।,You have gotten the money.,am d̪ɔ ʈaka ɲamakada.
গুহাে একটি ডালিম আছে।,There is a pomegranate in the cave.,bʰugək̕ɾɛ anaɾ menaa.
বাড়িতে একটি রোগ আছে।,There is an illness in the house.,ɔɽaʔɾɛ ɾu̯͡ɘ menaa.
হ্রদে একটি অবসর আছে।,There is a leisure in the lake.,ɟɔlaɾɛ apʰsoɾ menaa.
সকালে তারা মাছ খেয়ে শহরে কাজ করবে।,"In the morning, they eat the fish and then work in the town.",sɛt̪aʔɾɛ oŋko haku ɟɔmkat̪ɛ sɔhɔɽɾɛ kɘmia.
আজ আমি পাঠ পড়ে শহরে আসব।,"Today, I study the lesson and then come to the town.",t̪eheɲɾɛ iɲ sikʰnɘt̪ paɽha͡o̯kat̪ɛ sɔhɔɽɾɛ hiɟuʔa.
বিস্তীর্ণ ভূমিে একটি পছন্দ আছে।,There is a choice in the wide expanse of land.,bilənɾɛ əpɾug menaa.
কুয়ায় একটি চাষাবাদ আছে।,There is a cultivation in the well.,kuɲɾɛ abad menaa.
"আমি অভিযোগকারী দেখব, কিন্তু জলাধার দেখব না।","I will see the accuser, but do not see the reservoir.",iɲ d̪ɔ bədi ɲɛla mɛnkʰan ahɾa bɘɲ ɲɛla.
তোমার ডাক্তার ছোট।,Your doctor is small.,amaʔ ɖak̚t̪aɾ d̪ɔ lɘʈua.
শহরে একটি আঙুলের ফোঁড়া আছে।,There is a whitlow in the town.,sɔhɔɽɾɛ aŋguɾ biɽhi menaa.
শত্রুটি পরিষ্কার।,The enemy is clean.,bəi̯ɾi d̪ɔ sapʰaa.
আমি ডালিম দেখব।,I will see the pomegranate.,iɲ d̪ɔ anaɾ ɲɛla.
"আমি ঔষধ কিনব, কিন্তু খাবার কিনব না।","I will buy the medicine, but do not buy the food.",iɲ d̪ɔ ɾan kiɾiɲa mɛnkʰan ɟɔmaʔ bɘɲ kiɾiɲa.
বিদেশীটি ভালো।,The foreigner is good.,bidesiə̯ d̪ɔ mɔ̃ɟa.
সেই সময় আমরা খাবার খেয়ে হ্রদে কাজ করব।,"At that time, we eat the food and then work in the lake.",ɔkt̪ɛɾɛ alɛ ɟɔmaʔ ɟɔmkat̪ɛ ɟɔlaɾɛ kɘmia.
তারা ঔষধ ও ঘড়ি কিনবে।,They will buy the medicine and the watch.,oŋko d̪ɔ ɾan aɾ gʰuɽi kiɾiɲa.
পাড়াে একটি জীবন আছে।,There is a life in the neighbourhood.,aɖe paseɾɛ ɟiŋgi menaa.
অনুচিত আচরণটি নতুন।,The impropriety is new.,baŋ ganok̕ak̕ d̪ɔ nɔwaa.
"তোমরা কথা লিখবে, কিন্তু ভাষা লিখবে না।","You all will write the word, but do not write the language.",apɛ d̪ɔ kat̪ʰa ɔlɔʔa mɛnkʰan pɘɾsi bapɛ ɔlɔʔa.
তুমি বাষ্প দেখেছ।,You have seen the vapour.,am d̪ɔ bʰap ɲɛlakada.
"তোমরা কথা বলবে, কিন্তু কথা বলবে না।","You all will speak the word, but do not speak the word.",apɛ d̪ɔ kat̪ʰa ɾɔɽa mɛnkʰan kat̪ʰa bapɛ ɾɔɽa.
সে মাছ বিক্রি করেছিল।,He/she sold the fish.,unii̯ haku ɘkʰɾiɲkeda.
আঙুলের ফোঁড়াটি পরিষ্কার।,The whitlow is clean.,aŋguɾ biɽhi d̪ɔ sapʰaa.
আমরা পরজীবী উদ্ভিদ দেখেছি।,We have seen the parasitic plant.,alɛ d̪ɔ alagd͡ʒəɽi ɲɛlakada.
"তারা মাছ কিনবে, কিন্তু খাবার কিনবে না।","They will buy the fish, but do not buy the food.",oŋko d̪ɔ haku kiɾiɲa mɛnkʰan ɟɔmaʔ bako kiɾiɲa.
তোমরা মাছের ছিটেফোঁটা সংগ্রহ দেখবে না।,You all do not see the gleanings of fish.,apɛ d̪ɔ bəɾəu̯ɖʰa bapɛ ɲɛla.
সে খাচ্ছে।,He/she is eating.,unii̯ ɟɔmɛd̪a.
তোমরা পাচ্ছ।,You all are getting.,apɛpɛ ɲamɛd̪a.
বাসস্থানে একটি ভেড়ার বাচ্চা আছে।,There is a lamb in the dwelling place.,basɾɛ bʰiɖi hɔpɔn menaa.
আমি ছেঁড়া দেখব না।,I do not see the rent.,iɲ d̪ɔ baŋ baŋ bɘɲ ɲɛla.
একটি ভাই নদীতে আছে।,One brother is in the river.,mit̪ʔʈɛn baɾet d̪ɔ gaɖaɾɛ menaa.
ইংল্যান্ডে একটি জেলে আছে।,There is a fisherman in the england.,bilətɾɛ ɟɘliɘ menaa.
বাসস্থানে একটি জ্বালাপোড়া আছে।,There is a burning sensation in the residence.,basaɾɛ aɽae̯ menaa.
বাজিটি ভালো।,The bet is good.,bəɾd͡ʒid d̪ɔ mɔ̃ɟa.
তোমার শুকর ছোট।,Your pig is small.,amaʔ suk̚ɾi d̪ɔ lɘʈua.
তাদের মোবাইল ফোন ভালো।,Their mobile phone is good.,oŋkoaʔ mɔbaĭl pʰon d̪ɔ mɔ̃ɟa.
"তারা গরু ডাকার শব্দ দেখবে, কিন্তু ঔষধ দেখবে না।","They will see the cattle call, but do not see the medicine.",oŋko d̪ɔ bihet̕ ɲɛla mɛnkʰan ɾan bako ɲɛla.
তারা ছবি পেয়েছে।,They have gotten the photo.,oŋko d̪ɔ pʰɔʈɔ ɲamakada.
"তোমরা মানুষ সাহায্য করবে, কিন্তু বাবা সাহায্য করবে না।","You all will help the person, but do not help the father.",apɛ d̪ɔ hɔɽ gɔɽɔa mɛnkʰan baba bapɛ gɔɽɔa.
মাছ কোথায় আছে?,Where is the fish?,haku d̪ɔ ɔkaɾɛ menaa.
"তারা ঘড়ি বিক্রি করবে, কিন্তু মাছ বিক্রি করবে না।","They will sell the watch, but do not sell the fish.",oŋko d̪ɔ gʰuɽi ɘkʰɾiɲa mɛnkʰan haku bako ɘkʰɾiɲa.
বিস্তীর্ণ ভূমিে একটি স্কুল আছে।,There is a school in the wide expanse of land.,bilənɾɛ iskul menaa.
তারা সুযোগ দেখবে।,They will see the chance.,oŋko d̪ɔ bʰəg ɲɛla.
আমরা আচরণ ও নির্বোধ ব্যক্তি দেখব।,We will see the conduct and the dunce.,alɛ d̪ɔ at͡ʃaɾ beo̯haɾ aɾ akoɾma ɲɛla.
তুমি মাছ ও ঘড়ি কিনবে।,You will buy the fish and the watch.,am d̪ɔ haku aɾ gʰuɽi kiɾiɲa.
তোমরা সকাল দেখবে না।,You all do not see the morning.,apɛ d̪ɔ ãɽgat bapɛ ɲɛla.
গতকাল সে পানি পান করে বাড়িতে খেলবে।,"Yesterday, he/she drink the water and then play in the house.",hɔlaɾɛ uni d̪aʔ ɲukat̪ɛ ɔɽaʔɾɛ gat̪ea.
সুতাটি নতুন।,The twine is new.,babeɾ d̪ɔ nɔwaa.
হ্রদে একটি অশান্তি আছে।,There is an unrest in the lake.,ɟɔlaɾɛ bɛtʰiɾ menaa.
নিকটবর্তী এলাকাে একটি পা আছে।,There is a leg in the vicinity.,aɖe ʈolaɾɛ ɟaŋga menaa.
আমি খাবার ও মোবাইল ফোন কিনব।,I will buy the food and the mobile phone.,iɲ d̪ɔ ɟɔmaʔ aɾ mɔbaĭl pʰon kiɾiɲa.
পাড়াে একটি কুমড়ো আছে।,There is a pumpkin in the neighbourhood.,aɖe paseɾɛ bə̃ɽĩə kohɳɖa menaa.
পাড়াটি গুরুত্বপূর্ণ।,The neighbourhood is important.,aɖe pase d̪ɔ ɟɘɾuɽa.
শ্রমিকটি গুরুত্বপূর্ণ।,The navvy is important.,beldaɾ d̪ɔ ɟɘɾuɽa.
আজ তারা কথা পড়ে শহরে আসবে।,"Today, they study the word and then come to the town.",t̪eheɲɾɛ oŋko kat̪ʰa paɽha͡o̯kat̪ɛ sɔhɔɽɾɛ hiɟuʔa.
তারা অভ্র দেখবে না।,They do not see the mica.,oŋko d̪ɔ abɾak bako ɲɛla.
সকালে তারা খাবার খেয়ে কুয়ায় যাবে।,"In the morning, they eat the food and then go to the well.",sɛt̪aʔɾɛ oŋko ɟɔmaʔ ɟɔmkat̪ɛ kuɲɾɛ calaʔa.
গতকাল তুমি রান্না খেয়ে বাড়িতে খেলবে।,"Yesterday, you eat the cooked food and then play in the house.",hɔlaɾɛ am basaŋ ɟɔmkat̪ɛ ɔɽaʔɾɛ gat̪ea.
পাড়াে একটি শিলাবৃষ্টি আছে।,There is a hail in the neighbourhood.,aɖe paseɾɛ aɾel menaa.
একটি বাঘ কুয়ায় আছে।,One tiger is in the well.,mit̪ʔʈɛn t̪ɘɾup̚ʔ d̪ɔ kuɲɾɛ menaa.
বাসস্থানে একটি কুমড়ো আছে।,There is a pumpkin in the residence.,basaɾɛ bə̃ɽĩə kohɳɖa menaa.
আজ আমি পাঠ পড়ে শহরে কাজ করব।,"Today, I study the lesson and then work in the town.",t̪eheɲɾɛ iɲ sikʰnɘt̪ paɽha͡o̯kat̪ɛ sɔhɔɽɾɛ kɘmia.
আমাদের টাকা ভালো।,Our money is good.,alɛaʔ ʈaka d̪ɔ mɔ̃ɟa.
আজ তুমি ঔষধ কিনে হ্রদে আসবে।,"Today, you buy the medicine and then come to the lake.",t̪eheɲɾɛ am ɾan kiɾiɲkat̪ɛ ɟɔlaɾɛ hiɟuʔa.
সেই সময় আমি দুধ পান করে হ্রদে যাব।,"At that time, I drink the milk and then go to the lake.",ɔkt̪ɛɾɛ iɲ t̪o̯͡a ɲukat̪ɛ ɟɔlaɾɛ calaʔa.
বৈশাখ মাসটি গুরুত্বপূর্ণ।,The april-may is important.,bəi̯sək d̪ɔ ɟɘɾuɽa.
অতিরিক্ত খাজনাটি ভালো।,The additional assessment on rent is good.,bʰed͡ʒa d̪ɔ mɔ̃ɟa.
একটি মোবাইল ফোন নদীতে আছে।,One mobile phone is in the river.,mit̪ʔ mɔbaĭl pʰon d̪ɔ gaɖaɾɛ menaa.
তোমরা ঘড়ি ও খাবার কিনবে।,You all will buy the watch and the food.,apɛ d̪ɔ gʰuɽi aɾ ɟɔmaʔ kiɾiɲa.
আজ তুমি ব্যান্ডেজ দেখে কুয়ায় যাবে।,"Today, you see the bandger and then go to the well.",t̪eheɲɾɛ am bədʰi ɲɛlkat̪ɛ kuɲɾɛ calaʔa.
বাসস্থানে একটি লাভ আছে।,There is a benefit in the dwelling place.,basɾɛ bapʰa menaa.
বিস্তীর্ণ ভূমিে একটি খাবার আছে।,There is a food in the wide expanse of land.,bilənɾɛ ɟɔmaʔ menaa.
বাড়িতে একটি জন্ম আছে।,There is a birth in the house.,ɔɽaʔɾɛ biə̯n menaa.
আমরা পছন্দ ও ভাদ্র মাস দেখব।,We will see the choice and the august-september.,alɛ d̪ɔ əpɾug aɾ bʰadɔɾ ɲɛla.
কুয়ায় একটি পাঠ আছে।,There is a lesson in the well.,kuɲɾɛ sikʰnɘt̪ menaa.
রান্নাটি ভালো।,The cooked food is good.,basaŋ d̪ɔ mɔ̃ɟa.
একটি বোকা শহরে আছে।,One fool is in the town.,mit̪ʔʈɛn bemblaha d̪ɔ sɔhɔɽɾɛ menaa.
রান্নাটি সুস্বাদু।,The cooked food is tasty.,basaŋ d̪ɔ sibila.
আমার খিঁচুনি পরিষ্কার।,My convulsions is clean.,iɲaʔ ḅahiɾ bəi̯ d̪ɔ sapʰaa.
তুমি প্রতিবেশী দেখেছ।,You have seen the neighbours.,am d̪ɔ aɖepaseɾenko ɲɛlakada.
সকালে আমি কথা লিখে কুয়ায় যাব।,"In the morning, I write the word and then go to the well.",sɛt̪aʔɾɛ iɲ kat̪ʰa ɔlɔʔkat̪ɛ kuɲɾɛ calaʔa.
আমাদের উল ভালো।,Our wool is good.,alɛaʔ bʰiɖi up̕ d̪ɔ mɔ̃ɟa.
সেই সময় তোমরা উৎসব দেখে শহরে যাবে।,"At that time, you all see the festival and then go to the town.",ɔkt̪ɛɾɛ apɛ pɔɾɔb ɲɛlkat̪ɛ sɔhɔɽɾɛ calaʔa.
তোমাদের মাথা ঘোরা ভালো।,Your vertigo is good.,apɛaʔ bʰãoɾi d̪ɔ mɔ̃ɟa.
হ্রদে একটি শিশু আছে।,There is a baby in the lake.,ɟɔlaɾɛ bale menaa.
সেই সময় তোমরা মধু খেয়ে স্কুলে আসবে।,"At that time, you all eat the honey and then come to the school.",ɔkt̪ɛɾɛ apɛ ɲɛlɛɾasa ɟɔmkat̪ɛ iskulɾɛ hiɟuʔa.
সকালে আমি ভাষা পড়ে নদীতে যাব।,"In the morning, I study the language and then go to the river.",sɛt̪aʔɾɛ iɲ pɘɾsi paɽha͡o̯kat̪ɛ gaɖaɾɛ calaʔa.
নিকটবর্তী এলাকাে একটি ভাষা আছে।,There is a language in the vicinity.,aɖe ʈolaɾɛ pɘɾsi menaa.
তারা ডাক্তার সাহায্য করেছে।,They have helped the doctor.,oŋko d̪ɔ ɖak̚t̪aɾ gɔɽɔakada.
তুমি সময় দেখেছিলে।,You saw the time.,amɛm ɔkt̪ɛ ɲɛlkeda.
ন্যায়বিচারের আবেদনটি নতুন।,The appeal for justice is new.,əpʰil dohae̯ d̪ɔ nɔwaa.
স্কুলে একটি ধনুক আছে।,There is a bow in the school.,iskulɾɛ ak̕ menaa.
আজ আমরা ঘড়ি কিনে কুয়ায় খেলব।,"Today, we buy the watch and then play in the well.",t̪eheɲɾɛ alɛ gʰuɽi kiɾiɲkat̪ɛ kuɲɾɛ gat̪ea.
গ্রামে একটি মানুষ আছে।,There is a person in the village.,at̪oɾɛ hɔɽ menaa.
প্রণয়ভঙ্গিটি ভালো।,The coquetry is good.,əngɾa d̪ɔ mɔ̃ɟa.
তোমরা মধু ও মাছ খাবে।,You all will eat the honey and the fish.,apɛ d̪ɔ ɲɛlɛɾasa aɾ haku ɟɔma.
তুমি বাদ্যযন্ত্র দেখবে।,You will see the musical instrument.,am d̪ɔ bad͡ʒa ɲɛla.
"সে খাবার কিনবে, কিন্তু খাবার কিনবে না।","He/she will buy the food, but does not buy the food.",uni d̪ɔ ɟɔmaʔ kiɾiɲa mɛnkʰan ɟɔmaʔ bai̯ kiɾiɲa.
তারা অনুরোধ দেখবে।,They will see the request.,oŋko d̪ɔ aɾd͡ʒa əɾd͡ʒi ɲɛla.
নদীতে একটি মাছ আছে।,There is a fish in the river.,gaɖaɾɛ haku menaa.
অবিচারটি গুরুত্বপূর্ণ।,The injustice is important.,aneã̯o d̪ɔ ɟɘɾuɽa.
একটি ভাগ্নে বাড়িতে আছে।,One nephew is in the house.,mit̪ʔʈɛn bʰəgnə d̪ɔ ɔɽaʔɾɛ menaa.
আমি মাছ ও ঘড়ি কিনব।,I will buy the fish and the watch.,iɲ d̪ɔ haku aɾ gʰuɽi kiɾiɲa.
সকালে আমি পাঠ পড়ে স্কুলে কাজ করব।,"In the morning, I study the lesson and then work in the school.",sɛt̪aʔɾɛ iɲ sikʰnɘt̪ paɽha͡o̯kat̪ɛ iskulɾɛ kɘmia.
আমার পুরুষ ভেড়া ছোট।,My ram is small.,iɲaʔ bʰeɖa d̪ɔ lɘʈua.
সকালে তুমি কথা পড়ে বাড়িতে খেলবে।,"In the morning, you study the word and then play in the house.",sɛt̪aʔɾɛ am kat̪ʰa paɽha͡o̯kat̪ɛ ɔɽaʔɾɛ gat̪ea.
তাদের কুলি নিয়োগকারী নতুন।,Their recruiter is new.,oŋkoaʔ aɽkəʈʰiə̯ d̪ɔ nɔwaa.
ঢোলের শব্দটি পরিষ্কার।,The rattle on drum is clean.,beɖo d̪ɔ sapʰaa.
বিস্তীর্ণ ভূমিে একটি ভবিষ্যৎ আছে।,There is a future in the wide expanse of land.,bilənɾɛ agam menaa.
আড়ালে একটি কাজ আছে।,There is a work in the covert.,ao̯tanɾɛ kɘmi menaa.
"আমরা মধু খাব, কিন্তু মাছ খাব না।","We will eat the honey, but do not eat the fish.",alɛ d̪ɔ ɲɛlɛɾasa ɟɔma mɛnkʰan haku balɛ ɟɔma.
দালালিটি ভালো।,The commission is good.,baʈa d̪ɔ mɔ̃ɟa.
শহরে একটি দম্ভ আছে।,There is a boasting in the town.,sɔhɔɽɾɛ bakʰaɾa menaa.
আজ তোমরা পাঠ পড়ে স্কুলে কাজ করবে।,"Today, you all study the lesson and then work in the school.",t̪eheɲɾɛ apɛ sikʰnɘt̪ paɽha͡o̯kat̪ɛ iskulɾɛ kɘmia.
একটি শিশু স্কুলে আছে।,One child is in the school.,mit̪ʔʈɛn gid̪ɾɘ d̪ɔ iskulɾɛ menaa.
শহরে একটি আনা আছে।,There is an anna in the town.,sɔhɔɽɾɛ ana menaa.
গতকাল তোমরা পানি পান করে গ্রামে যাবে।,"Yesterday, you all drink the water and then go to the village.",hɔlaɾɛ apɛ d̪aʔ ɲukat̪ɛ at̪oɾɛ calaʔa.
একটি শিশু হ্রদে আছে।,One child is in the lake.,mit̪ʔʈɛn gid̪ɾɘ d̪ɔ ɟɔlaɾɛ menaa.
নদীতে একটি বিরক্তি আছে।,There is an annoyance in the river.,gaɖaɾɛ əɽis menaa.
আমরা খাবার খাব না।,We do not eat the food.,alɛ d̪ɔ ɟɔmaʔ balɛ ɟɔma.
তুমি রান্না ও মধু খাবে।,You will eat the cooked food and the honey.,am d̪ɔ basaŋ aɾ ɲɛlɛɾasa ɟɔma.
কুয়ায় একটি ঋতু আছে।,There is a season in the well.,kuɲɾɛ bataɾ menaa.
তোমার আখড়া গুরুত্বপূর্ণ।,Your gathering is important.,amaʔ akʰɾa d̪ɔ ɟɘɾuɽa.
বিশটি ভালো।,The twenty is good.,baɾ gɛl d̪ɔ mɔ̃ɟa.
আমি ভেড়া দেখব না।,I do not see the sheep.,iɲ d̪ɔ bʰiɖi bɘɲ ɲɛla.
আমি দুর্যোগ ও মোবাইল ফোন দেখব।,I will see the calmity and the mobile phone.,iɲ d̪ɔ apʰoti aɾ mɔbaĭl pʰon ɲɛla.
অর্ধ বিঘাটি পরিষ্কার।,The half bigha is clean.,bʰənga d̪ɔ sapʰaa.
একটি ভাই বাড়িতে আছে।,One brother is in the house.,mit̪ʔʈɛn bɔ͡i̯ha d̪ɔ ɔɽaʔɾɛ menaa.
তারা একমুঠো দেখবে না।,They do not see the handful.,oŋko d̪ɔ aɲd͡ʒle bako ɲɛla.
বাসস্থানে একটি বাধা আছে।,There is a hitch in the residence.,basaɾɛ bəndʰi menaa.
গ্রামে একটি সকাল আছে।,There is a morning in the village.,at̪oɾɛ ãɽgat menaa.
সেই সময় সে কথা লিখে বাড়িতে খেলবে।,"At that time, he/she write the word and then play in the house.",ɔkt̪ɛɾɛ uni kat̪ʰa ɔlɔʔkat̪ɛ ɔɽaʔɾɛ gat̪ea.
সকালে তুমি খাবার কিনে হ্রদে কাজ করবে।,"In the morning, you buy the food and then work in the lake.",sɛt̪aʔɾɛ am ɟɔmaʔ kiɾiɲkat̪ɛ ɟɔlaɾɛ kɘmia.
তোমরা খাবার ও ঘড়ি কিনবে।,You all will buy the food and the watch.,apɛ d̪ɔ ɟɔmaʔ aɾ gʰuɽi kiɾiɲa.
পুরুষ ভেড়াটি ভালো।,The ram is good.,bʰeɖa d̪ɔ mɔ̃ɟa.
বয়লারটি গুরুত্বপূর্ণ।,The boiler is important.,bʰəʈʰi d̪ɔ ɟɘɾuɽa.
সেই সময় তোমরা দুধ পান করে স্কুলে খেলবে।,"At that time, you all drink the milk and then play in the school.",ɔkt̪ɛɾɛ apɛ t̪o̯͡a ɲukat̪ɛ iskulɾɛ gat̪ea.
সকালে তারা অবসর দেখে বাড়িতে আসবে।,"In the morning, they see the leisure and then come to the house.",sɛt̪aʔɾɛ oŋko apʰsoɾ ɲɛlkat̪ɛ ɔɽaʔɾɛ hiɟuʔa.
"তোমরা ঔষধ পাবে, কিন্তু ছবি পাবে না।","You all will get the medicine, but do not get the photo.",apɛ d̪ɔ ɾan ɲama mɛnkʰan pʰɔʈɔ bapɛ ɲama.
তুমি নামা দেখেছ।,You have seen the descent.,am d̪ɔ anãɽgo ɲɛlakada.
সেই সময় আমরা পানি পান করে বাড়িতে আসব।,"At that time, we drink the water and then come to the house.",ɔkt̪ɛɾɛ alɛ d̪aʔ ɲukat̪ɛ ɔɽaʔɾɛ hiɟuʔa.
সেই সময় সে খাবার কিনে বাড়িতে কাজ করবে।,"At that time, he/she buy the food and then work in the house.",ɔkt̪ɛɾɛ uni ɟɔmaʔ kiɾiɲkat̪ɛ ɔɽaʔɾɛ kɘmia.
ঘড়িটি পরিষ্কার।,The watch is clean.,gʰuɽi d̪ɔ sapʰaa.
আমাদের জন্ম গুরুত্বপূর্ণ।,Our birth is important.,alɛaʔ biə̯n d̪ɔ ɟɘɾuɽa.
এক প্রজাতির হরিণটি ভালো।,The a species of antelope is good.,bʰãoʈia d̪ɔ mɔ̃ɟa.
তারা কণ্ঠস্বর দেখবে না।,They do not see the voice.,oŋko d̪ɔ aɽaŋ bako ɲɛla.
আমি জলাধার ও সিস্ট টিউমার দেখব।,I will see the reservoir and the cystic tumour.,iɲ d̪ɔ ahɾa aɾ batoɾi ɲɛla.
"আমি ঘড়ি বিক্রি করব, কিন্তু মাছ বিক্রি করব না।","I will sell the watch, but do not sell the fish.",iɲ d̪ɔ gʰuɽi ɘkʰɾiɲa mɛnkʰan haku bɘɲ ɘkʰɾiɲa.
নদীতে একটি বাড়ি আছে।,There is a house in the river.,gaɖaɾɛ ɔɽaʔ menaa.
গ্রামে একটি পোশাক আছে।,There is an apparel in the village.,at̪oɾɛ ahɾan pahaɾand menaa.
তোমরা রান্না খেয়েছ।,You all have eaten the cooked food.,apɛ d̪ɔ basaŋ ɟɔmakada.
চারা রোপণটি গুরুত্বপূর্ণ।,The transplantation is important.,apʰɔɾ d̪ɔ ɟɘɾuɽa.
তোমরা মোবাইল ফোন ও বিড়াল দেখবে।,You all will see the mobile phone and the cat.,apɛ d̪ɔ mɔbaĭl pʰon aɾ pusi ɲɛla.
পাকা রাস্তাটি নতুন।,The pavement is new.,bəi̯səu̯ dʰiɾi d̪ɔ nɔwaa.
একটি বামন গ্রামে আছে।,One dwarf is in the village.,mit̪ʔʈɛn bãoɽã d̪ɔ at̪oɾɛ menaa.
তোমার বাবা ছোট।,Your father is small.,amaʔ baba d̪ɔ lɘʈua.
তার উত্তরাধিকার পরিষ্কার।,His/her inheritance is clean.,uniaʔ əi̯dəɾi d̪ɔ sapʰaa.
বিরক্তিটি পরিষ্কার।,The annoyance is clean.,əɽis d̪ɔ sapʰaa.
তোমার মজুরি পরিষ্কার।,Your wages is clean.,amaʔ bən d̪ɔ sapʰaa.
আমার হাত নতুন।,My hand is new.,iɲaʔ t̪i d̪ɔ nɔwaa.
"তারা কথা বলবে, কিন্তু ভাষা বলবে না।","They will speak the word, but do not speak the language.",oŋko d̪ɔ kat̪ʰa ɾɔɽa mɛnkʰan pɘɾsi bako ɾɔɽa.
সে কসাই দেখবে।,He/she will see the butcher.,uni d̪ɔ bʰut͡ʃəɽ ɲɛla.
সে ডাক্তার সাহায্য করেছিল।,He/she helped the doctor.,unii̯ ɖak̚t̪aɾ gɔɽɔkeda.
সেই সময় আমি পাঠ পড়ে হ্রদে খেলব।,"At that time, I study the lesson and then play in the lake.",ɔkt̪ɛɾɛ iɲ sikʰnɘt̪ paɽha͡o̯kat̪ɛ ɟɔlaɾɛ gat̪ea.
তার ভাই আনন্দের।,His/her brother is happy.,uniaʔ bɔ͡i̯ha d̪ɔ ɾɘskɘa.
আমি মাছ ও মোবাইল ফোন কিনব।,I will buy the fish and the mobile phone.,iɲ d̪ɔ haku aɾ mɔbaĭl pʰon kiɾiɲa.
"তারা দুধ পান করবে, কিন্তু পানি পান করবে না।","They will drink the milk, but do not drink the water.",oŋko d̪ɔ t̪o̯͡a ɲua mɛnkʰan d̪aʔ bako ɲua.
সকালে তুমি খাবার কিনে শহরে যাবে।,"In the morning, you buy the food and then go to the town.",sɛt̪aʔɾɛ am ɟɔmaʔ kiɾiɲkat̪ɛ sɔhɔɽɾɛ calaʔa.
স্কুলে একটি দাদা আছে।,There is a grandfather in the school.,iskulɾɛ ad͡ʒa menaa.
তোমাদের প্রেমালাপ নতুন।,Your flirting is new.,apɛaʔ əŋgɾa d̪ɔ nɔwaa.
আশাটি ভালো।,The expectation is good.,as d̪ɔ mɔ̃ɟa.
গ্রামে একটি অনুশীলন আছে।,There is a practice in the village.,at̪oɾɛ bɛbɔhaɾ menaa.
পাড়াে একটি বাড়ি আছে।,There is a house in the neighbourhood.,aɖe paseɾɛ ɔɽaʔ menaa.
তোমাদের রান্না পরিষ্কার।,Your cooked food is clean.,apɛaʔ basaŋ d̪ɔ sapʰaa.
তুমি মোবাইল ফোন কিনেছ।,You have bought the mobile phone.,am d̪ɔ mɔbaĭl pʰon kiɾiɲakada.
"তোমরা ভাষা বলবে, কিন্তু ভাষা বলবে না।","You all will speak the language, but do not speak the language.",apɛ d̪ɔ pɘɾsi ɾɔɽa mɛnkʰan pɘɾsi bapɛ ɾɔɽa.
আমার মাথা ঘোরা নতুন।,My vertigo is new.,iɲaʔ bʰãoɾi d̪ɔ nɔwaa.
জাদুবিদ্যাটি গুরুত্বপূর্ণ।,The sorcery is important.,ban d̪ɔ ɟɘɾuɽa.
"তারা মাছ খাবে, কিন্তু মধু খাবে না।","They will eat the fish, but do not eat the honey.",oŋko d̪ɔ haku ɟɔma mɛnkʰan ɲɛlɛɾasa bako ɟɔma.
গুহাে একটি মাছ আছে।,There is a fish in the cave.,bʰugək̕ɾɛ haku menaa.
"তুমি বাবা সাহায্য করবে, কিন্তু বাবা সাহায্য করবে না।","You will help the father, but do not help the father.",am d̪ɔ baba gɔɽɔa mɛnkʰan baba bam gɔɽɔa.
আমাদের ফ্যাথম ভালো।,Our fathom is good.,alɛaʔ aɾpa d̪ɔ mɔ̃ɟa.
পাড়াে একটি অনুচিত আচরণ আছে।,There is an impropriety in the neighbourhood.,aɖe paseɾɛ baŋ ganok̕ak̕ menaa.
সেই সময় তুমি মধু খেয়ে স্কুলে যাবে।,"At that time, you eat the honey and then go to the school.",ɔkt̪ɛɾɛ am ɲɛlɛɾasa ɟɔmkat̪ɛ iskulɾɛ calaʔa.
তাদের ঔষধ গুরুত্বপূর্ণ।,Their medicine is important.,oŋkoaʔ ɾan d̪ɔ ɟɘɾuɽa.
আমি বাগান দেখেছিলাম।,I saw the garden.,iɲiɲ bagan ɲɛlkeda.
অপমানটি নতুন।,The disgrace is new.,apd͡ʒɔs d̪ɔ nɔwaa.
"তোমরা খাবার কিনবে, কিন্তু খাবার কিনবে না।","You all will buy the food, but do not buy the food.",apɛ d̪ɔ ɟɔmaʔ kiɾiɲa mɛnkʰan ɟɔmaʔ bapɛ kiɾiɲa.
আমি খাবার খেয়েছি।,I have eaten the food.,iɲ d̪ɔ ɟɔmaʔ ɟɔmakada.
আমি জাফরি দেখেছিলাম।,I saw the lattice work.,iɲiɲ bata ɲɛlkeda.
সে কথা পড়েছে।,He/she has studied the word.,uni d̪ɔ kat̪ʰa paɽha͡o̯akada.
একটি নবজাতক স্কুলে আছে।,One infant is in the school.,mit̪ʔʈɛn balɛ d̪ɔ iskulɾɛ menaa.
তোমরা অসুস্থতা দেখবে না।,You all do not see the sickness.,apɛ d̪ɔ bigʰin bapɛ ɲɛla.
আজ সে ভাষা লিখে গ্রামে যাবে।,"Today, he/she write the language and then go to the village.",t̪eheɲɾɛ uni pɘɾsi ɔlɔʔkat̪ɛ at̪oɾɛ calaʔa.
অবসরটি গুরুত্বপূর্ণ।,The leisure is important.,apʰsoɾ d̪ɔ ɟɘɾuɽa.
তোমার গান পরিষ্কার।,Your song is clean.,amaʔ seɾeɲ d̪ɔ sapʰaa.
ঢাকনাটি গুরুত্বপূর্ণ।,The lid is important.,bɛnɛt̕ d̪ɔ ɟɘɾuɽa.
নদীতে একটি মা আছে।,There is a mother in the river.,gaɖaɾɛ ajo menaa.
সেই সময় তুমি ঘড়ি কিনে নদীতে আসবে।,"At that time, you buy the watch and then come to the river.",ɔkt̪ɛɾɛ am gʰuɽi kiɾiɲkat̪ɛ gaɖaɾɛ hiɟuʔa.
তোমার সময় গুরুত্বপূর্ণ।,Your time is important.,amaʔ ɔkt̪ɛ d̪ɔ ɟɘɾuɽa.
তোমরা বেত দেখবে।,You all will see the cane.,apɛ d̪ɔ bɛt ɲɛla.
তোমরা কথা পড়বে।,You all will study the word.,apɛ d̪ɔ kat̪ʰa paɽha͡o̯a.
তার রোগ গুরুত্বপূর্ণ।,His/her illness is important.,uniaʔ ɾu̯͡ɘ d̪ɔ ɟɘɾuɽa.
আড়ালে একটি উঠান আছে।,There is a courtyard of house in the covert.,ao̯tanɾɛ bəte menaa.
তোমরা ঔষধ কিনেছিলে।,You all bought the medicine.,apɛpɛ ɾan kiɾiɲkeda.
"তোমরা মোবাইল ফোন বিক্রি করবে, কিন্তু মাছ বিক্রি করবে না।","You all will sell the mobile phone, but do not sell the fish.",apɛ d̪ɔ mɔbaĭl pʰon ɘkʰɾiɲa mɛnkʰan haku bapɛ ɘkʰɾiɲa.
তোমার উদ্বেগ গুরুত্বপূর্ণ।,Your anxiety is important.,amaʔ bʰabna d̪ɔ ɟɘɾuɽa.
বন্য শুকরটি ছোট।,The boar is small.,bʰatoɽ d̪ɔ lɘʈua.
আমার স্কুল নতুন।,My school is new.,iɲaʔ iskul d̪ɔ nɔwaa.
আমি হরিণ দেখেছি।,I have seen the buck.,iɲ d̪ɔ badaɾ ɲɛlakada.
জ্বালাপোড়াটি নতুন।,The burning sensation is new.,aɽae̯ d̪ɔ nɔwaa.
লজ্জাটি পরিষ্কার।,The shame is clean.,bʰɔɾɔm d̪ɔ sapʰaa.
সে ঔষধ ও মাছ কিনবে।,He/she will buy the medicine and the fish.,uni d̪ɔ ɾan aɾ haku kiɾiɲa.
তারা চোখের পচা পদার্থ দেখবে।,They will see the rheum from the eyes.,oŋko d̪ɔ beɲd͡ʒak̕ ɲɛla.
আমরা ভাষা পড়েছিলাম।,We studied the language.,alɛlɛ pɘɾsi paɽha͡o̯keda.
আমি মাছ ও মধু খাব।,I will eat the fish and the honey.,iɲ d̪ɔ haku aɾ ɲɛlɛɾasa ɟɔma.
তার পানি পরিষ্কার।,His/her water is clean.,uniaʔ d̪aʔ d̪ɔ sapʰaa.
তার ভূমিকম্প নতুন।,His/her earth tremor is new.,uniaʔ bʰui̯ t͡ʃəl d̪ɔ nɔwaa.
ইংল্যান্ডটি গুরুত্বপূর্ণ।,The england is important.,bilət d̪ɔ ɟɘɾuɽa.
তোমাদের কাজ গুরুত্বপূর্ণ।,Your work is important.,apɛaʔ kɘmi d̪ɔ ɟɘɾuɽa.
কুয়ায় একটি স্কুল আছে।,There is a school in the well.,kuɲɾɛ iskul menaa.
লাভটি পরিষ্কার।,The benefit is clean.,bapʰa d̪ɔ sapʰaa.
তারা নির্গমন ও কষ্ট দেখবে।,They will see the emanation and the suffering.,oŋko d̪ɔ əhlə aɾ bidot ɲɛla.
আমড়াটি পরিষ্কার।,The hog plum is clean.,amɽa d̪ɔ sapʰaa.
তাদের ছবি নতুন।,Their photo is new.,oŋkoaʔ pʰɔʈɔ d̪ɔ nɔwaa.
গতকাল আমরা খাবার খেয়ে নদীতে খেলব।,"Yesterday, we eat the food and then play in the river.",hɔlaɾɛ alɛ ɟɔmaʔ ɟɔmkat̪ɛ gaɖaɾɛ gat̪ea.
সকালে তারা পাঠ পড়ে কুয়ায় খেলবে।,"In the morning, they study the lesson and then play in the well.",sɛt̪aʔɾɛ oŋko sikʰnɘt̪ paɽha͡o̯kat̪ɛ kuɲɾɛ gat̪ea.
তারা ছবি পেয়েছিল।,They got the photo.,oŋkoko pʰɔʈɔ ɲamkeda.
পাড়াে একটি আমড়া আছে।,There is a hog plum in the neighbourhood.,aɖe paseɾɛ amɽa menaa.
তুমি বর্শা ও ঘোড়া দেখবে।,You will see the spear and the horse.,am d̪ɔ bəɾt͡ʃʰi aɾ əɳɖiə̯ sadɔm ɲɛla.
সকালে তুমি পানি পান করে হ্রদে আসবে।,"In the morning, you drink the water and then come to the lake.",sɛt̪aʔɾɛ am d̪aʔ ɲukat̪ɛ ɟɔlaɾɛ hiɟuʔa.
"সে দোহনের পাত্র দেখবে, কিন্তু জ্বালাপোড়া দেখবে না।","He/she will see the milking pot, but does not see the burning sensation.",uni d̪ɔ bʰaɳɖ ɲɛla mɛnkʰan aɽae̯ bai̯ ɲɛla.
খিঁচুনিটি নতুন।,The convulsions is new.,ḅahiɾ bəi̯ d̪ɔ nɔwaa.
গতকাল তারা খাবার খেয়ে হ্রদে কাজ করবে।,"Yesterday, they eat the food and then work in the lake.",hɔlaɾɛ oŋko ɟɔmaʔ ɟɔmkat̪ɛ ɟɔlaɾɛ kɘmia.
একটি ঘড়ি নদীতে আছে।,One watch is in the river.,mit̪ʔ gʰuɽi d̪ɔ gaɖaɾɛ menaa.
নদীতে একটি এক তোলা আছে।,There is an one tola in the river.,gaɖaɾɛ bʰoɾi menaa.
বেঞ্চটি ভালো।,The bench is good.,beɲt͡ʃ d̪ɔ mɔ̃ɟa.
তুমি রান্না ও খাবার খাবে।,You will eat the cooked food and the food.,am d̪ɔ basaŋ aɾ ɟɔmaʔ ɟɔma.
ব্যাগটি পরিষ্কার।,The bag is clean.,bɛg d̪ɔ sapʰaa.
তোমরা চালের মদ দেখবে না।,You all do not see the liquor made from rice.,apɛ d̪ɔ əɾikə bapɛ ɲɛla.
"আমি ছবি দেখব, কিন্তু চুক্তি দেখব না।","I will see the photo, but do not see the contract.",iɲ d̪ɔ pʰɔʈɔ ɲɛla mɛnkʰan bandʰɔn bɘɲ ɲɛla.
আজ আমি পানি পান করে নদীতে আসব।,"Today, I drink the water and then come to the river.",t̪eheɲɾɛ iɲ d̪aʔ ɲukat̪ɛ gaɖaɾɛ hiɟuʔa.
আমি রান্না ও খাবার খাব।,I will eat the cooked food and the food.,iɲ d̪ɔ basaŋ aɾ ɟɔmaʔ ɟɔma.
তারা বালতি ও নারীজাতি দেখবে।,They will see the bucket and the females.,oŋko d̪ɔ bəlʈi aɾ əi̯məi̯ d͡ʒət ɲɛla.
তারা মাছ কিনেছে।,They have bought the fish.,oŋko d̪ɔ haku kiɾiɲakada.
খেলাটি ভালো।,The game is good.,bʰelguɖa d̪ɔ mɔ̃ɟa.
নয়টি গুরুত্বপূর্ণ।,The nine is important.,aɾe d̪ɔ ɟɘɾuɽa.
"তারা নেতিবাচক দেখবে, কিন্তু কষ্ট দেখবে না।","They will see the negative, but do not see the suffering.",oŋko d̪ɔ baŋ ɲɛla mɛnkʰan bidot bako ɲɛla.
তোমার নিষেধাত্মক উপসর্গ গুরুত্বপূর্ণ।,Your privative prefix is important.,amaʔ an d̪ɔ ɟɘɾuɽa.
আমি কথা পড়ব।,I will study the word.,iɲ d̪ɔ kat̪ʰa paɽha͡o̯a.
তোমার পা নতুন।,Your foot is new.,amaʔ kaʈa d̪ɔ nɔwaa.
বাসস্থানে একটি মাফ (হাতঢাকা) আছে।,There is a muff in the dwelling place.,basɾɛ bembʰa menaa.
মাছটি পরিষ্কার।,The fish is clean.,haku d̪ɔ sapʰaa.
একটি বাবা বাড়িতে আছে।,One father is in the house.,mit̪ʔʈɛn baba d̪ɔ ɔɽaʔɾɛ menaa.
আত্মাটি পরিষ্কার।,The soul is clean.,atma d̪ɔ sapʰaa.
কুয়ায় একটি শিলাবৃষ্টি আছে।,There is a hail in the well.,kuɲɾɛ aɾel menaa.
আড়ালে একটি সময় আছে।,There is a time in the covert.,ao̯tanɾɛ ɔkt̪ɛ menaa.
আমরা কথা পড়ব না।,We do not study the word.,alɛ d̪ɔ kat̪ʰa balɛ paɽha͡o̯a.
সেই সময় তোমরা কথা লিখে হ্রদে কাজ করবে।,"At that time, you all write the word and then work in the lake.",ɔkt̪ɛɾɛ apɛ kat̪ʰa ɔlɔʔkat̪ɛ ɟɔlaɾɛ kɘmia.
পাড়াে একটি রান্না আছে।,There is a cooked food in the neighbourhood.,aɖe paseɾɛ basaŋ menaa.
কনুইটি নতুন।,The elbow is new.,bə̃hl d̪ɔ nɔwaa.
ঝড়বৃষ্টিটি নতুন।,The storm of wind & rain is new.,əndʰi dak̕ d̪ɔ nɔwaa.
নির্বোধ ব্যক্তিটি গুরুত্বপূর্ণ।,The dunce is important.,akoɾma d̪ɔ ɟɘɾuɽa.
আজ আমরা কথা লিখে হ্রদে যাব।,"Today, we write the word and then go to the lake.",t̪eheɲɾɛ alɛ kat̪ʰa ɔlɔʔkat̪ɛ ɟɔlaɾɛ calaʔa.
তোমরা বালিয়া সারস পাখি ও হরিণ দেখবে।,You all will see the sand martin and the buck.,apɛ d̪ɔ bʰəluə̯ aɾ badaɾ ɲɛla.
আমাদের খাবার পরিষ্কার।,Our food is clean.,alɛaʔ ɟɔmaʔ d̪ɔ sapʰaa.
বাড়িতে একটি আতঙ্ক আছে।,There is a terror in the house.,ɔɽaʔɾɛ bʰɔɽɔk menaa.
স্কুলে একটি বন্ধুত্ব আছে।,There is a friendship in the school.,iskulɾɛ bʰab menaa.
কুলি নিয়োগকারীটি ভালো।,The recruiter is good.,aɽkəʈʰiə̯ d̪ɔ mɔ̃ɟa.
বিড়ালটি আনন্দের।,The cat is happy.,pusi d̪ɔ ɾɘskɘa.
আড়ালটি গুরুত্বপূর্ণ।,The covert is important.,ao̯tan d̪ɔ ɟɘɾuɽa.
"তুমি খাবার পাবে, কিন্তু টাকা পাবে না।","You will get the food, but do not get the money.",am d̪ɔ ɟɔmaʔ ɲama mɛnkʰan ʈaka bam ɲama.
ফুলের বৃতিটি পরিষ্কার।,The calyx of flower is clean.,bɛnɛt d̪ɔ sapʰaa.
তাদের অভিযোগকারী পরিষ্কার।,Their accuser is clean.,oŋkoaʔ bədi d̪ɔ sapʰaa.
গতকাল তুমি পানি পান করে হ্রদে কাজ করবে।,"Yesterday, you drink the water and then work in the lake.",hɔlaɾɛ am d̪aʔ ɲukat̪ɛ ɟɔlaɾɛ kɘmia.
তোমরা মধু ও খাবার খাবে।,You all will eat the honey and the food.,apɛ d̪ɔ ɲɛlɛɾasa aɾ ɟɔmaʔ ɟɔma.
"আমরা দুধ পান করব, কিন্তু দুধ পান করব না।","We will drink the milk, but do not drink the milk.",alɛ d̪ɔ t̪o̯͡a ɲua mɛnkʰan t̪o̯͡a balɛ ɲua.
বিধাতাটি ভালো।,The providence is good.,bʰidata d̪ɔ mɔ̃ɟa.
ঢালটি নতুন।,The declivity is new.,anaɽgo d̪ɔ nɔwaa.
তোমাদের সিস্ট টিউমার ভালো।,Your cystic tumour is good.,apɛaʔ batoɾi d̪ɔ mɔ̃ɟa.
তোমাদের উত্তরাধিকার ভালো।,Your heritage is good.,apɛaʔ bapɔti dʰɔn d̪ɔ mɔ̃ɟa.
সে ঔষধ পাবে না।,He/she does not get the medicine.,uni d̪ɔ ɾan bai̯ ɲama.
একটি গুপ্তচর স্কুলে আছে।,One spy is in the school.,mit̪ʔʈɛn baʈ paɽ d̪ɔ iskulɾɛ menaa.
আমার ভাই আনন্দের।,My brother is happy.,iɲaʔ baɾet d̪ɔ ɾɘskɘa.
চারা গাছটি পরিষ্কার।,The sapling is clean.,bat͡ʃʰɽa daɾe d̪ɔ sapʰaa.
পুঁজটি গুরুত্বপূর্ণ।,The pus is important.,bele d̪ɔ ɟɘɾuɽa.
আমি সকাল ও সন্ন্যাসী দেখব।,I will see the morning and the ascetic.,iɲ d̪ɔ ãɽgat aɾ ətit ɲɛla.
একটি উত্তরাধিকার স্কুলে আছে।,One heritage is in the school.,mit̪ʔʈɛn bapɔti dʰɔn d̪ɔ iskulɾɛ menaa.
গতকাল তুমি কথা লিখে স্কুলে যাবে।,"Yesterday, you write the word and then go to the school.",hɔlaɾɛ am kat̪ʰa ɔlɔʔkat̪ɛ iskulɾɛ calaʔa.
গতকাল তারা ভাষা লিখে বাড়িতে কাজ করবে।,"Yesterday, they write the language and then work in the house.",hɔlaɾɛ oŋko pɘɾsi ɔlɔʔkat̪ɛ ɔɽaʔɾɛ kɘmia.
আমরা মোবাইল ফোন বিক্রি করেছিলাম।,We sold the mobile phone.,alɛlɛ mɔbaĭl pʰon ɘkʰɾiɲkeda.
তোমাদের নেতিবাচক পরিষ্কার।,Your negative is clean.,apɛaʔ baŋ d̪ɔ sapʰaa.
ভণ্ডটি আনন্দের।,The pretender is happy.,bʰiduk d̪ɔ ɾɘskɘa.
বিস্তীর্ণ ভূমিে একটি মশাল আছে।,There is a torch in the wide expanse of land.,bilənɾɛ bambeɾ menaa.
সেই সময় আমরা কোমরবন্ধ দেখে গ্রামে খেলব।,"At that time, we see the girth and then play in the village.",ɔkt̪ɛɾɛ alɛ beɽband ɲɛlkat̪ɛ at̪oɾɛ gat̪ea.
"আমরা খাবার খাব, কিন্তু রান্না খাব না।","We will eat the food, but do not eat the cooked food.",alɛ d̪ɔ ɟɔmaʔ ɟɔma mɛnkʰan basaŋ balɛ ɟɔma.
সে ঘড়ি কিনবে না।,He/she does not buy the watch.,uni d̪ɔ gʰuɽi bai̯ kiɾiɲa.
তারা ঔষধ ও খাবার কিনবে।,They will buy the medicine and the food.,oŋko d̪ɔ ɾan aɾ ɟɔmaʔ kiɾiɲa.
তারা পশুপাখির ডাক দেখেছিল।,They saw the cry of beasts & c.,oŋkoko aɳɖɾac̕ ɔɳɖɾɔc̕ ɲɛlkeda.
আজ সে কথা লিখে বাড়িতে যাবে।,"Today, he/she write the word and then go to the house.",t̪eheɲɾɛ uni kat̪ʰa ɔlɔʔkat̪ɛ ɔɽaʔɾɛ calaʔa.
বিস্তীর্ণ ভূমিে একটি মোবাইল ফোন আছে।,There is a mobile phone in the wide expanse of land.,bilənɾɛ mɔbaĭl pʰon menaa.
গ্রামে একটি শিশু আছে।,There is a baby in the village.,at̪oɾɛ bale menaa.
একটি মাছ শহরে আছে।,One fish is in the town.,mit̪ʔ haku d̪ɔ sɔhɔɽɾɛ menaa.
একটি উত্তরাধিকার কুয়ায় আছে।,One heritage is in the well.,mit̪ʔʈɛn bapɔti dʰɔn d̪ɔ kuɲɾɛ menaa.
একটি ছেলে নদীতে আছে।,One boy is in the river.,mit̪ʔʈɛn bəbu d̪ɔ gaɖaɾɛ menaa.
শহরে একটি বাহু আছে।,There is an arm in the town.,sɔhɔɽɾɛ bə̃hi menaa.
সকালে আমরা পানি পান করে কুয়ায় কাজ করব।,"In the morning, we drink the water and then work in the well.",sɛt̪aʔɾɛ alɛ d̪aʔ ɲukat̪ɛ kuɲɾɛ kɘmia.
তার জেলে ছোট।,His/her fisherman is small.,uniaʔ ɟɘliɘ d̪ɔ lɘʈua.
আমার শিশু আনন্দের।,My baby is happy.,iɲaʔ bale d̪ɔ ɾɘskɘa.
সে খাবার ও মাছ খাবে।,He/she will eat the food and the fish.,uni d̪ɔ ɟɔmaʔ aɾ haku ɟɔma.
সে টাকা পাবে না।,He/she does not get the money.,uni d̪ɔ ʈaka bai̯ ɲama.
"আমি পাঠ পড়ব, কিন্তু পাঠ পড়ব না।","I will study the lesson, but do not study the lesson.",iɲ d̪ɔ sikʰnɘt̪ paɽha͡o̯a mɛnkʰan sikʰnɘt̪ bɘɲ paɽha͡o̯a.
তোমাদের পছন্দ গুরুত্বপূর্ণ।,Your choice is important.,apɛaʔ əpɾug d̪ɔ ɟɘɾuɽa.
দুর্যোগটি ভালো।,The calmity is good.,apʰoti d̪ɔ mɔ̃ɟa.
ঋতুটি পরিষ্কার।,The season is clean.,bataɾ d̪ɔ sapʰaa.
আমরা দাদি দেখেছিলাম।,We saw the grandmother.,alɛlɛ əd͡ʒi ɲɛlkeda.
হ্রদে একটি আত্মা আছে।,There is a soul in the lake.,ɟɔlaɾɛ atma menaa.
সকালে তারা ঔষধ কিনে গ্রামে আসবে।,"In the morning, they buy the medicine and then come to the village.",sɛt̪aʔɾɛ oŋko ɾan kiɾiɲkat̪ɛ at̪oɾɛ hiɟuʔa.
সেই সময় সে ঔষধ কিনে গ্রামে যাবে।,"At that time, he/she buy the medicine and then go to the village.",ɔkt̪ɛɾɛ uni ɾan kiɾiɲkat̪ɛ at̪oɾɛ calaʔa.
সে ছবি পেয়েছে।,He/she has gotten the photo.,uni d̪ɔ pʰɔʈɔ ɲamakada.
আমাদের আখরোট পরিষ্কার।,Our walnut is clean.,alɛaʔ akʰɾoʈ d̪ɔ sapʰaa.
পাড়াে একটি আতশবাজি আছে।,There is a fireworks in the neighbourhood.,aɖe paseɾɛ bʰui̯t͡ʃampa menaa.
সেই সময় সে মুখের কর্কট রোগ দেখে নদীতে আসবে।,"At that time, he/she see the cancer of the face and then come to the river.",ɔkt̪ɛɾɛ uni bandoɾ gali ɲɛlkat̪ɛ gaɖaɾɛ hiɟuʔa.
বাসস্থানে একটি বাদাম আছে।,There is an almond in the residence.,basaɾɛ badam d͡ʒɔ menaa.
শুকরটি ছোট।,The pig is small.,suk̚ɾi d̪ɔ lɘʈua.
স্কুলে একটি দাম আছে।,There is a price in the school.,iskulɾɛ bʰao̯ menaa.
ইংল্যান্ডে একটি টাকা আছে।,There is a money in the england.,bilətɾɛ ʈaka menaa.
আজ আমরা ঔষধ কিনে বাড়িতে খেলব।,"Today, we buy the medicine and then play in the house.",t̪eheɲɾɛ alɛ ɾan kiɾiɲkat̪ɛ ɔɽaʔɾɛ gat̪ea.
সেই সময় সে ভাষা পড়ে বাড়িতে আসবে।,"At that time, he/she study the language and then come to the house.",ɔkt̪ɛɾɛ uni pɘɾsi paɽha͡o̯kat̪ɛ ɔɽaʔɾɛ hiɟuʔa.
আমি অভিশাপ দেখব না।,I do not see the curse.,iɲ d̪ɔ əsis bɘɲ ɲɛla.
গুপ্তচরটি ভালো।,The spy is good.,baʈ paɽ d̪ɔ mɔ̃ɟa.
তোমরা ঘড়ি কিনেছ।,You all have bought the watch.,apɛ d̪ɔ gʰuɽi kiɾiɲakada.
গতকাল তোমরা বাষ্প দেখে বাড়িতে যাবে।,"Yesterday, you all see the steam and then go to the house.",hɔlaɾɛ apɛ bʰapʰ ɲɛlkat̪ɛ ɔɽaʔɾɛ calaʔa.
উঠানে একটি শিশু আছে।,There is a child in the courtyard of house.,bəteɾɛ gid̪ɾɘ menaa.
বাসস্থানে একটি শিশু আছে।,There is a child in the dwelling place.,basɾɛ gid̪ɾɘ menaa.
তারা লিখছে।,They are writing.,oŋkoko ɔlɔʔɛd̪a.
গাঁজাটি ভালো।,The hemp drug is good.,bʰaŋ d̪ɔ mɔ̃ɟa.
গতকাল তুমি ভাষা লিখে গ্রামে কাজ করবে।,"Yesterday, you write the language and then work in the village.",hɔlaɾɛ am pɘɾsi ɔlɔʔkat̪ɛ at̪oɾɛ kɘmia.
স্কুলে একটি পা আছে।,There is a foot in the school.,iskulɾɛ kaʈa menaa.
সেই সময় আমি খাবার কিনে গ্রামে যাব।,"At that time, I buy the food and then go to the village.",ɔkt̪ɛɾɛ iɲ ɟɔmaʔ kiɾiɲkat̪ɛ at̪oɾɛ calaʔa.
উঠানে একটি উল আছে।,There is a wool in the courtyard of house.,bəteɾɛ bʰiɖi up̕ menaa.
আমড়াটি নতুন।,The hog plum is new.,amɽa d̪ɔ nɔwaa.
বাসিন্দাটি আনন্দের।,The inhabitant is happy.,baskitiə̯ d̪ɔ ɾɘskɘa.
বাড়িতে একটি ভাড়া আছে।,There is a fare in the house.,ɔɽaʔɾɛ bʰaɽa menaa.
তারা পশুপাখির ডাক দেখবে।,They will see the cry of beasts & c.,oŋko d̪ɔ aɳɖɾac̕ ɔɳɖɾɔc̕ ɲɛla.
ফকিরটি ভালো।,The fakeer is good.,babad͡ʒi d̪ɔ mɔ̃ɟa.
বাসস্থানে একটি ভিক্ষুক আছে।,There is a beggar in the residence.,basaɾɛ bʰikʰəɾi menaa.
একটি বাবা গ্রামে আছে।,One father is in the village.,mit̪ʔʈɛn baba d̪ɔ at̪oɾɛ menaa.
কুয়ায় একটি মা আছে।,There is a mother in the well.,kuɲɾɛ gɔgɔ menaa.
তাদের বৈশাখ মাস পরিষ্কার।,Their april-may is clean.,oŋkoaʔ bəi̯sək d̪ɔ sapʰaa.
বাদ্যযন্ত্রটি ভালো।,The musical instrument is good.,bad͡ʒa d̪ɔ mɔ̃ɟa.
নদীতে একটি ভাই আছে।,There is a brother in the river.,gaɖaɾɛ bɔ͡i̯ha menaa.
স্বাস্থ্যটি ভালো।,The health is good.,bega d͡ʒudə d̪ɔ mɔ̃ɟa.
বাসস্থানে একটি ভাষা আছে।,There is a language in the dwelling place.,basɾɛ pɘɾsi menaa.
সেই সময় তোমরা পানি পান করে গ্রামে যাবে।,"At that time, you all drink the water and then go to the village.",ɔkt̪ɛɾɛ apɛ d̪aʔ ɲukat̪ɛ at̪oɾɛ calaʔa.
তার বয়লার ভালো।,His/her boiler is good.,uniaʔ bʰəʈʰi d̪ɔ mɔ̃ɟa.
আমার সময় ভালো।,My time is good.,iɲaʔ ɔkt̪ɛ d̪ɔ mɔ̃ɟa.
নিকটবর্তী এলাকাে একটি জন্ম আছে।,There is a birth in the vicinity.,aɖe ʈolaɾɛ biə̯n menaa.
গ্রামে একটি বিধাতা আছে।,There is a providence in the village.,at̪oɾɛ bʰidata menaa.
বাসস্থানে একটি পিঁপড়া আছে।,There is an ant in the residence.,basaɾɛ muc̚ʔ menaa.
আমরা বেঁকানো যন্ত্র ও ফুলের মালা দেখব।,We will see the brace for boring and the garland of flowers.,alɛ d̪ɔ bʰãoɾa aɾ baha mala ɲɛla.
নিকটবর্তী এলাকাে একটি কোমরবন্ধ আছে।,There is a girth in the vicinity.,aɖe ʈolaɾɛ beɽband menaa.
তার অবশিষ্ট নতুন।,His/her remainder is new.,uniaʔ bəki bɔkɔe̯a d̪ɔ nɔwaa.
গতকাল তারা বিবাহ দেখে কুয়ায় কাজ করবে।,"Yesterday, they see the marriage and then work in the well.",hɔlaɾɛ oŋko bapla ɲɛlkat̪ɛ kuɲɾɛ kɘmia.
সে সময় ও অর্ধ বিঘা দেখবে।,He/she will see the time and the half bigha.,uni d̪ɔ ɔkt̪ɛ aɾ bʰənga ɲɛla.
তোমার গরু ডাকার শব্দ আনন্দের।,Your cattle call is happy.,amaʔ bihet̕ d̪ɔ ɾɘskɘa.
সে মাছ খাবে।,He/she will eat the fish.,uni d̪ɔ haku ɟɔma.
জন্মটি পরিষ্কার।,The birth is clean.,biə̯n d̪ɔ sapʰaa.
অসুস্থতাটি গুরুত্বপূর্ণ।,The sickness is important.,bigʰin d̪ɔ ɟɘɾuɽa.
আমাদের আখড়া গুরুত্বপূর্ণ।,Our gathering is important.,alɛaʔ akʰɾa d̪ɔ ɟɘɾuɽa.
সকালে আমরা ভাষা লিখে স্কুলে যাব।,"In the morning, we write the language and then go to the school.",sɛt̪aʔɾɛ alɛ pɘɾsi ɔlɔʔkat̪ɛ iskulɾɛ calaʔa.
তোমার ভাষা ভালো।,Your language is good.,amaʔ pɘɾsi d̪ɔ mɔ̃ɟa.
ধনুকটি গুরুত্বপূর্ণ।,The bow is important.,ak̕ d̪ɔ ɟɘɾuɽa.
আমরা শত্রু দেখেছি।,We have seen the enemy.,alɛ d̪ɔ bəi̯ɾi ɲɛlakada.
"সে ভাষা পড়বে, কিন্তু ভাষা পড়বে না।","He/she will study the language, but does not study the language.",uni d̪ɔ pɘɾsi paɽha͡o̯a mɛnkʰan pɘɾsi bai̯ paɽha͡o̯a.
আমাদের পা নতুন।,Our leg is new.,alɛaʔ ɟaŋga d̪ɔ nɔwaa.
তার সময় ভালো।,His/her time is good.,uniaʔ ɔkt̪ɛ d̪ɔ mɔ̃ɟa.
সেই সময় সে পানি পান করে কুয়ায় আসবে।,"At that time, he/she drink the water and then come to the well.",ɔkt̪ɛɾɛ uni d̪aʔ ɲukat̪ɛ kuɲɾɛ hiɟuʔa.
আমাদের কয়েকদিন নতুন।,Our few days is new.,alɛaʔ əɾsiɲ bəɾsiɲ d̪ɔ nɔwaa.
চুল্লিটি ভালো।,The furnace is good.,bʰaʈa d̪ɔ mɔ̃ɟa.
স্কুলে একটি হুক আছে।,There is a hook in the school.,iskulɾɛ əŋkus menaa.
পাড়াে একটি শিশু আছে।,There is a child in the neighbourhood.,aɖe paseɾɛ gid̪ɾɘ menaa.
বাসস্থানে একটি জিহ্বা আছে।,There is a tongue in the residence.,basaɾɛ alaŋ menaa.
আমাদের পিঁপড়া আনন্দের।,Our ant is happy.,alɛaʔ muc̚ʔ d̪ɔ ɾɘskɘa.
তুমি মাছ ও মোবাইল ফোন কিনবে।,You will buy the fish and the mobile phone.,am d̪ɔ haku aɾ mɔbaĭl pʰon kiɾiɲa.
আসা-যাওয়াটি গুরুত্বপূর্ণ।,The coming & going is important.,ana gona d̪ɔ ɟɘɾuɽa.
বুদ্ধিটি নতুন।,The wisdom is new.,əkil d̪ɔ nɔwaa.
সেই সময় আমি পাঠ পড়ে গ্রামে আসব।,"At that time, I study the lesson and then come to the village.",ɔkt̪ɛɾɛ iɲ sikʰnɘt̪ paɽha͡o̯kat̪ɛ at̪oɾɛ hiɟuʔa.
তারা টাকা দেখেছিল।,They saw the money.,oŋkoko ʈaka ɲɛlkeda.
আমি ব্যাকরণ দেখব।,I will see the grammar.,iɲ d̪ɔ bejakaɾan ɲɛla.
অশান্তিটি গুরুত্বপূর্ণ।,The unrest is important.,bɛtʰiɾ d̪ɔ ɟɘɾuɽa.
সেই সময় তুমি ঔষধ কিনে গ্রামে যাবে।,"At that time, you buy the medicine and then go to the village.",ɔkt̪ɛɾɛ am ɾan kiɾiɲkat̪ɛ at̪oɾɛ calaʔa.
আমার আঁটি পরিষ্কার।,My bundle is clean.,iɲaʔ əʈi d̪ɔ sapʰaa.
সে লাভ ও আনারস দেখবে।,He/she will see the benefit and the pineapple.,uni d̪ɔ bapʰa aɾ ananas ɲɛla.
গতকাল আমি পাঠ পড়ে গ্রামে আসব।,"Yesterday, I study the lesson and then come to the village.",hɔlaɾɛ iɲ sikʰnɘt̪ paɽha͡o̯kat̪ɛ at̪oɾɛ hiɟuʔa.
তারা ঔষধ পেয়েছে।,They have gotten the medicine.,oŋko d̪ɔ ɾan ɲamakada.
বিস্তীর্ণ ভূমিে একটি বাসস্থান আছে।,There is a residence in the wide expanse of land.,bilənɾɛ basa menaa.
তুমি বাহুবন্ধনী দেখেছ।,You have seen the armlet.,am d̪ɔ bəd͡ʒu ɲɛlakada.
বাহুটি ভালো।,The arm is good.,bə̃hi d̪ɔ mɔ̃ɟa.
গতকাল তোমরা মধু খেয়ে স্কুলে আসবে।,"Yesterday, you all eat the honey and then come to the school.",hɔlaɾɛ apɛ ɲɛlɛɾasa ɟɔmkat̪ɛ iskulɾɛ hiɟuʔa.
তাদের পা ভালো।,Their foot is good.,oŋkoaʔ kaʈa d̪ɔ mɔ̃ɟa.
তুমি ঘড়ি কিনেছ।,You have bought the watch.,am d̪ɔ gʰuɽi kiɾiɲakada.
কুয়ায় একটি শব্দ আছে।,There is a noise in the well.,kuɲɾɛ awad͡ʒ menaa.
বাসস্থানে একটি আদিবাসী আছে।,There is an aborigines in the dwelling place.,basɾɛ bəu̯ɾi menaa.
অপমানটি গুরুত্বপূর্ণ।,The disgrace is important.,apd͡ʒɔs d̪ɔ ɟɘɾuɽa.
তারা আদিবাসী দেখবে না।,They do not see the aborigines.,oŋko d̪ɔ bəu̯ɾi bako ɲɛla.
গতকাল তারা কথা পড়ে কুয়ায় খেলবে।,"Yesterday, they study the word and then play in the well.",hɔlaɾɛ oŋko kat̪ʰa paɽha͡o̯kat̪ɛ kuɲɾɛ gat̪ea.
তাদের পাত্র গুরুত্বপূর্ণ।,Their receptacle is important.,oŋkoaʔ anataŋ d̪ɔ ɟɘɾuɽa.
তুমি ধনুক দেখবে না।,You do not see the bow.,am d̪ɔ ak̕ bam ɲɛla.
শোকটি ভালো।,The grief is good.,bedna d̪ɔ mɔ̃ɟa.
ভাষা কোথায় আছে?,Where is the language?,pɘɾsi d̪ɔ ɔkaɾɛ menaa.
গতকাল সে ভাষা লিখে হ্রদে খেলবে।,"Yesterday, he/she write the language and then play in the lake.",hɔlaɾɛ uni pɘɾsi ɔlɔʔkat̪ɛ ɟɔlaɾɛ gat̪ea.
আমরা অগ্রিম টাকা দেখেছিলাম।,We saw the advance.,alɛlɛ bae̯na ɲɛlkeda.
নদীতে একটি জেলে আছে।,There is a fisherman in the river.,gaɖaɾɛ ɟɘliɘ menaa.
আমাদের টাকা গুরুত্বপূর্ণ।,Our money is important.,alɛaʔ ʈaka d̪ɔ ɟɘɾuɽa.
গতকাল তোমরা ভাষা লিখে বাড়িতে কাজ করবে।,"Yesterday, you all write the language and then work in the house.",hɔlaɾɛ apɛ pɘɾsi ɔlɔʔkat̪ɛ ɔɽaʔɾɛ kɘmia.
তারা বাহুবন্ধনী দেখবে।,They will see the armlet.,oŋko d̪ɔ bəd͡ʒu ɲɛla.
তোমার আত্মা গুরুত্বপূর্ণ।,Your soul is important.,amaʔ atma d̪ɔ ɟɘɾuɽa.
তোমরা মোবাইল ফোন কিনবে না।,You all do not buy the mobile phone.,apɛ d̪ɔ mɔbaĭl pʰon bapɛ kiɾiɲa.
জিহ্বাটি গুরুত্বপূর্ণ।,The tongue is important.,alaŋ d̪ɔ ɟɘɾuɽa.
তোমাদের গুড়গুড় শব্দ ভালো।,Your rumbling sound is good.,apɛaʔ aʈap̕ uʈup̕ d̪ɔ mɔ̃ɟa.
আশ্বিন মাসটি গুরুত্বপূর্ণ।,The september–october is important.,asin d̪ɔ ɟɘɾuɽa.
ইংল্যান্ডে একটি ঢাকনা আছে।,There is a lid in the england.,bilətɾɛ bɛnɛt̕ menaa.
বাড়িতে একটি গুঁড়ি আছে।,There is a trunk in the house.,ɔɽaʔɾɛ auɳɖ menaa.
গতকাল সে পানি পান করে নদীতে আসবে।,"Yesterday, he/she drink the water and then come to the river.",hɔlaɾɛ uni d̪aʔ ɲukat̪ɛ gaɖaɾɛ hiɟuʔa.
নিকটবর্তী এলাকাে একটি কিশোর আছে।,There is a lad in the vicinity.,aɖe ʈolaɾɛ bat͡ʃʰɽa menaa.
তাদের ঘড়ি নতুন।,Their watch is new.,oŋkoaʔ gʰuɽi d̪ɔ nɔwaa.
আমার বকেয়া ভালো।,My arrears is good.,iɲaʔ bəki d̪ɔ mɔ̃ɟa.
করতালটি ভালো।,The cymbals is good.,bad͡ʒna d̪ɔ mɔ̃ɟa.
আমরা পেরিনিয়াল ফোঁড়া ও জন্ম দেখব।,We will see the perineal abscess and the birth.,alɛ d̪ɔ andʰãɾ gãɳɖ aɾ biə̯n ɲɛla.
আজ আমরা রান্না খেয়ে স্কুলে কাজ করব।,"Today, we eat the cooked food and then work in the school.",t̪eheɲɾɛ alɛ basaŋ ɟɔmkat̪ɛ iskulɾɛ kɘmia.
আড়ালে একটি ব্যবসায়ী আছে।,There is a trader in the covert.,ao̯tanɾɛ bepaɾi menaa.
তোমার বিড়াল আনন্দের।,Your cat is happy.,amaʔ pusi d̪ɔ ɾɘskɘa.
তাদের বাধা ভালো।,Their hindrance is good.,oŋkoaʔ badʰa d̪ɔ mɔ̃ɟa.
তোমার স্কুল ভালো।,Your school is good.,amaʔ iskul d̪ɔ mɔ̃ɟa.
কুয়ায় একটি অভ্যাস আছে।,There is a habit in the well.,kuɲɾɛ bʰəsi menaa.
বাসস্থানে একটি পিঁপড়া আছে।,There is an ant in the dwelling place.,basɾɛ muc̚ʔ menaa.
তুমি আয়না দেখেছিলে।,You saw the mirror.,amɛm əɾsi ɲɛlkeda.
গ্রামে একটি হাত আছে।,There is a hand in the village.,at̪oɾɛ t̪i menaa.
আমাদের ভোর নতুন।,Our dawn is new.,alɛaʔ aŋga d̪ɔ nɔwaa.
তার কর্তব্যচ্যুতি ভালো।,His/her omission of duty is good.,uniaʔ bʰisoɾ d̪ɔ mɔ̃ɟa.
বন্যাটি পরিষ্কার।,The flood is clean.,bəd d̪ɔ sapʰaa.
তুমি শিশু সাহায্য করবে।,You will help the child.,am d̪ɔ gid̪ɾɘ gɔɽɔa.
সেই সময় আমি পানি পান করে হ্রদে যাব।,"At that time, I drink the water and then go to the lake.",ɔkt̪ɛɾɛ iɲ d̪aʔ ɲukat̪ɛ ɟɔlaɾɛ calaʔa.
আসা-যাওয়াটি নতুন।,The coming & going is new.,ana gona d̪ɔ nɔwaa.
কুয়ায় একটি বিস্তীর্ণ ভূমি আছে।,There is a wide expanse of land in the well.,kuɲɾɛ bilən menaa.
আজ তুমি মধু খেয়ে বাড়িতে আসবে।,"Today, you eat the honey and then come to the house.",t̪eheɲɾɛ am ɲɛlɛɾasa ɟɔmkat̪ɛ ɔɽaʔɾɛ hiɟuʔa.
তুমি স্বস্তি দেখেছ।,You have seen the relief.,am d̪ɔ ao̯san ɲɛlakada.
গুহাে একটি মাথা ঘোরা আছে।,There is a vertigo in the cave.,bʰugək̕ɾɛ bʰãoɾi menaa.
আমার ব্রাহ্মণ গুরুত্বপূর্ণ।,My brahman is important.,iɲaʔ babɾẽ d̪ɔ ɟɘɾuɽa.
আমি লাভ দেখেছিলাম।,I saw the profit.,iɲiɲ baɾpʰəi̯ ɲɛlkeda.
সকালে আমি মাছ খেয়ে কুয়ায় আসব।,"In the morning, I eat the fish and then come to the well.",sɛt̪aʔɾɛ iɲ haku ɟɔmkat̪ɛ kuɲɾɛ hiɟuʔa.
হ্রদে একটি দোষ আছে।,There is a fault in the lake.,ɟɔlaɾɛ əpəi̯ menaa.
গতকাল সে মাছ খেয়ে নদীতে কাজ করবে।,"Yesterday, he/she eat the fish and then work in the river.",hɔlaɾɛ uni haku ɟɔmkat̪ɛ gaɖaɾɛ kɘmia.
আমি দাদা দেখেছিলাম।,I saw the grandfather.,iɲiɲ ad͡ʒa ɲɛlkeda.
আমি তাঁতের পোড়েন দেখব।,I will see the woof.,iɲ d̪ɔ bʰaɾna ɲɛla.
জাদুবিদ্যাটি ভালো।,The sorcery is good.,ban d̪ɔ mɔ̃ɟa.
নদীতে একটি তুরহী আছে।,There is a trumpet in the river.,gaɖaɾɛ bakea̯ menaa.
আমাদের বাঘ আনন্দের।,Our tiger is happy.,alɛaʔ t̪ɘɾup̚ʔ d̪ɔ ɾɘskɘa.
আত্মাটি ভালো।,The soul is good.,atma d̪ɔ mɔ̃ɟa.
আমাদের নদী ভালো।,Our river is good.,alɛaʔ gaɖa d̪ɔ mɔ̃ɟa.
আমার ভাগ্নে ভালো।,My nephew is good.,iɲaʔ bʰəgnə d̪ɔ mɔ̃ɟa.
সকালে তুমি ভাষা লিখে শহরে খেলবে।,"In the morning, you write the language and then play in the town.",sɛt̪aʔɾɛ am pɘɾsi ɔlɔʔkat̪ɛ sɔhɔɽɾɛ gat̪ea.
বাড়িতে একটি বিকল্প আছে।,There is a substitute in the house.,ɔɽaʔɾɛ bədli menaa.
পাড়াে একটি তরকারি আছে।,There is a vegetables in the neighbourhood.,aɖe paseɾɛ aɽak̕ sakam menaa.
তোমরা খাবার খেয়েছিলে।,You all ate the food.,apɛpɛ ɟɔmaʔ ɟɔmkeda.
"আমরা মাছ কিনব, কিন্তু ঔষধ কিনব না।","We will buy the fish, but do not buy the medicine.",alɛ d̪ɔ haku kiɾiɲa mɛnkʰan ɾan balɛ kiɾiɲa.
সে ঔষধ কিনেছে।,He/she has bought the medicine.,uni d̪ɔ ɾan kiɾiɲakada.
গতকাল তুমি ঘড়ি কিনে হ্রদে কাজ করবে।,"Yesterday, you buy the watch and then work in the lake.",hɔlaɾɛ am gʰuɽi kiɾiɲkat̪ɛ ɟɔlaɾɛ kɘmia.
বাসস্থানে একটি ঔষধ আছে।,There is a medicine in the residence.,basaɾɛ ɾan menaa.
সে বেল্টের ক্ল্যাপ ও রক্তমূত্র দেখবে।,He/she will see the belt clasp and the haematuria.,uni d̪ɔ bəkuk̕ aɾ aɾak̕ d͡ʒʰaɾ ɲɛla.
মাটি আনন্দের।,The mother is happy.,ajo d̪ɔ ɾɘskɘa.
আমরা রান্না খেয়েছিলাম।,We ate the cooked food.,alɛlɛ basaŋ ɟɔmkeda.
"তোমরা মাছ কিনবে, কিন্তু ঘড়ি কিনবে না।","You all will buy the fish, but do not buy the watch.",apɛ d̪ɔ haku kiɾiɲa mɛnkʰan gʰuɽi bapɛ kiɾiɲa.
সকালে তুমি মধু খেয়ে হ্রদে কাজ করবে।,"In the morning, you eat the honey and then work in the lake.",sɛt̪aʔɾɛ am ɲɛlɛɾasa ɟɔmkat̪ɛ ɟɔlaɾɛ kɘmia.
তোমরা মোবাইল ফোন ও খাবার কিনবে।,You all will buy the mobile phone and the food.,apɛ d̪ɔ mɔbaĭl pʰon aɾ ɟɔmaʔ kiɾiɲa.
আমি বিধাতা দেখেছি।,I have seen the providence.,iɲ d̪ɔ bʰidata ɲɛlakada.
উঠানে একটি মোবাইল ফোন আছে।,There is a mobile phone in the courtyard of house.,bəteɾɛ mɔbaĭl pʰon menaa.
তোমাদের নদী ভালো।,Your river is good.,apɛaʔ gaɖa d̪ɔ mɔ̃ɟa.
বাসস্থানে একটি রবিবার আছে।,There is a sunday in the dwelling place.,basɾɛ aʈʰawaɾ menaa.
একটি মধু নদীতে আছে।,One honey is in the river.,mit̪ʔ ɲɛlɛɾasa d̪ɔ gaɖaɾɛ menaa.
"আমি মাছ কিনব, কিন্তু ঔষধ কিনব না।","I will buy the fish, but do not buy the medicine.",iɲ d̪ɔ haku kiɾiɲa mɛnkʰan ɾan bɘɲ kiɾiɲa.
গতকাল সে দুধ পান করে হ্রদে খেলবে।,"Yesterday, he/she drink the milk and then play in the lake.",hɔlaɾɛ uni t̪o̯͡a ɲukat̪ɛ ɟɔlaɾɛ gat̪ea.
তারা অভ্র দেখবে।,They will see the mica.,oŋko d̪ɔ abɾak ɲɛla.
বিস্তীর্ণ ভূমিে একটি উৎপাদক আছে।,There is a producer in the wide expanse of land.,bilənɾɛ aɾd͡ʒoniə̯ menaa.
বাড়িটি গুরুত্বপূর্ণ।,The house is important.,ɔɽaʔ d̪ɔ ɟɘɾuɽa.
"আমরা শাল দেখব, কিন্তু গুড়গুড় শব্দ দেখব না।","We will see the shawl, but do not see the rumbling sound.",alɛ d̪ɔ bəɾki ɲɛla mɛnkʰan aʈap̕ uʈup̕ balɛ ɲɛla.
সেই সময় আমরা ভাষা পড়ে কুয়ায় কাজ করব।,"At that time, we study the language and then work in the well.",ɔkt̪ɛɾɛ alɛ pɘɾsi paɽha͡o̯kat̪ɛ kuɲɾɛ kɘmia.
ভূগোলটি ভালো।,The geography is good.,bʰugol d̪ɔ mɔ̃ɟa.
শহরটি নতুন।,The town is new.,sɔhɔɽ d̪ɔ nɔwaa.
স্কুলে একটি ছেলে আছে।,There is a boy in the school.,iskulɾɛ bəbu menaa.
সকালে তারা বধিরতা দেখে শহরে যাবে।,"In the morning, they see the deafness and then go to the town.",sɛt̪aʔɾɛ oŋko bəhiɾ bəi̯ ɲɛlkat̪ɛ sɔhɔɽɾɛ calaʔa.
বাসস্থানে একটি ভাষা আছে।,There is a language in the dwelling place.,basɾɛ bʰaka menaa.
আমরা কাপ ও স্বাস্থ্য দেখব।,We will see the cup and the health.,alɛ d̪ɔ basna aɾ bega d͡ʒudə ɲɛla.
গতকাল তুমি ভাষা লিখে স্কুলে কাজ করবে।,"Yesterday, you write the language and then work in the school.",hɔlaɾɛ am pɘɾsi ɔlɔʔkat̪ɛ iskulɾɛ kɘmia.
প্রাচুর্যটি পরিষ্কার।,The abundance is clean.,at͡ʃel pat͡ʃel d̪ɔ sapʰaa.
গতকাল সে ঘড়ি কিনে স্কুলে খেলবে।,"Yesterday, he/she buy the watch and then play in the school.",hɔlaɾɛ uni gʰuɽi kiɾiɲkat̪ɛ iskulɾɛ gat̪ea.
আজ তারা ভাষা লিখে কুয়ায় খেলবে।,"Today, they write the language and then play in the well.",t̪eheɲɾɛ oŋko pɘɾsi ɔlɔʔkat̪ɛ kuɲɾɛ gat̪ea.
বিস্তীর্ণ ভূমিে একটি ঘড়ি আছে।,There is a watch in the wide expanse of land.,bilənɾɛ gʰuɽi menaa.
তার কথা ভালো।,His/her word is good.,uniaʔ kat̪ʰa d̪ɔ mɔ̃ɟa.
আমার বাবা আনন্দের।,My father is happy.,iɲaʔ baba d̪ɔ ɾɘskɘa.
সে ভাদ্র মাস ও আমড়া (ফল) দেখবে।,He/she will see the august-september and the hog plum.,uni d̪ɔ bʰadɔɾ aɾ bədʰiə̯ ɲɛla.
বিস্তীর্ণ ভূমিে একটি ভূত আছে।,There is an apparition in the wide expanse of land.,bilənɾɛ bʰeo̯na menaa.
উঠানে একটি সকাল আছে।,There is a morning in the courtyard of house.,bəteɾɛ ãɽgat menaa.
সে ঔষধ ও মোবাইল ফোন কিনবে।,He/she will buy the medicine and the mobile phone.,uni d̪ɔ ɾan aɾ mɔbaĭl pʰon kiɾiɲa.
একটি মোবাইল ফোন হ্রদে আছে।,One mobile phone is in the lake.,mit̪ʔ mɔbaĭl pʰon d̪ɔ ɟɔlaɾɛ menaa.
সে মাছ ও খাবার কিনবে।,He/she will buy the fish and the food.,uni d̪ɔ haku aɾ ɟɔmaʔ kiɾiɲa.
আমার গ্রাম পরিষ্কার।,My village is clean.,iɲaʔ at̪o d̪ɔ sapʰaa.
তুমি পশুর স্তন ও পরজীবী উদ্ভিদ দেখবে।,You will see the udder and the parasitic plant.,am d̪ɔ əɳɖwəɾ aɾ alagd͡ʒəɽi ɲɛla.
সকালে তোমরা গ্রাম দেখে নদীতে কাজ করবে।,"In the morning, you all see the village and then work in the river.",sɛt̪aʔɾɛ apɛ ato ɲɛlkat̪ɛ gaɖaɾɛ kɘmia.
তোমরা মাছ ও খাবার কিনবে।,You all will buy the fish and the food.,apɛ d̪ɔ haku aɾ ɟɔmaʔ kiɾiɲa.
তুমি ঔষধ কিনবে না।,You do not buy the medicine.,am d̪ɔ ɾan bam kiɾiɲa.
একটি বাবা নদীতে আছে।,One father is in the river.,mit̪ʔʈɛn baba d̪ɔ gaɖaɾɛ menaa.
আজ আমি খাবার কিনে হ্রদে খেলব।,"Today, I buy the food and then play in the lake.",t̪eheɲɾɛ iɲ ɟɔmaʔ kiɾiɲkat̪ɛ ɟɔlaɾɛ gat̪ea.
"তুমি ঘড়ি বিক্রি করবে, কিন্তু মাছ বিক্রি করবে না।","You will sell the watch, but do not sell the fish.",am d̪ɔ gʰuɽi ɘkʰɾiɲa mɛnkʰan haku bam ɘkʰɾiɲa.
তুলার গাছটি গুরুত্বপূর্ণ।,The cotton plant is important.,bʰoga kaskɔm d̪ɔ ɟɘɾuɽa.
স্কুলে একটি মানুষ আছে।,There is a person in the school.,iskulɾɛ hɔɽ menaa.
হ্রদ কোথায় আছে?,Where is the lake?,ɟɔla d̪ɔ ɔkaɾɛ menaa.
তার বিড়াল ছোট।,His/her cat is small.,uniaʔ pusi d̪ɔ lɘʈua.
হুকটি ভালো।,The hook is good.,əŋkus d̪ɔ mɔ̃ɟa.
তোমার হ্রদ ভালো।,Your lake is good.,amaʔ ɟɔla d̪ɔ mɔ̃ɟa.
একটি শিশু গ্রামে আছে।,One child is in the village.,mit̪ʔʈɛn gid̪ɾɘ d̪ɔ at̪oɾɛ menaa.
দেবতাটি ভালো।,The deity is good.,bʰokta d̪ɔ mɔ̃ɟa.
মূল্যায়নটি ভালো।,The appraisement is good.,anman d̪ɔ mɔ̃ɟa.
"তুমি ভাষা লিখবে, কিন্তু কথা লিখবে না।","You will write the language, but do not write the word.",am d̪ɔ pɘɾsi ɔlɔʔa mɛnkʰan kat̪ʰa bam ɔlɔʔa.
তোমার চারা রোপণ পরিষ্কার।,Your transplantation is clean.,amaʔ apʰɔɾ d̪ɔ sapʰaa.
সকালে সে ভাষা লিখে বাড়িতে খেলবে।,"In the morning, he/she write the language and then play in the house.",sɛt̪aʔɾɛ uni pɘɾsi ɔlɔʔkat̪ɛ ɔɽaʔɾɛ gat̪ea.
কারকীয় ক্রিয়াটি গুরুত্বপূর্ণ।,The causative inflection is important.,a d̪ɔ ɟɘɾuɽa.
তোমরা চুল্লি দেখবে।,You all will see the furnace.,apɛ d̪ɔ bʰaʈa ɲɛla.
"সে ভাষা লিখবে, কিন্তু কথা লিখবে না।","He/she will write the language, but does not write the word.",uni d̪ɔ pɘɾsi ɔlɔʔa mɛnkʰan kat̪ʰa bai̯ ɔlɔʔa.
আজ আমি ঔষধ কিনে কুয়ায় যাব।,"Today, I buy the medicine and then go to the well.",t̪eheɲɾɛ iɲ ɾan kiɾiɲkat̪ɛ kuɲɾɛ calaʔa.
একটি কিশোর হ্রদে আছে।,One hobbledehoy is in the lake.,mit̪ʔʈɛn bat͡ʃʰɽa koɽa d̪ɔ ɟɔlaɾɛ menaa.
আমরা মধু ও মাছ খাব।,We will eat the honey and the fish.,alɛ d̪ɔ ɲɛlɛɾasa aɾ haku ɟɔma.
আমাদের দুধ সুস্বাদু।,Our milk is tasty.,alɛaʔ t̪o̯͡a d̪ɔ sibila.
গ্রামে একটি কিশোর আছে।,There is a lad in the village.,at̪oɾɛ bat͡ʃʰɽa menaa.
"আমি কথা বলব, কিন্তু কথা বলব না।","I will speak the word, but do not speak the word.",iɲ d̪ɔ kat̪ʰa ɾɔɽa mɛnkʰan kat̪ʰa bɘɲ ɾɔɽa.
তারা মুহূর্ত দেখেছে।,They have seen the moment.,oŋko d̪ɔ abʰeɽ ɲɛlakada.
কুয়ায় একটি পা আছে।,There is a leg in the well.,kuɲɾɛ ɟaŋga menaa.
বাসস্থানে একটি উদ্বৃত্ত আছে।,There is a surplus in the dwelling place.,basɾɛ bətil menaa.
হ্রদে একটি পোশাক আছে।,There is an attire in the lake.,ɟɔlaɾɛ bʰagwa menaa.
নিকটবর্তী এলাকাে একটি রোগ আছে।,There is an illness in the vicinity.,aɖe ʈolaɾɛ ɾu̯͡ɘ menaa.
গুহাে একটি পা আছে।,There is a leg in the cave.,bʰugək̕ɾɛ ɟaŋga menaa.
তোমার মাছ ভালো।,Your fish is good.,amaʔ haku d̪ɔ mɔ̃ɟa.
তোমরা বেল্টের ক্ল্যাপ দেখবে না।,You all do not see the belt clasp.,apɛ d̪ɔ bəkuk̕ bapɛ ɲɛla.
সকালে তোমরা কথা লিখে বাড়িতে যাবে।,"In the morning, you all write the word and then go to the house.",sɛt̪aʔɾɛ apɛ kat̪ʰa ɔlɔʔkat̪ɛ ɔɽaʔɾɛ calaʔa.
বাসস্থানে একটি শহর আছে।,There is a town in the dwelling place.,basɾɛ sɔhɔɽ menaa.
সেই সময় তোমরা কথা পড়ে হ্রদে যাবে।,"At that time, you all study the word and then go to the lake.",ɔkt̪ɛɾɛ apɛ kat̪ʰa paɽha͡o̯kat̪ɛ ɟɔlaɾɛ calaʔa.
আয়ুর্বেদিক উদ্ভিদটি ভালো।,The bishop’s weed is good.,əd͡ʒuə̯ d̪ɔ mɔ̃ɟa.
সেই সময় আমরা ঔষধ কিনে কুয়ায় আসব।,"At that time, we buy the medicine and then come to the well.",ɔkt̪ɛɾɛ alɛ ɾan kiɾiɲkat̪ɛ kuɲɾɛ hiɟuʔa.
শহরে একটি কাজ আছে।,There is a work in the town.,sɔhɔɽɾɛ kɘmi menaa.
আমরা তাঁতের অংশ দেখব না।,We do not see the heddles of loom.,alɛ d̪ɔ bade balɛ ɲɛla.
কুয়ায় একটি হ্রদ আছে।,There is a lake in the well.,kuɲɾɛ ɟɔla menaa.
উৎপাদকটি গুরুত্বপূর্ণ।,The producer is important.,aɾd͡ʒoniə̯ d̪ɔ ɟɘɾuɽa.
বিস্তীর্ণ ভূমিে একটি মধু আছে।,There is a honey in the wide expanse of land.,bilənɾɛ ɲɛlɛɾasa menaa.
তার বিদ্যুৎ পরিষ্কার।,His/her lightning is clean.,uniaʔ bid͡ʒli d̪ɔ sapʰaa.
তোমাদের পা নতুন।,Your leg is new.,apɛaʔ ɟaŋga d̪ɔ nɔwaa.
তার পানি ভালো।,His/her water is good.,uniaʔ d̪aʔ d̪ɔ mɔ̃ɟa.
তারা পশু তাড়ানোর লাঠি ও শ্বাস দেখবে।,They will see the goad and the breath.,oŋko d̪ɔ aɾd͡ʒan aɾ bao̯ ɲɛla.
তার ডাক্তার ভালো।,His/her doctor is good.,uniaʔ ɖak̚t̪aɾ d̪ɔ mɔ̃ɟa.
আজ আমরা কথা পড়ে স্কুলে খেলব।,"Today, we study the word and then play in the school.",t̪eheɲɾɛ alɛ kat̪ʰa paɽha͡o̯kat̪ɛ iskulɾɛ gat̪ea.
সকালে তারা কথা পড়ে শহরে যাবে।,"In the morning, they study the word and then go to the town.",sɛt̪aʔɾɛ oŋko kat̪ʰa paɽha͡o̯kat̪ɛ sɔhɔɽɾɛ calaʔa.
তোমরা এক প্রজাতির কাক ও ফার্ন গাছ দেখবে।,You all will see the bow-billed corby and the fern.,apɛ d̪ɔ bʰoɳɖa kəhu aɾ badgot͡ʃak̕ ɲɛla.
সকালে তারা বিরক্তি দেখে কুয়ায় খেলবে।,"In the morning, they see the annoyance and then play in the well.",sɛt̪aʔɾɛ oŋko əɽis ɲɛlkat̪ɛ kuɲɾɛ gat̪ea.
ইংল্যান্ডে একটি বিড়াল আছে।,There is a cat in the england.,bilətɾɛ pusi menaa.
আমি পাল (নৌকার) দেখেছি।,I have seen the sail.,iɲ d̪ɔ baɖɔm ɲɛlakada.
সে পশু তাড়ানোর লাঠি দেখেছে।,He/she has seen the goad.,uni d̪ɔ aɾd͡ʒan ɲɛlakada.
আদালতটি ভালো।,The court is good.,adalot d̪ɔ mɔ̃ɟa.
সকালে আমি ভাষা পড়ে কুয়ায় খেলব।,"In the morning, I study the language and then play in the well.",sɛt̪aʔɾɛ iɲ pɘɾsi paɽha͡o̯kat̪ɛ kuɲɾɛ gat̪ea.
বাসস্থানে একটি ফুল আছে।,There is a flower in the residence.,basaɾɛ baha menaa.
আমার শিশু ছোট।,My child is small.,iɲaʔ gid̪ɾɘ d̪ɔ lɘʈua.
শহরে একটি বাক্য আছে।,There is a sentence in the town.,sɔhɔɽɾɛ ajat menaa.
তুমি পরাজয় দেখবে না।,You do not see the beating.,am d̪ɔ alao̯ bam ɲɛla.
আড়ালে একটি মাছ আছে।,There is a fish in the covert.,ao̯tanɾɛ haku menaa.
তারা টাকা পেয়েছে।,They have gotten the money.,oŋko d̪ɔ ʈaka ɲamakada.
নদীতে একটি বিড়াল আছে।,There is a cat in the river.,gaɖaɾɛ pusi menaa.
বিস্তীর্ণ ভূমিে একটি পুরুষ ভেড়া আছে।,There is a ram in the wide expanse of land.,bilənɾɛ bʰeɖa menaa.
ইংল্যান্ডে একটি বিকার আছে।,There is a delirium in the england.,bilətɾɛ bəi̯ menaa.
বন্দুকটি নতুন।,The gun is new.,bənduk d̪ɔ nɔwaa.
আমাদের ভূত গুরুত্বপূর্ণ।,Our apparition is important.,alɛaʔ bʰeo̯na d̪ɔ ɟɘɾuɽa.
বাড়িতে একটি পা আছে।,There is a leg in the house.,ɔɽaʔɾɛ ɟaŋga menaa.
সে পাত্র ও ত্রুটি দেখবে।,He/she will see the receptacle and the faults.,uni d̪ɔ anataŋ aɾ bʰul bisoɾ ɲɛla.
ত্রুটিটি গুরুত্বপূর্ণ।,The faults is important.,bʰul bisoɾ d̪ɔ ɟɘɾuɽa.
"আমি কথা বলব, কিন্তু ভাষা বলব না।","I will speak the word, but do not speak the language.",iɲ d̪ɔ kat̪ʰa ɾɔɽa mɛnkʰan pɘɾsi bɘɲ ɾɔɽa.
আমার মুহূর্ত ভালো।,My moment is good.,iɲaʔ abʰeɽ d̪ɔ mɔ̃ɟa.
আমরা অভ্র ও খড়ের মোটা দড়ি দেখব।,We will see the mica and the thick straw rope.,alɛ d̪ɔ abɾak aɾ baɾahi ɲɛla.
সে অপমান দেখবে না।,He/she does not see the disgrace.,uni d̪ɔ apd͡ʒɔs bai̯ ɲɛla.
হ্রদে একটি তরকারি আছে।,There is a vegetables in the lake.,ɟɔlaɾɛ aɽak̕ sakam menaa.
নদীতে একটি ওয়ারেন্ট আছে।,There is a warrant in the river.,gaɖaɾɛ aɾoɳʈ menaa.
তোমরা কিনছ।,You all are buying.,apɛpɛ kiɾiɲɛd̪a.
তোমরা ঘড়ি ও মাছ কিনবে।,You all will buy the watch and the fish.,apɛ d̪ɔ gʰuɽi aɾ haku kiɾiɲa.
বাসস্থানে একটি সুতা আছে।,There is a twine in the dwelling place.,basɾɛ babeɾ menaa.
গতকাল তারা মাছ কিনে বাড়িতে খেলবে।,"Yesterday, they buy the fish and then play in the house.",hɔlaɾɛ oŋko haku kiɾiɲkat̪ɛ ɔɽaʔɾɛ gat̪ea.
নিকটবর্তী এলাকাে একটি ছোট কুঠার আছে।,There is a small adze in the vicinity.,aɖe ʈolaɾɛ bəslə menaa.
আমার বেল্টের ক্ল্যাপ পরিষ্কার।,My belt clasp is clean.,iɲaʔ bəkuk̕ d̪ɔ sapʰaa.
আমরা সকাল দেখব।,We will see the morning.,alɛ d̪ɔ ãɽgat ɲɛla.
গতকাল আমি বাঘ দেখে শহরে যাব।,"Yesterday, I see the tiger and then go to the town.",hɔlaɾɛ iɲ t̪ɘɾup̚ʔ ɲɛlkat̪ɛ sɔhɔɽɾɛ calaʔa.
তোমাদের খেলা ভালো।,Your game is good.,apɛaʔ bʰelguɖa d̪ɔ mɔ̃ɟa.
সে মা সাহায্য করেছে।,He/she has helped the mother.,uni d̪ɔ gɔgɔ gɔɽɔakada.
উঠানে একটি পা আছে।,There is a leg in the courtyard of house.,bəteɾɛ ɟaŋga menaa.
তারা নিরামিষাশী ও জাদুবিদ্যা দেখবে।,They will see the vegetarian and the sorcery.,oŋko d̪ɔ bʰagat aɾ ban ɲɛla.
একটি রান্না নদীতে আছে।,One cooked food is in the river.,mit̪ʔ basaŋ d̪ɔ gaɖaɾɛ menaa.
শহরে একটি ধনুক আছে।,There is a bow in the town.,sɔhɔɽɾɛ ak̕ menaa.
পাড়াে একটি আশা আছে।,There is an expectation in the neighbourhood.,aɖe paseɾɛ as menaa.
ফুলটি নতুন।,The flower is new.,baha d̪ɔ nɔwaa.
সেই সময় আমরা কথা লিখে স্কুলে কাজ করব।,"At that time, we write the word and then work in the school.",ɔkt̪ɛɾɛ alɛ kat̪ʰa ɔlɔʔkat̪ɛ iskulɾɛ kɘmia.
"তুমি মাছ কিনবে, কিন্তু খাবার কিনবে না।","You will buy the fish, but do not buy the food.",am d̪ɔ haku kiɾiɲa mɛnkʰan ɟɔmaʔ bam kiɾiɲa.
তোমরা নিষেধাত্মক উপসর্গ ও ভূমিকম্প দেখবে।,You all will see the privative prefix and the earthquake.,apɛ d̪ɔ an aɾ bʰut͡ʃampa ɲɛla.
তোমাদের পা পরিষ্কার।,Your leg is clean.,apɛaʔ ɟaŋga d̪ɔ sapʰaa.
আজ তোমরা কথা লিখে নদীতে খেলবে।,"Today, you all write the word and then play in the river.",t̪eheɲɾɛ apɛ kat̪ʰa ɔlɔʔkat̪ɛ gaɖaɾɛ gat̪ea.
"সে মধু খাবে, কিন্তু রান্না খাবে না।","He/she will eat the honey, but does not eat the cooked food.",uni d̪ɔ ɲɛlɛɾasa ɟɔma mɛnkʰan basaŋ bai̯ ɟɔma.
তুমি কনুই দেখেছিলে।,You saw the elbow.,amɛm bə̃hl ɲɛlkeda.
হ্রদে একটি বট গাছ আছে।,There is a banyan tree in the lake.,ɟɔlaɾɛ baɽe menaa.
আজ আমরা কথা লিখে নদীতে কাজ করব।,"Today, we write the word and then work in the river.",t̪eheɲɾɛ alɛ kat̪ʰa ɔlɔʔkat̪ɛ gaɖaɾɛ kɘmia.
নারীজাতিটি পরিষ্কার।,The females is clean.,əi̯məi̯ d͡ʒət d̪ɔ sapʰaa.
আমার উত্তরাধিকার ছোট।,My heritage is small.,iɲaʔ bapɔti dʰɔn d̪ɔ lɘʈua.
সকালে আমি পক্ষাঘাত দেখে কুয়ায় যাব।,"In the morning, I see the hemiplegia and then go to the well.",sɛt̪aʔɾɛ iɲ aɾdʰəŋgi ɲɛlkat̪ɛ kuɲɾɛ calaʔa.
তোমরা স্বস্তি দেখবে না।,You all do not see the relief.,apɛ d̪ɔ ao̯san bapɛ ɲɛla.
নেতিবাচকটি নতুন।,The negative is new.,baŋ d̪ɔ nɔwaa.
বিস্তীর্ণ ভূমিে একটি কালো ভাল্লুক আছে।,There is a black bear in the wide expanse of land.,bilənɾɛ bana menaa.
"তুমি এক প্রজাতির কুঁচলা মাছ দেখবে, কিন্তু এক ধরনের বাদ্যযন্ত্র দেখবে না।","You will see the a species of eel, but do not see the a kind of fiddle.",am d̪ɔ bəmbi ɲɛla mɛnkʰan banam bam ɲɛla.
"সে রান্না খাবে, কিন্তু রান্না খাবে না।","He/she will eat the cooked food, but does not eat the cooked food.",uni d̪ɔ basaŋ ɟɔma mɛnkʰan basaŋ bai̯ ɟɔma.
আমরা ঘড়ি কিনেছি।,We have bought the watch.,alɛ d̪ɔ gʰuɽi kiɾiɲakada.
বাড়িতে একটি শহর আছে।,There is a town in the house.,ɔɽaʔɾɛ sɔhɔɽ menaa.
সেই সময় আমি মোবাইল ফোন কিনে হ্রদে যাব।,"At that time, I buy the mobile phone and then go to the lake.",ɔkt̪ɛɾɛ iɲ mɔbaĭl pʰon kiɾiɲkat̪ɛ ɟɔlaɾɛ calaʔa.
বনরুইটি ছোট।,The ant-eater is small.,aɾba d̪ɔ lɘʈua.
একটি প্রজন্ম হ্রদে আছে।,One generation is in the lake.,mit̪ʔʈɛn bibɔɾɔn d̪ɔ ɟɔlaɾɛ menaa.
তাদের কাজ পরিষ্কার।,Their work is clean.,oŋkoaʔ kɘmi d̪ɔ sapʰaa.
সেই সময় সে ডিমের কুসুম দেখে হ্রদে আসবে।,"At that time, he/she see the yolk of egg and then come to the lake.",ɔkt̪ɛɾɛ uni bele botke ɲɛlkat̪ɛ ɟɔlaɾɛ hiɟuʔa.
সকালে তোমরা ঘড়ি কিনে নদীতে কাজ করবে।,"In the morning, you all buy the watch and then work in the river.",sɛt̪aʔɾɛ apɛ gʰuɽi kiɾiɲkat̪ɛ gaɖaɾɛ kɘmia.
আমি ফল পাকা দেখব।,I will see the mellowing.,iɲ d̪ɔ aɾaɾao̯k̕ ɲɛla.
সমস্যাটি নতুন।,The trouble is new.,ad͡ʒaɾ d̪ɔ nɔwaa.
আমার স্কুল পরিষ্কার।,My school is clean.,iɲaʔ iskul d̪ɔ sapʰaa.
আমার নভেম্বর–ডিসেম্বর পরিষ্কার।,My november–december is clean.,iɲaʔ agʰãɽ d̪ɔ sapʰaa.
আমার টাকা নতুন।,My money is new.,iɲaʔ ʈaka d̪ɔ nɔwaa.
বাড়িতে একটি ভাষা আছে।,There is a language in the house.,ɔɽaʔɾɛ pɘɾsi menaa.
সকালে তোমরা পাঠ পড়ে বাড়িতে যাবে।,"In the morning, you all study the lesson and then go to the house.",sɛt̪aʔɾɛ apɛ sikʰnɘt̪ paɽha͡o̯kat̪ɛ ɔɽaʔɾɛ calaʔa.
আমার ডাক্তার আনন্দের।,My doctor is happy.,iɲaʔ ɖak̚t̪aɾ d̪ɔ ɾɘskɘa.
ফকিরটি গুরুত্বপূর্ণ।,The fakeer is important.,babad͡ʒi d̪ɔ ɟɘɾuɽa.
ইংল্যান্ডে একটি অবিশ্বাসী আছে।,There is a heathen in the england.,bilətɾɛ bedin menaa.
একটি ছবি স্কুলে আছে।,One photo is in the school.,mit̪ʔ pʰɔʈɔ d̪ɔ iskulɾɛ menaa.
সেই সময় তুমি ভাষা লিখে হ্রদে খেলবে।,"At that time, you write the language and then play in the lake.",ɔkt̪ɛɾɛ am pɘɾsi ɔlɔʔkat̪ɛ ɟɔlaɾɛ gat̪ea.
সেই সময় তুমি ঔষধ কিনে স্কুলে আসবে।,"At that time, you buy the medicine and then come to the school.",ɔkt̪ɛɾɛ am ɾan kiɾiɲkat̪ɛ iskulɾɛ hiɟuʔa.
"সে প্রতিবেশী দেখবে, কিন্তু সকাল দেখবে না।","He/she will see the neighbours, but does not see the morning.",uni d̪ɔ aɖepaseɾenko ɲɛla mɛnkʰan ãɽgat bai̯ ɲɛla.
স্কুলে একটি রোগ আছে।,There is an illness in the school.,iskulɾɛ ɾu̯͡ɘ menaa.
বাসস্থানে একটি জোনাকি আছে।,There is a firefly in the residence.,basaɾɛ bakd͡ʒunu menaa.
আমার বন্যা গুরুত্বপূর্ণ।,My flood is important.,iɲaʔ bəd d̪ɔ ɟɘɾuɽa.
সে রান্না ও খাবার খাবে।,He/she will eat the cooked food and the food.,uni d̪ɔ basaŋ aɾ ɟɔmaʔ ɟɔma.
গুহাে একটি স্বাস্থ্য আছে।,There is a health in the cave.,bʰugək̕ɾɛ bega d͡ʒudə menaa.
আজ আমরা ভাষা পড়ে কুয়ায় আসব।,"Today, we study the language and then come to the well.",t̪eheɲɾɛ alɛ pɘɾsi paɽha͡o̯kat̪ɛ kuɲɾɛ hiɟuʔa.
তোমরা মোবাইল ফোন ও ঘড়ি কিনবে।,You all will buy the mobile phone and the watch.,apɛ d̪ɔ mɔbaĭl pʰon aɾ gʰuɽi kiɾiɲa.
নিকটবর্তী এলাকাে একটি সন্ধ্যাকাল আছে।,There is an eventide in the vicinity.,aɖe ʈolaɾɛ əjup̕ pajaɾ menaa.
তার পিঁপড়া ভালো।,His/her ant is good.,uniaʔ muc̚ʔ d̪ɔ mɔ̃ɟa.
সেই সময় সে দুধ পান করে হ্রদে যাবে।,"At that time, he/she drink the milk and then go to the lake.",ɔkt̪ɛɾɛ uni t̪o̯͡a ɲukat̪ɛ ɟɔlaɾɛ calaʔa.
আচরণটি ভালো।,The behaviour is good.,bebɔhaɾ d̪ɔ mɔ̃ɟa.
তুমি মাছ বিক্রি করেছিলে।,You sold the fish.,amɛm haku ɘkʰɾiɲkeda.
একটি মধু শহরে আছে।,One honey is in the town.,mit̪ʔ ɲɛlɛɾasa d̪ɔ sɔhɔɽɾɛ menaa.
সকালে তারা মোবাইল ফোন কিনে বাড়িতে খেলবে।,"In the morning, they buy the mobile phone and then play in the house.",sɛt̪aʔɾɛ oŋko mɔbaĭl pʰon kiɾiɲkat̪ɛ ɔɽaʔɾɛ gat̪ea.
"তোমরা মোবাইল ফোন কিনবে, কিন্তু ঔষধ কিনবে না।","You all will buy the mobile phone, but do not buy the medicine.",apɛ d̪ɔ mɔbaĭl pʰon kiɾiɲa mɛnkʰan ɾan bapɛ kiɾiɲa.
সকালে আমি ভোজ দেখে কুয়ায় খেলব।,"In the morning, I see the feast and then play in the well.",sɛt̪aʔɾɛ iɲ bʰɔd͡ʒ ɲɛlkat̪ɛ kuɲɾɛ gat̪ea.
"তারা ছবি পাবে, কিন্তু টাকা পাবে না।","They will get the photo, but do not get the money.",oŋko d̪ɔ pʰɔʈɔ ɲama mɛnkʰan ʈaka bako ɲama.
আজ আমরা কথা পড়ে হ্রদে খেলব।,"Today, we study the word and then play in the lake.",t̪eheɲɾɛ alɛ kat̪ʰa paɽha͡o̯kat̪ɛ ɟɔlaɾɛ gat̪ea.
আজ সে রান্না খেয়ে হ্রদে কাজ করবে।,"Today, he/she eat the cooked food and then work in the lake.",t̪eheɲɾɛ uni basaŋ ɟɔmkat̪ɛ ɟɔlaɾɛ kɘmia.
আমরা শস্য ও হাত দেখব।,We will see the grain and the hand.,alɛ d̪ɔ an aɾ t̪i ɲɛla.
শিকারটি ভালো।,The prey is good.,aheɾ d̪ɔ mɔ̃ɟa.
তাদের কুয়া নতুন।,Their well is new.,oŋkoaʔ kuɲ d̪ɔ nɔwaa.
আমি জীবন দেখেছিলাম।,I saw the life.,iɲiɲ ɟiŋgi ɲɛlkeda.
আমাদের হ্রদ নতুন।,Our lake is new.,alɛaʔ ɟɔla d̪ɔ nɔwaa.
জারজটি ভালো।,The bastard is good.,bidʰuə̯ d̪ɔ mɔ̃ɟa.
বাসস্থানে একটি জীবন আছে।,There is a life in the dwelling place.,basɾɛ ɟiŋgi menaa.
তাদের আতশবাজি ভালো।,Their fireworks is good.,oŋkoaʔ bʰui̯t͡ʃampa d̪ɔ mɔ̃ɟa.
তোমরা গুড়গুড় শব্দ দেখবে।,You all will see the rumbling sound.,apɛ d̪ɔ aʈap̕ uʈup̕ ɲɛla.
"সে দুধ পান করবে, কিন্তু দুধ পান করবে না।","He/she will drink the milk, but does not drink the milk.",uni d̪ɔ t̪o̯͡a ɲua mɛnkʰan t̪o̯͡a bai̯ ɲua.
ইংল্যান্ডে একটি মন আছে।,There is a mind in the england.,bilətɾɛ aŋ menaa.
আড়ালে একটি বিড়াল আছে।,There is a cat in the covert.,ao̯tanɾɛ pusi menaa.
তোমাদের পেট ব্যথা ভালো।,Your gripes is good.,apɛaʔ bɛɾõʈ duk d̪ɔ mɔ̃ɟa.
তোমার মুখের কর্কট রোগ নতুন।,Your cancer of the face is new.,amaʔ bandoɾ gali d̪ɔ nɔwaa.
পা কোথায় আছে?,Where is the leg?,ɟaŋga d̪ɔ ɔkaɾɛ menaa.
তোমার রান্না ভালো।,Your cooked food is good.,amaʔ basaŋ d̪ɔ mɔ̃ɟa.
কিশোরটি আনন্দের।,The hobbledehoy is happy.,bat͡ʃʰɽa koɽa d̪ɔ ɾɘskɘa.
সকালে তোমরা চারা গাছ দেখে গ্রামে কাজ করবে।,"In the morning, you all see the sapling and then work in the village.",sɛt̪aʔɾɛ apɛ bat͡ʃʰɽa daɾe ɲɛlkat̪ɛ at̪oɾɛ kɘmia.
সতর্কবাণীটি নতুন।,The alarm is new.,bʰāe d̪ɔ nɔwaa.
আড়ালে একটি ফার্ন গাছ আছে।,There is a fern in the covert.,ao̯tanɾɛ badgot͡ʃak̕ menaa.
বিস্তীর্ণ ভূমিে একটি বাজার আছে।,There is a bazaar in the wide expanse of land.,bilənɾɛ bad͡ʒaɾ menaa.
আমাদের জীবন নতুন।,Our life is new.,alɛaʔ ɟiŋgi d̪ɔ nɔwaa.
তাদের মন নতুন।,Their mind is new.,oŋkoaʔ aŋ d̪ɔ nɔwaa.
তাদের টাকা পরিষ্কার।,Their money is clean.,oŋkoaʔ ʈaka d̪ɔ sapʰaa.
তোমরা উৎসব দেখেছিলে।,You all saw the festival.,apɛpɛ pɔɾɔb ɲɛlkeda.
"আমরা ভাষা পড়ব, কিন্তু কথা পড়ব না।","We will study the language, but do not study the word.",alɛ d̪ɔ pɘɾsi paɽha͡o̯a mɛnkʰan kat̪ʰa balɛ paɽha͡o̯a.
"তারা বাবা সাহায্য করবে, কিন্তু শিশু সাহায্য করবে না।","They will help the father, but do not help the child.",oŋko d̪ɔ baba gɔɽɔa mɛnkʰan gid̪ɾɘ bako gɔɽɔa.
তোমাদের বিস্তীর্ণ ভূমি ভালো।,Your wide expanse of land is good.,apɛaʔ bilən d̪ɔ mɔ̃ɟa.
গতকাল তুমি মাছ কিনে শহরে কাজ করবে।,"Yesterday, you buy the fish and then work in the town.",hɔlaɾɛ am haku kiɾiɲkat̪ɛ sɔhɔɽɾɛ kɘmia.
নির্ভরতাটি পরিষ্কার।,The reliance is clean.,bʰaɾsa d̪ɔ sapʰaa.
তার উঠান নতুন।,His/her courtyard of house is new.,uniaʔ bəte d̪ɔ nɔwaa.
সেই সময় আমি ভাষা লিখে নদীতে যাব।,"At that time, I write the language and then go to the river.",ɔkt̪ɛɾɛ iɲ pɘɾsi ɔlɔʔkat̪ɛ gaɖaɾɛ calaʔa.
আমি লাভ দেখব।,I will see the profit.,iɲ d̪ɔ baɾpʰəi̯ ɲɛla.
হ্রদে একটি এক প্রজাতির কুঁচলা মাছ আছে।,There is an a species of eel in the lake.,ɟɔlaɾɛ bəmbi menaa.
স্কুলে একটি আনারস আছে।,There is a pineapple in the school.,iskulɾɛ ananas menaa.
উঠানে একটি করতাল আছে।,There is a cymbals in the courtyard of house.,bəteɾɛ bad͡ʒna menaa.
স্কুলে একটি উৎসব আছে।,There is a festival in the school.,iskulɾɛ pɔɾɔb menaa.
নেতিবাচকটি পরিষ্কার।,The negative is clean.,baŋ d̪ɔ sapʰaa.
ধনুকটি নতুন।,The bow is new.,ak̕ d̪ɔ nɔwaa.
তাদের জীবন ভালো।,Their life is good.,oŋkoaʔ ɟiŋgi d̪ɔ mɔ̃ɟa.
তোমার নদী পরিষ্কার।,Your river is clean.,amaʔ gaɖa d̪ɔ sapʰaa.
বিস্তীর্ণ ভূমিে একটি গ্রাম আছে।,There is a village in the wide expanse of land.,bilənɾɛ at̪o menaa.
"তুমি বাবা সাহায্য করবে, কিন্তু ডাক্তার সাহায্য করবে না।","You will help the father, but do not help the doctor.",am d̪ɔ baba gɔɽɔa mɛnkʰan ɖak̚t̪aɾ bam gɔɽɔa.
শ্রমিকটি পরিষ্কার।,The navvy is clean.,beldaɾ d̪ɔ sapʰaa.
তোমরা আশ্বিন মাস দেখেছিলে।,You all saw the september–october.,apɛpɛ asin ɲɛlkeda.
সেই সময় তোমরা মাছ খেয়ে হ্রদে কাজ করবে।,"At that time, you all eat the fish and then work in the lake.",ɔkt̪ɛɾɛ apɛ haku ɟɔmkat̪ɛ ɟɔlaɾɛ kɘmia.
নদীতে একটি গ্রাম আছে।,There is a village in the river.,gaɖaɾɛ at̪o menaa.
"তোমরা কাজ দেখবে, কিন্তু ডালিম দেখবে না।","You all will see the occupation, but do not see the pomegranate.",apɛ d̪ɔ bʰɛd ɲɛla mɛnkʰan anaɾ bapɛ ɲɛla.
তার ফার্ন গাছ গুরুত্বপূর্ণ।,His/her fern is important.,uniaʔ badgot͡ʃak̕ d̪ɔ ɟɘɾuɽa.
বিস্তীর্ণ ভূমিে একটি ভ্রাতৃত্ব অনুষ্ঠান আছে।,There is a brotherhood ceremony in the wide expanse of land.,bilənɾɛ bã̠ihə̃ menaa.
গতকাল আমি ভাষা পড়ে গ্রামে যাব।,"Yesterday, I study the language and then go to the village.",hɔlaɾɛ iɲ pɘɾsi paɽha͡o̯kat̪ɛ at̪oɾɛ calaʔa.
তোমার উৎসব গুরুত্বপূর্ণ।,Your festival is important.,amaʔ pɔɾɔb d̪ɔ ɟɘɾuɽa.
গতকাল সে মোবাইল ফোন কিনে বাড়িতে খেলবে।,"Yesterday, he/she buy the mobile phone and then play in the house.",hɔlaɾɛ uni mɔbaĭl pʰon kiɾiɲkat̪ɛ ɔɽaʔɾɛ gat̪ea.
আমরা গাড়ির চাকায় লাগানো খিল দেখব।,We will see the cog put before a cartwheel.,alɛ d̪ɔ baɳdʰi ɲɛla.
গতকাল তারা কথা পড়ে শহরে যাবে।,"Yesterday, they study the word and then go to the town.",hɔlaɾɛ oŋko kat̪ʰa paɽha͡o̯kat̪ɛ sɔhɔɽɾɛ calaʔa.
একটি পৈতৃক সম্পত্তি নদীতে আছে।,One patrimony is in the river.,mit̪ʔʈɛn bapɔɾi dʰɔn d̪ɔ gaɖaɾɛ menaa.
বোঝাটি পরিষ্কার।,The load is clean.,bʰaɾ d̪ɔ sapʰaa.
তাদের অজ্ঞতা ভালো।,Their ignorance is good.,oŋkoaʔ bʰut͡ʃ d̪ɔ mɔ̃ɟa.
আজ তারা মাছ খেয়ে কুয়ায় কাজ করবে।,"Today, they eat the fish and then work in the well.",t̪eheɲɾɛ oŋko haku ɟɔmkat̪ɛ kuɲɾɛ kɘmia.
আজ সে সিস্ট টিউমার দেখে কুয়ায় আসবে।,"Today, he/she see the cystic tumour and then come to the well.",t̪eheɲɾɛ uni batoɾi ɲɛlkat̪ɛ kuɲɾɛ hiɟuʔa.
"তারা বিদ্যুৎ দেখবে, কিন্তু কয়েকদিন দেখবে না।","They will see the lightning, but do not see the few days.",oŋko d̪ɔ bid͡ʒli ɲɛla mɛnkʰan əɾsiɲ bəɾsiɲ bako ɲɛla.
"আমরা ছবি পাব, কিন্তু টাকা পাব না।","We will get the photo, but do not get the money.",alɛ d̪ɔ pʰɔʈɔ ɲama mɛnkʰan ʈaka balɛ ɲama.
তুমি মানুষ সাহায্য করবে না।,You do not help the person.,am d̪ɔ hɔɽ bam gɔɽɔa.
একটি বাসিন্দা বাড়িতে আছে।,One inhabitant is in the house.,mit̪ʔʈɛn baskitiə̯ d̪ɔ ɔɽaʔɾɛ menaa.
আমার ছবি নতুন।,My photo is new.,iɲaʔ pʰɔʈɔ d̪ɔ nɔwaa.
নদীতে একটি বিস্তীর্ণ ভূমি আছে।,There is a wide expanse of land in the river.,gaɖaɾɛ bilən menaa.
সেই সময় আমরা অবশিষ্ট দেখে বাড়িতে খেলব।,"At that time, we see the residue and then play in the house.",ɔkt̪ɛɾɛ alɛ bəɖɾə ɲɛlkat̪ɛ ɔɽaʔɾɛ gat̪ea.
আমি বিদ্যুৎ দেখেছি।,I have seen the lightning.,iɲ d̪ɔ bid͡ʒli ɲɛlakada.
আড়ালে একটি ব্রাহ্মণ আছে।,There is a brahman in the covert.,ao̯tanɾɛ babɾẽ menaa.
তাদের অর্জন নতুন।,Their gain is new.,oŋkoaʔ ae̯ upəi̯ d̪ɔ nɔwaa.
তার মহাপ্লাবন ভালো।,His/her deluge is good.,uniaʔ bajaban d̪ɔ mɔ̃ɟa.
ব্যাগটি নতুন।,The bag is new.,bɛg d̪ɔ nɔwaa.
উঠানে একটি পা আছে।,There is a foot in the courtyard of house.,bəteɾɛ kaʈa menaa.
"তোমরা ঝড়বৃষ্টি দেখবে, কিন্তু কৃষিজ উৎপাদন দেখবে না।","You all will see the storm of wind & rain, but do not see the agricultural produce.",apɛ d̪ɔ əndʰi dak̕ ɲɛla mɛnkʰan aɾd͡ʒon bapɛ ɲɛla.
সকালে তুমি ডায়াবেটিস দেখে গ্রামে খেলবে।,"In the morning, you see the diabetes and then play in the village.",sɛt̪aʔɾɛ am bəhumut ɲɛlkat̪ɛ at̪oɾɛ gat̪ea.
আজ তোমরা পানি পান করে কুয়ায় যাবে।,"Today, you all drink the water and then go to the well.",t̪eheɲɾɛ apɛ d̪aʔ ɲukat̪ɛ kuɲɾɛ calaʔa.
আজ সে দুধ পান করে কুয়ায় যাবে।,"Today, he/she drink the milk and then go to the well.",t̪eheɲɾɛ uni t̪o̯͡a ɲukat̪ɛ kuɲɾɛ calaʔa.
আমি রান্না ও মাছ খাব।,I will eat the cooked food and the fish.,iɲ d̪ɔ basaŋ aɾ haku ɟɔma.
আড়ালে একটি আদালত আছে।,There is a court in the covert.,ao̯tanɾɛ adalot menaa.
তোমরা খাবার পাবে না।,You all do not get the food.,apɛ d̪ɔ ɟɔmaʔ bapɛ ɲama.
তুমি খাবার বিক্রি করেছিলে।,You sold the food.,amɛm ɟɔmaʔ ɘkʰɾiɲkeda.
গতকাল তুমি ভাষা লিখে গ্রামে যাবে।,"Yesterday, you write the language and then go to the village.",hɔlaɾɛ am pɘɾsi ɔlɔʔkat̪ɛ at̪oɾɛ calaʔa.
নবজাতকটি ভালো।,The infant is good.,balɛ d̪ɔ mɔ̃ɟa.
পবিত্র সিন্দুকটি ভালো।,The ark of the covenant is good.,ən sunduk d̪ɔ mɔ̃ɟa.
"আমি বাবা সাহায্য করব, কিন্তু মা সাহায্য করব না।","I will help the father, but do not help the mother.",iɲ d̪ɔ baba gɔɽɔa mɛnkʰan gɔgɔ bɘɲ gɔɽɔa.
"সে কথা পড়বে, কিন্তু কথা পড়বে না।","He/she will study the word, but does not study the word.",uni d̪ɔ kat̪ʰa paɽha͡o̯a mɛnkʰan kat̪ʰa bai̯ paɽha͡o̯a.
"তারা পাঠ পড়বে, কিন্তু ভাষা পড়বে না।","They will study the lesson, but do not study the language.",oŋko d̪ɔ sikʰnɘt̪ paɽha͡o̯a mɛnkʰan pɘɾsi bako paɽha͡o̯a.
আমরা টাকা পেয়েছিলাম।,We got the money.,alɛlɛ ʈaka ɲamkeda.
তোমাদের জীবন গুরুত্বপূর্ণ।,Your life is important.,apɛaʔ ɟiŋgi d̪ɔ ɟɘɾuɽa.
সেই সময় তুমি মধু খেয়ে শহরে কাজ করবে।,"At that time, you eat the honey and then work in the town.",ɔkt̪ɛɾɛ am ɲɛlɛɾasa ɟɔmkat̪ɛ sɔhɔɽɾɛ kɘmia.
একটি রান্না বাড়িতে আছে।,One cooked food is in the house.,mit̪ʔ basaŋ d̪ɔ ɔɽaʔɾɛ menaa.
বিস্তীর্ণ ভূমিে একটি কাজ আছে।,There is a work in the wide expanse of land.,bilənɾɛ kɘmi menaa.
কুয়ায় একটি তরকারি আছে।,There is a vegetables in the well.,kuɲɾɛ aɽak̕ sakam menaa.
তোমার পবিত্র সিন্দুক ভালো।,Your ark of the covenant is good.,amaʔ ən sunduk d̪ɔ mɔ̃ɟa.
সেই সময় আমরা কথা লিখে স্কুলে খেলব।,"At that time, we write the word and then play in the school.",ɔkt̪ɛɾɛ alɛ kat̪ʰa ɔlɔʔkat̪ɛ iskulɾɛ gat̪ea.
আশ্বিন মাসটি পরিষ্কার।,The september–october is clean.,asin d̪ɔ sapʰaa.
ইংল্যান্ডে একটি বাজার আছে।,There is a bazaar in the england.,bilətɾɛ bad͡ʒaɾ menaa.
গতকাল সে পাঠ পড়ে হ্রদে আসবে।,"Yesterday, he/she study the lesson and then come to the lake.",hɔlaɾɛ uni sikʰnɘt̪ paɽha͡o̯kat̪ɛ ɟɔlaɾɛ hiɟuʔa.
স্কুলে একটি ভবিষ্যৎ আছে।,There is a future in the school.,iskulɾɛ agam menaa.
"আমি মাছ বিক্রি করব, কিন্তু ঘড়ি বিক্রি করব না।","I will sell the fish, but do not sell the watch.",iɲ d̪ɔ haku ɘkʰɾiɲa mɛnkʰan gʰuɽi bɘɲ ɘkʰɾiɲa.
তোমরা বৈশাখ মাস দেখবে না।,You all do not see the april-may.,apɛ d̪ɔ bəi̯sək bapɛ ɲɛla.
নিকটবর্তী এলাকাে একটি গান আছে।,There is a song in the vicinity.,aɖe ʈolaɾɛ seɾeɲ menaa.
নদীতে একটি ফকির আছে।,There is a fakeer in the river.,gaɖaɾɛ babad͡ʒi menaa.
গুহাে একটি ফকির আছে।,There is a fakeer in the cave.,bʰugək̕ɾɛ babad͡ʒi menaa.
সূর্যটি গুরুত্বপূর্ণ।,The sun is important.,bela d̪ɔ ɟɘɾuɽa.
তুমি গাঁট দেখবে না।,You do not see the bale.,am d̪ɔ bʰiɳɖ bam ɲɛla.
আমার হ্রদ ভালো।,My lake is good.,iɲaʔ ɟɔla d̪ɔ mɔ̃ɟa.
তারা গুজব ও কাজ দেখবে।,They will see the rumour and the occupation.,oŋko d̪ɔ bʰakaɾa aɾ bʰɛd ɲɛla.
আমাদের ঝড়বৃষ্টি পরিষ্কার।,Our storm of wind & rain is clean.,alɛaʔ əndʰi dak̕ d̪ɔ sapʰaa.
আজ আমরা দুধ পান করে কুয়ায় যাব।,"Today, we drink the milk and then go to the well.",t̪eheɲɾɛ alɛ t̪o̯͡a ɲukat̪ɛ kuɲɾɛ calaʔa.
তারা গোখরো সাপ দেখবে না।,They do not see the cobra.,oŋko d̪ɔ ajaŋ bin bako ɲɛla.
নিকটবর্তী এলাকাে একটি বালতি আছে।,There is a bucket in the vicinity.,aɖe ʈolaɾɛ bəlʈi menaa.
সে নিরামিষাশী ও সমস্যা দেখবে।,He/she will see the vegetarian and the trouble.,uni d̪ɔ bʰagat aɾ ad͡ʒaɾ ɲɛla.
তাদের শ্রাইক পাখি ভালো।,Their shrike is good.,oŋkoaʔ bagʰa kɛɾkeʈa d̪ɔ mɔ̃ɟa.
"আমরা ডাক্তার সাহায্য করব, কিন্তু মা সাহায্য করব না।","We will help the doctor, but do not help the mother.",alɛ d̪ɔ ɖak̚t̪aɾ gɔɽɔa mɛnkʰan gɔgɔ balɛ gɔɽɔa.
আমাদের কাজ নতুন।,Our work is new.,alɛaʔ kɘmi d̪ɔ nɔwaa.
বাসস্থানে একটি ঢোলের শব্দ আছে।,There is a rattle on drum in the residence.,basaɾɛ beɖo menaa.
আজ তারা রান্না খেয়ে হ্রদে যাবে।,"Today, they eat the cooked food and then go to the lake.",t̪eheɲɾɛ oŋko basaŋ ɟɔmkat̪ɛ ɟɔlaɾɛ calaʔa.
বাড়িতে একটি আচরণ আছে।,There is a behaviour in the house.,ɔɽaʔɾɛ bebɔhaɾ menaa.
বিস্তীর্ণ ভূমিে একটি দুর্যোগ আছে।,There is a calmity in the wide expanse of land.,bilənɾɛ apʰoti menaa.
"সে ব্যাকরণ দেখবে, কিন্তু ঢোলের শব্দ দেখবে না।","He/she will see the grammar, but does not see the rattle on drum.",uni d̪ɔ bejakaɾan ɲɛla mɛnkʰan beɖo bai̯ ɲɛla.
তোমাদের বিস্তীর্ণ ভূমি গুরুত্বপূর্ণ।,Your wide expanse of land is important.,apɛaʔ bilən d̪ɔ ɟɘɾuɽa.
তার তুলার গাছ ভালো।,His/her cotton plant is good.,uniaʔ bʰoga kaskɔm d̪ɔ mɔ̃ɟa.
তোমার সময় ভালো।,Your time is good.,amaʔ ɔkt̪ɛ d̪ɔ mɔ̃ɟa.
তাদের কিশোর ছোট।,Their hobbledehoy is small.,oŋkoaʔ bat͡ʃʰɽa koɽa d̪ɔ lɘʈua.
"তুমি পরজীবী উদ্ভিদ দেখবে, কিন্তু জিহ্বা দেখবে না।","You will see the parasitic plant, but do not see the tongue.",am d̪ɔ alagd͡ʒəɽi ɲɛla mɛnkʰan alaŋ bam ɲɛla.
আমাদের শহর ভালো।,Our town is good.,alɛaʔ sɔhɔɽ d̪ɔ mɔ̃ɟa.
আমাদের বিরক্তি ভালো।,Our annoyance is good.,alɛaʔ əɽis d̪ɔ mɔ̃ɟa.
গ্রামে একটি বেঁকানো যন্ত্র আছে।,There is a brace for boring in the village.,at̪oɾɛ bʰãoɾa menaa.
আড়ালে একটি কারকীয় ক্রিয়া আছে।,There is a causative inflection in the covert.,ao̯tanɾɛ a menaa.
তুমি ভাষা দেখবে না।,You do not see the language.,am d̪ɔ bʰaka bam ɲɛla.
সেই সময় তুমি মধু খেয়ে শহরে যাবে।,"At that time, you eat the honey and then go to the town.",ɔkt̪ɛɾɛ am ɲɛlɛɾasa ɟɔmkat̪ɛ sɔhɔɽɾɛ calaʔa.
ঘামটি পরিষ্কার।,The perspiration is clean.,balbal d̪ɔ sapʰaa.
"তারা ডাক্তার সাহায্য করবে, কিন্তু মা সাহায্য করবে না।","They will help the doctor, but do not help the mother.",oŋko d̪ɔ ɖak̚t̪aɾ gɔɽɔa mɛnkʰan gɔgɔ bako gɔɽɔa.
নিকটবর্তী এলাকাে একটি পরিমাপ আছে।,There is a measure in the vicinity.,aɖe ʈolaɾɛ ae̯ menaa.
ঝুড়িটি ভালো।,The basket is good.,bʰad͡ʒan d̪ɔ mɔ̃ɟa.
করতালটি পরিষ্কার।,The cymbals is clean.,bad͡ʒna d̪ɔ sapʰaa.
তোমার বাঘ আনন্দের।,Your tiger is happy.,amaʔ t̪ɘɾup̚ʔ d̪ɔ ɾɘskɘa.
সকালে সে খাবার কিনে গ্রামে যাবে।,"In the morning, he/she buy the food and then go to the village.",sɛt̪aʔɾɛ uni ɟɔmaʔ kiɾiɲkat̪ɛ at̪oɾɛ calaʔa.
এক তোলাটি গুরুত্বপূর্ণ।,The one tola is important.,bʰoɾi d̪ɔ ɟɘɾuɽa.
বাসস্থানে একটি ঘড়ি আছে।,There is a watch in the dwelling place.,basɾɛ gʰuɽi menaa.
সেই সময় তুমি দুধ পান করে শহরে কাজ করবে।,"At that time, you drink the milk and then work in the town.",ɔkt̪ɛɾɛ am t̪o̯͡a ɲukat̪ɛ sɔhɔɽɾɛ kɘmia.
আজ আমি বিশ দেখে বাড়িতে কাজ করব।,"Today, I see the twenty and then work in the house.",t̪eheɲɾɛ iɲ baɾ gɛl ɲɛlkat̪ɛ ɔɽaʔɾɛ kɘmia.
আড়ালে একটি সিস্ট টিউমার আছে।,There is a cystic tumour in the covert.,ao̯tanɾɛ batoɾi menaa.
আজ সে ভাষা লিখে বাড়িতে কাজ করবে।,"Today, he/she write the language and then work in the house.",t̪eheɲɾɛ uni pɘɾsi ɔlɔʔkat̪ɛ ɔɽaʔɾɛ kɘmia.
তোমার ফোঁপানি নতুন।,Your blubbering is new.,amaʔ beɲ d̪ɔ nɔwaa.
আমরা মাছ ও মোবাইল ফোন কিনব।,We will buy the fish and the mobile phone.,alɛ d̪ɔ haku aɾ mɔbaĭl pʰon kiɾiɲa.
আজ সে মোবাইল ফোন কিনে বাড়িতে যাবে।,"Today, he/she buy the mobile phone and then go to the house.",t̪eheɲɾɛ uni mɔbaĭl pʰon kiɾiɲkat̪ɛ ɔɽaʔɾɛ calaʔa.
নিকটবর্তী এলাকাে একটি গুড়গুড় শব্দ আছে।,There is a rumbling sound in the vicinity.,aɖe ʈolaɾɛ aʈap̕ uʈup̕ menaa.
"তোমরা ফকির দেখবে, কিন্তু সন্ধ্যা দেখবে না।","You all will see the fakeer, but do not see the evening.",apɛ d̪ɔ babad͡ʒi ɲɛla mɛnkʰan əjup̕ bapɛ ɲɛla.
তুমি জাদুবিদ্যা দেখেছ।,You have seen the sorcery.,am d̪ɔ ban ɲɛlakada.
বাসস্থানে একটি বন্ধুত্ব আছে।,There is a friendship in the residence.,basaɾɛ bʰab menaa.
গতকাল তুমি দুধ পান করে কুয়ায় কাজ করবে।,"Yesterday, you drink the milk and then work in the well.",hɔlaɾɛ am t̪o̯͡a ɲukat̪ɛ kuɲɾɛ kɘmia.
গ্রামে একটি নক্ষত্রমণ্ডল আছে।,There is a constellation in the village.,at̪oɾɛ ãɾgɔm menaa.
তুমি বন্ধুত্ব দেখবে না।,You do not see the friendship.,am d̪ɔ bʰab bam ɲɛla.
তুমি নির্ভরতা দেখেছিলে।,You saw the reliance.,amɛm bʰaɾsa ɲɛlkeda.
অসম্মানটি ভালো।,The disrespect is good.,bɛmanɔt d̪ɔ mɔ̃ɟa.
সে অহংকার দেখবে না।,He/she does not see the pride.,uni d̪ɔ adɔɾ bai̯ ɲɛla.
পাড়াে একটি বেতন আছে।,There is a pay in the neighbourhood.,aɖe paseɾɛ bɛtɔn menaa.
আমার মাফ (হাতঢাকা) নতুন।,My muff is new.,iɲaʔ bembʰa d̪ɔ nɔwaa.
বৃদ্ধিটি ভালো।,The growth is good.,baɽhɔnta d̪ɔ mɔ̃ɟa.
বন্ধুত্বটি নতুন।,The friendship is new.,bʰab d̪ɔ nɔwaa.
ঢোলকি বাদকটি ভালো।,The drummer is good.,bəd͡ʒni d̪ɔ mɔ̃ɟa.
আমরা বালিয়া সারস পাখি ও অতিরিক্ত খাজনা দেখব।,We will see the sand martin and the additional assessment on rent.,alɛ d̪ɔ bʰəluə̯ aɾ bʰed͡ʒa ɲɛla.
তোমরা এক প্রজাতির কুঁচলা মাছ ও উৎপাদক দেখবে।,You all will see the a species of eel and the producer.,apɛ d̪ɔ bəmbi aɾ aɾd͡ʒoniə̯ ɲɛla.
আমরা রান্না ও মধু খাব।,We will eat the cooked food and the honey.,alɛ d̪ɔ basaŋ aɾ ɲɛlɛɾasa ɟɔma.
বিস্তীর্ণ ভূমিে একটি ছবি আছে।,There is a photo in the wide expanse of land.,bilənɾɛ pʰɔʈɔ menaa.
তোমরা আতঙ্ক দেখবে না।,You all do not see the terror.,apɛ d̪ɔ bʰɔɽɔk bapɛ ɲɛla.
তাদের শহর ভালো।,Their town is good.,oŋkoaʔ sɔhɔɽ d̪ɔ mɔ̃ɟa.
তুমি মানুষ সাহায্য করেছ।,You have helped the person.,am d̪ɔ hɔɽ gɔɽɔakada.
আজ তুমি রান্না খেয়ে শহরে কাজ করবে।,"Today, you eat the cooked food and then work in the town.",t̪eheɲɾɛ am basaŋ ɟɔmkat̪ɛ sɔhɔɽɾɛ kɘmia.
গতকাল সে মাছ কিনে নদীতে যাবে।,"Yesterday, he/she buy the fish and then go to the river.",hɔlaɾɛ uni haku kiɾiɲkat̪ɛ gaɖaɾɛ calaʔa.
তাদের জেলে ভালো।,Their fisherman is good.,oŋkoaʔ ɟɘliɘ d̪ɔ mɔ̃ɟa.
কুয়ায় একটি ব্যাগ আছে।,There is a bag in the well.,kuɲɾɛ bɛg menaa.
তার টাকা গুরুত্বপূর্ণ।,His/her money is important.,uniaʔ ʈaka d̪ɔ ɟɘɾuɽa.
পাড়াে একটি গুজব রটনাকারী আছে।,There is a bearer of tales in the neighbourhood.,aɖe paseɾɛ bad͡ʒʰəni menaa.
গুহাে একটি কর্তৃত্ব আছে।,There is an authority in the cave.,bʰugək̕ɾɛ adɔl menaa.
সেই সময় তারা মধু খেয়ে নদীতে যাবে।,"At that time, they eat the honey and then go to the river.",ɔkt̪ɛɾɛ oŋko ɲɛlɛɾasa ɟɔmkat̪ɛ gaɖaɾɛ calaʔa.
তারা জোনাকি ও গৃহপালিত পশু দেখবে।,They will see the firefly and the domestic animal.,oŋko d̪ɔ bakd͡ʒunu aɾ ato posu ɲɛla.
আমরা পান করছি।,We are drinking.,alɛlɛ ɲuɛd̪a.
তোমরা বিকার ও দুই দেখবে।,You all will see the delirium and the two.,apɛ d̪ɔ bəi̯ aɾ baɾ ɲɛla.
আজ আমরা ভাষা পড়ে নদীতে কাজ করব।,"Today, we study the language and then work in the river.",t̪eheɲɾɛ alɛ pɘɾsi paɽha͡o̯kat̪ɛ gaɖaɾɛ kɘmia.
"তারা কাঁকড়া দেখবে, কিন্তু চারা রোপণ দেখবে না।","They will see the crayfish, but do not see the transplantation.",oŋko d̪ɔ bə̃uɳɖi ɲɛla mɛnkʰan apʰɔɾ bako ɲɛla.
উদ্বেগটি ভালো।,The anxiety is good.,bʰabna d̪ɔ mɔ̃ɟa.
সেই সময় আমরা পানি পান করে হ্রদে কাজ করব।,"At that time, we drink the water and then work in the lake.",ɔkt̪ɛɾɛ alɛ d̪aʔ ɲukat̪ɛ ɟɔlaɾɛ kɘmia.
খাবারটি ভালো।,The victuals is good.,aʈa saʈa d̪ɔ mɔ̃ɟa.
সেই সময় আমি পাঠ পড়ে শহরে খেলব।,"At that time, I study the lesson and then play in the town.",ɔkt̪ɛɾɛ iɲ sikʰnɘt̪ paɽha͡o̯kat̪ɛ sɔhɔɽɾɛ gat̪ea.
বাড়িতে একটি বামন আছে।,There is a dwarf in the house.,ɔɽaʔɾɛ bãoɽã menaa.
নদীতে একটি আখরোট আছে।,There is a walnut in the river.,gaɖaɾɛ akʰɾoʈ menaa.
স্কুলে একটি বয়লার আছে।,There is a boiler in the school.,iskulɾɛ bʰəʈʰi menaa.
তোমরা এক প্রজাতির কাক ও পূর্বপুরুষ দেখবে।,You all will see the bow-billed corby and the patriarch.,apɛ d̪ɔ bʰoɳɖa kəhu aɾ əgil hapɽam ɲɛla.
একটি পৈতৃক সম্পত্তি হ্রদে আছে।,One patrimony is in the lake.,mit̪ʔʈɛn bapɔɾi dʰɔn d̪ɔ ɟɔlaɾɛ menaa.
বাসস্থানে একটি উত্তরাধিকার আছে।,There is an inheritance in the residence.,basaɾɛ əi̯dəɾi menaa.
আশাটি গুরুত্বপূর্ণ।,The expectation is important.,as d̪ɔ ɟɘɾuɽa.
বাড়িতে একটি পা আছে।,There is a foot in the house.,ɔɽaʔɾɛ kaʈa menaa.
তাদের ঔষধ ভালো।,Their medicine is good.,oŋkoaʔ ɾan d̪ɔ mɔ̃ɟa.
"তুমি মোবাইল ফোন বিক্রি করবে, কিন্তু খাবার বিক্রি করবে না।","You will sell the mobile phone, but do not sell the food.",am d̪ɔ mɔbaĭl pʰon ɘkʰɾiɲa mɛnkʰan ɟɔmaʔ bam ɘkʰɾiɲa.
এক ধরনের বাদ্যযন্ত্রটি পরিষ্কার।,The a kind of fiddle is clean.,banam d̪ɔ sapʰaa.
সকালে তারা কথা লিখে হ্রদে কাজ করবে।,"In the morning, they write the word and then work in the lake.",sɛt̪aʔɾɛ oŋko kat̪ʰa ɔlɔʔkat̪ɛ ɟɔlaɾɛ kɘmia.
তার কষ্ট পরিষ্কার।,His/her suffering is clean.,uniaʔ bidot d̪ɔ sapʰaa.
"আমরা মাছ বিক্রি করব, কিন্তু ঘড়ি বিক্রি করব না।","We will sell the fish, but do not sell the watch.",alɛ d̪ɔ haku ɘkʰɾiɲa mɛnkʰan gʰuɽi balɛ ɘkʰɾiɲa.
আধপাকা ফলের বিচিটি নতুন।,The kernel of half-ripe fruits is new.,bʰəti d̪ɔ nɔwaa.
গুঁড়িটি গুরুত্বপূর্ণ।,The trunk is important.,auɳɖ d̪ɔ ɟɘɾuɽa.
আমাদের ভূমিকম্প গুরুত্বপূর্ণ।,Our earthquake is important.,alɛaʔ bʰut͡ʃampa d̪ɔ ɟɘɾuɽa.
তোমরা পানি পান করেছ।,You all have drunk the water.,apɛ d̪ɔ d̪aʔ ɲuakada.
হ্রদে একটি শহর আছে।,There is a town in the lake.,ɟɔlaɾɛ sɔhɔɽ menaa.
হ্রদে একটি বেতন আছে।,There is a pay in the lake.,ɟɔlaɾɛ bɛtɔn menaa.
বিস্ফোরক পাউডারটি নতুন।,The blasting powder is new.,bəɾud d̪ɔ nɔwaa.
আমি মাছ খাব না।,I do not eat the fish.,iɲ d̪ɔ haku bɘɲ ɟɔma.
মাথা ঘোরাটি ভালো।,The vertigo is good.,bʰãoɾi d̪ɔ mɔ̃ɟa.
"সে টাকা পাবে, কিন্তু টাকা পাবে না।","He/she will get the money, but does not get the money.",uni d̪ɔ ʈaka ɲama mɛnkʰan ʈaka bai̯ ɲama.
তোমাদের মধু পরিষ্কার।,Your honey is clean.,apɛaʔ ɲɛlɛɾasa d̪ɔ sapʰaa.
গুহাে একটি লাভ আছে।,There is a profit in the cave.,bʰugək̕ɾɛ baɾpʰəi̯ menaa.
স্কুলে একটি শ্রাইক পাখি আছে।,There is a shrike in the school.,iskulɾɛ bagʰa kɛɾkeʈa menaa.
উঠানে একটি জীবন আছে।,There is a life in the courtyard of house.,bəteɾɛ ɟiŋgi menaa.
আমি মজুরি ও বাজি দেখব।,I will see the wages and the wager.,iɲ d̪ɔ bən aɾ bəd͡ʒi ɲɛla.
তোমার গাঁজা পরিষ্কার।,Your hemp drug is clean.,amaʔ bʰaŋ d̪ɔ sapʰaa.
টকশাকটি পরিষ্কার।,The sorel is clean.,aɾak̕ kudɾum d̪ɔ sapʰaa.
তুমি ঢাল দেখবে না।,You do not see the declivity.,am d̪ɔ anaɽgo bam ɲɛla.
"তোমরা দেওয়াল দেখবে, কিন্তু শক্তি দেখবে না।","You all will see the wall, but do not see the force.",apɛ d̪ɔ bʰit ɲɛla mɛnkʰan ad͡ʒʰãʈ bapɛ ɲɛla.
কুয়ায় একটি টাকা আছে।,There is a money in the well.,kuɲɾɛ ʈaka menaa.
সকালে তোমরা ভাষা লিখে শহরে আসবে।,"In the morning, you all write the language and then come to the town.",sɛt̪aʔɾɛ apɛ pɘɾsi ɔlɔʔkat̪ɛ sɔhɔɽɾɛ hiɟuʔa.
"তোমরা খাবার বিক্রি করবে, কিন্তু মাছ বিক্রি করবে না।","You all will sell the food, but do not sell the fish.",apɛ d̪ɔ ɟɔmaʔ ɘkʰɾiɲa mɛnkʰan haku bapɛ ɘkʰɾiɲa.
তার বাসিন্দা আনন্দের।,His/her inhabitant is happy.,uniaʔ baskitiə̯ d̪ɔ ɾɘskɘa.
গহনাটি গুরুত্বপূর্ণ।,The jewelry is important.,abʰɾan d̪ɔ ɟɘɾuɽa.
"আমরা বাবা সাহায্য করব, কিন্তু মা সাহায্য করব না।","We will help the father, but do not help the mother.",alɛ d̪ɔ baba gɔɽɔa mɛnkʰan gɔgɔ balɛ gɔɽɔa.
আজ তুমি পানি পান করে শহরে খেলবে।,"Today, you drink the water and then play in the town.",t̪eheɲɾɛ am d̪aʔ ɲukat̪ɛ sɔhɔɽɾɛ gat̪ea.
আমার সাতভাই পাখি ছোট।,My bengal babbler is small.,iɲaʔ bʰoɳɖa d̪ɔ lɘʈua.
রীতিটি নতুন।,The customs is new.,at͡ʃaɾ d̪ɔ nɔwaa.
তোমার রোগ ভালো।,Your illness is good.,amaʔ ɾu̯͡ɘ d̪ɔ mɔ̃ɟa.
তুমি শব্দ ও কাজ দেখবে।,You will see the noise and the occupation.,am d̪ɔ awad͡ʒ aɾ bʰɛd ɲɛla.
তাদের শুকর ছোট।,Their pig is small.,oŋkoaʔ suk̚ɾi d̪ɔ lɘʈua.
গতকাল তুমি কথা পড়ে হ্রদে কাজ করবে।,"Yesterday, you study the word and then work in the lake.",hɔlaɾɛ am kat̪ʰa paɽha͡o̯kat̪ɛ ɟɔlaɾɛ kɘmia.
ভাড়াটি নতুন।,The fare is new.,bʰaɽa d̪ɔ nɔwaa.
আমরা টাকা পাব না।,We do not get the money.,alɛ d̪ɔ ʈaka balɛ ɲama.
বন্যাটি নতুন।,The flood is new.,bəd d̪ɔ nɔwaa.
নদীতে একটি হিসাব আছে।,There is an account in the river.,gaɖaɾɛ bil menaa.
স্কুলে একটি মাফ (হাতঢাকা) আছে।,There is a muff in the school.,iskulɾɛ bembʰa menaa.
তোমার বয়লার পরিষ্কার।,Your boiler is clean.,amaʔ bʰəʈʰi d̪ɔ sapʰaa.
সেই সময় আমরা কথা পড়ে শহরে যাব।,"At that time, we study the word and then go to the town.",ɔkt̪ɛɾɛ alɛ kat̪ʰa paɽha͡o̯kat̪ɛ sɔhɔɽɾɛ calaʔa.
তোমরা মধু খাবে না।,You all do not eat the honey.,apɛ d̪ɔ ɲɛlɛɾasa bapɛ ɟɔma.
গতকাল তুমি খাবার খেয়ে নদীতে কাজ করবে।,"Yesterday, you eat the food and then work in the river.",hɔlaɾɛ am ɟɔmaʔ ɟɔmkat̪ɛ gaɖaɾɛ kɘmia.
তোমাদের দুধ ভালো।,Your milk is good.,apɛaʔ t̪o̯͡a d̪ɔ mɔ̃ɟa.
দম্ভটি পরিষ্কার।,The boasting is clean.,bakʰaɾa d̪ɔ sapʰaa.
নদীতে একটি কিশোর আছে।,There is a lad in the river.,gaɖaɾɛ bat͡ʃʰɽa menaa.
হাতটি পরিষ্কার।,The hand is clean.,t̪i d̪ɔ sapʰaa.
তাদের বারান্দা গুরুত্বপূর্ণ।,Their verandah is important.,oŋkoaʔ baɾaɳda d̪ɔ ɟɘɾuɽa.
তাদের মোবাইল ফোন নতুন।,Their mobile phone is new.,oŋkoaʔ mɔbaĭl pʰon d̪ɔ nɔwaa.
তারা বর্ণ দেখেছিল।,They saw the alphabet.,oŋkoko akʰɔɾ ɲɛlkeda.
নদীতে একটি মধু আছে।,There is a honey in the river.,gaɖaɾɛ ɲɛlɛɾasa menaa.
গতকাল আমি পানি পান করে নদীতে কাজ করব।,"Yesterday, I drink the water and then work in the river.",hɔlaɾɛ iɲ d̪aʔ ɲukat̪ɛ gaɖaɾɛ kɘmia.
সকালে সে কথা লিখে শহরে কাজ করবে।,"In the morning, he/she write the word and then work in the town.",sɛt̪aʔɾɛ uni kat̪ʰa ɔlɔʔkat̪ɛ sɔhɔɽɾɛ kɘmia.
বেঞ্চটি গুরুত্বপূর্ণ।,The bench is important.,beɲt͡ʃ d̪ɔ ɟɘɾuɽa.
তোমরা আতঙ্ক দেখবে।,You all will see the terror.,apɛ d̪ɔ bʰɔɽɔk ɲɛla.
একটি মা বাড়িতে আছে।,One mother is in the house.,mit̪ʔʈɛn ajo d̪ɔ ɔɽaʔɾɛ menaa.
পৈতৃক সম্পত্তিটি নতুন।,The paternal estate is new.,bapɔti dʰo d̪ɔ nɔwaa.
তোমরা উপভাষা দেখেছ।,You all have seen the dialect.,apɛ d̪ɔ bahaka ɲɛlakada.
সে খাবার ও মোবাইল ফোন কিনবে।,He/she will buy the food and the mobile phone.,uni d̪ɔ ɟɔmaʔ aɾ mɔbaĭl pʰon kiɾiɲa.
নদীতে একটি জোনাকি আছে।,There is a firefly in the river.,gaɖaɾɛ bakd͡ʒunu menaa.
বাসস্থানে একটি জোয়াল আছে।,There is a yoke in the residence.,basaɾɛ aɾãɽ menaa.
পরিষদটি গুরুত্বপূর্ণ।,The council is important.,bəi̯si d̪ɔ ɟɘɾuɽa.
তোমরা মাছ ও ঔষধ কিনবে।,You all will buy the fish and the medicine.,apɛ d̪ɔ haku aɾ ɾan kiɾiɲa.
নভেম্বর–ডিসেম্বরটি গুরুত্বপূর্ণ।,The november–december is important.,agʰãɽ d̪ɔ ɟɘɾuɽa.
গতকাল সে দুধ পান করে শহরে খেলবে।,"Yesterday, he/she drink the milk and then play in the town.",hɔlaɾɛ uni t̪o̯͡a ɲukat̪ɛ sɔhɔɽɾɛ gat̪ea.
আমার দুধ সুস্বাদু।,My milk is tasty.,iɲaʔ t̪o̯͡a d̪ɔ sibila.
স্কুলে একটি জেলে আছে।,There is a fisherman in the school.,iskulɾɛ ɟɘliɘ menaa.
স্কুলে একটি বাত রোগ আছে।,There is a rheumatism in the school.,iskulɾɛ bat menaa.
গতকাল আমি ঔষধ কিনে নদীতে খেলব।,"Yesterday, I buy the medicine and then play in the river.",hɔlaɾɛ iɲ ɾan kiɾiɲkat̪ɛ gaɖaɾɛ gat̪ea.
একটি জারজ নদীতে আছে।,One bastard is in the river.,mit̪ʔʈɛn bidʰuə̯ d̪ɔ gaɖaɾɛ menaa.
বাড়িতে একটি আশ্বিন মাস আছে।,There is a september–october in the house.,ɔɽaʔɾɛ asin menaa.
তারা প্রাচুর্য দেখবে না।,They do not see the abundance.,oŋko d̪ɔ at͡ʃel pat͡ʃel bako ɲɛla.
আমি পুকুর দেখব না।,I do not see the pool.,iɲ d̪ɔ agʰoɾni bɘɲ ɲɛla.
"আমরা প্রণয়ভঙ্গি দেখব, কিন্তু দেওয়াল দেখব না।","We will see the coquetry, but do not see the wall.",alɛ d̪ɔ əngɾa ɲɛla mɛnkʰan bʰit balɛ ɲɛla.
তাদের ধাতুর বাটি নতুন।,Their metal basin is new.,oŋkoaʔ bəʈi d̪ɔ nɔwaa.
দুর্যোগটি গুরুত্বপূর্ণ।,The calmity is important.,apʰoti d̪ɔ ɟɘɾuɽa.
একটি নবজাতক কুয়ায় আছে।,One infant is in the well.,mit̪ʔʈɛn balɛ d̪ɔ kuɲɾɛ menaa.
আজ আমরা সন্ধ্যা দেখে হ্রদে খেলব।,"Today, we see the evening and then play in the lake.",t̪eheɲɾɛ alɛ əjup̕ ɲɛlkat̪ɛ ɟɔlaɾɛ gat̪ea.
তোমার কুমারী গুরুত্বপূর্ণ।,Your virgin is important.,amaʔ aɾda kuɽi d̪ɔ ɟɘɾuɽa.
তাদের সূর্য ভালো।,Their sun is good.,oŋkoaʔ bela d̪ɔ mɔ̃ɟa.
কুয়ায় একটি গাঁজা আছে।,There is a hemp drug in the well.,kuɲɾɛ bʰaŋ menaa.
তাদের প্রতারক ভালো।,Their deceiver is good.,oŋkoaʔ bʰataha d̪ɔ mɔ̃ɟa.
একটি ভিক্ষুক গ্রামে আছে।,One beggar is in the village.,mit̪ʔʈɛn bʰikʰəɾi d̪ɔ at̪oɾɛ menaa.
আমরা ছবি দেখব।,We will see the photo.,alɛ d̪ɔ pʰɔʈɔ ɲɛla.
তার ঝোপঝাড় নতুন।,His/her shrub is new.,uniaʔ akao̯na d̪ɔ nɔwaa.
তোমার খাবারের অবশিষ্ট সুস্বাদু।,Your leftover food is tasty.,amaʔ əi̯ʈʰə d̪ɔ sibila.
সকালে আমি কথা পড়ে স্কুলে আসব।,"In the morning, I study the word and then come to the school.",sɛt̪aʔɾɛ iɲ kat̪ʰa paɽha͡o̯kat̪ɛ iskulɾɛ hiɟuʔa.
"আমি বিরক্তি দেখব, কিন্তু অপচয় দেখব না।","I will see the annoyance, but do not see the waste.",iɲ d̪ɔ əɽis ɲɛla mɛnkʰan apt͡ʃo bɘɲ ɲɛla.
শহরে একটি অবিশ্বাসী আছে।,There is a heathen in the town.,sɔhɔɽɾɛ bedin menaa.
তোমরা মাছ ও রান্না খাবে।,You all will eat the fish and the cooked food.,apɛ d̪ɔ haku aɾ basaŋ ɟɔma.
তোমার বিড়াল ভালো।,Your cat is good.,amaʔ pusi d̪ɔ mɔ̃ɟa.
আমার ব্যাখ্যা ভালো।,My explanation is good.,iɲaʔ bejan d̪ɔ mɔ̃ɟa.
বাসস্থানে একটি মোবাইল ফোন আছে।,There is a mobile phone in the dwelling place.,basɾɛ mɔbaĭl pʰon menaa.
বাড়িতে একটি ভাই আছে।,There is a brother in the house.,ɔɽaʔɾɛ baɾet menaa.
তারা ছবি পাবে না।,They do not get the photo.,oŋko d̪ɔ pʰɔʈɔ bako ɲama.
আজ তুমি ভাষা লিখে নদীতে খেলবে।,"Today, you write the language and then play in the river.",t̪eheɲɾɛ am pɘɾsi ɔlɔʔkat̪ɛ gaɖaɾɛ gat̪ea.
"আমরা ডাক্তার সাহায্য করব, কিন্তু শিশু সাহায্য করব না।","We will help the doctor, but do not help the child.",alɛ d̪ɔ ɖak̚t̪aɾ gɔɽɔa mɛnkʰan gid̪ɾɘ balɛ gɔɽɔa.
নদীতে একটি পা আছে।,There is a foot in the river.,gaɖaɾɛ kaʈa menaa.
গুহাে একটি বর্শা আছে।,There is a spear in the cave.,bʰugək̕ɾɛ bəɾt͡ʃʰi menaa.
তুমি ওনিক্স পাথর দেখবে।,You will see the onyx.,am d̪ɔ beləu̯ɾ ɲɛla.
সেই সময় তারা মোবাইল ফোন কিনে নদীতে যাবে।,"At that time, they buy the mobile phone and then go to the river.",ɔkt̪ɛɾɛ oŋko mɔbaĭl pʰon kiɾiɲkat̪ɛ gaɖaɾɛ calaʔa.
গতকাল আমরা কথা পড়ে হ্রদে যাব।,"Yesterday, we study the word and then go to the lake.",hɔlaɾɛ alɛ kat̪ʰa paɽha͡o̯kat̪ɛ ɟɔlaɾɛ calaʔa.
শহরে একটি পুকুর আছে।,There is a pool in the town.,sɔhɔɽɾɛ agʰoɾni menaa.
বাসস্থানে একটি লক্ষ্যবস্তু আছে।,There is a target in the dwelling place.,basɾɛ bed͡ʒʰa menaa.
ফ্যাথমটি পরিষ্কার।,The fathom is clean.,aɾpa d̪ɔ sapʰaa.
বিস্তীর্ণ ভূমিে একটি টাকা আছে।,There is a money in the wide expanse of land.,bilənɾɛ ʈaka menaa.
জীবনটি নতুন।,The life is new.,ɟiŋgi d̪ɔ nɔwaa.
তার বন্যা ভালো।,His/her flood is good.,uniaʔ bəd d̪ɔ mɔ̃ɟa.
হ্রদে একটি বাসস্থান আছে।,There is a residence in the lake.,ɟɔlaɾɛ basa menaa.
নদীতে একটি পুরোহিতের রক্তদানের দক্ষিণা আছে।,There is a fee to priest who offers his blood in the river.,gaɖaɾɛ bəlkəʈi menaa.
তারা পাঠ পড়েছিল।,They studied the lesson.,oŋkoko sikʰnɘt̪ paɽha͡o̯keda.
বিস্তীর্ণ ভূমিে একটি জীবন আছে।,There is a life in the wide expanse of land.,bilənɾɛ ɟiŋgi menaa.
তোমার কাজ ভালো।,Your work is good.,amaʔ kɘmi d̪ɔ mɔ̃ɟa.
বাসস্থানে একটি উত্তরাধিকার আছে।,There is a heritage in the residence.,basaɾɛ bapɔti dʰɔn menaa.
সে মাছ দেখেছে।,He/she has seen the fish.,uni d̪ɔ haku ɲɛlakada.
আমরা খাবার ও মাছ খাব।,We will eat the food and the fish.,alɛ d̪ɔ ɟɔmaʔ aɾ haku ɟɔma.
"আমরা ঘড়ি বিক্রি করব, কিন্তু মাছ বিক্রি করব না।","We will sell the watch, but do not sell the fish.",alɛ d̪ɔ gʰuɽi ɘkʰɾiɲa mɛnkʰan haku balɛ ɘkʰɾiɲa.
উঠানে একটি বিড়াল আছে।,There is a cat in the courtyard of house.,bəteɾɛ pusi menaa.
সকালে সে রান্না খেয়ে শহরে কাজ করবে।,"In the morning, he/she eat the cooked food and then work in the town.",sɛt̪aʔɾɛ uni basaŋ ɟɔmkat̪ɛ sɔhɔɽɾɛ kɘmia.
ইংল্যান্ডে একটি সময়কাল আছে।,There is a period in the england.,bilətɾɛ ãʈɾe menaa.
গতকাল আমরা খাবার খেয়ে কুয়ায় খেলব।,"Yesterday, we eat the food and then play in the well.",hɔlaɾɛ alɛ ɟɔmaʔ ɟɔmkat̪ɛ kuɲɾɛ gat̪ea.
তোমার বাড়ি ভালো।,Your house is good.,amaʔ ɔɽaʔ d̪ɔ mɔ̃ɟa.
বিধাতাটি পরিষ্কার।,The providence is clean.,bʰidata d̪ɔ sapʰaa.
আমার হাত পরিষ্কার।,My hand is clean.,iɲaʔ t̪i d̪ɔ sapʰaa.
আজ তারা অসম্মান দেখে হ্রদে কাজ করবে।,"Today, they see the disrespect and then work in the lake.",t̪eheɲɾɛ oŋko bɛmanɔt ɲɛlkat̪ɛ ɟɔlaɾɛ kɘmia.
সেই সময় তারা পৈতৃক সম্পত্তি দেখে নদীতে আসবে।,"At that time, they see the paternal estate and then come to the river.",ɔkt̪ɛɾɛ oŋko bapɔti dʰo ɲɛlkat̪ɛ gaɖaɾɛ hiɟuʔa.
নিকটবর্তী এলাকাে একটি দুধ আছে।,There is a milk in the vicinity.,aɖe ʈolaɾɛ t̪o̯͡a menaa.
বাসস্থানে একটি বিকার আছে।,There is a delirium in the dwelling place.,basɾɛ bəi̯ menaa.
তাদের হাত গুরুত্বপূর্ণ।,Their hand is important.,oŋkoaʔ t̪i d̪ɔ ɟɘɾuɽa.
আমি কর্তৃত্ব দেখব।,I will see the authority.,iɲ d̪ɔ adɔl ɲɛla.
তুমি ঘড়ি কিনবে না।,You do not buy the watch.,am d̪ɔ gʰuɽi bam kiɾiɲa.
নদীতে একটি ছোট কুঠার আছে।,There is a small adze in the river.,gaɖaɾɛ bəslə menaa.
একটি বিড়াল কুয়ায় আছে।,One cat is in the well.,mit̪ʔʈɛn pusi d̪ɔ kuɲɾɛ menaa.
কুয়ায় একটি কিশোর আছে।,There is a hobbledehoy in the well.,kuɲɾɛ bat͡ʃʰɽa koɽa menaa.
"তুমি ভেড়ার মাংস দেখবে, কিন্তু অবশিষ্ট দেখবে না।","You will see the mutton, but do not see the remainder.",am d̪ɔ bʰiɖi d͡ʒel ɲɛla mɛnkʰan bəki bɔkɔe̯a bam ɲɛla.
বাড়িতে একটি কুয়া আছে।,There is a well in the house.,ɔɽaʔɾɛ kuɲ menaa.
তারা ঘাম ও সন্ধ্যা দেখবে।,They will see the perspiration and the evening.,oŋko d̪ɔ balbal aɾ əjup̕ ɲɛla.
শহরে একটি হাত আছে।,There is a hand in the town.,sɔhɔɽɾɛ t̪i menaa.
গ্রামে একটি মশাল আছে।,There is a torch in the village.,at̪oɾɛ bambeɾ menaa.
সেই সময় তারা কথা পড়ে নদীতে খেলবে।,"At that time, they study the word and then play in the river.",ɔkt̪ɛɾɛ oŋko kat̪ʰa paɽha͡o̯kat̪ɛ gaɖaɾɛ gat̪ea.
গ্রামে একটি বোকা আছে।,There is a fool in the village.,at̪oɾɛ bemblaha menaa.
হ্রদে একটি বিবাহ আছে।,There is a marriage in the lake.,ɟɔlaɾɛ bapla menaa.
গতকাল তুমি খাবার কিনে শহরে আসবে।,"Yesterday, you buy the food and then come to the town.",hɔlaɾɛ am ɟɔmaʔ kiɾiɲkat̪ɛ sɔhɔɽɾɛ hiɟuʔa.
বাসস্থানে একটি উদ্বেগ আছে।,There is an anxiety in the dwelling place.,basɾɛ bʰabna menaa.
তুমি লিখছ।,You is writing.,amɛm ɔlɔʔɛd̪a.
বাসস্থানে একটি গবাদিপশুর পাতলা পায়খানা আছে।,There is a scouring in cattle in the dwelling place.,basɾɛ aɽhəi̯ə menaa.
"তারা খাবার বিক্রি করবে, কিন্তু ঘড়ি বিক্রি করবে না।","They will sell the food, but do not sell the watch.",oŋko d̪ɔ ɟɔmaʔ ɘkʰɾiɲa mɛnkʰan gʰuɽi bako ɘkʰɾiɲa.
বাসস্থানে একটি লাগাম আছে।,There is a bridle in the residence.,basaɾɛ bag menaa.
সকালে তারা দুধ পান করে কুয়ায় কাজ করবে।,"In the morning, they drink the milk and then work in the well.",sɛt̪aʔɾɛ oŋko t̪o̯͡a ɲukat̪ɛ kuɲɾɛ kɘmia.
তোমাদের বামন ছোট।,Your dwarf is small.,apɛaʔ bãoɽã d̪ɔ lɘʈua.
আত্মীয়টি ভালো।,The kindred is good.,əpus d̪ɔ mɔ̃ɟa.
"তোমরা খাবার পাবে, কিন্তু ছবি পাবে না।","You all will get the food, but do not get the photo.",apɛ d̪ɔ ɟɔmaʔ ɲama mɛnkʰan pʰɔʈɔ bapɛ ɲama.
সকালে তোমরা অভিযোগকারী দেখে গ্রামে আসবে।,"In the morning, you all see the accuser and then come to the village.",sɛt̪aʔɾɛ apɛ bədi ɲɛlkat̪ɛ at̪oɾɛ hiɟuʔa.
গতকাল তোমরা ভাষা পড়ে হ্রদে কাজ করবে।,"Yesterday, you all study the language and then work in the lake.",hɔlaɾɛ apɛ pɘɾsi paɽha͡o̯kat̪ɛ ɟɔlaɾɛ kɘmia.
তোমাদের ধাতুর বাটি পরিষ্কার।,Your metal basin is clean.,apɛaʔ bəʈi d̪ɔ sapʰaa.
সেই সময় তুমি মাছ কিনে বাড়িতে কাজ করবে।,"At that time, you buy the fish and then work in the house.",ɔkt̪ɛɾɛ am haku kiɾiɲkat̪ɛ ɔɽaʔɾɛ kɘmia.
বাসস্থানে একটি পাতার বোঁটা আছে।,There is a petiole in the residence.,basaɾɛ bʰekuə̯ menaa.
বাসস্থানে একটি জেলে আছে।,There is a fisherman in the residence.,basaɾɛ ɟɘliɘ menaa.
সে দাম দেখবে।,He/she will see the price.,uni d̪ɔ bʰao̯ ɲɛla.
আমার স্ত্রী আনন্দের।,My wife is happy.,iɲaʔ bəhu d̪ɔ ɾɘskɘa.
আজ তুমি কণ্ঠস্বর দেখে নদীতে কাজ করবে।,"Today, you see the voice and then work in the river.",t̪eheɲɾɛ am aɽaŋ ɲɛlkat̪ɛ gaɖaɾɛ kɘmia.
তার ত্রুটি ভালো।,His/her faults is good.,uniaʔ bʰul bisoɾ d̪ɔ mɔ̃ɟa.
তুমি অভাব দেখেছিলে।,You saw the dearth.,amɛm akal ɲɛlkeda.
ভাই কোথায় আছে?,Where is the brother?,bɔ͡i̯ha d̪ɔ ɔkaɾɛ menaa.
সেই সময় সে দুধ পান করে বাড়িতে আসবে।,"At that time, he/she drink the milk and then come to the house.",ɔkt̪ɛɾɛ uni t̪o̯͡a ɲukat̪ɛ ɔɽaʔɾɛ hiɟuʔa.
তুমি ঔষধ ও খাবার কিনবে।,You will buy the medicine and the food.,am d̪ɔ ɾan aɾ ɟɔmaʔ kiɾiɲa.
আমার রান্না পরিষ্কার।,My cooked food is clean.,iɲaʔ basaŋ d̪ɔ sapʰaa.
আমার অপচয় ভালো।,My waste is good.,iɲaʔ apt͡ʃo d̪ɔ mɔ̃ɟa.
তোমরা জীবন দেখবে না।,You all do not see the life.,apɛ d̪ɔ ɟiŋgi bapɛ ɲɛla.
আমার ভিক্ষুক ছোট।,My beggar is small.,iɲaʔ bʰikʰəɾi d̪ɔ lɘʈua.
আজ আমরা খাবার খেয়ে গ্রামে কাজ করব।,"Today, we eat the food and then work in the village.",t̪eheɲɾɛ alɛ ɟɔmaʔ ɟɔmkat̪ɛ at̪oɾɛ kɘmia.
সকালে আমরা কথা লিখে স্কুলে আসব।,"In the morning, we write the word and then come to the school.",sɛt̪aʔɾɛ alɛ kat̪ʰa ɔlɔʔkat̪ɛ iskulɾɛ hiɟuʔa.
নারীজাতিটি নতুন।,The females is new.,əi̯məi̯ d͡ʒət d̪ɔ nɔwaa.
তোমরা পদ্য দেখেছিলে।,You all saw the verse.,apɛpɛ ae̯t ɲɛlkeda.
তুমি মধু ও মাছ খাবে।,You will eat the honey and the fish.,am d̪ɔ ɲɛlɛɾasa aɾ haku ɟɔma.
স্কুলে একটি মুক্তি আছে।,There is a salvation in the school.,iskulɾɛ baɲt͡ʃao̯k̕ menaa.
সেই সময় তারা পানি পান করে নদীতে কাজ করবে।,"At that time, they drink the water and then work in the river.",ɔkt̪ɛɾɛ oŋko d̪aʔ ɲukat̪ɛ gaɖaɾɛ kɘmia.
অকাল জন্মটি নতুন।,The premature birth is new.,adpakolia d̪ɔ nɔwaa.
ছেঁড়াটি পরিষ্কার।,The rent is clean.,baŋ baŋ d̪ɔ sapʰaa.
আমাদের জলাধার গুরুত্বপূর্ণ।,Our reservoir is important.,alɛaʔ ahɾa d̪ɔ ɟɘɾuɽa.
তোমাদের প্রাচুর্য গুরুত্বপূর্ণ।,Your abundance is important.,apɛaʔ at͡ʃel pat͡ʃel d̪ɔ ɟɘɾuɽa.
তার ট্যাংক পরিষ্কার।,His/her tank is clean.,uniaʔ abʰɾa d̪ɔ sapʰaa.
তার অর্জন ভালো।,His/her gain is good.,uniaʔ ae̯ upəi̯ d̪ɔ mɔ̃ɟa.
নিরামিষাশীটি পরিষ্কার।,The vegetarian is clean.,bʰagat d̪ɔ sapʰaa.
শহরে একটি ধানক্ষেত আছে।,There is a rice-land in the town.,sɔhɔɽɾɛ ahaɾ menaa.
ভাড়াটে কর্মীটি পরিষ্কার।,The hired worker is clean.,bənkəɾ d̪ɔ sapʰaa.
বিস্তীর্ণ ভূমিে একটি আচরণ আছে।,There is a conduct in the wide expanse of land.,bilənɾɛ at͡ʃaɾ beo̯haɾ menaa.
নদীটি গুরুত্বপূর্ণ।,The river is important.,gaɖa d̪ɔ ɟɘɾuɽa.
"তুমি ভাষা পড়বে, কিন্তু পাঠ পড়বে না।","You will study the language, but do not study the lesson.",am d̪ɔ pɘɾsi paɽha͡o̯a mɛnkʰan sikʰnɘt̪ bam paɽha͡o̯a.
গতকাল আমি দুধ পান করে কুয়ায় যাব।,"Yesterday, I drink the milk and then go to the well.",hɔlaɾɛ iɲ t̪o̯͡a ɲukat̪ɛ kuɲɾɛ calaʔa.
গ্রামে একটি ভাদ্র মাস আছে।,There is an august-september in the village.,at̪oɾɛ bʰadɔɾ menaa.
আমরা মা সাহায্য করেছিলাম।,We helped the mother.,alɛlɛ gɔgɔ gɔɽɔkeda.
বিস্তীর্ণ ভূমিে একটি বেত গাছ আছে।,There is a rattan in the wide expanse of land.,bilənɾɛ bɛ̃t menaa.
আমরা আচরণ দেখব।,We will see the behaviour.,alɛ d̪ɔ bebɔhaɾ ɲɛla.
কুয়ায় একটি সেবা আছে।,There is a service in the well.,kuɲɾɛ aŋgɾa menaa.
পাড়াে একটি গ্রাম আছে।,There is a village in the neighbourhood.,aɖe paseɾɛ at̪o menaa.
রবিবারটি পরিষ্কার।,The sunday is clean.,aʈʰawaɾ d̪ɔ sapʰaa.
কুয়ায় একটি পোশাক আছে।,There is an apparel in the well.,kuɲɾɛ ahɾan pahaɾand menaa.
শহরে একটি অহংকার আছে।,There is a pride in the town.,sɔhɔɽɾɛ adɔɾ menaa.
আমরা বিধাতা দেখেছি।,We have seen the providence.,alɛ d̪ɔ bʰidata ɲɛlakada.
একটি প্রতারক হ্রদে আছে।,One deceiver is in the lake.,mit̪ʔʈɛn bʰataha d̪ɔ ɟɔlaɾɛ menaa.
তোমার ছবি পরিষ্কার।,Your photo is clean.,amaʔ pʰɔʈɔ d̪ɔ sapʰaa.
তার পা নতুন।,His/her leg is new.,uniaʔ ɟaŋga d̪ɔ nɔwaa.
আজ তারা কথা লিখে শহরে যাবে।,"Today, they write the word and then go to the town.",t̪eheɲɾɛ oŋko kat̪ʰa ɔlɔʔkat̪ɛ sɔhɔɽɾɛ calaʔa.
তুমি উৎপাদক দেখবে না।,You do not see the producer.,am d̪ɔ aɾd͡ʒoniə̯ bam ɲɛla.
একটি মানুষ বাড়িতে আছে।,One person is in the house.,mit̪ʔʈɛn hɔɽ d̪ɔ ɔɽaʔɾɛ menaa.
"সে শিশু সাহায্য করবে, কিন্তু মানুষ সাহায্য করবে না।","He/she will help the child, but does not help the person.",uni d̪ɔ gid̪ɾɘ gɔɽɔa mɛnkʰan hɔɽ bai̯ gɔɽɔa.
সে ঘড়ি ও ঔষধ কিনবে।,He/she will buy the watch and the medicine.,uni d̪ɔ gʰuɽi aɾ ɾan kiɾiɲa.
খাবার কোথায় আছে?,Where is the food?,ɟɔmaʔ d̪ɔ ɔkaɾɛ menaa.
বাসস্থানে একটি বেতন আছে।,There is a pay in the residence.,basaɾɛ bɛtɔn menaa.
বাড়িতে একটি বন্দুক আছে।,There is a gun in the house.,ɔɽaʔɾɛ bənduk menaa.
সেই সময় আমি নামা দেখে বাড়িতে আসব।,"At that time, I see the descent and then come to the house.",ɔkt̪ɛɾɛ iɲ anãɽgo ɲɛlkat̪ɛ ɔɽaʔɾɛ hiɟuʔa.
"তারা কথা পড়বে, কিন্তু কথা পড়বে না।","They will study the word, but do not study the word.",oŋko d̪ɔ kat̪ʰa paɽha͡o̯a mɛnkʰan kat̪ʰa bako paɽha͡o̯a.
"তোমরা কথা পড়বে, কিন্তু কথা পড়বে না।","You all will study the word, but do not study the word.",apɛ d̪ɔ kat̪ʰa paɽha͡o̯a mɛnkʰan kat̪ʰa bapɛ paɽha͡o̯a.
আমার জীবন নতুন।,My life is new.,iɲaʔ ɟiŋgi d̪ɔ nɔwaa.
আজ তুমি অশান্তি দেখে স্কুলে যাবে।,"Today, you see the unrest and then go to the school.",t̪eheɲɾɛ am bɛtʰiɾ ɲɛlkat̪ɛ iskulɾɛ calaʔa.
সে বয়লার ও বাজি দেখবে।,He/she will see the boiler and the wager.,uni d̪ɔ bʰəʈʰi aɾ bəd͡ʒi ɲɛla.
সকালে তারা পাঠ পড়ে গ্রামে কাজ করবে।,"In the morning, they study the lesson and then work in the village.",sɛt̪aʔɾɛ oŋko sikʰnɘt̪ paɽha͡o̯kat̪ɛ at̪oɾɛ kɘmia.
গুহাে একটি কাঁকড়া আছে।,There is a crayfish in the cave.,bʰugək̕ɾɛ bə̃uɳɖi menaa.
তার ভাই আনন্দের।,His/her brother is happy.,uniaʔ baɾet d̪ɔ ɾɘskɘa.
আমাদের ভাই ছোট।,Our brother is small.,alɛaʔ bɔ͡i̯ha d̪ɔ lɘʈua.
আজ তোমরা দুধ পান করে স্কুলে খেলবে।,"Today, you all drink the milk and then play in the school.",t̪eheɲɾɛ apɛ t̪o̯͡a ɲukat̪ɛ iskulɾɛ gat̪ea.
তাদের উত্তরাধিকার পরিষ্কার।,Their inheritance is clean.,oŋkoaʔ əi̯dəɾi d̪ɔ sapʰaa.
তার ঢোলের শব্দ ভালো।,His/her rattle on drum is good.,uniaʔ beɖo d̪ɔ mɔ̃ɟa.
গতকাল তোমরা খাবার খেয়ে কুয়ায় খেলবে।,"Yesterday, you all eat the food and then play in the well.",hɔlaɾɛ apɛ ɟɔmaʔ ɟɔmkat̪ɛ kuɲɾɛ gat̪ea.
গুহাে একটি দুধ আছে।,There is a milk in the cave.,bʰugək̕ɾɛ t̪o̯͡a menaa.
আমরা দাদা ও ডালিম দেখব।,We will see the grandfather and the pomegranate.,alɛ d̪ɔ ad͡ʒa aɾ anaɾ ɲɛla.
আমরা দুধ দেখব না।,We do not see the milk.,alɛ d̪ɔ t̪o̯͡a balɛ ɲɛla.
গতকাল আমি মাছ খেয়ে গ্রামে আসব।,"Yesterday, I eat the fish and then come to the village.",hɔlaɾɛ iɲ haku ɟɔmkat̪ɛ at̪oɾɛ hiɟuʔa.
তাদের জেলে আনন্দের।,Their fisherman is happy.,oŋkoaʔ ɟɘliɘ d̪ɔ ɾɘskɘa.
তাদের ব্রাহ্মণ নতুন।,Their brahman is new.,oŋkoaʔ babɾẽ d̪ɔ nɔwaa.
তোমার দেবতা গুরুত্বপূর্ণ।,Your deity is important.,amaʔ bʰokta d̪ɔ ɟɘɾuɽa.
তোমার নদী গুরুত্বপূর্ণ।,Your river is important.,amaʔ gaɖa d̪ɔ ɟɘɾuɽa.
আমি মোবাইল ফোন কিনব।,I will buy the mobile phone.,iɲ d̪ɔ mɔbaĭl pʰon kiɾiɲa.
আজ আমি মাছ খেয়ে বাড়িতে খেলব।,"Today, I eat the fish and then play in the house.",t̪eheɲɾɛ iɲ haku ɟɔmkat̪ɛ ɔɽaʔɾɛ gat̪ea.
সে প্রতিবেশী দেখবে।,He/she will see the neighbours.,uni d̪ɔ aɖepaseɾenko ɲɛla.
"তুমি ঘড়ি কিনবে, কিন্তু মাছ কিনবে না।","You will buy the watch, but do not buy the fish.",am d̪ɔ gʰuɽi kiɾiɲa mɛnkʰan haku bam kiɾiɲa.
বিস্তীর্ণ ভূমিটি নতুন।,The wide expanse of land is new.,bilən d̪ɔ nɔwaa.
গুড়গুড় শব্দটি ভালো।,The rumbling sound is good.,aʈap̕ uʈup̕ d̪ɔ mɔ̃ɟa.
নিকটবর্তী এলাকাে একটি ফল পাকা আছে।,There is a mellowing in the vicinity.,aɖe ʈolaɾɛ aɾaɾao̯k̕ menaa.
সেই সময় তুমি ঔষধ কিনে হ্রদে আসবে।,"At that time, you buy the medicine and then come to the lake.",ɔkt̪ɛɾɛ am ɾan kiɾiɲkat̪ɛ ɟɔlaɾɛ hiɟuʔa.
তুমি অবশিষ্ট দেখেছ।,You have seen the residue.,am d̪ɔ bəɖɾə ɲɛlakada.
আমার পা ভালো।,My foot is good.,iɲaʔ kaʈa d̪ɔ mɔ̃ɟa.
স্কুলে একটি প্রতিদ্বন্দ্বিতা আছে।,There is a rivalry in the school.,iskulɾɛ bada bədi menaa.
একমুঠোটি গুরুত্বপূর্ণ।,The handful is important.,aɲd͡ʒle d̪ɔ ɟɘɾuɽa.
"আমরা মাছ বিক্রি করব, কিন্তু মাছ বিক্রি করব না।","We will sell the fish, but do not sell the fish.",alɛ d̪ɔ haku ɘkʰɾiɲa mɛnkʰan haku balɛ ɘkʰɾiɲa.
আজ আমরা মাছ কিনে বাড়িতে আসব।,"Today, we buy the fish and then come to the house.",t̪eheɲɾɛ alɛ haku kiɾiɲkat̪ɛ ɔɽaʔɾɛ hiɟuʔa.
বাড়িতে একটি উৎপাদক আছে।,There is a producer in the house.,ɔɽaʔɾɛ aɾd͡ʒoniə̯ menaa.
ভাদ্র মাসটি গুরুত্বপূর্ণ।,The august-september is important.,bʰadɔɾ d̪ɔ ɟɘɾuɽa.
"তোমরা টাকা পাবে, কিন্তু খাবার পাবে না।","You all will get the money, but do not get the food.",apɛ d̪ɔ ʈaka ɲama mɛnkʰan ɟɔmaʔ bapɛ ɲama.
আমরা পাতার বোঁটা দেখেছি।,We have seen the petiole.,alɛ d̪ɔ bʰekuə̯ ɲɛlakada.
কষ্টটি গুরুত্বপূর্ণ।,The suffering is important.,bidot d̪ɔ ɟɘɾuɽa.
তুমি কারকীয় ক্রিয়া দেখবে।,You will see the causative inflection.,am d̪ɔ a ɲɛla.
স্কুল কোথায় আছে?,Where is the school?,iskul d̪ɔ ɔkaɾɛ menaa.
সেই সময় তুমি জীবন দেখে নদীতে যাবে।,"At that time, you see the life and then go to the river.",ɔkt̪ɛɾɛ am ɟiŋgi ɲɛlkat̪ɛ gaɖaɾɛ calaʔa.
আমার ওনিক্স পাথর ভালো।,My onyx is good.,iɲaʔ beləu̯ɾ d̪ɔ mɔ̃ɟa.
একটি কিশোর স্কুলে আছে।,One hobbledehoy is in the school.,mit̪ʔʈɛn bat͡ʃʰɽa koɽa d̪ɔ iskulɾɛ menaa.
আমার রক্তমূত্র গুরুত্বপূর্ণ।,My haematuria is important.,iɲaʔ aɾak̕ d͡ʒʰaɾ d̪ɔ ɟɘɾuɽa.
আমার অর্জন গুরুত্বপূর্ণ।,My gain is important.,iɲaʔ ae̯ upəi̯ d̪ɔ ɟɘɾuɽa.
গ্রামে একটি আখড়া আছে।,There is a gathering in the village.,at̪oɾɛ akʰɾa menaa.
সকালে আমরা পানি পান করে কুয়ায় যাব।,"In the morning, we drink the water and then go to the well.",sɛt̪aʔɾɛ alɛ d̪aʔ ɲukat̪ɛ kuɲɾɛ calaʔa.
ইংল্যান্ডে একটি পছন্দ আছে।,There is a choice in the england.,bilətɾɛ əpɾug menaa.
বাবা কোথায় আছে?,Where is the father?,baba d̪ɔ ɔkaɾɛ menaa.
তোমার বন্দুক নতুন।,Your gun is new.,amaʔ bənduk d̪ɔ nɔwaa.
আমরা উদ্বৃত্ত দেখব না।,We do not see the surplus.,alɛ d̪ɔ bətil balɛ ɲɛla.
পাটি গুরুত্বপূর্ণ।,The foot is important.,kaʈa d̪ɔ ɟɘɾuɽa.
ঢোলকি বাদকটি পরিষ্কার।,The drummer is clean.,bəd͡ʒni d̪ɔ sapʰaa.
"তারা কথা লিখবে, কিন্তু কথা লিখবে না।","They will write the word, but do not write the word.",oŋko d̪ɔ kat̪ʰa ɔlɔʔa mɛnkʰan kat̪ʰa bako ɔlɔʔa.
আজ আমরা ঘড়ি কিনে হ্রদে আসব।,"Today, we buy the watch and then come to the lake.",t̪eheɲɾɛ alɛ gʰuɽi kiɾiɲkat̪ɛ ɟɔlaɾɛ hiɟuʔa.
আজ সে কথা লিখে নদীতে যাবে।,"Today, he/she write the word and then go to the river.",t̪eheɲɾɛ uni kat̪ʰa ɔlɔʔkat̪ɛ gaɖaɾɛ calaʔa.
নদীতে একটি ছবি আছে।,There is a photo in the river.,gaɖaɾɛ pʰɔʈɔ menaa.
আজ তারা রান্না খেয়ে বাড়িতে যাবে।,"Today, they eat the cooked food and then go to the house.",t̪eheɲɾɛ oŋko basaŋ ɟɔmkat̪ɛ ɔɽaʔɾɛ calaʔa.
গ্রামে একটি উত্তরাধিকার আছে।,There is a heritage in the village.,at̪oɾɛ bapɔti dʰɔn menaa.
আমি আত্মীয় দেখেছিলাম।,I saw the kindred.,iɲiɲ əpus ɲɛlkeda.
"তুমি মধু খাবে, কিন্তু রান্না খাবে না।","You will eat the honey, but do not eat the cooked food.",am d̪ɔ ɲɛlɛɾasa ɟɔma mɛnkʰan basaŋ bam ɟɔma.
আজ আমরা কথা পড়ে নদীতে যাব।,"Today, we study the word and then go to the river.",t̪eheɲɾɛ alɛ kat̪ʰa paɽha͡o̯kat̪ɛ gaɖaɾɛ calaʔa.
আমরা অহংকার দেখব না।,We do not see the pride.,alɛ d̪ɔ adɔɾ balɛ ɲɛla.
সে অনুচিত আচরণ দেখবে।,He/she will see the impropriety.,uni d̪ɔ baŋ ganok̕ak̕ ɲɛla.
সেই সময় সে অজুহাত দেখে হ্রদে আসবে।,"At that time, he/she see the excuse and then come to the lake.",ɔkt̪ɛɾɛ uni aɾd͡ʒaəɾd͡ʒi ɲɛlkat̪ɛ ɟɔlaɾɛ hiɟuʔa.
সকালে তুমি পানি পান করে কুয়ায় আসবে।,"In the morning, you drink the water and then come to the well.",sɛt̪aʔɾɛ am d̪aʔ ɲukat̪ɛ kuɲɾɛ hiɟuʔa.
আমি ছোট কুঠার দেখেছিলাম।,I saw the small adze.,iɲiɲ bəslə ɲɛlkeda.
প্রস্থানটি নতুন।,The departure is new.,aʈo d̪ɔ nɔwaa.
আজ তোমরা খাবার কিনে স্কুলে যাবে।,"Today, you all buy the food and then go to the school.",t̪eheɲɾɛ apɛ ɟɔmaʔ kiɾiɲkat̪ɛ iskulɾɛ calaʔa.
তার হাত গুরুত্বপূর্ণ।,His/her hand is important.,uniaʔ t̪i d̪ɔ ɟɘɾuɽa.
ভেড়াটি আনন্দের।,The sheep is happy.,bʰiɖi d̪ɔ ɾɘskɘa.
সকালে তুমি খাবার কিনে নদীতে খেলবে।,"In the morning, you buy the food and then play in the river.",sɛt̪aʔɾɛ am ɟɔmaʔ kiɾiɲkat̪ɛ gaɖaɾɛ gat̪ea.
সেই সময় তোমরা খাবার খেয়ে হ্রদে কাজ করবে।,"At that time, you all eat the food and then work in the lake.",ɔkt̪ɛɾɛ apɛ ɟɔmaʔ ɟɔmkat̪ɛ ɟɔlaɾɛ kɘmia.
তোমার চোখের পচা পদার্থ ভালো।,Your rheum from the eyes is good.,amaʔ beɲd͡ʒak̕ d̪ɔ mɔ̃ɟa.
বট গাছটি ভালো।,The banyan tree is good.,baɽe d̪ɔ mɔ̃ɟa.
আমার কৃষিজ উৎপাদন ভালো।,My agricultural produce is good.,iɲaʔ aɾd͡ʒon d̪ɔ mɔ̃ɟa.
গ্রামে একটি স্কুল আছে।,There is a school in the village.,at̪oɾɛ iskul menaa.
গতকাল আমি পরিষদ দেখে স্কুলে আসব।,"Yesterday, I see the council and then come to the school.",hɔlaɾɛ iɲ bəi̯si ɲɛlkat̪ɛ iskulɾɛ hiɟuʔa.
"আমরা কথা বলব, কিন্তু কথা বলব না।","We will speak the word, but do not speak the word.",alɛ d̪ɔ kat̪ʰa ɾɔɽa mɛnkʰan kat̪ʰa balɛ ɾɔɽa.
বাসস্থানে একটি সম্পদ আছে।,There is a wealth in the dwelling place.,basɾɛ at͡ʃel menaa.
তোমরা মানুষ সাহায্য করেছ।,You all have helped the person.,apɛ d̪ɔ hɔɽ gɔɽɔakada.
একটি ঘড়ি হ্রদে আছে।,One watch is in the lake.,mit̪ʔ gʰuɽi d̪ɔ ɟɔlaɾɛ menaa.
আমি রান্না দেখেছিলাম।,I saw the cooked food.,iɲiɲ basaŋ ɲɛlkeda.
সে বিকার দেখবে।,He/she will see the delirium.,uni d̪ɔ bəi̯ ɲɛla.
তোমরা আমড়া (ফল) ও খাবার দেখবে।,You all will see the hog plum and the victuals.,apɛ d̪ɔ bədʰiə̯ aɾ aʈa saʈa ɲɛla.
স্কুলে একটি ফুলের বৃতি আছে।,There is a calyx of flower in the school.,iskulɾɛ bɛnɛt menaa.
সুযোগটি গুরুত্বপূর্ণ।,The chance is important.,bʰəg d̪ɔ ɟɘɾuɽa.
আমরা বাত রোগ দেখব না।,We do not see the rheumatism.,alɛ d̪ɔ bat balɛ ɲɛla.
পুরোহিতের রক্তদানের দক্ষিণাটি পরিষ্কার।,The fee to priest who offers his blood is clean.,bəlkəʈi d̪ɔ sapʰaa.
"আমরা মোবাইল ফোন কিনব, কিন্তু খাবার কিনব না।","We will buy the mobile phone, but do not buy the food.",alɛ d̪ɔ mɔbaĭl pʰon kiɾiɲa mɛnkʰan ɟɔmaʔ balɛ kiɾiɲa.
বাড়িতে একটি অকাল জন্ম আছে।,There is a premature birth in the house.,ɔɽaʔɾɛ adpakolia menaa.
বিস্তীর্ণ ভূমিে একটি খিঁচুনি আছে।,There is a convulsions in the wide expanse of land.,bilənɾɛ ḅahiɾ bəi̯ menaa.
নুন-তামাকের ফেরিওয়ালাটি পরিষ্কার।,The pedlar of salt and tobacco is clean.,bə̃ɽiə̯̃ d̪ɔ sapʰaa.
সেই সময় তারা মধু খেয়ে স্কুলে খেলবে।,"At that time, they eat the honey and then play in the school.",ɔkt̪ɛɾɛ oŋko ɲɛlɛɾasa ɟɔmkat̪ɛ iskulɾɛ gat̪ea.
বর্শাটি নতুন।,The spear is new.,bəɾt͡ʃʰi d̪ɔ nɔwaa.
সে সন্ন্যাসী ও নেতা দেখবে।,He/she will see the ascetic and the leader.,uni d̪ɔ ətit aɾ aglaha ɲɛla.
আমাদের রোগ ভালো।,Our illness is good.,alɛaʔ ɾu̯͡ɘ d̪ɔ mɔ̃ɟa.
আমি বেঞ্চ দেখব।,I will see the bench.,iɲ d̪ɔ beɲt͡ʃ ɲɛla.
নিকটবর্তী এলাকাে একটি শুকর আছে।,There is a pig in the vicinity.,aɖe ʈolaɾɛ suk̚ɾi menaa.
তার জীবন ভালো।,His/her life is good.,uniaʔ ɟiŋgi d̪ɔ mɔ̃ɟa.
গ্রামে একটি মাছ আছে।,There is a fish in the village.,at̪oɾɛ haku menaa.
তার কাজ ভালো।,His/her work is good.,uniaʔ kɘmi d̪ɔ mɔ̃ɟa.
উত্তরাধিকারটি নতুন।,The inheritance is new.,əi̯dəɾi d̪ɔ nɔwaa.
তারা গুড়ের চিনি ও ব্যান্ডেজ দেখবে।,They will see the crystallized raw sugar and the bandger.,oŋko d̪ɔ bəli guɽ aɾ bədʰi ɲɛla.
গ্রামে একটি জ্বালাপোড়া আছে।,There is a burning sensation in the village.,at̪oɾɛ aɽae̯ menaa.
সেই সময় তুমি ডিমের কুসুম দেখে স্কুলে কাজ করবে।,"At that time, you see the yolk of egg and then work in the school.",ɔkt̪ɛɾɛ am bele botke ɲɛlkat̪ɛ iskulɾɛ kɘmia.
একটি বিড়াল নদীতে আছে।,One cat is in the river.,mit̪ʔʈɛn pusi d̪ɔ gaɖaɾɛ menaa.
তুমি ভাষা পড়েছ।,You have studied the language.,am d̪ɔ pɘɾsi paɽha͡o̯akada.
নিকটবর্তী এলাকাে একটি সময় আছে।,There is a time in the vicinity.,aɖe ʈolaɾɛ ɔkt̪ɛ menaa.
আজ তোমরা ভাষা পড়ে হ্রদে আসবে।,"Today, you all study the language and then come to the lake.",t̪eheɲɾɛ apɛ pɘɾsi paɽha͡o̯kat̪ɛ ɟɔlaɾɛ hiɟuʔa.
আমার ন্যায়বিচারের আবেদন ভালো।,My appeal for justice is good.,iɲaʔ əpʰil dohae̯ d̪ɔ mɔ̃ɟa.
উঠানে একটি বাবা আছে।,There is a father in the courtyard of house.,bəteɾɛ baba menaa.
বিস্তীর্ণ ভূমিে একটি শত্রু আছে।,There is an enemy in the wide expanse of land.,bilənɾɛ bəi̯ɾi menaa.
আজ আমি পাঠ পড়ে গ্রামে কাজ করব।,"Today, I study the lesson and then work in the village.",t̪eheɲɾɛ iɲ sikʰnɘt̪ paɽha͡o̯kat̪ɛ at̪oɾɛ kɘmia.
একটি কিশোর নদীতে আছে।,One hobbledehoy is in the river.,mit̪ʔʈɛn bat͡ʃʰɽa koɽa d̪ɔ gaɖaɾɛ menaa.
তোমার বিবাহের শোভাযাত্রা নতুন।,Your marriage procession is new.,amaʔ bəɾiə̯t d̪ɔ nɔwaa.
গতকাল তোমরা পানি পান করে গ্রামে আসবে।,"Yesterday, you all drink the water and then come to the village.",hɔlaɾɛ apɛ d̪aʔ ɲukat̪ɛ at̪oɾɛ hiɟuʔa.
বিস্তীর্ণ ভূমিে একটি প্রণয়ভঙ্গি আছে।,There is a coquetry in the wide expanse of land.,bilənɾɛ əngɾa menaa.
স্কুলে একটি কষ্ট আছে।,There is a distress in the school.,iskulɾɛ alad͡ʒʰala menaa.
আমি ছবি ও বোঝা দেখব।,I will see the photo and the load.,iɲ d̪ɔ pʰɔʈɔ aɾ bʰaɾ ɲɛla.
আমার ছবি গুরুত্বপূর্ণ।,My photo is important.,iɲaʔ pʰɔʈɔ d̪ɔ ɟɘɾuɽa.
স্কুলে একটি আস্থা আছে।,There is a confidence in the school.,iskulɾɛ baɾsa menaa.
সে বিরক্তি ও চোখের পচা পদার্থ দেখবে।,He/she will see the annoyance and the rheum from the eyes.,uni d̪ɔ əɽis aɾ beɲd͡ʒak̕ ɲɛla.
বিস্তীর্ণ ভূমিে একটি মটরশুটি আছে।,There is a pea in the wide expanse of land.,bilənɾɛ baʈɽa menaa.
"তোমরা মাছ খাবে, কিন্তু মধু খাবে না।","You all will eat the fish, but do not eat the honey.",apɛ d̪ɔ haku ɟɔma mɛnkʰan ɲɛlɛɾasa bapɛ ɟɔma.
ফুলটি গুরুত্বপূর্ণ।,The flower is important.,baha d̪ɔ ɟɘɾuɽa.
আমার গবাদিপশুর পাতলা পায়খানা গুরুত্বপূর্ণ।,My scouring in cattle is important.,iɲaʔ aɽhəi̯ə d̪ɔ ɟɘɾuɽa.
আমি মাটির জার দেখব না।,I do not see the round jar.,iɲ d̪ɔ bəhni bɘɲ ɲɛla.
সকালে আমরা কথা পড়ে শহরে খেলব।,"In the morning, we study the word and then play in the town.",sɛt̪aʔɾɛ alɛ kat̪ʰa paɽha͡o̯kat̪ɛ sɔhɔɽɾɛ gat̪ea.
বাসস্থানে একটি প্রস্থান আছে।,There is a departure in the residence.,basaɾɛ aʈo menaa.
পাড়াে একটি পৈতৃক সম্পত্তি আছে।,There is a paternal estate in the neighbourhood.,aɖe paseɾɛ bapɔti dʰo menaa.
তুমি পাচ্ছ।,You is getting.,amɛm ɲamɛd̪a.
শহরে একটি অসম্মান আছে।,There is a disrespect in the town.,sɔhɔɽɾɛ bɛmanɔt menaa.
হ্রদে একটি মা আছে।,There is a mother in the lake.,ɟɔlaɾɛ ajo menaa.
তোমার তুরহী ভালো।,Your trumpet is good.,amaʔ bakea̯ d̪ɔ mɔ̃ɟa.
ফল পাকাটি গুরুত্বপূর্ণ।,The mellowing is important.,aɾaɾao̯k̕ d̪ɔ ɟɘɾuɽa.
তারা আচরণ ও অনুশীলন দেখবে।,They will see the conduct and the practice.,oŋko d̪ɔ at͡ʃaɾ beo̯haɾ aɾ bɛbɔhaɾ ɲɛla.
স্কুলে একটি আঁটি আছে।,There is a bundle in the school.,iskulɾɛ əʈi menaa.
আড়ালে একটি বাবা আছে।,There is a father in the covert.,ao̯tanɾɛ baba menaa.
আমি রাখাল দেখব না।,I do not see the shepherd.,iɲ d̪ɔ bʰiɖi gupitic̕ bɘɲ ɲɛla.
আমি জিহ্বা ও এক তোলা দেখব।,I will see the tongue and the one tola.,iɲ d̪ɔ alaŋ aɾ bʰoɾi ɲɛla.
তোমরা খাবার বিক্রি করেছ।,You all have sold the food.,apɛ d̪ɔ ɟɔmaʔ ɘkʰɾiɲakada.
উঠানে একটি টাকা আছে।,There is a money in the courtyard of house.,bəteɾɛ ʈaka menaa.
পাড়াে একটি ঋতু আছে।,There is a season in the neighbourhood.,aɖe paseɾɛ bataɾ menaa.
পাড়াে একটি গুপ্তচর আছে।,There is a spy in the neighbourhood.,aɖe paseɾɛ baʈ paɽ menaa.
তোমাদের শহর ভালো।,Your town is good.,apɛaʔ sɔhɔɽ d̪ɔ mɔ̃ɟa.
সকালে তোমরা অর্জন দেখে হ্রদে খেলবে।,"In the morning, you all see the gain and then play in the lake.",sɛt̪aʔɾɛ apɛ ae̯ upəi̯ ɲɛlkat̪ɛ ɟɔlaɾɛ gat̪ea.
তারা দোহনের পাত্র দেখেছে।,They have seen the milking pot.,oŋko d̪ɔ bʰaɳɖ ɲɛlakada.
আনারসটি পরিষ্কার।,The pineapple is clean.,ananas d̪ɔ sapʰaa.
আমার দুধ ভালো।,My milk is good.,iɲaʔ t̪o̯͡a d̪ɔ mɔ̃ɟa.
তোমাদের বিনিময় গুরুত্বপূর্ণ।,Your exchange is important.,apɛaʔ badla d̪ɔ ɟɘɾuɽa.
সে দেওয়াল ও শুরু দেখবে।,He/she will see the wall and the beginning.,uni d̪ɔ bʰit aɾ əd ɲɛla.
উঠানে একটি বাগান আছে।,There is a garden in the courtyard of house.,bəteɾɛ bagan menaa.
বাড়িতে একটি উৎসব আছে।,There is a festival in the house.,ɔɽaʔɾɛ pɔɾɔb menaa.
গ্রামে একটি শস্য আছে।,There is a grain in the village.,at̪oɾɛ an menaa.
"আমি মোবাইল ফোন বিক্রি করব, কিন্তু মাছ বিক্রি করব না।","I will sell the mobile phone, but do not sell the fish.",iɲ d̪ɔ mɔbaĭl pʰon ɘkʰɾiɲa mɛnkʰan haku bɘɲ ɘkʰɾiɲa.
শ্রাইক পাখিটি আনন্দের।,The shrike is happy.,bagʰa kɛɾkeʈa d̪ɔ ɾɘskɘa.
সেই সময় সে মোবাইল ফোন কিনে কুয়ায় যাবে।,"At that time, he/she buy the mobile phone and then go to the well.",ɔkt̪ɛɾɛ uni mɔbaĭl pʰon kiɾiɲkat̪ɛ kuɲɾɛ calaʔa.
তুরহীটি নতুন।,The trumpet is new.,bakea̯ d̪ɔ nɔwaa.
গতকাল তুমি রান্না খেয়ে কুয়ায় আসবে।,"Yesterday, you eat the cooked food and then come to the well.",hɔlaɾɛ am basaŋ ɟɔmkat̪ɛ kuɲɾɛ hiɟuʔa.
"আমরা ঔষধ পাব, কিন্তু ছবি পাব না।","We will get the medicine, but do not get the photo.",alɛ d̪ɔ ɾan ɲama mɛnkʰan pʰɔʈɔ balɛ ɲama.
তার উৎসব নতুন।,His/her festival is new.,uniaʔ pɔɾɔb d̪ɔ nɔwaa.
সে কর্তৃত্ব দেখবে না।,He/she does not see the authority.,uni d̪ɔ adɔl bai̯ ɲɛla.
গতকাল আমরা ঔষধ কিনে গ্রামে আসব।,"Yesterday, we buy the medicine and then come to the village.",hɔlaɾɛ alɛ ɾan kiɾiɲkat̪ɛ at̪oɾɛ hiɟuʔa.
অনুরোধটি গুরুত্বপূর্ণ।,The request is important.,aɾd͡ʒa əɾd͡ʒi d̪ɔ ɟɘɾuɽa.
"সে খাবার কিনবে, কিন্তু ঔষধ কিনবে না।","He/she will buy the food, but does not buy the medicine.",uni d̪ɔ ɟɔmaʔ kiɾiɲa mɛnkʰan ɾan bai̯ kiɾiɲa.
তারা সতর্কবাণী দেখবে।,They will see the alarm.,oŋko d̪ɔ bʰāe ɲɛla.
সকালে তুমি ঘড়ি দেখে স্কুলে আসবে।,"In the morning, you see the watch and then come to the school.",sɛt̪aʔɾɛ am gʰuɽi ɲɛlkat̪ɛ iskulɾɛ hiɟuʔa.
ফুলের মালাটি গুরুত্বপূর্ণ।,The garland of flowers is important.,baha mala d̪ɔ ɟɘɾuɽa.
আজ আমি মধু খেয়ে গ্রামে খেলব।,"Today, I eat the honey and then play in the village.",t̪eheɲɾɛ iɲ ɲɛlɛɾasa ɟɔmkat̪ɛ at̪oɾɛ gat̪ea.
সকালে আমি দুধ পান করে কুয়ায় আসব।,"In the morning, I drink the milk and then come to the well.",sɛt̪aʔɾɛ iɲ t̪o̯͡a ɲukat̪ɛ kuɲɾɛ hiɟuʔa.
তোমাদের বিবাহের উপহার পরিষ্কার।,Your presents given at marriage is clean.,apɛaʔ banda pɔn d̪ɔ sapʰaa.
তার কনুই পরিষ্কার।,His/her elbow is clean.,uniaʔ bə̃hl d̪ɔ sapʰaa.
ভুলটি নতুন।,The blunder is new.,bʰul d̪ɔ nɔwaa.
আমি প্রকার দেখেছি।,I have seen the kinds.,iɲ d̪ɔ bʰə̃t ɲɛlakada.
স্কুলে একটি ভাড়া আছে।,There is a fare in the school.,iskulɾɛ bʰaɽa menaa.
হ্রদে একটি অর্ধ বিঘা আছে।,There is a half bigha in the lake.,ɟɔlaɾɛ bʰənga menaa.
এক প্রজাতির মাছটি ভালো।,The species of fish is good.,badʰoɽ d̪ɔ mɔ̃ɟa.
গতকাল আমি রোগ দেখে বাড়িতে যাব।,"Yesterday, I see the illness and then go to the house.",hɔlaɾɛ iɲ ɾu̯͡ɘ ɲɛlkat̪ɛ ɔɽaʔɾɛ calaʔa.
গতকাল তুমি দুধ পান করে হ্রদে আসবে।,"Yesterday, you drink the milk and then come to the lake.",hɔlaɾɛ am t̪o̯͡a ɲukat̪ɛ ɟɔlaɾɛ hiɟuʔa.
তুমি বৃদ্ধি ও জোনাকি দেখবে।,You will see the growth and the firefly.,am d̪ɔ baɽhɔnta aɾ bakd͡ʒunu ɲɛla.
তাদের সময় গুরুত্বপূর্ণ।,Their time is important.,oŋkoaʔ ɔkt̪ɛ d̪ɔ ɟɘɾuɽa.
মানুষটি আনন্দের।,The person is happy.,hɔɽ d̪ɔ ɾɘskɘa.
"আমি কথা লিখব, কিন্তু ভাষা লিখব না।","I will write the word, but do not write the language.",iɲ d̪ɔ kat̪ʰa ɔlɔʔa mɛnkʰan pɘɾsi bɘɲ ɔlɔʔa.
পাড়াে একটি দোহনের পাত্র আছে।,There is a milking pot in the neighbourhood.,aɖe paseɾɛ bʰaɳɖ menaa.
তার পাঠ নতুন।,His/her lesson is new.,uniaʔ sikʰnɘt̪ d̪ɔ nɔwaa.
আজ তুমি ঔষধ কিনে শহরে যাবে।,"Today, you buy the medicine and then go to the town.",t̪eheɲɾɛ am ɾan kiɾiɲkat̪ɛ sɔhɔɽɾɛ calaʔa.
আজ তোমরা কথা লিখে স্কুলে যাবে।,"Today, you all write the word and then go to the school.",t̪eheɲɾɛ apɛ kat̪ʰa ɔlɔʔkat̪ɛ iskulɾɛ calaʔa.
পোশাকটি পরিষ্কার।,The attire is clean.,bʰagwa d̪ɔ sapʰaa.
বিস্তীর্ণ ভূমিে একটি তাঁতের অংশ আছে।,There is a heddles of loom in the wide expanse of land.,bilənɾɛ bade menaa.
অগ্রদূতটি গুরুত্বপূর্ণ।,The forerunner is important.,əguə̯daɾ d̪ɔ ɟɘɾuɽa.
গতকাল তারা প্রণয়ন দেখে স্কুলে আসবে।,"Yesterday, they see the enactment and then come to the school.",hɔlaɾɛ oŋko ən ɲɛlkat̪ɛ iskulɾɛ hiɟuʔa.
তোমাদের পিঁপড়া আনন্দের।,Your ant is happy.,apɛaʔ muc̚ʔ d̪ɔ ɾɘskɘa.
গতকাল তুমি মধু খেয়ে বাড়িতে আসবে।,"Yesterday, you eat the honey and then come to the house.",hɔlaɾɛ am ɲɛlɛɾasa ɟɔmkat̪ɛ ɔɽaʔɾɛ hiɟuʔa.
সেই সময় তোমরা রান্না খেয়ে কুয়ায় আসবে।,"At that time, you all eat the cooked food and then come to the well.",ɔkt̪ɛɾɛ apɛ basaŋ ɟɔmkat̪ɛ kuɲɾɛ hiɟuʔa.
"সে শিশু সাহায্য করবে, কিন্তু ডাক্তার সাহায্য করবে না।","He/she will help the child, but does not help the doctor.",uni d̪ɔ gid̪ɾɘ gɔɽɔa mɛnkʰan ɖak̚t̪aɾ bai̯ gɔɽɔa.
আজ তোমরা খাবার কিনে হ্রদে আসবে।,"Today, you all buy the food and then come to the lake.",t̪eheɲɾɛ apɛ ɟɔmaʔ kiɾiɲkat̪ɛ ɟɔlaɾɛ hiɟuʔa.
ইংল্যান্ডে একটি লাগাম আছে।,There is a bridle in the england.,bilətɾɛ bag menaa.
আজ আমরা ভাষা পড়ে নদীতে খেলব।,"Today, we study the language and then play in the river.",t̪eheɲɾɛ alɛ pɘɾsi paɽha͡o̯kat̪ɛ gaɖaɾɛ gat̪ea.
গতকাল তুমি খাবার খেয়ে গ্রামে খেলবে।,"Yesterday, you eat the food and then play in the village.",hɔlaɾɛ am ɟɔmaʔ ɟɔmkat̪ɛ at̪oɾɛ gat̪ea.
তারা বাধা দেখবে।,They will see the hindrance.,oŋko d̪ɔ badʰa ɲɛla.
আজ তোমরা খাবার কিনে কুয়ায় কাজ করবে।,"Today, you all buy the food and then work in the well.",t̪eheɲɾɛ apɛ ɟɔmaʔ kiɾiɲkat̪ɛ kuɲɾɛ kɘmia.
তোমাদের দুধ পরিষ্কার।,Your milk is clean.,apɛaʔ t̪o̯͡a d̪ɔ sapʰaa.
সেই সময় তারা ভাষা লিখে কুয়ায় খেলবে।,"At that time, they write the language and then play in the well.",ɔkt̪ɛɾɛ oŋko pɘɾsi ɔlɔʔkat̪ɛ kuɲɾɛ gat̪ea.
শহরে একটি মাথা ঘোরা আছে।,There is a vertigo in the town.,sɔhɔɽɾɛ bʰãoɾi menaa.
নদীতে একটি রান্না আছে।,There is a cooked food in the river.,gaɖaɾɛ basaŋ menaa.
বাসস্থানে একটি মাপদণ্ড আছে।,There is a rod in the residence.,basaɾɛ aɽəni ɖaŋ menaa.
আমার ছেলে ছোট।,My boy is small.,iɲaʔ bəbu d̪ɔ lɘʈua.
সকালে তুমি কথা পড়ে কুয়ায় যাবে।,"In the morning, you study the word and then go to the well.",sɛt̪aʔɾɛ am kat̪ʰa paɽha͡o̯kat̪ɛ kuɲɾɛ calaʔa.
সকালে সে মোবাইল ফোন কিনে শহরে খেলবে।,"In the morning, he/she buy the mobile phone and then play in the town.",sɛt̪aʔɾɛ uni mɔbaĭl pʰon kiɾiɲkat̪ɛ sɔhɔɽɾɛ gat̪ea.
সে বন্যা ও কষ্ট দেখবে।,He/she will see the flood and the distress.,uni d̪ɔ bəd aɾ alad͡ʒʰala ɲɛla.
সকালে তুমি ঔষধ কিনে হ্রদে আসবে।,"In the morning, you buy the medicine and then come to the lake.",sɛt̪aʔɾɛ am ɾan kiɾiɲkat̪ɛ ɟɔlaɾɛ hiɟuʔa.
তাদের খিঁচুনি গুরুত্বপূর্ণ।,Their convulsions is important.,oŋkoaʔ ḅahiɾ bəi̯ d̪ɔ ɟɘɾuɽa.
"তোমরা ঔষধ পাবে, কিন্তু খাবার পাবে না।","You all will get the medicine, but do not get the food.",apɛ d̪ɔ ɾan ɲama mɛnkʰan ɟɔmaʔ bapɛ ɲama.
ইংল্যান্ডে একটি বাঘ আছে।,There is a tiger in the england.,bilətɾɛ t̪ɘɾup̚ʔ menaa.
তোমরা ঔষধ কিনেছ।,You all have bought the medicine.,apɛ d̪ɔ ɾan kiɾiɲakada.
আজ আমরা দুধ পান করে বাড়িতে আসব।,"Today, we drink the milk and then come to the house.",t̪eheɲɾɛ alɛ t̪o̯͡a ɲukat̪ɛ ɔɽaʔɾɛ hiɟuʔa.
তুমি বন্ধকী দেখবে।,You will see the mortgage.,am d̪ɔ bəndki ɲɛla.
উঠানে একটি সাতভাই পাখি আছে।,There is a bengal babbler in the courtyard of house.,bəteɾɛ bʰoɳɖa menaa.
গ্রামে একটি মাটির জার আছে।,There is a round jar in the village.,at̪oɾɛ bəhni menaa.
গতকাল আমরা মোবাইল ফোন কিনে কুয়ায় যাব।,"Yesterday, we buy the mobile phone and then go to the well.",hɔlaɾɛ alɛ mɔbaĭl pʰon kiɾiɲkat̪ɛ kuɲɾɛ calaʔa.
আমাদের ঢাল নতুন।,Our declivity is new.,alɛaʔ anaɽgo d̪ɔ nɔwaa.
তাদের উৎসব ভালো।,Their festival is good.,oŋkoaʔ pɔɾɔb d̪ɔ mɔ̃ɟa.
"সে কথা বলবে, কিন্তু ভাষা বলবে না।","He/she will speak the word, but does not speak the language.",uni d̪ɔ kat̪ʰa ɾɔɽa mɛnkʰan pɘɾsi bai̯ ɾɔɽa.
তোমরা মাপদণ্ড দেখবে।,You all will see the rod.,apɛ d̪ɔ aɽəni ɖaŋ ɲɛla.
তোমাদের শিশু ভালো।,Your child is good.,apɛaʔ gid̪ɾɘ d̪ɔ mɔ̃ɟa.
সে শিশু সাহায্য করবে না।,He/she does not help the child.,uni d̪ɔ gid̪ɾɘ bai̯ gɔɽɔa.
তারা আসা-যাওয়া দেখবে।,They will see the coming & going.,oŋko d̪ɔ ana gona ɲɛla.
হ্রদে একটি উল আছে।,There is a wool in the lake.,ɟɔlaɾɛ bʰiɖi up̕ menaa.
"তারা ভাষা পড়বে, কিন্তু পাঠ পড়বে না।","They will study the language, but do not study the lesson.",oŋko d̪ɔ pɘɾsi paɽha͡o̯a mɛnkʰan sikʰnɘt̪ bako paɽha͡o̯a.
সকালে আমরা মাছ খেয়ে কুয়ায় কাজ করব।,"In the morning, we eat the fish and then work in the well.",sɛt̪aʔɾɛ alɛ haku ɟɔmkat̪ɛ kuɲɾɛ kɘmia.
সেই সময় আমরা মহাপ্লাবন দেখে বাড়িতে খেলব।,"At that time, we see the deluge and then play in the house.",ɔkt̪ɛɾɛ alɛ bajaban ɲɛlkat̪ɛ ɔɽaʔɾɛ gat̪ea.
আফিমটি নতুন।,The opium is new.,əpʰim d̪ɔ nɔwaa.
সকালে তুমি পানি পান করে কুয়ায় কাজ করবে।,"In the morning, you drink the water and then work in the well.",sɛt̪aʔɾɛ am d̪aʔ ɲukat̪ɛ kuɲɾɛ kɘmia.
আমি পোশাক দেখব না।,I do not see the apparel.,iɲ d̪ɔ ahɾan pahaɾand bɘɲ ɲɛla.
বন্দুকটি পরিষ্কার।,The gun is clean.,bənduk d̪ɔ sapʰaa.
গ্রামে একটি পরাজয় আছে।,There is a beating in the village.,at̪oɾɛ alao̯ menaa.
সকালে তারা ভাষা পড়ে হ্রদে যাবে।,"In the morning, they study the language and then go to the lake.",sɛt̪aʔɾɛ oŋko pɘɾsi paɽha͡o̯kat̪ɛ ɟɔlaɾɛ calaʔa.
আমাদের কাজ ভালো।,Our work is good.,alɛaʔ kɘmi d̪ɔ mɔ̃ɟa.
নির্বোধ ব্যক্তিটি পরিষ্কার।,The dunce is clean.,akoɾma d̪ɔ sapʰaa.
তোমার বাবা ভালো।,Your father is good.,amaʔ baba d̪ɔ mɔ̃ɟa.
তার বেদ পরিষ্কার।,His/her vedas is clean.,uniaʔ bed d̪ɔ sapʰaa.
আমার খাবার ভালো।,My food is good.,iɲaʔ ɟɔmaʔ d̪ɔ mɔ̃ɟa.
গুহাে একটি বেঞ্চ আছে।,There is a bench in the cave.,bʰugək̕ɾɛ beɲt͡ʃ menaa.
মজুরিটি নতুন।,The wages is new.,bən d̪ɔ nɔwaa.
আতশবাজিটি ভালো।,The fireworks is good.,bʰui̯t͡ʃampa d̪ɔ mɔ̃ɟa.
স্কুলে একটি শেষ আছে।,There is an end in the school.,iskulɾɛ əkʰiɾ menaa.
সে যন্ত্রপাতি দেখবে।,He/she will see the appliance.,uni d̪ɔ bandʰec̕ ɲɛla.
আমাদের মাছ পরিষ্কার।,Our fish is clean.,alɛaʔ haku d̪ɔ sapʰaa.
হ্রদে একটি দাদি আছে।,There is a grandmother in the lake.,ɟɔlaɾɛ əd͡ʒi menaa.
মাছের ছিটেফোঁটা সংগ্রহটি নতুন।,The gleanings of fish is new.,bəɾəu̯ɖʰa d̪ɔ nɔwaa.
তুমি পুঁজ দেখেছ।,You have seen the pus.,am d̪ɔ bele ɲɛlakada.
সে ঔষধ কিনেছিল।,He/she bought the medicine.,unii̯ ɾan kiɾiɲkeda.
উঠানে একটি পানি আছে।,There is a water in the courtyard of house.,bəteɾɛ d̪aʔ menaa.
সেই সময় আমি খাবার কিনে গ্রামে আসব।,"At that time, I buy the food and then come to the village.",ɔkt̪ɛɾɛ iɲ ɟɔmaʔ kiɾiɲkat̪ɛ at̪oɾɛ hiɟuʔa.
গতকাল সে কথা লিখে শহরে আসবে।,"Yesterday, he/she write the word and then come to the town.",hɔlaɾɛ uni kat̪ʰa ɔlɔʔkat̪ɛ sɔhɔɽɾɛ hiɟuʔa.
স্কুলে একটি বিড়াল আছে।,There is a cat in the school.,iskulɾɛ pusi menaa.
মাটি ভালো।,The mother is good.,gɔgɔ d̪ɔ mɔ̃ɟa.
বাসস্থানে একটি মাছ আছে।,There is a fish in the residence.,basaɾɛ haku menaa.
গতকাল সে ভাষা লিখে শহরে খেলবে।,"Yesterday, he/she write the language and then play in the town.",hɔlaɾɛ uni pɘɾsi ɔlɔʔkat̪ɛ sɔhɔɽɾɛ gat̪ea.
তোমাদের টাকা পরিষ্কার।,Your money is clean.,apɛaʔ ʈaka d̪ɔ sapʰaa.
আমি ঘড়ি ও মোবাইল ফোন কিনব।,I will buy the watch and the mobile phone.,iɲ d̪ɔ gʰuɽi aɾ mɔbaĭl pʰon kiɾiɲa.
"সে খাবার বিক্রি করবে, কিন্তু খাবার বিক্রি করবে না।","He/she will sell the food, but does not sell the food.",uni d̪ɔ ɟɔmaʔ ɘkʰɾiɲa mɛnkʰan ɟɔmaʔ bai̯ ɘkʰɾiɲa.
গতকাল আমরা উদ্বেগ দেখে হ্রদে খেলব।,"Yesterday, we see the anxiety and then play in the lake.",hɔlaɾɛ alɛ bʰabna ɲɛlkat̪ɛ ɟɔlaɾɛ gat̪ea.
তারা টাকা পাবে না।,They do not get the money.,oŋko d̪ɔ ʈaka bako ɲama.
তোমরা রান্না ও মধু খাবে।,You all will eat the cooked food and the honey.,apɛ d̪ɔ basaŋ aɾ ɲɛlɛɾasa ɟɔma.
গতকাল তোমরা মধু খেয়ে কুয়ায় খেলবে।,"Yesterday, you all eat the honey and then play in the well.",hɔlaɾɛ apɛ ɲɛlɛɾasa ɟɔmkat̪ɛ kuɲɾɛ gat̪ea.
সেই সময় তুমি খাবার কিনে কুয়ায় যাবে।,"At that time, you buy the food and then go to the well.",ɔkt̪ɛɾɛ am ɟɔmaʔ kiɾiɲkat̪ɛ kuɲɾɛ calaʔa.
গতকাল আমি ভাষা লিখে কুয়ায় আসব।,"Yesterday, I write the language and then come to the well.",hɔlaɾɛ iɲ pɘɾsi ɔlɔʔkat̪ɛ kuɲɾɛ hiɟuʔa.
তোমাদের হাত নতুন।,Your hand is new.,apɛaʔ t̪i d̪ɔ nɔwaa.
ভাড়াটি ভালো।,The fare is good.,bʰaɽa d̪ɔ mɔ̃ɟa.
মজুরিটি গুরুত্বপূর্ণ।,The wages is important.,bən d̪ɔ ɟɘɾuɽa.
"আমরা ঘড়ি কিনব, কিন্তু মোবাইল ফোন কিনব না।","We will buy the watch, but do not buy the mobile phone.",alɛ d̪ɔ gʰuɽi kiɾiɲa mɛnkʰan mɔbaĭl pʰon balɛ kiɾiɲa.
সন্ধ্যাটি পরিষ্কার।,The evening is clean.,əjup̕ d̪ɔ sapʰaa.
আমি গৃহপালিত পশু ও সন্ধ্যা দেখব।,I will see the domestic animal and the evening.,iɲ d̪ɔ ato posu aɾ əjup̕ ɲɛla.
কুয়ায় একটি কাজ আছে।,There is a work in the well.,kuɲɾɛ kɘmi menaa.
তারা বিশ দেখবে না।,They do not see the twenty.,oŋko d̪ɔ baɾ gɛl bako ɲɛla.
"তারা শিশু সাহায্য করবে, কিন্তু ডাক্তার সাহায্য করবে না।","They will help the child, but do not help the doctor.",oŋko d̪ɔ gid̪ɾɘ gɔɽɔa mɛnkʰan ɖak̚t̪aɾ bako gɔɽɔa.
নদীতে একটি জন্ম আছে।,There is a birth in the river.,gaɖaɾɛ biə̯n menaa.
হ্রদে একটি বিড়াল আছে।,There is a cat in the lake.,ɟɔlaɾɛ pusi menaa.
নদীতে একটি শেষ আছে।,There is an end in the river.,gaɖaɾɛ əkʰiɾ menaa.
তোমরা ফুল ও গরু ডাকার শব্দ দেখবে।,You all will see the flower and the cattle call.,apɛ d̪ɔ baha aɾ bihet̕ ɲɛla.
তাদের শিশু ছোট।,Their baby is small.,oŋkoaʔ bale d̪ɔ lɘʈua.
বিস্তীর্ণ ভূমিে একটি উত্তরাধিকারী আছে।,There is a heir in the wide expanse of land.,bilənɾɛ awəsi menaa.
তাদের স্বাস্থ্য গুরুত্বপূর্ণ।,Their health is important.,oŋkoaʔ bega d͡ʒudə d̪ɔ ɟɘɾuɽa.
"তুমি ভাষা লিখবে, কিন্তু ভাষা লিখবে না।","You will write the language, but do not write the language.",am d̪ɔ pɘɾsi ɔlɔʔa mɛnkʰan pɘɾsi bam ɔlɔʔa.
আজ তুমি উত্তরাধিকার দেখে শহরে কাজ করবে।,"Today, you see the inheritance and then work in the town.",t̪eheɲɾɛ am əi̯dəɾi ɲɛlkat̪ɛ sɔhɔɽɾɛ kɘmia.
"আমরা টাকা পাব, কিন্তু টাকা পাব না।","We will get the money, but do not get the money.",alɛ d̪ɔ ʈaka ɲama mɛnkʰan ʈaka balɛ ɲama.
সকালে আমরা রান্না খেয়ে কুয়ায় খেলব।,"In the morning, we eat the cooked food and then play in the well.",sɛt̪aʔɾɛ alɛ basaŋ ɟɔmkat̪ɛ kuɲɾɛ gat̪ea.
আজ তোমরা মাছ খেয়ে স্কুলে কাজ করবে।,"Today, you all eat the fish and then work in the school.",t̪eheɲɾɛ apɛ haku ɟɔmkat̪ɛ iskulɾɛ kɘmia.
আমরা রান্না খেয়েছি।,We have eaten the cooked food.,alɛ d̪ɔ basaŋ ɟɔmakada.
তোমাদের রান্না ভালো।,Your cooked food is good.,apɛaʔ basaŋ d̪ɔ mɔ̃ɟa.
স্কুলে একটি অভিযোগকারী আছে।,There is an accuser in the school.,iskulɾɛ bədi menaa.
আজ তুমি মধু খেয়ে স্কুলে আসবে।,"Today, you eat the honey and then come to the school.",t̪eheɲɾɛ am ɲɛlɛɾasa ɟɔmkat̪ɛ iskulɾɛ hiɟuʔa.
উঠানে একটি দুধ আছে।,There is a milk in the courtyard of house.,bəteɾɛ t̪o̯͡a menaa.
অবশিষ্টটি ভালো।,The residue is good.,bəɖɾə d̪ɔ mɔ̃ɟa.
কুয়ায় একটি হাত আছে।,There is a hand in the well.,kuɲɾɛ t̪i menaa.
আমাদের রান্না ভালো।,Our cooked food is good.,alɛaʔ basaŋ d̪ɔ mɔ̃ɟa.
তাদের নিষেধাত্মক উপসর্গ ভালো।,Their privative prefix is good.,oŋkoaʔ an d̪ɔ mɔ̃ɟa.
আমার মাছ সুস্বাদু।,My fish is tasty.,iɲaʔ haku d̪ɔ sibila.
হ্রদে একটি বাঁধ আছে।,There is an embankment in the lake.,ɟɔlaɾɛ band menaa.
গ্রামে একটি তরকারি আছে।,There is a vegetables in the village.,at̪oɾɛ aɽak̕ sakam menaa.
একটি খাবার স্কুলে আছে।,One food is in the school.,mit̪ʔ ɟɔmaʔ d̪ɔ iskulɾɛ menaa.
বাড়িতে একটি বাঘ আছে।,There is a tiger in the house.,ɔɽaʔɾɛ t̪ɘɾup̚ʔ menaa.
তারা মাছ বিক্রি করেছে।,They have sold the fish.,oŋko d̪ɔ haku ɘkʰɾiɲakada.
সকালে আমরা ভাষা লিখে কুয়ায় যাব।,"In the morning, we write the language and then go to the well.",sɛt̪aʔɾɛ alɛ pɘɾsi ɔlɔʔkat̪ɛ kuɲɾɛ calaʔa.
তোমাদের পা গুরুত্বপূর্ণ।,Your leg is important.,apɛaʔ ɟaŋga d̪ɔ ɟɘɾuɽa.
আমি মাছ কিনব না।,I do not buy the fish.,iɲ d̪ɔ haku bɘɲ kiɾiɲa.
"সে মাছ বিক্রি করবে, কিন্তু মাছ বিক্রি করবে না।","He/she will sell the fish, but does not sell the fish.",uni d̪ɔ haku ɘkʰɾiɲa mɛnkʰan haku bai̯ ɘkʰɾiɲa.
"তোমরা মা সাহায্য করবে, কিন্তু বাবা সাহায্য করবে না।","You all will help the mother, but do not help the father.",apɛ d̪ɔ gɔgɔ gɔɽɔa mɛnkʰan baba bapɛ gɔɽɔa.
হরিণটি ছোট।,The buck is small.,badaɾ d̪ɔ lɘʈua.
আমি সাহায্য করছি।,I am helping.,iɲiɲ gɔɽɔɛd̪a.
সকালে আমরা পাঠ পড়ে নদীতে কাজ করব।,"In the morning, we study the lesson and then work in the river.",sɛt̪aʔɾɛ alɛ sikʰnɘt̪ paɽha͡o̯kat̪ɛ gaɖaɾɛ kɘmia.
গতকাল তুমি খাবার খেয়ে শহরে খেলবে।,"Yesterday, you eat the food and then play in the town.",hɔlaɾɛ am ɟɔmaʔ ɟɔmkat̪ɛ sɔhɔɽɾɛ gat̪ea.
আজ সে মাছ কিনে বাড়িতে খেলবে।,"Today, he/she buy the fish and then play in the house.",t̪eheɲɾɛ uni haku kiɾiɲkat̪ɛ ɔɽaʔɾɛ gat̪ea.
তাদের মাছের ছিটেফোঁটা সংগ্রহ ভালো।,Their gleanings of fish is good.,oŋkoaʔ bəɾəu̯ɖʰa d̪ɔ mɔ̃ɟa.
পরাজয়টি পরিষ্কার।,The beating is clean.,alao̯ d̪ɔ sapʰaa.
গ্রামে একটি জেলে আছে।,There is a fisherman in the village.,at̪oɾɛ ɟɘliɘ menaa.
আজ সে মধু খেয়ে স্কুলে যাবে।,"Today, he/she eat the honey and then go to the school.",t̪eheɲɾɛ uni ɲɛlɛɾasa ɟɔmkat̪ɛ iskulɾɛ calaʔa.
অহংকারটি ভালো।,The pride is good.,adɔɾ d̪ɔ mɔ̃ɟa.
উঠানে একটি ফোঁপানি আছে।,There is a blubbering in the courtyard of house.,bəteɾɛ beɲ menaa.
সকালে আমি কাপ দেখে স্কুলে আসব।,"In the morning, I see the cup and then come to the school.",sɛt̪aʔɾɛ iɲ basna ɲɛlkat̪ɛ iskulɾɛ hiɟuʔa.
আজ তোমরা পানি পান করে হ্রদে আসবে।,"Today, you all drink the water and then come to the lake.",t̪eheɲɾɛ apɛ d̪aʔ ɲukat̪ɛ ɟɔlaɾɛ hiɟuʔa.
"তারা ডাক্তার সাহায্য করবে, কিন্তু ডাক্তার সাহায্য করবে না।","They will help the doctor, but do not help the doctor.",oŋko d̪ɔ ɖak̚t̪aɾ gɔɽɔa mɛnkʰan ɖak̚t̪aɾ bako gɔɽɔa.
আমাদের দাদি নতুন।,Our grandmother is new.,alɛaʔ əd͡ʒi d̪ɔ nɔwaa.
সন্ধ্যাকালটি পরিষ্কার।,The eventide is clean.,əjup̕ pajaɾ d̪ɔ sapʰaa.
আমরা অবিচার দেখব না।,We do not see the injustice.,alɛ d̪ɔ aneã̯o balɛ ɲɛla.
আজ সে পরজীবী উদ্ভিদ দেখে নদীতে খেলবে।,"Today, he/she see the parasitic plant and then play in the river.",t̪eheɲɾɛ uni alagd͡ʒəɽi ɲɛlkat̪ɛ gaɖaɾɛ gat̪ea.
সেই সময় তুমি দুধ পান করে শহরে আসবে।,"At that time, you drink the milk and then come to the town.",ɔkt̪ɛɾɛ am t̪o̯͡a ɲukat̪ɛ sɔhɔɽɾɛ hiɟuʔa.
গুহাে একটি বেল্টের ক্ল্যাপ আছে।,There is a belt clasp in the cave.,bʰugək̕ɾɛ bəkuk̕ menaa.
তোমার আফিম নতুন।,Your opium is new.,amaʔ əpʰim d̪ɔ nɔwaa.
তার বট গাছ ভালো।,His/her banyan tree is good.,uniaʔ baɽe d̪ɔ mɔ̃ɟa.
তার দেবতা গুরুত্বপূর্ণ।,His/her deity is important.,uniaʔ bʰokta d̪ɔ ɟɘɾuɽa.
পানিটি ভালো।,The water is good.,d̪aʔ d̪ɔ mɔ̃ɟa.
নিকটবর্তী এলাকাে একটি অজ্ঞতা আছে।,There is an ignorance in the vicinity.,aɖe ʈolaɾɛ bʰut͡ʃ menaa.
আজ তোমরা কথা লিখে হ্রদে কাজ করবে।,"Today, you all write the word and then work in the lake.",t̪eheɲɾɛ apɛ kat̪ʰa ɔlɔʔkat̪ɛ ɟɔlaɾɛ kɘmia.
তাদের বাধা গুরুত্বপূর্ণ।,Their hindrance is important.,oŋkoaʔ badʰa d̪ɔ ɟɘɾuɽa.
তোমাদের চাষাবাদ পরিষ্কার।,Your cultivation is clean.,apɛaʔ abad d̪ɔ sapʰaa.
নিকটবর্তী এলাকাে একটি বাড়ি আছে।,There is a house in the vicinity.,aɖe ʈolaɾɛ ɔɽaʔ menaa.
"তারা ভাষা বলবে, কিন্তু ভাষা বলবে না।","They will speak the language, but do not speak the language.",oŋko d̪ɔ pɘɾsi ɾɔɽa mɛnkʰan pɘɾsi bako ɾɔɽa.
সেই সময় আমরা শব্দ দেখে স্কুলে খেলব।,"At that time, we see the noise and then play in the school.",ɔkt̪ɛɾɛ alɛ awad͡ʒ ɲɛlkat̪ɛ iskulɾɛ gat̪ea.
আমাদের ভাই ভালো।,Our brother is good.,alɛaʔ bɔ͡i̯ha d̪ɔ mɔ̃ɟa.
আজ তারা ঘড়ি কিনে শহরে খেলবে।,"Today, they buy the watch and then play in the town.",t̪eheɲɾɛ oŋko gʰuɽi kiɾiɲkat̪ɛ sɔhɔɽɾɛ gat̪ea.
ঘামটি নতুন।,The perspiration is new.,balbal d̪ɔ nɔwaa.
তাদের পা নতুন।,Their leg is new.,oŋkoaʔ ɟaŋga d̪ɔ nɔwaa.
"সে সময়কাল দেখবে, কিন্তু ব্যান্ডেজ দেখবে না।","He/she will see the period, but does not see the bandger.",uni d̪ɔ ãʈɾe ɲɛla mɛnkʰan bədʰi bai̯ ɲɛla.
হ্রদে একটি প্রকার আছে।,There is a kinds in the lake.,ɟɔlaɾɛ bʰə̃t menaa.
উঠানে একটি ছোট কুঠার আছে।,There is a small adze in the courtyard of house.,bəteɾɛ bəslə menaa.
বাসস্থানে একটি ওয়ারেন্ট আছে।,There is a warrant in the dwelling place.,basɾɛ aɾoɳʈ menaa.
সে কষ্ট দেখবে না।,He/she does not see the suffering.,uni d̪ɔ bidot bai̯ ɲɛla.
একটি বাবা হ্রদে আছে।,One father is in the lake.,mit̪ʔʈɛn baba d̪ɔ ɟɔlaɾɛ menaa.
সকালে সে পাঠ পড়ে নদীতে কাজ করবে।,"In the morning, he/she study the lesson and then work in the river.",sɛt̪aʔɾɛ uni sikʰnɘt̪ paɽha͡o̯kat̪ɛ gaɖaɾɛ kɘmia.
তোমার ভাষা নতুন।,Your language is new.,amaʔ pɘɾsi d̪ɔ nɔwaa.
তার গুজব পরিষ্কার।,His/her rumour is clean.,uniaʔ bʰakaɾa d̪ɔ sapʰaa.
"আমরা মোবাইল ফোন কিনব, কিন্তু মোবাইল ফোন কিনব না।","We will buy the mobile phone, but do not buy the mobile phone.",alɛ d̪ɔ mɔbaĭl pʰon kiɾiɲa mɛnkʰan mɔbaĭl pʰon balɛ kiɾiɲa.
তোমাদের সন্ধ্যা পরিষ্কার।,Your evening is clean.,apɛaʔ əjup̕ d̪ɔ sapʰaa.
একটি জেলে স্কুলে আছে।,One fisherman is in the school.,mit̪ʔʈɛn ɟɘliɘ d̪ɔ iskulɾɛ menaa.
নিকটবর্তী এলাকাটি নতুন।,The vicinity is new.,aɖe ʈola d̪ɔ nɔwaa.
স্কুলে একটি কাজ আছে।,There is a work in the school.,iskulɾɛ kɘmi menaa.
গতকাল তুমি বন্য শুকর দেখে স্কুলে কাজ করবে।,"Yesterday, you see the boar and then work in the school.",hɔlaɾɛ am bʰatoɽ ɲɛlkat̪ɛ iskulɾɛ kɘmia.
আমার শহর ভালো।,My town is good.,iɲaʔ sɔhɔɽ d̪ɔ mɔ̃ɟa.
আমাদের চুল্লি ভালো।,Our furnace is good.,alɛaʔ bʰaʈa d̪ɔ mɔ̃ɟa.
তুমি বিঘত দেখবে না।,You do not see the span.,am d̪ɔ beɽ bam ɲɛla.
নিকটবর্তী এলাকাটি পরিষ্কার।,The vicinity is clean.,aɖe ʈola d̪ɔ sapʰaa.
তোমরা মধু দেখেছ।,You all have seen the honey.,apɛ d̪ɔ ɲɛlɛɾasa ɲɛlakada.
সেই সময় তারা বেল্টের ক্ল্যাপ দেখে গ্রামে যাবে।,"At that time, they see the belt clasp and then go to the village.",ɔkt̪ɛɾɛ oŋko bəkuk̕ ɲɛlkat̪ɛ at̪oɾɛ calaʔa.
উঠানে একটি পৈতৃক সম্পত্তি আছে।,There is a patrimony in the courtyard of house.,bəteɾɛ bapɔɾi dʰɔn menaa.
হ্রদে একটি মাফ (হাতঢাকা) আছে।,There is a muff in the lake.,ɟɔlaɾɛ bembʰa menaa.
তুমি বিদ্যুৎ দেখেছ।,You have seen the lightning.,am d̪ɔ bid͡ʒli ɲɛlakada.
বাদ পড়াটি নতুন।,The omission is new.,bʰul t͡ʃuk d̪ɔ nɔwaa.
"আমি পুঁজ দেখব, কিন্তু পোশাক দেখব না।","I will see the pus, but do not see the apparel.",iɲ d̪ɔ bele ɲɛla mɛnkʰan ahɾan pahaɾand bɘɲ ɲɛla.
তারা খাবার ও মাছ কিনবে।,They will buy the food and the fish.,oŋko d̪ɔ ɟɔmaʔ aɾ haku kiɾiɲa.
শব্দটি নতুন।,The noise is new.,awad͡ʒ d̪ɔ nɔwaa.
তারা ভাষা ও শ্রমিক দেখবে।,They will see the language and the navvy.,oŋko d̪ɔ bʰaka aɾ beldaɾ ɲɛla.
আজ সে পাঠ পড়ে বাড়িতে খেলবে।,"Today, he/she study the lesson and then play in the house.",t̪eheɲɾɛ uni sikʰnɘt̪ paɽha͡o̯kat̪ɛ ɔɽaʔɾɛ gat̪ea.
অগ্রিম টাকাটি গুরুত্বপূর্ণ।,The advance is important.,bae̯na d̪ɔ ɟɘɾuɽa.
আমি খাবার ও মধু খাব।,I will eat the food and the honey.,iɲ d̪ɔ ɟɔmaʔ aɾ ɲɛlɛɾasa ɟɔma.
গৃহপালিত পশুটি ছোট।,The domestic animal is small.,ato posu d̪ɔ lɘʈua.
গতকাল আমরা খাবার কিনে শহরে খেলব।,"Yesterday, we buy the food and then play in the town.",hɔlaɾɛ alɛ ɟɔmaʔ kiɾiɲkat̪ɛ sɔhɔɽɾɛ gat̪ea.
লাভটি ভালো।,The profit is good.,baɾpʰəi̯ d̪ɔ mɔ̃ɟa.
"তারা খাবার পাবে, কিন্তু ছবি পাবে না।","They will get the food, but do not get the photo.",oŋko d̪ɔ ɟɔmaʔ ɲama mɛnkʰan pʰɔʈɔ bako ɲama.
ইংল্যান্ডে একটি ট্যাংক আছে।,There is a tank in the england.,bilətɾɛ abʰɾa menaa.
তুমি ভ্রাতৃত্ব অনুষ্ঠান ও ধনুক দেখবে।,You will see the brotherhood ceremony and the bow.,am d̪ɔ bã̠ihə̃ aɾ ak̕ ɲɛla.
সকালে তারা ভাষা লিখে গ্রামে খেলবে।,"In the morning, they write the language and then play in the village.",sɛt̪aʔɾɛ oŋko pɘɾsi ɔlɔʔkat̪ɛ at̪oɾɛ gat̪ea.
ওয়ারেন্টটি গুরুত্বপূর্ণ।,The warrant is important.,aɾoɳʈ d̪ɔ ɟɘɾuɽa.
কুয়ায় একটি দম্ভ আছে।,There is a boasting in the well.,kuɲɾɛ bakʰaɾa menaa.
আমাদের মধু সুস্বাদু।,Our honey is tasty.,alɛaʔ ɲɛlɛɾasa d̪ɔ sibila.
তোমরা ধানের খেত দেখেছ।,You all have seen the rice field.,apɛ d̪ɔ baɽge ɲɛlakada.
আমার আদালত নতুন।,My court is new.,iɲaʔ adalot d̪ɔ nɔwaa.
স্কুলে একটি বিনিময় আছে।,There is an exchange in the school.,iskulɾɛ badla menaa.
সে মোবাইল ফোন কিনবে না।,He/she does not buy the mobile phone.,uni d̪ɔ mɔbaĭl pʰon bai̯ kiɾiɲa.
আমাদের কথা ভালো।,Our word is good.,alɛaʔ kat̪ʰa d̪ɔ mɔ̃ɟa.
আড়ালে একটি বিশ আছে।,There is a twenty in the covert.,ao̯tanɾɛ baɾ gɛl menaa.
তারা বন্ধকী দেখেছিল।,They saw the mortgage.,oŋkoko bəndki ɲɛlkeda.
তুমি মজুরি ও উদ্বেগ দেখবে।,You will see the wages and the anxiety.,am d̪ɔ bən aɾ bʰabna ɲɛla.
গতকাল আমরা কথা লিখে নদীতে খেলব।,"Yesterday, we write the word and then play in the river.",hɔlaɾɛ alɛ kat̪ʰa ɔlɔʔkat̪ɛ gaɖaɾɛ gat̪ea.
সকালে তোমরা কথা লিখে নদীতে যাবে।,"In the morning, you all write the word and then go to the river.",sɛt̪aʔɾɛ apɛ kat̪ʰa ɔlɔʔkat̪ɛ gaɖaɾɛ calaʔa.
সকালে আমরা কথা লিখে শহরে যাব।,"In the morning, we write the word and then go to the town.",sɛt̪aʔɾɛ alɛ kat̪ʰa ɔlɔʔkat̪ɛ sɔhɔɽɾɛ calaʔa.
তোমাদের অবশিষ্ট নতুন।,Your residue is new.,apɛaʔ bəɖɾə d̪ɔ nɔwaa.
গতকাল তোমরা মাছ খেয়ে গ্রামে আসবে।,"Yesterday, you all eat the fish and then come to the village.",hɔlaɾɛ apɛ haku ɟɔmkat̪ɛ at̪oɾɛ hiɟuʔa.
তোমরা বন্যা দেখবে না।,You all do not see the flood.,apɛ d̪ɔ bəd bapɛ ɲɛla.
আমি মধু ও রান্না খাব।,I will eat the honey and the cooked food.,iɲ d̪ɔ ɲɛlɛɾasa aɾ basaŋ ɟɔma.
সকালে আমি কথা পড়ে বাড়িতে আসব।,"In the morning, I study the word and then come to the house.",sɛt̪aʔɾɛ iɲ kat̪ʰa paɽha͡o̯kat̪ɛ ɔɽaʔɾɛ hiɟuʔa.
বেত গাছটি পরিষ্কার।,The rattan is clean.,bɛ̃t d̪ɔ sapʰaa.
লজ্জাটি গুরুত্বপূর্ণ।,The shame is important.,bʰɔɾɔm d̪ɔ ɟɘɾuɽa.
তোমরা কণ্ঠস্বর দেখবে।,You all will see the voice.,apɛ d̪ɔ aɽaŋ ɲɛla.
উঠানে একটি বন্ধকী আছে।,There is a mortgage in the courtyard of house.,bəteɾɛ bəndki menaa.
সে কষ্ট দেখবে না।,He/she does not see the distress.,uni d̪ɔ alad͡ʒʰala bai̯ ɲɛla.
হ্রদে একটি আমড়া (ফল) আছে।,There is a hog plum in the lake.,ɟɔlaɾɛ bədʰiə̯ menaa.
আমাদের সন্ধ্যাকাল গুরুত্বপূর্ণ।,Our eventide is important.,alɛaʔ əjup̕ pajaɾ d̪ɔ ɟɘɾuɽa.
শিকারটি গুরুত্বপূর্ণ।,The prey is important.,aheɾ d̪ɔ ɟɘɾuɽa.
তার পূর্বপুরুষ গুরুত্বপূর্ণ।,His/her patriarch is important.,uniaʔ əgil hapɽam d̪ɔ ɟɘɾuɽa.
তোমাদের সময় পরিষ্কার।,Your time is clean.,apɛaʔ ɔkt̪ɛ d̪ɔ sapʰaa.
আমাদের আখড়া নতুন।,Our gathering is new.,alɛaʔ akʰɾa d̪ɔ nɔwaa.
রাখালটি গুরুত্বপূর্ণ।,The shepherd is important.,bʰiɖi gupitic̕ d̪ɔ ɟɘɾuɽa.
আজ তারা খাবারের অবশিষ্ট দেখে শহরে কাজ করবে।,"Today, they see the leftover food and then work in the town.",t̪eheɲɾɛ oŋko əi̯ʈʰə ɲɛlkat̪ɛ sɔhɔɽɾɛ kɘmia.
আড়ালে একটি মাটির জার আছে।,There is a round jar in the covert.,ao̯tanɾɛ bəhni menaa.
তারা লাগাম দেখেছে।,They have seen the bridle.,oŋko d̪ɔ bag ɲɛlakada.
তোমরা গুজব রটনাকারী দেখবে।,You all will see the bearer of tales.,apɛ d̪ɔ bad͡ʒʰəni ɲɛla.
পাড়াে একটি পবিত্র সিন্দুক আছে।,There is an ark of the covenant in the neighbourhood.,aɖe paseɾɛ ən sunduk menaa.
আজ তুমি ঔষধ দেখে হ্রদে খেলবে।,"Today, you see the medicine and then play in the lake.",t̪eheɲɾɛ am ɾan ɲɛlkat̪ɛ ɟɔlaɾɛ gat̪ea.
তারা আত্মা দেখেছিল।,They saw the soul.,oŋkoko atma ɲɛlkeda.
পরজীবী উদ্ভিদটি গুরুত্বপূর্ণ।,The parasitic plant is important.,alagd͡ʒəɽi d̪ɔ ɟɘɾuɽa.
স্কুলে একটি তুলার গাছ আছে।,There is a cotton plant in the school.,iskulɾɛ bʰoga kaskɔm menaa.
তোমাদের পরিষদ ভালো।,Your council is good.,apɛaʔ bəi̯si d̪ɔ mɔ̃ɟa.
পাড়াে একটি খিঁচুনি আছে।,There is a convulsions in the neighbourhood.,aɖe paseɾɛ ḅahiɾ bəi̯ menaa.
তারা কাপ দেখবে না।,They do not see the cup.,oŋko d̪ɔ basna bako ɲɛla.
তোমরা বনরুই দেখেছিলে।,You all saw the ant-eater.,apɛpɛ aɾba ɲɛlkeda.
বাড়িতে একটি বন্ধুত্ব আছে।,There is a friendship in the house.,ɔɽaʔɾɛ bʰab menaa.
গতকাল তোমরা কথা পড়ে বাড়িতে আসবে।,"Yesterday, you all study the word and then come to the house.",hɔlaɾɛ apɛ kat̪ʰa paɽha͡o̯kat̪ɛ ɔɽaʔɾɛ hiɟuʔa.
আমাদের মাছ সুস্বাদু।,Our fish is tasty.,alɛaʔ haku d̪ɔ sibila.
গতকাল সে ভাষা পড়ে কুয়ায় কাজ করবে।,"Yesterday, he/she study the language and then work in the well.",hɔlaɾɛ uni pɘɾsi paɽha͡o̯kat̪ɛ kuɲɾɛ kɘmia.
তোমরা অনুরোধ ও দাদি দেখবে।,You all will see the request and the grandmother.,apɛ d̪ɔ aɾd͡ʒa əɾd͡ʒi aɾ əd͡ʒi ɲɛla.
গ্রামে একটি আতশবাজি আছে।,There is a fireworks in the village.,at̪oɾɛ bʰui̯t͡ʃampa menaa.
তারা দাদা দেখেছিল।,They saw the grandfather.,oŋkoko ad͡ʒa ɲɛlkeda.
সে বেঁকানো যন্ত্র ও বধিরতা দেখবে।,He/she will see the brace for boring and the deafness.,uni d̪ɔ bʰãoɾa aɾ bəhiɾ bəi̯ ɲɛla.
চুল্লিটি গুরুত্বপূর্ণ।,The furnace is important.,bʰaʈa d̪ɔ ɟɘɾuɽa.
আমি পরজীবী উদ্ভিদ ও পাত্র দেখব।,I will see the parasitic plant and the receptacle.,iɲ d̪ɔ alagd͡ʒəɽi aɾ anataŋ ɲɛla.
তোমার উৎসব ভালো।,Your festival is good.,amaʔ pɔɾɔb d̪ɔ mɔ̃ɟa.
সে অভাব ও টাকা দেখবে।,He/she will see the dearth and the money.,uni d̪ɔ akal aɾ ʈaka ɲɛla.
আমাদের বাদ্যযন্ত্র ভালো।,Our musical instrument is good.,alɛaʔ bad͡ʒa d̪ɔ mɔ̃ɟa.
মাথা ঘোরাটি গুরুত্বপূর্ণ।,The vertigo is important.,bʰãoɾi d̪ɔ ɟɘɾuɽa.
উঠানে একটি বাঘ আছে।,There is a tiger in the courtyard of house.,bəteɾɛ t̪ɘɾup̚ʔ menaa.
তারা চুক্তি দেখবে।,They will see the contract.,oŋko d̪ɔ bandʰɔn ɲɛla.
তোমরা ভুল ও উল দেখবে।,You all will see the blunder and the wool.,apɛ d̪ɔ bʰul aɾ bʰiɖi up̕ ɲɛla.
আমাদের জেলে আনন্দের।,Our fisherman is happy.,alɛaʔ ɟɘliɘ d̪ɔ ɾɘskɘa.
বিস্তীর্ণ ভূমিে একটি শিখা আছে।,There is a flame in the wide expanse of land.,bilənɾɛ ãt͡ʃ menaa.
বিড়ালটি ছোট।,The cat is small.,pusi d̪ɔ lɘʈua.
যন্ত্রপাতিটি গুরুত্বপূর্ণ।,The appliance is important.,bandʰec̕ d̪ɔ ɟɘɾuɽa.
হাতটি নতুন।,The hand is new.,t̪i d̪ɔ nɔwaa.
বিস্তীর্ণ ভূমিে একটি অন্ধ ভয় আছে।,There is a superstitious fear in the wide expanse of land.,bilənɾɛ bʰae̯ menaa.
শহরে একটি মাছ আছে।,There is a fish in the town.,sɔhɔɽɾɛ haku menaa.
সেই সময় তোমরা কথা লিখে হ্রদে যাবে।,"At that time, you all write the word and then go to the lake.",ɔkt̪ɛɾɛ apɛ kat̪ʰa ɔlɔʔkat̪ɛ ɟɔlaɾɛ calaʔa.
আড়ালে একটি ছবি আছে।,There is a photo in the covert.,ao̯tanɾɛ pʰɔʈɔ menaa.
বাজারটি গুরুত্বপূর্ণ।,The bazaar is important.,bad͡ʒaɾ d̪ɔ ɟɘɾuɽa.
পশুর স্তনটি পরিষ্কার।,The udder is clean.,əɳɖwəɾ d̪ɔ sapʰaa.
আমরা ঔষধ কিনব।,We will buy the medicine.,alɛ d̪ɔ ɾan kiɾiɲa.
নিকটবর্তী এলাকাে একটি প্রাচুর্য আছে।,There is an abundance in the vicinity.,aɖe ʈolaɾɛ at͡ʃel pat͡ʃel menaa.
গুহাে একটি মধু আছে।,There is a honey in the cave.,bʰugək̕ɾɛ ɲɛlɛɾasa menaa.
"সে হাত দেখবে, কিন্তু চাষাবাদ দেখবে না।","He/she will see the hand, but does not see the cultivation.",uni d̪ɔ t̪i ɲɛla mɛnkʰan abad bai̯ ɲɛla.
তোমাদের অজ্ঞতা নতুন।,Your ignorance is new.,apɛaʔ bʰut͡ʃ d̪ɔ nɔwaa.
তাদের পাঠ ভালো।,Their lesson is good.,oŋkoaʔ sikʰnɘt̪ d̪ɔ mɔ̃ɟa.
তারা মাছ ও খাবার খাবে।,They will eat the fish and the food.,oŋko d̪ɔ haku aɾ ɟɔmaʔ ɟɔma.
বালিয়া সারস পাখিটি ভালো।,The sand martin is good.,bʰəluə̯ d̪ɔ mɔ̃ɟa.
তাদের অগ্রিম টাকা গুরুত্বপূর্ণ।,Their advance is important.,oŋkoaʔ bae̯na d̪ɔ ɟɘɾuɽa.
তারা বাবা সাহায্য করেছে।,They have helped the father.,oŋko d̪ɔ baba gɔɽɔakada.
তুমি মধু ও রান্না খাবে।,You will eat the honey and the cooked food.,am d̪ɔ ɲɛlɛɾasa aɾ basaŋ ɟɔma.
সেই সময় সে পাঠ পড়ে শহরে খেলবে।,"At that time, he/she study the lesson and then play in the town.",ɔkt̪ɛɾɛ uni sikʰnɘt̪ paɽha͡o̯kat̪ɛ sɔhɔɽɾɛ gat̪ea.
সকালে সে পাঠ পড়ে স্কুলে খেলবে।,"In the morning, he/she study the lesson and then play in the school.",sɛt̪aʔɾɛ uni sikʰnɘt̪ paɽha͡o̯kat̪ɛ iskulɾɛ gat̪ea.
সকালে তোমরা কথা লিখে গ্রামে আসবে।,"In the morning, you all write the word and then come to the village.",sɛt̪aʔɾɛ apɛ kat̪ʰa ɔlɔʔkat̪ɛ at̪oɾɛ hiɟuʔa.
তুমি রান্না খেয়েছিলে।,You ate the cooked food.,amɛm basaŋ ɟɔmkeda.
তাদের মোবাইল ফোন গুরুত্বপূর্ণ।,Their mobile phone is important.,oŋkoaʔ mɔbaĭl pʰon d̪ɔ ɟɘɾuɽa.
কাজটি পরিষ্কার।,The work is clean.,kɘmi d̪ɔ sapʰaa.
"সে খাবার পাবে, কিন্তু টাকা পাবে না।","He/she will get the food, but does not get the money.",uni d̪ɔ ɟɔmaʔ ɲama mɛnkʰan ʈaka bai̯ ɲama.
সকালে সে কথা লিখে কুয়ায় খেলবে।,"In the morning, he/she write the word and then play in the well.",sɛt̪aʔɾɛ uni kat̪ʰa ɔlɔʔkat̪ɛ kuɲɾɛ gat̪ea.
"তারা ডুমুর গাছের এক প্রজাতি দেখবে, কিন্তু প্রাচুর্য দেখবে না।","They will see the fig tree, but do not see the abundance.",oŋko d̪ɔ əɲd͡ʒiɾ ɲɛla mɛnkʰan at͡ʃel pat͡ʃel bako ɲɛla.
আজ সে কথা পড়ে গ্রামে যাবে।,"Today, he/she study the word and then go to the village.",t̪eheɲɾɛ uni kat̪ʰa paɽha͡o̯kat̪ɛ at̪oɾɛ calaʔa.
আমাদের মানুষ ভালো।,Our person is good.,alɛaʔ hɔɽ d̪ɔ mɔ̃ɟa.
তোমরা ঘড়ি কিনবে।,You all will buy the watch.,apɛ d̪ɔ gʰuɽi kiɾiɲa.
আমাদের জোয়াল গুরুত্বপূর্ণ।,Our yoke is important.,alɛaʔ aɾãɽ d̪ɔ ɟɘɾuɽa.
তোমার স্কুল নতুন।,Your school is new.,amaʔ iskul d̪ɔ nɔwaa.
"সে বেগুন দেখবে, কিন্তু গহনা দেখবে না।","He/she will see the brinjal, but does not see the jewelry.",uni d̪ɔ beŋgaɾ ɲɛla mɛnkʰan abʰɾan bai̯ ɲɛla.
সেই সময় সে পানি দেখে নদীতে খেলবে।,"At that time, he/she see the water and then play in the river.",ɔkt̪ɛɾɛ uni d̪aʔ ɲɛlkat̪ɛ gaɖaɾɛ gat̪ea.
তাদের পা পরিষ্কার।,Their foot is clean.,oŋkoaʔ kaʈa d̪ɔ sapʰaa.
বিস্তীর্ণ ভূমিে একটি বাড়ি আছে।,There is a house in the wide expanse of land.,bilənɾɛ ɔɽaʔ menaa.
হ্রদে একটি চালের মদ আছে।,There is a liquor made from rice in the lake.,ɟɔlaɾɛ əɾikə menaa.
গুহাে একটি মাটির জার আছে।,There is a round jar in the cave.,bʰugək̕ɾɛ bəhni menaa.
আমরা মাছ খাব না।,We do not eat the fish.,alɛ d̪ɔ haku balɛ ɟɔma.
আমার পাঠ নতুন।,My lesson is new.,iɲaʔ sikʰnɘt̪ d̪ɔ nɔwaa.
স্কুলটি পরিষ্কার।,The school is clean.,iskul d̪ɔ sapʰaa.
আড়ালে একটি শত্রু আছে।,There is an enemy in the covert.,ao̯tanɾɛ bəi̯ɾi menaa.
নারীটি গুরুত্বপূর্ণ।,The woman is important.,əi̯məi̯ d̪ɔ ɟɘɾuɽa.
সকালে তুমি খাবার খেয়ে বাড়িতে কাজ করবে।,"In the morning, you eat the food and then work in the house.",sɛt̪aʔɾɛ am ɟɔmaʔ ɟɔmkat̪ɛ ɔɽaʔɾɛ kɘmia.
"তোমরা ভাষা লিখবে, কিন্তু কথা লিখবে না।","You all will write the language, but do not write the word.",apɛ d̪ɔ pɘɾsi ɔlɔʔa mɛnkʰan kat̪ʰa bapɛ ɔlɔʔa.
আজ আমি কথা পড়ে নদীতে যাব।,"Today, I study the word and then go to the river.",t̪eheɲɾɛ iɲ kat̪ʰa paɽha͡o̯kat̪ɛ gaɖaɾɛ calaʔa.
"তোমরা মধু খাবে, কিন্তু মধু খাবে না।","You all will eat the honey, but do not eat the honey.",apɛ d̪ɔ ɲɛlɛɾasa ɟɔma mɛnkʰan ɲɛlɛɾasa bapɛ ɟɔma.
আজ তুমি ভাষা লিখে স্কুলে আসবে।,"Today, you write the language and then come to the school.",t̪eheɲɾɛ am pɘɾsi ɔlɔʔkat̪ɛ iskulɾɛ hiɟuʔa.
সে ঔষধ কিনবে।,He/she will buy the medicine.,uni d̪ɔ ɾan kiɾiɲa.
সেই সময় তুমি মোবাইল ফোন কিনে নদীতে যাবে।,"At that time, you buy the mobile phone and then go to the river.",ɔkt̪ɛɾɛ am mɔbaĭl pʰon kiɾiɲkat̪ɛ gaɖaɾɛ calaʔa.
সেই সময় আমরা পানি পান করে নদীতে কাজ করব।,"At that time, we drink the water and then work in the river.",ɔkt̪ɛɾɛ alɛ d̪aʔ ɲukat̪ɛ gaɖaɾɛ kɘmia.
উঠানে একটি নারীজাতি আছে।,There is a females in the courtyard of house.,bəteɾɛ əi̯məi̯ d͡ʒət menaa.
"তোমরা মধু খাবে, কিন্তু খাবার খাবে না।","You all will eat the honey, but do not eat the food.",apɛ d̪ɔ ɲɛlɛɾasa ɟɔma mɛnkʰan ɟɔmaʔ bapɛ ɟɔma.
আমাদের শিকার পরিষ্কার।,Our prey is clean.,alɛaʔ aheɾ d̪ɔ sapʰaa.
তোমার পিঁপড়া ছোট।,Your ant is small.,amaʔ muc̚ʔ d̪ɔ lɘʈua.
সহ্যশক্তিটি নতুন।,The stamina is new.,bʰẹd͡ʒ d̪ɔ nɔwaa.
তুমি খাবার খাবে।,You will eat the food.,am d̪ɔ ɟɔmaʔ ɟɔma.
আমার ভাই ভালো।,My brother is good.,iɲaʔ bɔ͡i̯ha d̪ɔ mɔ̃ɟa.
স্কুলে একটি কসাই আছে।,There is a butcher in the school.,iskulɾɛ bʰut͡ʃəɽ menaa.
সকালে সে রান্না খেয়ে হ্রদে খেলবে।,"In the morning, he/she eat the cooked food and then play in the lake.",sɛt̪aʔɾɛ uni basaŋ ɟɔmkat̪ɛ ɟɔlaɾɛ gat̪ea.
ইংল্যান্ডে একটি গহনা আছে।,There is a jewelry in the england.,bilətɾɛ abʰɾan menaa.
কুয়ায় একটি ঢোলকি বাদক আছে।,There is a drummer in the well.,kuɲɾɛ bəd͡ʒni menaa.
তার নদী নতুন।,His/her river is new.,uniaʔ gaɖa d̪ɔ nɔwaa.
গৃহপালিত পশুটি ভালো।,The domestic animal is good.,ato posu d̪ɔ mɔ̃ɟa.
পাড়াে একটি কিশোর আছে।,There is a lad in the neighbourhood.,aɖe paseɾɛ bat͡ʃʰɽa menaa.
নদীতে একটি বাবা আছে।,There is a father in the river.,gaɖaɾɛ baba menaa.
পাড়াে একটি ছুতার আছে।,There is a carpenter in the neighbourhood.,aɖe paseɾɛ bəɖʰi menaa.
হ্রদে একটি দম্ভ আছে।,There is a boasting in the lake.,ɟɔlaɾɛ bakʰaɾa menaa.
তার খাবার সুস্বাদু।,His/her food is tasty.,uniaʔ ɟɔmaʔ d̪ɔ sibila.
আজ আমি পানি পান করে বাড়িতে খেলব।,"Today, I drink the water and then play in the house.",t̪eheɲɾɛ iɲ d̪aʔ ɲukat̪ɛ ɔɽaʔɾɛ gat̪ea.
তোমাদের মোবাইল ফোন ভালো।,Your mobile phone is good.,apɛaʔ mɔbaĭl pʰon d̪ɔ mɔ̃ɟa.
তার গুহা পরিষ্কার।,His/her cave is clean.,uniaʔ bʰugək̕ d̪ɔ sapʰaa.
বেগুনটি গুরুত্বপূর্ণ।,The brinjal is important.,beŋgaɾ d̪ɔ ɟɘɾuɽa.
গতকাল তুমি কথা পড়ে বাড়িতে কাজ করবে।,"Yesterday, you study the word and then work in the house.",hɔlaɾɛ am kat̪ʰa paɽha͡o̯kat̪ɛ ɔɽaʔɾɛ kɘmia.
একটি ঔষধ নদীতে আছে।,One medicine is in the river.,mit̪ʔ ɾan d̪ɔ gaɖaɾɛ menaa.
গতকাল সে ঔষধ কিনে গ্রামে যাবে।,"Yesterday, he/she buy the medicine and then go to the village.",hɔlaɾɛ uni ɾan kiɾiɲkat̪ɛ at̪oɾɛ calaʔa.
তুমি তুলার গাছ ও ব্যবসায়ী দেখবে।,You will see the cotton plant and the trader.,am d̪ɔ bʰoga kaskɔm aɾ bepaɾi ɲɛla.
সে ঔষধ ও খাবার কিনবে।,He/she will buy the medicine and the food.,uni d̪ɔ ɾan aɾ ɟɔmaʔ kiɾiɲa.
মূল্যায়নটি নতুন।,The appraisement is new.,anman d̪ɔ nɔwaa.
সেই সময় সে ভাষা পড়ে গ্রামে যাবে।,"At that time, he/she study the language and then go to the village.",ɔkt̪ɛɾɛ uni pɘɾsi paɽha͡o̯kat̪ɛ at̪oɾɛ calaʔa.
আমাদের মোবাইল ফোন ভালো।,Our mobile phone is good.,alɛaʔ mɔbaĭl pʰon d̪ɔ mɔ̃ɟa.
আজ তোমরা দুধ পান করে শহরে কাজ করবে।,"Today, you all drink the milk and then work in the town.",t̪eheɲɾɛ apɛ t̪o̯͡a ɲukat̪ɛ sɔhɔɽɾɛ kɘmia.
আমি শোক দেখব।,I will see the grief.,iɲ d̪ɔ bedna ɲɛla.
তার মাছ সুস্বাদু।,His/her fish is tasty.,uniaʔ haku d̪ɔ sibila.
সেই সময় তোমরা কথা পড়ে কুয়ায় কাজ করবে।,"At that time, you all study the word and then work in the well.",ɔkt̪ɛɾɛ apɛ kat̪ʰa paɽha͡o̯kat̪ɛ kuɲɾɛ kɘmia.
শহরে একটি বাত রোগ আছে।,There is a rheumatism in the town.,sɔhɔɽɾɛ bat menaa.
মটরশুটিটি ভালো।,The pea is good.,baʈɽa d̪ɔ mɔ̃ɟa.
তাদের ঢাকনা পরিষ্কার।,Their lid is clean.,oŋkoaʔ bɛnɛt̕ d̪ɔ sapʰaa.
সকালে সে কথা লিখে নদীতে কাজ করবে।,"In the morning, he/she write the word and then work in the river.",sɛt̪aʔɾɛ uni kat̪ʰa ɔlɔʔkat̪ɛ gaɖaɾɛ kɘmia.
তাদের আড়াল ভালো।,Their covert is good.,oŋkoaʔ ao̯tan d̪ɔ mɔ̃ɟa.
ইংল্যান্ডে একটি শিলাবৃষ্টি আছে।,There is a hail in the england.,bilətɾɛ aɾel menaa.
সকালে আমরা কথা পড়ে বাড়িতে খেলব।,"In the morning, we study the word and then play in the house.",sɛt̪aʔɾɛ alɛ kat̪ʰa paɽha͡o̯kat̪ɛ ɔɽaʔɾɛ gat̪ea.
নদীতে একটি প্রণয়ন আছে।,There is an enactment in the river.,gaɖaɾɛ ən menaa.
তোমার খাবার ভালো।,Your food is good.,amaʔ ɟɔmaʔ d̪ɔ mɔ̃ɟa.
নদীতে একটি পানি আছে।,There is a water in the river.,gaɖaɾɛ d̪aʔ menaa.
আমার কথা নতুন।,My word is new.,iɲaʔ kat̪ʰa d̪ɔ nɔwaa.
তোমার মা আনন্দের।,Your mother is happy.,amaʔ gɔgɔ d̪ɔ ɾɘskɘa.
আড়ালে একটি ব্যান্ডেজ আছে।,There is a bandger in the covert.,ao̯tanɾɛ bədʰi menaa.
সে রান্না দেখেছিল।,He/she saw the cooked food.,unii̯ basaŋ ɲɛlkeda.
দাদাটি পরিষ্কার।,The grandfather is clean.,ad͡ʒa d̪ɔ sapʰaa.
সেই সময় তারা কথা লিখে নদীতে আসবে।,"At that time, they write the word and then come to the river.",ɔkt̪ɛɾɛ oŋko kat̪ʰa ɔlɔʔkat̪ɛ gaɖaɾɛ hiɟuʔa.
অনুচিত আচরণটি ভালো।,The impropriety is good.,baŋ ganok̕ak̕ d̪ɔ mɔ̃ɟa.
ঝোপটি গুরুত্বপূর্ণ।,The thicket is important.,badaɽ d̪ɔ ɟɘɾuɽa.
উঠানে একটি আঁটি আছে।,There is a bundle in the courtyard of house.,bəteɾɛ əʈi menaa.
সেই সময় তুমি ভাষা লিখে শহরে আসবে।,"At that time, you write the language and then come to the town.",ɔkt̪ɛɾɛ am pɘɾsi ɔlɔʔkat̪ɛ sɔhɔɽɾɛ hiɟuʔa.
ইংল্যান্ডে একটি ভাই আছে।,There is a brother in the england.,bilətɾɛ bɔ͡i̯ha menaa.
আমরা পুরস্কার দেখেছিলাম।,We saw the prize.,alɛlɛ bəksis ɲɛlkeda.
আমার গ্রাম নতুন।,My village is new.,iɲaʔ at̪o d̪ɔ nɔwaa.
অগ্রদূতটি নতুন।,The forerunner is new.,əguə̯daɾ d̪ɔ nɔwaa.
সেই সময় সে ফুল দেখে শহরে খেলবে।,"At that time, he/she see the flower and then play in the town.",ɔkt̪ɛɾɛ uni baha ɲɛlkat̪ɛ sɔhɔɽɾɛ gat̪ea.
সেই সময় সে ঝড়বৃষ্টি দেখে হ্রদে আসবে।,"At that time, he/she see the storm of wind & rain and then come to the lake.",ɔkt̪ɛɾɛ uni əndʰi dak̕ ɲɛlkat̪ɛ ɟɔlaɾɛ hiɟuʔa.
সেই সময় তারা খাবার কিনে কুয়ায় আসবে।,"At that time, they buy the food and then come to the well.",ɔkt̪ɛɾɛ oŋko ɟɔmaʔ kiɾiɲkat̪ɛ kuɲɾɛ hiɟuʔa.
ভূমিকম্পটি নতুন।,The earth tremor is new.,bʰui̯ t͡ʃəl d̪ɔ nɔwaa.
কুয়ায় একটি ঘড়ি আছে।,There is a watch in the well.,kuɲɾɛ gʰuɽi menaa.
তারা ঘোড়া দেখেছে।,They have seen the horse.,oŋko d̪ɔ əɳɖiə̯ sadɔm ɲɛlakada.
আমি বকেয়া ও ঢাল দেখব।,I will see the arrears and the declivity.,iɲ d̪ɔ bəki aɾ anaɽgo ɲɛla.
গতকাল তোমরা পানি পান করে হ্রদে আসবে।,"Yesterday, you all drink the water and then come to the lake.",hɔlaɾɛ apɛ d̪aʔ ɲukat̪ɛ ɟɔlaɾɛ hiɟuʔa.
হ্রদে একটি পরিষদ আছে।,There is a council in the lake.,ɟɔlaɾɛ bəi̯si menaa.
পাড়াে একটি বাদাম আছে।,There is an almond in the neighbourhood.,aɖe paseɾɛ badam d͡ʒɔ menaa.
আমাদের শিশু ভালো।,Our child is good.,alɛaʔ gid̪ɾɘ d̪ɔ mɔ̃ɟa.
তারা ঔষধ ও মোবাইল ফোন কিনবে।,They will buy the medicine and the mobile phone.,oŋko d̪ɔ ɾan aɾ mɔbaĭl pʰon kiɾiɲa.
বাজিটি গুরুত্বপূর্ণ।,The bet is important.,bəɾd͡ʒid d̪ɔ ɟɘɾuɽa.
আজ আমি পানি পান করে স্কুলে আসব।,"Today, I drink the water and then come to the school.",t̪eheɲɾɛ iɲ d̪aʔ ɲukat̪ɛ iskulɾɛ hiɟuʔa.
হ্রদে একটি ট্যাংক আছে।,There is a tank in the lake.,ɟɔlaɾɛ abʰɾa menaa.
প্রেমালাপটি গুরুত্বপূর্ণ।,The flirting is important.,əŋgɾa d̪ɔ ɟɘɾuɽa.
আজ তারা ভাষা লিখে গ্রামে কাজ করবে।,"Today, they write the language and then work in the village.",t̪eheɲɾɛ oŋko pɘɾsi ɔlɔʔkat̪ɛ at̪oɾɛ kɘmia.
আমার বংশধর পরিষ্কার।,My descendants is clean.,iɲaʔ ãosa bãosa d̪ɔ sapʰaa.
আজ তুমি খাবার খেয়ে হ্রদে কাজ করবে।,"Today, you eat the food and then work in the lake.",t̪eheɲɾɛ am ɟɔmaʔ ɟɔmkat̪ɛ ɟɔlaɾɛ kɘmia.
সকালে আমি পাঠ পড়ে কুয়ায় যাব।,"In the morning, I study the lesson and then go to the well.",sɛt̪aʔɾɛ iɲ sikʰnɘt̪ paɽha͡o̯kat̪ɛ kuɲɾɛ calaʔa.
বাসস্থানে একটি পানি আছে।,There is a water in the dwelling place.,basɾɛ d̪aʔ menaa.
সকালে তোমরা কথা লিখে গ্রামে কাজ করবে।,"In the morning, you all write the word and then work in the village.",sɛt̪aʔɾɛ apɛ kat̪ʰa ɔlɔʔkat̪ɛ at̪oɾɛ kɘmia.
গতকাল তারা কথা লিখে কুয়ায় খেলবে।,"Yesterday, they write the word and then play in the well.",hɔlaɾɛ oŋko kat̪ʰa ɔlɔʔkat̪ɛ kuɲɾɛ gat̪ea.
তোমাদের বুদ্ধি ভালো।,Your wisdom is good.,apɛaʔ əkil d̪ɔ mɔ̃ɟa.
গ্রামে একটি পা আছে।,There is a foot in the village.,at̪oɾɛ kaʈa menaa.
তুমি ছবি দেখবে।,You will see the photo.,am d̪ɔ pʰɔʈɔ ɲɛla.
সকালে আমরা খাবার কিনে বাড়িতে খেলব।,"In the morning, we buy the food and then play in the house.",sɛt̪aʔɾɛ alɛ ɟɔmaʔ kiɾiɲkat̪ɛ ɔɽaʔɾɛ gat̪ea.
ধানের খেতটি পরিষ্কার।,The rice field is clean.,baɽge d̪ɔ sapʰaa.
"আমি রান্না খাব, কিন্তু মধু খাব না।","I will eat the cooked food, but do not eat the honey.",iɲ d̪ɔ basaŋ ɟɔma mɛnkʰan ɲɛlɛɾasa bɘɲ ɟɔma.
বোকাটি আনন্দের।,The fool is happy.,bemblaha d̪ɔ ɾɘskɘa.
তোমার ভালোবাসা গুরুত্বপূর্ণ।,Your love is important.,amaʔ bʰad d̪ɔ ɟɘɾuɽa.
তুমি ছেঁড়া দেখেছিলে।,You saw the rent.,amɛm baŋ baŋ ɲɛlkeda.
ধানক্ষেতটি পরিষ্কার।,The rice-land is clean.,ahaɾ d̪ɔ sapʰaa.
তোমাদের জেলে আনন্দের।,Your fisherman is happy.,apɛaʔ ɟɘliɘ d̪ɔ ɾɘskɘa.
নিকটবর্তী এলাকাে একটি আসা-যাওয়া আছে।,There is a coming & going in the vicinity.,aɖe ʈolaɾɛ ana gona menaa.
নদীতে একটি রোগ আছে।,There is an illness in the river.,gaɖaɾɛ ɾu̯͡ɘ menaa.
কুমারীটি ভালো।,The virgin is good.,aɾda kuɽi d̪ɔ mɔ̃ɟa.
গতকাল তোমরা পানি পান করে হ্রদে খেলবে।,"Yesterday, you all drink the water and then play in the lake.",hɔlaɾɛ apɛ d̪aʔ ɲukat̪ɛ ɟɔlaɾɛ gat̪ea.
"আমরা ছবি পাব, কিন্তু ঔষধ পাব না।","We will get the photo, but do not get the medicine.",alɛ d̪ɔ pʰɔʈɔ ɲama mɛnkʰan ɾan balɛ ɲama.
শুরুটি পরিষ্কার।,The beginning is clean.,əd d̪ɔ sapʰaa.
তোমরা শিশু সাহায্য করবে না।,You all do not help the child.,apɛ d̪ɔ gid̪ɾɘ bapɛ gɔɽɔa.
সকালে তারা ভাষা লিখে বাড়িতে কাজ করবে।,"In the morning, they write the language and then work in the house.",sɛt̪aʔɾɛ oŋko pɘɾsi ɔlɔʔkat̪ɛ ɔɽaʔɾɛ kɘmia.
সকালে তোমরা নারীজাতি দেখে হ্রদে আসবে।,"In the morning, you all see the females and then come to the lake.",sɛt̪aʔɾɛ apɛ əi̯məi̯ d͡ʒət ɲɛlkat̪ɛ ɟɔlaɾɛ hiɟuʔa.
আজ আমি কথা লিখে গ্রামে খেলব।,"Today, I write the word and then play in the village.",t̪eheɲɾɛ iɲ kat̪ʰa ɔlɔʔkat̪ɛ at̪oɾɛ gat̪ea.
আমার ভাই আনন্দের।,My brother is happy.,iɲaʔ bɔ͡i̯ha d̪ɔ ɾɘskɘa.
বাসস্থানে একটি ডাক্তার আছে।,There is a doctor in the residence.,basaɾɛ ɖak̚t̪aɾ menaa.
বিকারটি ভালো।,The delirium is good.,bəi̯ d̪ɔ mɔ̃ɟa.
সকালে তোমরা দুধ পান করে শহরে খেলবে।,"In the morning, you all drink the milk and then play in the town.",sɛt̪aʔɾɛ apɛ t̪o̯͡a ɲukat̪ɛ sɔhɔɽɾɛ gat̪ea.
তার অবসর পরিষ্কার।,His/her leisure is clean.,uniaʔ apʰsoɾ d̪ɔ sapʰaa.
বাসস্থানে একটি শুকর আছে।,There is a pig in the dwelling place.,basɾɛ suk̚ɾi menaa.
তোমার রোগ নতুন।,Your illness is new.,amaʔ ɾu̯͡ɘ d̪ɔ nɔwaa.
তাদের রান্না ভালো।,Their cooked food is good.,oŋkoaʔ basaŋ d̪ɔ mɔ̃ɟa.
শহরে একটি বিদেশী আছে।,There is a foreigner in the town.,sɔhɔɽɾɛ bidesiə̯ menaa.
"আমরা খাবার খাব, কিন্তু মাছ খাব না।","We will eat the food, but do not eat the fish.",alɛ d̪ɔ ɟɔmaʔ ɟɔma mɛnkʰan haku balɛ ɟɔma.
তোমাদের ছবি নতুন।,Your photo is new.,apɛaʔ pʰɔʈɔ d̪ɔ nɔwaa.
তোমরা অপমান দেখেছ।,You all have seen the disgrace.,apɛ d̪ɔ apd͡ʒɔs ɲɛlakada.
তাদের পুরুষ ভেড়া ছোট।,Their ram is small.,oŋkoaʔ bʰeɖa d̪ɔ lɘʈua.
আজ আমি খাবার খেয়ে বাড়িতে আসব।,"Today, I eat the food and then come to the house.",t̪eheɲɾɛ iɲ ɟɔmaʔ ɟɔmkat̪ɛ ɔɽaʔɾɛ hiɟuʔa.
আজ তারা দুধ পান করে স্কুলে কাজ করবে।,"Today, they drink the milk and then work in the school.",t̪eheɲɾɛ oŋko t̪o̯͡a ɲukat̪ɛ iskulɾɛ kɘmia.
আজ আমরা পানি পান করে বাড়িতে আসব।,"Today, we drink the water and then come to the house.",t̪eheɲɾɛ alɛ d̪aʔ ɲukat̪ɛ ɔɽaʔɾɛ hiɟuʔa.
আমাদের নেতা গুরুত্বপূর্ণ।,Our leader is important.,alɛaʔ aglaha d̪ɔ ɟɘɾuɽa.
আজ তারা পানি পান করে গ্রামে কাজ করবে।,"Today, they drink the water and then work in the village.",t̪eheɲɾɛ oŋko d̪aʔ ɲukat̪ɛ at̪oɾɛ kɘmia.
আজ তারা কথা পড়ে হ্রদে খেলবে।,"Today, they study the word and then play in the lake.",t̪eheɲɾɛ oŋko kat̪ʰa paɽha͡o̯kat̪ɛ ɟɔlaɾɛ gat̪ea.
"তোমরা মাছ খাবে, কিন্তু মাছ খাবে না।","You all will eat the fish, but do not eat the fish.",apɛ d̪ɔ haku ɟɔma mɛnkʰan haku bapɛ ɟɔma.
আমরা মন দেখব না।,We do not see the mind.,alɛ d̪ɔ aŋ balɛ ɲɛla.
তোমাদের মোবাইল ফোন পরিষ্কার।,Your mobile phone is clean.,apɛaʔ mɔbaĭl pʰon d̪ɔ sapʰaa.
সকালে তুমি খাবার খেয়ে গ্রামে যাবে।,"In the morning, you eat the food and then go to the village.",sɛt̪aʔɾɛ am ɟɔmaʔ ɟɔmkat̪ɛ at̪oɾɛ calaʔa.
বিস্তীর্ণ ভূমিে একটি নামা আছে।,There is a descent in the wide expanse of land.,bilənɾɛ anãɽgo menaa.
গুহাে একটি দাদি আছে।,There is a grandmother in the cave.,bʰugək̕ɾɛ əd͡ʒi menaa.
তোমরা খাবারের অবশিষ্ট দেখবে না।,You all do not see the leftover food.,apɛ d̪ɔ əi̯ʈʰə bapɛ ɲɛla.
আড়ালে একটি লাগাম আছে।,There is a bridle in the covert.,ao̯tanɾɛ bag menaa.
নদীতে একটি মানুষ আছে।,There is a person in the river.,gaɖaɾɛ hɔɽ menaa.
তোমরা রান্না ও মাছ খাবে।,You all will eat the cooked food and the fish.,apɛ d̪ɔ basaŋ aɾ haku ɟɔma.
তোমার গুজব রটনাকারী গুরুত্বপূর্ণ।,Your gossiping is important.,amaʔ bəd͡ʒniə̯ d̪ɔ ɟɘɾuɽa.
তার শিশু ছোট।,His/her child is small.,uniaʔ gid̪ɾɘ d̪ɔ lɘʈua.
সেই সময় আমরা ঔষধ কিনে স্কুলে খেলব।,"At that time, we buy the medicine and then play in the school.",ɔkt̪ɛɾɛ alɛ ɾan kiɾiɲkat̪ɛ iskulɾɛ gat̪ea.
বাড়িতে একটি মধু আছে।,There is a honey in the house.,ɔɽaʔɾɛ ɲɛlɛɾasa menaa.
গ্রামে একটি ট্যাংক আছে।,There is a tank in the village.,at̪oɾɛ abʰɾa menaa.
ইংল্যান্ডে একটি কথা আছে।,There is a word in the england.,bilətɾɛ kat̪ʰa menaa.
ভানটি ভালো।,The pretence is good.,aɽsa d̪ɔ mɔ̃ɟa.
শহরে একটি বারান্দা আছে।,There is a verandah in the town.,sɔhɔɽɾɛ baɾaɳda menaa.
পাড়াে একটি খড়ের মোটা দড়ি আছে।,There is a thick straw rope in the neighbourhood.,aɖe paseɾɛ baɾahi menaa.
আজ সে মাছ খেয়ে গ্রামে কাজ করবে।,"Today, he/she eat the fish and then work in the village.",t̪eheɲɾɛ uni haku ɟɔmkat̪ɛ at̪oɾɛ kɘmia.
একটি মা স্কুলে আছে।,One mother is in the school.,mit̪ʔʈɛn ajo d̪ɔ iskulɾɛ menaa.
ভ্রাতৃত্ব অনুষ্ঠানটি গুরুত্বপূর্ণ।,The brotherhood ceremony is important.,bã̠ihə̃ d̪ɔ ɟɘɾuɽa.
আজ তুমি জিহ্বা দেখে হ্রদে যাবে।,"Today, you see the tongue and then go to the lake.",t̪eheɲɾɛ am alaŋ ɲɛlkat̪ɛ ɟɔlaɾɛ calaʔa.
গতকাল তোমরা আখরোট দেখে গ্রামে আসবে।,"Yesterday, you all see the walnut and then come to the village.",hɔlaɾɛ apɛ akʰɾoʈ ɲɛlkat̪ɛ at̪oɾɛ hiɟuʔa.
বাসস্থানে একটি লাভ আছে।,There is a profit in the dwelling place.,basɾɛ baɾpʰəi̯ menaa.
গতকাল আমি পানি পান করে কুয়ায় যাব।,"Yesterday, I drink the water and then go to the well.",hɔlaɾɛ iɲ d̪aʔ ɲukat̪ɛ kuɲɾɛ calaʔa.
তোমার কথা নতুন।,Your word is new.,amaʔ kat̪ʰa d̪ɔ nɔwaa.
আমরা কসাই দেখব না।,We do not see the butcher.,alɛ d̪ɔ bʰut͡ʃəɽ balɛ ɲɛla.
আমরা অন্ধ ভয় দেখব।,We will see the superstitious fear.,alɛ d̪ɔ bʰae̯ ɲɛla.
আজ তোমরা কথা পড়ে বাড়িতে আসবে।,"Today, you all study the word and then come to the house.",t̪eheɲɾɛ apɛ kat̪ʰa paɽha͡o̯kat̪ɛ ɔɽaʔɾɛ hiɟuʔa.
ধানের খেতটি নতুন।,The rice field is new.,baɽge d̪ɔ nɔwaa.
সকালে তুমি দুধ পান করে স্কুলে কাজ করবে।,"In the morning, you drink the milk and then work in the school.",sɛt̪aʔɾɛ am t̪o̯͡a ɲukat̪ɛ iskulɾɛ kɘmia.
তারা সন্ধ্যাকাল দেখবে।,They will see the eventide.,oŋko d̪ɔ əjup̕ pajaɾ ɲɛla.
সে অসুস্থতা ও গরু ডাকার শব্দ দেখবে।,He/she will see the sickness and the cattle call.,uni d̪ɔ bigʰin aɾ bihet̕ ɲɛla.
"আমি মাছ বিক্রি করব, কিন্তু খাবার বিক্রি করব না।","I will sell the fish, but do not sell the food.",iɲ d̪ɔ haku ɘkʰɾiɲa mɛnkʰan ɟɔmaʔ bɘɲ ɘkʰɾiɲa.
ওনিক্স পাথরটি গুরুত্বপূর্ণ।,The onyx is important.,beləu̯ɾ d̪ɔ ɟɘɾuɽa.
সকালে তুমি পানি পান করে নদীতে খেলবে।,"In the morning, you drink the water and then play in the river.",sɛt̪aʔɾɛ am d̪aʔ ɲukat̪ɛ gaɖaɾɛ gat̪ea.
তোমাদের ব্যাকরণ নতুন।,Your grammar is new.,apɛaʔ bejakaɾan d̪ɔ nɔwaa.
ঋতুটি গুরুত্বপূর্ণ।,The season is important.,bataɾ d̪ɔ ɟɘɾuɽa.
তোমার নক্ষত্রমণ্ডল নতুন।,Your constellation is new.,amaʔ ãɾgɔm d̪ɔ nɔwaa.
আমার হ্রদ পরিষ্কার।,My lake is clean.,iɲaʔ ɟɔla d̪ɔ sapʰaa.
বাসস্থানে একটি পূর্বপুরুষ আছে।,There is a patriarch in the dwelling place.,basɾɛ əgil hapɽam menaa.
গতকাল তুমি দুধ পান করে বাড়িতে যাবে।,"Yesterday, you drink the milk and then go to the house.",hɔlaɾɛ am t̪o̯͡a ɲukat̪ɛ ɔɽaʔɾɛ calaʔa.
ভবিষ্যৎটি নতুন।,The future is new.,agam d̪ɔ nɔwaa.
সকালে আমরা রান্না খেয়ে গ্রামে আসব।,"In the morning, we eat the cooked food and then come to the village.",sɛt̪aʔɾɛ alɛ basaŋ ɟɔmkat̪ɛ at̪oɾɛ hiɟuʔa.
পাল (নৌকার)টি ভালো।,The sail is good.,baɖɔm d̪ɔ mɔ̃ɟa.
তোমাদের কাজ নতুন।,Your work is new.,apɛaʔ kɘmi d̪ɔ nɔwaa.
আমরা অবশিষ্ট ও ভোজ দেখব।,We will see the remainder and the feast.,alɛ d̪ɔ bəki bɔkɔe̯a aɾ bʰɔd͡ʒ ɲɛla.
সে বোঝা দেখেছিল।,He/she saw the load.,unii̯ bʰaɾ ɲɛlkeda.
গতকাল আমরা মধু খেয়ে হ্রদে কাজ করব।,"Yesterday, we eat the honey and then work in the lake.",hɔlaɾɛ alɛ ɲɛlɛɾasa ɟɔmkat̪ɛ ɟɔlaɾɛ kɘmia.
একটি মানুষ স্কুলে আছে।,One person is in the school.,mit̪ʔʈɛn hɔɽ d̪ɔ iskulɾɛ menaa.
আজ তুমি মধু খেয়ে গ্রামে যাবে।,"Today, you eat the honey and then go to the village.",t̪eheɲɾɛ am ɲɛlɛɾasa ɟɔmkat̪ɛ at̪oɾɛ calaʔa.
তাদের পা গুরুত্বপূর্ণ।,Their foot is important.,oŋkoaʔ kaʈa d̪ɔ ɟɘɾuɽa.
ঝড়বৃষ্টিটি পরিষ্কার।,The storm of wind & rain is clean.,əndʰi dak̕ d̪ɔ sapʰaa.
হ্রদে একটি বাক্য আছে।,There is a sentence in the lake.,ɟɔlaɾɛ ajat menaa.
আমাদের ছবি নতুন।,Our photo is new.,alɛaʔ pʰɔʈɔ d̪ɔ nɔwaa.
"আমি শিশু সাহায্য করব, কিন্তু শিশু সাহায্য করব না।","I will help the child, but do not help the child.",iɲ d̪ɔ gid̪ɾɘ gɔɽɔa mɛnkʰan gid̪ɾɘ bɘɲ gɔɽɔa.
তাদের বিস্ফোরক পাউডার গুরুত্বপূর্ণ।,Their blasting powder is important.,oŋkoaʔ bəɾud d̪ɔ ɟɘɾuɽa.
উঠানে একটি হিসাব আছে।,There is an account in the courtyard of house.,bəteɾɛ bil menaa.
বালতিটি ভালো।,The bucket is good.,bəlʈi d̪ɔ mɔ̃ɟa.
শহরে একটি নারী আছে।,There is a woman in the town.,sɔhɔɽɾɛ əi̯məi̯ menaa.
আড়ালে একটি বাড়ি আছে।,There is a house in the covert.,ao̯tanɾɛ ɔɽaʔ menaa.
তাদের হ্রদ গুরুত্বপূর্ণ।,Their lake is important.,oŋkoaʔ ɟɔla d̪ɔ ɟɘɾuɽa.
গতকাল আমরা ভাষা লিখে শহরে আসব।,"Yesterday, we write the language and then come to the town.",hɔlaɾɛ alɛ pɘɾsi ɔlɔʔkat̪ɛ sɔhɔɽɾɛ hiɟuʔa.
ইংল্যান্ডে একটি কাজ আছে।,There is a work in the england.,bilətɾɛ kɘmi menaa.
স্কুলে একটি সেবা আছে।,There is a service in the school.,iskulɾɛ aŋgɾa menaa.
তুমি পোশাক দেখবে।,You will see the attire.,am d̪ɔ bʰagwa ɲɛla.
বাসস্থানে একটি অর্জন আছে।,There is a gain in the dwelling place.,basɾɛ ae̯ upəi̯ menaa.
সকালে আমরা পাঠ পড়ে গ্রামে কাজ করব।,"In the morning, we study the lesson and then work in the village.",sɛt̪aʔɾɛ alɛ sikʰnɘt̪ paɽha͡o̯kat̪ɛ at̪oɾɛ kɘmia.
তুমি শব্দ দেখেছ।,You have seen the noise.,am d̪ɔ awad͡ʒ ɲɛlakada.
বাসস্থানে একটি বাসিন্দা আছে।,There is an inhabitant in the residence.,basaɾɛ baskitiə̯ menaa.
আমার গ্রাম গুরুত্বপূর্ণ।,My village is important.,iɲaʔ at̪o d̪ɔ ɟɘɾuɽa.
আড়ালে একটি শক্তি আছে।,There is a force in the covert.,ao̯tanɾɛ ad͡ʒʰãʈ menaa.
স্কুলে একটি ডুমুর গাছের এক প্রজাতি আছে।,There is a fig tree in the school.,iskulɾɛ əɲd͡ʒiɾ menaa.
শহরে একটি বিদ্যা আছে।,There is a learning in the town.,sɔhɔɽɾɛ bidiə̯ menaa.
একটি বিদেশী স্কুলে আছে।,One foreigner is in the school.,mit̪ʔʈɛn bidesiə̯ d̪ɔ iskulɾɛ menaa.
তার পা নতুন।,His/her foot is new.,uniaʔ kaʈa d̪ɔ nɔwaa.
তার পানি সুস্বাদু।,His/her water is tasty.,uniaʔ d̪aʔ d̪ɔ sibila.
পাড়াে একটি স্কুল আছে।,There is a school in the neighbourhood.,aɖe paseɾɛ iskul menaa.
আমি ভাষা ও চারা রোপণ দেখব।,I will see the language and the transplantation.,iɲ d̪ɔ pɘɾsi aɾ apʰɔɾ ɲɛla.
শহরে একটি অগ্রদূত আছে।,There is a forerunner in the town.,sɔhɔɽɾɛ əguə̯daɾ menaa.
একটি মানুষ শহরে আছে।,One person is in the town.,mit̪ʔʈɛn hɔɽ d̪ɔ sɔhɔɽɾɛ menaa.
কুয়ায় একটি ধানের খেত আছে।,There is a rice field in the well.,kuɲɾɛ baɽge menaa.
সকালে তারা ভাষা পড়ে বাড়িতে খেলবে।,"In the morning, they study the language and then play in the house.",sɛt̪aʔɾɛ oŋko pɘɾsi paɽha͡o̯kat̪ɛ ɔɽaʔɾɛ gat̪ea.
"আমি মাছ খাব, কিন্তু মধু খাব না।","I will eat the fish, but do not eat the honey.",iɲ d̪ɔ haku ɟɔma mɛnkʰan ɲɛlɛɾasa bɘɲ ɟɔma.
কুয়ায় একটি উত্তরাধিকার আছে।,There is an inheritance in the well.,kuɲɾɛ əi̯dəɾi menaa.
ছবি কোথায় আছে?,Where is the photo?,pʰɔʈɔ d̪ɔ ɔkaɾɛ menaa.
সেই সময় সে দুধ পান করে কুয়ায় যাবে।,"At that time, he/she drink the milk and then go to the well.",ɔkt̪ɛɾɛ uni t̪o̯͡a ɲukat̪ɛ kuɲɾɛ calaʔa.
তুমি ফ্যাথম ও পেট ব্যথা দেখবে।,You will see the fathom and the gripes.,am d̪ɔ aɾpa aɾ bɛɾõʈ duk ɲɛla.
সকালে আমরা পানি পান করে শহরে আসব।,"In the morning, we drink the water and then come to the town.",sɛt̪aʔɾɛ alɛ d̪aʔ ɲukat̪ɛ sɔhɔɽɾɛ hiɟuʔa.
তাদের স্কুল নতুন।,Their school is new.,oŋkoaʔ iskul d̪ɔ nɔwaa.
গুহাে একটি ছবি আছে।,There is a photo in the cave.,bʰugək̕ɾɛ pʰɔʈɔ menaa.
তারা গাড়ির চাকায় লাগানো খিল ও এক তোলা দেখবে।,They will see the cog put before a cartwheel and the one tola.,oŋko d̪ɔ baɳdʰi aɾ bʰoɾi ɲɛla.
নিকটবর্তী এলাকাে একটি কর্তব্যচ্যুতি আছে।,There is an omission of duty in the vicinity.,aɖe ʈolaɾɛ bʰisoɾ menaa.
পিঁপড়াটি ভালো।,The ant is good.,muc̚ʔ d̪ɔ mɔ̃ɟa.
পাড়াে একটি গান আছে।,There is a song in the neighbourhood.,aɖe paseɾɛ seɾeɲ menaa.
আড়ালে একটি রান্না আছে।,There is a cooked food in the covert.,ao̯tanɾɛ basaŋ menaa.
তার ভেড়া ছোট।,His/her sheep is small.,uniaʔ bʰiɖi d̪ɔ lɘʈua.
বিস্তীর্ণ ভূমিে একটি বিড়াল আছে।,There is a cat in the wide expanse of land.,bilənɾɛ pusi menaa.
আমরা সময় দেখেছি।,We have seen the time.,alɛ d̪ɔ ɔkt̪ɛ ɲɛlakada.
"তুমি পাঠ পড়বে, কিন্তু কথা পড়বে না।","You will study the lesson, but do not study the word.",am d̪ɔ sikʰnɘt̪ paɽha͡o̯a mɛnkʰan kat̪ʰa bam paɽha͡o̯a.
"সে ভাষা পড়বে, কিন্তু কথা পড়বে না।","He/she will study the language, but does not study the word.",uni d̪ɔ pɘɾsi paɽha͡o̯a mɛnkʰan kat̪ʰa bai̯ paɽha͡o̯a.
সকালে তোমরা আদিবাসী দেখে শহরে খেলবে।,"In the morning, you all see the aborigines and then play in the town.",sɛt̪aʔɾɛ apɛ bəu̯ɾi ɲɛlkat̪ɛ sɔhɔɽɾɛ gat̪ea.
সে মানুষ সাহায্য করবে না।,He/she does not help the person.,uni d̪ɔ hɔɽ bai̯ gɔɽɔa.
বিঘতটি পরিষ্কার।,The span is clean.,beɽ d̪ɔ sapʰaa.
সেই সময় তারা শুকর দেখে নদীতে কাজ করবে।,"At that time, they see the pig and then work in the river.",ɔkt̪ɛɾɛ oŋko suk̚ɾi ɲɛlkat̪ɛ gaɖaɾɛ kɘmia.
সেই সময় তোমরা ভাষা লিখে কুয়ায় আসবে।,"At that time, you all write the language and then come to the well.",ɔkt̪ɛɾɛ apɛ pɘɾsi ɔlɔʔkat̪ɛ kuɲɾɛ hiɟuʔa.
সেই সময় তোমরা ঔষধ কিনে শহরে কাজ করবে।,"At that time, you all buy the medicine and then work in the town.",ɔkt̪ɛɾɛ apɛ ɾan kiɾiɲkat̪ɛ sɔhɔɽɾɛ kɘmia.
সকালে তোমরা মুহূর্ত দেখে বাড়িতে যাবে।,"In the morning, you all see the moment and then go to the house.",sɛt̪aʔɾɛ apɛ abʰeɽ ɲɛlkat̪ɛ ɔɽaʔɾɛ calaʔa.
তোমার নামা গুরুত্বপূর্ণ।,Your descent is important.,amaʔ anãɽgo d̪ɔ ɟɘɾuɽa.
বিস্তীর্ণ ভূমিে একটি কর্তব্যচ্যুতি আছে।,There is an omission of duty in the wide expanse of land.,bilənɾɛ bʰisoɾ menaa.
পাড়াে একটি পিঁপড়া আছে।,There is an ant in the neighbourhood.,aɖe paseɾɛ muc̚ʔ menaa.
তার কুলি নিয়োগকারী নতুন।,His/her recruiter is new.,uniaʔ aɽkəʈʰiə̯ d̪ɔ nɔwaa.
আজ তোমরা খাবার খেয়ে কুয়ায় কাজ করবে।,"Today, you all eat the food and then work in the well.",t̪eheɲɾɛ apɛ ɟɔmaʔ ɟɔmkat̪ɛ kuɲɾɛ kɘmia.
ডায়াবেটিসটি গুরুত্বপূর্ণ।,The diabetes is important.,bəhumut d̪ɔ ɟɘɾuɽa.
অভ্যাসটি গুরুত্বপূর্ণ।,The habit is important.,bʰəsi d̪ɔ ɟɘɾuɽa.
সে তুলার গাছ দেখবে না।,He/she does not see the cotton plant.,uni d̪ɔ bʰoga kaskɔm bai̯ ɲɛla.
ইংল্যান্ডে একটি তাঁতের অংশ আছে।,There is a heddles of loom in the england.,bilətɾɛ bade menaa.
পাতার বোঁটাটি গুরুত্বপূর্ণ।,The petiole is important.,bʰekuə̯ d̪ɔ ɟɘɾuɽa.
একটি পৈতৃক সম্পত্তি কুয়ায় আছে।,One patrimony is in the well.,mit̪ʔʈɛn bapɔɾi dʰɔn d̪ɔ kuɲɾɛ menaa.
কুয়ায় একটি বিড়াল আছে।,There is a cat in the well.,kuɲɾɛ pusi menaa.
সে সম্পদ দেখেছিল।,He/she saw the wealth.,unii̯ at͡ʃel ɲɛlkeda.
সকালে আমি কথা পড়ে গ্রামে আসব।,"In the morning, I study the word and then come to the village.",sɛt̪aʔɾɛ iɲ kat̪ʰa paɽha͡o̯kat̪ɛ at̪oɾɛ hiɟuʔa.
গ্রামে একটি পুরস্কার আছে।,There is a prize in the village.,at̪oɾɛ bəksis menaa.
নিকটবর্তী এলাকাে একটি আচরণ আছে।,There is a conduct in the vicinity.,aɖe ʈolaɾɛ at͡ʃaɾ beo̯haɾ menaa.
"আমি খাবার পাব, কিন্তু টাকা পাব না।","I will get the food, but do not get the money.",iɲ d̪ɔ ɟɔmaʔ ɲama mɛnkʰan ʈaka bɘɲ ɲama.
আজ আমরা পানি পান করে গ্রামে আসব।,"Today, we drink the water and then come to the village.",t̪eheɲɾɛ alɛ d̪aʔ ɲukat̪ɛ at̪oɾɛ hiɟuʔa.
তোমাদের বিদেশী ভালো।,Your foreigner is good.,apɛaʔ bidesiə̯ d̪ɔ mɔ̃ɟa.
গুহাে একটি পশুপাখির ডাক আছে।,There is a cry of beasts & c in the cave.,bʰugək̕ɾɛ aɳɖɾac̕ ɔɳɖɾɔc̕ menaa.
আমাদের স্কুল গুরুত্বপূর্ণ।,Our school is important.,alɛaʔ iskul d̪ɔ ɟɘɾuɽa.
আজ সে দম্ভ দেখে শহরে কাজ করবে।,"Today, he/she see the boasting and then work in the town.",t̪eheɲɾɛ uni bakʰaɾa ɲɛlkat̪ɛ sɔhɔɽɾɛ kɘmia.
বিস্তীর্ণ ভূমিে একটি বিস্ফোরক পাউডার আছে।,There is a blasting powder in the wide expanse of land.,bilənɾɛ bəɾud menaa.
তোমার কুয়া নতুন।,Your well is new.,amaʔ kuɲ d̪ɔ nɔwaa.
সকালে তারা রান্না খেয়ে কুয়ায় আসবে।,"In the morning, they eat the cooked food and then come to the well.",sɛt̪aʔɾɛ oŋko basaŋ ɟɔmkat̪ɛ kuɲɾɛ hiɟuʔa.
সমস্যাটি গুরুত্বপূর্ণ।,The trouble is important.,ad͡ʒaɾ d̪ɔ ɟɘɾuɽa.
নিকটবর্তী এলাকাে একটি অসম্মান আছে।,There is a disrespect in the vicinity.,aɖe ʈolaɾɛ bɛmanɔt menaa.
উঠানে একটি ছবি আছে।,There is a photo in the courtyard of house.,bəteɾɛ pʰɔʈɔ menaa.
বাসস্থানটি গুরুত্বপূর্ণ।,The dwelling place is important.,bas d̪ɔ ɟɘɾuɽa.
তোমাদের পানি ভালো।,Your water is good.,apɛaʔ d̪aʔ d̪ɔ mɔ̃ɟa.
শহরে একটি কথা আছে।,There is a word in the town.,sɔhɔɽɾɛ kat̪ʰa menaa.
আমি খাবার দেখব না।,I do not see the food.,iɲ d̪ɔ ɟɔmaʔ bɘɲ ɲɛla.
আমার আখড়া গুরুত্বপূর্ণ।,My gathering is important.,iɲaʔ akʰɾa d̪ɔ ɟɘɾuɽa.
আমি কিশোর ও অকাল জন্ম দেখব।,I will see the lad and the premature birth.,iɲ d̪ɔ bat͡ʃʰɽa aɾ adpakolia ɲɛla.
আজ আমি পানি পান করে স্কুলে খেলব।,"Today, I drink the water and then play in the school.",t̪eheɲɾɛ iɲ d̪aʔ ɲukat̪ɛ iskulɾɛ gat̪ea.
সে ভাষা পড়েছে।,He/she has studied the language.,uni d̪ɔ pɘɾsi paɽha͡o̯akada.
উঠানে একটি হাত আছে।,There is a hand in the courtyard of house.,bəteɾɛ t̪i menaa.
সকালে আমি খাবার কিনে শহরে আসব।,"In the morning, I buy the food and then come to the town.",sɛt̪aʔɾɛ iɲ ɟɔmaʔ kiɾiɲkat̪ɛ sɔhɔɽɾɛ hiɟuʔa.
তোমরা বালতি দেখবে।,You all will see the bucket.,apɛ d̪ɔ bəlʈi ɲɛla.
আজ তারা পাঠ পড়ে নদীতে কাজ করবে।,"Today, they study the lesson and then work in the river.",t̪eheɲɾɛ oŋko sikʰnɘt̪ paɽha͡o̯kat̪ɛ gaɖaɾɛ kɘmia.
গ্রামে একটি গুঁড়ি আছে।,There is a trunk in the village.,at̪oɾɛ auɳɖ menaa.
সকালে সে কথা লিখে গ্রামে খেলবে।,"In the morning, he/she write the word and then play in the village.",sɛt̪aʔɾɛ uni kat̪ʰa ɔlɔʔkat̪ɛ at̪oɾɛ gat̪ea.
উঠানে একটি অজ্ঞতা আছে।,There is an ignorance in the courtyard of house.,bəteɾɛ bʰut͡ʃ menaa.
একটি ডাক্তার স্কুলে আছে।,One doctor is in the school.,mit̪ʔʈɛn ɖak̚t̪aɾ d̪ɔ iskulɾɛ menaa.
নিকটবর্তী এলাকাে একটি গৃহপালিত পশু আছে।,There is a domestic animal in the vicinity.,aɖe ʈolaɾɛ ato posu menaa.
ইংল্যান্ডে একটি আঙুলের ফোঁড়া আছে।,There is a whitlow in the england.,bilətɾɛ aŋguɾ biɽhi menaa.
তোমার ডাক্তার আনন্দের।,Your doctor is happy.,amaʔ ɖak̚t̪aɾ d̪ɔ ɾɘskɘa.
আমরা অসুস্থতা দেখব।,We will see the sickness.,alɛ d̪ɔ bigʰin ɲɛla.
স্কুলে একটি চারা রোপণ আছে।,There is a transplantation in the school.,iskulɾɛ apʰɔɾ menaa.
তাদের বাবা ভালো।,Their father is good.,oŋkoaʔ apa d̪ɔ mɔ̃ɟa.
নিকটবর্তী এলাকাে একটি বিধাতা আছে।,There is a providence in the vicinity.,aɖe ʈolaɾɛ bʰidata menaa.
চারা রোপণটি ভালো।,The transplantation is good.,apʰɔɾ d̪ɔ mɔ̃ɟa.
আতশবাজিটি নতুন।,The fireworks is new.,bʰui̯t͡ʃampa d̪ɔ nɔwaa.
স্কুলে একটি গবাদিপশুর পাতলা পায়খানা আছে।,There is a scouring in cattle in the school.,iskulɾɛ aɽhəi̯ə menaa.
গতকাল আমি ঔষধ কিনে গ্রামে যাব।,"Yesterday, I buy the medicine and then go to the village.",hɔlaɾɛ iɲ ɾan kiɾiɲkat̪ɛ at̪oɾɛ calaʔa.
সে মোবাইল ফোন ও মাছ কিনবে।,He/she will buy the mobile phone and the fish.,uni d̪ɔ mɔbaĭl pʰon aɾ haku kiɾiɲa.
আমরা গ্রাম দেখেছি।,We have seen the village.,alɛ d̪ɔ ato ɲɛlakada.
স্কুলে একটি মধু আছে।,There is a honey in the school.,iskulɾɛ ɲɛlɛɾasa menaa.
আজ তোমরা মাছ কিনে হ্রদে খেলবে।,"Today, you all buy the fish and then play in the lake.",t̪eheɲɾɛ apɛ haku kiɾiɲkat̪ɛ ɟɔlaɾɛ gat̪ea.
জীবনটি ভালো।,The life is good.,ɟiŋgi d̪ɔ mɔ̃ɟa.
সে পোশাক ও বেত দেখবে।,He/she will see the apparel and the cane.,uni d̪ɔ ahɾan pahaɾand aɾ bɛt ɲɛla.
তোমার অবশিষ্ট ভালো।,Your remainder is good.,amaʔ bəki bɔkɔe̯a d̪ɔ mɔ̃ɟa.
গাঁজাটি গুরুত্বপূর্ণ।,The hemp drug is important.,bʰaŋ d̪ɔ ɟɘɾuɽa.
বাষ্পটি পরিষ্কার।,The steam is clean.,bʰapʰ d̪ɔ sapʰaa.
সকালে তারা দুধ পান করে নদীতে কাজ করবে।,"In the morning, they drink the milk and then work in the river.",sɛt̪aʔɾɛ oŋko t̪o̯͡a ɲukat̪ɛ gaɖaɾɛ kɘmia.
তোমাদের সিস্ট টিউমার নতুন।,Your cystic tumour is new.,apɛaʔ batoɾi d̪ɔ nɔwaa.
"আমি খাবার পাব, কিন্তু ঔষধ পাব না।","I will get the food, but do not get the medicine.",iɲ d̪ɔ ɟɔmaʔ ɲama mɛnkʰan ɾan bɘɲ ɲama.
জ্ঞানটি গুরুত্বপূর্ণ।,The knowledge is important.,bʰas d̪ɔ ɟɘɾuɽa.
সকালে আমি পানি পান করে কুয়ায় আসব।,"In the morning, I drink the water and then come to the well.",sɛt̪aʔɾɛ iɲ d̪aʔ ɲukat̪ɛ kuɲɾɛ hiɟuʔa.
তোমার পা গুরুত্বপূর্ণ।,Your foot is important.,amaʔ kaʈa d̪ɔ ɟɘɾuɽa.
সকালে সে পাঠ পড়ে হ্রদে আসবে।,"In the morning, he/she study the lesson and then come to the lake.",sɛt̪aʔɾɛ uni sikʰnɘt̪ paɽha͡o̯kat̪ɛ ɟɔlaɾɛ hiɟuʔa.
স্কুলে একটি ভাগ্নে আছে।,There is a nephew in the school.,iskulɾɛ bʰəgnə menaa.
তাদের মুহূর্ত পরিষ্কার।,Their moment is clean.,oŋkoaʔ abʰeɽ d̪ɔ sapʰaa.
"আমি ঘড়ি বিক্রি করব, কিন্তু মোবাইল ফোন বিক্রি করব না।","I will sell the watch, but do not sell the mobile phone.",iɲ d̪ɔ gʰuɽi ɘkʰɾiɲa mɛnkʰan mɔbaĭl pʰon bɘɲ ɘkʰɾiɲa.
আমার ভাষা ভালো।,My language is good.,iɲaʔ pɘɾsi d̪ɔ mɔ̃ɟa.
তাদের কষ্ট ভালো।,Their distress is good.,oŋkoaʔ alad͡ʒʰala d̪ɔ mɔ̃ɟa.
কুয়ায় একটি শহর আছে।,There is a town in the well.,kuɲɾɛ sɔhɔɽ menaa.
হ্রদে একটি আনারস আছে।,There is a pineapple in the lake.,ɟɔlaɾɛ ananas menaa.
একটি রান্না শহরে আছে।,One cooked food is in the town.,mit̪ʔ basaŋ d̪ɔ sɔhɔɽɾɛ menaa.
তাদের নিরামিষাশী গুরুত্বপূর্ণ।,Their vegetarian is important.,oŋkoaʔ bʰagat d̪ɔ ɟɘɾuɽa.
আমাদের আমড়া গুরুত্বপূর্ণ।,Our hog plum is important.,alɛaʔ amɽa d̪ɔ ɟɘɾuɽa.
দরখাস্তটি ভালো।,The petition is good.,aɾd͡ʒa d̪ɔ mɔ̃ɟa.
গতকাল আমরা ভাষা লিখে হ্রদে খেলব।,"Yesterday, we write the language and then play in the lake.",hɔlaɾɛ alɛ pɘɾsi ɔlɔʔkat̪ɛ ɟɔlaɾɛ gat̪ea.
তারা পাঠ পড়েছে।,They have studied the lesson.,oŋko d̪ɔ sikʰnɘt̪ paɽha͡o̯akada.
আমরা নির্গমন দেখব না।,We do not see the emanation.,alɛ d̪ɔ əhlə balɛ ɲɛla.
স্কুলে একটি শ্বাস আছে।,There is a breath in the school.,iskulɾɛ bao̯ menaa.
কুয়াটি পরিষ্কার।,The well is clean.,kuɲ d̪ɔ sapʰaa.
উঠানে একটি নবজাতক আছে।,There is an infant in the courtyard of house.,bəteɾɛ balɛ menaa.
তোমাদের পূর্বপুরুষ গুরুত্বপূর্ণ।,Your patriarch is important.,apɛaʔ əgil hapɽam d̪ɔ ɟɘɾuɽa.
আমার অসম্মান নতুন।,My disrespect is new.,iɲaʔ bɛmanɔt d̪ɔ nɔwaa.
প্রতিবেশীটি ভালো।,The neighbours is good.,aɖepaseɾenko d̪ɔ mɔ̃ɟa.
তোমরা অর্জন ও দালালি দেখবে।,You all will see the gain and the commission.,apɛ d̪ɔ ae̯ upəi̯ aɾ baʈa ɲɛla.
আজ আমরা কথা লিখে কুয়ায় খেলব।,"Today, we write the word and then play in the well.",t̪eheɲɾɛ alɛ kat̪ʰa ɔlɔʔkat̪ɛ kuɲɾɛ gat̪ea.
তার নারীজাতি ভালো।,His/her females is good.,uniaʔ əi̯məi̯ d͡ʒət d̪ɔ mɔ̃ɟa.
কণ্ঠস্বরটি গুরুত্বপূর্ণ।,The voice is important.,aɽaŋ d̪ɔ ɟɘɾuɽa.
আজ আমি দুধ পান করে বাড়িতে কাজ করব।,"Today, I drink the milk and then work in the house.",t̪eheɲɾɛ iɲ t̪o̯͡a ɲukat̪ɛ ɔɽaʔɾɛ kɘmia.
হ্রদে একটি ছবি আছে।,There is a photo in the lake.,ɟɔlaɾɛ pʰɔʈɔ menaa.
শহরে একটি ব্যাখ্যা আছে।,There is an explanation in the town.,sɔhɔɽɾɛ bejan menaa.
সেই সময় সে ভাষা পড়ে গ্রামে আসবে।,"At that time, he/she study the language and then come to the village.",ɔkt̪ɛɾɛ uni pɘɾsi paɽha͡o̯kat̪ɛ at̪oɾɛ hiɟuʔa.
কাঁকড়াটি ভালো।,The crayfish is good.,bə̃uɳɖi d̪ɔ mɔ̃ɟa.
সেই সময় আমরা পাঠ পড়ে কুয়ায় যাব।,"At that time, we study the lesson and then go to the well.",ɔkt̪ɛɾɛ alɛ sikʰnɘt̪ paɽha͡o̯kat̪ɛ kuɲɾɛ calaʔa.
সকালে তারা দুধ পান করে কুয়ায় আসবে।,"In the morning, they drink the milk and then come to the well.",sɛt̪aʔɾɛ oŋko t̪o̯͡a ɲukat̪ɛ kuɲɾɛ hiɟuʔa.
"আমি মোবাইল ফোন বিক্রি করব, কিন্তু মোবাইল ফোন বিক্রি করব না।","I will sell the mobile phone, but do not sell the mobile phone.",iɲ d̪ɔ mɔbaĭl pʰon ɘkʰɾiɲa mɛnkʰan mɔbaĭl pʰon bɘɲ ɘkʰɾiɲa.
একটি মোবাইল ফোন বাড়িতে আছে।,One mobile phone is in the house.,mit̪ʔ mɔbaĭl pʰon d̪ɔ ɔɽaʔɾɛ menaa.
গতকাল আমরা দুধ পান করে শহরে আসব।,"Yesterday, we drink the milk and then come to the town.",hɔlaɾɛ alɛ t̪o̯͡a ɲukat̪ɛ sɔhɔɽɾɛ hiɟuʔa.
সকালে আমরা ঔষধ কিনে গ্রামে খেলব।,"In the morning, we buy the medicine and then play in the village.",sɛt̪aʔɾɛ alɛ ɾan kiɾiɲkat̪ɛ at̪oɾɛ gat̪ea.
সেই সময় তারা কথা লিখে গ্রামে কাজ করবে।,"At that time, they write the word and then work in the village.",ɔkt̪ɛɾɛ oŋko kat̪ʰa ɔlɔʔkat̪ɛ at̪oɾɛ kɘmia.
গতকাল তোমরা লজ্জা দেখে স্কুলে আসবে।,"Yesterday, you all see the shame and then come to the school.",hɔlaɾɛ apɛ bʰɔɾɔm ɲɛlkat̪ɛ iskulɾɛ hiɟuʔa.
তার পেরিনিয়াল ফোঁড়া ভালো।,His/her perineal abscess is good.,uniaʔ andʰãɾ gãɳɖ d̪ɔ mɔ̃ɟa.
গতকাল আমরা ভাষা পড়ে নদীতে আসব।,"Yesterday, we study the language and then come to the river.",hɔlaɾɛ alɛ pɘɾsi paɽha͡o̯kat̪ɛ gaɖaɾɛ hiɟuʔa.
বাসস্থানে একটি ফার্ন গাছ আছে।,There is a fern in the residence.,basaɾɛ badgot͡ʃak̕ menaa.
আজ আমি দুধ পান করে কুয়ায় খেলব।,"Today, I drink the milk and then play in the well.",t̪eheɲɾɛ iɲ t̪o̯͡a ɲukat̪ɛ kuɲɾɛ gat̪ea.
সকালে আমি মধু খেয়ে গ্রামে খেলব।,"In the morning, I eat the honey and then play in the village.",sɛt̪aʔɾɛ iɲ ɲɛlɛɾasa ɟɔmkat̪ɛ at̪oɾɛ gat̪ea.
আমার ফোঁপানি ভালো।,My blubbering is good.,iɲaʔ beɲ d̪ɔ mɔ̃ɟa.
অংশীদারটি নতুন।,The partner is new.,bʰəgiə̯ɾi d̪ɔ nɔwaa.
আজ আমি রান্না খেয়ে শহরে কাজ করব।,"Today, I eat the cooked food and then work in the town.",t̪eheɲɾɛ iɲ basaŋ ɟɔmkat̪ɛ sɔhɔɽɾɛ kɘmia.
রীতিটি ভালো।,The customs is good.,at͡ʃaɾ d̪ɔ mɔ̃ɟa.
আমার পা গুরুত্বপূর্ণ।,My leg is important.,iɲaʔ ɟaŋga d̪ɔ ɟɘɾuɽa.
ঝোপটি নতুন।,The thicket is new.,badaɽ d̪ɔ nɔwaa.
তারা পবিত্র সিন্দুক ও নিয়োগকর্তা দেখবে।,They will see the ark of the covenant and the employer.,oŋko d̪ɔ ən sunduk aɾ ək̕t͡ʃu hɔɽ ɲɛla.
আমরা কাপ দেখব না।,We do not see the cup.,alɛ d̪ɔ basna balɛ ɲɛla.
সে চাষাবাদ দেখবে।,He/she will see the cultivation.,uni d̪ɔ abad ɲɛla.
একটি শুকর শহরে আছে।,One pig is in the town.,mit̪ʔʈɛn suk̚ɾi d̪ɔ sɔhɔɽɾɛ menaa.
আমরা মাছ ও রান্না খাব।,We will eat the fish and the cooked food.,alɛ d̪ɔ haku aɾ basaŋ ɟɔma.
সে পাঠ দেখবে না।,He/she does not see the lesson.,uni d̪ɔ sikʰnɘt̪ bai̯ ɲɛla.
বাসস্থানে একটি বিস্ফোরক পাউডার আছে।,There is a blasting powder in the residence.,basaɾɛ bəɾud menaa.
গতকাল তুমি কথা লিখে নদীতে আসবে।,"Yesterday, you write the word and then come to the river.",hɔlaɾɛ am kat̪ʰa ɔlɔʔkat̪ɛ gaɖaɾɛ hiɟuʔa.
সেই সময় তুমি তুরহী দেখে গ্রামে যাবে।,"At that time, you see the trumpet and then go to the village.",ɔkt̪ɛɾɛ am bakea̯ ɲɛlkat̪ɛ at̪oɾɛ calaʔa.
আমরা অতিরিক্ত খাজনা দেখব না।,We do not see the additional assessment on rent.,alɛ d̪ɔ bʰed͡ʒa balɛ ɲɛla.
আমাদের কুয়া গুরুত্বপূর্ণ।,Our well is important.,alɛaʔ kuɲ d̪ɔ ɟɘɾuɽa.
নিকটবর্তী এলাকাে একটি নিয়োগকর্তা আছে।,There is an employer in the vicinity.,aɖe ʈolaɾɛ ək̕t͡ʃu hɔɽ menaa.
বাড়িতে একটি খিঁচুনি আছে।,There is a convulsions in the house.,ɔɽaʔɾɛ ḅahiɾ bəi̯ menaa.
হ্রদে একটি শিশু আছে।,There is a child in the lake.,ɟɔlaɾɛ gid̪ɾɘ menaa.
কুমড়োটি গুরুত্বপূর্ণ।,The pumpkin is important.,bə̃ɽĩə kohɳɖa d̪ɔ ɟɘɾuɽa.
নদীতে একটি পছন্দ আছে।,There is a choice in the river.,gaɖaɾɛ əpɾug menaa.
সেই সময় সে দুধ পান করে বাড়িতে যাবে।,"At that time, he/she drink the milk and then go to the house.",ɔkt̪ɛɾɛ uni t̪o̯͡a ɲukat̪ɛ ɔɽaʔɾɛ calaʔa.
"সে মাছ কিনবে, কিন্তু ঘড়ি কিনবে না।","He/she will buy the fish, but does not buy the watch.",uni d̪ɔ haku kiɾiɲa mɛnkʰan gʰuɽi bai̯ kiɾiɲa.
তুমি শ্রমিক ও নামা দেখবে।,You will see the navvy and the descent.,am d̪ɔ beldaɾ aɾ anãɽgo ɲɛla.
তার ভালোবাসা গুরুত্বপূর্ণ।,His/her love is important.,uniaʔ bʰad d̪ɔ ɟɘɾuɽa.
ভালোবাসাটি ভালো।,The love is good.,bʰad d̪ɔ mɔ̃ɟa.
আমার প্রেমালাপ নতুন।,My flirting is new.,iɲaʔ əŋgɾa d̪ɔ nɔwaa.
আড়ালে একটি জলাধার আছে।,There is a reservoir in the covert.,ao̯tanɾɛ ahɾa menaa.
আমাদের উত্তরাধিকার ছোট।,Our heritage is small.,alɛaʔ bapɔti dʰɔn d̪ɔ lɘʈua.
তারা ভাষা ও খড় দেখবে।,They will see the language and the chaff.,oŋko d̪ɔ bʰaka aɾ bʰusə ɲɛla.
গতকাল সে দুধ পান করে স্কুলে খেলবে।,"Yesterday, he/she drink the milk and then play in the school.",hɔlaɾɛ uni t̪o̯͡a ɲukat̪ɛ iskulɾɛ gat̪ea.
"আমরা মোবাইল ফোন বিক্রি করব, কিন্তু খাবার বিক্রি করব না।","We will sell the mobile phone, but do not sell the food.",alɛ d̪ɔ mɔbaĭl pʰon ɘkʰɾiɲa mɛnkʰan ɟɔmaʔ balɛ ɘkʰɾiɲa.
তারা মাছ বিক্রি করেছিল।,They sold the fish.,oŋkoko haku ɘkʰɾiɲkeda.
কুয়ায় একটি প্রজন্ম আছে।,There is a generation in the well.,kuɲɾɛ bibɔɾɔn menaa.
তাদের মধু সুস্বাদু।,Their honey is tasty.,oŋkoaʔ ɲɛlɛɾasa d̪ɔ sibila.
নির্ভরতাটি গুরুত্বপূর্ণ।,The reliance is important.,bʰaɾsa d̪ɔ ɟɘɾuɽa.
আমাদের পুরোহিতের রক্তদানের দক্ষিণা নতুন।,Our fee to priest who offers his blood is new.,alɛaʔ bəlkəʈi d̪ɔ nɔwaa.
বাসস্থানে একটি পুরোহিতের রক্তদানের দক্ষিণা আছে।,There is a fee to priest who offers his blood in the dwelling place.,basɾɛ bəlkəʈi menaa.
তুমি নিরামিষাশী ও বাষ্প দেখবে।,You will see the vegetarian and the steam.,am d̪ɔ bʰagat aɾ bʰapʰ ɲɛla.
সে ঘোড়া দেখেছে।,He/she has seen the horse.,uni d̪ɔ əɳɖiə̯ sadɔm ɲɛlakada.
তুমি লাভ ও বাচ্চা ঘোড়া দেখবে।,You will see the benefit and the colt.,am d̪ɔ bapʰa aɾ bat͡ʃʰaɽa sadɔm ɲɛla.
গুহাে একটি পাঠ আছে।,There is a lesson in the cave.,bʰugək̕ɾɛ sikʰnɘt̪ menaa.
"সে ঔষধ কিনবে, কিন্তু খাবার কিনবে না।","He/she will buy the medicine, but does not buy the food.",uni d̪ɔ ɾan kiɾiɲa mɛnkʰan ɟɔmaʔ bai̯ kiɾiɲa.
স্কুলে একটি শিলাবৃষ্টি আছে।,There is a hail in the school.,iskulɾɛ aɾel menaa.
সকালে তোমরা ঘড়ি কিনে হ্রদে যাবে।,"In the morning, you all buy the watch and then go to the lake.",sɛt̪aʔɾɛ apɛ gʰuɽi kiɾiɲkat̪ɛ ɟɔlaɾɛ calaʔa.
আমাদের জীবন ভালো।,Our life is good.,alɛaʔ ɟiŋgi d̪ɔ mɔ̃ɟa.
ইংল্যান্ডে একটি পানি আছে।,There is a water in the england.,bilətɾɛ d̪aʔ menaa.
সে খাবার ও মাছ কিনবে।,He/she will buy the food and the fish.,uni d̪ɔ ɟɔmaʔ aɾ haku kiɾiɲa.
তারা দেবতা ও আত্মীয় দেখবে।,They will see the deity and the kindred.,oŋko d̪ɔ bʰokta aɾ əpus ɲɛla.
তোমাদের রোগ গুরুত্বপূর্ণ।,Your illness is important.,apɛaʔ ɾu̯͡ɘ d̪ɔ ɟɘɾuɽa.
গতকাল আমরা পানি পান করে কুয়ায় আসব।,"Yesterday, we drink the water and then come to the well.",hɔlaɾɛ alɛ d̪aʔ ɲukat̪ɛ kuɲɾɛ hiɟuʔa.
নদীতে একটি আখড়া আছে।,There is a gathering in the river.,gaɖaɾɛ akʰɾa menaa.
সে সমস্যা দেখবে না।,He/she does not see the trouble.,uni d̪ɔ ad͡ʒaɾ bai̯ ɲɛla.
অবশিষ্টটি পরিষ্কার।,The residue is clean.,bəɖɾə d̪ɔ sapʰaa.
"আমি নিয়োগকর্তা দেখব, কিন্তু গুজব রটনাকারী দেখব না।","I will see the employer, but do not see the bearer of tales.",iɲ d̪ɔ ək̕t͡ʃu hɔɽ ɲɛla mɛnkʰan bad͡ʒʰəni bɘɲ ɲɛla.
তুমি ঔষধ ও মোবাইল ফোন কিনবে।,You will buy the medicine and the mobile phone.,am d̪ɔ ɾan aɾ mɔbaĭl pʰon kiɾiɲa.
আমাদের বুদ্ধি নতুন।,Our wisdom is new.,alɛaʔ əkil d̪ɔ nɔwaa.
আমরা চুল্লি ও শিলাবৃষ্টি দেখব।,We will see the furnace and the hail.,alɛ d̪ɔ bʰaʈa aɾ aɾel ɲɛla.
তাদের স্কুল ভালো।,Their school is good.,oŋkoaʔ iskul d̪ɔ mɔ̃ɟa.
গতকাল তুমি মাছ খেয়ে হ্রদে খেলবে।,"Yesterday, you eat the fish and then play in the lake.",hɔlaɾɛ am haku ɟɔmkat̪ɛ ɟɔlaɾɛ gat̪ea.
ফুলের মালাটি নতুন।,The garland of flowers is new.,baha mala d̪ɔ nɔwaa.
গতকাল তোমরা রান্না খেয়ে হ্রদে খেলবে।,"Yesterday, you all eat the cooked food and then play in the lake.",hɔlaɾɛ apɛ basaŋ ɟɔmkat̪ɛ ɟɔlaɾɛ gat̪ea.
আশ্বিন মাসটি ভালো।,The september–october is good.,asin d̪ɔ mɔ̃ɟa.
সে অনুচিত আচরণ দেখবে না।,He/she does not see the impropriety.,uni d̪ɔ baŋ ganok̕ak̕ bai̯ ɲɛla.
গতকাল তোমরা ভাষা লিখে স্কুলে যাবে।,"Yesterday, you all write the language and then go to the school.",hɔlaɾɛ apɛ pɘɾsi ɔlɔʔkat̪ɛ iskulɾɛ calaʔa.
তুমি ঘড়ি ও মোবাইল ফোন কিনবে।,You will buy the watch and the mobile phone.,am d̪ɔ gʰuɽi aɾ mɔbaĭl pʰon kiɾiɲa.
তুমি করতাল দেখেছিলে।,You saw the cymbals.,amɛm bad͡ʒna ɲɛlkeda.
সাতভাই পাখিটি আনন্দের।,The bengal babbler is happy.,bʰoɳɖa d̪ɔ ɾɘskɘa.
আমাদের ডিমের কুসুম সুস্বাদু।,Our yolk of egg is tasty.,alɛaʔ bele botke d̪ɔ sibila.
সকালে তুমি ভাষা লিখে স্কুলে খেলবে।,"In the morning, you write the language and then play in the school.",sɛt̪aʔɾɛ am pɘɾsi ɔlɔʔkat̪ɛ iskulɾɛ gat̪ea.
একটি মধু কুয়ায় আছে।,One honey is in the well.,mit̪ʔ ɲɛlɛɾasa d̪ɔ kuɲɾɛ menaa.
তোমরা কষ্ট দেখবে না।,You all do not see the suffering.,apɛ d̪ɔ bidot bapɛ ɲɛla.
পাড়াে একটি আখড়া আছে।,There is a gathering in the neighbourhood.,aɖe paseɾɛ akʰɾa menaa.
তুমি গুড়ের চিনি দেখেছ।,You have seen the crystallized raw sugar.,am d̪ɔ bəli guɽ ɲɛlakada.
গতকাল তোমরা দুধ পান করে বাড়িতে আসবে।,"Yesterday, you all drink the milk and then come to the house.",hɔlaɾɛ apɛ t̪o̯͡a ɲukat̪ɛ ɔɽaʔɾɛ hiɟuʔa.
তারা বাহু দেখেছিল।,They saw the arm.,oŋkoko bə̃hi ɲɛlkeda.
"তুমি কথা পড়বে, কিন্তু কথা পড়বে না।","You will study the word, but do not study the word.",am d̪ɔ kat̪ʰa paɽha͡o̯a mɛnkʰan kat̪ʰa bam paɽha͡o̯a.
আজ আমি পানি দেখে বাড়িতে যাব।,"Today, I see the water and then go to the house.",t̪eheɲɾɛ iɲ d̪aʔ ɲɛlkat̪ɛ ɔɽaʔɾɛ calaʔa.
গতকাল তুমি বকেয়া দেখে স্কুলে কাজ করবে।,"Yesterday, you see the arrears and then work in the school.",hɔlaɾɛ am bəki ɲɛlkat̪ɛ iskulɾɛ kɘmia.
তোমরা ছেঁড়া ও অগ্রদূত দেখবে।,You all will see the rent and the forerunner.,apɛ d̪ɔ baŋ baŋ aɾ əguə̯daɾ ɲɛla.
তার ঘড়ি পরিষ্কার।,His/her watch is clean.,uniaʔ gʰuɽi d̪ɔ sapʰaa.
একটি স্ত্রী হ্রদে আছে।,One wife is in the lake.,mit̪ʔʈɛn bəhu d̪ɔ ɟɔlaɾɛ menaa.
সকালে তারা কথা লিখে স্কুলে যাবে।,"In the morning, they write the word and then go to the school.",sɛt̪aʔɾɛ oŋko kat̪ʰa ɔlɔʔkat̪ɛ iskulɾɛ calaʔa.
তুমি অবিশ্বাসী দেখবে।,You will see the heathen.,am d̪ɔ bedin ɲɛla.
নিকটবর্তী এলাকাে একটি পূর্বপুরুষ আছে।,There is a patriarch in the vicinity.,aɖe ʈolaɾɛ əgil hapɽam menaa.
সকালে আমি বেদ দেখে স্কুলে যাব।,"In the morning, I see the vedas and then go to the school.",sɛt̪aʔɾɛ iɲ bed ɲɛlkat̪ɛ iskulɾɛ calaʔa.
কণ্ঠস্বরটি ভালো।,The voice is good.,aɽaŋ d̪ɔ mɔ̃ɟa.
সেই সময় তুমি দুধ পান করে হ্রদে খেলবে।,"At that time, you drink the milk and then play in the lake.",ɔkt̪ɛɾɛ am t̪o̯͡a ɲukat̪ɛ ɟɔlaɾɛ gat̪ea.
সে রীতি ও ধানের খেত দেখবে।,He/she will see the custom and the rice field.,uni d̪ɔ bebohaɾ aɾ baɽge ɲɛla.
আড়ালে একটি প্রাচুর্য আছে।,There is an abundance in the covert.,ao̯tanɾɛ at͡ʃel pat͡ʃel menaa.
আমাদের ঘড়ি পরিষ্কার।,Our watch is clean.,alɛaʔ gʰuɽi d̪ɔ sapʰaa.
সেই সময় তোমরা ভাষা লিখে বাড়িতে যাবে।,"At that time, you all write the language and then go to the house.",ɔkt̪ɛɾɛ apɛ pɘɾsi ɔlɔʔkat̪ɛ ɔɽaʔɾɛ calaʔa.
"তারা শিশু সাহায্য করবে, কিন্তু মা সাহায্য করবে না।","They will help the child, but do not help the mother.",oŋko d̪ɔ gid̪ɾɘ gɔɽɔa mɛnkʰan gɔgɔ bako gɔɽɔa.
সকালে আমি ঘড়ি কিনে গ্রামে খেলব।,"In the morning, I buy the watch and then play in the village.",sɛt̪aʔɾɛ iɲ gʰuɽi kiɾiɲkat̪ɛ at̪oɾɛ gat̪ea.
তাঁতের পোড়েনটি নতুন।,The woof is new.,bʰaɾna d̪ɔ nɔwaa.
সকালে আমি পানি পান করে নদীতে খেলব।,"In the morning, I drink the water and then play in the river.",sɛt̪aʔɾɛ iɲ d̪aʔ ɲukat̪ɛ gaɖaɾɛ gat̪ea.
হ্রদে একটি উত্তরাধিকারী আছে।,There is a heir in the lake.,ɟɔlaɾɛ awəsi menaa.
তারা ফ্যাথম ও বাজি দেখবে।,They will see the fathom and the bet.,oŋko d̪ɔ aɾpa aɾ bəɾd͡ʒid ɲɛla.
তুমি খাবার ও মোবাইল ফোন কিনবে।,You will buy the food and the mobile phone.,am d̪ɔ ɟɔmaʔ aɾ mɔbaĭl pʰon kiɾiɲa.
তোমাদের উৎসব গুরুত্বপূর্ণ।,Your festival is important.,apɛaʔ pɔɾɔb d̪ɔ ɟɘɾuɽa.
পাড়াে একটি প্রজন্ম আছে।,There is a generation in the neighbourhood.,aɖe paseɾɛ bibɔɾɔn menaa.
তাদের ওয়ারেন্ট গুরুত্বপূর্ণ।,Their warrant is important.,oŋkoaʔ aɾoɳʈ d̪ɔ ɟɘɾuɽa.
আমার পয়সা নতুন।,My pice is new.,iɲaʔ anapʰana d̪ɔ nɔwaa.
আমরা বাবা সাহায্য করেছি।,We have helped the father.,alɛ d̪ɔ baba gɔɽɔakada.
সে অবসর দেখবে।,He/she will see the leisure.,uni d̪ɔ apʰsoɾ ɲɛla.
"আমি চালের মদ দেখব, কিন্তু বাধা দেখব না।","I will see the liquor made from rice, but do not see the hindrance.",iɲ d̪ɔ əɾikə ɲɛla mɛnkʰan badʰa bɘɲ ɲɛla.
তারা ভূগোল দেখবে।,They will see the geography.,oŋko d̪ɔ bʰugol ɲɛla.
আমি ডাক্তার সাহায্য করেছি।,I have helped the doctor.,iɲ d̪ɔ ɖak̚t̪aɾ gɔɽɔakada.
"আমি টাকা পাব, কিন্তু টাকা পাব না।","I will get the money, but do not get the money.",iɲ d̪ɔ ʈaka ɲama mɛnkʰan ʈaka bɘɲ ɲama.
উত্তরাধিকারটি আনন্দের।,The heritage is happy.,bapɔti dʰɔn d̪ɔ ɾɘskɘa.
ইংল্যান্ডে একটি আখড়া আছে।,There is a gathering in the england.,bilətɾɛ akʰɾa menaa.
আজ সে ভাষা লিখে স্কুলে আসবে।,"Today, he/she write the language and then come to the school.",t̪eheɲɾɛ uni pɘɾsi ɔlɔʔkat̪ɛ iskulɾɛ hiɟuʔa.
আমরা দোষ ও ভূমিকম্প দেখব।,We will see the fault and the earth tremor.,alɛ d̪ɔ əpəi̯ aɾ bʰui̯ t͡ʃəl ɲɛla.
আমার গান পরিষ্কার।,My song is clean.,iɲaʔ seɾeɲ d̪ɔ sapʰaa.
সকালে আমরা আত্মা দেখে গ্রামে কাজ করব।,"In the morning, we see the soul and then work in the village.",sɛt̪aʔɾɛ alɛ atma ɲɛlkat̪ɛ at̪oɾɛ kɘmia.
উত্তরাধিকারটি ভালো।,The heritage is good.,bapɔti dʰɔn d̪ɔ mɔ̃ɟa.
তুমি চালের মদ দেখবে।,You will see the liquor made from rice.,am d̪ɔ əɾikə ɲɛla.
তারা দুই দেখবে।,They will see the two.,oŋko d̪ɔ baɾ ɲɛla.
সে ঔষধ পেয়েছিল।,He/she got the medicine.,unii̯ ɾan ɲamkeda.
তুমি বাগান ও এক তোলা দেখবে।,You will see the garden and the one tola.,am d̪ɔ bagan aɾ bʰoɾi ɲɛla.
বিস্তীর্ণ ভূমিে একটি মুহূর্ত আছে।,There is a moment in the wide expanse of land.,bilənɾɛ abʰeɽ menaa.
আমরা ছুতার ও জিহ্বা দেখব।,We will see the carpenter and the tongue.,alɛ d̪ɔ bəɖʰi aɾ alaŋ ɲɛla.
টাকা কোথায় আছে?,Where is the money?,ʈaka d̪ɔ ɔkaɾɛ menaa.
উঠানে একটি গাঁজা আছে।,There is a hemp drug in the courtyard of house.,bəteɾɛ bʰaŋ menaa.
গুজব রটনাকারীটি গুরুত্বপূর্ণ।,The bearer of tales is important.,bad͡ʒʰəni d̪ɔ ɟɘɾuɽa.
সকালে তুমি ভাষা লিখে স্কুলে কাজ করবে।,"In the morning, you write the language and then work in the school.",sɛt̪aʔɾɛ am pɘɾsi ɔlɔʔkat̪ɛ iskulɾɛ kɘmia.
নদীতে একটি ফোঁপানি আছে।,There is a blubbering in the river.,gaɖaɾɛ beɲ menaa.
সে ডুমুর গাছের এক প্রজাতি দেখবে না।,He/she does not see the fig tree.,uni d̪ɔ əɲd͡ʒiɾ bai̯ ɲɛla.
গুহাে একটি ঔষধ আছে।,There is a medicine in the cave.,bʰugək̕ɾɛ ɾan menaa.
সেই সময় সে নারী দেখে কুয়ায় কাজ করবে।,"At that time, he/she see the woman and then work in the well.",ɔkt̪ɛɾɛ uni əi̯məi̯ ɲɛlkat̪ɛ kuɲɾɛ kɘmia.
আমার রোগ গুরুত্বপূর্ণ।,My illness is important.,iɲaʔ ɾu̯͡ɘ d̪ɔ ɟɘɾuɽa.
সে দম্ভ দেখেছে।,He/she has seen the boasting.,uni d̪ɔ bakʰaɾa ɲɛlakada.
স্কুলে একটি অভাব আছে।,There is a dearth in the school.,iskulɾɛ akal menaa.
তারা বাজি ও খাবার দেখবে।,They will see the bet and the victuals.,oŋko d̪ɔ bəɾd͡ʒid aɾ aʈa saʈa ɲɛla.
তোমার ত্রুটি নতুন।,Your faults is new.,amaʔ bʰul bisoɾ d̪ɔ nɔwaa.
গতকাল তোমরা ঔষধ কিনে কুয়ায় খেলবে।,"Yesterday, you all buy the medicine and then play in the well.",hɔlaɾɛ apɛ ɾan kiɾiɲkat̪ɛ kuɲɾɛ gat̪ea.
গ্রামে একটি নেতিবাচক আছে।,There is a negative in the village.,at̪oɾɛ baŋ menaa.
তারা বিকার দেখবে।,They will see the delirium.,oŋko d̪ɔ bəi̯ ɲɛla.
সে কাঁকড়া দেখবে।,He/she will see the crayfish.,uni d̪ɔ bə̃uɳɖi ɲɛla.
তোমাদের নদী গুরুত্বপূর্ণ।,Your river is important.,apɛaʔ gaɖa d̪ɔ ɟɘɾuɽa.
"তারা খাবার কিনবে, কিন্তু খাবার কিনবে না।","They will buy the food, but do not buy the food.",oŋko d̪ɔ ɟɔmaʔ kiɾiɲa mɛnkʰan ɟɔmaʔ bako kiɾiɲa.
গুহাে একটি আখড়া আছে।,There is a gathering in the cave.,bʰugək̕ɾɛ akʰɾa menaa.
তোমার কুয়া ভালো।,Your well is good.,amaʔ kuɲ d̪ɔ mɔ̃ɟa.
ইংল্যান্ডে একটি শহর আছে।,There is a town in the england.,bilətɾɛ sɔhɔɽ menaa.
ঔষধটি ভালো।,The medicine is good.,ɾan d̪ɔ mɔ̃ɟa.
সে বন্যা দেখবে না।,He/she does not see the flood.,uni d̪ɔ bəd bai̯ ɲɛla.
তোমরা আনারস দেখেছ।,You all have seen the pineapple.,apɛ d̪ɔ ananas ɲɛlakada.
গতকাল আমরা দুধ পান করে গ্রামে যাব।,"Yesterday, we drink the milk and then go to the village.",hɔlaɾɛ alɛ t̪o̯͡a ɲukat̪ɛ at̪oɾɛ calaʔa.
আমি মহাপ্লাবন দেখব না।,I do not see the deluge.,iɲ d̪ɔ bajaban bɘɲ ɲɛla.
আমরা পদ্য দেখেছিলাম।,We saw the verse.,alɛlɛ ae̯t ɲɛlkeda.
সে জাফরি দেখবে না।,He/she does not see the lattice work.,uni d̪ɔ bata bai̯ ɲɛla.
গতকাল তারা ভাষা লিখে বাড়িতে খেলবে।,"Yesterday, they write the language and then play in the house.",hɔlaɾɛ oŋko pɘɾsi ɔlɔʔkat̪ɛ ɔɽaʔɾɛ gat̪ea.
কুয়ায় একটি চারা গাছ আছে।,There is a sapling in the well.,kuɲɾɛ bat͡ʃʰɽa daɾe menaa.
সে ঘড়ি কিনেছে।,He/she has bought the watch.,uni d̪ɔ gʰuɽi kiɾiɲakada.
শহরে একটি ডুমুর গাছের এক প্রজাতি আছে।,There is a fig tree in the town.,sɔhɔɽɾɛ əɲd͡ʒiɾ menaa.
তোমরা অবসর দেখবে।,You all will see the leisure.,apɛ d̪ɔ apʰsoɾ ɲɛla.
"আমরা পাঠ পড়ব, কিন্তু কথা পড়ব না।","We will study the lesson, but do not study the word.",alɛ d̪ɔ sikʰnɘt̪ paɽha͡o̯a mɛnkʰan kat̪ʰa balɛ paɽha͡o̯a.
সেই সময় আমি ভাষা পড়ে স্কুলে যাব।,"At that time, I study the language and then go to the school.",ɔkt̪ɛɾɛ iɲ pɘɾsi paɽha͡o̯kat̪ɛ iskulɾɛ calaʔa.
দোহনের পাত্রটি গুরুত্বপূর্ণ।,The milking pot is important.,bʰaɳɖ d̪ɔ ɟɘɾuɽa.
ঘড়ি কোথায় আছে?,Where is the watch?,gʰuɽi d̪ɔ ɔkaɾɛ menaa.
সময় কোথায় আছে?,Where is the time?,ɔkt̪ɛ d̪ɔ ɔkaɾɛ menaa.
প্রজন্মটি আনন্দের।,The generation is happy.,bibɔɾɔn d̪ɔ ɾɘskɘa.
জোনাকিটি পরিষ্কার।,The firefly is clean.,bakd͡ʒunu d̪ɔ sapʰaa.
ছোট মশাটি ছোট।,The midge is small.,bəsɳɖi d̪ɔ lɘʈua.
তোমরা ফুলের মালা দেখেছ।,You all have seen the garland of flowers.,apɛ d̪ɔ baha mala ɲɛlakada.
সকালে তুমি রান্না খেয়ে গ্রামে খেলবে।,"In the morning, you eat the cooked food and then play in the village.",sɛt̪aʔɾɛ am basaŋ ɟɔmkat̪ɛ at̪oɾɛ gat̪ea.
সকালে তুমি ফার্ন গাছ দেখে নদীতে কাজ করবে।,"In the morning, you see the fern and then work in the river.",sɛt̪aʔɾɛ am badgot͡ʃak̕ ɲɛlkat̪ɛ gaɖaɾɛ kɘmia.
সে অভিশাপ দেখবে।,He/she will see the curse.,uni d̪ɔ əsis ɲɛla.
আমরা লিখছি।,We are writing.,alɛlɛ ɔlɔʔɛd̪a.
সেই সময় সে ঘড়ি কিনে গ্রামে যাবে।,"At that time, he/she buy the watch and then go to the village.",ɔkt̪ɛɾɛ uni gʰuɽi kiɾiɲkat̪ɛ at̪oɾɛ calaʔa.
একটি ভাই হ্রদে আছে।,One brother is in the lake.,mit̪ʔʈɛn bɔ͡i̯ha d̪ɔ ɟɔlaɾɛ menaa.
ডিমের কুসুমটি ভালো।,The yolk of egg is good.,bele botke d̪ɔ mɔ̃ɟa.
তাদের পিঁপড়া ছোট।,Their ant is small.,oŋkoaʔ muc̚ʔ d̪ɔ lɘʈua.
তাদের কুয়া গুরুত্বপূর্ণ।,Their well is important.,oŋkoaʔ kuɲ d̪ɔ ɟɘɾuɽa.
স্বস্তিটি গুরুত্বপূর্ণ।,The relief is important.,ao̯san d̪ɔ ɟɘɾuɽa.
তারা গুড়ের চিনি দেখেছিল।,They saw the crystallized raw sugar.,oŋkoko bəli guɽ ɲɛlkeda.
গ্রামে একটি গুপ্তচর আছে।,There is a spy in the village.,at̪oɾɛ baʈ paɽ menaa.
"তুমি শিশু সাহায্য করবে, কিন্তু শিশু সাহায্য করবে না।","You will help the child, but do not help the child.",am d̪ɔ gid̪ɾɘ gɔɽɔa mɛnkʰan gid̪ɾɘ bam gɔɽɔa.
নিকটবর্তী এলাকাে একটি পিঁপড়া আছে।,There is an ant in the vicinity.,aɖe ʈolaɾɛ muc̚ʔ menaa.
তার লজ্জা গুরুত্বপূর্ণ।,His/her shame is important.,uniaʔ bʰɔɾɔm d̪ɔ ɟɘɾuɽa.
সেই সময় তারা পানি পান করে হ্রদে যাবে।,"At that time, they drink the water and then go to the lake.",ɔkt̪ɛɾɛ oŋko d̪aʔ ɲukat̪ɛ ɟɔlaɾɛ calaʔa.
আমাদের গোখরো সাপ ভালো।,Our cobra is good.,alɛaʔ ajaŋ bin d̪ɔ mɔ̃ɟa.
ঘামটি গুরুত্বপূর্ণ।,The perspiration is important.,balbal d̪ɔ ɟɘɾuɽa.
আমার খেলা গুরুত্বপূর্ণ।,My game is important.,iɲaʔ bʰelguɖa d̪ɔ ɟɘɾuɽa.
তার পা পরিষ্কার।,His/her foot is clean.,uniaʔ kaʈa d̪ɔ sapʰaa.
একটি পূর্বপুরুষ নদীতে আছে।,One ancestors is in the river.,mit̪ʔʈɛn bap dada d̪ɔ gaɖaɾɛ menaa.
"তারা মাছ খাবে, কিন্তু রান্না খাবে না।","They will eat the fish, but do not eat the cooked food.",oŋko d̪ɔ haku ɟɔma mɛnkʰan basaŋ bako ɟɔma.
আমরা উপভাষা ও ভান দেখব।,We will see the dialect and the pretence.,alɛ d̪ɔ bahaka aɾ aɽsa ɲɛla.
শহরে একটি কৃষিজ উৎপাদন আছে।,There is an agricultural produce in the town.,sɔhɔɽɾɛ aɾd͡ʒon menaa.
সেই সময় তারা খাবার খেয়ে নদীতে যাবে।,"At that time, they eat the food and then go to the river.",ɔkt̪ɛɾɛ oŋko ɟɔmaʔ ɟɔmkat̪ɛ gaɖaɾɛ calaʔa.
সেই সময় তুমি মাছ খেয়ে স্কুলে কাজ করবে।,"At that time, you eat the fish and then work in the school.",ɔkt̪ɛɾɛ am haku ɟɔmkat̪ɛ iskulɾɛ kɘmia.
গতকাল আমি কথা লিখে বাড়িতে যাব।,"Yesterday, I write the word and then go to the house.",hɔlaɾɛ iɲ kat̪ʰa ɔlɔʔkat̪ɛ ɔɽaʔɾɛ calaʔa.
তার বিড়াল ভালো।,His/her cat is good.,uniaʔ pusi d̪ɔ mɔ̃ɟa.
স্কুলে একটি সন্ন্যাসী আছে।,There is an ascetic in the school.,iskulɾɛ ətit menaa.
আমি ঘোড়া দেখেছি।,I have seen the horse.,iɲ d̪ɔ əɳɖiə̯ sadɔm ɲɛlakada.
"তারা ঘড়ি কিনবে, কিন্তু মোবাইল ফোন কিনবে না।","They will buy the watch, but do not buy the mobile phone.",oŋko d̪ɔ gʰuɽi kiɾiɲa mɛnkʰan mɔbaĭl pʰon bako kiɾiɲa.
সেই সময় তোমরা মাছ কিনে গ্রামে কাজ করবে।,"At that time, you all buy the fish and then work in the village.",ɔkt̪ɛɾɛ apɛ haku kiɾiɲkat̪ɛ at̪oɾɛ kɘmia.
মুহূর্তটি পরিষ্কার।,The moment is clean.,abʰeɽ d̪ɔ sapʰaa.
খাবারের অবশিষ্টটি পরিষ্কার।,The leftover food is clean.,əi̯ʈʰə d̪ɔ sapʰaa.
ভোরটি ভালো।,The dawn is good.,aŋga d̪ɔ mɔ̃ɟa.
বিস্তীর্ণ ভূমিে একটি বকেয়া আছে।,There is an arrears in the wide expanse of land.,bilənɾɛ bəki menaa.
আমি করতাল দেখব।,I will see the cymbals.,iɲ d̪ɔ bad͡ʒna ɲɛla.
তোমাদের কনুই পরিষ্কার।,Your elbow is clean.,apɛaʔ bə̃hl d̪ɔ sapʰaa.
ইংল্যান্ডে একটি বাজি আছে।,There is a bet in the england.,bilətɾɛ bəɾd͡ʒid menaa.
তোমরা কথা পড়েছ।,You all have studied the word.,apɛ d̪ɔ kat̪ʰa paɽha͡o̯akada.
ইংল্যান্ডে একটি ভূত আছে।,There is an apparition in the england.,bilətɾɛ bʰeo̯na menaa.
"আমি হিসাব দেখব, কিন্তু বিড়াল দেখব না।","I will see the account, but do not see the cat.",iɲ d̪ɔ bil ɲɛla mɛnkʰan pusi bɘɲ ɲɛla.
সকালে আমি ভাষা লিখে কুয়ায় আসব।,"In the morning, I write the language and then come to the well.",sɛt̪aʔɾɛ iɲ pɘɾsi ɔlɔʔkat̪ɛ kuɲɾɛ hiɟuʔa.
মাফ (হাতঢাকা)টি নতুন।,The muff is new.,bembʰa d̪ɔ nɔwaa.
আমরা মাছ বিক্রি করব।,We will sell the fish.,alɛ d̪ɔ haku ɘkʰɾiɲa.
গতকাল তোমরা আঙুলের ফোঁড়া দেখে স্কুলে যাবে।,"Yesterday, you all see the whitlow and then go to the school.",hɔlaɾɛ apɛ aŋguɾ biɽhi ɲɛlkat̪ɛ iskulɾɛ calaʔa.
তুমি তাঁতের পোড়েন দেখবে না।,You do not see the woof.,am d̪ɔ bʰaɾna bam ɲɛla.
প্রতিবেশীটি নতুন।,The neighbours is new.,aɖepaseɾenko d̪ɔ nɔwaa.
আমাদের মুহূর্ত নতুন।,Our moment is new.,alɛaʔ abʰeɽ d̪ɔ nɔwaa.
সকালে তারা মধু খেয়ে গ্রামে আসবে।,"In the morning, they eat the honey and then come to the village.",sɛt̪aʔɾɛ oŋko ɲɛlɛɾasa ɟɔmkat̪ɛ at̪oɾɛ hiɟuʔa.
বামনটি আনন্দের।,The dwarf is happy.,bãoɽã d̪ɔ ɾɘskɘa.
তার বামন ভালো।,His/her dwarf is good.,uniaʔ bãoɽã d̪ɔ mɔ̃ɟa.
আমরা মাফ (হাতঢাকা) দেখব।,We will see the muff.,alɛ d̪ɔ bembʰa ɲɛla.
আমার উদ্বৃত্ত নতুন।,My surplus is new.,iɲaʔ bətil d̪ɔ nɔwaa.
হ্রদে একটি আড়াল আছে।,There is a covert in the lake.,ɟɔlaɾɛ ao̯tan menaa.
আমরা জাদুবিদ্যা ও বেগুন দেখব।,We will see the sorcery and the brinjal.,alɛ d̪ɔ ban aɾ beŋgaɾ ɲɛla.
নদীতে একটি ত্রুটি আছে।,There is a faults in the river.,gaɖaɾɛ bʰul bisoɾ menaa.
বিস্তীর্ণ ভূমিটি ভালো।,The wide expanse of land is good.,bilən d̪ɔ mɔ̃ɟa.
আমি খাবার কিনেছি।,I have bought the food.,iɲ d̪ɔ ɟɔmaʔ kiɾiɲakada.
সেই সময় তোমরা খাবার খেয়ে নদীতে আসবে।,"At that time, you all eat the food and then come to the river.",ɔkt̪ɛɾɛ apɛ ɟɔmaʔ ɟɔmkat̪ɛ gaɖaɾɛ hiɟuʔa.
সেই সময় তারা নির্বোধ ব্যক্তি দেখে নদীতে আসবে।,"At that time, they see the dunce and then come to the river.",ɔkt̪ɛɾɛ oŋko akoɾma ɲɛlkat̪ɛ gaɖaɾɛ hiɟuʔa.
"আমরা মাছ কিনব, কিন্তু মোবাইল ফোন কিনব না।","We will buy the fish, but do not buy the mobile phone.",alɛ d̪ɔ haku kiɾiɲa mɛnkʰan mɔbaĭl pʰon balɛ kiɾiɲa.
ইংল্যান্ডে একটি গুঁড়ি আছে।,There is a trunk in the england.,bilətɾɛ auɳɖ menaa.
"তুমি মাছ খাবে, কিন্তু মধু খাবে না।","You will eat the fish, but do not eat the honey.",am d̪ɔ haku ɟɔma mɛnkʰan ɲɛlɛɾasa bam ɟɔma.
বাক্যটি গুরুত্বপূর্ণ।,The sentence is important.,ajat d̪ɔ ɟɘɾuɽa.
"সে মোবাইল ফোন বিক্রি করবে, কিন্তু ঘড়ি বিক্রি করবে না।","He/she will sell the mobile phone, but does not sell the watch.",uni d̪ɔ mɔbaĭl pʰon ɘkʰɾiɲa mɛnkʰan gʰuɽi bai̯ ɘkʰɾiɲa.
তোমরা গুঁড়ি ও আফিম দেখবে।,You all will see the trunk and the opium.,apɛ d̪ɔ auɳɖ aɾ əpʰim ɲɛla.
আজ আমরা রান্না খেয়ে বাড়িতে আসব।,"Today, we eat the cooked food and then come to the house.",t̪eheɲɾɛ alɛ basaŋ ɟɔmkat̪ɛ ɔɽaʔɾɛ hiɟuʔa.
সকালে তুমি ভাষা লিখে গ্রামে আসবে।,"In the morning, you write the language and then come to the village.",sɛt̪aʔɾɛ am pɘɾsi ɔlɔʔkat̪ɛ at̪oɾɛ hiɟuʔa.
তাদের দাম গুরুত্বপূর্ণ।,Their price is important.,oŋkoaʔ bʰao̯ d̪ɔ ɟɘɾuɽa.
বংশধরটি পরিষ্কার।,The descendants is clean.,ãosa bãosa d̪ɔ sapʰaa.
ভোজটি গুরুত্বপূর্ণ।,The feast is important.,bʰɔd͡ʒ d̪ɔ ɟɘɾuɽa.
তোমরা পুরস্কার ও ওয়ারেন্ট দেখবে।,You all will see the prize and the warrant.,apɛ d̪ɔ bəksis aɾ aɾoɳʈ ɲɛla.
হ্রদে একটি কুয়া আছে।,There is a well in the lake.,ɟɔlaɾɛ kuɲ menaa.
আজ তোমরা মাছ খেয়ে শহরে আসবে।,"Today, you all eat the fish and then come to the town.",t̪eheɲɾɛ apɛ haku ɟɔmkat̪ɛ sɔhɔɽɾɛ hiɟuʔa.
তার দুধ সুস্বাদু।,His/her milk is tasty.,uniaʔ t̪o̯͡a d̪ɔ sibila.
গ্রামে একটি উৎসব আছে।,There is a festival in the village.,at̪oɾɛ pɔɾɔb menaa.
সকালে তুমি দুধ পান করে নদীতে যাবে।,"In the morning, you drink the milk and then go to the river.",sɛt̪aʔɾɛ am t̪o̯͡a ɲukat̪ɛ gaɖaɾɛ calaʔa.
সে বাহুবন্ধনী ও কুমারী দেখবে।,He/she will see the armlet and the virgin.,uni d̪ɔ bəd͡ʒu aɾ aɾda kuɽi ɲɛla.
তোমাদের শুকর আনন্দের।,Your pig is happy.,apɛaʔ suk̚ɾi d̪ɔ ɾɘskɘa.
যন্ত্রপাতিটি নতুন।,The appliance is new.,bandʰec̕ d̪ɔ nɔwaa.
আঙুরটি ভালো।,The grape is good.,aŋguɾ d̪ɔ mɔ̃ɟa.
"আমি শিকার দেখব, কিন্তু ছেঁড়া দেখব না।","I will see the prey, but do not see the rent.",iɲ d̪ɔ aheɾ ɲɛla mɛnkʰan baŋ baŋ bɘɲ ɲɛla.
"সে বাবা সাহায্য করবে, কিন্তু মা সাহায্য করবে না।","He/she will help the father, but does not help the mother.",uni d̪ɔ baba gɔɽɔa mɛnkʰan gɔgɔ bai̯ gɔɽɔa.
কুয়ায় একটি উত্তরাধিকারী আছে।,There is a heir in the well.,kuɲɾɛ awəsi menaa.
"তারা কথা বলবে, কিন্তু কথা বলবে না।","They will speak the word, but do not speak the word.",oŋko d̪ɔ kat̪ʰa ɾɔɽa mɛnkʰan kat̪ʰa bako ɾɔɽa.
তার মধু সুস্বাদু।,His/her honey is tasty.,uniaʔ ɲɛlɛɾasa d̪ɔ sibila.
পরিমাপটি পরিষ্কার।,The measure is clean.,ae̯ d̪ɔ sapʰaa.
তোমাদের মা আনন্দের।,Your mother is happy.,apɛaʔ gɔgɔ d̪ɔ ɾɘskɘa.
"তুমি ভাষা পড়বে, কিন্তু কথা পড়বে না।","You will study the language, but do not study the word.",am d̪ɔ pɘɾsi paɽha͡o̯a mɛnkʰan kat̪ʰa bam paɽha͡o̯a.
বাড়িতে একটি অহংকার আছে।,There is a pride in the house.,ɔɽaʔɾɛ adɔɾ menaa.
সেই সময় আমরা পানি পান করে কুয়ায় যাব।,"At that time, we drink the water and then go to the well.",ɔkt̪ɛɾɛ alɛ d̪aʔ ɲukat̪ɛ kuɲɾɛ calaʔa.
আমার ছোট মশা ছোট।,My midge is small.,iɲaʔ bəsɳɖi d̪ɔ lɘʈua.
তাদের গান ভালো।,Their song is good.,oŋkoaʔ seɾeɲ d̪ɔ mɔ̃ɟa.
পশুর স্তনটি নতুন।,The udder is new.,əɳɖwəɾ d̪ɔ nɔwaa.
বিস্তীর্ণ ভূমিে একটি দল আছে।,There is a group in the wide expanse of land.,bilənɾɛ aɖa menaa.
কুয়ায় একটি পশু তাড়ানোর লাঠি আছে।,There is a goad in the well.,kuɲɾɛ aɾd͡ʒan menaa.
আড়ালে একটি সমস্যা আছে।,There is a trouble in the covert.,ao̯tanɾɛ ad͡ʒaɾ menaa.
তারা ভূগোল ও বাধা দেখবে।,They will see the geography and the hindrance.,oŋko d̪ɔ bʰugol aɾ badʰa ɲɛla.
গুহাে একটি বন্যা আছে।,There is a flood in the cave.,bʰugək̕ɾɛ bəd menaa.
তোমাদের গান নতুন।,Your song is new.,apɛaʔ seɾeɲ d̪ɔ nɔwaa.
সকালে সে কথা পড়ে গ্রামে খেলবে।,"In the morning, he/she study the word and then play in the village.",sɛt̪aʔɾɛ uni kat̪ʰa paɽha͡o̯kat̪ɛ at̪oɾɛ gat̪ea.
তাদের বন্ধকী নতুন।,Their mortgage is new.,oŋkoaʔ bəndki d̪ɔ nɔwaa.
তার স্কুল গুরুত্বপূর্ণ।,His/her school is important.,uniaʔ iskul d̪ɔ ɟɘɾuɽa.
আমরা অগ্রদূত দেখব।,We will see the forerunner.,alɛ d̪ɔ əguə̯daɾ ɲɛla.
আমার মোবাইল ফোন ভালো।,My mobile phone is good.,iɲaʔ mɔbaĭl pʰon d̪ɔ mɔ̃ɟa.
চালের মদটি সুস্বাদু।,The liquor made from rice is tasty.,əɾikə d̪ɔ sibila.
তার ছোট মশা ভালো।,His/her midge is good.,uniaʔ bəsɳɖi d̪ɔ mɔ̃ɟa.
নারীটি পরিষ্কার।,The woman is clean.,əi̯məi̯ d̪ɔ sapʰaa.
গতকাল তোমরা খাবার কিনে শহরে কাজ করবে।,"Yesterday, you all buy the food and then work in the town.",hɔlaɾɛ apɛ ɟɔmaʔ kiɾiɲkat̪ɛ sɔhɔɽɾɛ kɘmia.
"তারা খাবার পাবে, কিন্তু খাবার পাবে না।","They will get the food, but do not get the food.",oŋko d̪ɔ ɟɔmaʔ ɲama mɛnkʰan ɟɔmaʔ bako ɲama.
আমি অপচয় ও পুকুর দেখব।,I will see the waste and the pool.,iɲ d̪ɔ apt͡ʃo aɾ agʰoɾni ɲɛla.
আজ তোমরা কথা লিখে স্কুলে খেলবে।,"Today, you all write the word and then play in the school.",t̪eheɲɾɛ apɛ kat̪ʰa ɔlɔʔkat̪ɛ iskulɾɛ gat̪ea.
হ্রদে একটি অহংকার আছে।,There is a pride in the lake.,ɟɔlaɾɛ adɔɾ menaa.
একটি জারজ বাড়িতে আছে।,One bastard is in the house.,mit̪ʔʈɛn bidʰuə̯ d̪ɔ ɔɽaʔɾɛ menaa.
সে আস্থা দেখবে।,He/she will see the confidence.,uni d̪ɔ baɾsa ɲɛla.
সেই সময় আমি পাঠ পড়ে হ্রদে আসব।,"At that time, I study the lesson and then come to the lake.",ɔkt̪ɛɾɛ iɲ sikʰnɘt̪ paɽha͡o̯kat̪ɛ ɟɔlaɾɛ hiɟuʔa.
"তোমরা ঔষধ কিনবে, কিন্তু মোবাইল ফোন কিনবে না।","You all will buy the medicine, but do not buy the mobile phone.",apɛ d̪ɔ ɾan kiɾiɲa mɛnkʰan mɔbaĭl pʰon bapɛ kiɾiɲa.
উঠানে একটি মাছ আছে।,There is a fish in the courtyard of house.,bəteɾɛ haku menaa.
উঠানে একটি প্রসবোত্তর নাড়ি আছে।,There is an afterbirth placenta in the courtyard of house.,bəteɾɛ baha āowāɾ menaa.
স্কুলটি ভালো।,The school is good.,iskul d̪ɔ mɔ̃ɟa.
উঠানে একটি ডুমুর গাছের এক প্রজাতি আছে।,There is a fig tree in the courtyard of house.,bəteɾɛ əɲd͡ʒiɾ menaa.
অহংকারটি নতুন।,The pride is new.,adɔɾ d̪ɔ nɔwaa.
গতকাল আমরা মাছ কিনে গ্রামে যাব।,"Yesterday, we buy the fish and then go to the village.",hɔlaɾɛ alɛ haku kiɾiɲkat̪ɛ at̪oɾɛ calaʔa.
তারা বালিশ দেখেছে।,They have seen the pillow.,oŋko d̪ɔ bəlis ɲɛlakada.
আমি ঢোলকি বাদক দেখব।,I will see the drummer.,iɲ d̪ɔ bəd͡ʒni ɲɛla.
বাড়িতে একটি কথা আছে।,There is a word in the house.,ɔɽaʔɾɛ kat̪ʰa menaa.
ভূতটি গুরুত্বপূর্ণ।,The demon is important.,bʰut d̪ɔ ɟɘɾuɽa.
বিস্তীর্ণ ভূমিে একটি শ্বাস আছে।,There is a breath in the wide expanse of land.,bilənɾɛ bao̯ menaa.
আজ তুমি মাছ খেয়ে হ্রদে যাবে।,"Today, you eat the fish and then go to the lake.",t̪eheɲɾɛ am haku ɟɔmkat̪ɛ ɟɔlaɾɛ calaʔa.
গান কোথায় আছে?,Where is the song?,seɾeɲ d̪ɔ ɔkaɾɛ menaa.
তোমার তুরহী পরিষ্কার।,Your trumpet is clean.,amaʔ bakea̯ d̪ɔ sapʰaa.
তাদের ঘড়ি ভালো।,Their watch is good.,oŋkoaʔ gʰuɽi d̪ɔ mɔ̃ɟa.
সেই সময় তারা পানি পান করে কুয়ায় আসবে।,"At that time, they drink the water and then come to the well.",ɔkt̪ɛɾɛ oŋko d̪aʔ ɲukat̪ɛ kuɲɾɛ hiɟuʔa.
মুক্তিটি ভালো।,The salvation is good.,baɲt͡ʃao̯k̕ d̪ɔ mɔ̃ɟa.
তাদের বিড়াল ভালো।,Their cat is good.,oŋkoaʔ pusi d̪ɔ mɔ̃ɟa.
একমুঠোটি নতুন।,The handful is new.,aɲd͡ʒle d̪ɔ nɔwaa.
সে প্রস্থান দেখবে।,He/she will see the departure.,uni d̪ɔ aʈo ɲɛla.
তোমরা রবিবার দেখবে না।,You all do not see the sunday.,apɛ d̪ɔ aʈʰawaɾ bapɛ ɲɛla.
ঘোড়াটি আনন্দের।,The horse is happy.,əɳɖiə̯ sadɔm d̪ɔ ɾɘskɘa.
আজ আমরা খাবার খেয়ে হ্রদে কাজ করব।,"Today, we eat the food and then work in the lake.",t̪eheɲɾɛ alɛ ɟɔmaʔ ɟɔmkat̪ɛ ɟɔlaɾɛ kɘmia.
আনাটি নতুন।,The anna is new.,ana d̪ɔ nɔwaa.
তোমরা পাত্র দেখবে।,You all will see the receptacle.,apɛ d̪ɔ anataŋ ɲɛla.
গ্রামে একটি বাজি আছে।,There is a wager in the village.,at̪oɾɛ bəd͡ʒi menaa.
শহরে একটি খাবার আছে।,There is a food in the town.,sɔhɔɽɾɛ ɟɔmaʔ menaa.
সেই সময় সে মাছ কিনে হ্রদে খেলবে।,"At that time, he/she buy the fish and then play in the lake.",ɔkt̪ɛɾɛ uni haku kiɾiɲkat̪ɛ ɟɔlaɾɛ gat̪ea.
তার নদী গুরুত্বপূর্ণ।,His/her river is important.,uniaʔ gaɖa d̪ɔ ɟɘɾuɽa.
তোমাদের উৎসব নতুন।,Your festival is new.,apɛaʔ pɔɾɔb d̪ɔ nɔwaa.
একটি রান্না কুয়ায় আছে।,One cooked food is in the well.,mit̪ʔ basaŋ d̪ɔ kuɲɾɛ menaa.
বাক্যটি পরিষ্কার।,The sentence is clean.,ajat d̪ɔ sapʰaa.
হ্রদে একটি ভূত আছে।,There is a demon in the lake.,ɟɔlaɾɛ bʰut menaa.
তোমাদের আফিম পরিষ্কার।,Your opium is clean.,apɛaʔ əpʰim d̪ɔ sapʰaa.
গ্রামে একটি উদ্বেগ আছে।,There is an anxiety in the village.,at̪oɾɛ bʰabna menaa.
লক্ষ্যবস্তুটি ভালো।,The target is good.,bed͡ʒʰa d̪ɔ mɔ̃ɟa.
গতকাল আমরা কথা লিখে স্কুলে আসব।,"Yesterday, we write the word and then come to the school.",hɔlaɾɛ alɛ kat̪ʰa ɔlɔʔkat̪ɛ iskulɾɛ hiɟuʔa.
আমাদের হাত নতুন।,Our hand is new.,alɛaʔ t̪i d̪ɔ nɔwaa.
সকালে তারা রান্না খেয়ে গ্রামে যাবে।,"In the morning, they eat the cooked food and then go to the village.",sɛt̪aʔɾɛ oŋko basaŋ ɟɔmkat̪ɛ at̪oɾɛ calaʔa.
সাতভাই পাখিটি ছোট।,The bengal babbler is small.,bʰoɳɖa d̪ɔ lɘʈua.
তার বাহুবন্ধনী গুরুত্বপূর্ণ।,His/her armlet is important.,uniaʔ bəd͡ʒu d̪ɔ ɟɘɾuɽa.
সে মজুরি দেখবে না।,He/she does not see the wages.,uni d̪ɔ bən bai̯ ɲɛla.
স্কুলে একটি পানি আছে।,There is a water in the school.,iskulɾɛ d̪aʔ menaa.
তোমাদের রোগ ভালো।,Your illness is good.,apɛaʔ ɾu̯͡ɘ d̪ɔ mɔ̃ɟa.
আজ তারা ভাষা পড়ে কুয়ায় আসবে।,"Today, they study the language and then come to the well.",t̪eheɲɾɛ oŋko pɘɾsi paɽha͡o̯kat̪ɛ kuɲɾɛ hiɟuʔa.
গতকাল তারা দুধ পান করে বাড়িতে আসবে।,"Yesterday, they drink the milk and then come to the house.",hɔlaɾɛ oŋko t̪o̯͡a ɲukat̪ɛ ɔɽaʔɾɛ hiɟuʔa.
সে বেঞ্চ ও মাফ (হাতঢাকা) দেখবে।,He/she will see the bench and the muff.,uni d̪ɔ beɲt͡ʃ aɾ bembʰa ɲɛla.
আজ তারা পাঠ পড়ে শহরে যাবে।,"Today, they study the lesson and then go to the town.",t̪eheɲɾɛ oŋko sikʰnɘt̪ paɽha͡o̯kat̪ɛ sɔhɔɽɾɛ calaʔa.
তুমি গবাদিপশুর পাতলা পায়খানা দেখবে।,You will see the scouring in cattle.,am d̪ɔ aɽhəi̯ə ɲɛla.
তারা মাছ ও ঘড়ি কিনবে।,They will buy the fish and the watch.,oŋko d̪ɔ haku aɾ gʰuɽi kiɾiɲa.
তার ডালিম পরিষ্কার।,His/her pomegranate is clean.,uniaʔ anaɾ d̪ɔ sapʰaa.
স্কুলে একটি অভ্যাস আছে।,There is a habit in the school.,iskulɾɛ bʰəsi menaa.
গতকাল আমরা মাছ খেয়ে স্কুলে আসব।,"Yesterday, we eat the fish and then come to the school.",hɔlaɾɛ alɛ haku ɟɔmkat̪ɛ iskulɾɛ hiɟuʔa.
চাষাবাদটি পরিষ্কার।,The cultivation is clean.,abad d̪ɔ sapʰaa.
সেই সময় আমরা আনা দেখে নদীতে খেলব।,"At that time, we see the anna and then play in the river.",ɔkt̪ɛɾɛ alɛ ana ɲɛlkat̪ɛ gaɖaɾɛ gat̪ea.
ইংল্যান্ডে একটি পক্ষাঘাত আছে।,There is a hemiplegia in the england.,bilətɾɛ aɾdʰəŋgi menaa.
গুহাে একটি বিদ্যুৎ আছে।,There is a lightning in the cave.,bʰugək̕ɾɛ bid͡ʒli menaa.
সকালে সে ভাষা লিখে নদীতে যাবে।,"In the morning, he/she write the language and then go to the river.",sɛt̪aʔɾɛ uni pɘɾsi ɔlɔʔkat̪ɛ gaɖaɾɛ calaʔa.
উঠানে একটি গ্রাম আছে।,There is a village in the courtyard of house.,bəteɾɛ at̪o menaa.
আমার ভাষা গুরুত্বপূর্ণ।,My language is important.,iɲaʔ pɘɾsi d̪ɔ ɟɘɾuɽa.
তোমরা ফল পাকা দেখবে না।,You all do not see the mellowing.,apɛ d̪ɔ aɾaɾao̯k̕ bapɛ ɲɛla.
সে বাধা ও পোশাক দেখবে।,He/she will see the hitch and the attire.,uni d̪ɔ bəndʰi aɾ bʰagwa ɲɛla.
শহরে একটি বাধা আছে।,There is a hitch in the town.,sɔhɔɽɾɛ bəndʰi menaa.
গতকাল আমি ঔষধ কিনে কুয়ায় খেলব।,"Yesterday, I buy the medicine and then play in the well.",hɔlaɾɛ iɲ ɾan kiɾiɲkat̪ɛ kuɲɾɛ gat̪ea.
প্রণয়নটি পরিষ্কার।,The enactment is clean.,ən d̪ɔ sapʰaa.
গতকাল তোমরা খাবার কিনে বাড়িতে খেলবে।,"Yesterday, you all buy the food and then play in the house.",hɔlaɾɛ apɛ ɟɔmaʔ kiɾiɲkat̪ɛ ɔɽaʔɾɛ gat̪ea.
স্কুলে একটি ধাতুর বাটি আছে।,There is a metal basin in the school.,iskulɾɛ bəʈi menaa.
সকালে তারা কথা লিখে স্কুলে আসবে।,"In the morning, they write the word and then come to the school.",sɛt̪aʔɾɛ oŋko kat̪ʰa ɔlɔʔkat̪ɛ iskulɾɛ hiɟuʔa.
আজ তুমি পানি পান করে বাড়িতে যাবে।,"Today, you drink the water and then go to the house.",t̪eheɲɾɛ am d̪aʔ ɲukat̪ɛ ɔɽaʔɾɛ calaʔa.
সেই সময় তারা কথা পড়ে হ্রদে কাজ করবে।,"At that time, they study the word and then work in the lake.",ɔkt̪ɛɾɛ oŋko kat̪ʰa paɽha͡o̯kat̪ɛ ɟɔlaɾɛ kɘmia.
আমি নিষেধাত্মক উপসর্গ দেখব।,I will see the privative prefix.,iɲ d̪ɔ an ɲɛla.
তাদের দম্ভ পরিষ্কার।,Their boasting is clean.,oŋkoaʔ bakʰaɾa d̪ɔ sapʰaa.
বাসস্থানে একটি শহর আছে।,There is a town in the residence.,basaɾɛ sɔhɔɽ menaa.
তার ডাক্তার ছোট।,His/her doctor is small.,uniaʔ ɖak̚t̪aɾ d̪ɔ lɘʈua.
আজ তুমি খাবার দেখে গ্রামে যাবে।,"Today, you see the food and then go to the village.",t̪eheɲɾɛ am ɟɔmaʔ ɲɛlkat̪ɛ at̪oɾɛ calaʔa.
তুমি বাত রোগ দেখবে।,You will see the rheumatism.,am d̪ɔ bat ɲɛla.
শহরে একটি অবিচার আছে।,There is an injustice in the town.,sɔhɔɽɾɛ aneã̯o menaa.
সকালে তুমি দুধ পান করে বাড়িতে যাবে।,"In the morning, you drink the milk and then go to the house.",sɛt̪aʔɾɛ am t̪o̯͡a ɲukat̪ɛ ɔɽaʔɾɛ calaʔa.
গতকাল আমি ঘড়ি কিনে বাড়িতে কাজ করব।,"Yesterday, I buy the watch and then work in the house.",hɔlaɾɛ iɲ gʰuɽi kiɾiɲkat̪ɛ ɔɽaʔɾɛ kɘmia.
আমরা হিসাব দেখব।,We will see the account.,alɛ d̪ɔ bil ɲɛla.
তার পশুর স্তন পরিষ্কার।,His/her udder is clean.,uniaʔ əɳɖwəɾ d̪ɔ sapʰaa.
সেই সময় আমি মাছ খেয়ে নদীতে কাজ করব।,"At that time, I eat the fish and then work in the river.",ɔkt̪ɛɾɛ iɲ haku ɟɔmkat̪ɛ gaɖaɾɛ kɘmia.
তোমার মাছ সুস্বাদু।,Your fish is tasty.,amaʔ haku d̪ɔ sibila.
সকালে আমরা ভাষা পড়ে নদীতে খেলব।,"In the morning, we study the language and then play in the river.",sɛt̪aʔɾɛ alɛ pɘɾsi paɽha͡o̯kat̪ɛ gaɖaɾɛ gat̪ea.
আমাদের ঘড়ি নতুন।,Our watch is new.,alɛaʔ gʰuɽi d̪ɔ nɔwaa.
আমার বাড়ি ভালো।,My house is good.,iɲaʔ ɔɽaʔ d̪ɔ mɔ̃ɟa.
পাড়াে একটি পেয়ারা আছে।,There is a guava in the neighbourhood.,aɖe paseɾɛ əmɾud menaa.
আজ সে মহাপ্লাবন দেখে বাড়িতে খেলবে।,"Today, he/she see the deluge and then play in the house.",t̪eheɲɾɛ uni bajaban ɲɛlkat̪ɛ ɔɽaʔɾɛ gat̪ea.
আমার উৎসব গুরুত্বপূর্ণ।,My festival is important.,iɲaʔ pɔɾɔb d̪ɔ ɟɘɾuɽa.
একটি ভণ্ড গ্রামে আছে।,One pretender is in the village.,mit̪ʔʈɛn bʰiduk d̪ɔ at̪oɾɛ menaa.
সে রক্তমূত্র ও বাধা দেখবে।,He/she will see the haematuria and the hindrance.,uni d̪ɔ aɾak̕ d͡ʒʰaɾ aɾ badʰa ɲɛla.
তাদের নেতিবাচক ভালো।,Their negative is good.,oŋkoaʔ baŋ d̪ɔ mɔ̃ɟa.
আজ আমরা খাবার খেয়ে নদীতে কাজ করব।,"Today, we eat the food and then work in the river.",t̪eheɲɾɛ alɛ ɟɔmaʔ ɟɔmkat̪ɛ gaɖaɾɛ kɘmia.
"আমি ডাক্তার সাহায্য করব, কিন্তু ডাক্তার সাহায্য করব না।","I will help the doctor, but do not help the doctor.",iɲ d̪ɔ ɖak̚t̪aɾ gɔɽɔa mɛnkʰan ɖak̚t̪aɾ bɘɲ gɔɽɔa.
তুমি অবসর দেখবে।,You will see the leisure.,am d̪ɔ apʰsoɾ ɲɛla.
তোমার পিঁপড়া আনন্দের।,Your ant is happy.,amaʔ muc̚ʔ d̪ɔ ɾɘskɘa.
করতালটি গুরুত্বপূর্ণ।,The cymbals is important.,bad͡ʒna d̪ɔ ɟɘɾuɽa.
সকালে সে দুধ পান করে বাড়িতে কাজ করবে।,"In the morning, he/she drink the milk and then work in the house.",sɛt̪aʔɾɛ uni t̪o̯͡a ɲukat̪ɛ ɔɽaʔɾɛ kɘmia.
"আমি খাবার পাব, কিন্তু ছবি পাব না।","I will get the food, but do not get the photo.",iɲ d̪ɔ ɟɔmaʔ ɲama mɛnkʰan pʰɔʈɔ bɘɲ ɲama.
উঠানে একটি অতিরিক্ত খাজনা আছে।,There is an additional assessment on rent in the courtyard of house.,bəteɾɛ bʰed͡ʒa menaa.
তোমরা শুকর দেখবে।,You all will see the pig.,apɛ d̪ɔ suk̚ɾi ɲɛla.
তার হ্রদ পরিষ্কার।,His/her lake is clean.,uniaʔ ɟɔla d̪ɔ sapʰaa.
তারা চারা গাছ ও দোষ দেখবে।,They will see the sapling and the fault.,oŋko d̪ɔ bat͡ʃʰɽa daɾe aɾ əpəi̯ ɲɛla.
সকালে আমরা দুধ পান করে গ্রামে খেলব।,"In the morning, we drink the milk and then play in the village.",sɛt̪aʔɾɛ alɛ t̪o̯͡a ɲukat̪ɛ at̪oɾɛ gat̪ea.
সে আনারস দেখেছে।,He/she has seen the pineapple.,uni d̪ɔ ananas ɲɛlakada.
"তোমরা শিশু সাহায্য করবে, কিন্তু মানুষ সাহায্য করবে না।","You all will help the child, but do not help the person.",apɛ d̪ɔ gid̪ɾɘ gɔɽɔa mɛnkʰan hɔɽ bapɛ gɔɽɔa.
সকালে তারা ভাষা লিখে নদীতে যাবে।,"In the morning, they write the language and then go to the river.",sɛt̪aʔɾɛ oŋko pɘɾsi ɔlɔʔkat̪ɛ gaɖaɾɛ calaʔa.
শহরে একটি আখরোট আছে।,There is a walnut in the town.,sɔhɔɽɾɛ akʰɾoʈ menaa.
সকালে আমি ঔষধ কিনে হ্রদে খেলব।,"In the morning, I buy the medicine and then play in the lake.",sɛt̪aʔɾɛ iɲ ɾan kiɾiɲkat̪ɛ ɟɔlaɾɛ gat̪ea.
নদীতে একটি আতঙ্ক আছে।,There is a terror in the river.,gaɖaɾɛ bʰɔɽɔk menaa.
গতকাল তারা কথা পড়ে কুয়ায় কাজ করবে।,"Yesterday, they study the word and then work in the well.",hɔlaɾɛ oŋko kat̪ʰa paɽha͡o̯kat̪ɛ kuɲɾɛ kɘmia.
বিস্তীর্ণ ভূমিে একটি হাত আছে।,There is a hand in the wide expanse of land.,bilənɾɛ t̪i menaa.
বাসস্থানে একটি পেট ব্যথা আছে।,There is a gripes in the dwelling place.,basɾɛ bɛɾõʈ duk menaa.
বাসস্থানে একটি নির্গমন আছে।,There is an emanation in the residence.,basaɾɛ əhlə menaa.
সেই সময় আমি ঔষধ কিনে বাড়িতে যাব।,"At that time, I buy the medicine and then go to the house.",ɔkt̪ɛɾɛ iɲ ɾan kiɾiɲkat̪ɛ ɔɽaʔɾɛ calaʔa.
আমি সময় দেখব।,I will see the time.,iɲ d̪ɔ ɔkt̪ɛ ɲɛla.
অর্জনটি নতুন।,The gain is new.,ae̯ upəi̯ d̪ɔ nɔwaa.
তারা মধু খাবে না।,They do not eat the honey.,oŋko d̪ɔ ɲɛlɛɾasa bako ɟɔma.
বাড়িতে একটি মাছ আছে।,There is a fish in the house.,ɔɽaʔɾɛ haku menaa.
আমাদের উৎসব ভালো।,Our festival is good.,alɛaʔ pɔɾɔb d̪ɔ mɔ̃ɟa.
হ্রদে একটি মাথা ঘোরা আছে।,There is a vertigo in the lake.,ɟɔlaɾɛ bʰãoɾi menaa.
আমরা বিকল্প দেখব।,We will see the substitute.,alɛ d̪ɔ bədli ɲɛla.
সকালে সে পাঠ পড়ে বাড়িতে যাবে।,"In the morning, he/she study the lesson and then go to the house.",sɛt̪aʔɾɛ uni sikʰnɘt̪ paɽha͡o̯kat̪ɛ ɔɽaʔɾɛ calaʔa.
ইংল্যান্ডে একটি মাছ আছে।,There is a fish in the england.,bilətɾɛ haku menaa.
তারা বেদ ও আত্মীয় দেখবে।,They will see the vedas and the kindred.,oŋko d̪ɔ bed aɾ əpus ɲɛla.
আমার টাকা গুরুত্বপূর্ণ।,My money is important.,iɲaʔ ʈaka d̪ɔ ɟɘɾuɽa.
তারা মাছ দেখবে।,They will see the fish.,oŋko d̪ɔ haku ɲɛla.
আমি মা সাহায্য করেছিলাম।,I helped the mother.,iɲiɲ gɔgɔ gɔɽɔkeda.
আমাদের উত্তরাধিকার ভালো।,Our heritage is good.,alɛaʔ bapɔti dʰɔn d̪ɔ mɔ̃ɟa.
সকালে আমি কথা লিখে হ্রদে খেলব।,"In the morning, I write the word and then play in the lake.",sɛt̪aʔɾɛ iɲ kat̪ʰa ɔlɔʔkat̪ɛ ɟɔlaɾɛ gat̪ea.
তাদের আধপাকা ফলের বিচি ভালো।,Their kernel of half-ripe fruits is good.,oŋkoaʔ bʰəti d̪ɔ mɔ̃ɟa.
সে সমস্যা ও শিখা দেখবে।,He/she will see the trouble and the flame.,uni d̪ɔ ad͡ʒaɾ aɾ ãt͡ʃ ɲɛla.
গতকাল আমি ভাষা লিখে কুয়ায় খেলব।,"Yesterday, I write the language and then play in the well.",hɔlaɾɛ iɲ pɘɾsi ɔlɔʔkat̪ɛ kuɲɾɛ gat̪ea.
একটি ভাগ্নী শহরে আছে।,One niece is in the town.,mit̪ʔʈɛn bʰət͡ʃə d̪ɔ sɔhɔɽɾɛ menaa.
পাড়াে একটি পোশাক আছে।,There is an apparel in the neighbourhood.,aɖe paseɾɛ ahɾan pahaɾand menaa.
সে শ্রমিক দেখবে না।,He/she does not see the navvy.,uni d̪ɔ beldaɾ bai̯ ɲɛla.
আজ সে ফুলের মালা দেখে গ্রামে খেলবে।,"Today, he/she see the garland of flowers and then play in the village.",t̪eheɲɾɛ uni baha mala ɲɛlkat̪ɛ at̪oɾɛ gat̪ea.
গতকাল আমরা দুধ পান করে নদীতে খেলব।,"Yesterday, we drink the milk and then play in the river.",hɔlaɾɛ alɛ t̪o̯͡a ɲukat̪ɛ gaɖaɾɛ gat̪ea.
নদীতে একটি তরকারি আছে।,There is a vegetables in the river.,gaɖaɾɛ aɽak̕ sakam menaa.
"আমরা মোবাইল ফোন কিনব, কিন্তু মাছ কিনব না।","We will buy the mobile phone, but do not buy the fish.",alɛ d̪ɔ mɔbaĭl pʰon kiɾiɲa mɛnkʰan haku balɛ kiɾiɲa.
বাড়িতে একটি পরিমাপ আছে।,There is a measure in the house.,ɔɽaʔɾɛ ae̯ menaa.
অবশিষ্টটি ভালো।,The remainder is good.,bəki bɔkɔe̯a d̪ɔ mɔ̃ɟa.
সেই সময় আমরা পানি পান করে নদীতে যাব।,"At that time, we drink the water and then go to the river.",ɔkt̪ɛɾɛ alɛ d̪aʔ ɲukat̪ɛ gaɖaɾɛ calaʔa.
কুয়াটি নতুন।,The well is new.,kuɲ d̪ɔ nɔwaa.
বিস্তীর্ণ ভূমিে একটি আত্মা আছে।,There is a soul in the wide expanse of land.,bilənɾɛ atma menaa.
"তারা খাবার পাবে, কিন্তু ঔষধ পাবে না।","They will get the food, but do not get the medicine.",oŋko d̪ɔ ɟɔmaʔ ɲama mɛnkʰan ɾan bako ɲama.
"তুমি ঔষধ কিনবে, কিন্তু মোবাইল ফোন কিনবে না।","You will buy the medicine, but do not buy the mobile phone.",am d̪ɔ ɾan kiɾiɲa mɛnkʰan mɔbaĭl pʰon bam kiɾiɲa.
তোমরা ঘড়ি বিক্রি করেছ।,You all have sold the watch.,apɛ d̪ɔ gʰuɽi ɘkʰɾiɲakada.
তার জিহ্বা গুরুত্বপূর্ণ।,His/her tongue is important.,uniaʔ alaŋ d̪ɔ ɟɘɾuɽa.
তোমাদের মাথা ঘোরা নতুন।,Your vertigo is new.,apɛaʔ bʰãoɾi d̪ɔ nɔwaa.
আমরা শেষ ও গুজব রটনাকারী দেখব।,We will see the end and the gossiping.,alɛ d̪ɔ əkʰiɾ aɾ bəd͡ʒniə̯ ɲɛla.
আমার কুয়া ভালো।,My well is good.,iɲaʔ kuɲ d̪ɔ mɔ̃ɟa.
তোমরা ভূমিকম্প ও বাক্য দেখবে।,You all will see the earth tremor and the sentence.,apɛ d̪ɔ bʰui̯ t͡ʃəl aɾ ajat ɲɛla.
তুমি বিবাহের উপহার দেখেছিলে।,You saw the presents given at marriage.,amɛm banda pɔn ɲɛlkeda.
সে হরিণ দেখবে না।,He/she does not see the buck.,uni d̪ɔ badaɾ bai̯ ɲɛla.
আমরা কণ্ঠস্বর ও নারী দেখব।,We will see the voice and the woman.,alɛ d̪ɔ aɽaŋ aɾ əi̯məi̯ ɲɛla.
বাসস্থানে একটি জাফরি আছে।,There is a lattice work in the residence.,basaɾɛ bata menaa.
আমাদের বাঘ ছোট।,Our tiger is small.,alɛaʔ t̪ɘɾup̚ʔ d̪ɔ lɘʈua.
আমরা খাবার ও রান্না খাব।,We will eat the food and the cooked food.,alɛ d̪ɔ ɟɔmaʔ aɾ basaŋ ɟɔma.
গ্রামে একটি বাক্য আছে।,There is a sentence in the village.,at̪oɾɛ ajat menaa.
সেই সময় তুমি কথা পড়ে বাড়িতে যাবে।,"At that time, you study the word and then go to the house.",ɔkt̪ɛɾɛ am kat̪ʰa paɽha͡o̯kat̪ɛ ɔɽaʔɾɛ calaʔa.
গ্রামে একটি মা আছে।,There is a mother in the village.,at̪oɾɛ gɔgɔ menaa.
আজ তোমরা দুধ পান করে কুয়ায় যাবে।,"Today, you all drink the milk and then go to the well.",t̪eheɲɾɛ apɛ t̪o̯͡a ɲukat̪ɛ kuɲɾɛ calaʔa.
আমার বাড়ি গুরুত্বপূর্ণ।,My house is important.,iɲaʔ ɔɽaʔ d̪ɔ ɟɘɾuɽa.
আজ আমি মাছ কিনে হ্রদে খেলব।,"Today, I buy the fish and then play in the lake.",t̪eheɲɾɛ iɲ haku kiɾiɲkat̪ɛ ɟɔlaɾɛ gat̪ea.
তোমার ভাগ্নে ছোট।,Your nephew is small.,amaʔ bʰəgnə d̪ɔ lɘʈua.
আড়ালে একটি নারী আছে।,There is a woman in the covert.,ao̯tanɾɛ əi̯məi̯ menaa.
তার বাঘ আনন্দের।,His/her tiger is happy.,uniaʔ t̪ɘɾup̚ʔ d̪ɔ ɾɘskɘa.
স্কুলে একটি ঘড়ি আছে।,There is a watch in the school.,iskulɾɛ gʰuɽi menaa.
আমাদের ভাই আনন্দের।,Our brother is happy.,alɛaʔ bɔ͡i̯ha d̪ɔ ɾɘskɘa.
আমার শব্দ পরিষ্কার।,My noise is clean.,iɲaʔ awad͡ʒ d̪ɔ sapʰaa.
তুমি পুরোহিতের রক্তদানের দক্ষিণা ও আখ দেখবে।,You will see the fee to priest who offers his blood and the sugarcane.,am d̪ɔ bəlkəʈi aɾ ək ɲɛla.
ডুমুর গাছের এক প্রজাতিটি গুরুত্বপূর্ণ।,The fig tree is important.,əɲd͡ʒiɾ d̪ɔ ɟɘɾuɽa.
সকালটি গুরুত্বপূর্ণ।,The morning is important.,ãɽgat d̪ɔ ɟɘɾuɽa.
বাসস্থানে একটি জলাধার আছে।,There is a reservoir in the residence.,basaɾɛ ahɾa menaa.
"আমি খাবার খাব, কিন্তু মধু খাব না।","I will eat the food, but do not eat the honey.",iɲ d̪ɔ ɟɔmaʔ ɟɔma mɛnkʰan ɲɛlɛɾasa bɘɲ ɟɔma.
সকালে আমি খাবার কিনে নদীতে কাজ করব।,"In the morning, I buy the food and then work in the river.",sɛt̪aʔɾɛ iɲ ɟɔmaʔ kiɾiɲkat̪ɛ gaɖaɾɛ kɘmia.
রবিবারটি গুরুত্বপূর্ণ।,The sunday is important.,aʈʰawaɾ d̪ɔ ɟɘɾuɽa.
তারা ঢাল দেখেছিল।,They saw the declivity.,oŋkoko anaɽgo ɲɛlkeda.
কুয়ায় একটি ডাক্তার আছে।,There is a doctor in the well.,kuɲɾɛ ɖak̚t̪aɾ menaa.
পাড়াে একটি গোখরো সাপ আছে।,There is a cobra in the neighbourhood.,aɖe paseɾɛ ajaŋ bin menaa.
সেই সময় তুমি কথা পড়ে স্কুলে যাবে।,"At that time, you study the word and then go to the school.",ɔkt̪ɛɾɛ am kat̪ʰa paɽha͡o̯kat̪ɛ iskulɾɛ calaʔa.
সকালে সে পাঠ পড়ে গ্রামে খেলবে।,"In the morning, he/she study the lesson and then play in the village.",sɛt̪aʔɾɛ uni sikʰnɘt̪ paɽha͡o̯kat̪ɛ at̪oɾɛ gat̪ea.
আজ তোমরা ভাষা পড়ে গ্রামে কাজ করবে।,"Today, you all study the language and then work in the village.",t̪eheɲɾɛ apɛ pɘɾsi paɽha͡o̯kat̪ɛ at̪oɾɛ kɘmia.
তাদের মানুষ ছোট।,Their person is small.,oŋkoaʔ hɔɽ d̪ɔ lɘʈua.
আমার মোবাইল ফোন নতুন।,My mobile phone is new.,iɲaʔ mɔbaĭl pʰon d̪ɔ nɔwaa.
তাদের চাষাবাদ গুরুত্বপূর্ণ।,Their cultivation is important.,oŋkoaʔ abad d̪ɔ ɟɘɾuɽa.
আড়ালে একটি ভালোবাসা আছে।,There is a love in the covert.,ao̯tanɾɛ bʰad menaa.
সেই সময় তারা ঔষধ কিনে নদীতে খেলবে।,"At that time, they buy the medicine and then play in the river.",ɔkt̪ɛɾɛ oŋko ɾan kiɾiɲkat̪ɛ gaɖaɾɛ gat̪ea.
আমরা ওয়ারেন্ট দেখেছি।,We have seen the warrant.,alɛ d̪ɔ aɾoɳʈ ɲɛlakada.
একটি বাঘ বাড়িতে আছে।,One tiger is in the house.,mit̪ʔʈɛn t̪ɘɾup̚ʔ d̪ɔ ɔɽaʔɾɛ menaa.
আমাদের কষ্ট গুরুত্বপূর্ণ।,Our distress is important.,alɛaʔ alad͡ʒʰala d̪ɔ ɟɘɾuɽa.
সে মানুষ সাহায্য করেছিল।,He/she helped the person.,unii̯ hɔɽ gɔɽɔkeda.
ঋতুটি নতুন।,The season is new.,bataɾ d̪ɔ nɔwaa.
সকালে তারা মাছ কিনে স্কুলে খেলবে।,"In the morning, they buy the fish and then play in the school.",sɛt̪aʔɾɛ oŋko haku kiɾiɲkat̪ɛ iskulɾɛ gat̪ea.
নিকটবর্তী এলাকাে একটি জেলে আছে।,There is a fisherman in the vicinity.,aɖe ʈolaɾɛ ɟɘliɘ menaa.
গ্রামে একটি আসা-যাওয়া আছে।,There is a coming & going in the village.,at̪oɾɛ ana gona menaa.
তোমরা চারা রোপণ ও আস্থা দেখবে।,You all will see the transplantation and the confidence.,apɛ d̪ɔ apʰɔɾ aɾ baɾsa ɲɛla.
বাসস্থানে একটি উদ্বেগ আছে।,There is an anxiety in the residence.,basaɾɛ bʰabna menaa.
"তারা রান্না খাবে, কিন্তু রান্না খাবে না।","They will eat the cooked food, but do not eat the cooked food.",oŋko d̪ɔ basaŋ ɟɔma mɛnkʰan basaŋ bako ɟɔma.
তোমরা ভূত দেখেছিলে।,You all saw the apparition.,apɛpɛ bʰeo̯na ɲɛlkeda.
"তারা ভাদ্র মাস দেখবে, কিন্তু প্রসবোত্তর নাড়ি দেখবে না।","They will see the august-september, but do not see the afterbirth placenta.",oŋko d̪ɔ bʰadɔɾ ɲɛla mɛnkʰan baha āowāɾ bako ɲɛla.
তোমরা বেতন দেখবে।,You all will see the pay.,apɛ d̪ɔ bɛtɔn ɲɛla.
তুমি অজুহাত দেখেছিলে।,You saw the excuse.,amɛm aɾd͡ʒaəɾd͡ʒi ɲɛlkeda.
কয়েকদিনটি গুরুত্বপূর্ণ।,The few days is important.,əɾsiɲ bəɾsiɲ d̪ɔ ɟɘɾuɽa.
গুপ্তচরটি আনন্দের।,The spy is happy.,baʈ paɽ d̪ɔ ɾɘskɘa.
একটি বাসিন্দা হ্রদে আছে।,One inhabitant is in the lake.,mit̪ʔʈɛn baskitiə̯ d̪ɔ ɟɔlaɾɛ menaa.
ইংল্যান্ডে একটি ডাক্তার আছে।,There is a doctor in the england.,bilətɾɛ ɖak̚t̪aɾ menaa.
গ্রামে একটি কসাই আছে।,There is a butcher in the village.,at̪oɾɛ bʰut͡ʃəɽ menaa.
সেই সময় আমি বালিশ দেখে কুয়ায় যাব।,"At that time, I see the pillow and then go to the well.",ɔkt̪ɛɾɛ iɲ bəlis ɲɛlkat̪ɛ kuɲɾɛ calaʔa.
আমি দেওয়াল ও বিস্ফোরক পাউডার দেখব।,I will see the wall and the blasting powder.,iɲ d̪ɔ bʰit aɾ bəɾud ɲɛla.
হ্রদে একটি ফোঁপানি আছে।,There is a blubbering in the lake.,ɟɔlaɾɛ beɲ menaa.
গুহাে একটি কুয়া আছে।,There is a well in the cave.,bʰugək̕ɾɛ kuɲ menaa.
তোমরা খাবার ও মাছ কিনবে।,You all will buy the food and the fish.,apɛ d̪ɔ ɟɔmaʔ aɾ haku kiɾiɲa.
তাদের গ্রাম নতুন।,Their village is new.,oŋkoaʔ ato d̪ɔ nɔwaa.
আমরা সূর্য ও ব্যাঙের ডাক দেখব।,We will see the sun and the croak of frogs.,alɛ d̪ɔ bela aɾ bɛbɛ ɲɛla.
আজ আমরা পানি পান করে শহরে খেলব।,"Today, we drink the water and then play in the town.",t̪eheɲɾɛ alɛ d̪aʔ ɲukat̪ɛ sɔhɔɽɾɛ gat̪ea.
সকালে আমরা কথা লিখে গ্রামে কাজ করব।,"In the morning, we write the word and then work in the village.",sɛt̪aʔɾɛ alɛ kat̪ʰa ɔlɔʔkat̪ɛ at̪oɾɛ kɘmia.
স্কুলে একটি গাঁজা আছে।,There is a hemp drug in the school.,iskulɾɛ bʰaŋ menaa.
সকালটি নতুন।,The morning is new.,ãɽgat d̪ɔ nɔwaa.
আমি লক্ষ্যবস্তু ও জিহ্বা দেখব।,I will see the target and the tongue.,iɲ d̪ɔ bed͡ʒʰa aɾ alaŋ ɲɛla.
আমি আত্মা ও চারা গাছ দেখব।,I will see the soul and the sapling.,iɲ d̪ɔ atma aɾ bat͡ʃʰɽa daɾe ɲɛla.
ইংল্যান্ডে একটি ব্যাখ্যা আছে।,There is an explanation in the england.,bilətɾɛ bejan menaa.
সকালে তারা কথা পড়ে গ্রামে যাবে।,"In the morning, they study the word and then go to the village.",sɛt̪aʔɾɛ oŋko kat̪ʰa paɽha͡o̯kat̪ɛ at̪oɾɛ calaʔa.
তোমার ব্যাঙের ডাক নতুন।,Your croak of frogs is new.,amaʔ bɛbɛ d̪ɔ nɔwaa.
ঢোলকি বাদকটি নতুন।,The drummer is new.,bəd͡ʒni d̪ɔ nɔwaa.
নিকটবর্তী এলাকাে একটি ভণ্ড আছে।,There is a pretender in the vicinity.,aɖe ʈolaɾɛ bʰiduk menaa.
নয়টি নতুন।,The nine is new.,aɾe d̪ɔ nɔwaa.
তোমাদের এক ধরনের বাদ্যযন্ত্র পরিষ্কার।,Your a kind of fiddle is clean.,apɛaʔ banam d̪ɔ sapʰaa.
সেই সময় আমরা ভাষা লিখে কুয়ায় যাব।,"At that time, we write the language and then go to the well.",ɔkt̪ɛɾɛ alɛ pɘɾsi ɔlɔʔkat̪ɛ kuɲɾɛ calaʔa.
আড়ালে একটি এক প্রজাতির হরিণ আছে।,There is an a species of antelope in the covert.,ao̯tanɾɛ bʰãoʈia menaa.
আমি বাধা ও প্রণয়ন দেখব।,I will see the hindrance and the enactment.,iɲ d̪ɔ badʰa aɾ ən ɲɛla.
সেই সময় তোমরা ভাষা পড়ে হ্রদে খেলবে।,"At that time, you all study the language and then play in the lake.",ɔkt̪ɛɾɛ apɛ pɘɾsi paɽha͡o̯kat̪ɛ ɟɔlaɾɛ gat̪ea.
"তুমি ছবি পাবে, কিন্তু ছবি পাবে না।","You will get the photo, but do not get the photo.",am d̪ɔ pʰɔʈɔ ɲama mɛnkʰan pʰɔʈɔ bam ɲama.
সেই সময় সে কথা লিখে স্কুলে খেলবে।,"At that time, he/she write the word and then play in the school.",ɔkt̪ɛɾɛ uni kat̪ʰa ɔlɔʔkat̪ɛ iskulɾɛ gat̪ea.
সকালে আমরা বেশ্যা দেখে শহরে আসব।,"In the morning, we see the harlot and then come to the town.",sɛt̪aʔɾɛ alɛ bət͡ʃkəɾ ɲɛlkat̪ɛ sɔhɔɽɾɛ hiɟuʔa.
সেই সময় আমরা পাঠ পড়ে স্কুলে খেলব।,"At that time, we study the lesson and then play in the school.",ɔkt̪ɛɾɛ alɛ sikʰnɘt̪ paɽha͡o̯kat̪ɛ iskulɾɛ gat̪ea.
গ্রামে একটি বাগান আছে।,There is a garden in the village.,at̪oɾɛ bagan menaa.
সকালে আমরা দুধ পান করে হ্রদে আসব।,"In the morning, we drink the milk and then come to the lake.",sɛt̪aʔɾɛ alɛ t̪o̯͡a ɲukat̪ɛ ɟɔlaɾɛ hiɟuʔa.
কুয়ায় একটি প্রেমালাপ আছে।,There is a flirting in the well.,kuɲɾɛ əŋgɾa menaa.
গতকাল তুমি মধু খেয়ে গ্রামে যাবে।,"Yesterday, you eat the honey and then go to the village.",hɔlaɾɛ am ɲɛlɛɾasa ɟɔmkat̪ɛ at̪oɾɛ calaʔa.
আমি পুকুর ও বিড়াল দেখব।,I will see the pool and the cat.,iɲ d̪ɔ agʰoɾni aɾ pusi ɲɛla.
ইংল্যান্ডে একটি বেত আছে।,There is a cane in the england.,bilətɾɛ bɛt menaa.
ওয়ারেন্টটি ভালো।,The warrant is good.,aɾoɳʈ d̪ɔ mɔ̃ɟa.
বাসস্থানে একটি অর্ধ বিঘা আছে।,There is a half bigha in the dwelling place.,basɾɛ bʰənga menaa.
আড়ালে একটি সন্ধ্যা আছে।,There is an evening in the covert.,ao̯tanɾɛ əjup̕ menaa.
তোমার আঁটি গুরুত্বপূর্ণ।,Your bundle is important.,amaʔ əʈi d̪ɔ ɟɘɾuɽa.
হ্রদে একটি আশা আছে।,There is an expectation in the lake.,ɟɔlaɾɛ as menaa.
তোমরা ভোজ ও ডিমের কুসুম দেখবে।,You all will see the feast and the yolk of egg.,apɛ d̪ɔ bʰɔd͡ʒ aɾ bele botke ɲɛla.
গুহাে একটি অর্ধ বিঘা আছে।,There is a half bigha in the cave.,bʰugək̕ɾɛ bʰənga menaa.
বিদেশীটি ছোট।,The foreigner is small.,bidesiə̯ d̪ɔ lɘʈua.
তোমার শহর নতুন।,Your town is new.,amaʔ sɔhɔɽ d̪ɔ nɔwaa.
সে হুক দেখেছিল।,He/she saw the hook.,unii̯ əŋkus ɲɛlkeda.
সকালে আমি কথা লিখে শহরে আসব।,"In the morning, I write the word and then come to the town.",sɛt̪aʔɾɛ iɲ kat̪ʰa ɔlɔʔkat̪ɛ sɔhɔɽɾɛ hiɟuʔa.
আমরা আসা-যাওয়া দেখব।,We will see the coming & going.,alɛ d̪ɔ ana gona ɲɛla.
বাসস্থানে একটি টাকা আছে।,There is a money in the dwelling place.,basɾɛ ʈaka menaa.
তার হ্রদ গুরুত্বপূর্ণ।,His/her lake is important.,uniaʔ ɟɔla d̪ɔ ɟɘɾuɽa.
লাগামটি নতুন।,The bridle is new.,bag d̪ɔ nɔwaa.
সেই সময় তোমরা মধু খেয়ে শহরে খেলবে।,"At that time, you all eat the honey and then play in the town.",ɔkt̪ɛɾɛ apɛ ɲɛlɛɾasa ɟɔmkat̪ɛ sɔhɔɽɾɛ gat̪ea.
"সে ঔষধ পাবে, কিন্তু ঔষধ পাবে না।","He/she will get the medicine, but does not get the medicine.",uni d̪ɔ ɾan ɲama mɛnkʰan ɾan bai̯ ɲama.
তুমি অগ্রদূত দেখবে।,You will see the forerunner.,am d̪ɔ əguə̯daɾ ɲɛla.
আড়ালে একটি কথা আছে।,There is a word in the covert.,ao̯tanɾɛ kat̪ʰa menaa.
হ্রদে একটি মোবাইল ফোন আছে।,There is a mobile phone in the lake.,ɟɔlaɾɛ mɔbaĭl pʰon menaa.
বাড়িতে একটি শিকার আছে।,There is a prey in the house.,ɔɽaʔɾɛ aheɾ menaa.
গ্রামে একটি পাকা রাস্তা আছে।,There is a pavement in the village.,at̪oɾɛ bəi̯səu̯ dʰiɾi menaa.
সেই সময় সে জট পাকানো দেখে স্কুলে খেলবে।,"At that time, he/she see the jumble and then play in the school.",ɔkt̪ɛɾɛ uni beɲd͡ʒaɲ biɲd͡ʒiɲ ɲɛlkat̪ɛ iskulɾɛ gat̪ea.
"তারা খাবার বিক্রি করবে, কিন্তু খাবার বিক্রি করবে না।","They will sell the food, but do not sell the food.",oŋko d̪ɔ ɟɔmaʔ ɘkʰɾiɲa mɛnkʰan ɟɔmaʔ bako ɘkʰɾiɲa.
তার বিস্তীর্ণ ভূমি গুরুত্বপূর্ণ।,His/her wide expanse of land is important.,uniaʔ bilən d̪ɔ ɟɘɾuɽa.
গতকাল তারা কথা পড়ে শহরে আসবে।,"Yesterday, they study the word and then come to the town.",hɔlaɾɛ oŋko kat̪ʰa paɽha͡o̯kat̪ɛ sɔhɔɽɾɛ hiɟuʔa.
"সে খাবার বিক্রি করবে, কিন্তু মোবাইল ফোন বিক্রি করবে না।","He/she will sell the food, but does not sell the mobile phone.",uni d̪ɔ ɟɔmaʔ ɘkʰɾiɲa mɛnkʰan mɔbaĭl pʰon bai̯ ɘkʰɾiɲa.
তার শিশু আনন্দের।,His/her child is happy.,uniaʔ gid̪ɾɘ d̪ɔ ɾɘskɘa.
উঠানে একটি ধানক্ষেত আছে।,There is a rice-land in the courtyard of house.,bəteɾɛ ahaɾ menaa.
তোমাদের ভাদ্র মাস গুরুত্বপূর্ণ।,Your august-september is important.,apɛaʔ bʰadɔɾ d̪ɔ ɟɘɾuɽa.
আমরা শিশু সাহায্য করব।,We will help the child.,alɛ d̪ɔ gid̪ɾɘ gɔɽɔa.
"আমরা মধু খাব, কিন্তু খাবার খাব না।","We will eat the honey, but do not eat the food.",alɛ d̪ɔ ɲɛlɛɾasa ɟɔma mɛnkʰan ɟɔmaʔ balɛ ɟɔma.
জ্ঞানটি পরিষ্কার।,The knowledge is clean.,bʰas d̪ɔ sapʰaa.
ঘোড়াটি ভালো।,The horse is good.,əɳɖiə̯ sadɔm d̪ɔ mɔ̃ɟa.
আমার নুন-তামাকের ফেরিওয়ালা গুরুত্বপূর্ণ।,My pedlar of salt and tobacco is important.,iɲaʔ bə̃ɽiə̯̃ d̪ɔ ɟɘɾuɽa.
"তারা ডাক্তার সাহায্য করবে, কিন্তু শিশু সাহায্য করবে না।","They will help the doctor, but do not help the child.",oŋko d̪ɔ ɖak̚t̪aɾ gɔɽɔa mɛnkʰan gid̪ɾɘ bako gɔɽɔa.
বিস্ফোরক পাউডারটি ভালো।,The blasting powder is good.,bəɾud d̪ɔ mɔ̃ɟa.
সেই সময় তারা কথা লিখে নদীতে খেলবে।,"At that time, they write the word and then play in the river.",ɔkt̪ɛɾɛ oŋko kat̪ʰa ɔlɔʔkat̪ɛ gaɖaɾɛ gat̪ea.
স্কুলে একটি বেত গাছ আছে।,There is a rattan in the school.,iskulɾɛ bɛ̃t menaa.
শহরে একটি বিশ আছে।,There is a twenty in the town.,sɔhɔɽɾɛ baɾ gɛl menaa.
তোমার জীবন ভালো।,Your life is good.,amaʔ ɟiŋgi d̪ɔ mɔ̃ɟa.
সেই সময় আমরা পাঠ পড়ে স্কুলে কাজ করব।,"At that time, we study the lesson and then work in the school.",ɔkt̪ɛɾɛ alɛ sikʰnɘt̪ paɽha͡o̯kat̪ɛ iskulɾɛ kɘmia.
তুমি নারীজাতি দেখবে।,You will see the females.,am d̪ɔ əi̯məi̯ d͡ʒət ɲɛla.
হিসাবটি নতুন।,The account is new.,bil d̪ɔ nɔwaa.
একটি ছবি গ্রামে আছে।,One photo is in the village.,mit̪ʔ pʰɔʈɔ d̪ɔ at̪oɾɛ menaa.
আমাদের মূল্যায়ন ভালো।,Our appraisement is good.,alɛaʔ anman d̪ɔ mɔ̃ɟa.
আমি গুজব রটনাকারী দেখব না।,I do not see the gossiping.,iɲ d̪ɔ bəd͡ʒniə̯ bɘɲ ɲɛla.
তোমরা ভেড়া দেখবে।,You all will see the sheep.,apɛ d̪ɔ bʰiɖi ɲɛla.
গুহাে একটি কৃষিজ উৎপাদন আছে।,There is an agricultural produce in the cave.,bʰugək̕ɾɛ aɾd͡ʒon menaa.
আমরা কুমড়ো দেখব না।,We do not see the pumpkin.,alɛ d̪ɔ bə̃ɽĩə kohɳɖa balɛ ɲɛla.
তোমার কিশোর নতুন।,Your lad is new.,amaʔ bat͡ʃʰɽa d̪ɔ nɔwaa.
তোমাদের সময় গুরুত্বপূর্ণ।,Your time is important.,apɛaʔ ɔkt̪ɛ d̪ɔ ɟɘɾuɽa.
কুয়ায় একটি আঁটি আছে।,There is a bundle in the well.,kuɲɾɛ əʈi menaa.
বাসস্থানে একটি হ্রদ আছে।,There is a lake in the dwelling place.,basɾɛ ɟɔla menaa.
স্কুলে একটি ধানক্ষেত আছে।,There is a rice-land in the school.,iskulɾɛ ahaɾ menaa.
আমাদের স্কুল ভালো।,Our school is good.,alɛaʔ iskul d̪ɔ mɔ̃ɟa.
তোমাদের চাষাবাদ ভালো।,Your cultivation is good.,apɛaʔ abad d̪ɔ mɔ̃ɟa.
একটি স্ত্রী নদীতে আছে।,One wife is in the river.,mit̪ʔʈɛn bəhu d̪ɔ gaɖaɾɛ menaa.
তার আদিবাসী ভালো।,His/her aborigines is good.,uniaʔ bəu̯ɾi d̪ɔ mɔ̃ɟa.
সকালে আমরা মোবাইল ফোন কিনে স্কুলে খেলব।,"In the morning, we buy the mobile phone and then play in the school.",sɛt̪aʔɾɛ alɛ mɔbaĭl pʰon kiɾiɲkat̪ɛ iskulɾɛ gat̪ea.
আমরা বিস্ফোরক পাউডার দেখেছি।,We have seen the blasting powder.,alɛ d̪ɔ bəɾud ɲɛlakada.
আমি সেবা দেখব।,I will see the service.,iɲ d̪ɔ aŋgɾa ɲɛla.
আমাদের স্ত্রী ভালো।,Our wife is good.,alɛaʔ bəhu d̪ɔ mɔ̃ɟa.
স্কুলে একটি বিধাতা আছে।,There is a providence in the school.,iskulɾɛ bʰidata menaa.
বাসস্থানে একটি সিস্ট টিউমার আছে।,There is a cystic tumour in the residence.,basaɾɛ batoɾi menaa.
বাগানটি ভালো।,The garden is good.,bagan d̪ɔ mɔ̃ɟa.
আড়ালে একটি ব্যাকরণ আছে।,There is a grammar in the covert.,ao̯tanɾɛ bejakaɾan menaa.
আসা-যাওয়াটি ভালো।,The coming & going is good.,ana gona d̪ɔ mɔ̃ɟa.
তোমাদের আয়না ভালো।,Your mirror is good.,apɛaʔ əɾsi d̪ɔ mɔ̃ɟa.
দেবতাটি গুরুত্বপূর্ণ।,The deity is important.,bʰokta d̪ɔ ɟɘɾuɽa.
আমার অভ্র ভালো।,My mica is good.,iɲaʔ abɾak d̪ɔ mɔ̃ɟa.
গুহাে একটি ব্রাহ্মণ আছে।,There is a brahman in the cave.,bʰugək̕ɾɛ babɾẽ menaa.
ছবিটি ভালো।,The photo is good.,pʰɔʈɔ d̪ɔ mɔ̃ɟa.
তার মাফ (হাতঢাকা) নতুন।,His/her muff is new.,uniaʔ bembʰa d̪ɔ nɔwaa.
"তারা মোবাইল ফোন কিনবে, কিন্তু ঘড়ি কিনবে না।","They will buy the mobile phone, but do not buy the watch.",oŋko d̪ɔ mɔbaĭl pʰon kiɾiɲa mɛnkʰan gʰuɽi bako kiɾiɲa.
আমরা যন্ত্রপাতি দেখব।,We will see the appliance.,alɛ d̪ɔ bandʰec̕ ɲɛla.
গ্রামে একটি গৃহপালিত পশু আছে।,There is a domestic animal in the village.,at̪oɾɛ ato posu menaa.
তোমাদের গবাদিপশুর পাতলা পায়খানা নতুন।,Your scouring in cattle is new.,apɛaʔ aɽhəi̯ə d̪ɔ nɔwaa.
আমার এক প্রজাতির মাছ পরিষ্কার।,My species of fish is clean.,iɲaʔ badʰoɽ d̪ɔ sapʰaa.
উঠানে একটি মা আছে।,There is a mother in the courtyard of house.,bəteɾɛ ajo menaa.
তারা সময়কাল দেখবে না।,They do not see the period.,oŋko d̪ɔ ãʈɾe bako ɲɛla.
তার জারজ ছোট।,His/her bastard is small.,uniaʔ bidʰuə̯ d̪ɔ lɘʈua.
পিঁপড়া কোথায় আছে?,Where is the ant?,muc̚ʔ d̪ɔ ɔkaɾɛ menaa.
আমি মূল্যায়ন দেখব।,I will see the appraisement.,iɲ d̪ɔ anman ɲɛla.
একটি বামন কুয়ায় আছে।,One dwarf is in the well.,mit̪ʔʈɛn bãoɽã d̪ɔ kuɲɾɛ menaa.
উলটি গুরুত্বপূর্ণ।,The wool is important.,bʰiɖi up̕ d̪ɔ ɟɘɾuɽa.
গতকাল তোমরা অশান্তি দেখে হ্রদে খেলবে।,"Yesterday, you all see the unrest and then play in the lake.",hɔlaɾɛ apɛ bɛtʰiɾ ɲɛlkat̪ɛ ɟɔlaɾɛ gat̪ea.
বাসস্থানে একটি ব্যাঙের ডাক আছে।,There is a croak of frogs in the dwelling place.,basɾɛ bɛbɛ menaa.
নদীতে একটি সময়কাল আছে।,There is a period in the river.,gaɖaɾɛ ãʈɾe menaa.
আজ আমি হাত দেখে স্কুলে আসব।,"Today, I see the hand and then come to the school.",t̪eheɲɾɛ iɲ t̪i ɲɛlkat̪ɛ iskulɾɛ hiɟuʔa.
গতকাল আমরা ঘড়ি কিনে স্কুলে কাজ করব।,"Yesterday, we buy the watch and then work in the school.",hɔlaɾɛ alɛ gʰuɽi kiɾiɲkat̪ɛ iskulɾɛ kɘmia.
তাদের ঝুড়ি নতুন।,Their basket is new.,oŋkoaʔ bʰad͡ʒan d̪ɔ nɔwaa.
গুহাে একটি উৎসব আছে।,There is a festival in the cave.,bʰugək̕ɾɛ pɔɾɔb menaa.
তোমার আসা-যাওয়া পরিষ্কার।,Your coming & going is clean.,amaʔ ana gona d̪ɔ sapʰaa.
বাসস্থানে একটি ভাই আছে।,There is a brother in the residence.,basaɾɛ bɔ͡i̯ha menaa.
সকালে আমি মাছ কিনে শহরে আসব।,"In the morning, I buy the fish and then come to the town.",sɛt̪aʔɾɛ iɲ haku kiɾiɲkat̪ɛ sɔhɔɽɾɛ hiɟuʔa.
গতকাল তারা কথা লিখে কুয়ায় যাবে।,"Yesterday, they write the word and then go to the well.",hɔlaɾɛ oŋko kat̪ʰa ɔlɔʔkat̪ɛ kuɲɾɛ calaʔa.
আমাদের ভাগ্নে ছোট।,Our nephew is small.,alɛaʔ bʰəgnə d̪ɔ lɘʈua.
তার ঘড়ি গুরুত্বপূর্ণ।,His/her watch is important.,uniaʔ gʰuɽi d̪ɔ ɟɘɾuɽa.
তোমাদের সন্ধ্যা ভালো।,Your evening is good.,apɛaʔ əjup̕ d̪ɔ mɔ̃ɟa.
উঠানে একটি ভাগ্নী আছে।,There is a niece in the courtyard of house.,bəteɾɛ bʰət͡ʃə menaa.
তার বাদ পড়া গুরুত্বপূর্ণ।,His/her omission is important.,uniaʔ bʰul t͡ʃuk d̪ɔ ɟɘɾuɽa.
তার দেওয়াল ভালো।,His/her wall is good.,uniaʔ bʰit d̪ɔ mɔ̃ɟa.
সেই সময় তুমি দুধ পান করে কুয়ায় আসবে।,"At that time, you drink the milk and then come to the well.",ɔkt̪ɛɾɛ am t̪o̯͡a ɲukat̪ɛ kuɲɾɛ hiɟuʔa.
ব্যাখ্যাটি ভালো।,The explanation is good.,bejan d̪ɔ mɔ̃ɟa.
আমরা মশাল ও এক প্রজাতির হরিণ দেখব।,We will see the torch and the a species of antelope.,alɛ d̪ɔ bambeɾ aɾ bʰãoʈia ɲɛla.
সে টাকা পেয়েছে।,He/she has gotten the money.,uni d̪ɔ ʈaka ɲamakada.
শহরে একটি ভোজ আছে।,There is a feast in the town.,sɔhɔɽɾɛ bʰɔd͡ʒ menaa.
বাহুবন্ধনীটি ভালো।,The armlet is good.,bəd͡ʒu d̪ɔ mɔ̃ɟa.
ফুলের বৃতিটি ভালো।,The calyx of flower is good.,bɛnɛt d̪ɔ mɔ̃ɟa.
"তোমরা ভাষা বলবে, কিন্তু কথা বলবে না।","You all will speak the language, but do not speak the word.",apɛ d̪ɔ pɘɾsi ɾɔɽa mɛnkʰan kat̪ʰa bapɛ ɾɔɽa.
সেই সময় তারা মাছ খেয়ে নদীতে যাবে।,"At that time, they eat the fish and then go to the river.",ɔkt̪ɛɾɛ oŋko haku ɟɔmkat̪ɛ gaɖaɾɛ calaʔa.
আজ তুমি সুযোগ দেখে স্কুলে খেলবে।,"Today, you see the chance and then play in the school.",t̪eheɲɾɛ am bʰəg ɲɛlkat̪ɛ iskulɾɛ gat̪ea.
দাদাটি নতুন।,The grandfather is new.,ad͡ʒa d̪ɔ nɔwaa.
পাড়াে একটি আসা-যাওয়া আছে।,There is a coming & going in the neighbourhood.,aɖe paseɾɛ ana gona menaa.
বর্ণটি গুরুত্বপূর্ণ।,The alphabet is important.,akʰɔɾ d̪ɔ ɟɘɾuɽa.
আমাদের বাবা ছোট।,Our father is small.,alɛaʔ baba d̪ɔ lɘʈua.
সময়কালটি ভালো।,The period is good.,ãʈɾe d̪ɔ mɔ̃ɟa.
আমি ঘড়ি ও ঔষধ কিনব।,I will buy the watch and the medicine.,iɲ d̪ɔ gʰuɽi aɾ ɾan kiɾiɲa.
আমাদের ছাগলের বিষ্ঠা ভালো।,Our goat's dropping is good.,alɛaʔ bʰelə̃uɳɖi d̪ɔ mɔ̃ɟa.
তার শ্রমিক পরিষ্কার।,His/her navvy is clean.,uniaʔ beldaɾ d̪ɔ sapʰaa.
তাদের এক প্রজাতির কাক ভালো।,Their bow-billed corby is good.,oŋkoaʔ bʰoɳɖa kəhu d̪ɔ mɔ̃ɟa.
গ্রামে একটি পা আছে।,There is a leg in the village.,at̪oɾɛ ɟaŋga menaa.
সে নিয়োগকর্তা ও আসা-যাওয়া দেখবে।,He/she will see the employer and the coming & going.,uni d̪ɔ ək̕t͡ʃu hɔɽ aɾ ana gona ɲɛla.
পাড়াে একটি মানুষ আছে।,There is a person in the neighbourhood.,aɖe paseɾɛ hɔɽ menaa.
তাদের কালো ভাল্লুক আনন্দের।,Their black bear is happy.,oŋkoaʔ bana d̪ɔ ɾɘskɘa.
গ্রামে একটি ঔষধ আছে।,There is a medicine in the village.,at̪oɾɛ ɾan menaa.
একটি গুপ্তচর হ্রদে আছে।,One spy is in the lake.,mit̪ʔʈɛn baʈ paɽ d̪ɔ ɟɔlaɾɛ menaa.
কুয়ায় একটি হুক আছে।,There is a hook in the well.,kuɲɾɛ əŋkus menaa.
নদীতে একটি মাটির জার আছে।,There is a round jar in the river.,gaɖaɾɛ bəhni menaa.
সেই সময় আমরা ঔষধ কিনে বাড়িতে যাব।,"At that time, we buy the medicine and then go to the house.",ɔkt̪ɛɾɛ alɛ ɾan kiɾiɲkat̪ɛ ɔɽaʔɾɛ calaʔa.
তোমার পা ভালো।,Your leg is good.,amaʔ ɟaŋga d̪ɔ mɔ̃ɟa.
মাপদণ্ডটি গুরুত্বপূর্ণ।,The rod is important.,aɽəni ɖaŋ d̪ɔ ɟɘɾuɽa.
হ্রদে একটি পবিত্র সিন্দুক আছে।,There is an ark of the covenant in the lake.,ɟɔlaɾɛ ən sunduk menaa.
বাসস্থানে একটি বাঘ আছে।,There is a tiger in the dwelling place.,basɾɛ t̪ɘɾup̚ʔ menaa.
তার ভান নতুন।,His/her pretence is new.,uniaʔ aɽsa d̪ɔ nɔwaa.
বয়লারটি নতুন।,The boiler is new.,bʰəʈʰi d̪ɔ nɔwaa.
বাড়িতে একটি সন্ধ্যা আছে।,There is an evening in the house.,ɔɽaʔɾɛ əjup̕ menaa.
আমরা আত্মা ও বট গাছ দেখব।,We will see the soul and the banyan tree.,alɛ d̪ɔ atma aɾ baɽe ɲɛla.
উলটি ভালো।,The wool is good.,bʰiɖi up̕ d̪ɔ mɔ̃ɟa.
গতকাল সে কথা লিখে গ্রামে আসবে।,"Yesterday, he/she write the word and then come to the village.",hɔlaɾɛ uni kat̪ʰa ɔlɔʔkat̪ɛ at̪oɾɛ hiɟuʔa.
বিস্তীর্ণ ভূমিে একটি বেঞ্চ আছে।,There is a bench in the wide expanse of land.,bilənɾɛ beɲt͡ʃ menaa.
ছেলেটি ছোট।,The boy is small.,bəbu d̪ɔ lɘʈua.
তোমার বেঞ্চ পরিষ্কার।,Your bench is clean.,amaʔ beɲt͡ʃ d̪ɔ sapʰaa.
তুমি বাত রোগ দেখবে না।,You do not see the rheumatism.,am d̪ɔ bat bam ɲɛla.
আমাদের সূর্য ভালো।,Our sun is good.,alɛaʔ bela d̪ɔ mɔ̃ɟa.
মটরশুটিটি পরিষ্কার।,The pea is clean.,baʈɽa d̪ɔ sapʰaa.
প্রতিদ্বন্দ্বিতাটি গুরুত্বপূর্ণ।,The rivalry is important.,bada bədi d̪ɔ ɟɘɾuɽa.
সেই সময় তোমরা অর্জন দেখে শহরে কাজ করবে।,"At that time, you all see the gain and then work in the town.",ɔkt̪ɛɾɛ apɛ ae̯ upəi̯ ɲɛlkat̪ɛ sɔhɔɽɾɛ kɘmia.
সে ঝুড়ি দেখেছিল।,He/she saw the basket.,unii̯ bʰad͡ʒan ɲɛlkeda.
নারীটি নতুন।,The woman is new.,əi̯məi̯ d̪ɔ nɔwaa.
সকালে তোমরা খাবার কিনে কুয়ায় আসবে।,"In the morning, you all buy the food and then come to the well.",sɛt̪aʔɾɛ apɛ ɟɔmaʔ kiɾiɲkat̪ɛ kuɲɾɛ hiɟuʔa.
সে কালো ভাল্লুক দেখবে।,He/she will see the black bear.,uni d̪ɔ bana ɲɛla.
"তুমি মধু খাবে, কিন্তু মাছ খাবে না।","You will eat the honey, but do not eat the fish.",am d̪ɔ ɲɛlɛɾasa ɟɔma mɛnkʰan haku bam ɟɔma.
হ্রদে একটি পুকুর আছে।,There is a pool in the lake.,ɟɔlaɾɛ agʰoɾni menaa.
তারা খাবার ও মাছ খাবে।,They will eat the food and the fish.,oŋko d̪ɔ ɟɔmaʔ aɾ haku ɟɔma.
বাদ পড়াটি পরিষ্কার।,The omission is clean.,bʰul t͡ʃuk d̪ɔ sapʰaa.
আমি আফিম দেখব।,I will see the opium.,iɲ d̪ɔ əpʰim ɲɛla.
হ্রদে একটি চোখের পচা পদার্থ আছে।,There is a rheum from the eyes in the lake.,ɟɔlaɾɛ beɲd͡ʒak̕ menaa.
সেই সময় তোমরা মজুরি দেখে গ্রামে আসবে।,"At that time, you all see the wages and then come to the village.",ɔkt̪ɛɾɛ apɛ bən ɲɛlkat̪ɛ at̪oɾɛ hiɟuʔa.
তাদের আয়ুর্বেদিক উদ্ভিদ নতুন।,Their bishop’s weed is new.,oŋkoaʔ əd͡ʒuə̯ d̪ɔ nɔwaa.
তাদের এক ধরনের বাদ্যযন্ত্র গুরুত্বপূর্ণ।,Their a kind of fiddle is important.,oŋkoaʔ banam d̪ɔ ɟɘɾuɽa.
আমরা বেঞ্চ দেখব।,We will see the bench.,alɛ d̪ɔ beɲt͡ʃ ɲɛla.
আমি উৎসব দেখব।,I will see the festival.,iɲ d̪ɔ pɔɾɔb ɲɛla.
আমি টাকা পেয়েছি।,I have gotten the money.,iɲ d̪ɔ ʈaka ɲamakada.
আমি বন্য শুকর ও নুন-তামাকের ফেরিওয়ালা দেখব।,I will see the boar and the pedlar of salt and tobacco.,iɲ d̪ɔ bʰatoɽ aɾ bə̃ɽiə̯̃ ɲɛla.
তোমরা পশু তাড়ানোর লাঠি দেখবে না।,You all do not see the goad.,apɛ d̪ɔ aɾd͡ʒan bapɛ ɲɛla.
সকালে সে কারকীয় ক্রিয়া দেখে স্কুলে যাবে।,"In the morning, he/she see the causative inflection and then go to the school.",sɛt̪aʔɾɛ uni a ɲɛlkat̪ɛ iskulɾɛ calaʔa.
তোমাদের বিড়াল আনন্দের।,Your cat is happy.,apɛaʔ pusi d̪ɔ ɾɘskɘa.
তোমরা চাষাবাদ দেখবে।,You all will see the cultivation.,apɛ d̪ɔ abad ɲɛla.
আড়ালে একটি ভূগোল আছে।,There is a geography in the covert.,ao̯tanɾɛ bʰugol menaa.
পাড়াে একটি বধিরতা আছে।,There is a deafness in the neighbourhood.,aɖe paseɾɛ bəhiɾ bəi̯ menaa.
সকালে তুমি মোবাইল ফোন কিনে স্কুলে কাজ করবে।,"In the morning, you buy the mobile phone and then work in the school.",sɛt̪aʔɾɛ am mɔbaĭl pʰon kiɾiɲkat̪ɛ iskulɾɛ kɘmia.
আমি অতিরিক্ত খাজনা ও জোনাকি দেখব।,I will see the additional assessment on rent and the firefly.,iɲ d̪ɔ bʰed͡ʒa aɾ bakd͡ʒunu ɲɛla.
আদালতটি গুরুত্বপূর্ণ।,The court is important.,adalot d̪ɔ ɟɘɾuɽa.
আমি পরাজয় ও সিস্ট টিউমার দেখব।,I will see the beating and the cystic tumour.,iɲ d̪ɔ alao̯ aɾ batoɾi ɲɛla.
বাসস্থানে একটি বিবাহের শোভাযাত্রা আছে।,There is a marriage procession in the residence.,basaɾɛ bəɾiə̯t menaa.
তার বর্শা পরিষ্কার।,His/her spear is clean.,uniaʔ bəɾt͡ʃʰi d̪ɔ sapʰaa.
সেই সময় তুমি কথা পড়ে শহরে যাবে।,"At that time, you study the word and then go to the town.",ɔkt̪ɛɾɛ am kat̪ʰa paɽha͡o̯kat̪ɛ sɔhɔɽɾɛ calaʔa.
একটি ভাগ্নী স্কুলে আছে।,One niece is in the school.,mit̪ʔʈɛn bʰət͡ʃə d̪ɔ iskulɾɛ menaa.
আজ তুমি পানি পান করে স্কুলে কাজ করবে।,"Today, you drink the water and then work in the school.",t̪eheɲɾɛ am d̪aʔ ɲukat̪ɛ iskulɾɛ kɘmia.
আমরা নেতিবাচক দেখব।,We will see the negative.,alɛ d̪ɔ baŋ ɲɛla.
নিকটবর্তী এলাকাে একটি ঔষধ আছে।,There is a medicine in the vicinity.,aɖe ʈolaɾɛ ɾan menaa.
তাদের ডাক্তার ভালো।,Their doctor is good.,oŋkoaʔ ɖak̚t̪aɾ d̪ɔ mɔ̃ɟa.
তাদের বালিশ নতুন।,Their pillow is new.,oŋkoaʔ bəlis d̪ɔ nɔwaa.
হুকটি গুরুত্বপূর্ণ।,The hook is important.,əŋkus d̪ɔ ɟɘɾuɽa.
গতকাল তারা খাবার কিনে শহরে খেলবে।,"Yesterday, they buy the food and then play in the town.",hɔlaɾɛ oŋko ɟɔmaʔ kiɾiɲkat̪ɛ sɔhɔɽɾɛ gat̪ea.
গতকাল আমি পানি পান করে কুয়ায় কাজ করব।,"Yesterday, I drink the water and then work in the well.",hɔlaɾɛ iɲ d̪aʔ ɲukat̪ɛ kuɲɾɛ kɘmia.
তোমাদের তরকারি সুস্বাদু।,Your vegetables is tasty.,apɛaʔ aɽak̕ sakam d̪ɔ sibila.
গতকাল তুমি ঘড়ি কিনে কুয়ায় আসবে।,"Yesterday, you buy the watch and then come to the well.",hɔlaɾɛ am gʰuɽi kiɾiɲkat̪ɛ kuɲɾɛ hiɟuʔa.
তোমার পাঠ ভালো।,Your lesson is good.,amaʔ sikʰnɘt̪ d̪ɔ mɔ̃ɟa.
আমি প্রাচুর্য ও পাতার বোঁটা দেখব।,I will see the abundance and the petiole.,iɲ d̪ɔ at͡ʃel pat͡ʃel aɾ bʰekuə̯ ɲɛla.
আমার শহর গুরুত্বপূর্ণ।,My town is important.,iɲaʔ sɔhɔɽ d̪ɔ ɟɘɾuɽa.
তোমার ভ্রাতৃত্ব অনুষ্ঠান গুরুত্বপূর্ণ।,Your brotherhood ceremony is important.,amaʔ bã̠ihə̃ d̪ɔ ɟɘɾuɽa.
সেই সময় সে দুধ পান করে স্কুলে যাবে।,"At that time, he/she drink the milk and then go to the school.",ɔkt̪ɛɾɛ uni t̪o̯͡a ɲukat̪ɛ iskulɾɛ calaʔa.
তার বাদ পড়া ভালো।,His/her omission is good.,uniaʔ bʰul t͡ʃuk d̪ɔ mɔ̃ɟa.
গুহাে একটি দাম আছে।,There is a price in the cave.,bʰugək̕ɾɛ bʰao̯ menaa.
সকালে আমি মাছ খেয়ে হ্রদে যাব।,"In the morning, I eat the fish and then go to the lake.",sɛt̪aʔɾɛ iɲ haku ɟɔmkat̪ɛ ɟɔlaɾɛ calaʔa.
সকালে আমরা খাবার খেয়ে বাড়িতে কাজ করব।,"In the morning, we eat the food and then work in the house.",sɛt̪aʔɾɛ alɛ ɟɔmaʔ ɟɔmkat̪ɛ ɔɽaʔɾɛ kɘmia.
স্কুলে একটি হ্রদ আছে।,There is a lake in the school.,iskulɾɛ ɟɔla menaa.
বাসস্থানে একটি অনুরোধ আছে।,There is a request in the residence.,basaɾɛ aɾd͡ʒa əɾd͡ʒi menaa.
সেই সময় তুমি ঔষধ কিনে গ্রামে খেলবে।,"At that time, you buy the medicine and then play in the village.",ɔkt̪ɛɾɛ am ɾan kiɾiɲkat̪ɛ at̪oɾɛ gat̪ea.
তোমার মা ভালো।,Your mother is good.,amaʔ gɔgɔ d̪ɔ mɔ̃ɟa.
শহরে একটি রীতি আছে।,There is a customs in the town.,sɔhɔɽɾɛ at͡ʃaɾ menaa.
গ্রামে একটি মাথা ঘোরা আছে।,There is a vertigo in the village.,at̪oɾɛ bʰãoɾi menaa.
তারা মোবাইল ফোন ও ঘড়ি কিনবে।,They will buy the mobile phone and the watch.,oŋko d̪ɔ mɔbaĭl pʰon aɾ gʰuɽi kiɾiɲa.
তারা ডালিম ও উদ্বৃত্ত দেখবে।,They will see the pomegranate and the surplus.,oŋko d̪ɔ anaɾ aɾ bətil ɲɛla.
পাড়াে একটি শস্য আছে।,There is a grain in the neighbourhood.,aɖe paseɾɛ an menaa.
ইংল্যান্ডে একটি ভাষা আছে।,There is a language in the england.,bilətɾɛ pɘɾsi menaa.
"আমি প্রণয়ন দেখব, কিন্তু অবশিষ্ট দেখব না।","I will see the enactment, but do not see the remainder.",iɲ d̪ɔ ən ɲɛla mɛnkʰan bəki bɔkɔe̯a bɘɲ ɲɛla.
বিস্তীর্ণ ভূমিে একটি ডিমের কুসুম আছে।,There is a yolk of egg in the wide expanse of land.,bilənɾɛ bele botke menaa.
বন্যাটি গুরুত্বপূর্ণ।,The flood is important.,bəd d̪ɔ ɟɘɾuɽa.
আদালতটি পরিষ্কার।,The court is clean.,adalot d̪ɔ sapʰaa.
বাড়িতে একটি বৃদ্ধি আছে।,There is a growth in the house.,ɔɽaʔɾɛ baɽhɔnta menaa.
সেই সময় তোমরা ভাষা লিখে হ্রদে আসবে।,"At that time, you all write the language and then come to the lake.",ɔkt̪ɛɾɛ apɛ pɘɾsi ɔlɔʔkat̪ɛ ɟɔlaɾɛ hiɟuʔa.
"তারা ঔষধ কিনবে, কিন্তু ঔষধ কিনবে না।","They will buy the medicine, but do not buy the medicine.",oŋko d̪ɔ ɾan kiɾiɲa mɛnkʰan ɾan bako kiɾiɲa.
নিকটবর্তী এলাকাে একটি নিষেধাত্মক উপসর্গ আছে।,There is a privative prefix in the vicinity.,aɖe ʈolaɾɛ an menaa.
"তোমরা পাঠ পড়বে, কিন্তু ভাষা পড়বে না।","You all will study the lesson, but do not study the language.",apɛ d̪ɔ sikʰnɘt̪ paɽha͡o̯a mɛnkʰan pɘɾsi bapɛ paɽha͡o̯a.
গতকাল তুমি বাদাম দেখে হ্রদে আসবে।,"Yesterday, you see the almond and then come to the lake.",hɔlaɾɛ am badam d͡ʒɔ ɲɛlkat̪ɛ ɟɔlaɾɛ hiɟuʔa.
ইংল্যান্ডে একটি দুর্যোগ আছে।,There is a calmity in the england.,bilətɾɛ apʰoti menaa.
সেই সময় সে মধু খেয়ে কুয়ায় কাজ করবে।,"At that time, he/she eat the honey and then work in the well.",ɔkt̪ɛɾɛ uni ɲɛlɛɾasa ɟɔmkat̪ɛ kuɲɾɛ kɘmia.
আমি ফুলের বৃতি দেখেছি।,I have seen the calyx of flower.,iɲ d̪ɔ bɛnɛt ɲɛlakada.
আজ সে মধু খেয়ে হ্রদে যাবে।,"Today, he/she eat the honey and then go to the lake.",t̪eheɲɾɛ uni ɲɛlɛɾasa ɟɔmkat̪ɛ ɟɔlaɾɛ calaʔa.
তুমি বনরুই দেখবে।,You will see the ant-eater.,am d̪ɔ aɾba ɲɛla.
আজ আমি দুধ পান করে স্কুলে খেলব।,"Today, I drink the milk and then play in the school.",t̪eheɲɾɛ iɲ t̪o̯͡a ɲukat̪ɛ iskulɾɛ gat̪ea.
সেই সময় সে পাঠ পড়ে কুয়ায় খেলবে।,"At that time, he/she study the lesson and then play in the well.",ɔkt̪ɛɾɛ uni sikʰnɘt̪ paɽha͡o̯kat̪ɛ kuɲɾɛ gat̪ea.
তোমরা অল্প দেখবে না।,You all do not see the little.,apɛ d̪ɔ ədʰəɾiə̯ bapɛ ɲɛla.
তাদের পদ্য ভালো।,Their verse is good.,oŋkoaʔ ae̯t d̪ɔ mɔ̃ɟa.
"সে খাবার খাবে, কিন্তু মাছ খাবে না।","He/she will eat the food, but does not eat the fish.",uni d̪ɔ ɟɔmaʔ ɟɔma mɛnkʰan haku bai̯ ɟɔma.
নিকটবর্তী এলাকাে একটি গুজব রটনাকারী আছে।,There is a bearer of tales in the vicinity.,aɖe ʈolaɾɛ bad͡ʒʰəni menaa.
গতকাল আমরা শিখা দেখে হ্রদে আসব।,"Yesterday, we see the flame and then come to the lake.",hɔlaɾɛ alɛ ãt͡ʃ ɲɛlkat̪ɛ ɟɔlaɾɛ hiɟuʔa.
সুতাটি পরিষ্কার।,The twine is clean.,babeɾ d̪ɔ sapʰaa.
আমার গৃহপালিত পশু ছোট।,My domestic animal is small.,iɲaʔ ato posu d̪ɔ lɘʈua.
শিশুটি আনন্দের।,The baby is happy.,bale d̪ɔ ɾɘskɘa.
কর্তব্যচ্যুতিটি গুরুত্বপূর্ণ।,The omission of duty is important.,bʰisoɾ d̪ɔ ɟɘɾuɽa.
বাবাটি পরিষ্কার।,The father is clean.,apa d̪ɔ sapʰaa.
কুয়ায় একটি পুরুষ ভেড়া আছে।,There is a ram in the well.,kuɲɾɛ bʰeɖa menaa.
বিস্তীর্ণ ভূমিে একটি বালিশ আছে।,There is a pillow in the wide expanse of land.,bilənɾɛ bəlis menaa.
হ্রদে একটি দুধ আছে।,There is a milk in the lake.,ɟɔlaɾɛ t̪o̯͡a menaa.
হ্রদে একটি ভান আছে।,There is a pretence in the lake.,ɟɔlaɾɛ aɽsa menaa.
"তারা কসাই দেখবে, কিন্তু ন্যায়বিচারের আবেদন দেখবে না।","They will see the butcher, but do not see the appeal for justice.",oŋko d̪ɔ bʰut͡ʃəɽ ɲɛla mɛnkʰan əpʰil dohae̯ bako ɲɛla.
ফোঁপানিটি গুরুত্বপূর্ণ।,The blubbering is important.,beɲ d̪ɔ ɟɘɾuɽa.
গুহাে একটি সুযোগ আছে।,There is a chance in the cave.,bʰugək̕ɾɛ bʰəg menaa.
আমাদের ছবি ভালো।,Our photo is good.,alɛaʔ pʰɔʈɔ d̪ɔ mɔ̃ɟa.
তোমরা ভাড়া ও অভিশাপ দেখবে।,You all will see the fare and the curse.,apɛ d̪ɔ bʰaɽa aɾ əsis ɲɛla.
আমরা ধনুক দেখব না।,We do not see the bow.,alɛ d̪ɔ ak̕ balɛ ɲɛla.
স্কুলে একটি প্রণয়ন আছে।,There is an enactment in the school.,iskulɾɛ ən menaa.
ইংল্যান্ডে একটি শুরু আছে।,There is a beginning in the england.,bilətɾɛ əd menaa.
"তারা টাকা পাবে, কিন্তু ঔষধ পাবে না।","They will get the money, but do not get the medicine.",oŋko d̪ɔ ʈaka ɲama mɛnkʰan ɾan bako ɲama.
শ্রাইক পাখিটি ভালো।,The shrike is good.,bagʰa kɛɾkeʈa d̪ɔ mɔ̃ɟa.
নির্ভরতাটি নতুন।,The reliance is new.,bʰaɾsa d̪ɔ nɔwaa.
আমাদের মটরশুটি নতুন।,Our pea is new.,alɛaʔ baʈɽa d̪ɔ nɔwaa.
স্কুলে একটি রবিবার আছে।,There is a sunday in the school.,iskulɾɛ aʈʰawaɾ menaa.
বাসস্থানে একটি ছেলে আছে।,There is a boy in the residence.,basaɾɛ bəbu menaa.
পাড়াে একটি অবশিষ্ট আছে।,There is a residue in the neighbourhood.,aɖe paseɾɛ bəɖɾə menaa.
তোমরা খাবার কিনেছিলে।,You all bought the food.,apɛpɛ ɟɔmaʔ kiɾiɲkeda.
গতকাল তারা দুধ পান করে নদীতে খেলবে।,"Yesterday, they drink the milk and then play in the river.",hɔlaɾɛ oŋko t̪o̯͡a ɲukat̪ɛ gaɖaɾɛ gat̪ea.
বাসস্থানে একটি আখড়া আছে।,There is a gathering in the dwelling place.,basɾɛ akʰɾa menaa.
তার বিড়াল আনন্দের।,His/her cat is happy.,uniaʔ pusi d̪ɔ ɾɘskɘa.
সকালে আমরা মোবাইল ফোন কিনে বাড়িতে খেলব।,"In the morning, we buy the mobile phone and then play in the house.",sɛt̪aʔɾɛ alɛ mɔbaĭl pʰon kiɾiɲkat̪ɛ ɔɽaʔɾɛ gat̪ea.
নিকটবর্তী এলাকাে একটি আখরোট আছে।,There is a walnut in the vicinity.,aɖe ʈolaɾɛ akʰɾoʈ menaa.
"তুমি খাবার বিক্রি করবে, কিন্তু মোবাইল ফোন বিক্রি করবে না।","You will sell the food, but do not sell the mobile phone.",am d̪ɔ ɟɔmaʔ ɘkʰɾiɲa mɛnkʰan mɔbaĭl pʰon bam ɘkʰɾiɲa.
আমাদের কষ্ট নতুন।,Our suffering is new.,alɛaʔ bidot d̪ɔ nɔwaa.
জোয়ালটি ভালো।,The yoke is good.,aɾãɽ d̪ɔ mɔ̃ɟa.
আজ আমরা ভাষা লিখে কুয়ায় যাব।,"Today, we write the language and then go to the well.",t̪eheɲɾɛ alɛ pɘɾsi ɔlɔʔkat̪ɛ kuɲɾɛ calaʔa.
সে চল্লিশ দেখবে না।,He/she does not see the forty.,uni d̪ɔ baɾ isi bai̯ ɲɛla.
আমি আয়ুর্বেদিক উদ্ভিদ ও যন্ত্রপাতি দেখব।,I will see the bishop’s weed and the appliance.,iɲ d̪ɔ əd͡ʒuə̯ aɾ bandʰec̕ ɲɛla.
হ্রদে একটি টাকা আছে।,There is a money in the lake.,ɟɔlaɾɛ ʈaka menaa.
আড়ালে একটি পা আছে।,There is a foot in the covert.,ao̯tanɾɛ kaʈa menaa.
আমরা ঘোড়া ও হুক দেখব।,We will see the horse and the hook.,alɛ d̪ɔ əɳɖiə̯ sadɔm aɾ əŋkus ɲɛla.
তোমরা খিঁচুনি দেখবে না।,You all do not see the convulsions.,apɛ d̪ɔ ḅahiɾ bəi̯ bapɛ ɲɛla.
আমার ঘড়ি ভালো।,My watch is good.,iɲaʔ gʰuɽi d̪ɔ mɔ̃ɟa.
তাদের আদালত পরিষ্কার।,Their court is clean.,oŋkoaʔ adalot d̪ɔ sapʰaa.
গুহাে একটি উই পোকা আছে।,There is a termite in the cave.,bʰugək̕ɾɛ bʰuku menaa.
গতকাল তোমরা ভাষা লিখে নদীতে কাজ করবে।,"Yesterday, you all write the language and then work in the river.",hɔlaɾɛ apɛ pɘɾsi ɔlɔʔkat̪ɛ gaɖaɾɛ kɘmia.
সে দাদা দেখেছে।,He/she has seen the grandfather.,uni d̪ɔ ad͡ʒa ɲɛlakada.
আমি রক্তমূত্র দেখেছি।,I have seen the haematuria.,iɲ d̪ɔ aɾak̕ d͡ʒʰaɾ ɲɛlakada.
"তারা মোবাইল ফোন বিক্রি করবে, কিন্তু মোবাইল ফোন বিক্রি করবে না।","They will sell the mobile phone, but do not sell the mobile phone.",oŋko d̪ɔ mɔbaĭl pʰon ɘkʰɾiɲa mɛnkʰan mɔbaĭl pʰon bako ɘkʰɾiɲa.
আজ আমি ভাষা লিখে নদীতে যাব।,"Today, I write the language and then go to the river.",t̪eheɲɾɛ iɲ pɘɾsi ɔlɔʔkat̪ɛ gaɖaɾɛ calaʔa.
পাড়াে একটি হ্রদ আছে।,There is a lake in the neighbourhood.,aɖe paseɾɛ ɟɔla menaa.
তার অভ্র নতুন।,His/her mica is new.,uniaʔ abɾak d̪ɔ nɔwaa.
তোমার ভাষা গুরুত্বপূর্ণ।,Your language is important.,amaʔ pɘɾsi d̪ɔ ɟɘɾuɽa.
বাসস্থানে একটি পা আছে।,There is a leg in the residence.,basaɾɛ ɟaŋga menaa.
স্কুলে একটি শিকার আছে।,There is a prey in the school.,iskulɾɛ aheɾ menaa.
তাদের জেলে ছোট।,Their fisherman is small.,oŋkoaʔ ɟɘliɘ d̪ɔ lɘʈua.
সেই সময় তুমি কথা লিখে নদীতে আসবে।,"At that time, you write the word and then come to the river.",ɔkt̪ɛɾɛ am kat̪ʰa ɔlɔʔkat̪ɛ gaɖaɾɛ hiɟuʔa.
তাদের পশুপাখির ডাক নতুন।,Their cry of beasts & c is new.,oŋkoaʔ aɳɖɾac̕ ɔɳɖɾɔc̕ d̪ɔ nɔwaa.
নদীতে একটি মোবাইল ফোন আছে।,There is a mobile phone in the river.,gaɖaɾɛ mɔbaĭl pʰon menaa.
নিকটবর্তী এলাকাে একটি ডালিম আছে।,There is a pomegranate in the vicinity.,aɖe ʈolaɾɛ anaɾ menaa.
কুয়ায় একটি রোগ আছে।,There is an illness in the well.,kuɲɾɛ ɾu̯͡ɘ menaa.
তোমার কথা ভালো।,Your word is good.,amaʔ kat̪ʰa d̪ɔ mɔ̃ɟa.
আমাদের ভেড়ার মাংস ভালো।,Our mutton is good.,alɛaʔ bʰiɖi d͡ʒel d̪ɔ mɔ̃ɟa.
বিবাহের শোভাযাত্রাটি গুরুত্বপূর্ণ।,The marriage procession is important.,bəɾiə̯t d̪ɔ ɟɘɾuɽa.
তোমরা হরিণ ও গ্রাম দেখবে।,You all will see the buck and the village.,apɛ d̪ɔ badaɾ aɾ ato ɲɛla.
আড়ালে একটি অবশিষ্ট আছে।,There is a remainder in the covert.,ao̯tanɾɛ bəki bɔkɔe̯a menaa.
সকালে আমরা খাবার কিনে শহরে কাজ করব।,"In the morning, we buy the food and then work in the town.",sɛt̪aʔɾɛ alɛ ɟɔmaʔ kiɾiɲkat̪ɛ sɔhɔɽɾɛ kɘmia.
আজ তোমরা খাবার কিনে নদীতে যাবে।,"Today, you all buy the food and then go to the river.",t̪eheɲɾɛ apɛ ɟɔmaʔ kiɾiɲkat̪ɛ gaɖaɾɛ calaʔa.
আজ আমি কথা লিখে বাড়িতে যাব।,"Today, I write the word and then go to the house.",t̪eheɲɾɛ iɲ kat̪ʰa ɔlɔʔkat̪ɛ ɔɽaʔɾɛ calaʔa.
আমরা জোর খাটানো শ্রম দেখব।,We will see the forced labour.,alɛ d̪ɔ begaɾ ɲɛla.
একটি বাঘ স্কুলে আছে।,One tiger is in the school.,mit̪ʔʈɛn t̪ɘɾup̚ʔ d̪ɔ iskulɾɛ menaa.
কসাইটি ভালো।,The butcher is good.,bʰut͡ʃəɽ d̪ɔ mɔ̃ɟa.
"আমি মাছ কিনব, কিন্তু মাছ কিনব না।","I will buy the fish, but do not buy the fish.",iɲ d̪ɔ haku kiɾiɲa mɛnkʰan haku bɘɲ kiɾiɲa.
সেই সময় আমরা সিস্ট টিউমার দেখে বাড়িতে যাব।,"At that time, we see the cystic tumour and then go to the house.",ɔkt̪ɛɾɛ alɛ batoɾi ɲɛlkat̪ɛ ɔɽaʔɾɛ calaʔa.
গ্রামে একটি ভূমিকম্প আছে।,There is an earth tremor in the village.,at̪oɾɛ bʰui̯ t͡ʃəl menaa.
গ্রামে একটি নেতা আছে।,There is a leader in the village.,at̪oɾɛ aglaha menaa.
পাড়াে একটি পুকুর আছে।,There is a pool in the neighbourhood.,aɖe paseɾɛ agʰoɾni menaa.
সে গাড়ির চাকায় লাগানো খিল ও সতর্কবাণী দেখবে।,He/she will see the cog put before a cartwheel and the alarm.,uni d̪ɔ baɳdʰi aɾ bʰāe ɲɛla.
তোমাদের কুয়া গুরুত্বপূর্ণ।,Your well is important.,apɛaʔ kuɲ d̪ɔ ɟɘɾuɽa.
তাদের মধু পরিষ্কার।,Their honey is clean.,oŋkoaʔ ɲɛlɛɾasa d̪ɔ sapʰaa.
সেই সময় সে দুধ পান করে বাড়িতে খেলবে।,"At that time, he/she drink the milk and then play in the house.",ɔkt̪ɛɾɛ uni t̪o̯͡a ɲukat̪ɛ ɔɽaʔɾɛ gat̪ea.
শহরে একটি বন্ধকী আছে।,There is a mortgage in the town.,sɔhɔɽɾɛ bəndki menaa.
বাসস্থানে একটি তুলার গাছ আছে।,There is a cotton plant in the residence.,basaɾɛ bʰoga kaskɔm menaa.
বর্শাটি পরিষ্কার।,The spear is clean.,bəɾt͡ʃʰi d̪ɔ sapʰaa.
তোমরা শিলাবৃষ্টি ও ফার্ন গাছ দেখবে।,You all will see the hail and the fern.,apɛ d̪ɔ aɾel aɾ badgot͡ʃak̕ ɲɛla.
আচরণটি ভালো।,The conduct is good.,at͡ʃaɾ beo̯haɾ d̪ɔ mɔ̃ɟa.
তারা চাষাবাদ ও আত্মীয় দেখবে।,They will see the cultivation and the kindred.,oŋko d̪ɔ abad aɾ əpus ɲɛla.
আজ আমি পাঠ পড়ে কুয়ায় আসব।,"Today, I study the lesson and then come to the well.",t̪eheɲɾɛ iɲ sikʰnɘt̪ paɽha͡o̯kat̪ɛ kuɲɾɛ hiɟuʔa.
সে এক ধরনের বাদ্যযন্ত্র দেখবে না।,He/she does not see the a kind of fiddle.,uni d̪ɔ banam bai̯ ɲɛla.
পাড়াে একটি উপভাষা আছে।,There is a dialect in the neighbourhood.,aɖe paseɾɛ bahaka menaa.
ভানটি গুরুত্বপূর্ণ।,The pretence is important.,aɽsa d̪ɔ ɟɘɾuɽa.
আমরা বেতন ও ভাড়া দেখব।,We will see the pay and the fare.,alɛ d̪ɔ bɛtɔn aɾ bʰaɽa ɲɛla.
"সে খাবার কিনবে, কিন্তু ঘড়ি কিনবে না।","He/she will buy the food, but does not buy the watch.",uni d̪ɔ ɟɔmaʔ kiɾiɲa mɛnkʰan gʰuɽi bai̯ kiɾiɲa.
বিস্তীর্ণ ভূমিে একটি অর্জন আছে।,There is a gain in the wide expanse of land.,bilənɾɛ ae̯ upəi̯ menaa.
নিকটবর্তী এলাকাে একটি কথা আছে।,There is a word in the vicinity.,aɖe ʈolaɾɛ kat̪ʰa menaa.
সেই সময় তুমি কথা লিখে কুয়ায় আসবে।,"At that time, you write the word and then come to the well.",ɔkt̪ɛɾɛ am kat̪ʰa ɔlɔʔkat̪ɛ kuɲɾɛ hiɟuʔa.
ছেলেটি আনন্দের।,The boy is happy.,bəbu d̪ɔ ɾɘskɘa.
ইংল্যান্ডে একটি অনুচিত আচরণ আছে।,There is an impropriety in the england.,bilətɾɛ baŋ ganok̕ak̕ menaa.
শহরে একটি রান্না আছে।,There is a cooked food in the town.,sɔhɔɽɾɛ basaŋ menaa.
সকালে তারা ঔষধ কিনে নদীতে খেলবে।,"In the morning, they buy the medicine and then play in the river.",sɛt̪aʔɾɛ oŋko ɾan kiɾiɲkat̪ɛ gaɖaɾɛ gat̪ea.
দামটি গুরুত্বপূর্ণ।,The price is important.,bʰao̯ d̪ɔ ɟɘɾuɽa.
বিস্তীর্ণ ভূমিে একটি উদ্বৃত্ত আছে।,There is a surplus in the wide expanse of land.,bilənɾɛ bətil menaa.
আজ সে দুধ পান করে স্কুলে খেলবে।,"Today, he/she drink the milk and then play in the school.",t̪eheɲɾɛ uni t̪o̯͡a ɲukat̪ɛ iskulɾɛ gat̪ea.
কুয়া কোথায় আছে?,Where is the well?,kuɲ d̪ɔ ɔkaɾɛ menaa.
রীতিটি নতুন।,The custom is new.,bebohaɾ d̪ɔ nɔwaa.
পৈতৃক সম্পত্তিটি ভালো।,The patrimony is good.,bapɔɾi dʰɔn d̪ɔ mɔ̃ɟa.
বাসস্থানে একটি দোহনের পাত্র আছে।,There is a milking pot in the dwelling place.,basɾɛ bʰaɳɖ menaa.
সকালে তারা ভাষা পড়ে হ্রদে আসবে।,"In the morning, they study the language and then come to the lake.",sɛt̪aʔɾɛ oŋko pɘɾsi paɽha͡o̯kat̪ɛ ɟɔlaɾɛ hiɟuʔa.
তারা অভিযোগকারী দেখবে না।,They do not see the accuser.,oŋko d̪ɔ bədi bako ɲɛla.
কণ্ঠস্বরটি পরিষ্কার।,The voice is clean.,aɽaŋ d̪ɔ sapʰaa.
আজ আমরা মাছ খেয়ে বাড়িতে খেলব।,"Today, we eat the fish and then play in the house.",t̪eheɲɾɛ alɛ haku ɟɔmkat̪ɛ ɔɽaʔɾɛ gat̪ea.
তারা বৃদ্ধি ও নির্গমন দেখবে।,They will see the growth and the emanation.,oŋko d̪ɔ baɽhɔnta aɾ əhlə ɲɛla.
গতকাল তোমরা পানি পান করে শহরে খেলবে।,"Yesterday, you all drink the water and then play in the town.",hɔlaɾɛ apɛ d̪aʔ ɲukat̪ɛ sɔhɔɽɾɛ gat̪ea.
সকালে সে খাবার কিনে নদীতে আসবে।,"In the morning, he/she buy the food and then come to the river.",sɛt̪aʔɾɛ uni ɟɔmaʔ kiɾiɲkat̪ɛ gaɖaɾɛ hiɟuʔa.
"তারা ছবি পাবে, কিন্তু খাবার পাবে না।","They will get the photo, but do not get the food.",oŋko d̪ɔ pʰɔʈɔ ɲama mɛnkʰan ɟɔmaʔ bako ɲama.
আমার রাখাল গুরুত্বপূর্ণ।,My shepherd is important.,iɲaʔ bʰiɖi gupitic̕ d̪ɔ ɟɘɾuɽa.
হ্রদে একটি পাত্র আছে।,There is a receptacle in the lake.,ɟɔlaɾɛ anataŋ menaa.
তোমার বিড়াল ছোট।,Your cat is small.,amaʔ pusi d̪ɔ lɘʈua.
সেই সময় আমি পানি পান করে গ্রামে খেলব।,"At that time, I drink the water and then play in the village.",ɔkt̪ɛɾɛ iɲ d̪aʔ ɲukat̪ɛ at̪oɾɛ gat̪ea.
আমাদের রোগ নতুন।,Our illness is new.,alɛaʔ ɾu̯͡ɘ d̪ɔ nɔwaa.
আজ তোমরা ঘড়ি কিনে বাড়িতে যাবে।,"Today, you all buy the watch and then go to the house.",t̪eheɲɾɛ apɛ gʰuɽi kiɾiɲkat̪ɛ ɔɽaʔɾɛ calaʔa.
সকালে আমরা রীতি দেখে বাড়িতে কাজ করব।,"In the morning, we see the customs and then work in the house.",sɛt̪aʔɾɛ alɛ at͡ʃaɾ ɲɛlkat̪ɛ ɔɽaʔɾɛ kɘmia.
শুকর কোথায় আছে?,Where is the pig?,suk̚ɾi d̪ɔ ɔkaɾɛ menaa.
নদীটি ভালো।,The river is good.,gaɖa d̪ɔ mɔ̃ɟa.
বিস্তীর্ণ ভূমিে একটি জেলে আছে।,There is a fisherman in the wide expanse of land.,bilənɾɛ ɟɘliɘ menaa.
আমার মধু সুস্বাদু।,My honey is tasty.,iɲaʔ ɲɛlɛɾasa d̪ɔ sibila.
বাড়িতে একটি ঋতু আছে।,There is a season in the house.,ɔɽaʔɾɛ bataɾ menaa.
পাড়াে একটি বন্য শুকর আছে।,There is a boar in the neighbourhood.,aɖe paseɾɛ bʰatoɽ menaa.
তুমি মাফ (হাতঢাকা) দেখবে না।,You do not see the muff.,am d̪ɔ bembʰa bam ɲɛla.
বেদটি গুরুত্বপূর্ণ।,The vedas is important.,bed d̪ɔ ɟɘɾuɽa.
সে সন্ধ্যা দেখবে না।,He/she does not see the evening.,uni d̪ɔ əjup̕ bai̯ ɲɛla.
তোমাদের কথা গুরুত্বপূর্ণ।,Your word is important.,apɛaʔ kat̪ʰa d̪ɔ ɟɘɾuɽa.
আজ তুমি মধু খেয়ে নদীতে খেলবে।,"Today, you eat the honey and then play in the river.",t̪eheɲɾɛ am ɲɛlɛɾasa ɟɔmkat̪ɛ gaɖaɾɛ gat̪ea.
তাদের বেঁকানো যন্ত্র ভালো।,Their brace for boring is good.,oŋkoaʔ bʰãoɾa d̪ɔ mɔ̃ɟa.
উঠানে একটি পাঠ আছে।,There is a lesson in the courtyard of house.,bəteɾɛ sikʰnɘt̪ menaa.
সকালে আমরা মাপদণ্ড দেখে হ্রদে কাজ করব।,"In the morning, we see the rod and then work in the lake.",sɛt̪aʔɾɛ alɛ aɽəni ɖaŋ ɲɛlkat̪ɛ ɟɔlaɾɛ kɘmia.
বাসস্থানে একটি হাত আছে।,There is a hand in the dwelling place.,basɾɛ t̪i menaa.
সকালে তোমরা খাবার খেয়ে কুয়ায় যাবে।,"In the morning, you all eat the food and then go to the well.",sɛt̪aʔɾɛ apɛ ɟɔmaʔ ɟɔmkat̪ɛ kuɲɾɛ calaʔa.
আমি ফুল ও বনরুই দেখব।,I will see the flower and the ant-eater.,iɲ d̪ɔ baha aɾ aɾba ɲɛla.
অজুহাতটি নতুন।,The excuse is new.,aɾd͡ʒaəɾd͡ʒi d̪ɔ nɔwaa.
সকালে সে মাছ কিনে নদীতে খেলবে।,"In the morning, he/she buy the fish and then play in the river.",sɛt̪aʔɾɛ uni haku kiɾiɲkat̪ɛ gaɖaɾɛ gat̪ea.
আমরা উৎপাদক ও প্রেমালাপ দেখব।,We will see the producer and the flirting.,alɛ d̪ɔ aɾd͡ʒoniə̯ aɾ əŋgɾa ɲɛla.
"সে ফুলের মালা দেখবে, কিন্তু কৃষিজ উৎপাদন দেখবে না।","He/she will see the garland of flowers, but does not see the agricultural produce.",uni d̪ɔ baha mala ɲɛla mɛnkʰan aɾd͡ʒon bai̯ ɲɛla.
সকালে তারা দুধ পান করে শহরে কাজ করবে।,"In the morning, they drink the milk and then work in the town.",sɛt̪aʔɾɛ oŋko t̪o̯͡a ɲukat̪ɛ sɔhɔɽɾɛ kɘmia.
বিস্তীর্ণ ভূমিে একটি মা আছে।,There is a mother in the wide expanse of land.,bilənɾɛ gɔgɔ menaa.
সেই সময় আমি ভাষা লিখে কুয়ায় আসব।,"At that time, I write the language and then come to the well.",ɔkt̪ɛɾɛ iɲ pɘɾsi ɔlɔʔkat̪ɛ kuɲɾɛ hiɟuʔa.
নদীতে একটি সূর্য আছে।,There is a sun in the river.,gaɖaɾɛ bela menaa.
আনারসটি নতুন।,The pineapple is new.,ananas d̪ɔ nɔwaa.
বিস্তীর্ণ ভূমিে একটি পদ্য আছে।,There is a verse in the wide expanse of land.,bilənɾɛ ae̯t menaa.
আমাদের শহর গুরুত্বপূর্ণ।,Our town is important.,alɛaʔ sɔhɔɽ d̪ɔ ɟɘɾuɽa.
স্কুলে একটি পাঠ আছে।,There is a lesson in the school.,iskulɾɛ sikʰnɘt̪ menaa.
ত্রুটিটি ভালো।,The faults is good.,bʰul bisoɾ d̪ɔ mɔ̃ɟa.
আমাদের গাছের ছাল গুরুত্বপূর্ণ।,Our bark of tree is important.,alɛaʔ baklak̕ d̪ɔ ɟɘɾuɽa.
সেই সময় আমরা জোনাকি দেখে নদীতে খেলব।,"At that time, we see the firefly and then play in the river.",ɔkt̪ɛɾɛ alɛ bakd͡ʒunu ɲɛlkat̪ɛ gaɖaɾɛ gat̪ea.
সেই সময় তারা পাঠ পড়ে কুয়ায় যাবে।,"At that time, they study the lesson and then go to the well.",ɔkt̪ɛɾɛ oŋko sikʰnɘt̪ paɽha͡o̯kat̪ɛ kuɲɾɛ calaʔa.
সকালে তারা মাছ কিনে স্কুলে যাবে।,"In the morning, they buy the fish and then go to the school.",sɛt̪aʔɾɛ oŋko haku kiɾiɲkat̪ɛ iskulɾɛ calaʔa.
আমার ঢাল পরিষ্কার।,My declivity is clean.,iɲaʔ anaɽgo d̪ɔ sapʰaa.
"তুমি পাঠ পড়বে, কিন্তু পাঠ পড়বে না।","You will study the lesson, but do not study the lesson.",am d̪ɔ sikʰnɘt̪ paɽha͡o̯a mɛnkʰan sikʰnɘt̪ bam paɽha͡o̯a.
ফার্ন গাছটি ভালো।,The fern is good.,badgot͡ʃak̕ d̪ɔ mɔ̃ɟa.
বন্দুকটি ভালো।,The gun is good.,bənduk d̪ɔ mɔ̃ɟa.
ইংল্যান্ডে একটি কসাই আছে।,There is a butcher in the england.,bilətɾɛ bʰut͡ʃəɽ menaa.
আড়ালে একটি ভূমিকম্প আছে।,There is an earthquake in the covert.,ao̯tanɾɛ bʰut͡ʃampa menaa.
আমি শেষ দেখেছি।,I have seen the end.,iɲ d̪ɔ əkʰiɾ ɲɛlakada.
কাজটি ভালো।,The occupation is good.,bʰɛd d̪ɔ mɔ̃ɟa.
তারা ত্রুটি ও কথা দেখবে।,They will see the faults and the word.,oŋko d̪ɔ bʰul bisoɾ aɾ kat̪ʰa ɲɛla.
আমাদের বালিশ পরিষ্কার।,Our pillow is clean.,alɛaʔ bəlis d̪ɔ sapʰaa.
সকালে তোমরা দুধ পান করে হ্রদে খেলবে।,"In the morning, you all drink the milk and then play in the lake.",sɛt̪aʔɾɛ apɛ t̪o̯͡a ɲukat̪ɛ ɟɔlaɾɛ gat̪ea.
সকালে সে পানি পান করে গ্রামে আসবে।,"In the morning, he/she drink the water and then come to the village.",sɛt̪aʔɾɛ uni d̪aʔ ɲukat̪ɛ at̪oɾɛ hiɟuʔa.
তাদের খাবার পরিষ্কার।,Their food is clean.,oŋkoaʔ ɟɔmaʔ d̪ɔ sapʰaa.
সকালে তুমি দুধ পান করে শহরে খেলবে।,"In the morning, you drink the milk and then play in the town.",sɛt̪aʔɾɛ am t̪o̯͡a ɲukat̪ɛ sɔhɔɽɾɛ gat̪ea.
ইংল্যান্ডে একটি নিষেধাত্মক উপসর্গ আছে।,There is a privative prefix in the england.,bilətɾɛ an menaa.
আমরা পোশাক দেখব।,We will see the attire.,alɛ d̪ɔ bʰagwa ɲɛla.
সকালে আমি কথা পড়ে হ্রদে খেলব।,"In the morning, I study the word and then play in the lake.",sɛt̪aʔɾɛ iɲ kat̪ʰa paɽha͡o̯kat̪ɛ ɟɔlaɾɛ gat̪ea.
বাড়িতে একটি বেঁকানো যন্ত্র আছে।,There is a brace for boring in the house.,ɔɽaʔɾɛ bʰãoɾa menaa.
একটি প্রজন্ম শহরে আছে।,One generation is in the town.,mit̪ʔʈɛn bibɔɾɔn d̪ɔ sɔhɔɽɾɛ menaa.
"তুমি বাবা সাহায্য করবে, কিন্তু মানুষ সাহায্য করবে না।","You will help the father, but do not help the person.",am d̪ɔ baba gɔɽɔa mɛnkʰan hɔɽ bam gɔɽɔa.
সকালে তোমরা দুধ পান করে হ্রদে যাবে।,"In the morning, you all drink the milk and then go to the lake.",sɛt̪aʔɾɛ apɛ t̪o̯͡a ɲukat̪ɛ ɟɔlaɾɛ calaʔa.
সে মাছ ও মোবাইল ফোন কিনবে।,He/she will buy the fish and the mobile phone.,uni d̪ɔ haku aɾ mɔbaĭl pʰon kiɾiɲa.
হ্রদে একটি কথা আছে।,There is a word in the lake.,ɟɔlaɾɛ kat̪ʰa menaa.
তোমার বিস্তীর্ণ ভূমি গুরুত্বপূর্ণ।,Your wide expanse of land is important.,amaʔ bilən d̪ɔ ɟɘɾuɽa.
বুদ্ধিটি গুরুত্বপূর্ণ।,The wisdom is important.,əkil d̪ɔ ɟɘɾuɽa.
তোমার ভাই ছোট।,Your brother is small.,amaʔ bɔ͡i̯ha d̪ɔ lɘʈua.
নভেম্বর–ডিসেম্বরটি নতুন।,The november–december is new.,agʰãɽ d̪ɔ nɔwaa.
আড়ালে একটি ভাদ্র মাস আছে।,There is an august-september in the covert.,ao̯tanɾɛ bʰadɔɾ menaa.
তুমি মাথা ঘোরা দেখবে।,You will see the vertigo.,am d̪ɔ bʰãoɾi ɲɛla.
"তোমরা মাছ বিক্রি করবে, কিন্তু ঘড়ি বিক্রি করবে না।","You all will sell the fish, but do not sell the watch.",apɛ d̪ɔ haku ɘkʰɾiɲa mɛnkʰan gʰuɽi bapɛ ɘkʰɾiɲa.
তুমি গাড়ির চাকায় লাগানো খিল দেখবে না।,You do not see the cog put before a cartwheel.,am d̪ɔ baɳdʰi bam ɲɛla.
সে গান ও আনারস দেখবে।,He/she will see the song and the pineapple.,uni d̪ɔ seɾeɲ aɾ ananas ɲɛla.
আমি পুরস্কার দেখেছি।,I have seen the prize.,iɲ d̪ɔ bəksis ɲɛlakada.
বিস্তীর্ণ ভূমিে একটি পাঠ আছে।,There is a lesson in the wide expanse of land.,bilənɾɛ sikʰnɘt̪ menaa.
সকালে তোমরা মাছ খেয়ে বাড়িতে আসবে।,"In the morning, you all eat the fish and then come to the house.",sɛt̪aʔɾɛ apɛ haku ɟɔmkat̪ɛ ɔɽaʔɾɛ hiɟuʔa.
আমাদের গ্রাম গুরুত্বপূর্ণ।,Our village is important.,alɛaʔ at̪o d̪ɔ ɟɘɾuɽa.
গতকাল তুমি খাবার কিনে নদীতে কাজ করবে।,"Yesterday, you buy the food and then work in the river.",hɔlaɾɛ am ɟɔmaʔ kiɾiɲkat̪ɛ gaɖaɾɛ kɘmia.
ইংল্যান্ডে একটি গুড়ের চিনি আছে।,There is a crystallized raw sugar in the england.,bilətɾɛ bəli guɽ menaa.
ঢোলকি বাদকটি গুরুত্বপূর্ণ।,The drummer is important.,bəd͡ʒni d̪ɔ ɟɘɾuɽa.
গ্রামে একটি ফোঁপানি আছে।,There is a blubbering in the village.,at̪oɾɛ beɲ menaa.
গতকাল তুমি উপভাষা দেখে গ্রামে যাবে।,"Yesterday, you see the dialect and then go to the village.",hɔlaɾɛ am bahaka ɲɛlkat̪ɛ at̪oɾɛ calaʔa.
সকালে আমি ফার্ন গাছ দেখে কুয়ায় কাজ করব।,"In the morning, I see the fern and then work in the well.",sɛt̪aʔɾɛ iɲ badgot͡ʃak̕ ɲɛlkat̪ɛ kuɲɾɛ kɘmia.
সেই সময় তারা পানি পান করে স্কুলে যাবে।,"At that time, they drink the water and then go to the school.",ɔkt̪ɛɾɛ oŋko d̪aʔ ɲukat̪ɛ iskulɾɛ calaʔa.
সকালে তারা মোবাইল ফোন কিনে শহরে কাজ করবে।,"In the morning, they buy the mobile phone and then work in the town.",sɛt̪aʔɾɛ oŋko mɔbaĭl pʰon kiɾiɲkat̪ɛ sɔhɔɽɾɛ kɘmia.
একটি ভণ্ড কুয়ায় আছে।,One pretender is in the well.,mit̪ʔʈɛn bʰiduk d̪ɔ kuɲɾɛ menaa.
তারা জ্ঞান দেখেছে।,They have seen the knowledge.,oŋko d̪ɔ bʰas ɲɛlakada.
"আমি রান্না খাব, কিন্তু রান্না খাব না।","I will eat the cooked food, but do not eat the cooked food.",iɲ d̪ɔ basaŋ ɟɔma mɛnkʰan basaŋ bɘɲ ɟɔma.
সকালে আমরা ধনুক দেখে কুয়ায় খেলব।,"In the morning, we see the bow and then play in the well.",sɛt̪aʔɾɛ alɛ ak̕ ɲɛlkat̪ɛ kuɲɾɛ gat̪ea.
তার কথা নতুন।,His/her word is new.,uniaʔ kat̪ʰa d̪ɔ nɔwaa.
বাড়িতে একটি ঢোলের শব্দ আছে।,There is a rattle on drum in the house.,ɔɽaʔɾɛ beɖo menaa.
আমাদের আস্থা নতুন।,Our confidence is new.,alɛaʔ baɾsa d̪ɔ nɔwaa.
"আমি মধু খাব, কিন্তু রান্না খাব না।","I will eat the honey, but do not eat the cooked food.",iɲ d̪ɔ ɲɛlɛɾasa ɟɔma mɛnkʰan basaŋ bɘɲ ɟɔma.
তার ঘোড়া ছোট।,His/her horse is small.,uniaʔ əɳɖiə̯ sadɔm d̪ɔ lɘʈua.
বিস্তীর্ণ ভূমিটি পরিষ্কার।,The wide expanse of land is clean.,bilən d̪ɔ sapʰaa.
পাড়াে একটি বাসস্থান আছে।,There is a dwelling place in the neighbourhood.,aɖe paseɾɛ bas menaa.
সে খড় দেখেছে।,He/she has seen the chaff.,uni d̪ɔ bʰusə ɲɛlakada.
আমি আতশবাজি দেখেছিলাম।,I saw the fireworks.,iɲiɲ bʰui̯t͡ʃampa ɲɛlkeda.
তোমার শিশু ছোট।,Your baby is small.,amaʔ bale d̪ɔ lɘʈua.
বিস্তীর্ণ ভূমিে একটি গাড়ির চাকায় লাগানো খিল আছে।,There is a cog put before a cartwheel in the wide expanse of land.,bilənɾɛ baɳdʰi menaa.
সে সিস্ট টিউমার ও হাত দেখবে।,He/she will see the cystic tumour and the hand.,uni d̪ɔ batoɾi aɾ t̪i ɲɛla.
তারা খাবার বিক্রি করেছে।,They have sold the food.,oŋko d̪ɔ ɟɔmaʔ ɘkʰɾiɲakada.
তাদের পোশাক নতুন।,Their attire is new.,oŋkoaʔ bʰagwa d̪ɔ nɔwaa.
স্কুলে একটি পক্ষাঘাত আছে।,There is a hemiplegia in the school.,iskulɾɛ aɾdʰəŋgi menaa.
আমরা ফোঁপানি দেখব।,We will see the blubbering.,alɛ d̪ɔ beɲ ɲɛla.
ছেলেটি ভালো।,The boy is good.,bəbu d̪ɔ mɔ̃ɟa.
তোমরা খাবার ও মধু খাবে।,You all will eat the food and the honey.,apɛ d̪ɔ ɟɔmaʔ aɾ ɲɛlɛɾasa ɟɔma.
আমরা ট্যাংক ও কিশোর দেখব।,We will see the tank and the lad.,alɛ d̪ɔ abʰɾa aɾ bat͡ʃʰɽa ɲɛla.
গ্রামে একটি ভেড়ার বাচ্চা আছে।,There is a lamb in the village.,at̪oɾɛ bʰiɖi hɔpɔn menaa.
বাড়িতে একটি সুযোগ আছে।,There is a chance in the house.,ɔɽaʔɾɛ bʰəg menaa.
নুন-তামাকের ফেরিওয়ালাটি ভালো।,The pedlar of salt and tobacco is good.,bə̃ɽiə̯̃ d̪ɔ mɔ̃ɟa.
ডালিমটি ভালো।,The pomegranate is good.,anaɾ d̪ɔ mɔ̃ɟa.
বাসস্থানে একটি ফ্যাথম আছে।,There is a fathom in the dwelling place.,basɾɛ aɾpa menaa.
আমরা শাল দেখেছি।,We have seen the shawl.,alɛ d̪ɔ bəɾki ɲɛlakada.
তাদের গ্রাম পরিষ্কার।,Their village is clean.,oŋkoaʔ ato d̪ɔ sapʰaa.
তারা ভাষা ও বাগান দেখবে।,They will see the language and the garden.,oŋko d̪ɔ pɘɾsi aɾ bagan ɲɛla.
নিকটবর্তী এলাকাে একটি এক প্রজাতির কুঁচলা মাছ আছে।,There is an a species of eel in the vicinity.,aɖe ʈolaɾɛ bəmbi menaa.
ভূগোলটি নতুন।,The geography is new.,bʰugol d̪ɔ nɔwaa.
কুয়ায় একটি বোঝা আছে।,There is a load in the well.,kuɲɾɛ bʰaɾ menaa.
বাসস্থানে একটি চল্লিশ আছে।,There is a forty in the residence.,basaɾɛ baɾ isi menaa.
তাদের বৈশাখ মাস নতুন।,Their april-may is new.,oŋkoaʔ bəi̯sək d̪ɔ nɔwaa.
বিবাহটি ভালো।,The marriage is good.,bapla d̪ɔ mɔ̃ɟa.
সকালে সে খাবার কিনে বাড়িতে যাবে।,"In the morning, he/she buy the food and then go to the house.",sɛt̪aʔɾɛ uni ɟɔmaʔ kiɾiɲkat̪ɛ ɔɽaʔɾɛ calaʔa.
তাদের কয়েকদিন নতুন।,Their few days is new.,oŋkoaʔ əɾsiɲ bəɾsiɲ d̪ɔ nɔwaa.
হ্রদে একটি কারকীয় ক্রিয়া আছে।,There is a causative inflection in the lake.,ɟɔlaɾɛ a menaa.
সে মাফ (হাতঢাকা) ও ভোর দেখবে।,He/she will see the muff and the dawn.,uni d̪ɔ bembʰa aɾ aŋga ɲɛla.
আজ তারা ভাষা লিখে বাড়িতে কাজ করবে।,"Today, they write the language and then work in the house.",t̪eheɲɾɛ oŋko pɘɾsi ɔlɔʔkat̪ɛ ɔɽaʔɾɛ kɘmia.
তোমাদের বকেয়া পরিষ্কার।,Your arrears is clean.,apɛaʔ bəki d̪ɔ sapʰaa.
সকালে আমি ভাষা পড়ে শহরে কাজ করব।,"In the morning, I study the language and then work in the town.",sɛt̪aʔɾɛ iɲ pɘɾsi paɽha͡o̯kat̪ɛ sɔhɔɽɾɛ kɘmia.
হ্রদে একটি হাত আছে।,There is a hand in the lake.,ɟɔlaɾɛ t̪i menaa.
শব্দটি গুরুত্বপূর্ণ।,The noise is important.,awad͡ʒ d̪ɔ ɟɘɾuɽa.
তোমরা অভ্যাস দেখবে না।,You all do not see the habit.,apɛ d̪ɔ bʰəsi bapɛ ɲɛla.
হ্রদে একটি বেত আছে।,There is a cane in the lake.,ɟɔlaɾɛ bɛt menaa.
প্রজন্মটি ছোট।,The generation is small.,bibɔɾɔn d̪ɔ lɘʈua.
বাসস্থানে একটি অপচয় আছে।,There is a waste in the dwelling place.,basɾɛ apt͡ʃo menaa.
সকালে আমরা মাছ খেয়ে হ্রদে কাজ করব।,"In the morning, we eat the fish and then work in the lake.",sɛt̪aʔɾɛ alɛ haku ɟɔmkat̪ɛ ɟɔlaɾɛ kɘmia.
তোমরা নারীজাতি ও আশ্বিন মাস দেখবে।,You all will see the females and the september–october.,apɛ d̪ɔ əi̯məi̯ d͡ʒət aɾ asin ɲɛla.
তোমার দুধ পরিষ্কার।,Your milk is clean.,amaʔ t̪o̯͡a d̪ɔ sapʰaa.
তোমার জীবন নতুন।,Your life is new.,amaʔ ɟiŋgi d̪ɔ nɔwaa.
বাসস্থানে একটি মাছ আছে।,There is a fish in the dwelling place.,basɾɛ haku menaa.
সে পরিষদ দেখেছিল।,He/she saw the council.,unii̯ bəi̯si ɲɛlkeda.
আমরা অপমান দেখেছি।,We have seen the disgrace.,alɛ d̪ɔ apd͡ʒɔs ɲɛlakada.
এক প্রজাতির কাকটি আনন্দের।,The bow-billed corby is happy.,bʰoɳɖa kəhu d̪ɔ ɾɘskɘa.
তুমি গুঁড়ি দেখেছিলে।,You saw the trunk.,amɛm auɳɖ ɲɛlkeda.
সকালে তুমি ভাষা পড়ে হ্রদে কাজ করবে।,"In the morning, you study the language and then work in the lake.",sɛt̪aʔɾɛ am pɘɾsi paɽha͡o̯kat̪ɛ ɟɔlaɾɛ kɘmia.
একটি শিশু কুয়ায় আছে।,One baby is in the well.,mit̪ʔʈɛn bale d̪ɔ kuɲɾɛ menaa.
তাদের পানি ভালো।,Their water is good.,oŋkoaʔ d̪aʔ d̪ɔ mɔ̃ɟa.
আমি ঘড়ি ও খাবার কিনব।,I will buy the watch and the food.,iɲ d̪ɔ gʰuɽi aɾ ɟɔmaʔ kiɾiɲa.
তারা মাথা ঘোরা দেখেছিল।,They saw the vertigo.,oŋkoko bʰãoɾi ɲɛlkeda.
বাসস্থানে একটি বৃদ্ধি আছে।,There is a growth in the dwelling place.,basɾɛ baɽhɔnta menaa.
গুহাে একটি এক প্রজাতির হরিণ আছে।,There is an a species of antelope in the cave.,bʰugək̕ɾɛ bʰãoʈia menaa.
আমি পুরুষ ভেড়া দেখব।,I will see the ram.,iɲ d̪ɔ bʰeɖa ɲɛla.
বাড়িতে একটি খাবার আছে।,There is a food in the house.,ɔɽaʔɾɛ ɟɔmaʔ menaa.
"সে কষ্ট দেখবে, কিন্তু সন্ন্যাসী দেখবে না।","He/she will see the distress, but does not see the ascetic.",uni d̪ɔ alad͡ʒʰala ɲɛla mɛnkʰan ətit bai̯ ɲɛla.
অগ্রিম টাকাটি নতুন।,The advance is new.,bae̯na d̪ɔ nɔwaa.
উঠানে একটি কনুই আছে।,There is an elbow in the courtyard of house.,bəteɾɛ bə̃hl menaa.
তার নিকটবর্তী এলাকা নতুন।,His/her vicinity is new.,uniaʔ aɖe ʈola d̪ɔ nɔwaa.
আজ তারা মাছ কিনে বাড়িতে আসবে।,"Today, they buy the fish and then come to the house.",t̪eheɲɾɛ oŋko haku kiɾiɲkat̪ɛ ɔɽaʔɾɛ hiɟuʔa.
গুহাে একটি নবজাতক আছে।,There is an infant in the cave.,bʰugək̕ɾɛ balɛ menaa.
শহরে একটি গান আছে।,There is a song in the town.,sɔhɔɽɾɛ seɾeɲ menaa.
আমার ভান পরিষ্কার।,My pretence is clean.,iɲaʔ aɽsa d̪ɔ sapʰaa.
আমার মোবাইল ফোন গুরুত্বপূর্ণ।,My mobile phone is important.,iɲaʔ mɔbaĭl pʰon d̪ɔ ɟɘɾuɽa.
তারা পোশাক দেখেছে।,They have seen the apparel.,oŋko d̪ɔ ahɾan pahaɾand ɲɛlakada.
নদীতে একটি মহাপ্লাবন আছে।,There is a deluge in the river.,gaɖaɾɛ bajaban menaa.
"সে টাকা পাবে, কিন্তু ঔষধ পাবে না।","He/she will get the money, but does not get the medicine.",uni d̪ɔ ʈaka ɲama mɛnkʰan ɾan bai̯ ɲama.
সকালে তারা উৎসব দেখে স্কুলে যাবে।,"In the morning, they see the festival and then go to the school.",sɛt̪aʔɾɛ oŋko pɔɾɔb ɲɛlkat̪ɛ iskulɾɛ calaʔa.
তোমার গুপ্তচর আনন্দের।,Your spy is happy.,amaʔ baʈ paɽ d̪ɔ ɾɘskɘa.
নদীতে একটি কাপ আছে।,There is a cup in the river.,gaɖaɾɛ basna menaa.
অনুরোধটি নতুন।,The request is new.,aɾd͡ʒa əɾd͡ʒi d̪ɔ nɔwaa.
উদ্বৃত্তটি নতুন।,The surplus is new.,bətil d̪ɔ nɔwaa.
গ্রামে একটি টকশাক আছে।,There is a sorel in the village.,at̪oɾɛ aɾak̕ kudɾum menaa.
বাড়িতে একটি সকাল আছে।,There is a morning in the house.,ɔɽaʔɾɛ ãɽgat menaa.
আজ আমরা খাবার খেয়ে গ্রামে খেলব।,"Today, we eat the food and then play in the village.",t̪eheɲɾɛ alɛ ɟɔmaʔ ɟɔmkat̪ɛ at̪oɾɛ gat̪ea.
তোমরা ভূগোল দেখবে।,You all will see the geography.,apɛ d̪ɔ bʰugol ɲɛla.
আমার ঝুড়ি ভালো।,My basket is good.,iɲaʔ bʰad͡ʒan d̪ɔ mɔ̃ɟa.
প্রস্থানটি পরিষ্কার।,The departure is clean.,aʈo d̪ɔ sapʰaa.
আমাদের সাতভাই পাখি ভালো।,Our bengal babbler is good.,alɛaʔ bʰoɳɖa d̪ɔ mɔ̃ɟa.
নদীতে একটি উপভাষা আছে।,There is a dialect in the river.,gaɖaɾɛ bahaka menaa.
উঠানে একটি সন্ধ্যা আছে।,There is an evening in the courtyard of house.,bəteɾɛ əjup̕ menaa.
আমরা তাঁতের পোড়েন দেখব।,We will see the woof.,alɛ d̪ɔ bʰaɾna ɲɛla.
আমরা মোবাইল ফোন কিনেছিলাম।,We bought the mobile phone.,alɛlɛ mɔbaĭl pʰon kiɾiɲkeda.
নদীতে একটি বাঘ আছে।,There is a tiger in the river.,gaɖaɾɛ t̪ɘɾup̚ʔ menaa.
শহরে একটি লজ্জা আছে।,There is a shame in the town.,sɔhɔɽɾɛ bʰɔɾɔm menaa.
তোমাদের ঘাম পরিষ্কার।,Your perspiration is clean.,apɛaʔ balbal d̪ɔ sapʰaa.
বিস্তীর্ণ ভূমিে একটি অবশিষ্ট আছে।,There is a remainder in the wide expanse of land.,bilənɾɛ bəki bɔkɔe̯a menaa.
গতকাল তোমরা মাছ কিনে শহরে যাবে।,"Yesterday, you all buy the fish and then go to the town.",hɔlaɾɛ apɛ haku kiɾiɲkat̪ɛ sɔhɔɽɾɛ calaʔa.
গতকাল আমরা দুধ পান করে শহরে কাজ করব।,"Yesterday, we drink the milk and then work in the town.",hɔlaɾɛ alɛ t̪o̯͡a ɲukat̪ɛ sɔhɔɽɾɛ kɘmia.
আমরা ধাতুর বাটি দেখব।,We will see the metal basin.,alɛ d̪ɔ bəʈi ɲɛla.
তুমি মাছ ও ঔষধ কিনবে।,You will buy the fish and the medicine.,am d̪ɔ haku aɾ ɾan kiɾiɲa.
তার বালিয়া সারস পাখি ভালো।,His/her sand martin is good.,uniaʔ bʰəluə̯ d̪ɔ mɔ̃ɟa.
নদীতে একটি ঔষধ আছে।,There is a medicine in the river.,gaɖaɾɛ ɾan menaa.
"আমি মধু খাব, কিন্তু মধু খাব না।","I will eat the honey, but do not eat the honey.",iɲ d̪ɔ ɲɛlɛɾasa ɟɔma mɛnkʰan ɲɛlɛɾasa bɘɲ ɟɔma.
কুয়ায় একটি বাড়ি আছে।,There is a house in the well.,kuɲɾɛ ɔɽaʔ menaa.
তোমার লাভ গুরুত্বপূর্ণ।,Your profit is important.,amaʔ baɾpʰəi̯ d̪ɔ ɟɘɾuɽa.
"তুমি মাছ কিনবে, কিন্তু ঘড়ি কিনবে না।","You will buy the fish, but do not buy the watch.",am d̪ɔ haku kiɾiɲa mɛnkʰan gʰuɽi bam kiɾiɲa.
সেই সময় তুমি খাবার কিনে নদীতে কাজ করবে।,"At that time, you buy the food and then work in the river.",ɔkt̪ɛɾɛ am ɟɔmaʔ kiɾiɲkat̪ɛ gaɖaɾɛ kɘmia.
তোমরা নুন-তামাকের ফেরিওয়ালা ও দল দেখবে।,You all will see the pedlar of salt and tobacco and the group.,apɛ d̪ɔ bə̃ɽiə̯̃ aɾ aɖa ɲɛla.
মনটি গুরুত্বপূর্ণ।,The mind is important.,aŋ d̪ɔ ɟɘɾuɽa.
তাদের উৎসব নতুন।,Their festival is new.,oŋkoaʔ pɔɾɔb d̪ɔ nɔwaa.
আজ আমি কাঁকড়া দেখে বাড়িতে খেলব।,"Today, I see the crayfish and then play in the house.",t̪eheɲɾɛ iɲ bə̃uɳɖi ɲɛlkat̪ɛ ɔɽaʔɾɛ gat̪ea.
ইংল্যান্ডে একটি এক ধরনের বাদ্যযন্ত্র আছে।,There is an a kind of fiddle in the england.,bilətɾɛ banam menaa.
বাড়িতে একটি ঔষধ আছে।,There is a medicine in the house.,ɔɽaʔɾɛ ɾan menaa.
তারা মাছ দেখেছে।,They have seen the fish.,oŋko d̪ɔ haku ɲɛlakada.
আমি ফল পাকা ও কষ্ট দেখব।,I will see the mellowing and the suffering.,iɲ d̪ɔ aɾaɾao̯k̕ aɾ bidot ɲɛla.
একটি শিশু নদীতে আছে।,One child is in the river.,mit̪ʔʈɛn gid̪ɾɘ d̪ɔ gaɖaɾɛ menaa.
গতকাল আমরা মাপদণ্ড দেখে কুয়ায় যাব।,"Yesterday, we see the rod and then go to the well.",hɔlaɾɛ alɛ aɽəni ɖaŋ ɲɛlkat̪ɛ kuɲɾɛ calaʔa.
গতকাল সে পাঠ পড়ে নদীতে কাজ করবে।,"Yesterday, he/she study the lesson and then work in the river.",hɔlaɾɛ uni sikʰnɘt̪ paɽha͡o̯kat̪ɛ gaɖaɾɛ kɘmia.
ইংল্যান্ডে একটি স্বাস্থ্য আছে।,There is a health in the england.,bilətɾɛ bega d͡ʒudə menaa.
তার ঔষধ নতুন।,His/her medicine is new.,uniaʔ ɾan d̪ɔ nɔwaa.
বেতটি পরিষ্কার।,The cane is clean.,bɛt d̪ɔ sapʰaa.
"আমরা কথা পড়ব, কিন্তু পাঠ পড়ব না।","We will study the word, but do not study the lesson.",alɛ d̪ɔ kat̪ʰa paɽha͡o̯a mɛnkʰan sikʰnɘt̪ balɛ paɽha͡o̯a.
বাড়িতে একটি ঝুড়ি আছে।,There is a basket in the house.,ɔɽaʔɾɛ bʰad͡ʒan menaa.
তারা বন্দুক দেখবে।,They will see the gun.,oŋko d̪ɔ bənduk ɲɛla.
তাদের সতর্কবাণী গুরুত্বপূর্ণ।,Their alarm is important.,oŋkoaʔ bʰāe d̪ɔ ɟɘɾuɽa.
গতকাল আমি মাছ কিনে হ্রদে যাব।,"Yesterday, I buy the fish and then go to the lake.",hɔlaɾɛ iɲ haku kiɾiɲkat̪ɛ ɟɔlaɾɛ calaʔa.
তোমাদের নক্ষত্রমণ্ডল পরিষ্কার।,Your constellation is clean.,apɛaʔ ãɾgɔm d̪ɔ sapʰaa.
বিস্তীর্ণ ভূমিে একটি কুমড়ো আছে।,There is a pumpkin in the wide expanse of land.,bilənɾɛ bə̃ɽĩə kohɳɖa menaa.
স্কুলে একটি চুক্তি আছে।,There is a contract in the school.,iskulɾɛ bandʰɔn menaa.
"আমরা মাছ খাব, কিন্তু খাবার খাব না।","We will eat the fish, but do not eat the food.",alɛ d̪ɔ haku ɟɔma mɛnkʰan ɟɔmaʔ balɛ ɟɔma.
"আমি বাবা সাহায্য করব, কিন্তু শিশু সাহায্য করব না।","I will help the father, but do not help the child.",iɲ d̪ɔ baba gɔɽɔa mɛnkʰan gid̪ɾɘ bɘɲ gɔɽɔa.
তুমি মজুরি দেখবে।,You will see the wages.,am d̪ɔ bən ɲɛla.
কুয়ায় একটি অতিরিক্ত খাজনা আছে।,There is an additional assessment on rent in the well.,kuɲɾɛ bʰed͡ʒa menaa.
তাদের ভেড়া ছোট।,Their sheep is small.,oŋkoaʔ bʰiɖi d̪ɔ lɘʈua.
ইংল্যান্ডে একটি বধিরতা আছে।,There is a deafness in the england.,bilətɾɛ bəhiɾ bəi̯ menaa.
তাদের বাধা নতুন।,Their hindrance is new.,oŋkoaʔ badʰa d̪ɔ nɔwaa.
বিস্তীর্ণ ভূমিে একটি বাষ্প আছে।,There is a vapour in the wide expanse of land.,bilənɾɛ bʰap menaa.
নদীতে একটি গোখরো সাপ আছে।,There is a cobra in the river.,gaɖaɾɛ ajaŋ bin menaa.
গতকাল তুমি খাবার কিনে শহরে খেলবে।,"Yesterday, you buy the food and then play in the town.",hɔlaɾɛ am ɟɔmaʔ kiɾiɲkat̪ɛ sɔhɔɽɾɛ gat̪ea.
আড়ালটি নতুন।,The covert is new.,ao̯tan d̪ɔ nɔwaa.
গতকাল সে গাছের ছাল দেখে স্কুলে আসবে।,"Yesterday, he/she see the bark of tree and then come to the school.",hɔlaɾɛ uni baklak̕ ɲɛlkat̪ɛ iskulɾɛ hiɟuʔa.
সেই সময় তুমি মাছ খেয়ে কুয়ায় খেলবে।,"At that time, you eat the fish and then play in the well.",ɔkt̪ɛɾɛ am haku ɟɔmkat̪ɛ kuɲɾɛ gat̪ea.
স্কুলে একটি পশুপাখির ডাক আছে।,There is a cry of beasts & c in the school.,iskulɾɛ aɳɖɾac̕ ɔɳɖɾɔc̕ menaa.
আড়ালে একটি ভাষা আছে।,There is a language in the covert.,ao̯tanɾɛ bʰaka menaa.
দলটি নতুন।,The group is new.,aɖa d̪ɔ nɔwaa.
সেই সময় আমরা খাবার খেয়ে নদীতে খেলব।,"At that time, we eat the food and then play in the river.",ɔkt̪ɛɾɛ alɛ ɟɔmaʔ ɟɔmkat̪ɛ gaɖaɾɛ gat̪ea.
তোমরা প্রেমালাপ দেখেছিলে।,You all saw the flirting.,apɛpɛ əŋgɾa ɲɛlkeda.
একটি খাবার হ্রদে আছে।,One food is in the lake.,mit̪ʔ ɟɔmaʔ d̪ɔ ɟɔlaɾɛ menaa.
গতকাল সে ঘড়ি কিনে কুয়ায় কাজ করবে।,"Yesterday, he/she buy the watch and then work in the well.",hɔlaɾɛ uni gʰuɽi kiɾiɲkat̪ɛ kuɲɾɛ kɘmia.
"সে কথা পড়বে, কিন্তু ভাষা পড়বে না।","He/she will study the word, but does not study the language.",uni d̪ɔ kat̪ʰa paɽha͡o̯a mɛnkʰan pɘɾsi bai̯ paɽha͡o̯a.
গতকাল তারা রান্না খেয়ে কুয়ায় কাজ করবে।,"Yesterday, they eat the cooked food and then work in the well.",hɔlaɾɛ oŋko basaŋ ɟɔmkat̪ɛ kuɲɾɛ kɘmia.
তারা বাষ্প দেখবে।,They will see the steam.,oŋko d̪ɔ bʰapʰ ɲɛla.
গতকাল সে ভাষা লিখে হ্রদে কাজ করবে।,"Yesterday, he/she write the language and then work in the lake.",hɔlaɾɛ uni pɘɾsi ɔlɔʔkat̪ɛ ɟɔlaɾɛ kɘmia.
কুয়ায় একটি মাফ (হাতঢাকা) আছে।,There is a muff in the well.,kuɲɾɛ bembʰa menaa.
"তারা মা সাহায্য করবে, কিন্তু শিশু সাহায্য করবে না।","They will help the mother, but do not help the child.",oŋko d̪ɔ gɔgɔ gɔɽɔa mɛnkʰan gid̪ɾɘ bako gɔɽɔa.
আজ তোমরা ফল পাকা দেখে বাড়িতে আসবে।,"Today, you all see the mellowing and then come to the house.",t̪eheɲɾɛ apɛ aɾaɾao̯k̕ ɲɛlkat̪ɛ ɔɽaʔɾɛ hiɟuʔa.
আঙুরটি নতুন।,The grape is new.,aŋguɾ d̪ɔ nɔwaa.
পেয়ারাটি পরিষ্কার।,The guava is clean.,əmɾud d̪ɔ sapʰaa.
বিবাহটি নতুন।,The marriage is new.,bapla d̪ɔ nɔwaa.
"তারা মানুষ সাহায্য করবে, কিন্তু মা সাহায্য করবে না।","They will help the person, but do not help the mother.",oŋko d̪ɔ hɔɽ gɔɽɔa mɛnkʰan gɔgɔ bako gɔɽɔa.
তোমার অশান্তি পরিষ্কার।,Your unrest is clean.,amaʔ bɛtʰiɾ d̪ɔ sapʰaa.
আমাদের ছবি পরিষ্কার।,Our photo is clean.,alɛaʔ pʰɔʈɔ d̪ɔ sapʰaa.
"আমরা মধু খাব, কিন্তু রান্না খাব না।","We will eat the honey, but do not eat the cooked food.",alɛ d̪ɔ ɲɛlɛɾasa ɟɔma mɛnkʰan basaŋ balɛ ɟɔma.
বাড়িতে একটি শুকর আছে।,There is a pig in the house.,ɔɽaʔɾɛ suk̚ɾi menaa.
সকালে তারা খাবার খেয়ে স্কুলে আসবে।,"In the morning, they eat the food and then come to the school.",sɛt̪aʔɾɛ oŋko ɟɔmaʔ ɟɔmkat̪ɛ iskulɾɛ hiɟuʔa.
আমার বনরুই ভালো।,My ant-eater is good.,iɲaʔ aɾba d̪ɔ mɔ̃ɟa.
বিস্তীর্ণ ভূমিে একটি ব্রাহ্মণ আছে।,There is a brahman in the wide expanse of land.,bilənɾɛ babɾẽ menaa.
আমাদের জট পাকানো পরিষ্কার।,Our jumble is clean.,alɛaʔ beɲd͡ʒaɲ biɲd͡ʒiɲ d̪ɔ sapʰaa.
শহরে একটি ডাক্তার আছে।,There is a doctor in the town.,sɔhɔɽɾɛ ɖak̚t̪aɾ menaa.
হ্রদে একটি গাড়ির চাকায় লাগানো খিল আছে।,There is a cog put before a cartwheel in the lake.,ɟɔlaɾɛ baɳdʰi menaa.
শহরে একটি ঢাল আছে।,There is a declivity in the town.,sɔhɔɽɾɛ anaɽgo menaa.
উঠানে একটি অবিচার আছে।,There is an injustice in the courtyard of house.,bəteɾɛ aneã̯o menaa.
আড়ালে একটি বাবা আছে।,There is a father in the covert.,ao̯tanɾɛ apa menaa.
"তোমরা ডাক্তার সাহায্য করবে, কিন্তু ডাক্তার সাহায্য করবে না।","You all will help the doctor, but do not help the doctor.",apɛ d̪ɔ ɖak̚t̪aɾ gɔɽɔa mɛnkʰan ɖak̚t̪aɾ bapɛ gɔɽɔa.
হ্রদে একটি সাতভাই পাখি আছে।,There is a bengal babbler in the lake.,ɟɔlaɾɛ bʰoɳɖa menaa.
বাসস্থানে একটি পেরিনিয়াল ফোঁড়া আছে।,There is a perineal abscess in the dwelling place.,basɾɛ andʰãɾ gãɳɖ menaa.
আমি বারান্দা দেখেছিলাম।,I saw the verandah.,iɲiɲ baɾaɳda ɲɛlkeda.
একটি বাঘ গ্রামে আছে।,One tiger is in the village.,mit̪ʔʈɛn t̪ɘɾup̚ʔ d̪ɔ at̪oɾɛ menaa.
আজ তোমরা জলাধার দেখে হ্রদে যাবে।,"Today, you all see the reservoir and then go to the lake.",t̪eheɲɾɛ apɛ ahɾa ɲɛlkat̪ɛ ɟɔlaɾɛ calaʔa.
আড়ালে একটি উৎপাদক আছে।,There is a producer in the covert.,ao̯tanɾɛ aɾd͡ʒoniə̯ menaa.
বাসস্থানে একটি ন্যায়বিচারের আবেদন আছে।,There is an appeal for justice in the residence.,basaɾɛ əpʰil dohae̯ menaa.
তারা বিবাহ দেখেছিল।,They saw the marriage.,oŋkoko bapla ɲɛlkeda.
গতকাল তারা কথা পড়ে কুয়ায় যাবে।,"Yesterday, they study the word and then go to the well.",hɔlaɾɛ oŋko kat̪ʰa paɽha͡o̯kat̪ɛ kuɲɾɛ calaʔa.
ইংল্যান্ডে একটি পশুপাখির ডাক আছে।,There is a cry of beasts & c in the england.,bilətɾɛ aɳɖɾac̕ ɔɳɖɾɔc̕ menaa.
"তুমি ভাদ্র মাস দেখবে, কিন্তু ভুল দেখবে না।","You will see the august-september, but do not see the blunder.",am d̪ɔ bʰadɔɾ ɲɛla mɛnkʰan bʰul bam ɲɛla.
গতকাল তোমরা পানি পান করে বাড়িতে খেলবে।,"Yesterday, you all drink the water and then play in the house.",hɔlaɾɛ apɛ d̪aʔ ɲukat̪ɛ ɔɽaʔɾɛ gat̪ea.
আমাদের গুজব রটনাকারী গুরুত্বপূর্ণ।,Our gossiping is important.,alɛaʔ bəd͡ʒniə̯ d̪ɔ ɟɘɾuɽa.
ইংল্যান্ডে একটি পেরিনিয়াল ফোঁড়া আছে।,There is a perineal abscess in the england.,bilətɾɛ andʰãɾ gãɳɖ menaa.
আমরা বাধা দেখব।,We will see the hindrance.,alɛ d̪ɔ badʰa ɲɛla.
সেই সময় তোমরা খাবার খেয়ে বাড়িতে আসবে।,"At that time, you all eat the food and then come to the house.",ɔkt̪ɛɾɛ apɛ ɟɔmaʔ ɟɔmkat̪ɛ ɔɽaʔɾɛ hiɟuʔa.
বাসস্থানে একটি কসাই আছে।,There is a butcher in the dwelling place.,basɾɛ bʰut͡ʃəɽ menaa.
তোমরা মাছের ছিটেফোঁটা সংগ্রহ ও আনা দেখবে।,You all will see the gleanings of fish and the anna.,apɛ d̪ɔ bəɾəu̯ɖʰa aɾ ana ɲɛla.
গতকাল সে ভাষা লিখে বাড়িতে আসবে।,"Yesterday, he/she write the language and then come to the house.",hɔlaɾɛ uni pɘɾsi ɔlɔʔkat̪ɛ ɔɽaʔɾɛ hiɟuʔa.
হ্রদে একটি ছোট মশা আছে।,There is a midge in the lake.,ɟɔlaɾɛ bəsɳɖi menaa.
গতকাল আমরা পাঠ পড়ে গ্রামে যাব।,"Yesterday, we study the lesson and then go to the village.",hɔlaɾɛ alɛ sikʰnɘt̪ paɽha͡o̯kat̪ɛ at̪oɾɛ calaʔa.
তাঁতের পোড়েনটি পরিষ্কার।,The woof is clean.,bʰaɾna d̪ɔ sapʰaa.
গুঁড়িটি পরিষ্কার।,The trunk is clean.,auɳɖ d̪ɔ sapʰaa.
বাড়িতে একটি বিঘত আছে।,There is a span in the house.,ɔɽaʔɾɛ beɽ menaa.
আজ তুমি কথা লিখে স্কুলে কাজ করবে।,"Today, you write the word and then work in the school.",t̪eheɲɾɛ am kat̪ʰa ɔlɔʔkat̪ɛ iskulɾɛ kɘmia.
"সে ঘড়ি কিনবে, কিন্তু মোবাইল ফোন কিনবে না।","He/she will buy the watch, but does not buy the mobile phone.",uni d̪ɔ gʰuɽi kiɾiɲa mɛnkʰan mɔbaĭl pʰon bai̯ kiɾiɲa.
সে ট্যাংক দেখবে।,He/she will see the tank.,uni d̪ɔ abʰɾa ɲɛla.
গতকাল আমি ভাষা পড়ে গ্রামে খেলব।,"Yesterday, I study the language and then play in the village.",hɔlaɾɛ iɲ pɘɾsi paɽha͡o̯kat̪ɛ at̪oɾɛ gat̪ea.
"আমরা মোবাইল ফোন বিক্রি করব, কিন্তু ঘড়ি বিক্রি করব না।","We will sell the mobile phone, but do not sell the watch.",alɛ d̪ɔ mɔbaĭl pʰon ɘkʰɾiɲa mɛnkʰan gʰuɽi balɛ ɘkʰɾiɲa.
উঠানে একটি ফকির আছে।,There is a fakeer in the courtyard of house.,bəteɾɛ babad͡ʒi menaa.
"তুমি পাত্র দেখবে, কিন্তু সমস্যা দেখবে না।","You will see the receptacle, but do not see the trouble.",am d̪ɔ anataŋ ɲɛla mɛnkʰan ad͡ʒaɾ bam ɲɛla.
বাসস্থানে একটি পদ্য আছে।,There is a verse in the residence.,basaɾɛ ae̯t menaa.
ভানটি নতুন।,The pretence is new.,aɽsa d̪ɔ nɔwaa.
তার পাঠ ভালো।,His/her lesson is good.,uniaʔ sikʰnɘt̪ d̪ɔ mɔ̃ɟa.
তার নুন-তামাকের ফেরিওয়ালা পরিষ্কার।,His/her pedlar of salt and tobacco is clean.,uniaʔ bə̃ɽiə̯̃ d̪ɔ sapʰaa.
শহরে একটি পানি আছে।,There is a water in the town.,sɔhɔɽɾɛ d̪aʔ menaa.
তাদের পাঠ নতুন।,Their lesson is new.,oŋkoaʔ sikʰnɘt̪ d̪ɔ nɔwaa.
শহরে একটি শিশু আছে।,There is a child in the town.,sɔhɔɽɾɛ gid̪ɾɘ menaa.
আড়ালে একটি শোক আছে।,There is a grief in the covert.,ao̯tanɾɛ bedna menaa.
আমি জ্বালাপোড়া দেখেছি।,I have seen the burning sensation.,iɲ d̪ɔ aɽae̯ ɲɛlakada.
গতকাল তারা খড়ের মোটা দড়ি দেখে কুয়ায় খেলবে।,"Yesterday, they see the thick straw rope and then play in the well.",hɔlaɾɛ oŋko baɾahi ɲɛlkat̪ɛ kuɲɾɛ gat̪ea.
তোমার আসা-যাওয়া নতুন।,Your coming & going is new.,amaʔ ana gona d̪ɔ nɔwaa.
আমি বট গাছ দেখেছি।,I have seen the banyan tree.,iɲ d̪ɔ baɽe ɲɛlakada.
তারা বন্যা দেখেছে।,They have seen the flood.,oŋko d̪ɔ bəd ɲɛlakada.
"তোমরা মাছ বিক্রি করবে, কিন্তু খাবার বিক্রি করবে না।","You all will sell the fish, but do not sell the food.",apɛ d̪ɔ haku ɘkʰɾiɲa mɛnkʰan ɟɔmaʔ bapɛ ɘkʰɾiɲa.
সেই সময় তোমরা ঘড়ি কিনে স্কুলে যাবে।,"At that time, you all buy the watch and then go to the school.",ɔkt̪ɛɾɛ apɛ gʰuɽi kiɾiɲkat̪ɛ iskulɾɛ calaʔa.
সকালে আমরা ভাষা লিখে স্কুলে কাজ করব।,"In the morning, we write the language and then work in the school.",sɛt̪aʔɾɛ alɛ pɘɾsi ɔlɔʔkat̪ɛ iskulɾɛ kɘmia.
নিকটবর্তী এলাকাে একটি ভাদ্র মাস আছে।,There is an august-september in the vicinity.,aɖe ʈolaɾɛ bʰadɔɾ menaa.
বাচ্চা ঘোড়াটি আনন্দের।,The colt is happy.,bat͡ʃʰaɽa sadɔm d̪ɔ ɾɘskɘa.
স্কুলে একটি বাঁধ আছে।,There is an embankment in the school.,iskulɾɛ band menaa.
তোমরা বৃদ্ধি দেখবে না।,You all do not see the growth.,apɛ d̪ɔ baɽhɔnta bapɛ ɲɛla.
দুর্যোগটি নতুন।,The calmity is new.,apʰoti d̪ɔ nɔwaa.
আমাদের পক্ষাঘাত নতুন।,Our hemiplegia is new.,alɛaʔ aɾdʰəŋgi d̪ɔ nɔwaa.
"তারা ঔষধ কিনবে, কিন্তু মোবাইল ফোন কিনবে না।","They will buy the medicine, but do not buy the mobile phone.",oŋko d̪ɔ ɾan kiɾiɲa mɛnkʰan mɔbaĭl pʰon bako kiɾiɲa.
তারা খাবার খাবে না।,They do not eat the food.,oŋko d̪ɔ ɟɔmaʔ bako ɟɔma.
শহরে একটি নামা আছে।,There is a descent in the town.,sɔhɔɽɾɛ anãɽgo menaa.
গতকাল তোমরা পানি পান করে শহরে আসবে।,"Yesterday, you all drink the water and then come to the town.",hɔlaɾɛ apɛ d̪aʔ ɲukat̪ɛ sɔhɔɽɾɛ hiɟuʔa.
উঠানে একটি নেতিবাচক আছে।,There is a negative in the courtyard of house.,bəteɾɛ baŋ menaa.
বিস্তীর্ণ ভূমিে একটি নবজাতক আছে।,There is an infant in the wide expanse of land.,bilənɾɛ balɛ menaa.
তাদের বাড়ি পরিষ্কার।,Their house is clean.,oŋkoaʔ ɔɽaʔ d̪ɔ sapʰaa.
পোশাকটি গুরুত্বপূর্ণ।,The apparel is important.,ahɾan pahaɾand d̪ɔ ɟɘɾuɽa.
নদীতে একটি পা আছে।,There is a leg in the river.,gaɖaɾɛ ɟaŋga menaa.
স্কুলে একটি সময়কাল আছে।,There is a period in the school.,iskulɾɛ ãʈɾe menaa.
বিস্তীর্ণ ভূমিে একটি ডালিম আছে।,There is a pomegranate in the wide expanse of land.,bilənɾɛ anaɾ menaa.
"সে রান্না খাবে, কিন্তু মাছ খাবে না।","He/she will eat the cooked food, but does not eat the fish.",uni d̪ɔ basaŋ ɟɔma mɛnkʰan haku bai̯ ɟɔma.
গ্রামে একটি ঘড়ি আছে।,There is a watch in the village.,at̪oɾɛ gʰuɽi menaa.
তার মানুষ আনন্দের।,His/her person is happy.,uniaʔ hɔɽ d̪ɔ ɾɘskɘa.
শস্যটি সুস্বাদু।,The grain is tasty.,an d̪ɔ sibila.
একটি ভাই শহরে আছে।,One brother is in the town.,mit̪ʔʈɛn baɾet d̪ɔ sɔhɔɽɾɛ menaa.
"তারা মোবাইল ফোন কিনবে, কিন্তু ঔষধ কিনবে না।","They will buy the mobile phone, but do not buy the medicine.",oŋko d̪ɔ mɔbaĭl pʰon kiɾiɲa mɛnkʰan ɾan bako kiɾiɲa.
আমার পরিমাপ নতুন।,My measure is new.,iɲaʔ ae̯ d̪ɔ nɔwaa.
সূর্যটি নতুন।,The sun is new.,bela d̪ɔ nɔwaa.
নিকটবর্তী এলাকাে একটি কাজ আছে।,There is an occupation in the vicinity.,aɖe ʈolaɾɛ bʰɛd menaa.
তার টাকা পরিষ্কার।,His/her money is clean.,uniaʔ ʈaka d̪ɔ sapʰaa.
আজ সে গান দেখে নদীতে যাবে।,"Today, he/she see the song and then go to the river.",t̪eheɲɾɛ uni seɾeɲ ɲɛlkat̪ɛ gaɖaɾɛ calaʔa.
তুমি ঢোলের শব্দ দেখেছ।,You have seen the rattle on drum.,am d̪ɔ beɖo ɲɛlakada.
গুহাে একটি বাড়ি আছে।,There is a house in the cave.,bʰugək̕ɾɛ ɔɽaʔ menaa.
আমি কাঠের খুঁটি দেখব না।,I do not see the wooden pin.,iɲ d̪ɔ bʰaɲd͡ʒ kʰuɳʈi bɘɲ ɲɛla.
"তোমরা টাকা পাবে, কিন্তু ছবি পাবে না।","You all will get the money, but do not get the photo.",apɛ d̪ɔ ʈaka ɲama mɛnkʰan pʰɔʈɔ bapɛ ɲama.
তার গান ভালো।,His/her song is good.,uniaʔ seɾeɲ d̪ɔ mɔ̃ɟa.
উৎপাদকটি নতুন।,The producer is new.,aɾd͡ʒoniə̯ d̪ɔ nɔwaa.
তোমাদের চুল্লি গুরুত্বপূর্ণ।,Your furnace is important.,apɛaʔ bʰaʈa d̪ɔ ɟɘɾuɽa.
তোমরা ঋতু ও আখ দেখবে।,You all will see the season and the sugarcane.,apɛ d̪ɔ bataɾ aɾ ək ɲɛla.
সে রক্তমূত্র দেখবে।,He/she will see the haematuria.,uni d̪ɔ aɾak̕ d͡ʒʰaɾ ɲɛla.
গ্রামে একটি বয়লার আছে।,There is a boiler in the village.,at̪oɾɛ bʰəʈʰi menaa.
তোমাদের পরিমাপ গুরুত্বপূর্ণ।,Your measure is important.,apɛaʔ ae̯ d̪ɔ ɟɘɾuɽa.
আমার বাঁধ নতুন।,My embankment is new.,iɲaʔ band d̪ɔ nɔwaa.
তোমাদের পিঁপড়া ভালো।,Your ant is good.,apɛaʔ muc̚ʔ d̪ɔ mɔ̃ɟa.
কুয়ায় একটি ধানক্ষেত আছে।,There is a rice-land in the well.,kuɲɾɛ ahaɾ menaa.
বাসস্থানটি গুরুত্বপূর্ণ।,The residence is important.,basa d̪ɔ ɟɘɾuɽa.
ভিক্ষুকটি ভালো।,The beggar is good.,bʰikʰəɾi d̪ɔ mɔ̃ɟa.
আজ তুমি খাবার কিনে হ্রদে যাবে।,"Today, you buy the food and then go to the lake.",t̪eheɲɾɛ am ɟɔmaʔ kiɾiɲkat̪ɛ ɟɔlaɾɛ calaʔa.
সকালে তারা পাঠ পড়ে কুয়ায় কাজ করবে।,"In the morning, they study the lesson and then work in the well.",sɛt̪aʔɾɛ oŋko sikʰnɘt̪ paɽha͡o̯kat̪ɛ kuɲɾɛ kɘmia.
সেই সময় তোমরা এক তোলা দেখে নদীতে যাবে।,"At that time, you all see the one tola and then go to the river.",ɔkt̪ɛɾɛ apɛ bʰoɾi ɲɛlkat̪ɛ gaɖaɾɛ calaʔa.
কনুইটি গুরুত্বপূর্ণ।,The elbow is important.,bə̃hl d̪ɔ ɟɘɾuɽa.
বিকারটি গুরুত্বপূর্ণ।,The delirium is important.,bəi̯ d̪ɔ ɟɘɾuɽa.
বাড়িতে একটি অভিশাপ আছে।,There is a curse in the house.,ɔɽaʔɾɛ əsis menaa.
তোমাদের বিধাতা গুরুত্বপূর্ণ।,Your providence is important.,apɛaʔ bʰidata d̪ɔ ɟɘɾuɽa.
তোমরা উপভাষা ও উদ্বৃত্ত দেখবে।,You all will see the dialect and the surplus.,apɛ d̪ɔ bahaka aɾ bətil ɲɛla.
তোমাদের বাষ্প গুরুত্বপূর্ণ।,Your vapour is important.,apɛaʔ bʰap d̪ɔ ɟɘɾuɽa.
তোমাদের শিশু ছোট।,Your child is small.,apɛaʔ gid̪ɾɘ d̪ɔ lɘʈua.
স্কুলে একটি মাছ আছে।,There is a fish in the school.,iskulɾɛ haku menaa.
বাড়িতে একটি ঘড়ি আছে।,There is a watch in the house.,ɔɽaʔɾɛ gʰuɽi menaa.
বাসস্থানে একটি গ্রাম আছে।,There is a village in the residence.,basaɾɛ at̪o menaa.
সে গাছের ছাল ও বট গাছ দেখবে।,He/she will see the bark of tree and the banyan tree.,uni d̪ɔ baklak̕ aɾ baɽe ɲɛla.
সে লাগাম দেখবে না।,He/she does not see the bridle.,uni d̪ɔ bag bai̯ ɲɛla.
তারা অভিযোগকারী দেখেছে।,They have seen the accuser.,oŋko d̪ɔ bədi ɲɛlakada.
তোমাদের গান ভালো।,Your song is good.,apɛaʔ seɾeɲ d̪ɔ mɔ̃ɟa.
শহরে একটি পুঁজ আছে।,There is a pus in the town.,sɔhɔɽɾɛ bele menaa.
গতকাল আমি ভাষা লিখে শহরে আসব।,"Yesterday, I write the language and then come to the town.",hɔlaɾɛ iɲ pɘɾsi ɔlɔʔkat̪ɛ sɔhɔɽɾɛ hiɟuʔa.
নিকটবর্তী এলাকাে একটি স্কুল আছে।,There is a school in the vicinity.,aɖe ʈolaɾɛ iskul menaa.
উঠানে একটি ব্যাখ্যা আছে।,There is an explanation in the courtyard of house.,bəteɾɛ bejan menaa.
নবজাতকটি ছোট।,The infant is small.,balɛ d̪ɔ lɘʈua.
আমাদের জীবন গুরুত্বপূর্ণ।,Our life is important.,alɛaʔ ɟiŋgi d̪ɔ ɟɘɾuɽa.
সকালে তোমরা পাঠ পড়ে স্কুলে খেলবে।,"In the morning, you all study the lesson and then play in the school.",sɛt̪aʔɾɛ apɛ sikʰnɘt̪ paɽha͡o̯kat̪ɛ iskulɾɛ gat̪ea.
সুযোগটি পরিষ্কার।,The chance is clean.,bʰəg d̪ɔ sapʰaa.
আমরা অজ্ঞতা ও মাটির জার দেখব।,We will see the ignorance and the round jar.,alɛ d̪ɔ bʰut͡ʃ aɾ bəhni ɲɛla.
গতকাল তুমি রান্না খেয়ে শহরে খেলবে।,"Yesterday, you eat the cooked food and then play in the town.",hɔlaɾɛ am basaŋ ɟɔmkat̪ɛ sɔhɔɽɾɛ gat̪ea.
সেই সময় সে মোবাইল ফোন কিনে শহরে খেলবে।,"At that time, he/she buy the mobile phone and then play in the town.",ɔkt̪ɛɾɛ uni mɔbaĭl pʰon kiɾiɲkat̪ɛ sɔhɔɽɾɛ gat̪ea.
তোমার পয়সা নতুন।,Your pice is new.,amaʔ anapʰana d̪ɔ nɔwaa.
সেই সময় তারা ভাষা লিখে নদীতে আসবে।,"At that time, they write the language and then come to the river.",ɔkt̪ɛɾɛ oŋko pɘɾsi ɔlɔʔkat̪ɛ gaɖaɾɛ hiɟuʔa.
স্কুলে একটি অবসর আছে।,There is a leisure in the school.,iskulɾɛ apʰsoɾ menaa.
সেই সময় সে রান্না খেয়ে কুয়ায় আসবে।,"At that time, he/she eat the cooked food and then come to the well.",ɔkt̪ɛɾɛ uni basaŋ ɟɔmkat̪ɛ kuɲɾɛ hiɟuʔa.
আজ সে পাঠ পড়ে গ্রামে যাবে।,"Today, he/she study the lesson and then go to the village.",t̪eheɲɾɛ uni sikʰnɘt̪ paɽha͡o̯kat̪ɛ at̪oɾɛ calaʔa.
আমার তাঁতের পোড়েন পরিষ্কার।,My woof is clean.,iɲaʔ bʰaɾna d̪ɔ sapʰaa.
সেই সময় আমরা ভাষা পড়ে স্কুলে কাজ করব।,"At that time, we study the language and then work in the school.",ɔkt̪ɛɾɛ alɛ pɘɾsi paɽha͡o̯kat̪ɛ iskulɾɛ kɘmia.
আমরা ঝোপঝাড় দেখেছিলাম।,We saw the shrub.,alɛlɛ akao̯na ɲɛlkeda.
লক্ষ্যবস্তুটি নতুন।,The target is new.,bed͡ʒʰa d̪ɔ nɔwaa.
বাহুবন্ধনীটি নতুন।,The armlet is new.,bəd͡ʒu d̪ɔ nɔwaa.
একটি প্রতারক গ্রামে আছে।,One deceiver is in the village.,mit̪ʔʈɛn bʰataha d̪ɔ at̪oɾɛ menaa.
দেবতাটি নতুন।,The deity is new.,bʰokta d̪ɔ nɔwaa.
উঠানে একটি পবিত্র সিন্দুক আছে।,There is an ark of the covenant in the courtyard of house.,bəteɾɛ ən sunduk menaa.
সকালে তোমরা দুধ পান করে শহরে যাবে।,"In the morning, you all drink the milk and then go to the town.",sɛt̪aʔɾɛ apɛ t̪o̯͡a ɲukat̪ɛ sɔhɔɽɾɛ calaʔa.
সেই সময় সে পানি পান করে হ্রদে কাজ করবে।,"At that time, he/she drink the water and then work in the lake.",ɔkt̪ɛɾɛ uni d̪aʔ ɲukat̪ɛ ɟɔlaɾɛ kɘmia.
সকালে তারা পাঠ পড়ে স্কুলে যাবে।,"In the morning, they study the lesson and then go to the school.",sɛt̪aʔɾɛ oŋko sikʰnɘt̪ paɽha͡o̯kat̪ɛ iskulɾɛ calaʔa.
বাষ্পটি ভালো।,The vapour is good.,bʰap d̪ɔ mɔ̃ɟa.
আড়ালে একটি কুয়া আছে।,There is a well in the covert.,ao̯tanɾɛ kuɲ menaa.
বিদেশীটি আনন্দের।,The foreigner is happy.,bidesiə̯ d̪ɔ ɾɘskɘa.
সকালে তুমি ভাষা লিখে গ্রামে কাজ করবে।,"In the morning, you write the language and then work in the village.",sɛt̪aʔɾɛ am pɘɾsi ɔlɔʔkat̪ɛ at̪oɾɛ kɘmia.
সকালে তুমি ঘড়ি কিনে হ্রদে যাবে।,"In the morning, you buy the watch and then go to the lake.",sɛt̪aʔɾɛ am gʰuɽi kiɾiɲkat̪ɛ ɟɔlaɾɛ calaʔa.
তার অপচয় ভালো।,His/her waste is good.,uniaʔ apt͡ʃo d̪ɔ mɔ̃ɟa.
বকেয়াটি পরিষ্কার।,The arrears is clean.,bəki d̪ɔ sapʰaa.
পাড়াটি ভালো।,The neighbourhood is good.,aɖe pase d̪ɔ mɔ̃ɟa.
আমরা প্রাচুর্য দেখেছিলাম।,We saw the abundance.,alɛlɛ at͡ʃel pat͡ʃel ɲɛlkeda.
তোমাদের রক্তমূত্র ভালো।,Your haematuria is good.,apɛaʔ aɾak̕ d͡ʒʰaɾ d̪ɔ mɔ̃ɟa.
সকালে তারা পানি পান করে কুয়ায় আসবে।,"In the morning, they drink the water and then come to the well.",sɛt̪aʔɾɛ oŋko d̪aʔ ɲukat̪ɛ kuɲɾɛ hiɟuʔa.
তারা পা দেখেছে।,They have seen the foot.,oŋko d̪ɔ kaʈa ɲɛlakada.
আমরা ঔষধ দেখব না।,We do not see the medicine.,alɛ d̪ɔ ɾan balɛ ɲɛla.
আমার আনা নতুন।,My anna is new.,iɲaʔ ana d̪ɔ nɔwaa.
তুমি পিঁপড়া দেখবে না।,You do not see the ant.,am d̪ɔ muc̚ʔ bam ɲɛla.
ঢাকনাটি নতুন।,The lid is new.,bɛnɛt̕ d̪ɔ nɔwaa.
আমাদের শহর নতুন।,Our town is new.,alɛaʔ sɔhɔɽ d̪ɔ nɔwaa.
শহরে একটি আয়ুর্বেদিক উদ্ভিদ আছে।,There is a bishop’s weed in the town.,sɔhɔɽɾɛ əd͡ʒuə̯ menaa.
গতকাল সে দুধ পান করে শহরে যাবে।,"Yesterday, he/she drink the milk and then go to the town.",hɔlaɾɛ uni t̪o̯͡a ɲukat̪ɛ sɔhɔɽɾɛ calaʔa.
শহরটি ভালো।,The town is good.,sɔhɔɽ d̪ɔ mɔ̃ɟa.
তার হরিণ আনন্দের।,His/her buck is happy.,uniaʔ badaɾ d̪ɔ ɾɘskɘa.
তোমার বুদ্ধি গুরুত্বপূর্ণ।,Your wisdom is important.,amaʔ əkil d̪ɔ ɟɘɾuɽa.
সেই সময় তোমরা কথা পড়ে শহরে আসবে।,"At that time, you all study the word and then come to the town.",ɔkt̪ɛɾɛ apɛ kat̪ʰa paɽha͡o̯kat̪ɛ sɔhɔɽɾɛ hiɟuʔa.
উত্তরাধিকারীটি নতুন।,The heir is new.,awəsi d̪ɔ nɔwaa.
সকালে আমি কথা লিখে স্কুলে যাব।,"In the morning, I write the word and then go to the school.",sɛt̪aʔɾɛ iɲ kat̪ʰa ɔlɔʔkat̪ɛ iskulɾɛ calaʔa.
গ্রামে একটি ভিক্ষুক আছে।,There is a beggar in the village.,at̪oɾɛ bʰikʰəɾi menaa.
তুমি খাবার খেয়েছিলে।,You ate the food.,amɛm ɟɔmaʔ ɟɔmkeda.
কুয়ায় একটি ঔষধ আছে।,There is a medicine in the well.,kuɲɾɛ ɾan menaa.
আমাদের কণ্ঠস্বর গুরুত্বপূর্ণ।,Our voice is important.,alɛaʔ aɽaŋ d̪ɔ ɟɘɾuɽa.
নদীতে একটি পরিষদ আছে।,There is a council in the river.,gaɖaɾɛ bəi̯si menaa.
কুয়ায় একটি পিঁপড়া আছে।,There is an ant in the well.,kuɲɾɛ muc̚ʔ menaa.
তোমাদের সেনাবাহিনী গুরুত্বপূর্ণ।,Your army is important.,apɛaʔ aɽa d̪ɔ ɟɘɾuɽa.
তোমার চারা রোপণ গুরুত্বপূর্ণ।,Your transplantation is important.,amaʔ apʰɔɾ d̪ɔ ɟɘɾuɽa.
বাসস্থানে একটি শিলাবৃষ্টি আছে।,There is a hail in the dwelling place.,basɾɛ aɾel menaa.
সেই সময় আমি দুধ পান করে গ্রামে খেলব।,"At that time, I drink the milk and then play in the village.",ɔkt̪ɛɾɛ iɲ t̪o̯͡a ɲukat̪ɛ at̪oɾɛ gat̪ea.
কাপটি ভালো।,The cup is good.,basna d̪ɔ mɔ̃ɟa.
তার কাজ নতুন।,His/her work is new.,uniaʔ kɘmi d̪ɔ nɔwaa.
উঠানে একটি ব্রাহ্মণ আছে।,There is a brahman in the courtyard of house.,bəteɾɛ babɾẽ menaa.
পুরোহিতের রক্তদানের দক্ষিণাটি নতুন।,The fee to priest who offers his blood is new.,bəlkəʈi d̪ɔ nɔwaa.
সে ঘড়ি ও খাবার কিনবে।,He/she will buy the watch and the food.,uni d̪ɔ gʰuɽi aɾ ɟɔmaʔ kiɾiɲa.
তাদের ভাড়া ভালো।,Their fare is good.,oŋkoaʔ bʰaɽa d̪ɔ mɔ̃ɟa.
গতকাল সে মধু খেয়ে শহরে খেলবে।,"Yesterday, he/she eat the honey and then play in the town.",hɔlaɾɛ uni ɲɛlɛɾasa ɟɔmkat̪ɛ sɔhɔɽɾɛ gat̪ea.
তোমাদের বাঘ আনন্দের।,Your tiger is happy.,apɛaʔ t̪ɘɾup̚ʔ d̪ɔ ɾɘskɘa.
হ্রদে একটি জিহ্বা আছে।,There is a tongue in the lake.,ɟɔlaɾɛ alaŋ menaa.
"আমি খাবার পাব, কিন্তু খাবার পাব না।","I will get the food, but do not get the food.",iɲ d̪ɔ ɟɔmaʔ ɲama mɛnkʰan ɟɔmaʔ bɘɲ ɲama.
পুরস্কারটি পরিষ্কার।,The prize is clean.,bəksis d̪ɔ sapʰaa.
আজ তোমরা কথা পড়ে কুয়ায় যাবে।,"Today, you all study the word and then go to the well.",t̪eheɲɾɛ apɛ kat̪ʰa paɽha͡o̯kat̪ɛ kuɲɾɛ calaʔa.
গুহাে একটি গোখরো সাপ আছে।,There is a cobra in the cave.,bʰugək̕ɾɛ ajaŋ bin menaa.
হিসাবটি পরিষ্কার।,The account is clean.,bil d̪ɔ sapʰaa.
গতকাল তোমরা রান্না খেয়ে কুয়ায় খেলবে।,"Yesterday, you all eat the cooked food and then play in the well.",hɔlaɾɛ apɛ basaŋ ɟɔmkat̪ɛ kuɲɾɛ gat̪ea.
আড়ালে একটি মশাল আছে।,There is a torch in the covert.,ao̯tanɾɛ bambeɾ menaa.
আমরা পশুপাখির ডাক দেখব না।,We do not see the cry of beasts & c.,alɛ d̪ɔ aɳɖɾac̕ ɔɳɖɾɔc̕ balɛ ɲɛla.
করতালটি নতুন।,The cymbals is new.,bad͡ʒna d̪ɔ nɔwaa.
আজ আমরা দুধ পান করে স্কুলে খেলব।,"Today, we drink the milk and then play in the school.",t̪eheɲɾɛ alɛ t̪o̯͡a ɲukat̪ɛ iskulɾɛ gat̪ea.
বাসস্থানে একটি ঝোপ আছে।,There is a thicket in the dwelling place.,basɾɛ badaɽ menaa.
সমস্যাটি ভালো।,The trouble is good.,ad͡ʒaɾ d̪ɔ mɔ̃ɟa.
আমাদের ছুতার পরিষ্কার।,Our carpenter is clean.,alɛaʔ bəɖʰi d̪ɔ sapʰaa.
তোমরা আফিম ও বাধা দেখবে।,You all will see the opium and the hitch.,apɛ d̪ɔ əpʰim aɾ bəndʰi ɲɛla.
তার মোবাইল ফোন নতুন।,His/her mobile phone is new.,uniaʔ mɔbaĭl pʰon d̪ɔ nɔwaa.
তাদের কথা গুরুত্বপূর্ণ।,Their word is important.,oŋkoaʔ kat̪ʰa d̪ɔ ɟɘɾuɽa.
নিকটবর্তী এলাকাে একটি রান্না আছে।,There is a cooked food in the vicinity.,aɖe ʈolaɾɛ basaŋ menaa.
সকালে আমরা ভাষা পড়ে কুয়ায় খেলব।,"In the morning, we study the language and then play in the well.",sɛt̪aʔɾɛ alɛ pɘɾsi paɽha͡o̯kat̪ɛ kuɲɾɛ gat̪ea.
পাড়াে একটি পা আছে।,There is a leg in the neighbourhood.,aɖe paseɾɛ ɟaŋga menaa.
বাসস্থানে একটি আতঙ্ক আছে।,There is a terror in the dwelling place.,basɾɛ bʰɔɽɔk menaa.
আজ আমরা দুধ পান করে নদীতে যাব।,"Today, we drink the milk and then go to the river.",t̪eheɲɾɛ alɛ t̪o̯͡a ɲukat̪ɛ gaɖaɾɛ calaʔa.
গুহাে একটি বিড়াল আছে।,There is a cat in the cave.,bʰugək̕ɾɛ pusi menaa.
তোমার ছেলে ভালো।,Your boy is good.,amaʔ bəbu d̪ɔ mɔ̃ɟa.
তুমি ফুলের মালা দেখেছিলে।,You saw the garland of flowers.,amɛm baha mala ɲɛlkeda.
সকালে তারা রান্না খেয়ে বাড়িতে আসবে।,"In the morning, they eat the cooked food and then come to the house.",sɛt̪aʔɾɛ oŋko basaŋ ɟɔmkat̪ɛ ɔɽaʔɾɛ hiɟuʔa.
গ্রামে একটি আতঙ্ক আছে।,There is a terror in the village.,at̪oɾɛ bʰɔɽɔk menaa.
আমি ভাড়া দেখেছিলাম।,I saw the fare.,iɲiɲ bʰaɽa ɲɛlkeda.
বাসস্থানে একটি অনুচিত আচরণ আছে।,There is an impropriety in the dwelling place.,basɾɛ baŋ ganok̕ak̕ menaa.
আমি অর্ধ বিঘা দেখব না।,I do not see the half bigha.,iɲ d̪ɔ bʰənga bɘɲ ɲɛla.
তোমরা একমুঠো দেখবে।,You all will see the handful.,apɛ d̪ɔ aɲd͡ʒle ɲɛla.
তাদের আখড়া ভালো।,Their gathering is good.,oŋkoaʔ akʰɾa d̪ɔ mɔ̃ɟa.
পাড়াটি পরিষ্কার।,The neighbourhood is clean.,aɖe pase d̪ɔ sapʰaa.
"তুমি ঔষধ পাবে, কিন্তু খাবার পাবে না।","You will get the medicine, but do not get the food.",am d̪ɔ ɾan ɲama mɛnkʰan ɟɔmaʔ bam ɲama.
হ্রদে একটি ভাই আছে।,There is a brother in the lake.,ɟɔlaɾɛ baɾet menaa.
আমরা গুড়গুড় শব্দ দেখেছি।,We have seen the rumbling sound.,alɛ d̪ɔ aʈap̕ uʈup̕ ɲɛlakada.
গতকাল তোমরা মাছ কিনে গ্রামে যাবে।,"Yesterday, you all buy the fish and then go to the village.",hɔlaɾɛ apɛ haku kiɾiɲkat̪ɛ at̪oɾɛ calaʔa.
বাসস্থানে একটি বন্দুক আছে।,There is a gun in the dwelling place.,basɾɛ bənduk menaa.
"তুমি খাবার খাবে, কিন্তু খাবার খাবে না।","You will eat the food, but do not eat the food.",am d̪ɔ ɟɔmaʔ ɟɔma mɛnkʰan ɟɔmaʔ bam ɟɔma.
"আমি খাবার কিনব, কিন্তু ঔষধ কিনব না।","I will buy the food, but do not buy the medicine.",iɲ d̪ɔ ɟɔmaʔ kiɾiɲa mɛnkʰan ɾan bɘɲ kiɾiɲa.
আমাদের বয়লার পরিষ্কার।,Our boiler is clean.,alɛaʔ bʰəʈʰi d̪ɔ sapʰaa.
তোমার শুকর ভালো।,Your pig is good.,amaʔ suk̚ɾi d̪ɔ mɔ̃ɟa.
গতকাল তারা দুধ পান করে কুয়ায় যাবে।,"Yesterday, they drink the milk and then go to the well.",hɔlaɾɛ oŋko t̪o̯͡a ɲukat̪ɛ kuɲɾɛ calaʔa.
শহরে একটি অন্ধ ভয় আছে।,There is a superstitious fear in the town.,sɔhɔɽɾɛ bʰae̯ menaa.
তোমার শস্য পরিষ্কার।,Your grain is clean.,amaʔ an d̪ɔ sapʰaa.
আমি মাছ কিনেছি।,I have bought the fish.,iɲ d̪ɔ haku kiɾiɲakada.
তোমার বাদ্যযন্ত্র নতুন।,Your musical instrument is new.,amaʔ bad͡ʒa d̪ɔ nɔwaa.
কুয়ায় একটি গোখরো সাপ আছে।,There is a cobra in the well.,kuɲɾɛ ajaŋ bin menaa.
নিকটবর্তী এলাকাে একটি নদী আছে।,There is a river in the vicinity.,aɖe ʈolaɾɛ gaɖa menaa.
আমি পদ্য ও সেনাবাহিনী দেখব।,I will see the verse and the army.,iɲ d̪ɔ ae̯t aɾ aɽa ɲɛla.
ব্যবসায়ীটি নতুন।,The trader is new.,bepaɾi d̪ɔ nɔwaa.
আজ আমরা পানি পান করে বাড়িতে খেলব।,"Today, we drink the water and then play in the house.",t̪eheɲɾɛ alɛ d̪aʔ ɲukat̪ɛ ɔɽaʔɾɛ gat̪ea.
বাসস্থানে একটি ঘড়ি আছে।,There is a watch in the residence.,basaɾɛ gʰuɽi menaa.
তোমরা ছাগলের বিষ্ঠা ও বাহু দেখবে।,You all will see the goat's dropping and the arm.,apɛ d̪ɔ bʰelə̃uɳɖi aɾ bə̃hi ɲɛla.
আমাদের শক্তি নতুন।,Our force is new.,alɛaʔ ad͡ʒʰãʈ d̪ɔ nɔwaa.
আজ তারা মাছ কিনে শহরে আসবে।,"Today, they buy the fish and then come to the town.",t̪eheɲɾɛ oŋko haku kiɾiɲkat̪ɛ sɔhɔɽɾɛ hiɟuʔa.
স্কুলে একটি সন্ধ্যাকাল আছে।,There is an eventide in the school.,iskulɾɛ əjup̕ pajaɾ menaa.
আজ তোমরা মধু খেয়ে স্কুলে আসবে।,"Today, you all eat the honey and then come to the school.",t̪eheɲɾɛ apɛ ɲɛlɛɾasa ɟɔmkat̪ɛ iskulɾɛ hiɟuʔa.
তোমরা পছন্দ দেখবে।,You all will see the choice.,apɛ d̪ɔ əpɾug ɲɛla.
সকালে তোমরা কথা লিখে হ্রদে আসবে।,"In the morning, you all write the word and then come to the lake.",sɛt̪aʔɾɛ apɛ kat̪ʰa ɔlɔʔkat̪ɛ ɟɔlaɾɛ hiɟuʔa.
বিস্তীর্ণ ভূমিে একটি খড় আছে।,There is a chaff in the wide expanse of land.,bilənɾɛ bʰusə menaa.
আমি শিখা ও অসুস্থতা দেখব।,I will see the flame and the sickness.,iɲ d̪ɔ ãt͡ʃ aɾ bigʰin ɲɛla.
সেই সময় আমরা ভাষা পড়ে বাড়িতে আসব।,"At that time, we study the language and then come to the house.",ɔkt̪ɛɾɛ alɛ pɘɾsi paɽha͡o̯kat̪ɛ ɔɽaʔɾɛ hiɟuʔa.
গতকাল তুমি ভাষা পড়ে শহরে কাজ করবে।,"Yesterday, you study the language and then work in the town.",hɔlaɾɛ am pɘɾsi paɽha͡o̯kat̪ɛ sɔhɔɽɾɛ kɘmia.
নিষেধাত্মক উপসর্গটি পরিষ্কার।,The privative prefix is clean.,an d̪ɔ sapʰaa.
আজ তারা বাবা দেখে বাড়িতে খেলবে।,"Today, they see the father and then play in the house.",t̪eheɲɾɛ oŋko apa ɲɛlkat̪ɛ ɔɽaʔɾɛ gat̪ea.
একটি পূর্বপুরুষ বাড়িতে আছে।,One ancestors is in the house.,mit̪ʔʈɛn bap dada d̪ɔ ɔɽaʔɾɛ menaa.
আজ আমি মাছ খেয়ে স্কুলে আসব।,"Today, I eat the fish and then come to the school.",t̪eheɲɾɛ iɲ haku ɟɔmkat̪ɛ iskulɾɛ hiɟuʔa.
আমরা আঁটি দেখব।,We will see the bundle.,alɛ d̪ɔ əʈi ɲɛla.
আজ আমি খাবার খেয়ে নদীতে খেলব।,"Today, I eat the food and then play in the river.",t̪eheɲɾɛ iɲ ɟɔmaʔ ɟɔmkat̪ɛ gaɖaɾɛ gat̪ea.
"তোমরা টাকা পাবে, কিন্তু টাকা পাবে না।","You all will get the money, but do not get the money.",apɛ d̪ɔ ʈaka ɲama mɛnkʰan ʈaka bapɛ ɲama.
সেই সময় আমরা ঘড়ি কিনে গ্রামে খেলব।,"At that time, we buy the watch and then play in the village.",ɔkt̪ɛɾɛ alɛ gʰuɽi kiɾiɲkat̪ɛ at̪oɾɛ gat̪ea.
সেই সময় আমি রান্না খেয়ে শহরে আসব।,"At that time, I eat the cooked food and then come to the town.",ɔkt̪ɛɾɛ iɲ basaŋ ɟɔmkat̪ɛ sɔhɔɽɾɛ hiɟuʔa.
তারা বেশ্যা দেখেছে।,They have seen the harlot.,oŋko d̪ɔ bət͡ʃkəɾ ɲɛlakada.
গুহাে একটি পূর্বপুরুষ আছে।,There is an ancestors in the cave.,bʰugək̕ɾɛ bap dada menaa.
আমরা মশাল ও ধাতুর বাটি দেখব।,We will see the torch and the metal basin.,alɛ d̪ɔ bambeɾ aɾ bəʈi ɲɛla.
পাড়াে একটি বন্যা আছে।,There is a flood in the neighbourhood.,aɖe paseɾɛ bəd menaa.
সেই সময় সে ভাষা লিখে স্কুলে কাজ করবে।,"At that time, he/she write the language and then work in the school.",ɔkt̪ɛɾɛ uni pɘɾsi ɔlɔʔkat̪ɛ iskulɾɛ kɘmia.
আমরা ভূত দেখব না।,We do not see the demon.,alɛ d̪ɔ bʰut balɛ ɲɛla.
গতকাল তুমি দুধ পান করে কুয়ায় যাবে।,"Yesterday, you drink the milk and then go to the well.",hɔlaɾɛ am t̪o̯͡a ɲukat̪ɛ kuɲɾɛ calaʔa.
আজ সে মধু খেয়ে শহরে যাবে।,"Today, he/she eat the honey and then go to the town.",t̪eheɲɾɛ uni ɲɛlɛɾasa ɟɔmkat̪ɛ sɔhɔɽɾɛ calaʔa.
তাদের বাক্য নতুন।,Their sentence is new.,oŋkoaʔ ajat d̪ɔ nɔwaa.
গ্রামে একটি আশ্বিন মাস আছে।,There is a september–october in the village.,at̪oɾɛ asin menaa.
ভেড়ার মাংসটি সুস্বাদু।,The mutton is tasty.,bʰiɖi d͡ʒel d̪ɔ sibila.
আড়ালে একটি আতশবাজি আছে।,There is a fireworks in the covert.,ao̯tanɾɛ bʰui̯t͡ʃampa menaa.
আমার নদী ভালো।,My river is good.,iɲaʔ gaɖa d̪ɔ mɔ̃ɟa.
আজ তোমরা কথা লিখে বাড়িতে কাজ করবে।,"Today, you all write the word and then work in the house.",t̪eheɲɾɛ apɛ kat̪ʰa ɔlɔʔkat̪ɛ ɔɽaʔɾɛ kɘmia.
তোমাদের ডাক্তার আনন্দের।,Your doctor is happy.,apɛaʔ ɖak̚t̪aɾ d̪ɔ ɾɘskɘa.
গ্রামে একটি ভালোবাসা আছে।,There is a love in the village.,at̪oɾɛ bʰad menaa.
নির্বোধ ব্যক্তিটি নতুন।,The dunce is new.,akoɾma d̪ɔ nɔwaa.
বাড়িতে একটি উল আছে।,There is a wool in the house.,ɔɽaʔɾɛ bʰiɖi up̕ menaa.
গতকাল আমি পাত্র দেখে হ্রদে যাব।,"Yesterday, I see the receptacle and then go to the lake.",hɔlaɾɛ iɲ anataŋ ɲɛlkat̪ɛ ɟɔlaɾɛ calaʔa.
গ্রামে একটি ফার্ন গাছ আছে।,There is a fern in the village.,at̪oɾɛ badgot͡ʃak̕ menaa.
তার মা ভালো।,His/her mother is good.,uniaʔ gɔgɔ d̪ɔ mɔ̃ɟa.
আজ তোমরা পাঠ পড়ে নদীতে যাবে।,"Today, you all study the lesson and then go to the river.",t̪eheɲɾɛ apɛ sikʰnɘt̪ paɽha͡o̯kat̪ɛ gaɖaɾɛ calaʔa.
"তুমি ডাক্তার সাহায্য করবে, কিন্তু ডাক্তার সাহায্য করবে না।","You will help the doctor, but do not help the doctor.",am d̪ɔ ɖak̚t̪aɾ gɔɽɔa mɛnkʰan ɖak̚t̪aɾ bam gɔɽɔa.
সকালে সে পানি পান করে শহরে আসবে।,"In the morning, he/she drink the water and then come to the town.",sɛt̪aʔɾɛ uni d̪aʔ ɲukat̪ɛ sɔhɔɽɾɛ hiɟuʔa.
গ্রামটি ভালো।,The village is good.,ato d̪ɔ mɔ̃ɟa.
তারা ভূত ও পবিত্র সিন্দুক দেখবে।,They will see the apparition and the ark of the covenant.,oŋko d̪ɔ bʰeo̯na aɾ ən sunduk ɲɛla.
গতকাল সে বকেয়া দেখে বাড়িতে কাজ করবে।,"Yesterday, he/she see the arrears and then work in the house.",hɔlaɾɛ uni bəki ɲɛlkat̪ɛ ɔɽaʔɾɛ kɘmia.
আশাটি নতুন।,The expectation is new.,as d̪ɔ nɔwaa.
সকালে সে কথা লিখে হ্রদে খেলবে।,"In the morning, he/she write the word and then play in the lake.",sɛt̪aʔɾɛ uni kat̪ʰa ɔlɔʔkat̪ɛ ɟɔlaɾɛ gat̪ea.
"সে মোবাইল ফোন কিনবে, কিন্তু খাবার কিনবে না।","He/she will buy the mobile phone, but does not buy the food.",uni d̪ɔ mɔbaĭl pʰon kiɾiɲa mɛnkʰan ɟɔmaʔ bai̯ kiɾiɲa.
আমার নুন-তামাকের ফেরিওয়ালা নতুন।,My pedlar of salt and tobacco is new.,iɲaʔ bə̃ɽiə̯̃ d̪ɔ nɔwaa.
নিষেধাত্মক উপসর্গটি ভালো।,The privative prefix is good.,an d̪ɔ mɔ̃ɟa.
গতকাল তুমি ভাষা পড়ে কুয়ায় খেলবে।,"Yesterday, you study the language and then play in the well.",hɔlaɾɛ am pɘɾsi paɽha͡o̯kat̪ɛ kuɲɾɛ gat̪ea.
শহরে একটি মানুষ আছে।,There is a person in the town.,sɔhɔɽɾɛ hɔɽ menaa.
কষ্টটি ভালো।,The distress is good.,alad͡ʒʰala d̪ɔ mɔ̃ɟa.
গাছের ছালটি গুরুত্বপূর্ণ।,The bark of tree is important.,baklak̕ d̪ɔ ɟɘɾuɽa.
ইংল্যান্ডে একটি মাপদণ্ড আছে।,There is a rod in the england.,bilətɾɛ aɽəni ɖaŋ menaa.
শহরে একটি পছন্দ আছে।,There is a choice in the town.,sɔhɔɽɾɛ əpɾug menaa.
তারা মধু খেয়েছিল।,They ate the honey.,oŋkoko ɲɛlɛɾasa ɟɔmkeda.
বাসস্থানে একটি রবিবার আছে।,There is a sunday in the residence.,basaɾɛ aʈʰawaɾ menaa.
আজ সে রান্না খেয়ে স্কুলে খেলবে।,"Today, he/she eat the cooked food and then play in the school.",t̪eheɲɾɛ uni basaŋ ɟɔmkat̪ɛ iskulɾɛ gat̪ea.
সেই সময় আমরা কথা পড়ে নদীতে খেলব।,"At that time, we study the word and then play in the river.",ɔkt̪ɛɾɛ alɛ kat̪ʰa paɽha͡o̯kat̪ɛ gaɖaɾɛ gat̪ea.
তোমাদের দোষ গুরুত্বপূর্ণ।,Your fault is important.,apɛaʔ əpəi̯ d̪ɔ ɟɘɾuɽa.
তোমার জেলে আনন্দের।,Your fisherman is happy.,amaʔ ɟɘliɘ d̪ɔ ɾɘskɘa.
পছন্দটি ভালো।,The choice is good.,əpɾug d̪ɔ mɔ̃ɟa.
স্কুলে একটি দোষ আছে।,There is a fault in the school.,iskulɾɛ əpəi̯ menaa.
তুমি চুক্তি ও ভূমিকম্প দেখবে।,You will see the contract and the earthquake.,am d̪ɔ bandʰɔn aɾ bʰut͡ʃampa ɲɛla.
ভেড়ার বাচ্চাটি ভালো।,The lamb is good.,bʰiɖi hɔpɔn d̪ɔ mɔ̃ɟa.
তোমাদের জীবন নতুন।,Your life is new.,apɛaʔ ɟiŋgi d̪ɔ nɔwaa.
বেত গাছটি ভালো।,The rattan is good.,bɛ̃t d̪ɔ mɔ̃ɟa.
সেই সময় আমি কথা পড়ে নদীতে যাব।,"At that time, I study the word and then go to the river.",ɔkt̪ɛɾɛ iɲ kat̪ʰa paɽha͡o̯kat̪ɛ gaɖaɾɛ calaʔa.
গ্রামে একটি বাঘ আছে।,There is a tiger in the village.,at̪oɾɛ t̪ɘɾup̚ʔ menaa.
সকালে আমরা মধু খেয়ে বাড়িতে কাজ করব।,"In the morning, we eat the honey and then work in the house.",sɛt̪aʔɾɛ alɛ ɲɛlɛɾasa ɟɔmkat̪ɛ ɔɽaʔɾɛ kɘmia.
একটি মা গ্রামে আছে।,One mother is in the village.,mit̪ʔʈɛn ajo d̪ɔ at̪oɾɛ menaa.
তারা কুলি নিয়োগকারী দেখবে।,They will see the recruiter.,oŋko d̪ɔ aɽkəʈʰiə̯ ɲɛla.
সে এক প্রজাতির মাছ দেখবে না।,He/she does not see the species of fish.,uni d̪ɔ badʰoɽ bai̯ ɲɛla.
কুয়ায় একটি গান আছে।,There is a song in the well.,kuɲɾɛ seɾeɲ menaa.
পাড়াে একটি রোগ আছে।,There is an illness in the neighbourhood.,aɖe paseɾɛ ɾu̯͡ɘ menaa.
কুয়ায় একটি আধপাকা ফলের বিচি আছে।,There is a kernel of half-ripe fruits in the well.,kuɲɾɛ bʰəti menaa.
তোমাদের ব্যাগ ভালো।,Your bag is good.,apɛaʔ bɛg d̪ɔ mɔ̃ɟa.
"সে মাছ খাবে, কিন্তু খাবার খাবে না।","He/she will eat the fish, but does not eat the food.",uni d̪ɔ haku ɟɔma mɛnkʰan ɟɔmaʔ bai̯ ɟɔma.
অনুরোধটি পরিষ্কার।,The request is clean.,aɾd͡ʒa əɾd͡ʒi d̪ɔ sapʰaa.
তার পৈতৃক সম্পত্তি ভালো।,His/her paternal estate is good.,uniaʔ bapɔti dʰo d̪ɔ mɔ̃ɟa.
আমাদের শুরু ভালো।,Our beginning is good.,alɛaʔ əd d̪ɔ mɔ̃ɟa.
কুয়ায় একটি ব্যান্ডেজ আছে।,There is a bandger in the well.,kuɲɾɛ bədʰi menaa.
ইংল্যান্ডে একটি পরিমাপ আছে।,There is a measure in the england.,bilətɾɛ ae̯ menaa.
বাহুবন্ধনীটি গুরুত্বপূর্ণ।,The armlet is important.,bəd͡ʒu d̪ɔ ɟɘɾuɽa.
বিস্তীর্ণ ভূমিে একটি তাঁতের পোড়েন আছে।,There is a woof in the wide expanse of land.,bilənɾɛ bʰaɾna menaa.
সে ফকির দেখবে।,He/she will see the fakeer.,uni d̪ɔ babad͡ʒi ɲɛla.
আমাদের বিদ্যা পরিষ্কার।,Our learning is clean.,alɛaʔ bidiə̯ d̪ɔ sapʰaa.
নিকটবর্তী এলাকাে একটি কুমারী আছে।,There is a virgin in the vicinity.,aɖe ʈolaɾɛ aɾda kuɽi menaa.
তুমি আনারস দেখেছিলে।,You saw the pineapple.,amɛm ananas ɲɛlkeda.
হ্রদে একটি জারজ আছে।,There is a bastard in the lake.,ɟɔlaɾɛ bidʰuə̯ menaa.
সকালে সে সুযোগ দেখে হ্রদে আসবে।,"In the morning, he/she see the chance and then come to the lake.",sɛt̪aʔɾɛ uni bʰəg ɲɛlkat̪ɛ ɟɔlaɾɛ hiɟuʔa.
আজ তারা মাছ খেয়ে গ্রামে যাবে।,"Today, they eat the fish and then go to the village.",t̪eheɲɾɛ oŋko haku ɟɔmkat̪ɛ at̪oɾɛ calaʔa.
আড়ালে একটি বাসস্থান আছে।,There is a dwelling place in the covert.,ao̯tanɾɛ bas menaa.
বাড়িতে একটি আস্থা আছে।,There is a confidence in the house.,ɔɽaʔɾɛ baɾsa menaa.
সেই সময় তুমি রান্না খেয়ে স্কুলে খেলবে।,"At that time, you eat the cooked food and then play in the school.",ɔkt̪ɛɾɛ am basaŋ ɟɔmkat̪ɛ iskulɾɛ gat̪ea.
বারান্দাটি নতুন।,The verandah is new.,baɾaɳda d̪ɔ nɔwaa.
সেই সময় আমি খাবার খেয়ে নদীতে খেলব।,"At that time, I eat the food and then play in the river.",ɔkt̪ɛɾɛ iɲ ɟɔmaʔ ɟɔmkat̪ɛ gaɖaɾɛ gat̪ea.
তাদের বাঘ ভালো।,Their tiger is good.,oŋkoaʔ t̪ɘɾup̚ʔ d̪ɔ mɔ̃ɟa.
সকালে আমি খাবার খেয়ে নদীতে খেলব।,"In the morning, I eat the food and then play in the river.",sɛt̪aʔɾɛ iɲ ɟɔmaʔ ɟɔmkat̪ɛ gaɖaɾɛ gat̪ea.
কাঠের খুঁটিটি গুরুত্বপূর্ণ।,The wooden pin is important.,bʰaɲd͡ʒ kʰuɳʈi d̪ɔ ɟɘɾuɽa.
আজ তোমরা ভাষা লিখে নদীতে আসবে।,"Today, you all write the language and then come to the river.",t̪eheɲɾɛ apɛ pɘɾsi ɔlɔʔkat̪ɛ gaɖaɾɛ hiɟuʔa.
সে জীবন ও জোয়াল দেখবে।,He/she will see the life and the yoke.,uni d̪ɔ ɟiŋgi aɾ aɾãɽ ɲɛla.
তার আখড়া নতুন।,His/her gathering is new.,uniaʔ akʰɾa d̪ɔ nɔwaa.
বাড়িতে একটি নয় আছে।,There is a nine in the house.,ɔɽaʔɾɛ aɾe menaa.
তাদের বাবা আনন্দের।,Their father is happy.,oŋkoaʔ baba d̪ɔ ɾɘskɘa.
আজ তুমি গৃহপালিত পশু দেখে বাড়িতে আসবে।,"Today, you see the domestic animal and then come to the house.",t̪eheɲɾɛ am ato posu ɲɛlkat̪ɛ ɔɽaʔɾɛ hiɟuʔa.
আমার জোর খাটানো শ্রম নতুন।,My forced labour is new.,iɲaʔ begaɾ d̪ɔ nɔwaa.
তারা ঘড়ি ও মাছ কিনবে।,They will buy the watch and the fish.,oŋko d̪ɔ gʰuɽi aɾ haku kiɾiɲa.
কুয়ায় একটি গুজব রটনাকারী আছে।,There is a gossiping in the well.,kuɲɾɛ bəd͡ʒniə̯ menaa.
তাদের বন্ধকী ভালো।,Their mortgage is good.,oŋkoaʔ bəndki d̪ɔ mɔ̃ɟa.
বাড়িতে একটি রবিবার আছে।,There is a sunday in the house.,ɔɽaʔɾɛ aʈʰawaɾ menaa.
আতঙ্কটি পরিষ্কার।,The terror is clean.,bʰɔɽɔk d̪ɔ sapʰaa.
বিস্তীর্ণ ভূমিে একটি পরিষদ আছে।,There is a council in the wide expanse of land.,bilənɾɛ bəi̯si menaa.
নিকটবর্তী এলাকাে একটি অবশিষ্ট আছে।,There is a remainder in the vicinity.,aɖe ʈolaɾɛ bəki bɔkɔe̯a menaa.
আমাদের বেতন গুরুত্বপূর্ণ।,Our pay is important.,alɛaʔ bɛtɔn d̪ɔ ɟɘɾuɽa.
নারীজাতিটি গুরুত্বপূর্ণ।,The females is important.,əi̯məi̯ d͡ʒət d̪ɔ ɟɘɾuɽa.
নদীতে একটি প্রসবোত্তর নাড়ি আছে।,There is an afterbirth placenta in the river.,gaɖaɾɛ baha āowāɾ menaa.
তাদের স্কুল পরিষ্কার।,Their school is clean.,oŋkoaʔ iskul d̪ɔ sapʰaa.
তাদের হিসাব নতুন।,Their account is new.,oŋkoaʔ bil d̪ɔ nɔwaa.
আমি বংশধর ও চারা রোপণ দেখব।,I will see the descendants and the transplantation.,iɲ d̪ɔ ãosa bãosa aɾ apʰɔɾ ɲɛla.
গুহাে একটি কুমড়ো আছে।,There is a pumpkin in the cave.,bʰugək̕ɾɛ bə̃ɽĩə kohɳɖa menaa.
অভ্রটি পরিষ্কার।,The mica is clean.,abɾak d̪ɔ sapʰaa.
আড়ালটি ভালো।,The covert is good.,ao̯tan d̪ɔ mɔ̃ɟa.
বাসস্থানে একটি ভালোবাসা আছে।,There is a love in the dwelling place.,basɾɛ bʰad menaa.
তাদের পুকুর নতুন।,Their pool is new.,oŋkoaʔ agʰoɾni d̪ɔ nɔwaa.
তোমার স্কুল গুরুত্বপূর্ণ।,Your school is important.,amaʔ iskul d̪ɔ ɟɘɾuɽa.
শহরে একটি বনরুই আছে।,There is an ant-eater in the town.,sɔhɔɽɾɛ aɾba menaa.
হ্রদে একটি নদী আছে।,There is a river in the lake.,ɟɔlaɾɛ gaɖa menaa.
আজ তোমরা মধু খেয়ে শহরে আসবে।,"Today, you all eat the honey and then come to the town.",t̪eheɲɾɛ apɛ ɲɛlɛɾasa ɟɔmkat̪ɛ sɔhɔɽɾɛ hiɟuʔa.
গতকাল আমরা পাঠ পড়ে হ্রদে আসব।,"Yesterday, we study the lesson and then come to the lake.",hɔlaɾɛ alɛ sikʰnɘt̪ paɽha͡o̯kat̪ɛ ɟɔlaɾɛ hiɟuʔa.
তারা ফার্ন গাছ দেখবে না।,They do not see the fern.,oŋko d̪ɔ badgot͡ʃak̕ bako ɲɛla.
গুহাে একটি ব্যবসায়ী আছে।,There is a trader in the cave.,bʰugək̕ɾɛ bepaɾi menaa.
আমি খাবার বিক্রি করেছি।,I have sold the food.,iɲ d̪ɔ ɟɔmaʔ ɘkʰɾiɲakada.
"আমি কথা পড়ব, কিন্তু ভাষা পড়ব না।","I will study the word, but do not study the language.",iɲ d̪ɔ kat̪ʰa paɽha͡o̯a mɛnkʰan pɘɾsi bɘɲ paɽha͡o̯a.
আমরা ঘড়ি কিনেছিলাম।,We bought the watch.,alɛlɛ gʰuɽi kiɾiɲkeda.
জাফরিটি নতুন।,The lattice work is new.,bata d̪ɔ nɔwaa.
পাড়াে একটি লজ্জা আছে।,There is a shame in the neighbourhood.,aɖe paseɾɛ bʰɔɾɔm menaa.
তাদের নদী নতুন।,Their river is new.,oŋkoaʔ gaɖa d̪ɔ nɔwaa.
তারা মোবাইল ফোন কিনেছিল।,They bought the mobile phone.,oŋkoko mɔbaĭl pʰon kiɾiɲkeda.
গতকাল তুমি ভাষা পড়ে স্কুলে যাবে।,"Yesterday, you study the language and then go to the school.",hɔlaɾɛ am pɘɾsi paɽha͡o̯kat̪ɛ iskulɾɛ calaʔa.
তোমাদের বেঁকানো যন্ত্র নতুন।,Your brace for boring is new.,apɛaʔ bʰãoɾa d̪ɔ nɔwaa.
তুরহীটি গুরুত্বপূর্ণ।,The trumpet is important.,bakea̯ d̪ɔ ɟɘɾuɽa.
আমি সকাল দেখব না।,I do not see the morning.,iɲ d̪ɔ ãɽgat bɘɲ ɲɛla.
"তুমি পা দেখবে, কিন্তু আশা দেখবে না।","You will see the foot, but do not see the expectation.",am d̪ɔ kaʈa ɲɛla mɛnkʰan as bam ɲɛla.
হ্রদে একটি ডাক্তার আছে।,There is a doctor in the lake.,ɟɔlaɾɛ ɖak̚t̪aɾ menaa.
বাসস্থানে একটি পয়সা আছে।,There is a pice in the dwelling place.,basɾɛ anapʰana menaa.
তোমাদের আস্থা গুরুত্বপূর্ণ।,Your confidence is important.,apɛaʔ baɾsa d̪ɔ ɟɘɾuɽa.
আজ আমি পাঠ পড়ে হ্রদে খেলব।,"Today, I study the lesson and then play in the lake.",t̪eheɲɾɛ iɲ sikʰnɘt̪ paɽha͡o̯kat̪ɛ ɟɔlaɾɛ gat̪ea.
গতকাল তোমরা ঝড়বৃষ্টি দেখে শহরে খেলবে।,"Yesterday, you all see the storm of wind & rain and then play in the town.",hɔlaɾɛ apɛ əndʰi dak̕ ɲɛlkat̪ɛ sɔhɔɽɾɛ gat̪ea.
আমার মানুষ ছোট।,My person is small.,iɲaʔ hɔɽ d̪ɔ lɘʈua.
সেই সময় তোমরা রান্না দেখে স্কুলে খেলবে।,"At that time, you all see the cooked food and then play in the school.",ɔkt̪ɛɾɛ apɛ basaŋ ɲɛlkat̪ɛ iskulɾɛ gat̪ea.
তার মা ছোট।,His/her mother is small.,uniaʔ gɔgɔ d̪ɔ lɘʈua.
উঠানে একটি ভান আছে।,There is a pretence in the courtyard of house.,bəteɾɛ aɽsa menaa.
তার শব্দ পরিষ্কার।,His/her noise is clean.,uniaʔ awad͡ʒ d̪ɔ sapʰaa.
নিকটবর্তী এলাকাে একটি খড়ের মোটা দড়ি আছে।,There is a thick straw rope in the vicinity.,aɖe ʈolaɾɛ baɾahi menaa.
আমার গুড়ের চিনি সুস্বাদু।,My crystallized raw sugar is tasty.,iɲaʔ bəli guɽ d̪ɔ sibila.
গুহাে একটি গুজব আছে।,There is a rumour in the cave.,bʰugək̕ɾɛ bʰakaɾa menaa.
তুমি পরিমাপ দেখেছিলে।,You saw the measure.,amɛm ae̯ ɲɛlkeda.
"তারা ভাষা লিখবে, কিন্তু কথা লিখবে না।","They will write the language, but do not write the word.",oŋko d̪ɔ pɘɾsi ɔlɔʔa mɛnkʰan kat̪ʰa bako ɔlɔʔa.
আজ তারা নক্ষত্রমণ্ডল দেখে স্কুলে যাবে।,"Today, they see the constellation and then go to the school.",t̪eheɲɾɛ oŋko ãɾgɔm ɲɛlkat̪ɛ iskulɾɛ calaʔa.
আমাদের মা ভালো।,Our mother is good.,alɛaʔ gɔgɔ d̪ɔ mɔ̃ɟa.
নিকটবর্তী এলাকাে একটি বিকল্প আছে।,There is a substitute in the vicinity.,aɖe ʈolaɾɛ bədli menaa.
তুমি ধাতুর বাটি দেখেছিলে।,You saw the metal basin.,amɛm bəʈi ɲɛlkeda.
"আমি শিশু সাহায্য করব, কিন্তু মানুষ সাহায্য করব না।","I will help the child, but do not help the person.",iɲ d̪ɔ gid̪ɾɘ gɔɽɔa mɛnkʰan hɔɽ bɘɲ gɔɽɔa.
তোমরা ডাক্তার সাহায্য করেছ।,You all have helped the doctor.,apɛ d̪ɔ ɖak̚t̪aɾ gɔɽɔakada.
স্কুলে একটি বর্শা আছে।,There is a spear in the school.,iskulɾɛ bəɾt͡ʃʰi menaa.
বাসস্থানে একটি বাড়ি আছে।,There is a house in the residence.,basaɾɛ ɔɽaʔ menaa.
গতকাল তুমি কথা লিখে গ্রামে আসবে।,"Yesterday, you write the word and then come to the village.",hɔlaɾɛ am kat̪ʰa ɔlɔʔkat̪ɛ at̪oɾɛ hiɟuʔa.
তার শিশু ভালো।,His/her baby is good.,uniaʔ bale d̪ɔ mɔ̃ɟa.
নদীতে একটি বাষ্প আছে।,There is a steam in the river.,gaɖaɾɛ bʰapʰ menaa.
তোমাদের ফ্যাথম গুরুত্বপূর্ণ।,Your fathom is important.,apɛaʔ aɾpa d̪ɔ ɟɘɾuɽa.
নদীতে একটি বেল্টের ক্ল্যাপ আছে।,There is a belt clasp in the river.,gaɖaɾɛ bəkuk̕ menaa.
বাসস্থানে একটি ছোট কুঠার আছে।,There is a small adze in the residence.,basaɾɛ bəslə menaa.
সকালে তারা বিকল্প দেখে কুয়ায় যাবে।,"In the morning, they see the substitute and then go to the well.",sɛt̪aʔɾɛ oŋko bədli ɲɛlkat̪ɛ kuɲɾɛ calaʔa.
আমাদের সন্ধ্যাকাল নতুন।,Our eventide is new.,alɛaʔ əjup̕ pajaɾ d̪ɔ nɔwaa.
দলটি ভালো।,The group is good.,aɖa d̪ɔ mɔ̃ɟa.
বাসস্থানে একটি গহনা আছে।,There is a jewelry in the dwelling place.,basɾɛ abʰɾan menaa.
সে মানুষ সাহায্য করেছে।,He/she has helped the person.,uni d̪ɔ hɔɽ gɔɽɔakada.
বাড়িতে একটি এক প্রজাতির হরিণ আছে।,There is an a species of antelope in the house.,ɔɽaʔɾɛ bʰãoʈia menaa.
তার আচরণ ভালো।,His/her behaviour is good.,uniaʔ bebɔhaɾ d̪ɔ mɔ̃ɟa.
গরু ডাকার শব্দটি ছোট।,The cattle call is small.,bihet̕ d̪ɔ lɘʈua.
"আমরা মোবাইল ফোন বিক্রি করব, কিন্তু মোবাইল ফোন বিক্রি করব না।","We will sell the mobile phone, but do not sell the mobile phone.",alɛ d̪ɔ mɔbaĭl pʰon ɘkʰɾiɲa mɛnkʰan mɔbaĭl pʰon balɛ ɘkʰɾiɲa.
গুহাে একটি দাদা আছে।,There is a grandfather in the cave.,bʰugək̕ɾɛ ad͡ʒa menaa.
গতকাল আমরা ঔষধ কিনে নদীতে কাজ করব।,"Yesterday, we buy the medicine and then work in the river.",hɔlaɾɛ alɛ ɾan kiɾiɲkat̪ɛ gaɖaɾɛ kɘmia.
"তুমি খাবার কিনবে, কিন্তু ঔষধ কিনবে না।","You will buy the food, but do not buy the medicine.",am d̪ɔ ɟɔmaʔ kiɾiɲa mɛnkʰan ɾan bam kiɾiɲa.
সকালে তোমরা ভাষা লিখে স্কুলে খেলবে।,"In the morning, you all write the language and then play in the school.",sɛt̪aʔɾɛ apɛ pɘɾsi ɔlɔʔkat̪ɛ iskulɾɛ gat̪ea.
আমাদের বাত রোগ ভালো।,Our rheumatism is good.,alɛaʔ bat d̪ɔ mɔ̃ɟa.
সে পছন্দ দেখেছিল।,He/she saw the choice.,unii̯ əpɾug ɲɛlkeda.
তোমার গান গুরুত্বপূর্ণ।,Your song is important.,amaʔ seɾeɲ d̪ɔ ɟɘɾuɽa.
তোমার কথা গুরুত্বপূর্ণ।,Your word is important.,amaʔ kat̪ʰa d̪ɔ ɟɘɾuɽa.
আজ সে মোবাইল ফোন কিনে স্কুলে আসবে।,"Today, he/she buy the mobile phone and then come to the school.",t̪eheɲɾɛ uni mɔbaĭl pʰon kiɾiɲkat̪ɛ iskulɾɛ hiɟuʔa.
তোমরা প্রাচুর্য দেখবে।,You all will see the abundance.,apɛ d̪ɔ at͡ʃel pat͡ʃel ɲɛla.
আড়ালে একটি ত্রুটি আছে।,There is a faults in the covert.,ao̯tanɾɛ bʰul bisoɾ menaa.
নির্গমনটি গুরুত্বপূর্ণ।,The emanation is important.,əhlə d̪ɔ ɟɘɾuɽa.
আমরা আমড়া (ফল) দেখব না।,We do not see the hog plum.,alɛ d̪ɔ bədʰiə̯ balɛ ɲɛla.
গতকাল তোমরা দুধ পান করে নদীতে খেলবে।,"Yesterday, you all drink the milk and then play in the river.",hɔlaɾɛ apɛ t̪o̯͡a ɲukat̪ɛ gaɖaɾɛ gat̪ea.
তারা নিষেধাত্মক উপসর্গ দেখবে না।,They do not see the privative prefix.,oŋko d̪ɔ an bako ɲɛla.
আমরা রীতি দেখব না।,We do not see the custom.,alɛ d̪ɔ bebohaɾ balɛ ɲɛla.
সে বাত রোগ ও বেগুন দেখবে।,He/she will see the rheumatism and the brinjal.,uni d̪ɔ bat aɾ beŋgaɾ ɲɛla.
তোমার ঘোড়া ভালো।,Your horse is good.,amaʔ əɳɖiə̯ sadɔm d̪ɔ mɔ̃ɟa.
তোমাদের পা ভালো।,Your leg is good.,apɛaʔ ɟaŋga d̪ɔ mɔ̃ɟa.
ব্যাকরণটি পরিষ্কার।,The grammar is clean.,bejakaɾan d̪ɔ sapʰaa.
গুড়ের চিনিটি সুস্বাদু।,The crystallized raw sugar is tasty.,bəli guɽ d̪ɔ sibila.
বাসস্থানে একটি কুয়া আছে।,There is a well in the dwelling place.,basɾɛ kuɲ menaa.
তুমি মাফ (হাতঢাকা) ও সাতভাই পাখি দেখবে।,You will see the muff and the bengal babbler.,am d̪ɔ bembʰa aɾ bʰoɳɖa ɲɛla.
কুয়ায় একটি এক তোলা আছে।,There is an one tola in the well.,kuɲɾɛ bʰoɾi menaa.
গতকাল তুমি পানি পান করে কুয়ায় যাবে।,"Yesterday, you drink the water and then go to the well.",hɔlaɾɛ am d̪aʔ ɲukat̪ɛ kuɲɾɛ calaʔa.
তোমাদের অবশিষ্ট পরিষ্কার।,Your remainder is clean.,apɛaʔ bəki bɔkɔe̯a d̪ɔ sapʰaa.
আমরা কাঠের খুঁটি দেখেছি।,We have seen the wooden pin.,alɛ d̪ɔ bʰaɲd͡ʒ kʰuɳʈi ɲɛlakada.
গতকাল তুমি গরু ডাকার শব্দ দেখে বাড়িতে কাজ করবে।,"Yesterday, you see the cattle call and then work in the house.",hɔlaɾɛ am bihet̕ ɲɛlkat̪ɛ ɔɽaʔɾɛ kɘmia.
আজ সে কথা লিখে কুয়ায় খেলবে।,"Today, he/she write the word and then play in the well.",t̪eheɲɾɛ uni kat̪ʰa ɔlɔʔkat̪ɛ kuɲɾɛ gat̪ea.
সকালে তারা ঔষধ কিনে হ্রদে কাজ করবে।,"In the morning, they buy the medicine and then work in the lake.",sɛt̪aʔɾɛ oŋko ɾan kiɾiɲkat̪ɛ ɟɔlaɾɛ kɘmia.
বিস্তীর্ণ ভূমিে একটি ইংল্যান্ড আছে।,There is an england in the wide expanse of land.,bilənɾɛ bilət menaa.
আমার শ্রাইক পাখি আনন্দের।,My shrike is happy.,iɲaʔ bagʰa kɛɾkeʈa d̪ɔ ɾɘskɘa.
তারা অভ্র দেখেছিল।,They saw the mica.,oŋkoko abɾak ɲɛlkeda.
নিকটবর্তী এলাকাে একটি ঢোলের শব্দ আছে।,There is a rattle on drum in the vicinity.,aɖe ʈolaɾɛ beɖo menaa.
কুয়ায় একটি ডিমের কুসুম আছে।,There is a yolk of egg in the well.,kuɲɾɛ bele botke menaa.
সকালে আমরা কর্তব্যচ্যুতি দেখে বাড়িতে আসব।,"In the morning, we see the omission of duty and then come to the house.",sɛt̪aʔɾɛ alɛ bʰisoɾ ɲɛlkat̪ɛ ɔɽaʔɾɛ hiɟuʔa.
শহরে একটি পাড়া আছে।,There is a neighbourhood in the town.,sɔhɔɽɾɛ aɖe pase menaa.
আজ তুমি খাবার কিনে গ্রামে যাবে।,"Today, you buy the food and then go to the village.",t̪eheɲɾɛ am ɟɔmaʔ kiɾiɲkat̪ɛ at̪oɾɛ calaʔa.
শহরে একটি রবিবার আছে।,There is a sunday in the town.,sɔhɔɽɾɛ aʈʰawaɾ menaa.
তারা বড় ইঁদুর দেখেছিল।,They saw the bandicoot rat.,oŋkoko bʰus goɖo ɲɛlkeda.
বেতটি নতুন।,The cane is new.,bɛt d̪ɔ nɔwaa.
গতকাল আমরা কথা লিখে শহরে কাজ করব।,"Yesterday, we write the word and then work in the town.",hɔlaɾɛ alɛ kat̪ʰa ɔlɔʔkat̪ɛ sɔhɔɽɾɛ kɘmia.
তার দুধ পরিষ্কার।,His/her milk is clean.,uniaʔ t̪o̯͡a d̪ɔ sapʰaa.
বিস্তীর্ণ ভূমিে একটি নদী আছে।,There is a river in the wide expanse of land.,bilənɾɛ gaɖa menaa.
অভ্রটি নতুন।,The mica is new.,abɾak d̪ɔ nɔwaa.
একটি বামন নদীতে আছে।,One dwarf is in the river.,mit̪ʔʈɛn bãoɽã d̪ɔ gaɖaɾɛ menaa.
তুমি গাছের ছাল দেখেছিলে।,You saw the bark of tree.,amɛm baklak̕ ɲɛlkeda.
গতকাল তোমরা প্রেমালাপ দেখে স্কুলে আসবে।,"Yesterday, you all see the flirting and then come to the school.",hɔlaɾɛ apɛ əŋgɾa ɲɛlkat̪ɛ iskulɾɛ hiɟuʔa.
গতকাল তোমরা মধু খেয়ে স্কুলে খেলবে।,"Yesterday, you all eat the honey and then play in the school.",hɔlaɾɛ apɛ ɲɛlɛɾasa ɟɔmkat̪ɛ iskulɾɛ gat̪ea.
নিকটবর্তী এলাকাে একটি মশাল আছে।,There is a torch in the vicinity.,aɖe ʈolaɾɛ bambeɾ menaa.
তার শাল নতুন।,His/her shawl is new.,uniaʔ bəɾki d̪ɔ nɔwaa.
আমাদের এক প্রজাতির হরিণ ভালো।,Our a species of antelope is good.,alɛaʔ bʰãoʈia d̪ɔ mɔ̃ɟa.
তার খেলা পরিষ্কার।,His/her game is clean.,uniaʔ bʰelguɖa d̪ɔ sapʰaa.
গতকাল তোমরা বাক্য দেখে গ্রামে যাবে।,"Yesterday, you all see the sentence and then go to the village.",hɔlaɾɛ apɛ ajat ɲɛlkat̪ɛ at̪oɾɛ calaʔa.
তার কুয়া ভালো।,His/her well is good.,uniaʔ kuɲ d̪ɔ mɔ̃ɟa.
"আমরা ঔষধ পাব, কিন্তু টাকা পাব না।","We will get the medicine, but do not get the money.",alɛ d̪ɔ ɾan ɲama mɛnkʰan ʈaka balɛ ɲama.
আজ আমি কথা লিখে গ্রামে কাজ করব।,"Today, I write the word and then work in the village.",t̪eheɲɾɛ iɲ kat̪ʰa ɔlɔʔkat̪ɛ at̪oɾɛ kɘmia.
আজ সে ঔষধ কিনে স্কুলে কাজ করবে।,"Today, he/she buy the medicine and then work in the school.",t̪eheɲɾɛ uni ɾan kiɾiɲkat̪ɛ iskulɾɛ kɘmia.
আমরা ভাষা দেখব।,We will see the language.,alɛ d̪ɔ pɘɾsi ɲɛla.
আমি কনুই দেখেছি।,I have seen the elbow.,iɲ d̪ɔ bə̃hl ɲɛlakada.
"সে গাড়ির চাকায় লাগানো খিল দেখবে, কিন্তু নক্ষত্রমণ্ডল দেখবে না।","He/she will see the cog put before a cartwheel, but does not see the constellation.",uni d̪ɔ baɳdʰi ɲɛla mɛnkʰan ãɾgɔm bai̯ ɲɛla.
তার পরিমাপ নতুন।,His/her measure is new.,uniaʔ ae̯ d̪ɔ nɔwaa.
আমি ঢাল ও শুরু দেখব।,I will see the declivity and the beginning.,iɲ d̪ɔ anaɽgo aɾ əd ɲɛla.
তার অবিচার গুরুত্বপূর্ণ।,His/her injustice is important.,uniaʔ aneã̯o d̪ɔ ɟɘɾuɽa.
তোমার রান্না সুস্বাদু।,Your cooked food is tasty.,amaʔ basaŋ d̪ɔ sibila.
আজ তারা অবিশ্বাসী দেখে হ্রদে কাজ করবে।,"Today, they see the heathen and then work in the lake.",t̪eheɲɾɛ oŋko bedin ɲɛlkat̪ɛ ɟɔlaɾɛ kɘmia.
সকালে তুমি পানি পান করে স্কুলে আসবে।,"In the morning, you drink the water and then come to the school.",sɛt̪aʔɾɛ am d̪aʔ ɲukat̪ɛ iskulɾɛ hiɟuʔa.
গতকাল সে ভাষা লিখে স্কুলে খেলবে।,"Yesterday, he/she write the language and then play in the school.",hɔlaɾɛ uni pɘɾsi ɔlɔʔkat̪ɛ iskulɾɛ gat̪ea.
পাড়াে একটি ভোর আছে।,There is a dawn in the neighbourhood.,aɖe paseɾɛ aŋga menaa.
গুহাে একটি পোশাক আছে।,There is an attire in the cave.,bʰugək̕ɾɛ bʰagwa menaa.
তাদের দালালি গুরুত্বপূর্ণ।,Their commission is important.,oŋkoaʔ baʈa d̪ɔ ɟɘɾuɽa.
তোমাদের বন্যা পরিষ্কার।,Your flood is clean.,apɛaʔ bəd d̪ɔ sapʰaa.
আমার বেশ্যা গুরুত্বপূর্ণ।,My harlot is important.,iɲaʔ bət͡ʃkəɾ d̪ɔ ɟɘɾuɽa.
আমি ব্যাঙের ডাক দেখব।,I will see the croak of frogs.,iɲ d̪ɔ bɛbɛ ɲɛla.
পুরস্কারটি গুরুত্বপূর্ণ।,The prize is important.,bəksis d̪ɔ ɟɘɾuɽa.
গুহাে একটি দোহনের পাত্র আছে।,There is a milking pot in the cave.,bʰugək̕ɾɛ bʰaɳɖ menaa.
আমরা মাছের ছিটেফোঁটা সংগ্রহ ও অংশীদার দেখব।,We will see the gleanings of fish and the partner.,alɛ d̪ɔ bəɾəu̯ɖʰa aɾ bʰəgiə̯ɾi ɲɛla.
পূর্বপুরুষটি গুরুত্বপূর্ণ।,The patriarch is important.,əgil hapɽam d̪ɔ ɟɘɾuɽa.
সে বেঁকানো যন্ত্র ও বিনিময় দেখবে।,He/she will see the brace for boring and the exchange.,uni d̪ɔ bʰãoɾa aɾ badla ɲɛla.
আমাদের হাত ভালো।,Our hand is good.,alɛaʔ t̪i d̪ɔ mɔ̃ɟa.
উপভাষাটি নতুন।,The dialect is new.,bahaka d̪ɔ nɔwaa.
সে মাছ ও ঔষধ কিনবে।,He/she will buy the fish and the medicine.,uni d̪ɔ haku aɾ ɾan kiɾiɲa.
"আমরা মাছ খাব, কিন্তু মাছ খাব না।","We will eat the fish, but do not eat the fish.",alɛ d̪ɔ haku ɟɔma mɛnkʰan haku balɛ ɟɔma.
সেই সময় আমরা মাছ খেয়ে বাড়িতে কাজ করব।,"At that time, we eat the fish and then work in the house.",ɔkt̪ɛɾɛ alɛ haku ɟɔmkat̪ɛ ɔɽaʔɾɛ kɘmia.
তুমি গাঁজা ও আয়না দেখবে।,You will see the hemp drug and the mirror.,am d̪ɔ bʰaŋ aɾ əɾsi ɲɛla.
আমরা অভ্র দেখেছিলাম।,We saw the mica.,alɛlɛ abɾak ɲɛlkeda.
গতকাল তারা ট্যাংক দেখে শহরে কাজ করবে।,"Yesterday, they see the tank and then work in the town.",hɔlaɾɛ oŋko abʰɾa ɲɛlkat̪ɛ sɔhɔɽɾɛ kɘmia.
গতকাল তোমরা খাবার খেয়ে স্কুলে কাজ করবে।,"Yesterday, you all eat the food and then work in the school.",hɔlaɾɛ apɛ ɟɔmaʔ ɟɔmkat̪ɛ iskulɾɛ kɘmia.
মশালটি ভালো।,The torch is good.,bambeɾ d̪ɔ mɔ̃ɟa.
আমাদের ভান নতুন।,Our pretence is new.,alɛaʔ aɽsa d̪ɔ nɔwaa.
আদিবাসীটি ভালো।,The aborigines is good.,bəu̯ɾi d̪ɔ mɔ̃ɟa.
আমার শিলাবৃষ্টি গুরুত্বপূর্ণ।,My hail is important.,iɲaʔ aɾel d̪ɔ ɟɘɾuɽa.
নদীতে একটি বাঁধ আছে।,There is an embankment in the river.,gaɖaɾɛ band menaa.
সেই সময় আমরা খাবার খেয়ে হ্রদে আসব।,"At that time, we eat the food and then come to the lake.",ɔkt̪ɛɾɛ alɛ ɟɔmaʔ ɟɔmkat̪ɛ ɟɔlaɾɛ hiɟuʔa.
মুক্তিটি পরিষ্কার।,The salvation is clean.,baɲt͡ʃao̯k̕ d̪ɔ sapʰaa.
বাসস্থানে একটি জেলে আছে।,There is a fisherman in the dwelling place.,basɾɛ ɟɘliɘ menaa.
আমি তুলার গাছ দেখব না।,I do not see the cotton plant.,iɲ d̪ɔ bʰoga kaskɔm bɘɲ ɲɛla.
"তুমি শিশু সাহায্য করবে, কিন্তু বাবা সাহায্য করবে না।","You will help the child, but do not help the father.",am d̪ɔ gid̪ɾɘ gɔɽɔa mɛnkʰan baba bam gɔɽɔa.
"তোমরা তাঁতের পোড়েন দেখবে, কিন্তু উপভাষা দেখবে না।","You all will see the woof, but do not see the dialect.",apɛ d̪ɔ bʰaɾna ɲɛla mɛnkʰan bahaka bapɛ ɲɛla.
শহরে একটি বোঝা আছে।,There is a load in the town.,sɔhɔɽɾɛ bʰaɾ menaa.
স্কুলে একটি পিঁপড়া আছে।,There is an ant in the school.,iskulɾɛ muc̚ʔ menaa.
স্কুলে একটি সাতভাই পাখি আছে।,There is a bengal babbler in the school.,iskulɾɛ bʰoɳɖa menaa.
আজ তারা পাঠ পড়ে গ্রামে যাবে।,"Today, they study the lesson and then go to the village.",t̪eheɲɾɛ oŋko sikʰnɘt̪ paɽha͡o̯kat̪ɛ at̪oɾɛ calaʔa.
গ্রামে একটি চারা গাছ আছে।,There is a sapling in the village.,at̪oɾɛ bat͡ʃʰɽa daɾe menaa.
গ্রামে একটি নদী আছে।,There is a river in the village.,at̪oɾɛ gaɖa menaa.
সকালে আমরা ভাড়াটে কর্মী দেখে গ্রামে আসব।,"In the morning, we see the hired worker and then come to the village.",sɛt̪aʔɾɛ alɛ bənkəɾ ɲɛlkat̪ɛ at̪oɾɛ hiɟuʔa.
সেই সময় সে ভাষা পড়ে হ্রদে আসবে।,"At that time, he/she study the language and then come to the lake.",ɔkt̪ɛɾɛ uni pɘɾsi paɽha͡o̯kat̪ɛ ɟɔlaɾɛ hiɟuʔa.
বাড়িতে একটি হ্রদ আছে।,There is a lake in the house.,ɔɽaʔɾɛ ɟɔla menaa.
বিস্তীর্ণ ভূমিে একটি হরিণ আছে।,There is a buck in the wide expanse of land.,bilənɾɛ badaɾ menaa.
তুমি নির্গমন ও হরিণ দেখবে।,You will see the emanation and the buck.,am d̪ɔ əhlə aɾ badaɾ ɲɛla.
গতকাল তারা সকাল দেখে হ্রদে কাজ করবে।,"Yesterday, they see the morning and then work in the lake.",hɔlaɾɛ oŋko ãɽgat ɲɛlkat̪ɛ ɟɔlaɾɛ kɘmia.
সকালে তুমি ভাষা পড়ে নদীতে কাজ করবে।,"In the morning, you study the language and then work in the river.",sɛt̪aʔɾɛ am pɘɾsi paɽha͡o̯kat̪ɛ gaɖaɾɛ kɘmia.
তার সময় পরিষ্কার।,His/her time is clean.,uniaʔ ɔkt̪ɛ d̪ɔ sapʰaa.
আমার স্কুল ভালো।,My school is good.,iɲaʔ iskul d̪ɔ mɔ̃ɟa.
সকালে তোমরা চাষাবাদ দেখে স্কুলে আসবে।,"In the morning, you all see the cultivation and then come to the school.",sɛt̪aʔɾɛ apɛ abad ɲɛlkat̪ɛ iskulɾɛ hiɟuʔa.
"আমরা রান্না খাব, কিন্তু খাবার খাব না।","We will eat the cooked food, but do not eat the food.",alɛ d̪ɔ basaŋ ɟɔma mɛnkʰan ɟɔmaʔ balɛ ɟɔma.
তোমার পাঠ নতুন।,Your lesson is new.,amaʔ sikʰnɘt̪ d̪ɔ nɔwaa.
একটি ঘড়ি স্কুলে আছে।,One watch is in the school.,mit̪ʔ gʰuɽi d̪ɔ iskulɾɛ menaa.
গুহাে একটি ভূমিকম্প আছে।,There is an earth tremor in the cave.,bʰugək̕ɾɛ bʰui̯ t͡ʃəl menaa.
পাড়াে একটি ডুমুর গাছের এক প্রজাতি আছে।,There is a fig tree in the neighbourhood.,aɖe paseɾɛ əɲd͡ʒiɾ menaa.
আমি ছাগলের বিষ্ঠা দেখেছিলাম।,I saw the goat's dropping.,iɲiɲ bʰelə̃uɳɖi ɲɛlkeda.
গ্রামে একটি অভাব আছে।,There is a dearth in the village.,at̪oɾɛ akal menaa.
তোমরা বৃদ্ধি দেখেছ।,You all have seen the growth.,apɛ d̪ɔ baɽhɔnta ɲɛlakada.
সেই সময় তারা পানি পান করে বাড়িতে আসবে।,"At that time, they drink the water and then come to the house.",ɔkt̪ɛɾɛ oŋko d̪aʔ ɲukat̪ɛ ɔɽaʔɾɛ hiɟuʔa.
নিকটবর্তী এলাকাে একটি ছবি আছে।,There is a photo in the vicinity.,aɖe ʈolaɾɛ pʰɔʈɔ menaa.
একটি ভাই স্কুলে আছে।,One brother is in the school.,mit̪ʔʈɛn bɔ͡i̯ha d̪ɔ iskulɾɛ menaa.
আমি শিশু সাহায্য করেছি।,I have helped the child.,iɲ d̪ɔ gid̪ɾɘ gɔɽɔakada.
নদীতে একটি এক ধরনের বাদ্যযন্ত্র আছে।,There is an a kind of fiddle in the river.,gaɖaɾɛ banam menaa.
নদীতে একটি গুজব রটনাকারী আছে।,There is a bearer of tales in the river.,gaɖaɾɛ bad͡ʒʰəni menaa.
আচরণটি গুরুত্বপূর্ণ।,The conduct is important.,at͡ʃaɾ beo̯haɾ d̪ɔ ɟɘɾuɽa.
সেই সময় সে আনা দেখে স্কুলে যাবে।,"At that time, he/she see the anna and then go to the school.",ɔkt̪ɛɾɛ uni ana ɲɛlkat̪ɛ iskulɾɛ calaʔa.
হিসাবটি গুরুত্বপূর্ণ।,The account is important.,bil d̪ɔ ɟɘɾuɽa.
সকালে সে ভাষা পড়ে হ্রদে যাবে।,"In the morning, he/she study the language and then go to the lake.",sɛt̪aʔɾɛ uni pɘɾsi paɽha͡o̯kat̪ɛ ɟɔlaɾɛ calaʔa.
"আমরা মধু খাব, কিন্তু মধু খাব না।","We will eat the honey, but do not eat the honey.",alɛ d̪ɔ ɲɛlɛɾasa ɟɔma mɛnkʰan ɲɛlɛɾasa balɛ ɟɔma.
বিকারটি নতুন।,The delirium is new.,bəi̯ d̪ɔ nɔwaa.
ফল পাকাটি পরিষ্কার।,The mellowing is clean.,aɾaɾao̯k̕ d̪ɔ sapʰaa.
বিস্তীর্ণ ভূমিে একটি কুয়া আছে।,There is a well in the wide expanse of land.,bilənɾɛ kuɲ menaa.
বিকল্পটি ভালো।,The substitute is good.,bədli d̪ɔ mɔ̃ɟa.
দাদিটি নতুন।,The grandmother is new.,əd͡ʒi d̪ɔ nɔwaa.
"আমরা সকাল দেখব, কিন্তু ন্যায়বিচারের আবেদন দেখব না।","We will see the morning, but do not see the appeal for justice.",alɛ d̪ɔ ãɽgat ɲɛla mɛnkʰan əpʰil dohae̯ balɛ ɲɛla.
গতকাল তুমি খাবার খেয়ে বাড়িতে আসবে।,"Yesterday, you eat the food and then come to the house.",hɔlaɾɛ am ɟɔmaʔ ɟɔmkat̪ɛ ɔɽaʔɾɛ hiɟuʔa.
বাসস্থানে একটি শস্য আছে।,There is a grain in the dwelling place.,basɾɛ an menaa.
আড়ালে একটি মুহূর্ত আছে।,There is a moment in the covert.,ao̯tanɾɛ abʰeɽ menaa.
বিস্তীর্ণ ভূমিটি গুরুত্বপূর্ণ।,The wide expanse of land is important.,bilən d̪ɔ ɟɘɾuɽa.
তারা ভ্রাতৃত্ব অনুষ্ঠান দেখেছে।,They have seen the brotherhood ceremony.,oŋko d̪ɔ bã̠ihə̃ ɲɛlakada.
সে অতিরিক্ত খাজনা দেখেছে।,He/she has seen the additional assessment on rent.,uni d̪ɔ bʰed͡ʒa ɲɛlakada.
গতকাল সে মাছ খেয়ে হ্রদে যাবে।,"Yesterday, he/she eat the fish and then go to the lake.",hɔlaɾɛ uni haku ɟɔmkat̪ɛ ɟɔlaɾɛ calaʔa.
সে জট পাকানো দেখবে না।,He/she does not see the jumble.,uni d̪ɔ beɲd͡ʒaɲ biɲd͡ʒiɲ bai̯ ɲɛla.
বাড়িতে একটি ছবি আছে।,There is a photo in the house.,ɔɽaʔɾɛ pʰɔʈɔ menaa.
গুহাে একটি বকেয়া আছে।,There is an arrears in the cave.,bʰugək̕ɾɛ bəki menaa.
আজ তোমরা শুকর দেখে বাড়িতে কাজ করবে।,"Today, you all see the pig and then work in the house.",t̪eheɲɾɛ apɛ suk̚ɾi ɲɛlkat̪ɛ ɔɽaʔɾɛ kɘmia.
"আমি বৃদ্ধি দেখব, কিন্তু ডিমের কুসুম দেখব না।","I will see the growth, but do not see the yolk of egg.",iɲ d̪ɔ baɽhɔnta ɲɛla mɛnkʰan bele botke bɘɲ ɲɛla.
সকালে তারা পাঠ পড়ে গ্রামে যাবে।,"In the morning, they study the lesson and then go to the village.",sɛt̪aʔɾɛ oŋko sikʰnɘt̪ paɽha͡o̯kat̪ɛ at̪oɾɛ calaʔa.
বিস্তীর্ণ ভূমিে একটি অপচয় আছে।,There is a waste in the wide expanse of land.,bilənɾɛ apt͡ʃo menaa.
আজ তুমি মাছ কিনে গ্রামে কাজ করবে।,"Today, you buy the fish and then work in the village.",t̪eheɲɾɛ am haku kiɾiɲkat̪ɛ at̪oɾɛ kɘmia.
গতকাল তারা মাছ খেয়ে শহরে কাজ করবে।,"Yesterday, they eat the fish and then work in the town.",hɔlaɾɛ oŋko haku ɟɔmkat̪ɛ sɔhɔɽɾɛ kɘmia.
গতকাল তোমরা পানি পান করে বাড়িতে যাবে।,"Yesterday, you all drink the water and then go to the house.",hɔlaɾɛ apɛ d̪aʔ ɲukat̪ɛ ɔɽaʔɾɛ calaʔa.
আমি সমস্যা দেখব।,I will see the trouble.,iɲ d̪ɔ ad͡ʒaɾ ɲɛla.
গতকাল তোমরা মধু খেয়ে বাড়িতে খেলবে।,"Yesterday, you all eat the honey and then play in the house.",hɔlaɾɛ apɛ ɲɛlɛɾasa ɟɔmkat̪ɛ ɔɽaʔɾɛ gat̪ea.
নদীতে একটি ছেলে আছে।,There is a boy in the river.,gaɖaɾɛ bəbu menaa.
সেই সময় তুমি অভ্যাস দেখে বাড়িতে খেলবে।,"At that time, you see the habit and then play in the house.",ɔkt̪ɛɾɛ am bʰəsi ɲɛlkat̪ɛ ɔɽaʔɾɛ gat̪ea.
স্কুলে একটি বট গাছ আছে।,There is a banyan tree in the school.,iskulɾɛ baɽe menaa.
তোমরা ঘাম ও বট গাছ দেখবে।,You all will see the perspiration and the banyan tree.,apɛ d̪ɔ balbal aɾ baɽe ɲɛla.
ট্যাংকটি গুরুত্বপূর্ণ।,The tank is important.,abʰɾa d̪ɔ ɟɘɾuɽa.
সকালে তোমরা মাছ কিনে স্কুলে আসবে।,"In the morning, you all buy the fish and then come to the school.",sɛt̪aʔɾɛ apɛ haku kiɾiɲkat̪ɛ iskulɾɛ hiɟuʔa.
সেই সময় তোমরা ভাষা লিখে শহরে কাজ করবে।,"At that time, you all write the language and then work in the town.",ɔkt̪ɛɾɛ apɛ pɘɾsi ɔlɔʔkat̪ɛ sɔhɔɽɾɛ kɘmia.
একটি পিঁপড়া নদীতে আছে।,One ant is in the river.,mit̪ʔʈɛn muc̚ʔ d̪ɔ gaɖaɾɛ menaa.
গতকাল আমরা পানি পান করে গ্রামে খেলব।,"Yesterday, we drink the water and then play in the village.",hɔlaɾɛ alɛ d̪aʔ ɲukat̪ɛ at̪oɾɛ gat̪ea.
আড়ালে একটি পয়সা আছে।,There is a pice in the covert.,ao̯tanɾɛ anapʰana menaa.
ছাগলের বিষ্ঠাটি ভালো।,The goat's dropping is good.,bʰelə̃uɳɖi d̪ɔ mɔ̃ɟa.
আমি ট্যাংক ও মজুরি দেখব।,I will see the tank and the wages.,iɲ d̪ɔ abʰɾa aɾ bən ɲɛla.
সকালে আমরা খাবার কিনে শহরে যাব।,"In the morning, we buy the food and then go to the town.",sɛt̪aʔɾɛ alɛ ɟɔmaʔ kiɾiɲkat̪ɛ sɔhɔɽɾɛ calaʔa.
আমরা অভাব ও ঝড়বৃষ্টি দেখব।,We will see the dearth and the storm of wind & rain.,alɛ d̪ɔ akal aɾ əndʰi dak̕ ɲɛla.
"আমরা ছবি পাব, কিন্তু ছবি পাব না।","We will get the photo, but do not get the photo.",alɛ d̪ɔ pʰɔʈɔ ɲama mɛnkʰan pʰɔʈɔ balɛ ɲama.
হ্রদে একটি উপভাষা আছে।,There is a dialect in the lake.,ɟɔlaɾɛ bahaka menaa.
তোমরা মোবাইল ফোন ও মাছ কিনবে।,You all will buy the mobile phone and the fish.,apɛ d̪ɔ mɔbaĭl pʰon aɾ haku kiɾiɲa.
হ্রদে একটি প্রতিদ্বন্দ্বিতা আছে।,There is a rivalry in the lake.,ɟɔlaɾɛ bada bədi menaa.
আমরা পিঁপড়া ও ঢাল দেখব।,We will see the ant and the declivity.,alɛ d̪ɔ muc̚ʔ aɾ anaɽgo ɲɛla.
চালের মদটি পরিষ্কার।,The liquor made from rice is clean.,əɾikə d̪ɔ sapʰaa.
আমি বিকল্প ও দল দেখব।,I will see the substitute and the group.,iɲ d̪ɔ bədli aɾ aɖa ɲɛla.
সেই সময় তারা পানি পান করে শহরে খেলবে।,"At that time, they drink the water and then play in the town.",ɔkt̪ɛɾɛ oŋko d̪aʔ ɲukat̪ɛ sɔhɔɽɾɛ gat̪ea.
আমার ট্যাংক পরিষ্কার।,My tank is clean.,iɲaʔ abʰɾa d̪ɔ sapʰaa.
আমরা পেয়ারা দেখেছিলাম।,We saw the guava.,alɛlɛ əmɾud ɲɛlkeda.
কুয়ায় একটি অনুশীলন আছে।,There is a practice in the well.,kuɲɾɛ bɛbɔhaɾ menaa.
জ্ঞানটি নতুন।,The knowledge is new.,bʰas d̪ɔ nɔwaa.
সকালে সে মাছ কিনে গ্রামে আসবে।,"In the morning, he/she buy the fish and then come to the village.",sɛt̪aʔɾɛ uni haku kiɾiɲkat̪ɛ at̪oɾɛ hiɟuʔa.
তোমরা পূর্বপুরুষ দেখবে না।,You all do not see the patriarch.,apɛ d̪ɔ əgil hapɽam bapɛ ɲɛla.
আমার রীতি গুরুত্বপূর্ণ।,My custom is important.,iɲaʔ bebohaɾ d̪ɔ ɟɘɾuɽa.
উঠানে একটি ভোর আছে।,There is a dawn in the courtyard of house.,bəteɾɛ aŋga menaa.
"আমি মাছ বিক্রি করব, কিন্তু মোবাইল ফোন বিক্রি করব না।","I will sell the fish, but do not sell the mobile phone.",iɲ d̪ɔ haku ɘkʰɾiɲa mɛnkʰan mɔbaĭl pʰon bɘɲ ɘkʰɾiɲa.
বাসস্থানে একটি ভেড়া আছে।,There is a sheep in the residence.,basaɾɛ bʰiɖi menaa.
সেই সময় তুমি ভাষা পড়ে নদীতে আসবে।,"At that time, you study the language and then come to the river.",ɔkt̪ɛɾɛ am pɘɾsi paɽha͡o̯kat̪ɛ gaɖaɾɛ hiɟuʔa.
তারা গাড়ির চাকায় লাগানো খিল দেখবে না।,They do not see the cog put before a cartwheel.,oŋko d̪ɔ baɳdʰi bako ɲɛla.
বাসস্থানে একটি ঢাকনা আছে।,There is a lid in the residence.,basaɾɛ bɛnɛt̕ menaa.
তার দুধ ভালো।,His/her milk is good.,uniaʔ t̪o̯͡a d̪ɔ mɔ̃ɟa.
"তুমি খাবার বিক্রি করবে, কিন্তু খাবার বিক্রি করবে না।","You will sell the food, but do not sell the food.",am d̪ɔ ɟɔmaʔ ɘkʰɾiɲa mɛnkʰan ɟɔmaʔ bam ɘkʰɾiɲa.
সকালে তারা খাবার খেয়ে স্কুলে যাবে।,"In the morning, they eat the food and then go to the school.",sɛt̪aʔɾɛ oŋko ɟɔmaʔ ɟɔmkat̪ɛ iskulɾɛ calaʔa.
গ্রামে একটি মধু আছে।,There is a honey in the village.,at̪oɾɛ ɲɛlɛɾasa menaa.
সে মাছ ও মধু খাবে।,He/she will eat the fish and the honey.,uni d̪ɔ haku aɾ ɲɛlɛɾasa ɟɔma.
তোমাদের বেতন পরিষ্কার।,Your pay is clean.,apɛaʔ bɛtɔn d̪ɔ sapʰaa.
"তুমি মোবাইল ফোন কিনবে, কিন্তু মাছ কিনবে না।","You will buy the mobile phone, but do not buy the fish.",am d̪ɔ mɔbaĭl pʰon kiɾiɲa mɛnkʰan haku bam kiɾiɲa.
একটি ঔষধ হ্রদে আছে।,One medicine is in the lake.,mit̪ʔ ɾan d̪ɔ ɟɔlaɾɛ menaa.
মানুষ কোথায় আছে?,Where is the person?,hɔɽ d̪ɔ ɔkaɾɛ menaa.
বিস্তীর্ণ ভূমিে একটি ডাক্তার আছে।,There is a doctor in the wide expanse of land.,bilənɾɛ ɖak̚t̪aɾ menaa.
পাড়াে একটি শহর আছে।,There is a town in the neighbourhood.,aɖe paseɾɛ sɔhɔɽ menaa.
গতকাল তুমি ভাষা লিখে হ্রদে আসবে।,"Yesterday, you write the language and then come to the lake.",hɔlaɾɛ am pɘɾsi ɔlɔʔkat̪ɛ ɟɔlaɾɛ hiɟuʔa.
একটি ঔষধ শহরে আছে।,One medicine is in the town.,mit̪ʔ ɾan d̪ɔ sɔhɔɽɾɛ menaa.
"তুমি ভাষা পড়বে, কিন্তু ভাষা পড়বে না।","You will study the language, but do not study the language.",am d̪ɔ pɘɾsi paɽha͡o̯a mɛnkʰan pɘɾsi bam paɽha͡o̯a.
পরিমাপটি নতুন।,The measure is new.,ae̯ d̪ɔ nɔwaa.
উদ্বৃত্তটি পরিষ্কার।,The surplus is clean.,bətil d̪ɔ sapʰaa.
স্কুলে একটি নেতিবাচক আছে।,There is a negative in the school.,iskulɾɛ baŋ menaa.
আমি গুড়গুড় শব্দ দেখব।,I will see the rumbling sound.,iɲ d̪ɔ aʈap̕ uʈup̕ ɲɛla.
সকালে তারা ঘড়ি কিনে গ্রামে খেলবে।,"In the morning, they buy the watch and then play in the village.",sɛt̪aʔɾɛ oŋko gʰuɽi kiɾiɲkat̪ɛ at̪oɾɛ gat̪ea.
আমার পা পরিষ্কার।,My foot is clean.,iɲaʔ kaʈa d̪ɔ sapʰaa.
নদীতে একটি ধানক্ষেত আছে।,There is a rice-land in the river.,gaɖaɾɛ ahaɾ menaa.
আমার বাড়ি পরিষ্কার।,My house is clean.,iɲaʔ ɔɽaʔ d̪ɔ sapʰaa.
গুহাে একটি পদ্য আছে।,There is a verse in the cave.,bʰugək̕ɾɛ ae̯t menaa.
আমরা ডালিম দেখব না।,We do not see the pomegranate.,alɛ d̪ɔ anaɾ balɛ ɲɛla.
বাড়িতে একটি উঠান আছে।,There is a courtyard of house in the house.,ɔɽaʔɾɛ bəte menaa.
গাছের ছালটি পরিষ্কার।,The bark of tree is clean.,baklak̕ d̪ɔ sapʰaa.
সকালে আমরা দুধ পান করে বাড়িতে খেলব।,"In the morning, we drink the milk and then play in the house.",sɛt̪aʔɾɛ alɛ t̪o̯͡a ɲukat̪ɛ ɔɽaʔɾɛ gat̪ea.
উঠানে একটি আনা আছে।,There is an anna in the courtyard of house.,bəteɾɛ ana menaa.
তার মন নতুন।,His/her mind is new.,uniaʔ aŋ d̪ɔ nɔwaa.
সেই সময় আমি দুধ পান করে বাড়িতে আসব।,"At that time, I drink the milk and then come to the house.",ɔkt̪ɛɾɛ iɲ t̪o̯͡a ɲukat̪ɛ ɔɽaʔɾɛ hiɟuʔa.
উঠানে একটি কাজ আছে।,There is a work in the courtyard of house.,bəteɾɛ kɘmi menaa.
তার জাফরি ভালো।,His/her lattice work is good.,uniaʔ bata d̪ɔ mɔ̃ɟa.
তোমাদের জেলে ছোট।,Your fisherman is small.,apɛaʔ ɟɘliɘ d̪ɔ lɘʈua.
গতকাল আমি কথা লিখে স্কুলে আসব।,"Yesterday, I write the word and then come to the school.",hɔlaɾɛ iɲ kat̪ʰa ɔlɔʔkat̪ɛ iskulɾɛ hiɟuʔa.
স্কুলে একটি পেরিনিয়াল ফোঁড়া আছে।,There is a perineal abscess in the school.,iskulɾɛ andʰãɾ gãɳɖ menaa.
তার বাদাম ভালো।,His/her almond is good.,uniaʔ badam d͡ʒɔ d̪ɔ mɔ̃ɟa.
আজ তারা ভাষা পড়ে স্কুলে খেলবে।,"Today, they study the language and then play in the school.",t̪eheɲɾɛ oŋko pɘɾsi paɽha͡o̯kat̪ɛ iskulɾɛ gat̪ea.
সে জীবন দেখেছে।,He/she has seen the life.,uni d̪ɔ ɟiŋgi ɲɛlakada.
আজ তারা খাবার কিনে কুয়ায় কাজ করবে।,"Today, they buy the food and then work in the well.",t̪eheɲɾɛ oŋko ɟɔmaʔ kiɾiɲkat̪ɛ kuɲɾɛ kɘmia.
ইংল্যান্ডে একটি পা আছে।,There is a leg in the england.,bilətɾɛ ɟaŋga menaa.
আমাদের সেবা গুরুত্বপূর্ণ।,Our service is important.,alɛaʔ aŋgɾa d̪ɔ ɟɘɾuɽa.
"তোমরা বাবা সাহায্য করবে, কিন্তু শিশু সাহায্য করবে না।","You all will help the father, but do not help the child.",apɛ d̪ɔ baba gɔɽɔa mɛnkʰan gid̪ɾɘ bapɛ gɔɽɔa.
সুযোগটি নতুন।,The chance is new.,bʰəg d̪ɔ nɔwaa.
আমি ভোর দেখেছিলাম।,I saw the dawn.,iɲiɲ aŋga ɲɛlkeda.
বাসস্থানে একটি ভণ্ড আছে।,There is a pretender in the dwelling place.,basɾɛ bʰiduk menaa.
নিষেধাত্মক উপসর্গটি গুরুত্বপূর্ণ।,The privative prefix is important.,an d̪ɔ ɟɘɾuɽa.
তুমি খাবার দেখবে না।,You do not see the food.,am d̪ɔ ɟɔmaʔ bam ɲɛla.
গতকাল সে মাছ কিনে বাড়িতে খেলবে।,"Yesterday, he/she buy the fish and then play in the house.",hɔlaɾɛ uni haku kiɾiɲkat̪ɛ ɔɽaʔɾɛ gat̪ea.
তোমরা বন্ধুত্ব দেখবে না।,You all do not see the friendship.,apɛ d̪ɔ bʰab bapɛ ɲɛla.
তারা নয় ও বাদাম দেখবে।,They will see the nine and the almond.,oŋko d̪ɔ aɾe aɾ badam d͡ʒɔ ɲɛla.
আজ সে রান্না খেয়ে কুয়ায় আসবে।,"Today, he/she eat the cooked food and then come to the well.",t̪eheɲɾɛ uni basaŋ ɟɔmkat̪ɛ kuɲɾɛ hiɟuʔa.
গতকাল তুমি কথা পড়ে শহরে খেলবে।,"Yesterday, you study the word and then play in the town.",hɔlaɾɛ am kat̪ʰa paɽha͡o̯kat̪ɛ sɔhɔɽɾɛ gat̪ea.
আমরা বাজি দেখব।,We will see the wager.,alɛ d̪ɔ bəd͡ʒi ɲɛla.
গতকাল আমি ভাষা পড়ে নদীতে কাজ করব।,"Yesterday, I study the language and then work in the river.",hɔlaɾɛ iɲ pɘɾsi paɽha͡o̯kat̪ɛ gaɖaɾɛ kɘmia.
তোমরা ভালোবাসা দেখবে না।,You all do not see the love.,apɛ d̪ɔ bʰad bapɛ ɲɛla.
ভাষাটি পরিষ্কার।,The language is clean.,bʰaka d̪ɔ sapʰaa.
আজ আমরা ঘড়ি কিনে শহরে যাব।,"Today, we buy the watch and then go to the town.",t̪eheɲɾɛ alɛ gʰuɽi kiɾiɲkat̪ɛ sɔhɔɽɾɛ calaʔa.
সেই সময় আমি ঘোড়া দেখে গ্রামে যাব।,"At that time, I see the horse and then go to the village.",ɔkt̪ɛɾɛ iɲ əɳɖiə̯ sadɔm ɲɛlkat̪ɛ at̪oɾɛ calaʔa.
বিস্তীর্ণ ভূমিে একটি এক প্রজাতির মাছ আছে।,There is a species of fish in the wide expanse of land.,bilənɾɛ badʰoɽ menaa.
সকালে আমি কণ্ঠস্বর দেখে স্কুলে কাজ করব।,"In the morning, I see the voice and then work in the school.",sɛt̪aʔɾɛ iɲ aɽaŋ ɲɛlkat̪ɛ iskulɾɛ kɘmia.
"তোমরা মাছ কিনবে, কিন্তু মাছ কিনবে না।","You all will buy the fish, but do not buy the fish.",apɛ d̪ɔ haku kiɾiɲa mɛnkʰan haku bapɛ kiɾiɲa.
আমার সেনাবাহিনী নতুন।,My army is new.,iɲaʔ aɽa d̪ɔ nɔwaa.
তোমরা ট্যাংক দেখবে।,You all will see the tank.,apɛ d̪ɔ abʰɾa ɲɛla.
গুহাে একটি ভাই আছে।,There is a brother in the cave.,bʰugək̕ɾɛ bɔ͡i̯ha menaa.
তুমি গাড়ির চাকায় লাগানো খিল ও ফোঁপানি দেখবে।,You will see the cog put before a cartwheel and the blubbering.,am d̪ɔ baɳdʰi aɾ beɲ ɲɛla.
গ্রামে একটি লাভ আছে।,There is a benefit in the village.,at̪oɾɛ bapʰa menaa.
কুয়ায় একটি পয়সা আছে।,There is a pice in the well.,kuɲɾɛ anapʰana menaa.
আমাদের বাবা ভালো।,Our father is good.,alɛaʔ baba d̪ɔ mɔ̃ɟa.
তোমাদের তাঁতের পোড়েন ভালো।,Your woof is good.,apɛaʔ bʰaɾna d̪ɔ mɔ̃ɟa.
শহরে একটি পরাজয় আছে।,There is a beating in the town.,sɔhɔɽɾɛ alao̯ menaa.
সেই সময় আমরা দুধ পান করে শহরে যাব।,"At that time, we drink the milk and then go to the town.",ɔkt̪ɛɾɛ alɛ t̪o̯͡a ɲukat̪ɛ sɔhɔɽɾɛ calaʔa.
বিদ্যুৎটি গুরুত্বপূর্ণ।,The lightning is important.,bid͡ʒli d̪ɔ ɟɘɾuɽa.
আমাদের উৎসব গুরুত্বপূর্ণ।,Our festival is important.,alɛaʔ pɔɾɔb d̪ɔ ɟɘɾuɽa.
তোমরা টকশাক ও নভেম্বর–ডিসেম্বর দেখবে।,You all will see the sorel and the november–december.,apɛ d̪ɔ aɾak̕ kudɾum aɾ agʰãɽ ɲɛla.
তারা কাজ দেখেছিল।,They saw the occupation.,oŋkoko bʰɛd ɲɛlkeda.
আমার চল্লিশ পরিষ্কার।,My forty is clean.,iɲaʔ baɾ isi d̪ɔ sapʰaa.
সেই সময় তোমরা ঘড়ি কিনে হ্রদে আসবে।,"At that time, you all buy the watch and then come to the lake.",ɔkt̪ɛɾɛ apɛ gʰuɽi kiɾiɲkat̪ɛ ɟɔlaɾɛ hiɟuʔa.
আড়ালে একটি নির্ভরতা আছে।,There is a reliance in the covert.,ao̯tanɾɛ bʰaɾsa menaa.
আত্মাটি গুরুত্বপূর্ণ।,The soul is important.,atma d̪ɔ ɟɘɾuɽa.
"তারা পাঠ পড়বে, কিন্তু কথা পড়বে না।","They will study the lesson, but do not study the word.",oŋko d̪ɔ sikʰnɘt̪ paɽha͡o̯a mɛnkʰan kat̪ʰa bako paɽha͡o̯a.
সকালে আমি ভাড়াটে কর্মী দেখে কুয়ায় যাব।,"In the morning, I see the hired worker and then go to the well.",sɛt̪aʔɾɛ iɲ bənkəɾ ɲɛlkat̪ɛ kuɲɾɛ calaʔa.
স্বাস্থ্যটি নতুন।,The health is new.,bega d͡ʒudə d̪ɔ nɔwaa.
গতকাল আমরা মাছ খেয়ে শহরে আসব।,"Yesterday, we eat the fish and then come to the town.",hɔlaɾɛ alɛ haku ɟɔmkat̪ɛ sɔhɔɽɾɛ hiɟuʔa.
বিস্তীর্ণ ভূমিে একটি বট গাছ আছে।,There is a banyan tree in the wide expanse of land.,bilənɾɛ baɽe menaa.
ইংল্যান্ডে একটি পাতার বোঁটা আছে।,There is a petiole in the england.,bilətɾɛ bʰekuə̯ menaa.
আজ তোমরা খাবার কিনে কুয়ায় আসবে।,"Today, you all buy the food and then come to the well.",t̪eheɲɾɛ apɛ ɟɔmaʔ kiɾiɲkat̪ɛ kuɲɾɛ hiɟuʔa.
সেই সময় আমরা কথা লিখে কুয়ায় খেলব।,"At that time, we write the word and then play in the well.",ɔkt̪ɛɾɛ alɛ kat̪ʰa ɔlɔʔkat̪ɛ kuɲɾɛ gat̪ea.
আমরা তরকারি দেখেছিলাম।,We saw the vegetables.,alɛlɛ aɽak̕ sakam ɲɛlkeda.
গুপ্তচরটি ছোট।,The spy is small.,baʈ paɽ d̪ɔ lɘʈua.
গুহাে একটি চারা গাছ আছে।,There is a sapling in the cave.,bʰugək̕ɾɛ bat͡ʃʰɽa daɾe menaa.
তোমার ব্যাগ পরিষ্কার।,Your bag is clean.,amaʔ bɛg d̪ɔ sapʰaa.
সকালে সে পদ্য দেখে শহরে খেলবে।,"In the morning, he/she see the verse and then play in the town.",sɛt̪aʔɾɛ uni ae̯t ɲɛlkat̪ɛ sɔhɔɽɾɛ gat̪ea.
"তারা ভাষা বলবে, কিন্তু কথা বলবে না।","They will speak the language, but do not speak the word.",oŋko d̪ɔ pɘɾsi ɾɔɽa mɛnkʰan kat̪ʰa bako ɾɔɽa.
সেই সময় তোমরা পানি পান করে শহরে যাবে।,"At that time, you all drink the water and then go to the town.",ɔkt̪ɛɾɛ apɛ d̪aʔ ɲukat̪ɛ sɔhɔɽɾɛ calaʔa.
নদীতে একটি খাবারের অবশিষ্ট আছে।,There is a leftover food in the river.,gaɖaɾɛ əi̯ʈʰə menaa.
কুয়ায় একটি কুমারী আছে।,There is a virgin in the well.,kuɲɾɛ aɾda kuɽi menaa.
গুহাটি নতুন।,The cave is new.,bʰugək̕ d̪ɔ nɔwaa.
শহরে একটি দালালি আছে।,There is a commission in the town.,sɔhɔɽɾɛ baʈa menaa.
মাটি ছোট।,The mother is small.,ajo d̪ɔ lɘʈua.
তাদের পানি সুস্বাদু।,Their water is tasty.,oŋkoaʔ d̪aʔ d̪ɔ sibila.
বালিয়া সারস পাখিটি আনন্দের।,The sand martin is happy.,bʰəluə̯ d̪ɔ ɾɘskɘa.
স্ত্রীটি আনন্দের।,The wife is happy.,bəhu d̪ɔ ɾɘskɘa.
সে উত্তরাধিকার ও গৃহপালিত পশু দেখবে।,He/she will see the inheritance and the domestic animal.,uni d̪ɔ əi̯dəɾi aɾ ato posu ɲɛla.
তোমার ভাই আনন্দের।,Your brother is happy.,amaʔ bɔ͡i̯ha d̪ɔ ɾɘskɘa.
শহরে একটি উত্তরাধিকার আছে।,There is a heritage in the town.,sɔhɔɽɾɛ bapɔti dʰɔn menaa.
কুয়ায় একটি কুমড়ো আছে।,There is a pumpkin in the well.,kuɲɾɛ bə̃ɽĩə kohɳɖa menaa.
গতকাল তুমি পানি পান করে স্কুলে খেলবে।,"Yesterday, you drink the water and then play in the school.",hɔlaɾɛ am d̪aʔ ɲukat̪ɛ iskulɾɛ gat̪ea.
আমরা শিলাবৃষ্টি দেখেছি।,We have seen the hail.,alɛ d̪ɔ aɾel ɲɛlakada.
"আমরা বাবা সাহায্য করব, কিন্তু মানুষ সাহায্য করব না।","We will help the father, but do not help the person.",alɛ d̪ɔ baba gɔɽɔa mɛnkʰan hɔɽ balɛ gɔɽɔa.
আমরা গুজব রটনাকারী দেখেছি।,We have seen the gossiping.,alɛ d̪ɔ bəd͡ʒniə̯ ɲɛlakada.
উঠানে একটি সন্ন্যাসী আছে।,There is an ascetic in the courtyard of house.,bəteɾɛ ətit menaa.
"তোমরা ছবি পাবে, কিন্তু ঔষধ পাবে না।","You all will get the photo, but do not get the medicine.",apɛ d̪ɔ pʰɔʈɔ ɲama mɛnkʰan ɾan bapɛ ɲama.
সকালে সে ঔষধ কিনে হ্রদে কাজ করবে।,"In the morning, he/she buy the medicine and then work in the lake.",sɛt̪aʔɾɛ uni ɾan kiɾiɲkat̪ɛ ɟɔlaɾɛ kɘmia.
বাড়িতে একটি চল্লিশ আছে।,There is a forty in the house.,ɔɽaʔɾɛ baɾ isi menaa.
কুয়ায় একটি প্রণয়ন আছে।,There is an enactment in the well.,kuɲɾɛ ən menaa.
আজ সে দুধ পান করে শহরে কাজ করবে।,"Today, he/she drink the milk and then work in the town.",t̪eheɲɾɛ uni t̪o̯͡a ɲukat̪ɛ sɔhɔɽɾɛ kɘmia.
"আমি সময়কাল দেখব, কিন্তু বর্শা দেখব না।","I will see the period, but do not see the spear.",iɲ d̪ɔ ãʈɾe ɲɛla mɛnkʰan bəɾt͡ʃʰi bɘɲ ɲɛla.
পাড়াে একটি পরিমাপ আছে।,There is a measure in the neighbourhood.,aɖe paseɾɛ ae̯ menaa.
ঝুড়িটি নতুন।,The basket is new.,bʰad͡ʒan d̪ɔ nɔwaa.
উঠানে একটি প্রণয়ন আছে।,There is an enactment in the courtyard of house.,bəteɾɛ ən menaa.
"আমি পাঠ পড়ব, কিন্তু কথা পড়ব না।","I will study the lesson, but do not study the word.",iɲ d̪ɔ sikʰnɘt̪ paɽha͡o̯a mɛnkʰan kat̪ʰa bɘɲ paɽha͡o̯a.
তুমি অল্প ও অভ্র দেখবে।,You will see the little and the mica.,am d̪ɔ ədʰəɾiə̯ aɾ abɾak ɲɛla.
আজ তারা পানি পান করে নদীতে খেলবে।,"Today, they drink the water and then play in the river.",t̪eheɲɾɛ oŋko d̪aʔ ɲukat̪ɛ gaɖaɾɛ gat̪ea.
কষ্টটি নতুন।,The suffering is new.,bidot d̪ɔ nɔwaa.
তারা বিঘত দেখবে না।,They do not see the span.,oŋko d̪ɔ beɽ bako ɲɛla.
বিবাহের শোভাযাত্রাটি পরিষ্কার।,The marriage procession is clean.,bəɾiə̯t d̪ɔ sapʰaa.
সেই সময় সে মধু খেয়ে বাড়িতে আসবে।,"At that time, he/she eat the honey and then come to the house.",ɔkt̪ɛɾɛ uni ɲɛlɛɾasa ɟɔmkat̪ɛ ɔɽaʔɾɛ hiɟuʔa.
নেতাটি ভালো।,The leader is good.,aglaha d̪ɔ mɔ̃ɟa.
তার টাকা ভালো।,His/her money is good.,uniaʔ ʈaka d̪ɔ mɔ̃ɟa.
আজ তারা পানি পান করে কুয়ায় যাবে।,"Today, they drink the water and then go to the well.",t̪eheɲɾɛ oŋko d̪aʔ ɲukat̪ɛ kuɲɾɛ calaʔa.
সকালে তুমি দুধ পান করে হ্রদে কাজ করবে।,"In the morning, you drink the milk and then work in the lake.",sɛt̪aʔɾɛ am t̪o̯͡a ɲukat̪ɛ ɟɔlaɾɛ kɘmia.
গতকাল আমরা ন্যায়বিচারের আবেদন দেখে শহরে আসব।,"Yesterday, we see the appeal for justice and then come to the town.",hɔlaɾɛ alɛ əpʰil dohae̯ ɲɛlkat̪ɛ sɔhɔɽɾɛ hiɟuʔa.
তোমার বিশ নতুন।,Your twenty is new.,amaʔ baɾ gɛl d̪ɔ nɔwaa.
আমি খাবার ও ঘড়ি কিনব।,I will buy the food and the watch.,iɲ d̪ɔ ɟɔmaʔ aɾ gʰuɽi kiɾiɲa.
শহরে একটি দাদা আছে।,There is a grandfather in the town.,sɔhɔɽɾɛ ad͡ʒa menaa.
বাড়িতে একটি অতিরিক্ত খাজনা আছে।,There is an additional assessment on rent in the house.,ɔɽaʔɾɛ bʰed͡ʒa menaa.
জন্মটি নতুন।,The birth is new.,biə̯n d̪ɔ nɔwaa.
তুমি পাকা রাস্তা দেখবে না।,You do not see the pavement.,am d̪ɔ bəi̯səu̯ dʰiɾi bam ɲɛla.
কুয়ায় একটি বাদ পড়া আছে।,There is an omission in the well.,kuɲɾɛ bʰul t͡ʃuk menaa.
হ্রদে একটি বাদ্যযন্ত্র আছে।,There is a musical instrument in the lake.,ɟɔlaɾɛ bad͡ʒa menaa.
তারা গুঁড়ি দেখবে না।,They do not see the trunk.,oŋko d̪ɔ auɳɖ bako ɲɛla.
তাদের গরু ডাকার শব্দ ছোট।,Their cattle call is small.,oŋkoaʔ bihet̕ d̪ɔ lɘʈua.
গতকাল আমি পানি পান করে শহরে আসব।,"Yesterday, I drink the water and then come to the town.",hɔlaɾɛ iɲ d̪aʔ ɲukat̪ɛ sɔhɔɽɾɛ hiɟuʔa.
আমি ভূত ও কুমারী দেখব।,I will see the apparition and the virgin.,iɲ d̪ɔ bʰeo̯na aɾ aɾda kuɽi ɲɛla.
আজ আমরা পাঠ পড়ে গ্রামে খেলব।,"Today, we study the lesson and then play in the village.",t̪eheɲɾɛ alɛ sikʰnɘt̪ paɽha͡o̯kat̪ɛ at̪oɾɛ gat̪ea.
আজ তারা কথা লিখে স্কুলে আসবে।,"Today, they write the word and then come to the school.",t̪eheɲɾɛ oŋko kat̪ʰa ɔlɔʔkat̪ɛ iskulɾɛ hiɟuʔa.
আমরা খেলা ও সতর্কবাণী দেখব।,We will see the game and the alarm.,alɛ d̪ɔ bʰelguɖa aɾ bʰāe ɲɛla.
তোমার শহর গুরুত্বপূর্ণ।,Your town is important.,amaʔ sɔhɔɽ d̪ɔ ɟɘɾuɽa.
পুকুরটি নতুন।,The pool is new.,agʰoɾni d̪ɔ nɔwaa.
তুমি ফল পাকা দেখেছিলে।,You saw the mellowing.,amɛm aɾaɾao̯k̕ ɲɛlkeda.
আমি বেত দেখব না।,I do not see the cane.,iɲ d̪ɔ bɛt bɘɲ ɲɛla.
তুমি পানি দেখবে না।,You do not see the water.,am d̪ɔ d̪aʔ bam ɲɛla.
সেই সময় তুমি দুধ পান করে বাড়িতে খেলবে।,"At that time, you drink the milk and then play in the house.",ɔkt̪ɛɾɛ am t̪o̯͡a ɲukat̪ɛ ɔɽaʔɾɛ gat̪ea.
তুমি বন্দুক দেখবে।,You will see the gun.,am d̪ɔ bənduk ɲɛla.
তুমি পাত্র ও প্রণয়ন দেখবে।,You will see the receptacle and the enactment.,am d̪ɔ anataŋ aɾ ən ɲɛla.
বাড়িতে একটি মা আছে।,There is a mother in the house.,ɔɽaʔɾɛ gɔgɔ menaa.
সুতাটি ভালো।,The twine is good.,babeɾ d̪ɔ mɔ̃ɟa.
আমরা বাষ্প দেখেছি।,We have seen the steam.,alɛ d̪ɔ bʰapʰ ɲɛlakada.
পাড়াে একটি লক্ষ্যবস্তু আছে।,There is a target in the neighbourhood.,aɖe paseɾɛ bed͡ʒʰa menaa.
সকালে তারা পানি পান করে স্কুলে যাবে।,"In the morning, they drink the water and then go to the school.",sɛt̪aʔɾɛ oŋko d̪aʔ ɲukat̪ɛ iskulɾɛ calaʔa.
তোমার শিশু ছোট।,Your child is small.,amaʔ gid̪ɾɘ d̪ɔ lɘʈua.
"তোমরা ঘড়ি বিক্রি করবে, কিন্তু মোবাইল ফোন বিক্রি করবে না।","You all will sell the watch, but do not sell the mobile phone.",apɛ d̪ɔ gʰuɽi ɘkʰɾiɲa mɛnkʰan mɔbaĭl pʰon bapɛ ɘkʰɾiɲa.
"আমরা ঘড়ি কিনব, কিন্তু ঔষধ কিনব না।","We will buy the watch, but do not buy the medicine.",alɛ d̪ɔ gʰuɽi kiɾiɲa mɛnkʰan ɾan balɛ kiɾiɲa.
বাসস্থানে একটি নিষেধাত্মক উপসর্গ আছে।,There is a privative prefix in the dwelling place.,basɾɛ an menaa.
তুমি রীতি দেখবে না।,You do not see the customs.,am d̪ɔ at͡ʃaɾ bam ɲɛla.
গতকাল তুমি মাছ কিনে বাড়িতে কাজ করবে।,"Yesterday, you buy the fish and then work in the house.",hɔlaɾɛ am haku kiɾiɲkat̪ɛ ɔɽaʔɾɛ kɘmia.
উঠানে একটি নির্ভরতা আছে।,There is a reliance in the courtyard of house.,bəteɾɛ bʰaɾsa menaa.
আমার আখ ভালো।,My sugarcane is good.,iɲaʔ ək d̪ɔ mɔ̃ɟa.
সেই সময় তারা পাঠ পড়ে নদীতে কাজ করবে।,"At that time, they study the lesson and then work in the river.",ɔkt̪ɛɾɛ oŋko sikʰnɘt̪ paɽha͡o̯kat̪ɛ gaɖaɾɛ kɘmia.
ধনুকটি পরিষ্কার।,The bow is clean.,ak̕ d̪ɔ sapʰaa.
স্কুলে একটি বাঘ আছে।,There is a tiger in the school.,iskulɾɛ t̪ɘɾup̚ʔ menaa.
বিস্তীর্ণ ভূমিে একটি শুকর আছে।,There is a pig in the wide expanse of land.,bilənɾɛ suk̚ɾi menaa.
তোমরা সন্ধ্যা ও জাদুবিদ্যা দেখবে।,You all will see the evening and the sorcery.,apɛ d̪ɔ əjup̕ aɾ ban ɲɛla.
আজ তোমরা মোবাইল ফোন কিনে স্কুলে যাবে।,"Today, you all buy the mobile phone and then go to the school.",t̪eheɲɾɛ apɛ mɔbaĭl pʰon kiɾiɲkat̪ɛ iskulɾɛ calaʔa.
"তোমরা মধু খাবে, কিন্তু রান্না খাবে না।","You all will eat the honey, but do not eat the cooked food.",apɛ d̪ɔ ɲɛlɛɾasa ɟɔma mɛnkʰan basaŋ bapɛ ɟɔma.
বেগুনটি ভালো।,The brinjal is good.,beŋgaɾ d̪ɔ mɔ̃ɟa.
আজ আমরা ভাষা লিখে স্কুলে খেলব।,"Today, we write the language and then play in the school.",t̪eheɲɾɛ alɛ pɘɾsi ɔlɔʔkat̪ɛ iskulɾɛ gat̪ea.
সেই সময় তোমরা খাবার কিনে শহরে যাবে।,"At that time, you all buy the food and then go to the town.",ɔkt̪ɛɾɛ apɛ ɟɔmaʔ kiɾiɲkat̪ɛ sɔhɔɽɾɛ calaʔa.
মূল্যায়নটি গুরুত্বপূর্ণ।,The appraisement is important.,anman d̪ɔ ɟɘɾuɽa.
তোমরা জলাধার দেখবে না।,You all do not see the reservoir.,apɛ d̪ɔ ahɾa bapɛ ɲɛla.
জাফরিটি পরিষ্কার।,The lattice work is clean.,bata d̪ɔ sapʰaa.
আজ তোমরা মধু খেয়ে বাড়িতে আসবে।,"Today, you all eat the honey and then come to the house.",t̪eheɲɾɛ apɛ ɲɛlɛɾasa ɟɔmkat̪ɛ ɔɽaʔɾɛ hiɟuʔa.
বাড়িতে একটি শিশু আছে।,There is a child in the house.,ɔɽaʔɾɛ gid̪ɾɘ menaa.
সেই সময় তারা কথা পড়ে বাড়িতে যাবে।,"At that time, they study the word and then go to the house.",ɔkt̪ɛɾɛ oŋko kat̪ʰa paɽha͡o̯kat̪ɛ ɔɽaʔɾɛ calaʔa.
সকালে আমি ভাষা লিখে স্কুলে কাজ করব।,"In the morning, I write the language and then work in the school.",sɛt̪aʔɾɛ iɲ pɘɾsi ɔlɔʔkat̪ɛ iskulɾɛ kɘmia.
আজ আমরা কথা লিখে নদীতে খেলব।,"Today, we write the word and then play in the river.",t̪eheɲɾɛ alɛ kat̪ʰa ɔlɔʔkat̪ɛ gaɖaɾɛ gat̪ea.
গুহাে একটি বংশধর আছে।,There is a descendants in the cave.,bʰugək̕ɾɛ ãosa bãosa menaa.
আমরা কর্তৃত্ব দেখব না।,We do not see the authority.,alɛ d̪ɔ adɔl balɛ ɲɛla.
ইংল্যান্ডে একটি ছবি আছে।,There is a photo in the england.,bilətɾɛ pʰɔʈɔ menaa.
সকালে তারা পানি পান করে গ্রামে আসবে।,"In the morning, they drink the water and then come to the village.",sɛt̪aʔɾɛ oŋko d̪aʔ ɲukat̪ɛ at̪oɾɛ hiɟuʔa.
"তারা ঔষধ কিনবে, কিন্তু মাছ কিনবে না।","They will buy the medicine, but do not buy the fish.",oŋko d̪ɔ ɾan kiɾiɲa mɛnkʰan haku bako kiɾiɲa.
সেই সময় তারা অতিরিক্ত খাজনা দেখে হ্রদে কাজ করবে।,"At that time, they see the additional assessment on rent and then work in the lake.",ɔkt̪ɛɾɛ oŋko bʰed͡ʒa ɲɛlkat̪ɛ ɟɔlaɾɛ kɘmia.
আজ তারা ভাষা লিখে নদীতে খেলবে।,"Today, they write the language and then play in the river.",t̪eheɲɾɛ oŋko pɘɾsi ɔlɔʔkat̪ɛ gaɖaɾɛ gat̪ea.
আমাদের বনরুই আনন্দের।,Our ant-eater is happy.,alɛaʔ aɾba d̪ɔ ɾɘskɘa.
কাপটি গুরুত্বপূর্ণ।,The cup is important.,basna d̪ɔ ɟɘɾuɽa.
একটি ভাগ্নে শহরে আছে।,One nephew is in the town.,mit̪ʔʈɛn bʰəgnə d̪ɔ sɔhɔɽɾɛ menaa.
সে ভাষা দেখবে না।,He/she does not see the language.,uni d̪ɔ bʰaka bai̯ ɲɛla.
আজ সে রান্না খেয়ে গ্রামে আসবে।,"Today, he/she eat the cooked food and then come to the village.",t̪eheɲɾɛ uni basaŋ ɟɔmkat̪ɛ at̪oɾɛ hiɟuʔa.
আমরা গুড়ের চিনি দেখেছি।,We have seen the crystallized raw sugar.,alɛ d̪ɔ bəli guɽ ɲɛlakada.
সকালে তোমরা কথা লিখে স্কুলে আসবে।,"In the morning, you all write the word and then come to the school.",sɛt̪aʔɾɛ apɛ kat̪ʰa ɔlɔʔkat̪ɛ iskulɾɛ hiɟuʔa.
তোমার গাঁজা ভালো।,Your hemp drug is good.,amaʔ bʰaŋ d̪ɔ mɔ̃ɟa.
শেষটি ভালো।,The end is good.,əkʰiɾ d̪ɔ mɔ̃ɟa.
সে সুতা ও পেট ব্যথা দেখবে।,He/she will see the twine and the gripes.,uni d̪ɔ babeɾ aɾ bɛɾõʈ duk ɲɛla.
"আমরা ছোট কুঠার দেখব, কিন্তু আনারস দেখব না।","We will see the small adze, but do not see the pineapple.",alɛ d̪ɔ bəslə ɲɛla mɛnkʰan ananas balɛ ɲɛla.
তার হ্রদ ভালো।,His/her lake is good.,uniaʔ ɟɔla d̪ɔ mɔ̃ɟa.
সকালে তোমরা বাজি দেখে স্কুলে যাবে।,"In the morning, you all see the bet and then go to the school.",sɛt̪aʔɾɛ apɛ bəɾd͡ʒid ɲɛlkat̪ɛ iskulɾɛ calaʔa.
তাদের গ্রাম ভালো।,Their village is good.,oŋkoaʔ at̪o d̪ɔ mɔ̃ɟa.
আজ তুমি রান্না খেয়ে স্কুলে কাজ করবে।,"Today, you eat the cooked food and then work in the school.",t̪eheɲɾɛ am basaŋ ɟɔmkat̪ɛ iskulɾɛ kɘmia.
আমার ভাষা নতুন।,My language is new.,iɲaʔ pɘɾsi d̪ɔ nɔwaa.
সেই সময় আমরা নামা দেখে শহরে খেলব।,"At that time, we see the descent and then play in the town.",ɔkt̪ɛɾɛ alɛ anãɽgo ɲɛlkat̪ɛ sɔhɔɽɾɛ gat̪ea.
আজ তোমরা মোবাইল ফোন কিনে স্কুলে কাজ করবে।,"Today, you all buy the mobile phone and then work in the school.",t̪eheɲɾɛ apɛ mɔbaĭl pʰon kiɾiɲkat̪ɛ iskulɾɛ kɘmia.
আমাদের আখড়া ভালো।,Our gathering is good.,alɛaʔ akʰɾa d̪ɔ mɔ̃ɟa.
তোমার খাবার সুস্বাদু।,Your food is tasty.,amaʔ ɟɔmaʔ d̪ɔ sibila.
বাসস্থানে একটি আচরণ আছে।,There is a behaviour in the residence.,basaɾɛ bebɔhaɾ menaa.
তার ভেড়া আনন্দের।,His/her sheep is happy.,uniaʔ bʰiɖi d̪ɔ ɾɘskɘa.
সে শত্রু দেখবে না।,He/she does not see the enemy.,uni d̪ɔ bəi̯ɾi bai̯ ɲɛla.
তার তাঁতের পোড়েন নতুন।,His/her woof is new.,uniaʔ bʰaɾna d̪ɔ nɔwaa.
বাসস্থানে একটি পরিষদ আছে।,There is a council in the dwelling place.,basɾɛ bəi̯si menaa.
আমার বিড়াল ভালো।,My cat is good.,iɲaʔ pusi d̪ɔ mɔ̃ɟa.
বাসস্থানে একটি নবজাতক আছে।,There is an infant in the residence.,basaɾɛ balɛ menaa.
তোমরা হুক ও কণ্ঠস্বর দেখবে।,You all will see the hook and the voice.,apɛ d̪ɔ əŋkus aɾ aɽaŋ ɲɛla.
বাসস্থানে একটি অগ্রদূত আছে।,There is a forerunner in the residence.,basaɾɛ əguə̯daɾ menaa.
অভ্রটি ভালো।,The mica is good.,abɾak d̪ɔ mɔ̃ɟa.
তোমাদের কুয়া পরিষ্কার।,Your well is clean.,apɛaʔ kuɲ d̪ɔ sapʰaa.
তোমার ওনিক্স পাথর নতুন।,Your onyx is new.,amaʔ beləu̯ɾ d̪ɔ nɔwaa.
আমার চাষাবাদ ভালো।,My cultivation is good.,iɲaʔ abad d̪ɔ mɔ̃ɟa.
আমরা চল্লিশ ও ভূত দেখব।,We will see the forty and the demon.,alɛ d̪ɔ baɾ isi aɾ bʰut ɲɛla.
আমার পূর্বপুরুষ ছোট।,My ancestors is small.,iɲaʔ bap dada d̪ɔ lɘʈua.
উঠানে একটি পিঁপড়া আছে।,There is an ant in the courtyard of house.,bəteɾɛ muc̚ʔ menaa.
আমি পোশাক দেখব না।,I do not see the attire.,iɲ d̪ɔ bʰagwa bɘɲ ɲɛla.
সে তুলার গাছ দেখেছে।,He/she has seen the cotton plant.,uni d̪ɔ bʰoga kaskɔm ɲɛlakada.
আমরা ঘাম দেখব।,We will see the perspiration.,alɛ d̪ɔ balbal ɲɛla.
গ্রামে একটি ভাষা আছে।,There is a language in the village.,at̪oɾɛ pɘɾsi menaa.
সেই সময় তুমি খাবার খেয়ে নদীতে আসবে।,"At that time, you eat the food and then come to the river.",ɔkt̪ɛɾɛ am ɟɔmaʔ ɟɔmkat̪ɛ gaɖaɾɛ hiɟuʔa.
ইংল্যান্ডে একটি এক প্রজাতির মাছ আছে।,There is a species of fish in the england.,bilətɾɛ badʰoɽ menaa.
সেই সময় আমরা ঔষধ কিনে নদীতে কাজ করব।,"At that time, we buy the medicine and then work in the river.",ɔkt̪ɛɾɛ alɛ ɾan kiɾiɲkat̪ɛ gaɖaɾɛ kɘmia.
তাদের মাথা ঘোরা ভালো।,Their vertigo is good.,oŋkoaʔ bʰãoɾi d̪ɔ mɔ̃ɟa.
আজ তুমি মোবাইল ফোন কিনে হ্রদে কাজ করবে।,"Today, you buy the mobile phone and then work in the lake.",t̪eheɲɾɛ am mɔbaĭl pʰon kiɾiɲkat̪ɛ ɟɔlaɾɛ kɘmia.
সকালে তোমরা পা দেখে কুয়ায় যাবে।,"In the morning, you all see the foot and then go to the well.",sɛt̪aʔɾɛ apɛ kaʈa ɲɛlkat̪ɛ kuɲɾɛ calaʔa.
শিখাটি গুরুত্বপূর্ণ।,The flame is important.,ãt͡ʃ d̪ɔ ɟɘɾuɽa.
সেই সময় সে অহংকার দেখে শহরে যাবে।,"At that time, he/she see the pride and then go to the town.",ɔkt̪ɛɾɛ uni adɔɾ ɲɛlkat̪ɛ sɔhɔɽɾɛ calaʔa.
কুয়ায় একটি আফিম আছে।,There is an opium in the well.,kuɲɾɛ əpʰim menaa.
আমাদের ভাষা গুরুত্বপূর্ণ।,Our language is important.,alɛaʔ pɘɾsi d̪ɔ ɟɘɾuɽa.
সে ঘোড়া দেখবে।,He/she will see the horse.,uni d̪ɔ əɳɖiə̯ sadɔm ɲɛla.
আমি পরজীবী উদ্ভিদ দেখেছিলাম।,I saw the parasitic plant.,iɲiɲ alagd͡ʒəɽi ɲɛlkeda.
তার মা আনন্দের।,His/her mother is happy.,uniaʔ gɔgɔ d̪ɔ ɾɘskɘa.
পাড়াে একটি পাত্র আছে।,There is a receptacle in the neighbourhood.,aɖe paseɾɛ anataŋ menaa.
আমরা অবিশ্বাসী ও ওয়ারেন্ট দেখব।,We will see the heathen and the warrant.,alɛ d̪ɔ bedin aɾ aɾoɳʈ ɲɛla.
"সে ডাক্তার সাহায্য করবে, কিন্তু মা সাহায্য করবে না।","He/she will help the doctor, but does not help the mother.",uni d̪ɔ ɖak̚t̪aɾ gɔɽɔa mɛnkʰan gɔgɔ bai̯ gɔɽɔa.
"তুমি মানুষ সাহায্য করবে, কিন্তু মা সাহায্য করবে না।","You will help the person, but do not help the mother.",am d̪ɔ hɔɽ gɔɽɔa mɛnkʰan gɔgɔ bam gɔɽɔa.
একটি মা হ্রদে আছে।,One mother is in the lake.,mit̪ʔʈɛn ajo d̪ɔ ɟɔlaɾɛ menaa.
গ্রামে একটি শ্রাইক পাখি আছে।,There is a shrike in the village.,at̪oɾɛ bagʰa kɛɾkeʈa menaa.
তার তাঁতের অংশ ভালো।,His/her heddles of loom is good.,uniaʔ bade d̪ɔ mɔ̃ɟa.
আমাদের পবিত্র সিন্দুক গুরুত্বপূর্ণ।,Our ark of the covenant is important.,alɛaʔ ən sunduk d̪ɔ ɟɘɾuɽa.
বেতটি ভালো।,The cane is good.,bɛt d̪ɔ mɔ̃ɟa.
আজ আমরা ঘড়ি কিনে নদীতে যাব।,"Today, we buy the watch and then go to the river.",t̪eheɲɾɛ alɛ gʰuɽi kiɾiɲkat̪ɛ gaɖaɾɛ calaʔa.
গতকাল আমরা পাঠ পড়ে নদীতে আসব।,"Yesterday, we study the lesson and then come to the river.",hɔlaɾɛ alɛ sikʰnɘt̪ paɽha͡o̯kat̪ɛ gaɖaɾɛ hiɟuʔa.
তুমি আতঙ্ক ও লাগাম দেখবে।,You will see the terror and the bridle.,am d̪ɔ bʰɔɽɔk aɾ bag ɲɛla.
গতকাল সে দুধ পান করে কুয়ায় আসবে।,"Yesterday, he/she drink the milk and then come to the well.",hɔlaɾɛ uni t̪o̯͡a ɲukat̪ɛ kuɲɾɛ hiɟuʔa.
আমি হরিণ দেখব না।,I do not see the buck.,iɲ d̪ɔ badaɾ bɘɲ ɲɛla.
গ্রামে একটি চুল্লি আছে।,There is a furnace in the village.,at̪oɾɛ bʰaʈa menaa.
গতকাল তোমরা কথা লিখে স্কুলে আসবে।,"Yesterday, you all write the word and then come to the school.",hɔlaɾɛ apɛ kat̪ʰa ɔlɔʔkat̪ɛ iskulɾɛ hiɟuʔa.
আমি চারা গাছ ও সন্ধ্যাকাল দেখব।,I will see the sapling and the eventide.,iɲ d̪ɔ bat͡ʃʰɽa daɾe aɾ əjup̕ pajaɾ ɲɛla.
আজ সে পাঠ পড়ে শহরে খেলবে।,"Today, he/she study the lesson and then play in the town.",t̪eheɲɾɛ uni sikʰnɘt̪ paɽha͡o̯kat̪ɛ sɔhɔɽɾɛ gat̪ea.
"আমি ঔষধ পাব, কিন্তু টাকা পাব না।","I will get the medicine, but do not get the money.",iɲ d̪ɔ ɾan ɲama mɛnkʰan ʈaka bɘɲ ɲama.
তোমরা প্রাচুর্য দেখবে না।,You all do not see the abundance.,apɛ d̪ɔ at͡ʃel pat͡ʃel bapɛ ɲɛla.
আমার পরাজয় ভালো।,My beating is good.,iɲaʔ alao̯ d̪ɔ mɔ̃ɟa.
তার খিঁচুনি গুরুত্বপূর্ণ।,His/her convulsions is important.,uniaʔ ḅahiɾ bəi̯ d̪ɔ ɟɘɾuɽa.
আমার জাফরি পরিষ্কার।,My lattice work is clean.,iɲaʔ bata d̪ɔ sapʰaa.
তোমাদের উপভাষা গুরুত্বপূর্ণ।,Your dialect is important.,apɛaʔ bahaka d̪ɔ ɟɘɾuɽa.
সকালে তোমরা ঔষধ কিনে স্কুলে আসবে।,"In the morning, you all buy the medicine and then come to the school.",sɛt̪aʔɾɛ apɛ ɾan kiɾiɲkat̪ɛ iskulɾɛ hiɟuʔa.
বাসস্থানে একটি নির্ভরতা আছে।,There is a reliance in the dwelling place.,basɾɛ bʰaɾsa menaa.
ভাদ্র মাসটি পরিষ্কার।,The august-september is clean.,bʰadɔɾ d̪ɔ sapʰaa.
আমার শিখা নতুন।,My flame is new.,iɲaʔ ãt͡ʃ d̪ɔ nɔwaa.
গতকাল আমি অভিশাপ দেখে শহরে আসব।,"Yesterday, I see the curse and then come to the town.",hɔlaɾɛ iɲ əsis ɲɛlkat̪ɛ sɔhɔɽɾɛ hiɟuʔa.
সেই সময় আমরা মাছ খেয়ে গ্রামে খেলব।,"At that time, we eat the fish and then play in the village.",ɔkt̪ɛɾɛ alɛ haku ɟɔmkat̪ɛ at̪oɾɛ gat̪ea.
তোমরা অর্ধ বিঘা দেখেছিলে।,You all saw the half bigha.,apɛpɛ bʰənga ɲɛlkeda.
ইংল্যান্ডে একটি আদালত আছে।,There is a court in the england.,bilətɾɛ adalot menaa.
স্কুলে একটি বাহুবন্ধনী আছে।,There is an armlet in the school.,iskulɾɛ bəd͡ʒu menaa.
সকালে সে বিঘত দেখে শহরে আসবে।,"In the morning, he/she see the span and then come to the town.",sɛt̪aʔɾɛ uni beɽ ɲɛlkat̪ɛ sɔhɔɽɾɛ hiɟuʔa.
সকালে আমরা ভাষা লিখে গ্রামে কাজ করব।,"In the morning, we write the language and then work in the village.",sɛt̪aʔɾɛ alɛ pɘɾsi ɔlɔʔkat̪ɛ at̪oɾɛ kɘmia.
একটি ভাই বাড়িতে আছে।,One brother is in the house.,mit̪ʔʈɛn baɾet d̪ɔ ɔɽaʔɾɛ menaa.
সে প্রতিদ্বন্দ্বিতা ও আস্থা দেখবে।,He/she will see the rivalry and the confidence.,uni d̪ɔ bada bədi aɾ baɾsa ɲɛla.
সেই সময় আমি মাছ কিনে কুয়ায় যাব।,"At that time, I buy the fish and then go to the well.",ɔkt̪ɛɾɛ iɲ haku kiɾiɲkat̪ɛ kuɲɾɛ calaʔa.
বাদামটি নতুন।,The almond is new.,badam d͡ʒɔ d̪ɔ nɔwaa.
আমরা আচরণ দেখেছিলাম।,We saw the conduct.,alɛlɛ at͡ʃaɾ beo̯haɾ ɲɛlkeda.
পাটি পরিষ্কার।,The foot is clean.,kaʈa d̪ɔ sapʰaa.
আজ সে বালতি দেখে স্কুলে কাজ করবে।,"Today, he/she see the bucket and then work in the school.",t̪eheɲɾɛ uni bəlʈi ɲɛlkat̪ɛ iskulɾɛ kɘmia.
আমার ফুল গুরুত্বপূর্ণ।,My flower is important.,iɲaʔ baha d̪ɔ ɟɘɾuɽa.
"আমি খাবার কিনব, কিন্তু ঘড়ি কিনব না।","I will buy the food, but do not buy the watch.",iɲ d̪ɔ ɟɔmaʔ kiɾiɲa mɛnkʰan gʰuɽi bɘɲ kiɾiɲa.
আজ সে দুধ পান করে নদীতে খেলবে।,"Today, he/she drink the milk and then play in the river.",t̪eheɲɾɛ uni t̪o̯͡a ɲukat̪ɛ gaɖaɾɛ gat̪ea.
আমার পাত্র ভালো।,My receptacle is good.,iɲaʔ anataŋ d̪ɔ mɔ̃ɟa.
আমি খেলা দেখব না।,I do not see the game.,iɲ d̪ɔ bʰelguɖa bɘɲ ɲɛla.
দুর্যোগটি পরিষ্কার।,The calmity is clean.,apʰoti d̪ɔ sapʰaa.
বেত গাছটি নতুন।,The rattan is new.,bɛ̃t d̪ɔ nɔwaa.
তোমাদের গান গুরুত্বপূর্ণ।,Your song is important.,apɛaʔ seɾeɲ d̪ɔ ɟɘɾuɽa.
আজ আমি সাতভাই পাখি দেখে গ্রামে যাব।,"Today, I see the bengal babbler and then go to the village.",t̪eheɲɾɛ iɲ bʰoɳɖa ɲɛlkat̪ɛ at̪oɾɛ calaʔa.
গতকাল তারা পানি পান করে কুয়ায় খেলবে।,"Yesterday, they drink the water and then play in the well.",hɔlaɾɛ oŋko d̪aʔ ɲukat̪ɛ kuɲɾɛ gat̪ea.
তোমরা গাঁট দেখবে।,You all will see the bale.,apɛ d̪ɔ bʰiɳɖ ɲɛla.
বিস্তীর্ণ ভূমিে একটি গ্রাম আছে।,There is a village in the wide expanse of land.,bilənɾɛ ato menaa.
সেই সময় তোমরা সময়কাল দেখে গ্রামে যাবে।,"At that time, you all see the period and then go to the village.",ɔkt̪ɛɾɛ apɛ ãʈɾe ɲɛlkat̪ɛ at̪oɾɛ calaʔa.
নদীতে একটি কনুই আছে।,There is an elbow in the river.,gaɖaɾɛ bə̃hl menaa.
ইংল্যান্ডে একটি বালিশ আছে।,There is a pillow in the england.,bilətɾɛ bəlis menaa.
সকালে আমরা পানি পান করে স্কুলে যাব।,"In the morning, we drink the water and then go to the school.",sɛt̪aʔɾɛ alɛ d̪aʔ ɲukat̪ɛ iskulɾɛ calaʔa.
মহাপ্লাবনটি গুরুত্বপূর্ণ।,The deluge is important.,bajaban d̪ɔ ɟɘɾuɽa.
সে টকশাক দেখবে।,He/she will see the sorel.,uni d̪ɔ aɾak̕ kudɾum ɲɛla.
তাদের খাবার সুস্বাদু।,Their victuals is tasty.,oŋkoaʔ aʈa saʈa d̪ɔ sibila.
গতকাল তোমরা কর্তব্যচ্যুতি দেখে কুয়ায় খেলবে।,"Yesterday, you all see the omission of duty and then play in the well.",hɔlaɾɛ apɛ bʰisoɾ ɲɛlkat̪ɛ kuɲɾɛ gat̪ea.
নিকটবর্তী এলাকাে একটি খাবারের অবশিষ্ট আছে।,There is a leftover food in the vicinity.,aɖe ʈolaɾɛ əi̯ʈʰə menaa.
"আমরা হাত দেখব, কিন্তু বাধা দেখব না।","We will see the hand, but do not see the hitch.",alɛ d̪ɔ t̪i ɲɛla mɛnkʰan bəndʰi balɛ ɲɛla.
আমি অশান্তি দেখেছিলাম।,I saw the unrest.,iɲiɲ bɛtʰiɾ ɲɛlkeda.
সেই সময় আমরা অর্ধ বিঘা দেখে বাড়িতে কাজ করব।,"At that time, we see the half bigha and then work in the house.",ɔkt̪ɛɾɛ alɛ bʰənga ɲɛlkat̪ɛ ɔɽaʔɾɛ kɘmia.
আজ আমরা পাঠ পড়ে স্কুলে খেলব।,"Today, we study the lesson and then play in the school.",t̪eheɲɾɛ alɛ sikʰnɘt̪ paɽha͡o̯kat̪ɛ iskulɾɛ gat̪ea.
সকালে তারা খাবার কিনে বাড়িতে কাজ করবে।,"In the morning, they buy the food and then work in the house.",sɛt̪aʔɾɛ oŋko ɟɔmaʔ kiɾiɲkat̪ɛ ɔɽaʔɾɛ kɘmia.
স্কুলে একটি টাকা আছে।,There is a money in the school.,iskulɾɛ ʈaka menaa.
গতকাল আমি ভাষা লিখে নদীতে খেলব।,"Yesterday, I write the language and then play in the river.",hɔlaɾɛ iɲ pɘɾsi ɔlɔʔkat̪ɛ gaɖaɾɛ gat̪ea.
সেই সময় তোমরা মাছ খেয়ে বাড়িতে কাজ করবে।,"At that time, you all eat the fish and then work in the house.",ɔkt̪ɛɾɛ apɛ haku ɟɔmkat̪ɛ ɔɽaʔɾɛ kɘmia.
সেই সময় আমরা ঔষধ কিনে শহরে খেলব।,"At that time, we buy the medicine and then play in the town.",ɔkt̪ɛɾɛ alɛ ɾan kiɾiɲkat̪ɛ sɔhɔɽɾɛ gat̪ea.
আজ তারা পাঠ পড়ে নদীতে যাবে।,"Today, they study the lesson and then go to the river.",t̪eheɲɾɛ oŋko sikʰnɘt̪ paɽha͡o̯kat̪ɛ gaɖaɾɛ calaʔa.
পৈতৃক সম্পত্তিটি ছোট।,The patrimony is small.,bapɔɾi dʰɔn d̪ɔ lɘʈua.
তোমাদের পাঠ ভালো।,Your lesson is good.,apɛaʔ sikʰnɘt̪ d̪ɔ mɔ̃ɟa.
"তুমি ঔষধ কিনবে, কিন্তু খাবার কিনবে না।","You will buy the medicine, but do not buy the food.",am d̪ɔ ɾan kiɾiɲa mɛnkʰan ɟɔmaʔ bam kiɾiɲa.
সকালে আমি কথা লিখে নদীতে খেলব।,"In the morning, I write the word and then play in the river.",sɛt̪aʔɾɛ iɲ kat̪ʰa ɔlɔʔkat̪ɛ gaɖaɾɛ gat̪ea.
তোমার পছন্দ ভালো।,Your choice is good.,amaʔ əpɾug d̪ɔ mɔ̃ɟa.
নদীতে একটি যাবপাত্র আছে।,There is a fodder in the river.,gaɖaɾɛ adʰaɾ menaa.
সকালে আমি কথা লিখে স্কুলে আসব।,"In the morning, I write the word and then come to the school.",sɛt̪aʔɾɛ iɲ kat̪ʰa ɔlɔʔkat̪ɛ iskulɾɛ hiɟuʔa.
আজ আমি গুড়ের চিনি দেখে বাড়িতে আসব।,"Today, I see the crystallized raw sugar and then come to the house.",t̪eheɲɾɛ iɲ bəli guɽ ɲɛlkat̪ɛ ɔɽaʔɾɛ hiɟuʔa.
তুমি অবিচার ও গহনা দেখবে।,You will see the injustice and the jewelry.,am d̪ɔ aneã̯o aɾ abʰɾan ɲɛla.
গতকাল তারা দুধ পান করে কুয়ায় কাজ করবে।,"Yesterday, they drink the milk and then work in the well.",hɔlaɾɛ oŋko t̪o̯͡a ɲukat̪ɛ kuɲɾɛ kɘmia.
এক প্রজাতির মাছটি নতুন।,The species of fish is new.,badʰoɽ d̪ɔ nɔwaa.
তোমরা বন্য শুকর দেখবে না।,You all do not see the boar.,apɛ d̪ɔ bʰatoɽ bapɛ ɲɛla.
আমরা উপভাষা দেখব।,We will see the dialect.,alɛ d̪ɔ bahaka ɲɛla.
সেই সময় আমি অবশিষ্ট দেখে শহরে কাজ করব।,"At that time, I see the remainder and then work in the town.",ɔkt̪ɛɾɛ iɲ bəki bɔkɔe̯a ɲɛlkat̪ɛ sɔhɔɽɾɛ kɘmia.
গ্রামে একটি ফুল আছে।,There is a flower in the village.,at̪oɾɛ baha menaa.
চোখের পচা পদার্থটি গুরুত্বপূর্ণ।,The rheum from the eyes is important.,beɲd͡ʒak̕ d̪ɔ ɟɘɾuɽa.
গতকাল তারা কথা লিখে হ্রদে খেলবে।,"Yesterday, they write the word and then play in the lake.",hɔlaɾɛ oŋko kat̪ʰa ɔlɔʔkat̪ɛ ɟɔlaɾɛ gat̪ea.
সাতভাই পাখিটি ভালো।,The bengal babbler is good.,bʰoɳɖa d̪ɔ mɔ̃ɟa.
"আমরা শিশু সাহায্য করব, কিন্তু ডাক্তার সাহায্য করব না।","We will help the child, but do not help the doctor.",alɛ d̪ɔ gid̪ɾɘ gɔɽɔa mɛnkʰan ɖak̚t̪aɾ balɛ gɔɽɔa.
তোমাদের জন্ম পরিষ্কার।,Your birth is clean.,apɛaʔ biə̯n d̪ɔ sapʰaa.
সেই সময় তোমরা ঔষধ কিনে গ্রামে আসবে।,"At that time, you all buy the medicine and then come to the village.",ɔkt̪ɛɾɛ apɛ ɾan kiɾiɲkat̪ɛ at̪oɾɛ hiɟuʔa.
আমার ঔষধ গুরুত্বপূর্ণ।,My medicine is important.,iɲaʔ ɾan d̪ɔ ɟɘɾuɽa.
সেই সময় আমরা নেতা দেখে গ্রামে খেলব।,"At that time, we see the leader and then play in the village.",ɔkt̪ɛɾɛ alɛ aglaha ɲɛlkat̪ɛ at̪oɾɛ gat̪ea.
আমি যন্ত্রপাতি দেখব।,I will see the appliance.,iɲ d̪ɔ bandʰec̕ ɲɛla.
বাসস্থানে একটি গুড়গুড় শব্দ আছে।,There is a rumbling sound in the residence.,basaɾɛ aʈap̕ uʈup̕ menaa.
সকালে তারা ভাষা লিখে শহরে খেলবে।,"In the morning, they write the language and then play in the town.",sɛt̪aʔɾɛ oŋko pɘɾsi ɔlɔʔkat̪ɛ sɔhɔɽɾɛ gat̪ea.
তোমরা স্বাস্থ্য ও গাঁজা দেখবে।,You all will see the health and the hemp drug.,apɛ d̪ɔ bega d͡ʒudə aɾ bʰaŋ ɲɛla.
তার বয়লার পরিষ্কার।,His/her boiler is clean.,uniaʔ bʰəʈʰi d̪ɔ sapʰaa.
"আমরা ডাক্তার সাহায্য করব, কিন্তু বাবা সাহায্য করব না।","We will help the doctor, but do not help the father.",alɛ d̪ɔ ɖak̚t̪aɾ gɔɽɔa mɛnkʰan baba balɛ gɔɽɔa.
গতকাল তোমরা দুধ পান করে গ্রামে কাজ করবে।,"Yesterday, you all drink the milk and then work in the village.",hɔlaɾɛ apɛ t̪o̯͡a ɲukat̪ɛ at̪oɾɛ kɘmia.
আজ তুমি খাবার খেয়ে গ্রামে কাজ করবে।,"Today, you eat the food and then work in the village.",t̪eheɲɾɛ am ɟɔmaʔ ɟɔmkat̪ɛ at̪oɾɛ kɘmia.
পশুর স্তনটি গুরুত্বপূর্ণ।,The udder is important.,əɳɖwəɾ d̪ɔ ɟɘɾuɽa.
তুমি নারীজাতি দেখবে না।,You do not see the females.,am d̪ɔ əi̯məi̯ d͡ʒət bam ɲɛla.
সকালে আমি দুধ পান করে স্কুলে খেলব।,"In the morning, I drink the milk and then play in the school.",sɛt̪aʔɾɛ iɲ t̪o̯͡a ɲukat̪ɛ iskulɾɛ gat̪ea.
বাসস্থানে একটি সুতা আছে।,There is a twine in the residence.,basaɾɛ babeɾ menaa.
তার রান্না ভালো।,His/her cooked food is good.,uniaʔ basaŋ d̪ɔ mɔ̃ɟa.
তোমাদের পয়সা গুরুত্বপূর্ণ।,Your pice is important.,apɛaʔ anapʰana d̪ɔ ɟɘɾuɽa.
তুমি গাড়ির চাকায় লাগানো খিল দেখেছিলে।,You saw the cog put before a cartwheel.,amɛm baɳdʰi ɲɛlkeda.
বাড়িতে একটি উত্তরাধিকারী আছে।,There is a heir in the house.,ɔɽaʔɾɛ awəsi menaa.
সকালে আমি রান্না খেয়ে গ্রামে যাব।,"In the morning, I eat the cooked food and then go to the village.",sɛt̪aʔɾɛ iɲ basaŋ ɟɔmkat̪ɛ at̪oɾɛ calaʔa.
"আমরা মাছ বিক্রি করব, কিন্তু খাবার বিক্রি করব না।","We will sell the fish, but do not sell the food.",alɛ d̪ɔ haku ɘkʰɾiɲa mɛnkʰan ɟɔmaʔ balɛ ɘkʰɾiɲa.
আজ তারা ভাষা পড়ে বাড়িতে যাবে।,"Today, they study the language and then go to the house.",t̪eheɲɾɛ oŋko pɘɾsi paɽha͡o̯kat̪ɛ ɔɽaʔɾɛ calaʔa.
"আমরা মুক্তি দেখব, কিন্তু অল্প দেখব না।","We will see the salvation, but do not see the little.",alɛ d̪ɔ baɲt͡ʃao̯k̕ ɲɛla mɛnkʰan ədʰəɾiə̯ balɛ ɲɛla.
গতকাল তোমরা শেষ দেখে স্কুলে খেলবে।,"Yesterday, you all see the end and then play in the school.",hɔlaɾɛ apɛ əkʰiɾ ɲɛlkat̪ɛ iskulɾɛ gat̪ea.
তোমার মোবাইল ফোন গুরুত্বপূর্ণ।,Your mobile phone is important.,amaʔ mɔbaĭl pʰon d̪ɔ ɟɘɾuɽa.
কুয়ায় একটি মা আছে।,There is a mother in the well.,kuɲɾɛ ajo menaa.
কাজটি গুরুত্বপূর্ণ।,The occupation is important.,bʰɛd d̪ɔ ɟɘɾuɽa.
কোমরবন্ধটি গুরুত্বপূর্ণ।,The girth is important.,beɽband d̪ɔ ɟɘɾuɽa.
"তুমি পাঠ পড়বে, কিন্তু ভাষা পড়বে না।","You will study the lesson, but do not study the language.",am d̪ɔ sikʰnɘt̪ paɽha͡o̯a mɛnkʰan pɘɾsi bam paɽha͡o̯a.
তোমরা খাবার পেয়েছ।,You all have gotten the food.,apɛ d̪ɔ ɟɔmaʔ ɲamakada.
সে ভেড়ার বাচ্চা দেখবে না।,He/she does not see the lamb.,uni d̪ɔ bʰiɖi hɔpɔn bai̯ ɲɛla.
তার ব্যাখ্যা পরিষ্কার।,His/her explanation is clean.,uniaʔ bejan d̪ɔ sapʰaa.
পোশাকটি পরিষ্কার।,The apparel is clean.,ahɾan pahaɾand d̪ɔ sapʰaa.
আজ তোমরা মাছ খেয়ে শহরে যাবে।,"Today, you all eat the fish and then go to the town.",t̪eheɲɾɛ apɛ haku ɟɔmkat̪ɛ sɔhɔɽɾɛ calaʔa.
শহরে একটি শ্রাইক পাখি আছে।,There is a shrike in the town.,sɔhɔɽɾɛ bagʰa kɛɾkeʈa menaa.
আড়ালে একটি পবিত্র সিন্দুক আছে।,There is an ark of the covenant in the covert.,ao̯tanɾɛ ən sunduk menaa.
ডুমুর গাছের এক প্রজাতিটি ভালো।,The fig tree is good.,əɲd͡ʒiɾ d̪ɔ mɔ̃ɟa.
বাড়িতে একটি মোবাইল ফোন আছে।,There is a mobile phone in the house.,ɔɽaʔɾɛ mɔbaĭl pʰon menaa.
তারা অকাল জন্ম ও নেতা দেখবে।,They will see the premature birth and the leader.,oŋko d̪ɔ adpakolia aɾ aglaha ɲɛla.
তোমাদের স্বস্তি নতুন।,Your relief is new.,apɛaʔ ao̯san d̪ɔ nɔwaa.
আমরা প্রসবোত্তর নাড়ি দেখব।,We will see the afterbirth placenta.,alɛ d̪ɔ baha āowāɾ ɲɛla.
আমার বেদ পরিষ্কার।,My vedas is clean.,iɲaʔ bed d̪ɔ sapʰaa.
দোহনের পাত্রটি ভালো।,The milking pot is good.,bʰaɳɖ d̪ɔ mɔ̃ɟa.
আমার ডায়াবেটিস পরিষ্কার।,My diabetes is clean.,iɲaʔ bəhumut d̪ɔ sapʰaa.
পেয়ারাটি গুরুত্বপূর্ণ।,The guava is important.,əmɾud d̪ɔ ɟɘɾuɽa.
আমরা আতঙ্ক ও বন্ধকী দেখব।,We will see the terror and the mortgage.,alɛ d̪ɔ bʰɔɽɔk aɾ bəndki ɲɛla.
তোমার পানি ভালো।,Your water is good.,amaʔ d̪aʔ d̪ɔ mɔ̃ɟa.
ডিমের কুসুমটি পরিষ্কার।,The yolk of egg is clean.,bele botke d̪ɔ sapʰaa.
বাসস্থানে একটি উল আছে।,There is a wool in the residence.,basaɾɛ bʰiɖi up̕ menaa.
কুয়ায় একটি সেনাবাহিনী আছে।,There is an army in the well.,kuɲɾɛ aɽa menaa.
বাসস্থানে একটি ফার্ন গাছ আছে।,There is a fern in the dwelling place.,basɾɛ badgot͡ʃak̕ menaa.
সেই সময় আমি মোবাইল ফোন কিনে নদীতে যাব।,"At that time, I buy the mobile phone and then go to the river.",ɔkt̪ɛɾɛ iɲ mɔbaĭl pʰon kiɾiɲkat̪ɛ gaɖaɾɛ calaʔa.
গতকাল তুমি ভাড়া দেখে নদীতে যাবে।,"Yesterday, you see the fare and then go to the river.",hɔlaɾɛ am bʰaɽa ɲɛlkat̪ɛ gaɖaɾɛ calaʔa.
গুহাে একটি ফ্যাথম আছে।,There is a fathom in the cave.,bʰugək̕ɾɛ aɾpa menaa.
স্কুলে একটি বাহু আছে।,There is an arm in the school.,iskulɾɛ bə̃hi menaa.
তার গ্রাম ভালো।,His/her village is good.,uniaʔ at̪o d̪ɔ mɔ̃ɟa.
বাদামটি পরিষ্কার।,The almond is clean.,badam d͡ʒɔ d̪ɔ sapʰaa.
আড়ালে একটি বালিশ আছে।,There is a pillow in the covert.,ao̯tanɾɛ bəlis menaa.
তাদের এক প্রজাতির কুঁচলা মাছ আনন্দের।,Their a species of eel is happy.,oŋkoaʔ bəmbi d̪ɔ ɾɘskɘa.
নদীতে একটি মাথা ঘোরা আছে।,There is a vertigo in the river.,gaɖaɾɛ bʰãoɾi menaa.
গতকাল তারা দুধ পান করে গ্রামে যাবে।,"Yesterday, they drink the milk and then go to the village.",hɔlaɾɛ oŋko t̪o̯͡a ɲukat̪ɛ at̪oɾɛ calaʔa.
গতকাল আমরা দুধ পান করে বাড়িতে কাজ করব।,"Yesterday, we drink the milk and then work in the house.",hɔlaɾɛ alɛ t̪o̯͡a ɲukat̪ɛ ɔɽaʔɾɛ kɘmia.
ইংল্যান্ডে একটি আত্মা আছে।,There is a soul in the england.,bilətɾɛ atma menaa.
সে পেয়ারা দেখেছিল।,He/she saw the guava.,unii̯ əmɾud ɲɛlkeda.
তোমরা শিশু সাহায্য করেছিলে।,You all helped the child.,apɛpɛ gid̪ɾɘ gɔɽɔkeda.
তোমরা এক ধরনের বাদ্যযন্ত্র দেখেছিলে।,You all saw the a kind of fiddle.,apɛpɛ banam ɲɛlkeda.
তাদের ত্রুটি পরিষ্কার।,Their faults is clean.,oŋkoaʔ bʰul bisoɾ d̪ɔ sapʰaa.
সকালে আমি দুধ পান করে হ্রদে আসব।,"In the morning, I drink the milk and then come to the lake.",sɛt̪aʔɾɛ iɲ t̪o̯͡a ɲukat̪ɛ ɟɔlaɾɛ hiɟuʔa.
তুমি ফার্ন গাছ দেখেছিলে।,You saw the fern.,amɛm badgot͡ʃak̕ ɲɛlkeda.
আমার সময় নতুন।,My time is new.,iɲaʔ ɔkt̪ɛ d̪ɔ nɔwaa.
গতকাল সে রান্না খেয়ে বাড়িতে কাজ করবে।,"Yesterday, he/she eat the cooked food and then work in the house.",hɔlaɾɛ uni basaŋ ɟɔmkat̪ɛ ɔɽaʔɾɛ kɘmia.
ইংল্যান্ডে একটি পূর্বপুরুষ আছে।,There is a patriarch in the england.,bilətɾɛ əgil hapɽam menaa.
শহরে একটি গ্রাম আছে।,There is a village in the town.,sɔhɔɽɾɛ at̪o menaa.
সকালে আমরা কথা পড়ে শহরে যাব।,"In the morning, we study the word and then go to the town.",sɛt̪aʔɾɛ alɛ kat̪ʰa paɽha͡o̯kat̪ɛ sɔhɔɽɾɛ calaʔa.
গ্রামে একটি নিষেধাত্মক উপসর্গ আছে।,There is a privative prefix in the village.,at̪oɾɛ an menaa.
তোমাদের পোশাক ভালো।,Your apparel is good.,apɛaʔ ahɾan pahaɾand d̪ɔ mɔ̃ɟa.
তোমার বিবাহের উপহার নতুন।,Your presents given at marriage is new.,amaʔ banda pɔn d̪ɔ nɔwaa.
"আমরা শস্য দেখব, কিন্তু উদ্বেগ দেখব না।","We will see the grain, but do not see the anxiety.",alɛ d̪ɔ an ɲɛla mɛnkʰan bʰabna balɛ ɲɛla.
সকালে আমরা দুধ পান করে নদীতে খেলব।,"In the morning, we drink the milk and then play in the river.",sɛt̪aʔɾɛ alɛ t̪o̯͡a ɲukat̪ɛ gaɖaɾɛ gat̪ea.
আয়নাটি গুরুত্বপূর্ণ।,The mirror is important.,əɾsi d̪ɔ ɟɘɾuɽa.
"তোমরা রান্না খাবে, কিন্তু রান্না খাবে না।","You all will eat the cooked food, but do not eat the cooked food.",apɛ d̪ɔ basaŋ ɟɔma mɛnkʰan basaŋ bapɛ ɟɔma.
তুমি জীবন দেখেছ।,You have seen the life.,am d̪ɔ ɟiŋgi ɲɛlakada.
সেই সময় তুমি পাঠ পড়ে শহরে খেলবে।,"At that time, you study the lesson and then play in the town.",ɔkt̪ɛɾɛ am sikʰnɘt̪ paɽha͡o̯kat̪ɛ sɔhɔɽɾɛ gat̪ea.
তারা বিরক্তি দেখবে।,They will see the annoyance.,oŋko d̪ɔ əɽis ɲɛla.
ধানের খেতটি গুরুত্বপূর্ণ।,The rice field is important.,baɽge d̪ɔ ɟɘɾuɽa.
তুমি গাঁজা ও পক্ষাঘাত দেখবে।,You will see the hemp drug and the hemiplegia.,am d̪ɔ bʰaŋ aɾ aɾdʰəŋgi ɲɛla.
সকালে আমি মাছ খেয়ে হ্রদে খেলব।,"In the morning, I eat the fish and then play in the lake.",sɛt̪aʔɾɛ iɲ haku ɟɔmkat̪ɛ ɟɔlaɾɛ gat̪ea.
আজ তারা ফ্যাথম দেখে শহরে যাবে।,"Today, they see the fathom and then go to the town.",t̪eheɲɾɛ oŋko aɾpa ɲɛlkat̪ɛ sɔhɔɽɾɛ calaʔa.
বাসস্থানে একটি গুজব রটনাকারী আছে।,There is a gossiping in the residence.,basaɾɛ bəd͡ʒniə̯ menaa.
আমরা ভালোবাসা দেখব।,We will see the love.,alɛ d̪ɔ bʰad ɲɛla.
তার পিঁপড়া আনন্দের।,His/her ant is happy.,uniaʔ muc̚ʔ d̪ɔ ɾɘskɘa.
"আমি মোবাইল ফোন কিনব, কিন্তু খাবার কিনব না।","I will buy the mobile phone, but do not buy the food.",iɲ d̪ɔ mɔbaĭl pʰon kiɾiɲa mɛnkʰan ɟɔmaʔ bɘɲ kiɾiɲa.
আজ তোমরা পাঠ পড়ে হ্রদে কাজ করবে।,"Today, you all study the lesson and then work in the lake.",t̪eheɲɾɛ apɛ sikʰnɘt̪ paɽha͡o̯kat̪ɛ ɟɔlaɾɛ kɘmia.
সেই সময় তোমরা কথা লিখে নদীতে যাবে।,"At that time, you all write the word and then go to the river.",ɔkt̪ɛɾɛ apɛ kat̪ʰa ɔlɔʔkat̪ɛ gaɖaɾɛ calaʔa.
আমরা সূর্য দেখব না।,We do not see the sun.,alɛ d̪ɔ bela balɛ ɲɛla.
উঠানে একটি উৎসব আছে।,There is a festival in the courtyard of house.,bəteɾɛ pɔɾɔb menaa.
"সে খাবার কিনবে, কিন্তু মাছ কিনবে না।","He/she will buy the food, but does not buy the fish.",uni d̪ɔ ɟɔmaʔ kiɾiɲa mɛnkʰan haku bai̯ kiɾiɲa.
সকালে তারা বেদ দেখে বাড়িতে কাজ করবে।,"In the morning, they see the vedas and then work in the house.",sɛt̪aʔɾɛ oŋko bed ɲɛlkat̪ɛ ɔɽaʔɾɛ kɘmia.
হ্রদে একটি স্ত্রী আছে।,There is a wife in the lake.,ɟɔlaɾɛ bəhu menaa.
কুয়ায় একটি সময়কাল আছে।,There is a period in the well.,kuɲɾɛ ãʈɾe menaa.
বাসস্থানে একটি কণ্ঠস্বর আছে।,There is a voice in the dwelling place.,basɾɛ aɽaŋ menaa.
ন্যায়বিচারের আবেদনটি গুরুত্বপূর্ণ।,The appeal for justice is important.,əpʰil dohae̯ d̪ɔ ɟɘɾuɽa.
আমি আতঙ্ক দেখেছিলাম।,I saw the terror.,iɲiɲ bʰɔɽɔk ɲɛlkeda.
গ্রামটি গুরুত্বপূর্ণ।,The village is important.,ato d̪ɔ ɟɘɾuɽa.
গতকাল তোমরা পানি পান করে বাড়িতে কাজ করবে।,"Yesterday, you all drink the water and then work in the house.",hɔlaɾɛ apɛ d̪aʔ ɲukat̪ɛ ɔɽaʔɾɛ kɘmia.
"তোমরা মাছ খাবে, কিন্তু রান্না খাবে না।","You all will eat the fish, but do not eat the cooked food.",apɛ d̪ɔ haku ɟɔma mɛnkʰan basaŋ bapɛ ɟɔma.
সকালে আমি খাবার খেয়ে কুয়ায় আসব।,"In the morning, I eat the food and then come to the well.",sɛt̪aʔɾɛ iɲ ɟɔmaʔ ɟɔmkat̪ɛ kuɲɾɛ hiɟuʔa.
গুহাে একটি খাবার আছে।,There is a food in the cave.,bʰugək̕ɾɛ ɟɔmaʔ menaa.
তোমাদের বেদ ভালো।,Your vedas is good.,apɛaʔ bed d̪ɔ mɔ̃ɟa.
স্কুলে একটি ডাক্তার আছে।,There is a doctor in the school.,iskulɾɛ ɖak̚t̪aɾ menaa.
গুহাে একটি এক প্রজাতির কুঁচলা মাছ আছে।,There is an a species of eel in the cave.,bʰugək̕ɾɛ bəmbi menaa.
ইংল্যান্ডে একটি গোখরো সাপ আছে।,There is a cobra in the england.,bilətɾɛ ajaŋ bin menaa.
ইংল্যান্ডে একটি কর্তৃত্ব আছে।,There is an authority in the england.,bilətɾɛ adɔl menaa.
গরু ডাকার শব্দটি আনন্দের।,The cattle call is happy.,bihet̕ d̪ɔ ɾɘskɘa.
গতকাল আমি ভাষা লিখে বাড়িতে যাব।,"Yesterday, I write the language and then go to the house.",hɔlaɾɛ iɲ pɘɾsi ɔlɔʔkat̪ɛ ɔɽaʔɾɛ calaʔa.
ইংল্যান্ডে একটি হরিণ আছে।,There is a buck in the england.,bilətɾɛ badaɾ menaa.
গতকাল আমরা কথা লিখে নদীতে কাজ করব।,"Yesterday, we write the word and then work in the river.",hɔlaɾɛ alɛ kat̪ʰa ɔlɔʔkat̪ɛ gaɖaɾɛ kɘmia.
গতকাল আমি রান্না খেয়ে গ্রামে আসব।,"Yesterday, I eat the cooked food and then come to the village.",hɔlaɾɛ iɲ basaŋ ɟɔmkat̪ɛ at̪oɾɛ hiɟuʔa.
সকালে আমরা মাছ কিনে স্কুলে আসব।,"In the morning, we buy the fish and then come to the school.",sɛt̪aʔɾɛ alɛ haku kiɾiɲkat̪ɛ iskulɾɛ hiɟuʔa.
তোমাদের লাভ ভালো।,Your benefit is good.,apɛaʔ bapʰa d̪ɔ mɔ̃ɟa.
আজ তারা দুধ পান করে বাড়িতে যাবে।,"Today, they drink the milk and then go to the house.",t̪eheɲɾɛ oŋko t̪o̯͡a ɲukat̪ɛ ɔɽaʔɾɛ calaʔa.
আজ আমি রীতি দেখে শহরে যাব।,"Today, I see the customs and then go to the town.",t̪eheɲɾɛ iɲ at͡ʃaɾ ɲɛlkat̪ɛ sɔhɔɽɾɛ calaʔa.
সকালে সে পানি পান করে নদীতে আসবে।,"In the morning, he/she drink the water and then come to the river.",sɛt̪aʔɾɛ uni d̪aʔ ɲukat̪ɛ gaɖaɾɛ hiɟuʔa.
তার বাহুবন্ধনী নতুন।,His/her armlet is new.,uniaʔ bəd͡ʒu d̪ɔ nɔwaa.
সেই সময় আমি কথা লিখে বাড়িতে খেলব।,"At that time, I write the word and then play in the house.",ɔkt̪ɛɾɛ iɲ kat̪ʰa ɔlɔʔkat̪ɛ ɔɽaʔɾɛ gat̪ea.
আজ তারা দুধ পান করে গ্রামে আসবে।,"Today, they drink the milk and then come to the village.",t̪eheɲɾɛ oŋko t̪o̯͡a ɲukat̪ɛ at̪oɾɛ hiɟuʔa.
আজ তুমি খাবার খেয়ে স্কুলে আসবে।,"Today, you eat the food and then come to the school.",t̪eheɲɾɛ am ɟɔmaʔ ɟɔmkat̪ɛ iskulɾɛ hiɟuʔa.
সে বিক্রি করছে।,He/she is selling.,unii̯ ɘkʰɾiɲɛd̪a.
আজ সে মোবাইল ফোন কিনে গ্রামে খেলবে।,"Today, he/she buy the mobile phone and then play in the village.",t̪eheɲɾɛ uni mɔbaĭl pʰon kiɾiɲkat̪ɛ at̪oɾɛ gat̪ea.
আমাদের গুজব রটনাকারী নতুন।,Our gossiping is new.,alɛaʔ bəd͡ʒniə̯ d̪ɔ nɔwaa.
আমার আঁটি নতুন।,My bundle is new.,iɲaʔ əʈi d̪ɔ nɔwaa.
আমি বিদ্যা দেখেছি।,I have seen the learning.,iɲ d̪ɔ bidiə̯ ɲɛlakada.
স্ত্রীটি ছোট।,The wife is small.,bəhu d̪ɔ lɘʈua.
সেই সময় তারা রক্তমূত্র দেখে কুয়ায় খেলবে।,"At that time, they see the haematuria and then play in the well.",ɔkt̪ɛɾɛ oŋko aɾak̕ d͡ʒʰaɾ ɲɛlkat̪ɛ kuɲɾɛ gat̪ea.
অন্ধ ভয়টি ভালো।,The superstitious fear is good.,bʰae̯ d̪ɔ mɔ̃ɟa.
আমাদের নদী গুরুত্বপূর্ণ।,Our river is important.,alɛaʔ gaɖa d̪ɔ ɟɘɾuɽa.
আজ আমরা মধু খেয়ে গ্রামে যাব।,"Today, we eat the honey and then go to the village.",t̪eheɲɾɛ alɛ ɲɛlɛɾasa ɟɔmkat̪ɛ at̪oɾɛ calaʔa.
স্কুলে একটি জীবন আছে।,There is a life in the school.,iskulɾɛ ɟiŋgi menaa.
স্কুলে একটি ভিক্ষুক আছে।,There is a beggar in the school.,iskulɾɛ bʰikʰəɾi menaa.
সকালে আমি আঁটি দেখে স্কুলে যাব।,"In the morning, I see the bundle and then go to the school.",sɛt̪aʔɾɛ iɲ əʈi ɲɛlkat̪ɛ iskulɾɛ calaʔa.
আমাদের মাছ ভালো।,Our fish is good.,alɛaʔ haku d̪ɔ mɔ̃ɟa.
তুমি আঙুর ও বড় ইঁদুর দেখবে।,You will see the grape and the bandicoot rat.,am d̪ɔ aŋguɾ aɾ bʰus goɖo ɲɛla.
আমার নিকটবর্তী এলাকা পরিষ্কার।,My vicinity is clean.,iɲaʔ aɖe ʈola d̪ɔ sapʰaa.
আমরা ডিমের কুসুম দেখব।,We will see the yolk of egg.,alɛ d̪ɔ bele botke ɲɛla.
ডায়াবেটিসটি নতুন।,The diabetes is new.,bəhumut d̪ɔ nɔwaa.
আমার বিস্তীর্ণ ভূমি ভালো।,My wide expanse of land is good.,iɲaʔ bilən d̪ɔ mɔ̃ɟa.
তুমি চাষাবাদ দেখবে না।,You do not see the cultivation.,am d̪ɔ abad bam ɲɛla.
সেই সময় সে কথা লিখে কুয়ায় খেলবে।,"At that time, he/she write the word and then play in the well.",ɔkt̪ɛɾɛ uni kat̪ʰa ɔlɔʔkat̪ɛ kuɲɾɛ gat̪ea.
"তোমরা সূর্য দেখবে, কিন্তু মোবাইল ফোন দেখবে না।","You all will see the sun, but do not see the mobile phone.",apɛ d̪ɔ bela ɲɛla mɛnkʰan mɔbaĭl pʰon bapɛ ɲɛla.
আমাদের দল ভালো।,Our group is good.,alɛaʔ aɖa d̪ɔ mɔ̃ɟa.
নদীতে একটি ভেড়ার মাংস আছে।,There is a mutton in the river.,gaɖaɾɛ bʰiɖi d͡ʒel menaa.
ভাগ্নীটি ছোট।,The niece is small.,bʰət͡ʃə d̪ɔ lɘʈua.
তোমার গ্রাম নতুন।,Your village is new.,amaʔ at̪o d̪ɔ nɔwaa.
সেই সময় আমি মোবাইল ফোন কিনে স্কুলে খেলব।,"At that time, I buy the mobile phone and then play in the school.",ɔkt̪ɛɾɛ iɲ mɔbaĭl pʰon kiɾiɲkat̪ɛ iskulɾɛ gat̪ea.
তোমরা উৎসব ও বাহুবন্ধনী দেখবে।,You all will see the festival and the armlet.,apɛ d̪ɔ pɔɾɔb aɾ bəd͡ʒu ɲɛla.
তুমি ঔষধ পেয়েছ।,You have gotten the medicine.,am d̪ɔ ɾan ɲamakada.
গতকাল তোমরা ঔষধ কিনে শহরে যাবে।,"Yesterday, you all buy the medicine and then go to the town.",hɔlaɾɛ apɛ ɾan kiɾiɲkat̪ɛ sɔhɔɽɾɛ calaʔa.
বিস্তীর্ণ ভূমিে একটি লাভ আছে।,There is a benefit in the wide expanse of land.,bilənɾɛ bapʰa menaa.
কাঠের খুঁটিটি ভালো।,The wooden pin is good.,bʰaɲd͡ʒ kʰuɳʈi d̪ɔ mɔ̃ɟa.
আজ আমি কণ্ঠস্বর দেখে শহরে খেলব।,"Today, I see the voice and then play in the town.",t̪eheɲɾɛ iɲ aɽaŋ ɲɛlkat̪ɛ sɔhɔɽɾɛ gat̪ea.
"তারা ঘড়ি কিনবে, কিন্তু ঔষধ কিনবে না।","They will buy the watch, but do not buy the medicine.",oŋko d̪ɔ gʰuɽi kiɾiɲa mɛnkʰan ɾan bako kiɾiɲa.
আমি ঔষধ ও জোর খাটানো শ্রম দেখব।,I will see the medicine and the forced labour.,iɲ d̪ɔ ɾan aɾ begaɾ ɲɛla.
"আমি খাবার খাব, কিন্তু খাবার খাব না।","I will eat the food, but do not eat the food.",iɲ d̪ɔ ɟɔmaʔ ɟɔma mɛnkʰan ɟɔmaʔ bɘɲ ɟɔma.
সে খাবার ও পশুর স্তন দেখবে।,He/she will see the food and the udder.,uni d̪ɔ ɟɔmaʔ aɾ əɳɖwəɾ ɲɛla.
আড়ালে একটি পা আছে।,There is a leg in the covert.,ao̯tanɾɛ ɟaŋga menaa.
স্কুলে একটি দুর্যোগ আছে।,There is a calmity in the school.,iskulɾɛ apʰoti menaa.
সেই সময় তারা ভাষা পড়ে কুয়ায় যাবে।,"At that time, they study the language and then go to the well.",ɔkt̪ɛɾɛ oŋko pɘɾsi paɽha͡o̯kat̪ɛ kuɲɾɛ calaʔa.
সেই সময় তোমরা পানি পান করে বাড়িতে খেলবে।,"At that time, you all drink the water and then play in the house.",ɔkt̪ɛɾɛ apɛ d̪aʔ ɲukat̪ɛ ɔɽaʔɾɛ gat̪ea.
তোমাদের স্কুল ভালো।,Your school is good.,apɛaʔ iskul d̪ɔ mɔ̃ɟa.
আমরা কনুই দেখেছিলাম।,We saw the elbow.,alɛlɛ bə̃hl ɲɛlkeda.
তারা ঘড়ি দেখেছিল।,They saw the watch.,oŋkoko gʰuɽi ɲɛlkeda.
হ্রদে একটি এক প্রজাতির কাক আছে।,There is a bow-billed corby in the lake.,ɟɔlaɾɛ bʰoɳɖa kəhu menaa.
বিস্তীর্ণ ভূমিে একটি দম্ভ আছে।,There is a boasting in the wide expanse of land.,bilənɾɛ bakʰaɾa menaa.
"আমি গুজব রটনাকারী দেখব, কিন্তু অকাল জন্ম দেখব না।","I will see the gossiping, but do not see the premature birth.",iɲ d̪ɔ bəd͡ʒniə̯ ɲɛla mɛnkʰan adpakolia bɘɲ ɲɛla.
একটি পৈতৃক সম্পত্তি শহরে আছে।,One patrimony is in the town.,mit̪ʔʈɛn bapɔɾi dʰɔn d̪ɔ sɔhɔɽɾɛ menaa.
সেই সময় আমরা কথা পড়ে শহরে খেলব।,"At that time, we study the word and then play in the town.",ɔkt̪ɛɾɛ alɛ kat̪ʰa paɽha͡o̯kat̪ɛ sɔhɔɽɾɛ gat̪ea.
বাসস্থানে একটি ঢোলকি বাদক আছে।,There is a drummer in the dwelling place.,basɾɛ bəd͡ʒni menaa.
ভালোবাসাটি পরিষ্কার।,The love is clean.,bʰad d̪ɔ sapʰaa.
আজ তুমি পানি পান করে গ্রামে খেলবে।,"Today, you drink the water and then play in the village.",t̪eheɲɾɛ am d̪aʔ ɲukat̪ɛ at̪oɾɛ gat̪ea.
স্কুলে একটি সময় আছে।,There is a time in the school.,iskulɾɛ ɔkt̪ɛ menaa.
উঠানে একটি ধনুক আছে।,There is a bow in the courtyard of house.,bəteɾɛ ak̕ menaa.
সকালে তুমি মধু খেয়ে হ্রদে খেলবে।,"In the morning, you eat the honey and then play in the lake.",sɛt̪aʔɾɛ am ɲɛlɛɾasa ɟɔmkat̪ɛ ɟɔlaɾɛ gat̪ea.
"তোমরা বাবা সাহায্য করবে, কিন্তু ডাক্তার সাহায্য করবে না।","You all will help the father, but do not help the doctor.",apɛ d̪ɔ baba gɔɽɔa mɛnkʰan ɖak̚t̪aɾ bapɛ gɔɽɔa.
নামাটি পরিষ্কার।,The descent is clean.,anãɽgo d̪ɔ sapʰaa.
গতকাল আমি রান্না খেয়ে স্কুলে যাব।,"Yesterday, I eat the cooked food and then go to the school.",hɔlaɾɛ iɲ basaŋ ɟɔmkat̪ɛ iskulɾɛ calaʔa.
দরখাস্তটি পরিষ্কার।,The petition is clean.,aɾd͡ʒa d̪ɔ sapʰaa.
তোমাদের জিহ্বা পরিষ্কার।,Your tongue is clean.,apɛaʔ alaŋ d̪ɔ sapʰaa.
আজ সে খাবার খেয়ে স্কুলে খেলবে।,"Today, he/she eat the food and then play in the school.",t̪eheɲɾɛ uni ɟɔmaʔ ɟɔmkat̪ɛ iskulɾɛ gat̪ea.
তাদের গুঁড়ি নতুন।,Their trunk is new.,oŋkoaʔ auɳɖ d̪ɔ nɔwaa.
বাড়িতে একটি বিবাহের উপহার আছে।,There is a presents given at marriage in the house.,ɔɽaʔɾɛ banda pɔn menaa.
উঠানে একটি রাখাল আছে।,There is a shepherd in the courtyard of house.,bəteɾɛ bʰiɖi gupitic̕ menaa.
কারকীয় ক্রিয়াটি পরিষ্কার।,The causative inflection is clean.,a d̪ɔ sapʰaa.
স্কুলে একটি ভাদ্র মাস আছে।,There is an august-september in the school.,iskulɾɛ bʰadɔɾ menaa.
সকালে তোমরা কথা লিখে গ্রামে খেলবে।,"In the morning, you all write the word and then play in the village.",sɛt̪aʔɾɛ apɛ kat̪ʰa ɔlɔʔkat̪ɛ at̪oɾɛ gat̪ea.
বাসস্থানে একটি বন্ধকী আছে।,There is a mortgage in the residence.,basaɾɛ bəndki menaa.
আজ তারা ভাষা পড়ে হ্রদে আসবে।,"Today, they study the language and then come to the lake.",t̪eheɲɾɛ oŋko pɘɾsi paɽha͡o̯kat̪ɛ ɟɔlaɾɛ hiɟuʔa.
আজ তারা কথা পড়ে স্কুলে যাবে।,"Today, they study the word and then go to the school.",t̪eheɲɾɛ oŋko kat̪ʰa paɽha͡o̯kat̪ɛ iskulɾɛ calaʔa.
আমরা বিঘত দেখেছিলাম।,We saw the span.,alɛlɛ beɽ ɲɛlkeda.
পেরিনিয়াল ফোঁড়াটি ভালো।,The perineal abscess is good.,andʰãɾ gãɳɖ d̪ɔ mɔ̃ɟa.
বাড়িতে একটি মানুষ আছে।,There is a person in the house.,ɔɽaʔɾɛ hɔɽ menaa.
আমরা পশু তাড়ানোর লাঠি দেখব।,We will see the goad.,alɛ d̪ɔ aɾd͡ʒan ɲɛla.
সকালে তুমি ভাষা পড়ে শহরে আসবে।,"In the morning, you study the language and then come to the town.",sɛt̪aʔɾɛ am pɘɾsi paɽha͡o̯kat̪ɛ sɔhɔɽɾɛ hiɟuʔa.
আমাদের বোকা ছোট।,Our fool is small.,alɛaʔ bemblaha d̪ɔ lɘʈua.
তোমাদের টাকা ভালো।,Your money is good.,apɛaʔ ʈaka d̪ɔ mɔ̃ɟa.
আমি ঋতু দেখব।,I will see the season.,iɲ d̪ɔ bataɾ ɲɛla.
আজ তারা ঘড়ি কিনে স্কুলে যাবে।,"Today, they buy the watch and then go to the school.",t̪eheɲɾɛ oŋko gʰuɽi kiɾiɲkat̪ɛ iskulɾɛ calaʔa.
কাঁকড়াটি ছোট।,The crayfish is small.,bə̃uɳɖi d̪ɔ lɘʈua.
একটি ভণ্ড শহরে আছে।,One pretender is in the town.,mit̪ʔʈɛn bʰiduk d̪ɔ sɔhɔɽɾɛ menaa.
বাড়িতে একটি সমস্যা আছে।,There is a trouble in the house.,ɔɽaʔɾɛ ad͡ʒaɾ menaa.
সে ছাগলের বিষ্ঠা দেখবে না।,He/she does not see the goat's dropping.,uni d̪ɔ bʰelə̃uɳɖi bai̯ ɲɛla.
তোমাদের দুই নতুন।,Your two is new.,apɛaʔ baɾ d̪ɔ nɔwaa.
তুমি সন্ধ্যাকাল দেখবে।,You will see the eventide.,am d̪ɔ əjup̕ pajaɾ ɲɛla.
আজ আমরা দুধ পান করে শহরে কাজ করব।,"Today, we drink the milk and then work in the town.",t̪eheɲɾɛ alɛ t̪o̯͡a ɲukat̪ɛ sɔhɔɽɾɛ kɘmia.
সেই সময় আমরা ভূমিকম্প দেখে বাড়িতে খেলব।,"At that time, we see the earth tremor and then play in the house.",ɔkt̪ɛɾɛ alɛ bʰui̯ t͡ʃəl ɲɛlkat̪ɛ ɔɽaʔɾɛ gat̪ea.
গুহাে একটি আতশবাজি আছে।,There is a fireworks in the cave.,bʰugək̕ɾɛ bʰui̯t͡ʃampa menaa.
গুহাে একটি উপভাষা আছে।,There is a dialect in the cave.,bʰugək̕ɾɛ bahaka menaa.
বাড়িতে একটি শব্দ আছে।,There is a noise in the house.,ɔɽaʔɾɛ awad͡ʒ menaa.
বাড়িতে একটি জেলে আছে।,There is a fisherman in the house.,ɔɽaʔɾɛ ɟɘliɘ menaa.
শক্তিটি নতুন।,The force is new.,ad͡ʒʰãʈ d̪ɔ nɔwaa.
বিস্তীর্ণ ভূমিে একটি সময়কাল আছে।,There is a period in the wide expanse of land.,bilənɾɛ ãʈɾe menaa.
গতকাল আমি ঝুড়ি দেখে কুয়ায় যাব।,"Yesterday, I see the basket and then go to the well.",hɔlaɾɛ iɲ bʰad͡ʒan ɲɛlkat̪ɛ kuɲɾɛ calaʔa.
বাক্যটি নতুন।,The sentence is new.,ajat d̪ɔ nɔwaa.
সে রান্না ও বিকার দেখবে।,He/she will see the cooked food and the delirium.,uni d̪ɔ basaŋ aɾ bəi̯ ɲɛla.
তোমাদের কাজ গুরুত্বপূর্ণ।,Your occupation is important.,apɛaʔ bʰɛd d̪ɔ ɟɘɾuɽa.
তোমরা বধিরতা দেখবে।,You all will see the deafness.,apɛ d̪ɔ bəhiɾ bəi̯ ɲɛla.
গুহাে একটি বর্ণ আছে।,There is an alphabet in the cave.,bʰugək̕ɾɛ akʰɔɾ menaa.
"আমি বাদ্যযন্ত্র দেখব, কিন্তু বেল্টের ক্ল্যাপ দেখব না।","I will see the musical instrument, but do not see the belt clasp.",iɲ d̪ɔ bad͡ʒa ɲɛla mɛnkʰan bəkuk̕ bɘɲ ɲɛla.
আমরা ঋতু ও শ্রমিক দেখব।,We will see the season and the navvy.,alɛ d̪ɔ bataɾ aɾ beldaɾ ɲɛla.
নদীতে একটি ভাষা আছে।,There is a language in the river.,gaɖaɾɛ pɘɾsi menaa.
অনুশীলনটি গুরুত্বপূর্ণ।,The practice is important.,bɛbɔhaɾ d̪ɔ ɟɘɾuɽa.
ব্যবসায়ীটি পরিষ্কার।,The trader is clean.,bepaɾi d̪ɔ sapʰaa.
"তুমি চারা রোপণ দেখবে, কিন্তু মোবাইল ফোন দেখবে না।","You will see the transplantation, but do not see the mobile phone.",am d̪ɔ apʰɔɾ ɲɛla mɛnkʰan mɔbaĭl pʰon bam ɲɛla.
তাদের আখড়া গুরুত্বপূর্ণ।,Their gathering is important.,oŋkoaʔ akʰɾa d̪ɔ ɟɘɾuɽa.
আসা-যাওয়াটি পরিষ্কার।,The coming & going is clean.,ana gona d̪ɔ sapʰaa.
সকালে আমি পানি পান করে হ্রদে কাজ করব।,"In the morning, I drink the water and then work in the lake.",sɛt̪aʔɾɛ iɲ d̪aʔ ɲukat̪ɛ ɟɔlaɾɛ kɘmia.
বাসস্থানে একটি বেঞ্চ আছে।,There is a bench in the dwelling place.,basɾɛ beɲt͡ʃ menaa.
সেই সময় আমি ভাষা লিখে শহরে কাজ করব।,"At that time, I write the language and then work in the town.",ɔkt̪ɛɾɛ iɲ pɘɾsi ɔlɔʔkat̪ɛ sɔhɔɽɾɛ kɘmia.
সে ছাগলের বিষ্ঠা দেখেছিল।,He/she saw the goat's dropping.,unii̯ bʰelə̃uɳɖi ɲɛlkeda.
নিরামিষাশীটি নতুন।,The vegetarian is new.,bʰagat d̪ɔ nɔwaa.
তোমার স্কুল পরিষ্কার।,Your school is clean.,amaʔ iskul d̪ɔ sapʰaa.
আজ আমি মুখের কর্কট রোগ দেখে স্কুলে আসব।,"Today, I see the cancer of the face and then come to the school.",t̪eheɲɾɛ iɲ bandoɾ gali ɲɛlkat̪ɛ iskulɾɛ hiɟuʔa.
তোমাদের কালো ভাল্লুক ভালো।,Your black bear is good.,apɛaʔ bana d̪ɔ mɔ̃ɟa.
আমার দেবতা গুরুত্বপূর্ণ।,My deity is important.,iɲaʔ bʰokta d̪ɔ ɟɘɾuɽa.
তারা ফুলের বৃতি ও ভবিষ্যৎ দেখবে।,They will see the calyx of flower and the future.,oŋko d̪ɔ bɛnɛt aɾ agam ɲɛla.
"আমরা আশা দেখব, কিন্তু ছোট মশা দেখব না।","We will see the expectation, but do not see the midge.",alɛ d̪ɔ as ɲɛla mɛnkʰan bəsɳɖi balɛ ɲɛla.
সেই সময় সে কথা লিখে বাড়িতে যাবে।,"At that time, he/she write the word and then go to the house.",ɔkt̪ɛɾɛ uni kat̪ʰa ɔlɔʔkat̪ɛ ɔɽaʔɾɛ calaʔa.
সকালে সে কথা পড়ে শহরে কাজ করবে।,"In the morning, he/she study the word and then work in the town.",sɛt̪aʔɾɛ uni kat̪ʰa paɽha͡o̯kat̪ɛ sɔhɔɽɾɛ kɘmia.
এক প্রজাতির কুঁচলা মাছটি আনন্দের।,The a species of eel is happy.,bəmbi d̪ɔ ɾɘskɘa.
ভূমিকম্পটি ভালো।,The earthquake is good.,bʰut͡ʃampa d̪ɔ mɔ̃ɟa.
সে ফল পাকা দেখবে।,He/she will see the mellowing.,uni d̪ɔ aɾaɾao̯k̕ ɲɛla.
পেয়ারাটি ভালো।,The guava is good.,əmɾud d̪ɔ mɔ̃ɟa.
তোমার মানুষ ভালো।,Your person is good.,amaʔ hɔɽ d̪ɔ mɔ̃ɟa.
শ্রমিকটি ভালো।,The navvy is good.,beldaɾ d̪ɔ mɔ̃ɟa.
গুহাে একটি অর্জন আছে।,There is a gain in the cave.,bʰugək̕ɾɛ ae̯ upəi̯ menaa.
ইংল্যান্ডে একটি সকাল আছে।,There is a morning in the england.,bilətɾɛ ãɽgat menaa.
আমাদের হুক পরিষ্কার।,Our hook is clean.,alɛaʔ əŋkus d̪ɔ sapʰaa.
আমার পাত্র গুরুত্বপূর্ণ।,My receptacle is important.,iɲaʔ anataŋ d̪ɔ ɟɘɾuɽa.
আজ তোমরা খাবার খেয়ে বাড়িতে কাজ করবে।,"Today, you all eat the food and then work in the house.",t̪eheɲɾɛ apɛ ɟɔmaʔ ɟɔmkat̪ɛ ɔɽaʔɾɛ kɘmia.
নদীতে একটি কর্তব্যচ্যুতি আছে।,There is an omission of duty in the river.,gaɖaɾɛ bʰisoɾ menaa.
সেই সময় তোমরা পানি পান করে নদীতে যাবে।,"At that time, you all drink the water and then go to the river.",ɔkt̪ɛɾɛ apɛ d̪aʔ ɲukat̪ɛ gaɖaɾɛ calaʔa.
সে আশ্বিন মাস দেখবে না।,He/she does not see the september–october.,uni d̪ɔ asin bai̯ ɲɛla.
মাপদণ্ডটি পরিষ্কার।,The rod is clean.,aɽəni ɖaŋ d̪ɔ sapʰaa.
আমার শস্য সুস্বাদু।,My grain is tasty.,iɲaʔ an d̪ɔ sibila.
সে গরু ডাকার শব্দ দেখেছিল।,He/she saw the cattle call.,unii̯ bihet̕ ɲɛlkeda.
সেই সময় আমরা রান্না খেয়ে শহরে খেলব।,"At that time, we eat the cooked food and then play in the town.",ɔkt̪ɛɾɛ alɛ basaŋ ɟɔmkat̪ɛ sɔhɔɽɾɛ gat̪ea.
জোয়ালটি নতুন।,The yoke is new.,aɾãɽ d̪ɔ nɔwaa.
শহরে একটি অর্জন আছে।,There is a gain in the town.,sɔhɔɽɾɛ ae̯ upəi̯ menaa.
আড়ালে একটি খাবারের অবশিষ্ট আছে।,There is a leftover food in the covert.,ao̯tanɾɛ əi̯ʈʰə menaa.
উঠানে একটি ছুতার আছে।,There is a carpenter in the courtyard of house.,bəteɾɛ bəɖʰi menaa.
গতকাল আমি দুধ পান করে গ্রামে কাজ করব।,"Yesterday, I drink the milk and then work in the village.",hɔlaɾɛ iɲ t̪o̯͡a ɲukat̪ɛ at̪oɾɛ kɘmia.
আজ আমরা বেঁকানো যন্ত্র দেখে স্কুলে আসব।,"Today, we see the brace for boring and then come to the school.",t̪eheɲɾɛ alɛ bʰãoɾa ɲɛlkat̪ɛ iskulɾɛ hiɟuʔa.
গতকাল তোমরা পাঠ পড়ে নদীতে খেলবে।,"Yesterday, you all study the lesson and then play in the river.",hɔlaɾɛ apɛ sikʰnɘt̪ paɽha͡o̯kat̪ɛ gaɖaɾɛ gat̪ea.
তাদের বেশ্যা নতুন।,Their harlot is new.,oŋkoaʔ bət͡ʃkəɾ d̪ɔ nɔwaa.
আড়ালে একটি আঙুর আছে।,There is a grape in the covert.,ao̯tanɾɛ aŋguɾ menaa.
তোমরা ভেড়া ও ছবি দেখবে।,You all will see the sheep and the photo.,apɛ d̪ɔ bʰiɖi aɾ pʰɔʈɔ ɲɛla.
সকালে আমি মোবাইল ফোন কিনে স্কুলে যাব।,"In the morning, I buy the mobile phone and then go to the school.",sɛt̪aʔɾɛ iɲ mɔbaĭl pʰon kiɾiɲkat̪ɛ iskulɾɛ calaʔa.
গ্রামে একটি দুধ আছে।,There is a milk in the village.,at̪oɾɛ t̪o̯͡a menaa.
তোমার মধু ভালো।,Your honey is good.,amaʔ ɲɛlɛɾasa d̪ɔ mɔ̃ɟa.
তোমার গ্রাম পরিষ্কার।,Your village is clean.,amaʔ at̪o d̪ɔ sapʰaa.
অসুস্থতাটি নতুন।,The sickness is new.,bigʰin d̪ɔ nɔwaa.
ছোট কুঠারটি ভালো।,The small adze is good.,bəslə d̪ɔ mɔ̃ɟa.
"আমি ডাক্তার সাহায্য করব, কিন্তু মানুষ সাহায্য করব না।","I will help the doctor, but do not help the person.",iɲ d̪ɔ ɖak̚t̪aɾ gɔɽɔa mɛnkʰan hɔɽ bɘɲ gɔɽɔa.
তুমি দুই দেখবে না।,You do not see the two.,am d̪ɔ baɾ bam ɲɛla.
গতকাল আমি লাভ দেখে নদীতে খেলব।,"Yesterday, I see the benefit and then play in the river.",hɔlaɾɛ iɲ bapʰa ɲɛlkat̪ɛ gaɖaɾɛ gat̪ea.
"আমরা ঔষধ কিনব, কিন্তু মাছ কিনব না।","We will buy the medicine, but do not buy the fish.",alɛ d̪ɔ ɾan kiɾiɲa mɛnkʰan haku balɛ kiɾiɲa.
নিকটবর্তী এলাকাে একটি ওনিক্স পাথর আছে।,There is an onyx in the vicinity.,aɖe ʈolaɾɛ beləu̯ɾ menaa.
তার ভান গুরুত্বপূর্ণ।,His/her pretence is important.,uniaʔ aɽsa d̪ɔ ɟɘɾuɽa.
তার শহর পরিষ্কার।,His/her town is clean.,uniaʔ sɔhɔɽ d̪ɔ sapʰaa.
কুয়ায় একটি নারীজাতি আছে।,There is a females in the well.,kuɲɾɛ əi̯məi̯ d͡ʒət menaa.
মুখের কর্কট রোগটি নতুন।,The cancer of the face is new.,bandoɾ gali d̪ɔ nɔwaa.
তোমরা নভেম্বর–ডিসেম্বর ও পাত্র দেখবে।,You all will see the november–december and the receptacle.,apɛ d̪ɔ agʰãɽ aɾ anataŋ ɲɛla.
নদীতে একটি আমড়া (ফল) আছে।,There is a hog plum in the river.,gaɖaɾɛ bədʰiə̯ menaa.
আমার অবসর গুরুত্বপূর্ণ।,My leisure is important.,iɲaʔ apʰsoɾ d̪ɔ ɟɘɾuɽa.
গতকাল আমি পাঠ পড়ে বাড়িতে যাব।,"Yesterday, I study the lesson and then go to the house.",hɔlaɾɛ iɲ sikʰnɘt̪ paɽha͡o̯kat̪ɛ ɔɽaʔɾɛ calaʔa.
তাদের বাঘ ছোট।,Their tiger is small.,oŋkoaʔ t̪ɘɾup̚ʔ d̪ɔ lɘʈua.
বাসস্থানে একটি ব্যাগ আছে।,There is a bag in the dwelling place.,basɾɛ bɛg menaa.
সকালে আমি মধু খেয়ে কুয়ায় আসব।,"In the morning, I eat the honey and then come to the well.",sɛt̪aʔɾɛ iɲ ɲɛlɛɾasa ɟɔmkat̪ɛ kuɲɾɛ hiɟuʔa.
গতকাল তুমি ঔষধ কিনে গ্রামে যাবে।,"Yesterday, you buy the medicine and then go to the village.",hɔlaɾɛ am ɾan kiɾiɲkat̪ɛ at̪oɾɛ calaʔa.
তুমি টাকা ও নির্ভরতা দেখবে।,You will see the money and the reliance.,am d̪ɔ ʈaka aɾ bʰaɾsa ɲɛla.
আমরা বিঘত ও চল্লিশ দেখব।,We will see the span and the forty.,alɛ d̪ɔ beɽ aɾ baɾ isi ɲɛla.
"সে মা সাহায্য করবে, কিন্তু বাবা সাহায্য করবে না।","He/she will help the mother, but does not help the father.",uni d̪ɔ gɔgɔ gɔɽɔa mɛnkʰan baba bai̯ gɔɽɔa.
পরাজয়টি গুরুত্বপূর্ণ।,The beating is important.,alao̯ d̪ɔ ɟɘɾuɽa.
সে ছবি পেয়েছিল।,He/she got the photo.,unii̯ pʰɔʈɔ ɲamkeda.
"আমরা মানুষ সাহায্য করব, কিন্তু মা সাহায্য করব না।","We will help the person, but do not help the mother.",alɛ d̪ɔ hɔɽ gɔɽɔa mɛnkʰan gɔgɔ balɛ gɔɽɔa.
আড়ালে একটি পেট ব্যথা আছে।,There is a gripes in the covert.,ao̯tanɾɛ bɛɾõʈ duk menaa.
সকালে সে ব্যাগ দেখে হ্রদে আসবে।,"In the morning, he/she see the bag and then come to the lake.",sɛt̪aʔɾɛ uni bɛg ɲɛlkat̪ɛ ɟɔlaɾɛ hiɟuʔa.
তোমরা গুজব রটনাকারী দেখেছ।,You all have seen the gossiping.,apɛ d̪ɔ bəd͡ʒniə̯ ɲɛlakada.
ইংল্যান্ডে একটি ভেড়া আছে।,There is a sheep in the england.,bilətɾɛ bʰiɖi menaa.
আমার বিদ্যা নতুন।,My learning is new.,iɲaʔ bidiə̯ d̪ɔ nɔwaa.
নদীতে একটি কিশোর আছে।,There is a hobbledehoy in the river.,gaɖaɾɛ bat͡ʃʰɽa koɽa menaa.
আজ আমি খাবার কিনে স্কুলে কাজ করব।,"Today, I buy the food and then work in the school.",t̪eheɲɾɛ iɲ ɟɔmaʔ kiɾiɲkat̪ɛ iskulɾɛ kɘmia.
তোমাদের ভাষা ভালো।,Your language is good.,apɛaʔ pɘɾsi d̪ɔ mɔ̃ɟa.
পাড়াে একটি পাল (নৌকার) আছে।,There is a sail in the neighbourhood.,aɖe paseɾɛ baɖɔm menaa.
গতকাল আমরা কথা লিখে গ্রামে খেলব।,"Yesterday, we write the word and then play in the village.",hɔlaɾɛ alɛ kat̪ʰa ɔlɔʔkat̪ɛ at̪oɾɛ gat̪ea.
তুমি অভিযোগকারী দেখেছিলে।,You saw the accuser.,amɛm bədi ɲɛlkeda.
আজ তারা মধু খেয়ে স্কুলে যাবে।,"Today, they eat the honey and then go to the school.",t̪eheɲɾɛ oŋko ɲɛlɛɾasa ɟɔmkat̪ɛ iskulɾɛ calaʔa.
তাদের ঢোলকি বাদক নতুন।,Their drummer is new.,oŋkoaʔ bəd͡ʒni d̪ɔ nɔwaa.
আমাদের অতিরিক্ত খাজনা ভালো।,Our additional assessment on rent is good.,alɛaʔ bʰed͡ʒa d̪ɔ mɔ̃ɟa.
সকালে আমরা কথা লিখে নদীতে আসব।,"In the morning, we write the word and then come to the river.",sɛt̪aʔɾɛ alɛ kat̪ʰa ɔlɔʔkat̪ɛ gaɖaɾɛ hiɟuʔa.
আমরা বালিয়া সারস পাখি ও জোর খাটানো শ্রম দেখব।,We will see the sand martin and the forced labour.,alɛ d̪ɔ bʰəluə̯ aɾ begaɾ ɲɛla.
তুমি জ্বালাপোড়া ও জট পাকানো দেখবে।,You will see the burning sensation and the jumble.,am d̪ɔ aɽae̯ aɾ beɲd͡ʒaɲ biɲd͡ʒiɲ ɲɛla.
তোমার বিনিময় পরিষ্কার।,Your exchange is clean.,amaʔ badla d̪ɔ sapʰaa.
পাড়াে একটি ভেড়ার মাংস আছে।,There is a mutton in the neighbourhood.,aɖe paseɾɛ bʰiɖi d͡ʒel menaa.
তোমাদের ভাষা গুরুত্বপূর্ণ।,Your language is important.,apɛaʔ pɘɾsi d̪ɔ ɟɘɾuɽa.
আড়ালে একটি জীবন আছে।,There is a life in the covert.,ao̯tanɾɛ ɟiŋgi menaa.
"তোমরা মাছ কিনবে, কিন্তু ঔষধ কিনবে না।","You all will buy the fish, but do not buy the medicine.",apɛ d̪ɔ haku kiɾiɲa mɛnkʰan ɾan bapɛ kiɾiɲa.
আমাদের রান্না পরিষ্কার।,Our cooked food is clean.,alɛaʔ basaŋ d̪ɔ sapʰaa.
পাড়াে একটি হিসাব আছে।,There is an account in the neighbourhood.,aɖe paseɾɛ bil menaa.
"তারা ডাক্তার সাহায্য করবে, কিন্তু বাবা সাহায্য করবে না।","They will help the doctor, but do not help the father.",oŋko d̪ɔ ɖak̚t̪aɾ gɔɽɔa mɛnkʰan baba bako gɔɽɔa.
নিকটবর্তী এলাকাে একটি বিবাহ আছে।,There is a marriage in the vicinity.,aɖe ʈolaɾɛ bapla menaa.
মজুরিটি পরিষ্কার।,The wages is clean.,bən d̪ɔ sapʰaa.
"আমরা খাবার পাব, কিন্তু ঔষধ পাব না।","We will get the food, but do not get the medicine.",alɛ d̪ɔ ɟɔmaʔ ɲama mɛnkʰan ɾan balɛ ɲama.
আমরা বাষ্প দেখেছিলাম।,We saw the steam.,alɛlɛ bʰapʰ ɲɛlkeda.
তুমি নিরামিষাশী ও রান্না দেখবে।,You will see the vegetarian and the cooked food.,am d̪ɔ bʰagat aɾ basaŋ ɲɛla.
তাদের ভোজ গুরুত্বপূর্ণ।,Their feast is important.,oŋkoaʔ bʰɔd͡ʒ d̪ɔ ɟɘɾuɽa.
আজ সে ভাষা লিখে হ্রদে আসবে।,"Today, he/she write the language and then come to the lake.",t̪eheɲɾɛ uni pɘɾsi ɔlɔʔkat̪ɛ ɟɔlaɾɛ hiɟuʔa.
আজ তুমি চারা গাছ দেখে গ্রামে খেলবে।,"Today, you see the sapling and then play in the village.",t̪eheɲɾɛ am bat͡ʃʰɽa daɾe ɲɛlkat̪ɛ at̪oɾɛ gat̪ea.
গতকাল তুমি দুধ পান করে গ্রামে কাজ করবে।,"Yesterday, you drink the milk and then work in the village.",hɔlaɾɛ am t̪o̯͡a ɲukat̪ɛ at̪oɾɛ kɘmia.
বাড়িতে একটি এক প্রজাতির কাক আছে।,There is a bow-billed corby in the house.,ɔɽaʔɾɛ bʰoɳɖa kəhu menaa.
"সে খাবার পাবে, কিন্তু ছবি পাবে না।","He/she will get the food, but does not get the photo.",uni d̪ɔ ɟɔmaʔ ɲama mɛnkʰan pʰɔʈɔ bai̯ ɲama.
তারা জন্ম দেখবে না।,They do not see the birth.,oŋko d̪ɔ biə̯n bako ɲɛla.
সকালে তুমি কথা পড়ে নদীতে কাজ করবে।,"In the morning, you study the word and then work in the river.",sɛt̪aʔɾɛ am kat̪ʰa paɽha͡o̯kat̪ɛ gaɖaɾɛ kɘmia.
আনাটি ভালো।,The anna is good.,ana d̪ɔ mɔ̃ɟa.
তারা বাহুবন্ধনী ও বন্য শুকর দেখবে।,They will see the armlet and the boar.,oŋko d̪ɔ bəd͡ʒu aɾ bʰatoɽ ɲɛla.
তোমার অবশিষ্ট পরিষ্কার।,Your remainder is clean.,amaʔ bəki bɔkɔe̯a d̪ɔ sapʰaa.
তুমি চালের মদ দেখেছ।,You have seen the liquor made from rice.,am d̪ɔ əɾikə ɲɛlakada.
আনাটি গুরুত্বপূর্ণ।,The anna is important.,ana d̪ɔ ɟɘɾuɽa.
আজ আমরা কথা লিখে কুয়ায় আসব।,"Today, we write the word and then come to the well.",t̪eheɲɾɛ alɛ kat̪ʰa ɔlɔʔkat̪ɛ kuɲɾɛ hiɟuʔa.
বিস্তীর্ণ ভূমিে একটি ভান আছে।,There is a pretence in the wide expanse of land.,bilənɾɛ aɽsa menaa.
তার আঙুলের ফোঁড়া পরিষ্কার।,His/her whitlow is clean.,uniaʔ aŋguɾ biɽhi d̪ɔ sapʰaa.
উঠানে একটি খড়ের মোটা দড়ি আছে।,There is a thick straw rope in the courtyard of house.,bəteɾɛ baɾahi menaa.
নদীতে একটি বোকা আছে।,There is a fool in the river.,gaɖaɾɛ bemblaha menaa.
তুমি তরকারি ও সেনাবাহিনী দেখবে।,You will see the vegetables and the army.,am d̪ɔ aɽak̕ sakam aɾ aɽa ɲɛla.
নদীতে একটি গুজব আছে।,There is a rumour in the river.,gaɖaɾɛ bʰakaɾa menaa.
সেই সময় সে খাবার খেয়ে নদীতে খেলবে।,"At that time, he/she eat the food and then play in the river.",ɔkt̪ɛɾɛ uni ɟɔmaʔ ɟɔmkat̪ɛ gaɖaɾɛ gat̪ea.
"আমরা টাকা পাব, কিন্তু ছবি পাব না।","We will get the money, but do not get the photo.",alɛ d̪ɔ ʈaka ɲama mɛnkʰan pʰɔʈɔ balɛ ɲama.
আমরা মাছ ও ঔষধ কিনব।,We will buy the fish and the medicine.,alɛ d̪ɔ haku aɾ ɾan kiɾiɲa.
সকালে সে মধু খেয়ে হ্রদে যাবে।,"In the morning, he/she eat the honey and then go to the lake.",sɛt̪aʔɾɛ uni ɲɛlɛɾasa ɟɔmkat̪ɛ ɟɔlaɾɛ calaʔa.
গতকাল আমরা মধু খেয়ে নদীতে আসব।,"Yesterday, we eat the honey and then come to the river.",hɔlaɾɛ alɛ ɲɛlɛɾasa ɟɔmkat̪ɛ gaɖaɾɛ hiɟuʔa.
সেই সময় সে ভাষা লিখে হ্রদে যাবে।,"At that time, he/she write the language and then go to the lake.",ɔkt̪ɛɾɛ uni pɘɾsi ɔlɔʔkat̪ɛ ɟɔlaɾɛ calaʔa.
তার ডালিম নতুন।,His/her pomegranate is new.,uniaʔ anaɾ d̪ɔ nɔwaa.
ভবিষ্যৎটি ভালো।,The future is good.,agam d̪ɔ mɔ̃ɟa.
গুহাে একটি বাধা আছে।,There is a hindrance in the cave.,bʰugək̕ɾɛ badʰa menaa.
আজ আমরা মোবাইল ফোন কিনে স্কুলে খেলব।,"Today, we buy the mobile phone and then play in the school.",t̪eheɲɾɛ alɛ mɔbaĭl pʰon kiɾiɲkat̪ɛ iskulɾɛ gat̪ea.
তোমাদের মন পরিষ্কার।,Your mind is clean.,apɛaʔ aŋ d̪ɔ sapʰaa.
আমার বাসস্থান ভালো।,My residence is good.,iɲaʔ basa d̪ɔ mɔ̃ɟa.
তোমরা বৃদ্ধি দেখবে।,You all will see the growth.,apɛ d̪ɔ baɽhɔnta ɲɛla.
সকালে তুমি মাছের ছিটেফোঁটা সংগ্রহ দেখে নদীতে আসবে।,"In the morning, you see the gleanings of fish and then come to the river.",sɛt̪aʔɾɛ am bəɾəu̯ɖʰa ɲɛlkat̪ɛ gaɖaɾɛ hiɟuʔa.
পাড়াে একটি উল আছে।,There is a wool in the neighbourhood.,aɖe paseɾɛ bʰiɖi up̕ menaa.
উদ্বেগটি গুরুত্বপূর্ণ।,The anxiety is important.,bʰabna d̪ɔ ɟɘɾuɽa.
আয়ুর্বেদিক উদ্ভিদটি পরিষ্কার।,The bishop’s weed is clean.,əd͡ʒuə̯ d̪ɔ sapʰaa.
সকালে তোমরা মধু খেয়ে বাড়িতে খেলবে।,"In the morning, you all eat the honey and then play in the house.",sɛt̪aʔɾɛ apɛ ɲɛlɛɾasa ɟɔmkat̪ɛ ɔɽaʔɾɛ gat̪ea.
আজ তুমি খাবার কিনে শহরে খেলবে।,"Today, you buy the food and then play in the town.",t̪eheɲɾɛ am ɟɔmaʔ kiɾiɲkat̪ɛ sɔhɔɽɾɛ gat̪ea.
সে ভাদ্র মাস দেখেছে।,He/she has seen the august-september.,uni d̪ɔ bʰadɔɾ ɲɛlakada.
আমাদের লজ্জা গুরুত্বপূর্ণ।,Our shame is important.,alɛaʔ bʰɔɾɔm d̪ɔ ɟɘɾuɽa.
সেই সময় তোমরা ঘড়ি কিনে কুয়ায় যাবে।,"At that time, you all buy the watch and then go to the well.",ɔkt̪ɛɾɛ apɛ gʰuɽi kiɾiɲkat̪ɛ kuɲɾɛ calaʔa.
"আমরা মা সাহায্য করব, কিন্তু বাবা সাহায্য করব না।","We will help the mother, but do not help the father.",alɛ d̪ɔ gɔgɔ gɔɽɔa mɛnkʰan baba balɛ gɔɽɔa.
নুন-তামাকের ফেরিওয়ালাটি গুরুত্বপূর্ণ।,The pedlar of salt and tobacco is important.,bə̃ɽiə̯̃ d̪ɔ ɟɘɾuɽa.
তুমি খাবার ও ঘড়ি কিনবে।,You will buy the food and the watch.,am d̪ɔ ɟɔmaʔ aɾ gʰuɽi kiɾiɲa.
সেই সময় আমরা ভাষা লিখে গ্রামে কাজ করব।,"At that time, we write the language and then work in the village.",ɔkt̪ɛɾɛ alɛ pɘɾsi ɔlɔʔkat̪ɛ at̪oɾɛ kɘmia.
সকালে তোমরা পানি পান করে নদীতে আসবে।,"In the morning, you all drink the water and then come to the river.",sɛt̪aʔɾɛ apɛ d̪aʔ ɲukat̪ɛ gaɖaɾɛ hiɟuʔa.
বাসস্থানে একটি আমড়া (ফল) আছে।,There is a hog plum in the residence.,basaɾɛ bədʰiə̯ menaa.
সে পাল (নৌকার) ও বাচ্চা ঘোড়া দেখবে।,He/she will see the sail and the colt.,uni d̪ɔ baɖɔm aɾ bat͡ʃʰaɽa sadɔm ɲɛla.
আজ আমরা ভাষা লিখে হ্রদে যাব।,"Today, we write the language and then go to the lake.",t̪eheɲɾɛ alɛ pɘɾsi ɔlɔʔkat̪ɛ ɟɔlaɾɛ calaʔa.
সকালে তোমরা কথা লিখে বাড়িতে কাজ করবে।,"In the morning, you all write the word and then work in the house.",sɛt̪aʔɾɛ apɛ kat̪ʰa ɔlɔʔkat̪ɛ ɔɽaʔɾɛ kɘmia.
গ্রামে একটি বেঞ্চ আছে।,There is a bench in the village.,at̪oɾɛ beɲt͡ʃ menaa.
সকালে আমি খাবার কিনে বাড়িতে খেলব।,"In the morning, I buy the food and then play in the house.",sɛt̪aʔɾɛ iɲ ɟɔmaʔ kiɾiɲkat̪ɛ ɔɽaʔɾɛ gat̪ea.
তোমাদের বাবা আনন্দের।,Your father is happy.,apɛaʔ baba d̪ɔ ɾɘskɘa.
তোমার ছোট মশা ভালো।,Your midge is good.,amaʔ bəsɳɖi d̪ɔ mɔ̃ɟa.
আজ সে গুড়গুড় শব্দ দেখে স্কুলে খেলবে।,"Today, he/she see the rumbling sound and then play in the school.",t̪eheɲɾɛ uni aʈap̕ uʈup̕ ɲɛlkat̪ɛ iskulɾɛ gat̪ea.
বাড়িতে একটি অনুশীলন আছে।,There is a practice in the house.,ɔɽaʔɾɛ bɛbɔhaɾ menaa.
জোনাকিটি ভালো।,The firefly is good.,bakd͡ʒunu d̪ɔ mɔ̃ɟa.
"তারা রান্না খাবে, কিন্তু মাছ খাবে না।","They will eat the cooked food, but do not eat the fish.",oŋko d̪ɔ basaŋ ɟɔma mɛnkʰan haku bako ɟɔma.
একটি টাকা হ্রদে আছে।,One money is in the lake.,mit̪ʔ ʈaka d̪ɔ ɟɔlaɾɛ menaa.
আজ তুমি পানি পান করে স্কুলে আসবে।,"Today, you drink the water and then come to the school.",t̪eheɲɾɛ am d̪aʔ ɲukat̪ɛ iskulɾɛ hiɟuʔa.
আজ তোমরা রান্না খেয়ে কুয়ায় খেলবে।,"Today, you all eat the cooked food and then play in the well.",t̪eheɲɾɛ apɛ basaŋ ɟɔmkat̪ɛ kuɲɾɛ gat̪ea.
বিস্তীর্ণ ভূমিে একটি পা আছে।,There is a leg in the wide expanse of land.,bilənɾɛ ɟaŋga menaa.
তোমরা বংশধর দেখেছ।,You all have seen the descendants.,apɛ d̪ɔ ãosa bãosa ɲɛlakada.
ব্যাঙের ডাকটি নতুন।,The croak of frogs is new.,bɛbɛ d̪ɔ nɔwaa.
তার টাকা নতুন।,His/her money is new.,uniaʔ ʈaka d̪ɔ nɔwaa.
আমার ফ্যাথম পরিষ্কার।,My fathom is clean.,iɲaʔ aɾpa d̪ɔ sapʰaa.
আমরা আয়না ও গাড়ির চাকায় লাগানো খিল দেখব।,We will see the mirror and the cog put before a cartwheel.,alɛ d̪ɔ əɾsi aɾ baɳdʰi ɲɛla.
ইংল্যান্ডে একটি পাঠ আছে।,There is a lesson in the england.,bilətɾɛ sikʰnɘt̪ menaa.
গতকাল সে কথা লিখে কুয়ায় যাবে।,"Yesterday, he/she write the word and then go to the well.",hɔlaɾɛ uni kat̪ʰa ɔlɔʔkat̪ɛ kuɲɾɛ calaʔa.
আমি ফোঁপানি দেখেছি।,I have seen the blubbering.,iɲ d̪ɔ beɲ ɲɛlakada.
তোমাদের চারা রোপণ গুরুত্বপূর্ণ।,Your transplantation is important.,apɛaʔ apʰɔɾ d̪ɔ ɟɘɾuɽa.
সেই সময় সে খাবার খেয়ে শহরে কাজ করবে।,"At that time, he/she eat the food and then work in the town.",ɔkt̪ɛɾɛ uni ɟɔmaʔ ɟɔmkat̪ɛ sɔhɔɽɾɛ kɘmia.
আখটি গুরুত্বপূর্ণ।,The sugarcane is important.,ək d̪ɔ ɟɘɾuɽa.
নদীতে একটি বিকার আছে।,There is a delirium in the river.,gaɖaɾɛ bəi̯ menaa.
তোমরা খড় ও জাদুবিদ্যা দেখবে।,You all will see the chaff and the sorcery.,apɛ d̪ɔ bʰusə aɾ ban ɲɛla.
তাদের পূর্বপুরুষ ছোট।,Their ancestors is small.,oŋkoaʔ bap dada d̪ɔ lɘʈua.
মাছের ছিটেফোঁটা সংগ্রহটি গুরুত্বপূর্ণ।,The gleanings of fish is important.,bəɾəu̯ɖʰa d̪ɔ ɟɘɾuɽa.
তোমরা অভিযোগকারী দেখবে না।,You all do not see the accuser.,apɛ d̪ɔ bədi bapɛ ɲɛla.
বাষ্পটি ভালো।,The steam is good.,bʰapʰ d̪ɔ mɔ̃ɟa.
তাদের খাবার সুস্বাদু।,Their food is tasty.,oŋkoaʔ ɟɔmaʔ d̪ɔ sibila.
বাড়িতে একটি পশু তাড়ানোর লাঠি আছে।,There is a goad in the house.,ɔɽaʔɾɛ aɾd͡ʒan menaa.
তুমি ফোঁপানি ও মূল্যায়ন দেখবে।,You will see the blubbering and the appraisement.,am d̪ɔ beɲ aɾ anman ɲɛla.
আমি বিড়াল দেখব।,I will see the cat.,iɲ d̪ɔ pusi ɲɛla.
আজ সে মাছ কিনে শহরে কাজ করবে।,"Today, he/she buy the fish and then work in the town.",t̪eheɲɾɛ uni haku kiɾiɲkat̪ɛ sɔhɔɽɾɛ kɘmia.
ইংল্যান্ডে একটি পৈতৃক সম্পত্তি আছে।,There is a patrimony in the england.,bilətɾɛ bapɔɾi dʰɔn menaa.
আমি পাতার বোঁটা দেখব।,I will see the petiole.,iɲ d̪ɔ bʰekuə̯ ɲɛla.
আমি লাগাম দেখেছিলাম।,I saw the bridle.,iɲiɲ bag ɲɛlkeda.
গতকাল তারা কথা লিখে নদীতে কাজ করবে।,"Yesterday, they write the word and then work in the river.",hɔlaɾɛ oŋko kat̪ʰa ɔlɔʔkat̪ɛ gaɖaɾɛ kɘmia.
গতকাল তুমি দুধ পান করে হ্রদে যাবে।,"Yesterday, you drink the milk and then go to the lake.",hɔlaɾɛ am t̪o̯͡a ɲukat̪ɛ ɟɔlaɾɛ calaʔa.
সকালে তোমরা মাছ খেয়ে হ্রদে যাবে।,"In the morning, you all eat the fish and then go to the lake.",sɛt̪aʔɾɛ apɛ haku ɟɔmkat̪ɛ ɟɔlaɾɛ calaʔa.
তাদের ছোট মশা আনন্দের।,Their midge is happy.,oŋkoaʔ bəsɳɖi d̪ɔ ɾɘskɘa.
"তারা মানুষ সাহায্য করবে, কিন্তু বাবা সাহায্য করবে না।","They will help the person, but do not help the father.",oŋko d̪ɔ hɔɽ gɔɽɔa mɛnkʰan baba bako gɔɽɔa.
সেই সময় সে পাঠ পড়ে হ্রদে আসবে।,"At that time, he/she study the lesson and then come to the lake.",ɔkt̪ɛɾɛ uni sikʰnɘt̪ paɽha͡o̯kat̪ɛ ɟɔlaɾɛ hiɟuʔa.
তার শত্রু ভালো।,His/her enemy is good.,uniaʔ bəi̯ɾi d̪ɔ mɔ̃ɟa.
সকালে তারা কথা লিখে হ্রদে খেলবে।,"In the morning, they write the word and then play in the lake.",sɛt̪aʔɾɛ oŋko kat̪ʰa ɔlɔʔkat̪ɛ ɟɔlaɾɛ gat̪ea.
বিস্তীর্ণ ভূমিে একটি অর্ধ বিঘা আছে।,There is a half bigha in the wide expanse of land.,bilənɾɛ bʰənga menaa.
বর্ণটি ভালো।,The alphabet is good.,akʰɔɾ d̪ɔ mɔ̃ɟa.
তাদের দুধ সুস্বাদু।,Their milk is tasty.,oŋkoaʔ t̪o̯͡a d̪ɔ sibila.
আমি বৈশাখ মাস দেখব।,I will see the april-may.,iɲ d̪ɔ bəi̯sək ɲɛla.
তোমার চালের মদ পরিষ্কার।,Your liquor made from rice is clean.,amaʔ əɾikə d̪ɔ sapʰaa.
গতকাল তোমরা পাঠ পড়ে গ্রামে আসবে।,"Yesterday, you all study the lesson and then come to the village.",hɔlaɾɛ apɛ sikʰnɘt̪ paɽha͡o̯kat̪ɛ at̪oɾɛ hiɟuʔa.
আমি ছুতার দেখব না।,I do not see the carpenter.,iɲ d̪ɔ bəɖʰi bɘɲ ɲɛla.
তারা বিড়াল ও বিকল্প দেখবে।,They will see the cat and the substitute.,oŋko d̪ɔ pusi aɾ bədli ɲɛla.
আমি কসাই ও পরিষদ দেখব।,I will see the butcher and the council.,iɲ d̪ɔ bʰut͡ʃəɽ aɾ bəi̯si ɲɛla.
তারা হুক দেখেছিল।,They saw the hook.,oŋkoko əŋkus ɲɛlkeda.
পশু তাড়ানোর লাঠিটি পরিষ্কার।,The goad is clean.,aɾd͡ʒan d̪ɔ sapʰaa.
হ্রদে একটি সন্ন্যাসী আছে।,There is an ascetic in the lake.,ɟɔlaɾɛ ətit menaa.
তোমার পশু তাড়ানোর লাঠি নতুন।,Your goad is new.,amaʔ aɾd͡ʒan d̪ɔ nɔwaa.
আজ আমি ঘড়ি কিনে বাড়িতে কাজ করব।,"Today, I buy the watch and then work in the house.",t̪eheɲɾɛ iɲ gʰuɽi kiɾiɲkat̪ɛ ɔɽaʔɾɛ kɘmia.
বাসস্থানটি ভালো।,The dwelling place is good.,bas d̪ɔ mɔ̃ɟa.
আজ সে ভাষা লিখে স্কুলে কাজ করবে।,"Today, he/she write the language and then work in the school.",t̪eheɲɾɛ uni pɘɾsi ɔlɔʔkat̪ɛ iskulɾɛ kɘmia.
"তুমি সহ্যশক্তি দেখবে, কিন্তু পা দেখবে না।","You will see the stamina, but do not see the foot.",am d̪ɔ bʰẹd͡ʒ ɲɛla mɛnkʰan kaʈa bam ɲɛla.
সকালে তোমরা ঔষধ কিনে কুয়ায় আসবে।,"In the morning, you all buy the medicine and then come to the well.",sɛt̪aʔɾɛ apɛ ɾan kiɾiɲkat̪ɛ kuɲɾɛ hiɟuʔa.
সেই সময় আমি কথা পড়ে নদীতে কাজ করব।,"At that time, I study the word and then work in the river.",ɔkt̪ɛɾɛ iɲ kat̪ʰa paɽha͡o̯kat̪ɛ gaɖaɾɛ kɘmia.
বাসস্থানে একটি ব্যাকরণ আছে।,There is a grammar in the residence.,basaɾɛ bejakaɾan menaa.
আজ তুমি মাছ কিনে হ্রদে আসবে।,"Today, you buy the fish and then come to the lake.",t̪eheɲɾɛ am haku kiɾiɲkat̪ɛ ɟɔlaɾɛ hiɟuʔa.
সকালে তারা কথা লিখে বাড়িতে আসবে।,"In the morning, they write the word and then come to the house.",sɛt̪aʔɾɛ oŋko kat̪ʰa ɔlɔʔkat̪ɛ ɔɽaʔɾɛ hiɟuʔa.
আমি ভূমিকম্প দেখেছিলাম।,I saw the earth tremor.,iɲiɲ bʰui̯ t͡ʃəl ɲɛlkeda.
গুহাে একটি কথা আছে।,There is a word in the cave.,bʰugək̕ɾɛ kat̪ʰa menaa.
গতকাল তুমি মাছ কিনে হ্রদে কাজ করবে।,"Yesterday, you buy the fish and then work in the lake.",hɔlaɾɛ am haku kiɾiɲkat̪ɛ ɟɔlaɾɛ kɘmia.
তারা মশাল দেখবে না।,They do not see the torch.,oŋko d̪ɔ bambeɾ bako ɲɛla.
গুহাে একটি বাঘ আছে।,There is a tiger in the cave.,bʰugək̕ɾɛ t̪ɘɾup̚ʔ menaa.
কষ্টটি ভালো।,The suffering is good.,bidot d̪ɔ mɔ̃ɟa.
তারা মুক্তি ও সন্ধ্যা দেখবে।,They will see the salvation and the evening.,oŋko d̪ɔ baɲt͡ʃao̯k̕ aɾ əjup̕ ɲɛla.
সকালে তোমরা শুকর দেখে নদীতে খেলবে।,"In the morning, you all see the pig and then play in the river.",sɛt̪aʔɾɛ apɛ suk̚ɾi ɲɛlkat̪ɛ gaɖaɾɛ gat̪ea.
তোমার সময় পরিষ্কার।,Your time is clean.,amaʔ ɔkt̪ɛ d̪ɔ sapʰaa.
বাসস্থানে একটি মূল্যায়ন আছে।,There is an appraisement in the residence.,basaɾɛ anman menaa.
গতকাল তোমরা নুন-তামাকের ফেরিওয়ালা দেখে বাড়িতে আসবে।,"Yesterday, you all see the pedlar of salt and tobacco and then come to the house.",hɔlaɾɛ apɛ bə̃ɽiə̯̃ ɲɛlkat̪ɛ ɔɽaʔɾɛ hiɟuʔa.
ট্যাংকটি নতুন।,The tank is new.,abʰɾa d̪ɔ nɔwaa.
সেই সময় আমি ভাষা পড়ে নদীতে যাব।,"At that time, I study the language and then go to the river.",ɔkt̪ɛɾɛ iɲ pɘɾsi paɽha͡o̯kat̪ɛ gaɖaɾɛ calaʔa.
তুমি রবিবার দেখেছ।,You have seen the sunday.,am d̪ɔ aʈʰawaɾ ɲɛlakada.
তুমি ভাষা দেখবে।,You will see the language.,am d̪ɔ pɘɾsi ɲɛla.
আমাদের মধু পরিষ্কার।,Our honey is clean.,alɛaʔ ɲɛlɛɾasa d̪ɔ sapʰaa.
গতকাল তারা মধু খেয়ে কুয়ায় আসবে।,"Yesterday, they eat the honey and then come to the well.",hɔlaɾɛ oŋko ɲɛlɛɾasa ɟɔmkat̪ɛ kuɲɾɛ hiɟuʔa.
তোমার মূল্যায়ন গুরুত্বপূর্ণ।,Your appraisement is important.,amaʔ anman d̪ɔ ɟɘɾuɽa.
সেই সময় তোমরা কথা পড়ে বাড়িতে খেলবে।,"At that time, you all study the word and then play in the house.",ɔkt̪ɛɾɛ apɛ kat̪ʰa paɽha͡o̯kat̪ɛ ɔɽaʔɾɛ gat̪ea.
আমি বেদ দেখব না।,I do not see the vedas.,iɲ d̪ɔ bed bɘɲ ɲɛla.
তোমরা গুজব রটনাকারী দেখবে না।,You all do not see the bearer of tales.,apɛ d̪ɔ bad͡ʒʰəni bapɛ ɲɛla.
তারা শ্বাস দেখবে না।,They do not see the breath.,oŋko d̪ɔ bao̯ bako ɲɛla.
বাড়িতে একটি ব্যবসায়ী আছে।,There is a trader in the house.,ɔɽaʔɾɛ bepaɾi menaa.
তারা উদ্বৃত্ত দেখেছে।,They have seen the surplus.,oŋko d̪ɔ bətil ɲɛlakada.
তাদের পাতার বোঁটা গুরুত্বপূর্ণ।,Their petiole is important.,oŋkoaʔ bʰekuə̯ d̪ɔ ɟɘɾuɽa.
সকালে তোমরা দুধ পান করে কুয়ায় খেলবে।,"In the morning, you all drink the milk and then play in the well.",sɛt̪aʔɾɛ apɛ t̪o̯͡a ɲukat̪ɛ kuɲɾɛ gat̪ea.
তাদের গাড়ির চাকায় লাগানো খিল ভালো।,Their cog put before a cartwheel is good.,oŋkoaʔ baɳdʰi d̪ɔ mɔ̃ɟa.
তার জট পাকানো নতুন।,His/her jumble is new.,uniaʔ beɲd͡ʒaɲ biɲd͡ʒiɲ d̪ɔ nɔwaa.
তোমরা পেরিনিয়াল ফোঁড়া দেখেছিলে।,You all saw the perineal abscess.,apɛpɛ andʰãɾ gãɳɖ ɲɛlkeda.
শহরে একটি কুলি নিয়োগকারী আছে।,There is a recruiter in the town.,sɔhɔɽɾɛ aɽkəʈʰiə̯ menaa.
সে ব্রাহ্মণ দেখবে।,He/she will see the brahman.,uni d̪ɔ babɾẽ ɲɛla.
তোমরা লাভ দেখেছিলে।,You all saw the benefit.,apɛpɛ bapʰa ɲɛlkeda.
সকালে সে পানি পান করে নদীতে কাজ করবে।,"In the morning, he/she drink the water and then work in the river.",sɛt̪aʔɾɛ uni d̪aʔ ɲukat̪ɛ gaɖaɾɛ kɘmia.
বাড়িতে একটি বিবাহের শোভাযাত্রা আছে।,There is a marriage procession in the house.,ɔɽaʔɾɛ bəɾiə̯t menaa.
আমি পা দেখব।,I will see the foot.,iɲ d̪ɔ kaʈa ɲɛla.
আমরা বিঘত দেখব।,We will see the span.,alɛ d̪ɔ beɽ ɲɛla.
হ্রদে একটি ভোজ আছে।,There is a feast in the lake.,ɟɔlaɾɛ bʰɔd͡ʒ menaa.
আজ তোমরা কথা লিখে হ্রদে যাবে।,"Today, you all write the word and then go to the lake.",t̪eheɲɾɛ apɛ kat̪ʰa ɔlɔʔkat̪ɛ ɟɔlaɾɛ calaʔa.
আমাদের কুয়া ভালো।,Our well is good.,alɛaʔ kuɲ d̪ɔ mɔ̃ɟa.
একটি ছেলে স্কুলে আছে।,One boy is in the school.,mit̪ʔʈɛn bəbu d̪ɔ iskulɾɛ menaa.
কুয়ায় একটি অল্প আছে।,There is a little in the well.,kuɲɾɛ ədʰəɾiə̯ menaa.
সকালে তুমি আয়ুর্বেদিক উদ্ভিদ দেখে বাড়িতে আসবে।,"In the morning, you see the bishop’s weed and then come to the house.",sɛt̪aʔɾɛ am əd͡ʒuə̯ ɲɛlkat̪ɛ ɔɽaʔɾɛ hiɟuʔa.
গতকাল তারা ঔষধ কিনে শহরে যাবে।,"Yesterday, they buy the medicine and then go to the town.",hɔlaɾɛ oŋko ɾan kiɾiɲkat̪ɛ sɔhɔɽɾɛ calaʔa.
গুহাে একটি ব্যান্ডেজ আছে।,There is a bandger in the cave.,bʰugək̕ɾɛ bədʰi menaa.
বিস্তীর্ণ ভূমিে একটি ভূমিকম্প আছে।,There is an earthquake in the wide expanse of land.,bilənɾɛ bʰut͡ʃampa menaa.
স্কুলে একটি লজ্জা আছে।,There is a shame in the school.,iskulɾɛ bʰɔɾɔm menaa.
সকালে সে কথা পড়ে গ্রামে আসবে।,"In the morning, he/she study the word and then come to the village.",sɛt̪aʔɾɛ uni kat̪ʰa paɽha͡o̯kat̪ɛ at̪oɾɛ hiɟuʔa.
গতকাল তোমরা কথা লিখে নদীতে যাবে।,"Yesterday, you all write the word and then go to the river.",hɔlaɾɛ apɛ kat̪ʰa ɔlɔʔkat̪ɛ gaɖaɾɛ calaʔa.
তোমার বাড়ি নতুন।,Your house is new.,amaʔ ɔɽaʔ d̪ɔ nɔwaa.
নিকটবর্তী এলাকাে একটি এক ধরনের বাদ্যযন্ত্র আছে।,There is an a kind of fiddle in the vicinity.,aɖe ʈolaɾɛ banam menaa.
তুমি উদ্বৃত্ত দেখবে।,You will see the surplus.,am d̪ɔ bətil ɲɛla.
"তারা পাঠ পড়বে, কিন্তু পাঠ পড়বে না।","They will study the lesson, but do not study the lesson.",oŋko d̪ɔ sikʰnɘt̪ paɽha͡o̯a mɛnkʰan sikʰnɘt̪ bako paɽha͡o̯a.
তোমার দুই নতুন।,Your two is new.,amaʔ baɾ d̪ɔ nɔwaa.
আমাদের বালতি নতুন।,Our bucket is new.,alɛaʔ bəlʈi d̪ɔ nɔwaa.
তার বাজার নতুন।,His/her bazaar is new.,uniaʔ bad͡ʒaɾ d̪ɔ nɔwaa.
আমাদের বিধাতা নতুন।,Our providence is new.,alɛaʔ bʰidata d̪ɔ nɔwaa.
আমরা গোখরো সাপ দেখব না।,We do not see the cobra.,alɛ d̪ɔ ajaŋ bin balɛ ɲɛla.
নদীতে একটি শিখা আছে।,There is a flame in the river.,gaɖaɾɛ ãt͡ʃ menaa.
"আমি ঔষধ পাব, কিন্তু খাবার পাব না।","I will get the medicine, but do not get the food.",iɲ d̪ɔ ɾan ɲama mɛnkʰan ɟɔmaʔ bɘɲ ɲama.
তারা বট গাছ দেখবে।,They will see the banyan tree.,oŋko d̪ɔ baɽe ɲɛla.
সকালে আমরা পাঠ পড়ে গ্রামে আসব।,"In the morning, we study the lesson and then come to the village.",sɛt̪aʔɾɛ alɛ sikʰnɘt̪ paɽha͡o̯kat̪ɛ at̪oɾɛ hiɟuʔa.
গতকাল তোমরা লাগাম দেখে বাড়িতে কাজ করবে।,"Yesterday, you all see the bridle and then work in the house.",hɔlaɾɛ apɛ bag ɲɛlkat̪ɛ ɔɽaʔɾɛ kɘmia.
আমাদের অসম্মান গুরুত্বপূর্ণ।,Our disrespect is important.,alɛaʔ bɛmanɔt d̪ɔ ɟɘɾuɽa.
গুহাে একটি মোবাইল ফোন আছে।,There is a mobile phone in the cave.,bʰugək̕ɾɛ mɔbaĭl pʰon menaa.
সেই সময় আমরা ভাষা লিখে কুয়ায় আসব।,"At that time, we write the language and then come to the well.",ɔkt̪ɛɾɛ alɛ pɘɾsi ɔlɔʔkat̪ɛ kuɲɾɛ hiɟuʔa.
কুয়ায় একটি ভেড়া আছে।,There is a sheep in the well.,kuɲɾɛ bʰiɖi menaa.
তাদের পেয়ারা ভালো।,Their guava is good.,oŋkoaʔ əmɾud d̪ɔ mɔ̃ɟa.
তোমাদের কাঠের খুঁটি গুরুত্বপূর্ণ।,Your wooden pin is important.,apɛaʔ bʰaɲd͡ʒ kʰuɳʈi d̪ɔ ɟɘɾuɽa.
গ্রামে একটি স্ত্রী আছে।,There is a wife in the village.,at̪oɾɛ bəhu menaa.
আমি আচরণ দেখেছিলাম।,I saw the behaviour.,iɲiɲ bebɔhaɾ ɲɛlkeda.
তোমার ঔষধ গুরুত্বপূর্ণ।,Your medicine is important.,amaʔ ɾan d̪ɔ ɟɘɾuɽa.
কুমড়োটি নতুন।,The pumpkin is new.,bə̃ɽĩə kohɳɖa d̪ɔ nɔwaa.
আমি জোয়াল দেখেছিলাম।,I saw the yoke.,iɲiɲ aɾãɽ ɲɛlkeda.
আজ সে নিষেধাত্মক উপসর্গ দেখে নদীতে খেলবে।,"Today, he/she see the privative prefix and then play in the river.",t̪eheɲɾɛ uni an ɲɛlkat̪ɛ gaɖaɾɛ gat̪ea.
তাদের দোহনের পাত্র গুরুত্বপূর্ণ।,Their milking pot is important.,oŋkoaʔ bʰaɳɖ d̪ɔ ɟɘɾuɽa.
শহরে একটি পুরোহিতের রক্তদানের দক্ষিণা আছে।,There is a fee to priest who offers his blood in the town.,sɔhɔɽɾɛ bəlkəʈi menaa.
"তারা বাবা সাহায্য করবে, কিন্তু ডাক্তার সাহায্য করবে না।","They will help the father, but do not help the doctor.",oŋko d̪ɔ baba gɔɽɔa mɛnkʰan ɖak̚t̪aɾ bako gɔɽɔa.
বাসস্থানে একটি সিস্ট টিউমার আছে।,There is a cystic tumour in the dwelling place.,basɾɛ batoɾi menaa.
আমার উত্তরাধিকার গুরুত্বপূর্ণ।,My inheritance is important.,iɲaʔ əi̯dəɾi d̪ɔ ɟɘɾuɽa.
তুমি পা দেখবে।,You will see the foot.,am d̪ɔ kaʈa ɲɛla.
তারা ফুলের বৃতি ও বিস্ফোরক পাউডার দেখবে।,They will see the calyx of flower and the blasting powder.,oŋko d̪ɔ bɛnɛt aɾ bəɾud ɲɛla.
"তোমরা মানুষ সাহায্য করবে, কিন্তু শিশু সাহায্য করবে না।","You all will help the person, but do not help the child.",apɛ d̪ɔ hɔɽ gɔɽɔa mɛnkʰan gid̪ɾɘ bapɛ gɔɽɔa.
তোমরা মন দেখবে।,You all will see the mind.,apɛ d̪ɔ aŋ ɲɛla.
আজ আমি ভাষা পড়ে শহরে আসব।,"Today, I study the language and then come to the town.",t̪eheɲɾɛ iɲ pɘɾsi paɽha͡o̯kat̪ɛ sɔhɔɽɾɛ hiɟuʔa.
আমরা ন্যায়বিচারের আবেদন ও ফল পাকা দেখব।,We will see the appeal for justice and the mellowing.,alɛ d̪ɔ əpʰil dohae̯ aɾ aɾaɾao̯k̕ ɲɛla.
বাসস্থানে একটি বাসস্থান আছে।,There is a residence in the dwelling place.,basɾɛ basa menaa.
গতকাল সে মাছ খেয়ে কুয়ায় যাবে।,"Yesterday, he/she eat the fish and then go to the well.",hɔlaɾɛ uni haku ɟɔmkat̪ɛ kuɲɾɛ calaʔa.
তার ডাক্তার আনন্দের।,His/her doctor is happy.,uniaʔ ɖak̚t̪aɾ d̪ɔ ɾɘskɘa.
বনরুইটি ভালো।,The ant-eater is good.,aɾba d̪ɔ mɔ̃ɟa.
তুমি সন্ন্যাসী ও ছোট মশা দেখবে।,You will see the ascetic and the midge.,am d̪ɔ ətit aɾ bəsɳɖi ɲɛla.
গতকাল আমরা কথা লিখে নদীতে যাব।,"Yesterday, we write the word and then go to the river.",hɔlaɾɛ alɛ kat̪ʰa ɔlɔʔkat̪ɛ gaɖaɾɛ calaʔa.
আজ তুমি ভাষা লিখে গ্রামে আসবে।,"Today, you write the language and then come to the village.",t̪eheɲɾɛ am pɘɾsi ɔlɔʔkat̪ɛ at̪oɾɛ hiɟuʔa.
বেদটি নতুন।,The vedas is new.,bed d̪ɔ nɔwaa.
"তুমি মাছ কিনবে, কিন্তু মাছ কিনবে না।","You will buy the fish, but do not buy the fish.",am d̪ɔ haku kiɾiɲa mɛnkʰan haku bam kiɾiɲa.
পাড়াে একটি বাহুবন্ধনী আছে।,There is an armlet in the neighbourhood.,aɖe paseɾɛ bəd͡ʒu menaa.
সেই সময় তোমরা কথা লিখে নদীতে কাজ করবে।,"At that time, you all write the word and then work in the river.",ɔkt̪ɛɾɛ apɛ kat̪ʰa ɔlɔʔkat̪ɛ gaɖaɾɛ kɘmia.
বাড়িতে একটি ডিমের কুসুম আছে।,There is a yolk of egg in the house.,ɔɽaʔɾɛ bele botke menaa.
বাজিটি গুরুত্বপূর্ণ।,The wager is important.,bəd͡ʒi d̪ɔ ɟɘɾuɽa.
আমি ব্যাখ্যা দেখেছি।,I have seen the explanation.,iɲ d̪ɔ bejan ɲɛlakada.
বাষ্পটি গুরুত্বপূর্ণ।,The steam is important.,bʰapʰ d̪ɔ ɟɘɾuɽa.
তুমি আচরণ ও জ্বালাপোড়া দেখবে।,You will see the behaviour and the burning sensation.,am d̪ɔ bebɔhaɾ aɾ aɽae̯ ɲɛla.
সেই সময় তোমরা রান্না খেয়ে বাড়িতে খেলবে।,"At that time, you all eat the cooked food and then play in the house.",ɔkt̪ɛɾɛ apɛ basaŋ ɟɔmkat̪ɛ ɔɽaʔɾɛ gat̪ea.
সেই সময় তোমরা খাবার কিনে স্কুলে যাবে।,"At that time, you all buy the food and then go to the school.",ɔkt̪ɛɾɛ apɛ ɟɔmaʔ kiɾiɲkat̪ɛ iskulɾɛ calaʔa.
"তোমরা মাছ কিনবে, কিন্তু খাবার কিনবে না।","You all will buy the fish, but do not buy the food.",apɛ d̪ɔ haku kiɾiɲa mɛnkʰan ɟɔmaʔ bapɛ kiɾiɲa.
সেই সময় সে মাছ কিনে কুয়ায় যাবে।,"At that time, he/she buy the fish and then go to the well.",ɔkt̪ɛɾɛ uni haku kiɾiɲkat̪ɛ kuɲɾɛ calaʔa.
স্কুলে একটি নদী আছে।,There is a river in the school.,iskulɾɛ gaɖa menaa.
"তারা কয়েকদিন দেখবে, কিন্তু হিসাব দেখবে না।","They will see the few days, but do not see the account.",oŋko d̪ɔ əɾsiɲ bəɾsiɲ ɲɛla mɛnkʰan bil bako ɲɛla.
কুয়ায় একটি শিশু আছে।,There is a child in the well.,kuɲɾɛ gid̪ɾɘ menaa.
"তারা মোবাইল ফোন কিনবে, কিন্তু খাবার কিনবে না।","They will buy the mobile phone, but do not buy the food.",oŋko d̪ɔ mɔbaĭl pʰon kiɾiɲa mɛnkʰan ɟɔmaʔ bako kiɾiɲa.
গতকাল তোমরা মাছ খেয়ে বাড়িতে যাবে।,"Yesterday, you all eat the fish and then go to the house.",hɔlaɾɛ apɛ haku ɟɔmkat̪ɛ ɔɽaʔɾɛ calaʔa.
আজ সে দুধ পান করে নদীতে আসবে।,"Today, he/she drink the milk and then come to the river.",t̪eheɲɾɛ uni t̪o̯͡a ɲukat̪ɛ gaɖaɾɛ hiɟuʔa.
আমার টাকা ভালো।,My money is good.,iɲaʔ ʈaka d̪ɔ mɔ̃ɟa.
সকালে আমরা বিঘত দেখে শহরে যাব।,"In the morning, we see the span and then go to the town.",sɛt̪aʔɾɛ alɛ beɽ ɲɛlkat̪ɛ sɔhɔɽɾɛ calaʔa.
তাদের মোবাইল ফোন পরিষ্কার।,Their mobile phone is clean.,oŋkoaʔ mɔbaĭl pʰon d̪ɔ sapʰaa.
প্রতিদ্বন্দ্বিতাটি ভালো।,The rivalry is good.,bada bədi d̪ɔ mɔ̃ɟa.
বেত গাছটি গুরুত্বপূর্ণ।,The rattan is important.,bɛ̃t d̪ɔ ɟɘɾuɽa.
সময়কালটি গুরুত্বপূর্ণ।,The period is important.,ãʈɾe d̪ɔ ɟɘɾuɽa.
"সে খাবার পাবে, কিন্তু ঔষধ পাবে না।","He/she will get the food, but does not get the medicine.",uni d̪ɔ ɟɔmaʔ ɲama mɛnkʰan ɾan bai̯ ɲama.
তোমরা ত্রুটি দেখবে।,You all will see the faults.,apɛ d̪ɔ bʰul bisoɾ ɲɛla.
নদীতে একটি বামন আছে।,There is a dwarf in the river.,gaɖaɾɛ bãoɽã menaa.
আজ আমরা পাঠ পড়ে বাড়িতে কাজ করব।,"Today, we study the lesson and then work in the house.",t̪eheɲɾɛ alɛ sikʰnɘt̪ paɽha͡o̯kat̪ɛ ɔɽaʔɾɛ kɘmia.
তারা সতর্কবাণী দেখবে না।,They do not see the alarm.,oŋko d̪ɔ bʰāe bako ɲɛla.
গ্রামে একটি চালের মদ আছে।,There is a liquor made from rice in the village.,at̪oɾɛ əɾikə menaa.
সে নেতা দেখবে।,He/she will see the leader.,uni d̪ɔ aglaha ɲɛla.
অভিশাপটি ভালো।,The curse is good.,əsis d̪ɔ mɔ̃ɟa.
গতকাল আমরা মোবাইল ফোন কিনে স্কুলে কাজ করব।,"Yesterday, we buy the mobile phone and then work in the school.",hɔlaɾɛ alɛ mɔbaĭl pʰon kiɾiɲkat̪ɛ iskulɾɛ kɘmia.
বাসস্থানে একটি বাধা আছে।,There is a hindrance in the dwelling place.,basɾɛ badʰa menaa.
তারা ঔষধ দেখবে না।,They do not see the medicine.,oŋko d̪ɔ ɾan bako ɲɛla.
"আমরা টাকা পাব, কিন্তু খাবার পাব না।","We will get the money, but do not get the food.",alɛ d̪ɔ ʈaka ɲama mɛnkʰan ɟɔmaʔ balɛ ɲama.
আমরা গাঁজা ও কাঠের খুঁটি দেখব।,We will see the hemp drug and the wooden pin.,alɛ d̪ɔ bʰaŋ aɾ bʰaɲd͡ʒ kʰuɳʈi ɲɛla.
আজ সে কথা পড়ে হ্রদে যাবে।,"Today, he/she study the word and then go to the lake.",t̪eheɲɾɛ uni kat̪ʰa paɽha͡o̯kat̪ɛ ɟɔlaɾɛ calaʔa.
তারা পুরোহিতের রক্তদানের দক্ষিণা ও ভ্রাতৃত্ব অনুষ্ঠান দেখবে।,They will see the fee to priest who offers his blood and the brotherhood ceremony.,oŋko d̪ɔ bəlkəʈi aɾ bã̠ihə̃ ɲɛla.
সকালে সে খাবার খেয়ে কুয়ায় কাজ করবে।,"In the morning, he/she eat the food and then work in the well.",sɛt̪aʔɾɛ uni ɟɔmaʔ ɟɔmkat̪ɛ kuɲɾɛ kɘmia.
তার কাজ গুরুত্বপূর্ণ।,His/her work is important.,uniaʔ kɘmi d̪ɔ ɟɘɾuɽa.
জলাধারটি ভালো।,The reservoir is good.,ahɾa d̪ɔ mɔ̃ɟa.
সকালে তারা মোবাইল ফোন কিনে নদীতে খেলবে।,"In the morning, they buy the mobile phone and then play in the river.",sɛt̪aʔɾɛ oŋko mɔbaĭl pʰon kiɾiɲkat̪ɛ gaɖaɾɛ gat̪ea.
তোমরা পাত্র দেখবে না।,You all do not see the receptacle.,apɛ d̪ɔ anataŋ bapɛ ɲɛla.
তোমরা পোশাক দেখবে না।,You all do not see the apparel.,apɛ d̪ɔ ahɾan pahaɾand bapɛ ɲɛla.
অভিশাপটি গুরুত্বপূর্ণ।,The curse is important.,əsis d̪ɔ ɟɘɾuɽa.
ডালিমটি নতুন।,The pomegranate is new.,anaɾ d̪ɔ nɔwaa.
তাদের বনরুই ছোট।,Their ant-eater is small.,oŋkoaʔ aɾba d̪ɔ lɘʈua.
সকালে তুমি মধু খেয়ে কুয়ায় যাবে।,"In the morning, you eat the honey and then go to the well.",sɛt̪aʔɾɛ am ɲɛlɛɾasa ɟɔmkat̪ɛ kuɲɾɛ calaʔa.
আজ তোমরা কথা পড়ে নদীতে যাবে।,"Today, you all study the word and then go to the river.",t̪eheɲɾɛ apɛ kat̪ʰa paɽha͡o̯kat̪ɛ gaɖaɾɛ calaʔa.
আমরা নক্ষত্রমণ্ডল ও গোখরো সাপ দেখব।,We will see the constellation and the cobra.,alɛ d̪ɔ ãɾgɔm aɾ ajaŋ bin ɲɛla.
আমাদের হিসাব ভালো।,Our account is good.,alɛaʔ bil d̪ɔ mɔ̃ɟa.
আজ আমি কথা পড়ে হ্রদে আসব।,"Today, I study the word and then come to the lake.",t̪eheɲɾɛ iɲ kat̪ʰa paɽha͡o̯kat̪ɛ ɟɔlaɾɛ hiɟuʔa.
শহরে একটি সুযোগ আছে।,There is a chance in the town.,sɔhɔɽɾɛ bʰəg menaa.
সকালে আমরা খাবার খেয়ে গ্রামে কাজ করব।,"In the morning, we eat the food and then work in the village.",sɛt̪aʔɾɛ alɛ ɟɔmaʔ ɟɔmkat̪ɛ at̪oɾɛ kɘmia.
আমরা ঘড়ি ও খাবার কিনব।,We will buy the watch and the food.,alɛ d̪ɔ gʰuɽi aɾ ɟɔmaʔ kiɾiɲa.
সকালে আমরা ভাষা পড়ে হ্রদে যাব।,"In the morning, we study the language and then go to the lake.",sɛt̪aʔɾɛ alɛ pɘɾsi paɽha͡o̯kat̪ɛ ɟɔlaɾɛ calaʔa.
আমাদের হিসাব পরিষ্কার।,Our account is clean.,alɛaʔ bil d̪ɔ sapʰaa.
আমাদের ছেঁড়া ভালো।,Our rent is good.,alɛaʔ baŋ baŋ d̪ɔ mɔ̃ɟa.
তোমরা ঢোলকি বাদক ও বিকার দেখবে।,You all will see the drummer and the delirium.,apɛ d̪ɔ bəd͡ʒni aɾ bəi̯ ɲɛla.
গতকাল সে দুধ পান করে গ্রামে যাবে।,"Yesterday, he/she drink the milk and then go to the village.",hɔlaɾɛ uni t̪o̯͡a ɲukat̪ɛ at̪oɾɛ calaʔa.
তোমার অবিচার গুরুত্বপূর্ণ।,Your injustice is important.,amaʔ aneã̯o d̪ɔ ɟɘɾuɽa.
তার পেট ব্যথা গুরুত্বপূর্ণ।,His/her gripes is important.,uniaʔ bɛɾõʈ duk d̪ɔ ɟɘɾuɽa.
নদীতে একটি রীতি আছে।,There is a custom in the river.,gaɖaɾɛ bebohaɾ menaa.
"আমি খাবার খাব, কিন্তু মাছ খাব না।","I will eat the food, but do not eat the fish.",iɲ d̪ɔ ɟɔmaʔ ɟɔma mɛnkʰan haku bɘɲ ɟɔma.
আজ তারা পানি পান করে হ্রদে যাবে।,"Today, they drink the water and then go to the lake.",t̪eheɲɾɛ oŋko d̪aʔ ɲukat̪ɛ ɟɔlaɾɛ calaʔa.
উদ্বৃত্তটি গুরুত্বপূর্ণ।,The surplus is important.,bətil d̪ɔ ɟɘɾuɽa.
আমাদের কোমরবন্ধ ভালো।,Our girth is good.,alɛaʔ beɽband d̪ɔ mɔ̃ɟa.
বাবাটি ভালো।,The father is good.,apa d̪ɔ mɔ̃ɟa.
তোমরা পক্ষাঘাত দেখবে না।,You all do not see the hemiplegia.,apɛ d̪ɔ aɾdʰəŋgi bapɛ ɲɛla.
আমরা তুরহী দেখব না।,We do not see the trumpet.,alɛ d̪ɔ bakea̯ balɛ ɲɛla.
বিস্তীর্ণ ভূমিে একটি আদিবাসী আছে।,There is an aborigines in the wide expanse of land.,bilənɾɛ bəu̯ɾi menaa.
সকালে আমি রান্না খেয়ে বাড়িতে কাজ করব।,"In the morning, I eat the cooked food and then work in the house.",sɛt̪aʔɾɛ iɲ basaŋ ɟɔmkat̪ɛ ɔɽaʔɾɛ kɘmia.
সেই সময় তুমি মোবাইল ফোন কিনে নদীতে কাজ করবে।,"At that time, you buy the mobile phone and then work in the river.",ɔkt̪ɛɾɛ am mɔbaĭl pʰon kiɾiɲkat̪ɛ gaɖaɾɛ kɘmia.
আজ আমি খাবার খেয়ে শহরে কাজ করব।,"Today, I eat the food and then work in the town.",t̪eheɲɾɛ iɲ ɟɔmaʔ ɟɔmkat̪ɛ sɔhɔɽɾɛ kɘmia.
সকালে আমি কথা লিখে হ্রদে আসব।,"In the morning, I write the word and then come to the lake.",sɛt̪aʔɾɛ iɲ kat̪ʰa ɔlɔʔkat̪ɛ ɟɔlaɾɛ hiɟuʔa.
"আমরা ব্যাগ দেখব, কিন্তু ভূত দেখব না।","We will see the bag, but do not see the apparition.",alɛ d̪ɔ bɛg ɲɛla mɛnkʰan bʰeo̯na balɛ ɲɛla.
সকালে তুমি কথা লিখে গ্রামে আসবে।,"In the morning, you write the word and then come to the village.",sɛt̪aʔɾɛ am kat̪ʰa ɔlɔʔkat̪ɛ at̪oɾɛ hiɟuʔa.
হ্রদে একটি পেরিনিয়াল ফোঁড়া আছে।,There is a perineal abscess in the lake.,ɟɔlaɾɛ andʰãɾ gãɳɖ menaa.
আমার চুল্লি পরিষ্কার।,My furnace is clean.,iɲaʔ bʰaʈa d̪ɔ sapʰaa.
"আমরা পানি পান করব, কিন্তু পানি পান করব না।","We will drink the water, but do not drink the water.",alɛ d̪ɔ d̪aʔ ɲua mɛnkʰan d̪aʔ balɛ ɲua.
ইংল্যান্ডে একটি ঢোলকি বাদক আছে।,There is a drummer in the england.,bilətɾɛ bəd͡ʒni menaa.
আজ তারা অন্ধ ভয় দেখে বাড়িতে কাজ করবে।,"Today, they see the superstitious fear and then work in the house.",t̪eheɲɾɛ oŋko bʰae̯ ɲɛlkat̪ɛ ɔɽaʔɾɛ kɘmia.
আজ তোমরা মধু খেয়ে হ্রদে যাবে।,"Today, you all eat the honey and then go to the lake.",t̪eheɲɾɛ apɛ ɲɛlɛɾasa ɟɔmkat̪ɛ ɟɔlaɾɛ calaʔa.
শহরে একটি সেবা আছে।,There is a service in the town.,sɔhɔɽɾɛ aŋgɾa menaa.
তাদের পিঁপড়া আনন্দের।,Their ant is happy.,oŋkoaʔ muc̚ʔ d̪ɔ ɾɘskɘa.
তোমাদের মোবাইল ফোন গুরুত্বপূর্ণ।,Your mobile phone is important.,apɛaʔ mɔbaĭl pʰon d̪ɔ ɟɘɾuɽa.
আমার পা ভালো।,My leg is good.,iɲaʔ ɟaŋga d̪ɔ mɔ̃ɟa.
আজ তারা মধু খেয়ে স্কুলে খেলবে।,"Today, they eat the honey and then play in the school.",t̪eheɲɾɛ oŋko ɲɛlɛɾasa ɟɔmkat̪ɛ iskulɾɛ gat̪ea.
আমরা খাবার খেয়েছিলাম।,We ate the food.,alɛlɛ ɟɔmaʔ ɟɔmkeda.
আমরা ঔষধ ও ঘড়ি কিনব।,We will buy the medicine and the watch.,alɛ d̪ɔ ɾan aɾ gʰuɽi kiɾiɲa.
"আমরা মাছ খাব, কিন্তু মধু খাব না।","We will eat the fish, but do not eat the honey.",alɛ d̪ɔ haku ɟɔma mɛnkʰan ɲɛlɛɾasa balɛ ɟɔma.
পাড়াে একটি শ্রাইক পাখি আছে।,There is a shrike in the neighbourhood.,aɖe paseɾɛ bagʰa kɛɾkeʈa menaa.
পূর্বপুরুষটি ভালো।,The ancestors is good.,bap dada d̪ɔ mɔ̃ɟa.
তোমরা লাভ দেখেছিলে।,You all saw the profit.,apɛpɛ baɾpʰəi̯ ɲɛlkeda.
গতকাল আমরা বিদ্যা দেখে হ্রদে কাজ করব।,"Yesterday, we see the learning and then work in the lake.",hɔlaɾɛ alɛ bidiə̯ ɲɛlkat̪ɛ ɟɔlaɾɛ kɘmia.
উঠানে একটি বিকল্প আছে।,There is a substitute in the courtyard of house.,bəteɾɛ bədli menaa.
সকালে তুমি ঘড়ি কিনে হ্রদে আসবে।,"In the morning, you buy the watch and then come to the lake.",sɛt̪aʔɾɛ am gʰuɽi kiɾiɲkat̪ɛ ɟɔlaɾɛ hiɟuʔa.
সেই সময় তারা খাবার খেয়ে স্কুলে খেলবে।,"At that time, they eat the food and then play in the school.",ɔkt̪ɛɾɛ oŋko ɟɔmaʔ ɟɔmkat̪ɛ iskulɾɛ gat̪ea.
সেই সময় তারা পানি পান করে শহরে আসবে।,"At that time, they drink the water and then come to the town.",ɔkt̪ɛɾɛ oŋko d̪aʔ ɲukat̪ɛ sɔhɔɽɾɛ hiɟuʔa.
ব্যাখ্যাটি গুরুত্বপূর্ণ।,The explanation is important.,bejan d̪ɔ ɟɘɾuɽa.
তুমি শ্বাস দেখবে।,You will see the breath.,am d̪ɔ bao̯ ɲɛla.
"তারা ঔষধ কিনবে, কিন্তু খাবার কিনবে না।","They will buy the medicine, but do not buy the food.",oŋko d̪ɔ ɾan kiɾiɲa mɛnkʰan ɟɔmaʔ bako kiɾiɲa.
একটি ছবি নদীতে আছে।,One photo is in the river.,mit̪ʔ pʰɔʈɔ d̪ɔ gaɖaɾɛ menaa.
তোমার কষ্ট নতুন।,Your distress is new.,amaʔ alad͡ʒʰala d̪ɔ nɔwaa.
তোমাদের গাড়ির চাকায় লাগানো খিল গুরুত্বপূর্ণ।,Your cog put before a cartwheel is important.,apɛaʔ baɳdʰi d̪ɔ ɟɘɾuɽa.
তারা বেত গাছ ও পরিষদ দেখবে।,They will see the rattan and the council.,oŋko d̪ɔ bɛ̃t aɾ bəi̯si ɲɛla.
আয়ুর্বেদিক উদ্ভিদটি গুরুত্বপূর্ণ।,The bishop’s weed is important.,əd͡ʒuə̯ d̪ɔ ɟɘɾuɽa.
সকালে সে কাপ দেখে শহরে আসবে।,"In the morning, he/she see the cup and then come to the town.",sɛt̪aʔɾɛ uni basna ɲɛlkat̪ɛ sɔhɔɽɾɛ hiɟuʔa.
পয়সাটি নতুন।,The pice is new.,anapʰana d̪ɔ nɔwaa.
আজ আমি নারীজাতি দেখে গ্রামে যাব।,"Today, I see the females and then go to the village.",t̪eheɲɾɛ iɲ əi̯məi̯ d͡ʒət ɲɛlkat̪ɛ at̪oɾɛ calaʔa.
সেই সময় আমরা ঔষধ কিনে স্কুলে আসব।,"At that time, we buy the medicine and then come to the school.",ɔkt̪ɛɾɛ alɛ ɾan kiɾiɲkat̪ɛ iskulɾɛ hiɟuʔa.
জলাধারটি পরিষ্কার।,The reservoir is clean.,ahɾa d̪ɔ sapʰaa.
হ্রদে একটি দাদা আছে।,There is a grandfather in the lake.,ɟɔlaɾɛ ad͡ʒa menaa.
তুমি ভাষা ও বিঘত দেখবে।,You will see the language and the span.,am d̪ɔ bʰaka aɾ beɽ ɲɛla.
তোমাদের পাঠ নতুন।,Your lesson is new.,apɛaʔ sikʰnɘt̪ d̪ɔ nɔwaa.
নিকটবর্তী এলাকাে একটি ছেলে আছে।,There is a boy in the vicinity.,aɖe ʈolaɾɛ bəbu menaa.
জোয়ালটি গুরুত্বপূর্ণ।,The yoke is important.,aɾãɽ d̪ɔ ɟɘɾuɽa.
তারা কাঁকড়া দেখবে।,They will see the crayfish.,oŋko d̪ɔ bə̃uɳɖi ɲɛla.
শিকারটি নতুন।,The prey is new.,aheɾ d̪ɔ nɔwaa.
বাসস্থানে একটি একমুঠো আছে।,There is a handful in the dwelling place.,basɾɛ aɲd͡ʒle menaa.
উৎসব কোথায় আছে?,Where is the festival?,pɔɾɔb d̪ɔ ɔkaɾɛ menaa.
সেই সময় তারা কথা লিখে গ্রামে আসবে।,"At that time, they write the word and then come to the village.",ɔkt̪ɛɾɛ oŋko kat̪ʰa ɔlɔʔkat̪ɛ at̪oɾɛ hiɟuʔa.
বোকাটি ছোট।,The fool is small.,bemblaha d̪ɔ lɘʈua.
শ্বাসটি গুরুত্বপূর্ণ।,The breath is important.,bao̯ d̪ɔ ɟɘɾuɽa.
আমি ভোজ ও আখরোট দেখব।,I will see the feast and the walnut.,iɲ d̪ɔ bʰɔd͡ʒ aɾ akʰɾoʈ ɲɛla.
তোমাদের অল্প পরিষ্কার।,Your little is clean.,apɛaʔ ədʰəɾiə̯ d̪ɔ sapʰaa.
নিকটবর্তী এলাকাে একটি পশুপাখির ডাক আছে।,There is a cry of beasts & c in the vicinity.,aɖe ʈolaɾɛ aɳɖɾac̕ ɔɳɖɾɔc̕ menaa.
বাসস্থানে একটি মশাল আছে।,There is a torch in the dwelling place.,basɾɛ bambeɾ menaa.
আমাদের বিকার ভালো।,Our delirium is good.,alɛaʔ bəi̯ d̪ɔ mɔ̃ɟa.
আমার বোকা ভালো।,My fool is good.,iɲaʔ bemblaha d̪ɔ mɔ̃ɟa.
"তারা মধু খাবে, কিন্তু রান্না খাবে না।","They will eat the honey, but do not eat the cooked food.",oŋko d̪ɔ ɲɛlɛɾasa ɟɔma mɛnkʰan basaŋ bako ɟɔma.
"সে উদ্বৃত্ত দেখবে, কিন্তু বেত দেখবে না।","He/she will see the surplus, but does not see the cane.",uni d̪ɔ bətil ɲɛla mɛnkʰan bɛt bai̯ ɲɛla.
কুয়ায় একটি ভাষা আছে।,There is a language in the well.,kuɲɾɛ pɘɾsi menaa.
নিকটবর্তী এলাকাে একটি অনুচিত আচরণ আছে।,There is an impropriety in the vicinity.,aɖe ʈolaɾɛ baŋ ganok̕ak̕ menaa.
আমরা ধাতুর বাটি দেখব না।,We do not see the metal basin.,alɛ d̪ɔ bəʈi balɛ ɲɛla.
গোখরো সাপটি ভালো।,The cobra is good.,ajaŋ bin d̪ɔ mɔ̃ɟa.
সেই সময় আমি মাছ খেয়ে শহরে যাব।,"At that time, I eat the fish and then go to the town.",ɔkt̪ɛɾɛ iɲ haku ɟɔmkat̪ɛ sɔhɔɽɾɛ calaʔa.
সহ্যশক্তিটি গুরুত্বপূর্ণ।,The stamina is important.,bʰẹd͡ʒ d̪ɔ ɟɘɾuɽa.
সে নির্গমন ও ফুলের বৃতি দেখবে।,He/she will see the emanation and the calyx of flower.,uni d̪ɔ əhlə aɾ bɛnɛt ɲɛla.
সকালে তারা ভাষা পড়ে কুয়ায় খেলবে।,"In the morning, they study the language and then play in the well.",sɛt̪aʔɾɛ oŋko pɘɾsi paɽha͡o̯kat̪ɛ kuɲɾɛ gat̪ea.
সেই সময় আমি মাছ কিনে শহরে আসব।,"At that time, I buy the fish and then come to the town.",ɔkt̪ɛɾɛ iɲ haku kiɾiɲkat̪ɛ sɔhɔɽɾɛ hiɟuʔa.
সেই সময় আমি মোবাইল ফোন কিনে নদীতে আসব।,"At that time, I buy the mobile phone and then come to the river.",ɔkt̪ɛɾɛ iɲ mɔbaĭl pʰon kiɾiɲkat̪ɛ gaɖaɾɛ hiɟuʔa.
তোমরা তুলার গাছ দেখবে।,You all will see the cotton plant.,apɛ d̪ɔ bʰoga kaskɔm ɲɛla.
বাসস্থানে একটি বিধাতা আছে।,There is a providence in the residence.,basaɾɛ bʰidata menaa.
ফার্ন গাছটি গুরুত্বপূর্ণ।,The fern is important.,badgot͡ʃak̕ d̪ɔ ɟɘɾuɽa.
তুমি শুরু দেখেছিলে।,You saw the beginning.,amɛm əd ɲɛlkeda.
পোশাকটি নতুন।,The apparel is new.,ahɾan pahaɾand d̪ɔ nɔwaa.
শহরে একটি মহাপ্লাবন আছে।,There is a deluge in the town.,sɔhɔɽɾɛ bajaban menaa.
তোমরা সকাল ও বেল্টের ক্ল্যাপ দেখবে।,You all will see the morning and the belt clasp.,apɛ d̪ɔ ãɽgat aɾ bəkuk̕ ɲɛla.
তুমি মাফ (হাতঢাকা) ও দাদা দেখবে।,You will see the muff and the grandfather.,am d̪ɔ bembʰa aɾ ad͡ʒa ɲɛla.
তার আয়না গুরুত্বপূর্ণ।,His/her mirror is important.,uniaʔ əɾsi d̪ɔ ɟɘɾuɽa.
গতকাল তোমরা খাবার কিনে কুয়ায় কাজ করবে।,"Yesterday, you all buy the food and then work in the well.",hɔlaɾɛ apɛ ɟɔmaʔ kiɾiɲkat̪ɛ kuɲɾɛ kɘmia.
গুহাে একটি বেতন আছে।,There is a pay in the cave.,bʰugək̕ɾɛ bɛtɔn menaa.
কুয়ায় একটি মানুষ আছে।,There is a person in the well.,kuɲɾɛ hɔɽ menaa.
সকালে আমি পরাজয় দেখে নদীতে খেলব।,"In the morning, I see the beating and then play in the river.",sɛt̪aʔɾɛ iɲ alao̯ ɲɛlkat̪ɛ gaɖaɾɛ gat̪ea.
তুমি প্রণয়ন ও আতঙ্ক দেখবে।,You will see the enactment and the terror.,am d̪ɔ ən aɾ bʰɔɽɔk ɲɛla.
চল্লিশটি পরিষ্কার।,The forty is clean.,baɾ isi d̪ɔ sapʰaa.
আমার নবজাতক আনন্দের।,My infant is happy.,iɲaʔ balɛ d̪ɔ ɾɘskɘa.
তুমি ডুমুর গাছের এক প্রজাতি দেখেছিলে।,You saw the fig tree.,amɛm əɲd͡ʒiɾ ɲɛlkeda.
গতকাল তুমি মাছ খেয়ে কুয়ায় খেলবে।,"Yesterday, you eat the fish and then play in the well.",hɔlaɾɛ am haku ɟɔmkat̪ɛ kuɲɾɛ gat̪ea.
আমি বেল্টের ক্ল্যাপ ও কষ্ট দেখব।,I will see the belt clasp and the suffering.,iɲ d̪ɔ bəkuk̕ aɾ bidot ɲɛla.
পাড়াে একটি পুঁজ আছে।,There is a pus in the neighbourhood.,aɖe paseɾɛ bele menaa.
সকালে তারা পানি পান করে স্কুলে আসবে।,"In the morning, they drink the water and then come to the school.",sɛt̪aʔɾɛ oŋko d̪aʔ ɲukat̪ɛ iskulɾɛ hiɟuʔa.
এক ধরনের বাদ্যযন্ত্রটি ভালো।,The a kind of fiddle is good.,banam d̪ɔ mɔ̃ɟa.
সেই সময় আমরা মাছ কিনে শহরে কাজ করব।,"At that time, we buy the fish and then work in the town.",ɔkt̪ɛɾɛ alɛ haku kiɾiɲkat̪ɛ sɔhɔɽɾɛ kɘmia.
আড়ালে একটি চালের মদ আছে।,There is a liquor made from rice in the covert.,ao̯tanɾɛ əɾikə menaa.
আমি যাবপাত্র দেখব না।,I do not see the fodder.,iɲ d̪ɔ adʰaɾ bɘɲ ɲɛla.
পাড়াে একটি মধু আছে।,There is a honey in the neighbourhood.,aɖe paseɾɛ ɲɛlɛɾasa menaa.
"সে ছবি পাবে, কিন্তু ঔষধ পাবে না।","He/she will get the photo, but does not get the medicine.",uni d̪ɔ pʰɔʈɔ ɲama mɛnkʰan ɾan bai̯ ɲama.
তাদের জোর খাটানো শ্রম নতুন।,Their forced labour is new.,oŋkoaʔ begaɾ d̪ɔ nɔwaa.
তারা কিশোর দেখেছিল।,They saw the lad.,oŋkoko bat͡ʃʰɽa ɲɛlkeda.
তারা আয়ুর্বেদিক উদ্ভিদ ও ফুলের মালা দেখবে।,They will see the bishop’s weed and the garland of flowers.,oŋko d̪ɔ əd͡ʒuə̯ aɾ baha mala ɲɛla.
বেশ্যাটি গুরুত্বপূর্ণ।,The harlot is important.,bət͡ʃkəɾ d̪ɔ ɟɘɾuɽa.
তারা অর্জন ও ন্যায়বিচারের আবেদন দেখবে।,They will see the gain and the appeal for justice.,oŋko d̪ɔ ae̯ upəi̯ aɾ əpʰil dohae̯ ɲɛla.
তোমরা বাধা ও ঢোলের শব্দ দেখবে।,You all will see the hitch and the rattle on drum.,apɛ d̪ɔ bəndʰi aɾ beɖo ɲɛla.
তোমরা আমড়া দেখবে না।,You all do not see the hog plum.,apɛ d̪ɔ amɽa bapɛ ɲɛla.
আজ তোমরা পাঠ পড়ে কুয়ায় কাজ করবে।,"Today, you all study the lesson and then work in the well.",t̪eheɲɾɛ apɛ sikʰnɘt̪ paɽha͡o̯kat̪ɛ kuɲɾɛ kɘmia.
তার খাবারের অবশিষ্ট ভালো।,His/her leftover food is good.,uniaʔ əi̯ʈʰə d̪ɔ mɔ̃ɟa.
বাড়িতে একটি বিনিময় আছে।,There is an exchange in the house.,ɔɽaʔɾɛ badla menaa.
আজ তোমরা মুহূর্ত দেখে স্কুলে আসবে।,"Today, you all see the moment and then come to the school.",t̪eheɲɾɛ apɛ abʰeɽ ɲɛlkat̪ɛ iskulɾɛ hiɟuʔa.
গতকাল তারা রান্না খেয়ে স্কুলে যাবে।,"Yesterday, they eat the cooked food and then go to the school.",hɔlaɾɛ oŋko basaŋ ɟɔmkat̪ɛ iskulɾɛ calaʔa.
তার ভাষা নতুন।,His/her language is new.,uniaʔ pɘɾsi d̪ɔ nɔwaa.
তার ব্যাখ্যা ভালো।,His/her explanation is good.,uniaʔ bejan d̪ɔ mɔ̃ɟa.
তার নদী ভালো।,His/her river is good.,uniaʔ gaɖa d̪ɔ mɔ̃ɟa.
সেই সময় সে খাবার খেয়ে শহরে আসবে।,"At that time, he/she eat the food and then come to the town.",ɔkt̪ɛɾɛ uni ɟɔmaʔ ɟɔmkat̪ɛ sɔhɔɽɾɛ hiɟuʔa.
দালালিটি গুরুত্বপূর্ণ।,The commission is important.,baʈa d̪ɔ ɟɘɾuɽa.
সে অবসর ও হুক দেখবে।,He/she will see the leisure and the hook.,uni d̪ɔ apʰsoɾ aɾ əŋkus ɲɛla.
কুয়ায় একটি বাষ্প আছে।,There is a vapour in the well.,kuɲɾɛ bʰap menaa.
আজ সে মোবাইল ফোন কিনে স্কুলে কাজ করবে।,"Today, he/she buy the mobile phone and then work in the school.",t̪eheɲɾɛ uni mɔbaĭl pʰon kiɾiɲkat̪ɛ iskulɾɛ kɘmia.
"তুমি ঘড়ি কিনবে, কিন্তু ঔষধ কিনবে না।","You will buy the watch, but do not buy the medicine.",am d̪ɔ gʰuɽi kiɾiɲa mɛnkʰan ɾan bam kiɾiɲa.
তোমাদের আধপাকা ফলের বিচি ভালো।,Your kernel of half-ripe fruits is good.,apɛaʔ bʰəti d̪ɔ mɔ̃ɟa.
আমি অভ্র দেখব।,I will see the mica.,iɲ d̪ɔ abɾak ɲɛla.
আমার স্কুল গুরুত্বপূর্ণ।,My school is important.,iɲaʔ iskul d̪ɔ ɟɘɾuɽa.
আমরা আতঙ্ক দেখেছিলাম।,We saw the terror.,alɛlɛ bʰɔɽɔk ɲɛlkeda.
আজ আমি কথা লিখে কুয়ায় আসব।,"Today, I write the word and then come to the well.",t̪eheɲɾɛ iɲ kat̪ʰa ɔlɔʔkat̪ɛ kuɲɾɛ hiɟuʔa.
আজ সে কথা পড়ে হ্রদে কাজ করবে।,"Today, he/she study the word and then work in the lake.",t̪eheɲɾɛ uni kat̪ʰa paɽha͡o̯kat̪ɛ ɟɔlaɾɛ kɘmia.
সকালে তুমি পানি পান করে স্কুলে কাজ করবে।,"In the morning, you drink the water and then work in the school.",sɛt̪aʔɾɛ am d̪aʔ ɲukat̪ɛ iskulɾɛ kɘmia.
আজ তারা ভাষা পড়ে কুয়ায় কাজ করবে।,"Today, they study the language and then work in the well.",t̪eheɲɾɛ oŋko pɘɾsi paɽha͡o̯kat̪ɛ kuɲɾɛ kɘmia.
সকালে তোমরা খাবার খেয়ে নদীতে যাবে।,"In the morning, you all eat the food and then go to the river.",sɛt̪aʔɾɛ apɛ ɟɔmaʔ ɟɔmkat̪ɛ gaɖaɾɛ calaʔa.
বিস্তীর্ণ ভূমিে একটি গোখরো সাপ আছে।,There is a cobra in the wide expanse of land.,bilənɾɛ ajaŋ bin menaa.
সকালে তোমরা সতর্কবাণী দেখে বাড়িতে আসবে।,"In the morning, you all see the alarm and then come to the house.",sɛt̪aʔɾɛ apɛ bʰāe ɲɛlkat̪ɛ ɔɽaʔɾɛ hiɟuʔa.
সেই সময় তোমরা মোবাইল ফোন কিনে কুয়ায় খেলবে।,"At that time, you all buy the mobile phone and then play in the well.",ɔkt̪ɛɾɛ apɛ mɔbaĭl pʰon kiɾiɲkat̪ɛ kuɲɾɛ gat̪ea.
গুহাে একটি বাবা আছে।,There is a father in the cave.,bʰugək̕ɾɛ apa menaa.
আড়ালে একটি ছেলে আছে।,There is a boy in the covert.,ao̯tanɾɛ bəbu menaa.
সেই সময় আমি মধু খেয়ে কুয়ায় খেলব।,"At that time, I eat the honey and then play in the well.",ɔkt̪ɛɾɛ iɲ ɲɛlɛɾasa ɟɔmkat̪ɛ kuɲɾɛ gat̪ea.
আড়ালে একটি মোবাইল ফোন আছে।,There is a mobile phone in the covert.,ao̯tanɾɛ mɔbaĭl pʰon menaa.
লাগামটি ভালো।,The bridle is good.,bag d̪ɔ mɔ̃ɟa.
সকালে আমি কথা পড়ে শহরে কাজ করব।,"In the morning, I study the word and then work in the town.",sɛt̪aʔɾɛ iɲ kat̪ʰa paɽha͡o̯kat̪ɛ sɔhɔɽɾɛ kɘmia.
উঠানে একটি ভাগ্নে আছে।,There is a nephew in the courtyard of house.,bəteɾɛ bʰəgnə menaa.
সে বৃদ্ধি দেখবে।,He/she will see the growth.,uni d̪ɔ baɽhɔnta ɲɛla.
আমার করতাল গুরুত্বপূর্ণ।,My cymbals is important.,iɲaʔ bad͡ʒna d̪ɔ ɟɘɾuɽa.
সেই সময় আমি মোবাইল ফোন কিনে শহরে খেলব।,"At that time, I buy the mobile phone and then play in the town.",ɔkt̪ɛɾɛ iɲ mɔbaĭl pʰon kiɾiɲkat̪ɛ sɔhɔɽɾɛ gat̪ea.
সকালে সে কথা পড়ে কুয়ায় খেলবে।,"In the morning, he/she study the word and then play in the well.",sɛt̪aʔɾɛ uni kat̪ʰa paɽha͡o̯kat̪ɛ kuɲɾɛ gat̪ea.
সকালে সে কথা পড়ে কুয়ায় আসবে।,"In the morning, he/she study the word and then come to the well.",sɛt̪aʔɾɛ uni kat̪ʰa paɽha͡o̯kat̪ɛ kuɲɾɛ hiɟuʔa.
আমার নির্ভরতা ভালো।,My reliance is good.,iɲaʔ bʰaɾsa d̪ɔ mɔ̃ɟa.
তাদের ডিমের কুসুম ভালো।,Their yolk of egg is good.,oŋkoaʔ bele botke d̪ɔ mɔ̃ɟa.
আজ তোমরা দুধ পান করে নদীতে যাবে।,"Today, you all drink the milk and then go to the river.",t̪eheɲɾɛ apɛ t̪o̯͡a ɲukat̪ɛ gaɖaɾɛ calaʔa.
স্কুলে একটি ছবি আছে।,There is a photo in the school.,iskulɾɛ pʰɔʈɔ menaa.
"তোমরা খাবার খাবে, কিন্তু মাছ খাবে না।","You all will eat the food, but do not eat the fish.",apɛ d̪ɔ ɟɔmaʔ ɟɔma mɛnkʰan haku bapɛ ɟɔma.
"তোমরা মোবাইল ফোন কিনবে, কিন্তু মোবাইল ফোন কিনবে না।","You all will buy the mobile phone, but do not buy the mobile phone.",apɛ d̪ɔ mɔbaĭl pʰon kiɾiɲa mɛnkʰan mɔbaĭl pʰon bapɛ kiɾiɲa.
পাড়াে একটি মা আছে।,There is a mother in the neighbourhood.,aɖe paseɾɛ gɔgɔ menaa.
ভাষাটি ভালো।,The language is good.,bʰaka d̪ɔ mɔ̃ɟa.
প্রস্থানটি গুরুত্বপূর্ণ।,The departure is important.,aʈo d̪ɔ ɟɘɾuɽa.
গুহাে একটি গ্রাম আছে।,There is a village in the cave.,bʰugək̕ɾɛ at̪o menaa.
তোমাদের অজুহাত ভালো।,Your excuse is good.,apɛaʔ aɾd͡ʒaəɾd͡ʒi d̪ɔ mɔ̃ɟa.
সে অভিশাপ দেখবে না।,He/she does not see the curse.,uni d̪ɔ əsis bai̯ ɲɛla.
সেই সময় তারা পানি পান করে কুয়ায় খেলবে।,"At that time, they drink the water and then play in the well.",ɔkt̪ɛɾɛ oŋko d̪aʔ ɲukat̪ɛ kuɲɾɛ gat̪ea.
গ্রামে একটি শেষ আছে।,There is an end in the village.,at̪oɾɛ əkʰiɾ menaa.
তোমাদের এক তোলা পরিষ্কার।,Your one tola is clean.,apɛaʔ bʰoɾi d̪ɔ sapʰaa.
আমার ফোঁপানি নতুন।,My blubbering is new.,iɲaʔ beɲ d̪ɔ nɔwaa.
তুমি অভ্র ও রীতি দেখবে।,You will see the mica and the customs.,am d̪ɔ abɾak aɾ at͡ʃaɾ ɲɛla.
আমার ভিক্ষুক ভালো।,My beggar is good.,iɲaʔ bʰikʰəɾi d̪ɔ mɔ̃ɟa.
দাদিটি গুরুত্বপূর্ণ।,The grandmother is important.,əd͡ʒi d̪ɔ ɟɘɾuɽa.
সেই সময় সে বিবাহের উপহার দেখে শহরে কাজ করবে।,"At that time, he/she see the presents given at marriage and then work in the town.",ɔkt̪ɛɾɛ uni banda pɔn ɲɛlkat̪ɛ sɔhɔɽɾɛ kɘmia.
তোমার পুরুষ ভেড়া আনন্দের।,Your ram is happy.,amaʔ bʰeɖa d̪ɔ ɾɘskɘa.
"আমি আদিবাসী দেখব, কিন্তু সন্ন্যাসী দেখব না।","I will see the aborigines, but do not see the ascetic.",iɲ d̪ɔ bəu̯ɾi ɲɛla mɛnkʰan ətit bɘɲ ɲɛla.
নদীতে একটি খাবার আছে।,There is a food in the river.,gaɖaɾɛ ɟɔmaʔ menaa.
আমার ভাড়াটে কর্মী গুরুত্বপূর্ণ।,My hired worker is important.,iɲaʔ bənkəɾ d̪ɔ ɟɘɾuɽa.
সেই সময় তারা মাছ খেয়ে গ্রামে যাবে।,"At that time, they eat the fish and then go to the village.",ɔkt̪ɛɾɛ oŋko haku ɟɔmkat̪ɛ at̪oɾɛ calaʔa.
সকালে আমরা পাল (নৌকার) দেখে বাড়িতে খেলব।,"In the morning, we see the sail and then play in the house.",sɛt̪aʔɾɛ alɛ baɖɔm ɲɛlkat̪ɛ ɔɽaʔɾɛ gat̪ea.
তোমার পাঠ গুরুত্বপূর্ণ।,Your lesson is important.,amaʔ sikʰnɘt̪ d̪ɔ ɟɘɾuɽa.
আজ সে আচরণ দেখে হ্রদে খেলবে।,"Today, he/she see the behaviour and then play in the lake.",t̪eheɲɾɛ uni bebɔhaɾ ɲɛlkat̪ɛ ɟɔlaɾɛ gat̪ea.
অর্জনটি গুরুত্বপূর্ণ।,The gain is important.,ae̯ upəi̯ d̪ɔ ɟɘɾuɽa.
আমরা মজুরি ও ফোঁপানি দেখব।,We will see the wages and the blubbering.,alɛ d̪ɔ bən aɾ beɲ ɲɛla.
নির্গমনটি নতুন।,The emanation is new.,əhlə d̪ɔ nɔwaa.
তোমরা বিরক্তি দেখবে না।,You all do not see the annoyance.,apɛ d̪ɔ əɽis bapɛ ɲɛla.
গতকাল তারা পানি পান করে বাড়িতে যাবে।,"Yesterday, they drink the water and then go to the house.",hɔlaɾɛ oŋko d̪aʔ ɲukat̪ɛ ɔɽaʔɾɛ calaʔa.
তুমি উপভাষা দেখবে না।,You do not see the dialect.,am d̪ɔ bahaka bam ɲɛla.
নিকটবর্তী এলাকাে একটি সন্ধ্যা আছে।,There is an evening in the vicinity.,aɖe ʈolaɾɛ əjup̕ menaa.
গতকাল তোমরা পাঠ পড়ে গ্রামে কাজ করবে।,"Yesterday, you all study the lesson and then work in the village.",hɔlaɾɛ apɛ sikʰnɘt̪ paɽha͡o̯kat̪ɛ at̪oɾɛ kɘmia.
আড়ালে একটি গুহা আছে।,There is a cave in the covert.,ao̯tanɾɛ bʰugək̕ menaa.
তাদের শোক গুরুত্বপূর্ণ।,Their grief is important.,oŋkoaʔ bedna d̪ɔ ɟɘɾuɽa.
আমরা দল দেখব।,We will see the group.,alɛ d̪ɔ aɖa ɲɛla.
সেই সময় আমি পানি পান করে স্কুলে খেলব।,"At that time, I drink the water and then play in the school.",ɔkt̪ɛɾɛ iɲ d̪aʔ ɲukat̪ɛ iskulɾɛ gat̪ea.
বাজারটি পরিষ্কার।,The bazaar is clean.,bad͡ʒaɾ d̪ɔ sapʰaa.
আড়ালে একটি কষ্ট আছে।,There is a distress in the covert.,ao̯tanɾɛ alad͡ʒʰala menaa.
"সে মোবাইল ফোন কিনবে, কিন্তু ঘড়ি কিনবে না।","He/she will buy the mobile phone, but does not buy the watch.",uni d̪ɔ mɔbaĭl pʰon kiɾiɲa mɛnkʰan gʰuɽi bai̯ kiɾiɲa.
"তোমরা মূল্যায়ন দেখবে, কিন্তু হুক দেখবে না।","You all will see the appraisement, but do not see the hook.",apɛ d̪ɔ anman ɲɛla mɛnkʰan əŋkus bapɛ ɲɛla.
গতকাল তোমরা পানি পান করে গ্রামে কাজ করবে।,"Yesterday, you all drink the water and then work in the village.",hɔlaɾɛ apɛ d̪aʔ ɲukat̪ɛ at̪oɾɛ kɘmia.
তার স্কুল ভালো।,His/her school is good.,uniaʔ iskul d̪ɔ mɔ̃ɟa.
একটি বিদেশী হ্রদে আছে।,One foreigner is in the lake.,mit̪ʔʈɛn bidesiə̯ d̪ɔ ɟɔlaɾɛ menaa.
তার কুয়া গুরুত্বপূর্ণ।,His/her well is important.,uniaʔ kuɲ d̪ɔ ɟɘɾuɽa.
আজ সে বন্দুক দেখে বাড়িতে খেলবে।,"Today, he/she see the gun and then play in the house.",t̪eheɲɾɛ uni bənduk ɲɛlkat̪ɛ ɔɽaʔɾɛ gat̪ea.
আমরা বারান্দা দেখেছি।,We have seen the verandah.,alɛ d̪ɔ baɾaɳda ɲɛlakada.
বাসস্থানে একটি বিদ্যুৎ আছে।,There is a lightning in the residence.,basaɾɛ bid͡ʒli menaa.
কুয়ায় একটি জেলে আছে।,There is a fisherman in the well.,kuɲɾɛ ɟɘliɘ menaa.
ইংল্যান্ডে একটি কর্তব্যচ্যুতি আছে।,There is an omission of duty in the england.,bilətɾɛ bʰisoɾ menaa.
আজ সে মাছ খেয়ে বাড়িতে আসবে।,"Today, he/she eat the fish and then come to the house.",t̪eheɲɾɛ uni haku ɟɔmkat̪ɛ ɔɽaʔɾɛ hiɟuʔa.
লাভটি ভালো।,The benefit is good.,bapʰa d̪ɔ mɔ̃ɟa.
তোমরা নয় ও কয়েকদিন দেখবে।,You all will see the nine and the few days.,apɛ d̪ɔ aɾe aɾ əɾsiɲ bəɾsiɲ ɲɛla.
সেই সময় তুমি কথা পড়ে স্কুলে কাজ করবে।,"At that time, you study the word and then work in the school.",ɔkt̪ɛɾɛ am kat̪ʰa paɽha͡o̯kat̪ɛ iskulɾɛ kɘmia.
উঠানে একটি জাফরি আছে।,There is a lattice work in the courtyard of house.,bəteɾɛ bata menaa.
তারা পোশাক দেখবে না।,They do not see the attire.,oŋko d̪ɔ bʰagwa bako ɲɛla.
কালো ভাল্লুকটি ভালো।,The black bear is good.,bana d̪ɔ mɔ̃ɟa.
আমি বালিশ দেখব।,I will see the pillow.,iɲ d̪ɔ bəlis ɲɛla.
পশুপাখির ডাকটি নতুন।,The cry of beasts & c is new.,aɳɖɾac̕ ɔɳɖɾɔc̕ d̪ɔ nɔwaa.
তাদের বাবা ছোট।,Their father is small.,oŋkoaʔ baba d̪ɔ lɘʈua.
বিবাহের শোভাযাত্রাটি নতুন।,The marriage procession is new.,bəɾiə̯t d̪ɔ nɔwaa.
বিস্তীর্ণ ভূমিে একটি বিকল্প আছে।,There is a substitute in the wide expanse of land.,bilənɾɛ bədli menaa.
তোমরা দেবতা দেখেছ।,You all have seen the deity.,apɛ d̪ɔ bʰokta ɲɛlakada.
আমি ঝোপঝাড় দেখেছিলাম।,I saw the shrub.,iɲiɲ akao̯na ɲɛlkeda.
আমাদের বেত গাছ গুরুত্বপূর্ণ।,Our rattan is important.,alɛaʔ bɛ̃t d̪ɔ ɟɘɾuɽa.
তার বিকল্প নতুন।,His/her substitute is new.,uniaʔ bədli d̪ɔ nɔwaa.
আড়ালে একটি ভাড়াটে কর্মী আছে।,There is a hired worker in the covert.,ao̯tanɾɛ bənkəɾ menaa.
তাদের ফল পাকা গুরুত্বপূর্ণ।,Their mellowing is important.,oŋkoaʔ aɾaɾao̯k̕ d̪ɔ ɟɘɾuɽa.
সকালে তোমরা ভাষা পড়ে কুয়ায় কাজ করবে।,"In the morning, you all study the language and then work in the well.",sɛt̪aʔɾɛ apɛ pɘɾsi paɽha͡o̯kat̪ɛ kuɲɾɛ kɘmia.
নদীতে একটি কসাই আছে।,There is a butcher in the river.,gaɖaɾɛ bʰut͡ʃəɽ menaa.
আমরা বেঁকানো যন্ত্র ও তুরহী দেখব।,We will see the brace for boring and the trumpet.,alɛ d̪ɔ bʰãoɾa aɾ bakea̯ ɲɛla.
তোমরা কাঠের খুঁটি দেখেছিলে।,You all saw the wooden pin.,apɛpɛ bʰaɲd͡ʒ kʰuɳʈi ɲɛlkeda.
কৃষিজ উৎপাদনটি নতুন।,The agricultural produce is new.,aɾd͡ʒon d̪ɔ nɔwaa.
তারা ধানের খেত দেখবে।,They will see the rice field.,oŋko d̪ɔ baɽge ɲɛla.
উঠানে একটি জেলে আছে।,There is a fisherman in the courtyard of house.,bəteɾɛ ɟɘliɘ menaa.
"তুমি বাবা সাহায্য করবে, কিন্তু শিশু সাহায্য করবে না।","You will help the father, but do not help the child.",am d̪ɔ baba gɔɽɔa mɛnkʰan gid̪ɾɘ bam gɔɽɔa.
আমরা নামা দেখব।,We will see the descent.,alɛ d̪ɔ anãɽgo ɲɛla.
আজ সে বকেয়া দেখে গ্রামে যাবে।,"Today, he/she see the arrears and then go to the village.",t̪eheɲɾɛ uni bəki ɲɛlkat̪ɛ at̪oɾɛ calaʔa.
বাসস্থানে একটি ফোঁপানি আছে।,There is a blubbering in the residence.,basaɾɛ beɲ menaa.
হ্রদে একটি যন্ত্রপাতি আছে।,There is an appliance in the lake.,ɟɔlaɾɛ bandʰec̕ menaa.
তারা শিলাবৃষ্টি ও দাম দেখবে।,They will see the hail and the price.,oŋko d̪ɔ aɾel aɾ bʰao̯ ɲɛla.
গতকাল আমি ভাষা পড়ে গ্রামে কাজ করব।,"Yesterday, I study the language and then work in the village.",hɔlaɾɛ iɲ pɘɾsi paɽha͡o̯kat̪ɛ at̪oɾɛ kɘmia.
সে ঔষধ ও ঘড়ি কিনবে।,He/she will buy the medicine and the watch.,uni d̪ɔ ɾan aɾ gʰuɽi kiɾiɲa.
কুয়ায় একটি কুলি নিয়োগকারী আছে।,There is a recruiter in the well.,kuɲɾɛ aɽkəʈʰiə̯ menaa.
আমাদের গাঁট নতুন।,Our bale is new.,alɛaʔ bʰiɳɖ d̪ɔ nɔwaa.
সে নামা দেখবে না।,He/she does not see the descent.,uni d̪ɔ anãɽgo bai̯ ɲɛla.
ইংল্যান্ডে একটি সময় আছে।,There is a time in the england.,bilətɾɛ ɔkt̪ɛ menaa.
প্রসবোত্তর নাড়িটি গুরুত্বপূর্ণ।,The afterbirth placenta is important.,baha āowāɾ d̪ɔ ɟɘɾuɽa.
সে শিখা ও বেঁকানো যন্ত্র দেখবে।,He/she will see the flame and the brace for boring.,uni d̪ɔ ãt͡ʃ aɾ bʰãoɾa ɲɛla.
আজ তোমরা পাঠ পড়ে বাড়িতে আসবে।,"Today, you all study the lesson and then come to the house.",t̪eheɲɾɛ apɛ sikʰnɘt̪ paɽha͡o̯kat̪ɛ ɔɽaʔɾɛ hiɟuʔa.
আমি দুর্যোগ দেখেছি।,I have seen the calmity.,iɲ d̪ɔ apʰoti ɲɛlakada.
নিকটবর্তী এলাকাে একটি মুক্তি আছে।,There is a salvation in the vicinity.,aɖe ʈolaɾɛ baɲt͡ʃao̯k̕ menaa.
সেই সময় তারা মাছ খেয়ে বাড়িতে খেলবে।,"At that time, they eat the fish and then play in the house.",ɔkt̪ɛɾɛ oŋko haku ɟɔmkat̪ɛ ɔɽaʔɾɛ gat̪ea.
তাদের ডাক্তার আনন্দের।,Their doctor is happy.,oŋkoaʔ ɖak̚t̪aɾ d̪ɔ ɾɘskɘa.
"তোমরা পাঠ পড়বে, কিন্তু পাঠ পড়বে না।","You all will study the lesson, but do not study the lesson.",apɛ d̪ɔ sikʰnɘt̪ paɽha͡o̯a mɛnkʰan sikʰnɘt̪ bapɛ paɽha͡o̯a.
তোমরা অবিচার দেখবে।,You all will see the injustice.,apɛ d̪ɔ aneã̯o ɲɛla.
তারা ঝোপঝাড় ও লজ্জা দেখবে।,They will see the shrub and the shame.,oŋko d̪ɔ akao̯na aɾ bʰɔɾɔm ɲɛla.
আমরা ব্যাঙের ডাক ও বাদ্যযন্ত্র দেখব।,We will see the croak of frogs and the musical instrument.,alɛ d̪ɔ bɛbɛ aɾ bad͡ʒa ɲɛla.
নিকটবর্তী এলাকাে একটি শত্রু আছে।,There is an enemy in the vicinity.,aɖe ʈolaɾɛ bəi̯ɾi menaa.
সকালে তারা পাঠ পড়ে নদীতে যাবে।,"In the morning, they study the lesson and then go to the river.",sɛt̪aʔɾɛ oŋko sikʰnɘt̪ paɽha͡o̯kat̪ɛ gaɖaɾɛ calaʔa.
গতকাল সে পানি পান করে শহরে খেলবে।,"Yesterday, he/she drink the water and then play in the town.",hɔlaɾɛ uni d̪aʔ ɲukat̪ɛ sɔhɔɽɾɛ gat̪ea.
সেই সময় আমি দুধ পান করে কুয়ায় আসব।,"At that time, I drink the milk and then come to the well.",ɔkt̪ɛɾɛ iɲ t̪o̯͡a ɲukat̪ɛ kuɲɾɛ hiɟuʔa.
সকালে আমি খাবার খেয়ে গ্রামে আসব।,"In the morning, I eat the food and then come to the village.",sɛt̪aʔɾɛ iɲ ɟɔmaʔ ɟɔmkat̪ɛ at̪oɾɛ hiɟuʔa.
নদীতে একটি ঘাম আছে।,There is a perspiration in the river.,gaɖaɾɛ balbal menaa.
প্রণয়ভঙ্গিটি নতুন।,The coquetry is new.,əngɾa d̪ɔ nɔwaa.
গতকাল আমরা মাছ কিনে শহরে আসব।,"Yesterday, we buy the fish and then come to the town.",hɔlaɾɛ alɛ haku kiɾiɲkat̪ɛ sɔhɔɽɾɛ hiɟuʔa.
তুমি কসাই দেখবে।,You will see the butcher.,am d̪ɔ bʰut͡ʃəɽ ɲɛla.
বিকল্পটি নতুন।,The substitute is new.,bədli d̪ɔ nɔwaa.
আমরা লাভ দেখব।,We will see the profit.,alɛ d̪ɔ baɾpʰəi̯ ɲɛla.
সেই সময় সে জোর খাটানো শ্রম দেখে গ্রামে যাবে।,"At that time, he/she see the forced labour and then go to the village.",ɔkt̪ɛɾɛ uni begaɾ ɲɛlkat̪ɛ at̪oɾɛ calaʔa.
তোমরা অন্ধ ভয় ও সেবা দেখবে।,You all will see the superstitious fear and the service.,apɛ d̪ɔ bʰae̯ aɾ aŋgɾa ɲɛla.
আজ তুমি ভাষা পড়ে হ্রদে যাবে।,"Today, you study the language and then go to the lake.",t̪eheɲɾɛ am pɘɾsi paɽha͡o̯kat̪ɛ ɟɔlaɾɛ calaʔa.
তাদের এক প্রজাতির কাক আনন্দের।,Their bow-billed corby is happy.,oŋkoaʔ bʰoɳɖa kəhu d̪ɔ ɾɘskɘa.
গতকাল তারা পানি পান করে হ্রদে কাজ করবে।,"Yesterday, they drink the water and then work in the lake.",hɔlaɾɛ oŋko d̪aʔ ɲukat̪ɛ ɟɔlaɾɛ kɘmia.
গুহাে একটি নিরামিষাশী আছে।,There is a vegetarian in the cave.,bʰugək̕ɾɛ bʰagat menaa.
গুহাে একটি মা আছে।,There is a mother in the cave.,bʰugək̕ɾɛ gɔgɔ menaa.
কুয়ায় একটি ছোট মশা আছে।,There is a midge in the well.,kuɲɾɛ bəsɳɖi menaa.
"আমি ঘড়ি কিনব, কিন্তু ঔষধ কিনব না।","I will buy the watch, but do not buy the medicine.",iɲ d̪ɔ gʰuɽi kiɾiɲa mɛnkʰan ɾan bɘɲ kiɾiɲa.
আজ সে কথা লিখে নদীতে আসবে।,"Today, he/she write the word and then come to the river.",t̪eheɲɾɛ uni kat̪ʰa ɔlɔʔkat̪ɛ gaɖaɾɛ hiɟuʔa.
সকালে তোমরা রান্না খেয়ে কুয়ায় যাবে।,"In the morning, you all eat the cooked food and then go to the well.",sɛt̪aʔɾɛ apɛ basaŋ ɟɔmkat̪ɛ kuɲɾɛ calaʔa.
তোমরা আয়না দেখবে।,You all will see the mirror.,apɛ d̪ɔ əɾsi ɲɛla.
কুয়ায় একটি ফুলের বৃতি আছে।,There is a calyx of flower in the well.,kuɲɾɛ bɛnɛt menaa.
তোমার তাঁতের পোড়েন নতুন।,Your woof is new.,amaʔ bʰaɾna d̪ɔ nɔwaa.
শালটি পরিষ্কার।,The shawl is clean.,bəɾki d̪ɔ sapʰaa.
গতকাল আমি দুধ পান করে হ্রদে কাজ করব।,"Yesterday, I drink the milk and then work in the lake.",hɔlaɾɛ iɲ t̪o̯͡a ɲukat̪ɛ ɟɔlaɾɛ kɘmia.
তাদের জোর খাটানো শ্রম ভালো।,Their forced labour is good.,oŋkoaʔ begaɾ d̪ɔ mɔ̃ɟa.
সকালে তারা ভাষা লিখে কুয়ায় কাজ করবে।,"In the morning, they write the language and then work in the well.",sɛt̪aʔɾɛ oŋko pɘɾsi ɔlɔʔkat̪ɛ kuɲɾɛ kɘmia.
গতকাল তুমি খাবার কিনে নদীতে আসবে।,"Yesterday, you buy the food and then come to the river.",hɔlaɾɛ am ɟɔmaʔ kiɾiɲkat̪ɛ gaɖaɾɛ hiɟuʔa.
গতকাল তুমি বধিরতা দেখে শহরে যাবে।,"Yesterday, you see the deafness and then go to the town.",hɔlaɾɛ am bəhiɾ bəi̯ ɲɛlkat̪ɛ sɔhɔɽɾɛ calaʔa.
গুহাে একটি আয়ুর্বেদিক উদ্ভিদ আছে।,There is a bishop’s weed in the cave.,bʰugək̕ɾɛ əd͡ʒuə̯ menaa.
গুহাে একটি রবিবার আছে।,There is a sunday in the cave.,bʰugək̕ɾɛ aʈʰawaɾ menaa.
সে অনুশীলন ও দাদা দেখবে।,He/she will see the practice and the grandfather.,uni d̪ɔ bɛbɔhaɾ aɾ ad͡ʒa ɲɛla.
হ্রদে একটি পছন্দ আছে।,There is a choice in the lake.,ɟɔlaɾɛ əpɾug menaa.
আজ তুমি পানি পান করে কুয়ায় খেলবে।,"Today, you drink the water and then play in the well.",t̪eheɲɾɛ am d̪aʔ ɲukat̪ɛ kuɲɾɛ gat̪ea.
আজ আমি কথা পড়ে শহরে যাব।,"Today, I study the word and then go to the town.",t̪eheɲɾɛ iɲ kat̪ʰa paɽha͡o̯kat̪ɛ sɔhɔɽɾɛ calaʔa.
তাদের শিশু ভালো।,Their child is good.,oŋkoaʔ gid̪ɾɘ d̪ɔ mɔ̃ɟa.
শহরে একটি বাজি আছে।,There is a bet in the town.,sɔhɔɽɾɛ bəɾd͡ʒid menaa.
তোমাদের ওনিক্স পাথর নতুন।,Your onyx is new.,apɛaʔ beləu̯ɾ d̪ɔ nɔwaa.
নিকটবর্তী এলাকাে একটি ফোঁপানি আছে।,There is a blubbering in the vicinity.,aɖe ʈolaɾɛ beɲ menaa.
নিকটবর্তী এলাকাে একটি ঘোড়া আছে।,There is a horse in the vicinity.,aɖe ʈolaɾɛ əɳɖiə̯ sadɔm menaa.
সকালে আমরা মোবাইল ফোন কিনে শহরে কাজ করব।,"In the morning, we buy the mobile phone and then work in the town.",sɛt̪aʔɾɛ alɛ mɔbaĭl pʰon kiɾiɲkat̪ɛ sɔhɔɽɾɛ kɘmia.
স্কুলে একটি সুযোগ আছে।,There is a chance in the school.,iskulɾɛ bʰəg menaa.
আজ তারা বাচ্চা ঘোড়া দেখে কুয়ায় কাজ করবে।,"Today, they see the colt and then work in the well.",t̪eheɲɾɛ oŋko bat͡ʃʰaɽa sadɔm ɲɛlkat̪ɛ kuɲɾɛ kɘmia.
তাদের নারীজাতি নতুন।,Their females is new.,oŋkoaʔ əi̯məi̯ d͡ʒət d̪ɔ nɔwaa.
সকালে তুমি খাবার খেয়ে বাড়িতে আসবে।,"In the morning, you eat the food and then come to the house.",sɛt̪aʔɾɛ am ɟɔmaʔ ɟɔmkat̪ɛ ɔɽaʔɾɛ hiɟuʔa.
বিস্তীর্ণ ভূমিে একটি গাঁট আছে।,There is a bale in the wide expanse of land.,bilənɾɛ bʰiɳɖ menaa.
নক্ষত্রমণ্ডলটি পরিষ্কার।,The constellation is clean.,ãɾgɔm d̪ɔ sapʰaa.
তারা এক প্রজাতির মাছ দেখবে না।,They do not see the species of fish.,oŋko d̪ɔ badʰoɽ bako ɲɛla.
পাড়াে একটি পদ্য আছে।,There is a verse in the neighbourhood.,aɖe paseɾɛ ae̯t menaa.
বাজিটি পরিষ্কার।,The bet is clean.,bəɾd͡ʒid d̪ɔ sapʰaa.
সেই সময় তারা ঔষধ কিনে স্কুলে আসবে।,"At that time, they buy the medicine and then come to the school.",ɔkt̪ɛɾɛ oŋko ɾan kiɾiɲkat̪ɛ iskulɾɛ hiɟuʔa.
ইংল্যান্ডে একটি উৎসব আছে।,There is a festival in the england.,bilətɾɛ pɔɾɔb menaa.
আমাদের ধাতুর বাটি পরিষ্কার।,Our metal basin is clean.,alɛaʔ bəʈi d̪ɔ sapʰaa.
গতকাল তারা খাবার খেয়ে গ্রামে খেলবে।,"Yesterday, they eat the food and then play in the village.",hɔlaɾɛ oŋko ɟɔmaʔ ɟɔmkat̪ɛ at̪oɾɛ gat̪ea.
উঠানে একটি উপভাষা আছে।,There is a dialect in the courtyard of house.,bəteɾɛ bahaka menaa.
পাড়াে একটি দাদি আছে।,There is a grandmother in the neighbourhood.,aɖe paseɾɛ əd͡ʒi menaa.
আজ আমরা ভাষা লিখে বাড়িতে কাজ করব।,"Today, we write the language and then work in the house.",t̪eheɲɾɛ alɛ pɘɾsi ɔlɔʔkat̪ɛ ɔɽaʔɾɛ kɘmia.
বাসস্থানে একটি আমড়া (ফল) আছে।,There is a hog plum in the dwelling place.,basɾɛ bədʰiə̯ menaa.
তুমি দাদা দেখবে না।,You do not see the grandfather.,am d̪ɔ ad͡ʒa bam ɲɛla.
ঝড়বৃষ্টিটি ভালো।,The storm of wind & rain is good.,əndʰi dak̕ d̪ɔ mɔ̃ɟa.
গুহাে একটি চারা রোপণ আছে।,There is a transplantation in the cave.,bʰugək̕ɾɛ apʰɔɾ menaa.
"সে ঘড়ি কিনবে, কিন্তু খাবার কিনবে না।","He/she will buy the watch, but does not buy the food.",uni d̪ɔ gʰuɽi kiɾiɲa mɛnkʰan ɟɔmaʔ bai̯ kiɾiɲa.
বাসস্থানে একটি পাতার বোঁটা আছে।,There is a petiole in the dwelling place.,basɾɛ bʰekuə̯ menaa.
সকালে তুমি ভাষা লিখে শহরে কাজ করবে।,"In the morning, you write the language and then work in the town.",sɛt̪aʔɾɛ am pɘɾsi ɔlɔʔkat̪ɛ sɔhɔɽɾɛ kɘmia.
পেট ব্যথাটি গুরুত্বপূর্ণ।,The gripes is important.,bɛɾõʈ duk d̪ɔ ɟɘɾuɽa.
আড়ালে একটি জ্বালাপোড়া আছে।,There is a burning sensation in the covert.,ao̯tanɾɛ aɽae̯ menaa.
পাড়াে একটি এক প্রজাতির হরিণ আছে।,There is an a species of antelope in the neighbourhood.,aɖe paseɾɛ bʰãoʈia menaa.
আজ আমি মধু খেয়ে কুয়ায় খেলব।,"Today, I eat the honey and then play in the well.",t̪eheɲɾɛ iɲ ɲɛlɛɾasa ɟɔmkat̪ɛ kuɲɾɛ gat̪ea.
আজ তুমি পানি পান করে শহরে আসবে।,"Today, you drink the water and then come to the town.",t̪eheɲɾɛ am d̪aʔ ɲukat̪ɛ sɔhɔɽɾɛ hiɟuʔa.
তুমি ভাড়া দেখবে না।,You do not see the fare.,am d̪ɔ bʰaɽa bam ɲɛla.
বাসস্থানে একটি ব্যাগ আছে।,There is a bag in the residence.,basaɾɛ bɛg menaa.
বিস্তীর্ণ ভূমিে একটি বাগান আছে।,There is a garden in the wide expanse of land.,bilənɾɛ bagan menaa.
আজ তারা কথা পড়ে স্কুলে আসবে।,"Today, they study the word and then come to the school.",t̪eheɲɾɛ oŋko kat̪ʰa paɽha͡o̯kat̪ɛ iskulɾɛ hiɟuʔa.
তুমি ব্যবসায়ী ও শুরু দেখবে।,You will see the trader and the beginning.,am d̪ɔ bepaɾi aɾ əd ɲɛla.
সে আমড়া ও খাবার দেখবে।,He/she will see the hog plum and the food.,uni d̪ɔ amɽa aɾ ɟɔmaʔ ɲɛla.
গতকাল আমি খাবার খেয়ে হ্রদে কাজ করব।,"Yesterday, I eat the food and then work in the lake.",hɔlaɾɛ iɲ ɟɔmaʔ ɟɔmkat̪ɛ ɟɔlaɾɛ kɘmia.
বাসস্থানে একটি বৃদ্ধি আছে।,There is a growth in the residence.,basaɾɛ baɽhɔnta menaa.
তারা পদ্য ও আত্মীয় দেখবে।,They will see the verse and the kindred.,oŋko d̪ɔ ae̯t aɾ əpus ɲɛla.
সে পূর্বপুরুষ ও বড় ইঁদুর দেখবে।,He/she will see the patriarch and the bandicoot rat.,uni d̪ɔ əgil hapɽam aɾ bʰus goɖo ɲɛla.
"সে মোবাইল ফোন বিক্রি করবে, কিন্তু মাছ বিক্রি করবে না।","He/she will sell the mobile phone, but does not sell the fish.",uni d̪ɔ mɔbaĭl pʰon ɘkʰɾiɲa mɛnkʰan haku bai̯ ɘkʰɾiɲa.
সকালে তারা রান্না খেয়ে স্কুলে যাবে।,"In the morning, they eat the cooked food and then go to the school.",sɛt̪aʔɾɛ oŋko basaŋ ɟɔmkat̪ɛ iskulɾɛ calaʔa.
তাদের শ্রমিক ভালো।,Their navvy is good.,oŋkoaʔ beldaɾ d̪ɔ mɔ̃ɟa.
গতকাল তারা মাছ খেয়ে কুয়ায় খেলবে।,"Yesterday, they eat the fish and then play in the well.",hɔlaɾɛ oŋko haku ɟɔmkat̪ɛ kuɲɾɛ gat̪ea.
পশু তাড়ানোর লাঠিটি নতুন।,The goad is new.,aɾd͡ʒan d̪ɔ nɔwaa.
হ্রদে একটি বিবাহের উপহার আছে।,There is a presents given at marriage in the lake.,ɟɔlaɾɛ banda pɔn menaa.
নিকটবর্তী এলাকাে একটি বয়লার আছে।,There is a boiler in the vicinity.,aɖe ʈolaɾɛ bʰəʈʰi menaa.
তোমার ফুল পরিষ্কার।,Your flower is clean.,amaʔ baha d̪ɔ sapʰaa.
আজ তারা ভাষা পড়ে গ্রামে খেলবে।,"Today, they study the language and then play in the village.",t̪eheɲɾɛ oŋko pɘɾsi paɽha͡o̯kat̪ɛ at̪oɾɛ gat̪ea.
গতকাল তুমি মধু খেয়ে স্কুলে কাজ করবে।,"Yesterday, you eat the honey and then work in the school.",hɔlaɾɛ am ɲɛlɛɾasa ɟɔmkat̪ɛ iskulɾɛ kɘmia.
পাড়াে একটি বাসিন্দা আছে।,There is an inhabitant in the neighbourhood.,aɖe paseɾɛ baskitiə̯ menaa.
তোমরা বৈশাখ মাস দেখেছিলে।,You all saw the april-may.,apɛpɛ bəi̯sək ɲɛlkeda.
তোমরা ফুলের মালা দেখবে।,You all will see the garland of flowers.,apɛ d̪ɔ baha mala ɲɛla.
"তুমি গাছের ছাল দেখবে, কিন্তু ভোর দেখবে না।","You will see the bark of tree, but do not see the dawn.",am d̪ɔ baklak̕ ɲɛla mɛnkʰan aŋga bam ɲɛla.
উঠানে একটি বাড়ি আছে।,There is a house in the courtyard of house.,bəteɾɛ ɔɽaʔ menaa.
সেই সময় আমি ঢোলকি বাদক দেখে স্কুলে যাব।,"At that time, I see the drummer and then go to the school.",ɔkt̪ɛɾɛ iɲ bəd͡ʒni ɲɛlkat̪ɛ iskulɾɛ calaʔa.
বাসস্থানে একটি বাঘ আছে।,There is a tiger in the residence.,basaɾɛ t̪ɘɾup̚ʔ menaa.
আজ সে মাছ খেয়ে শহরে যাবে।,"Today, he/she eat the fish and then go to the town.",t̪eheɲɾɛ uni haku ɟɔmkat̪ɛ sɔhɔɽɾɛ calaʔa.
গতকাল তোমরা পাঠ পড়ে শহরে আসবে।,"Yesterday, you all study the lesson and then come to the town.",hɔlaɾɛ apɛ sikʰnɘt̪ paɽha͡o̯kat̪ɛ sɔhɔɽɾɛ hiɟuʔa.
সকালে তারা খাবার কিনে কুয়ায় কাজ করবে।,"In the morning, they buy the food and then work in the well.",sɛt̪aʔɾɛ oŋko ɟɔmaʔ kiɾiɲkat̪ɛ kuɲɾɛ kɘmia.
আজ তোমরা ভাষা লিখে বাড়িতে কাজ করবে।,"Today, you all write the language and then work in the house.",t̪eheɲɾɛ apɛ pɘɾsi ɔlɔʔkat̪ɛ ɔɽaʔɾɛ kɘmia.
বাসস্থানে একটি উৎপাদক আছে।,There is a producer in the dwelling place.,basɾɛ aɾd͡ʒoniə̯ menaa.
আজ আমি পাঠ পড়ে স্কুলে খেলব।,"Today, I study the lesson and then play in the school.",t̪eheɲɾɛ iɲ sikʰnɘt̪ paɽha͡o̯kat̪ɛ iskulɾɛ gat̪ea.
তোমাদের বিদ্যুৎ নতুন।,Your lightning is new.,apɛaʔ bid͡ʒli d̪ɔ nɔwaa.
কুয়ায় একটি গুহা আছে।,There is a cave in the well.,kuɲɾɛ bʰugək̕ menaa.
বিদ্যাটি ভালো।,The learning is good.,bidiə̯ d̪ɔ mɔ̃ɟa.
আড়ালে একটি পুঁজ আছে।,There is a pus in the covert.,ao̯tanɾɛ bele menaa.
আমার দাদি গুরুত্বপূর্ণ।,My grandmother is important.,iɲaʔ əd͡ʒi d̪ɔ ɟɘɾuɽa.
বিস্তীর্ণ ভূমিে একটি দাম আছে।,There is a price in the wide expanse of land.,bilənɾɛ bʰao̯ menaa.
গতকাল তোমরা দুধ পান করে কুয়ায় যাবে।,"Yesterday, you all drink the milk and then go to the well.",hɔlaɾɛ apɛ t̪o̯͡a ɲukat̪ɛ kuɲɾɛ calaʔa.
আমার শুকর আনন্দের।,My pig is happy.,iɲaʔ suk̚ɾi d̪ɔ ɾɘskɘa.
তারা টাকা দেখবে না।,They do not see the money.,oŋko d̪ɔ ʈaka bako ɲɛla.
আজ তোমরা দুধ পান করে গ্রামে যাবে।,"Today, you all drink the milk and then go to the village.",t̪eheɲɾɛ apɛ t̪o̯͡a ɲukat̪ɛ at̪oɾɛ calaʔa.
গ্রামে একটি প্রতিবেশী আছে।,There is a neighbours in the village.,at̪oɾɛ aɖepaseɾenko menaa.
হ্রদে একটি হুক আছে।,There is a hook in the lake.,ɟɔlaɾɛ əŋkus menaa.
পাড়াে একটি সন্ন্যাসী আছে।,There is an ascetic in the neighbourhood.,aɖe paseɾɛ ətit menaa.
তারা পানি দেখবে।,They will see the water.,oŋko d̪ɔ d̪aʔ ɲɛla.
আমার অবশিষ্ট নতুন।,My remainder is new.,iɲaʔ bəki bɔkɔe̯a d̪ɔ nɔwaa.
কুয়ায় একটি কারকীয় ক্রিয়া আছে।,There is a causative inflection in the well.,kuɲɾɛ a menaa.
অকাল জন্মটি গুরুত্বপূর্ণ।,The premature birth is important.,adpakolia d̪ɔ ɟɘɾuɽa.
ব্যাগটি ভালো।,The bag is good.,bɛg d̪ɔ mɔ̃ɟa.
তুমি অপমান ও ব্যাখ্যা দেখবে।,You will see the disgrace and the explanation.,am d̪ɔ apd͡ʒɔs aɾ bejan ɲɛla.
তোমার লক্ষ্যবস্তু পরিষ্কার।,Your target is clean.,amaʔ bed͡ʒʰa d̪ɔ sapʰaa.
আমার খাবার পরিষ্কার।,My food is clean.,iɲaʔ ɟɔmaʔ d̪ɔ sapʰaa.
বাসস্থানে একটি কৃষিজ উৎপাদন আছে।,There is an agricultural produce in the dwelling place.,basɾɛ aɾd͡ʒon menaa.
সেই সময় তারা পানি পান করে বাড়িতে কাজ করবে।,"At that time, they drink the water and then work in the house.",ɔkt̪ɛɾɛ oŋko d̪aʔ ɲukat̪ɛ ɔɽaʔɾɛ kɘmia.
সেই সময় তোমরা মধু খেয়ে হ্রদে কাজ করবে।,"At that time, you all eat the honey and then work in the lake.",ɔkt̪ɛɾɛ apɛ ɲɛlɛɾasa ɟɔmkat̪ɛ ɟɔlaɾɛ kɘmia.
"তোমরা কথা পড়বে, কিন্তু পাঠ পড়বে না।","You all will study the word, but do not study the lesson.",apɛ d̪ɔ kat̪ʰa paɽha͡o̯a mɛnkʰan sikʰnɘt̪ bapɛ paɽha͡o̯a.
গুহাে একটি আদিবাসী আছে।,There is an aborigines in the cave.,bʰugək̕ɾɛ bəu̯ɾi menaa.
চোখের পচা পদার্থটি পরিষ্কার।,The rheum from the eyes is clean.,beɲd͡ʒak̕ d̪ɔ sapʰaa.
সেই সময় তারা খাবার খেয়ে স্কুলে কাজ করবে।,"At that time, they eat the food and then work in the school.",ɔkt̪ɛɾɛ oŋko ɟɔmaʔ ɟɔmkat̪ɛ iskulɾɛ kɘmia.
সেই সময় তারা ঘড়ি কিনে স্কুলে খেলবে।,"At that time, they buy the watch and then play in the school.",ɔkt̪ɛɾɛ oŋko gʰuɽi kiɾiɲkat̪ɛ iskulɾɛ gat̪ea.
তোমাদের পোশাক পরিষ্কার।,Your apparel is clean.,apɛaʔ ahɾan pahaɾand d̪ɔ sapʰaa.
সকালে তারা কয়েকদিন দেখে বাড়িতে খেলবে।,"In the morning, they see the few days and then play in the house.",sɛt̪aʔɾɛ oŋko əɾsiɲ bəɾsiɲ ɲɛlkat̪ɛ ɔɽaʔɾɛ gat̪ea.
সকালে তোমরা পানি পান করে শহরে যাবে।,"In the morning, you all drink the water and then go to the town.",sɛt̪aʔɾɛ apɛ d̪aʔ ɲukat̪ɛ sɔhɔɽɾɛ calaʔa.
মানুষটি ভালো।,The person is good.,hɔɽ d̪ɔ mɔ̃ɟa.
"সে রান্না খাবে, কিন্তু খাবার খাবে না।","He/she will eat the cooked food, but does not eat the food.",uni d̪ɔ basaŋ ɟɔma mɛnkʰan ɟɔmaʔ bai̯ ɟɔma.
আড়ালে একটি অংশীদার আছে।,There is a partner in the covert.,ao̯tanɾɛ bʰəgiə̯ɾi menaa.
"সে বাদাম দেখবে, কিন্তু করতাল দেখবে না।","He/she will see the almond, but does not see the cymbals.",uni d̪ɔ badam d͡ʒɔ ɲɛla mɛnkʰan bad͡ʒna bai̯ ɲɛla.
সেই সময় তারা পাঠ পড়ে হ্রদে আসবে।,"At that time, they study the lesson and then come to the lake.",ɔkt̪ɛɾɛ oŋko sikʰnɘt̪ paɽha͡o̯kat̪ɛ ɟɔlaɾɛ hiɟuʔa.
লক্ষ্যবস্তুটি পরিষ্কার।,The target is clean.,bed͡ʒʰa d̪ɔ sapʰaa.
"তারা মা সাহায্য করবে, কিন্তু মা সাহায্য করবে না।","They will help the mother, but do not help the mother.",oŋko d̪ɔ gɔgɔ gɔɽɔa mɛnkʰan gɔgɔ bako gɔɽɔa.
সেই সময় আমি মধু খেয়ে শহরে যাব।,"At that time, I eat the honey and then go to the town.",ɔkt̪ɛɾɛ iɲ ɲɛlɛɾasa ɟɔmkat̪ɛ sɔhɔɽɾɛ calaʔa.
আজ সে দুধ পান করে হ্রদে যাবে।,"Today, he/she drink the milk and then go to the lake.",t̪eheɲɾɛ uni t̪o̯͡a ɲukat̪ɛ ɟɔlaɾɛ calaʔa.
আজ তারা দুধ পান করে কুয়ায় কাজ করবে।,"Today, they drink the milk and then work in the well.",t̪eheɲɾɛ oŋko t̪o̯͡a ɲukat̪ɛ kuɲɾɛ kɘmia.
আজ তারা মধু খেয়ে স্কুলে আসবে।,"Today, they eat the honey and then come to the school.",t̪eheɲɾɛ oŋko ɲɛlɛɾasa ɟɔmkat̪ɛ iskulɾɛ hiɟuʔa.
বাসস্থানে একটি ভ্রাতৃত্ব অনুষ্ঠান আছে।,There is a brotherhood ceremony in the residence.,basaɾɛ bã̠ihə̃ menaa.
"আমি মোবাইল ফোন কিনব, কিন্তু মাছ কিনব না।","I will buy the mobile phone, but do not buy the fish.",iɲ d̪ɔ mɔbaĭl pʰon kiɾiɲa mɛnkʰan haku bɘɲ kiɾiɲa.
স্বস্তিটি ভালো।,The relief is good.,ao̯san d̪ɔ mɔ̃ɟa.
আমাদের বেদ গুরুত্বপূর্ণ।,Our vedas is important.,alɛaʔ bed d̪ɔ ɟɘɾuɽa.
আমার ফ্যাথম নতুন।,My fathom is new.,iɲaʔ aɾpa d̪ɔ nɔwaa.
গতকাল সে মোবাইল ফোন কিনে কুয়ায় আসবে।,"Yesterday, he/she buy the mobile phone and then come to the well.",hɔlaɾɛ uni mɔbaĭl pʰon kiɾiɲkat̪ɛ kuɲɾɛ hiɟuʔa.
নদীতে একটি স্কুল আছে।,There is a school in the river.,gaɖaɾɛ iskul menaa.
তোমরা অপমান দেখেছিলে।,You all saw the disgrace.,apɛpɛ apd͡ʒɔs ɲɛlkeda.
"সে দুধ পান করবে, কিন্তু পানি পান করবে না।","He/she will drink the milk, but does not drink the water.",uni d̪ɔ t̪o̯͡a ɲua mɛnkʰan d̪aʔ bai̯ ɲua.
কুয়ায় একটি বালিশ আছে।,There is a pillow in the well.,kuɲɾɛ bəlis menaa.
ব্রাহ্মণটি নতুন।,The brahman is new.,babɾẽ d̪ɔ nɔwaa.
নদীতে একটি প্রতিদ্বন্দ্বিতা আছে।,There is a rivalry in the river.,gaɖaɾɛ bada bədi menaa.
গতকাল আমি পানি পান করে নদীতে যাব।,"Yesterday, I drink the water and then go to the river.",hɔlaɾɛ iɲ d̪aʔ ɲukat̪ɛ gaɖaɾɛ calaʔa.
আমি কয়েকদিন দেখেছিলাম।,I saw the few days.,iɲiɲ əɾsiɲ bəɾsiɲ ɲɛlkeda.
স্কুলে একটি বিরক্তি আছে।,There is an annoyance in the school.,iskulɾɛ əɽis menaa.
তাদের ডায়াবেটিস গুরুত্বপূর্ণ।,Their diabetes is important.,oŋkoaʔ bəhumut d̪ɔ ɟɘɾuɽa.
আজ আমরা দুধ পান করে বাড়িতে কাজ করব।,"Today, we drink the milk and then work in the house.",t̪eheɲɾɛ alɛ t̪o̯͡a ɲukat̪ɛ ɔɽaʔɾɛ kɘmia.
তার কোমরবন্ধ গুরুত্বপূর্ণ।,His/her girth is important.,uniaʔ beɽband d̪ɔ ɟɘɾuɽa.
আমার আয়ুর্বেদিক উদ্ভিদ নতুন।,My bishop’s weed is new.,iɲaʔ əd͡ʒuə̯ d̪ɔ nɔwaa.
আজ তোমরা মাছ কিনে হ্রদে যাবে।,"Today, you all buy the fish and then go to the lake.",t̪eheɲɾɛ apɛ haku kiɾiɲkat̪ɛ ɟɔlaɾɛ calaʔa.
আমরা প্রাচুর্য ও ঝুড়ি দেখব।,We will see the abundance and the basket.,alɛ d̪ɔ at͡ʃel pat͡ʃel aɾ bʰad͡ʒan ɲɛla.
নিকটবর্তী এলাকাে একটি ভূমিকম্প আছে।,There is an earth tremor in the vicinity.,aɖe ʈolaɾɛ bʰui̯ t͡ʃəl menaa.
গুহাে একটি পশুর স্তন আছে।,There is an udder in the cave.,bʰugək̕ɾɛ əɳɖwəɾ menaa.
তোমার উদ্বেগ পরিষ্কার।,Your anxiety is clean.,amaʔ bʰabna d̪ɔ sapʰaa.
তোমাদের জন্ম ভালো।,Your birth is good.,apɛaʔ biə̯n d̪ɔ mɔ̃ɟa.
আজ তুমি পৈতৃক সম্পত্তি দেখে নদীতে যাবে।,"Today, you see the paternal estate and then go to the river.",t̪eheɲɾɛ am bapɔti dʰo ɲɛlkat̪ɛ gaɖaɾɛ calaʔa.
তোমার হাত নতুন।,Your hand is new.,amaʔ t̪i d̪ɔ nɔwaa.
আমাদের এক ধরনের বাদ্যযন্ত্র পরিষ্কার।,Our a kind of fiddle is clean.,alɛaʔ banam d̪ɔ sapʰaa.
সেই সময় সে খাবার খেয়ে বাড়িতে যাবে।,"At that time, he/she eat the food and then go to the house.",ɔkt̪ɛɾɛ uni ɟɔmaʔ ɟɔmkat̪ɛ ɔɽaʔɾɛ calaʔa.
বাসস্থানে একটি পোশাক আছে।,There is an attire in the dwelling place.,basɾɛ bʰagwa menaa.
সকালে তোমরা ঋতু দেখে স্কুলে আসবে।,"In the morning, you all see the season and then come to the school.",sɛt̪aʔɾɛ apɛ bataɾ ɲɛlkat̪ɛ iskulɾɛ hiɟuʔa.
বাসস্থানে একটি বাসস্থান আছে।,There is a dwelling place in the residence.,basaɾɛ bas menaa.
ভোজটি ভালো।,The feast is good.,bʰɔd͡ʒ d̪ɔ mɔ̃ɟa.
বাধাটি গুরুত্বপূর্ণ।,The hindrance is important.,badʰa d̪ɔ ɟɘɾuɽa.
তোমরা বাঁধ ও অভ্যাস দেখবে।,You all will see the embankment and the habit.,apɛ d̪ɔ band aɾ bʰəsi ɲɛla.
তারা উৎসব ও দাদি দেখবে।,They will see the festival and the grandmother.,oŋko d̪ɔ pɔɾɔb aɾ əd͡ʒi ɲɛla.
দরখাস্তটি গুরুত্বপূর্ণ।,The petition is important.,aɾd͡ʒa d̪ɔ ɟɘɾuɽa.
"আমি ঔষধ কিনব, কিন্তু ঘড়ি কিনব না।","I will buy the medicine, but do not buy the watch.",iɲ d̪ɔ ɾan kiɾiɲa mɛnkʰan gʰuɽi bɘɲ kiɾiɲa.
শহরে একটি লাগাম আছে।,There is a bridle in the town.,sɔhɔɽɾɛ bag menaa.
"তোমরা পূর্বপুরুষ দেখবে, কিন্তু শিখা দেখবে না।","You all will see the patriarch, but do not see the flame.",apɛ d̪ɔ əgil hapɽam ɲɛla mɛnkʰan ãt͡ʃ bapɛ ɲɛla.
গ্রামে একটি স্বস্তি আছে।,There is a relief in the village.,at̪oɾɛ ao̯san menaa.
নিকটবর্তী এলাকাে একটি স্ত্রী আছে।,There is a wife in the vicinity.,aɖe ʈolaɾɛ bəhu menaa.
গতকাল তারা পানি পান করে স্কুলে খেলবে।,"Yesterday, they drink the water and then play in the school.",hɔlaɾɛ oŋko d̪aʔ ɲukat̪ɛ iskulɾɛ gat̪ea.
তোমরা গাঁজা দেখবে না।,You all do not see the hemp drug.,apɛ d̪ɔ bʰaŋ bapɛ ɲɛla.
শহরে একটি বাদাম আছে।,There is an almond in the town.,sɔhɔɽɾɛ badam d͡ʒɔ menaa.
তার কুমড়ো ভালো।,His/her pumpkin is good.,uniaʔ bə̃ɽĩə kohɳɖa d̪ɔ mɔ̃ɟa.
হ্রদে একটি পাঠ আছে।,There is a lesson in the lake.,ɟɔlaɾɛ sikʰnɘt̪ menaa.
আমাদের লাভ ভালো।,Our benefit is good.,alɛaʔ bapʰa d̪ɔ mɔ̃ɟa.
নদীতে একটি উত্তরাধিকারী আছে।,There is a heir in the river.,gaɖaɾɛ awəsi menaa.
আমরা ছোট মশা ও মটরশুটি দেখব।,We will see the midge and the pea.,alɛ d̪ɔ bəsɳɖi aɾ baʈɽa ɲɛla.
হ্রদে একটি অবশিষ্ট আছে।,There is a remainder in the lake.,ɟɔlaɾɛ bəki bɔkɔe̯a menaa.
শহরে একটি পেয়ারা আছে।,There is a guava in the town.,sɔhɔɽɾɛ əmɾud menaa.
আজ সে কথা পড়ে শহরে খেলবে।,"Today, he/she study the word and then play in the town.",t̪eheɲɾɛ uni kat̪ʰa paɽha͡o̯kat̪ɛ sɔhɔɽɾɛ gat̪ea.
ইংল্যান্ডে একটি হিসাব আছে।,There is an account in the england.,bilətɾɛ bil menaa.
"সে খাবার খাবে, কিন্তু রান্না খাবে না।","He/she will eat the food, but does not eat the cooked food.",uni d̪ɔ ɟɔmaʔ ɟɔma mɛnkʰan basaŋ bai̯ ɟɔma.
তাদের বিড়াল আনন্দের।,Their cat is happy.,oŋkoaʔ pusi d̪ɔ ɾɘskɘa.
আজ সে পাঠ পড়ে গ্রামে কাজ করবে।,"Today, he/she study the lesson and then work in the village.",t̪eheɲɾɛ uni sikʰnɘt̪ paɽha͡o̯kat̪ɛ at̪oɾɛ kɘmia.
আজ আমরা রান্না খেয়ে স্কুলে আসব।,"Today, we eat the cooked food and then come to the school.",t̪eheɲɾɛ alɛ basaŋ ɟɔmkat̪ɛ iskulɾɛ hiɟuʔa.
আজ আমি পাঠ পড়ে স্কুলে কাজ করব।,"Today, I study the lesson and then work in the school.",t̪eheɲɾɛ iɲ sikʰnɘt̪ paɽha͡o̯kat̪ɛ iskulɾɛ kɘmia.
সেই সময় তুমি রান্না খেয়ে গ্রামে কাজ করবে।,"At that time, you eat the cooked food and then work in the village.",ɔkt̪ɛɾɛ am basaŋ ɟɔmkat̪ɛ at̪oɾɛ kɘmia.
গুহাে একটি আঁটি আছে।,There is a bundle in the cave.,bʰugək̕ɾɛ əʈi menaa.
আমাদের তুরহী নতুন।,Our trumpet is new.,alɛaʔ bakea̯ d̪ɔ nɔwaa.
বাসস্থানে একটি সময় আছে।,There is a time in the dwelling place.,basɾɛ ɔkt̪ɛ menaa.
সে গাঁট ও এক প্রজাতির কাক দেখবে।,He/she will see the bale and the bow-billed corby.,uni d̪ɔ bʰiɳɖ aɾ bʰoɳɖa kəhu ɲɛla.
সম্পদটি গুরুত্বপূর্ণ।,The wealth is important.,at͡ʃel d̪ɔ ɟɘɾuɽa.
গতকাল তুমি রান্না খেয়ে হ্রদে যাবে।,"Yesterday, you eat the cooked food and then go to the lake.",hɔlaɾɛ am basaŋ ɟɔmkat̪ɛ ɟɔlaɾɛ calaʔa.
তোমার ভাগ্নী ভালো।,Your niece is good.,amaʔ bʰət͡ʃə d̪ɔ mɔ̃ɟa.
তোমরা সুযোগ ও কাঠের খুঁটি দেখবে।,You all will see the chance and the wooden pin.,apɛ d̪ɔ bʰəg aɾ bʰaɲd͡ʒ kʰuɳʈi ɲɛla.
তোমরা বট গাছ দেখবে না।,You all do not see the banyan tree.,apɛ d̪ɔ baɽe bapɛ ɲɛla.
গতকাল আমি মজুরি দেখে কুয়ায় যাব।,"Yesterday, I see the wages and then go to the well.",hɔlaɾɛ iɲ bən ɲɛlkat̪ɛ kuɲɾɛ calaʔa.
আমি চারা রোপণ ও গোখরো সাপ দেখব।,I will see the transplantation and the cobra.,iɲ d̪ɔ apʰɔɾ aɾ ajaŋ bin ɲɛla.
গতকাল তোমরা রান্না খেয়ে শহরে খেলবে।,"Yesterday, you all eat the cooked food and then play in the town.",hɔlaɾɛ apɛ basaŋ ɟɔmkat̪ɛ sɔhɔɽɾɛ gat̪ea.
আমার ঢোলকি বাদক পরিষ্কার।,My drummer is clean.,iɲaʔ bəd͡ʒni d̪ɔ sapʰaa.
তোমরা খাবার দেখবে।,You all will see the food.,apɛ d̪ɔ ɟɔmaʔ ɲɛla.
আমার আসা-যাওয়া গুরুত্বপূর্ণ।,My coming & going is important.,iɲaʔ ana gona d̪ɔ ɟɘɾuɽa.
গ্রামে একটি গাছের ছাল আছে।,There is a bark of tree in the village.,at̪oɾɛ baklak̕ menaa.
তাদের উদ্বৃত্ত নতুন।,Their surplus is new.,oŋkoaʔ bətil d̪ɔ nɔwaa.
"আমি ঢাকনা দেখব, কিন্তু পূর্বপুরুষ দেখব না।","I will see the lid, but do not see the patriarch.",iɲ d̪ɔ bɛnɛt̕ ɲɛla mɛnkʰan əgil hapɽam bɘɲ ɲɛla.
গতকাল আমি পাঠ পড়ে কুয়ায় কাজ করব।,"Yesterday, I study the lesson and then work in the well.",hɔlaɾɛ iɲ sikʰnɘt̪ paɽha͡o̯kat̪ɛ kuɲɾɛ kɘmia.
তোমার আখড়া নতুন।,Your gathering is new.,amaʔ akʰɾa d̪ɔ nɔwaa.
নিকটবর্তী এলাকাে একটি পাঠ আছে।,There is a lesson in the vicinity.,aɖe ʈolaɾɛ sikʰnɘt̪ menaa.
আমাদের ঢোলের শব্দ পরিষ্কার।,Our rattle on drum is clean.,alɛaʔ beɖo d̪ɔ sapʰaa.
আমি পানি দেখব।,I will see the water.,iɲ d̪ɔ d̪aʔ ɲɛla.
গ্রামে একটি শুকর আছে।,There is a pig in the village.,at̪oɾɛ suk̚ɾi menaa.
গতকাল তোমরা ভাষা পড়ে স্কুলে আসবে।,"Yesterday, you all study the language and then come to the school.",hɔlaɾɛ apɛ pɘɾsi paɽha͡o̯kat̪ɛ iskulɾɛ hiɟuʔa.
আমাদের পা গুরুত্বপূর্ণ।,Our leg is important.,alɛaʔ ɟaŋga d̪ɔ ɟɘɾuɽa.
তোমাদের রাখাল ভালো।,Your shepherd is good.,apɛaʔ bʰiɖi gupitic̕ d̪ɔ mɔ̃ɟa.
আমাদের বিঘত নতুন।,Our span is new.,alɛaʔ beɽ d̪ɔ nɔwaa.
শহরে একটি কয়েকদিন আছে।,There is a few days in the town.,sɔhɔɽɾɛ əɾsiɲ bəɾsiɲ menaa.
নদীতে একটি প্রজন্ম আছে।,There is a generation in the river.,gaɖaɾɛ bibɔɾɔn menaa.
সেই সময় সে ভাষা পড়ে বাড়িতে কাজ করবে।,"At that time, he/she study the language and then work in the house.",ɔkt̪ɛɾɛ uni pɘɾsi paɽha͡o̯kat̪ɛ ɔɽaʔɾɛ kɘmia.
গতকাল আমি পানি পান করে বাড়িতে কাজ করব।,"Yesterday, I drink the water and then work in the house.",hɔlaɾɛ iɲ d̪aʔ ɲukat̪ɛ ɔɽaʔɾɛ kɘmia.
আমার পিঁপড়া ছোট।,My ant is small.,iɲaʔ muc̚ʔ d̪ɔ lɘʈua.
সকালে তুমি ফোঁপানি দেখে নদীতে কাজ করবে।,"In the morning, you see the blubbering and then work in the river.",sɛt̪aʔɾɛ am beɲ ɲɛlkat̪ɛ gaɖaɾɛ kɘmia.
সে প্রণয়ভঙ্গি দেখবে না।,He/she does not see the coquetry.,uni d̪ɔ əngɾa bai̯ ɲɛla.
তোমাদের বিড়াল ছোট।,Your cat is small.,apɛaʔ pusi d̪ɔ lɘʈua.
তোমার সুতা পরিষ্কার।,Your twine is clean.,amaʔ babeɾ d̪ɔ sapʰaa.
গতকাল আমরা মাছ খেয়ে নদীতে যাব।,"Yesterday, we eat the fish and then go to the river.",hɔlaɾɛ alɛ haku ɟɔmkat̪ɛ gaɖaɾɛ calaʔa.
জ্বালাপোড়াটি পরিষ্কার।,The burning sensation is clean.,aɽae̯ d̪ɔ sapʰaa.
সকালে তোমরা খাবার খেয়ে স্কুলে খেলবে।,"In the morning, you all eat the food and then play in the school.",sɛt̪aʔɾɛ apɛ ɟɔmaʔ ɟɔmkat̪ɛ iskulɾɛ gat̪ea.
গতকাল আমরা ভাষা লিখে স্কুলে যাব।,"Yesterday, we write the language and then go to the school.",hɔlaɾɛ alɛ pɘɾsi ɔlɔʔkat̪ɛ iskulɾɛ calaʔa.
কোমরবন্ধটি নতুন।,The girth is new.,beɽband d̪ɔ nɔwaa.
এক ধরনের বাদ্যযন্ত্রটি নতুন।,The a kind of fiddle is new.,banam d̪ɔ nɔwaa.
তোমাদের কুলি নিয়োগকারী পরিষ্কার।,Your recruiter is clean.,apɛaʔ aɽkəʈʰiə̯ d̪ɔ sapʰaa.
সে মোবাইল ফোন ও ঘড়ি কিনবে।,He/she will buy the mobile phone and the watch.,uni d̪ɔ mɔbaĭl pʰon aɾ gʰuɽi kiɾiɲa.
উত্তরাধিকারটি গুরুত্বপূর্ণ।,The inheritance is important.,əi̯dəɾi d̪ɔ ɟɘɾuɽa.
আমাদের বেত পরিষ্কার।,Our cane is clean.,alɛaʔ bɛt d̪ɔ sapʰaa.
তোমরা তুলার গাছ দেখবে না।,You all do not see the cotton plant.,apɛ d̪ɔ bʰoga kaskɔm bapɛ ɲɛla.
তোমরা সন্ধ্যাকাল দেখবে।,You all will see the eventide.,apɛ d̪ɔ əjup̕ pajaɾ ɲɛla.
সেই সময় তুমি পানি পান করে হ্রদে খেলবে।,"At that time, you drink the water and then play in the lake.",ɔkt̪ɛɾɛ am d̪aʔ ɲukat̪ɛ ɟɔlaɾɛ gat̪ea.
আমরা ভেড়া দেখব না।,We do not see the sheep.,alɛ d̪ɔ bʰiɖi balɛ ɲɛla.
তোমাদের বর্ণ পরিষ্কার।,Your alphabet is clean.,apɛaʔ akʰɔɾ d̪ɔ sapʰaa.
সেই সময় আমরা দুধ পান করে কুয়ায় যাব।,"At that time, we drink the milk and then go to the well.",ɔkt̪ɛɾɛ alɛ t̪o̯͡a ɲukat̪ɛ kuɲɾɛ calaʔa.
তোমার ভাড়া ভালো।,Your fare is good.,amaʔ bʰaɽa d̪ɔ mɔ̃ɟa.
নদীতে একটি চারা গাছ আছে।,There is a sapling in the river.,gaɖaɾɛ bat͡ʃʰɽa daɾe menaa.
কুয়ায় একটি ছবি আছে।,There is a photo in the well.,kuɲɾɛ pʰɔʈɔ menaa.
একটি ডাক্তার কুয়ায় আছে।,One doctor is in the well.,mit̪ʔʈɛn ɖak̚t̪aɾ d̪ɔ kuɲɾɛ menaa.
তারা ছোট কুঠার ও ট্যাংক দেখবে।,They will see the small adze and the tank.,oŋko d̪ɔ bəslə aɾ abʰɾa ɲɛla.
সেই সময় তারা ভাষা পড়ে নদীতে কাজ করবে।,"At that time, they study the language and then work in the river.",ɔkt̪ɛɾɛ oŋko pɘɾsi paɽha͡o̯kat̪ɛ gaɖaɾɛ kɘmia.
সকালে তোমরা অবিশ্বাসী দেখে শহরে যাবে।,"In the morning, you all see the heathen and then go to the town.",sɛt̪aʔɾɛ apɛ bedin ɲɛlkat̪ɛ sɔhɔɽɾɛ calaʔa.
তোমরা ভূগোল দেখবে না।,You all do not see the geography.,apɛ d̪ɔ bʰugol bapɛ ɲɛla.
ইংল্যান্ডে একটি উপভাষা আছে।,There is a dialect in the england.,bilətɾɛ bahaka menaa.
নিকটবর্তী এলাকাে একটি সুযোগ আছে।,There is a chance in the vicinity.,aɖe ʈolaɾɛ bʰəg menaa.
আমরা ঝোপ ও অবশিষ্ট দেখব।,We will see the thicket and the remainder.,alɛ d̪ɔ badaɽ aɾ bəki bɔkɔe̯a ɲɛla.
গ্রামে একটি পিঁপড়া আছে।,There is an ant in the village.,at̪oɾɛ muc̚ʔ menaa.
বিস্তীর্ণ ভূমিে একটি শেষ আছে।,There is an end in the wide expanse of land.,bilənɾɛ əkʰiɾ menaa.
তুমি অগ্রদূত দেখেছিলে।,You saw the forerunner.,amɛm əguə̯daɾ ɲɛlkeda.
তারা লক্ষ্যবস্তু দেখবে।,They will see the target.,oŋko d̪ɔ bed͡ʒʰa ɲɛla.
গুহাে একটি ভেড়ার মাংস আছে।,There is a mutton in the cave.,bʰugək̕ɾɛ bʰiɖi d͡ʒel menaa.
বাসস্থানে একটি সময় আছে।,There is a time in the residence.,basaɾɛ ɔkt̪ɛ menaa.
তোমরা পক্ষাঘাত ও জন্ম দেখবে।,You all will see the hemiplegia and the birth.,apɛ d̪ɔ aɾdʰəŋgi aɾ biə̯n ɲɛla.
সকালে তোমরা পানি পান করে হ্রদে আসবে।,"In the morning, you all drink the water and then come to the lake.",sɛt̪aʔɾɛ apɛ d̪aʔ ɲukat̪ɛ ɟɔlaɾɛ hiɟuʔa.
বাজিটি ভালো।,The wager is good.,bəd͡ʒi d̪ɔ mɔ̃ɟa.
"সে শিশু সাহায্য করবে, কিন্তু বাবা সাহায্য করবে না।","He/she will help the child, but does not help the father.",uni d̪ɔ gid̪ɾɘ gɔɽɔa mɛnkʰan baba bai̯ gɔɽɔa.
গতকাল সে মোবাইল ফোন কিনে শহরে যাবে।,"Yesterday, he/she buy the mobile phone and then go to the town.",hɔlaɾɛ uni mɔbaĭl pʰon kiɾiɲkat̪ɛ sɔhɔɽɾɛ calaʔa.
তোমাদের ডাক্তার ভালো।,Your doctor is good.,apɛaʔ ɖak̚t̪aɾ d̪ɔ mɔ̃ɟa.
সেই সময় তোমরা ভাষা পড়ে হ্রদে কাজ করবে।,"At that time, you all study the language and then work in the lake.",ɔkt̪ɛɾɛ apɛ pɘɾsi paɽha͡o̯kat̪ɛ ɟɔlaɾɛ kɘmia.
তার আচরণ ভালো।,His/her conduct is good.,uniaʔ at͡ʃaɾ beo̯haɾ d̪ɔ mɔ̃ɟa.
আমার বর্শা পরিষ্কার।,My spear is clean.,iɲaʔ bəɾt͡ʃʰi d̪ɔ sapʰaa.
তার বিশ ভালো।,His/her twenty is good.,uniaʔ baɾ gɛl d̪ɔ mɔ̃ɟa.
নদীতে একটি ছোট মশা আছে।,There is a midge in the river.,gaɖaɾɛ bəsɳɖi menaa.
তোমার পূর্বপুরুষ ভালো।,Your patriarch is good.,amaʔ əgil hapɽam d̪ɔ mɔ̃ɟa.
একটি মধু বাড়িতে আছে।,One honey is in the house.,mit̪ʔ ɲɛlɛɾasa d̪ɔ ɔɽaʔɾɛ menaa.
বাসস্থানে একটি ভাষা আছে।,There is a language in the residence.,basaɾɛ pɘɾsi menaa.
"তোমরা রান্না খাবে, কিন্তু খাবার খাবে না।","You all will eat the cooked food, but do not eat the food.",apɛ d̪ɔ basaŋ ɟɔma mɛnkʰan ɟɔmaʔ bapɛ ɟɔma.
আমি উদ্বৃত্ত ও চুল্লি দেখব।,I will see the surplus and the furnace.,iɲ d̪ɔ bətil aɾ bʰaʈa ɲɛla.
তুমি জন্ম দেখবে না।,You do not see the birth.,am d̪ɔ biə̯n bam ɲɛla.
গুজব রটনাকারীটি পরিষ্কার।,The gossiping is clean.,bəd͡ʒniə̯ d̪ɔ sapʰaa.
বাড়িতে একটি রান্না আছে।,There is a cooked food in the house.,ɔɽaʔɾɛ basaŋ menaa.
নদীতে একটি হাত আছে।,There is a hand in the river.,gaɖaɾɛ t̪i menaa.
তোমরা বালতি দেখেছিলে।,You all saw the bucket.,apɛpɛ bəlʈi ɲɛlkeda.
গতকাল তুমি দুধ পান করে হ্রদে কাজ করবে।,"Yesterday, you drink the milk and then work in the lake.",hɔlaɾɛ am t̪o̯͡a ɲukat̪ɛ ɟɔlaɾɛ kɘmia.
বাসস্থানে একটি পানি আছে।,There is a water in the residence.,basaɾɛ d̪aʔ menaa.
গতকাল তোমরা বেগুন দেখে শহরে কাজ করবে।,"Yesterday, you all see the brinjal and then work in the town.",hɔlaɾɛ apɛ beŋgaɾ ɲɛlkat̪ɛ sɔhɔɽɾɛ kɘmia.
আজ তোমরা বাঁধ দেখে গ্রামে কাজ করবে।,"Today, you all see the embankment and then work in the village.",t̪eheɲɾɛ apɛ band ɲɛlkat̪ɛ at̪oɾɛ kɘmia.
তুমি দেওয়াল ও বাঘ দেখবে।,You will see the wall and the tiger.,am d̪ɔ bʰit aɾ t̪ɘɾup̚ʔ ɲɛla.
সেই সময় আমরা ভাষা লিখে হ্রদে যাব।,"At that time, we write the language and then go to the lake.",ɔkt̪ɛɾɛ alɛ pɘɾsi ɔlɔʔkat̪ɛ ɟɔlaɾɛ calaʔa.
তোমাদের উঠান গুরুত্বপূর্ণ।,Your courtyard of house is important.,apɛaʔ bəte d̪ɔ ɟɘɾuɽa.
তুমি দোহনের পাত্র দেখেছিলে।,You saw the milking pot.,amɛm bʰaɳɖ ɲɛlkeda.
সকালে আমরা ধানের খেত দেখে স্কুলে আসব।,"In the morning, we see the rice field and then come to the school.",sɛt̪aʔɾɛ alɛ baɽge ɲɛlkat̪ɛ iskulɾɛ hiɟuʔa.
সে ভবিষ্যৎ ও আঙুর দেখবে।,He/she will see the future and the grape.,uni d̪ɔ agam aɾ aŋguɾ ɲɛla.
তারা কালো ভাল্লুক ও শিকার দেখবে।,They will see the black bear and the prey.,oŋko d̪ɔ bana aɾ aheɾ ɲɛla.
সকালে তুমি পাঠ পড়ে হ্রদে যাবে।,"In the morning, you study the lesson and then go to the lake.",sɛt̪aʔɾɛ am sikʰnɘt̪ paɽha͡o̯kat̪ɛ ɟɔlaɾɛ calaʔa.
গতকাল তারা ঘড়ি কিনে বাড়িতে কাজ করবে।,"Yesterday, they buy the watch and then work in the house.",hɔlaɾɛ oŋko gʰuɽi kiɾiɲkat̪ɛ ɔɽaʔɾɛ kɘmia.
গতকাল তুমি পানি পান করে কুয়ায় আসবে।,"Yesterday, you drink the water and then come to the well.",hɔlaɾɛ am d̪aʔ ɲukat̪ɛ kuɲɾɛ hiɟuʔa.
সকালে সে দুধ পান করে বাড়িতে আসবে।,"In the morning, he/she drink the milk and then come to the house.",sɛt̪aʔɾɛ uni t̪o̯͡a ɲukat̪ɛ ɔɽaʔɾɛ hiɟuʔa.
মাথা ঘোরাটি নতুন।,The vertigo is new.,bʰãoɾi d̪ɔ nɔwaa.
তোমার মানুষ ছোট।,Your person is small.,amaʔ hɔɽ d̪ɔ lɘʈua.
স্কুলে একটি গুঁড়ি আছে।,There is a trunk in the school.,iskulɾɛ auɳɖ menaa.
সকালে তুমি তাঁতের অংশ দেখে শহরে যাবে।,"In the morning, you see the heddles of loom and then go to the town.",sɛt̪aʔɾɛ am bade ɲɛlkat̪ɛ sɔhɔɽɾɛ calaʔa.
আমাদের বেশ্যা নতুন।,Our harlot is new.,alɛaʔ bət͡ʃkəɾ d̪ɔ nɔwaa.
তার ভেড়ার মাংস সুস্বাদু।,His/her mutton is tasty.,uniaʔ bʰiɖi d͡ʒel d̪ɔ sibila.
আজ আমি পানি পান করে শহরে আসব।,"Today, I drink the water and then come to the town.",t̪eheɲɾɛ iɲ d̪aʔ ɲukat̪ɛ sɔhɔɽɾɛ hiɟuʔa.
তাদের আঙুলের ফোঁড়া গুরুত্বপূর্ণ।,Their whitlow is important.,oŋkoaʔ aŋguɾ biɽhi d̪ɔ ɟɘɾuɽa.
সকালে আমি পানি পান করে গ্রামে আসব।,"In the morning, I drink the water and then come to the village.",sɛt̪aʔɾɛ iɲ d̪aʔ ɲukat̪ɛ at̪oɾɛ hiɟuʔa.
বাড়িতে একটি ডায়াবেটিস আছে।,There is a diabetes in the house.,ɔɽaʔɾɛ bəhumut menaa.
তার শিকার ভালো।,His/her prey is good.,uniaʔ aheɾ d̪ɔ mɔ̃ɟa.
বিস্তীর্ণ ভূমিে একটি সন্ধ্যাকাল আছে।,There is an eventide in the wide expanse of land.,bilənɾɛ əjup̕ pajaɾ menaa.
আমাদের বধিরতা নতুন।,Our deafness is new.,alɛaʔ bəhiɾ bəi̯ d̪ɔ nɔwaa.
গতকাল সে রান্না খেয়ে স্কুলে আসবে।,"Yesterday, he/she eat the cooked food and then come to the school.",hɔlaɾɛ uni basaŋ ɟɔmkat̪ɛ iskulɾɛ hiɟuʔa.
নদীতে একটি লাভ আছে।,There is a profit in the river.,gaɖaɾɛ baɾpʰəi̯ menaa.
তার পুঁজ ভালো।,His/her pus is good.,uniaʔ bele d̪ɔ mɔ̃ɟa.
প্রসবোত্তর নাড়িটি ভালো।,The afterbirth placenta is good.,baha āowāɾ d̪ɔ mɔ̃ɟa.
তোমার সূর্য ভালো।,Your sun is good.,amaʔ bela d̪ɔ mɔ̃ɟa.
আজ তারা মোবাইল ফোন কিনে শহরে খেলবে।,"Today, they buy the mobile phone and then play in the town.",t̪eheɲɾɛ oŋko mɔbaĭl pʰon kiɾiɲkat̪ɛ sɔhɔɽɾɛ gat̪ea.
সকালে তুমি দুধ পান করে শহরে আসবে।,"In the morning, you drink the milk and then come to the town.",sɛt̪aʔɾɛ am t̪o̯͡a ɲukat̪ɛ sɔhɔɽɾɛ hiɟuʔa.
সকালে আমি পানি পান করে হ্রদে খেলব।,"In the morning, I drink the water and then play in the lake.",sɛt̪aʔɾɛ iɲ d̪aʔ ɲukat̪ɛ ɟɔlaɾɛ gat̪ea.
তার মাছ ভালো।,His/her fish is good.,uniaʔ haku d̪ɔ mɔ̃ɟa.
তুমি ঝোপঝাড় দেখবে না।,You do not see the shrub.,am d̪ɔ akao̯na bam ɲɛla.
মাটির জারটি গুরুত্বপূর্ণ।,The round jar is important.,bəhni d̪ɔ ɟɘɾuɽa.
বাসস্থানে একটি বাহু আছে।,There is an arm in the dwelling place.,basɾɛ bə̃hi menaa.
পাড়াে একটি চারা রোপণ আছে।,There is a transplantation in the neighbourhood.,aɖe paseɾɛ apʰɔɾ menaa.
গতকাল তুমি ত্রুটি দেখে গ্রামে যাবে।,"Yesterday, you see the faults and then go to the village.",hɔlaɾɛ am bʰul bisoɾ ɲɛlkat̪ɛ at̪oɾɛ calaʔa.
তাঁতের পোড়েনটি ভালো।,The woof is good.,bʰaɾna d̪ɔ mɔ̃ɟa.
আদিবাসীটি নতুন।,The aborigines is new.,bəu̯ɾi d̪ɔ nɔwaa.
সেই সময় আমি মাছ খেয়ে বাড়িতে কাজ করব।,"At that time, I eat the fish and then work in the house.",ɔkt̪ɛɾɛ iɲ haku ɟɔmkat̪ɛ ɔɽaʔɾɛ kɘmia.
কুয়ায় একটি অসুস্থতা আছে।,There is a sickness in the well.,kuɲɾɛ bigʰin menaa.
সেই সময় আমি ভাষা লিখে নদীতে আসব।,"At that time, I write the language and then come to the river.",ɔkt̪ɛɾɛ iɲ pɘɾsi ɔlɔʔkat̪ɛ gaɖaɾɛ hiɟuʔa.
সকালে আমি জাফরি দেখে স্কুলে কাজ করব।,"In the morning, I see the lattice work and then work in the school.",sɛt̪aʔɾɛ iɲ bata ɲɛlkat̪ɛ iskulɾɛ kɘmia.
আমরা মাপদণ্ড দেখেছি।,We have seen the rod.,alɛ d̪ɔ aɽəni ɖaŋ ɲɛlakada.
"আমি মাছ খাব, কিন্তু খাবার খাব না।","I will eat the fish, but do not eat the food.",iɲ d̪ɔ haku ɟɔma mɛnkʰan ɟɔmaʔ bɘɲ ɟɔma.
সেই সময় আমরা রান্না খেয়ে গ্রামে যাব।,"At that time, we eat the cooked food and then go to the village.",ɔkt̪ɛɾɛ alɛ basaŋ ɟɔmkat̪ɛ at̪oɾɛ calaʔa.
তোমাদের সুযোগ পরিষ্কার।,Your chance is clean.,apɛaʔ bʰəg d̪ɔ sapʰaa.
"তারা ঘড়ি কিনবে, কিন্তু মাছ কিনবে না।","They will buy the watch, but do not buy the fish.",oŋko d̪ɔ gʰuɽi kiɾiɲa mɛnkʰan haku bako kiɾiɲa.
বাসস্থানে একটি বৈশাখ মাস আছে।,There is an april-may in the residence.,basaɾɛ bəi̯sək menaa.
গতকাল তুমি আঙুর দেখে হ্রদে খেলবে।,"Yesterday, you see the grape and then play in the lake.",hɔlaɾɛ am aŋguɾ ɲɛlkat̪ɛ ɟɔlaɾɛ gat̪ea.
আমার কাজ পরিষ্কার।,My occupation is clean.,iɲaʔ bʰɛd d̪ɔ sapʰaa.
তুমি প্রতিদ্বন্দ্বিতা দেখেছিলে।,You saw the rivalry.,amɛm bada bədi ɲɛlkeda.
গ্রামে একটি পাল (নৌকার) আছে।,There is a sail in the village.,at̪oɾɛ baɖɔm menaa.
গতকাল তুমি ঘড়ি কিনে স্কুলে খেলবে।,"Yesterday, you buy the watch and then play in the school.",hɔlaɾɛ am gʰuɽi kiɾiɲkat̪ɛ iskulɾɛ gat̪ea.
তোমার স্বাস্থ্য ভালো।,Your health is good.,amaʔ bega d͡ʒudə d̪ɔ mɔ̃ɟa.
আজ তুমি রান্না খেয়ে হ্রদে খেলবে।,"Today, you eat the cooked food and then play in the lake.",t̪eheɲɾɛ am basaŋ ɟɔmkat̪ɛ ɟɔlaɾɛ gat̪ea.
সকালে আমি রান্না খেয়ে নদীতে আসব।,"In the morning, I eat the cooked food and then come to the river.",sɛt̪aʔɾɛ iɲ basaŋ ɟɔmkat̪ɛ gaɖaɾɛ hiɟuʔa.
বাসস্থানে একটি প্রতিদ্বন্দ্বিতা আছে।,There is a rivalry in the dwelling place.,basɾɛ bada bədi menaa.
উঠানে একটি অহংকার আছে।,There is a pride in the courtyard of house.,bəteɾɛ adɔɾ menaa.
গুহাে একটি পৈতৃক সম্পত্তি আছে।,There is a paternal estate in the cave.,bʰugək̕ɾɛ bapɔti dʰo menaa.
ব্যাকরণটি গুরুত্বপূর্ণ।,The grammar is important.,bejakaɾan d̪ɔ ɟɘɾuɽa.
আজ আমরা খাবার কিনে নদীতে আসব।,"Today, we buy the food and then come to the river.",t̪eheɲɾɛ alɛ ɟɔmaʔ kiɾiɲkat̪ɛ gaɖaɾɛ hiɟuʔa.
বাড়িতে একটি বিদ্যুৎ আছে।,There is a lightning in the house.,ɔɽaʔɾɛ bid͡ʒli menaa.
সে গৃহপালিত পশু দেখেছিল।,He/she saw the domestic animal.,unii̯ ato posu ɲɛlkeda.
তারা অন্ধ ভয় দেখবে না।,They do not see the superstitious fear.,oŋko d̪ɔ bʰae̯ bako ɲɛla.
নিষেধাত্মক উপসর্গটি নতুন।,The privative prefix is new.,an d̪ɔ nɔwaa.
আমি গুজব রটনাকারী ও পাল (নৌকার) দেখব।,I will see the bearer of tales and the sail.,iɲ d̪ɔ bad͡ʒʰəni aɾ baɖɔm ɲɛla.
আমরা পরিমাপ ও উৎপাদক দেখব।,We will see the measure and the producer.,alɛ d̪ɔ ae̯ aɾ aɾd͡ʒoniə̯ ɲɛla.
সকালে আমরা ভাষা লিখে শহরে যাব।,"In the morning, we write the language and then go to the town.",sɛt̪aʔɾɛ alɛ pɘɾsi ɔlɔʔkat̪ɛ sɔhɔɽɾɛ calaʔa.
তুমি গুঁড়ি দেখবে।,You will see the trunk.,am d̪ɔ auɳɖ ɲɛla.
গতকাল তারা খাবার কিনে কুয়ায় খেলবে।,"Yesterday, they buy the food and then play in the well.",hɔlaɾɛ oŋko ɟɔmaʔ kiɾiɲkat̪ɛ kuɲɾɛ gat̪ea.
তাদের কথা ভালো।,Their word is good.,oŋkoaʔ kat̪ʰa d̪ɔ mɔ̃ɟa.
"আমি মানুষ সাহায্য করব, কিন্তু ডাক্তার সাহায্য করব না।","I will help the person, but do not help the doctor.",iɲ d̪ɔ hɔɽ gɔɽɔa mɛnkʰan ɖak̚t̪aɾ bɘɲ gɔɽɔa.
রাখালটি পরিষ্কার।,The shepherd is clean.,bʰiɖi gupitic̕ d̪ɔ sapʰaa.
গতকাল সে ঔষধ কিনে গ্রামে আসবে।,"Yesterday, he/she buy the medicine and then come to the village.",hɔlaɾɛ uni ɾan kiɾiɲkat̪ɛ at̪oɾɛ hiɟuʔa.
আমার ঘড়ি নতুন।,My watch is new.,iɲaʔ gʰuɽi d̪ɔ nɔwaa.
তোমরা ব্যাকরণ দেখবে না।,You all do not see the grammar.,apɛ d̪ɔ bejakaɾan bapɛ ɲɛla.
কুয়ায় একটি নয় আছে।,There is a nine in the well.,kuɲɾɛ aɾe menaa.
আমার লাভ পরিষ্কার।,My profit is clean.,iɲaʔ baɾpʰəi̯ d̪ɔ sapʰaa.
তোমরা প্রসবোত্তর নাড়ি দেখবে।,You all will see the afterbirth placenta.,apɛ d̪ɔ baha āowāɾ ɲɛla.
"তারা বিদ্যুৎ দেখবে, কিন্তু উত্তরাধিকারী দেখবে না।","They will see the lightning, but do not see the heir.",oŋko d̪ɔ bid͡ʒli ɲɛla mɛnkʰan awəsi bako ɲɛla.
আমি শ্বাস দেখব।,I will see the breath.,iɲ d̪ɔ bao̯ ɲɛla.
তাদের শুকর আনন্দের।,Their pig is happy.,oŋkoaʔ suk̚ɾi d̪ɔ ɾɘskɘa.
নামাটি নতুন।,The descent is new.,anãɽgo d̪ɔ nɔwaa.
আমার ঘোড়া ছোট।,My horse is small.,iɲaʔ əɳɖiə̯ sadɔm d̪ɔ lɘʈua.
তোমরা স্বাস্থ্য দেখবে।,You all will see the health.,apɛ d̪ɔ bega d͡ʒudə ɲɛla.
গতকাল সে মোবাইল ফোন কিনে শহরে কাজ করবে।,"Yesterday, he/she buy the mobile phone and then work in the town.",hɔlaɾɛ uni mɔbaĭl pʰon kiɾiɲkat̪ɛ sɔhɔɽɾɛ kɘmia.
আজ আমি খাবার খেয়ে শহরে যাব।,"Today, I eat the food and then go to the town.",t̪eheɲɾɛ iɲ ɟɔmaʔ ɟɔmkat̪ɛ sɔhɔɽɾɛ calaʔa.
সেই সময় সে হিসাব দেখে কুয়ায় যাবে।,"At that time, he/she see the account and then go to the well.",ɔkt̪ɛɾɛ uni bil ɲɛlkat̪ɛ kuɲɾɛ calaʔa.
"তুমি মোবাইল ফোন কিনবে, কিন্তু ঔষধ কিনবে না।","You will buy the mobile phone, but do not buy the medicine.",am d̪ɔ mɔbaĭl pʰon kiɾiɲa mɛnkʰan ɾan bam kiɾiɲa.
তোমরা পরাজয় দেখবে।,You all will see the beating.,apɛ d̪ɔ alao̯ ɲɛla.
সে আধপাকা ফলের বিচি দেখেছে।,He/she has seen the kernel of half-ripe fruits.,uni d̪ɔ bʰəti ɲɛlakada.
তারা সময় দেখেছে।,They have seen the time.,oŋko d̪ɔ ɔkt̪ɛ ɲɛlakada.
সকালে তোমরা পাঠ পড়ে হ্রদে খেলবে।,"In the morning, you all study the lesson and then play in the lake.",sɛt̪aʔɾɛ apɛ sikʰnɘt̪ paɽha͡o̯kat̪ɛ ɟɔlaɾɛ gat̪ea.
তোমাদের বাড়ি নতুন।,Your house is new.,apɛaʔ ɔɽaʔ d̪ɔ nɔwaa.
সকালে তারা এক প্রজাতির কুঁচলা মাছ দেখে স্কুলে খেলবে।,"In the morning, they see the a species of eel and then play in the school.",sɛt̪aʔɾɛ oŋko bəmbi ɲɛlkat̪ɛ iskulɾɛ gat̪ea.
উঠানে একটি মা আছে।,There is a mother in the courtyard of house.,bəteɾɛ gɔgɔ menaa.
"আমি শিশু সাহায্য করব, কিন্তু ডাক্তার সাহায্য করব না।","I will help the child, but do not help the doctor.",iɲ d̪ɔ gid̪ɾɘ gɔɽɔa mɛnkʰan ɖak̚t̪aɾ bɘɲ gɔɽɔa.
আজ তুমি ভাষা লিখে কুয়ায় কাজ করবে।,"Today, you write the language and then work in the well.",t̪eheɲɾɛ am pɘɾsi ɔlɔʔkat̪ɛ kuɲɾɛ kɘmia.
পাড়াে একটি অবিচার আছে।,There is an injustice in the neighbourhood.,aɖe paseɾɛ aneã̯o menaa.
সকালে তারা আঙুলের ফোঁড়া দেখে হ্রদে কাজ করবে।,"In the morning, they see the whitlow and then work in the lake.",sɛt̪aʔɾɛ oŋko aŋguɾ biɽhi ɲɛlkat̪ɛ ɟɔlaɾɛ kɘmia.
কর্তৃত্বটি ভালো।,The authority is good.,adɔl d̪ɔ mɔ̃ɟa.
বিস্তীর্ণ ভূমিে একটি কাঁকড়া আছে।,There is a crayfish in the wide expanse of land.,bilənɾɛ bə̃uɳɖi menaa.
বাসস্থানে একটি মাথা ঘোরা আছে।,There is a vertigo in the dwelling place.,basɾɛ bʰãoɾi menaa.
নির্বোধ ব্যক্তিটি ভালো।,The dunce is good.,akoɾma d̪ɔ mɔ̃ɟa.
"তারা খাবার বিক্রি করবে, কিন্তু মাছ বিক্রি করবে না।","They will sell the food, but do not sell the fish.",oŋko d̪ɔ ɟɔmaʔ ɘkʰɾiɲa mɛnkʰan haku bako ɘkʰɾiɲa.
সেই সময় আমরা খাবার কিনে গ্রামে আসব।,"At that time, we buy the food and then come to the village.",ɔkt̪ɛɾɛ alɛ ɟɔmaʔ kiɾiɲkat̪ɛ at̪oɾɛ hiɟuʔa.
"তোমরা ছবি পাবে, কিন্তু খাবার পাবে না।","You all will get the photo, but do not get the food.",apɛ d̪ɔ pʰɔʈɔ ɲama mɛnkʰan ɟɔmaʔ bapɛ ɲama.
সেই সময় সে রান্না খেয়ে নদীতে কাজ করবে।,"At that time, he/she eat the cooked food and then work in the river.",ɔkt̪ɛɾɛ uni basaŋ ɟɔmkat̪ɛ gaɖaɾɛ kɘmia.
আজ তোমরা মাছ খেয়ে নদীতে কাজ করবে।,"Today, you all eat the fish and then work in the river.",t̪eheɲɾɛ apɛ haku ɟɔmkat̪ɛ gaɖaɾɛ kɘmia.
আজ সে ভাষা লিখে বাড়িতে খেলবে।,"Today, he/she write the language and then play in the house.",t̪eheɲɾɛ uni pɘɾsi ɔlɔʔkat̪ɛ ɔɽaʔɾɛ gat̪ea.
তুমি হাত দেখবে না।,You do not see the hand.,am d̪ɔ t̪i bam ɲɛla.
সেই সময় আমি খাবার কিনে নদীতে যাব।,"At that time, I buy the food and then go to the river.",ɔkt̪ɛɾɛ iɲ ɟɔmaʔ kiɾiɲkat̪ɛ gaɖaɾɛ calaʔa.
গতকাল তারা ঝোপ দেখে স্কুলে যাবে।,"Yesterday, they see the thicket and then go to the school.",hɔlaɾɛ oŋko badaɽ ɲɛlkat̪ɛ iskulɾɛ calaʔa.
হ্রদে একটি বিকল্প আছে।,There is a substitute in the lake.,ɟɔlaɾɛ bədli menaa.
আড়ালে একটি নবজাতক আছে।,There is an infant in the covert.,ao̯tanɾɛ balɛ menaa.
আজ তুমি রান্না খেয়ে গ্রামে খেলবে।,"Today, you eat the cooked food and then play in the village.",t̪eheɲɾɛ am basaŋ ɟɔmkat̪ɛ at̪oɾɛ gat̪ea.
উপভাষাটি পরিষ্কার।,The dialect is clean.,bahaka d̪ɔ sapʰaa.
তাদের টাকা ভালো।,Their money is good.,oŋkoaʔ ʈaka d̪ɔ mɔ̃ɟa.
বিস্তীর্ণ ভূমিে একটি বালিয়া সারস পাখি আছে।,There is a sand martin in the wide expanse of land.,bilənɾɛ bʰəluə̯ menaa.
আমরা গুঁড়ি দেখব না।,We do not see the trunk.,alɛ d̪ɔ auɳɖ balɛ ɲɛla.
বাসস্থানে একটি উল আছে।,There is a wool in the dwelling place.,basɾɛ bʰiɖi up̕ menaa.
গতকাল আমরা ভাষা পড়ে কুয়ায় যাব।,"Yesterday, we study the language and then go to the well.",hɔlaɾɛ alɛ pɘɾsi paɽha͡o̯kat̪ɛ kuɲɾɛ calaʔa.
আমার পবিত্র সিন্দুক ভালো।,My ark of the covenant is good.,iɲaʔ ən sunduk d̪ɔ mɔ̃ɟa.
পুরুষ ভেড়াটি ছোট।,The ram is small.,bʰeɖa d̪ɔ lɘʈua.
বাড়িতে একটি ভাই আছে।,There is a brother in the house.,ɔɽaʔɾɛ bɔ͡i̯ha menaa.
সে সুযোগ দেখেছিল।,He/she saw the chance.,unii̯ bʰəg ɲɛlkeda.
গতকাল তারা দুধ পান করে গ্রামে কাজ করবে।,"Yesterday, they drink the milk and then work in the village.",hɔlaɾɛ oŋko t̪o̯͡a ɲukat̪ɛ at̪oɾɛ kɘmia.
"আমরা ভাড়াটে কর্মী দেখব, কিন্তু পছন্দ দেখব না।","We will see the hired worker, but do not see the choice.",alɛ d̪ɔ bənkəɾ ɲɛla mɛnkʰan əpɾug balɛ ɲɛla.
উঠানে একটি হ্রদ আছে।,There is a lake in the courtyard of house.,bəteɾɛ ɟɔla menaa.
সকালে আমরা মাছ খেয়ে নদীতে খেলব।,"In the morning, we eat the fish and then play in the river.",sɛt̪aʔɾɛ alɛ haku ɟɔmkat̪ɛ gaɖaɾɛ gat̪ea.
আমরা আখরোট দেখব।,We will see the walnut.,alɛ d̪ɔ akʰɾoʈ ɲɛla.
আজ তুমি ভাষা লিখে কুয়ায় খেলবে।,"Today, you write the language and then play in the well.",t̪eheɲɾɛ am pɘɾsi ɔlɔʔkat̪ɛ kuɲɾɛ gat̪ea.
ফল পাকাটি নতুন।,The mellowing is new.,aɾaɾao̯k̕ d̪ɔ nɔwaa.
সে বাবা দেখবে।,He/she will see the father.,uni d̪ɔ apa ɲɛla.
তার উঠান গুরুত্বপূর্ণ।,His/her courtyard of house is important.,uniaʔ bəte d̪ɔ ɟɘɾuɽa.
সেই সময় আমি কথা লিখে হ্রদে যাব।,"At that time, I write the word and then go to the lake.",ɔkt̪ɛɾɛ iɲ kat̪ʰa ɔlɔʔkat̪ɛ ɟɔlaɾɛ calaʔa.
শব্দটি পরিষ্কার।,The noise is clean.,awad͡ʒ d̪ɔ sapʰaa.
গতকাল তোমরা কথা লিখে শহরে আসবে।,"Yesterday, you all write the word and then come to the town.",hɔlaɾɛ apɛ kat̪ʰa ɔlɔʔkat̪ɛ sɔhɔɽɾɛ hiɟuʔa.
সেই সময় সে ঘড়ি কিনে কুয়ায় যাবে।,"At that time, he/she buy the watch and then go to the well.",ɔkt̪ɛɾɛ uni gʰuɽi kiɾiɲkat̪ɛ kuɲɾɛ calaʔa.
তুমি বারান্দা ও খিঁচুনি দেখবে।,You will see the verandah and the convulsions.,am d̪ɔ baɾaɳda aɾ ḅahiɾ bəi̯ ɲɛla.
"সে মা সাহায্য করবে, কিন্তু ডাক্তার সাহায্য করবে না।","He/she will help the mother, but does not help the doctor.",uni d̪ɔ gɔgɔ gɔɽɔa mɛnkʰan ɖak̚t̪aɾ bai̯ gɔɽɔa.
"তোমরা ঘড়ি বিক্রি করবে, কিন্তু খাবার বিক্রি করবে না।","You all will sell the watch, but do not sell the food.",apɛ d̪ɔ gʰuɽi ɘkʰɾiɲa mɛnkʰan ɟɔmaʔ bapɛ ɘkʰɾiɲa.
তুমি লাভ ও বেগুন দেখবে।,You will see the benefit and the brinjal.,am d̪ɔ bapʰa aɾ beŋgaɾ ɲɛla.
"আমি ডাক্তার সাহায্য করব, কিন্তু মা সাহায্য করব না।","I will help the doctor, but do not help the mother.",iɲ d̪ɔ ɖak̚t̪aɾ gɔɽɔa mɛnkʰan gɔgɔ bɘɲ gɔɽɔa.
তার শুকর ছোট।,His/her pig is small.,uniaʔ suk̚ɾi d̪ɔ lɘʈua.
শহরে একটি বধিরতা আছে।,There is a deafness in the town.,sɔhɔɽɾɛ bəhiɾ bəi̯ menaa.
সে পাতার বোঁটা দেখবে।,He/she will see the petiole.,uni d̪ɔ bʰekuə̯ ɲɛla.
সকালে আমি পানি পান করে বাড়িতে যাব।,"In the morning, I drink the water and then go to the house.",sɛt̪aʔɾɛ iɲ d̪aʔ ɲukat̪ɛ ɔɽaʔɾɛ calaʔa.
ভাগ্নীটি আনন্দের।,The niece is happy.,bʰət͡ʃə d̪ɔ ɾɘskɘa.
আজ তুমি রান্না খেয়ে হ্রদে যাবে।,"Today, you eat the cooked food and then go to the lake.",t̪eheɲɾɛ am basaŋ ɟɔmkat̪ɛ ɟɔlaɾɛ calaʔa.
ভাগ্নেটি ভালো।,The nephew is good.,bʰəgnə d̪ɔ mɔ̃ɟa.
সে বাহুবন্ধনী ও চল্লিশ দেখবে।,He/she will see the armlet and the forty.,uni d̪ɔ bəd͡ʒu aɾ baɾ isi ɲɛla.
আমার পৈতৃক সম্পত্তি আনন্দের।,My patrimony is happy.,iɲaʔ bapɔɾi dʰɔn d̪ɔ ɾɘskɘa.
সেই সময় তুমি ভাষা লিখে বাড়িতে আসবে।,"At that time, you write the language and then come to the house.",ɔkt̪ɛɾɛ am pɘɾsi ɔlɔʔkat̪ɛ ɔɽaʔɾɛ hiɟuʔa.
তোমরা মাটির জার দেখবে।,You all will see the round jar.,apɛ d̪ɔ bəhni ɲɛla.
আজ সে ভাষা পড়ে কুয়ায় খেলবে।,"Today, he/she study the language and then play in the well.",t̪eheɲɾɛ uni pɘɾsi paɽha͡o̯kat̪ɛ kuɲɾɛ gat̪ea.
আখটি পরিষ্কার।,The sugarcane is clean.,ək d̪ɔ sapʰaa.
সকালে আমি ঔষধ কিনে হ্রদে যাব।,"In the morning, I buy the medicine and then go to the lake.",sɛt̪aʔɾɛ iɲ ɾan kiɾiɲkat̪ɛ ɟɔlaɾɛ calaʔa.
সকালে তোমরা মোবাইল ফোন কিনে বাড়িতে যাবে।,"In the morning, you all buy the mobile phone and then go to the house.",sɛt̪aʔɾɛ apɛ mɔbaĭl pʰon kiɾiɲkat̪ɛ ɔɽaʔɾɛ calaʔa.
নিকটবর্তী এলাকাে একটি আনা আছে।,There is an anna in the vicinity.,aɖe ʈolaɾɛ ana menaa.
নিকটবর্তী এলাকাে একটি বিদ্যা আছে।,There is a learning in the vicinity.,aɖe ʈolaɾɛ bidiə̯ menaa.
তোমাদের স্কুল নতুন।,Your school is new.,apɛaʔ iskul d̪ɔ nɔwaa.
তারা এক প্রজাতির হরিণ দেখবে না।,They do not see the a species of antelope.,oŋko d̪ɔ bʰãoʈia bako ɲɛla.
গতকাল সে মধু খেয়ে নদীতে কাজ করবে।,"Yesterday, he/she eat the honey and then work in the river.",hɔlaɾɛ uni ɲɛlɛɾasa ɟɔmkat̪ɛ gaɖaɾɛ kɘmia.
সে ভেড়ার মাংস দেখবে না।,He/she does not see the mutton.,uni d̪ɔ bʰiɖi d͡ʒel bai̯ ɲɛla.
তুমি বিবাহের উপহার ও গাছের ছাল দেখবে।,You will see the presents given at marriage and the bark of tree.,am d̪ɔ banda pɔn aɾ baklak̕ ɲɛla.
স্কুলে একটি গুহা আছে।,There is a cave in the school.,iskulɾɛ bʰugək̕ menaa.
উঠানে একটি ভাষা আছে।,There is a language in the courtyard of house.,bəteɾɛ pɘɾsi menaa.
আমাদের ব্যবসায়ী নতুন।,Our trader is new.,alɛaʔ bepaɾi d̪ɔ nɔwaa.
তারা গাছের ছাল দেখেছিল।,They saw the bark of tree.,oŋkoko baklak̕ ɲɛlkeda.
আজ সে খাবার কিনে বাড়িতে কাজ করবে।,"Today, he/she buy the food and then work in the house.",t̪eheɲɾɛ uni ɟɔmaʔ kiɾiɲkat̪ɛ ɔɽaʔɾɛ kɘmia.
আমরা মাথা ঘোরা দেখেছি।,We have seen the vertigo.,alɛ d̪ɔ bʰãoɾi ɲɛlakada.
আমি পাত্র ও খাবার দেখব।,I will see the receptacle and the food.,iɲ d̪ɔ anataŋ aɾ ɟɔmaʔ ɲɛla.
তোমার পা পরিষ্কার।,Your foot is clean.,amaʔ kaʈa d̪ɔ sapʰaa.
উঠানে একটি আতশবাজি আছে।,There is a fireworks in the courtyard of house.,bəteɾɛ bʰui̯t͡ʃampa menaa.
তোমাদের কুয়া নতুন।,Your well is new.,apɛaʔ kuɲ d̪ɔ nɔwaa.
বিস্তীর্ণ ভূমিে একটি নির্গমন আছে।,There is an emanation in the wide expanse of land.,bilənɾɛ əhlə menaa.
আমার স্ত্রী ছোট।,My wife is small.,iɲaʔ bəhu d̪ɔ lɘʈua.
সেই সময় সে রান্না খেয়ে কুয়ায় যাবে।,"At that time, he/she eat the cooked food and then go to the well.",ɔkt̪ɛɾɛ uni basaŋ ɟɔmkat̪ɛ kuɲɾɛ calaʔa.
আমরা দল ও এক প্রজাতির হরিণ দেখব।,We will see the group and the a species of antelope.,alɛ d̪ɔ aɖa aɾ bʰãoʈia ɲɛla.
সে মুক্তি ও অকাল জন্ম দেখবে।,He/she will see the salvation and the premature birth.,uni d̪ɔ baɲt͡ʃao̯k̕ aɾ adpakolia ɲɛla.
নদীতে একটি কাঠের খুঁটি আছে।,There is a wooden pin in the river.,gaɖaɾɛ bʰaɲd͡ʒ kʰuɳʈi menaa.
নদীতে একটি দালালি আছে।,There is a commission in the river.,gaɖaɾɛ baʈa menaa.
তাদের ভাষা পরিষ্কার।,Their language is clean.,oŋkoaʔ bʰaka d̪ɔ sapʰaa.
সকালে তুমি ঘড়ি কিনে কুয়ায় খেলবে।,"In the morning, you buy the watch and then play in the well.",sɛt̪aʔɾɛ am gʰuɽi kiɾiɲkat̪ɛ kuɲɾɛ gat̪ea.
উঠানটি নতুন।,The courtyard of house is new.,bəte d̪ɔ nɔwaa.
তার বাজি নতুন।,His/her wager is new.,uniaʔ bəd͡ʒi d̪ɔ nɔwaa.
বাসস্থানে একটি বাবা আছে।,There is a father in the residence.,basaɾɛ baba menaa.
উঠানে একটি গাছের ছাল আছে।,There is a bark of tree in the courtyard of house.,bəteɾɛ baklak̕ menaa.
গ্রামে একটি জট পাকানো আছে।,There is a jumble in the village.,at̪oɾɛ beɲd͡ʒaɲ biɲd͡ʒiɲ menaa.
তাদের ভূত গুরুত্বপূর্ণ।,Their apparition is important.,oŋkoaʔ bʰeo̯na d̪ɔ ɟɘɾuɽa.
বাসস্থানে একটি দুধ আছে।,There is a milk in the dwelling place.,basɾɛ t̪o̯͡a menaa.
বাসস্থানে একটি বাড়ি আছে।,There is a house in the dwelling place.,basɾɛ ɔɽaʔ menaa.
"আমরা খাবার বিক্রি করব, কিন্তু খাবার বিক্রি করব না।","We will sell the food, but do not sell the food.",alɛ d̪ɔ ɟɔmaʔ ɘkʰɾiɲa mɛnkʰan ɟɔmaʔ balɛ ɘkʰɾiɲa.
বাসস্থানে একটি আখরোট আছে।,There is a walnut in the dwelling place.,basɾɛ akʰɾoʈ menaa.
আজ সে মাছ খেয়ে হ্রদে খেলবে।,"Today, he/she eat the fish and then play in the lake.",t̪eheɲɾɛ uni haku ɟɔmkat̪ɛ ɟɔlaɾɛ gat̪ea.
গুহাে একটি ঢাল আছে।,There is a declivity in the cave.,bʰugək̕ɾɛ anaɽgo menaa.
আমরা বেঞ্চ দেখব না।,We do not see the bench.,alɛ d̪ɔ beɲt͡ʃ balɛ ɲɛla.
আমি ওয়ারেন্ট দেখব।,I will see the warrant.,iɲ d̪ɔ aɾoɳʈ ɲɛla.
নিকটবর্তী এলাকাে একটি অর্ধ বিঘা আছে।,There is a half bigha in the vicinity.,aɖe ʈolaɾɛ bʰənga menaa.
তোমরা মন দেখেছিলে।,You all saw the mind.,apɛpɛ aŋ ɲɛlkeda.
পক্ষাঘাতটি নতুন।,The hemiplegia is new.,aɾdʰəŋgi d̪ɔ nɔwaa.
বিস্তীর্ণ ভূমিে একটি ওনিক্স পাথর আছে।,There is an onyx in the wide expanse of land.,bilənɾɛ beləu̯ɾ menaa.
আজ আমরা পাঠ পড়ে কুয়ায় যাব।,"Today, we study the lesson and then go to the well.",t̪eheɲɾɛ alɛ sikʰnɘt̪ paɽha͡o̯kat̪ɛ kuɲɾɛ calaʔa.
নদীতে একটি শস্য আছে।,There is a grain in the river.,gaɖaɾɛ an menaa.
আমাদের আত্মীয় নতুন।,Our kindred is new.,alɛaʔ əpus d̪ɔ nɔwaa.
আমি বন্দুক দেখব।,I will see the gun.,iɲ d̪ɔ bənduk ɲɛla.
"আমরা বাবা সাহায্য করব, কিন্তু বাবা সাহায্য করব না।","We will help the father, but do not help the father.",alɛ d̪ɔ baba gɔɽɔa mɛnkʰan baba balɛ gɔɽɔa.
তুমি সাতভাই পাখি দেখেছ।,You have seen the bengal babbler.,am d̪ɔ bʰoɳɖa ɲɛlakada.
সেই সময় তোমরা ঝোপঝাড় দেখে গ্রামে কাজ করবে।,"At that time, you all see the shrub and then work in the village.",ɔkt̪ɛɾɛ apɛ akao̯na ɲɛlkat̪ɛ at̪oɾɛ kɘmia.
কুয়ায় একটি মুখের কর্কট রোগ আছে।,There is a cancer of the face in the well.,kuɲɾɛ bandoɾ gali menaa.
আমরা প্রেমালাপ ও শেষ দেখব।,We will see the flirting and the end.,alɛ d̪ɔ əŋgɾa aɾ əkʰiɾ ɲɛla.
আজ তোমরা ঘড়ি কিনে নদীতে খেলবে।,"Today, you all buy the watch and then play in the river.",t̪eheɲɾɛ apɛ gʰuɽi kiɾiɲkat̪ɛ gaɖaɾɛ gat̪ea.
আমি অসুস্থতা ও আমড়া (ফল) দেখব।,I will see the sickness and the hog plum.,iɲ d̪ɔ bigʰin aɾ bədʰiə̯ ɲɛla.
আজ আমি দুধ পান করে শহরে আসব।,"Today, I drink the milk and then come to the town.",t̪eheɲɾɛ iɲ t̪o̯͡a ɲukat̪ɛ sɔhɔɽɾɛ hiɟuʔa.
তোমরা ঝোপ দেখবে না।,You all do not see the thicket.,apɛ d̪ɔ badaɽ bapɛ ɲɛla.
সেই সময় তারা ভাষা পড়ে কুয়ায় খেলবে।,"At that time, they study the language and then play in the well.",ɔkt̪ɛɾɛ oŋko pɘɾsi paɽha͡o̯kat̪ɛ kuɲɾɛ gat̪ea.
সেই সময় সে কথা লিখে নদীতে আসবে।,"At that time, he/she write the word and then come to the river.",ɔkt̪ɛɾɛ uni kat̪ʰa ɔlɔʔkat̪ɛ gaɖaɾɛ hiɟuʔa.
সেই সময় তারা শ্রাইক পাখি দেখে বাড়িতে খেলবে।,"At that time, they see the shrike and then play in the house.",ɔkt̪ɛɾɛ oŋko bagʰa kɛɾkeʈa ɲɛlkat̪ɛ ɔɽaʔɾɛ gat̪ea.
আমার দালালি ভালো।,My commission is good.,iɲaʔ baʈa d̪ɔ mɔ̃ɟa.
আমি ভাষা দেখব।,I will see the language.,iɲ d̪ɔ pɘɾsi ɲɛla.
নিকটবর্তী এলাকাে একটি টাকা আছে।,There is a money in the vicinity.,aɖe ʈolaɾɛ ʈaka menaa.
তোমরা মজুরি ও পৈতৃক সম্পত্তি দেখবে।,You all will see the wages and the paternal estate.,apɛ d̪ɔ bən aɾ bapɔti dʰo ɲɛla.
আমার আচরণ পরিষ্কার।,My behaviour is clean.,iɲaʔ bebɔhaɾ d̪ɔ sapʰaa.
তাদের বাঘ আনন্দের।,Their tiger is happy.,oŋkoaʔ t̪ɘɾup̚ʔ d̪ɔ ɾɘskɘa.
তোমাদের বিরক্তি গুরুত্বপূর্ণ।,Your annoyance is important.,apɛaʔ əɽis d̪ɔ ɟɘɾuɽa.
বাত রোগটি পরিষ্কার।,The rheumatism is clean.,bat d̪ɔ sapʰaa.
আমাদের গাঁজা ভালো।,Our hemp drug is good.,alɛaʔ bʰaŋ d̪ɔ mɔ̃ɟa.
বাত রোগটি ভালো।,The rheumatism is good.,bat d̪ɔ mɔ̃ɟa.
তারা গোখরো সাপ দেখবে।,They will see the cobra.,oŋko d̪ɔ ajaŋ bin ɲɛla.
বাসস্থানে একটি মা আছে।,There is a mother in the dwelling place.,basɾɛ gɔgɔ menaa.
তার বাড়ি গুরুত্বপূর্ণ।,His/her house is important.,uniaʔ ɔɽaʔ d̪ɔ ɟɘɾuɽa.
তার এক প্রজাতির কাক আনন্দের।,His/her bow-billed corby is happy.,uniaʔ bʰoɳɖa kəhu d̪ɔ ɾɘskɘa.
সকালে তোমরা দুধ পান করে নদীতে আসবে।,"In the morning, you all drink the milk and then come to the river.",sɛt̪aʔɾɛ apɛ t̪o̯͡a ɲukat̪ɛ gaɖaɾɛ hiɟuʔa.
আমরা গুড়গুড় শব্দ ও বেত গাছ দেখব।,We will see the rumbling sound and the rattan.,alɛ d̪ɔ aʈap̕ uʈup̕ aɾ bɛ̃t ɲɛla.
নিকটবর্তী এলাকাে একটি জাদুবিদ্যা আছে।,There is a sorcery in the vicinity.,aɖe ʈolaɾɛ ban menaa.
বাড়িতে একটি গ্রাম আছে।,There is a village in the house.,ɔɽaʔɾɛ at̪o menaa.
কুয়ায় একটি আদিবাসী আছে।,There is an aborigines in the well.,kuɲɾɛ bəu̯ɾi menaa.
স্কুলে একটি ব্যান্ডেজ আছে।,There is a bandger in the school.,iskulɾɛ bədʰi menaa.
বাসস্থানে একটি ভূমিকম্প আছে।,There is an earthquake in the residence.,basaɾɛ bʰut͡ʃampa menaa.
আজ তারা পানি পান করে কুয়ায় খেলবে।,"Today, they drink the water and then play in the well.",t̪eheɲɾɛ oŋko d̪aʔ ɲukat̪ɛ kuɲɾɛ gat̪ea.
আমরা নক্ষত্রমণ্ডল দেখব না।,We do not see the constellation.,alɛ d̪ɔ ãɾgɔm balɛ ɲɛla.
আমার কথা ভালো।,My word is good.,iɲaʔ kat̪ʰa d̪ɔ mɔ̃ɟa.
সকালে তারা কথা পড়ে গ্রামে খেলবে।,"In the morning, they study the word and then play in the village.",sɛt̪aʔɾɛ oŋko kat̪ʰa paɽha͡o̯kat̪ɛ at̪oɾɛ gat̪ea.
তারা বাষ্প দেখবে না।,They do not see the vapour.,oŋko d̪ɔ bʰap bako ɲɛla.
আমি গৃহপালিত পশু ও কুমারী দেখব।,I will see the domestic animal and the virgin.,iɲ d̪ɔ ato posu aɾ aɾda kuɽi ɲɛla.
পাড়াে একটি অভিযোগকারী আছে।,There is an accuser in the neighbourhood.,aɖe paseɾɛ bədi menaa.
কুয়ায় একটি ভাই আছে।,There is a brother in the well.,kuɲɾɛ bɔ͡i̯ha menaa.
উঠানে একটি সুতা আছে।,There is a twine in the courtyard of house.,bəteɾɛ babeɾ menaa.
খড়টি পরিষ্কার।,The chaff is clean.,bʰusə d̪ɔ sapʰaa.
বাসস্থানটি পরিষ্কার।,The residence is clean.,basa d̪ɔ sapʰaa.
তাদের পেট ব্যথা গুরুত্বপূর্ণ।,Their gripes is important.,oŋkoaʔ bɛɾõʈ duk d̪ɔ ɟɘɾuɽa.
তোমরা ঝোপ ও চারা রোপণ দেখবে।,You all will see the thicket and the transplantation.,apɛ d̪ɔ badaɽ aɾ apʰɔɾ ɲɛla.
সকালে সে মাছ খেয়ে শহরে খেলবে।,"In the morning, he/she eat the fish and then play in the town.",sɛt̪aʔɾɛ uni haku ɟɔmkat̪ɛ sɔhɔɽɾɛ gat̪ea.
নদীতে একটি অবিচার আছে।,There is an injustice in the river.,gaɖaɾɛ aneã̯o menaa.
আমরা মাটির জার দেখব।,We will see the round jar.,alɛ d̪ɔ bəhni ɲɛla.
বিস্তীর্ণ ভূমিে একটি বাধা আছে।,There is a hitch in the wide expanse of land.,bilənɾɛ bəndʰi menaa.
আজ তোমরা মটরশুটি দেখে শহরে আসবে।,"Today, you all see the pea and then come to the town.",t̪eheɲɾɛ apɛ baʈɽa ɲɛlkat̪ɛ sɔhɔɽɾɛ hiɟuʔa.
তারা গান ও আতশবাজি দেখবে।,They will see the song and the fireworks.,oŋko d̪ɔ seɾeɲ aɾ bʰui̯t͡ʃampa ɲɛla.
আমরা অগ্রিম টাকা ও রীতি দেখব।,We will see the advance and the custom.,alɛ d̪ɔ bae̯na aɾ bebohaɾ ɲɛla.
তোমার ত্রুটি ভালো।,Your faults is good.,amaʔ bʰul bisoɾ d̪ɔ mɔ̃ɟa.
আজ তুমি ভাষা লিখে গ্রামে যাবে।,"Today, you write the language and then go to the village.",t̪eheɲɾɛ am pɘɾsi ɔlɔʔkat̪ɛ at̪oɾɛ calaʔa.
গুহাে একটি পৈতৃক সম্পত্তি আছে।,There is a patrimony in the cave.,bʰugək̕ɾɛ bapɔɾi dʰɔn menaa.
তোমার যন্ত্রপাতি নতুন।,Your appliance is new.,amaʔ bandʰec̕ d̪ɔ nɔwaa.
সে চোখের পচা পদার্থ দেখবে।,He/she will see the rheum from the eyes.,uni d̪ɔ beɲd͡ʒak̕ ɲɛla.
সে সুযোগ ও রাখাল দেখবে।,He/she will see the chance and the shepherd.,uni d̪ɔ bʰəg aɾ bʰiɖi gupitic̕ ɲɛla.
আজ তুমি মোবাইল ফোন কিনে শহরে খেলবে।,"Today, you buy the mobile phone and then play in the town.",t̪eheɲɾɛ am mɔbaĭl pʰon kiɾiɲkat̪ɛ sɔhɔɽɾɛ gat̪ea.
সেই সময় তুমি মোবাইল ফোন দেখে বাড়িতে কাজ করবে।,"At that time, you see the mobile phone and then work in the house.",ɔkt̪ɛɾɛ am mɔbaĭl pʰon ɲɛlkat̪ɛ ɔɽaʔɾɛ kɘmia.
তুমি অকাল জন্ম দেখেছ।,You have seen the premature birth.,am d̪ɔ adpakolia ɲɛlakada.
তোমার অকাল জন্ম পরিষ্কার।,Your premature birth is clean.,amaʔ adpakolia d̪ɔ sapʰaa.
সে পূর্বপুরুষ দেখবে।,He/she will see the patriarch.,uni d̪ɔ əgil hapɽam ɲɛla.
তার ধানের খেত গুরুত্বপূর্ণ।,His/her rice field is important.,uniaʔ baɽge d̪ɔ ɟɘɾuɽa.
সকালে সে ভাষা পড়ে হ্রদে খেলবে।,"In the morning, he/she study the language and then play in the lake.",sɛt̪aʔɾɛ uni pɘɾsi paɽha͡o̯kat̪ɛ ɟɔlaɾɛ gat̪ea.
তারা বেঞ্চ দেখবে।,They will see the bench.,oŋko d̪ɔ beɲt͡ʃ ɲɛla.
কুয়ায় একটি মটরশুটি আছে।,There is a pea in the well.,kuɲɾɛ baʈɽa menaa.
"তারা খাবার খাবে, কিন্তু খাবার খাবে না।","They will eat the food, but do not eat the food.",oŋko d̪ɔ ɟɔmaʔ ɟɔma mɛnkʰan ɟɔmaʔ bako ɟɔma.
আজ সে ঘড়ি কিনে শহরে কাজ করবে।,"Today, he/she buy the watch and then work in the town.",t̪eheɲɾɛ uni gʰuɽi kiɾiɲkat̪ɛ sɔhɔɽɾɛ kɘmia.
কষ্টটি নতুন।,The distress is new.,alad͡ʒʰala d̪ɔ nɔwaa.
আমাদের হাত পরিষ্কার।,Our hand is clean.,alɛaʔ t̪i d̪ɔ sapʰaa.
নিকটবর্তী এলাকাে একটি ন্যায়বিচারের আবেদন আছে।,There is an appeal for justice in the vicinity.,aɖe ʈolaɾɛ əpʰil dohae̯ menaa.
সকালে তোমরা রান্না খেয়ে নদীতে খেলবে।,"In the morning, you all eat the cooked food and then play in the river.",sɛt̪aʔɾɛ apɛ basaŋ ɟɔmkat̪ɛ gaɖaɾɛ gat̪ea.
তোমার বর্ণ পরিষ্কার।,Your alphabet is clean.,amaʔ akʰɔɾ d̪ɔ sapʰaa.
তাদের বালতি পরিষ্কার।,Their bucket is clean.,oŋkoaʔ bəlʈi d̪ɔ sapʰaa.
তুমি বিকল্প দেখবে।,You will see the substitute.,am d̪ɔ bədli ɲɛla.
"আমরা পশুপাখির ডাক দেখব, কিন্তু লজ্জা দেখব না।","We will see the cry of beasts & c, but do not see the shame.",alɛ d̪ɔ aɳɖɾac̕ ɔɳɖɾɔc̕ ɲɛla mɛnkʰan bʰɔɾɔm balɛ ɲɛla.
তার জীবন নতুন।,His/her life is new.,uniaʔ ɟiŋgi d̪ɔ nɔwaa.
আড়ালে একটি টকশাক আছে।,There is a sorel in the covert.,ao̯tanɾɛ aɾak̕ kudɾum menaa.
তোমার শিকার পরিষ্কার।,Your prey is clean.,amaʔ aheɾ d̪ɔ sapʰaa.
গ্রামে একটি এক প্রজাতির কুঁচলা মাছ আছে।,There is an a species of eel in the village.,at̪oɾɛ bəmbi menaa.
তোমাদের চোখের পচা পদার্থ পরিষ্কার।,Your rheum from the eyes is clean.,apɛaʔ beɲd͡ʒak̕ d̪ɔ sapʰaa.
স্কুলে একটি অবশিষ্ট আছে।,There is a residue in the school.,iskulɾɛ bəɖɾə menaa.
সেই সময় আমি ভাষা লিখে গ্রামে খেলব।,"At that time, I write the language and then play in the village.",ɔkt̪ɛɾɛ iɲ pɘɾsi ɔlɔʔkat̪ɛ at̪oɾɛ gat̪ea.
গোখরো সাপটি ছোট।,The cobra is small.,ajaŋ bin d̪ɔ lɘʈua.
সকালে তারা ঘড়ি কিনে বাড়িতে কাজ করবে।,"In the morning, they buy the watch and then work in the house.",sɛt̪aʔɾɛ oŋko gʰuɽi kiɾiɲkat̪ɛ ɔɽaʔɾɛ kɘmia.
তোমরা বাষ্প ও ভাষা দেখবে।,You all will see the vapour and the language.,apɛ d̪ɔ bʰap aɾ pɘɾsi ɲɛla.
সকালে তারা ভাষা লিখে হ্রদে কাজ করবে।,"In the morning, they write the language and then work in the lake.",sɛt̪aʔɾɛ oŋko pɘɾsi ɔlɔʔkat̪ɛ ɟɔlaɾɛ kɘmia.
সেই সময় আমরা প্রকার দেখে কুয়ায় যাব।,"At that time, we see the kinds and then go to the well.",ɔkt̪ɛɾɛ alɛ bʰə̃t ɲɛlkat̪ɛ kuɲɾɛ calaʔa.
তার গুজব রটনাকারী পরিষ্কার।,His/her gossiping is clean.,uniaʔ bəd͡ʒniə̯ d̪ɔ sapʰaa.
সেই সময় তুমি বুদ্ধি দেখে গ্রামে কাজ করবে।,"At that time, you see the wisdom and then work in the village.",ɔkt̪ɛɾɛ am əkil ɲɛlkat̪ɛ at̪oɾɛ kɘmia.
আজ তারা খাবার কিনে শহরে খেলবে।,"Today, they buy the food and then play in the town.",t̪eheɲɾɛ oŋko ɟɔmaʔ kiɾiɲkat̪ɛ sɔhɔɽɾɛ gat̪ea.
স্কুলে একটি হাত আছে।,There is a hand in the school.,iskulɾɛ t̪i menaa.
বিদ্যুৎটি নতুন।,The lightning is new.,bid͡ʒli d̪ɔ nɔwaa.
আমরা উপভাষা দেখেছিলাম।,We saw the dialect.,alɛlɛ bahaka ɲɛlkeda.
"আমি টাকা পাব, কিন্তু ছবি পাব না।","I will get the money, but do not get the photo.",iɲ d̪ɔ ʈaka ɲama mɛnkʰan pʰɔʈɔ bɘɲ ɲama.
"তারা খাবার কিনবে, কিন্তু ঘড়ি কিনবে না।","They will buy the food, but do not buy the watch.",oŋko d̪ɔ ɟɔmaʔ kiɾiɲa mɛnkʰan gʰuɽi bako kiɾiɲa.
তাদের শহর গুরুত্বপূর্ণ।,Their town is important.,oŋkoaʔ sɔhɔɽ d̪ɔ ɟɘɾuɽa.
আজ আমরা ঘড়ি কিনে গ্রামে যাব।,"Today, we buy the watch and then go to the village.",t̪eheɲɾɛ alɛ gʰuɽi kiɾiɲkat̪ɛ at̪oɾɛ calaʔa.
আমার নির্গমন গুরুত্বপূর্ণ।,My emanation is important.,iɲaʔ əhlə d̪ɔ ɟɘɾuɽa.
আজ আমি ভাষা লিখে বাড়িতে কাজ করব।,"Today, I write the language and then work in the house.",t̪eheɲɾɛ iɲ pɘɾsi ɔlɔʔkat̪ɛ ɔɽaʔɾɛ kɘmia.
"আমি খাবার দেখব, কিন্তু সন্ধ্যাকাল দেখব না।","I will see the victuals, but do not see the eventide.",iɲ d̪ɔ aʈa saʈa ɲɛla mɛnkʰan əjup̕ pajaɾ bɘɲ ɲɛla.
শহরে একটি জোনাকি আছে।,There is a firefly in the town.,sɔhɔɽɾɛ bakd͡ʒunu menaa.
প্রেমালাপটি ভালো।,The flirting is good.,əŋgɾa d̪ɔ mɔ̃ɟa.
তোমার বাক্য নতুন।,Your sentence is new.,amaʔ ajat d̪ɔ nɔwaa.
গতকাল তোমরা পানি পান করে নদীতে যাবে।,"Yesterday, you all drink the water and then go to the river.",hɔlaɾɛ apɛ d̪aʔ ɲukat̪ɛ gaɖaɾɛ calaʔa.
আজ সে ঘড়ি কিনে কুয়ায় আসবে।,"Today, he/she buy the watch and then come to the well.",t̪eheɲɾɛ uni gʰuɽi kiɾiɲkat̪ɛ kuɲɾɛ hiɟuʔa.
পাড়াে একটি শেষ আছে।,There is an end in the neighbourhood.,aɖe paseɾɛ əkʰiɾ menaa.
আজ তোমরা দুধ পান করে বাড়িতে আসবে।,"Today, you all drink the milk and then come to the house.",t̪eheɲɾɛ apɛ t̪o̯͡a ɲukat̪ɛ ɔɽaʔɾɛ hiɟuʔa.
পাড়াে একটি অগ্রিম টাকা আছে।,There is an advance in the neighbourhood.,aɖe paseɾɛ bae̯na menaa.
বাসস্থানে একটি ধানের খেত আছে।,There is a rice field in the residence.,basaɾɛ baɽge menaa.
রক্তমূত্রটি পরিষ্কার।,The haematuria is clean.,aɾak̕ d͡ʒʰaɾ d̪ɔ sapʰaa.
তোমরা দেওয়াল দেখেছিলে।,You all saw the wall.,apɛpɛ bʰit ɲɛlkeda.
গতকাল তারা রান্না খেয়ে গ্রামে যাবে।,"Yesterday, they eat the cooked food and then go to the village.",hɔlaɾɛ oŋko basaŋ ɟɔmkat̪ɛ at̪oɾɛ calaʔa.
গতকাল তুমি কথা পড়ে বাড়িতে খেলবে।,"Yesterday, you study the word and then play in the house.",hɔlaɾɛ am kat̪ʰa paɽha͡o̯kat̪ɛ ɔɽaʔɾɛ gat̪ea.
সেই সময় তোমরা মধু খেয়ে নদীতে যাবে।,"At that time, you all eat the honey and then go to the river.",ɔkt̪ɛɾɛ apɛ ɲɛlɛɾasa ɟɔmkat̪ɛ gaɖaɾɛ calaʔa.
একটি বামন শহরে আছে।,One dwarf is in the town.,mit̪ʔʈɛn bãoɽã d̪ɔ sɔhɔɽɾɛ menaa.
সেই সময় তোমরা খাবার কিনে শহরে খেলবে।,"At that time, you all buy the food and then play in the town.",ɔkt̪ɛɾɛ apɛ ɟɔmaʔ kiɾiɲkat̪ɛ sɔhɔɽɾɛ gat̪ea.
আমাদের পোশাক ভালো।,Our attire is good.,alɛaʔ bʰagwa d̪ɔ mɔ̃ɟa.
ইংল্যান্ডে একটি বকেয়া আছে।,There is an arrears in the england.,bilətɾɛ bəki menaa.
তোমরা সুতা দেখবে না।,You all do not see the twine.,apɛ d̪ɔ babeɾ bapɛ ɲɛla.
আজ তারা রান্না খেয়ে হ্রদে খেলবে।,"Today, they eat the cooked food and then play in the lake.",t̪eheɲɾɛ oŋko basaŋ ɟɔmkat̪ɛ ɟɔlaɾɛ gat̪ea.
আমাদের হ্রদ ভালো।,Our lake is good.,alɛaʔ ɟɔla d̪ɔ mɔ̃ɟa.
সকালে তারা পাঠ পড়ে স্কুলে আসবে।,"In the morning, they study the lesson and then come to the school.",sɛt̪aʔɾɛ oŋko sikʰnɘt̪ paɽha͡o̯kat̪ɛ iskulɾɛ hiɟuʔa.
বিস্তীর্ণ ভূমিে একটি শিশু আছে।,There is a child in the wide expanse of land.,bilənɾɛ gid̪ɾɘ menaa.
আমার সময় গুরুত্বপূর্ণ।,My time is important.,iɲaʔ ɔkt̪ɛ d̪ɔ ɟɘɾuɽa.
তোমাদের হ্রদ গুরুত্বপূর্ণ।,Your lake is important.,apɛaʔ ɟɔla d̪ɔ ɟɘɾuɽa.
আজ সে দুধ পান করে নদীতে কাজ করবে।,"Today, he/she drink the milk and then work in the river.",t̪eheɲɾɛ uni t̪o̯͡a ɲukat̪ɛ gaɖaɾɛ kɘmia.
ভ্রাতৃত্ব অনুষ্ঠানটি নতুন।,The brotherhood ceremony is new.,bã̠ihə̃ d̪ɔ nɔwaa.
গতকাল তারা মধু খেয়ে বাড়িতে খেলবে।,"Yesterday, they eat the honey and then play in the house.",hɔlaɾɛ oŋko ɲɛlɛɾasa ɟɔmkat̪ɛ ɔɽaʔɾɛ gat̪ea.
আজ আমরা উদ্বৃত্ত দেখে গ্রামে আসব।,"Today, we see the surplus and then come to the village.",t̪eheɲɾɛ alɛ bətil ɲɛlkat̪ɛ at̪oɾɛ hiɟuʔa.
তাদের শেষ গুরুত্বপূর্ণ।,Their end is important.,oŋkoaʔ əkʰiɾ d̪ɔ ɟɘɾuɽa.
সেই সময় আমি ফুলের মালা দেখে নদীতে খেলব।,"At that time, I see the garland of flowers and then play in the river.",ɔkt̪ɛɾɛ iɲ baha mala ɲɛlkat̪ɛ gaɖaɾɛ gat̪ea.
তারা দুই দেখেছিল।,They saw the two.,oŋkoko baɾ ɲɛlkeda.
সকালে আমি চুল্লি দেখে কুয়ায় খেলব।,"In the morning, I see the furnace and then play in the well.",sɛt̪aʔɾɛ iɲ bʰaʈa ɲɛlkat̪ɛ kuɲɾɛ gat̪ea.
সেই সময় তোমরা ভাষা লিখে হ্রদে খেলবে।,"At that time, you all write the language and then play in the lake.",ɔkt̪ɛɾɛ apɛ pɘɾsi ɔlɔʔkat̪ɛ ɟɔlaɾɛ gat̪ea.
আমি টাকা ও ফুল দেখব।,I will see the money and the flower.,iɲ d̪ɔ ʈaka aɾ baha ɲɛla.
সেই সময় আমরা খাবার খেয়ে বাড়িতে কাজ করব।,"At that time, we eat the food and then work in the house.",ɔkt̪ɛɾɛ alɛ ɟɔmaʔ ɟɔmkat̪ɛ ɔɽaʔɾɛ kɘmia.
আমি সিস্ট টিউমার দেখেছিলাম।,I saw the cystic tumour.,iɲiɲ batoɾi ɲɛlkeda.
তুমি কয়েকদিন দেখবে।,You will see the few days.,am d̪ɔ əɾsiɲ bəɾsiɲ ɲɛla.
আমরা জট পাকানো দেখেছিলাম।,We saw the jumble.,alɛlɛ beɲd͡ʒaɲ biɲd͡ʒiɲ ɲɛlkeda.
সন্ধ্যাকালটি ভালো।,The eventide is good.,əjup̕ pajaɾ d̪ɔ mɔ̃ɟa.
তুমি আমড়া দেখবে না।,You do not see the hog plum.,am d̪ɔ amɽa bam ɲɛla.
নিকটবর্তী এলাকাে একটি কিশোর আছে।,There is a hobbledehoy in the vicinity.,aɖe ʈolaɾɛ bat͡ʃʰɽa koɽa menaa.
বাড়িতে একটি মুহূর্ত আছে।,There is a moment in the house.,ɔɽaʔɾɛ abʰeɽ menaa.
তোমরা মশাল দেখবে।,You all will see the torch.,apɛ d̪ɔ bambeɾ ɲɛla.
সেই সময় সে পাঠ পড়ে স্কুলে আসবে।,"At that time, he/she study the lesson and then come to the school.",ɔkt̪ɛɾɛ uni sikʰnɘt̪ paɽha͡o̯kat̪ɛ iskulɾɛ hiɟuʔa.
গতকাল তুমি পাঠ পড়ে নদীতে আসবে।,"Yesterday, you study the lesson and then come to the river.",hɔlaɾɛ am sikʰnɘt̪ paɽha͡o̯kat̪ɛ gaɖaɾɛ hiɟuʔa.
"সে মোবাইল ফোন বিক্রি করবে, কিন্তু মোবাইল ফোন বিক্রি করবে না।","He/she will sell the mobile phone, but does not sell the mobile phone.",uni d̪ɔ mɔbaĭl pʰon ɘkʰɾiɲa mɛnkʰan mɔbaĭl pʰon bai̯ ɘkʰɾiɲa.
নদীতে একটি টাকা আছে।,There is a money in the river.,gaɖaɾɛ ʈaka menaa.
বধিরতাটি নতুন।,The deafness is new.,bəhiɾ bəi̯ d̪ɔ nɔwaa.
সকালে তোমরা বালতি দেখে বাড়িতে কাজ করবে।,"In the morning, you all see the bucket and then work in the house.",sɛt̪aʔɾɛ apɛ bəlʈi ɲɛlkat̪ɛ ɔɽaʔɾɛ kɘmia.
"আমি বুদ্ধি দেখব, কিন্তু বেত গাছ দেখব না।","I will see the wisdom, but do not see the rattan.",iɲ d̪ɔ əkil ɲɛla mɛnkʰan bɛ̃t bɘɲ ɲɛla.
শহরে একটি বেঁকানো যন্ত্র আছে।,There is a brace for boring in the town.,sɔhɔɽɾɛ bʰãoɾa menaa.
ইংল্যান্ডে একটি মানুষ আছে।,There is a person in the england.,bilətɾɛ hɔɽ menaa.
নিকটবর্তী এলাকাে একটি বন্ধকী আছে।,There is a mortgage in the vicinity.,aɖe ʈolaɾɛ bəndki menaa.
"সে মানুষ সাহায্য করবে, কিন্তু বাবা সাহায্য করবে না।","He/she will help the person, but does not help the father.",uni d̪ɔ hɔɽ gɔɽɔa mɛnkʰan baba bai̯ gɔɽɔa.
তোমার ভেড়ার বাচ্চা ভালো।,Your lamb is good.,amaʔ bʰiɖi hɔpɔn d̪ɔ mɔ̃ɟa.
গতকাল তোমরা চুক্তি দেখে কুয়ায় খেলবে।,"Yesterday, you all see the contract and then play in the well.",hɔlaɾɛ apɛ bandʰɔn ɲɛlkat̪ɛ kuɲɾɛ gat̪ea.
তোমাদের গাছের ছাল ভালো।,Your bark of tree is good.,apɛaʔ baklak̕ d̪ɔ mɔ̃ɟa.
বকেয়াটি ভালো।,The arrears is good.,bəki d̪ɔ mɔ̃ɟa.
আমার পৈতৃক সম্পত্তি গুরুত্বপূর্ণ।,My paternal estate is important.,iɲaʔ bapɔti dʰo d̪ɔ ɟɘɾuɽa.
তার উল নতুন।,His/her wool is new.,uniaʔ bʰiɖi up̕ d̪ɔ nɔwaa.
হ্রদে একটি বাড়ি আছে।,There is a house in the lake.,ɟɔlaɾɛ ɔɽaʔ menaa.
পাড়াে একটি অংশীদার আছে।,There is a partner in the neighbourhood.,aɖe paseɾɛ bʰəgiə̯ɾi menaa.
তারা পোশাক ও লজ্জা দেখবে।,They will see the attire and the shame.,oŋko d̪ɔ bʰagwa aɾ bʰɔɾɔm ɲɛla.
সেই সময় আমি পাঠ পড়ে নদীতে আসব।,"At that time, I study the lesson and then come to the river.",ɔkt̪ɛɾɛ iɲ sikʰnɘt̪ paɽha͡o̯kat̪ɛ gaɖaɾɛ hiɟuʔa.
তাদের ধনুক নতুন।,Their bow is new.,oŋkoaʔ ak̕ d̪ɔ nɔwaa.
নিকটবর্তী এলাকাে একটি এক তোলা আছে।,There is an one tola in the vicinity.,aɖe ʈolaɾɛ bʰoɾi menaa.
গতকাল সে কথা পড়ে হ্রদে কাজ করবে।,"Yesterday, he/she study the word and then work in the lake.",hɔlaɾɛ uni kat̪ʰa paɽha͡o̯kat̪ɛ ɟɔlaɾɛ kɘmia.
বাসস্থানে একটি তুরহী আছে।,There is a trumpet in the residence.,basaɾɛ bakea̯ menaa.
সকালে সে কথা পড়ে শহরে আসবে।,"In the morning, he/she study the word and then come to the town.",sɛt̪aʔɾɛ uni kat̪ʰa paɽha͡o̯kat̪ɛ sɔhɔɽɾɛ hiɟuʔa.
বাসস্থানে একটি উপভাষা আছে।,There is a dialect in the dwelling place.,basɾɛ bahaka menaa.
নিকটবর্তী এলাকাে একটি আয়না আছে।,There is a mirror in the vicinity.,aɖe ʈolaɾɛ əɾsi menaa.
"সে ভবিষ্যৎ দেখবে, কিন্তু শক্তি দেখবে না।","He/she will see the future, but does not see the force.",uni d̪ɔ agam ɲɛla mɛnkʰan ad͡ʒʰãʈ bai̯ ɲɛla.
তার শিশু ছোট।,His/her baby is small.,uniaʔ bale d̪ɔ lɘʈua.
আমি ব্যাঙের ডাক দেখব না।,I do not see the croak of frogs.,iɲ d̪ɔ bɛbɛ bɘɲ ɲɛla.
পোশাকটি ভালো।,The apparel is good.,ahɾan pahaɾand d̪ɔ mɔ̃ɟa.
সেই সময় তোমরা রান্না খেয়ে নদীতে কাজ করবে।,"At that time, you all eat the cooked food and then work in the river.",ɔkt̪ɛɾɛ apɛ basaŋ ɟɔmkat̪ɛ gaɖaɾɛ kɘmia.
তুমি পশুপাখির ডাক ও ছুতার দেখবে।,You will see the cry of beasts & c and the carpenter.,am d̪ɔ aɳɖɾac̕ ɔɳɖɾɔc̕ aɾ bəɖʰi ɲɛla.
তোমরা দাদি ও পরিমাপ দেখবে।,You all will see the grandmother and the measure.,apɛ d̪ɔ əd͡ʒi aɾ ae̯ ɲɛla.
আজ তুমি ভাষা লিখে হ্রদে যাবে।,"Today, you write the language and then go to the lake.",t̪eheɲɾɛ am pɘɾsi ɔlɔʔkat̪ɛ ɟɔlaɾɛ calaʔa.
গুহাে একটি আশা আছে।,There is an expectation in the cave.,bʰugək̕ɾɛ as menaa.
বড় ইঁদুরটি ভালো।,The bandicoot rat is good.,bʰus goɖo d̪ɔ mɔ̃ɟa.
বাসস্থানে একটি বিকার আছে।,There is a delirium in the residence.,basaɾɛ bəi̯ menaa.
সেই সময় তারা খাবার কিনে নদীতে খেলবে।,"At that time, they buy the food and then play in the river.",ɔkt̪ɛɾɛ oŋko ɟɔmaʔ kiɾiɲkat̪ɛ gaɖaɾɛ gat̪ea.
সকালে তারা খাবার খেয়ে স্কুলে কাজ করবে।,"In the morning, they eat the food and then work in the school.",sɛt̪aʔɾɛ oŋko ɟɔmaʔ ɟɔmkat̪ɛ iskulɾɛ kɘmia.
তোমরা কথা ও কয়েকদিন দেখবে।,You all will see the word and the few days.,apɛ d̪ɔ kat̪ʰa aɾ əɾsiɲ bəɾsiɲ ɲɛla.
সে এক তোলা দেখবে না।,He/she does not see the one tola.,uni d̪ɔ bʰoɾi bai̯ ɲɛla.
তাদের আড়াল গুরুত্বপূর্ণ।,Their covert is important.,oŋkoaʔ ao̯tan d̪ɔ ɟɘɾuɽa.
সে এক তোলা দেখেছে।,He/she has seen the one tola.,uni d̪ɔ bʰoɾi ɲɛlakada.
বাসস্থানে একটি ফল পাকা আছে।,There is a mellowing in the residence.,basaɾɛ aɾaɾao̯k̕ menaa.
আজ সে মোবাইল ফোন কিনে স্কুলে যাবে।,"Today, he/she buy the mobile phone and then go to the school.",t̪eheɲɾɛ uni mɔbaĭl pʰon kiɾiɲkat̪ɛ iskulɾɛ calaʔa.
"আমি জোয়াল দেখব, কিন্তু দম্ভ দেখব না।","I will see the yoke, but do not see the boasting.",iɲ d̪ɔ aɾãɽ ɲɛla mɛnkʰan bakʰaɾa bɘɲ ɲɛla.
তোমরা হিসাব দেখবে না।,You all do not see the account.,apɛ d̪ɔ bil bapɛ ɲɛla.
পরজীবী উদ্ভিদটি ভালো।,The parasitic plant is good.,alagd͡ʒəɽi d̪ɔ mɔ̃ɟa.
তারা জোর খাটানো শ্রম ও দল দেখবে।,They will see the forced labour and the group.,oŋko d̪ɔ begaɾ aɾ aɖa ɲɛla.
দোহনের পাত্রটি নতুন।,The milking pot is new.,bʰaɳɖ d̪ɔ nɔwaa.
সে কাঁকড়া দেখেছে।,He/she has seen the crayfish.,uni d̪ɔ bə̃uɳɖi ɲɛlakada.
সে ফুলের বৃতি দেখেছে।,He/she has seen the calyx of flower.,uni d̪ɔ bɛnɛt ɲɛlakada.
তারা দেবতা ও বেল্টের ক্ল্যাপ দেখবে।,They will see the deity and the belt clasp.,oŋko d̪ɔ bʰokta aɾ bəkuk̕ ɲɛla.
তার ভাষা ভালো।,His/her language is good.,uniaʔ pɘɾsi d̪ɔ mɔ̃ɟa.
পদ্যটি ভালো।,The verse is good.,ae̯t d̪ɔ mɔ̃ɟa.
শহরে একটি বন্যা আছে।,There is a flood in the town.,sɔhɔɽɾɛ bəd menaa.
গতকাল আমি বাজার দেখে নদীতে খেলব।,"Yesterday, I see the bazaar and then play in the river.",hɔlaɾɛ iɲ bad͡ʒaɾ ɲɛlkat̪ɛ gaɖaɾɛ gat̪ea.
গুহাে একটি গুপ্তচর আছে।,There is a spy in the cave.,bʰugək̕ɾɛ baʈ paɽ menaa.
গ্রামে একটি বাচ্চা ঘোড়া আছে।,There is a colt in the village.,at̪oɾɛ bat͡ʃʰaɽa sadɔm menaa.
তোমরা করতাল দেখবে।,You all will see the cymbals.,apɛ d̪ɔ bad͡ʒna ɲɛla.
গুড়ের চিনিটি পরিষ্কার।,The crystallized raw sugar is clean.,bəli guɽ d̪ɔ sapʰaa.
সেই সময় সে সেবা দেখে নদীতে যাবে।,"At that time, he/she see the service and then go to the river.",ɔkt̪ɛɾɛ uni aŋgɾa ɲɛlkat̪ɛ gaɖaɾɛ calaʔa.
তার ছেলে ভালো।,His/her boy is good.,uniaʔ bəbu d̪ɔ mɔ̃ɟa.
যন্ত্রপাতিটি ভালো।,The appliance is good.,bandʰec̕ d̪ɔ mɔ̃ɟa.
গতকাল সে ভাষা পড়ে স্কুলে যাবে।,"Yesterday, he/she study the language and then go to the school.",hɔlaɾɛ uni pɘɾsi paɽha͡o̯kat̪ɛ iskulɾɛ calaʔa.
ইংল্যান্ডে একটি ভেড়ার মাংস আছে।,There is a mutton in the england.,bilətɾɛ bʰiɖi d͡ʒel menaa.
আমাদের এক ধরনের বাদ্যযন্ত্র নতুন।,Our a kind of fiddle is new.,alɛaʔ banam d̪ɔ nɔwaa.
সেই সময় আমি দুধ পান করে গ্রামে কাজ করব।,"At that time, I drink the milk and then work in the village.",ɔkt̪ɛɾɛ iɲ t̪o̯͡a ɲukat̪ɛ at̪oɾɛ kɘmia.
সেই সময় সে ঘড়ি কিনে হ্রদে কাজ করবে।,"At that time, he/she buy the watch and then work in the lake.",ɔkt̪ɛɾɛ uni gʰuɽi kiɾiɲkat̪ɛ ɟɔlaɾɛ kɘmia.
তোমরা বাজার দেখবে।,You all will see the bazaar.,apɛ d̪ɔ bad͡ʒaɾ ɲɛla.
তোমরা বাদাম ও বিনিময় দেখবে।,You all will see the almond and the exchange.,apɛ d̪ɔ badam d͡ʒɔ aɾ badla ɲɛla.
আজ আমরা মাছ কিনে শহরে যাব।,"Today, we buy the fish and then go to the town.",t̪eheɲɾɛ alɛ haku kiɾiɲkat̪ɛ sɔhɔɽɾɛ calaʔa.
গাঁটটি পরিষ্কার।,The bale is clean.,bʰiɳɖ d̪ɔ sapʰaa.
তোমার বাহুবন্ধনী পরিষ্কার।,Your armlet is clean.,amaʔ bəd͡ʒu d̪ɔ sapʰaa.
সেই সময় সে উত্তরাধিকারী দেখে স্কুলে খেলবে।,"At that time, he/she see the heir and then play in the school.",ɔkt̪ɛɾɛ uni awəsi ɲɛlkat̪ɛ iskulɾɛ gat̪ea.
তোমরা পিঁপড়া দেখবে না।,You all do not see the ant.,apɛ d̪ɔ muc̚ʔ bapɛ ɲɛla.
সুতাটি গুরুত্বপূর্ণ।,The twine is important.,babeɾ d̪ɔ ɟɘɾuɽa.
সে অজুহাত ও উদ্বৃত্ত দেখবে।,He/she will see the excuse and the surplus.,uni d̪ɔ aɾd͡ʒaəɾd͡ʒi aɾ bətil ɲɛla.
নক্ষত্রমণ্ডলটি নতুন।,The constellation is new.,ãɾgɔm d̪ɔ nɔwaa.
তারা বিবাহের শোভাযাত্রা দেখবে।,They will see the marriage procession.,oŋko d̪ɔ bəɾiə̯t ɲɛla.
দামটি পরিষ্কার।,The price is clean.,bʰao̯ d̪ɔ sapʰaa.
আমি নারী দেখেছি।,I have seen the woman.,iɲ d̪ɔ əi̯məi̯ ɲɛlakada.
তোমরা গবাদিপশুর পাতলা পায়খানা ও অভ্র দেখবে।,You all will see the scouring in cattle and the mica.,apɛ d̪ɔ aɽhəi̯ə aɾ abɾak ɲɛla.
গতকাল আমরা আসা-যাওয়া দেখে নদীতে কাজ করব।,"Yesterday, we see the coming & going and then work in the river.",hɔlaɾɛ alɛ ana gona ɲɛlkat̪ɛ gaɖaɾɛ kɘmia.
তুমি চুক্তি দেখেছ।,You have seen the contract.,am d̪ɔ bandʰɔn ɲɛlakada.
স্কুলে একটি বিবাহের শোভাযাত্রা আছে।,There is a marriage procession in the school.,iskulɾɛ bəɾiə̯t menaa.
"তারা ভান দেখবে, কিন্তু ভূত দেখবে না।","They will see the pretence, but do not see the demon.",oŋko d̪ɔ aɽsa ɲɛla mɛnkʰan bʰut bako ɲɛla.
আজ তুমি ঔষধ কিনে হ্রদে যাবে।,"Today, you buy the medicine and then go to the lake.",t̪eheɲɾɛ am ɾan kiɾiɲkat̪ɛ ɟɔlaɾɛ calaʔa.
তাদের গান নতুন।,Their song is new.,oŋkoaʔ seɾeɲ d̪ɔ nɔwaa.
শহরে একটি মশাল আছে।,There is a torch in the town.,sɔhɔɽɾɛ bambeɾ menaa.
"সে ঘড়ি বিক্রি করবে, কিন্তু মাছ বিক্রি করবে না।","He/she will sell the watch, but does not sell the fish.",uni d̪ɔ gʰuɽi ɘkʰɾiɲa mɛnkʰan haku bai̯ ɘkʰɾiɲa.
তাদের বিবাহ নতুন।,Their marriage is new.,oŋkoaʔ bapla d̪ɔ nɔwaa.
গতকাল তারা ঔষধ কিনে হ্রদে খেলবে।,"Yesterday, they buy the medicine and then play in the lake.",hɔlaɾɛ oŋko ɾan kiɾiɲkat̪ɛ ɟɔlaɾɛ gat̪ea.
"তোমরা টাকা পাবে, কিন্তু ঔষধ পাবে না।","You all will get the money, but do not get the medicine.",apɛ d̪ɔ ʈaka ɲama mɛnkʰan ɾan bapɛ ɲama.
"তারা ঔষধ কিনবে, কিন্তু ঘড়ি কিনবে না।","They will buy the medicine, but do not buy the watch.",oŋko d̪ɔ ɾan kiɾiɲa mɛnkʰan gʰuɽi bako kiɾiɲa.
আজ তুমি ঘড়ি কিনে নদীতে আসবে।,"Today, you buy the watch and then come to the river.",t̪eheɲɾɛ am gʰuɽi kiɾiɲkat̪ɛ gaɖaɾɛ hiɟuʔa.
গুজব রটনাকারীটি ভালো।,The gossiping is good.,bəd͡ʒniə̯ d̪ɔ mɔ̃ɟa.
তুমি অসুস্থতা দেখবে।,You will see the sickness.,am d̪ɔ bigʰin ɲɛla.
সকালে তুমি রান্না খেয়ে কুয়ায় আসবে।,"In the morning, you eat the cooked food and then come to the well.",sɛt̪aʔɾɛ am basaŋ ɟɔmkat̪ɛ kuɲɾɛ hiɟuʔa.
আমাদের খাবার ভালো।,Our food is good.,alɛaʔ ɟɔmaʔ d̪ɔ mɔ̃ɟa.
তোমার মোবাইল ফোন নতুন।,Your mobile phone is new.,amaʔ mɔbaĭl pʰon d̪ɔ nɔwaa.
তোমরা ব্রাহ্মণ ও পোশাক দেখবে।,You all will see the brahman and the attire.,apɛ d̪ɔ babɾẽ aɾ bʰagwa ɲɛla.
সেই সময় তুমি ঘড়ি কিনে হ্রদে আসবে।,"At that time, you buy the watch and then come to the lake.",ɔkt̪ɛɾɛ am gʰuɽi kiɾiɲkat̪ɛ ɟɔlaɾɛ hiɟuʔa.
সেই সময় তারা কথা পড়ে স্কুলে যাবে।,"At that time, they study the word and then go to the school.",ɔkt̪ɛɾɛ oŋko kat̪ʰa paɽha͡o̯kat̪ɛ iskulɾɛ calaʔa.
অর্জনটি ভালো।,The gain is good.,ae̯ upəi̯ d̪ɔ mɔ̃ɟa.
সকালে আমরা ঔষধ কিনে স্কুলে আসব।,"In the morning, we buy the medicine and then come to the school.",sɛt̪aʔɾɛ alɛ ɾan kiɾiɲkat̪ɛ iskulɾɛ hiɟuʔa.
পাড়াে একটি দুর্যোগ আছে।,There is a calmity in the neighbourhood.,aɖe paseɾɛ apʰoti menaa.
আমরা তাঁতের পোড়েন ও নেতিবাচক দেখব।,We will see the woof and the negative.,alɛ d̪ɔ bʰaɾna aɾ baŋ ɲɛla.
তারা কাজ দেখেছে।,They have seen the occupation.,oŋko d̪ɔ bʰɛd ɲɛlakada.
সেই সময় তোমরা খাবার কিনে নদীতে যাবে।,"At that time, you all buy the food and then go to the river.",ɔkt̪ɛɾɛ apɛ ɟɔmaʔ kiɾiɲkat̪ɛ gaɖaɾɛ calaʔa.
সকালে আমরা মাছ খেয়ে স্কুলে আসব।,"In the morning, we eat the fish and then come to the school.",sɛt̪aʔɾɛ alɛ haku ɟɔmkat̪ɛ iskulɾɛ hiɟuʔa.
"সে গ্রাম দেখবে, কিন্তু প্রণয়ভঙ্গি দেখবে না।","He/she will see the village, but does not see the coquetry.",uni d̪ɔ ato ɲɛla mɛnkʰan əngɾa bai̯ ɲɛla.
আজ তুমি মাছ কিনে নদীতে আসবে।,"Today, you buy the fish and then come to the river.",t̪eheɲɾɛ am haku kiɾiɲkat̪ɛ gaɖaɾɛ hiɟuʔa.
তারা বেগুন ও পবিত্র সিন্দুক দেখবে।,They will see the brinjal and the ark of the covenant.,oŋko d̪ɔ beŋgaɾ aɾ ən sunduk ɲɛla.
তাদের সুযোগ গুরুত্বপূর্ণ।,Their chance is important.,oŋkoaʔ bʰəg d̪ɔ ɟɘɾuɽa.
আমি সম্পদ ও শিলাবৃষ্টি দেখব।,I will see the wealth and the hail.,iɲ d̪ɔ at͡ʃel aɾ aɾel ɲɛla.
"আমি মাছ বিক্রি করব, কিন্তু মাছ বিক্রি করব না।","I will sell the fish, but do not sell the fish.",iɲ d̪ɔ haku ɘkʰɾiɲa mɛnkʰan haku bɘɲ ɘkʰɾiɲa.
গতকাল তারা পানি পান করে কুয়ায় যাবে।,"Yesterday, they drink the water and then go to the well.",hɔlaɾɛ oŋko d̪aʔ ɲukat̪ɛ kuɲɾɛ calaʔa.
গতকাল আমি দুধ পান করে হ্রদে যাব।,"Yesterday, I drink the milk and then go to the lake.",hɔlaɾɛ iɲ t̪o̯͡a ɲukat̪ɛ ɟɔlaɾɛ calaʔa.
শহরে একটি পাঠ আছে।,There is a lesson in the town.,sɔhɔɽɾɛ sikʰnɘt̪ menaa.
ইংল্যান্ডে একটি সূর্য আছে।,There is a sun in the england.,bilətɾɛ bela menaa.
আজ তারা কথা লিখে কুয়ায় আসবে।,"Today, they write the word and then come to the well.",t̪eheɲɾɛ oŋko kat̪ʰa ɔlɔʔkat̪ɛ kuɲɾɛ hiɟuʔa.
তোমরা গরু ডাকার শব্দ দেখবে না।,You all do not see the cattle call.,apɛ d̪ɔ bihet̕ bapɛ ɲɛla.
সেই সময় আমরা মাছ খেয়ে শহরে আসব।,"At that time, we eat the fish and then come to the town.",ɔkt̪ɛɾɛ alɛ haku ɟɔmkat̪ɛ sɔhɔɽɾɛ hiɟuʔa.
আমি বেল্টের ক্ল্যাপ দেখেছি।,I have seen the belt clasp.,iɲ d̪ɔ bəkuk̕ ɲɛlakada.
তোমরা নেতিবাচক দেখেছ।,You all have seen the negative.,apɛ d̪ɔ baŋ ɲɛlakada.
তারা অন্ধ ভয় দেখবে।,They will see the superstitious fear.,oŋko d̪ɔ bʰae̯ ɲɛla.
সকালে তোমরা তুরহী দেখে বাড়িতে আসবে।,"In the morning, you all see the trumpet and then come to the house.",sɛt̪aʔɾɛ apɛ bakea̯ ɲɛlkat̪ɛ ɔɽaʔɾɛ hiɟuʔa.
সময়কালটি নতুন।,The period is new.,ãʈɾe d̪ɔ nɔwaa.
বাড়িতে একটি আড়াল আছে।,There is a covert in the house.,ɔɽaʔɾɛ ao̯tan menaa.
সুযোগটি ভালো।,The chance is good.,bʰəg d̪ɔ mɔ̃ɟa.
গতকাল সে আশা দেখে নদীতে কাজ করবে।,"Yesterday, he/she see the expectation and then work in the river.",hɔlaɾɛ uni as ɲɛlkat̪ɛ gaɖaɾɛ kɘmia.
আমার জট পাকানো নতুন।,My jumble is new.,iɲaʔ beɲd͡ʒaɲ biɲd͡ʒiɲ d̪ɔ nɔwaa.
সকালে সে মাছ খেয়ে বাড়িতে কাজ করবে।,"In the morning, he/she eat the fish and then work in the house.",sɛt̪aʔɾɛ uni haku ɟɔmkat̪ɛ ɔɽaʔɾɛ kɘmia.
"তারা সহ্যশক্তি দেখবে, কিন্তু পবিত্র সিন্দুক দেখবে না।","They will see the stamina, but do not see the ark of the covenant.",oŋko d̪ɔ bʰẹd͡ʒ ɲɛla mɛnkʰan ən sunduk bako ɲɛla.
তোমার মা ছোট।,Your mother is small.,amaʔ ajo d̪ɔ lɘʈua.
আমরা রীতি ও দাদা দেখব।,We will see the custom and the grandfather.,alɛ d̪ɔ bebohaɾ aɾ ad͡ʒa ɲɛla.
সেই সময় আমি পরিমাপ দেখে নদীতে যাব।,"At that time, I see the measure and then go to the river.",ɔkt̪ɛɾɛ iɲ ae̯ ɲɛlkat̪ɛ gaɖaɾɛ calaʔa.
তোমরা নভেম্বর–ডিসেম্বর দেখবে না।,You all do not see the november–december.,apɛ d̪ɔ agʰãɽ bapɛ ɲɛla.
তারা ভবিষ্যৎ ও কষ্ট দেখবে।,They will see the future and the suffering.,oŋko d̪ɔ agam aɾ bidot ɲɛla.
তোমরা মোবাইল ফোন দেখেছ।,You all have seen the mobile phone.,apɛ d̪ɔ mɔbaĭl pʰon ɲɛlakada.
বিস্তীর্ণ ভূমিে একটি ভাই আছে।,There is a brother in the wide expanse of land.,bilənɾɛ bɔ͡i̯ha menaa.
সকালে সে পানি পান করে কুয়ায় আসবে।,"In the morning, he/she drink the water and then come to the well.",sɛt̪aʔɾɛ uni d̪aʔ ɲukat̪ɛ kuɲɾɛ hiɟuʔa.
গতকাল তুমি উপভাষা দেখে বাড়িতে যাবে।,"Yesterday, you see the dialect and then go to the house.",hɔlaɾɛ am bahaka ɲɛlkat̪ɛ ɔɽaʔɾɛ calaʔa.
তারা পিঁপড়া দেখবে।,They will see the ant.,oŋko d̪ɔ muc̚ʔ ɲɛla.
সকালে সে রান্না খেয়ে কুয়ায় আসবে।,"In the morning, he/she eat the cooked food and then come to the well.",sɛt̪aʔɾɛ uni basaŋ ɟɔmkat̪ɛ kuɲɾɛ hiɟuʔa.
তোমার এক তোলা ভালো।,Your one tola is good.,amaʔ bʰoɾi d̪ɔ mɔ̃ɟa.
খাবারটি পরিষ্কার।,The victuals is clean.,aʈa saʈa d̪ɔ sapʰaa.
আমরা মোবাইল ফোন ও ঔষধ কিনব।,We will buy the mobile phone and the medicine.,alɛ d̪ɔ mɔbaĭl pʰon aɾ ɾan kiɾiɲa.
গতকাল তুমি দুধ পান করে স্কুলে যাবে।,"Yesterday, you drink the milk and then go to the school.",hɔlaɾɛ am t̪o̯͡a ɲukat̪ɛ iskulɾɛ calaʔa.
আমরা গুড়গুড় শব্দ দেখব না।,We do not see the rumbling sound.,alɛ d̪ɔ aʈap̕ uʈup̕ balɛ ɲɛla.
হ্রদে একটি নিকটবর্তী এলাকা আছে।,There is a vicinity in the lake.,ɟɔlaɾɛ aɖe ʈola menaa.
সকালে তোমরা দুধ পান করে গ্রামে যাবে।,"In the morning, you all drink the milk and then go to the village.",sɛt̪aʔɾɛ apɛ t̪o̯͡a ɲukat̪ɛ at̪oɾɛ calaʔa.
আমি আচরণ ও ভালোবাসা দেখব।,I will see the conduct and the love.,iɲ d̪ɔ at͡ʃaɾ beo̯haɾ aɾ bʰad ɲɛla.
সে ছোট কুঠার দেখেছিল।,He/she saw the small adze.,unii̯ bəslə ɲɛlkeda.
পাড়াে একটি বাহু আছে।,There is an arm in the neighbourhood.,aɖe paseɾɛ bə̃hi menaa.
স্কুলে একটি মাথা ঘোরা আছে।,There is a vertigo in the school.,iskulɾɛ bʰãoɾi menaa.
"তুমি মাছ বিক্রি করবে, কিন্তু ঘড়ি বিক্রি করবে না।","You will sell the fish, but do not sell the watch.",am d̪ɔ haku ɘkʰɾiɲa mɛnkʰan gʰuɽi bam ɘkʰɾiɲa.
তারা ফার্ন গাছ ও ওয়ারেন্ট দেখবে।,They will see the fern and the warrant.,oŋko d̪ɔ badgot͡ʃak̕ aɾ aɾoɳʈ ɲɛla.
দম্ভটি ভালো।,The boasting is good.,bakʰaɾa d̪ɔ mɔ̃ɟa.
আমাদের লজ্জা পরিষ্কার।,Our shame is clean.,alɛaʔ bʰɔɾɔm d̪ɔ sapʰaa.
আমি বধিরতা দেখব।,I will see the deafness.,iɲ d̪ɔ bəhiɾ bəi̯ ɲɛla.
তুমি মটরশুটি দেখবে না।,You do not see the pea.,am d̪ɔ baʈɽa bam ɲɛla.
"তোমরা পক্ষাঘাত দেখবে, কিন্তু বাজি দেখবে না।","You all will see the hemiplegia, but do not see the wager.",apɛ d̪ɔ aɾdʰəŋgi ɲɛla mɛnkʰan bəd͡ʒi bapɛ ɲɛla.
ইংল্যান্ডে একটি উল আছে।,There is a wool in the england.,bilətɾɛ bʰiɖi up̕ menaa.
ভূতটি পরিষ্কার।,The apparition is clean.,bʰeo̯na d̪ɔ sapʰaa.
আমরা ঝড়বৃষ্টি দেখব না।,We do not see the storm of wind & rain.,alɛ d̪ɔ əndʰi dak̕ balɛ ɲɛla.
আমাদের বাদ পড়া নতুন।,Our omission is new.,alɛaʔ bʰul t͡ʃuk d̪ɔ nɔwaa.
তার বাধা গুরুত্বপূর্ণ।,His/her hitch is important.,uniaʔ bəndʰi d̪ɔ ɟɘɾuɽa.
সকালে সে মাপদণ্ড দেখে শহরে খেলবে।,"In the morning, he/she see the rod and then play in the town.",sɛt̪aʔɾɛ uni aɽəni ɖaŋ ɲɛlkat̪ɛ sɔhɔɽɾɛ gat̪ea.
তারা জাদুবিদ্যা ও মাছ দেখবে।,They will see the sorcery and the fish.,oŋko d̪ɔ ban aɾ haku ɲɛla.
বাড়িতে একটি অগ্রিম টাকা আছে।,There is an advance in the house.,ɔɽaʔɾɛ bae̯na menaa.
"তারা অজ্ঞতা দেখবে, কিন্তু একমুঠো দেখবে না।","They will see the ignorance, but do not see the handful.",oŋko d̪ɔ bʰut͡ʃ ɲɛla mɛnkʰan aɲd͡ʒle bako ɲɛla.
"আমি ছবি পাব, কিন্তু ঔষধ পাব না।","I will get the photo, but do not get the medicine.",iɲ d̪ɔ pʰɔʈɔ ɲama mɛnkʰan ɾan bɘɲ ɲama.
পাড়াে একটি পোশাক আছে।,There is an attire in the neighbourhood.,aɖe paseɾɛ bʰagwa menaa.
"আমি ঘড়ি কিনব, কিন্তু মোবাইল ফোন কিনব না।","I will buy the watch, but do not buy the mobile phone.",iɲ d̪ɔ gʰuɽi kiɾiɲa mɛnkʰan mɔbaĭl pʰon bɘɲ kiɾiɲa.
আজ তুমি শ্রাইক পাখি দেখে নদীতে যাবে।,"Today, you see the shrike and then go to the river.",t̪eheɲɾɛ am bagʰa kɛɾkeʈa ɲɛlkat̪ɛ gaɖaɾɛ calaʔa.
বড় ইঁদুরটি আনন্দের।,The bandicoot rat is happy.,bʰus goɖo d̪ɔ ɾɘskɘa.
আমার আঙুলের ফোঁড়া পরিষ্কার।,My whitlow is clean.,iɲaʔ aŋguɾ biɽhi d̪ɔ sapʰaa.
ইংল্যান্ডে একটি বর্ণ আছে।,There is an alphabet in the england.,bilətɾɛ akʰɔɾ menaa.
পাড়াে একটি গ্রাম আছে।,There is a village in the neighbourhood.,aɖe paseɾɛ ato menaa.
"সে মাছ কিনবে, কিন্তু ঔষধ কিনবে না।","He/she will buy the fish, but does not buy the medicine.",uni d̪ɔ haku kiɾiɲa mɛnkʰan ɾan bai̯ kiɾiɲa.
নিকটবর্তী এলাকাে একটি বাঘ আছে।,There is a tiger in the vicinity.,aɖe ʈolaɾɛ t̪ɘɾup̚ʔ menaa.
সকালে তুমি দুধ পান করে হ্রদে যাবে।,"In the morning, you drink the milk and then go to the lake.",sɛt̪aʔɾɛ am t̪o̯͡a ɲukat̪ɛ ɟɔlaɾɛ calaʔa.
আমাদের কথা গুরুত্বপূর্ণ।,Our word is important.,alɛaʔ kat̪ʰa d̪ɔ ɟɘɾuɽa.
ইংল্যান্ডে একটি উত্তরাধিকার আছে।,There is a heritage in the england.,bilətɾɛ bapɔti dʰɔn menaa.
বাসস্থানে একটি মা আছে।,There is a mother in the residence.,basaɾɛ gɔgɔ menaa.
আমাদের ব্যাকরণ গুরুত্বপূর্ণ।,Our grammar is important.,alɛaʔ bejakaɾan d̪ɔ ɟɘɾuɽa.
তোমাদের পশু তাড়ানোর লাঠি নতুন।,Your goad is new.,apɛaʔ aɾd͡ʒan d̪ɔ nɔwaa.
হ্রদে একটি ঔষধ আছে।,There is a medicine in the lake.,ɟɔlaɾɛ ɾan menaa.
গতকাল তারা উৎসব দেখে শহরে যাবে।,"Yesterday, they see the festival and then go to the town.",hɔlaɾɛ oŋko pɔɾɔb ɲɛlkat̪ɛ sɔhɔɽɾɛ calaʔa.
নদীতে একটি কণ্ঠস্বর আছে।,There is a voice in the river.,gaɖaɾɛ aɽaŋ menaa.
বাড়িতে একটি কয়েকদিন আছে।,There is a few days in the house.,ɔɽaʔɾɛ əɾsiɲ bəɾsiɲ menaa.
সে মুহূর্ত দেখেছিল।,He/she saw the moment.,unii̯ abʰeɽ ɲɛlkeda.
বাড়িতে একটি হাত আছে।,There is a hand in the house.,ɔɽaʔɾɛ t̪i menaa.
উঠানে একটি অভিযোগকারী আছে।,There is an accuser in the courtyard of house.,bəteɾɛ bədi menaa.
সেই সময় আমরা ভাষা লিখে বাড়িতে খেলব।,"At that time, we write the language and then play in the house.",ɔkt̪ɛɾɛ alɛ pɘɾsi ɔlɔʔkat̪ɛ ɔɽaʔɾɛ gat̪ea.
সে অগ্রদূত দেখবে না।,He/she does not see the forerunner.,uni d̪ɔ əguə̯daɾ bai̯ ɲɛla.
আমি বাত রোগ ও বাজি দেখব।,I will see the rheumatism and the wager.,iɲ d̪ɔ bat aɾ bəd͡ʒi ɲɛla.
আজ তারা পানি পান করে শহরে আসবে।,"Today, they drink the water and then come to the town.",t̪eheɲɾɛ oŋko d̪aʔ ɲukat̪ɛ sɔhɔɽɾɛ hiɟuʔa.
আফিমটি ভালো।,The opium is good.,əpʰim d̪ɔ mɔ̃ɟa.
স্কুলে একটি অশান্তি আছে।,There is an unrest in the school.,iskulɾɛ bɛtʰiɾ menaa.
তোমার নিষেধাত্মক উপসর্গ নতুন।,Your privative prefix is new.,amaʔ an d̪ɔ nɔwaa.
সেই সময় তোমরা রান্না খেয়ে নদীতে আসবে।,"At that time, you all eat the cooked food and then come to the river.",ɔkt̪ɛɾɛ apɛ basaŋ ɟɔmkat̪ɛ gaɖaɾɛ hiɟuʔa.
তোমার সন্ন্যাসী গুরুত্বপূর্ণ।,Your ascetic is important.,amaʔ ətit d̪ɔ ɟɘɾuɽa.
গ্রামে একটি মাছের ছিটেফোঁটা সংগ্রহ আছে।,There is a gleanings of fish in the village.,at̪oɾɛ bəɾəu̯ɖʰa menaa.
আমরা মুক্তি দেখেছিলাম।,We saw the salvation.,alɛlɛ baɲt͡ʃao̯k̕ ɲɛlkeda.
আমার দুধ পরিষ্কার।,My milk is clean.,iɲaʔ t̪o̯͡a d̪ɔ sapʰaa.
আমি শাল ও পৈতৃক সম্পত্তি দেখব।,I will see the shawl and the paternal estate.,iɲ d̪ɔ bəɾki aɾ bapɔti dʰo ɲɛla.
সে প্রতিবেশী ও ছাগলের বিষ্ঠা দেখবে।,He/she will see the neighbours and the goat's dropping.,uni d̪ɔ aɖepaseɾenko aɾ bʰelə̃uɳɖi ɲɛla.
নদীতে একটি শিশু আছে।,There is a child in the river.,gaɖaɾɛ gid̪ɾɘ menaa.
গতকাল তোমরা ভাষা লিখে নদীতে আসবে।,"Yesterday, you all write the language and then come to the river.",hɔlaɾɛ apɛ pɘɾsi ɔlɔʔkat̪ɛ gaɖaɾɛ hiɟuʔa.
তোমাদের বেত গাছ ভালো।,Your rattan is good.,apɛaʔ bɛ̃t d̪ɔ mɔ̃ɟa.
ঢোলের শব্দটি গুরুত্বপূর্ণ।,The rattle on drum is important.,beɖo d̪ɔ ɟɘɾuɽa.
"সে মধু খাবে, কিন্তু মাছ খাবে না।","He/she will eat the honey, but does not eat the fish.",uni d̪ɔ ɲɛlɛɾasa ɟɔma mɛnkʰan haku bai̯ ɟɔma.
তোমাদের পা নতুন।,Your foot is new.,apɛaʔ kaʈa d̪ɔ nɔwaa.
খেলাটি পরিষ্কার।,The game is clean.,bʰelguɖa d̪ɔ sapʰaa.
আমাদের ঔষধ গুরুত্বপূর্ণ।,Our medicine is important.,alɛaʔ ɾan d̪ɔ ɟɘɾuɽa.
"তুমি মধু খাবে, কিন্তু মধু খাবে না।","You will eat the honey, but do not eat the honey.",am d̪ɔ ɲɛlɛɾasa ɟɔma mɛnkʰan ɲɛlɛɾasa bam ɟɔma.
আমাদের বাষ্প নতুন।,Our vapour is new.,alɛaʔ bʰap d̪ɔ nɔwaa.
বাসস্থানে একটি বাষ্প আছে।,There is a steam in the dwelling place.,basɾɛ bʰapʰ menaa.
সে বিশ ও কসাই দেখবে।,He/she will see the twenty and the butcher.,uni d̪ɔ baɾ gɛl aɾ bʰut͡ʃəɽ ɲɛla.
সে ঢাল দেখবে।,He/she will see the declivity.,uni d̪ɔ anaɽgo ɲɛla.
সকালে সে দুধ পান করে শহরে খেলবে।,"In the morning, he/she drink the milk and then play in the town.",sɛt̪aʔɾɛ uni t̪o̯͡a ɲukat̪ɛ sɔhɔɽɾɛ gat̪ea.
সেই সময় তোমরা ভাষা পড়ে কুয়ায় আসবে।,"At that time, you all study the language and then come to the well.",ɔkt̪ɛɾɛ apɛ pɘɾsi paɽha͡o̯kat̪ɛ kuɲɾɛ hiɟuʔa.
প্রসবোত্তর নাড়িটি পরিষ্কার।,The afterbirth placenta is clean.,baha āowāɾ d̪ɔ sapʰaa.
তোমাদের অভাব নতুন।,Your dearth is new.,apɛaʔ akal d̪ɔ nɔwaa.
আমি ঔষধ ও খাবার কিনব।,I will buy the medicine and the food.,iɲ d̪ɔ ɾan aɾ ɟɔmaʔ kiɾiɲa.
সকালে আমরা ঘড়ি কিনে স্কুলে খেলব।,"In the morning, we buy the watch and then play in the school.",sɛt̪aʔɾɛ alɛ gʰuɽi kiɾiɲkat̪ɛ iskulɾɛ gat̪ea.
"সে ভালোবাসা দেখবে, কিন্তু আফিম দেখবে না।","He/she will see the love, but does not see the opium.",uni d̪ɔ bʰad ɲɛla mɛnkʰan əpʰim bai̯ ɲɛla.
হ্রদে একটি বংশধর আছে।,There is a descendants in the lake.,ɟɔlaɾɛ ãosa bãosa menaa.
গ্রামে একটি মাফ (হাতঢাকা) আছে।,There is a muff in the village.,at̪oɾɛ bembʰa menaa.
গতকাল সে অভ্যাস দেখে হ্রদে আসবে।,"Yesterday, he/she see the habit and then come to the lake.",hɔlaɾɛ uni bʰəsi ɲɛlkat̪ɛ ɟɔlaɾɛ hiɟuʔa.
সকালে তোমরা পানি পান করে গ্রামে আসবে।,"In the morning, you all drink the water and then come to the village.",sɛt̪aʔɾɛ apɛ d̪aʔ ɲukat̪ɛ at̪oɾɛ hiɟuʔa.
আজ তোমরা কথা লিখে কুয়ায় খেলবে।,"Today, you all write the word and then play in the well.",t̪eheɲɾɛ apɛ kat̪ʰa ɔlɔʔkat̪ɛ kuɲɾɛ gat̪ea.
আজ তোমরা পাঠ পড়ে স্কুলে যাবে।,"Today, you all study the lesson and then go to the school.",t̪eheɲɾɛ apɛ sikʰnɘt̪ paɽha͡o̯kat̪ɛ iskulɾɛ calaʔa.
তোমাদের মূল্যায়ন গুরুত্বপূর্ণ।,Your appraisement is important.,apɛaʔ anman d̪ɔ ɟɘɾuɽa.
গ্রামে একটি ভূমিকম্প আছে।,There is an earthquake in the village.,at̪oɾɛ bʰut͡ʃampa menaa.
বেতনটি গুরুত্বপূর্ণ।,The pay is important.,bɛtɔn d̪ɔ ɟɘɾuɽa.
কিশোরটি নতুন।,The lad is new.,bat͡ʃʰɽa d̪ɔ nɔwaa.
আজ আমরা অবিচার দেখে স্কুলে কাজ করব।,"Today, we see the injustice and then work in the school.",t̪eheɲɾɛ alɛ aneã̯o ɲɛlkat̪ɛ iskulɾɛ kɘmia.
বিস্তীর্ণ ভূমিে একটি শস্য আছে।,There is a grain in the wide expanse of land.,bilənɾɛ an menaa.
বৈশাখ মাসটি ভালো।,The april-may is good.,bəi̯sək d̪ɔ mɔ̃ɟa.
গতকাল তারা দম্ভ দেখে স্কুলে যাবে।,"Yesterday, they see the boasting and then go to the school.",hɔlaɾɛ oŋko bakʰaɾa ɲɛlkat̪ɛ iskulɾɛ calaʔa.
আমার ট্যাংক ভালো।,My tank is good.,iɲaʔ abʰɾa d̪ɔ mɔ̃ɟa.
সে বাদাম দেখেছিল।,He/she saw the almond.,unii̯ badam d͡ʒɔ ɲɛlkeda.
তোমাদের মাছ পরিষ্কার।,Your fish is clean.,apɛaʔ haku d̪ɔ sapʰaa.
তারা ঘড়ি কিনবে না।,They do not buy the watch.,oŋko d̪ɔ gʰuɽi bako kiɾiɲa.
আমি বেদ ও অহংকার দেখব।,I will see the vedas and the pride.,iɲ d̪ɔ bed aɾ adɔɾ ɲɛla.
সেই সময় তুমি কথা পড়ে শহরে আসবে।,"At that time, you study the word and then come to the town.",ɔkt̪ɛɾɛ am kat̪ʰa paɽha͡o̯kat̪ɛ sɔhɔɽɾɛ hiɟuʔa.
আমার মা আনন্দের।,My mother is happy.,iɲaʔ gɔgɔ d̪ɔ ɾɘskɘa.
গতকাল তোমরা ছুতার দেখে বাড়িতে খেলবে।,"Yesterday, you all see the carpenter and then play in the house.",hɔlaɾɛ apɛ bəɖʰi ɲɛlkat̪ɛ ɔɽaʔɾɛ gat̪ea.
আমাদের ফকির পরিষ্কার।,Our fakeer is clean.,alɛaʔ babad͡ʒi d̪ɔ sapʰaa.
সকালে আমি খাবার খেয়ে নদীতে যাব।,"In the morning, I eat the food and then go to the river.",sɛt̪aʔɾɛ iɲ ɟɔmaʔ ɟɔmkat̪ɛ gaɖaɾɛ calaʔa.
গ্রামে একটি ভাষা আছে।,There is a language in the village.,at̪oɾɛ bʰaka menaa.
তোমাদের ঔষধ ভালো।,Your medicine is good.,apɛaʔ ɾan d̪ɔ mɔ̃ɟa.
কুয়ায় একটি একমুঠো আছে।,There is a handful in the well.,kuɲɾɛ aɲd͡ʒle menaa.
সেই সময় আমি দুধ পান করে হ্রদে আসব।,"At that time, I drink the milk and then come to the lake.",ɔkt̪ɛɾɛ iɲ t̪o̯͡a ɲukat̪ɛ ɟɔlaɾɛ hiɟuʔa.
আড়ালে একটি বাক্য আছে।,There is a sentence in the covert.,ao̯tanɾɛ ajat menaa.
সকালে তোমরা ব্যান্ডেজ দেখে স্কুলে খেলবে।,"In the morning, you all see the bandger and then play in the school.",sɛt̪aʔɾɛ apɛ bədʰi ɲɛlkat̪ɛ iskulɾɛ gat̪ea.
বাসস্থানটি পরিষ্কার।,The dwelling place is clean.,bas d̪ɔ sapʰaa.
তোমার ঔষধ ভালো।,Your medicine is good.,amaʔ ɾan d̪ɔ mɔ̃ɟa.
আমার শক্তি ভালো।,My force is good.,iɲaʔ ad͡ʒʰãʈ d̪ɔ mɔ̃ɟa.
সেই সময় তোমরা ভোজ দেখে নদীতে আসবে।,"At that time, you all see the feast and then come to the river.",ɔkt̪ɛɾɛ apɛ bʰɔd͡ʒ ɲɛlkat̪ɛ gaɖaɾɛ hiɟuʔa.
"তোমরা ঘড়ি বিক্রি করবে, কিন্তু মাছ বিক্রি করবে না।","You all will sell the watch, but do not sell the fish.",apɛ d̪ɔ gʰuɽi ɘkʰɾiɲa mɛnkʰan haku bapɛ ɘkʰɾiɲa.
সেই সময় সে কথা পড়ে গ্রামে খেলবে।,"At that time, he/she study the word and then play in the village.",ɔkt̪ɛɾɛ uni kat̪ʰa paɽha͡o̯kat̪ɛ at̪oɾɛ gat̪ea.
তারা নিয়োগকর্তা ও হিসাব দেখবে।,They will see the employer and the account.,oŋko d̪ɔ ək̕t͡ʃu hɔɽ aɾ bil ɲɛla.
সকালে আমি মাছ কিনে নদীতে যাব।,"In the morning, I buy the fish and then go to the river.",sɛt̪aʔɾɛ iɲ haku kiɾiɲkat̪ɛ gaɖaɾɛ calaʔa.
উঠানে একটি ঢাকনা আছে।,There is a lid in the courtyard of house.,bəteɾɛ bɛnɛt̕ menaa.
সেই সময় তুমি কথা লিখে হ্রদে যাবে।,"At that time, you write the word and then go to the lake.",ɔkt̪ɛɾɛ am kat̪ʰa ɔlɔʔkat̪ɛ ɟɔlaɾɛ calaʔa.
তাদের আখড়া নতুন।,Their gathering is new.,oŋkoaʔ akʰɾa d̪ɔ nɔwaa.
নিকটবর্তী এলাকাে একটি অবিশ্বাসী আছে।,There is a heathen in the vicinity.,aɖe ʈolaɾɛ bedin menaa.
আমরা উত্তরাধিকারী দেখব না।,We do not see the heir.,alɛ d̪ɔ awəsi balɛ ɲɛla.
সকালে সে ভাষা লিখে গ্রামে খেলবে।,"In the morning, he/she write the language and then play in the village.",sɛt̪aʔɾɛ uni pɘɾsi ɔlɔʔkat̪ɛ at̪oɾɛ gat̪ea.
স্কুলে একটি ভূগোল আছে।,There is a geography in the school.,iskulɾɛ bʰugol menaa.
তোমার বেত ভালো।,Your cane is good.,amaʔ bɛt d̪ɔ mɔ̃ɟa.
তাদের খাবার ভালো।,Their food is good.,oŋkoaʔ ɟɔmaʔ d̪ɔ mɔ̃ɟa.
সে ঢোলকি বাদক ও শিখা দেখবে।,He/she will see the drummer and the flame.,uni d̪ɔ bəd͡ʒni aɾ ãt͡ʃ ɲɛla.
তোমরা নামা দেখবে।,You all will see the descent.,apɛ d̪ɔ anãɽgo ɲɛla.
তোমরা টাকা ও উত্তরাধিকারী দেখবে।,You all will see the money and the heir.,apɛ d̪ɔ ʈaka aɾ awəsi ɲɛla.
বাগানটি গুরুত্বপূর্ণ।,The garden is important.,bagan d̪ɔ ɟɘɾuɽa.
ব্যান্ডেজটি নতুন।,The bandger is new.,bədʰi d̪ɔ nɔwaa.
তাদের বিদেশী ভালো।,Their foreigner is good.,oŋkoaʔ bidesiə̯ d̪ɔ mɔ̃ɟa.
বাড়িতে একটি বন্যা আছে।,There is a flood in the house.,ɔɽaʔɾɛ bəd menaa.
"সে মাছ খাবে, কিন্তু রান্না খাবে না।","He/she will eat the fish, but does not eat the cooked food.",uni d̪ɔ haku ɟɔma mɛnkʰan basaŋ bai̯ ɟɔma.
"সে পরিমাপ দেখবে, কিন্তু শ্রাইক পাখি দেখবে না।","He/she will see the measure, but does not see the shrike.",uni d̪ɔ ae̯ ɲɛla mɛnkʰan bagʰa kɛɾkeʈa bai̯ ɲɛla.
আমি বেল্টের ক্ল্যাপ ও অনুশীলন দেখব।,I will see the belt clasp and the practice.,iɲ d̪ɔ bəkuk̕ aɾ bɛbɔhaɾ ɲɛla.
তার জাদুবিদ্যা ভালো।,His/her sorcery is good.,uniaʔ ban d̪ɔ mɔ̃ɟa.
অভ্যাসটি ভালো।,The habit is good.,bʰəsi d̪ɔ mɔ̃ɟa.
পরাজয়টি ভালো।,The beating is good.,alao̯ d̪ɔ mɔ̃ɟa.
গাড়ির চাকায় লাগানো খিলটি নতুন।,The cog put before a cartwheel is new.,baɳdʰi d̪ɔ nɔwaa.
গুহাে একটি বেঁকানো যন্ত্র আছে।,There is a brace for boring in the cave.,bʰugək̕ɾɛ bʰãoɾa menaa.
অভ্যাসটি পরিষ্কার।,The habit is clean.,bʰəsi d̪ɔ sapʰaa.
"আমরা পাঠ পড়ব, কিন্তু পাঠ পড়ব না।","We will study the lesson, but do not study the lesson.",alɛ d̪ɔ sikʰnɘt̪ paɽha͡o̯a mɛnkʰan sikʰnɘt̪ balɛ paɽha͡o̯a.
সেই সময় তারা ভাষা লিখে বাড়িতে খেলবে।,"At that time, they write the language and then play in the house.",ɔkt̪ɛɾɛ oŋko pɘɾsi ɔlɔʔkat̪ɛ ɔɽaʔɾɛ gat̪ea.
তোমার প্রকার ভালো।,Your kinds is good.,amaʔ bʰə̃t d̪ɔ mɔ̃ɟa.
আড়ালে একটি পরিমাপ আছে।,There is a measure in the covert.,ao̯tanɾɛ ae̯ menaa.
আমরা খাবার কিনেছি।,We have bought the food.,alɛ d̪ɔ ɟɔmaʔ kiɾiɲakada.
নদীতে একটি ভাদ্র মাস আছে।,There is an august-september in the river.,gaɖaɾɛ bʰadɔɾ menaa.
সেই সময় তুমি দুধ পান করে গ্রামে কাজ করবে।,"At that time, you drink the milk and then work in the village.",ɔkt̪ɛɾɛ am t̪o̯͡a ɲukat̪ɛ at̪oɾɛ kɘmia.
আজ তোমরা ভাষা লিখে গ্রামে কাজ করবে।,"Today, you all write the language and then work in the village.",t̪eheɲɾɛ apɛ pɘɾsi ɔlɔʔkat̪ɛ at̪oɾɛ kɘmia.
আমার সম্পদ গুরুত্বপূর্ণ।,My wealth is important.,iɲaʔ at͡ʃel d̪ɔ ɟɘɾuɽa.
গ্রামে একটি ডালিম আছে।,There is a pomegranate in the village.,at̪oɾɛ anaɾ menaa.
হ্রদে একটি নবজাতক আছে।,There is an infant in the lake.,ɟɔlaɾɛ balɛ menaa.
"তারা ওয়ারেন্ট দেখবে, কিন্তু ধনুক দেখবে না।","They will see the warrant, but do not see the bow.",oŋko d̪ɔ aɾoɳʈ ɲɛla mɛnkʰan ak̕ bako ɲɛla.
তারা দেবতা দেখেছিল।,They saw the deity.,oŋkoko bʰokta ɲɛlkeda.
সকালে তোমরা পাঠ পড়ে গ্রামে খেলবে।,"In the morning, you all study the lesson and then play in the village.",sɛt̪aʔɾɛ apɛ sikʰnɘt̪ paɽha͡o̯kat̪ɛ at̪oɾɛ gat̪ea.
কুয়ায় একটি বাজার আছে।,There is a bazaar in the well.,kuɲɾɛ bad͡ʒaɾ menaa.
আমার জলাধার পরিষ্কার।,My reservoir is clean.,iɲaʔ ahɾa d̪ɔ sapʰaa.
তুমি ঋতু দেখবে।,You will see the season.,am d̪ɔ bataɾ ɲɛla.
নিকটবর্তী এলাকাে একটি ব্যাখ্যা আছে।,There is an explanation in the vicinity.,aɖe ʈolaɾɛ bejan menaa.
আড়ালে একটি দল আছে।,There is a group in the covert.,ao̯tanɾɛ aɖa menaa.
পাড়াে একটি অজ্ঞতা আছে।,There is an ignorance in the neighbourhood.,aɖe paseɾɛ bʰut͡ʃ menaa.
আমরা দরখাস্ত ও ফোঁপানি দেখব।,We will see the petition and the blubbering.,alɛ d̪ɔ aɾd͡ʒa aɾ beɲ ɲɛla.
ইংল্যান্ডে একটি শিকার আছে।,There is a prey in the england.,bilətɾɛ aheɾ menaa.
"আমি কাজ দেখব, কিন্তু ফার্ন গাছ দেখব না।","I will see the work, but do not see the fern.",iɲ d̪ɔ kɘmi ɲɛla mɛnkʰan badgot͡ʃak̕ bɘɲ ɲɛla.
আমাদের আচরণ ভালো।,Our conduct is good.,alɛaʔ at͡ʃaɾ beo̯haɾ d̪ɔ mɔ̃ɟa.
তোমার কাঠের খুঁটি নতুন।,Your wooden pin is new.,amaʔ bʰaɲd͡ʒ kʰuɳʈi d̪ɔ nɔwaa.
"তারা মধু খাবে, কিন্তু মধু খাবে না।","They will eat the honey, but do not eat the honey.",oŋko d̪ɔ ɲɛlɛɾasa ɟɔma mɛnkʰan ɲɛlɛɾasa bako ɟɔma.
তোমরা দরখাস্ত দেখবে।,You all will see the petition.,apɛ d̪ɔ aɾd͡ʒa ɲɛla.
গতকাল তারা দুধ পান করে গ্রামে খেলবে।,"Yesterday, they drink the milk and then play in the village.",hɔlaɾɛ oŋko t̪o̯͡a ɲukat̪ɛ at̪oɾɛ gat̪ea.
ইংল্যান্ডে একটি কারকীয় ক্রিয়া আছে।,There is a causative inflection in the england.,bilətɾɛ a menaa.
হ্রদে একটি বামন আছে।,There is a dwarf in the lake.,ɟɔlaɾɛ bãoɽã menaa.
সে কণ্ঠস্বর দেখবে না।,He/she does not see the voice.,uni d̪ɔ aɽaŋ bai̯ ɲɛla.
সে ফুলের বৃতি ও গ্রাম দেখবে।,He/she will see the calyx of flower and the village.,uni d̪ɔ bɛnɛt aɾ ato ɲɛla.
চারা গাছটি গুরুত্বপূর্ণ।,The sapling is important.,bat͡ʃʰɽa daɾe d̪ɔ ɟɘɾuɽa.
অল্পটি ভালো।,The little is good.,ədʰəɾiə̯ d̪ɔ mɔ̃ɟa.
নিকটবর্তী এলাকাে একটি মোবাইল ফোন আছে।,There is a mobile phone in the vicinity.,aɖe ʈolaɾɛ mɔbaĭl pʰon menaa.
গতকাল আমি ঘড়ি কিনে স্কুলে খেলব।,"Yesterday, I buy the watch and then play in the school.",hɔlaɾɛ iɲ gʰuɽi kiɾiɲkat̪ɛ iskulɾɛ gat̪ea.
তুমি আত্মা দেখবে।,You will see the soul.,am d̪ɔ atma ɲɛla.
তোমরা কর্তৃত্ব দেখেছিলে।,You all saw the authority.,apɛpɛ adɔl ɲɛlkeda.
সকালে তুমি কথা পড়ে শহরে যাবে।,"In the morning, you study the word and then go to the town.",sɛt̪aʔɾɛ am kat̪ʰa paɽha͡o̯kat̪ɛ sɔhɔɽɾɛ calaʔa.
নিকটবর্তী এলাকাে একটি ব্যাঙের ডাক আছে।,There is a croak of frogs in the vicinity.,aɖe ʈolaɾɛ bɛbɛ menaa.
"তুমি টাকা পাবে, কিন্তু টাকা পাবে না।","You will get the money, but do not get the money.",am d̪ɔ ʈaka ɲama mɛnkʰan ʈaka bam ɲama.
তুমি পশুর স্তন দেখবে না।,You do not see the udder.,am d̪ɔ əɳɖwəɾ bam ɲɛla.
আমরা খাবার ও ঘড়ি কিনব।,We will buy the food and the watch.,alɛ d̪ɔ ɟɔmaʔ aɾ gʰuɽi kiɾiɲa.
তুমি শক্তি ও মাছের ছিটেফোঁটা সংগ্রহ দেখবে।,You will see the force and the gleanings of fish.,am d̪ɔ ad͡ʒʰãʈ aɾ bəɾəu̯ɖʰa ɲɛla.
"তুমি নির্গমন দেখবে, কিন্তু ওনিক্স পাথর দেখবে না।","You will see the emanation, but do not see the onyx.",am d̪ɔ əhlə ɲɛla mɛnkʰan beləu̯ɾ bam ɲɛla.
তোমাদের বন্ধুত্ব নতুন।,Your friendship is new.,apɛaʔ bʰab d̪ɔ nɔwaa.
আমি মাফ (হাতঢাকা) দেখব না।,I do not see the muff.,iɲ d̪ɔ bembʰa bɘɲ ɲɛla.
তাদের গহনা পরিষ্কার।,Their jewelry is clean.,oŋkoaʔ abʰɾan d̪ɔ sapʰaa.
স্কুলে একটি ভণ্ড আছে।,There is a pretender in the school.,iskulɾɛ bʰiduk menaa.
আজ আমরা ভাষা লিখে নদীতে কাজ করব।,"Today, we write the language and then work in the river.",t̪eheɲɾɛ alɛ pɘɾsi ɔlɔʔkat̪ɛ gaɖaɾɛ kɘmia.
তোমরা বন্ধকী ও বাঘ দেখবে।,You all will see the mortgage and the tiger.,apɛ d̪ɔ bəndki aɾ t̪ɘɾup̚ʔ ɲɛla.
আমরা গহনা দেখেছিলাম।,We saw the jewelry.,alɛlɛ abʰɾan ɲɛlkeda.
তাদের নিয়োগকর্তা নতুন।,Their employer is new.,oŋkoaʔ ək̕t͡ʃu hɔɽ d̪ɔ nɔwaa.
"তোমরা মা সাহায্য করবে, কিন্তু শিশু সাহায্য করবে না।","You all will help the mother, but do not help the child.",apɛ d̪ɔ gɔgɔ gɔɽɔa mɛnkʰan gid̪ɾɘ bapɛ gɔɽɔa.
সকালে তুমি ভাষা লিখে কুয়ায় আসবে।,"In the morning, you write the language and then come to the well.",sɛt̪aʔɾɛ am pɘɾsi ɔlɔʔkat̪ɛ kuɲɾɛ hiɟuʔa.
তাদের সময়কাল গুরুত্বপূর্ণ।,Their period is important.,oŋkoaʔ ãʈɾe d̪ɔ ɟɘɾuɽa.
আমরা নিষেধাত্মক উপসর্গ ও ছেঁড়া দেখব।,We will see the privative prefix and the rent.,alɛ d̪ɔ an aɾ baŋ baŋ ɲɛla.
তোমার অপচয় ভালো।,Your waste is good.,amaʔ apt͡ʃo d̪ɔ mɔ̃ɟa.
শহরে একটি টাকা আছে।,There is a money in the town.,sɔhɔɽɾɛ ʈaka menaa.
বেশ্যাটি নতুন।,The harlot is new.,bət͡ʃkəɾ d̪ɔ nɔwaa.
হ্রদে একটি রোগ আছে।,There is an illness in the lake.,ɟɔlaɾɛ ɾu̯͡ɘ menaa.
তারা বংশধর দেখবে।,They will see the descendants.,oŋko d̪ɔ ãosa bãosa ɲɛla.
তোমরা খাবার ও ঔষধ কিনবে।,You all will buy the food and the medicine.,apɛ d̪ɔ ɟɔmaʔ aɾ ɾan kiɾiɲa.
তাদের অবসর ভালো।,Their leisure is good.,oŋkoaʔ apʰsoɾ d̪ɔ mɔ̃ɟa.
নদীতে একটি পয়সা আছে।,There is a pice in the river.,gaɖaɾɛ anapʰana menaa.
সে খড়ের মোটা দড়ি দেখেছিল।,He/she saw the thick straw rope.,unii̯ baɾahi ɲɛlkeda.
আমি কারকীয় ক্রিয়া দেখব।,I will see the causative inflection.,iɲ d̪ɔ a ɲɛla.
তুমি এক তোলা দেখবে না।,You do not see the one tola.,am d̪ɔ bʰoɾi bam ɲɛla.
"আমি ঔষধ পাব, কিন্তু ছবি পাব না।","I will get the medicine, but do not get the photo.",iɲ d̪ɔ ɾan ɲama mɛnkʰan pʰɔʈɔ bɘɲ ɲama.
সকালে তোমরা দুধ পান করে নদীতে খেলবে।,"In the morning, you all drink the milk and then play in the river.",sɛt̪aʔɾɛ apɛ t̪o̯͡a ɲukat̪ɛ gaɖaɾɛ gat̪ea.
আজ আমরা দুধ পান করে নদীতে খেলব।,"Today, we drink the milk and then play in the river.",t̪eheɲɾɛ alɛ t̪o̯͡a ɲukat̪ɛ gaɖaɾɛ gat̪ea.
সকালে তুমি ভাষা পড়ে কুয়ায় কাজ করবে।,"In the morning, you study the language and then work in the well.",sɛt̪aʔɾɛ am pɘɾsi paɽha͡o̯kat̪ɛ kuɲɾɛ kɘmia.
গতকাল তারা কথা লিখে গ্রামে কাজ করবে।,"Yesterday, they write the word and then work in the village.",hɔlaɾɛ oŋko kat̪ʰa ɔlɔʔkat̪ɛ at̪oɾɛ kɘmia.
তাদের আধপাকা ফলের বিচি পরিষ্কার।,Their kernel of half-ripe fruits is clean.,oŋkoaʔ bʰəti d̪ɔ sapʰaa.
বাসস্থানে একটি মহাপ্লাবন আছে।,There is a deluge in the dwelling place.,basɾɛ bajaban menaa.
সকালে তারা কথা পড়ে নদীতে যাবে।,"In the morning, they study the word and then go to the river.",sɛt̪aʔɾɛ oŋko kat̪ʰa paɽha͡o̯kat̪ɛ gaɖaɾɛ calaʔa.
তাদের খড় পরিষ্কার।,Their chaff is clean.,oŋkoaʔ bʰusə d̪ɔ sapʰaa.
গতকাল আমরা মাছ খেয়ে বাড়িতে যাব।,"Yesterday, we eat the fish and then go to the house.",hɔlaɾɛ alɛ haku ɟɔmkat̪ɛ ɔɽaʔɾɛ calaʔa.
স্ত্রীটি ভালো।,The wife is good.,bəhu d̪ɔ mɔ̃ɟa.
আজ আমি ভাষা পড়ে নদীতে কাজ করব।,"Today, I study the language and then work in the river.",t̪eheɲɾɛ iɲ pɘɾsi paɽha͡o̯kat̪ɛ gaɖaɾɛ kɘmia.
নদীতে একটি ঘড়ি আছে।,There is a watch in the river.,gaɖaɾɛ gʰuɽi menaa.
আজ তোমরা ভাষা পড়ে শহরে আসবে।,"Today, you all study the language and then come to the town.",t̪eheɲɾɛ apɛ pɘɾsi paɽha͡o̯kat̪ɛ sɔhɔɽɾɛ hiɟuʔa.
আমাদের খিঁচুনি পরিষ্কার।,Our convulsions is clean.,alɛaʔ ḅahiɾ bəi̯ d̪ɔ sapʰaa.
সেই সময় সে মাছ খেয়ে স্কুলে কাজ করবে।,"At that time, he/she eat the fish and then work in the school.",ɔkt̪ɛɾɛ uni haku ɟɔmkat̪ɛ iskulɾɛ kɘmia.
নিকটবর্তী এলাকাে একটি হাত আছে।,There is a hand in the vicinity.,aɖe ʈolaɾɛ t̪i menaa.
তোমাদের ফ্যাথম নতুন।,Your fathom is new.,apɛaʔ aɾpa d̪ɔ nɔwaa.
তারা কাজ দেখবে।,They will see the work.,oŋko d̪ɔ kɘmi ɲɛla.
শহরে একটি প্রেমালাপ আছে।,There is a flirting in the town.,sɔhɔɽɾɛ əŋgɾa menaa.
তাদের বংশধর পরিষ্কার।,Their descendants is clean.,oŋkoaʔ ãosa bãosa d̪ɔ sapʰaa.
আমাদের খাবার সুস্বাদু।,Our victuals is tasty.,alɛaʔ aʈa saʈa d̪ɔ sibila.
"আমরা কালো ভাল্লুক দেখব, কিন্তু প্রণয়ভঙ্গি দেখব না।","We will see the black bear, but do not see the coquetry.",alɛ d̪ɔ bana ɲɛla mɛnkʰan əngɾa balɛ ɲɛla.
আজ আমরা রান্না খেয়ে নদীতে খেলব।,"Today, we eat the cooked food and then play in the river.",t̪eheɲɾɛ alɛ basaŋ ɟɔmkat̪ɛ gaɖaɾɛ gat̪ea.
আমরা শাল দেখব।,We will see the shawl.,alɛ d̪ɔ bəɾki ɲɛla.
শহরে একটি ছোট মশা আছে।,There is a midge in the town.,sɔhɔɽɾɛ bəsɳɖi menaa.
পাড়াে একটি পাকা রাস্তা আছে।,There is a pavement in the neighbourhood.,aɖe paseɾɛ bəi̯səu̯ dʰiɾi menaa.
তাদের ঝড়বৃষ্টি নতুন।,Their storm of wind & rain is new.,oŋkoaʔ əndʰi dak̕ d̪ɔ nɔwaa.
গতকাল আমরা ঘড়ি কিনে গ্রামে যাব।,"Yesterday, we buy the watch and then go to the village.",hɔlaɾɛ alɛ gʰuɽi kiɾiɲkat̪ɛ at̪oɾɛ calaʔa.
সকালে আমি খাবার কিনে গ্রামে আসব।,"In the morning, I buy the food and then come to the village.",sɛt̪aʔɾɛ iɲ ɟɔmaʔ kiɾiɲkat̪ɛ at̪oɾɛ hiɟuʔa.
সেই সময় সে ভাষা পড়ে নদীতে খেলবে।,"At that time, he/she study the language and then play in the river.",ɔkt̪ɛɾɛ uni pɘɾsi paɽha͡o̯kat̪ɛ gaɖaɾɛ gat̪ea.
পাড়াে একটি রীতি আছে।,There is a customs in the neighbourhood.,aɖe paseɾɛ at͡ʃaɾ menaa.
সেই সময় আমি বিদ্যুৎ দেখে হ্রদে আসব।,"At that time, I see the lightning and then come to the lake.",ɔkt̪ɛɾɛ iɲ bid͡ʒli ɲɛlkat̪ɛ ɟɔlaɾɛ hiɟuʔa.
সে মুক্তি দেখবে না।,He/she does not see the salvation.,uni d̪ɔ baɲt͡ʃao̯k̕ bai̯ ɲɛla.
আমার রান্না সুস্বাদু।,My cooked food is tasty.,iɲaʔ basaŋ d̪ɔ sibila.
আড়ালে একটি অপমান আছে।,There is a disgrace in the covert.,ao̯tanɾɛ apd͡ʒɔs menaa.
সকালে তারা ভাষা লিখে হ্রদে খেলবে।,"In the morning, they write the language and then play in the lake.",sɛt̪aʔɾɛ oŋko pɘɾsi ɔlɔʔkat̪ɛ ɟɔlaɾɛ gat̪ea.
ফুলের বৃতিটি নতুন।,The calyx of flower is new.,bɛnɛt d̪ɔ nɔwaa.
গুহাে একটি পাড়া আছে।,There is a neighbourhood in the cave.,bʰugək̕ɾɛ aɖe pase menaa.
তাদের গাঁজা ভালো।,Their hemp drug is good.,oŋkoaʔ bʰaŋ d̪ɔ mɔ̃ɟa.
আমরা খিঁচুনি দেখব।,We will see the convulsions.,alɛ d̪ɔ ḅahiɾ bəi̯ ɲɛla.
বাসস্থানে একটি ফুলের মালা আছে।,There is a garland of flowers in the residence.,basaɾɛ baha mala menaa.
সকালে তারা খাবার কিনে স্কুলে আসবে।,"In the morning, they buy the food and then come to the school.",sɛt̪aʔɾɛ oŋko ɟɔmaʔ kiɾiɲkat̪ɛ iskulɾɛ hiɟuʔa.
উঠানে একটি বংশধর আছে।,There is a descendants in the courtyard of house.,bəteɾɛ ãosa bãosa menaa.
তোমরা মাথা ঘোরা দেখবে।,You all will see the vertigo.,apɛ d̪ɔ bʰãoɾi ɲɛla.
তুমি বিড়াল দেখেছিলে।,You saw the cat.,amɛm pusi ɲɛlkeda.
আড়ালে একটি করতাল আছে।,There is a cymbals in the covert.,ao̯tanɾɛ bad͡ʒna menaa.
সকালে আমি বিকার দেখে স্কুলে কাজ করব।,"In the morning, I see the delirium and then work in the school.",sɛt̪aʔɾɛ iɲ bəi̯ ɲɛlkat̪ɛ iskulɾɛ kɘmia.
একটি বাঘ শহরে আছে।,One tiger is in the town.,mit̪ʔʈɛn t̪ɘɾup̚ʔ d̪ɔ sɔhɔɽɾɛ menaa.
স্কুলে একটি স্বাস্থ্য আছে।,There is a health in the school.,iskulɾɛ bega d͡ʒudə menaa.
আজ তুমি মাছ খেয়ে শহরে কাজ করবে।,"Today, you eat the fish and then work in the town.",t̪eheɲɾɛ am haku ɟɔmkat̪ɛ sɔhɔɽɾɛ kɘmia.
আমরা আনা দেখেছিলাম।,We saw the anna.,alɛlɛ ana ɲɛlkeda.
"তারা শিশু সাহায্য করবে, কিন্তু মানুষ সাহায্য করবে না।","They will help the child, but do not help the person.",oŋko d̪ɔ gid̪ɾɘ gɔɽɔa mɛnkʰan hɔɽ bako gɔɽɔa.
তারা জ্ঞান ও ব্যাখ্যা দেখবে।,They will see the knowledge and the explanation.,oŋko d̪ɔ bʰas aɾ bejan ɲɛla.
তাদের ডায়াবেটিস ভালো।,Their diabetes is good.,oŋkoaʔ bəhumut d̪ɔ mɔ̃ɟa.
নামাটি ভালো।,The descent is good.,anãɽgo d̪ɔ mɔ̃ɟa.
গ্রামে একটি বিদ্যা আছে।,There is a learning in the village.,at̪oɾɛ bidiə̯ menaa.
"তুমি মোবাইল ফোন বিক্রি করবে, কিন্তু ঘড়ি বিক্রি করবে না।","You will sell the mobile phone, but do not sell the watch.",am d̪ɔ mɔbaĭl pʰon ɘkʰɾiɲa mɛnkʰan gʰuɽi bam ɘkʰɾiɲa.
আজ আমি মাছ কিনে স্কুলে খেলব।,"Today, I buy the fish and then play in the school.",t̪eheɲɾɛ iɲ haku kiɾiɲkat̪ɛ iskulɾɛ gat̪ea.
আমরা প্রসবোত্তর নাড়ি দেখেছি।,We have seen the afterbirth placenta.,alɛ d̪ɔ baha āowāɾ ɲɛlakada.
আমাদের আত্মা নতুন।,Our soul is new.,alɛaʔ atma d̪ɔ nɔwaa.
এক প্রজাতির মাছটি গুরুত্বপূর্ণ।,The species of fish is important.,badʰoɽ d̪ɔ ɟɘɾuɽa.
পাড়াে একটি দেবতা আছে।,There is a deity in the neighbourhood.,aɖe paseɾɛ bʰokta menaa.
তোমরা অভিযোগকারী ও আস্থা দেখবে।,You all will see the accuser and the confidence.,apɛ d̪ɔ bədi aɾ baɾsa ɲɛla.
পাড়াে একটি চুল্লি আছে।,There is a furnace in the neighbourhood.,aɖe paseɾɛ bʰaʈa menaa.
আজ তোমরা মোবাইল ফোন কিনে শহরে আসবে।,"Today, you all buy the mobile phone and then come to the town.",t̪eheɲɾɛ apɛ mɔbaĭl pʰon kiɾiɲkat̪ɛ sɔhɔɽɾɛ hiɟuʔa.
তারা অসুস্থতা ও সন্ধ্যাকাল দেখবে।,They will see the sickness and the eventide.,oŋko d̪ɔ bigʰin aɾ əjup̕ pajaɾ ɲɛla.
তোমার বাদ্যযন্ত্র গুরুত্বপূর্ণ।,Your musical instrument is important.,amaʔ bad͡ʒa d̪ɔ ɟɘɾuɽa.
নদীতে একটি ব্যাগ আছে।,There is a bag in the river.,gaɖaɾɛ bɛg menaa.
সকালে তোমরা পাঠ পড়ে কুয়ায় খেলবে।,"In the morning, you all study the lesson and then play in the well.",sɛt̪aʔɾɛ apɛ sikʰnɘt̪ paɽha͡o̯kat̪ɛ kuɲɾɛ gat̪ea.
"তুমি মাছ খাবে, কিন্তু মাছ খাবে না।","You will eat the fish, but do not eat the fish.",am d̪ɔ haku ɟɔma mɛnkʰan haku bam ɟɔma.
কুয়ায় একটি ডুমুর গাছের এক প্রজাতি আছে।,There is a fig tree in the well.,kuɲɾɛ əɲd͡ʒiɾ menaa.
আমাদের হ্রদ পরিষ্কার।,Our lake is clean.,alɛaʔ ɟɔla d̪ɔ sapʰaa.
আজ আমি মাছ কিনে গ্রামে কাজ করব।,"Today, I buy the fish and then work in the village.",t̪eheɲɾɛ iɲ haku kiɾiɲkat̪ɛ at̪oɾɛ kɘmia.
আমাদের রোগ গুরুত্বপূর্ণ।,Our illness is important.,alɛaʔ ɾu̯͡ɘ d̪ɔ ɟɘɾuɽa.
আমাদের প্রকার নতুন।,Our kinds is new.,alɛaʔ bʰə̃t d̪ɔ nɔwaa.
কুয়ায় একটি ফ্যাথম আছে।,There is a fathom in the well.,kuɲɾɛ aɾpa menaa.
গতকাল তারা ঔষধ কিনে গ্রামে আসবে।,"Yesterday, they buy the medicine and then come to the village.",hɔlaɾɛ oŋko ɾan kiɾiɲkat̪ɛ at̪oɾɛ hiɟuʔa.
কুয়ায় একটি ব্যবসায়ী আছে।,There is a trader in the well.,kuɲɾɛ bepaɾi menaa.
তোমাদের অশান্তি গুরুত্বপূর্ণ।,Your unrest is important.,apɛaʔ bɛtʰiɾ d̪ɔ ɟɘɾuɽa.
সে লজ্জা দেখবে।,He/she will see the shame.,uni d̪ɔ bʰɔɾɔm ɲɛla.
উঠানে একটি আসা-যাওয়া আছে।,There is a coming & going in the courtyard of house.,bəteɾɛ ana gona menaa.
বিস্তীর্ণ ভূমিে একটি ছুতার আছে।,There is a carpenter in the wide expanse of land.,bilənɾɛ bəɖʰi menaa.
তুমি ফ্যাথম দেখেছিলে।,You saw the fathom.,amɛm aɾpa ɲɛlkeda.
আমার পা নতুন।,My leg is new.,iɲaʔ ɟaŋga d̪ɔ nɔwaa.
সেই সময় আমরা পরিমাপ দেখে নদীতে আসব।,"At that time, we see the measure and then come to the river.",ɔkt̪ɛɾɛ alɛ ae̯ ɲɛlkat̪ɛ gaɖaɾɛ hiɟuʔa.
অকাল জন্মটি পরিষ্কার।,The premature birth is clean.,adpakolia d̪ɔ sapʰaa.
তোমার কাজ নতুন।,Your work is new.,amaʔ kɘmi d̪ɔ nɔwaa.
গতকাল তারা ভাষা পড়ে শহরে আসবে।,"Yesterday, they study the language and then come to the town.",hɔlaɾɛ oŋko pɘɾsi paɽha͡o̯kat̪ɛ sɔhɔɽɾɛ hiɟuʔa.
সেই সময় তারা ভাষা পড়ে হ্রদে কাজ করবে।,"At that time, they study the language and then work in the lake.",ɔkt̪ɛɾɛ oŋko pɘɾsi paɽha͡o̯kat̪ɛ ɟɔlaɾɛ kɘmia.
ছুতারটি গুরুত্বপূর্ণ।,The carpenter is important.,bəɖʰi d̪ɔ ɟɘɾuɽa.
আমরা অভিযোগকারী দেখব।,We will see the accuser.,alɛ d̪ɔ bədi ɲɛla.
জারজটি আনন্দের।,The bastard is happy.,bidʰuə̯ d̪ɔ ɾɘskɘa.
তাদের স্কুল গুরুত্বপূর্ণ।,Their school is important.,oŋkoaʔ iskul d̪ɔ ɟɘɾuɽa.
আমি অজ্ঞতা দেখব না।,I do not see the ignorance.,iɲ d̪ɔ bʰut͡ʃ bɘɲ ɲɛla.
অপচয়টি নতুন।,The waste is new.,apt͡ʃo d̪ɔ nɔwaa.
গতকাল তুমি ভাষা লিখে নদীতে যাবে।,"Yesterday, you write the language and then go to the river.",hɔlaɾɛ am pɘɾsi ɔlɔʔkat̪ɛ gaɖaɾɛ calaʔa.
বাসস্থানে একটি শুকর আছে।,There is a pig in the residence.,basaɾɛ suk̚ɾi menaa.
সেই সময় তোমরা মাছ কিনে হ্রদে আসবে।,"At that time, you all buy the fish and then come to the lake.",ɔkt̪ɛɾɛ apɛ haku kiɾiɲkat̪ɛ ɟɔlaɾɛ hiɟuʔa.
পাড়াে একটি বেঞ্চ আছে।,There is a bench in the neighbourhood.,aɖe paseɾɛ beɲt͡ʃ menaa.
পাড়াে একটি জারজ আছে।,There is a bastard in the neighbourhood.,aɖe paseɾɛ bidʰuə̯ menaa.
সকালে তারা ভাষা পড়ে কুয়ায় কাজ করবে।,"In the morning, they study the language and then work in the well.",sɛt̪aʔɾɛ oŋko pɘɾsi paɽha͡o̯kat̪ɛ kuɲɾɛ kɘmia.
বাসস্থানে একটি রোগ আছে।,There is an illness in the residence.,basaɾɛ ɾu̯͡ɘ menaa.
আজ তারা ঔষধ কিনে নদীতে কাজ করবে।,"Today, they buy the medicine and then work in the river.",t̪eheɲɾɛ oŋko ɾan kiɾiɲkat̪ɛ gaɖaɾɛ kɘmia.
সেই সময় তোমরা ভাষা পড়ে কুয়ায় খেলবে।,"At that time, you all study the language and then play in the well.",ɔkt̪ɛɾɛ apɛ pɘɾsi paɽha͡o̯kat̪ɛ kuɲɾɛ gat̪ea.
তোমাদের জারজ আনন্দের।,Your bastard is happy.,apɛaʔ bidʰuə̯ d̪ɔ ɾɘskɘa.
ভানটি পরিষ্কার।,The pretence is clean.,aɽsa d̪ɔ sapʰaa.
আমাদের জোনাকি পরিষ্কার।,Our firefly is clean.,alɛaʔ bakd͡ʒunu d̪ɔ sapʰaa.
আমরা ব্যাগ দেখব।,We will see the bag.,alɛ d̪ɔ bɛg ɲɛla.
তারা বকেয়া দেখেছে।,They have seen the arrears.,oŋko d̪ɔ bəki ɲɛlakada.
গাড়ির চাকায় লাগানো খিলটি পরিষ্কার।,The cog put before a cartwheel is clean.,baɳdʰi d̪ɔ sapʰaa.
আমি বারান্দা দেখব না।,I do not see the verandah.,iɲ d̪ɔ baɾaɳda bɘɲ ɲɛla.
তার দেবতা ভালো।,His/her deity is good.,uniaʔ bʰokta d̪ɔ mɔ̃ɟa.
তোমাদের বাদ পড়া ভালো।,Your omission is good.,apɛaʔ bʰul t͡ʃuk d̪ɔ mɔ̃ɟa.
আজ তারা ভাষা লিখে হ্রদে যাবে।,"Today, they write the language and then go to the lake.",t̪eheɲɾɛ oŋko pɘɾsi ɔlɔʔkat̪ɛ ɟɔlaɾɛ calaʔa.
গতকাল আমি ঔষধ কিনে শহরে কাজ করব।,"Yesterday, I buy the medicine and then work in the town.",hɔlaɾɛ iɲ ɾan kiɾiɲkat̪ɛ sɔhɔɽɾɛ kɘmia.
সেই সময় আমি পানি পান করে গ্রামে কাজ করব।,"At that time, I drink the water and then work in the village.",ɔkt̪ɛɾɛ iɲ d̪aʔ ɲukat̪ɛ at̪oɾɛ kɘmia.
সকালে আমরা দুধ পান করে কুয়ায় যাব।,"In the morning, we drink the milk and then go to the well.",sɛt̪aʔɾɛ alɛ t̪o̯͡a ɲukat̪ɛ kuɲɾɛ calaʔa.
তারা বালতি দেখেছিল।,They saw the bucket.,oŋkoko bəlʈi ɲɛlkeda.
বাসস্থানে একটি পাল (নৌকার) আছে।,There is a sail in the residence.,basaɾɛ baɖɔm menaa.
ফুলটি ভালো।,The flower is good.,baha d̪ɔ mɔ̃ɟa.
সকালে আমরা মাছ কিনে স্কুলে খেলব।,"In the morning, we buy the fish and then play in the school.",sɛt̪aʔɾɛ alɛ haku kiɾiɲkat̪ɛ iskulɾɛ gat̪ea.
"তুমি কথা পড়বে, কিন্তু ভাষা পড়বে না।","You will study the word, but do not study the language.",am d̪ɔ kat̪ʰa paɽha͡o̯a mɛnkʰan pɘɾsi bam paɽha͡o̯a.
সে জাদুবিদ্যা দেখেছিল।,He/she saw the sorcery.,unii̯ ban ɲɛlkeda.
সকালে তুমি কথা লিখে কুয়ায় খেলবে।,"In the morning, you write the word and then play in the well.",sɛt̪aʔɾɛ am kat̪ʰa ɔlɔʔkat̪ɛ kuɲɾɛ gat̪ea.
সেই সময় তারা সন্ধ্যা দেখে হ্রদে আসবে।,"At that time, they see the evening and then come to the lake.",ɔkt̪ɛɾɛ oŋko əjup̕ ɲɛlkat̪ɛ ɟɔlaɾɛ hiɟuʔa.
গতকাল সে দুধ পান করে নদীতে যাবে।,"Yesterday, he/she drink the milk and then go to the river.",hɔlaɾɛ uni t̪o̯͡a ɲukat̪ɛ gaɖaɾɛ calaʔa.
তার বিদেশী আনন্দের।,His/her foreigner is happy.,uniaʔ bidesiə̯ d̪ɔ ɾɘskɘa.
আমার মাফ (হাতঢাকা) ভালো।,My muff is good.,iɲaʔ bembʰa d̪ɔ mɔ̃ɟa.
উঠানে একটি প্রতিবেশী আছে।,There is a neighbours in the courtyard of house.,bəteɾɛ aɖepaseɾenko menaa.
আমাদের অকাল জন্ম ভালো।,Our premature birth is good.,alɛaʔ adpakolia d̪ɔ mɔ̃ɟa.
তোমার ছবি গুরুত্বপূর্ণ।,Your photo is important.,amaʔ pʰɔʈɔ d̪ɔ ɟɘɾuɽa.
তার পদ্য পরিষ্কার।,His/her verse is clean.,uniaʔ ae̯t d̪ɔ sapʰaa.
দোষটি নতুন।,The fault is new.,əpəi̯ d̪ɔ nɔwaa.
তোমার বেল্টের ক্ল্যাপ পরিষ্কার।,Your belt clasp is clean.,amaʔ bəkuk̕ d̪ɔ sapʰaa.
গতকাল আমরা মোবাইল ফোন কিনে বাড়িতে যাব।,"Yesterday, we buy the mobile phone and then go to the house.",hɔlaɾɛ alɛ mɔbaĭl pʰon kiɾiɲkat̪ɛ ɔɽaʔɾɛ calaʔa.
তার বাজার পরিষ্কার।,His/her bazaar is clean.,uniaʔ bad͡ʒaɾ d̪ɔ sapʰaa.
তুমি বিরক্তি দেখেছিলে।,You saw the annoyance.,amɛm əɽis ɲɛlkeda.
"তুমি ঔষধ কিনবে, কিন্তু ঔষধ কিনবে না।","You will buy the medicine, but do not buy the medicine.",am d̪ɔ ɾan kiɾiɲa mɛnkʰan ɾan bam kiɾiɲa.
বাসস্থানে একটি গান আছে।,There is a song in the dwelling place.,basɾɛ seɾeɲ menaa.
বাসস্থানে একটি পাঠ আছে।,There is a lesson in the residence.,basaɾɛ sikʰnɘt̪ menaa.
"তুমি মা সাহায্য করবে, কিন্তু মানুষ সাহায্য করবে না।","You will help the mother, but do not help the person.",am d̪ɔ gɔgɔ gɔɽɔa mɛnkʰan hɔɽ bam gɔɽɔa.
গুহাে একটি বাজার আছে।,There is a bazaar in the cave.,bʰugək̕ɾɛ bad͡ʒaɾ menaa.
আমি বাজার ও ব্যাকরণ দেখব।,I will see the bazaar and the grammar.,iɲ d̪ɔ bad͡ʒaɾ aɾ bejakaɾan ɲɛla.
আমি লজ্জা দেখব।,I will see the shame.,iɲ d̪ɔ bʰɔɾɔm ɲɛla.
সকালে আমি কথা পড়ে বাড়িতে খেলব।,"In the morning, I study the word and then play in the house.",sɛt̪aʔɾɛ iɲ kat̪ʰa paɽha͡o̯kat̪ɛ ɔɽaʔɾɛ gat̪ea.
আজ আমি বালিশ দেখে নদীতে আসব।,"Today, I see the pillow and then come to the river.",t̪eheɲɾɛ iɲ bəlis ɲɛlkat̪ɛ gaɖaɾɛ hiɟuʔa.
আমি ছোট কুঠার ও শ্রাইক পাখি দেখব।,I will see the small adze and the shrike.,iɲ d̪ɔ bəslə aɾ bagʰa kɛɾkeʈa ɲɛla.
আমি শ্বাস ও অপচয় দেখব।,I will see the breath and the waste.,iɲ d̪ɔ bao̯ aɾ apt͡ʃo ɲɛla.
তোমার পরাজয় ভালো।,Your beating is good.,amaʔ alao̯ d̪ɔ mɔ̃ɟa.
গতকাল আমরা ভাষা পড়ে বাড়িতে আসব।,"Yesterday, we study the language and then come to the house.",hɔlaɾɛ alɛ pɘɾsi paɽha͡o̯kat̪ɛ ɔɽaʔɾɛ hiɟuʔa.
উলটি পরিষ্কার।,The wool is clean.,bʰiɖi up̕ d̪ɔ sapʰaa.
ইংল্যান্ডে একটি মাথা ঘোরা আছে।,There is a vertigo in the england.,bilətɾɛ bʰãoɾi menaa.
আমার পিঁপড়া ভালো।,My ant is good.,iɲaʔ muc̚ʔ d̪ɔ mɔ̃ɟa.
গতকাল তারা মাছ কিনে গ্রামে যাবে।,"Yesterday, they buy the fish and then go to the village.",hɔlaɾɛ oŋko haku kiɾiɲkat̪ɛ at̪oɾɛ calaʔa.
আমি জিহ্বা দেখেছিলাম।,I saw the tongue.,iɲiɲ alaŋ ɲɛlkeda.
"সে মধু খাবে, কিন্তু খাবার খাবে না।","He/she will eat the honey, but does not eat the food.",uni d̪ɔ ɲɛlɛɾasa ɟɔma mɛnkʰan ɟɔmaʔ bai̯ ɟɔma.
তার বাদ পড়া পরিষ্কার।,His/her omission is clean.,uniaʔ bʰul t͡ʃuk d̪ɔ sapʰaa.
সেই সময় সে কথা পড়ে কুয়ায় যাবে।,"At that time, he/she study the word and then go to the well.",ɔkt̪ɛɾɛ uni kat̪ʰa paɽha͡o̯kat̪ɛ kuɲɾɛ calaʔa.
তার স্কুল পরিষ্কার।,His/her school is clean.,uniaʔ iskul d̪ɔ sapʰaa.
শোকটি গুরুত্বপূর্ণ।,The grief is important.,bedna d̪ɔ ɟɘɾuɽa.
গ্রামে একটি অনুচিত আচরণ আছে।,There is an impropriety in the village.,at̪oɾɛ baŋ ganok̕ak̕ menaa.
তোমরা পিঁপড়া দেখেছিলে।,You all saw the ant.,apɛpɛ muc̚ʔ ɲɛlkeda.
দুইটি পরিষ্কার।,The two is clean.,baɾ d̪ɔ sapʰaa.
ভাদ্র মাসটি ভালো।,The august-september is good.,bʰadɔɾ d̪ɔ mɔ̃ɟa.
আমাদের রক্তমূত্র গুরুত্বপূর্ণ।,Our haematuria is important.,alɛaʔ aɾak̕ d͡ʒʰaɾ d̪ɔ ɟɘɾuɽa.
তোমার হরিণ ভালো।,Your buck is good.,amaʔ badaɾ d̪ɔ mɔ̃ɟa.
গতকাল তোমরা মোবাইল ফোন কিনে গ্রামে কাজ করবে।,"Yesterday, you all buy the mobile phone and then work in the village.",hɔlaɾɛ apɛ mɔbaĭl pʰon kiɾiɲkat̪ɛ at̪oɾɛ kɘmia.
বাসস্থানে একটি সতর্কবাণী আছে।,There is an alarm in the dwelling place.,basɾɛ bʰāe menaa.
সেই সময় তুমি মাছ কিনে কুয়ায় খেলবে।,"At that time, you buy the fish and then play in the well.",ɔkt̪ɛɾɛ am haku kiɾiɲkat̪ɛ kuɲɾɛ gat̪ea.
আমরা গবাদিপশুর পাতলা পায়খানা ও দেওয়াল দেখব।,We will see the scouring in cattle and the wall.,alɛ d̪ɔ aɽhəi̯ə aɾ bʰit ɲɛla.
স্কুলে একটি বেঁকানো যন্ত্র আছে।,There is a brace for boring in the school.,iskulɾɛ bʰãoɾa menaa.
নিকটবর্তী এলাকাে একটি বেত গাছ আছে।,There is a rattan in the vicinity.,aɖe ʈolaɾɛ bɛ̃t menaa.
বাসস্থানে একটি পক্ষাঘাত আছে।,There is a hemiplegia in the dwelling place.,basɾɛ aɾdʰəŋgi menaa.
গতকাল তুমি দুধ পান করে শহরে খেলবে।,"Yesterday, you drink the milk and then play in the town.",hɔlaɾɛ am t̪o̯͡a ɲukat̪ɛ sɔhɔɽɾɛ gat̪ea.
তার পাঠ গুরুত্বপূর্ণ।,His/her lesson is important.,uniaʔ sikʰnɘt̪ d̪ɔ ɟɘɾuɽa.
সকালে আমরা কথা পড়ে কুয়ায় আসব।,"In the morning, we study the word and then come to the well.",sɛt̪aʔɾɛ alɛ kat̪ʰa paɽha͡o̯kat̪ɛ kuɲɾɛ hiɟuʔa.
তুমি তরকারি দেখবে না।,You do not see the vegetables.,am d̪ɔ aɽak̕ sakam bam ɲɛla.
তুমি ছাগলের বিষ্ঠা দেখেছিলে।,You saw the goat's dropping.,amɛm bʰelə̃uɳɖi ɲɛlkeda.
আড়ালে একটি ডাক্তার আছে।,There is a doctor in the covert.,ao̯tanɾɛ ɖak̚t̪aɾ menaa.
সেই সময় তোমরা ভাড়া দেখে শহরে যাবে।,"At that time, you all see the fare and then go to the town.",ɔkt̪ɛɾɛ apɛ bʰaɽa ɲɛlkat̪ɛ sɔhɔɽɾɛ calaʔa.
"তারা জোর খাটানো শ্রম দেখবে, কিন্তু শস্য দেখবে না।","They will see the forced labour, but do not see the grain.",oŋko d̪ɔ begaɾ ɲɛla mɛnkʰan an bako ɲɛla.
গতকাল আমি খাবার খেয়ে গ্রামে আসব।,"Yesterday, I eat the food and then come to the village.",hɔlaɾɛ iɲ ɟɔmaʔ ɟɔmkat̪ɛ at̪oɾɛ hiɟuʔa.
তোমরা আচরণ ও ঝোপঝাড় দেখবে।,You all will see the conduct and the shrub.,apɛ d̪ɔ at͡ʃaɾ beo̯haɾ aɾ akao̯na ɲɛla.
নিকটবর্তী এলাকাে একটি আমড়া (ফল) আছে।,There is a hog plum in the vicinity.,aɖe ʈolaɾɛ bədʰiə̯ menaa.
আমরা খিঁচুনি দেখেছি।,We have seen the convulsions.,alɛ d̪ɔ ḅahiɾ bəi̯ ɲɛlakada.
আমি দল দেখেছিলাম।,I saw the group.,iɲiɲ aɖa ɲɛlkeda.
তুমি গ্রাম দেখেছিলে।,You saw the village.,amɛm ato ɲɛlkeda.
"সে খাবার পাবে, কিন্তু খাবার পাবে না।","He/she will get the food, but does not get the food.",uni d̪ɔ ɟɔmaʔ ɲama mɛnkʰan ɟɔmaʔ bai̯ ɲama.
সেই সময় তুমি রান্না খেয়ে শহরে কাজ করবে।,"At that time, you eat the cooked food and then work in the town.",ɔkt̪ɛɾɛ am basaŋ ɟɔmkat̪ɛ sɔhɔɽɾɛ kɘmia.
পুরস্কারটি ভালো।,The prize is good.,bəksis d̪ɔ mɔ̃ɟa.
আড়ালে একটি ছাগলের বিষ্ঠা আছে।,There is a goat's dropping in the covert.,ao̯tanɾɛ bʰelə̃uɳɖi menaa.
আজ তুমি কথা লিখে কুয়ায় কাজ করবে।,"Today, you write the word and then work in the well.",t̪eheɲɾɛ am kat̪ʰa ɔlɔʔkat̪ɛ kuɲɾɛ kɘmia.
তোমরা নুন-তামাকের ফেরিওয়ালা দেখবে।,You all will see the pedlar of salt and tobacco.,apɛ d̪ɔ bə̃ɽiə̯̃ ɲɛla.
গ্রামে একটি তুরহী আছে।,There is a trumpet in the village.,at̪oɾɛ bakea̯ menaa.
তোমরা আফিম ও নেতা দেখবে।,You all will see the opium and the leader.,apɛ d̪ɔ əpʰim aɾ aglaha ɲɛla.
"তুমি খাবার খাবে, কিন্তু মধু খাবে না।","You will eat the food, but do not eat the honey.",am d̪ɔ ɟɔmaʔ ɟɔma mɛnkʰan ɲɛlɛɾasa bam ɟɔma.
সকালে তারা মোবাইল ফোন কিনে নদীতে কাজ করবে।,"In the morning, they buy the mobile phone and then work in the river.",sɛt̪aʔɾɛ oŋko mɔbaĭl pʰon kiɾiɲkat̪ɛ gaɖaɾɛ kɘmia.
তার রীতি নতুন।,His/her customs is new.,uniaʔ at͡ʃaɾ d̪ɔ nɔwaa.
সন্ন্যাসীটি গুরুত্বপূর্ণ।,The ascetic is important.,ətit d̪ɔ ɟɘɾuɽa.
আমার ভ্রাতৃত্ব অনুষ্ঠান পরিষ্কার।,My brotherhood ceremony is clean.,iɲaʔ bã̠ihə̃ d̪ɔ sapʰaa.
আজ আমরা মধু খেয়ে হ্রদে যাব।,"Today, we eat the honey and then go to the lake.",t̪eheɲɾɛ alɛ ɲɛlɛɾasa ɟɔmkat̪ɛ ɟɔlaɾɛ calaʔa.
আড়ালে একটি ঔষধ আছে।,There is a medicine in the covert.,ao̯tanɾɛ ɾan menaa.
"তোমরা দুধ দেখবে, কিন্তু লজ্জা দেখবে না।","You all will see the milk, but do not see the shame.",apɛ d̪ɔ t̪o̯͡a ɲɛla mɛnkʰan bʰɔɾɔm bapɛ ɲɛla.
আজ তুমি ব্যবসায়ী দেখে স্কুলে যাবে।,"Today, you see the trader and then go to the school.",t̪eheɲɾɛ am bepaɾi ɲɛlkat̪ɛ iskulɾɛ calaʔa.
বাসস্থানে একটি বকেয়া আছে।,There is an arrears in the dwelling place.,basɾɛ bəki menaa.
আমাদের গ্রাম নতুন।,Our village is new.,alɛaʔ at̪o d̪ɔ nɔwaa.
সকালে তোমরা খাবার খেয়ে স্কুলে কাজ করবে।,"In the morning, you all eat the food and then work in the school.",sɛt̪aʔɾɛ apɛ ɟɔmaʔ ɟɔmkat̪ɛ iskulɾɛ kɘmia.
গতকাল তারা বাহু দেখে বাড়িতে যাবে।,"Yesterday, they see the arm and then go to the house.",hɔlaɾɛ oŋko bə̃hi ɲɛlkat̪ɛ ɔɽaʔɾɛ calaʔa.
তাদের কাঠের খুঁটি গুরুত্বপূর্ণ।,Their wooden pin is important.,oŋkoaʔ bʰaɲd͡ʒ kʰuɳʈi d̪ɔ ɟɘɾuɽa.
তারা ভাষা দেখেছে।,They have seen the language.,oŋko d̪ɔ bʰaka ɲɛlakada.
সকালে সে খাবার কিনে হ্রদে যাবে।,"In the morning, he/she buy the food and then go to the lake.",sɛt̪aʔɾɛ uni ɟɔmaʔ kiɾiɲkat̪ɛ ɟɔlaɾɛ calaʔa.
সে পরিষদ দেখবে।,He/she will see the council.,uni d̪ɔ bəi̯si ɲɛla.
সকালে তোমরা মধু খেয়ে শহরে আসবে।,"In the morning, you all eat the honey and then come to the town.",sɛt̪aʔɾɛ apɛ ɲɛlɛɾasa ɟɔmkat̪ɛ sɔhɔɽɾɛ hiɟuʔa.
তারা অগ্রিম টাকা দেখবে।,They will see the advance.,oŋko d̪ɔ bae̯na ɲɛla.
তুমি কাঠের খুঁটি ও নভেম্বর–ডিসেম্বর দেখবে।,You will see the wooden pin and the november–december.,am d̪ɔ bʰaɲd͡ʒ kʰuɳʈi aɾ agʰãɽ ɲɛla.
তাদের প্রতারক আনন্দের।,Their deceiver is happy.,oŋkoaʔ bʰataha d̪ɔ ɾɘskɘa.
সকালে তারা ভাষা লিখে বাড়িতে খেলবে।,"In the morning, they write the language and then play in the house.",sɛt̪aʔɾɛ oŋko pɘɾsi ɔlɔʔkat̪ɛ ɔɽaʔɾɛ gat̪ea.
"আমরা বাধা দেখব, কিন্তু গাঁজা দেখব না।","We will see the hitch, but do not see the hemp drug.",alɛ d̪ɔ bəndʰi ɲɛla mɛnkʰan bʰaŋ balɛ ɲɛla.
বাসস্থানে একটি বেত গাছ আছে।,There is a rattan in the residence.,basaɾɛ bɛ̃t menaa.
বিস্তীর্ণ ভূমিে একটি অবিচার আছে।,There is an injustice in the wide expanse of land.,bilənɾɛ aneã̯o menaa.
সেই সময় তোমরা উদ্বৃত্ত দেখে স্কুলে কাজ করবে।,"At that time, you all see the surplus and then work in the school.",ɔkt̪ɛɾɛ apɛ bətil ɲɛlkat̪ɛ iskulɾɛ kɘmia.
"তারা এক প্রজাতির কুঁচলা মাছ দেখবে, কিন্তু রবিবার দেখবে না।","They will see the a species of eel, but do not see the sunday.",oŋko d̪ɔ bəmbi ɲɛla mɛnkʰan aʈʰawaɾ bako ɲɛla.
উই পোকাটি আনন্দের।,The termite is happy.,bʰuku d̪ɔ ɾɘskɘa.
সেই সময় আমরা মজুরি দেখে নদীতে কাজ করব।,"At that time, we see the wages and then work in the river.",ɔkt̪ɛɾɛ alɛ bən ɲɛlkat̪ɛ gaɖaɾɛ kɘmia.
সে বড় ইঁদুর ও নিষেধাত্মক উপসর্গ দেখবে।,He/she will see the bandicoot rat and the privative prefix.,uni d̪ɔ bʰus goɖo aɾ an ɲɛla.
আমরা অভাব ও হুক দেখব।,We will see the dearth and the hook.,alɛ d̪ɔ akal aɾ əŋkus ɲɛla.
তোমার বোঝা গুরুত্বপূর্ণ।,Your load is important.,amaʔ bʰaɾ d̪ɔ ɟɘɾuɽa.
তুমি পিঁপড়া ও রাখাল দেখবে।,You will see the ant and the shepherd.,am d̪ɔ muc̚ʔ aɾ bʰiɖi gupitic̕ ɲɛla.
গ্রামে একটি শোক আছে।,There is a grief in the village.,at̪oɾɛ bedna menaa.
গতকাল তোমরা দুধ পান করে নদীতে যাবে।,"Yesterday, you all drink the milk and then go to the river.",hɔlaɾɛ apɛ t̪o̯͡a ɲukat̪ɛ gaɖaɾɛ calaʔa.
তোমাদের ভেড়া আনন্দের।,Your sheep is happy.,apɛaʔ bʰiɖi d̪ɔ ɾɘskɘa.
সেই সময় আমরা নির্ভরতা দেখে গ্রামে আসব।,"At that time, we see the reliance and then come to the village.",ɔkt̪ɛɾɛ alɛ bʰaɾsa ɲɛlkat̪ɛ at̪oɾɛ hiɟuʔa.
বিস্তীর্ণ ভূমিে একটি পুরস্কার আছে।,There is a prize in the wide expanse of land.,bilənɾɛ bəksis menaa.
"তারা লক্ষ্যবস্তু দেখবে, কিন্তু বাষ্প দেখবে না।","They will see the target, but do not see the vapour.",oŋko d̪ɔ bed͡ʒʰa ɲɛla mɛnkʰan bʰap bako ɲɛla.
নিরামিষাশীটি গুরুত্বপূর্ণ।,The vegetarian is important.,bʰagat d̪ɔ ɟɘɾuɽa.
ব্যাকরণটি ভালো।,The grammar is good.,bejakaɾan d̪ɔ mɔ̃ɟa.
সেই সময় তারা মোবাইল ফোন কিনে স্কুলে কাজ করবে।,"At that time, they buy the mobile phone and then work in the school.",ɔkt̪ɛɾɛ oŋko mɔbaĭl pʰon kiɾiɲkat̪ɛ iskulɾɛ kɘmia.
বাসস্থানে একটি ঋতু আছে।,There is a season in the dwelling place.,basɾɛ bataɾ menaa.
আজ আমি খাবার কিনে কুয়ায় খেলব।,"Today, I buy the food and then play in the well.",t̪eheɲɾɛ iɲ ɟɔmaʔ kiɾiɲkat̪ɛ kuɲɾɛ gat̪ea.
নিকটবর্তী এলাকাে একটি দালালি আছে।,There is a commission in the vicinity.,aɖe ʈolaɾɛ baʈa menaa.
তোমাদের নারীজাতি পরিষ্কার।,Your females is clean.,apɛaʔ əi̯məi̯ d͡ʒət d̪ɔ sapʰaa.
আজ তারা মাছ খেয়ে কুয়ায় খেলবে।,"Today, they eat the fish and then play in the well.",t̪eheɲɾɛ oŋko haku ɟɔmkat̪ɛ kuɲɾɛ gat̪ea.
"তারা বিবাহের শোভাযাত্রা দেখবে, কিন্তু পেরিনিয়াল ফোঁড়া দেখবে না।","They will see the marriage procession, but do not see the perineal abscess.",oŋko d̪ɔ bəɾiə̯t ɲɛla mɛnkʰan andʰãɾ gãɳɖ bako ɲɛla.
সেই সময় তারা পাঠ পড়ে কুয়ায় খেলবে।,"At that time, they study the lesson and then play in the well.",ɔkt̪ɛɾɛ oŋko sikʰnɘt̪ paɽha͡o̯kat̪ɛ kuɲɾɛ gat̪ea.
তুমি প্রতিবেশী দেখবে না।,You do not see the neighbours.,am d̪ɔ aɖepaseɾenko bam ɲɛla.
উলটি নতুন।,The wool is new.,bʰiɖi up̕ d̪ɔ nɔwaa.
তোমাদের অভ্র নতুন।,Your mica is new.,apɛaʔ abɾak d̪ɔ nɔwaa.
তোমরা আচরণ ও কাঁকড়া দেখবে।,You all will see the conduct and the crayfish.,apɛ d̪ɔ at͡ʃaɾ beo̯haɾ aɾ bə̃uɳɖi ɲɛla.
বাসস্থানে একটি জন্ম আছে।,There is a birth in the residence.,basaɾɛ biə̯n menaa.
আমার পুরোহিতের রক্তদানের দক্ষিণা ভালো।,My fee to priest who offers his blood is good.,iɲaʔ bəlkəʈi d̪ɔ mɔ̃ɟa.
ইংল্যান্ডে একটি প্রকার আছে।,There is a kinds in the england.,bilətɾɛ bʰə̃t menaa.
সেই সময় আমরা মধু খেয়ে নদীতে আসব।,"At that time, we eat the honey and then come to the river.",ɔkt̪ɛɾɛ alɛ ɲɛlɛɾasa ɟɔmkat̪ɛ gaɖaɾɛ hiɟuʔa.
শহরে একটি সিস্ট টিউমার আছে।,There is a cystic tumour in the town.,sɔhɔɽɾɛ batoɾi menaa.
শহরে একটি চল্লিশ আছে।,There is a forty in the town.,sɔhɔɽɾɛ baɾ isi menaa.
গুহাে একটি দেওয়াল আছে।,There is a wall in the cave.,bʰugək̕ɾɛ bʰit menaa.
আমাদের ঝোপঝাড় পরিষ্কার।,Our shrub is clean.,alɛaʔ akao̯na d̪ɔ sapʰaa.
আমার দেওয়াল নতুন।,My wall is new.,iɲaʔ bʰit d̪ɔ nɔwaa.
বাসস্থানে একটি প্রজন্ম আছে।,There is a generation in the residence.,basaɾɛ bibɔɾɔn menaa.
নদীতে একটি পাড়া আছে।,There is a neighbourhood in the river.,gaɖaɾɛ aɖe pase menaa.
তাদের বিধাতা ভালো।,Their providence is good.,oŋkoaʔ bʰidata d̪ɔ mɔ̃ɟa.
সেই সময় তোমরা ভাষা লিখে স্কুলে খেলবে।,"At that time, you all write the language and then play in the school.",ɔkt̪ɛɾɛ apɛ pɘɾsi ɔlɔʔkat̪ɛ iskulɾɛ gat̪ea.
শহরে একটি মাফ (হাতঢাকা) আছে।,There is a muff in the town.,sɔhɔɽɾɛ bembʰa menaa.
তুমি অর্জন দেখেছ।,You have seen the gain.,am d̪ɔ ae̯ upəi̯ ɲɛlakada.
আমি যন্ত্রপাতি ও বেঁকানো যন্ত্র দেখব।,I will see the appliance and the brace for boring.,iɲ d̪ɔ bandʰec̕ aɾ bʰãoɾa ɲɛla.
আতঙ্কটি ভালো।,The terror is good.,bʰɔɽɔk d̪ɔ mɔ̃ɟa.
সেই সময় আমি কথা লিখে শহরে যাব।,"At that time, I write the word and then go to the town.",ɔkt̪ɛɾɛ iɲ kat̪ʰa ɔlɔʔkat̪ɛ sɔhɔɽɾɛ calaʔa.
সেই সময় সে পানি পান করে গ্রামে যাবে।,"At that time, he/she drink the water and then go to the village.",ɔkt̪ɛɾɛ uni d̪aʔ ɲukat̪ɛ at̪oɾɛ calaʔa.
হ্রদে একটি পা আছে।,There is a foot in the lake.,ɟɔlaɾɛ kaʈa menaa.
গুহাে একটি ভাই আছে।,There is a brother in the cave.,bʰugək̕ɾɛ baɾet menaa.
নিকটবর্তী এলাকাে একটি কসাই আছে।,There is a butcher in the vicinity.,aɖe ʈolaɾɛ bʰut͡ʃəɽ menaa.
স্কুলে একটি প্রসবোত্তর নাড়ি আছে।,There is an afterbirth placenta in the school.,iskulɾɛ baha āowāɾ menaa.
তুমি পরাজয় ও শত্রু দেখবে।,You will see the beating and the enemy.,am d̪ɔ alao̯ aɾ bəi̯ɾi ɲɛla.
যাবপাত্রটি গুরুত্বপূর্ণ।,The fodder is important.,adʰaɾ d̪ɔ ɟɘɾuɽa.
নিকটবর্তী এলাকাে একটি ঝুড়ি আছে।,There is a basket in the vicinity.,aɖe ʈolaɾɛ bʰad͡ʒan menaa.
বাসস্থানে একটি গুজব আছে।,There is a rumour in the residence.,basaɾɛ bʰakaɾa menaa.
সকালে তোমরা রান্না খেয়ে বাড়িতে খেলবে।,"In the morning, you all eat the cooked food and then play in the house.",sɛt̪aʔɾɛ apɛ basaŋ ɟɔmkat̪ɛ ɔɽaʔɾɛ gat̪ea.
তোমার বাদ পড়া নতুন।,Your omission is new.,amaʔ bʰul t͡ʃuk d̪ɔ nɔwaa.
সকালে সে কথা লিখে শহরে যাবে।,"In the morning, he/she write the word and then go to the town.",sɛt̪aʔɾɛ uni kat̪ʰa ɔlɔʔkat̪ɛ sɔhɔɽɾɛ calaʔa.
তুমি এক প্রজাতির মাছ দেখবে।,You will see the species of fish.,am d̪ɔ badʰoɽ ɲɛla.
তোমরা তাঁতের অংশ ও লাভ দেখবে।,You all will see the heddles of loom and the benefit.,apɛ d̪ɔ bade aɾ bapʰa ɲɛla.
বাগানটি পরিষ্কার।,The garden is clean.,bagan d̪ɔ sapʰaa.
গতকাল সে ভাষা লিখে স্কুলে কাজ করবে।,"Yesterday, he/she write the language and then work in the school.",hɔlaɾɛ uni pɘɾsi ɔlɔʔkat̪ɛ iskulɾɛ kɘmia.
তারা হিসাব দেখবে না।,They do not see the account.,oŋko d̪ɔ bil bako ɲɛla.
বিস্তীর্ণ ভূমিে একটি প্রস্থান আছে।,There is a departure in the wide expanse of land.,bilənɾɛ aʈo menaa.
মুখের কর্কট রোগটি ভালো।,The cancer of the face is good.,bandoɾ gali d̪ɔ mɔ̃ɟa.
তোমার উদ্বেগ নতুন।,Your anxiety is new.,amaʔ bʰabna d̪ɔ nɔwaa.
সেই সময় সে পানি পান করে কুয়ায় কাজ করবে।,"At that time, he/she drink the water and then work in the well.",ɔkt̪ɛɾɛ uni d̪aʔ ɲukat̪ɛ kuɲɾɛ kɘmia.
আমি ভাদ্র মাস ও অভিযোগকারী দেখব।,I will see the august-september and the accuser.,iɲ d̪ɔ bʰadɔɾ aɾ bədi ɲɛla.
"তোমরা ভাষা পড়বে, কিন্তু ভাষা পড়বে না।","You all will study the language, but do not study the language.",apɛ d̪ɔ pɘɾsi paɽha͡o̯a mɛnkʰan pɘɾsi bapɛ paɽha͡o̯a.
ইংল্যান্ডে একটি কাপ আছে।,There is a cup in the england.,bilətɾɛ basna menaa.
সকালে আমি মধু খেয়ে স্কুলে কাজ করব।,"In the morning, I eat the honey and then work in the school.",sɛt̪aʔɾɛ iɲ ɲɛlɛɾasa ɟɔmkat̪ɛ iskulɾɛ kɘmia.
তাদের গান গুরুত্বপূর্ণ।,Their song is important.,oŋkoaʔ seɾeɲ d̪ɔ ɟɘɾuɽa.
ইংল্যান্ডে একটি বেঁকানো যন্ত্র আছে।,There is a brace for boring in the england.,bilətɾɛ bʰãoɾa menaa.
সূর্যটি ভালো।,The sun is good.,bela d̪ɔ mɔ̃ɟa.
তোমরা গাড়ির চাকায় লাগানো খিল দেখেছ।,You all have seen the cog put before a cartwheel.,apɛ d̪ɔ baɳdʰi ɲɛlakada.
গুঁড়িটি ভালো।,The trunk is good.,auɳɖ d̪ɔ mɔ̃ɟa.
গুহাে একটি জিহ্বা আছে।,There is a tongue in the cave.,bʰugək̕ɾɛ alaŋ menaa.
নিকটবর্তী এলাকাে একটি ভূগোল আছে।,There is a geography in the vicinity.,aɖe ʈolaɾɛ bʰugol menaa.
সেই সময় তারা ব্যাঙের ডাক দেখে শহরে কাজ করবে।,"At that time, they see the croak of frogs and then work in the town.",ɔkt̪ɛɾɛ oŋko bɛbɛ ɲɛlkat̪ɛ sɔhɔɽɾɛ kɘmia.
তারা ছবি দেখবে না।,They do not see the photo.,oŋko d̪ɔ pʰɔʈɔ bako ɲɛla.
গতকাল আমি দুধ পান করে স্কুলে যাব।,"Yesterday, I drink the milk and then go to the school.",hɔlaɾɛ iɲ t̪o̯͡a ɲukat̪ɛ iskulɾɛ calaʔa.
সকালে তারা ভাষা লিখে স্কুলে যাবে।,"In the morning, they write the language and then go to the school.",sɛt̪aʔɾɛ oŋko pɘɾsi ɔlɔʔkat̪ɛ iskulɾɛ calaʔa.
সেই সময় আমরা খাবার খেয়ে কুয়ায় কাজ করব।,"At that time, we eat the food and then work in the well.",ɔkt̪ɛɾɛ alɛ ɟɔmaʔ ɟɔmkat̪ɛ kuɲɾɛ kɘmia.
উঠানে একটি গুঁড়ি আছে।,There is a trunk in the courtyard of house.,bəteɾɛ auɳɖ menaa.
সেই সময় তুমি পানি পান করে হ্রদে কাজ করবে।,"At that time, you drink the water and then work in the lake.",ɔkt̪ɛɾɛ am d̪aʔ ɲukat̪ɛ ɟɔlaɾɛ kɘmia.
আমাদের আচরণ নতুন।,Our behaviour is new.,alɛaʔ bebɔhaɾ d̪ɔ nɔwaa.
পাড়াে একটি নেতিবাচক আছে।,There is a negative in the neighbourhood.,aɖe paseɾɛ baŋ menaa.
আজ সে ভাষা লিখে শহরে আসবে।,"Today, he/she write the language and then come to the town.",t̪eheɲɾɛ uni pɘɾsi ɔlɔʔkat̪ɛ sɔhɔɽɾɛ hiɟuʔa.
"সে নয় দেখবে, কিন্তু ফার্ন গাছ দেখবে না।","He/she will see the nine, but does not see the fern.",uni d̪ɔ aɾe ɲɛla mɛnkʰan badgot͡ʃak̕ bai̯ ɲɛla.
"আমরা সূর্য দেখব, কিন্তু অভ্যাস দেখব না।","We will see the sun, but do not see the habit.",alɛ d̪ɔ bela ɲɛla mɛnkʰan bʰəsi balɛ ɲɛla.
আমরা ঢাল ও লাগাম দেখব।,We will see the declivity and the bridle.,alɛ d̪ɔ anaɽgo aɾ bag ɲɛla.
আজ আমরা দুই দেখে স্কুলে খেলব।,"Today, we see the two and then play in the school.",t̪eheɲɾɛ alɛ baɾ ɲɛlkat̪ɛ iskulɾɛ gat̪ea.
বাড়িতে একটি শত্রু আছে।,There is an enemy in the house.,ɔɽaʔɾɛ bəi̯ɾi menaa.
তুমি বিনিময় দেখবে।,You will see the exchange.,am d̪ɔ badla ɲɛla.
বাসস্থানে একটি কাজ আছে।,There is a work in the residence.,basaɾɛ kɘmi menaa.
আজ তারা কথা লিখে হ্রদে যাবে।,"Today, they write the word and then go to the lake.",t̪eheɲɾɛ oŋko kat̪ʰa ɔlɔʔkat̪ɛ ɟɔlaɾɛ calaʔa.
স্কুলে একটি অংশীদার আছে।,There is a partner in the school.,iskulɾɛ bʰəgiə̯ɾi menaa.
"আমি মাপদণ্ড দেখব, কিন্তু অবিশ্বাসী দেখব না।","I will see the rod, but do not see the heathen.",iɲ d̪ɔ aɽəni ɖaŋ ɲɛla mɛnkʰan bedin bɘɲ ɲɛla.
আড়ালে একটি বন্যা আছে।,There is a flood in the covert.,ao̯tanɾɛ bəd menaa.
নিকটবর্তী এলাকাে একটি মধু আছে।,There is a honey in the vicinity.,aɖe ʈolaɾɛ ɲɛlɛɾasa menaa.
তোমরা অভাব দেখবে।,You all will see the dearth.,apɛ d̪ɔ akal ɲɛla.
আমি বেতন ও প্রণয়ভঙ্গি দেখব।,I will see the pay and the coquetry.,iɲ d̪ɔ bɛtɔn aɾ əngɾa ɲɛla.
দলটি গুরুত্বপূর্ণ।,The group is important.,aɖa d̪ɔ ɟɘɾuɽa.
আজ আমি মাছ কিনে নদীতে কাজ করব।,"Today, I buy the fish and then work in the river.",t̪eheɲɾɛ iɲ haku kiɾiɲkat̪ɛ gaɖaɾɛ kɘmia.
শহরে একটি অবশিষ্ট আছে।,There is a remainder in the town.,sɔhɔɽɾɛ bəki bɔkɔe̯a menaa.
আমার বুদ্ধি নতুন।,My wisdom is new.,iɲaʔ əkil d̪ɔ nɔwaa.
পাড়াে একটি উই পোকা আছে।,There is a termite in the neighbourhood.,aɖe paseɾɛ bʰuku menaa.
তোমার বাঘ ছোট।,Your tiger is small.,amaʔ t̪ɘɾup̚ʔ d̪ɔ lɘʈua.
শহরে একটি বংশধর আছে।,There is a descendants in the town.,sɔhɔɽɾɛ ãosa bãosa menaa.
আমার বিদেশী ছোট।,My foreigner is small.,iɲaʔ bidesiə̯ d̪ɔ lɘʈua.
সকালে আমরা কথা পড়ে কুয়ায় খেলব।,"In the morning, we study the word and then play in the well.",sɛt̪aʔɾɛ alɛ kat̪ʰa paɽha͡o̯kat̪ɛ kuɲɾɛ gat̪ea.
তোমরা রীতি দেখবে।,You all will see the customs.,apɛ d̪ɔ at͡ʃaɾ ɲɛla.
আমরা বন্য শুকর দেখেছি।,We have seen the boar.,alɛ d̪ɔ bʰatoɽ ɲɛlakada.
আমরা চাষাবাদ দেখব না।,We do not see the cultivation.,alɛ d̪ɔ abad balɛ ɲɛla.
"আমি আতশবাজি দেখব, কিন্তু গরু ডাকার শব্দ দেখব না।","I will see the fireworks, but do not see the cattle call.",iɲ d̪ɔ bʰui̯t͡ʃampa ɲɛla mɛnkʰan bihet̕ bɘɲ ɲɛla.
তাদের ভূগোল নতুন।,Their geography is new.,oŋkoaʔ bʰugol d̪ɔ nɔwaa.
সকালে তারা ভাষা লিখে শহরে যাবে।,"In the morning, they write the language and then go to the town.",sɛt̪aʔɾɛ oŋko pɘɾsi ɔlɔʔkat̪ɛ sɔhɔɽɾɛ calaʔa.
বাসস্থানে একটি গান আছে।,There is a song in the residence.,basaɾɛ seɾeɲ menaa.
তার পরিষদ গুরুত্বপূর্ণ।,His/her council is important.,uniaʔ bəi̯si d̪ɔ ɟɘɾuɽa.
তার বড় ইঁদুর ছোট।,His/her bandicoot rat is small.,uniaʔ bʰus goɖo d̪ɔ lɘʈua.
আমার বাঘ ছোট।,My tiger is small.,iɲaʔ t̪ɘɾup̚ʔ d̪ɔ lɘʈua.
রবিবারটি নতুন।,The sunday is new.,aʈʰawaɾ d̪ɔ nɔwaa.
আমার কাজ নতুন।,My work is new.,iɲaʔ kɘmi d̪ɔ nɔwaa.
পাড়াে একটি লাভ আছে।,There is a benefit in the neighbourhood.,aɖe paseɾɛ bapʰa menaa.
"তোমরা খাবার খাবে, কিন্তু রান্না খাবে না।","You all will eat the food, but do not eat the cooked food.",apɛ d̪ɔ ɟɔmaʔ ɟɔma mɛnkʰan basaŋ bapɛ ɟɔma.
আমার ভাড়া পরিষ্কার।,My fare is clean.,iɲaʔ bʰaɽa d̪ɔ sapʰaa.
আমার টাকা পরিষ্কার।,My money is clean.,iɲaʔ ʈaka d̪ɔ sapʰaa.
নিয়োগকর্তাটি গুরুত্বপূর্ণ।,The employer is important.,ək̕t͡ʃu hɔɽ d̪ɔ ɟɘɾuɽa.
পাড়াে একটি ভাই আছে।,There is a brother in the neighbourhood.,aɖe paseɾɛ bɔ͡i̯ha menaa.
ভোজটি নতুন।,The feast is new.,bʰɔd͡ʒ d̪ɔ nɔwaa.
সেই সময় তারা পোশাক দেখে শহরে খেলবে।,"At that time, they see the apparel and then play in the town.",ɔkt̪ɛɾɛ oŋko ahɾan pahaɾand ɲɛlkat̪ɛ sɔhɔɽɾɛ gat̪ea.
উঠানে একটি ফার্ন গাছ আছে।,There is a fern in the courtyard of house.,bəteɾɛ badgot͡ʃak̕ menaa.
তার ভবিষ্যৎ গুরুত্বপূর্ণ।,His/her future is important.,uniaʔ agam d̪ɔ ɟɘɾuɽa.
সকালে তারা খাবার কিনে গ্রামে কাজ করবে।,"In the morning, they buy the food and then work in the village.",sɛt̪aʔɾɛ oŋko ɟɔmaʔ kiɾiɲkat̪ɛ at̪oɾɛ kɘmia.
তার অবসর গুরুত্বপূর্ণ।,His/her leisure is important.,uniaʔ apʰsoɾ d̪ɔ ɟɘɾuɽa.
তারা সময়কাল দেখেছে।,They have seen the period.,oŋko d̪ɔ ãʈɾe ɲɛlakada.
তারা অগ্রদূত ও অজুহাত দেখবে।,They will see the forerunner and the excuse.,oŋko d̪ɔ əguə̯daɾ aɾ aɾd͡ʒaəɾd͡ʒi ɲɛla.
বাসস্থানে একটি ভাই আছে।,There is a brother in the residence.,basaɾɛ baɾet menaa.
হ্রদে একটি ত্রুটি আছে।,There is a faults in the lake.,ɟɔlaɾɛ bʰul bisoɾ menaa.
সেই সময় সে প্রেমালাপ দেখে শহরে আসবে।,"At that time, he/she see the flirting and then come to the town.",ɔkt̪ɛɾɛ uni əŋgɾa ɲɛlkat̪ɛ sɔhɔɽɾɛ hiɟuʔa.
সকালে তারা পাঠ পড়ে বাড়িতে খেলবে।,"In the morning, they study the lesson and then play in the house.",sɛt̪aʔɾɛ oŋko sikʰnɘt̪ paɽha͡o̯kat̪ɛ ɔɽaʔɾɛ gat̪ea.
তার নক্ষত্রমণ্ডল ভালো।,His/her constellation is good.,uniaʔ ãɾgɔm d̪ɔ mɔ̃ɟa.
আমাদের ভালোবাসা গুরুত্বপূর্ণ।,Our love is important.,alɛaʔ bʰad d̪ɔ ɟɘɾuɽa.
গতকাল আমি খাবার কিনে স্কুলে যাব।,"Yesterday, I buy the food and then go to the school.",hɔlaɾɛ iɲ ɟɔmaʔ kiɾiɲkat̪ɛ iskulɾɛ calaʔa.
সকালে তারা খাবার খেয়ে শহরে যাবে।,"In the morning, they eat the food and then go to the town.",sɛt̪aʔɾɛ oŋko ɟɔmaʔ ɟɔmkat̪ɛ sɔhɔɽɾɛ calaʔa.
গতকাল আমরা মাছ কিনে কুয়ায় যাব।,"Yesterday, we buy the fish and then go to the well.",hɔlaɾɛ alɛ haku kiɾiɲkat̪ɛ kuɲɾɛ calaʔa.
সকালে আমরা ঘড়ি কিনে বাড়িতে আসব।,"In the morning, we buy the watch and then come to the house.",sɛt̪aʔɾɛ alɛ gʰuɽi kiɾiɲkat̪ɛ ɔɽaʔɾɛ hiɟuʔa.
তার নেতা গুরুত্বপূর্ণ।,His/her leader is important.,uniaʔ aglaha d̪ɔ ɟɘɾuɽa.
আশাটি পরিষ্কার।,The expectation is clean.,as d̪ɔ sapʰaa.
গতকাল তারা জোর খাটানো শ্রম দেখে স্কুলে কাজ করবে।,"Yesterday, they see the forced labour and then work in the school.",hɔlaɾɛ oŋko begaɾ ɲɛlkat̪ɛ iskulɾɛ kɘmia.
সকালে তারা উপভাষা দেখে কুয়ায় খেলবে।,"In the morning, they see the dialect and then play in the well.",sɛt̪aʔɾɛ oŋko bahaka ɲɛlkat̪ɛ kuɲɾɛ gat̪ea.
গতকাল তোমরা ঘড়ি কিনে গ্রামে যাবে।,"Yesterday, you all buy the watch and then go to the village.",hɔlaɾɛ apɛ gʰuɽi kiɾiɲkat̪ɛ at̪oɾɛ calaʔa.
বাড়িতে একটি নদী আছে।,There is a river in the house.,ɔɽaʔɾɛ gaɖa menaa.
তোমরা প্রস্থান দেখেছ।,You all have seen the departure.,apɛ d̪ɔ aʈo ɲɛlakada.
গ্রামে একটি পক্ষাঘাত আছে।,There is a hemiplegia in the village.,at̪oɾɛ aɾdʰəŋgi menaa.
গতকাল আমি ভাষা লিখে হ্রদে খেলব।,"Yesterday, I write the language and then play in the lake.",hɔlaɾɛ iɲ pɘɾsi ɔlɔʔkat̪ɛ ɟɔlaɾɛ gat̪ea.
বিস্তীর্ণ ভূমিে একটি গান আছে।,There is a song in the wide expanse of land.,bilənɾɛ seɾeɲ menaa.
আমরা দাদি ও কাজ দেখব।,We will see the grandmother and the occupation.,alɛ d̪ɔ əd͡ʒi aɾ bʰɛd ɲɛla.
তুমি উত্তরাধিকারী ও ভোজ দেখবে।,You will see the heir and the feast.,am d̪ɔ awəsi aɾ bʰɔd͡ʒ ɲɛla.
বাসস্থানে একটি ভাদ্র মাস আছে।,There is an august-september in the dwelling place.,basɾɛ bʰadɔɾ menaa.
একটি বিদেশী কুয়ায় আছে।,One foreigner is in the well.,mit̪ʔʈɛn bidesiə̯ d̪ɔ kuɲɾɛ menaa.
সেই সময় তারা খাবার খেয়ে শহরে যাবে।,"At that time, they eat the food and then go to the town.",ɔkt̪ɛɾɛ oŋko ɟɔmaʔ ɟɔmkat̪ɛ sɔhɔɽɾɛ calaʔa.
"সে আয়ুর্বেদিক উদ্ভিদ দেখবে, কিন্তু নক্ষত্রমণ্ডল দেখবে না।","He/she will see the bishop’s weed, but does not see the constellation.",uni d̪ɔ əd͡ʒuə̯ ɲɛla mɛnkʰan ãɾgɔm bai̯ ɲɛla.
সকালে তারা কথা পড়ে গ্রামে আসবে।,"In the morning, they study the word and then come to the village.",sɛt̪aʔɾɛ oŋko kat̪ʰa paɽha͡o̯kat̪ɛ at̪oɾɛ hiɟuʔa.
বাসস্থানে একটি স্ত্রী আছে।,There is a wife in the residence.,basaɾɛ bəhu menaa.
আমি জোর খাটানো শ্রম দেখেছিলাম।,I saw the forced labour.,iɲiɲ begaɾ ɲɛlkeda.
আজ তোমরা মাছ কিনে হ্রদে কাজ করবে।,"Today, you all buy the fish and then work in the lake.",t̪eheɲɾɛ apɛ haku kiɾiɲkat̪ɛ ɟɔlaɾɛ kɘmia.
সেই সময় সে অসুস্থতা দেখে শহরে যাবে।,"At that time, he/she see the sickness and then go to the town.",ɔkt̪ɛɾɛ uni bigʰin ɲɛlkat̪ɛ sɔhɔɽɾɛ calaʔa.
আমরা বাত রোগ ও কর্তৃত্ব দেখব।,We will see the rheumatism and the authority.,alɛ d̪ɔ bat aɾ adɔl ɲɛla.
শত্রুটি নতুন।,The enemy is new.,bəi̯ɾi d̪ɔ nɔwaa.
আজ আমি ভাদ্র মাস দেখে স্কুলে কাজ করব।,"Today, I see the august-september and then work in the school.",t̪eheɲɾɛ iɲ bʰadɔɾ ɲɛlkat̪ɛ iskulɾɛ kɘmia.
আজ তোমরা বাবা দেখে গ্রামে যাবে।,"Today, you all see the father and then go to the village.",t̪eheɲɾɛ apɛ apa ɲɛlkat̪ɛ at̪oɾɛ calaʔa.
শহরে একটি বুদ্ধি আছে।,There is a wisdom in the town.,sɔhɔɽɾɛ əkil menaa.
তোমাদের গুহা নতুন।,Your cave is new.,apɛaʔ bʰugək̕ d̪ɔ nɔwaa.
বাসস্থানে একটি গুজব আছে।,There is a rumour in the dwelling place.,basɾɛ bʰakaɾa menaa.
আমাদের ভাড়াটে কর্মী ভালো।,Our hired worker is good.,alɛaʔ bənkəɾ d̪ɔ mɔ̃ɟa.
উঠানে একটি ভোজ আছে।,There is a feast in the courtyard of house.,bəteɾɛ bʰɔd͡ʒ menaa.
দেওয়ালটি পরিষ্কার।,The wall is clean.,bʰit d̪ɔ sapʰaa.
শহরে একটি আতশবাজি আছে।,There is a fireworks in the town.,sɔhɔɽɾɛ bʰui̯t͡ʃampa menaa.
তারা ফুল দেখবে না।,They do not see the flower.,oŋko d̪ɔ baha bako ɲɛla.
আজ আমি মাছ খেয়ে নদীতে আসব।,"Today, I eat the fish and then come to the river.",t̪eheɲɾɛ iɲ haku ɟɔmkat̪ɛ gaɖaɾɛ hiɟuʔa.
"সে মাছ বিক্রি করবে, কিন্তু ঘড়ি বিক্রি করবে না।","He/she will sell the fish, but does not sell the watch.",uni d̪ɔ haku ɘkʰɾiɲa mɛnkʰan gʰuɽi bai̯ ɘkʰɾiɲa.
"তারা ঔষধ পাবে, কিন্তু খাবার পাবে না।","They will get the medicine, but do not get the food.",oŋko d̪ɔ ɾan ɲama mɛnkʰan ɟɔmaʔ bako ɲama.
সেই সময় তুমি কথা পড়ে স্কুলে আসবে।,"At that time, you study the word and then come to the school.",ɔkt̪ɛɾɛ am kat̪ʰa paɽha͡o̯kat̪ɛ iskulɾɛ hiɟuʔa.
সেই সময় আমরা পোশাক দেখে কুয়ায় যাব।,"At that time, we see the attire and then go to the well.",ɔkt̪ɛɾɛ alɛ bʰagwa ɲɛlkat̪ɛ kuɲɾɛ calaʔa.
"তারা সুতা দেখবে, কিন্তু চাষাবাদ দেখবে না।","They will see the twine, but do not see the cultivation.",oŋko d̪ɔ babeɾ ɲɛla mɛnkʰan abad bako ɲɛla.
গুহাে একটি নেতিবাচক আছে।,There is a negative in the cave.,bʰugək̕ɾɛ baŋ menaa.
সেই সময় আমি ধনুক দেখে হ্রদে আসব।,"At that time, I see the bow and then come to the lake.",ɔkt̪ɛɾɛ iɲ ak̕ ɲɛlkat̪ɛ ɟɔlaɾɛ hiɟuʔa.
আমি বাচ্চা ঘোড়া দেখেছিলাম।,I saw the colt.,iɲiɲ bat͡ʃʰaɽa sadɔm ɲɛlkeda.
আমার অভ্র গুরুত্বপূর্ণ।,My mica is important.,iɲaʔ abɾak d̪ɔ ɟɘɾuɽa.
গুহাে একটি পাকা রাস্তা আছে।,There is a pavement in the cave.,bʰugək̕ɾɛ bəi̯səu̯ dʰiɾi menaa.
তুমি খড়ের মোটা দড়ি দেখবে।,You will see the thick straw rope.,am d̪ɔ baɾahi ɲɛla.
আমরা বিধাতা ও পুরুষ ভেড়া দেখব।,We will see the providence and the ram.,alɛ d̪ɔ bʰidata aɾ bʰeɖa ɲɛla.
তোমাদের ভালোবাসা ভালো।,Your love is good.,apɛaʔ bʰad d̪ɔ mɔ̃ɟa.
"তারা ঔষধ পাবে, কিন্তু ঔষধ পাবে না।","They will get the medicine, but do not get the medicine.",oŋko d̪ɔ ɾan ɲama mɛnkʰan ɾan bako ɲama.
তাদের খড়ের মোটা দড়ি নতুন।,Their thick straw rope is new.,oŋkoaʔ baɾahi d̪ɔ nɔwaa.
বাড়িতে একটি খেলা আছে।,There is a game in the house.,ɔɽaʔɾɛ bʰelguɖa menaa.
তোমার আয়না নতুন।,Your mirror is new.,amaʔ əɾsi d̪ɔ nɔwaa.
সেই সময় তারা খাবার খেয়ে কুয়ায় আসবে।,"At that time, they eat the food and then come to the well.",ɔkt̪ɛɾɛ oŋko ɟɔmaʔ ɟɔmkat̪ɛ kuɲɾɛ hiɟuʔa.
তুমি বিধাতা দেখবে না।,You do not see the providence.,am d̪ɔ bʰidata bam ɲɛla.
আজ তারা খাবার কিনে নদীতে খেলবে।,"Today, they buy the food and then play in the river.",t̪eheɲɾɛ oŋko ɟɔmaʔ kiɾiɲkat̪ɛ gaɖaɾɛ gat̪ea.
সকালে তোমরা কথা লিখে বাড়িতে খেলবে।,"In the morning, you all write the word and then play in the house.",sɛt̪aʔɾɛ apɛ kat̪ʰa ɔlɔʔkat̪ɛ ɔɽaʔɾɛ gat̪ea.
আজ তারা দুধ পান করে কুয়ায় যাবে।,"Today, they drink the milk and then go to the well.",t̪eheɲɾɛ oŋko t̪o̯͡a ɲukat̪ɛ kuɲɾɛ calaʔa.
বিস্তীর্ণ ভূমিে একটি বাঘ আছে।,There is a tiger in the wide expanse of land.,bilənɾɛ t̪ɘɾup̚ʔ menaa.
গ্রামে একটি গুড়ের চিনি আছে।,There is a crystallized raw sugar in the village.,at̪oɾɛ bəli guɽ menaa.
তোমার বাড়ি পরিষ্কার।,Your house is clean.,amaʔ ɔɽaʔ d̪ɔ sapʰaa.
"তোমরা খাবার কিনবে, কিন্তু ঘড়ি কিনবে না।","You all will buy the food, but do not buy the watch.",apɛ d̪ɔ ɟɔmaʔ kiɾiɲa mɛnkʰan gʰuɽi bapɛ kiɾiɲa.
তারা পবিত্র সিন্দুক ও ওয়ারেন্ট দেখবে।,They will see the ark of the covenant and the warrant.,oŋko d̪ɔ ən sunduk aɾ aɾoɳʈ ɲɛla.
"আমি খাবার বিক্রি করব, কিন্তু খাবার বিক্রি করব না।","I will sell the food, but do not sell the food.",iɲ d̪ɔ ɟɔmaʔ ɘkʰɾiɲa mɛnkʰan ɟɔmaʔ bɘɲ ɘkʰɾiɲa.
আমাদের অবিশ্বাসী গুরুত্বপূর্ণ।,Our heathen is important.,alɛaʔ bedin d̪ɔ ɟɘɾuɽa.
তাদের সময় নতুন।,Their time is new.,oŋkoaʔ ɔkt̪ɛ d̪ɔ nɔwaa.
সেই সময় আমরা বিস্ফোরক পাউডার দেখে বাড়িতে কাজ করব।,"At that time, we see the blasting powder and then work in the house.",ɔkt̪ɛɾɛ alɛ bəɾud ɲɛlkat̪ɛ ɔɽaʔɾɛ kɘmia.
সকালে সে ঘড়ি কিনে গ্রামে যাবে।,"In the morning, he/she buy the watch and then go to the village.",sɛt̪aʔɾɛ uni gʰuɽi kiɾiɲkat̪ɛ at̪oɾɛ calaʔa.
নেতিবাচকটি গুরুত্বপূর্ণ।,The negative is important.,baŋ d̪ɔ ɟɘɾuɽa.
একটি স্ত্রী কুয়ায় আছে।,One wife is in the well.,mit̪ʔʈɛn bəhu d̪ɔ kuɲɾɛ menaa.
"আমি বাজি দেখব, কিন্তু অভিযোগকারী দেখব না।","I will see the bet, but do not see the accuser.",iɲ d̪ɔ bəɾd͡ʒid ɲɛla mɛnkʰan bədi bɘɲ ɲɛla.
সে দল দেখবে না।,He/she does not see the group.,uni d̪ɔ aɖa bai̯ ɲɛla.
তার চোখের পচা পদার্থ গুরুত্বপূর্ণ।,His/her rheum from the eyes is important.,uniaʔ beɲd͡ʒak̕ d̪ɔ ɟɘɾuɽa.
তোমাদের সেবা পরিষ্কার।,Your service is clean.,apɛaʔ aŋgɾa d̪ɔ sapʰaa.
বাসস্থানে একটি আড়াল আছে।,There is a covert in the residence.,basaɾɛ ao̯tan menaa.
কুয়ায় একটি বালিয়া সারস পাখি আছে।,There is a sand martin in the well.,kuɲɾɛ bʰəluə̯ menaa.
"তারা নিরামিষাশী দেখবে, কিন্তু বাষ্প দেখবে না।","They will see the vegetarian, but do not see the steam.",oŋko d̪ɔ bʰagat ɲɛla mɛnkʰan bʰapʰ bako ɲɛla.
গতকাল আমরা ভাষা পড়ে গ্রামে যাব।,"Yesterday, we study the language and then go to the village.",hɔlaɾɛ alɛ pɘɾsi paɽha͡o̯kat̪ɛ at̪oɾɛ calaʔa.
ছুতারটি নতুন।,The carpenter is new.,bəɖʰi d̪ɔ nɔwaa.
শিশুটি ভালো।,The baby is good.,bale d̪ɔ mɔ̃ɟa.
বাসস্থানে একটি বাবা আছে।,There is a father in the dwelling place.,basɾɛ baba menaa.
নিকটবর্তী এলাকাে একটি চারা রোপণ আছে।,There is a transplantation in the vicinity.,aɖe ʈolaɾɛ apʰɔɾ menaa.
তোমাদের অবশিষ্ট ভালো।,Your remainder is good.,apɛaʔ bəki bɔkɔe̯a d̪ɔ mɔ̃ɟa.
গ্রামে একটি আত্মীয় আছে।,There is a kindred in the village.,at̪oɾɛ əpus menaa.
বংশধরটি ভালো।,The descendants is good.,ãosa bãosa d̪ɔ mɔ̃ɟa.
সকালে আমরা বাঁধ দেখে গ্রামে যাব।,"In the morning, we see the embankment and then go to the village.",sɛt̪aʔɾɛ alɛ band ɲɛlkat̪ɛ at̪oɾɛ calaʔa.
তোমার পা নতুন।,Your leg is new.,amaʔ ɟaŋga d̪ɔ nɔwaa.
তারা আশা ও পাকা রাস্তা দেখবে।,They will see the expectation and the pavement.,oŋko d̪ɔ as aɾ bəi̯səu̯ dʰiɾi ɲɛla.
বাসস্থানে একটি চারা রোপণ আছে।,There is a transplantation in the dwelling place.,basɾɛ apʰɔɾ menaa.
আজ তোমরা কথা লিখে গ্রামে আসবে।,"Today, you all write the word and then come to the village.",t̪eheɲɾɛ apɛ kat̪ʰa ɔlɔʔkat̪ɛ at̪oɾɛ hiɟuʔa.
আজ তারা ভাষা লিখে গ্রামে যাবে।,"Today, they write the language and then go to the village.",t̪eheɲɾɛ oŋko pɘɾsi ɔlɔʔkat̪ɛ at̪oɾɛ calaʔa.
সকালে তারা মোবাইল ফোন কিনে হ্রদে খেলবে।,"In the morning, they buy the mobile phone and then play in the lake.",sɛt̪aʔɾɛ oŋko mɔbaĭl pʰon kiɾiɲkat̪ɛ ɟɔlaɾɛ gat̪ea.
তাদের আনা গুরুত্বপূর্ণ।,Their anna is important.,oŋkoaʔ ana d̪ɔ ɟɘɾuɽa.
গতকাল তোমরা মোবাইল ফোন কিনে বাড়িতে যাবে।,"Yesterday, you all buy the mobile phone and then go to the house.",hɔlaɾɛ apɛ mɔbaĭl pʰon kiɾiɲkat̪ɛ ɔɽaʔɾɛ calaʔa.
তুমি ঋতু ও সন্ধ্যাকাল দেখবে।,You will see the season and the eventide.,am d̪ɔ bataɾ aɾ əjup̕ pajaɾ ɲɛla.
আমরা শত্রু ও ব্যান্ডেজ দেখব।,We will see the enemy and the bandger.,alɛ d̪ɔ bəi̯ɾi aɾ bədʰi ɲɛla.
গতকাল তুমি ভাষা পড়ে গ্রামে কাজ করবে।,"Yesterday, you study the language and then work in the village.",hɔlaɾɛ am pɘɾsi paɽha͡o̯kat̪ɛ at̪oɾɛ kɘmia.
সেই সময় আমি কথা লিখে নদীতে খেলব।,"At that time, I write the word and then play in the river.",ɔkt̪ɛɾɛ iɲ kat̪ʰa ɔlɔʔkat̪ɛ gaɖaɾɛ gat̪ea.
গুহাে একটি অজ্ঞতা আছে।,There is an ignorance in the cave.,bʰugək̕ɾɛ bʰut͡ʃ menaa.
সেই সময় আমি আনা দেখে নদীতে আসব।,"At that time, I see the anna and then come to the river.",ɔkt̪ɛɾɛ iɲ ana ɲɛlkat̪ɛ gaɖaɾɛ hiɟuʔa.
সেই সময় তোমরা খাবার খেয়ে স্কুলে খেলবে।,"At that time, you all eat the food and then play in the school.",ɔkt̪ɛɾɛ apɛ ɟɔmaʔ ɟɔmkat̪ɛ iskulɾɛ gat̪ea.
সকালে আমি দুধ পান করে বাড়িতে আসব।,"In the morning, I drink the milk and then come to the house.",sɛt̪aʔɾɛ iɲ t̪o̯͡a ɲukat̪ɛ ɔɽaʔɾɛ hiɟuʔa.
বিস্তীর্ণ ভূমিে একটি পূর্বপুরুষ আছে।,There is an ancestors in the wide expanse of land.,bilənɾɛ bap dada menaa.
আমরা বাত রোগ দেখেছিলাম।,We saw the rheumatism.,alɛlɛ bat ɲɛlkeda.
কুয়ায় একটি অজুহাত আছে।,There is an excuse in the well.,kuɲɾɛ aɾd͡ʒaəɾd͡ʒi menaa.
আমরা ফুল ও বাঘ দেখব।,We will see the flower and the tiger.,alɛ d̪ɔ baha aɾ t̪ɘɾup̚ʔ ɲɛla.
আজ তুমি দুধ পান করে বাড়িতে কাজ করবে।,"Today, you drink the milk and then work in the house.",t̪eheɲɾɛ am t̪o̯͡a ɲukat̪ɛ ɔɽaʔɾɛ kɘmia.
তারা পুরস্কার ও ধানক্ষেত দেখবে।,They will see the prize and the rice-land.,oŋko d̪ɔ bəksis aɾ ahaɾ ɲɛla.
বালতিটি গুরুত্বপূর্ণ।,The bucket is important.,bəlʈi d̪ɔ ɟɘɾuɽa.
তাদের ভাগ্নী ভালো।,Their niece is good.,oŋkoaʔ bʰət͡ʃə d̪ɔ mɔ̃ɟa.
পাড়াে একটি পুরুষ ভেড়া আছে।,There is a ram in the neighbourhood.,aɖe paseɾɛ bʰeɖa menaa.
উঠানটি ভালো।,The courtyard of house is good.,bəte d̪ɔ mɔ̃ɟa.
তোমার ভাগ্নে আনন্দের।,Your nephew is happy.,amaʔ bʰəgnə d̪ɔ ɾɘskɘa.
সেই সময় সে মধু খেয়ে গ্রামে যাবে।,"At that time, he/she eat the honey and then go to the village.",ɔkt̪ɛɾɛ uni ɲɛlɛɾasa ɟɔmkat̪ɛ at̪oɾɛ calaʔa.
ইংল্যান্ডে একটি নেতা আছে।,There is a leader in the england.,bilətɾɛ aglaha menaa.
সে উপভাষা ও বেদ দেখবে।,He/she will see the dialect and the vedas.,uni d̪ɔ bahaka aɾ bed ɲɛla.
আমি আয়না দেখব না।,I do not see the mirror.,iɲ d̪ɔ əɾsi bɘɲ ɲɛla.
বাড়িতে একটি বিরক্তি আছে।,There is an annoyance in the house.,ɔɽaʔɾɛ əɽis menaa.
আমরা চল্লিশ ও নির্বোধ ব্যক্তি দেখব।,We will see the forty and the dunce.,alɛ d̪ɔ baɾ isi aɾ akoɾma ɲɛla.
গতকাল সে মাছ খেয়ে বাড়িতে আসবে।,"Yesterday, he/she eat the fish and then come to the house.",hɔlaɾɛ uni haku ɟɔmkat̪ɛ ɔɽaʔɾɛ hiɟuʔa.
গতকাল আমরা দুধ পান করে গ্রামে আসব।,"Yesterday, we drink the milk and then come to the village.",hɔlaɾɛ alɛ t̪o̯͡a ɲukat̪ɛ at̪oɾɛ hiɟuʔa.
তোমাদের পশু তাড়ানোর লাঠি গুরুত্বপূর্ণ।,Your goad is important.,apɛaʔ aɾd͡ʒan d̪ɔ ɟɘɾuɽa.
গতকাল তোমরা ভাষা পড়ে স্কুলে যাবে।,"Yesterday, you all study the language and then go to the school.",hɔlaɾɛ apɛ pɘɾsi paɽha͡o̯kat̪ɛ iskulɾɛ calaʔa.
উঠানে একটি ব্যান্ডেজ আছে।,There is a bandger in the courtyard of house.,bəteɾɛ bədʰi menaa.
নিকটবর্তী এলাকাে একটি বন্দুক আছে।,There is a gun in the vicinity.,aɖe ʈolaɾɛ bənduk menaa.
তোমার পরজীবী উদ্ভিদ ভালো।,Your parasitic plant is good.,amaʔ alagd͡ʒəɽi d̪ɔ mɔ̃ɟa.
গুহাে একটি ভাষা আছে।,There is a language in the cave.,bʰugək̕ɾɛ pɘɾsi menaa.
নিকটবর্তী এলাকাে একটি গোখরো সাপ আছে।,There is a cobra in the vicinity.,aɖe ʈolaɾɛ ajaŋ bin menaa.
গুজবটি নতুন।,The rumour is new.,bʰakaɾa d̪ɔ nɔwaa.
আজ আমি রাখাল দেখে নদীতে খেলব।,"Today, I see the shepherd and then play in the river.",t̪eheɲɾɛ iɲ bʰiɖi gupitic̕ ɲɛlkat̪ɛ gaɖaɾɛ gat̪ea.
সকালে আমরা মধু খেয়ে কুয়ায় খেলব।,"In the morning, we eat the honey and then play in the well.",sɛt̪aʔɾɛ alɛ ɲɛlɛɾasa ɟɔmkat̪ɛ kuɲɾɛ gat̪ea.
আমার বালিশ নতুন।,My pillow is new.,iɲaʔ bəlis d̪ɔ nɔwaa.
তার আফিম গুরুত্বপূর্ণ।,His/her opium is important.,uniaʔ əpʰim d̪ɔ ɟɘɾuɽa.
আমাদের ঘড়ি ভালো।,Our watch is good.,alɛaʔ gʰuɽi d̪ɔ mɔ̃ɟa.
বাসস্থানে একটি আঙুর আছে।,There is a grape in the residence.,basaɾɛ aŋguɾ menaa.
"আমরা বাঘ দেখব, কিন্তু পিঁপড়া দেখব না।","We will see the tiger, but do not see the ant.",alɛ d̪ɔ t̪ɘɾup̚ʔ ɲɛla mɛnkʰan muc̚ʔ balɛ ɲɛla.
তারা প্রসবোত্তর নাড়ি দেখবে।,They will see the afterbirth placenta.,oŋko d̪ɔ baha āowāɾ ɲɛla.
"সে ঘড়ি কিনবে, কিন্তু মাছ কিনবে না।","He/she will buy the watch, but does not buy the fish.",uni d̪ɔ gʰuɽi kiɾiɲa mɛnkʰan haku bai̯ kiɾiɲa.
বাসস্থানে একটি ভবিষ্যৎ আছে।,There is a future in the residence.,basaɾɛ agam menaa.
আজ তুমি সিস্ট টিউমার দেখে নদীতে আসবে।,"Today, you see the cystic tumour and then come to the river.",t̪eheɲɾɛ am batoɾi ɲɛlkat̪ɛ gaɖaɾɛ hiɟuʔa.
বিস্তীর্ণ ভূমিে একটি পক্ষাঘাত আছে।,There is a hemiplegia in the wide expanse of land.,bilənɾɛ aɾdʰəŋgi menaa.
তোমরা ঔষধ ও মাছ কিনবে।,You all will buy the medicine and the fish.,apɛ d̪ɔ ɾan aɾ haku kiɾiɲa.
আমাদের বন্ধকী গুরুত্বপূর্ণ।,Our mortgage is important.,alɛaʔ bəndki d̪ɔ ɟɘɾuɽa.
গতকাল আমরা পদ্য দেখে হ্রদে যাব।,"Yesterday, we see the verse and then go to the lake.",hɔlaɾɛ alɛ ae̯t ɲɛlkat̪ɛ ɟɔlaɾɛ calaʔa.
আমাদের আয়ুর্বেদিক উদ্ভিদ গুরুত্বপূর্ণ।,Our bishop’s weed is important.,alɛaʔ əd͡ʒuə̯ d̪ɔ ɟɘɾuɽa.
আমি চোখের পচা পদার্থ দেখেছি।,I have seen the rheum from the eyes.,iɲ d̪ɔ beɲd͡ʒak̕ ɲɛlakada.
তারা তাঁতের পোড়েন দেখেছে।,They have seen the woof.,oŋko d̪ɔ bʰaɾna ɲɛlakada.
গতকাল তারা অবিশ্বাসী দেখে কুয়ায় যাবে।,"Yesterday, they see the heathen and then go to the well.",hɔlaɾɛ oŋko bedin ɲɛlkat̪ɛ kuɲɾɛ calaʔa.
তাদের অসম্মান নতুন।,Their disrespect is new.,oŋkoaʔ bɛmanɔt d̪ɔ nɔwaa.
আমরা বাষ্প ও আখরোট দেখব।,We will see the steam and the walnut.,alɛ d̪ɔ bʰapʰ aɾ akʰɾoʈ ɲɛla.
তার কর্তব্যচ্যুতি গুরুত্বপূর্ণ।,His/her omission of duty is important.,uniaʔ bʰisoɾ d̪ɔ ɟɘɾuɽa.
"তোমরা খাবার কিনবে, কিন্তু মাছ কিনবে না।","You all will buy the food, but do not buy the fish.",apɛ d̪ɔ ɟɔmaʔ kiɾiɲa mɛnkʰan haku bapɛ kiɾiɲa.
আমি বর্শা দেখেছিলাম।,I saw the spear.,iɲiɲ bəɾt͡ʃʰi ɲɛlkeda.
আমরা অজুহাত দেখেছিলাম।,We saw the excuse.,alɛlɛ aɾd͡ʒaəɾd͡ʒi ɲɛlkeda.
পাড়াে একটি অসম্মান আছে।,There is a disrespect in the neighbourhood.,aɖe paseɾɛ bɛmanɔt menaa.
গতকাল তোমরা বাদাম দেখে কুয়ায় খেলবে।,"Yesterday, you all see the almond and then play in the well.",hɔlaɾɛ apɛ badam d͡ʒɔ ɲɛlkat̪ɛ kuɲɾɛ gat̪ea.
"আমরা ফল পাকা দেখব, কিন্তু রবিবার দেখব না।","We will see the mellowing, but do not see the sunday.",alɛ d̪ɔ aɾaɾao̯k̕ ɲɛla mɛnkʰan aʈʰawaɾ balɛ ɲɛla.
পাত্রটি ভালো।,The receptacle is good.,anataŋ d̪ɔ mɔ̃ɟa.
অল্পটি পরিষ্কার।,The little is clean.,ədʰəɾiə̯ d̪ɔ sapʰaa.
তারা উৎপাদক ও শ্বাস দেখবে।,They will see the producer and the breath.,oŋko d̪ɔ aɾd͡ʒoniə̯ aɾ bao̯ ɲɛla.
তোমাদের বিশ গুরুত্বপূর্ণ।,Your twenty is important.,apɛaʔ baɾ gɛl d̪ɔ ɟɘɾuɽa.
তোমাদের ভুল গুরুত্বপূর্ণ।,Your blunder is important.,apɛaʔ bʰul d̪ɔ ɟɘɾuɽa.
সেই সময় আমরা পানি পান করে শহরে আসব।,"At that time, we drink the water and then come to the town.",ɔkt̪ɛɾɛ alɛ d̪aʔ ɲukat̪ɛ sɔhɔɽɾɛ hiɟuʔa.
আজ তোমরা পাঠ পড়ে নদীতে আসবে।,"Today, you all study the lesson and then come to the river.",t̪eheɲɾɛ apɛ sikʰnɘt̪ paɽha͡o̯kat̪ɛ gaɖaɾɛ hiɟuʔa.
তোমরা এক প্রজাতির কুঁচলা মাছ ও বর্শা দেখবে।,You all will see the a species of eel and the spear.,apɛ d̪ɔ bəmbi aɾ bəɾt͡ʃʰi ɲɛla.
হিসাবটি ভালো।,The account is good.,bil d̪ɔ mɔ̃ɟa.
গতকাল তোমরা মাছ খেয়ে নদীতে খেলবে।,"Yesterday, you all eat the fish and then play in the river.",hɔlaɾɛ apɛ haku ɟɔmkat̪ɛ gaɖaɾɛ gat̪ea.
বাঁধটি ভালো।,The embankment is good.,band d̪ɔ mɔ̃ɟa.
আড়ালে একটি বাদাম আছে।,There is an almond in the covert.,ao̯tanɾɛ badam d͡ʒɔ menaa.
গ্রামে একটি নারী আছে।,There is a woman in the village.,at̪oɾɛ əi̯məi̯ menaa.
নিকটবর্তী এলাকাে একটি সহ্যশক্তি আছে।,There is a stamina in the vicinity.,aɖe ʈolaɾɛ bʰẹd͡ʒ menaa.
তাদের রান্না সুস্বাদু।,Their cooked food is tasty.,oŋkoaʔ basaŋ d̪ɔ sibila.
গুহাে একটি শিশু আছে।,There is a baby in the cave.,bʰugək̕ɾɛ bale menaa.
সেই সময় তারা কথা লিখে কুয়ায় খেলবে।,"At that time, they write the word and then play in the well.",ɔkt̪ɛɾɛ oŋko kat̪ʰa ɔlɔʔkat̪ɛ kuɲɾɛ gat̪ea.
শিখাটি পরিষ্কার।,The flame is clean.,ãt͡ʃ d̪ɔ sapʰaa.
আমরা বৈশাখ মাস দেখেছি।,We have seen the april-may.,alɛ d̪ɔ bəi̯sək ɲɛlakada.
আমাদের খাবার সুস্বাদু।,Our food is tasty.,alɛaʔ ɟɔmaʔ d̪ɔ sibila.
"তারা ছোট কুঠার দেখবে, কিন্তু বাদাম দেখবে না।","They will see the small adze, but do not see the almond.",oŋko d̪ɔ bəslə ɲɛla mɛnkʰan badam d͡ʒɔ bako ɲɛla.
নক্ষত্রমণ্ডলটি ভালো।,The constellation is good.,ãɾgɔm d̪ɔ mɔ̃ɟa.
"তারা ফার্ন গাছ দেখবে, কিন্তু ব্যবসায়ী দেখবে না।","They will see the fern, but do not see the trader.",oŋko d̪ɔ badgot͡ʃak̕ ɲɛla mɛnkʰan bepaɾi bako ɲɛla.
তোমার অর্জন গুরুত্বপূর্ণ।,Your gain is important.,amaʔ ae̯ upəi̯ d̪ɔ ɟɘɾuɽa.
তাদের কালো ভাল্লুক ছোট।,Their black bear is small.,oŋkoaʔ bana d̪ɔ lɘʈua.
বাহুটি পরিষ্কার।,The arm is clean.,bə̃hi d̪ɔ sapʰaa.
ভোরটি নতুন।,The dawn is new.,aŋga d̪ɔ nɔwaa.
কুয়ায় একটি চল্লিশ আছে।,There is a forty in the well.,kuɲɾɛ baɾ isi menaa.
গ্রামে একটি খাবার আছে।,There is a victuals in the village.,at̪oɾɛ aʈa saʈa menaa.
দাদিটি পরিষ্কার।,The grandmother is clean.,əd͡ʒi d̪ɔ sapʰaa.
তোমাদের ছবি ভালো।,Your photo is good.,apɛaʔ pʰɔʈɔ d̪ɔ mɔ̃ɟa.
"সে লাগাম দেখবে, কিন্তু দোষ দেখবে না।","He/she will see the bridle, but does not see the fault.",uni d̪ɔ bag ɲɛla mɛnkʰan əpəi̯ bai̯ ɲɛla.
আমার প্রজন্ম আনন্দের।,My generation is happy.,iɲaʔ bibɔɾɔn d̪ɔ ɾɘskɘa.
নদীতে একটি রাখাল আছে।,There is a shepherd in the river.,gaɖaɾɛ bʰiɖi gupitic̕ menaa.
আজ তারা পানি পান করে বাড়িতে কাজ করবে।,"Today, they drink the water and then work in the house.",t̪eheɲɾɛ oŋko d̪aʔ ɲukat̪ɛ ɔɽaʔɾɛ kɘmia.
তারা পা দেখবে।,They will see the foot.,oŋko d̪ɔ kaʈa ɲɛla.
গ্রামে একটি আফিম আছে।,There is an opium in the village.,at̪oɾɛ əpʰim menaa.
সেই সময় আমরা বয়লার দেখে গ্রামে আসব।,"At that time, we see the boiler and then come to the village.",ɔkt̪ɛɾɛ alɛ bʰəʈʰi ɲɛlkat̪ɛ at̪oɾɛ hiɟuʔa.
তাদের জ্বালাপোড়া ভালো।,Their burning sensation is good.,oŋkoaʔ aɽae̯ d̪ɔ mɔ̃ɟa.
গতকাল তারা মাছ খেয়ে গ্রামে কাজ করবে।,"Yesterday, they eat the fish and then work in the village.",hɔlaɾɛ oŋko haku ɟɔmkat̪ɛ at̪oɾɛ kɘmia.
একটি ভণ্ড বাড়িতে আছে।,One pretender is in the house.,mit̪ʔʈɛn bʰiduk d̪ɔ ɔɽaʔɾɛ menaa.
নদীতে একটি দেবতা আছে।,There is a deity in the river.,gaɖaɾɛ bʰokta menaa.
আমার কারকীয় ক্রিয়া ভালো।,My causative inflection is good.,iɲaʔ a d̪ɔ mɔ̃ɟa.
সেই সময় তারা বাষ্প দেখে শহরে কাজ করবে।,"At that time, they see the vapour and then work in the town.",ɔkt̪ɛɾɛ oŋko bʰap ɲɛlkat̪ɛ sɔhɔɽɾɛ kɘmia.
সেই সময় তোমরা মধু খেয়ে নদীতে আসবে।,"At that time, you all eat the honey and then come to the river.",ɔkt̪ɛɾɛ apɛ ɲɛlɛɾasa ɟɔmkat̪ɛ gaɖaɾɛ hiɟuʔa.
সকালে আমি পানি পান করে শহরে খেলব।,"In the morning, I drink the water and then play in the town.",sɛt̪aʔɾɛ iɲ d̪aʔ ɲukat̪ɛ sɔhɔɽɾɛ gat̪ea.
সকালে তারা ঘোড়া দেখে নদীতে খেলবে।,"In the morning, they see the horse and then play in the river.",sɛt̪aʔɾɛ oŋko əɳɖiə̯ sadɔm ɲɛlkat̪ɛ gaɖaɾɛ gat̪ea.
বাসস্থানে একটি প্রেমালাপ আছে।,There is a flirting in the residence.,basaɾɛ əŋgɾa menaa.
তার মধু পরিষ্কার।,His/her honey is clean.,uniaʔ ɲɛlɛɾasa d̪ɔ sapʰaa.
নিকটবর্তী এলাকাে একটি শহর আছে।,There is a town in the vicinity.,aɖe ʈolaɾɛ sɔhɔɽ menaa.
আমরা সেবা দেখেছি।,We have seen the service.,alɛ d̪ɔ aŋgɾa ɲɛlakada.
পাল (নৌকার)টি নতুন।,The sail is new.,baɖɔm d̪ɔ nɔwaa.
আজ আমরা দুধ পান করে স্কুলে আসব।,"Today, we drink the milk and then come to the school.",t̪eheɲɾɛ alɛ t̪o̯͡a ɲukat̪ɛ iskulɾɛ hiɟuʔa.
আমরা অতিরিক্ত খাজনা দেখেছিলাম।,We saw the additional assessment on rent.,alɛlɛ bʰed͡ʒa ɲɛlkeda.
সে লাভ দেখবে না।,He/she does not see the profit.,uni d̪ɔ baɾpʰəi̯ bai̯ ɲɛla.
হরিণটি আনন্দের।,The buck is happy.,badaɾ d̪ɔ ɾɘskɘa.
একটি ভাগ্নে গ্রামে আছে।,One nephew is in the village.,mit̪ʔʈɛn bʰəgnə d̪ɔ at̪oɾɛ menaa.
তার বাবা ছোট।,His/her father is small.,uniaʔ baba d̪ɔ lɘʈua.
"তুমি টাকা পাবে, কিন্তু ছবি পাবে না।","You will get the money, but do not get the photo.",am d̪ɔ ʈaka ɲama mɛnkʰan pʰɔʈɔ bam ɲama.
তারা অংশীদার দেখেছিল।,They saw the partner.,oŋkoko bʰəgiə̯ɾi ɲɛlkeda.
বিস্তীর্ণ ভূমিে একটি খেলা আছে।,There is a game in the wide expanse of land.,bilənɾɛ bʰelguɖa menaa.
সকালে তোমরা ভাষা লিখে নদীতে খেলবে।,"In the morning, you all write the language and then play in the river.",sɛt̪aʔɾɛ apɛ pɘɾsi ɔlɔʔkat̪ɛ gaɖaɾɛ gat̪ea.
আমার মুখের কর্কট রোগ পরিষ্কার।,My cancer of the face is clean.,iɲaʔ bandoɾ gali d̪ɔ sapʰaa.
সকালে তারা ভাষা লিখে বাড়িতে আসবে।,"In the morning, they write the language and then come to the house.",sɛt̪aʔɾɛ oŋko pɘɾsi ɔlɔʔkat̪ɛ ɔɽaʔɾɛ hiɟuʔa.
সেই সময় আমি দুধ পান করে বাড়িতে কাজ করব।,"At that time, I drink the milk and then work in the house.",ɔkt̪ɛɾɛ iɲ t̪o̯͡a ɲukat̪ɛ ɔɽaʔɾɛ kɘmia.
রবিবারটি ভালো।,The sunday is good.,aʈʰawaɾ d̪ɔ mɔ̃ɟa.
নদীতে একটি পরজীবী উদ্ভিদ আছে।,There is a parasitic plant in the river.,gaɖaɾɛ alagd͡ʒəɽi menaa.
জন্মটি গুরুত্বপূর্ণ।,The birth is important.,biə̯n d̪ɔ ɟɘɾuɽa.
আজ তুমি খাবার কিনে বাড়িতে যাবে।,"Today, you buy the food and then go to the house.",t̪eheɲɾɛ am ɟɔmaʔ kiɾiɲkat̪ɛ ɔɽaʔɾɛ calaʔa.
গতকাল তারা ঘড়ি কিনে স্কুলে যাবে।,"Yesterday, they buy the watch and then go to the school.",hɔlaɾɛ oŋko gʰuɽi kiɾiɲkat̪ɛ iskulɾɛ calaʔa.
উত্তরাধিকারটি পরিষ্কার।,The inheritance is clean.,əi̯dəɾi d̪ɔ sapʰaa.
সকালে সে পাঠ পড়ে কুয়ায় আসবে।,"In the morning, he/she study the lesson and then come to the well.",sɛt̪aʔɾɛ uni sikʰnɘt̪ paɽha͡o̯kat̪ɛ kuɲɾɛ hiɟuʔa.
বাষ্পটি পরিষ্কার।,The vapour is clean.,bʰap d̪ɔ sapʰaa.
আমাদের বাঘ ভালো।,Our tiger is good.,alɛaʔ t̪ɘɾup̚ʔ d̪ɔ mɔ̃ɟa.
সেই সময় তুমি খাবার খেয়ে গ্রামে যাবে।,"At that time, you eat the food and then go to the village.",ɔkt̪ɛɾɛ am ɟɔmaʔ ɟɔmkat̪ɛ at̪oɾɛ calaʔa.
গতকাল সে পানি পান করে হ্রদে যাবে।,"Yesterday, he/she drink the water and then go to the lake.",hɔlaɾɛ uni d̪aʔ ɲukat̪ɛ ɟɔlaɾɛ calaʔa.
সকালে তারা পাঠ পড়ে বাড়িতে যাবে।,"In the morning, they study the lesson and then go to the house.",sɛt̪aʔɾɛ oŋko sikʰnɘt̪ paɽha͡o̯kat̪ɛ ɔɽaʔɾɛ calaʔa.
সেই সময় আমরা মাছ কিনে কুয়ায় কাজ করব।,"At that time, we buy the fish and then work in the well.",ɔkt̪ɛɾɛ alɛ haku kiɾiɲkat̪ɛ kuɲɾɛ kɘmia.
সকালে সে দুধ পান করে শহরে আসবে।,"In the morning, he/she drink the milk and then come to the town.",sɛt̪aʔɾɛ uni t̪o̯͡a ɲukat̪ɛ sɔhɔɽɾɛ hiɟuʔa.
সে বন্যা ও শুরু দেখবে।,He/she will see the flood and the beginning.,uni d̪ɔ bəd aɾ əd ɲɛla.
বাসস্থানে একটি কথা আছে।,There is a word in the dwelling place.,basɾɛ kat̪ʰa menaa.
গতকাল সে ভাষা লিখে গ্রামে কাজ করবে।,"Yesterday, he/she write the language and then work in the village.",hɔlaɾɛ uni pɘɾsi ɔlɔʔkat̪ɛ at̪oɾɛ kɘmia.
সেই সময় সে খাবার কিনে শহরে কাজ করবে।,"At that time, he/she buy the food and then work in the town.",ɔkt̪ɛɾɛ uni ɟɔmaʔ kiɾiɲkat̪ɛ sɔhɔɽɾɛ kɘmia.
তোমার ঝোপ ভালো।,Your thicket is good.,amaʔ badaɽ d̪ɔ mɔ̃ɟa.
আমাদের উৎসব নতুন।,Our festival is new.,alɛaʔ pɔɾɔb d̪ɔ nɔwaa.
তোমরা বিরক্তি ও প্রাচুর্য দেখবে।,You all will see the annoyance and the abundance.,apɛ d̪ɔ əɽis aɾ at͡ʃel pat͡ʃel ɲɛla.
তোমাদের ঝুড়ি গুরুত্বপূর্ণ।,Your basket is important.,apɛaʔ bʰad͡ʒan d̪ɔ ɟɘɾuɽa.
স্কুলে একটি পরিষদ আছে।,There is a council in the school.,iskulɾɛ bəi̯si menaa.
বাসস্থানে একটি আফিম আছে।,There is an opium in the dwelling place.,basɾɛ əpʰim menaa.
"তুমি মোবাইল ফোন বিক্রি করবে, কিন্তু মোবাইল ফোন বিক্রি করবে না।","You will sell the mobile phone, but do not sell the mobile phone.",am d̪ɔ mɔbaĭl pʰon ɘkʰɾiɲa mɛnkʰan mɔbaĭl pʰon bam ɘkʰɾiɲa.
তারা বৃদ্ধি দেখবে।,They will see the growth.,oŋko d̪ɔ baɽhɔnta ɲɛla.
গতকাল তারা কথা লিখে বাড়িতে খেলবে।,"Yesterday, they write the word and then play in the house.",hɔlaɾɛ oŋko kat̪ʰa ɔlɔʔkat̪ɛ ɔɽaʔɾɛ gat̪ea.
