bangla,english,santali
﻿ভাষা মানুষের পরিচয়।,Language is the identity of people.,pɘɾsid̪ɔ mano͡a̯ko̯͡aʔ onoɾom kana.
যেখানে মানুষ সেখানেই ভাষা।,"Where there are people, there are languages.","ɟahãɾɛge mano̯͡a menaʔko, tahãɾɛge pɘɾsi mena.a."
ভাষা এক প্রজন্ম (যুগ) থেকে আরেক প্রজন্মে (যুগে) প্রবাহিত হয়।,Language flows from one generation (age) to another generation (age).,pɘɾsi d̪ɔ mit̪̚ʔ bid̪ɘl kʰɔn aɾ mit̪̚ʔ bid̪ɘlɾɛ sɛn paɾɔmɔʔa.
পৃথিবীতে প্রায় ৭ হাজার ভাষা আছে।,There are about 7 thousand languages in the world.,mɛnke.jam d̪ʰɘɾt̪iɾɛ e.ja͡i̯ haɟaɾgan pɘɾsi mena.a.
প্রতি ৩ মাসে/ ৩ মাস পর পর একটি করে ভাষা হারিয়ে যাচ্ছে।,At a time one language is disappearing every 3 months.,ɟa͡o̯ pɛ cand̪oɾɛ mit̪̚ʔʈɛn kat̪ɛʔ pɘɾsi ad̪ɔʔkana.
সকল ভাষা সময়ের সাথে সাথে বদলায়।,All languages change over time.,ɟɔt̪ɔ pɘɾsige ɔkt̪ɛ nɘpit̪̚ɾɛ bɔd̪ɔlɔʔt̪ege t̪ahɛnkana.
ভাষা পরিবর্তনের মতো সমাজের প্রথা-রীতিনীতিও বদলায়।,"Like the way a language changes, the customs and traditions of the society also change.",pɘɾsi bɔd̪ɔlɔʔlekage sɔmaɟɾe.jaʔ ɘn ɘɾihɔ̃ bɔd̪ɔlɔʔkana.
ভাষা মানুষের মধ্যে ঐক্য গড়ে তোলে/ ভাষা মানুষকে এক করে।,Language builds unity among people/ Language unites people.,pɘɾsid̪ɔ mano̯͡ai̯ ɟumid̪ɛt̪̚ʔko̯͡a.
মানুষ প্রথম ভাষা শেখে তার মায়ের কাছ থেকে।,People learn their language first from their mother.,mano̯͡akod̪ɔ gɔgɔʈʰɛnkʰɔnge pɘhil pɘɾsiko ceːd̪a.
ভাষার সাথে সাথে মানুষের চিন্তাভাবনাও বদলায়।,People's thinking also changes along with language.,pɘɾsi sã͡o̯ sã͡o̯t̪ɛ mano̯͡ako̯͡aʔ hud̪iskohɔ̃ bɔd̪ɔlɔ.a.
লেখাপড়া ও চাকরির জন্য মানুষ নিজের ভাষা ছাড়াও অন্য ভাষা শেখে।,People learn other languages apart from their own language for education and job.,ɔlɔʔ paɽha͡o̯ aɾ nukɾi lɘgit̪̚ʔ apnaɾ pɘɾsi cʰaɖahɔ̃ hɔɽ ɛʈaʔ ɛʈaʔ pɘɾsiko ceːd̪a.
"মা: আগে তোমাকে রান্না শিখতে বলেছিলাম, তখন তুমি শোনোনি।","Mother: Earlier I told you to learn cooking, you didn't listen to me at that time.","lahaɾɛ isin basaŋ cicit̪̚ʔiɲ met̪at̪̚ʔmɛ t̪ahẽkana, mɛnɛʔ bam aɲɟɔmled̪a."
মা: বুঝতে পেরেছি।,Mother: I understand.,buɟʰhɘ͡o̯ kid̪ɘɲ.
"মেয়ে: আমি ভাত রান্না করতে পারি, আলু ভরতা বানাতে পারি এবং ডিম ভাজি করতে পারি।","Daughter: I can cook rice, make mashed potatoes and can fry eggs.","iɲd̪ɔ d̪aka, ɘlu bʰɘɾt̪ɘ aɾ belehɔɲ bʰɘɟi d̪aɽeo̯͡a.a."
মেয়ে: এখন আমি শাক রান্না এবং সবজি ভাজি করা শিখতে চাই।,Daughter: Now I want to learn how to cook and fry vegetables.,nit̪̚ʔ d̪ɔ iɲ aɽaʔut̪u aɾ sobɟi bʰɘɟi cet̪̚ʔɟɔŋiɲ mɛnɟɔŋkana.
"মা: ভালো, এরইমধ্যে তুমি অনেক কিছু শিখেছ।","Mother: Good, you have learned a lot already.","bogege, inɘ bʰit̪ɾiɾege amd̪ɔ a͡i̯mam cet̪̚ʔked̪a."
"মেয়ে: হ্যাঁ মা, শিখতে চাই।","Daughter: Yes mom, I want to learn.","hɛ̃ː gɔ, cecet̪̚ʔiɲ mɛnɟɔŋkana."
মা: রাগ করার কিছু নেই।,Mother: There is nothing to be angry about.,ɾaŋgaʔ ɾenaʔ d̪ɔ cɛt̪̚ʔhɔ baŋkana.
মেয়ে: আর কী কী মনে রাখা দরকার?,Daughter: What else needs to be remembered?,aɾ cɛt̪̚ʔ cɛt̪̚ʔko d̪isɛ d̪ɔhɔ͡i̯ ɟɘɾuɽtiɲa?
মা: খাবারে বেশি তেল ব্যবহার করলে শরীর খারাপ হয়ে যায়।,"Mother: If you use too much oil in food, the body becomes sick.",ɟɔmaʔɾɛ ɖʰeɾ sunum bɛ͡o̯haɾ lekʰan hɔɽmɔ bɘɽiɟɔ.a.
মা: মাছ বেশি না ভেজে হালকা করে ভাজতে হবে।,"Mother: Fish should be lightly fried, not over fried.","hako d̪ɔ ɘɖi ãt d̪ɔ baŋ, ɟaːge bʰaɟako hojo.a."
মেয়ে: আমি তোমার কাছ থেকে সবকিছু রান্না করা শিখবো।,Daughter: I will learn to cook everything from you.,iɲd̪ɔ am ʈʰɛnkʰɔn ɟɔt̪ɔ̯͡aʔ isin basaŋiɲ ceːd̪a.
মা: আচ্ছা ঠিক আছে।,Mother: Okay for sure.,ac̚cʰa ʈʰikge.ja.
"মা: স্কুল যেদিন বন্ধ থাকবে, সেদিনই তুমি আমার কাছ থেকে রান্না শিখবে।",Mother: You will learn cooking from me on the day school is closed.,"iskul ɔka d̪in bɔnd̪ɔ t̪ahɛna, ɛnhilɘʔge iɲʈʰɛnkʰɔn isin basaŋɛm ceːd̪a."
"মেয়ে: মা, আমি রান্না শিখতে চাই।","Daughter: Mom, I want to learn cooking.","ɛgɔ, iɲd̪ɔ isin basaŋ t̪e.jaɾ cet̪̚ʔɟɔŋiɲ mened̪a."
মেয়ে: স্কুল ছুটির দিনে কি আমাকে রান্না শেখাবে?,Daughter: Will you teach me to cook during the school holidays?,iskul cʰuʈi maha isin basaŋ t̪e.jaɾɛm cet̪̚ʔɘɲɘ.
মা: এখন কেন রান্না শিখতে চাও?,Mother: Why do you want to learn cooking now?,nit̪ɔʔ ced̪aʔ isin basaŋ t̪e.jaɾ cet̪̚ʔɟɔŋɛm mɛned̪a?
মেয়ে: তুমি যখন হাসপাতালে ছিলে তখন আমাদের অনেক সমস্যা হয়েছে।,Daughter: We had a lot of problems when you were in the hospital.,am ɟɔkʰɔn hãspat̪alɾɛm t̪ahɛ̃kana un ɔk̚t̪ɛ alɛ ɘɖi sɔmɔssaɾɛlɛ paɽa͡o̯lena.
মেয়ে: রান্না পারি না তাই খাবার খেতে আমাদের কষ্ট হয়েছে।,Daughter: I can't cook so we had difficulty eating.,isin basaŋ t̪e.jaɾ bɘɲd̪aɽelɛnt̪ɛ ɟɔm ɲu ɾe ɘɖi kɔsʈɔɾɛlɛ paɽa͡o̯lena.
মা: কী কী রান্না শিখতে চাও বলো?,Mother: What do you want to learn to cook?,cɛt̪̚ʔ cɛt̪̚ʔ isin basaŋ t̪e.jaɾ cet̪̚ʔɟɔŋɛm mened̪a ma lɘ.jɘɲmɛ.
মা: কিন্তু তুমি কি মাছ ও মাংস রান্না শিখতে চাও না?,Mother: But don't you want to learn how to cook fish and meat?,amd̪ɔ hako aɾ ɟel isin basaŋ t̪e.jaɾ cet̪̚ʔ bam mened̪a.
মেয়ে: কিন্তু এতকিছু একসাথে বললে তুমি রাগ করবে ভেবেছিলাম।,Daughter: But I thought you would get angry if I said so much together.,mɛnɛd̪ɘɲ mit̪̚ʔsã͡o̯t̪ɛ unɘʔ isin basaŋ t̪e.jaɾ cet̪̚ʔɟɔŋiɲ mɛnɛt̪̚ʔt̪ɛ ɾaŋga͡o̯ăʔam sɛ cɛt̪̚ʔ.
মেয়ে: তাই মাছ ও মাংস রান্না শেখার কথা বলিনি।,Daughter: So I didn't talk about learning how to cook fish and meat.,ɔnat̪ɛ ɟel aɾ hako ut̪u t̪e.jaɾ cet̪̚ʔɟɔŋɾe.jaʔ kat̪ʰa d̪ɔ bɘɲ met̪am kan t̪ahɛna.
"মা: কারণ, আমার রান্না করতে যেমন ভালো লাগে, রান্না শেখাতেও ভালো লাগে।","Mother: Because, as much as I love to cook, I also love to teach cooking.","ɛnt̪ɛʔ isin basaŋ t̪e.jaɾ cɛt̪̚ʔleka ɾɘskɘɲ buɟʰhɘ͡o̯a, ɛʈaʔhɔɽ cet̪̚ʔakohɔ̃ oŋkage ɾɘskɘɲ ɘikɘ͡o̯a."
মেয়ে: রান্নার সময় কী কী বিষয় খেয়াল রাখা দরকার মা?,"Daughter: What things need to be taken care of while cooking, mother?","ɛgɔ, ad̪ɔ isin basaŋ ɔkt̪ɛ cɛt̪̚ʔ cɛt̪̚ʔko d̪isɘ d̪ɔhɔ ɟɘɾuɽa?"
মা: সবার আগে খেয়াল করতে হবে রান্নাঘরে দরকারি সকল জিনিসপত্র আছে কিনা।,"Mother: First of all, check that the kitchen has all the necessary items.",ɟɔt̪ɔkʰɔn lahaɾɛ d̪isɘ͡i̯ ɟɘɾuɽt̪ama d̪aka͡i̯ ɔɽaʔɾɛ ɟɘɾuɽ ɟinisko menaʔa sɛ baŋ.
মা: শাক-সবজি কাটার আগে পানিতে ভালো করে ধুয়ে নিবে।,Mother: Wash the vegetables well in water before cutting them.,aɽaʔsakam sɛ ut̪ut̪e.jaʔ gɛt̪̚ʔ lahaɾɛ mɔɟt̪ɛ ɘɾupʔ sapa͡i̯ hojo.a.
মা: যে-কোনো খাবার রান্নার সময় কম তেল ব্যবহার করবে।,Mother: Use less oil while cooking any food.,ɟahanaʔge t̪ʰɔɽa sunumt̪ɛm ut̪u.ja.
মা: রান্না করার আগে মাংসে মশলা মাখিয়ে কিছুক্ষণ রেখে দিতে হবে।,"Mother: Before cooking, put spices on the meat and keep it to marinate for a while.",ut̪u͡i̯ t̪ʰɔɽa ɔk̚t̪ɛ lahaɾɛ ɟelɾɛ mɔsla makʰa͡o̯ d̪ɔhɔ͡i̯ ho.jo.a.
মেয়ে: আজকে অনেক কিছু শিখলাম মা।,Daughter: I have learned a lot today mom.,t̪eheɲd̪ɔ a͡i̯maɲ cet̪̚ʔked̪a gɔː.
মালতি: তোমাকে একটু আগে খুঁজে গিয়েছিলাম কিন্তু পাইনি।,Maloti: I looked for you a while back but couldn't find you.,mit̪̚ʔgʰɘɽi lahaɾɛɲ sɛnd̪ɾakɛt̪̚ʔme.ja aɾ bɘɲ ɲamlɛt̪̚ʔme.ja.
মালতি: কোথায় গিয়েছিলে তুমি?,Maloti: Where did you go?,okat̪ɛm sɛnlɛna?
"ডলি: আমার লাল মোরগটি হারিয়ে গিয়েছিল, সেটাকে খুঁজতে গিয়েছিলাম।","Dolly: My red rooster was lost, so I went looking for it.","alɛɾɛn aɾaʔ sɘnɖi͡i̯ at̪̚ʔlɛna, uni send̪ɾaɲ cala͡o̯lena."
মালতি: খুঁজে পেয়েছ?,Maloti: Have you find it?,send̪ɾa ɲamked̪e.jam?
"ডলি: হ্যাঁ, পেয়েছি।","Dolly: Yes, got it.","hɛ̃ː, ɲamkid̪i.jɘɲ."
"ডলি: তুমি দাঁড়িয়ে আছো কেন, বসো।","Dolly: Why are you standing, sit down.","ced̪aʔɛm t̪eŋgo͡akana, d̪uɽup̚ʔmɛ."
মালতি: এখন বসবো না (দিদি)।,Maloti: I will not sit now [sister].,nit̪̚ʔd̪ɔ bɘɲ d̪uɽup̚ʔa d̪i.
মালতি: বাড়িতে মেহমান/ অতিথি এসেছে।,Maloti: Guest has come to the house.,ɔɽaʔɾɛ pɛɽako hɛʲc̚ʔakana.
মালতি: তাই তোমার কাছে এসেছি।,Maloti: So I have come to you.,ɔnat̪ɛ amʈʰɛniɲ hɛʲc̚ʔakana.
"মালতি: ঘরে চাল-ডাল-ডিম সবই আছে, কিন্তু তেল নেই।","Maloti: There is rice, pulses, eggs and everything in the house, but no oil.","ɔɽaʔɾɛ ca͡o̯le, d̪ɘl aɾ bele mena.a, mɛnɛʔ sunumd̪ɔ bɘnu.anaŋ."
মালতি: তোমার কাছে কি একটু তেল পাওয়া যাবে?,Maloti: Can you give me some oil?,cɛt̪̚ʔ amʈʰɛn t̪ʰɔɽa sunum ɲamkɔʔa?
"ডলি: হ্যাঁ, আছে।","Dolly: Yes, available.","hɛ̃, mɛnaʔge.ja."
"মালতি: না, বোতল আনিনি।","Maloti: No, I have not brought the bottle.","baŋ, bɔt̪ɔld̪ɔ bɘɲ ɘguo̯͡akad̪a."
"ডলি: ঠিক আছে, তাকে পাঠিয়ে দাও।","Dolly: All right, send her away.","ʈʰikge.ja, kolka͡i̯mɛ."
"মালতি: (দিদি), বাড়িতে আছো?","Maloti: [Sister], Are you at home?","ɛːd̪i, ɔɽaʔɾɛ menama?"
"ডলি: হ্যাঁ, আছি।","Dolly: Yes, I am.","hɛ̃, minɘɲgecɔ."
ডলি: কী হয়েছে?,Dolly: What happened?,cɛt̪̚ʔ ceka͡o̯ăkana?
মালতি: কোথায় গিয়েছিল মোরগটি?,Maloti: Where did the rooster go?,ɔkaseʲc̚ɛ d̪ɘɽled̪a unid̪ɔ?
ডলি: পাশের বাড়ির খড়ের গাদায় লুকিয়ে ছিল।,Dolly: It was hiding in the haystack next door.,alɛ ɔɽaʔ aɽe busup̚ʔpalaɾɛ͡i̯ sɔgɛ.jakantahɛkana.
মালতি: কিন্তু বাজারে পাঠানোর জন্য কাউকে খুঁজে পাচ্ছি না।,Maloti: But can't find anyone to send to the market.,baɟaɾ kolko lɘgit̪̚ʔ ɔko͡i̯hɔ̃ bɘɲ ɲamɛt̪̚ʔko͡a̯.
"ডলি: বলো, তোমার কী লাগবে?","Dolly: Tell me, what do you need?",lɘ.jɘɲmɛ cɛt̪̚ʔko laga͡o̯ma?
ডলি: তুমি তেল নেওয়ার জন্য বোতল নিয়ে এসেছ?,Dolly: Have you brought the bottle to take the oil?,sunum id̪ilɘgit̚ʔ bɔt̪ɔlɛm ɘguo̯͡akad̪a?
মালতি: আমি আমার মেয়েকে তেলের বোতল নিয়ে পাঠিয়ে দিচ্ছি।,Maloti: I am sending my daughter with a bottle to contain oil.,iɲɾɛn kuɽigid̪̚ɾɘ sunum bɔt̪ɔlat̪ɛɲ kolka͡i̯kana.
ডলি: তোমার কাছে বাড়তি লবণ থাকলে আমার জন্য এক বাটি লবণ পাঠিয়ে দিও।,"Dolly: If you have extra salt, send me a bowl of salt.",amʈʰɛn ɖʰeɾɲɔʔ buluŋ menaʔkʰan mit̪̚ʔbɘʈi kolt̪oɾao͡ɘ̯ɲmɛ.
রিতু: আমার খুব পানির পিপাসা/ তৃষ্ণা পেয়েছে।,Ritu: I am very thirsty.,iɲd̪ɔ ɘɖi ãʈ t̪et̪aŋid̪iɲkana.
"প্রিতু: হ্যাঁ, দিচ্ছি।","Preetu: Yes, sure.","hɛ̃, imamkɘnɘɲ."
প্রিতু: তুমি এখন কোথা থেকে এলে?,Pritu: Where did you come from now?,nit̪̚ʔ amd̪ɔ ɔkakʰɔnɛm hɛʲc̚ʔɛna?
"রিতু: আমার বাড়িতে পানি নেই, তাই পানি নিতে এসেছি।",Ritu: I don't have water at home so I have come to fetch water.,"ɔɽaʔɾɛ d̪aʔ bɘnuʔa, ɔnat̪ɛ d̪aʔ id̪iɲ hɛʲc̚ʔakana."
রিতু: আমার মনে হয় — সে এখন দোকানে আছে।,Ritu: I think he is in the shop now.,hud̪isɔʔkɘnɘɲ d̪okanɾɛ pasɛʲc̚ʔ mɛna.ja.
রিতু: কিন্তু বাড়ি ফিরে দেখলাম সে পানি আনেনি।,Ritu: But I came home and saw that he did not bring water.,mɛnkʰan ɔɽaʔɾɛ ɾu͡ɘɽ kat̪ɛʔiɲ ɲɛlked̪a uni d̪ɔ d̪aʔ ba͡i̯ ɘgu͡akad̪a.
"প্রিতু: হ্যাঁ, আমাদের নলকূপেও/ কল/ কুয়াতেও আগের মতো পানি ওঠে না।","Preetu: Yes, water does not come up in our tube wells/ taps/ wells as before.","hɛ̃, ale.jaʔ nɔlkupkʰɔn hɔ̃ nit̪̚ʔ d̪ɔ d̪aʔ baŋ ɾakabɔʔkana."
প্রিতু: গরমের দিন আসার সাথে সাথে পানির এই সমস্যা শুরু হয়।,Preetu: This scarcity of water starts with the arrival of hot summer days.,niɾon d̪in hiɟuʔɾɛ ni.jɘ sɔmɔssa nɛlɔʔkana.
রিতু: পানির অভাব অন্যকিছু দিয়ে পূরণ করা যায় না।,Ritu: Scarcity of water cannot be filled with anything else.,d̪aʔ ɾenaʔ ɔbʰab d̪ɔ ɛʈaʔ ɟahanaʔt̪ɛ baŋ miʈɘ.a.
"রিতু: খাওয়া থেকে শুরু করে রান্না, গোসল, ধোয়া-মোছা সব কাজেই পানি লাগে।","Ritu: From eating to cooking, bathing, washing everything requires water.","isin basan kʰɔn ɛhɔp̚ʔ kat̪ɛʔ t̪ʰɘɾibɘʈi gasa͡o̯, ɖɘbɾɘʔ, aɾ ɟɔt̪ɔ kɘmiɾege d̪aʔ laga.a."
প্রিতু: আমরা পানির সমস্যা সমাধানের জন্য সবাইকে নিয়ে মিটিং করবো।,Preetu: We will have a meeting with everyone to solve the water crisis.,abo d̪ɔ d̪aʔ ɾenaʔ ɛʈkɛʈɔɽẽ caba͡i̯ lɘgit̪̚ʔ ɟɔt̪ɔkot̪ɛbon gapal maɾaʔa.
রিতু: আমাকে কি এক গ্লাস পানি দেওয়া যাবে?,Ritu: Can I have a glass of water?,mit̪̚ʔ g͡lɘs d̪aʔɛm imɘɲa?
রিতু: আমি ক্ষেত/ মাঠ থেকে এলাম।,Ritu: I have come from the fields.,iɲd̪ɔ bɘ͡i̯hɘɽ kʰɔniɲ hɛʲc̚ʔɛna.
প্রিতু: তোমার স্বামী/ জামাই কোথায়?,Preetu: Where is your husband?,amɾɛn ɔɽaʔhɔɽ dɔ͡i̯ oka͡i̯na?
রিতু: সকালে আমি তাকে পানি আনতে বলেছিলাম।,Ritu: In the morning I asked him to fetch water.,set̪aʔɾɛ iɲd̪ɔ uni d̪aʔ aguɲ met̪ad̪i t̪ahɛ̃kana.
রিতু: আমরা প্রতিদিন যে নলকূপ/ কল/ কুয়া থেকে পানি আনি — সেটা নষ্ট হয়ে গেছে।,Ritu: The tube well/ tap/ well that we fetch water from every day is ruined.,alɛd̪ɔ d̪inɘmge oka kɔl kʰɔn d̪aʔlɛ ɘgu͡i̯ ɔna d̪ɔ bɘɽiʲc̚ʔakana.
রিতু: আমাদের বাড়ির আশেপাশে আর কোনো নলকূপ/ কল/ কুয়া নেই।,Ritu: There is no other tube well/ tap/ well around our house.,alɛ ɔɽaʔ aɖɛpasɛ aɾ kɔl bɘnu.a.
প্রিতু: পানির সমস্যা যেন না হয় এর জন্য স্থায়ী/ দীর্ঘমেয়াদী/ ভালো সমাধান দরকার।,Preetu: Permanent/ long term/ good solution is needed to avoid water problems.,d̪aʔ ɾe.jaʔ ɛʈkɛʈɔ̃ɽɛʔ alɔ hojoʔ lɘgit̪̚ʔt̪ɛ mɔ̃ɟ bɛbɔst̪a hat̪͡o̯ ɟɘɾuɽa.
প্রিতু: গ্রামের সবাই একসাথে বসে এই বিষয়ে আলোচনা করা দরকার।,Preetu: Everyone in the village needs to sit together and discuss this issue.,at̪oɾɛn ɟɔt̪ɔko mit̪̚ʔsã͡o̯t̪ɛ duɽup̚ʔ kat̪ɛ no̯͡a bisɔjt̪ɛ gapalmaɾa͡o̯ ɟɘɾuɽa.
রিতু: নলকূপ/ কূপ/ কুয়া ছাড়াও পানির অন্য ব্যবস্থাও থাকা দরকার।,"Ritu: Apart from tube wells/ wells, there should be other water systems.",kɔl sɛ kuɲ baŋkʰan d̪aʔ lɘgit̪̚ʔ ɛʈaʔ bɛbɔsta̪ t̪ahɛn ɟɘɾuɽa.
"রিতু: যেমন, বৃষ্টির পানি ধরে রাখা।","Ritu: Like, rain water reservation.","ɟelɛka, sɛɾma d̪aʔ aɾɟa͡o̯ d̪ɔhɔkaʔ."
প্রিতু: এটা তো চিন্তার বিষয়!,Preetu: This is a matter of concern!,no̯͡a d̪ɔ ɘɖi bʰɘbit̪̚ ɾe.jaʔ katʰa kana.
"বাবা: তখন তোমার জ্বর আর পেটব্যথা হয়েছিল, তাই যেতে পারোনি।","Father: At that moment you had a fever and stomach ache, that is why you couldn't go.",unɾɛ amaʔ d̪ɔ ɾu̯͡ɘ aɾ laʲc̚ʔ haso t̪ahɛ̃kan t̪ɛ bam cala͡o̯ d̪aɽe.jad̪a.
বাবা: এবার তোমাকে নিয়ে যাবো এবং খেলনা কিনে দেবো।,Father: This time I will take you and buy you toys.,ni̯͡ɘbaɾd̪ɔɲ id̪imɛge.ja aɾ ɛnɛʲc̚ʔ ɟinisiɲ kiɾiɲama.
মেয়ে: আমার সাথে ছোটভাইকেও নিতে হবে।,Daughter: You have to take younger brother with me.,iɲsã͡o̯t̪ɛ huɖiɲ bɔ͡i̯hahɔ̃ id̪i͡ɛ̯ ho.jo.a.
মেয়ে: তাকে আমি মজার মজার খাবার কিনে দেবো।,Daughter: I will buy him delicious food items.,iɲd̪ɔ uni mɔ̃ɟ mɔ̃ɟ ɟɔmaʔiɲ kiɾiɲa.ja.
"বাবা: তোমার ভাই এখনও অনেক ছোট, সে কান্নাকাটি করতে পারে।","Father: Your brother is still very young, he might cry.","am bɔ͡i̯had̪ɔ nit̪hɔ͡i̯ kɘʈiʲc̚ʔge.ja, ɾaʔ d̪aɽɛo̯͡aʔa͡i̯."
বাবা: আরেকটু বড় হলে তাকে মেলায় নিয়ে যাবো।,Father: I will take him to the fair when he is a little grown up.,t̪ʰoɽa͡i̯ lɘʈuɲɔʔlɛnkʰan mɛlaɲ id̪i͡i̯ja.
বাবা: আমরা তাকে না জানিয়ে/ না বলে মেলায় যাবো।,Father: We will go to the fair without acknowledging him.,abo d̪ɔ bɛgɔɾ lɘ͡i̯t̪ege mɛlabon cala.a.
মেয়ে: সে আমাকে দেখতে না পেলেই কাঁদবে।,Daughter: He will cry if he doesn't see me.,uni d̪ɔ iɲ ba͡i̯ ɲɛlliɲkʰaʲc̚ʔɛ ɾaːga.
বাবা: ফেরার সময় তার জন্য খাবার ও খেলনা নিয়ে আসবো।,Father: We will bring food and toys for him when we get back.,ɾu͡ɘɽ ɔkt̪ɛ uni lɘgit̪̚ʔ ɟɔmaʔ aɾ ɛnɛʲc̚ʔ ɟiniskoɲ ɘgu t̪ɔɾaɔ̯͡a.ja.
বাবা: সেগুলো পেলে সে খুশি হবে।,Father: He will be happy when he gets them.,onako͡i̯ ɲam lekʰanɛ kusiʔa
"মেয়ে: ঠিক আছে বাবা, তাই করবো।","Daughter: Alright Father, I will do that.","ʈʰikge.ja baba, oŋka.jabo."
"মেয়ে: বাবা, গতবছর/ আগেরবার তুমি আমাকে মেলায় নিয়ে যাওনি।","Daughter: Father, you didn't take me to the fair last year/ previous time.","ɛː ba, dinkalɔm am d̪ɔ iɲ mɛla ɲɛl bam id̪i t̪aɾalid̪iɲa."
মেয়ে: এবার আমাকে নিতেই হবে।,Daughter: This time you must take me.,ni͡ɘbaɾd̪ɔ id̪iɲgi laga͡o̯ma
মেয়ে: আমাকে তুমি মাটির পুতুল আর ঘোড়া কিনে দিবে।,Daughter: You shall buy me a clay doll and horse.,amd̪ɔ hasa ɾenaʔ put̪ul aɾ sad̪ɔmɛm kiɾiɲiɲɘ.
১ম বন্ধু: আমি একজনের কান্না শুনতে পাচ্ছি।,1st Friend: I can hear someone crying.,ɔkɔ͡i̯cɔŋ mit̪̚ʔ hɔɽaʔ ɾaʔiɲ aɲɟɔmɛd̪a.
১ম বন্ধু: মনে হয় খারাপ কিছু ঘটেছে।,1st Friend: It seems something bad happened.,hɔ͡i̯t̪o bɘɽiʲc̚ʔ ɟahanaʔ ho͡i̯.akana.
১ম বন্ধু: চলো সামনে এগিয়ে দেখি।,1st Friend: Let's look ahead.,d̪ɛla lahasɛʲc̚ʔ sɛn kat̪ɛʔlaŋ ɲɛːla.
"২য় বন্ধু: হ্যাঁ, আমিও এরকম শব্দ শুনতে পাচ্ছি।","2nd Friend: Yes, I am hearing the same sound as well.","hɛ̃ː, iɲhɔ̃ oŋkan saɖeɲ aɲɟɔmɛd̪a."
২য় বন্ধু: চলো দেখি কী হয়েছে।,2nd Friend: Let's see what happened.,d̪ɛla sɛː cɛt̪̚ʔ ho͡i̯kana.
আহত ব্যক্তি: দয়া করে আমাকে সাহায্য করুন।,Injured person: Please help me.,d̪a.jakat̪ɛʔ gɔɽɔo̯͡ɘɲbɛn.
আহত ব্যক্তি: একটা ট্রাক আমাকে চাপা দিয়ে চলে গেছে।,Injured person: A truck has run over me.,mit̪̚ʔʈɛn loɽi d̪ɔ iɲɛ t̪ɛn oʈokad̪iɲa.
২য় বন্ধু: চলো আমরা তাকে নিয়ে হাসপাতালে যাই।,2nd Friend: Let's take him to the hospital.,d̪ɛla alaŋ d̪ɔ uni haspat̪allaŋ id̪i͡i̯.ja.
১ম বন্ধু: হাসপাতালে গেলে বিভিন্ন রকমের ওষুধ কিনতে হবে।,"1st Friend: After going to the hospital, we will have to buy various medicines.",haspat̪alɾe cala͡o̯lɛnkʰan a͡i̯ma lekan ɾan kiɾiɲ ho.jo.a.
২য় বন্ধু: তাহলে (আমরা) এখন কী করবো?,2nd friend: So what do we do now?,ɛnɖɛkʰan nit̪̚ʔ d̪ɔ cɛt̪̚ʔlaŋ ceka.ja?
১ম বন্ধু: এক্ষুণি এঁর পরিবারের লোকজনকে খবর দিতে হবে।,1st Friend: At this moment his family needs to be informed.,nit̪̚ʔgi oŋko̯͡aʔ gʰaɾɔɟ ɾɛ kʰɔbɔɾ kol ho.jo.a.
১ম বন্ধু: যা করার তারা এসে করবে।,1st Friend: They will come and do whatever needs to be done.,ɔka kɘmiɾɛnaʔ oŋko hɛʲc̚ʔ kat̪ɛʔko kɘmi.ja.
১ম বন্ধু: আপনার পা থেকে অনেক রক্ত বের হচ্ছে।,1st friend: Your leg is bleeding a lot.,amaʔ ɟaŋgakʰɔn a͡ima ma.jam ɟɔɾɔʔkana.
১ম বন্ধু: দ্রুত চিকিৎসা দরকার।,1st Friend: You need urgent treatment.,ɘɖi usɘɾa ɾaːnɛ ɟɘɾuɽa.
২য় বন্ধু: তারপর পুলিশকে জানাতে হবে।,2nd friend: Then you have to inform the police.,inɘ t̪a.jɔm pulis baɖa͡i̯ ocoko hojo.a.
২য় বন্ধু: তারা ট্রাকটিকে খুঁজে বের করবে।,2nd Friend: They will find the truck.,oŋkoge ona loɾi gɘɖiko send̪ɾa oɖoka.
"১ম বন্ধু: সেগুলো কিনতে যে পরিমাণ টাকা দরকার, তা আমার কাছে নেই।",1st Friend: I don't have enough money to buy them.,ɔnako ɾan kiɾiɲ lɘgit̪̚ʔ t̪inɘʔ ʈaka ɟɘɾuɽa unɘʔ d̪ɔ iɲʈʰɛʲc̚ʔ bɘnu.a.
২। মায়ের আদর ও যত্নে শিশুরা বেড়ে উঠে।,2. Children grow well under mother's nurturing and care.,gɔgɔo͡aʔ d̪ulɘɽ ɟɔt̪ɔn tege gid̪ɾɘd̪ɔko haɾa buɾuʔkana.
৩। আমি আমার মায়ের কাছ থেকে কথা বলা শিখেছি।,3. I learned speaking/ language from my mother.,iɲd̪ɔ iɲ gɔgɔʈhɛnkʰɔn kat̪ʰa ɾɔɽiɲ cet̪̚ʔked̪a.
"৫। শিশুকালে আমার একবার অসুখ হয়েছিল, তখন আমার মা অনেক কান্নাকাটি করেছিলেন।","5. I got sick once in my childhood, and my mother cried a lot.",kɘʈiʲc̚ʔɾɛ iɲd̪ɔ ɾu͡ɘlɛna aɾ iɲ gɔgɔd̪ɔ ɘɖi aʈɛ hɔmɔɾ halaŋ led̪a.
৬। মায়ের কাছ থেকে আমি বড়দের সম্মান করা এবং ছোটদের স্নেহ করা শিখেছি।,6. From my mother I have learned to respect the elders and love the youngers.,gɔgɔʈhɛn kʰɔniɲ cet̪̚ʔked̪a lɘʈuko manɔt̪̚ʔ ɛmɔʔ aɾ kɘʈiʲc̚ʔku d̪ulɘɽko.
৮। মাকে ভালোবাসতাম এবং ভয়ও করতাম।,8. I loved my mother and feared her too.,gɔgɔd̪ɔɲ d̪ulɘɽd̪ekantɛ̆hɛkana aɾ bɔt̪ɔɾ hɔɲ bɔt̪ɔɾa͡i̯kant̪ahɛ̃kana.
৯। মায়ের হাতের রান্না অনেক সুস্বাদু ছিল।,9. Mother's cooking was very tasty/ delicious.,gɔgɔo̯͡aʔ ut̪u d̪aka ɘɖi sebelge t̪ahɛ̃kana.
১০। সব সমাজেই মায়ের সাথে ভালো ব্যবহার করার কথা বলা হয়েছে।,10. All societies are told to treat mothers well.,sanam sɔmaɟɾɛge gɔgɔ sã͡ot̪ɛ mɔ̃ɟ bɛbɔ̆haɾ ɾenaʔ kat̪ʰa mɛːnakana.
১১। বয়স হয়ে গেলে মায়ের যত্ন নেওয়া আমাদের দায়িত্ব।,11. It is our responsibility to take care of our mother when she is old.,bɔ.jɔs ho͡i̯lɛnkʰan gɔgɔ̯͡aʔ ɟɔt̪ɔn hat̪a͡od̪ɔ abo̯͡aʔ d̪a.jik̚kana.
১। পৃথিবীতে শিশুর সবচেয়ে বড় আশ্রয় তার মা।,1. A child's greatest shelter in the world is its mother.,d̪ʰɘɾt̪iɾɛ gɔgɔgi gid̪̚ɾɘɾɛn ɟɔt̪ɔkʰɔn lɘʈu asɾa͡i̯.
"৪। মা অনেক কষ্ট করতেন, কিন্তু তিনি সেই কষ্ট বুঝতে দিতেন না।","4. Mother used to bear a lot, but she did not let us understand that pain.","gɔgɔd̪ɔ ɘɖi aʈɛː haɾɔnakana, mɛnkʰan ɔna haɾɔn d̪ɔ ba͡i̯ buɟʰhɘ͡o̯ oco͡akanna"
"৭। মা অনেক আদর করতেন, কিন্তু পড়ালেখা না করলে শাসনও করতেন।","7. Mother loved me a lot, but if I didn't study, she'd also set boundaries on me.","gɔgɔd̪ɔ ɘɖiː d̪ulɘɽkan tahɛna, mɛnkʰan ɔlɔʔ paɽha͡o̯ bam d̪aɽɛlɛnkʰan sasa͡o̯ɛt̪̚ʔlɛ t̪ɛhɛna͡i̯"
"৬। যে কৃষক বেশি পরিশ্রম করে, তার ফসল ভালো হয়।",6. A farmer who works hard gets good crops.,"ɔko͡i̯ casɔʔ hɔɽ ɟɘsti kʰaʈaʔa, unijaʔ pʰɔsɔld̪ɔ bʰagege hojo.a."
৭। বাংলাদেশের মাটি চাষাবাদের জন্য ভালো।,7. The soil of Bangladesh is good for cultivation/ agriculture.,baŋlad̪isɘm ɾenaʔ hasa d̪ɔ cas abad̪̚ lɘgit̪̚ʔ ɘɖi bʰage.ja.
১০। তাই ধান বিক্রি করে কৃষক লাভবান হতে পারছে না।,10. This is why the farmers are not able to get good profits by selling paddy.,ɔnat̪ɛ casɔʔ hɔɽd̪ɔ hoɽo ɘkʰɾiɲ kat̪ɛʔ bako labʰ d̪aɽɛ.jaʔkana.
১১। অনেকে গরু-ছাগল পালন করেন।,11. Many farmers keep cows and goats.,a͡i̯makod̪ɔ gɘ͡i̯ ɖaŋɾa mihu mɛɾɔmko ɘsulɛt̪̚ʔko͡a̯.
১২। এদের কাছ থেকে মাংস ও দুধ পাওয়া যায়।,12. Meat and milk are obtained from them.,noko ɘsul ɟano̯͡aɾ kʰɔʲc̚ʔ t̪o͡a aɾ ɟelbon ɲaːmɛt̯̚ʔkana.
১৩। গোরু-ছাগল বিক্রি করে অনেক টাকাও পাওয়া যায়।,13. A lot of money is also earned by selling cows and goats.,gɘ͡i̯ ɖaŋɾa ɘkʰɾiɲkat̪ɛʔ a͡i̯ma ʈakahɔ̃ ɲamɔ.a.
১। কৃষক জমিতে ফসল ফলায়/ চাষাবাদ করে।,1. Farmer cultivates the land.,casɔʔkanko d̪ɔ baɽgiɾɛku abad̪ɔ.a.
"২। একেক অঞ্চলের মাটি একেক রকম, তাই সব অঞ্চলে একরকম ফসল হয় না।","2. The soil of each region is different, so not all regions grow the same crop/ paddy.",mimit̪̚ʔ nakʰa ɾe.jaʔ hasa mimit̪̚ʔ lɛkant̪ɛ abat̪̚ mit̪̚ʔlɛka baŋ hojo.a.
৩। ভিন্ন ভিন্ন ঋতুতে/ সময়ে বিভিন্ন রকম ফসল হয়।,3. Different crops/paddy are grown in different seasons/ times.,ɟud̪ɘ ɟud̪ɘ abad̪ ɔk̚t̪ɛ i.jɘt̪ɛ a͡i̯ma lekan abad̪ hojo.a.
"৪। কৃষিকাজের জন্য শুরুতে জমি প্রস্তুত করতে হয়, এরপর সেখানে বীজ বপন করতে হয়।","4. Farming involves preparing the land in the beginning, then sowing the seeds there.",abad̪ɔʔ ɛt̪ɔhɔp̚ʔɾɛ baɽge sap̚ɽa͡o̯ kat̪ɛ it̪ɘ apʰɔɾ hojo.a.
"৫। ভালো ফসলের জন্য নিয়মিত সূর্যের আলো, পানি ও সার দরকার হয়।","5. Good crops require regular sunlight, water and fertilizer.","bʰage abad̪ lɘgit̪̚ʔ ɟa͡o̯gi sit̪uŋ, d̪aʔ, aɾ sahaɾ ɟɘɾuɽa."
৮। নদীর পানি ক্ষেতের সেচের জন্য ব্যবহার করা হয়।,8. River water is used for irrigation of fields.,gaɖaɾe.jaʔ d̪aʔ baɽgiɾɛ abat̪ lɘgit̪̚ʔ bɛbɔ̆haɾɔʔa.
৯। চাষের খরচ বাড়ার কারণে ধান চাষ এখন কঠিন হয়ে যাচ্ছে।,9. Paddy cultivation has become difficult due to the rising cost of cultivation.,cas abat̪ kʰɔɾɔc̚ ɟɘst̪iʔkant̪ɛ hoɽo abat̪ muskil hojoʔkana.
"আগন্তুক: [নমস্কার], আমার নাম আবু।","Visitant: [Greetings], my name is Abu.","ɟohaɾ, iɲaʔ ɲit̪um d̪ɔ abu."
"স্থানীয় ব্যক্তি: [নমস্কার], আমার নাম [নিজ নাম]।","Local Person: [greetings], my name is [Own name].","ɟohaɾ, aʔ ɲit̪um d̪ɔ alpʰɾeʈ."
স্থানীয় ব্যক্তি: আপনি কোথা থেকে এসেছেন?,Local person: Where are you from?,amd̪ɔ okakʰɔnɛm hɛʲc̚ʔakana?
আগন্তুক: আপনি কি এখানকার?,Visitant: Are you the person/ people from here?,amd̪ɔ cɛt̪̚ʔ nɔnɖɛniʲc̚ʔ kanam?
"স্থানীয় ব্যক্তি: হ্যাঁ, আমার বাড়ি কাছেই।","Local Person: Yes, my house is nearby.","hɛ̃, iɲaʔ ɔɽaʔ d̪ɔ soɾɾege."
"স্থানীয় ব্যক্তি: ওই যে সামনে স্কুলটা দেখা যাচ্ছে, তার পাশেই আমার বাড়ি।","Local Person : The school that can be seen in front, my home is next to it.","hanɛː iskul ɲɛlɔʔkan, ɔna aɽɛɾɛge iɲaʔ ɔɽaʔd̪ɔ."
"স্থানীয় ব্যক্তি: আপনি স্কুলের মাঠে খেলা দেখতে পারবেন, নদীর পাড়েও বেড়াতে পারবেন।","Local Person: You may watch the kids playing sports at the school grounds, wander along the riverside.","amd̪ɔ iskul maʈʰɾɛ kʰilɘʈɛm ɲɛl d̪aɽe.jaʔa, aɾ gaɖa aɽet̪ɛhɔm d̪ãɽa d̪aɽe.jaʔa."
"স্থানীয় ব্যক্তি: হ্যাঁ, আপনি ঠিক বলেছেন।","Local Person: Yes, you are right.","hɛ̃, amd̪ɔ ʈʰik̚gem mɛnakad̪a."
স্থানীয় ব্যক্তি: ভালো থাকবেন।,Local Person: Be well.,napa͡i̯ge t̪ahɛnmɛ.
আগন্তুক: আপনার নাম কী [দাদা]/ [দিদি]?,Visitant: What is your name [brother/ sister]?,amaʔ ɲit̪um d̪ɔ cɛt̪̚ʔ d̪ad̪aː?
স্থানীয় ব্যক্তি: আপনাকে আমি চিনতে পারছি না।,Local Person: I don't recognize you.,iɲd̪ɔ am bɘɲ oɾomɛt̪̚ʔmẽ̯͡a.
আগন্তুক: আমি এখানে ঢাকা থেকে চাকরি করতে এসেছি।,Visitant: I have come here from Dhaka for my job.,iɲd̪ɔ ɖʰaka kʰɔn nɔnɖɛ nuk̚ɾi͡i̯ lɘgit̪̚ʔiɲ hɛʲc̚ʔakana.
আগন্তুক: আপনাদের এলাকাটি আমার ভালো লেগেছে।,Visitant: I like your area.,apɛ nakʰa d̪ɔ iɲ ɘɖi napa.jiɲ ɘ͡i̯kɘ͡o̯ɛd̪a.
"স্থানীয় ব্যক্তি: হ্যাঁ, আমাদের এলাকাটি অনেক সুন্দর।","Local Person: Yes, our area is very beautiful.","hɛ̃, alɛ nakʰa d̪ɔ ɘɖige mɔ̃ːɟa."
আগন্তক: বিকেলে বেড়ানোর/ ঘোরাঘুরির জন্য এখানে কোথায় কোথায় যেতে পারি?,Visitant: Where can I go for an afternoon walk?,ɘ.jup̚ʔbɛla d̪ãɽãbaɽa͡i̯ lɘgit̪̚ʔ ɔka ɔka ɟagaɲ cala͡o̯ d̪aɽekɔ.a?
আগন্তুক: আমি ভালো খেলতে না পারলেও আমার খেলা দেখতে ভালো লাগে।,"Visitant: Even though I don't play well, I enjoy watching others play sports.",iɲdɔ bɘɲ gat̪e daɽeʔɾɛhɔ̃ gat̪e ɲɛld̪ɔ ɘɖi napa..jiɲ ɘ͡i̯kɘo̯a.
"আগন্তুক: ক্রিকেট, ফুটবল ও হাডুডু আমি পছন্দ করি।","Visitant: I like Cricket, Football and Kabadi.","kɾikeʈ, pʰuʈbɔl aɾ haɖuɖu kʰilɘʈkuɲ kusi.jaʔa."
স্থানীয় ব্যক্তি: আমি স্কুলে পড়ার সময় ফুটবল খেলতাম।,Local Person: I used to play football when I was in school.,iɲd̪ɔ iskulɾɛ paɽhaʔ ɔkt̪ɛ pʰuʈbɔliɲ kʰilɘʈɔʔkant̪ahɛ̃na.
স্থানীয় ব্যক্তি: এখন খেলাধুলা করার সময় পাই না।,Local Person: But now I don't have time to play sports.,nɛt̪aɾ d̪ɔ kʰilɘʈɔʔ ɾe.jaʔ ɘd̪̚ ɔp̚sɔɾ bɘnuʔt̪iɲa.
স্থানীয় ব্যক্তি: আমার বাচ্চারা প্রতিদিন খেলাধুলা করে।,Local Person: My kids play daily.,iɲɾɛn gid̪ɾɛ d̪inɘmko kʰilɘʈɔʔa.
আগন্তুক: খেলাধুলা বাচ্চাদের শরীরের জন্য ভালো।,Visitant: Sports are good for children's physical health.,kʰilɘʈ d̪ɔ gid̪ɾɘko͡aʔ hɔɽmɔ lɘgit̪̚ʔ bʰage.ja.
"আগন্তুক: কিন্তু, শহরের বাচ্চাদের খেলাধুলার জন্য মাঠ নেই।","Visitant: But, there is no playground for children in the city.",mɛnkʰan nagɾahaɾɛn gid̪ɘɾpid̪ɘɾko lɘgit̪̚ʔ d̪ɔ kʰilɘʈ̚ ʈʰɘ̃͡i̯ bɘnu.a.
আগন্তুক: সে তুলনায় গ্রামের বাচ্চারা ভাগ্যবান।,Visitant: Village kids are lucky compared to that.,mɛnkʰan ɔna t̪ulɘɟokʰat̪ɛ at̪oɾɛn gid̪ɘɾpid̪ɘɾ d̪ɔ ko bʰɘgange.ja.
স্থানীয় ব্যক্তি: আপনার সাথে কথা বলে ভালো লাগলো।,Local Person: Felt Nice to talk to you.,amsã͡o̯ galmaɾa͡o̯ kat̪ɛ ɘɖi napa.jiɲ ɘikɘ͡o̯ked̪a.
আগন্তক: আমারও ভালো লাগলো।,Visitant: I liked it too.,iɲhɔ̃ ɘɖi napa.jiɲ ɘ͡i̯kɘ͡o̯ked̪a.
"ছেলে: মা, বাজার থেকে কী কী আনতে হবে?","Son: Mom, what needs to be brought from the market?","gɔː, baɟaɾ kʰɔn cɛt̪̚ʔ cɛt̪̚ʔ ɘgu͡i̯ hojo.a?"
"মা: রান্নাঘরে গিয়ে দেখো আলু, টমেটো, গাজর, বেগুন, তেল, পেয়াজ, লবণ কী পরিমাণে আছে।","Mother: Go to the kitchen and see how much potato, tomato, carrot, brinjal, oil, onion, salt is left.","d̪aka ɔɽaʔɾɛ sɛn kat̪ɛʲc̚ʔ ɲɛlmɛ ɘlu, ʈamaʈol, gaɟɔɾ, bɛŋgaɽ, sunum, pi.jãɟ, buluŋ t̪inɘʔgan mena.a."
ছেলে: আলু একবেলা রান্না করলেই শেষ হয়ে যাবে।,Son: Potatoes will be finished in one meal.,ɘlud̪ɔ mit̪̚ʔbɛla ut̪u lɛkʰan caba.a.
"ছেলে: টমেটো অনেক আছে, আরও কিনলে নষ্ট হয়ে যাবে।","Son: There are plenty of tomatoes, if you buy more, those will get rotten.","ʈamaʈol d̪ɔ a.jma mena.a, aɾhɔ̃ kiɾiɲ lekʰan bɘɽiːɟɔ.a."
ছেলে: গাজর শেষ হয়ে গেছে।,Son: Carrots are finished.,gaɟɔɾ d̪ɔ caba͡i̯na.
ছেলে: বেগুন যা আছে সেগুলো দিয়ে দুইবার রান্না করা যাবে।,Son: Eggplant can be cooked twice with what's left of it.,bɛŋgaɽ ɔka mɛna.a ɔna d̪ɔ baɾ d̪ʰa͡o isinbasaŋɔ.a.
ছেলে: তেলের বোতলে তেল নেই।,Son: There is no oil in the oil bottle.,bɔt̪ɔlɾɛ d̪ɔ sunum bɘnu.a.
ছেলে: পেঁয়াজ ও লবণ না কিনলেও হবে।,Son: It will be just fine even if you don't buy onion and salt.,pi.jãɟ aɾ buluŋ baŋ kiɾiɲ lekʰaʲc̚ʔ hɔ̃ hojoʔge.ja.
মা: সাথে কিছু শাক নিয়ে এসো।,Mother: Bring some leafy greens along.,t̪ʰɔɽa aɽaʔhɔ̃ ɘgu t̪oɾa͡i̯mɛ.
মা: কিন্তু ডিমের দাম বেশি হলে কিনবে না।,"Mother: But do not buy them, if the price of eggs is high,",bele ɾe.jaʔ d̪am ɖʰeɾgekʰan alɔm kiɾiɲa.
মা: বাড়িতে পিঠা বানাবো।,Mother: I will make cake at home.,ɔɽaʔɾɛ piʈʰɘbon t̪e.jaɾa.
ছেলে: ঠিক আছে মা।,Son: Alright mom.,ʈʰikgi.ja gɔː.
"ছেলে: আচ্ছা, এরপরেও যদি কিছু মনে পড়ে, তাহলে আমাকে ফোন দিয়ে জানাবে।","Son: Okay. Even then, if you remember anything, you will call me.","ac̚cʰa, ɛnhɔ̃ ɟahanaʔɛm d̪isɘ lekʰaʲc̚ʔ pʰon kat̪ɛʔɛm baɖa͡i̯ ocoɲ.ɲa."
মা: সাবধানে যাও।,Mother: Go carefully.,husi.jɘɾt̪ɛ calaʔmɛ.
মা: টাকাপয়সা ঠিকমতো রেখো।,Mother: Keep the money safely.,ʈaka pa͡i̯sa mɔɟt̪ɛ d̪ɔhɔ͡i̯mɛ.
মা: আর ডিম কিনে এনো ১ হালি।,"Mother: And buy eggs, 4. (1 hali)",bele kiɾiɲ ɘgu͡i̯mɛ mit̪̚ʔ ganɖa.
"ছেলে: দুধ, চিনি কি লাগবে?","Son: Do you need milk, sugar?",t̪ɔ̯͡a aɾ cini laga.a sɛ cɛt̪̚?
মা: চিনি না কিনে ১ কেজি গুড় নিয়ে এসো।,Mother: Bring 1 kg jaggery instead of buying sugar.,cini baŋkat̪ɛ mĩt̪̚ʔ kiɟi guɽ kiɾiɲ ɘgu͡i̯mɛ.
ছেলে: আর কিছু কি লাগবে?,Son: Do you need anything else?,aɾ ɟahanaʔ laga.a sɛ cɛt̪̚ʔ?
মা: দুধ কেনার সময় পানি মেশানো কি না দেখে নিবে।,"Mother: While buying milk, check whether water is mixed in it or not.",t̪o̯͡a kiɾiɲ sɔmɔ.jɛm ɲɛlaː d̪aʔ mɛsala sɛ cɛt̪̚ʔ.
পানির আরেক নাম জীবন।,Another name for water is life.,d̪aʔ d̪ɔ ɟi.jon kana.
পানি ছাড়া আমরা বাঁচতে পারি না।,We cannot live without water.,d̪aʔ bɛgɔɾt̪ɛ abo d̯ɔ babon ɟiu̯͡ed̪ɔʔa.
প্রতিদিন বিভিন্ন কাজে আমাদের পানি ব্যবহার করতে হয়।,Everyday we need/ have to use water for various purposes.,d̪in hilɘʔgɛ d̪aʔ d̪ɔ a.jma kɘmiɾɛ bɛ͡ɔ̯haɾɔʔkana.
"আমরা নলকূপ, পুকুর, কুয়া ও নদী থেকে পানি পাই।","We get water from tube wells, ponds, wells and rivers.","abo d̪ɔ nɔlkup̚, pukʰɾi aɾ kuɲ ko̪ɾɛkʰɔʲcʔ d̪aʔbon ɲamed̪a."
দূষিত পানি ব্যবহার করলে শরীরে অসুখ হতে পারে।,Contaminated water can cause illness in the body.,mɘ͡i̯lɘ d̪aʔ bɛ͡ɔ̯haɾ lɛkʰan hɔɽmɔɾɛ ɾu̯͡ɘ hɛʲc̚ʔ daɽɛ͡o̯a.a.
দূষিত পানি ফুটিয়ে পান করা যায়।,Contaminated water can be boiled and consumed.,mɘ͡i̯lɘ d̪aʔ hɛɖɛʲc̚ʔ kat̪ɛʔ ɲuʔgi.ja.
নলকূপের/ কূপের ঠান্ডা পানি তৃষ্ণা মেটায়।,Cold water from tube well/ well quenches thirst.,nɔlkup̚ ɾe.jaʔ sɛ ɾɛ.jaɽ d̪aʔ d̪ɔ t̪et̪aŋɛ maɾao̯͡a.
তবে গরমের দিনে অনেক পুকুর-নদী-ঝরনার পানি শুকিয়ে যায়।,"Many ponds, rivers and springs dry up on hot summer days.","mɛnkʰan set̪uŋdin gaɖa, sɔɖɔʔ, pukʰɾi, aɾ ɟʰaɾna d̪aʔ aɲɟɛd̪ɔʔkana."
এ কারণে অনেক এলাকায় পানির অভাব দেখা দেয়।,This is why there is water shortage in many areas.,no̯͡a kaɾɔnt̪ɛ a.jma ʈʰɘ̃͡i̯ɾɛ d̪ɔ d̪aʔ ɾenaʔ ɔbʰab hujuʔkana.
সবাই তখন বর্ষার/ বৃষ্টির অপেক্ষায় থাকে।,Everyone then waits for monsoon/ rain.,unɾɛ ɟɔt̪ɔhɔɽ bɘɾsɘ ɔk̚t̪ɛ ɾe.jaʔko t̪ɘŋi̯͡a.
অনেকে বৃষ্টির পানি জমিয়ে রাখে।,Many people store rainwater.,a͡i̯maku d̪ɔ bɘɾsɛ ɾenaʔ d̪aʔ ku d̪ɔhɔ ɟogao̯͡a.
বৃষ্টির পানি খাওয়ার জন্য ভালো।,Rainwater is good for drinking.,bɘɾse ɾenaʔ d̪aʔ d̪ɔ ɲu͡i̯ lɘgit̪̚ʔ bʰage ge.ja.
তবে নানাভাবে পানি দূষিত/ ময়লা হচ্ছে।,Water is getting contaminated/ polluted in various ways.,mɛnkʰan d̪aʔ d̪ɔ a.jma lɛkat̪ɛ bɘɽiɟɔʔ kana.
আমি দেখি,I see.,iɲiɲ ɲɛla.
আমরা দুইজন দেখি,We two see.,ɘliɲliɲ ɲɛla.
আমরা দেখি,We see.,alɛlɛ ɲɛla.
তুমি দেখো,You see.,amɛm ɲɛla.
তোমরা দুইজন দেখো,You two see.,abɛnbɛn ɲɛla.
তোমরা দেখো,You see.,apɛpɛ ɲɛla.
He/ She sees.,,uni͡i̯ ɲɛla.
That sees.,,ɔna͡i̯ ɲɛla.
They two see.,,unkinkin ɲɛla.
Those two see.,,ɔnakinkin ɲɛla.
They see.,,onkoko ɲɛla.
Those see.,,ɔnakoko ɲɛla.
আমি দেখি না,I do not see.,iɲ bɘɲ ɲɛla.
আমরা দুইজন দেখি না,We two do not see.,ɘliɲ bɘliɲ ɲɛla.
আমরা দেখি না,We do not see.,alɛ balɛ ɲɛla.
তুমি দেখো না,You do not see.,am bam ɲɛla.
তোমরা দুইজন দেখো না,You two do not see.,abɛn babɛn ɲɛla.
তোমরা দেখো না,You do not see.,apɛ bapɛ ɲɛla.
He/ She does not see.,,uni ba͡i̯ ɲɛla.
That does not see.,,ɔna ba͡i̯ ɲɛla.
The two do not see.,,uŋkin bɘkin ɲɛla.
Those two do not see.,,ɔnakin bɘkin ɲɛla.
আমরা দেখছি,We are watching.,alɛlɛ ɲɛlɛd̪a.
তুমি দেখছ,You are seeing.,amɛm ɲɛlɛd̪a.
তোমরা দুইজন দেখছ,You two are watching.,abɛnbɛn ɲɛlɛd̪a.
তোমরা দেখছ,You see.,apɛpɛ ɲɛlɛd̪a.
He/ She is watching.,,uni͡i̯ ɲɛlɛd̪a.
That is seeing.,,ona͡i̯ ɲɛlɛd̪a.
The two are watching.,,unkinkin ɲɛlɛd̪a.
Those two are watching.,,onakinkin ɲɛlɛd̪a.
They are watching.,,onkoko ɲɛlɛd̪a.
Those are seeing .,,onakoko ɲɛlɛd̪a.
আমি দেখলাম,I saw.,iɲiɲ ɲɛlked̪a.
আমরা দুইজন দেখলাম,We two saw.,ɘliɲliɲ ɲɛlked̪a.
আমরা দেখলাম,We saw.,alɛlɛ ɲɛlked̪a.
তুমি দেখলে,You saw.,amɛm ɲɛlked̪a.
তোমরা দুইজন দেখলে,You two saw.,abɛnbɛn ɲɛlked̪a.
তোমরা দেখলে,You saw.,apɛpɛ ɲɛlked̪a.
He/ She saw.,,uni͡i̯ ɲɛlked̪a.
That saw.,,ɔna͡i̯ ɲɛlked̪a.
The two saw.,,unkinkin ɲɛlked̪a.
Those two saw.,,ɔnakinkin ɲɛlked̪a.
They saw.,,onkoko ɲɛlked̪a.
Those saw.,,onakoko ɲɛlked̪a.
আমি দেখতেছিলাম,I was watching.,iɲiɲ ɲɛlɛt̪̚ʔkan t̪ahɛ̃na.
আমরা দুইজন দেখতেছিলাম,We two were watching.,ɘliɲliɲ ɲɛlɛt̪̚ʔkan t̪ahɛ̃na.
আমরাা দেখতেছিলাম,We were watching.,alɛlɛ ɲɛlɛt̪̚ʔkan t̪ahɛ̃na.
তুমি দেখতেছিলে,You were watching.,amɛm ɲɛlɛt̪̚ʔkan t̪ahɛ̃na.
তোমরা দুইজন দেখতেছিলে,You two were watching.,abɛnbɛn ɲɛlɛt̪̚ʔkan t̪ahɛ̃na.
তোমরা দেখতেছিলে,You were watching.,apɛpɛ ɲɛlɛt̪̚ʔkan t̪ahɛ̃na.
He/ She was watching.,,uni͡i̯ ɲɛlɛt̪̚ʔkan t̪ahɛ̃na.
That was watching.,,ɔna͡i̯ ɲɛlɛt̪̚ʔkan t̪ahɛ̃na.
The two were watching.,,unkinkin ɲɛlɛt̪̚ʔkan t̪ahɛ̃na.
Those two were watching.,,ɔnakinkin ɲɛlɛt̪̚ʔkan t̪ahɛ̃na.
They were watching.,,onkoko ɲɛlɛt̪̚ʔkan t̪ahɛ̃na.
Those were watching.,,ɔnakoko ɲɛlɛt̪̚ʔkan t̪ahɛ̃na.
আমি দেখেছিলাম,I saw.,iɲiɲ ɲɛllɛd̪a.
আমরা দুইজন দেখেছিলাম,We two saw.,ɘliɲliɲ ɲɛllɛd̪a.
আমরা দেখেছিলাম,We saw.,alɛlɛ ɲɛllɛd̪a.
তুমি দেখেছিলে,You saw.,amɛm ɲɛllɛd̪a.
তোমরা দুইজন দেখেছিলে,You two saw.,abɛnbɛn ɲɛllɛd̪a.
তোমরা দেখেছিলে,You saw.,apɛpɛ ɲɛllɛd̪a.
He/ She saw.,,uni͡i̯ ɲɛllɛd̪a.
That saw.,,ɔna͡i̯ ɲɛllɛd̪a.
The two saw.,,unkinkin ɲɛllɛd̪a.
Those two saw.,,ɔnakinkin ɲɛllɛd̪a.
They saw.,,onkoko ɲɛllɛd̪a.
Those saw.,,onakoko ɲɛllɛd̪a.
আমি দেখব,I will see.,iɲiɲ ɲɛla.
আমরা দুইজন দেখব,We two will see.,aliɲliɲ ɲɛla.
আমরা দেখব,We will see.,alɛlɛ ɲɛla.
তুমি দেখবে,You will see.,amɛm ɲɛla.
তোমরা দুইজন দেখবে,You two will see.,abɛnbɛn ɲɛla.
তোমরা দেখবে,You will see.,apɛpɛ ɲɛla.
He/ She will see.,,uni͡i̯ ɲɛla.
That will see.,,ɔna͡i̯ ɲɛla.
The two will see.,,unkinkin ɲɛla.
Those two will see .,,ɔnakinkin ɲɛla.
They will see.,,onkoko ɲɛla.
Those will see.,,onakoko ɲɛla.
আমি দেখব না,I will not see.,iɲ bɘɲ ɲɛla.
আমরা দুইজন দেখব না,We two will not see.,ɘliɲ bɘliɲ ɲɛla.
আমরা দেখব না,We will not see.,alɛ balɛ ɲɛla.
তুমি দেখবে না,You will not see.,am bam ɲɛla.
তোমরা দুইজন দেখবে না,You two will not see.,abɛn babɛn ɲɛla.
তোমরা দেখবে না,You will not see.,apɛ bapɛ ɲɛla.
He/ She will not see.,,uni ba͡i̯ ɲɛla.
That will not see.,,ɔna ba͡i̯ ɲɛla.
The two will not see.,,uŋkin bɘkin ɲɛla.
Those two will not see.,,onakin bɘkin ɲɛla.
They will not see.,,oŋko bako ɲɛla.
Those will not see .,,onkoko bako ɲɛla.
আমি দেখছি,I am seeing.,iɲiɲ ɲɛlɛd̪a.
আমি দেখেছি,I have seen.,iɲiɲ ɲɛlakad̪a.
আমরা দুইজন দেখেছি,We two have seen.,ɘliɲliɲ ɲɛlakad̪a.
আমরা দেখেছি,We have seen.,alɛlɛ ɲɛlakad̪a.
তুমি দেখেছ,You have seen.,amɛm ɲɛlakad̪a.
তোমরা দুইজন দেখেছ,You two have seen.,abɛnbɛn ɲɛlakad̪a.
তোমরা দেখেছ,You have seen.,apɛpɛ ɲɛlakad̪a.
He/ She has seen.,,uni͡i̯ ɲɛlakad̪a.
That has seen.,,ɔna͡i̯ ɲɛlakad̪a.
The two have seen.,,unkinkin ɲɛlakad̪a.
They have seen.,,onkoko ɲɛlakad̪a.
Those have seen.,,ɔnakoko ɲɛlakad̪a.
They do not see.,,oŋko bako ɲɛla.
Those do not see.,,onako bako ɲɛla.
আমরা দুইজন দেখছি,We two are watching.,ɘliɲliɲ ɲɛlɛd̪a.
Those two have seen.,,ɔnakinkin ɲɛlakad̪a.
আমি দেখিনি,I did not see.,iɲ bɘɲ ɲɛlakad̪a.
আমরা দুইজন দেখিনি,We two did not see.,ɘliɲ bɘliɲ ɲɛlakad̪a.
আমরা দেখিনি,We did not see.,alɛ balɛ ɲɛlakad̪a.
তুমি দেখোনি,You did not see.,am bam ɲɛlakad̪a.
তোমরা দুইজন দেখোনি,You two did not see.,abɛn babɛn ɲɛlakad̪a.
তোমরা দেখোনি,You did not see.,apɛ bapɛ ɲɛlakad̪a.
He/ She did not see .,,uni ba͡i̯ ɲɛlakad̪a.
That did not see.,,ona ba͡i̯ ɲɛlakad̪a.
The two did not see.,,uŋkin bɘkin ɲɛlakad̪a.
Those two did not see .,,ɔnakin bɘkin ɲɛlakad̪a.
They did not see.,,onko bako ɲɛlakad̪a.
Those did not see .,,ɔnako bako ɲɛlakad̪a.
বাস স্টেশনটা কোথায়?,Where is the bus station?,bas s͡ʈesɔn d̪ɔ ɔkaɾɛ?
টিকেটের দাম কত?,How much does the ticket cost?,ʈikiʈ ɾe.jaʔ d̪am t̪inɘʔ
কোন বাসে যাওয়া যায়?,With which bus can I go?,ɔkaʈaʔ bas t̪ɛ caʔlao̯͡a?
জায়গাটি এখান থেকে কতদূর?,How far is the place from here?,ɔna ʈoʈʰa d̪ɔ nɔnɖɛ kʰɔn t̪inɘʔ sɘŋgiɲ.
এখান থেকে যেতে কতক্ষণ লাগতে পারে?,How long does it take to get there?,nɔnɖɛkʰɔn calaʔt̪ɛ t̪in gʰɘɾiʔ laga͡o̯ d̪aɽe.jaʔa?
সেখানে খরচ কেমন হয়?,How are the costs there?,ɔnɖɛnaʔ kʰɔɾɔc̚ʔ d̪ɔ cɛt̪̚ʔlɛka?
ওই শহরে থাকার ব্যবস্থা কেমন?,How is the accommodation system in that city?,ɔna sohɔɾɾɛ t̪ahɛ̃n bɛbɔst̪a cɛt̪̚ʔlɛka?
এইখানের বিখ্যাত খাবার কী কী আছে?,What is the famous food here?,nɔnɖɛnaʔ ɟɔt̪ɔkʰɔn mɔ̃ɟaʔ ɟɔmaʔ cɛʔ cɛʔ mɛna.a?
আমাকে এক কাপ চা দিন তো !,Give me a cup of tea.,iɲ miʔ kap̚ ca imɘɲmɛ.
এক গ্লাস পানি পেতে পারি?,Can I have a glass of water?,mit̪̚ʔ gilɘs d̪aʔ imɘɲmɛ sɛ.
ওখানে কিভাবে যাওয়া যায়?,How to get there?,hanɖɛ cɛt̪̚ʔlɛkat̪ɛ caʔlao̯͡a?
হেঁটে যাওয়া যাবে?,Can I walk there?,t̪aɽamt̪ɛ caʔlao̯͡a?
এখানে রিকশা কোথায় পাওয়া যাবে?,Where to find rickshaws here?,nɔnɖɛ ɾik̚sa ɲamɔ.a?
আমি [অমুক জায়গায়] যাবো।,I will go [to such a place].,iɲ d̪ɔ pat̪ʰɔɾ gʰaʈaɲ cala.a.
আপনি বাসে করে/ চড়ে যেতে পারেন।,You can go/ride by bus.,am d̪ɔ bast̪ɛm cala͡o̯ d̪aɽe.jaʔa.
সমুদ্র দেখতে যেতে পারেন।,You can go visit the sea.,sɘmund̪ɘɾ ɲɛɲɛlɛm cala͡o̯ d̪aɽe.jaʔa.
যেকোনো সময় বাস পাবেন।,You can get the bus anytime.,ɟahat̪inɾigi bas d̪ɔm ɲama.
ট্রেন সকালে/ রাতে ছাড়ে।,Train leaves in the morning/night.,ʈren set̪aʔɾɛko aɽaga.
নদীতে নৌকায় চড়তে পারবেন।,You can ride a boat on the river.,gaɖaɾɛ lɘ͡o̯kɘɾɛm d̪ɛʲc̚ʔ d̪aɽe.jaʔa.
এখানে ঘুরতে খরচ বেশি লাগে না/ প্রয়োজন হয় না।,It doesn't cost/ need much to travel here.,nɔnɖɛ d̪aɽant̪ɛ ɟɘst̪i kʰɔɾɔc̚ d̪ɔ baŋ laga.a.
এখানে হোটেল পাওয়া যাবে কোথায়?,Where can hotels be found here?,nɔnɖɛ hoʈel ɔkaɾɛ ɲamɔ.a?
আজকের রাতটা আপনার বাসায় থাকা যাবে?,Can I stay at your home tonight?,t̪ihiɲ ɲind̪ɘ amaʔ ɔɽaʔɾɛɲ t̪ahɛ̃ d̪aɽe.jaʔa?
আমাকে একটু সাহায্য করুন/ আমাকে একটু সাহায্য করতে পারবেন?,Help me a little/ can you help me a little?,t̪ʰɔɽaganɛm gɔɽɔ d̪aɽeo̯͡ɘɲɘ?
আমি এখানে প্রথম এসেছি।,I came here for the first time.,iɲ d̪ɔ nɔnɖɛ pɘhil d̪ʰa͡o̯iɲ hɛʲc̚ʔakana.
আমি এখানে কিছু চিনি না।,I don't know anything here.,iɲ d̪ɔ nɔnɖɛ cɛt̪̚ʔhɔ̃ bɘɲ cinhɘo̯͡akaʔa.
আমি পথ হারিয়ে ফেলেছি।,I've lost the way.,iɲ d̪ɔ ɖahaɾiɲ at̪̚ʔakad̪a.
How to go to [place name]?,,baĭɟit̪̚ bɔst̪ami cɛt̪̚ʔlɛkat̪ɛɲ cala.a?
আমাকে পথটা দেখিয়ে দিন।,Show me the way.,ɖahaɾ ud̪uʔɘɲmɛ.
আমি টিকেট হারিয়ে ফেলেছি।,I lost the ticket.,iɲ d̪ɔ ʈikiʈiɲ at̪̚ʔakad̪a.
আমি ব্যাগটা হারিয়ে ফেলেছি।,I lost the bag.,iɲ d̪ɔ bɛgiɲ at̪̚ʔakad̪a.
পুলিশ স্টেশন/ থানা কোন দিকে?,In which direction is the police station?,pulis s͡ʈesɔn d̪ɔ ɔkasɛʲc̚ʔ
আপনি হোটেলে/ রিসোর্টে থাকতে পারবেন।,You can stay in hotels/ resorts.,am d̪ɔ ɾisɘɾʈɾɛm t̪ahɛ̃ d̪aɽe.jaʔa.
নদীর ধারে ঘুরতে যেতে পারেন।,You can go for a walk along the river.,gaɖa aɽe d̪aɽanɛm cala͡o̯ d̪aɽe.jaʔa.
নদী এখান থেকে [১০ মিনিট]/ [৫ কিলোমিটার] দূরে।,River is [10min]/ [5km] away from here.,gaɖa d̪ɔ nɔnɖɛ kʰɔn mɔ̃ɽɛ kilomitaɾ sɘŋgiɲ.
এখানকার [পান] অনেক বিখ্যাত।,The [betel leaf] from here is very famous.,nɔnɖɛnko ɾupcand̪a hako d̪ɔ ɘɖi sɔɾɔs.
ওই জায়গায় গিয়ে সুন্দর সুন্দর ছবি তুলতে পারবেন।,You can go to that place and take beautiful pictures.,ɔna ʈɔʈʰa cala͡o̯ kat̪ɛʲc̚ʔ ɘɖi mɔ̃ɟ mɔ̃ɟ pʰɔʈɔm ɾakap̚ʔ d̪aɽeo̯͡aʔa.
ওই রাস্তা দিয়ে না যাওয়াই ভালো।,Better not to go down that road.,ɔna ɖahaɾt̪ɛ d̪ɔ baŋ calaʔgi bʰagi.
আপনাকে আমাদের শহরে স্বাগতম।,Welcome to our city.,alɛ sɔhɔɾɾɛ am d̪ɔ sɘgun d̪aɾamlɛ bada͡i̯ oco.jɛʔme̯͡a.
আবার আসবেন।,Come again.,aɾhɔm hiɟuʔa.
আমি আগামীকাল চলে/ ফিরে যাচ্ছি।,I'm leaving / going back tomorrow.,iɲ d̪ɔ gapaɲ ɾu͡ɘɽkana.
আমি এখানে আবার আসতে চাই।,I would like to come back here again.,iɲ d̪ɔ aɾhɔ̃ nɔnɖe hiɟuʔiɲ mɛned̪a.
হোটেলের ভাড়া/ খরচ কেমন হয়?,How are the estimated hotel fares/costs?,hoʈel ɾe.jaʔ kʰɔɾɔc̚ʔd̪ɔ t̪inɘʔgan ho.jo.a
আশেপাশে কোথায় খাবারের দোকান আছে বলতে পারেন?,Can you tell me where there are restaurants nearby?,aɖepase ɔkakoɾɛ ɟɔmaʔ d̪okan mena.a lɘ͡i̯d̪aɽeo̯͡ɘɲɘm?
কোথায় খেতে গেলে ভালো হয়?,Where to go to eat better?,ɔkakoɾɛ ɟɔm ɲu cala͡o̯lɛnkʰan bʰage ho.jo.a?
এই শহরে ঘোরার/ দেখার জন্য কোন কোন জায়গা আছে?,What are the places to visit in this city?,no̯͡a sɔhɔɾɾɛ d̪aɽan lekan ɔkako ɟaga mena.a?
আপনি কয়দিন থাকবেন এখানে?,How long will you stay here?,am d̪ɔ nɔnɖɛ t̪inɘʔ d̪inɛm t̪ahɛ̃na?
দয়া করে ভেতরে আসুন।,Please come in.,d̪a.ja kat̪ɛ bʰit̪ɾi sɛʲc̚ʔ hiɟuʔmɛ.
দয়া করে ঠাণ্ডা কিছু নিন।,Please have something cold.,d̪a.ja kat̪ɛ ɾe̯͡aɽaʔ hat̪a͡o̯mɛ.
দয়া করে ঠাণ্ডা কিছু নেবেন।,Please have something cold.,d̪a.ja kat̪ɛ ɾe̯͡aɽaʔ hat̪a͡o̯mɛ.
দয়া করে ঠাণ্ডা কিছু নাও।,Please have something cold.,d̪a.ja kat̪ɛ ɾe̯͡aɽaʔ hat̪a͡o̯mɛ.
কিছুক্ষণ অপেক্ষা করুন।,Wait for a while.,mit̪̚ʔgʰɘɽi t̪ɘŋgi͡i̯mɛ.
ওই ঘটনাটি বলুন।,Tell that incident.,ɔnaʈaʔ ɟɘɽ lɘ͡i̯mɛ.
একটু আস্তে আস্তে কথা বলবেন।,Speak slowly.,t̪ʰɔɽa bɘ͡i̯ bɘ͡i̯ɲɔʔ kat̪ʰa ɾɔɽmɛ.
আবার আসবেন।,Come again.,aɾhɔ̃ hɘɟuʔmɛ.
আবার এসো।,Come again.,aɾhɔ̃ hɘɟuʔmɛ.
আপনি সেখানে যাবেন না।,Don't you go there.,ɔnɖɛ alom cala.a.
আর কথা বলবেন না।,Don't talk anymore.,aɾ alom ɾɔɽa.
আর কথা বলবে না।,Don't talk anymore.,aɾ alom ɾɔɽa.
দয়া করে এখানে আসবেন একটু?,Would you please come here for a bit?,d̪a.ja kat̪ɛ nɔnɖɛm hiɟuʔa?
কথা কম বলুন।,Speak less.,t̪ʰɔɽa macʰa ɾɔɽmɛ.
আপনারা খেতে বসুন।,Sit down to eat.,ɟɔɟɔm d̪uɽup̚ʔpɛ.
আবার বলো।,Say it again.,aɾhɔ̃ ɾɔɽmɛ.
তুমি আমার সাথে কথা বলবে না।,You will not talk to me.,iɲ sã͡o̯t̪ɛ alom ɾɔɽa.
বেশি কথা বলবেন না।,Don't talk too much.,ɟɘst̪i kat̪ʰa alom ɾɔɽa.
বেশি কথা বলবে না।,Don't talk too much.,ɟɘst̪i kat̪ʰa alom ɾɔɽa.
বেশিক্ষণ বাইরে থাকিস না।,Don't stay out too long.,ɘɖi gʰɘɽiʲc̚ʔ bahɾɛɾɛ alom t̪ahɛ̃na.
আমাকে সাহায্য করুন।,Help me.,gɔɽɔ̯͡ɘɲmɛ.
তাকে সাহায্য করুন।,Help him.,gɔɽɔa͡i̯mɛ.
বেশি কথা বোলো না।,Don't talk too much.,ɟɘst̪i kat̪ʰa alom ɾoɽa.
দয়া করে ভেতরে আসুন।,Please come in.,d̪a.ja kat̪ɛ bʰit̪ɾisɛʲc̚ʔ hiɟuʔmɛ.
বড়দের সম্মান করবে।,Respect the elders.,lɘʈuko manɔt̪̚ʔkom.
ছোটদের স্নেহ করবে।,Love the youngers.,kɘʈiʲc̚ko d̪ulɘɽkom.
ভালো করে পড়ালেখা করো।,Study well.,mɔ̃ɟt̪ɛ ɔɭɔʔ paɽhaʔmɛ.
তুমি আমার সাথে কথা বলবে না।,Don't you talk to me.,iɲ sã͡o̯t̪ɛ kat̪ʰa alom ɾɔɽa.
মায়ের ভাষাকে সবসময় ভালোবাসবে।,You will always love your mother tongue.,gɔgo pɘɾsi ɟa͡o̯ge d̪ulɘɽaʔmɛ.
আরও আস্তে হাঁটো।,Walk slower.,aɾhɔ̃ bɘ͡i̯ bɘ͡i̯t̪ɛ t̪aɽammɛ.
জোরে কথা বলুন।,Speak loudly.,ãʈ mɘcʰiʲc̚ʔ ɾɔɽmɛ.
জোরে কথা বলো।,Speak loudly.,ãʈ mɘcʰiʲc̚ʔ ɾɔɽmɛ.
দয়া করে জুতা খুলে ঢুকুন।,Please take your shoes off before entering.,d̪a.ja kat̪ɛ panahi bɔʲc̚ʔ kat̪ɛ bɔlɔʔmɛ.
আগামীকাল সকালে আমাদের সাথে নাস্তা কোরো।,Have breakfast with us tomorrow morning.,gapa set̪aʔ alɛ sã͡o̯t̪ɛ baski.jagɔʔmɛ.
আগামীকাল সকালে আমাদের সাথে নাস্তা করিস।,Have breakfast with us tomorrow morning.,gapa set̪aʔ alɛ sã͡o̯t̪ɛ baskj.jagɔʔmɛ.
আগামীকাল দুপুরে আমাদের সাথে খাবেন।,Eat/have lunch with us tomorrow noon.,gapa t̪ikin alɛ sã͡o̯t̪ɛ maɲɟanɔʔmɛ.
আগামীকাল আমাদের বাড়িতে দুপুরের খাবার খাবে।,Tomorrow you will have lunch at our home.,gapa alɛ ɔɽaʔɾɛ maɲɟanɔʔmɛ.
বেশিক্ষণ বাইরে থেকো না।,Don't stay out too long.,ɟɘst̪i gʰaɽiʲc̚ʔ bahɾɛɾɛ alom t̪ahɛ̃na.
তুমি আজ কাজে যেও না।,Don't you go to work today.,t̪eheɲ d̪ɔ kɘmi alɔm cala.a.
তোমাদের কি আজকে যাওয়া হবে না?,Aren't you going today?,apɛ d̪ɔ cɛt̪̚ʔ t̪ihiɲ calaʔ baŋ ho.joʔ t̪apɛ̯͡a?
চিঠিটা কোথায় কোথায় পাঠাতে হবে আর কোথায় কোথায় পাঠাতে হবে না?,Where should the letter be sent and where should it not be sent?,no̯͡a ciʈʰi ɔka ɔkaɾɛ kol ho.jo.a aɾ ɔka ɔkaɾɛ baŋ kol ho.jo.a?
খবরটা কাকে কাকে পাঠানো হয়নি?,Who has not been sent the news?,no̯͡a sɔŋbat̪̚ ɔko͡i̯koʈʰɛn baŋ kol ho.jakana?
ওরা কি এই কাজটা শেষ করতে পারবে না?,Could they not complete this job?,oŋko d̪ɔ cɛt̪̚ʔ no̯͡a kɘmi bako puɾɘ͡u̯ d̪aɽɛ.jaʔa?
খাবারগুলো খেতে ভালো হয়নি?,Is The food not good to eat?,ɟɔmaʔko baŋ sibilakana? #6 তুমি গতকাল কোথাও যাওনি কেন? Why didn't you go anywhere yesterday? [amd̪ɔ ced̪aʔ hɔla ɔkat̪ehɔ̃ bam cala͡o̯lena?
এবার বেশি বৃষ্টি হচ্ছে না কেন?,Why is it not raining much this time?,ni̯͡ɘ d̪ʰa͡o̯ d̪ɔ ced̪aʔ ɟɘst̪i ba͡i̯ d̪aʔed̪a?
আপনি তাকে আসতে বলেননি?,Didn't you ask him to come?,amd̪ɔ uni hiɟuʔ bam mɛnaka͡o̯de̯͡a?
আমি কতদিন ধরে ঘুরতে যাই না সেটা ভুলে গিয়েছি।,I forgot how long I haven't been travelling.,iɲ t̪inɘʔ d̪in kʰɔn d̪aɽan bɘɲ cala͡o̯akan ɔna d̪ɔɲ hiɽiɲăkad̪a.
আপনারা কে কে ওই জায়গায় যেতে রাজি না?,How many of you do not agree to go to that place?,apɛ ɔkɔ̯i ɔkɔ͡i̯ko ɔna ʈoʈʰa calaʔ bapɛ mened̪a?
তুমি কি আগামীকাল কোথাও যাবে না?,Aren't you going anywhere tomorrow?,amd̪ɔ cɛʈ̪̚ʔ gapa ɔkat̪ɛhɔ̃ bam cala.a?
তখন,Then,unɟɔkʰɛʲc̚ʔ
এখন,Now,nit̪̚ʔ
গতকাল,Yesterday,hɔla
কালকে/ আগামীকাল,Tomorrow,gapa
পরশু,The Day After Tomorrow,mand̪ʰɛɾ
এইবার,This Time,ni̯ɘd̪ʰa͡o̯
এইমাত্র,Just Now,nit̪̚ʔgi
এতোদিন,So Long,unɘʔd̪in
পরে,After,t̪a.jɔmt̪ɛ
সেদিন,That Day,unhilɘʔ
ডানদিকে,On The Right,ɟɔɟɔmsɛʲc̚ʔ
বামদিকে,On The Left,lɛŋgasɛʲc̚ʔ
পিছনে,Behind,t̪a.jɔmsɛc̚ʔ
কাছে,Near,suɾɾɛ
বহুদূরে,Far Away,ɘɖi sɘŋgiɲ
মধ্যে,In Between,t̪alaɾɛ
সোজা,Straight,suɟhi
একা,Alone,ɛskaɾ
জোরে,Loudly,ãʈ̚t̪ɛ
তাড়াতাড়ি,Quickly,usɘɾat̪ɛ
ধীরে,Slowly,bɘ͡i̯bɘ͡i̯t̪ɛ
বেশিরভাগ,Mostly,ɟɘst̪igi
বেশি,More,ɟɘst̪i
কম,Less,t̪ʰɔɽa
আজকে,Today,t̪eheɲ
একদিন,One Day,mit̪̚ʔd̪in
সামনে,In Front,samaŋɾɛ
ওপরে,Above,cet̪anɾɛ
নিচে,Down,lat̪aɾɾɛ
পাশে,Beside,aɽeɾɛ
দূরে,Away,sɘŋgiɲɾɛ
বাইরে,Outside,bahɾɛɾɛ
ভিতরে,Inside,bʰit̪ɾiɾɛ
অনেক,A Lot,a͡i̯ma
চতুর্থ,The Fourth,ponaʔ
পঞ্চম,The Fifth,mɔ̃ɽɛ̃.jaʔ
ষষ্ঠ,The Sixth,t̪uɾu.jaʔ
সপ্তম,The Seventh,e͡a.jaʔ
অষ্টম,The Eighth,iɾɘlaʔ
নবম,The Ninth,aɾɛ.jaʔ
দশম,The Tenth,gɛːlaʔ
প্রথম,The First,pɘhilaʔ
দ্বিতীয়,The Second,d̪osaɾaʔ
তৃতীয়,The Third,t̪esaɾaʔ
আমি ফুটবল খেলি আর আমার ভাই ক্রিকেট খেলে।,I play football and my brother plays cricket.,iɲd̪ɔ pʰuʈbɔliɲ gat̪e.a aɾ iɲ bɔ͡i̯ha d̪ɔ kɾikeʈɛ gat̪e.a.
"আমাদের পাড়ায় প্রতিমাসে গানের আসর হয়, কিন্তু মারামারি লাগলে অনেকদিন বন্ধ থাকে।","In our neighbourhood, music sessions are held every month, but whenever a fight breaks out, it gets closed for a long time.","alɛ at̪oɾɛ cand̪oɾɛ mit̪̚ʔd̪ʰa͡o̯ seɾeɲ akʰɾa hojo.a, mɛnkʰan d̪ald̪apal ho͡i̯lɛnkʰan ai̯͡mad̪in bɔnd̪o t̪ahɛ̃na."
"এখন আমার কাছে টাকা নাই, কারণ আমি গতকাল একটা ঘড়ি কিনেছি।","I don’t have money right now, because I bought a watch yesterday.","nit̪̚ʔ d̪ɔ iɲ ʈʰɛʲc̚ʔ ʈaka bɘnu.a, ced̪aʔ ɟe hɔla miʔʈɛn gʰuɽiɲ kiɾiɲakad̪a."
গাছ লাগানো ভালো এবং গাছের যত্ন নেওয়াও উচিত।,Planting trees is good and trees should also be taken care of.,d̪aɾe ɾɔhɔ͡i̯ d̪ɔ bʰage kɘmi kana aɾ d̪aɾe ɟɔt̪ɔn hɔ̃ ɟɘɾuɽge̯͡a.
"আমি নাস্তা করিনি, কারণ আমার কাছে টাকা নেই।",I have not had breakfast because I don't have money.,"iɲ d̪ɔ baske.jaʔ bɘɲ ɟɔmakad̪a, ced̪aʔ ɟe iɲ ʈʰɛʲc̚ʔ ʈaka bɘnu.a."
"আমি অনেক্ষণ বসে আছি, তবু তার দেখা নেই।","I have been sitting for a long time, but still no sign of him.",iɲ d̪ɔ ɘɖi gʰɘɽiʲc̚ʔiɲ t̪ɘŋgi.jakadi̯͡a t̪a͡o̯hɔ̃ bɘɲ ɲɛlɛkana.
"যদিও তার সাথে আমার সম্পর্ক ভালো না, কিন্তু আমি তাকে সম্মান করি।","Although I don't have a good relationship with him, I respect him.",uni sã͡o̯t̪ɛ iɲaʔ sɔmpɔɾkɔ baŋ bʰage̯͡a mɛnkʰan iɲ d̪ɔ uniɲ man manɔt̪e̯͡a.
লোকটি ধনী কিন্তু অসুখী।,That man is rich but unhappy.,uni hɔɽ d̪ɔ͡i̯ kisɘ̃ɽɾɛhɔ̃͡i̯ suk̚ bɘnuʔt̪a.ja.
"আমরা ফুটবল খেলতে গেলাম, নদীতে গোসল করলাম, এরপর বাড়িতে এসে খেতে বসলাম।","We went to play football, bathed in the river, then came home and sat to eat.","alɛd̪ɔ pʰuʈbɔl gat̪elɛ cala͡o̯lena, gaɖaɾɛlɛ ɖɘbɾɘ͡i̯ĕna inɘ t̪a.jɔm ɔɽaʔɾɛ hɛʲc̚ʔ kat̪ɛ ɟɔɟɔmlɛ d̪uɽup̚ʔĕna."
"আমার নতুন স্কুল অনেক সুন্দর, কিন্তু সেটা আমার বাড়ি থেকে অনেক দূরে।","My new school is very nice, but it is very far from my home.","iɲaʔ nao̯͡a iskul d̪ɔ ɘɖi mɔ̃ːɟa, mɛnkʰan ɔna d̪ɔ alɛ ɔɽaʔkʰɔʲc̚ʔ ɘɖi sɘŋgiɲa."
"আমার মায়ের রান্না অনেক সুস্বাদু, কিন্তু আমার ছোটভাই তা খেতে পছন্দ করে না।","My mother's cooking is very tasty, but my younger brother does not like to eat it.","iɲ gɔgɔ̯͡aʔ isin basaŋ d̪ɔ ɘɖigi sibila, mɛnkʰan iɲɾɛn kɘʈiʲc̚ʔ bɔ͡i̯ha d̪ɔ ɔna ba͡i̯ kusiɔ̯͡aʔa."
"আগামী ছুটিতে আমি ঢাকা যাবো, নয়ত সাইকেল চালানো শিখবো।",Next vacation I will either go to Dhaka or learn to ride a bicycle.,hĭɟuʔkan cʰuʈiɾɛ iɲd̪ɔ ɖʰakaɲ cala.a aɾ baŋkʰan sa͡i̯kel cala͡o̯iɲ ciːd̪a.
"আমি বাংলায় কথা বলি, আবার ইংরেজিতেও কথা বলতে পারি।",I speak Bengali and can also speak in English.,iɲd̪ɔ baŋlat̪ɛ kat̪ʰaɲ ɾɔːɽa aɾ iŋɾeɟit̪ɛhɔ̃ katʰaɲ ɾɔɽ d̪aɽeo̯͡aʔa.
আমি কাজ করছি আর সুমন ঘুমাচ্ছে।,I am working and Suman is sleeping.,iɲ d̪ɔɲ kɘmi kana aɾ sumɔn d̪ɔ͡i̯ ɟɘpit̪̚ʔed̪a.
"মেলায় হাঁটছিলাম, হঠাৎ তাকে দেখলাম।","I was walking in the fair, and suddenly I saw him.","mɛlaɾɛɲ d̪aɽankan t̪ahɛ̃na, ac̚kagi uniɲ ɲɛlɲamked̪e̯͡a."
"আপনি হয়ত বিশ্বাস করবেন না, কিন্তু এটাই সত্যি।","You may not believe it, but it's true.","am d̪ɔ pasɛn bam pɘt̪jɘ͡o̯ăʔa, mɛnkʰan no̯͡age sɘɾi.jaʔkana."
"তুমি গেলে যাও, আমি যাবো না।","You may go, I won't go.","am calaʔ kʰaʲc̚ʔ calaʔmɛ, iɲ d̪ɔ baŋ."
"সে যে চুরি করেছে, এটা তার চেহারা দেখেই বুঝেছি।",I understood from his facial expressions that he had stolen.,uni.jaʔ muʈʰɘn ɲɛlt̪igiɲ buɟhɘ͡o̯d̪a ɟe uni͡i̯ komɽo̯͡akaʔa.
"আমার বাবা যখন অনেক ছোট, তখন আমার দাদা মারা যান।",My grandfather died when my father was very young.,iɲ baba ɘɖi kɘʈiʲc̚ʔ t̪ahɛ̃kanɾegi iɲ haɽamba d̪ɔ͡i̯ gɔʲc̚ʔĕna.
এই যে বাড়িটি দেখছেন এটি আমাদের।,This house you are seeing is ours.,nɔʔɔ͡i̯pɛ ɲɛlɛʔ ɔɽaʔ d̪ɔ alɛ.jaʔkana.
যে কথাটা তুমি বললে সেটা আমি জানি।,The thing you said is known by me.,ɔkaʈaʔ kat̪ʰam ɾɔɽkɛt̪̚ʔ ɔna d̪ɔɲ baɖa͡i̯ge̯͡a.
যদিও কাজটি কঠিন তবুও আমি করার চেষ্টা করবো।,"Although the task is difficult, still I will try to do it.",koʈʰin kɘmikanɾɛhɔ̃ no̯͡ad̪ɔɲ kuɾumuʈu.ja.
বাড়ি যেহেতু এসেছ তাহলে চলো ঘুরে আসি।,"Since you have come home, let's roam around.",ɔɽaʔɛm hɛʲc̚ʔakanɾɛd̪ɔ d̪ɛlalaŋ d̪ãɽa ɘgu.ja.
"যেহেতু তুমি ভালো আছো, তাহলে চলো ফুটবল খেলতে যাই।","Since you are healthy, let's go play football.","am mam besge, d̪ɛla ad̪ɔ pʰuʈbɔl gat̪elaŋ cala.a."
"আমি যে গানটা গাইলাম, সেটা আমাদের ভাষার একটি ভালোবাসার গান।",The song I sang is a love song in our language.,alɛ.jaʔ pɘɾsit̪ɛ ɔkaʈaʔiɲ siɾiɲkɛt̪̚ʔ ɔna d̪ɔ d̪ulɘɾ ɾe.jaʔ siɾiɲ kana.
"আবার যদি আসেন, আমার জন্য চকলেট নিয়ে আসবেন।","If you come again, bring chocolate for me.",aɾhɔm hɛʲc̚ʔlɛnkʰan iɲ lɘgiʔ cɔk̚lɛʈ ɘgu t̪aɾa͡i̯mɛ.
তুমি যে এখানে থাকো সেটি আমি জানতাম।,I knew you live here.,"am nɔnɖɛm t̪ahɛ̃n, no̯͡ad̪ɔɲ baɽ͡ai̯kan t̪ahɛ̃ge̯͡a."
তুমি যে কাজটি করতে পারবে সেই বিশ্বাস আমার ছিল।,I had faith that you could do it.,iɲaʔ pɘt̪.jɘ͡o̯ t̪ahɛ̃kana ɟe am no̯͡am kɘmi d̪aɽe.jaʔa.
আপনি যদি না পারেন তাহলে কাজটি করবেন না।,"If you can't, don't do the work.",am bam d̪aɽe.jaʔkʰan ɔna kɘmi d̪ɔ alɔm kɘmi̯͡a.
যে মেয়েটি রান্না করছে সে আমার বোন।,The girl who's been cooking is my sister.,isin basaŋɛt̪̚ʔkan kuɽi d̪ɔ: iɲ bɔ͡i̯ha kana͡i̯.
তুমি আসবে না তাই বলে কি আমি যাবো না?,"You will not come, that doesn’t mean that I will not go?",am bam hiɟuʔt̪ɛ d̪ɔ iɲhɔ̃ bɘɲ cala.a?
"যেই আমি বাড়ি আসলাম, সাথে সাথে আমার মা আমাকে বকা শুরু করলেন।","As soon as I came home, my mother started scolding me.",iɲ ɔɽaʔ hɛʲc̚ʔ t̪ɔɾage iɲ gɔgɔ d̪ɔ iɲ ɛgɛɾɛ ɛhɔp̚ʔena.
"যেহেতু আমি রাতে না ঘুমিয়ে পড়াশুনা করি, এ কারণে পরীক্ষায় ভালো ফল করেছি।","As I study sleeplessly at night, I got good results in the exam because of this reason.",ɲind̪ɘ baŋ ɟɘpit̪̚ʔkat̪ɛɲ paɽhaʔt̪ɛ biɖɘ͡o̯ɾɛ iɲ boge kuɽɘ͡.jiɲ ɲamked̪a.
"সবসময় পড়াশুনো করো, তাহলে তোমাকে মা-বাবা ভালো ছেলে বলবে।","Always study, then your parents will call you a good boy.","ɟa͡o̯gʰɘɽi paɽhaʔmɛ, ɛnkʰan am gɔgɔbaba d̪ɔ bʰage gid̪ɾɘkin mɛt̪ama."
আমি যে এলাকায় থাকি সেখানকার অনেকেই আমাকে চিনে।,Many people in the area where I live know me.,iɲ ɔka nakʰaɾɛɲ t̪ahɛ̃nkan ɔnɖɛnko ɟɔt̪ɔhɔɽko opoɾomiɲɘ.
"তোমাকে যে বললাম, তুমি আসলে না কেন?","I said to you to come, why didn’t you?",amiɲ met̪aʔmɛɾɛhɔ̃ ced̪aʔ bam hɛʲc̚ʔlena?
গতকাল যে স্কুল বন্ধ ছিল সেটি আমি জানতাম না।,I did not know that the school was closed yesterday.,hɔla ɟe iskul bɔnd̪ɔ t̪ahɛ̃kan ɔna bɘɲ baɖa͡i̯kan t̪ahɛ̃na.
আমরা দুই ভাই তিন বোন।,We are two brothers and three sisters.,alɛ d̪ɔ baɾ bɔ͡i̯ha kɔɽa aɾ pɛ bɔ͡i̯ha kuɽi.
আমার স্কুল এখান থেকে তিন মাইল দূরে।,My school is three miles from here.,iɲaʔ iskul d̪ɔ nɔnɖɛ kʰɔn pɛ ma.jel sɘŋgiɲa.
এখন আমার কাছে কোনও টাকা নাই।,I have no money at this moment.,nit̪̚ʔ iɲʈʰɛʲc̚ʔ d̪ɔ cɛʈ̪̚ʔ ʈaka hɔ̃ bɘnu.a.
বাজারে জিনিসপত্রের দাম অনেক বেশি।,The price of goods in the market is very high.,baɟaɾɾɛ ɟinis pot̪̚ɾɔ ɾe.jaʔ d̪am ɘɖi ɟɘst̪i.
বারো মাসে এক বছর।,Twelve months make a year.,gɛlbaɾ cand̪oɾɛ mit̪̚ʔ sɛɾma ho.jo.a.
সাত দিনে এক সপ্তাহ হয়।,Seven days make a week.,i.ja͡i̯ mahaɾɛ mit̪̚ʔ hap̚t̪a ho.jo.a.
আমাদের পাড়ায় প্রতিমাসে গানের আসর হয়।,There occurs a music session every month in our neighborhood.,alɛ at̪oɾɛ cand̪oɾɛ mit̪ʔʈɛʲc̚ʔ seiɾiɲ akʰɽa ho.jo.a.
ভাষার মাধ্যমে আমরা মনের কথা প্রকাশ করি।,Through language we express our thoughts.,pɘɾsit̪ɛ abu d̪ɔ abu͡aʔ mɔn ɾe.jaʔ katʰabo ɟɘhiɾa.
খেলাধুলা শরীরের জন্য ভালো।,Sports are good for the body,gat̪i kʰilɘʈ d̪ɔ hɔɽmɔ lagit̪̚ʔ bʰage̯͡a.
পানির অপর নাম জীবন।,Another name for water is life.,d̪aʔ ɾe.jaʔ aɾ miʈɛʲc̚ʔ ɲut̪um d̪ɔ ɟi.jon.
আমার মায়ের রান্না অনেক সুস্বাদু।,My mother's cooking is very delicious.,iɲ gɔgɔ.ɔ̯͡aʔ isin basaŋ d̪ɔ ɘdigi sibila.
আমার বিড়াল খুব মিউ মিউ করে।,My cat meows a lot.,iɲɾɛn pusi ɘɖi mia͡o̯ mia͡o̯ɛ ɾaːga.
আমি আমার নতুন স্কুলকে অনেক পছন্দ করি।,I like my new school very much.,iɲd̪ɔ iɲaʔ nao̯͡a iskul ɘɖi aʈiɲ kusi.o̯͡aʔa.
প্রতিদিন সকালে বাবা আর ভাই ফসল দেখতে ক্ষেতে যায়।,Every morning father and brother go to the field to see the crops.,d̪inɘm set̪aʔɾɛ iɲ baba aɾ iɲ bo͡i̯ha baɽgiɾɛ abat̪̚ ɲɛlkin cala.a.
শহরে গেলে আমরা বাংলায় কথা বলি।,When we go to town we speak Bengali.,sɔhɔɾɾɛ cala͡o̯lɛnkʰan abo d̪ɔ baŋlat̪ɛbon ɾɔːɽa.
রাতে ভাত খেলেই আমার ঘুম পায়।,Eating rice at night makes me sleepy.,kid̪uʔ ɟɔm lekʰangi iɲ d̪ɔ d̪ud̪̚ɽumiɲɘ.
নদীর মাছ অনেক সুস্বাদু।,Fishes of river are very tasty.,gaɖaɾɛn hako d̪ɔko sibila.
সে কি আজ আসতে পারবে?,Can he/ she come today?,uni d̪ɔ t̪eheɲɛ hɛʲc̚ʔ d̪aɽeja.a?
তুমি কি ঝাল খেতে পছন্দ করো?,Do you like to eat spicy food?,amd̪ɔ ɟʰal ɟɔmɛm kusi.jaʔa?
চায়ে কি চিনি দেবো?,Should I put sugar in the tea?,caː ɾɛɲ cini.jaʔa?
তরকারিতে লবন দিয়েছো?,Did you add salt to the curry?,ut̪uɾɛm buluŋka͡o̯d̪a?
তুমি বইটা পড়েছো?,Have you read the book?,amd̪ɔ no̯͡a put̪ʰim paɽha͡o̯akad̪a?
সে আজ কেনো গেলো না?,Why didn't he/ she go today?,uni d̪ɔ t̪eheɲ ced̪aʔ ba͡i̯ cala͡o̯lena?
তুমি কখন বাড়ি ফিরবে?,When will you return home?,am t̪inɾɛ ɔɽaʔɛm ɾu̯͡ɘɽa?
আমি কোন দিকে যাবো?,Which direction do I go?,iɲ d̪ɔ ɔkasɛʲc̚ʔiɲ cala.a?
আমাকে কোন দিকে যেতে হবে?,Which direction should I go?,iɲ d̪ɔ ɔka sɛʲc̚ʔ calaʔ ho.joʔt̪iɲɘ?
তুমি আগামীকাল কখন বাড়ি আসবে?,When will you come home tomorrow?,am d̪ɔ gapa t̪inɾɛ ɔɽaʔɛm hiɟu.a?
হাসছো কেন?,Why are you laughing?,ced̪aʔɛm land̪a͡i̯d̪a?
তোমরা হাসছিলে কেন?,Why were you laughing?,ced̪aʔpɛ land̪a͡i̯ɛʔkan t̪ahɛ̃kana?
কোথায় যাচ্ছো?,Where are you going?,ɔkat̪ɛm calaʔkana?
কোথায় গিয়েছিলে?,Where did you go?,ɔkat̪ɛm cala͡o̯lena?
কোথায় যাবে?,Where will you go?,ɔakt̪ɛm cala.a?
তুমি কোথায় খেলতে যাবে?,Where will you go to play?,am d̪ɔ ɔkaɾɛ gat̪eʔɛm cala.a?
কেউ বাড়ি আছেন?,Is anyone at home?,ɔɽaʔɾɛ ɟahã͡i̯ mɛnaʔpe.ja?
কেউ বাড়ি/ বাড়িতে থাকবে?,Will anyone be at home?,ɔɽaʔɾɛ ɟahã͡i̯pɛ t̪ahɛ̃na?
তুমি সকাল কয়টায় ঘুম থেকে উঠো?,What time do you wake up in the morning?,am d̪ɔ set̪aʔ t̪inɾɛm beɾet̪̚ʔa?
তুই কেমন আছিস?,How are you?,am cɛt̪̚ʔlɛka menama?
তুমি কী করছো?,What are you doing?,am cɛʔɛm ceka͡i̯d̪a?
আপনি কী করবেন?,What will you do?,am cɛʔɛm ceka.ja?
কী করতে আপনার সবচেয়ে ভালো লাগে?,What do you like to do the most?,cɛt̪̚ʔ kɘmi am d̪ɔ ɟɘst̪im kusi.jaʔa?
আপনারা ওই গল্পটি শুনে হাসছিলেন কেন?,Why were you laughing when you heard that story?,ɔna ɟɘɽ aɲɟɔm kat̪ɛʔ paɛ d̪ɔ ced̪aʔpɛ land̪a.jɛʔkan t̪ahɛ̃kana?
আপনার পরিবারে কে কে আছেন?,Who is in your family?,amaʔ gʰaɾɔ̃ɟɾɛ okɔ͡i̯ko menaʔko̯͡a?
তারা কীভাবে এই জায়গায় এসেছিলেন?,How did they get to this place?,no̯͡͡a ʈɔʈʰaɾɛ oŋko dɔ cɛt̪̚ʔlɛkat̪ɛko hɛʲc̚ʔlena?
আমরা কোন দিকে গেলে ভালো হবে?,Which direction would be better for us to go?,ɔka sɛʲc̚ʔbo cala͡o̯lɛnkʰaʲc̚ʔ bʰage ho͡i̯ko.a?
আপনার কোনো প্রশ্ন থাকলে জানাবেন তো?,"Let me know if you have any questions, will you?",ɟahan kupuli t̪ahɛ̃ntam kʰaʲc̚ʔ baɖa͡i̯ ocoĭɲmɛ?
আপনি কোথায় থাকেন?,Where do you live?,am d̪ɔ ɔkaɾɛm t̪ahɛ̃na?
আপনি কোথায় থাকবেন?,Where will you be/ stay?,am d̪ɔ ɔkaɾɛm t̪ahɛ̃na?
তুমি কি আজকে আসবে?,Will you come today?,amd̪ɔ cɛt̪̚ʔ t̪eheɲɛm hiɟu.a?
আমরা কি ওদের ডাক দিব?,Shall we call them?,abo d̪ɔ cɛt̪̚ʔ oŋkobo hɔhɔ.ɔ̯͡ako̯͡a?
আমরা কি ওদের ডাক দিয়েছিলাম?,Did we call them?,abo d̪ɔ cɛt̪̚ʔ oŋkobo hɔhɔ.ɔ̯͡aʔko t̪ahɛ̃na?
আমরা কি ওদের ডাকবো?,Shall we call them?,abo d̪ɔ cɛt̪̚ʔ oŋkobo hɔhɔ.ɔ̯͡ako̯͡a?
আমি কি একটা প্রশ্ন করতে পারি?,Can I ask a question?,amd̪ɔ cɛt̪̚ʔiɲ kuli d̪aɽeo̯͡ama?
তুমি আজকে কখন বাড়ি আসবে?,When will you come home today?,am d̪ɔ t̪eheɲ t̪inɾɛ ɔɽaʔɛm hiɟu.a?
তুমি গতকাল কখন বাড়ি এসেছিলে?,When did you come home yesterday?,am d̪ɔ hɔla t̪inɾɛ ɔɽaʔɛm hɛʲc̚ʔlena?
তুমি কেমন আছো?,How are you?,am do̪ cɛt̪̚ʔleka menama?
আপনি কী করেন?,What do you do?,am d̪ɔ cɛt̪̚ʔɛm ceka baɽa.ja?
তুমি কী করো?,What do you do?,am cɛt̪̚ʔɛm ceka baɽa.ja?
আপনি কী করছেন?,What are you doing?,am d̪ɔ cɛt̪̚ʔɛm ceka͡i̯d̪a?
আপনার শখ কী?,What is your hobby?,am d̪ɔ cɛt̪̚ʔ ceka.jɛm kusi.o̯͡aʔa?
তোমার শখ কী?,What is your hobby?,am cɛt̪̚ʔ ceka.jɛm kusi.o̯͡aʔa?
আপনার কী করতে ভালো লাগে?,What do you like to do?,am d̪ɔ cɛt̪̚ʔ ceka.jɛm kusi.o̯͡aʔa?
আপনারা কীভাবে খাবার পানি সংগ্রহ করে রাখেন?,How do you collect drinkable water?,apɛ d̪ɔ ɲu͡i̯ d̪aʔ cɛt̪̚ʔlekakat̪ɛpɛ d̪ɔhɔ.ja?
আপনি কীভাবে এই রান্নাটা করেছেন?,How did you cook this?,am d̪ɔ no̯͡a cɛt̪̚ʔlɛkakat̪ɛm isin basaŋɛd̪a?
এই পিঠাটা আপনি কীভাবে বানিয়েছেন?,How did you make this cake?,am d̪ɔ no̯͡a piʈʰɘ cɛt̪ʔlɛkakat̪ɛʔm bena͡o̯ked̪a?
আপনার বাসা কোথায়?,Where is your home?,amaʔ ɔɽaʔ d̪ɔ ɔkaɾe?
আমরা আজকে কোথায় থাকবো?,Where will we be/ stay today?,abo d̪ɔ t̪eheɲ ɔkaɾɛbo t̪ahɛ̃na?
তুমি কোথায় থাকো?,Where do you live?,am ɔkaɾɛm t̪ahɛ̃na?
জায়গাটা দুর্গন্ধময় হয়ে আছে/ এই জায়গায় অনেক দুর্গন্ধ।,This place smells bad/ This place has a lot of bad smell.,no̯͡a ʈɔʈʰaɾɛ ɘɖi bɘɽiʲc̚ʔ sɔ kana.
তরকারিতে খুব ঝাল হয়েছে।,This curry is very spicy.,ut̪uɾɛ ɟʰal ɟɘst̪i̯͡.jena.
চায়ে মিষ্টি বেশি হয়েছে।,This tea contains too much sweet.,caːɾɛ hɛɽɛm ɟɘst̪i̯͡.jɛna.
খাবারটা বাসি হয়ে গেছে।,This food has been stalled.,ɟɔmʔ bɘɽiʲc̚ʔena.
ফলটা খুব রসালো।,This fruit is very juicy.,no̯͡a ɟɔ d̪ɔ ɾɔbɔʲc̚ʔ ɾɔbɔʲc̚ʔ ɾasage.ja.
খাবারগুলো বেশি মশলাদার হয়েছে/ খাবারে বেশি মশলা হয়েছে।,These foods are too much spicy / This food has an excessive amount of spices.,ɟɔmaʔkɔɾɛ d̪ɔ ɖʰeɾ mɔsɔlako laga͡o̯ăkad̪a.
শরবতটা খাওয়ার পর খুব সতেজ/ তরতাজা লাগছে।,This shake feels very refreshing after drinking.,sɔɾbɔt̪̚ ɲu t̪a.jɔm ɘɖi ceɾʈʰaɲ ɘ͡i̯kɘ͡o̯ed̪a.
খাটের নিচ থেকে ঝুড়িটা এনে দাও।,Bring that basket from under the bed.,paɾkɔm lat̪aɾ kʰɔn ɟʰuɽi ɘgu͡i̯mɛ
স্কুল এই রাস্তার বিপরীত দিকে।,The school is on the opposite side of this road.,iskul d̪ɔ no̯͡a ɖahaɾ hanasaɾɛ.
বাড়ির চারদিকে গাছ লাগানো আছে।,Trees are planted around the house.,ɔɽaʔ bɛɽha͡i̯t̪ɛ d̪aɾeko ɾɔhɔ͡i̯akaʔa.
সবার মধ্যে ওই ছাত্রটি সেরা।,That student is the best among all.,ɟɔt̪ɔko mud̪ɾɛ nu͡i̯ paɽhaʔ kɔɽa d̪ɔ͡i̯ sɔɾɔsge.ja.
তারা উভয়েই মেধাবী।,They are both brilliant.,banahɔɽgekin bud̪ ɘkilanaʔa.
মাঠের সামনেই একটা পুকুর আছে।,There is a pond in front of the field.,maʈʰ samaŋɾege mit̪̚ʔʈɛʲc̚ʔ pukʰɾi mɛna.a.
দোকানের পাশেই একটা মাঠ।,There is a field next to the shop.,d̪ɔkan aɽeɾege mit̪̚ʔʈɛʲc̚ʔ maʈʰ mena.a.
বাড়ির ভেতরে যান।,Go inside the house.,
ɔɽaʔ bʰit̪ɾisɛʲc̚ʔ calaʔmɛ.],#16,
এখন বাইরে যেতে পারেন।,You can go out now.,nit̪̚ʔ bahaɾɛsɛʲc̚ʔɛm cala͡o̯ d̪aɽe.jaʔa.
আজ আমার অনেক খুশি লাগছে।,I feel very happy today.,t̪eheɲ d̪ɔ ɘɖi ɾɘskɘɲ ɘ͡i̯kɘ͡o̯ed̪a.
আজ আমার অনেক দুঃখ লাগছে।,I feel very sad today.,t̪eheɲ d̪ɔ ɘɖi d̪ukiɲ ɘ͡i̯kɘ͡o̯ĕd̪a.
আজ আমার অনেক ভালো লাগছে।,I feel very good today.,t̪eheɲ d̪ɔ ɘɖi besiɲ ɘ͡i̯kɘ͡o̯d̪a.
আজ আমার অনেক খারাপ লাগছে।,I feel very bad today.,t̪eheɲ d̪ɔ ɘɖi bɘɽiʲc̚ʔiɲ ɘ͡i̯kɘ͡o̯d̪a.
বাইরে খুব আওয়াজ/ শব্দ হচ্ছে।,There is a lot of noise outside.,bahɾɛɾɛ ɘɖi ãʈ saɖekana.
এই ফুলে কোনো গন্ধ নেই।,This flower has no smell.,no̯͡a baha ɾe.jaʔ sɔ d̪ɔ bɘnu.a.
চারদিকে একটা কটু/ ঝাঁঝালো গন্ধ।,A pungent / musty smell is all around here.,ɟɔt̪ɔsɛʲc̚ʔ hiɾkʰɘge sɔ kana.
বমি বমি লাগছে।,Feeling nauseous.,bɛʲc̚ʔ bɛʲc̚ʔiɲ ɘ͡i̯kɘ͡o̯ĕd̪a.
কুকুর ঘেউ ঘেউ করছে।,The dog is barking.,set̪a͡i̯ bʰuʔed̪a.
কাতুকুতু দিচ্ছে।,(He/ She is) tickling.,buk̚ɽu͡i̯ d̪iɲa͡i̯.
সামনের মোড়টা ঘুরে বামে দিকে যেতে হবে।,Have to take the next turn then to the left.,moɽsɛʲc̚ʔ laha kat̪ɛʔ lɛŋgasɛʲc̚ʔ ɘcuɾɔʔmɛ.
সামনের মোড়টা ঘুরে ডানে দিকে যেতে হবে।,Have to take the next turn then to the right.,moɽsɛʲc̚ʔ laha kat̪ɛʔ ɟɔɟɔmsɛʲc̚ʔ ɘcuɾɔʔmɛ.
সে অনেক আনন্দে আছে।,He/ She is very happy.,uni d̪ɔ ɘɖi ɾɘskɘɾɛ mena.ja.
সে অনেক কষ্টে আছে।,He/ She is in a lot of pain.,uni d̪ɔ ɘɖi d̪ukɾɛ mena.ja.
এই ফলটির স্বাদ তেঁতো।,The taste of this fruit is bitter.,no̯͡a ɟɔ d̪ɔ haɽhat̪̚ʔge.ja.
এই ফলটির স্বাদ মিষ্টি।,The taste of this fruit is sweet.,no̯͡a ɟɔ d̪ɔ hɛɽɛmge sebela.
এই ফলটির স্বাদ টক।,The taste of this fruit is sour.,no̯͡a ɟɔ d̪ɔ ɟɔɟɔge.ja.
এই খাবারগুলো খুবই সুস্বাদু/ মজাদার।,These dishes are very tasty/ delicious.,no̯͡a ɟɔmaʔkod̪ɔ ɘɖi sebelaʔkana.
বিস্কুটটা খেতে নোনতা লাগছে।,This biscuit is salty while consuming.,biskuʈ ɟɔmt̪ɛ ɾaham ɾahaɾ ɘ͡i̯kɘʔkana.
পাখাটা টেবিলের ওপর রাখা আছে।,That fan is placed on the table.,bini d̪ɔ ʈibil cet̪anɾɛko d̪ɔhɔ.ɔ̯͡akad̪a.
কিছুক্ষণের জন্য ওপরে তাকিয়ে থাকুন।,Look up for some moments.,mit̪̚ʔ gʰɘɽi lɘgit̪̚ʔ cet̪an sɛʲc̚ʔ kɔ.jɔʔkam.
সবাই গোল হয়ে দাঁড়িয়ে আছে।,Everyone is standing in a circle.,ɟɔt̪ɔko bɛɽha͡i̯t̪ɛko t̪iŋgu̯͡akana.
বাড়ির পেছনে একটা খামার আছে।,There is a farm behind the house.,ɔɽaʔ t̪a͡inɔmɾɛ mit̪̚ʔʈɛʲc̚ʔ kʰamaɾ mɛna.a.
বাচ্চাটি হাসছে।,That child is smiling.,uni gid̪ɾɘ͡i̯ land̪a͡i̯d̪a.
বাচ্চাটি কান্না করছে।,That baby is crying.,uni gid̪ɾɘ͡i̯ ɾaʔɛd̪a.
এই ফুলের গন্ধ খুব সুন্দর।,The smell of this flower is very nice.,no̯͡a bahaɾe.jaʔ sɔː d̪ɔ ɘɖi mɔ̃ːɟa.
বাগানের আশেপাশে এক ধরনের সুবাস/ সুগন্ধ পাওয়া যাবে।,One kind of aroma can be found around the garden.,bagan aɖɛpasɛ mit̪̚ʔ lekanaʔ boge sɔ ɲamɔ.a.
এটা একটা জঘন্য কাজ।,It's a heinous work.,nɔ̯͡a d̪ɔ ɘɖit̪ɛt̪̚ʔ bɘɽiʲc̚ʔ kɘmi kana.
শরীর চুলকাচ্ছে।,Body is itching,hɔɽmɔ babat̪̚ʔkana.
পায়ে সুড়সুড়ি লাগছে।,Feet are tickling,ɟaŋgaɾɛ ga͡i̯gɔm ga͡i̯gɔmiɲ ɘ͡ikɘ͡o̯ĕd̪a.
এক,One,mit̪̚ʔ
দুই,Two,baɾ
তিন,Three,pɛ
চার,Four,pon
পাঁচ,Five,mɔ̃ɽɛ
ছয়,Six,t̪uɾu͡i̯
সাত,Seven,ɛ.ja͡i̯
আট,Eight,iɾɘl
নয়,Nine,aɾɛ
দশ,Ten,gɛl
অনেক মানুষ মাছ খেতে পছন্দ করে।,Many people like to eat fish.,ad̪ɔmko d̪ɔ haku ut̪u ɟɔmku kisi.jaʔa.
"নদী-খাল-বিল, পাহাড়ি ছড়া ও ঝিরিতে বিভিন্ন রকম মাছ পাওয়া যায়।","A variety of fishes are found in rivers, canals, lakes, mountain ridges and streams.",gaɖa kʰɘ̃ɽi aɾ ɟɔlaɾɛ d̪ɔ a͡i̯malɛkan hakuku ɲamɔ.a.
জেলেরা মাছ বিক্রি করে আয়/ উপার্জন করে।,Fishermen live by fishing.,ɟɘli̯͡ɘ d̪ɔ hako ɘkʰɾiɲ kat̪ɛʔ d̪inku kʰɛmaɔ̯͡a.
"নানাভাবে মাছ ধরা যায়, যেমন: কেউ জাল দিয়ে মাছ ধরে, কেউ বড়শি দিয়ে মাছ ধরে।","Fishes can be caught in various ways, such as - some people fish with fish nets, some fish with fishing rods.","a͡i̯malɛkat̪ɛ hakoko sap̚ʔko̯͡a, ɟɛmɔn ɔkɔ͡i̯ d̪ɔ ɟʰɘlit̪ɛ hakoko ɟʰɘliko̯͡a, ɔkɔ͡i̯ d̪ɔ bɘɽsit̪ɛ hakoko bɘɽsiko̯͡a."
বর্ষার সময় অনেক মাছ পাওয়া যায়।,A lot of fishes are caught during monsoon.,bɘɾsɘ ɟɔkʰɛn a͡i̯malɛkan hakoko ɲamɔ.a.
গ্রামের ছেলে-মেয়েরা দলবেঁধে পানি সেচে মাছ ধরে।,The children of the village gather together to irrigate the water to catch fish.,at̪oɾɛn gid̪ɾɘkud̪ɔ d̪aʔ aɾɛʲc̚ʔkat̪ɛ hakuku gɔʲc̚ʔko̯͡a.
পানি দূষণের/ নষ্ট হয়ে যাওয়ার কারণে মাছ কমে গেছে।,Fishes have decreased due to water pollution/ wasting.,d̪aʔ bɘɽiɟɔʔ kakʰant̪ɛ hakuku t̪ʰɔɽa cabaʔkana.
নদীর পাড়ের লোকজন নিজেরাই মাছ শিকার করতে পারে।,People who live by the banks of the river can fish by themselves.,gaɖa aɽeɾɛn hɔɽko d̪ɔ akot̪ege hakoko sap̚ʔɟɔːŋa.
তাই তাদের বাজার থেকে মাছ কিনতে হয় না।,That is why they don't have to buy fishes from the market.,ɔna i.jɘt̪ɛ hɘʈi̯͡ɘkʰɔn hako kiɾiɲ d̪ɔ baŋ lagao̯͡ako̯͡a.
কাস্টমার: আপনার দোকানে দুপুরের কী কী খাবার আছে?,Customer: What do you have in the lunch menu at your shop/restaurant?,amaʔ d̪ɔkanɾɛ maɲɟan ɟɔm ɾe.jaʔ cɛʔ cɛʔko mɛnaʔa.
"ওয়েটার: ভাত আছে, তিন রকমের মাছ ও মুরগির মাংস আছে।","Waiter: There is rice, 3 types of fishes and chicken.","d̪aka mɛna.a, pɛ lɛkan hako ut̪u mɛna.a aɾ simɟil ut̪u mɛna.a."
কাস্টমার: ছোট মাছ কি আছে?,Customer: Is there any small fish?,kɘʈiʲc̚ʔ hako ut̪u mena.a.
"ওয়েটার: হ্যাঁ আছে, সাথে বড় মাছও আছে।","Waiter: Yes definitely, plus we have big fish too.","hɛ̃ː mena.a, ɔna sã͡ɔ̯t̪ɛ lɘʈu hakoɔ̯͡aʔ ut̪uhɔ̃ mena.a."
কাস্টমার: শাকসবজি-ডাল কি আছে?,Customer: Do you have vegetables and lentil?,aɽaʔ sakam aɾ d̪ɘl ut̪u mena.a?
ওয়েটার: লাউ আর পটোলভাজি আছে।,Waiter: We have fried gourd and pointed gourd.,hɔt̪ɔt̪̚ʔ aɾ poʈol bʰɘɟi mena.a.
ওয়েটার: মাছ ভর্তা ও শিম ভর্তা আছে।,Waiter: There is mashed fish and mashed beans.,hako bʰɘɽt̪ɘ aɾ malhan bʰɘɾt̪ɘ mena.a.
"ওয়েটার: ডাল ছিল, কিন্তু শেষ হয়ে গেছে।","Waiter: There was lentil, but it's finished already.","d̪ɘl ut̪u t̪ahɛ̃kange.ja, mɛnkʰan caba͡i̯ɛ̆na."
"কাস্টমার: আমাকে ভাত, ছোট মাছ আর পটোলভাজি দিবেন।","Customer: Give me rice, small fish and fried pointed gourd.","iɲd̪ɔ d̪aka, kɘʈiʲc̚ʔ hako ut̪u aɾ poʈol bʰɘɟi imɘɲmɛ."
ওয়েটার: পানির বোতল/ বোতলের পানি দেব?,Waiter: Should I give you a bottle of water/ bottled water?,bɔt̪ɔl ɾe.jaʔ d̪aʔiɲ emama?
ওয়েটার: আমাদের ঠান্ডা ও সাধারণ দুই ধরনের পানিই আছে।,Waiter: We have both the cold and normal water.,alɛʈʰɛʔ d̪ɔ ɾe.jaɽ aɾ imni d̪aʔhɔ̃ mena.a.
কাস্টমার: বোতলের পানি লাগবে না।,Customer: No need for bottled water.,bɔt̪ɔl d̪aʔ d̪ɔ baŋ laga͡o̯ɘ̆ɲɘ.
কাস্টমার: আমি সাথে করে পানি নিয়ে এসেছি।,Customer: I have brought water with me.,iɲ d̪ɔ sɔŋgɛt̪ɛ d̪aʔhɔ̃ɲ ɘgu͡u̯kaʔa.
কাস্টমার: কোনো মিষ্টান্ন/ মিষ্টি কি আছে?,Customer: Do you have any desserts/ sweets?,ɟahan hɛɽɛm ɟɔmaʔ mena.a.
ওয়েটার: দই ও মিষ্টি আছে।,Waiter: There is curd and sweet.,d̪ahe aɾ misʈi mena.a.
কাস্টমার: তাহলে খাওয়া শেষ হওয়ার পর এক কাপ দই দিবেন।,Customer: Then give me a cup of curd after I finish eating.,t̪ahalɛ ɟɔm mucɘt̪̚ʔkat̪ɛ mit̪̚ʔ cukɘʔ d̪ahe imɘɲmɛ.
"কাস্টমার: একজনের জন্য মাছ ভর্তা, লাউ তরকারি, মুরগির মাংস আর এক প্লেট ভাত প্যাকেট করে দিন।","Customer: Pack mashed fish, gourd curry, chicken and a plate of rice for one person.","mit̪̚ʔ hɔɽ lɘgit̪̚ʔ hako bʰɘɾt̪ɘ, hɔt̪ɔt̪̚ʔ ut̪u, sim ɟil ut̪u aɾ mit̪̚ʔ p͡leʈ d̪aka pekeʈɘɲpe."
"ওয়েটার: ঠিক আছে, ধন্যবাদ।","Waiter: Alright, thank you.",ma t̪ɔbɛ a͡i̯ma saɾha͡o̯.
শ্যালক: নমস্কার দুলাভাই।,"Brother-in-law: Greetings, Brother-in-law.",ɟɔhaɾ t̪i.jaŋ.
শ্যালক: কেমন আছেন আপনি?,Brother-in-law: How are you?,cɛʔlɛka mɛnama?
শ্যালক: আমার দিদি এবং ভাগনি কোথায়?,Brother-in-law: Where is my sister and niece?,iɲ d̪ɘ͡i̯ aɾ bʰɘgnitiɲ d̪ɔ ɔkaɾɛ menaʔkinɘ.
"দুলাভাই: নমস্কার, আমি ভালো আছি।","Brother-in-law (2): Greetings, I am fine.","ɟɔhaɾ, bisgi minɘɲa."
দুলাভাই: তারা পাশের বাড়িতে গেছে।,Brother-in-law (2): They went to the next door.,uŋkin d̪ɔ haŋko ʈʰɛnkin cala͡o̯ăkana.
দুলাভাই: এক্ষুণি চলে আসবে।,Brother-in-law (2): They will come back just about now.,nit̪̚ʔgikin ɾu̯͡ɘɽa nahaʔ.
দুলাভাই: তুমি ভিতরে এসে বসো।,Brother-in-law (2): You come inside and sit down.,bʰit̪ɾisɛʲc̚ʔ hɛʲc̚ʔ kat̪ɛ d̪uɽup̚ʔmɛ.
শ্যালক: ভাগনির বিয়ের জন্য নাকি ছেলের আত্মীয়রা এসেছিল!,Brother-in-law: Heard that the potential groom's relatives were here for niece's wedding!,bʰɘgnit̪iɲ bap̚la babɔt̪̚t̪ɛ kɔɽa sɛʲc̚ʔkʰɔn bɔlɛko hɛʲc̚ʔlena!
শ্যালক: ছেলে কী করে?,Brother-in-law: What does the potential groom do?,kɔɽa d̪ɔ cɛt̪̚ʔɛ kɘmi̯͡a?
শ্যালক: কোথায় থাকে?,Brother-in-law: Where does he live?,aɾ ɔkaɾɛ͡i̯ t̪ahɛ̃na?
"দুলাভাই: ছেলে ঢাকায় থাকে, কাপড়ের ব্যবসা করে।","Brother-in-law (2): Potential groom lives in Dhaka, does clothing business.",kɔɽa d̪ɔ ɖʰakaɾɛ͡i̯ t̪ahɛ̃na aɾ kic̚ɾiʔ ɾe.jaʔɛ bɘniɟa.].
দুলাভাই: তার বাড়ি আমাদের পাশের গ্রামে।,Brother-in-law (2): His house is in our neighbouring village.,oŋko ɔɽaʔ d̪ɔ hana at̯oɾɛ.
শ্যালক: তাহলে ভালো।,Brother-in-law: Good then.,bʰagegecɔ.
"শ্যালক: ছেলের ব্যাপারে খোঁজখবর নিয়েছেন, নাকি আমি খবর নেবো?","Brother-in-law: Have you inquired about the potential groom, or should I make the inquiry myself?",kɔɽa babɔt̪̚t̪ɛ kʰɔckʰɔbɔɾpɛ hat̪a͡o̯kaʔa sɛ iɲgiɲ hat̪a͡ɔ̯a?
শ্যালক: আমার এক বন্ধু আছে ওই গ্রামে।,Brother-in-law: I have a friend in that village.,ɔna at̪oɾɛgi iɲɾɛn miʈɛʔ gat̪ekoɽa mena.ja.
দুলাাভাই: খোঁজ নিতে পারো।,Brother-in-law (2): You could look into that.,kʰɔbɔɾɛm hat̪a͡o̯ d̪aɽe.jaʔa.
দুলাভাই: আমার জানামতে ছেলে সব দিক দিয়ে ভালো।,Brother-in-law (2): As far as I know the boy is good in all aspects.,iɲaʔ baɖa͡i̯lɛka kɔɽa d̪ɔ ɟɔt̪ɔsɛʲc̚ʔkʰɔnge.jɛ bʰagege.ja.
শ্যালক: বিয়েতে এখন অনেক খরচ হয়।,Brother-in-law: Marriage costs a lot now.,net̪aɾ d̪ɔ bap̚laɾɛ a͡i̯ma kʰɔɾɔcɔʔa.
শ্যালক: টাকাপয়সা কি হাতে আছে?,Brother-in-law: Do you have money at your hands right now?,t̪iːɾɛ ʈaka pa͡i̯sa mena.atʰɔɾ?
"শ্যালক: কারণ, জিনিসপত্রের দাম বেড়ে গেছে।",Brother-in-law: Because the prices of the goods have increased.,ɛnt̪ɛ net̪aɾ d̪ɔ ɟiniskɔɾɛnaʔ d̪am hɔ̃ ɘɖi ɟɘsti.jena.
দুলাভাই: আশা করি সমস্যা হবে না।,Brother-in-law (2): Hope there will be no problem.,pasɛʲc̚ʔ ɟahan ɛ̃ʈ̚kɛʈɔ̃ɽe d̪ɔ baŋ hojoʔa.
শ্যালক: আত্মীয়স্বজনকে নিয়ে একদিন বসা দরকার।,Brother-in-law: Need to sit with relatives after fixing a day.,peɽako ni̯͡ɘ mit̪̚ʔd̪in d̪uɽup̚ʔ hojoʔa.
"শ্যালক: সবার সাথে আলোচনা করে সিদ্ধান্ত নেন, এটা ভালো হবে।","Brother-in-law: It should be discussed with everyone and be decided only after then, it will be good.","ɟɔt̪ɔhɔɽ sã͡o̯tɛ galmaɾa͡o̯kat̪ebon goʈa.ja, onage bʰage.a."
দুলাভাই: শুক্রবার ছুটির দিনে সবাইকে একসাথে পাওয়া যাবে।,Brother-in-law (2): Everyone will be available to discuss together on Friday holiday.,"sokol hilɘʔ d̪o cʰuʈige.ja, unhilɘʔd̪ɔ ɟɔt̪ɔkuku ɲamɔ.a."
দুলাভাই: ওইদিন তুমি তোমার স্ত্রী ও সন্তানদের নিয়ে আসবে।,Brother-in-law (2): On that day you will come along with your wife and children.,unhilɘʔgi ɛɾa hɔpɔnko ni̯͡ɘ hɘɟuʔmɛ t̪ahlɛ.
শ্যালক: ঠিক আছে দুলাভাই।,"Brother-in-law: Alright, Brother-in-law.",ma onagi t̪iɲaŋ.
শ্যালক: আমি এখন যাই।,Brother-in-law: I'm going now.,ma t̪ahlɛ iɲd̪ɔɲ calaʔkana.
শ্যালক: বাড়িতে অনেক কাজ আছে।,Brother-in-law: There are lot of things to do at home.,ɔɽaʔɾɛhɔ̃ a͡i̯ma kɘmi mena.a.
"দুলাভাই: আচ্ছা, শুক্রবার তোমার সাথে দেখা হবে।","Brother-in-law (2): Well, see you on Friday.",ma t̪ɔbɛ sokol hilɘʔgi ɲapam hojo.a.
অফিসার: আপনাকে কীভাবে সাহায্য করতে পারি?,Officer: How may I help you?,cɛʔlɛkat̪ɛɲ gɔɽɔ d̪aɽeo̯͡ama?
সেবা গ্রহণকারী: আমার মোবাইল ফোনটি হারিয়ে গেছে।,Service Recipient: My mobile phone is lost.,iɲaʔ mɔbaĭl pʰoniɲ at̪̚ʔakad̪a.
"সেবা গ্রহণকারী: ফোনটা খুব দরকার, কারণ সেখানে আমার গুরুত্বপূর্ণ অনেক ছবি আছে।","Service Recipient: That phone is very much needed, because I have many important pictures in there.","ɔna pʰɔn d̪ɔ ɘɖi ɟɘɾuɽt̪iɲ, ced̪aʔ ɟe ɔna pʰonɾɛ ɘɖi ɟɘɾuɽ ɟɘɾuɽ pʰɔʈɔ mena.a."
অফিসার: কীভাবে হারিয়েছেন?,Officer: How did you lose it?,cekat̪ɛm at̪̚ʔked̪a?
সেবা গ্রহণকারী: বাসে উঠার সময় আমার পকেটে রেখেছিলাম।,Service Recipient: I put it in my pocket while boarding the bus.,basɾɛ d̪ɛɟoʔ ɟɔkʰɛʲc̚ʔ iɲaʔ gubliɾɛɲ d̪ɔhɔleda.
সেবা গ্রহণকারী: বাস থেকে নামার পরে সেটাকে আর খুঁজে পাইনি।,Service Recipient: I couldn't find it no more after getting off the bus.,bas kʰɔn pʰɛɖ̚kat̪ɛ ɔna d̪ɔ aɾ bɘɲ send̪ɾa ɲam led̪a.
"সেবা গ্রহণকারী: হতে পারে পকেট থেকে পড়ে গেছে, অথবা কেউ পকেট থেকে চুরি করেছে।","Service Recipient: May have fallen out of pocket, or someone has stolen from the pocket.",ho͡i̯ d̪aɽe.jaʔa gubli kʰɔn ɲuɾena aɾ baŋkʰan gubli kʰɔn kumɾu.jɛnt̪ama.
অফিসার: আপনাকে একটা জিডি করতে হবে।,Officer: You have to file a GD.,amd̪ɔ miʔʈɛʲc̚ʔ ɟiɖi͡i̯ ho.joʔt̪ama.
অফিসার: জিডি করার জন্য আপনার জাতীয় পরিচয়পত্র এবং মোবাইল ফোনের আইএমইআই নম্বর লাগবে।,Officer: To file a GD you will need your national identity card and the IMEI number of the mobile phone.,ɟiɖi͡i̯ lɘgit̪̚ʔ amaʔ ɟat̪i̯͡o oɾom kagɔc̚ aɾ mɔbaĭl pʰon ɾe.jaʔ a͡i̯.em.i.a͡i̯ nɔmbɔɾ laga.a.
"সেবা গ্রহণকারী: আমার জাতীয় পরিচয়পত্র আছে, কিন্তু আইএমইআই নম্বর আমি কোথায় পাবো?","Service Recipient: I have a national identity card, but where do I get the IMEI number?",iɲaʔ ɟati̯͡ɔ̯ oɾom kagɔɟ d̪ɔ mena.a mɛnkʰan iɲaʔ mɔbaĭl pʰon ɾejaʔ a͡i̯.em.i.a͡i̯ nɔmbɔɾ d̪ɔ ɔkaɾɛɲ ɲama?
অফিসার: আপনার মোবাইল ফোনের প্যাকেটে ওই নম্বর লেখা আছে।,Officer: That number is written on your mobile phone's packet.,amaʔ mɔbaĭl pʰon ɾejaʔ pekeʈ̚ ɾigi ona nɔmbɔɾ d̪ɔ ɔl mena.a.
সেবা গ্রহণকারী: তাহলে আমাকে আবার বাড়িতে যেতে হবে।,Service Recipient: Then I have to go home again.,t̪ahɔlɛ iɲd̪ɔ aːɾhɔ̃ ɔɽaʔ calaʔ ho.joʔt̪iɲɘ.
সেবা গ্রহণকারী: কিন্তু আমি তো লিখতে পারি না!,Service Recipient: But I can not write!,mɛnkʰan iɲma bɘɲ ɔːl d̪aɽeʔ!
অফিসার: অসুবিধা নেই।,Officer: No problem.,baŋ ceka.a.
"অফিসার: এখানে যে অফিসার থাকবেন, তিনি আপনাকে জিডি লিখতে সহায়তা করবেন।",Officer: The officer who will be here will help you to write the GD.,"nɔnɖɛ ɔkɔ͡i̯ opʰisaɾɛ t̪ahɛ̃n, unigi ɟiɖid̪ɔ͡i̯ ɔl gɔɽɔɔ̯͡ama."
অফিসার: মনে করে জিডির একটা ফটোকপি সাথে নিয়ে যাবেন।,Officer: Remember to take a photocopy of the GD with you.,d̪isɘ kat̪ɛt̪̚ʔ ɟiɖi ɾi.jaʔ miʔʈɛʲc̚ʔ pʰɔʈɔkɔpi sɔŋgɛt̪ɛm id̪i t̪aɾa.ja.
সেবা গ্রহণকারী: আপনাকে অনেক ধন্যবাদ।,Service Recipient: Thank you very much.,maː t̪ɔbɛ a͡i̯ma saɾha͡o̯.
যাত্রী: আমি ঢাকায় যাবো।,Passenger: I will go to Dhaka.,iɲ d̪ɔ ɖʰakaɲ cala.a.
যাত্রী: আপনাদের কি কোনো গাড়ি আছে?,Passenger: Do you have any vehicle going toward Dhaka?,ɖʰaka calaʔ lɘgit̪̚ʔ apɛ.jaʔ ɟahan gɘɖi mena.a?
"কাউন্টার: হ্যাঁ, আছে।","Counter: Yes, there is.","hɛ̃, mɛnaʔge̯͡a."
কাউন্টার: আপনি কখন যেতে চান?,Counter: When do you want to leave?,am d̪ɔ t̪inɾɛ calaʔɛm mɛned̪a?
যাত্রী: দুপুরের গাড়ি পেলে আমার জন্য ভালো হয়।,Passenger: It is better for me to get the afternoon vehicle.,t̪ikin ɾe.jaʔ gɘɖi ɲamlɛnkʰan bʰage ho͡i̯ko.a.
কাউন্টার: ক্ষমা করবেন।,Counter: Excuse us.,ikɘkɘɲmɛ.
কাউন্টার: দুপুরে আমাদের কোন গাড়ি নেই।,Counter: We don't have any vehicles this afternoon.,alɛ d̪ɔ t̪ikin ɾe.jaʔ ɟahan gɘɖi bɘnuʔ t̪alɛ̯͡a.
কাউন্টার: সকালে এবং রাতে আপনি যেতে পারবেন।,Counter: You can go at morning and at night .,set̪aʔ aɾ ɲind̪ɘd̪ɔm cala͡o̯ d̪aɽe.jaʔa.
যাত্রী: রাতের গাড়ি কয়টায় ছাড়ে?,Passenger: What time does the night vehicle leave?,ɲind̪ɘ d̪ɔ gɘɖi t̪inɾɛpɛ aɽaga?
কাউন্টার: রাত সাড়ে ১০টায় বাস টার্মিনাল থেকে ছাড়বে।,Counter: The vehicle will leave the bus terminal at 10:30 PM.,ɲind̪ɘ saɽɛ d̪ɔsʈasɛʲc̚ʔ bas ʈaɾminalkʰɔn gɘɖiko aɽaga.
কাউন্টার: আপনি পৌনে দশটার মধ্যে কাউন্টারে থাকবেন।,Counter: You will be in the counter by 09:45 pm,amd̪ɔ ponɛ d̪ɔsʈasɛʲc̚ʔ ka͡u̯nʈaɾɾɛm t̪ahɛ̃na.
যাত্রী: টিকিট কত করে?,Passenger: How much is the ticket?,ʈikiʈ̚ t̪inɘʔ kat̪ɛ?
কাউন্টার: ৫৫০ টাকা,Counter: BDT 550.,mɔ̃ɾɛ sã͡i̯ mɔ̃ɽɛgɛl ʈaka.
যাত্রী: দয়া করে আমাকে একটা টিকিট দিন।,Passenger: Please give me a ticket.,d̪a.jakat̪ɛ iɲ d̪ɔ mit̪̚ʔʈɛʔ ʈikiʈ̚ imɘɲpɛ.
কাউন্টার: এই নিন আপনার টিকিট।,Counter: Here is your ticket.,nɔʔɔ͡i̯t̪am amaʔ ʈikiʈ̚ d̪ɔ.
কাউন্টার: আপনি নিরাপদে যান।,Counter: May you go safely.,ma t̪ɔbɛ mɔ̃ɟt̪ɛ calaʔmɛ.
"শিক্ষক: ছাত্রছাত্রীরা, তোমরা কি জানো শিক্ষার উদ্দেশ্য কী?","Teacher: Students, do you know the purpose of education?",gid̪ɾɘku sikʰnɘt̪̚ʔɾe.jaʔ ɟɘɾuɽ cɛt̪̚ʔkana baɖa.japɛ?
শিক্ষার্থী: জানি না স্যার।,Student: We don't know sir.,balɛ baɖa.ja mahasɔ͡i̯.
শিক্ষক: শিক্ষার উদ্দেশ্য আচরণের পরিবর্তন করা।,Teacher: The purpose of education is to change behavior.,
শিক্ষক: এই কারণে আজ আমরা ক্লাসে চালচলন/ আদবকায়দা নিয়ে আলাপ করবো।,Teacher: That's why today we will talk about manners/etiquettes in class.,ɔna ijɘt̪ɛ t̪eheɲ d̪ɔ abu klasɾɛ cal cɔlɔn ni̯͡ebu galmaɾao̯͡a.
শিক্ষার্থী: আমাদের কী কী শিখতে হবে স্যার?,"Student: What do we have to learn, sir?",mãhasɔ͡i̯ alɛ d̪ɔ cɛt̪̚ʔko cet̪̚ʔ hojoʔ tale.ja.
শিক্ষক: ক্লাসে শিক্ষক এলে সবাই তাকে দাঁড়িয়ে সালাম/ সম্ভাষণ দিবে।,"Teacher: When the teacher enters the class, everyone will stand and salute him/her.",klasɾɛ mãhasɔ.jɛ bɔlɔlɛnkʰan ɟɔt̪ɔko t̪eŋgokat̪ɛ ɟohaɾa͡i̯pɛ.
শিক্ষার্থী: এটা আমরা করি স্যার।,Student: We do it sir.,mãhasɔ͡i̯ alɛmalɛ noŋka͡i̯ge.
শিক্ষার্থী: আমাদের আর কী কী করা দরকার?,Student: What else do we need to do?,mãhasɔ̯͡i̯ alɛ d̪ɔ aɾ cɛt̪̚ʔ cɛt̪̚ʔ ceka͡i̯ hojoʔt̪alɛ.ja.
শিক্ষক: একে অপরকে সহযোগিতা করবে।,Teacher: You will help each other.,apɛ apɛ gɔpɔɽɔʔpɛ.
শিক্ষক: মনোযোগ দিয়ে অন্যের কথা শুনবে।,Teacher: Will listen carefully to others.,mɔ̃ɟt̪ɛ ɛʈaʔko̯͡aʔ kat̪ʰapɛ aɲɟɔma.
শিক্ষক: কারও সাথে ঝগড়া করবে না।,Teacher: You will not quarrel with anyone.,ɔko͡i̯ sã͡ɔ̯t̪ɛhɔ̃ alopɛ ɾɛʈʰa ɾɛʈʰi.a.
শিক্ষক: বড়রা ছোটদের আদর করবে।,Teacher: Elders will adore the younger ones.,apɛ lɘʈuko kɘʈiʲc̚ʔkopɛ d̪ulɘɽko̯͡a.
শিক্ষক: ছোটরা বড়দের সম্মান করবে।,Teacher: Youngers shall respect the elders.,apɛ kɘʈiʲc̚ʔkohɔ̃ lɘʈukopɛ manɔt̪̚ʔko̯͡a.
শিক্ষার্থী: ছোটরা যদি আমাদের কথা না শোনে?,"Student: Sir, what if the youngers do not listen to us?","mãhasɔ͡i̯, kɘʈiʲc̚ʔko alɛ.jaʔ kat̪ʰa bako aɲɟɔm lɘgid̪ɔʔkʰan?"
শিক্ষক: শুরুতে তাদের বুঝিয়ে বলবে।,Teacher: Explain to them in the beginning.,laha d̪ɔ buɟʰhɘ͡o̯ăkopɛ.
শিক্ষক: এরপরেও কথা না শুনলে শাসন করবে।,"Teacher: Even then, if they don't listen, you will teach them discipline.",inɘ t̪a͡inɔm kat̪ʰa bako aɲɟɔmlɛkʰan sasɔnkopɛ.
শিক্ষার্থী: বুঝতে পেরেছি স্যার।,Student: Got it sir.,buɟhɘ͡o̯ked̪alɛ mãhasɔ͡i̯.
শিক্ষক: যেখানে সেখানে ময়লা ফেলবে না।,Teacher: Don't litter anywhere.,hanɖɛ nanɖɛ kat̪o̯͡aɾko alɔpɛ giɖi.ja.
শিক্ষক: রাস্তা পার হওয়ার সময় দুই পাশে ভালোমত দেখে নিবে।,"Teacher: When crossing the road, look carefully on both sides.",ɖahaɾ paɾɔmɔʔ ɟɔkʰɛ banaɾsa ɲɛlkat̪ɛpɛ paɾɔmɔʔa.
শিক্ষক: তা না হলে গাড়ির সাথে ধাক্কা লাগতে পারে।,"Teacher: Otherwise, you might get hit by a car.",baŋkʰan gɘɖit̪ɛpɛ t̪ɘkiɟɔʔa.
শিক্ষার্থী: জি স্যার।,Student: Yes sir.,hɛ̃ː mãhasɔ͡i̯.
শিক্ষক: কাউকে গালি দেবে না।,Teacher: Don't scold anyone.,ɔkɔ͡i̯hɔ̃ alopɛ ɛgɛɾko̯͡a.
শিক্ষক: একজনের সাথে আরেকজনের তুলনা করবে না।,Teacher: Do not compare one with another.,mit̪̚ʔhɔɽ sã͡o̯t̪ɛ aɾ miʔ hɔɽ d̪ɔ alopɛ ɟuɾikinɘ.
শিক্ষক: কারও নিন্দা করবে না।,Teacher: Do not condemn anyone.,ɔko͡i̯hɔ̃ alopɛ nisɽɘ͡o̯ko̯͡a.
শিক্ষার্থী: অনেক ধন্যবাদ স্যার।,Student: Thank you very much sir.,a͡i̯ma saɾha͡o̯ mãhasɔ͡i̯.
শিক্ষক: মনোযোগ দিয়ে কথা শোনার জন্য তোমাদেরকেও ধন্যবাদ।,Teacher: Thank you for listening carefully.,mɔ̃ɟt̪ɛ iɲaʔ kat̪ʰa aɲɟɔm lɘgit̪̚ʔ apɛhɔ̃ a͡i̯ma saɾha͡o̯.
"ছেলে: বাবা, আমাদের ঘরটা মেরামত করতে হবে।","Son: Father, we have to repair the house.","hend̪a ba, abo̯͡aʔ ɔɽaʔ d̪ɔ jut̪̚ʔ ho.jo.a."
"বাবা: কেন, ঘরের কী হয়েছে?","Father: Why, what happened to the house?","ced̪aʔ, oɽaʔ d̪ɔ ceka͡o̯ăkant̪ɛ?"
ছেলে: তুমি শহরে যাবার পর ঝড় এসেছিল।,Son: The storm hit after you went to town.,am sɔhɔɽt̪ɛ cala͡o̯ ta͡i̯nɔm hɔ͡i̯d̪aʔ ho͡i̯lena.
ছেলে: সেই ঝড়ে ঘরের উপরে একটা গাছ পড়ে গেছে।,Son: A tree fell on the house in that storm.,ona hɔ͡i̯d̪aʔɾɛ abo ɔɽaʔ cet̪an mit̪̚ʔʈɛʔ d̪aɾi bʰind̪ɘɽakana.
ছেলে: এর ফলে ঘরের এক পাশের চালা ভেঙ্গে গেছে।,"Son: As a result, the shed on one side of the house was broken.",ɔna i͡ɘt̪ɛ ɔɽaʔ ɾe.jaʔ mit̪̚ʔaɽi cal d̪ɔ ɾɘput̪̚ʔakana.
ছেলে: এখন সেখান থেকে পানি পড়ে।,Son: Now water falls through it.,nit̪̚ʔ ɔnɖɛkʰɔn d̪aʔ ɟɔɾɔʔkana.
"বাবা: চলো, একসাথে গিয়ে দেখে আসি কী হয়েছে।",Father: Let's go together and see what happened.,"d̪ɛla, miʔ sã͡o̯tɛlaŋ cala.a, ɲɛːlalaŋ ceka͡o̯ăkana."
ছেলে: এই যে দেখো গাছটা কীভাবে পড়ে আছে।,Son: Look how the tree is lying.,nɔʔɔ͡i̯ ɲɛlmɛ nɔ̯͡a d̪aɾe cɛʔlɛka bʰind̪ɘɽakana.
"ছেলে: অনেক বড় গাছ, তাই ঘরের চালা ভেঙে গেছে।",Son: The tree was big that is why the house got broken.,"ɘɖi lɘʈu d̪aɾekana, ɔnat̪ɛ ɔɽaʔ ɾe.jaʔ cal d̪ɔ ɾɘput̪̚ʔakana."
"বাবা: হ্যাঁ, আমি দেখতে পেয়েছি।","Father: Yes, I can see.","hɛ̃ː, ɲɛl ɲamɛ̃d̪ɘɲ."
বাবা: আগে গাছটা সরাতে হবে।,Father: The tree must be removed first.,"hɛ̃ː, no̯͡a d̪aɾi ɔcɔʔ laha͡i̯ hojo.a."
"বাবা: এরপর নতুন চালার জন্য টিন, কাঠ, পেরেক কিনতে হবে এবং মিস্ত্রি ডাকতে হবে।","Father: Then have to buy tin, wood, nails for the new shed and have to call the mason.","ni̯͡ɘ t̪a͡i̯nɔm naɔ̯͡a cal lɘgit̪̚ʔ ʈin, kaʈ, peɾek̚ kiɾiɲ hojo.a aɾ mist̪ɾi hɔ̃ hɔhɔ̯a͡i̯ hojo.a."
"ছেলে: বাবা, কোন জিনিস কী পরিমাণে আনবো?","Son: Father, how much should I bring all of these?","hend̪a baː, ɔka ɟinis t̪inɘʔganiɲ agu.ja?"
বাবা: সেটা আমার চেয়ে একজন মিস্ত্রি ভালো বলতে পারবে।,Father: A mason can say that better than me.,no̯͡a d̪ɔ iɲ kʰɔn mit̪̚ʔʈɛʲcʔ mist̪ɾigi bʰage͡i̯ lɘ͡i̯ d̪aɽe.jaʔa.
ছেলে: আমি তাহলে আগে মিস্ত্রিকে ডেকে নিয়ে আসি।,Son: Then I am calling a mason first to bring him.,iɲd̪ɔ t̪ahalɛ mit̪̚ʔʈɛʲcʔ mistɾiɲ ɘgu maɽaŋka͡i̯ligi.
"বাবা: মিস্ত্রি প্রতিদিন কত টাকা মজুরি নেবে, সেটা ঠিক করে নিও।",Father: Fix how much the mason will be paid daily.,mist̪ɾi t̪inɘʔ d̪aɾmaha͡i̯ hat̪aɔ̯͡a ona d̪ɔ uni sã͡ot̪ɛ goʈa ɘgu͡i̯mɛ.
বাবা: মিস্ত্রির জন্য প্রতিদিন ১০০০ টাকার বেশি দিতে পারবো না।,Father: I can't pay more than BDT 1000 per day for the mason.,mist̪ɾi lɘgit̪̚ʔ iɲ d̪ɔ d̪inɘm mit̪̚ʔ haɟaɾ ʈaka kʰɔn ɟɘst̪i bɘɲ ɛm d̪aɽeɔ̯͡aʔa.
"ছেলে: ঠিক আছে বাবা, আমি মজুরি ঠিক করে নেবো।","Son: Okay father, I will fix the wages.","ac̚cʰa baba, iɲd̪ɔ d̪aɾmahaɲ gɔʈa ɘgu.ja nahaʔ."
ছেলে: আমি কি মিস্ত্রির কাছ থেকে জানার পর জিনিসগুলো কিনে নিয়ে আসবো?,Son: Shall I buy the things after knowing from the mason?,iɲd̪ɔ mist̪ɾi ʈʰɛnkʰɔn baɖa͡i̯ɟɔŋ t̪a͡i̯nɔm ɟiniskuɲ kiɾiɲ ɘgu.ja?
"বাবা: না, আগে কেনার দরকার নেই।","Father: No, no need to buy first.","baŋ, lahaɾɛ d̪ɔ alɔm kiɾiɲa."
বাবা: মিস্ত্রি ঘরের অবস্থা দেখার পর কিনতে যেও।,"Father: After seeing the condition of the house by the mason, go and buy things.",mist̪ɾi ɔɽaʔ ɾe.jaʔ ɔbɔst̪a ɲɛlocokat̪ɛ aːd̪ɔ ɟinisko kiɾiɲɛm calaʔa.
"ছেলে: আচ্ছা বাবা, আমি যাচ্ছি।","Son: Alright Father, I am going.",maːt̪ɔbɛɲ calaʔkana.
কৃষক ১: আমার ক্ষেতের ধান ইঁদুর খেয়ে ফেলছে।,Farmer 1: Rats are eating the rice of my field.,iɲaʔ baɽgeɾe.jaʔ hoɽo goɖoko ɟɔm cabaʲɛt̪̚ʔkana.
কৃষক ১: ইঁদুর তাড়ানোর জন্য কী করা যায়?,Farmer 1: What can be done to get rid of rats?,goɖo lagako lɘgit̪̚ʔ cɛt̪̚ʔ ceka͡i̯ hojo.a?
কৃষক ২: দুইভাবে ইঁদুর তাড়ানো যায়।,Farmer 2: Rats can be chased in two ways.,goɖo lagako lɘgit̪̚ʔ baɾe̯͡alɛkan kɘmi mena.a.
কৃষক ২: ক্ষেতের চারপাশে ফাঁদ পেতে ইঁদুর ধরতে পারো।,Farmer 2: You can catch mice by setting traps around the field.,
baɽge bɛɽha͡i̯t̪ɛ siʈɘp̚ʔ oɖa͡o̯kat̪ɛ goɖo sap̚ʔko.],#5,
কৃষক ২: এ ছাড়া খাবারের সাথে বিষ মিশিয়ে ক্ষেতে রাখতে পারো।,"Farmer 2: Other than that, you can mix poison with food and put it in the field.",baŋkʰan ɟɔmaʔ sã͡o̯t̪ɛ bis mɛsal kat̪ɛ baɽgiɾɛ d̪ɔhɔ͡i̯ hojoʔa.
কৃষক ১: আমি শুরুতে ফাঁদ পেতে ইঁদুর ধরতে চেয়েছিলাম।,Farmer 1: I initially wanted to catch mice by traps.,pɘhilɾɛ iɲd̪ɔ siʈɘp̚ʔ ɔɖa͡o̯kat̪ɛ goɖo sap̚ʔiɲ mɛnled̪a.
"কৃষক ১: কিন্তু ইঁদুর অনেক চালাক, তারা ফাঁদে পড়ে না।","Farmer 1: But rats are very clever, so the trap is not working.","mɛnkʰan nokod̪ɔ bako siʈɘbɔ.a, nokod̪ɔ ɘɖi calak̚."
কৃষক ২: তাহলে খাবারের সাথে বিষ মিশিয়ে ক্ষেতের বিভিন্ন জায়গায় রেখে দাও।,Farmer 2: Then mix the poison with the food and put it in different places in the field.,ni̯͡ɘd̪ʰa͡ɔ̯ d̪ɔ ɟɔmaʔ sã͡o̯t̪ɛ bis mɛsal kat̪ɛʔ baɽgeɾɛ hanɖɛ nanɖɛ d̪ɔhɔkam.
কৃষক ২: তাহলে ইঁদুর আর থাকবে না।,Farmer 2: Then there will be no more rats.,inɘkʰan goɖo aɾ bako t̪ahɛ̃na.
"কৃষক ১: হ্যাঁ, এটাই করতে হবে।","Farmer 1: Yes, that's what has to be done.",hɛ̃ noŋkagiɲ kɘmi̯͡a.
কৃষক ১: গতবছর ইঁদুর আমার অনেক ধান খেয়ে ফেলেছে।,Farmer 1: Rats ate a lot of my rice last year.,cala͡o̯ɛn sɛɾmaɾɛ goɖo iɲaʔ baɽgiɾɛ a͡i̯ma hoɽoko ɟɔm giɖiked̪a.
কৃষক ১: ধানকাটা শেষ করার পর ক্ষেতের মধ্যে অনেকগুলো গর্ত পেয়েছিলাম।,"Farmer 1: After harvesting paddy, I found many holes in the field.",hoɽo gɛt̪̚ʔ t̪a.jɔm baɽgeɾɛ a͡i̯ma goɖo bʰugɘʔlɛ ɲamked̪a.
কৃষক ১: সেই গর্তগুলোর মধ্যে অনেক ধান ছিল।,Farmer 1: There was a lot of rice in those holes.,ona bʰugɘʔkoɾɛ a͡i̯ma hoɽo t̪ahɛ̃lena.
কৃষক ২: এবার বাজারে ধানের দাম কম।,Farmer 2: This year the price of rice is low in the market.,ni̯͡ɘd̪ʰa͡o̯ hɘʈi̯͡ɘɾɛ hoɽo d̪am d̪ɔ t̪ʰɔɽage̯͡a.
কৃষক ২: অনেক সময় ধান বিক্রি করে চাষের খরচ উঠানো যায় না।,Farmer 2: Many times the cost of cultivation cannot be met by selling paddy.,a͡i̯ma ɔkt̪ɛɾɛ hoɽo ɘkʰɾiɲkat̪ɛ abat̪̚ kʰɔɾɔcʔ baŋ ɲamʔkana.
কৃষক ২: ইঁদুর ধান খেয়ে ফেললে আর উপায় থাকে না।,"Farmer 2: If the rats eat the rice, there is no other way.",goɖo hoɽoko ɟɔmgiɖilekʰan aɾ ceka͡i̯ ɾenaʔ cɛt̪̚ʔhɔ̃ baŋ t̪ahɛ̃na.
কৃষক ১: ঠিক বলেছো।,Farmer 1: You are right.,ɟɔt̪ʰat̪ɛm mɛːnakaʔa.
কৃষক ১: গত বছর আমার সাথেও তাই ঘটেছিল।,Farmer 1: Same thing happened to me last year.,cala͡o̯ɛn sɛɾma iɲaʔhɔ̃ noŋkage ho͡i̯lena.
"কৃষক ২: আমার ধানগাছ হলুদ হয়ে যাচ্ছে, কী করা যায় বলো তো?","Farmer 2: My rice plant is turning yellow, what can be done?","iɲaʔ hoɽo d̪aɾeko sasaŋ cabaʔkana, ceʔiɲ ceka.ja lɘ.jɘɲmɛsɛ."
কৃষক ২: গাছ এ রকম থাকলে ঠিকমত ফলন হবে না।,"Farmer 2: If the plant is like this, it will not produce properly.",d̪aɾe nɔŋka t̪ahɛ̃lɛnkʰan hoɽo d̪ɔ mɔ̃ɟ baŋ ho.jo.a.
কৃষক ১: আমার ধানে এখনও এরকম কিছু হয়নি।,Farmer 1: Nothing like this has happened to my paddy yet.,iɲaʔ hoɽo d̪aɾi d̪ɔ nit̪̚ʔhɔ̃ baŋ noŋkaɔ̯͡akana.
কৃষক ২: কতটুকু জমিতে কী পরিমাণে সার দিতে হয় — এটা কি জানো?,Farmer 2: Do you know how much fertilizer is needed on the land?,t̪inɘʔlɘʈu baɽgiɾɛ t̪inɘʔ sahaɾ laga.a ɔna d̪ɔm baɖa͡i̯gi.ja?
"কৃষক ১: না, কী পরিমাণে সার দিতে হয় — এটা আমি জানি না।","Farmer 1: No, I don't know how much fertilizer will be required.","baŋ, t̪inɘʔ sahaɾ laga.a ɔŋa d̪ɔ bɘɲ baɖa.ja."
কৃষক ১: ভালো হয় — যদি তুমি কৃষি অফিসারের কাছ থেকে জেনে নাও।,Farmer 1: It will be better if you go to the agricultural officer and know from him.,bʰage ho.joʔa am d̪ɔ kɾisi opʰisaɾʈʰɛn cala͡o̯ kat̪ɛt̪̚ʔ baɖa͡i̯ɟɔŋmɛ.
কৃষক ২: ঠিক আছে।,Farmer 2: Alright.,maː ɔnage.
কৃষক ২: আমি এটাই করবো।,Farmer 2: That's what I'll do.,iɲhɔ̃ oŋkageɲ kɘmi̯͡a.
প্রতিবেশী ১: উৎসব তো এসে গেল!,Neighbor 1: Festival is almost here!,pɔɾɔb ma hɛʲc̚ʔ sɛʈɛɾɛn!
প্রতিবেশী ১: বাড়িঘর কি সাজিয়েছেন?,Neighbor 1: Have you decorated the house?,ɔɽaʔd̪u̯͡ɘɾɛm saɟa͡o̯ked̪a?
প্রতিবেশী ২: এগুলো এখন ছেলেমেয়েরাই করে।,Neighbor 2: Children do these now.,no̯͡ako kɘmi d̪ɔ gid̪ɾɘkogiku kɘmi.ja.
"প্রতিবেশী ১: উৎসব যে আগের মত নেই, এটা কি আপনি খেয়াল করেছেন?",Neighbor 1: Have you noticed that the festival is not the same as before?,"pɔɾɔb ɟe laha lɛka baŋ hojoʔkan, no̯͡a d̪ɔm buɟhɘ͡o̯ĕd̪a?"
প্রতিবেশী ১: এখন আচার-অনুষ্ঠানের চেয়ে গান-বাজনাই বেশি হয়।,Neighbor 1: Now there is more singing and dancing than programs and rituals.,nɛt̪aɾ d̪ɔ ɘɾi cali bɘgikat̪ɛ ɛnɛʲc̚ʔ siɾiɲge ɟɘst̪i hojoʔkana.
"প্রতিবেশী ২: হ্যাঁ, ছেলেমেয়েরা জোরে জোরে গান বাজায় আর হই-হুল্লোড় করে।","Neighbor 2: Yes, the children are playing loud music and shouting these days.","hɛ̃, gid̪ɾɘkod̪ɔ ɘɖi ɾaŋga͡o̯ seɾeɲko aɾaʔkaʔa aɾ ko kɘ͡o̯mɘ͡o̯ɔʔa."
প্রতিবেশী ২: এখন অনেক দোকানপাট বসে আর বেচাকেনা হয়।,Neighbor 2: Now many shopkeepers sit and sell their stuff.,nɛt̪aɾ d̪ɔ haʈ baɟaɾlɛka kiɾiɲ ɘkʰɾiɲgi ɟɘst̪i hojoʔkana.
"প্রতিবেশী ১: আমার মনে আছে, ছোটবেলায় আমি বাবার হাত ধরে মেলায় যেতাম।","Neighbor 1: I remember, when I was a child, I used to go to the fair holding my father's hand.",iɲ d̪isɘ͡i̯d̪a kɘʈiʲc̚ʔɾɛ iɲd̪ɔ iɲbabaɔ̯͡aʔ t̪i sap̚ʔ kat̪ɛ mɛlaɲ calaʔkan t̪ahɛ̃na.
প্রতিবেশী ১: আত্মীয়স্বজনের বাড়িতে বেড়াতাম।,Neighbor 1: I used to visit my relatives' houses.,pɛɽa ɔɽaʔkoɾɛɲ d̪aɽankan t̪ahɛ̃na.
প্রতিবেশী ১: বয়স্কদের প্রণাম করতাম।,Neighbor 1: I used to greet the elders with bowing down.,lɘʈukuɲ ɖɔbɔʔakokan t̪ahɛ̃na.
প্রতিবেশী ১: তারা আমাকে আশীর্বাদ করতেন এবং উপহার দিতেন।,Neighbor 1: They used to bless me and gave me gifts.,aɾ uŋku d̪ɔ ɘsiɾbat̪̚kat̪ɛ ɟahanaʔko imɘɲkan t̪ahɛ̃na.
প্রতিবেশী ২: বাবা আমাদের জন্য নতুন জামা কিনে দিতেন।,Neighbor 2: Father used to buy new clothes for us.,aɾ ɘpuɲ d̪ɔ alɛ nao̯͡a kic̚ɾiʲc̚ʔɛ kiɾiɲalɛkan t̪ahɛ̃na.
প্রতিবেশী ২: আমরা নতুন জামা-কাপড় পরে এই বাড়ি ওই বাড়ি ঘুরে ঘুরে আনন্দ করতাম।,Neighbor 2: We used to go from house to house wearing new clothes.,naɔ̯͡a kic̚ɾiʲc̚ʔ hɔɾɔʔ kat̪ɛ alɛ d̪ɔ ɾɘskɘ t̪ɛ hana ɔɽaʔ nʰaɔ̯͡a ɔɽaʔlɛ ɘcuɾɔʔkan t̪ahɛ̃na.
"প্রতিবেশী ২: যে বাড়িতে যেতাম, সেই বাড়িতে আমাদের খেতে দেওয়া হতো।",Neighbor 2: We were offered food at any houses we used to visit.,ɔka ɔɽaʔlɛ calaʔ ɔna ɔɽaʔɾɛge ɟɔmko emalɛkan t̪ahɛ̃na.
"প্রতিবেশী ১: আমরা গান-বাজনা, নাচানাচি, আনন্দফূর্তি সবই করতাম।","Neighbor 1: We used to be singing, dancing, having fun and everything.",alɛ d̪ɔ ɽɘskɘt̪ɛlɛ ɛnɛʲc̚ʔ seɾeɲɟɔŋkan t̪ahɛ̃na.
"প্রতিবেশী ১: কিন্তু এত হইচই করিনি, জোরে গান বাজিয়ে লোকজনকে বিরক্ত করিনি।","Neighbor 1: But we didn't make so much chaos, we didn't disturb people by playing loud music.",mɛnkʰan alɛ d̪ɔ balɛ kɘ͡o̯mɘ͡o̯ăka.a sɛ ɾaŋga͡o̯t̪ɛ siɾiɲ aɽaʔkat̪ɛ hɔɽku d̪ɔ balɛ ed̪ɾe oco̯͡akaʔko̯͡a.
"প্রতিবেশী ১: তখন পাড়ায়-পাড়ায়, পরিবারে-পরিবারে যোগাযোগ হতো।","Neighbor 1: Back then there used to be communications from neighborhood to neighborhood, family to family.",unɟɔkʰɛc̚ʔ d̪ɔ hana at̪o nʰaɔ̯͡a at̪o hana gʰaɾɔ̃ɟ nʰao̯͡a gʰaɾɔ̃ɟ calaʔ hɘɟuʔ t̪ahɛ̃kant̪ako̯͡a.
প্রতিবেশী ২: ছোটরা বড়দের সম্মান করতো এবং বড়রা ছোটদের স্নেহ করতো।,Neighbor 2: The youngers respected the elders and the elders adored the youngers.,"kɘʈiʲc̚ʔko d̪ɔ lɘʈukoko manɔt̪ɛʔko t̪ahɛ̃na, aɾ lɘʈukod̪ɔ kɘʈiʲc̚ʔkoko d̪ulɘɽɛʔko t̪ahɛ̃na."
প্রতিবেশী ২: সবাই সবার খোঁজখবর রাখতো।,Neighbor 2: Everyone used to look out for everyone.,ɟɔt̪ɔ hɔɽ ɟɔt̪ɔ hɔɽaʔ boge ɟud̪ɘku baɖa͡i̯ɟɔŋkan t̪ahɛ̃na.
প্রতিবেশী ১: এখন সবকিছু বদলে যাচ্ছে।,Neighbor 1: Everything is getting changed now.,net̪aɾ d̪ɔ ɟɔt̪ɔgi ɟud̪ɘ cabaʔkana.
প্রতিবেশী ১: অনেকে তাদের পাশের বাড়ির খবরও রাখে না।,Neighbor 1: Many people don't even look out for their neighbors.,ad̪ɔmko d̪ɔ aɖɛpasɛɾɛnko̯͡aʔ bugeɟud̪ɘhɔ̃ bako baɖa͡i̯kana.
"প্রতিবেশী ২: হ্যাঁ, ঠিক বলেছ।","Neighbor 2: Yes, you have told the right thing..","hɛ̃, ɟɔt̪ʰat̪̚gim ɾɔːɽakaʔa."
প্রতিবেশী ১: আমাদেরকে এইসব ব্যাপারে সতর্ক থাকতে হবে।,Neighbor 1: We have to be careful about these things.,abu no̯͡ako babɔt̪̚ʔt̪ɛ sɔnt̪ɔɾ t̪ahɛ̃n hojoʔ t̪abona.
গর্ভধারণের পরপরই গর্ভবতী মায়ের ডাক্তারের কাছে যাওয়া উচিত।,A pregnant woman (mother) should visit a doctor immediately right after conception.,hɔɽmɔɾɛ gid̪ɾɘ hɛʲc̚ʔ t̪a.jɔm t̪a.jɔmge gɔgɔ hɔɽaʔ ɖakt̪aɾʈʰɛʲc̚ʔ calaʔ ɟɘɾuɽa.
এই সময়ে কোনো ছোটোখাটো অসুখকেও অবহেলা করা উচিত/ ঠিক নয়।,Any minor ailment should not be neglected during this time.,nɔŋkan ɔkt̪ɛɾɛ kɘʈiʲc̚ʔ lɘʈu ɟãhalɛkan ɾu̯͡ɘge baŋ pɔsɽa͡o̯ ho.jo.a.
এই সময়ে কী কী করা দরকার তা ডাক্তারের কাছ থেকে জেনে নেয়া ভালো।,It is better to know from the doctor what needs to be done at this time.,no̯͡a ɔkt̪ɛɾɛ ganɔʔ baŋ ganɔʔ kɘmiko d̪ɔ ɖak̚t̪aɾ ʈʰɛn kʰɔn baɖa͡i̯ɟɔŋ ho.jo.a.
এই সময় কী কী খাবার খেলে বাচ্চা ও মা দুজনই ভালো থাকবে — সেদিকে নজর দিতে হবে।,"In this time, attention should be paid to what kind of food one gives the mother to eat so that both the baby and the mother will be well.",ɔna ɔkt̪ɛ cɛt̪̚ʔ cɛt̪̚ʔ ɟɔm lɛkʰan gid̪ɾɘ aɾ gɔgɔ hɔɽaʔ boge ho.jo.a ɔnahɔ̃ ɲɛl ho.jo.a.
গর্ভবতী মায়ের কোনো ভারি কাজ করা উচিত নয়।,A pregnant mother should not do any heavy work.,ɟahan hamal kɘmi kɘmi͡i̯ d̪ɔ pɛɾɛʲc̚ʔ hɔɽmɔ gɔgɔ hɔɽaʔ baŋ ganɔ.a.
গর্ভবতী মা-কে সবসময় পুষ্টিকর/ ভালো ভালো খাবার দিতে হবে।,A pregnant mother should always be given nutritious/good food.,hamal hɔɽmɔ gɔgɔhɔɽ d̪ɔ bʰage bʰage ɟɔm ɲu emako ho.jo.a.
এই সময় উপোস করা/ না খেয়ে থাকা যাবে না।,During this time fasting is not permitted.,no̯͡a ɔk̚t̪ɛ bɛgɔɾ ɟɔmt̪ɛ baŋ t̪ãhɛn ho.jo.a.
মায়ের শরীর যেন বেশি ভারি হয়ে না যায় সেদিকে খেয়াল রাখতে হবে।,We have to be careful so that the mother's body does not become too heavy.,gɔgɔ hɔɽaʔ hɔɽmɔ ɟɛnɔ ɘɖi ɟɘst̪i baŋ hamalɔʔt̪a͡i̯ ɔnt̪ɛhɔ̃ ɲɛl ho.j.a.
গর্ভবতীর শরীর বেশি ভারি হয়ে গেলে নানারকম অসুখ হতে পারে।,"If the pregnant woman's body becomes too heavy, various diseases can attack.",hɔɽmɔ ɘɖi ɟɘst̪i hamal lɛnkʰan uni gɔgɔ hɔɽaʔ a͡i̯malɛkan ɾu̯͡ɘ haso ho͡i̯ d̪aɽe.jaʔa.
"নিপা: হ্যালো, (নমস্কার)! ডাক্তার বলছেন?","Nipa: Hello, (Greetings)! Is the Doctor speaking?","ɟohaɾ, ɖak̚t̪aɾɛm mɛnd̪a?"
"ডাক্তার: জী, বলছি।","Doctor: Yes, I am speaking.",hɛɲ mɛnɛd̪a.
নিপা: আমার ছেলেটার হঠাৎ করে সর্দি আর পাতলা পায়খানা শুরু হয়েছে।,Nipa: My son got attacked by a sudden cold and diarrhoea.,iɲɾɛn kɔɽa gid̪ɾɘɔ̯͡aʔ huʈgɘɾit̪ɛ mand̪a aɾ ciɖiɾ ɛhɔb̚ʔakant̪a.ja.
ডাক্তার: আপনার বাচ্চার বয়স কত?,Doctor: How old is your child?,amɾɛn gid̪ɾɘɔ̯͡aʔ t̪inɘʔ umɘɾ.
নিপা: তার বয়স ১০ মাস।,Nipa: He is 10 months old.,uni.jaʔ umɘɾ gɛl cand̪o.
ডাক্তার: তার গায়ে কি জ্বর আছে?,Doctor: Does he have a fever?,uni.jaʔ hɔɽmɔɾɛ cɛt̪̚ʔ ɾu̯͡ɘ mɛna.a?
"নিপা: গায়ে জ্বর নেই, তবে গা কিছুটা গরম হয়ে আছে।","Nipa: Not a fever, but his body is slightly warm.","hɔɽmɔɾɛ ɾu̯͡ɘ bɘnua, t̪ɔbɛ hɔɽmɔ t̪ʰɔɽa lɔlɔge mɛna.a."
ডাক্তার: বাচ্চার এই অবস্থা কতদিন ধরে?,Doctor: How long has this condition been for the child?,gid̪ɾɘɔ̯͡aʔ ni̯͡ɘ halɔt̪̚ʔ t̪inɘʔdinkʰɔn?
নিপা: গতকাল রাত থেকে এই অবস্থা শুরু হয়েছে।,Nipa: This situation started from last night.,hɔla ɲind̪ɘkʰɔn ni̯͡ɘ halɔt̪̚ʔ ɛhɔp̚ʔakanta.ja.
ডাক্তার: সকাল থেকে কতবার পায়খানা করেছে সে?,Doctor: How many times has he defecated since morning?,sɛt̪aʔkʰɔn uni t̪inɘʔd̪ʰa͡o̯ɛ ʈɘnɖi.jakad̪a.
নিপা: সকাল থেকে সে ৫ বার পায়খানা করেছে।,Nipa: He has defecated 5 times since morning.,set̪aʔkʰɔn uniː mɔ̃ɽɛd̪ʰaɔ̯͡͡ɛ ʈɘnɖi.jakad̪a.
ডাক্তার: পায়খানা কী পাতলা নাকি ঘন?,Doctor: Is the stool thin or thick?,ʈɘnɖit̪ɛt̪̚ʔd̪ɔ cɛt̪̚ʔ lɛhɛɾge.ja sɛ kɛʈɛʲc̚ʔge.ja.
নিপা: খুব বেশি পাতলা নয়।,Nipa: Not too thin.,ɘɖi ɟɘst̪id̪ɔː baŋ lɛhɛɾa.
ডাক্তার: স্যালাইন খাওয়ান।,Doctor: Give him saline to drink.,sɛla.jin ɲu ŭcu.jɛm.
ডাক্তার: ডাবের পানিও খাওয়াতে পারেন।,Doctor: You can also give him coconut water to drink.,ɖab ɾe.jaʔ d̪aʔ hɔ̃m ɲu oco d̪aɽeo̯͡a.ja.
ডাক্তার: আর জ্বর থাকলে (এই) ওষুধটা খাওয়াবেন।,"Doctor: And, if he has a fever, give him [this] medicine.",aɾ ɾu̯͡ɘ t̪ahɛnkʰan ni.jɘ ɾaːnɛm ɟɔmŏco͡i̯.ja.
নিপা: ওষুধ আর বুকের দুধের বাইরে কি বাচ্চাকে জাউ ভাত খাওয়াবো?,Nipa: Should I feed the baby rice porridge in addition to the medicine and breast milk?,ɾan aɾ kɔɽam ɾe.jaʔ t̪o̯͡a baɾhɛ cɛt̪̚ʔ gid̪ɾɘ d̪ɔ ɟɘ͡o̯ d̪akaɲ ɟɔm oco d̪aɽeɔ̯͡a.ja?
ডাক্তার: দরকার নেই।,Doctor: No need to do that.,ɟɘɾuɽ bɘnu.a.
"নিপা: ধন্যবাদ আপনাকে, (নমস্কার)।","Nipa: Thank you, (Greetings).","amd̪ɔ ai̯͡ma saɾha͡o̯, ɟohaɾ."
আমাদের বাড়ির পাশে বড় একটা বাঁশঝাড় আছে।,There is a big bamboo forest next to our house.,alɛ ɔɽaʔ aɽeɾɛ mit̪̚ʔʈɛʲc̚ʔ lɘʈugi mãt̪̚ʔ t̪ʰɔp̚ʔ mena.a.
সেখানে চেনা-অচেনা অনেক রকমের পাখি বাস করে।,Many types of known and unknown birds live there.,ɔnɖɛ d̪ɔ baɖa͡i̯ baŋ baɖa͡i̯ nanahunɘɾ cɛ̃ɽɛ̃ko ta̪hɛ̃na.
প্রতিদিন সকালে সেই পাখিদের ডাক শুনে আমরা ঘুম থেকে উঠি।,Every morning we wake up to the chirping of those birds.,d̪inɘmhilɘʔ set̪aʔɾɛ cɛ̃ɽɛ̃ko̯͡aʔ cɛɾɔbɛɾɔ aɲɟɔmt̪ɛ alɛ d̪ɔlɛ ɛbʰɛnɔʔa.
পাখিদের ডাকাডাকি শুনে মন ভালো হয়ে যায়।,Hearing the birds' chirping makes you feel better.,cɛ̃ɽɛ̃ko̯͡aʔ cɛɾɔbɛɾɔ aɲɟɔmt̪ɛ ale.jaʔ mɔn d̪ɔ ɾɘskɛt̪ɛ pɛɾɛɟɔʔa.
পাখিদের মধ্যে সবচেয়ে ছোট পাখির নাম টুনটুনি।,The Warbler is the tiniest bird among all the birds.,oŋko mut̪̚ʔɾɛ kɘʈiʲc̚ʔ ut̪ɘɾiʔ cɛ̃ɽɛ̃.jaʔ ɲut̪um d̪ɔ pʰecaʔ
"তারা এক জায়গায় বসে থাকে না, এক ডাল থেকে অন্য ডালে উড়ে বেড়ায়।","They do not sit in one place, but fly from one branch to another branch of trees.","noko d̪ɔ bako d̪uɽup̚ʔ t̪ʰiɾu.a, mit̪̚ʔ ɖɘɾ kʰɔn eʈaʔ ɖɘɾko uɖɘ͡o̯ baɽa.ja."
দেখে মনে হয় তারা সবসময় নেচে বেড়াচ্ছে।,They seem to be always dancing.,ɲɛlkat̪ɛm mɛnke̯͡a ɛnɛɟɔʔt̪igi menaʔko̯͡a.
তাদের চেয়ে আরেকটু বড় একটা পাখির নাম চড়ুই।,A little bigger bird than them is called the Sparrow.,onko kʰɔn lɘʈu macʰi cɛ̃ɽɛ̃.jaʔ ɲut̪m d̪ɔ gʰa͡o̯ɽa.
তারাও টুনটুনির মতো ডালে ডালে উড়ে বেড়ায়।,They also fly from branches to branches like the Warbler.,uŋkohɔ̃ pʰecaʔ cɛ̃ɽɛ̃leka hana ɖɘɾ nʰao̯͡a ɖɘɾku uɖɘ͡o̯ baɽa.ja
আরেক ধরনের ছোট পাখির নাম বাবুই।,Another type of small bird is called the Weaver.,aɾ mit̪̚ʔlɛkan kɘʈiʲc̚ʔ cɛ̃ɽɛ̃ɔ̯͡aʔ ɲut̪um d̪ɔ hojoʔkana hisi cɛ̃ɽɛ̃
তারা গাছের ডালে অনেক সুন্দর বাসা বানাতে পারে।,They can make very beautiful nests in the tree branches.,oŋko d̪ɔ d̪aɾɛ ɖɘɾɾɛ ɘɖi mɔ̃ɟ mɔ̃ɟ t̪ukɘku bɛnaɔ̯͡a.
তাদের চেয়ে একটু বড় পাখি বুলবুলি।,A little bigger bird than them is the Nightingale.,aɾ uŋko kʰɔn t̪ʰɔɽa lɘʈu cɛ̃ɽɛ̃.jaʔ ɲut̪um d̪ɔ hojoʔkana ʈiʔʈɔɽɔ̃ʔ.
এই পাখি অনেক ভালো গান গাইতে পারে।,This bird can sing very well.,nɔŋkan cɛ̃ɽɛ̃ ɘɖi mɔ̃ɟ cɛɾɔbɛɾɔko seɾeɲa.
অনেক সময় বাচ্চারা পাখির বাসা ভাঙে এবং তাদের বাচ্চা চুরি করে।,Many times children break the nests of the birds and steal their babies.,ɔka d̪ɔ gid̪ɾɛko cɛ̃ɽɛ̃ t̪ukɘku ɾɘpud̪a aɾ uŋkoɾɛn hɔpɔnko t̪i.jɘʔko̯͡a.
এতে পাখিরা অনেক কষ্ট পায়।,The birds suffer a lot because of this.,onat̪ɛ cɛ̃ɽɛ̃ku d̪ɔ ɘɖi d̪uk̚ku ɲaːma.
পাখিদের ক্ষতি করা উচিত নয়/ ভালো নয়।,Birds should not be harmed/ not good to harm the birds.,cɛ̃ɽɛ̃ko̯͡aʔ bɘɽiʲc̚ʔ hojoʔ noŋkan kɘmi kɘmi͡i̯ dɔ̪ baŋ leːka.
"ক্রেতা: ভাই, আমার ৫ কেজি চাল লাগবে।","Buyer: Brother, I need 5 KGs of rice.","bɔ͡i̯ha, iɲ mɔ̃ɽɛ kiɟi ca͡o̯le laga͡o̯ɘɲɘ."
বিক্রেতা: সেদ্ধ চাল নাকি আতপ চাল নিবেন?,Vendor: Will you take parboiled rice or sunned rice?,t̪iki ca͡o̯le sɛ ad̪o̯͡a ca͡o̯lem hat̪a͡o̯a.
ক্রেতা: আতপ চালের দাম কত?,Buyer: How much is the price of sunned rice?,ad̪o͡a̯ ca͡o̯le ɾe.jaʔ d̪am t̪inɘʔ
বিক্রেতা: ৮০ টাকা কেজি।,Vendor: BDT 80 per KG.,kiɟiɾɛ iɾɘl gɛl kɘ͡o̯ɖi.
ক্রেতা: এত দাম বেড়ে গেছে!,Buyer: The price has increased so much!,unɘʔ d̪am ɖʰeɾăkana.
বিক্রেতা: বাজারে এখন সবকিছুর দাম-ই বেড়ে গেছে।,Vendor: Everything in the market has gone up in price now.,baɟaɾ ɾɛ ɲit̪̚ʔ sanamaʔ ɾe.jaʔ d̪amge ɖʰeɾăkana.
বিক্রেতা: এবার ঝড়ে অনেক ধান নষ্ট হয়েছে।,Vendor: A lot of paddy has been damaged in the storm this year.,ni͡ɘd̪ʰa͡o̯ hɔi̯͡d̪aʔt̪ɛ a͡i̯ma hoɽo kʰot̪i.jakana.
বিক্রেতা: তাই বাজারে চাল কম।,Vendor: So there is a rice crisis in the market.,ɔnat̪ɛ baɟaɾɾɛ ca͡o̯le t̪ʰɔɽage.ja.
ক্রেতা: আমাকে ৫ কেজির বদলে ৩ কেজি আতপ চাল দেন।,Buyer: Give me 3 KGs of sunned rice instead of 5 KGs.,iɲd̪ɔ mɔ̃ɽɛ kiɟi bɔd̪ɔlt̪ɛ pɛ kiɟi ad̪o̯͡a ca͡o̯le imɘɲmɛ.
ক্রেতা: সাথে ১ কেজি মুড়িও দিবেন।,Buyer: Also give 1 KG of puffed rice.,sã͡o̯t̪ɛ mit̪̚ʔ keɟi kʰɘɟɘɽihɔ̃ imɘɲmɛ.
বিক্রেতা: আর কী কী লাগবে?,Vendor: What else do you need?,aɾ cɛt̪̚ʔ cɛt̪̚ʔ laga͡o̯ma?
"ক্রেতা: একজোড়া নারকেল, একটা গোসলের সাবান ও একটা কাপড় ধোয়ার সাবান লাগবে।","Buyer: Also need a couple of coconuts, a bath soap and a laundry soap.","mit̪̚ʔ ɟɔɽa nɘɽkɔɽ, miʔʈɛn ɖɘbɾɘ sɘbun, aɾ miʔʈɛn kic̚ɾiʔ sɘbun laga͡o̯ɲɘ."
বিক্রেতা: আদা-রসুন কিছু লাগবে?,Vendor: Need some ginger-garlic?,ad̪ʰhɛ ɾɘsun ɟahanaʔ laga͡o̯ma?
"ক্রেতা: হ্যাঁ, আধা কেজি আদা দিবেন।","Buyer: Yes, give half a KG of ginger.","hɛ̃, ad̪ʰa keɟi ad̪ʰhɛm imɘɲɘ."
বিক্রেতা: আমি সবকিছু একসাথে প্যাকেট করে দিচ্ছি।,Vendor: I am packing everything together.,iɲd̪ɔ sanamaʔge mit̪̚ʔsã͡o̯t̪ɛɲ pɛkeʈamkana.
একটা পিঁপড়া পানি খেতে নদীর পাড়ে গেল।,An ant went to the river bank to drink water.,miʔʈɛn mũʲc̚ʔ d̪aʔ ɲu lɘgit̪̚ʔ gaɖa aɽe͡i̯ cala͡o̯ena.
অনেক জোরে বাতাস বইছিল এবং নদীতে অনেক স্রোত ছিল।,The wind was blowing very strongly and the river had a strong current.,ɘɖikaɟakɛ hɔ.jɛt̪̚ʔkan t̪ahɛ̃na aɾ gaɖaɾɛ ɘɖi kaɟak̚ sɔ̃t̪̚ʔ t̪ɛhɛkana.
বাতাসের কারণে পিঁপড়াটি পানিতে পড়ে গেল।,The ant fell into the water due to the wind.,hɔ͡i̯kakʰant̪ɛ muʲc̚ʔ d̪ɔ d̪aʔɾɛ.jɛ ɲuɾhɘ͡i̯na.
একটি ঘুঘুপাখি গাছের ডালে বসে এই ঘটনা দেখছিল।,A dove was sitting on a tree branch watching this happening.,mit̪̚ʔʈɛn pɔt̪am cɛ̃ɽɛ̃d̪ɔ d̪aɾɛ ɖɘɾɾɛ d̪uɽup̚ʔkat̪ɛ nɔ̯͡a gʰɔʈɔna͡i̯ ɲɛlɛt̪̚ʔkan t̪ahɛ̃na.
সে পিঁপড়াটিকে বাঁচানোর জন্য একটি পাতা পানিতে ফেলে দিল।,He threw a leaf into the water to save that ant.,uni d̪ɔ muʲc̚ʔɛː baɲca͡o̯ɛ lɘgit̪̚ʔ mit̪̚ʔʈɛn sakam d̪aʔɾɛ.jɛ ɲuɾhɘked̪a.
পিঁপড়াটি সেই পাতায় উঠে তার জীবন বাঁচালো,The ant climbed onto that leaf and saved its life.,mũʲc̚ʔ d̪ɔ ɔna sakamɾɛ d̪ɛʲc̚ʔkat̪ɛt̪̚ʔ a.jaʔ ɟiu̯͡i.jɛ baɲca͡o̯kɛd̪a.
এরপর পিঁপড়া আর ঘুঘু দুজন বন্ধু হয়ে গেল।,Then the ant and the dove became friends.,inɘ t̪a.jɔm muʲc̚ʔ aɾ pot̪am d̪ɔ banahɔɽ gat̪ekin ho͡i̯ĕna.
অনেকদিন পর এক শিকারি নদীর পাড়ে এলো।,After many days a hunter came to that bank of the river.,a͡i̯mad̪in t̪a.jɔm mit̪̚ʔ sikɘɾi.jɘ gaɖa aɽɛɾɛ.jɛ hɛʲc̚ʔena.
গাছের উপরে ঘুঘুটিকে দেখে শিকারি তার দিকে তীর তাক করলো।,"Seeing the dove on the tree, the hunter aimed his arrow at it.",d̪aɾe cɔʈ̚ɾɛ pɔt̪amɛ ɲɛlked̪ekʰan sikɘɾi.jɘ d̪ɔ a.jaʔ aʔɛː soɟheked̪a.
পিঁপড়াটি দেখতে পেয়ে তক্ষুণি শিকারির পায়ে কামড় দিল।,After seeing this the ant immediately bit the hunter's leg.,muʲc̚ʔd̪ɔ ɲɛlɲamkat̪ɛt̪̚ʔ unɾege.jɛ sikɘɾi.jɘɔ̯͡aʔ kaʈaɾɛ.jɛ gɛɾ ked̪e.ja.
কামড় খেয়ে শিকারির হাতের তীর নড়ে গেল এবং পাখিটি বেঁচে গেল।,The arrow fell from the hunter's hand after being bitten and the bird survived.,gɛɾ ɟɔm kat̪ɛ sikɘɾi.jɘ.ɔ̯͡aʔ t̪i ɾe.jaʔ saɾ d̪ɔ laɽa͡o̯ena aɾ cɛ̃ɾɛ̃d̪ɔi̯ baɲca͡ɔ̯ɛna.
"বোন: তুই কি জানিস, পাশের বাড়ির ছাগলের বাচ্চা হয়েছে!","Sister: Do you know, the goat next door had a baby!","baɖa.jam, paseɾ ɔɽaʔɾɛ mɛɾɔmko hɔpɔnakana!"
ভাই: ছাগল আমার ভালো লাগে না।,Brother: I don't like goats.,mɛɾɔmd̪ɔː iɲ mɔ̃ɟ bɘɲ ɘ͡i̯kɘ͡o̯ko͡a.
ভাই: আমার গরু ভালো লাগে।,Brother: I like cows.,iɲd̪ɔː ɖaŋgɾa mɔɟiɲ ɘ͡i̯kɘ͡o̯ko̯͡a.
ভাই: আমি গরু পালতে চাই।,Brother: I want to keep cows.,iɲd̪ɔː ɖaŋgɾa ɘsuliɲ mɛnd̪a.
বোন: কিন্তু গরুর জন্য অনেক বড় জায়গা লাগে।,Sister: But cows need a lot of space.,mɛnkʰan ɖaŋgɾa lɘgit̪̚ʔ ɘɖi maɾaŋ ɟa͡i̯ga laga.a.
বোন: আমাদের বাড়িতে অতবড় জায়গা নেই।,Sister: We don't have that much space in our house.,abo ɔɽaʔɾɛ unmaɾaŋ ɟa͡i̯ga bɘnu.a.
ভাই: গরু থাকলে আমরা তার কাছ থেকে দুধ খেতে পারতাম।,"Brother: If there was a cow, we could have milk to drink from it.",ɖaŋɾa͡i̯ t̪ahɛnkʰan abo uni ʈʰɛnkʰɔn t̪o̯͡ab̪on ɲu d̪aɽeke.ja.
"বোন: দুধ ছাগলেরও আছে, তুই সেই দুধও খেতে পারিস।","Sister: Milk can come from the goat too, you can drink that milk too.","t̪o̯͡a d̪ɔ mɛɾɔmaʔhɔ̃ mena.a, amd̪ɔ ɔna t̪o̯͡ahɔm ɲu d̪aɽe.ja.a."
ভাই: ছাগলের অনেকগুলো বাচ্চা হয়।,Brother: Goats have many baby goats.,mɛɾɔmɾɛn a͡i̯mako hɔpɔnɔʔa.
ভাই: বাচ্চাগুলো দুধ খাওয়ার পর ছাগলের বুকে আর দুধ থাকে না।,"Brother: After the baby goats drink milk, there is no more milk left in the goat's breast.",hɔpɔnko t̪o̯͡a ɲu t̪a.jɔm mɛɾɔmaʔ aɾ t̪o̯͡a baŋ ho.jo.a.
ভাই: তাই বেশি দুধ পাওয়া যায় না।,Brother: So not much milk is available.,ɔnat̪ɛ ɟɘst̪i t̪ɔ̯͡a baŋ ɲamɔ.a.
বোন: তুই ঠিক বলেছিস।,Sister: You have told the right thing.,am ʈʰik̚gem mɛːnakad̪a.
বোন: কিন্তু গরু কিনতে অনেক টাকা লাগে।,Sister: But it costs a lot of money to buy a cow.,mɛnkʰan ɖaŋɾa kiɾiɲt̪ɛ a͡i̯ma kɘ͡u̯ɖi laga.a.
বোন: বাবার কাছে গরু কেনার মতো টাকা নেই।,Sister: Father doesn't have enough money to buy a cow.,babaʈʰɛn ɖaŋɾa kiɾiɲlɛka kɘ͡u̯ɖi bɘnu.a.
ভাই: গরু কেনার জন্য আমি বাবাকে টাকা দেব।,Brother: I will give money to father to buy a cow.,ɖaŋɾa kiɾiɲ lɘgit̪̚ʔ iːɲ baba kɘ͡o̯ɖiɲ ema.ja.
বোন: তুই কোথা থেকে টাকা পাবি?,Sister: Where will you get the money from?,amd̪ɔ ɔkakʰɔn kɘ͡u̯ɖim ɲama?
ভাই: আমি প্রথমে মোরগ-মুরগি পালবো।,Brother: I will raise roosters and chickens first.,iɲd̪ɔ pɘhilɾɛ kalɔʈ̚ aɾ sɘnɖi simiɲ ɘsulko̯͡a.
ভাই: একটি মোরগ আর একটা মুরগি দিয়ে শুরু করবো।,Brother: I will start with a rooster and a hen.,miʔʈɛn sɘnɖi aɾ miʔʈɛn kalɔʈ̚ ni̯͡ɘt̪ɛɲ ɛhɔba.
ভাই: মুরগি থেকে একসাথে অনেকগুলো বাচ্চা হবে।,Brother: Chickens will have many chicks all at once.,simkʰɔn mit̪̚ʔsã͡ɔ̯t̪ɛ a͡i̯mako hɔpɔnɔʔa.
ভাই: এরপর সেগুলো বড় হলে বিক্রি করে অনেক টাকা পাওয়া যাবে।,"Brother: After that, when they are big enough, we can get a lot of money by selling them.",inɘt̪a.jɔm onkoko lɘʈulɛnkʰan ɘkʰɾiɲkat̪ɛt̪̚ʔ a͡i̯ma kɘ͡u̯ɖi ɲamɔ.a.
ভাই: সেই টাকা দিয়ে গরু কিনবো।,Brother: I will buy a cow with that money.,ɔna kɘ͡u̯ɖit̪ɛ ɖaŋɾaɲ kiɾi.ɲi.ja.
বোন: গরু তোর এত পছন্দ?,Sister: Do you like cows that much?,ɖaŋɾa unɘʔɛm kusi.jakokana?
বোন: আমার কিছু জমানো টাকা আছে।,Sister: I have some money saved.,iɲaʔ t̪ʰɔɽa ɟɔma kɘ͡u̯ɖi mɛna.a.
বোন: সেখান থেকে আমি কিছু টাকা তোকে দিতে পারবো।,Sister: I can give you some money from that saving.,ɔŋɖɛkʰɔn iɲ t̪ʰɔɽa kɘ͡u̯ɖi amiɲ ɛm d̪aɽeɔ̯͡ama.
"বোন: ঠিক আছে, আমরা দুজন মিলে গরুটাকে পালবো।","Sister: Alright, we will take care of that cow together.","ʈhikge.ja, alaŋ banahɔɽt̪ɛ ɖaŋɾalaŋ ɘsule.ja."
বোন: আমিও গোরু কেনার টাকা দেবো।,Sister: I will also give money to buy the cow.,iɲhɔ̃ ɖaŋɾa kiɾiɲ ɾe.jaʔ kɘ͡u̯ɖiɲ ɛmɔ.a.
মানুষ পরিবারে বেড়ে ওঠে।,People grow up in families.,mano̯͡a d̪ɔ gʰaɾɔ̃ɟɾɛko hahɾa.a.
পরিবার মানুষের প্রথম বিদ্যালয়।,Family is people's first school.,gʰaɾɔ̃ɟ d̪ɔ mano̯͡ako̯͡aʔ pɘhiːl ĭskulkana.
"কারণ, মানুষ প্রথম পরিবার থেকে শিক্ষা গ্রহণ করে।","Because, people get their education from family first.",cɛd̪aʔɟɛ manɔ̯͡a d̪ɔ pɘhil sikʰnɘt̪̚ʔ gʰaɾɔ̃ɟkʰɔngeko ɲaːma.
পরিবার ছোট-বড় বিভিন্ন ধরনের হতে পারে।,"Families can be of various types, extended and small.",gʰaɾɔ̃ɟ d̪ɔ kɘʈiʲc̚ʔ lɘʈu hɔ͡i̯ d̪aɽe.jaʔa.
বাবা-মা ও সন্তানকে নিয়ে ছোট পরিবার গড়ে ওঠে।,A small family is formed with parents and children.,baba gɔgɔ aɾ gid̪ɾɘku sã͡o̯t̪ɛ mit̪̚ʔʈɛʲc̚ʔ kɘʈiʈc̚ʔ gʰaɾɔ̃ɟ hojoʔa.
"বড় পরিবারে মা-বাবা, ভাই-বোন, চাচা-চাচি ও দাদা-দাদি একসাথে থাকে।","In extended families, parents, siblings, uncles and grandparents live together.","lɘʈu gʰaɾɔ̃ɟɾɛ d̪ɔ gɔgɔ baba, bɔ͡i̯ha misɾa, hɔpɔnba hɔpɔngɔ aɾ buɖɘ buɖigɔ mit̪̚ʔsã͡ot̪ɛko t̪ahɛ̃na."
বড় পরিবার ভেঙে এখন ছোট হয়ে যাচ্ছে।,Extended families are now breaking apart into smaller families.,net̪aɾ d̪ɔ lɘʈu gʰaɾɔ̃ɟ ɾɘput̪̚ʔ kat̪ɛ kɘʈiʲc̚ʔ kɘʈiʲc̚ʔ gʰaɾɔ̃ɟ hojoʔkana.
পরিবারের কাছ থেকে মানুষ আচারব্যবহার ও রীতিনীতি শেখে।,People learn manners and customs from the family.,gʰaɾɔ̃ɟ kʰɔn manɔ̯͡a d̪ɔ cal cɔlɔn aɾ ɘɾi cɘliko cid̪a.
পরিবারের মানুষ সুখে-দুঃখে একে অন্যের পাশে থাকে।,Family members stay by each other's side in happiness and sadness.,
gʰaɾɔ̃ɟɾɛ manɔ̯͡a d̪ɔ suk̚ aɾ duk̚ɾɛ mit̪̚ʔsã͡o̯t̪ɛko t̪ahɛ̃na.],#10,
প্রত্যেক পরিবারের আলাদা পদবি বা বংশ থাকে।,Each family has a different surname or lineage.,sanam gʰaɾɔ̃ɟ ɾe.jaʔge ɟud̪ɘ ɟud̪ɘ pɘɾis aɾ bõs t̪ahɛ̃nt̪ako̯͡a.
"পরিবার অতীতে ছিল, ভবিষ্যতেও থাকবে।","Family was in the past, will be in the future.","gʰaɾɔ̃ɟ d̪ɔ sed̪a͡i̯hɔ̃ t̪ahɛ̃kana, aɾ nahaʔ ɟugɾɛhɔ̃ t̪ahɛ̃na."
পরিবার ছাড়া মানুষ সঠিকভাবে বেড়ে ওঠে না।,People do not grow properly without family.,gʰaɾɔ̃ɟ baŋkʰan manɔ̯͡a d̪ɔ lɛklɛkat̪ɛ bako haɾa buɾu.a.
মানুষ পরিবার থেকে দরকারি সহায়তা পায়।,People get useful support from their families.,mano̯͡a d̪ɔ gʰaɾɔ̃ɟkʰɔn ɟɘɾuɽaʔ gɔɽɔku ɲama.
পরিবারের প্রতি প্রত্যেকের দায়িত্ব আছে।,Everyone has a responsibility to their family.,gʰaɾɔ̃ɟ boge d̪ɔhɔ͡i̯lɘgit̪̚ʔ ɟot̪ɔhɔɽaʔgi d̪a.jik̚ mena.a.
কার শক্তি বেশি’ এটা নিয়ে একদিন বাতাস আর সূর্যের মধ্যে তর্ক শুরু হলো।,An argument began between the wind and the Sun over whose power was mightier.,ɔkɔ.jaʔ ɖʰeɾ d̪aɽe no̯͡a ni̯͡ɘ mit̪̚ʔ d̪in hɔ͡i̯ aɾ siɲ cand̪o t̪alaɾɛ kapʰaɾi̯͡͡ɘ ɛhɔp̚ʔena.
সূর্য বললো সে বাতাসের চেয়ে শক্তিশালী।,The Sun said he is stronger than the wind.,siɲ cand̪o͡i̯ mɛnked̪a a.jaʔ d̪aɽe d̪ɔ hɔ͡i̯kʰɔn hɔ̃ ɟɘst̪igeta.ja.
বাতাস বললো সে সূর্যের চেয়ে বেশি শক্তিশালী।,The wind said he was stronger than the sun.,aɾ hɔ.jɛ mɛnɛd̪a a.jaʔ d̪aɽe d̪ɔ siɲ cand̪o kʰɔn hɔ̃ ɟɘst̪igeta.ja.
সেই সময় তারা দেখলো একজন লোক রাস্তা দিয়ে হেঁটে যাচ্ছে।,At that time they saw a man walking along the road.,un ɔkt̪ɛkin ɲɛlked̪a ɖahaɾt̪ɛ mit̪̚ʔ hɔɽɛ t̪aɽam id̪i͡i̯d̪a.
শুরুতে বাতাস অনেক জোরে বইতে থাকলো এবং বাতাসে লোকটির কাপড় উড়ে যাওয়ার অবস্থা হলো।,"In the beginning, the wind was blowing very strongly and the man's clothes were almost flying in the wind.",aɾ hɔ͡i̯ d̪ɔ ɘɖi ɾaŋga͡o̯t̪ɛ ɔʈaŋɔʔ ɛhɔp̚ʔena aɾ uni hɔɽaʔ kic̚ɾiʲc̚ʔ d̪ɔ ɔʈaŋ calaʔ lɛka͡i̯na.
এই অবস্থা দেখে লোকটিও তার কাপড় অনেক জোরে আঁকড়ে ধরলো।,"Seeing this situation, the man gripped on his clothes very hard.",nɔŋka ɲɛlt̪ɛ uni hɔɽ d̪ɔ a.jaʔ kicɾiʲc̚ʔ kaɟakt̪ɛ͡i̯ sap̚ʔ uɾiʲc̚ʔked̪a.
"বাতাসের কারণে তার গায়ে শীতও লাগছিল, তাই সে গায়ে আরেকটা চাদর জড়িয়ে নিলো।","He felt cold because of the wind, so he wrapped another shawl around himself.","hɔ͡i̯ kakʰanaʔt̪ɛ ɾe.jaɽ hɔ̃ ɾe.jaɽĭd̪ikan t̪ahɛ̃kana, ɔna i.jɘt̪ɛ aɾ mit̪̚ʔʈɛt̪̚ʔ picʰɘ̯͡oɽit̪ɛ͡i̯ uju ɟuːt̪ena."
বাতাস লোকটার কাপড় খুলতে ব্যর্থ হলো/ কাপড় খুলতে পারলো না।,The wind failed to undress the man.,aɾ hɔ͡i̯ d̪ɔ uni hɔɽaʔ hɔɽmɔ kʰɔn kicɾiʲc̚ʔ ba͡i̯ ɔcɔʔ d̪aɽeo̯͡aʔt̪a.ja.
এরপর সূর্য তার শক্তি দেখাতে শুরু করলো।,Then the Sun began to show his power.,ɔna t̪a.jɔm siɲ cand̪o d̪ɔ a.jaʔ d̪aɽe ud̪uʔɛ ɛhɔp̚ʔena.
সূর্য তার রোদের তাপ বাড়িয়ে দিলো।,The Sun increased its heat.,siɲ cand̪o d̪ɔ a.jaʔ ɛlaŋɛ ɟɘst̪i id̪iked̪a.
রোদ বাড়তে থাকলে লোকটা গরমে অস্থির হয়ে গেল।,"As the sun rose little by little, the man became restless in the heat.",sit̪uŋ ɟɘst̪i id̪i.jɛnkʰan uni hɔɽ d̪ɔ lɔlɔt̪ɛ ba͡i̯ t̪ahɛ̃ d̪aɽe.jad̪a.
গরমে লোকটা তার গা থেকে জামা আর চাদর খুলে ফেললো।,"In that heat, the man took off his clothes and shawl.",lɔlɔt̪ɛ uni hɔɽ d̪ɔ a.jaʔ hɔɽmɔ kʰɔn aŋɾɔp̚ʔ aɾ picʰɘ͡o̯ɽi d̪ɔ͡i̯ ɾaɽa giɖikad̪a.
সূর্য আর বাতাসের মধ্যে সূর্যই জয়ী হলো।,"Between the Sun and the wind, the Sun won.",siɲ cand̪o aɾ hɔ͡i̯ talaɾɛ siɲ cand̪ogi͡i̯ ɟit̪ɘ͡o̯ena.
"আগন্তুক: (নমস্কার দাদা), আমার নাম রুমি।","Visitant: [Greetings Brother], my name is Rumi.","ɟohaɾ d̪ad̪a, iɲaʔ ɲut̪umd̪ɔ ɾoːni."
আগন্তুক: আপনি কি এই গ্রামের?,Visitant: Are you from this village?,amd̪ɔ cɛt̪̚ʔ ni̯͡ɘ at̪oɾɛnkanam?
"স্থানীয়: নমস্কার। হ্যাঁ, আমি এখানকার।","Local: Greetings. Yes, I'm from here.","ɟohaɾ, hɛ̃, iɲd̪ɔ nɔnɖɛniʔkang.jɘɲ."
স্থানীয়: আপনি কি কিছু জানতে চান?,Local: Do you want to know something?,amd̪ɔ cɛt̪̚ʔ ɟahanaʔ baɖa.jɛm kʰɔɟɔʔkana.
আগন্তুক: আমার বাড়ি এখান থেকে অনেক দূরে।,Visitant: My house is very far from here.,iɲaʔ ɔɽaʔ nɔnɖɛkʰɔn ɘɖiː sɘŋgiɲɾɛ.
আগন্তুক: শুনেছি আপনাদের গ্রামে একটা বড় বটগাছ আছে।,Visitant: I heard that there is a big banyan tree in your village.,aɲɟɔmakad̪ɘɲ apɛ at̪oɾɛ miʔʈɛn lɘːʈu baɽed̪aɾe mɛna.a.
আগন্তুক: আমি সেই গাছটা দেখতে এসেছি।,Visitant: I have come to see that tree.,iɲd̪ɔ ona d̪aɾe ɲɛɲɛliɲ hɛʲc̚ʔakana.
স্থানীয়: আপনি কি সেখানে যেতে চান?,Local: Do you want to go there?,amd̪ɔ cɛʈ̪̚ʔ ɔnɖɛ calaʔɛm mɛnɛd̪a?
স্থানীয়: আমি আপনাকে যাওয়ার রাস্তা বলে দিচ্ছি।,Local: I am telling you the way to go.,iɲd̪ɔ am calaʔ ɾe.jaʔ ɖahaɾiɲ lɘ.jamkana.
আগন্তুক: আমি অবশ্যই সেখানে যাবো।,Visitant: I will definitely go there.,iɲd̪ɔ ɟɘɾuɽge ɔnɖɛɲ cala.a.
আগন্তুক: আমি বটগাছটা নিয়ে পত্রিকায় লিখবো।,Visitant: I will write about the banyan tree in the newspaper.,iɲd̪ɔ baɽed̪aɾe ni.jɘt̪ɛ kagɔɟɾɛɲ ɔːla.
আগন্তুক: আপনার কাছ থেকে গাছটার ব্যাপারে জানতে চাই।,Visitant: I want to know from you about the tree.,amʈʰɛnkʰɔn d̪aɾe babɔt̪̚ʔt̪ɛ bada.jiɲ kʰɔɟɔʔkana.
স্থানীয়: বুঝতে পেরেছি।,Local: Got it.,buɟʰhɘ͡o̯kid̪ɘɲ.
স্থানীয়: আমার জানামতে: ওই বটগাছের বয়স ১০০ বছরের বেশি।,"Local: As far as I know, that banyan tree is more than 100 years old.",iɲaʔ baɖa͡i̯ɾɛ ɔna baɽed̪aɾe ɾe.jaʔ umɘɾ mit̪̚ʔsã͡i̯ seɾma kʰɔnhɔ̃ ɖʰeɾ.
আগন্তুক: ওই বটগাছ নিয়ে কি কোনো গল্প আছে?,Visitant: Is there any story about that banyan tree?,ɔna baɽed̪aɾe ni.jɘt̪ɛ cɛt̪̚ʔ ɟahan kisɘ mɛna.a?
স্থানীয়: হ্যাঁ আছে।,Local: Yes there is.,"hɛ̃ː, mɛna..a."
"স্থানীয়: কেউ সেই গাছ কাটতে চাইলে তার বিপদ হয়, রাতে খারাপ স্বপ্ন দেখে।","Local: If someone tries to cut that tree, danger comes to his life, and he has bad dreams at night.","ɟãhã͡i̯ ɔna d̪aɾe maʔɛ mɛn lɛkʰan un.jaʔ muhim hojo.a, ɲind̪ɘ bɘɽiʲc̚ʔ kukmu͡i̯ ɲɛːla."
স্থানীয়: রাতে কেউ ওই গাছের কাছ দিয়ে যায় না।,Local: No one goes near that tree at night.,ɲind̪ɘ ɔkɔ͡i̯hɔ̃ ɔna d̪aɾe sɛʲc̚ʔt̪ɛ bako cala.a.
আগন্তুক: রাতে কেন লোকজন ওই গাছের কাছ দিয়ে যায় না?,Visitant: Why do people not go near that tree at night?,ɲind̪ɘ ced̪aʔ hɔɽko ɔna d̪aɾe sɛʲc̚ʔt̪ɛ bako cala.a?
স্থানীয়: রাতে সেখান দিয়ে যাবার সময় অনেকে ভয় পেয়েছে।,Local: Many got scared while passing there at night.,ɲind̪ɘ ɔŋkat̪ɛ cala͡o̯ ɔk̚t̪ɛ a͡i̯ma hɔɽko bɔt̪ɔɾakna.
স্থানীয়: লোকজন বলে — ওই গাছে ভূত আছে।,Local: People say that there resides a ghost in that tree.,hɔɽko mɛːna ɔna d̪aɾeɾɛ bʰut̪ mena.ja.
আগন্তুক: আর কিছু?,Visitant: Anything else?,aɾ ɟahanaʔ?
"স্থানীয়: ওই বটগাছের পাশে মন্দির আছে, সেখানে নিয়মিত পূজা হয়।","Local: There is a temple next to that banyan tree, worshipping ceremonies happen there regularly.","ɔna baɽed̪aɾe aɽɛɾɛ mund̪il mena.a, ɔnɖɛ ɟa͡o̯ge puɟɘ hojo.a."
স্থানীয়: এ ছাড়া প্রতিবছর বৈশাখ মাসে ওখানে মেলা হয়।,"Local: Besides, a fair is held there every year in the first month of summer.",n͡o̯a bɛgɔɾ ɟa͡o̯ sɛɾma bɘ͡i̯sɘb̚ cand̪oɾɛ ɔnɖɛ mɛla hojo.a.
স্থানীয়: তখন বিভিন্ন অঞ্চল থেকে সেখানে লোকজন আসে।,"Local: At those times, people from different regions come there.",unɾɛ a͡i̯ma nakʰakʰɔn ɔnɖɛ hɔɽko hiɟu.a.
আগন্তুক: আপনার কাছ থেকে অনেক কিছু জানতে পারলাম।,Visitant: I got to know a lot of things from you.,amʈʰɛnkʰɔn a͡i̯maɲ baɖa͡i̯ɲam ked̪a.
আগন্তুক: আপনাকে ধন্যবাদ।,Visitant: Thank you.,amd̪ɔː ɘɖi saɾha͡o̯.
স্থানীয়: আপনাকেও ধন্যবাদ।,Visitant: Thank you as well.,amhɔ̃ː a͡i̯ma saɾha͡o̯.
"রনি: মণি, গতকাল আমার বাবা যে ছাগলটা কিনেছিলেন সেটাকে খুঁজে পাচ্ছি না।","Ronnie: Moni, I can't find the goat that my father bought yesterday.","muniː, hɔla iɲbaba ɔkɔ͡i̯ʈaʔ mɛɾɔmɛ kiɾiɲlid̪i unid̪ɔ sɛnd̪ɾat̪ɛ bɘɲ ɲamɛkana."
রনি: তুমি কি ওইটাকে দেখেছ?,Ronnie: Did you see that?,amd̪ɔ unim ɲɛlkɘd̪i.ja?
মণি: বলো কী!,Moni: Say what!,cɛt̪̚ʔɛm mɛnd̪a!
মণি: ছাগলটা দেখতে কেমন?,Moni: How does that goat look?,mɛɾɔmd̪ɔ cɛt̪̚ʔlĕka͡i̯ ɲɛlɔ.a.
"রনি: ছাগলের রং কালো, কিন্তু কালোর উপরে সাদা সাদা ছাপ আছে।","Ronnie: The colour of the goat is black, but with white markings on top of the black.","mɛɾɔmaʔ ɾɔŋ hɛnd̪ɛ, mɛnkʰan hɛnd̪ɛ cet̪anɾɛ ponɖ ponɖ cʰap mena.a."
রনি: গলায় একটা ঘণ্টা বাঁধা আছে।,Ronnie: A bell is tied around the neck.,hɔʈɔʔɾɛ miʔʈɛn gʰɘnʈi t̪ɔl mɛna.a.
"মণি: হ্যাঁ, আমি অনেকক্ষণ আগে এরকম একটা ছাগল দেখেছিলাম।","Moni: Yes, I saw such a goat awhile ago.","hɛ̃ː, iɲ ɛnanɾɛ nɔŋkan miʔʈɛn mɛɾɔmiɲ ŋɛɭledi͡a."
মণি: কিন্তু এখন দেখতে পাচ্ছি না।,Moni: But can't see it now.,mɛnkʰan nit̪ɔʔ bɘɲ ɲɛlɲamd̪ikana.
রনি: আমি সামনের দিকে যাচ্ছি।,Ronnie: I'm going forward.,iɲ lahasɛc̚ʔiɲ calaʔkana.
"রনি: ছাগলটি যদি আবারও দেখো, তাহলে আমাকে জানাবে।","Ronnie: If you see the goat again, let me know.",mɛɾɔmd̪ɔ ɟud̪i aɾhɔm ɲɛllɛkʰan t̪aʰlɛ iɲ baɖa͡i̯.ocoɟiɲmɛ.
মণি: অবশ্যই জানাবো।,Moni: Of course I will let you know.,ɟɘɾuɽgeɲ baɖa͡i̯.ŏcome.ja.
মণি: কিন্তু খুঁজে না পেলে তুমি মাইকে ঘোষণা করে দিয়ো।,"Moni: But if you don't find it, you announce it through the mic.",mɛnkʰan bam send̪ɾa ɲamlɛkʰan amd̪ɔ ma.jik̚t̪ɛ gʰosona kat̪̚ʔmɛ.
মণি: কেউ পেয়ে থাকলে দিয়ে/ রেখে যাবে।,"Moni: If someone finds it, he will give/ leave it.",ɟãhã͡i̯ko ɲamlɛkʰan d̪ɔhɔ ot̪oka.jako.
"রনি: হ্যাঁ, ছোটবেলায় তোমাদের হারানো গরু এইভাবে পাওয়া গিয়েছিল।","Ronnie: Yes, this is how your lost cow was found when we were kids..","hɛ̃ː, kɘʈic̚ʔ bid̪ɘlɾɛ apɛɾɛn at̪̚ʔ ɖaŋɾa nɔŋkat̪ɛ͡i̯ ɲamlɛna."
"মণি: হ্যাঁ, আমার মনে আছে।","Moni: Yes, I remember.","hɛ̃ː, iɲaʔ d̪isɘ mena.a."
মণি: আমরা তখন অনেক ছোট ছিলাম।,Moni: We were very young then.,unɾɛ alaŋ d̪ɔ ɘɖi kɘʈiʲc̚ʔlaŋ t̪ahɛkana.
"মণি: একসাথে স্কুলে যেতাম, মাছ ধরতাম।","Moni: We used to go to school together, we used to fish.","mit̪sã͡o̯t̪ɛ iskul.lɛ calaʔkan t̪ahɛna, hakolɛ saːbɛʔkot̪ahɛna."
রনি: সেই সময়টা অনেক সুন্দর ছিল।,Ronnie: It was a beautiful time.,ɔna ɔk̚t̪ɛd̪ɔ ɘɖi napa͡i̯ t̪ɛhɛkana.
"রনি: যাইহোক, আমি এখন ছাগল খুঁজতে যাই।","Ronnie: Anyway, I am going to look for the goat now.","ɟaːhok, iɲd̪ɔ nit̪̚ʔ mɛɾɔm sɛnd̪ɾaɲ cala͡o̯lɛnge."
মণি: আচ্ছা যাও।,Moni: Well go.,ac̚cʰa calaʔmɛ.
মণি: আমি খুঁজে পেলে তোমাকে জানাবো।,Moni: I will let you know when/ if I find it.,iɲiɲ sɛnd̪ɾa ɲamlɛkʰan baɖa͡i̯ŏcomi.jɘɲ.
রনি: ঠিক আছে।,Ronnie: Okay alright.,ʈʰik̚gi.ja.
মাটিতে একফোঁটা মধু পড়ে ছিল।,A drop of honey was on the ground.,ɔt̪̚ʔɾɛ mit̪̚ʔ ʈʰɔp ɲɛlɛɾasa ɲuːɾakan t̪ahɛ̃kana.
একটা পিঁপড়া পাশ দিয়ে যাওয়ার সময় সেই মধুর গন্ধ পেল।,An ant passing by smelled that honey.,paɾɔm calaʔ ɟɔkʰɛʲc̚ʔ miʔʈɛʲc̚ʔ mũʲc̚ʔ ɲɛlɛɾasa sɔ͡i̯ ɲamked̪a.
পিঁপড়াটি একপাশ থেকে মধু খাওয়া শুরু করলো।,The ant started consuming honey from one side.,uni mũʲc̚ʔ d̪ɔ miʔsɛʲc̚ʔ kʰɔʲc̚ʔ ɲɛɭɛɾasa ɲuɲu͡i̯ ɛhɔp̚ʔena.
একবার খাওয়ার পর সে অনেক মজা পেল এবং খেতেই থাকলো।,After consuming once he was very amused and kept eating.,
mit̪̚ʔd̪ʰa͡o̯ ɲɛlɛɾasa ɲu kat̪ɛt̪̚ʔ ɘɖi sibil ked̪e.ja aɾ uni d̪ɔ ɲuɲut̪igei͡i̯ t̪ãhɛ͡i̯na.,#5,
"মধু খেতে খেতে তার পেট ফুলে গেল, তবুও সে খাওয়া থামালো না।","His stomach swelled as he kept devouring the honey, but still he did not stop eating.",ɲɛlɛɾasa ɲu ɲut̪ɛ uni.jaʔ laʲc̚ʔ d̪ɔ pʰulɘ͡u̯ɛnt̪a.ja ɛnɾɛhɔ̃ ɲɛlɛɾasa ɲuɲu d̪ɔ ba͡i̯ bɘgi.jad̪a.
খেতে খেতে সে মধুর ফোঁটার মাঝখানে চলে গেল এবং তার পা মধুতে আটকে গেল।,"While consuming, he stepped in between drops of honey and got his foot stuck in the honey.",
. ɲɛlɛɾasa ɲuɲut̪ɛ unid̪ɔ ɲɛlɛɾasa t̪alaɾɛ͡i̯ bɔlɔ͡i̯na aɾ a.jaʔ ɟaŋga d̪ɔ ɲɛlɛɾasaɾɛ t̪ʰɘli.jɛnt̪a.ja.,#7,
যতই সে পা ছাড়িয়ে নেওয়ার চেষ্টা করলো ততই সে ভেতরের দিকে তলিয়ে/ ডুবে গেল।,"The more he tried to get his foot out, the more he sank inward.",baɲcaʔ lɘgit̪̚ʔ a.jaʔ kaʈa t̪inɘʔɛ ɔcɔʔɛʔt̪a.ja unɘʔgi bʰit̪ɾisɛʲc̚ʔɛ bɔlɔ cala͡o̯ɛ̆na.
একসময় পিঁপড়াটি দমবন্ধ হয়ে মারা গেল।,At one point the ant suffocated and died.,sahɛ̃t̪̚ʔ bɔnd̪ɔ.jɛnt̪a͡i̯t̪ɛ uni muʲc̚ʔ d̪ɔ mit̪̚ʔgʰɘɽi t̪a͡i̯nɔmɛ gɔʲc̚ʔɛna.
লোভের কারণে পিঁপড়াটির মৃত্যু হলো/ মারা গেল।,The ant died due to its greed.,a.jaʔ lalɔc̚ʔ ijɘt̪ɛ uni mũʲc̚ʔ d̪ɔ͡i̯ gɔʲc̚ʔena.ʔ এক বাঘ ও এক শুকর একটা কুয়ার পানি পান করতে গিয়েছিল। A tiger and a pig went to a well to drink water. [mit̪̚ʔʈɛn t̪ɘɾup̚ʔ aɾ mit̪̚ʔʈɛn suk̚ɾi mit̪̚ʔʈɛn kuɲɾɛː d̪aʔ ɲukin cala͡o̯lɛna.
কিন্তু কে আগে পানি খাবে এটা নিয়ে তাদের মধ্যে ঝগড়া লেগে গেল।,But they quarreled over who would drink the water first.,mɛnkʰan ɔkɔ͡i̯ lahaɾɛ d̪aʔɛː ɲu.ja no̯͡a ni̯͡ɘt̪ɛ ɘkint̪alaɾɛ kɘpɘɾiɘ͡o̯ laga͡ɔ̯ɛna.
বাঘ কিছুতেই শুকরকে আগে পানি পান করতে দিতে চাইলো না।,The tiger did not want to let the pig drink the water first.,t̪ɘɾup̚ʔ ɔkalɛkat̪ɛhɔ̃ suk̚ɾi lahaɾɛ d̪aʔ ɲu ucu ba͡i̯ kʰɔɟlɛna.
শুকরও বাঘকে আগে পানি পান করতে দিতে রাজি হলো না।,The pig also refused to let the tiger drink the water first.,suk̚ɾi hɔ̃ t̪ɘɾup̚ʔ lahaɾɛ d̪aʔ ɲu ucu d̪ɔ ba͡i̯ ɾɛbɛnlɛna.
গাছে বসে একদল শকুন তাদের এই ঘটনা দেখছিল।,A group of vultures sitting on the tree was observing their situation.,d̪aɾeɾɛ d̪uɽup̚ʔ kat̪ɛ miʔ ɟʰãk gid̪i d̪ɔ ɘkinaʔ no̯͡a gʰɔʈɔnako ɲɛlɛt̪̚ʔkant̪ãhɛna.
বাঘ ও শুকর মরে গেলে শকুনেরা তাদের মাংস খাবে ভাবছিল।,"When the tiger and the pig would die, vultures were thinking about eating their flesh.",t̪ɘɾup̚ʔ aɾ suk̚ɾikin gɔʲc̚ʔlɛnkʰan gid̪ikod̪ɔ uŋkinaʔ ɟil jɔmko hud̪isɔʔkan t̪ahɛna.
একসময় বাঘ এটা বুঝতে পারলো এবং শুকরকে বললো।,At some point the tiger understood this and told the pig.,mit̪̚ʔ ɔk̚t̪ɛ t̪ɘɾup̚ʔ nɔa͡i̯ buɟʰhɘ͡o̯ked̪a aɾ suk̚ɾi.jɛ mɛt̪ade.ja.
এরপর তারা ঝগড়া বন্ধ করে দুজনই পানি পান করলো এবং তৃষ্ণা মেটালো।,Then they stopped fighting and both drank water and quenched their thirst.,no̯͡a t̪a.jɔm unkin kɘpʰɘɾiɘ͡o̯ t̪ʰiɾkat̪ɛ banahɔɽge d̪aʔkin ɲu ked̪a aɾ t̪ɛt̪aŋkin maɾa͡o̯ked̪a.
মোবাইল দিয়ে সহজেই দূরের মানুষের সাথে কথা বলা যায়।,It is easy to talk to the distant people with a mobile.,mobaĭlt̪ɛ sɘŋgiɲɾɛn hɔɽ sã͡ɔ̯t̪ɛhɔ̃ kat̪ʰam ɾɔɽ d̪aɽe.jaʔa.
আত্নীয়-স্বজনের খোঁজখবর নেওয়া যায়।,Relatives can be inquired through mobile.,mobaĭlt̪ɛ pɛɽako̯͡aʔ boge ɟud̪ɘhɔm baɖa͡i̯ d̪aɽe.jaʔa.
"মোবাইলে গান শোনা যায়, ছবি তোলা যায়, সিনেমা ও নাটক দেখা যায়।","Mobile can be used to listen to music, take pictures and watch movies.","mobaĭlt̪ɛ seɾeɲ aɲɟɔmɔʔa, pʰɔʈɔ ɾakabɔʔa, senema aɾ naʈɔk̚ ɲɛlɔ.a."
এছাড়া হিসাব করা যায় ও সময় দেখা যায় মোবাইলে।,"Besides, numbers can be calculated and the time can be checked on the mobile.",mobaĭlt̪ɛm hisɘb d̪aɽeo̯͡aʔa aɾ ɔk̚t̪ɛhɔm baɖa͡i̯ d̪aɽe.jaʔa.
"প্রথম প্রথম দাম বেশি ছিল, তাই বেশিরভাগ মানুষ মোবাইল কিনতে পারতো না।",Initially the price was high so most people could not afford the mobile.,"pɘhil pɘhil d̪ɔ mobaĭlɾe.jaʔ d̪am ɘɖi ɟɘst̪i t̪ahɛ̃kana, ɔna i͡ɘt̪ɛ hɔɽd̪ɔ mobaĭl baku kiɾiɲ d̪aɽe.jaʔkant̪ahɛ̃na."
তখন দোকানে গিয়ে টাকা দিয়ে কথা বলতে হতো।,"At that time, we had to go to the shop and talk with money.",unɾɛ d̪ɔkanɾɛ cala͡o̯kat̪ɛt̪̚ʔ ʈakat̪ɛ kat̪ʰa ɾɔɽ ho.joʔkan t̪ahɛ̃na.
কিন্তু এখন বেশিরভাগ মানুষের কাছেই মোবাইল আছে।,But now most people have mobile phones.,mɛnkʰan nit̪̚ d̪ɔ ɖʰeɾ hɔɽ ʈʰɛnge mobaĭl mena.a.
মোবাইলের মাধ্যমে এখন টাকা দেওয়া ও নেওয়া যায়।,Money can now be paid and received through mobile.,moba͡i̯ltege nit̪̚ d̪ɔ ʈaka kolo.a aɾ ʈaka ɲamɔ.a.
মোবাইলে ইন্টারনেট ব্যবহার করা/ চালানো যায়।,The Internet can be used/ run on mobile.,mobaĭlɾɛ inʈaɾneʈ̚hɔ̃ku bɛbɔhaɾa.
ইন্টারনেটে/ অনলাইনে পড়াশোনা করা যায়।,We can even study on the internet/ online.,inʈaɾneʈ̚t̪ɛm ɔlɔʔ paɽha͡o̯ d̪aɽe.jaʔa.
একদিন একটা কাকের খুব পিপাসা/ পানির তৃষ্ণা পেল।,One day a crow got very thirsty for water.,mit̪̚ʔd̪in mĭt̪̚ʔʈɛn kɘhũ ɘɖiː ãːʈ t̪et̪aŋked̪e.ja.
এদিকে ওইদিকে তাকিয়ে সে উঠানে একটি মাটির কলসি দেখতে পেল।,"Meanwhile, looking here and there, it saw an earthen pitcher in the yard.",hant̪ɛnat̪ɛ kɔ.jɔʔbaɽa kat̪ɛ unid̪ɔ ɾacaɾɛ mit̪̚ʔʈɛn hasaɾe.jaʔ kanɖa͡i̯ ɲɛlɲamked̪a.
কিন্তু পানি ছিল কলসির একেবারে নিচে/ তলায়।,But the water was at the bottom of the pitcher.,mɛnkʰan d̪aʔd̪ɔ t̪ahɛkana kanɖaɾe.jaʔ ɛkalt̪ɛ lat̪aɾ ɟalat̪̚ʔɾɛ.
এই কারণে কাক সেই পানি পান করতে পারলো না।,Because of this the crow could not drink that water.,ɔna kakʰant̪ɛ kɘhũd̪ɔ ɔna d̪aʔ ba͡i̯ ɲu d̪aɽɛ.jad̪a.
তখন কাকটি একটা উপায় বের করলো।,Then the crow thought of a way.,unɾɛ kɘhũd̪ɔ mit̪̚ʔʈɛn upɘ.jɛ uɖuŋked̪a.
সে ওই কলসির মধ্যে পাথরের টুকরো ফেলতে লাগলো।,It started throwing pieces of stone into that pitcher.,uni d̪ɔ ɔna kanɖa bʰit̪̚ɾiɾɛ d̪ʰiɾiɾe.jaʔ kuʈ̚ɾɘ giɖi͡i̯ laga͡o̯ɛna.
পাথর জমে জমে পানি কলসির মুখের কাছে চলে এলো।,The stones accumulated and the water came to the mouth of the pitcher.,d̪ʰiɾi kuʈ̚ɾɘ ɟɔma͡o̯ ɟɔma͡o̯t̪ɛ d̪aʔ d̪ɔ kanɖa ɾe.jaʔ mɔcaʈʰɛn hɛʲc̚ʔɛna.
কাকটি তখন সেই পানি পান করলো।,The crow then drank that water.,kɘhũ d̪ɔ unɾɛ ɔna d̪aʔɛ ɲuː ked̪a.
বাংলাদেশ বহুভাষা ও বহুজাতির একটি দেশ।,Bangladesh is a multilingual and multi-racial country.,baŋlad̪es a͡i̯ma pɘɾsi aɾ a͡i̯ma ɟɘt̪i ɾe.jaʔ mit̪̚ʔʈɛn d̪isɘm.
এই দেশে বাঙালি ছাড়াও প্রায় ৫০টি জাতির মানুষ বাস করে।,"In addition to the Bangalees, about 50 other nationalities live in this country.",no̯͡a d̪isɘmɾɛ baŋgali bɛgɔɾhɔ̃ noŋka mɔ̃ɽɛgɛlgɔʈɛn ɟɘt̪iɾɛn hɔɽko giɾɘbɘsiʔkana.
বাঙালিদের মতো তাদেরও আলাদা ভাষা ও রীতিনীতি আছে।,"Like the Bangalees, they also have distinct languages and customs.",baŋgaliko lekage oŋko̯͡aʔhɔ̃ ɟud̪ɘ pɘɾsi aɾ ni.jɘm ɘɾi mena.a.
ব্যবহার কম হওয়ার কারণে অনেকগুলো ভাষা হারিয়ে যাচ্ছে।,Many languages are disappearing due to lack of usage.,bɛ͡o̯haɾ t̪ʰoɽa ho.joʔkan kakʰant̪ɛ a͡i̯ma pɘɾsiko ad̪ɔʔkana.
নিজের ভাষায় পড়াশুনা করা শিশুদের জন্য জরুরি।,It is important for children to study in their own language.,gid̪ɾɛko lɘgit̪̚ʔ apnaɾ pɘɾsit̪ɛ ɔlɔʔ paɽha͡o̯ ɟɘɾuɽa.
শৈশবে মাতৃভাষায় পড়াশুনা না করলে পরে নিজের ভাষা আর শেখা হয় না।,"If one does not study in their mother language in childhood, one does not learn their own language later.",gid̪ɾɘ bid̪ɘlɾɛ gɔgɔ pɘɾsit̪ɛ ɔlɔʔ paɽha͡o̯ baŋ ho͡i̯lɛnkʰan t̪a.jɔmt̪ɛ apnaɾ pɘɾsi aɾ cet̪̚ʔ baŋ ho.joʔkana.
আমি আমার ভাষাকে ভালোবাসি।,I love my language.,iɲd̪ɔ iɲaʔ pɘɾsiɲ d̪ulɘɽaʔa.
আমি আমার দেশকে ভালোবাসি।,I love my country.,iɲd̪ɔ iɲaʔ d̪isɘmiɲ d̪ulɘɽed̪a.
"‌আমার সোনার বাংলা, আমি তোমায় ভালোবাসি।","My golden Bangla, I love you.",iɲaʔ sɔneɾ baŋla iɲd̪ɔ amiɲ d̪ulɘɽɛt̪̚ʔme.ja.
"কিছু ভাষা বাংলা বর্ণ ব্যবহার করে, কিছু ভাষা ইংরেজি/রোমান হরফ ব্যবহার করে এবং কিছু ভাষার নিজস্ব বর্ণ আছে।","Some languages use Bangalee fonts, some languages use English/Roman fonts, and some languages have their own fonts.","ad̪ɔm pɘɾsi baŋla akʰɔɾko bɛ͡o̯haɾa, ad̪ɔm pɘɾsi iŋɾeɟi sɛ ɾoman akʰɔɾko bɛ͡o̯haɾa, aɾ ad̪ɔm pɘɾsi.jaʔd̪ɔ apnaɾaʔ akʰɔɾ mena.a."
বাবা একটি পরিবারের প্রধান ব্যক্তি/ মানুষ।,Father is the head person/ man of a family.,babad̪ɔ mit̪̚ʔʈɛn gʰaɾɔ̃ɟɾɛn mukʰi̯͡ɘ hɔɽ.
তিনি পরিবারের দেখাশোনা করেন।,He takes care of the family.,uni d̪ɔ gʰaɾɔɟɾe.jaʔɛ ɲɛɭbaɽa.ja.
আমার বাবা কৃষি/ ক্ষেতে কাজ করে আয় করতেন।,My father used to earn by working in agricultural fields.,iɲbaba d̪ɔ kʰɛt̪ɾɛ kɘmikat̪ɛt̪̚ʔɛ kɘmhɘ.jɛt̪̚ʔkant̪ahɛ̃na.
বাবার কাছ থেকে আমি পড়তে ও লিখতে শিখেছি।,I have learned to read and write from my father.,babaʈʰɛnkʰɔn iɲd̪ɔ ɔlɔʔ aɾ paɽha͡ɔ̯iɲ cit̪̚ʔakad̪a.
মাঝে মাঝে স্কুল ছুটি হলে দেখতাম — বাবা আমার জন্য স্কুলের বাইরে দাঁড়িয়ে আছেন।,"Sometimes when the school hours were over, I saw my father standing outside the school for me.",ɔk̚t̪ɛ ɔk̚t̪ɛ iskul cʰuʈilɛnkʰan ɲɛlɘɲ baba d̪ɔ iɲlɘgit̪̚ʔ iskul baɾhɛɾɛ͡i̯ t̪eŋgo.ăkana.
পরীক্ষায় ভালো ফল করার পর বাবার চোখে পানি দেখেছিলাম।,I saw tears in my father's eyes after getting good results in the exam.,biɖɘ͡o̯ɾɛ bʰage ɾeɟal t̪a.jɔm babaɔ̯͡aʔ mɛ̃t̪̚ʔd̪aʔiɲ ɲɛl lɛd̪a.
তখন জানতাম না অনেকে আনন্দ পেলেও কাঁদে।,I did not know that many people cry even when they are happy.,unɾɛ bɘɲbaɖa͡i̯kant̪ahɛ̃na a͡i̯mahɔɽ ɾɘskɘlɛnkʰanhɔ̃ ku ɾaːga.
বাবা নিজে বেশি পড়ালেখা করতে পারেননি।,Father himself could not study much.,baba aʲc̚ʔt̪ɛt̪̚ʔhɔ̃ ɟɘst̪i ba͡i̯ ɔlɔʔ paɽha͡o̯ d̪aɽe.jakad̪a.
কিন্তু তিনি চেয়েছিলেন আমি এমএ পাস করি।,But he wanted me to pass MA.,mɛnkʰan uni͡i̯ kʰɔɟlɛna iɲ e.meɲ pas ma.
তিনি মাঝে মাঝে রান্নার কাজে মাকে সহায়তা করতেন।,He sometimes helped my mother in cooking.,uni ɔk̚t̪ɛ ɔk̚t̪ɛ d̪akaut̪u kɘmiɾɛ gɔgɔhɔ̃.jɛ gɔɽɔ.a͡i̯kan t̪ahɛ̃na.
বাবা যখন বৃদ্ধ হয়েছিলেন তখন আমি তার যত্ন করেছি।,I took care of father when he got old.,baba t̪inɾɛ͡i̯ haɽam lena unɾɛ iɲ uniɲ ɟɔt̪ɔnăkadi.ja.
শিশুকাল থেকেই বাবা আমার কাছে অনুসরণযোগ্য মানুষ।,"From my childhood, my father was a person I could follow.",kɘʈiʲc̚ʔkʰɔnge baba d̪ɔ iɲɾɛn paɲɟalek hɔɽ kana͡i̯.
বাবাকে মনে পড়লে এখনও আমার কান্না পায়।,I still feel like crying when I remember my father.,baba͡i̯ɲ d̪isɘlekʰan nit̪̚hɔ̃ iɲ ɾaʔ ɾaʔiɲ ɘ͡i̯kɘo̯͡͡a.
আমি আমার বাবাকে নিয়ে গর্ব করি।,I feel proud of my father.,iɲd̪ɔ iɲ baba ni̯͡͡ɘt̪ɛɲ gɔɾɔbɔʔkana.
আমি চাই — আমার সন্তানও আমাকে নিয়ে গর্ব করুক।,I want my child to be proud of me too.,iɲiɲ kʰɔɟɔʔkana iɲɾɛn gid̪ɾɘhɔ̃ iɲ ni̯͡ɘt̪ɛ gɔɾɔb oco̯͡a.
"ভাতিজা: [নমস্কার] কাকা, কেমন আছেন?","Nephew: [Greetings] Uncle, how are you?","ɟohaɾ hɔpɔnba, cɛt̪̚ʔlɛka mɛnama?"
কাকা: ভালো আছি বাবা।,Uncle: I am fine my son.,mɔɟge minɘɲɘ bɘbu.
কাকা: তুমি কেমন আছো?,Uncle: How are you?,am cɛt̪̚ʔlɛka mɛnama?
কাকা: তোমার বাবা-মা কেমন আছেন?,Uncle: How are your parents?,amɾɛn gɔgɔbaba cɛt̪̚ʔlɛka menaʔkinɘ?
ভাতিজা: আমরা সবাই ভালো আছি।,Nephew: We are all fine.,alɛ ɟɔt̪ɔhɔɽ mɔ̃ɟge menaʔle.ja.
"ভাতিজা: দাদি কেমন আছেন, কাকা?","Nephew: How is grandmother, Uncle?",buɖigɔ cɛt̪̚ʔlɛka mena.ja hɔpɔnba?
কাকা: তিনি গতকাল থেকে অসুস্থ।,Uncle: She is sick since yesterday.,hɔlakʰɔn uni͡i̯ ɾu̯͡ɘʔkana.
কাকা: ভাবছি আজ তাকে ডাক্তারের কাছে নিয়ে যাবো।,Uncle: I think I will take her to the doctor today.,gunɘnɔʔkɘnɘɲ t̪eheɲ uni ɖakt̪aɾʈʰɛniɲ idi͡i̯.ja.
ভাতিজা: সেটাই ভালো হবে।,Nephew: That would be good.,ɔnage bʰage ho.jo.a.
ভাতিজা: কোনো কিছুর দরকার হলে আমাদের জানাবেন।,Nephew: Let us know if you need anything.,ɟahanaʔ ɟɘɾuɽɔʔkʰan alɛm baɖa͡i̯ŏcole.ja.
"কাকা: আচ্ছা, জানাবো।","Uncle: Alright, I will let you know.",ac.cʰaɲ baɖa͡i̯ocope.ja.
কাকা: তোমার বাবা-মাকে বলে দিও তোমার দাদি অসুস্থ।,Uncle: Tell your parents your grandmother is ill.,amɾɛn gɔgɔbaba lɘ.jakinmɛ ambuɖigɔ͡i̯ ɾu̯͡ɘʔkana.
কাকা: তাদেরকে আসতে বলিও।,Uncle: Tell them to come.,uŋkinhɔ̃ hiɟuʔmɛt̪a͡o̯ăkinmɛ.
ভাতিজা: অবশ্যই বলবো।,Nephew: Of course I will tell them.,ɟɘɾuɽgeʲɲ lɘ͡i̯.akina.
ভাতিজা: সামনে আমার পরীক্ষা।,Nephew: My exam is ahead.,t̪ʰɔɽad̪in bʰit̪̚ɾiɾigi iɲaʔ biɖɘ͡o̯ ɛhɔbɔʔa.
ভাতিজা: আমার জন্য আর্শীবাদ/প্রার্থনা করবেন।,Nephew: Pray for me.,iɲlɘgit̪̚ʔ bint̪i͡i̯mɛ.
কাকা: ভালোমতো পড়াশুনা করো।,Uncle: Study well.,bʰaget̪ɛ paɽhaʔmɛ.
অর্ক: অনেকদিন থেকে আমাদের এলাকায় কোনো উৎসব হয় না।,Arka: For many days there happens no festival in our locality.,a͡imad̪inkʰɔn alɛ ʈoʈʰaɾɛ ɟahan pɔɾɔb baŋ hojoʔkana.
"অর্ক: চলো, আমরা একটা উৎসবের আয়োজন করি।","Arka: Come on, let's organize a festival.","d̪ɛla, abo mit̪̚ʔʈɛn pɔɾɔbbon sapɽa͡o̯kat̪̚ʔlege."
"প্রদীপ: হ্যাঁ, এটা একটা দারুণ চিন্তা।","Pradeep: Yes, it's a great/good idea.","hɛ̃ː, no̯͡a d̪ɔ mit̪̚ʔʈɛn bʰage hudis."
প্রদীপ: তুমি কি এটা নিয়ে কিছু ভেবেছ?,Pradeep: Have you thought about it?,amd̪ɔ cɛt̪̚ʔ no̯͡a ni̯͡ɘt̪ɛ ɟahanaʔɛm ganɖɔnakad̪a?
প্রদীপ: উৎসবে কী কী থাকবে?,Pradeep: What will be in the festival?,pɔɾɔbɾɛ cɛt̪̚ʔ cɛt̪̚ʔ t̪ahɛ̃na?
অর্ক: উৎসবে নাচ-গান থাকবে।,Arka: The festival will include dancing and singing.,pɔɾɔbɾɛ ɛnɛʲc̚ʔ seɾeɲ t̪ahɛna.
অর্ক: সেই সাথে একটা ফুটবল ম্যাচ থাকবে।,Arka: There will also be a football match.,ɔna sa͡ɔ̯t̪ɛ miʔʈɛn pʰuʈbɔl kʰilɘʈ t̪ahɛ̃na.
অর্ক: ফুটবল ম্যাচটি হবে বিবাহিত এবং অবিবাহিতদের মধ্যে।,Arka: The football match will be between the married and the unmarried.,pʰuʈbɔl kʰilɘʈ d̪ɔ ho.jo.a bap̚laɔ͡͡akan aɾ ɖɘŋu̯͡ɘku t̪alaɾɛ.
প্রদীপ: এই উৎসব কবে এবং কোথায় করা যায়?,Pradeep: When and where can this festival be held?,nɔ̯͡a pɔɾɔp̚ t̪is aɾ ɔkaɾɛ ho͡i̯ oco d̪aɽeja.a.
অর্ক: ছুটির দিনে আয়োজন করলে আমরা আমাদের স্কুলের মাঠটি ব্যবহার করতে পারবো।,Arka: We can use the school grounds if we organize on holidays.,cʰuʈi hilɘʔ sapɽa͡ɔ̯lɛkʰan abu iskulɾe.jaʔ maʈʰbun bɛbɔhaɾ d̪aɽe.jaʔa.
প্রদীপ: আমাদের উৎসবে স্কুলকে সাথে রাখা দরকার।,Pradeep: We need to include the school in our festival.,abu̯͡aʔ pɔɾɔbɾɛ iskuld̪ɔ sã͡ot̪ɛ d̪ɔhɔ ɟɘɾuɽa.
"প্রদীপ: কারণ, স্কুলের ছাত্রছাত্রীরা আমাদের সাহায্য করতে পারবে।",Pradeep: Because school students could help us.,ced̪aʔsɛ iskulɾɛn gid̪ɾɘko aboko gɔɽɔ d̪aɽe͡o̯ɘ̆bona.
অর্ক: তাহলে স্কুলের প্রধান শিক্ষকের সাথে কথা বলতে হবে।,Arka: So we will have to talk to the headmaster of the school.,t̪ahalɛ iskulɾɛn maɾaŋ mahasɔ͡i̯ sãot̪ɛ katʰa ɾɔɽ ho.j.a.
অর্ক: উৎসবে কী কী থাকবে সেগুলো নিয়েও আলোচনা/আলাপ করতে হবে।,Arka: What segments will be in the festival should also be needed to discuss,pɔɾɔbɾɛ cɛt̪̚ʔ cɛt̪̚ʔ tahɛna ɔnako ni̯͡ɘt̪ɛhɔ̃ galmaɾa͡o̯ ho.joʔa.
"প্রদীপ: উৎসবে কত টাকা লাগবে, কতজন মানুষ লাগবে; সবকিছু নিয়ে আলাপ করতে হবে।","Pradeep: How much money will be needed for the festival, how many people will be needed, everything has to be discussed.",pɔɾɔbɾɛ t̪inɘʔ kɘ͡o̯ɖi laga.a t̪inɘʔ hɔɽko laga.a sanamko ni̯͡ɘt̪ɛ galmaɾa͡o̯ ho.joʔa.
প্রদীপ: কাজ ভালোভাবে করার জন্য একটা কমিটি গঠন করতে হবে।,Pradeep: A committee should be formed to do the work properly.,kɘmi bʰage oco͡i̯ lɘgit̪̚ʔ miʔʈɛn komiʈi bɛna͡o̯ ɟɘɾuɽa.
"অর্ক: আমার মনে হয়, শুরুতে বন্ধুবান্ধবের সাথে আলাপ করা দরকার।",Arka: I think we need to talk to our friends first.,iɲaʔ mɔnɛ ho.joʔkana ɛt̪ɔhɔb̚ʔɾɛ gat̪eko sã͡ot̪ɛ galmaɾa͡o̯ ɟɘɾuɽa.
"অর্ক: এরপর তারা সকলে যেভাবে বলে, সেভাবে বাকি কাজ করবো।",Arka: Then we will do the rest as they all suggest.,inɘ t̪a.jɔm oŋko sanam cɛʔlekako mɛna oŋkage bɘki kɘmi ho.joa.
প্রদীপ: তুমি ঠিক বলেছ।,Pradeep: You are right.,am ʈʰikɛm mɛːnakad̪a.
প্রদীপ: সবাইকে সাথে নিয়ে আমরা উৎসব করতে চাই।,Pradeep: We want to celebrate the festival with everyone.,sanamko sã͡o̯t̪ɛ ni̯͡ɘt̪ɛ alɛ pɔɾɔblɛ mɛnco͡i̯d̪a.
প্রদীপ: সবাই সহযোগিতা করলে সবকিছু সহজ হবে।,Pradeep: Everything will be easy if everyone cooperates.,ɟɔt̪ɔhɔɽko gɔɽɔlɛnkʰan sanamaʔge alga.aː.
অর্ক: আশপাশের স্কুলগুলোতে যেতে হবে আমাদের।,Arka: We have to go to the nearby schools.,aɖɛpase ɾejaʔ iskulkoɾɛ abu calaʔ hojoʔt̪abona.
অর্ক: স্কুলের ছাত্রছাত্রীদের আমাদের উৎসবের কথা জানাতে হবে।,Arka: School students should be informed about our festival.,iskulɾɛn gid̪ɾɛko abo̯͡aʔ pɔɾɔb ɾe.jaʔ kat̪ʰa baɖa͡i̯ ocoko ho.joa.
অর্ক: নাচ-গানে তারা অংশগ্রহণ করলে উৎসব অনেক আনন্দের হবে।,"Arka: If they participate in dancing and singing, the festival will be more joyous.",oŋko ɛnɛʲc̚ʔseɾeɲɾɛko sɛlɛt̪̚ʔlɛnkʰan pɔɾɔb ɘɖi ɾɘskɘge ho.jo.a.
প্রদীপ: তাদের জন্য পুরস্কারের ব্যবস্থা রাখতে হবে।,Pradeep: Reward should be arranged/prepared for them.,oŋko lɘgit̪̚ʔ kuɽɘ͡i̯ ɾe.jaʔ bɛbɔst̪a d̪ɔhɔkaʔ ho.joʔa.
অর্ক: ঠিক আছে।,Arka: Okay.,ʈʰikge.ja.
অর্ক: চলো কাজ শুরু করে দিই।,"Arka: Come on, let's get to work.","d̪ɛla, kɘmibun ɛhɔp̚ʔkat̪̚ʔlege."
অভিভাবক: নমস্কার!,Parent: Greetings!,ɟohaːɾ!
অভিভাবক: কেমন আছেন স্যার?,"Parent: How are you, Sir?",cɛt̪̚ʔlɛka menama mahasɔ͡i̯?
প্রধান শিক্ষক : ভালো আছি।,Head teacher: I am fine.,mɔ̃ɟge menɘɲɘ.
প্রধান শিক্ষক : অনেকদিন পর আসলেন!,Head teacher: You came after a long time!,a͡i̯ma d̪in t̪a.jɔmɛm hɛc̚ʔĕna.
অভিভাবক: কাজের ব্যস্ততার কারণে আসতে পারিনি।,Parent: Couldn't come because of being busy with work.,kɘmi ɾe.jaʔ cãɽt̪ɛ bɘɲ hɛc̚ʔ d̪aɽe.jad̪a.
প্রধান শিক্ষক: এবার বলেন কেন এসেছেন?,"Head teacher: Now tell me, why have you come?",ni̯͡ɘd̪ʰa͡o̯ lɘ͡i̯mɛ ced̪aʔɛm hɛc̚ʔakana?
অভিভাবক: আমার ছোট ছেলেকে ভর্তি করাতে চাই।,Parent: I want to enroll my younger son in your school.,iɲɾɛn gid̪ɾɘ amaʔ is͡kulɾɛ bʰuɾt̪iɲ mɛnɛd̪a.
প্রধান শিক্ষক: তার বয়স কত?,Head teacher: How old is he?,uni.jaʔ umɘɾ t̪inɘʔ?
অভিভাবক: এইবার তার বয়স ৫ বছর হলো।,Parent: Now he is 5 years old.,ni͡ɘbaɾ uni͡aʔ umɘɾ mɔ̃ɽɛ sɛɾma ho͡i̯ena.
প্রধান শিক্ষক: বাড়িতে কি সে কিছু শিখেছে?,Head teacher: Did he learn anything at home?,uni d̪ɔ cɛt̪̚ʔ ɔɽaʔɾɛ ɟahanaʔɛ cet̪̚ʔakada?
প্রধান শিক্ষক : সে কি বর্ণ চেনে?,Head teacher: Does he know letters?,uni d̪ɔ cɛt̪̚ʔ haɾɔp̚ɛ ɲɛl cinhɘ͡o̯ge.ja?
"অভিভাবক: হ্যাঁ, সে বর্ণগুলো চেনে।","Parent: Yes, he knows the letters/ alphabet.","hɛ̃, uni d̪ɔ akʰɔɾmala͡i̯ baɖa.ja."
অভিভাবক: ১ থেকে ১০ পর্যন্ত গুনতেও পারে।,Parent: Can also count from 1 to 10.,mit̪̚ʔkʰɔn gɛl hɘbiʔhɔ̃͡i̯ lɛkʰa d̪aɽe.jaʔa
প্রধান শিক্ষক: তাহলে তাকে শিশু শ্রেণিতে ভর্তি করানো যায়।,Head teacher: Then he can be admitted in the children's class.,t̪ahlɛ uni d̪ɔ keɟi kilɘsɾɛ bʰuɾt̪id̪aɽeo̯͡a.ja.
প্রধান শিক্ষক: আপনি এই ফর্মটা নিয়ে যান।,Head Teacher: You take this form.,amd̪ɔ ni.jɘ pʰɔɾɔm id̪i t̪oɾa͡i̯mɛ.
প্রধান শিক্ষক: ফর্ম পূরণ করে ছেলের একটা ছবিসহ জমা দিয়ে যাবেন।,Head Teacher: Fill up the form and submit it along with a photograph of your son.,pʰɔɾɔm puɾɘ͡o̯ kat̪ɛ gid̪ɾɘo͡aʔ miʔʈɛn pʰɔʈo sã͡o̯ ɟɔma oʈokam.
অভিভাবক: ঠিক আছে।,Parent: All right.,ʈʰikge.ja.
অভিভাবক: আগামী পরশুদিন জমা দিয়ে যাবো।,Parent: I will submit it the next day after tomorrow.,me.jaŋsɛʔiɲ ɟɔma oʈo kaʔa.
প্রধান শিক্ষক: জানুয়ারির এক তারিখ থেকে ক্লাস শুরু হবে।,Head Teacher: Classes will start from January 1st.,ɟano̯͡aɾi ɾejaʔ pɘhil t̪ɘɾikʰkʰɔn kilɘs ɛhɔbɔʔa.
প্রধান শিক্ষক: ওইদিন তাকে স্কুল থেকে নতুন বই দেওয়া হবে।,Head teacher: On that day he will be given new books from school.,unhilɘʔ unid̪ɔ iskulkʰɔn naɔ̯͡a put̪ʰi͡i̯ ɲaːma.
প্রধান শিক্ষক: আপনি তার জন্য স্কুল ড্রেস বানিয়ে দেবেন।,Head teacher: You will make a school uniform for him.,amd̪ɔ uni lɘgit̪̚ʔ iskul kic̚ɾiʔɛm bɛnaɔ̯͡a.
অভিভাবক: তাকে একটা ব্যাগও কিনে দিতে হবে।,Parent: Have to to buy him a bag too.,unid̪ɔ mit̪̚ʔʈɛn bɛghɔ̃ kiɾiɲa͡i̯ hojoʔa.
অভিভাবক: আমি ১ তারিখ তাকে সাথে নিয়ে স্কুল আসবো।,Parent: I will bring him to the school on the 1st of the month.,iɲ pɘhil t̪ɘɾikʰ uni sɔŋgɛkat̪ɛt̪̚ iskuliɲ hɘɟu.a.
১। বনে অনেক রকমের গাছ আছে।,1. There are many types of trees in the forest.,biɾ ɾɛ a͡i̯malekan d̪aɾe mena.a.
২। বনের গাছে পাখিরা বাসা বেঁধে থাকে।,2. Birds nest in forest trees.,biɾ ɾe.jaʔ d̪aɾeɾɛ cɛ̃ɽɛ̃koko t̪ukɘ.ja.
"৩। বনে বিভিন্ন রকমের ফল, মধু ও লাকড়ি পাওয়া যায়।","3. A variety of fruits, honey and woods are found in the forest.","biɾ ɾɛ a͡i̯malekan ɟɔ, ɲɛlɛɾasa aɾ sahanko ɲamɔ.a."
৪। বনের গাছ বা কাঠ দিয়ে ঘরবাড়ি বানানো হয়।,4. Houses are made of forest trees or wood.,biɾ ɾe.jaʔ d̪aɾe sɛ kaʈʰt̪ɛ ɔɽaʔd̪u͡ɘɾ bɛna͡o̯ʔa
"৫। ঘন বনে বাঘ, ভাল্লুক, সিংহ, হরিণ, হাতিসহ বিভিন্ন প্রাণি বাস করে।","5. Various animals including tigers, bears, lions, deers, elephants live in dense (big) forests.","gɘhiɽ biɾ ɾɛ t̪ɘɾup̚ʔ, bana, kul, ɟel, hɘt̪isa͡o̯ a͡i̯malekan ɟibku giɾɘbɘsiʔkana."
৬। বনে একা গেলে বিপদ হতে পারে।,6. Going alone in the forest can be dangerous.,ɟaha͡i̯ ɛskaɾ biɾɾeko cala͡o̯lɛnkʰan a.jaʔ muhim ho͡i̯ d̪aɽe.jaʔa.
৭। বন মানুষ ও পৃথিবীকে বাঁচিয়ে রেখেছে।,7. Forests keep people and the earth alive.,biɾ d̯ɔ d̪ʰɘɾt̪i aɾ mano̯͡ai̯ baɲca͡o̯ d̪ɔhɔ.ɔ̆akat̪̚ʔko͡a.
৮। ঝড় ও বন্যা থেকে আমাদেরকে রক্ষা করে বন।,8. Forests protect us from storms and floods.,hɔ͡i̯ bɘɾuɽ aɾ ɖubɘ kʰɔn biɾ d̪ɔ abo͡i̯ ɾukʰi̯͡ɘ d̪ɔhɔ.jɛt̪̚ʔbona.
"৯। মানুষের সংখ্যা যত বাড়ছে, বন তত কমছে।","9. As the number of people is increasing, the forests are decreasing.",mano̯͡͡a t̪inɘʔko ɟɘstiʔkana biɾ unɘʔ t̪ʰɔɽaʔkana.
১০। বন কমে গেলে হাতি লোকালয়ে/ গ্রামে চলে আসে।,10. Elephants migrate to localities/ villages when forests decrease.,biɾ t̪ʰɔɽalɛnkʰan hɘt̪i at̪oɾɛko hiɟu.a.
১১। বনের হাতি ক্ষেতের ফসলের ক্ষতি করে।,11. Forest elephants damage field crops (paddy-jute etc.).,biɾ ɾɛn hɘt̪i kʰɛt̪ ɾe.jaʔ pʰɔsɔlko bɘɽiɟa.
১২। তখন লোকজন রাত জেগে পাহারা দেয়।,12. Then people keep vigil at night.,hɘt̪ikʰɔn baɲca͡o̯ lɘgit̪̚ʔt̪ɛ hɔɽko ɲind̪ɘ ɛbʰɛnkat̪ɛʔko paɾha.ja.
১৩। বনের গাছ ও লতাপাতা থেকে নানারকম ওষুধ তৈরি হয়।,13. Various medicines are prepared from the trees and leaves of the forest.,biɾɾe.jaʔ d̪aɾenɘɽikʰɔn a͡i̯malekan ɾan t̪e.jaɾɔ.a.
১৪। বন থেকে বাঁশ এনে ঘরের বেড়া ও খুঁটি তৈরি করা হয়।,14. The fences and poles of the house are made by fetching bamboos from the forest.,biɾ kʰɔn mãt̪̚ʔ ɘgukat̪ɛ ɔɽaʔɾe.jaʔ kʰunʈi aɾ ʈɘʈiko t̪e.jaɾa.
১৫। বনের ছন দিয়ে ঘরের ছাউনি দেওয়া যায়।,15. Houses are covered with the forest canopy.,biɾ ɾe.jaʔ sɘ͡o̯ɽit̪ɛ ɔɽaʔɾe.jaʔ sat̪eko d̪aːba.
১। বাংলাদেশের বেশিরভাগ মানুষ গ্রামে বাস করে।,1. Most of the people of Bangladesh live in the villages.,baŋlad̪isɘmɾɛn ɟɘst̪ibʰag hɔɽ at̪oɾɛko giɾɘbɘsiʔkana.
২। গ্রামের মানুষের জন্য হাট-বাজার খুব দরকারি একটা স্থান।,2. Haat-bazaar/ market is a very useful place for the village people.,at̪oɾɛn hɔɽ lɘgit̪̚ʔ mit̪̚ʔʈɛn haʈbaɟaɾ d̪ɔ ɘɖi ɟɘɾuɽ miʈɛn ʈʰɘ͡i̯kana.
৩। এখানে তাদের দারকারি জিনিসপত্র কেনা ও বেচা হয়।,3. Here their useful goods are bought and sold.,nɔnɖɛ ako̯͡͡aʔ ɟɘɾuɽ ɟinisku kiɾiɲ ɘkʰɾiɲ ho.joʔkana.
"৪। হাট-বাজারে কৃষকেরা ফসল বিক্রি করে, জেলেরা মাছ বিক্রি করে।","4. Farmers sell their crop in the hat- bazaar/market, fishermen sell their fish.",hɘʈi̯͡ɘ baɟaɾɾɛ kisɘnko d̪ɔ pʰɔsɔlko ɘkʰɾiɲa aɾ ɟɘli̯͡ɘkod̪ɔ hakoko ɘkʰɾiɲko̯͡a.
"৫। শুধু কেনাবেচা নয়, হাটে গ্রামের মানুষেরা একে অপরের সাথে দেখা-সাক্ষাতও করে।","5. Not only shopping, but the village people also meet each other in the haat.","ɛkɛn kiɾiɲ ɘkʰɾiɲd̪ɔ baŋ, hɘʈi̯͡ɘɾɛ at̪oɾɛn hɔɽ mit̪̚ʔhɔɽ sã͡o̯t̪ɛ aɾ mit̪̚ʔ hɔɽaʔ ɲɛpɛl ɲapamhɔ̃ ho.jo.a."
"৬। হাট বসে সপ্তাহে দুই দিন, কিন্তু বাজার প্রতিদিন বসে।","6. The haat sits two days a week, but the bazar sits every day.","hɘʈi̯͡ɘd̪ɔ hap̚t̪aɾɛ baɾd̪in d̪uɽubɔʔa, mɛnkʰan baɟaɾd̪ɔ d̪ʰinɘmd̪in d̪uɽubɔʔa."
"৭। হাটের সময় দুপুর থেকে সন্ধ্যা পর্যন্ত, যদিও বাজারের সময় সকাল থেকে দুপুর পর্যন্ত।","7. The haat hours are from noon to evening, while the bazaar hours are from morning to noon.","hɘʈi̯͡ɘ ɾe.jaʔ ɔk̚t̪ɛd̪ɔ tikin kʰɔn ɘ.jup̚ʔ hɘbiʲc̚ʔ, bic̚kɔm baɟaɾ ɾijaʔ ɔkt̪ɛd̪ɔ sɛt̪aʔkʰɔn t̪ikin hɘbiʲc̚ʔ."
৮। হাট থেকে দরকারি জিনিসপত্র কিনে গ্রামের মানুষ নিজেদের প্রয়োজন মেটায়।,8. People of the village meet their needs by buying useful items from the haat.,hɘʈi̯͡ɘkʰɔn ɟɘɾuɽ ɟinisku kiɾiɲkat̪ɛt̚ʔ at̪oɾɛn hɔɽ ako̯͡aʔ okulɘnko meʈao̯͡a.
৯। আগে নদীর পাড়ে বড় বড় হাট-বাজার বসতো।,9. Earlier there used to be big haat-bazaars on the banks of the river.,sed̪a͡i̯d̪ɔ gaɖa aɽeɾɛ maɾaŋ maɾaŋ hɘʈi̯͡ɘ baɟaɾ d̪uɽubɔʔkan t̪ahɛ̃na.
১০। এখন সহজে যাওয়া যায় এমন স্থানে হাট-বাজার বসে।,10. Now the haat-bazaar sits in an easily accessible place.,nit̪̚ʔ algat̪ɛ cala͡o̯ d̪aɽe.jaʔ noŋkan ʈʰɘ͡i̯ɾɛ hɘʈi̯͡ɘ baɟaɾ d̪uɽubɔʔkana.
১১। ছোটবেলায় আমি বাবার সাথে হাটে যেতাম এবং নানান রকমের খেলনা কিনে আনতাম।,"11. When I was a child, I used to go to the haat with my father, and buy toys.",kɘʈiʲc̚ʔ bid̪ɘlɾɛ iɲ ɘpuɲ sã͡ɔ̯t̪ɛ hɘʈi͡ɘ̯ɲ calaʔkan t̪ahɛ̃na aɾ a͡i̯ma lɛkan kʰilɘʈ ɟiniskoɲ kiɾiɲ ɘgu.jɛt̪̚ʔkan t̪ahɛna.
আমি তাকে ধরি,I catch him.,iɲ uniɲ sabɛ.ja.
আমরা দুইজন তাকে ধরি,We two catch him.,ɘliɲ uniliɲ sabɛ.ja.
আমরা তাকে ধরি,We catch him.,alɛ unilɛ sabɛ.ja.
তুমি তাকে ধরো,You catch him.,am unim sabɛ.ja.
তোমরা দুইজন তাকে ধরো,You two catch him.,abɛn unibɛn sabɛ.ja.
তোমরা তাকে ধরো,You catch him.,apɛ unipɛ sabɛ.ja.
He/ She catches him.,,uni hɘni.jɛ sabɛ.ja.
It catches that.,,ɔna hana.jɛ saːba.
The two catch him.,,uŋkin hɘnikin sabɛ.ja.
Those two catch those two.,,ɔnakin hanakinɛ saba.
They catch him.,,onko uniko sabɛ.ja.
Those catch him.,,ɔnako hana͡i̯ saba.
তুমি আমাকে ধরো,You catch me.,am iɲɛm sabɛɲa.
তোমরা দুইজন আমাকে ধরো,You two catch me.,abɛn iɲ sabɛɲbɛn.
তোমরা আমাকে ধরো,You catch me.,apɛ iɲpɛ sabɛɲa.
He/ She catches me.,,uni iɲɛ sabɛɲa.
It catches me.,,ɔna iɲɛ sabɛɲa.
The two catch me.,,uŋkin iɲkin sabɛɲa.
Those two catch me.,,ɔnakin iɲɛ sabɛɲa.
They catch me.,,oŋko iɲko sabɛɲa.
Those catch me.,,ɔnako iɲko sabɛɲa.
আমি তোমাকে ধরি,I catch you.,iɲ amiɲ sap̚ʔme̯͡a.
আমরা দুইজন তোমাকে ধরি,We two catch you.,ɘliɲ amliɲ sap̚ʔme̯͡a.
আমরা তোমাকে ধরি,We catch you.,alɛ amlɛ sap̚ʔme̯͡a.
তুমি তোমাকে ধরো,You catch yourself.,am amge sabɔʔmɛ.
He/ She catches you.,,uni amɛ sap̚ʔme̯͡a.
That catches you.,,ɔna amɛ sap̚ʔme̯͡a.
The two catch you.,,uŋkin amkin sap̚ʔme̯͡a.
Those two catch you.,,ɔnakin amɛ sap̚ʔme̯͡a.
They catch you.,,oŋko amko sap̚ʔme̯͡a.
Those catch you.,,ɔnako amɛ sap̚ʔme̯͡a.
আমি তাদেরকে ধরি,I catch them.,iɲ oŋkoɲ sap̚ʔko̯͡a.
আমরা দুইজন তাদেরকে ধরি,We two catch them.,ɘliɲ oŋkoliɲ sap̚ʔko̯͡a.
আমরা তাদেরকে ধরি,We catch them.,alɛ oŋkolɛ sap̚ʔko̯͡a.
তুমি তাদেরকে ধরো,You catch them.,am oŋko sap̚ʔkomɛ.
তোমরা দুইজন তাদেরকে ধরো,You two catch them.,abɛn oŋko sap̚ʔkobɛn.
তোমরা তাদেরকে ধরো,You catch them.,apɛ oŋkopɛ sap̚ʔko̯͡a.
সে তাদেরকে ধরে,He/ She catches them.,uni oŋko͡i̯ sap̚ʔko̯͡a.
That catches them.,,ɔna oŋko͡i̯ sap̚ʔko̯͡a.
The two catch them.,,onakin oŋko͡i̯ sap̚ʔko̯͡a.
Those two catch them.,,oŋko hɘŋkoko sap̚ʔko̯͡a.
They catch them.,,ɔnako onkoko sap̚ʔko̯͡a.
Those catch them.,,oŋko hɘŋkoko sap̚ʔko̯͡a.
আমি মাছ ধরি,I fish.,iɲ hakoɲ sap̚ʔko̯͡a.
আমরা দুইজন মাছ ধরি,We two fish.,ɘliɲ hakoliɲ sap̚ʔko̯͡a.
আমরা মাছ ধরি,We fish.,alɛ hakolɛ sap̚ʔko̯͡a.
তুমি মাছ ধরো,You fish.,am hakom sap̚ʔko̯͡a.
তোমরা দুইজন মাছ ধরো,You two fish.,abɛn hakobɛn sap̚ʔko̯͡a.
তোমরা মাছ ধরো,You fish.,apɛ hakopɛ sap̚ʔko̯͡a.
He/ She fishes.,,uni hako͡i̯ sap̚ʔko̯͡a.
That fishes.,,ɔna hako͡i̯ sap̚ʔko̯͡a.
The two fish.,,uŋkin hakokin sap̚ʔko̯͡a.
Those two fish.,,ɔnakin hako͡i̯ sap̚ʔko̯͡a.
They fish.,,oŋko hakoko sap̚ʔko̯͡a.
Those fish.,,ɔnako hako͡i̯ sap̚ʔko̯͡a.
He/ She is coming.,,uni͡i̯ hɘɟuʔkana.
That is coming.,,ni̯͡ɘʈaʔ hɘɟuʔkana.
The two are coming.,,noŋkoko hɘɟuʔkana.
These two are coming.,,no̯͡akin hɘɟuʔkana.
They are coming.,,noŋkoko hɘɟuʔkana.
These two are coming.,,no̯͡ako hɘɟuʔkana.
"বড় বোন: মা, ছোট ভাই আজ প্রথম স্কুলে যাবে।","Elder sister: Mother, younger brother will go to the school for the first time today.","gɔː, huɖiɲ bɔ͡i̯ha d̪ɔ t̪eheɲ pɘhil d̪ʰa͡o̯ iskulɛ calaʔa."
বড় বোন: সে স্কুলে যেতে ভয় পাচ্ছে।,Elder sister: He is being afraid to go to school.,unid̪ɔ iskul calaʔɛ bɔt̪ɔɾɔʔkana.
বড় বোন: এখন কী করবো মা?,"Elder sister: What will I do now, Mother?",nit̪̚ cɛʔiɲ ceka.ja gɔː?
মা: তুমি তার সাথে স্কুলে গেলেই হবে।,Mother: It will be okay if you go to school with him.,uni sã͡ɔ̯t̪ɛ amd̪ɔ iskulɛm cala͡o̯lɛnkʰange ho.jo.a.
মা: তুমি তার সাথে থাকলে সে ভয় পাবে না।,"Mother: If you are with him, he will not be afraid.",uni sã͡o̯ɾɛm t̪ahɛ̃lɛnkʰan ba͡i̯ bɔt̪ɔɾɔ.a.
বড় বোন: আমি অবশ্যই তার সাথে যাবো।,Elder sister: I will definitely go with him.,iɲd̪ɔ ɔbɔsge uni sã͡o̯t̪ɛɲ cala.a.
"বড় বোন: ক্লাসের মধ্যে সে একা থাকবে, তখন সে ভয় পেতে পারে।","Elder sister: He will be alone in the class, then he might get scared.","uni d̪ɔ kl͡asɾɛ eɛskaɾge͡i̯ t̪ahɛ̃na, unɾɛ͡i̯ bɔt̪ɔɾ d̪aɽe.jaʔa."
মা: ভয়ের কিছু নেই।,Mother: There is nothing to be afraid of.,bɔt̪ɔɾɔʔ ɾenaʔ cɛt̪̚ʔhɔ̃ bɘnu.a.
মা: এখন সে পড়াশুনার চেয়ে খেলাধুলা বেশি করবে।,Mother: Now he will play more than studying.,nit̪̚d̪ɔ uni ɔlɔʔpaɽhaʔ bɔd̪ɔlt̪ɛ gat̪e̪ʔge ɟɘst̪i͡i̯ kusi.a.
মা: হঠাৎ করে পড়াশুনা করার চেয়ে এটা ভালো।,Mother: It is better than studying suddenly.,ac̚ka ac̚ka paɽhaʔ bɔd̪ɔlt̪ɛ no̯͡a kɘmige boge.ja.
বড় বোন: তবে সে অনেক কিছুই পারে।,Elder sister: He can do many things though.,mɛnɛʔ unid̪ɔ a͡i̯mage͡i̯ d̪aɽe.jaʔa.
"বড় বোন: সে বর্ণমালা চেনে, গুনতে পারে, মাস ও দিনের নাম বলতে পারে।","Elder Sister: He knows letters/ alphabets, can count, can name the months and days.","uni d̪ɔ haɾɔp̚ko, bɔɾnɔmalako, lɛkʰa, cand̪o aɾ d̪in ɾe.jaʔ ɲit̪umɛ ɾɔɽ d̪aɽeo̯͡aʔa."
মা: কিন্তু সে কি তার বাড়ির ঠিকানা বলতে পারে?,Mother: But can he state his home address?,cɛt̪̚ʔ unid̪ɔ a.jaʔ ɔɽaʔ ɾenaʔ ʈʰikana͡i̯ lɘ͡͡i̯ d̪aɽe.jaʔa?
বড় বোন: আমার মনে হয় সে এখনও এটা পারে না।,Elder sister: I think he still can't do this.,hud̪isid̪ɘɲ uni d̪ɔ no̯͡a nit̪̚hɔ̃ ba͡i̯ lɘ͡i̯ d̪aɽe.jaʔa.
বড় বোন: এগুলো তার কেন জানতে হবে?,Elder sister: Why should he know these?,no̯͡a d̪ɔ ced̪aʔ baɖa͡i̯ ɟɘɾuɽta.ja?
মা: সকল শিশুরই এগুলো জানা দরকার।,Mother: All children need to know these.,ɟɔt̪ɔ gid̪ɾɘo̯͡aʔge no̯͡ako baɖa͡i̯ d̪ɔ ɟɘɾuɽge.ja.
মা: কেউ জিজ্ঞেস করলে যেন বলতে পারে।,Mother: So they can answer If someone asks .,ɟãhã͡i̯ko kuli̯͡ɛɾɛ ɟɛmɔnɛ lɘ͡i̯ d̪aɽe.jaʔ.
মা: এ ছাড়া এগুলো জানা থাকলে সে হারিয়ে যাবে না।,"Mother: Besides, if he knows these things, he will not get lost.",ɔna cʰaɖa no̯͡a baɖa͡i̯ t̪ahɛnkʰan ba͡i̯ ad̪ɔʔa.
বড় বোন: তুমি ঠিক বলেছ মা।,Elder sister: You are right mother.,amd̪ɔ ʈʰikgem mɛned̪a gɔ.
বড় বোন: তার জন্য কী কী কিনতে হবে?,Elder sister: What thngs to buy for him?,uni lɘgit̪̚ʔ cɛt̪̚ʔ cɛt̪̚ʔko kiɾiɲ ɟɘɾuɽa?
"মা: স্কুলের ব্যাগ, কাগজ, পেন্সিল, ইরেজার, সার্পনার কিনতে হবে।","Mother: Have to buy a school bag, paper, pencil, eraser, sharpener","iskul bɛg, kagɔc̚, pensil, iɾeɟaɾ, saɾp̚naɾ no̯͡ako kiɾiɲ ɟɘɾuɽa."
"বড় বোন: আচ্ছা, আমি তাকে নিয়ে দোকানে যাচ্ছি।","Elder sister: Alright, I'm taking him to the shop.",ac̚cʰa uni ni.jɘge d̪okaniɲ calaʔkana.
বড় বোন: সে তার পছন্দমতো জিনিসগুলো কিনলে ভালো হবে।,Elder sister: It would be better if he buys the things he likes.,unid̪ɔ aʲcʔ kusiʔlekan ɟinise kiɾiɲ lekʰan boge ho.jo.a.
"মা: হ্যাঁ, আগামীকাল তুমি তাকে নিয়ে স্কুলে যাবে।","Mother: Yes, you will take him to school tomorrow.","hɛ̃, gapa d̪ɔ uni ni͡ɘ̯ iskulɛm cala.a."
মায়ের বুকের দুধ শিশুর জন্য ওষুধের মতো উপকারী/ কাজ করে।,Mother's breast milk is as useful as medicine/ works like medicine for the baby.,gɔgɔo̯͡aʔ kɔɽam t̪ɔ̯͡a d̪ɔ gid̪ɾɘ lɘgit̪̚ʔ ɾan lekage͡i̯ kɘmi.ja.
ছয় মাস পর্যন্ত শিশুকে শুধু বুকের দুধ খাওয়াতে হবে।,The baby should be breastfed for up to 6 months.,t̪uɾu͡i̯ cand̪o hɘbiʲc̚ʔ gid̪ɾɘ d̯ɔ gɔgɔ t̪o̯͡age ɟɔm oco.je ho.jo.a.
এরপর শিশুকে দুধের পাশাপাশি অন্য খাবার দিতে হবে।,After that the baby should be given other food besides milk.,inɘ t̪a.jɔm t̪͡o̯͡a ɟɔm sã͡o̯ sã͡o̯t̪ɛ eʈaʔ ɟɔmaʔhɔ̃ ema͡i̯ ho.jo.a.
শিশুকে একসাথে অনেক খাবার দেওয়া ঠিক না/ ভালো না।,It is not good/ right to feed a baby many foods at once.,gid̪ɾɘ d̪ɔ mit̪̚ʔsãot̪ɛ a͡i̯ma ɟɔm ema͡i̯ d̪ɔ baŋ boge.ja.
শিশুকে শাকসবজি ও ফলের রস খাওয়াতে হবে।,Children should be fed vegetables and fruit juices.,gid̪ɾɘ d̪ɔ aɽaʔ sakam sã͡o̯ ɟɔː ɾe.jaʔ ɾɔs hɔ̃ ɲu oco͡i̯ ho.jo.a.
শিশুর জন্য ঘুম খুব দরকারি।,Sleep is very important for the babies.,gid̪ɾɘ lagit̪̚ʔ ɟɘpit̪̚ʔ d̪ɔ ɘɖi ɟɘɾuɽanaʔ kange.ja.
এতে শিশু সুস্থ/ ভালো থাকে এবং ভালোভাবে বেড়ে ওঠে/ বড় হয়।,In this way the baby stays healthy and grows well.,noŋkat̪ɛ gid̪ɾɘ d̪ɔ boge aɾ mɔ̃ːɟɛ haɾa buɾuʔkana.
একটি শিশুকে তার দেড় বছর বয়সের মধ্যে ৫টি টিকা দিতে হয়।,A baby needs 5 vaccinations by the time he is one and a half years old.,mit̪̚ʔʈɛn gid̪ɾɘ d̪ɔ mit̪̚ʔ seɾma t̪alaɾɛ mɔ̃ɽɛ̃gɔʈɛn ʈikɘ ema͡i̯ ho.jo.a.
টিকা না দিলে শিশুর অনেক রোগ হতে পারে।,Babies can get / catch many diseases if not vaccinated.,ʈikɘ baŋ ema͡i̯kʰan gid̪ɾɘo̯͡aʔ a͡i̯ma lekan ɾu̯͡ɘ ho͡i̯ d̪aɽeo̯͡aʔa.
শিশুকে কখন কোন টিকা দিতে হবে তা ডাক্তার বলে দিবে।,The doctor will say whenever the baby needs proper vaccinations.,gid̪ɾɘ d̪ɔ ɔka ɔk̚t̪ɛ ɔka ʈikɘ ema͡i̯ ho.joʔa ona d̪ɔ ɖakt̪aɾge͡i̯ lɘː.ja.
কাছাকাছি হাসপাতালে গিয়ে শিশুকে টিকা দেওয়া যায়।,The baby can be vaccinated by going to a nearby hospital.,soɾɾenaʔ haspat̪alɾege gid̪ɾɘ d̪ɔ ʈikɘ ema͡i̯ ho.jo.a.
পরিবার,Family,gʰaɾɔɟ
আলোচনা,Discussion,galmaɾa͡o̯
প্রশ্ন/ জিজ্ঞাসা,Question,kuk̚li
উত্তর/ জবাব,Answer,ɾɔɽɾu̯͡ɘɽ
ওষুধ,Medicine,ɾaːn
স্বপ্ন,Dream,kuk̚mu
জন্ম,Birth,ɟanam
মৃত্যু,Death,guɟuʔ
বিয়ে,Marriage,bap̚la
কাজ,Work,kɘmi
সোনা,Gold,sɔna
রূপা,Silver,ɾupɘ
গয়না/অলংকার,Ornaments,sapap̚ʔ
ভালো,Good,bʰage
মন্দ,Evil,bɘɽiʲc̚ʔ
সুন্দর,Beautiful,napa͡i̯
অসুন্দর/ কুৎসিত,Ugly,baŋ mɔ̃ɟ
ভারী,Heavy,hamal
হালকা,Light,ɾa͡ɔ̯al
ছোট,Small,kɘʈiʲc̚ʔ
বড়,Big,lɘʈu
কাঁচা,Raw,bɛɾɛl
পাকা,Seasoned,bele
টক,Sour,ɟɔɟɔ
ঝাল,Spicy,ɟʰal
মিষ্টি,Sweet,hɛɽɛm
জীবিত,Alive,ɟiu̯͡ɘt̪̚ʔ
মৃত,Dead,gɔʲc̚ʔ
উঁচু,High,cɔʈ̚
নিচু,Low,lat̪aɾ
নরম,Soft,lɘbit̪̚ʔ
গরম,Hot,lɔlɔ
গরম,Hot,lɔlɔ
শক্ত,Tough,kɛʈɛʲc̚ʔ
পরিষ্কার,Clean,sapʰa
সত্য,Truth,sɘɾi
মিথ্যা,Lie,ɛɽɛ
পাতলা,Thin,et̪aŋ
মোটা,Thick,mɔʈa
বিবাহিত,Married,bap̚laiʲc̚ʔ
অবিবাহিত,Unmarried,ɖɘŋu̯͡ɘ
নিনা তার বাবা-মায়ের সাথে শহরে থাকে।,Nina lives in the city with her parents.,nina d̪ɔ gɔgɔ baba sã͡o̯ sɔhɔɾɾɛ͡i̯ t̪ahɛ̃na.
একদিন তার কাছে তার দাদি একটি চিঠি পাঠালেন।,One day her grandmother sent a letter to her.,mit̪̚ʔd̪in aʲc̚ʔ gɔɽɔm buɖi d̪ɔ uni ʈʰɛn miʔʈɛn ciʈhi͡i̯ koːlked̪a.
কিন্তু নিনা ওই চিঠি পড়তে পারলো না।,But Nina could not read that letter.,mɛnɛʔ nina d̪ɔ ɔna ciʈʰi ba͡i̯ paɽha͡o̯ d̪aɽe.jad̪a.
"কারণ, সে তার নিজের ভাষা বলতে পারলেও পড়তে পারে না।","Because, although she can speak her own language, she cannot read.",ɛnt̪ɛʔ niɟeɾaʔ pɘɾsi baɖa͡i̯kanɾɛhɔ̃ ba͡i̯ paɽha͡o̯ d̪aɽe.jad̪a.
তখন নিনার বাবা তাকে চিঠিটা পড়ে সেই চিঠির অর্থ বুঝিয়ে দিলেন।,Then Nina's father read the letter to her and explained the meaning of the letter.,unɾɛ nina apat̚ʔ d̪ɔ ɔna ciʈʰi paɽha͡o̯ kat̪ɛ manɛ͡i̯ buɟʰhɘ͡o̯ade.ja.
নিনা চিঠির উত্তরে তার দাদিকে কিছু ছবি এঁকে পাঠালো।,Nina sent some pictures after painting them herself to her grandmother in reply to the letter.,nina d̪ɔ ciʈʰiɾenaʔ ut̪̚t̪ɔɾ mɛnt̪ɛ kɔ.jekʈi cʰobi͡i̯ koːlad̪e.ja.
এর কিছুদিন পর সে দাদির কাছ থেকে আরেকটি চিঠি পেল।,A few days later she received another letter from her grandmother.,inɘ t̪ʰɔɽa d̪in bad̪ɾɛ gɔɽɔm buɖi ʈʰɛn Kʰɔn aɾhɔ mit̪̚ʔʈɛn ciʈʰi͡i̯ ɲamked̪a.
সেই চিঠিতে দাদি লিখেছিলেন: তিনি নিনার ছবিগুলো পেয়ে খুব খুশি হয়েছেন।,"In that letter, the grandmother wrote that she was very happy to receive Nina's paintings.",ɔna ciʈʰiɾɛ gɔɽɔm buɖidɔ͡i̯ ɔlked̪a ɔna cʰobiko ɲam kat̪ɛ uni d̪ɔ ɘɖiaʈɛ kusilena.
কিন্তু নিনা তার চিঠি পড়তে পারেনি — এটা জেনে তিনি মন খারাপও করেছেন/ কষ্ট পেয়েছেন।,But Nina could not read her letter - she felt upset to know that too.,nina ɔna ciʈʰi ba͡i̯ paɽha͡o̯ d̪aɽe.jaʔt̪ɛ mɔnɛ bɘɽiʲc̚ʔked̪a aɾ kɔsʈɔ͡i̯ ɘ͡i̯kɘ͡o̯ked̪a.
"নিনা তখন তার নিজ ভাষা নিয়ে পড়ালেখা শুরু করলো, যেন সে তার দাদিকে চিঠি লিখতে পারে।",Nina then began studying her native language so that she could write letters to her grandmother.,nina nit̪̚ʔ pɘɾsit̪ɛ ɔlɔʔpaɽhaʔɛ ɛhɔp̚ʔked̪a ɟɛmɔn aʲc̚ʔ gɔɽɔm buɖi ciʈʰi͡i̯ ɔl d̪aɽeo̯͡ai̯.
এই,This,ni̯͡ɘ
ঐ,That,hana
এখানে,Here,nɔnɖɛ
ওখানে,There,hanɖɛ
কেউ,Someone,ɟãha͡i̯
কিছু,Something,nase.jaʔ
কোথাও,Somewhere,ɔkaɾɛhõ
কোনো,Any,"cɛt̪̚ʔhɔ̃], [ɟãhaɾɛhɔ̃], [ɟahanaʔhɔ̃], [ɔkɔ͡i̯hɔ̃], [ɔkaɾɛhɔ̃"
নিজ,Own,aʲc̚ʔ
সব/সকল,All/Every,sanam
সবাই,Everyone,sanam
সবার,Everyone’s,sanamko̯͡aʔ
নিজে নিজে/আপনা-আপনি,By Himself/Herself,aʲc̚ʔ aʲc̚ʔ t̪ɛ
অন্য/অপর,Other/Another,ɛʈaʔ
আলাদা,Different,ɟud̪ɘ
বাড়ি,Home,ɔɽaʔ
ঘরের চাল,Shed,sɘɽim
খুঁটি,Pole,kʰunʈi
দরজা,The Door,d̪u̯͡ɘɾ
বেড়া,The Fence,ʈɘʈi
দেয়াল,The Wall,bʰit̪
সিঁড়ি,The Stairs,siɽhi
উঠান,The Yard,ɾaca
গোয়াল ঘর,Slaughterhouse,gɔɽa
থালা,Plate,t̪ʰɘɾi
থালা,Dish,t̪ʰɘɾi
কলস,Pitcher,kanɖa
দা,Kitchen Knife,kɘ͡i̯d̪ɘ
বটি,Kitchen Knife,binʈʰi
ঢাকনা,Lid,ɖʰɘkniʲc̚ʔ
জাল,Net,ɟʰɘli
চুলা,Stove,culhɘ
চাদর,Sheet,pɘchɘ͡o̯ɽi
পাটি,Rug,pɘʈi.jɘ
পিঁড়ি,Sitting Tool,ganɖo
মোড়া,Sitting Tool,mɘci
মোড়া,Sitting Tool,mɘci
ঝাড়ু,The Broom,ɟɔnɔʔ
হাড়ি,Cooking Pot,ʈukuʲc̚ʔ
পাতিল,Cooking Pot,celaŋ
আয়না,The Mirror,ɘɾsi
চিরুনি,The Comb,nɘkiʲc̚ʔ
তালা,The Lock,kulup̚
চাবি,The Key,cʰɔɽan
ঝুড়ি,The Basket,kʰɘc̚lɘʔ
ছোটবেলার বাগান,Childhood garden,
ছোটবেলায় আমাদের বাড়ির সামনে একটা বাগান ছিল।,There was a garden in front of our house.,kɘʈiʲc̚ʔ ɔk̚t̪ɛ alɛ ɔɽaʔ samaŋɾɛ miʔʈɛn bagan t̪ahɛ̃kana.
সেই বাগানে বিভিন্ন রকমের ফুল ও ফলের গাছ ছিল।,There were different kinds of flowers and fruit trees in that garden.,ɔna baganɾɛ a͡i̯malɛkan baha aɾ ɟɔː d̪aɾe t̪ahɛ̃kana.
বাগানের এক পাশে শাকসবজির ক্ষেতও ছিল।,There was also a vegetable field on one side of the garden.,bagan ɾe.jaʔ mit̪̚ʔaɽeɾɛ aɽaʔsakam hɔ̃ t̪ahɛ̃kana.
ছুটির দিনে আমি আর আমার বোন সেই বাগানে কাজ করতাম।,My sister and I used to work in that garden on holidays.,cʰuʈi d̪inɾɛ iɲ aɾ misɾaɲd̪ɔ ɔna baganɾɛliɲ kɘmi.jɛt̚ʔ t̪ahɛ̃kana.
সব গাছে পানি দিতাম এবং আগাছা পরিস্কার করতাম।,We used to water all the plants and cleaned the weeds.,ɛʈaʔ d̪aɾeko t̪ut̪̚ʔgiɖikat̪ɛ ɟɔt̪ɔ daɾeɾɛ d̪aʔliɲ d̪ulɛt̪̚ʔt̪ahɛ̃kana.
মাঝেমাঝে সার হিসেবে গোরুর গোবর ও ছাই দিতাম।,Sometimes we used cow dung and ash as fertilizers.,ɔk̚t̪ɛ ɔk̚t̪ɛ saɾ lɛkat̪ɛ guɾiʲc̚ʔ aɾ t̪ɔɾɔʲc̚ʔliɲ laga͡ɔ̯ɛt̪̚ʔt̪ahɛ̃kana.
"গাছে যখন ফুল ফুটতো ও ফল ধরতো, তখন আমাদের অনেক ভালো লাগত।",We felt so great when the trees blossomed and bore fruit.,d̪aɾeɾɛ ɟɔ aɾ baha ɲɛlɔʔɾɛ ɘɖi ɾɘskɘliɲ buɟʰhɘo͡ɛ̯t̪̚ʔt̪ahɛ̃kana.
কোনো ফল অনেক বেশি ধরলে সেগুলো বাজারে বিক্রি করা হতো।,"If any fruits were great in number, they were sold in the market.",ɟahã ɟɔ ɖheɾ sap̚ʔlɛnkʰan ɔna d̯ɔ baɟaɾɾɛlɛ ɘkʰɾiɲɛt̪̚ʔ t̪ahɛ̃kana.
একদিন বাগানে কাজ করার সময় একটা পোকা আমার হাতে কামড় দিয়েছিল।,"One day while working in the garden, an insect bit my hand.",mit̪̚ʔd̪in kɘmi ɔk̚t̪ɛɾɛ mit̪̚ʔʈɛn t̪eɟud̪ɔ t̪i.jɛː gɛɾkɛt̪̚ʔt̪iɲa.
তখন হাত ফুলে গিয়েছিল এবং ব্যথা হয়েছিল।,My hand was swollen at that time and it was painful.,unɾɛ t̪i d̪ɔ pʰulɘo͡ɛ̯na aɾ hasolid̪iɲa.
ওষুধ লাগানোর পর হাত ভালো হয়েছিল।,"After applying the medicine, my hand got better.",ɾan laga͡o̯ t̪a.jɔm t̪i d̪ɔ boge.jɛn t̪iɲa.
হাসি,Smile,land̪a
কান্না,Cry,ɾaʔ
আনন্দ,Joy,ɾɘskɘ
রাগ,Anger,ɾaŋga͡o̯
ভয়,Fear,bɔt̪ɔɾ
চিন্তা,Thinking,hud̪is
সাহস,Courage,himmɘt̪
দয়া,Kindness,d̪a.ja
ভালোবাসা,Love,d̪ulɘɽ
আদর,Adore,d̪ulɘɽ
ঘৃণা,Hatred,hiɾkʰɘ
রান্নাঘর,Kitchen,culhɘ ɔɽaʔ
ভাত,Rice,d̪aka
ডাল,Lentil,d̪ɘl
ডিম,Egg,bele
তরকারি,Curry,ut̪u
সকালের খাবার/ প্রাতরাশ,Breakfast,baske.jaʔ
দুপুরের খাবার,Lunch,maɲɟan
রাতের খাবার,Dinner,ked̪oʔ
মুড়ি,Puffed rice,kʰɘɟɘɽi
চিড়া,Flattened rice,t̪abɛn
গুড়,Jaggery,guɽ
লবণ,Salt,buluŋ
মাংস,Meat,ɟel
মুরগীর মাংস,Chicken,sim ɟel
গরুর মাংস,Beef,ɖaŋɾa ɟel
খাসির মাংস,Mutton,mɛɾɔm ɟel
শুকরের মাংস,Pork,sukɾi ɟel
শৈশব/ ছোটবেলা আমাদের সকলের জীবনের আনন্দের সময়।,Childhood is the happiest time in all of our lives.,ɟɔt̪ɔhɔɽaʔ ɟiŋgiɾɛ gid̪ɾɘ ɔk̚t̪ɛd̪ɔ ɾɘskɘ ɾenaʔ ɔk̚t̪ɛ kana.
কোনো মানুষই তার শৈশবের স্মৃতিকে/ কথা ভুলতে পারে না।,No one can forget his/ her childhood memories.,ɟaha͡i̯ mano̯͡age gid̪ɾɘ ɔk̚t̪ɛɾenaʔ d̪inisɘd̪ɔko d̪isɘ͡i̯ge.ja.
সকালে ঘুম থেকে উঠে হাতমুখ ধুয়ে খাবার খেয়ে স্কুলে যেতাম।,"I used to wake up in the morning, wash my hands and legs, eat food and go to school.",sɛt̪aʔɾɛ beɾet̪̚ʔkat̪ɛ t̪i ɟaŋga ɘɾup̚ʔsapʰa kat̪ɛ ɟɔm ɲu baɽa kat̪ɛ iskuliɲ calaʔkan tahɛ̃kana.
স্কুল থেকে ফিরে দুপুরের খাবার খেয়ে বন্ধুদের সাথে খেলতে যেতাম।,After coming back from the school I used to go out to play with my friends after having done with my lunch.,iskulkʰɔn ɾu͡ɘ̯ɽ kat̪ɛ maɲɟan ɟɔm t̪ajɔm gat̪eko sã͡o̯ ɛnɛʲc̚ʔiɲ calaʔkant̪ahɛ̃kana.
"বাবা-মা বকা দিতেন, তবুও তাদের নিষেধ শুনতাম না।","Parents used to scold me, but still, I did not listen to their prohibitions.",gɔgɔbabakin ɛgɛɾɛʔkantahɛ̃ɾɛ̃hɔ ɛnhɔ̃ mana d̪ɔ bɘɲ aɲɟɔmɛt̪̚ʔ t̪ahɛ̃kana.
"শীত, গ্রীষ্ম, বর্ষা — সব ঋতুতেই/ সময়ই আমরা মাঠে খেলাধুলা করতাম।","We used to play sports in the field in all the seasons/ times of winter, summer and monsoon.","ɾe.jaɽ, lɔlɔ aɾ bɘɾsɘ ɔk̚t̪ɛ sanam ɔkt̪ɛɾɛ maʈht̪ɛ gat̪ɛʔlɛ calaʔkan t̪ahɛ̃kana."
আমরা সবচেয়ে বেশি আনন্দ করতাম উৎসবের/ পার্বণের সময়ে।,We used to enjoy the most during the festivals.,alɛd̪ɔ ɖʰeɾlɛ ɾɘskɘʔ kant̪ɛhɛ̃ʔa pɔɾɔb ɔk̚t̪ɛɾɛ.
নতুন জামাকাপড় পরে প্রতিবেশী ও বন্ধুবান্ধবের বাড়িতে বেড়াতে যেতাম।,Used to wear new clothes and visit neighbors and friends' houses.,nao͡a̯ kic̚ɾiʲc̚ʔ hɔɾɔʔ kat̪ɛ aɖɛ ʈɔlaɾɛn aɾ gat̪ekoʈʰɛn d̪aɽanlɛ calaʔkant̪ahɛ̃kana.
শৈশবে সবচেয়ে খারাপ লাগতো বাবা-মায়ের শাসন।,"In childhood, the rules and regulations of the parents felt the worst.",gid̪ɾɘ ɔkt̪ɛ ɟɔt̪ɔkʰɔn bɘɽiʲc̚ʔ ikɘʔkant̪ahɛ̃ʔa gɔgɔ babao͡a̯ʔ sasɔn.
কী করবো আর কী করবো না — এসব নিয়ে তারা আদেশ করতেন।,What to do and what not to do - they used to set boundaries on all these.,cɛt̪̚ʔiɲ ceka.ja aɾ cɛt̪̚ʔ bɘɲ cɛka.ja ɔna ni.jɘge gɔgɔ babad̪ɔkin hukumɛt̪̚ʔ t̪ahẽkana.
"কিন্তু বড় হওয়ার বুঝতে পারি, সেই শাসন আমাদের ভালোর জন্যই ছিল।","But when I grew up, I realized that discipline was necessary for our wellbeing.",mɛnɛʔ haɾa buɾu kat̪ɛʔiɲ buɟʰhɘ͡o̯ked̪a ɔna sasɔn d̪ɔ niɟeɾaʔ bʰɘlɘi̯ lɘgit̪̚ʔge t̪ahɛ̃kana.
শৈশবের বন্ধুবান্ধবকে কেউ কোনোদিন ভোলে না।,No one ever forgets their childhood friends.,gid̪ɾɛ ɔkt̪ɛɾɛn gat̪ed̪ɔ bako hiɽiɲɔʔa.
সকল শিশুর শৈশব আনন্দে কাটুক।,May all the children have a happy childhood.,ɟɔt̪ɔ gid̪ɾɘo͡a̯ʔ gid̪ɾɘ ɔk̚t̪ɛd̪ɔ ɾɘskɘɾege kʰɛmaʔma.
পৃথিবীর সমস্ত ভাষা বেঁচে থাকুক।,Long live all the languages of the world.,d̪ʰɘɾt̪i ɾe.jaʔ sanam pɘɾsi baɲca͡o̯ t̪ahɛnma.
আপনার যাত্রা শুভ হোক।,Have a safe journey.,amaʔ d̪aɽan bʰage ho.joʔma. #3 ঈশ্বর তোমার মঙ্গল করুন। God/Creator bless you. [sisiɾɟɘ͡o̯iʲc̚ʔ amaʔ bʰage͡i̯ ho͡i̯ oco͡i̯ma.
ঈশ্বর আপনার মঙ্গল করুন।,God/Creator bless you.,sisiɾɟɘ͡o̯iʔ amaʔ bʰɘlɘ͡i̯ɛ ho͡i̯ oco͡i̯ma.
ভগবান আপনার মঙ্গল করুন।,God bless you.,sisiɾɟɘ͡o̯iʔ amaʔ bʰɘlɘ͡i̯ɛ ho͡i̯ oco͡i̯ma.
দীর্ঘজীবী হোন।,May you live long.,ɘɖid̪in baɲca͡o̯ t̪ahɛnmɛ.
দীর্ঘজীবী হও।,May you live long.,ɘɖid̪in baɲca͡o̯ t̪ahɛnmɛ.
সবাই সুখী হোক।,May everyone be happy.,sanamko̯͡aʔ suluk ho.joʔma.
তুমি দ্রুত সুস্থ হয়ে ওঠো।,Get well soon.,am usɘɾa pʰaɾna͡o̯ gɔd̪ɔʔmɛ.
"শিয়ালটি মুরগী নিয়ে পালিয়ে গেল, কিন্তু আমরা কেউ কিছু করতে পারলাম না, কারণ আমরা কেউ শিয়ালের মতো দৌড়াতে পারি না।","The fox ran away with the chicken, but none of us could do anything, because none of us could run like a fox.","t̪o.joma simɛ ɘt̪̚kiɾ id̪i kid̪i, mɛnkʰan alɛ d̪ɔ cɛt̪̚ʔhɔ̃ balɛ cɛka d̪aɽe.jad̪e̯͡a, ced̪aʔ ɟe alɛ d̪ɔ t̪o.jolɛka balɛ d̪ɘɽ d̪aɽe.jaʔa."
"যেদিন শহরে গিয়েছিলাম, সেদিন মা আমাকে মুরগী কিনে আনতে বলেছিলেন, কিন্তু আমার কাছে টাকা ছিল না।","On the day I went to town, my mother asked me to buy chicken, but I had no money.","ɔka hilɘʔ sɔhɔɾt̪ɛɲ cala͡o̯lɛn, unhilɘʔgi iɲ gɔgɔ d̪ɔ sim kiɾiɲ ɘgu.jɛ met̪ad̪iɲ t̪ahɛ̃kana, mɛnkʰan iɲ ʈʰɛn d̪ɔ unɘʔ ʈaka baŋ t̪ahɛ̃kana."
"আমার বাচ্চার যদিও খিদে লেগেছে, কিন্তু সে ভাত খাবে না, অথচ চকলেট কিনে দিলে ঠিকই খাবে।","Although my child is hungry, he won't eat rice, but if I buy him chocolate, he will definitely eat it.","iɲɾɛn gid̪ɾɘ ɾɛŋgɛʲc̚ʔĕd̪iɾɛ hɔ̃ d̪aka ba͡i̯ ɟɔːma, mɛnkʰan cɔk̚lɛʈ kiɾiɲa͡i̯kʰan ɔna d̪ɔ͡i̯ ɟɔmge̯͡a."
সে খুবই বুদ্ধিমান তবুও সে এই বোকামিটা করল এবং সমস্যায় পড়ল।,He is very intelligent yet he did this stupid thing and got into trouble.,uni d̪ɔ ɘɖi ɘkilan hɔɽkan ɾɛhɔ̃ noŋka͡i̯ kɘmiked̪a aɾ kʰaõ̯͡aɾlɛka ɛ̃ʈkɛʈɔ̃ɽɛɾɛ.jɛ ɲuɾɛna.
ভাই।,Brother.,bɔ͡i̯ha.
নীতু শিশুটিকে দেখলো।,Neetu saw that child.,nit̪u d̪ɔ gid̪ɾɘ͡i̯ ɲɛlked̪e.ja.
Sujon's younger brother.,,suɟɔnɾɛn bɔkɔt̪̚ʔ bɔ͡i̯ha.
Your grandfather/ father’s elder brother.,,apɛɾɛn maɾaŋba.
His/ Her home.,,uni.jaʔ ɔɽaʔ
My home.,,iɲaʔ ɔɽaʔ.
Your tree.,,amaʔ d̪aɾe.
Made of sticks.,,d̪aɾe ɾe.jaʔ ɖɘɾt̪ɛ t̪e̯͡aɾakana.
বাঁশের লাঠি।,Stick of bamboo.,mãt̪̚ʔ ɾe.jaʔ ʈʰeŋga.
ভাইয়ের কাছে এসেছি।,I have come to brother.,bɔ͡i̯ha ʈʰɛniɲ hɛʲc̚ʔakana.
মায়ের কাছে যাবো।,I will go to mother.,gɔgɔ ʈʰɛniɲ cala.a.
লাঠি দিয়ে আম পাড়বো।,I will knock down mangoes with a stick.,ɖaŋkaɽt̪ɛ uliɲ t̪i̯͡ɘga.
স্কুলে যাবো।,I will go to school.,iskult̪ɛɲ cala.a.
বাড়িতে যাবো।,I will go home.,ɔɽaʔt̪ɛɲ cala.a.
কলম দিয়ে লিখবো।,I will write with a pen.,kɔlɔmt̪ɛɲ ɔːla.
তার সাথে খেলবো।,I will play with him.,uni sã͡o̯t̪ɛɲ gat̪e.a.
তোমার সাথে বাড়ি যাবো।,I will go home with you.,am sã͡o̯t̪ɛ ɔɽaʔiɲ cala.a.
ভাইয়ের সাথে কথা বলি।,I am talking to brother.,bɔ͡i̯ha sã͡o̯t̪ɛ kat̪ʰaɲ ɾɔɽa.
পুকুরের দিকে গিয়েছে।,(He/ She) have gone for the pond.,pukʰɾi sɛʲc̚ʔɛ cala͡o̯akana.
সামনের দিকে হাঁটো।,Walk forward.,lahasɛʲc̚ʔ calaʔme.
গাছ থেকে পড়ে গেলো।,Fell from the tree.,d̪aɾekʰɔnɛ ɲuɾhɘ.jena.
ওপর থেকে দেখছে।,Watching from above.,cet̪an kʰɔnɛ ŋɛlɛd̪a.
সেখান থেকেই শুরু করো।,Start from there.,ɔnɖɛkʰɔnge ɛhɔbmɛ.
এখান থেকে নাও।,Take it from here.,nɔnɖɛ kʰɔn hat̪a͡o̯mɛ.
এর থেকে সে ভালো।,He/ She is better than this.,nui̯͡kʰɔn unigi͡i̯ bʰage̯͡a.
পানিতে ডুবে গেলো।,Drowned in water.,d̪aʔɾɛ unumɛna.
মাটিতে (মেঝেতে) বসো।,Sit on the ground/ floor.,ɔt̪̚ʔɾɛ d̪uɽubɔʔmɛ.
বাক্সে রেখে দাও।,Put it in the box.,baksɔɾɛ d̪ɔhɔkam.
His grandfather.,,uniɾɛn haɽamba.
তার কথা যে কী সুন্দর !,His/ Her words are so beautiful!,uni.jaʔ kat̪ʰa ɟe t̪inɘʔ mɔ̃ːɟ!
কী সুন্দর!,How beautiful!,t̪inɘʔ mɔ̃ːɟ
ইশ্‌! যদি পাখির মতো উড়তে পারতাম!,Alas! If I could fly like a bird!,isː ɟud̪i cɛ̃ɽɛ̃lɛkaɲ uɖɘ͡o̯ d̪aɽe.jaʔkan.
হায়! কী থেকে কী হয়ে গেল!,Alas! What just happened from what!,ha͡i̯ɾe! cet̪̚ʔ kʰɔn cɛt̪̚ʔ ho͡i̯ena!
ছিঃ এমন কাজ আপনি করতে পারলেন!,Shame! How could you do such deed!,cʰiː! noŋkan kɘmi amɛm d̪aɽe.jaʔkana.
আজ কী যে আনন্দ/ভালো লাগছে!,How happy I’m feeling today!,t̪eheɲ t̪inɘʔ ɟe ɾɘskɘ ikɘʔkan.
ছিঃ এমন কাজ তোমায় মানায় না!,Shame! such work doesn’t define you!,cʰiːh! noŋkan kɘmi amaʔ baŋ saɟao̯͡aʔkana.
"আহ, কী আরাম!","Ah, what a relief!","aːh, t̪inɘʔ aɾam."
এও কী সম্ভব!,What! Is that even possible!,ni̯͡ɘ hɔ̃ d̪aɽeo̯͡aʔa.
হতে পারে আপনারা ভুল ঠিকানায় এসেছেন।,You may have come to the wrong address.,ho͡i̯ d̪aɽeʔa apɛ bʰul ʈɛ̃͡o̯ɾɛpɛ hɛʲc̚ʔakana.
বোধহয় তোমাকে দিয়েই কাজটা হবে।,Perhaps the work will be done by you.,pasɛʲc̚ʔ amhɔt̪ɛtege ni̯͡ɘ kɘmi ho.jo.a.
মনে হয় টাকাটা এখন আর লাগবে না ।,It seems that the money will not be needed anymore.,pasɛʲc̚ʔ kɘ͡u̯ɖi d̪ɔ nit̪̚ʔ aɾ baŋ laga.a.
ধরে নিলাম আপনিই সঠিক।,I am assuming you are right.,sap̚ʔkid̪ɘɲ amge ʈʰik.
আজকে মনে হয় স্যার আসবেন না।,It seems that sir will not come today.,t̪eheɲ pasɛʲc̚ʔ mãhasɔ͡i̯ ba͡i̯ hiɟu.a.
আমার মনে হয় জ্বর আসতে পারে।,I think I will might have a fever.,iɲaʔ mɔnɛ ho.joʔkana ɾu̯͡͡ɘ hɛʲc̚ʔ d̪aɽe.jaʔa.
কাজটি হয়তো সে-ই করেছে।,He/ she may have done the job.,kɘmi d̪ɔ pasɛʲc̚ʔ uni͡i̯ kɔɾa͡o̯kad̪a.
আমি মনে হয় তাকে চিনেছি।,I think I have recognized him.,iɲaʔ mɔnɛ ho.joʔkana uniɲ oɾomkɘd̪i̯͡a.
আপনাকে আবার আসতে হতে পারে।,You may have to come again.,amd̪ɔ pasɛʲc̚ʔ aɾhɔ̃ hɛʲc̚ʔ laga͡o̯ma.
তার মনে হয় অনেক টাকা।,Maybe he has a lot of money.,uni̯͡aʔ pasɛʲc̚ʔ a͡i̯ma kɘ͡u̯ɖi.
আজকে বৃষ্টি হতে পারে।,It may rain today.,t̪eheɲ d̪aʔ hɛʲc̚ʔ d̪aɽe.jaʔa.
ওদিকে যাওয়া উচিত হবে না।,We/you/they Shouldn't go there.,ɔnt̪ɛ cala͡o̯ ʈʰik baŋ ho.jo.a.
এবার মনে হয় ফসল হবে না।,This time it seems that there will be no harvest.,ni̯͡ɘbaɾ pasɛʲc̚ʔ abad̪ baŋ ho.jo.a.
আমি কালকে ঢাকা যেতে পারি।,I may go to Dhaka tomorrow.,gapa iɲ ɖʰakaɲ cala͡o̯ d̪aɽe.jaʔa.
মাতৃভাষায় কথা না বললে ভাষা বেঁচে থাকে না।,"If the mother tongue is not spoken, the language does not survive.",gɔgɔ pɘɾsit̪ɛ kat̪ʰa baŋ ɾɔɽlekʰan paɾsi baŋ baɲca͡o̯ăʔa.
আমি আগামীকাল কোথাও যাব না।,I'm not going anywhere tomorrow.,gapa iɲ ɔkat̪ɛhɔ̃ bɘɲ cala.a.
আমি ক্রিকেট খেলতে পারি না।,I can't play cricket.,iɲ kɾikeʈ̚ bɘɲ gat̪ed̪aɽe.jaʔa.
আমি সাঁতার কাটতে পারব না।,I will not be able to swim.,iɲ bɘɲ pa͡i̯ɾa d̪aɽe.jaʔa.
তিনি আগামীকাল আসবেন না।,He won't come tomorrow.,gapa uni ba͡i̯ hɘɟu.a.
তিনি গতকাল আসেননি।,He didn't come yesterday.,hɔla uni ba͡i̯ hɛʲc̚ʔlɛna.
তিনি আগামীকাল আসবেন না।,He won't come tomorrow.,gapa uni ba͡i̯ hɘɟu.a.
আমি আগামীকাল আসব না।,I won't come tomorrow.,gapa iɲ bɘɲ hɘɟu.a.
গতকাল বৃষ্টি হয়নি।,It didn't rain yesterday.,hɔla ba͡i̯ d̪aʔled̪a.
আজকে রোদ ওঠেনি।,The sun didn't rise today.,t̪eheɲ ba͡i̯ set̪oŋakad̪a.
গতকাল রোদ ওঠেনি।,The sun didn't rise yesterday.,hɔla ba͡i̯ set̪oŋled̪a.
সে ক্লাসে উপস্থিত ছিল না।,He was not present in class.,uni kilɘsɾɛ ba͡i̯ t̪ahɛkana.
এসব কথা তিনি মুখেও আনতে পারতেন না।,He could not even have brought these words to his mouth.,no̯͡ako kat̪ʰa uni mɔca ɾɛhɔ̃ ba͡i̯ ɘgu d̪aɽeke̯͡a.
এসব কথা সে মুখেও আনতে পারত না।,He could not have brought these words to his mouth.,no̯͡ako kat̪ʰa uni mɔcaɾɛhɔ̃ ba͡i̯ ɘgu d̪aɽeke̯͡a.
ওরা বেশি রাত জাগে না।,They don't stay up late.,oŋko ɟɘst̪i ɲind̪ɘ bɘko bɛŋgɛd̪a.
তুমি গতকাল স্কুলে আসোনি।,You didn't come to school yesterday.,hɔla am iskulɾɛ bam hɛʲc̚ʔlɛna.
এই জমিতে ভালো চাষাবাদ হয় না।,This land is not good for cultivation.,no̯͡a baɽgeɾɛ bʰage casbas baŋ ho.joʔa.
এই জমিতে ভালো চাষাবাদ হবে না।,This land will not have good cultivation.,no̯͡a baɽgeɾɛ bʰage casbas baŋ ho.jo.gɔʔa.
আমার বাড়ি এখান থেকে বেশি দূরে না।,My house is not far from here.,iɲaʔ ɔɽaʔ nɔnɖɛkʰɔn ɘɖi sɘŋgiɲ d̪ɔ baŋa.
আমরা আপনাদের এলাকায় যাব না।,We will not go to your area.,alɛ d̪ɔ apɛ ʈɔʈʰa balɛ cala.a.
আমরা আপনাদের এলাকায় যাচ্ছি না।,We are not going to your area.,alɛ d̪ɔ apɛ ʈɔʈʰa balɛ calaʔkana.
আমি খুব বেশি পড়ালেখা করিনি।,I didn't study much.,iɲ ɘɖi ɟɘst̪i bɘɲ paɽha͡o̯kana.
আমি তার কথায় একদমই খুশি হইনি।,I was not at all happy with his words.,iɲ uni.jaʔ kat̪ʰaɾɛ ɛkalt̪ɛ bɘɲ kusilena.
আমি আজকে কাজে যাব না।,I won't go to work today.,t̪eheɲ iɲ kɘmit̪ɛ bɘɲ cala.a.
আমার কথা বলতে ভালো লাগছে না।,I don't feel like talking.,iɲ kat̪ʰa ɾɔɽt̪ɛ mɔ̃ɟ bɘɲ ɘ͡i̯kɘ͡o̯ed̪a.
আমরা বেশি দেরি করব না।,We won't be too late.,abo ɟɘst̪i bɘbon biloma.
এই বিষয়ে কথা বলতে আমার ভালো লাগছে না।,I don't feel like talking about this.,no̯͡a babɔt̪̚t̪ɛ kat̪ʰa ɾɔɽ iɲ mɔ̃ɟ bɘɲ ɘ͡i̯kɘ͡o̯ed̪a.
খালের উপর সাঁকো ছিল না।,There was no bridge above the canal.,kʰɘ̃ɽi cet̪anɾɛ sakɔ baŋ t̪ahɛ̃kana.
"আজ নয়, কাল আসুন।","Come tomorrow, not today.","t̪eheɲ d̪ɔ baŋ, gapa hɘɟuʔmɛ."
আমি খুব একটা চালাক নই।,I'm not that clever.,iɲd̪ɔ ɘɖi bɘɲ calaka.
তারা কখনোই এই এলাকায় আসবে না।,They will never come to this area.,t̪ishɔ̃ː oŋko ni̯͡ɘ ʈɔʈʰaɾɛ bɘko hɘɟu.a.
তাদের ঘরে কেউ ছিল না।,No one was in their house.,oŋko ɔɽaʔɾɛ ɔkɔ͡i̯hɔ̃ bɘko t̪ahɛkana.
সে রান্না করতে পারে না।,He can't cook.,uni ba͡i̯ d̪aka ut̪u d̪aɽe.jaʔa.
এরপর আর তাদের এখানে দেখা যায়নি।,After that they were never seen here.,ɔna t̪a.jɔm aɾ nɔnɖɛ oŋko bɘku ɲɛllɛna.
অনেকদিন আপনাদের দেখা নেই।,Long time no seeing you.,a͡i̯ma d̪in ape.jaʔ ɲɛpɛl bɘnu.a.
এই বছর গাছে কোনো ফল ধরেনি।,The tree did not bear any fruit this year.,ni̯͡ɘ seɾma d̪aɾeɾɛ ɟahan ɟɔ baŋ sap̚ʔlɛna.
এই গাছটাতে গতবার ফুল ফোটেনি।,This tree did not bear flower last time.,d̪inkalɔm no̯͡a d̪aɾeɾɛ baha baŋ ho͡i̯lena.
দিদি আজ রান্না করবে না।,Sister will not cook today.,t̪eheɲ d̪ɘ͡i̯ ba͡i̯ d̪aka ut̪u.ja.
ভাই আজকে বাজারে যাবে না।,Brother will not go to the market today.,t̪eheɲ bɔ͡i̯ha baɟaɾɾɛ ba͡i̯ cala.a.
আমি আজ মাঠে যাব না।,I will not go to the field today.,t̪eheɲ iɲ maʈʰɾɛ bɘɲ cala.a.
খারাপ লোকদের আমরা সম্মান করি না।,We do not respect bad people.,bɘɽiʲc̚ʔ hɔɽko alɛ balɛ manɔt̪̚ko̯͡a.
অনেকদিন হলো আপনার সাথে কথা হয়নি।,I haven't talked to you for a long time.,a͡i̯ma d̪in ho.jena am sãɔt̪ɛ kat̪ʰa baŋ ho͡i̯akana.
আজ সূর্য ওঠেনি।,The sun didn't rise today.,t̪eheɲ cand̪o ba͡i̯ ɾakab.akana.
রাতে আমরা বাইরে যাই না।,We don't go out at night.,alɛ ɲind̪a baɾhɛ sɛʲc̚ʔ balɛ cala.a.
আজকে খেলা হবে না।,There will be no game today.,t̪eheɲ kʰilɘʈ baŋ ho.jo.a.
আমি ঝাল খেতে পছন্দ করি না।,I don't like to eat spicy food.,iɲ ɟʰal ɟɔm bɘɲ kusi.jaʔa.
আমার শরীর ভালো নেই।,My body is not feeling okay,iɲaʔ hɔɽmɔ baŋ mɔ̃ɟa.
তারা দুজন একজন আরেকজনের সাথে কথা বলে না।,Two of them don't talk to each other.,uŋkin bana hɔɽ mit̪̚ʔ hɔɽ aɾ mit̪̚ʔ hɔɽ sã͡o̯t̪ɛ bɘkin ɾɔɽ ɟɔŋɔʔa.
আমি,Myself/Me,iɲ
আমরা,We,abo
তুমি,You,am
সে,He/She,uni
তারা,They,oŋko
আমার,My/Mine,iɲaʔ
আমাদের,Our,abo̯͡aʔ
তোমার,Your,amaʔ
তোমাদের,Yours,apɛ.jaʔ
তার,His/Her,uni.jaʔ
তাদের,Their,oŋko̯͡aʔ
এদের,Their,nuku͡aʔ
ওদের,Their,haŋko̯͡aʔ
কে,Who/Whom,ɔkɔ͡i̯
কি/ কী,What,cɛt̪̚ʔ
কোন,Which,ɔkaʈaʔ
কার,Whose,ɔkɔ.jaʔ
কেমন,How,cɛt̪̚ʔlɛka
কীভাবে,How,cɛkat̪ɛ         আমাদের বাড়িটি সুন্দর। Our home is beautiful. [alɛ.jaʔ ɔɽaʔ d̪ɔ mɔ̃ɟge̯͡a.
তোমাদের বাড়িটি সুন্দর।,Your home is beautiful.,apɛ.jaʔ ɔɽaʔ d̪ɔ mɔ̃ɟge̯͡a.
আপনাদের বাড়িটি সুন্দর।,Your home is beautiful.,apɛ.jaʔ ɔɽaʔ d̪ɔ mɔ̃ɟge̯͡a.
তোদের বাড়িটি সুন্দর।,Your home is beautiful.,apɛ.jaʔ ɔɽaʔ d̪ɔ mɔ̃ɟge̯͡a.
বাড়িটি সুন্দর।,This home is beautiful.,ɔɽaʔ d̪ɔ mɔ̃ɟge̯͡a.
আজ বেশ শীত পড়েছে।,It is very cold today.,t̪eheɲ bʰage ɾe.jaɽ paɽa͡o̯akana.
গতকাল বেশ শীত পড়েছিল।,It was very cold yesterday.,hɔla bʰage ɾe.jaɽ paɽa͡o̯alena.
বৃষ্টি হচ্ছে।,It's raining.,d̪ad̪aʔkana͡i̯.
বৃষ্টি হচ্ছিল।,It was raining.,d̪aʔɛt̪̚ʔkant̪ahɛna͡i̯.
আজ রাতে বৃষ্টি হতে পারে।,It may rain tonight.,t̪ehɛɲ ɲind̪ɘ͡i̯ d̪aʔ d̪aɽe.jaʔa.
আকাশ দেখে মনে হচ্ছে আজ রাতে বৃষ্টি হবে।,The sky looks like it will rain tonight.,sɛɾma ɲɛlt̪ɛ mɔnɛ ho.joʔkana t̪eheɲ ɲind̪ɘ͡i̯ d̪a:ga.
আজ খুব গরম।,Today it is very hot.,t̪eheɲ d̪ɔ ɘɖi lɔlɔ.
গতকাল খুব গরম ছিল।,Yesterday it was very hot.,hɔla ɘɖi lɔlɔge t̪ahɛkana.
আপনাদের সবাইকে নমস্কার।,Greetings to all of you.,apɛ sanamko ɟohaɾ.
সে ওইদিকে গেছে।,He/ She went there.,uni hant̪ɛ͡i̯ cala͡o̯akana.
সবার একটা নতুন ভাষা শেখা ভালো।,It is good for everyone to learn a new language.,sanamko mit̪̚ʔʈɛn nao̯͡a pɘɾsi cecet̪̚ʔ d̪ɔ bʰagege.ja.
সন্ধ্যার দিকে আলো/ কুপিবাতি জ্বালানো তোমার কাজ।,"In the evening, it is your job to light the lamp/ light.",ɲuhumsɛc̚ʔ di͡u̯hɘ ɟɛɾɛt̪̚ʔ d̪ɔ amaʔ kɘmi kanan.
আমি কালকে/ আগামীকাল বাড়িতে থাকব না।,I won't be at home tomorrow.,iɲ d̪ɔ gapa ɔɽaʔɾɛ bɘɲ t̪ahɛna.
আমি গতকাল বাড়ি ছিলাম না।,I wasn't home yesterday.,hɔla iɲ d̪ɔ ɔɽaʔɾɛ bɘɲ t̪ahɛkana.
এখানে গানের আসর বসে।,Music session is held here.,nɔnɖɛ seɾeɲ ɾe.jaʔ akʰɽa d̪uɽubɔʔa.
এখানে গানের আসর বসত।,Music sessions used to be held here.,nɔnɖɛ seɾeɲ ɾe.jaʔ akʰɽa d̪uɽubɔʔkan t̪ahɛna.
এখানে গানের আসর বসবে।,Music session will be held here.,nɔnɖɛ seɾeɲ ɾe.jaʔ akʰɽa d̪uɽubɔʔa.
একটা সমস্যা এখনো থেকে গেছে।,One problem still remains.,miʔʈɛʔ ɛ̃ʈkɛʈɔɽɛ ɲit̪ɔʔ hɔ̃ menaʔge.ja.
আপনারা যতক্ষণ থাকতে চান ততক্ষণ থাকতে পারেন।,You can stay as long as you want.,apɛ t̪in gʰɘɾiʔ t̪ahɛnɔʔpɛ mɛnd̪a ungʰɘɽiʔpɛ t̪ahɛ̃ d̪aɽe.jaʔa?
আমি রান্না করছি।,I am cooking,iɲiɲ d̪aka ut̪u͡i̯ed̪a.
আমি রান্না করছিলাম।,I was cooking.,iɲiɲ d̪akaut̪uled̪a.
আমি নিয়মিত প্রার্থনা করি।,I pray regularly.,iɲ d̪inɘmiɲ bint̪i̯͡a
আমি ফুটবল খেলি।,I play football.,iɲ pʰuʈbɔliɲ gat̪e.a.
আমি ফুটবল খেলতাম।,I used to play football.,iɲ pʰuʈbɔliɲ gat̪eʔkan t̪ahɛna.
আমি ঝাল খেতে পছন্দ করি।,I like to eat spicy food.,iɲ ɟʰal ɟɔmiɲ kusi.jaʔa.
আমার কুকুরটি ভালো।,My dog is amazing (loyal).,iɲɾɛn set̪a͡i̯ mɔ̃ɟge̯͡a.
অনেক বৃষ্টি হচ্ছিল।,It was raining a lot.,ɘɖi kaɟak̚ d̪aʔ hɘɟuʔkan t̪ahɛna.
আমাদের ভাষা নিয়ে আমার কিছু জরুরি কথা আছে।,I have something important to say about our language.,alɛ.jaʔ pɘɾsi ni̯͡ɘt̪ɛ iɲaʔ t̪ʰɔɽa ɟɘɾuɽ kat̪ʰa mɛna.a.
আপনাদের ভাষা নিয়ে আমার কিছু জরুরি কথা আছে।,I have something important to say about your language.,apɛ.jaʔ pɘɾsi ni̯͡ɘt̪ɛ iɲaʔ t̪ʰɔɽa ɟɘɾuɽ kat̪ʰa mena.a.
সবকিছুই আজকের দিনের ওপর নির্ভর করছে।,Everything is depending on today.,sanamaʔge t̪ihiɲ cet̪anɾɛ niɾbʰɔɾɔʔkana.
আমি বলি,I say.,iɲiɲ ɾɔɽa.
আমরা দুইজন বলি,We two say.,ɘliɲliɲ ɾɔɽa.
আমরা বলি,We say.,alɛlɛ ɾɔɽa.
তুমি বলো,You say.,amɛm ɾɔɽa.
তোমরা দুইজন বলো,You two say.,abɛnbɛn ɾɔɽa.
তোমরা বলো,You say.,apɛpɛ ɾɔɽa.
He/ She says.,,uni.jɛ ɾɔɽa.
That says.,,ɔna͡i̯ ɾɔɽa.
The two say.,,uŋkinkin ɾɔɽa.
Those say.,,ɔnakoko ɾɔɽa.
They say.,,oŋkoko ɾɔɽa.
Those say.,,ɔnakoko ɾɔɽa.
আমি তো বলি না,I do not say so.,iɲ bɘɲ ɾɔɽa.
আমরা দুইজন তো বলি না,We two do not say so.,ɘliɲ bɘliɲ ɾɔɽa.
আমরা তো বলি না,We do not say so.,alɛ balɛ ɾɔɽa.
তুমি তো বলো না,You do not say so.,am bam ɾɔɽa.
তোমরা দুইজন তো বলো না,You two do not say so.,abɛn babɛn ɾɔɽa.
তোমরা তো বলো না,You do not say so.,apɛ bapɛ ɾɔɽa.
He/ She does not say so.,,uni ba͡i̯ ɾɔɽa.
That does not say so.,,ɔna ba͡i̯ ɾɔɽa.
The two do not say so.,,unkin bɘkin ɾɔɽa.
Those two do not say so.,,ɔnakin ba͡i̯ ɾɔɽa.
They do not say so.,,onko bako ɾɔɽa.
Those do not say so.,,ɔnako bako ɾɔɽa.
আমি কি বলি?,Do I say?,iɲiɲ ɾɔɽa?
আমরা দুইজন কি বলি?,Do we two say?,ɘliɲliɲ ɾɔɽa?
আমরা কি বলি?,Do we say?,alɛlɛ ɾɔɽa?
তুমি কি বলো?,Do you say?,amɛm ɾɔɽa?
তোমরা দুইজন কি বলো?,Do you two say?,abɛnbɛn ɾɔɽa?
তোমরা কি বলো?,Do you say?,apɛpɛ ɾɔɽa?
Does he/ she say?,,uni.jɛ ɾɔɽa?
Does that say?,,ɔna͡i̯ ɾɔɽa?
Do they two say?,,unkinkin ɾɔɽa?
Do those two say?,,ɔnakinɛ ɾɔɽa?
Do they say?,,onkoko ɾɔɽa?
Do those say?,,ɔnakoko ɾɔɽa?
আমি বলতেছি/ বলছি,I am saying.,iɲiɲ ɾɔɾɔɽ kana.
আমরা দুইজন বলতেছি,We two are saying.,ɘliɲliɲ ɾɔɾɔɽ kana.
আমরাা বলতেছি,We are saying.,[alɛlɛ ɾɔɾɔɽ kana.
তুমি বলতেছ,You are saying.,amɛm ɾɔɾɔɽ kana.
তোমরা দুইজন বলতেছ,You two are saying.,abɛnbɛn ɾɔɾɔɽ kana.
তোমরা বলতেছ,You are saying.,apɛpɛ ɾɔɾɔɽ kana.
He/ She is saying.,,uni̯͡ɛ ɾɔɾɔɽ kana.
That is saying.,,ɔna͡i̯ ɾɔɾɔɽ kana.
They the two are saying.,,unkinkin ɾɔɾɔɽ kana.
Those two are saying.,,ɔnakinɛ ɾɔɾɔɽ kana.
They are saying.,,onkoko ɾɔɾɔɽ kana.
Those are saying.,,ɔnakoko ɾɔɾɔɽ kana.
আমি বলেছি,I have said.,iɲiɲ ɾɔɽakad̪a.
আমরা দুইজন বলেছি,We two have said.,ɘliɲliɲ ɾɔɽakad̪a.
আমরা বলেছি,We have said.,alɛlɛ ɾɔɽakad̪a.
তুমি বলেছো,You have said.,amɛm ɾɔɽakad̪a.
তোমরা দুইজন বলেছো,You two have said.,abɛnbɛn ɾɔɽakad̪a.
তোমরা বলেছো,You have said.,apɛpɛ ɾɔɽakad̪a.
He/ She has said.,,uni͡i̯ ɾɔɽakad̪a.
That have said.,,ɔna͡i̯ ɾɔɽakad̪a.
The two have said.,,uŋkinkin ɾɔɽakad̪a.
Those two have said.,,ɔnakinɛ ɾɔɽakad̪a.
They have said.,,onkoko ɾɔɽakad̪a.
Those have said.,,ɔnakoko ɾɔɽakad̪a.
আমি বলিনি,I have not said.,iɲ bɘɲ ɾɔɽakad̪a.
আমরা দুইজন বলিনি,We two have not said.,ɘliɲ bɘliɲ ɾɔɽakad̪a.
আমরা বলিনি,We have not said.,alɛ balɛ ɾɔɽakad̪a.
তুমি বলোনি,You have not said.,am bam ɾɔɽakad̪a.
তোমরা দুইজন বলোনি,You two have not said.,abɛn babɛn ɾɔɽakad̪a.
তোমরা বলোনি,You have not said.,apɛ bapɛ ɾɔɽakad̪a.
He/ She has not said.,,uni ba͡i̯ ɾɔɽakad̪a.
That have not said.,,ɔna ba͡i̯ ɾɔɽakad̪a.
The two have not said.,,unkin bɘkin ɾɔɽakad̪a.
Those two have not said.,,ɔnakin bakin ɾɔɽakad̪a.
They have not said.,,oŋko bako ɾɔɽakad̪a.
Those have not said.,,ɔnako bako ɾɔɽakad̪a.
আমি কি বলেছি?,Have I said?,iɲiɲ ɾɔɽakad̪a?
আমরা দুইজন কি বলেছি?,Have we two said?,ɘliɲliɲ ɾɔɽakad̪a?
আমরা কি বলেছি?,Have we said?,alɛlɛ ɾɔɽakad̪a?
তুমি কি বলেছ?,Have you said?,amɛm ɾɔɽakad̪a?
তোমরা দুইজন কি বলেছ?,Have you two said?,abɛnbɛn ɾɔɽakad̪a?
তোমরা কি বলেছ?,Have you said?,apɛpɛ ɾɔɽakad̪a?
Has he/ she said?,,uni̯͡ɛ ɾɔɽakad̪a?
Has that said?,,ɔna͡i̯ ɾɔɽakad̪a?
Have the two said?,,unkinkin ɾɔɽakad̪a?
Have those two said?,,ɔnakinɛ ɾɔɽakad̪a?
Have they said?,,oŋkoko ɾɔɽakad̪a?
Have those said?,,ɔnakoko ɾɔɽakad̪a?
আমি বললাম,I said.,iɲiɲ ɾɔɽked̪a.
আমরা দুইজন বললাম,We two said.,ɘliɲliɲ ɾɔɽked̪a.
আমরা বললাম,We said.,alɛlɛ ɾɔɽked̪a.
তুমি বললে,You said.,amɛm ɾɔɽked̪a.
তোমরা দুইজন বললে,You two said.,abɛnbɛn ɾɔɽked̪a.
তোমরা বললে,You said.,apɛpɛ ɾɔɽked̪a.
He/ She said.,,uni͡i̯ ɾɔɽked̪a.
That said.,,ɔna͡i̯ ɾɔɽked̪a.
The two said.,,uŋkinkin ɾɔɽked̪a.
Those two said.,,ɔnakinɛ ɾɔɽked̪a.
They said.,,oŋkoko ɾɔɽked̪a.
Those said.,,ɔnakoko ɾɔɽked̪a.
আমি বলছিলাম/ বলতেছিলাম,I was saying.,iɲiɲ ɾɔɽɛt̪̚ʔkant̪ahɛ̃na.
আমরা দুইজন বলছিলাম/ বলতেছিলাম,We two were saying.,ɘliɲliɲ ɾɔɽɛt̪̚ʔkant̪ahɛ̃na.
আমরা বলছিলাম/ বলতেছিলাম,We were saying.,alɛlɛ ɾɔɽɛt̪̚ʔkant̪ahɛ̃na.
তুমি বলছিলে/ বলতেছিলে,You were saying.,amɛm ɾɔɽɛt̪̚ʔkant̪ahɛ̃na.
তোমরা দুইজন বলছিলে/ বলতেছিলে,You two were saying.,abɛnbɛn ɾɔɽɛt̪̚ʔkant̪ahɛ̃na.
তোমরা বলছিলে/ বলতেছিলে,You were saying.,apɛpɛ ɾɔɽɛt̪̚ʔkant̪ahɛ̃na.
He/ She was saying.,,uni.jɛ ɾɔɽɛt̪̚ʔkant̪ahɛ̃na.
That was saying.,,ɔna͡i̯ ɾɔɽɛt̪̚ʔkant̪ahɛ̃na.
The two were saying.,,uŋkinkin ɾɔɽɛt̪̚ʔkant̪ahɛ̃na.
Those two were saying.,,ɔnakin ɾɔɽɛt̪̚ʔkant̪ahɛ̃na.
They were saying.,,onkoko ɾɔɽɛt̪̚ʔkant̪ahɛ̃na.
Those were saying.,,ɔnakoko ɾɔɽɛt̪̚ʔkant̪ahɛ̃na.
আমি বলেছিলাম,I said.,iɲiɲ ɾɔɽlɛd̪a.
আমরা দুইজন বলেছিলাম,We two said.,ɘliɲliɲ ɾɔɾɔɽlɛd̪a.
আমরা বলেছিলাম,We said.,alɛlɛ ɾɔɽlɛd̪a.
তুমি বলেছিলে,You said.,amɛm ɾɔɽlɛd̪a.
তোমরা দুইজন বলেছিলে,You two said.,abɛnbɛn ɾɔɽlɛd̪a.
তোমরা বলেছিলে,You said.,apɛpɛ ɾɔɽlɛd̪a.
He/ She said.,,uni.jɛ ɾɔɽlɛd̪a.
That said .,,ɔna͡i̯ ɾɔɽlɛd̪a.
The two said.,,unkinkin ɾɔɽlɛd̪a.]
Those two said.,,ɔnakinɛ ɾɔɽlɛd̪a.
They said.,,oŋkoko ɾɔɽlɛd̪a.
Those said.,,ɔnakoko ɾɔɽlɛd̪a.
আমি বলবো,I will say.,iɲiɲ ɾɔɽa.
আমরা দুইজন বলবো,We two will say.,ɘliɲliɲ ɾɔɽa.
আমরা বলবো,We will say.,alɛlɛ ɾɔɽa.
তুমি বলবে,You will say.,amɛm ɾɔɽa.
তোমরা দুইজন বলবে,You two will say.,abɛnbɛn ɾɔɽa.
তোমরা বলবে,You will say.,apɛpɛ ɾɔɽa.
He/ She will say.,,uni͡i̯ ɾɔɽa.
That will say.,,ɔna͡i̯ ɾɔɽa.
The two will say.,,uŋkinkin ɾɔɽa.
Those two will say.,,ɔnakinɛ ɾɔɽa.
They will say.,,ɔnkoko ɾɔɽa.
Those will say .,,ɔnakoko ɾɔɽa.
আমি বলবো না,I will not say.,iɲ bɘɲ ɾɔɽa.
আমরা দুইজন বলবো না,We two will not say.,ɘliɲ bɘliɲ ɾɔɽa.
আমরা বলবো না,We will not say.,alɛ balɛ ɾɔɽa.
তুমি বলবে না,You will not say.,am bam ɾɔɽa.
তোমরা দুইজন বলবে না,You two will not say.,abɛn babɛn ɾɔɽa.
তোমরা বলবে না,You will not say.,apɛ bapɛ ɾɔɽa.
He/ She will not say.,uni ba͡i̯ ɾɔɽa.],
That will not say.,,ɔna ba͡i̯ ɾɔɽa.
The two will not say.,,uŋkin bɘkin ɾɔɽa.
Those two will not say.,,ɔnakin bakin ɾɔɽa.
They will not say.,,oŋko bako ɾɔɽa.
Those will not say.,,ɔnako bako ɾɔɽa.
আমি কি বলবো?,May I speak/ say?,iɲiɲ ɾɔɽa?
আমরা দুইজন কি বলবো?,May we two speak/ say?,ɘliɲliɲ ɾɔɽa?
আমরা কি বলব?,Shall we speak/say?,alɛlɛ ɾɔɽa?
তুমি কি বলবা?,Will you say?,amɛm ɾɔɽa?
তোমরা দুইজন কি বলবা?,Will you two say?,abɛnbɛn ɾɔɽa?
তোমরা কি বলবা?,Will you say?,apɛpɛ ɾɔɽa?
Will he say?,,uni.jɛ ɾɔɽa?
Will that say?,,ɔna͡i̯ ɾɔɽa?
Will they two say?,,uŋkinkin ɾɔɽa?
Will those two say?,,ɔnakinɛ ɾɔɽa?
Will they say?,,oŋkoko ɾɔɽa?
Will those say?,,ɔnakoko ɾɔɽa?
আমি বলে রাখবো,I will have said.,iɲiɲ lɘ͡i̯kaʔa.
আমরা দুইজন বলে রাখবো,We two will have said.,ɘliɲliɲ lɘ͡i̯kaʔa.
আমরা বলে রাখবো,We will have said.,alɛlɛ lɘ͡i̯kaʔa.
তুমি বলে রাখবে,You will have said.,amɛm lɘ͡i̯kaʔa.
তোমরা দুইজন বলে রাখবে,You two will have said.,abɛnbɛn lɘ͡i̯kaʔa.
তোমরা বলে রাখবে,You will have said.,apɛpɛ lɘ͡i̯kaʔa.
He/ She will have said.,,uni͡i̯ lɘ͡i̯kaʔa.
That will have said.,,ɔna͡i̯ lɘ͡i̯kaʔa.
The two will have said.,,uŋkinkin lɘ͡i̯kaʔa.
Those two will have said.,,ɔnakin lɘ͡i̯kaʔa.
They will have said.,,oŋkoko lɘ͡i̯kaʔa.
Those will have said.,,ɔnakoko lɘ͡i̯kaʔa.
বসা,To Sit,d̪uɽup̚ʔ
আসা,To Come,hiɟuʔ
যাওয়া,To Go,calaʔ
চেনা,To Recognize,op̚ɾom
শোনা,To Listen,aɲɟɔm
দেখা,To See,ɲɛl
জানা,To Know,baɖa͡i̯
দেওয়া,To Give,ɛmɔʔ
নেওয়া,To Take,hat̪a͡o̯
আনা,To Bring,ɘgu
আনা,To Bring,ɘgu
কেনা,To Buy,kiɾiɲ
বেড়ানো,To Walk/ To Roam,d̪aɽan
খোঁজ নেওয়া,To Find Out,ʈɛo̯͡aŋ hat̪a͡o̯
পছন্দ করা,To Like,kusi
হারানো,To Lose,at̪̚ʔ
পাওয়া,To Find,ɲam
চাষ করা,To Cultivate,cas bas
বাঁধা,To Tie Up,bad̪ʰa
পৌঁছে দেওয়া,To Deliver,sɛʈɛɾ kaʔ
মনে থাকা,To Remember,d̪isɘ d̪ɔho͡i̯
খোঁজা,To Search,sɛnd̪ɾa
কথা বলা,To Talk,kat̪ʰa ɾɔɽ
রক্ত পড়া,To Bleed,majam ɟɔɾɔʔ
পড়া,To Read,bʰind̪ɘɽɔʔ
ঝরা/ ঝরে যাওয়া,To Drop Off,ɲuɾhɘʔ
বিক্রি করা,To Sell,ɘkʰɾiɲ
জমা করা,To Deposit,ɟɔma d̪ɔhɔ͡i̯
জ্বালানো,To Burn,ɟul
পার হওয়া,To Cross,paɾɔm calaʔ
সাহায্য/ সহযোগিতা করা,To Help/Cooperate,gɔɽɔ gɔpɔɽɔʔ
চড়া,To Ride,d̪ɛɟɔʔ
স্বপ্ন দেখা,To Dream,kuk̚mu ɲɛl
খাওয়া,To Eat,ɟɔm
ফেরা,To Return,ɾu̯͡ɘɽ
ভুলে যাওয়া,To Forget,hiɽiɲ
লেখা,To Write,ɔlɔʔ
চেষ্টা করা,To Try,kuɾumuʈu
ধরা,To Catch,sap̚ʔ
শুরু করা,To Start,ɛhɔp̚ʔ
খুশি হওয়া,To Become Happy,kusi
গোসল করা,To Take A Bath,um ɖɘb̚ɾɘʔ
বাছাই করা,To Pick,bacʰa͡o̯
বুঝা,To Understand,buɟʰhɘ͡o̯
শেখা,To Learn,cet̚ʔ
গণনা করা,To Calculate,lekʰa
সরিয়ে ফেলা,To Remove,ɔcɔʔ giɖi
ভয় পাওয়া,To Be Afraid,bɔt̪ɔɾ biɽki
ভিজে যাওয়া,To Get Wet,lɔhɔt̪̚ʔ
থাকা,To Stay,t̪ahɛn
বকা দেওয়া,To Scold,ɾuhet̪̚ʔ
প্রার্থনা করা,To Pray,bint̪i
প্রার্থনা করা,To Pray,bint̪i
পান করা,To Drink,ɲu
খনন করা,To Dig,la
বন্ধ করা,To Turn Off,ɛsɛt̪̚ʔ kaʔ
ফাটা/ ফেটে যাওয়া,To Crack/ Burst,ɔɽɛʲc̚ʔ
ভাঙ্গা/ ভেঙ্গে পড়া,To Break,ɾɘput̪̚ʔ
আম,Mango,ul
কাঁঠাল,Jackfruit,kanʈʰaɽ
কলা,Banana,ka͡i̯ɾa
পেয়ারা,Guava,sɘp̚ɽi
তেঁতুল,Tamarind,ɟɔɟɔ
বরই,Plum,ɟɘnum
পেঁপে,Papaya,pɘpit̪a
জাম,Java Plum,kud̪
তাল,Palmyra Palm,t̪ale
পেঁপে,Papaya,papit̪a
রসুন,Garlic,ɾɘsun
পেঁয়াজ,Onion,pe.jãc̚
আদা,Ginger,ad̪ʰhɛ
কাঁচা মরিচ,Green Chilies,bɛɾɛl mɘɾic̚
শুকনা মরিচ,Dry Chili,ɾɔhɔɽ mɘɾic̚
তিল,Sesame,t̪ilmiɲ
সরিষা,Mustard,t̪uɽi
শুঁটকি,Dry Fish/Meat,ɾɔhɔɽ
মিষ্টি কুমড়া,Sweet Pumpkin,konɖha
লাউ,Gourd,hɔt̪ɔt̪̚ʔ
মিষ্টি আলু,Sweet Potato,sɛkɛɾ kɛnd̪a
শিমুল আলু,Potato Sprouts,ed̪el saŋ
মাশরুম/ব্যাঙের ছাতা,Mushroom,ot̪̚ʔ
বেগুন,Eggplant,beŋgaɽ
কচু,Taro Root,sɘɾu
শিম,The Bean,malhan
ভুট্টা,Corn,ɟɔnɖɾa
শাক,Leafy Vegetables,aɽaʔ
হাত,Hand,t̪i
হাতের আঙ্গুল,Finger,t̪i kɘʈup̚ʔ
মুখ,Mouth,moca
চোখ,Eye,mɛ̃t̪̚ʔ
কান,Ear,lut̪uɾ
নাক,Nose,mu
হাঁটু,Knee,gunʈʰi
পা,Leg,ɟaŋga
মাথা,Head,bɔhɔʔ
গলা,Throat,hɔʈɔʔ
পেট,Belly,laʲc̚ʔ
বুক,Chest,kɔɽam
ঘাড়,Neck,d̪ɘbi
চুল,Hair,up̚ʔ
দাড়ি/ গোঁফ,Beard/Mustache,gucu
ভুরু/ ভ্রু,Eye brow,mɛ̃t̚ʔ kuʈi
গাল,Cheeks,ɟoha
জিহ্বা,Tongue,alaŋ
দাঁত,Teeth,ɖaʈa
নখ,Nail,ɾama
হাড়,Bone,ɟaŋ
চামড়া,Skin,haɾt̪a
রক্ত,Blood,ma.jam
হৃৎপিণ্ড,Heart,kɔɽam
পিঠ,Back,d̪i.ja
শরীর,Body,hɔɽmɔ
সাদা,White,ponɖ
কালা,Black,hɛnd̪ɛ
লাল,Red,aɾaʔ
সবুজ,Green,hɘɾi̯͡ɘɽ
নীল,Blue,nil
আকাশী/ আসমানী,Sky Blue,akasi
বেগুনি,Purple,bɛŋgaɽ ɾɔŋ
হলুদ,Yellow,sasaŋ
পোশাক/ জামা,Clothes/Dress,kic̚ɾiʔ kʰɘnɖu̯͡ɘ
জুতা,Shoes,panahi
চুড়ি,Bangles,curli
দুল,Earrings,pagɾa
গলার হার,Pendant,hɔʈɔʔ mala
খোপা-বন্ধনী,Hair Clip/band,sut̪̚ʔ ɟʰɘli
পাগড়ি,The Turban,d̪ɘɽhi
টুপি,Hat,ʈup̚ɾi
পাখি,The Bird,cɛɽɛ̃
গরু,The Cow,ɖaŋɾa
হাঁস,The Duck,gɛɖɛ
মুরগি,The Chicken,sim
ছাগল,The Goat,mɛɾɔm
মহিষ,The Buffalo,kaɖa
শুকর,The Pig,suk̚ɾi
হাতি,The Elephant,hɘt̪i
বাঘ,The Tiger,t̪ɘɾup̚ʔ
ভালুক,The Bear,bana
হরিণ,The Deer,ɟel
বানর,The Monkey,gɘɽĩ
খরগোশ,The Rabbit,kulɘ͡i̯
শিয়াল,The Fox,t̪u.ju
সাপ,The Snake,biɲ
কচ্ছপ,The Turtle,biɲ
ব্যাঙ,The Frog,ɾɔʈɛ
কুকুর,The Dog,sɛt̪a
বিড়াল,The Cat,pusi
ঘোড়া,The Horse,sad̪ɔm
মাছ,The Fish,haku
পোকা,Insect,t̪iɟu
মৌমাছি,The Bee,ɲɛlɛ
মাছি,The Fly,ɾɔ̃
মাকড়সা,The Spider,bind̪i
পিঁপড়া,The Ant,muʲc̚ʔ
মশা,The Mosquito,sĩkɽĩʲc̚ʔ
বুলবুলি,The Mavis,ʈik̚ʈɔ̃ɽɔ̃ʔ
ঘুঘু,The Dove,pot̪am
চড়ুই,The Sparrow,gʰão̯͡ã
দোয়েল,Oriental Magpie Robin,hɘt̪iuɽiʔ
বক,The Heron,kɔ̃ʔ
কাক,The Crow,kɘhũ
ঈগল,The Eagle,paɟʰaɽ
চিল,The Milvus,kũɽĩt̪̚ʔ
শকুন,The Vulture,gid̪i
গ্রাম,Village,at̪o
পানি,Water,d̪aʔ
নদী,River,gaɖa
পাহাড়,Mountain,buɾu
চাঁদ,Moon,cand̪o
তারা,Star,ipil
আলো,Light,maɾsal
অন্ধকার,Dark,ɲut̪̚ʔ
গাছ,Tree,d̪aɾe
মাটি,Soil,hasa
ধুলো,Dust,d̪ʰuɽi
পাথর,Stone,d̪ʰiɾi
লতা,Sand,nɘɽi
পাতা,Leaf,sakam
শিকড়,Roots,ɾɛhɛt̪̚ʔ
ফুল,Flower,baha
ফল,Fruit,ɟɔː
১ ম মাসের নাম,Name of the 1st month,bɘ͡i̯sɘkʰ
২য় মাসের নাম,Name of the 2nd month,ɟʰɛ̃ʈ̚
৩য় মাসের নাম,Name of the 3rd month,asaɽ
৪র্থ মাসের নাম,Name of the 4th month,san
৫ম মাসের নাম,Name of the 5th month,bʰad̪ɔɾ
৬ষ্ঠ মাসের নাম,Name of the 6th month,ɘsin
৭ম মাসের নাম,Name of the 7th month,kɘɾt̪ik̚
৯ম মাসের নাম,Name of the 9th month,agʰɔn
১০ম মাসের নাম,Name of the 10th month,pus
১১তম মাসের নাম,Name of the 11th month,magʰ
১২তম মাসের নাম,Name of the 12th month,pʰagun
৮ম মাসের নাম,Name of the 8th month,cɘt̪̚
গ্রীষ্ম,Summer,set̪oŋ
বর্ষা,Monsoon,ɟɘput̪̚ʔ
শরৎ,Autumn,niɾɘn
হেমন্ত,Late autumn,agʰãɽ
শীত,Winter,ɾabaŋ
বসন্ত,Spring,ʈaɽaŋ d̪in
শনি,Saturday,sɘnicaɾ
রবি,Sunday,aʈʰo̯͡aɾ
সোম,Monday,sɔm
মঙ্গল,Tuesday,mɔŋgɔl
বুধ,Wednesday,bud̪ʰ
বৃহস্পতি,Thursday,luk̚kʰi baɾ
শুক্র,Friday,sokol
সময়,Time,ɔk̚t̪ɛ
বিকাল,Afternoon,ɘ.jup̚ʔ beɾ
সকাল,Morning,set̪aʔ beɾ
দুপুর,Noon,t̪ikin beɾ
সন্ধ্যা,Evening,ɘ.jup̚ʔ beɾ
রাত,Night,ɲind̪ɘ
ঘণ্টা,Hour,gʰɔnʈa
দিন,Day,maha
সপ্তাহ,Week,hap̚t̪a
মাস,Month,mɘh̚nɘ
বছর,Year,bɔcʰɔɾ
যুগ,Era,ɟug
দাদা,Grandfather,gɔɽɔmba
দাদি,Grandmother,gɔɽɔm a.jo
মা,Mother,gɔgɔ
বাবা,Father,baba
জ্যাঠা (বড় কাকা),Uncle (father’s elder brother),maɾaŋba
কাকা,Uncle (father’s younger brother),hɔpɔnba
জেঠি (বড় কাকি),Aunt (wife of father’s elder brother),maɾaŋgɔ
কাকি,Aunt (wife of father’s younger brother),hɔpɔngɔ
আত্মীয়,Relative,peɽa
মেয়ে,Daughter,kuɽi gid̪ɾɘ
ছেলে,Son,kɔɽa gid̪ɾɘ
সন্তান,Offspring,gid̪ɾɘko
বাচ্চা/ শিশু,Kid,kɘʈiʲc̚ʔ gid̪ɾɘko
নানা,Grandfather (maternal),haɽamba
নানি,Grandmother (maternal),buɖigɔ
বড় ভাই,Elder brother,lɘʈu bɔ͡i̯ha
ভাই,Brother,bɔ͡i̯ha
বড় বোন,Elder sister,lɘʈu d̪id̪i
বোন,Sister,misɾa
ভাবী,Sister-in-law,hili
দুলাভাই,Brother-in-law,t̪iɲaŋ
শ্বশুর,Father-in-law,hɔ̃͡i̯haɾbaba
শাশুড়ি,Mother-in-law,hanhaɾ gɔgɔ
শ্যালিকা/ ননদ,Sister-in-law (husband/wife’s sister),ɛɾo̯͡ɛl kuɽi
শ্যালক/ দেবর,Brother-in-law (husband’s/ wife’s brother),ɛɾo̯͡ɛl kɔɽa
ভাগ্নে,Nephew (sister’s son),bʰɘgnɘ
ভাগ্নি,Niece (sister’s daughter),bʰagni
ভাতিজা,Nephew (brother’s son),bʰɘcɘt̪̚ kɔɽa
ভাতিজী,Niece (brother’s daughter),bʰɘcɘt̪̚ kuɽi
বান্ধবী,Friend (female),gat̪e kuɽi
বন্ধু,Friend (male),gat̪e kɔɽa
