generated_id,template_id,generated_santali,generated_english,generated_bangla,best_eaf_file,best_eaf_utterance_id,best_eaf_santali,best_eaf_english,best_eaf_bangla,combined_score,english_word_score,english_overlap_score,bangla_overlap_score,santali_overlap_score,confidence
SYN-00001,ADJ_NOUN,ona dɔ ḍhapaṛ ro̱n kuhṛạ kan-a,That is a flapping fog.,ওটা ঝাপটানো কুয়াশা।,santali_with_ipa.eaf,54,ɾesʔk kan-a ɾesʔk kan-a ɾesʔk kɑnɑ,He's happy.,,0.1890,0.0000,0.0000,0.0000,0.3780,low
SYN-00002,SUBJ_ADJ,am dɔ gạphil kan-a-m,you are imprudent.,তুমি অসাবধান।,santali_glossed_1.eaf,63,am cɛt̪̚ʔlɛka mɛnama? am cɛt̪ʔ-lɛka mena-m-a? am | cɛt̪ʔ-lɛka | mena-m-a,Uncle: How are you?,[S7.3] কাকা: তুমি কেমন আছো?,0.2598,0.0000,0.0000,0.2887,0.4330,low
SYN-00005,SUBJ_VERB_NEG_PRESENT,uni dɔ ba-e ṭuṭạu kan-a,he/she does not to be fractured.,সে ভেঙে যাওয়া না।,santali_with_ipa.eaf,39,uni oɽae ba-e sen-kan-a-e uni oɽae ba-e sen-kan-a-e uni oɽɑe bɑe senkɑnɑe,He didn't go home.,,0.2988,0.0000,0.0000,0.0000,0.5976,low
SYN-00006,PLACE_VERB,abo dɔ dhạrti-re kạsi kan-a,we do to castrate in/at universe.,আমরা বিশ্বব্রহ্মাণ্ড-তে খাসি করা।,santali_with_ipa.eaf,54,ɾesʔk kan-a ɾesʔk kan-a ɾesʔk kɑnɑ,He's happy.,,0.1890,0.0000,0.0000,0.0000,0.3780,low
SYN-00008,DEMO_NEG_ADJ,ona dɔ ba-ŋ dacaṅ kan-a,That is not ubiquitous.,ওটা সর্বত্রব্যাপী নয়।,santali_with_ipa.eaf,136,niɟa iŋʔ kɔlɔm ba-ŋ kan-a niɟa iŋʔ kɔlɔm ba-ŋ kan-a niɟɑ iŋʔ kɔlɔm bɑŋ kɑnɑ,This is not my pen.,,0.2390,0.0000,0.0000,0.0000,0.4781,low
SYN-00012,SUBJ_VERB_PRESENT,am dɔ parpạsind kan-a-m,you do to approve.,তুমি অনুমোদন করা।,santali_new_glossed_1.eaf,20,amd̪ɔ cɛt̪ʔ nɔnɖɛniʲcʔ kanam am-d̪ɔ cɛt̪ʔ nɔnɖɛn-iʲcʔ kan-a-m,Are you the person from here?,,0.2462,0.0000,0.0000,0.0000,0.4924,low
SYN-00013,ADJ_NOUN,nɔa dɔ dho̱mo̱k dharapkiạ kan-a,This is a haughty receptacle for sindur.,এটা অহংকারী সিঁদুরের পাত্র।,santali_with_ipa.eaf,54,ɾesʔk kan-a ɾesʔk kan-a ɾesʔk kɑnɑ,He's happy.,,0.2041,0.0000,0.0000,0.0000,0.4082,low
SYN-00015,SUBJ_NEG_ADJ,am dɔ ba-m dạblạ kan-a,you are not mis-shapen.,তুমি বিকৃত আকৃতির নয়।,santali_paradigm_glossed.eaf,51,am bam ɾɔɽa am ba-m ɾɔɽ-a,You do not say so.,,0.2857,0.0000,0.0000,0.0000,0.5714,low
SYN-00017,DEMO_NOM,ona dɔ aṅgur biṛhi kan-a,"That is whitlow, a.",ওটা আঙুলের ফোঁড়া।,santali_with_ipa.eaf,54,ɾesʔk kan-a ɾesʔk kan-a ɾesʔk kɑnɑ,He's happy.,,0.2041,0.0000,0.0000,0.0000,0.4082,low
SYN-00019,SUBJ_VERB_NEG_PRESENT,abo dɔ ba-bon khablao kan-a,we do not to clutch.,আমরা আঁকড়ে ধরা না।,santali_with_ipa.eaf,55,ba-e ɾesʔk kan-a ba-e ɾesʔk kan-a bɑe ɾesʔk kɑnɑ,He isn't happy.,,0.2143,0.0000,0.0000,0.0000,0.4286,low
SYN-00022,IMPERATIVE,aṅgo̱p̕ me,"Please yawn, to.",হাই তোলা।,santali_glossed_1.eaf,20,"mobaĭlt̪ɛ seɾeɲ aɲɟɔmɔʔa, pʰɔʈɔ ɾakabɔʔa, senema aɾ naʈɔk̚ ɲɛlɔ.a. mobaĭl-t̪ɛ seɾeɲ aɲɟɔm-ɔʔ-a, pʰɔʈɔ ɾakab-ɔʔ-a, senema aɾ naʈɔk̚ ɲɛl-ɔ-a. mobaĭl-t̪ɛ | seɾeɲ | aɲɟɔm-ɔʔ-a | pʰɔʈɔ | ɾakab-ɔʔ-a | senema | aɾ | naʈɔk̚ | ɲɛl-ɔ-a","Mobile can be used to listen to music, take pictures and watch movies.","[S3.3] মোবাইলে গান শোনা যায়, ছবি তোলা যায়, সিনেমা ও নাটক দেখা যায়।",0.1837,0.0000,0.0000,0.2041,0.0000,low
SYN-00024,IMPERATIVE,niro̱po̱n me,Please to ascertain.,নির্ণয় করা।,santali_glossed_1.eaf,27,inʈaɾneʈ̚t̪ɛm ɔlɔʔ paɽha͡o̯ d̪aɽe.jaʔa. inʈaɾneʈ̚-t̪ɛ-m ɔlɔʔ paɽha͡o̯ d̪aɽe-aʔ-a. inʈaɾneʈ̚-t̪ɛ-m | ɔlɔʔ | paɽha͡o̯ | d̪aɽe-aʔ-a,We can even study on the internet/ online.,[S3.10] ইন্টারনেটে/ অনলাইনে পড়াশোনা করা যায়।,0.2405,0.0000,0.0000,0.2673,0.0000,low
SYN-00025,PROHIBITIVE,alɔ-m mahkao-a,Do not to emit a perfume.,সুগন্ধ ছড়ানো না।,santali_with_ipa.eaf,59,laŋga-a-m laŋga-a-m lɑŋɡɑɑm,You'll get tired.,,0.2500,0.0000,0.0000,0.0000,0.5000,low
SYN-00026,DEMO_NEG_ADJ,nɔa dɔ ba-ŋ ḍhiso ḍhoro kan-a,This is not unwashed.,এটা অধোয়া নয়।,santali_with_ipa.eaf,136,niɟa iŋʔ kɔlɔm ba-ŋ kan-a niɟa iŋʔ kɔlɔm ba-ŋ kan-a niɟɑ iŋʔ kɔlɔm bɑŋ kɑnɑ,This is not my pen.,,0.2236,0.0000,0.0000,0.0000,0.4472,low
SYN-00027,PLACE_VERB,am dɔ pasṛa-re pańca kan-a,you do to borrow in/at smithy.,তুমি কামারশালা-তে ধার করা।,santali_with_ipa.eaf,54,ɾesʔk kan-a ɾesʔk kan-a ɾesʔk kɑnɑ,He's happy.,,0.1890,0.0000,0.0000,0.0000,0.3780,low
SYN-00028,PROHIBITIVE,alɔ-m hajrao-a,Do not to confront.,মুখোমুখি হওয়া / সম্মুখীন হওয়া না।,santali_with_ipa.eaf,59,laŋga-a-m laŋga-a-m lɑŋɡɑɑm,You'll get tired.,,0.2500,0.0000,0.0000,0.0000,0.5000,low
SYN-00030,SUBJ_ADJ,uni dɔ be̱ho̱k kan-a-e,he/she is partial.,সে পক্ষপাতদুষ্ট।,santali_with_ipa.eaf,78,uni-d̪o iɲ goɡo kan-a-e uni-d̪o iɲ goɡo kan-a-e unid̪o iɲ ɡoɡo kɑnɑe,She is my mother.,,0.2582,0.0000,0.0000,0.0000,0.5164,low
SYN-00033,NUM_NOUN_EXIST,ge̱l irạl beldar minaʔ,"There are/is eighteen navvy, labourer.",আঠারো শ্রমিক আছে।,santali_glossed_1.eaf,103,ʈʰikge.ja. ʈʰik-ge-a. ʈʰik-ge-a,Arka: Okay.,[S8.26] অর্ক: ঠিক আছে।,0.2324,0.0000,0.0000,0.2582,0.0000,low
SYN-00034,SUBJ_VERB_PRESENT,iɲ dɔ bobe kan-a,I do stutter.,আমি তোতলানো।,santali_with_ipa.eaf,86,iɲ bond̪ʰu kan-a-e iɲ bond̪ʰu kan-a-e iɲ bond̪ʰu kɑnɑe,This is my friend.,,0.2739,0.0000,0.0000,0.0000,0.5477,low
SYN-00036,NUM_NOUN_EXIST,ge̱lpea kurtạ minaʔ,There are/is thirteen coat.,তেরো কোট আছে।,santali_glossed_1.eaf,103,ʈʰikge.ja. ʈʰik-ge-a. ʈʰik-ge-a,Arka: Okay.,[S8.26] অর্ক: ঠিক আছে।,0.2324,0.0000,0.0000,0.2582,0.0000,low
SYN-00037,SUBJ_VERB_PRESENT,am dɔ nunu kan-a-m,you do to suckle.,তুমি দুধ খাওয়ানো।,santali_new_glossed_1.eaf,20,amd̪ɔ cɛt̪ʔ nɔnɖɛniʲcʔ kanam am-d̪ɔ cɛt̪ʔ nɔnɖɛn-iʲcʔ kan-a-m,Are you the person from here?,,0.2462,0.0000,0.0000,0.0000,0.4924,low
SYN-00038,ADV_VERB,iɲ dɔ leklekate barac̕ buruc̕ kan-a,I do sparkle worthily.,আমি যোগ্যতাসহকারে ঝলমল করা।,santali_with_ipa.eaf,86,iɲ bond̪ʰu kan-a-e iɲ bond̪ʰu kan-a-e iɲ bond̪ʰu kɑnɑe,This is my friend.,,0.2315,0.0000,0.0000,0.0000,0.4629,low
SYN-00039,SUBJ_VERB_PAST,am dɔ carhao-len-a,you did vex.,তুমি ক্ষুব্ধ করা করেছিল।,santali_glossed_new_2.eaf,125,am am,You.,,0.2236,0.0000,0.0000,0.0000,0.4472,low
SYN-00042,YESNO_VERB,uni dɔ ucạṛ kan-a?,Does he/she to be infectious?,সে কি সংক্রামক হওয়া?,santali_with_ipa.eaf,54,ɾesʔk kan-a ɾesʔk kan-a ɾesʔk kɑnɑ,He's happy.,,0.2236,0.0000,0.0000,0.0000,0.4472,low
SYN-00044,SUBJ_VERB_PRESENT,abo dɔ tahẽ̱kana kan-a-bon,we do was.,আমরা ছিল।,santali_glossed_1.eaf,1,ɔt̪̚ʔɾɛ mit̪̚ʔ ʈʰɔp ɲɛlɛɾasa ɲuːɾakan t̪ahɛ̃kana. ɔt̪ʔ-ɾɛ mit̪ʔ ʈʰɔp ɲɛlɛɾasa ɲuɾ-akan t̪ahɛ̃-kan-a. ɔt̪ʔ-ɾɛ | mit̪ʔ | ʈʰɔp | ɲɛlɛɾasa | ɲuɾ-akan | t̪ahɛ̃-kan-a,A drop of honey was on the ground.,[S1.1] মাটিতে একফোঁটা মধু পড়ে ছিল।,0.2405,0.0000,0.0000,0.2673,0.0000,low
SYN-00045,SUBJ_VERB_PAST,uni dɔ pasnao-len-a,he/she did to strew.,সে ছড়িয়ে দেওয়া করেছিল।,santali_with_ipa.eaf,38,uni oɽae sen-len-a uni oɽae sen-len-a uni oɽɑe senlenɑ,He went home.,,0.2535,0.0000,0.0000,0.0000,0.5071,low
SYN-00046,DEMO_NEG_NOM,nɔa dɔ ṭupri dɔ ba-ŋ kan-a,This is not cap.,এটা টুপি নয়।,santali_with_ipa.eaf,136,niɟa iŋʔ kɔlɔm ba-ŋ kan-a niɟa iŋʔ kɔlɔm ba-ŋ kan-a niɟɑ iŋʔ kɔlɔm bɑŋ kɑnɑ,This is not my pen.,,0.2390,0.0000,0.0000,0.0000,0.4781,low
SYN-00047,POSS_EXIST,am-aʔ mit't'e mạṭku minaʔ,you have one squab.,তুমি একটি কবুতরের ছানা আছে।,santali_with_ipa.eaf,66,iɲ-aʔ mit't'e boi minaʔ iɲ-aʔ mit't'e boi minaʔ iɲɑʔ mitʔte boi minɑʔ,I have a book.,,0.2988,0.0000,0.0000,0.0000,0.5976,low
SYN-00050,SUBJ_VERB_NEG_PRESENT,uni dɔ ba-e ghãi kan-a,he/she does not to snarl.,সে গর্জন করা না।,santali_with_ipa.eaf,39,uni oɽae ba-e sen-kan-a-e uni oɽae ba-e sen-kan-a-e uni oɽɑe bɑe senkɑnɑe,He didn't go home.,,0.2988,0.0000,0.0000,0.0000,0.5976,low
SYN-00051,ADV_VERB,abo dɔ siḍrạk̕ baḍrak̕ phera phiri kan-a,we do alternate abusively.,আমরা অপমানজনকভাবে পালাক্রমে।,santali_glossed_1.eaf,65,alɛ ɟɔt̪ɔhɔɽ mɔ̃ɟge menaʔle.ja. alɛ ɟɔt̪ɔ-hɔɽ mɔ̃ɟ-ge mena-le-a. alɛ | ɟɔt̪ɔ-hɔɽ | mɔ̃ɟ-ge | mena-le-a,Nephew: We are all fine.,[S7.5] ভাতিজা: আমরা সবাই ভালো আছি।,0.1964,0.0000,0.0000,0.2182,0.0000,low
SYN-00053,SUBJ_VERB_FUTURE,iɲ dɔ bạuli-a,I will pretend.,আমি ভান করা করবে।,santali_glossed_new_2.eaf,123,iɲ iɲ,Myself/Me.,,0.2500,0.0000,0.0000,0.0000,0.5000,low
SYN-00054,SUBJ_VERB_PRESENT,am dɔ ḍhar ḍhur kan-a-m,you do conciliate.,তুমি সন্তুষ্ট করা।,santali_new_glossed_1.eaf,20,amd̪ɔ cɛt̪ʔ nɔnɖɛniʲcʔ kanam am-d̪ɔ cɛt̪ʔ nɔnɖɛn-iʲcʔ kan-a-m,Are you the person from here?,,0.2279,0.0000,0.0000,0.0000,0.4558,low
SYN-00058,SUBJ_VERB_PAST,am dɔ bijạu-len-a,you did be assimilated.,তুমি আত্মস্থ হওয়া করেছিল।,santali_glossed_new_2.eaf,125,am am,You.,,0.2236,0.0000,0.0000,0.0000,0.4472,low
SYN-00060,DEMO_NOM,nɔa dɔ sãk kan-a,This is division of threads in mattress.,এটা বিছানার সুতার ভাগ।,santali_with_ipa.eaf,54,ɾesʔk kan-a ɾesʔk kan-a ɾesʔk kɑnɑ,He's happy.,,0.2236,0.0000,0.0000,0.0000,0.4472,low
SYN-00061,YESNO_VERB,iɲ dɔ so̱dọr kan-a?,Do I to demonstrate?,আমি কি প্রদর্শন করা?,santali_with_ipa.eaf,86,iɲ bond̪ʰu kan-a-e iɲ bond̪ʰu kan-a-e iɲ bond̪ʰu kɑnɑe,This is my friend.,,0.2739,0.0000,0.0000,0.0000,0.5477,low
SYN-00062,SUBJ_NEG_ADJ,abo dɔ ba-bon he̱nde̱ macha kan-a,we are not blackish.,আমরা কালচে নয়।,santali_with_ipa.eaf,55,ba-e ɾesʔk kan-a ba-e ɾesʔk kan-a bɑe ɾesʔk kɑnɑ,He isn't happy.,,0.2004,0.0000,0.0000,0.0000,0.4009,low
SYN-00063,SUBJ_VERB_NEG_FUTURE,iɲ dɔ bɔ-iɲ dabao-a,I will not curb.,আমি দমন করা করবে না।,santali_with_ipa.eaf,110,iɲ-d̪o bɔ-iɲ ɟɔm-a iɲ-d̪o bɔ-iɲ ɟɔm-a iɲd̪o bɔiɲ ɟɔmɑ,"No, I will not eat.",,0.2372,0.0000,0.0000,0.0000,0.4743,low
SYN-00067,POSS_NOM,nɔa dɔ abo-aʔ kursạ baha kul kan-a,This is we's leopard.,এটা আমরা-এর চিতা বাঘ।,santali_glossed_1.eaf,16,mit̪̚ʔ ɔk̚t̪ɛ t̪ɘɾup̚ʔ nɔa͡i̯ buɟʰhɘ͡o̯ked̪a aɾ suk̚ɾi.jɛ mɛt̪ade.ja. mit̪ʔ ɔk̚t̪ɛ t̪ɘɾup̚ʔ no̯͡a-i̯ buɟʰhɘ͡o̯-ked-a aɾ suk̚ɾi-e mɛt̪-ad-e-a. mit̪ʔ | ɔk̚t̪ɛ | t̪ɘɾup̚ʔ | no̯͡a-i̯ | buɟʰhɘ͡o̯-ked-a | aɾ | suk̚ɾi-e | mɛt̪-ad-e-a,At some point the tiger understood this and told the pig.,[S2.7] একসময় বাঘ এটা বুঝতে পারলো এবং শুকরকে বললো।,0.2546,0.0000,0.0000,0.2828,0.0000,low
SYN-00070,SUBJ_VERB_PRESENT,uni dɔ chiṇḍạu kan-a-e,he/she does arbitrate.,সে সালিশি করা।,santali_with_ipa.eaf,39,uni oɽae ba-e sen-kan-a-e uni oɽae ba-e sen-kan-a-e uni oɽɑe bɑe senkɑnɑe,He didn't go home.,,0.2582,0.0000,0.0000,0.0000,0.5164,low
SYN-00072,SUBJ_VERB_FUTURE,iɲ dɔ ạtu-a,I will glide.,আমি পিছলে চলা করবে।,santali_glossed_new_2.eaf,123,iɲ iɲ,Myself/Me.,,0.2500,0.0000,0.0000,0.0000,0.5000,low
SYN-00074,SUBJ_VERB_FUTURE,uni dɔ hanao-a,he/she will to thwart.,সে বাধা দেওয়া / ব্যর্থ করা করবে।,santali_glossed_new_2.eaf,126,uni uni,He/She.,,0.2500,0.0000,0.0000,0.0000,0.5000,low
SYN-00075,SUBJ_VERB_NEG_PRESENT,am dɔ ba-m ḍhanman kan-a,you do not totter.,তুমি টলমল করা না।,santali_see_paradigm.eaf,71,am bam ɲɛla am ba-m ɲɛl-a,You will not see.,,0.2857,0.0000,0.0000,0.0000,0.5714,low
SYN-00076,SUBJ_VERB_PAST,uni dɔ phuṭ-len-a,he/she did to be unpaired.,সে জোড়া খুলে যাওয়া করেছিল।,santali_with_ipa.eaf,38,uni oɽae sen-len-a uni oɽae sen-len-a uni oɽɑe senlenɑ,He went home.,,0.2535,0.0000,0.0000,0.0000,0.5071,low
SYN-00077,SUBJ_ADJ,uni dɔ cãe cẽṭ kan-a-e,he/she is miserly.,সে কৃপণ।,santali_with_ipa.eaf,78,uni-d̪o iɲ goɡo kan-a-e uni-d̪o iɲ goɡo kan-a-e unid̪o iɲ ɡoɡo kɑnɑe,She is my mother.,,0.2390,0.0000,0.0000,0.0000,0.4781,low
SYN-00080,SUBJ_VERB_NEG_FUTURE,abo dɔ ba-bon baclao-a,"we will not escape, to.",আমরা পালানো করবে না।,santali_new_glossed_1.eaf,63,d̪aʔ bɛgɔɾt̪ɛ abo d̯ɔ babon ɟiu̯͡ed̪ɔʔa d̪aʔ bɛgɔɾ-t̪ɛ abo d̯ɔ ba-bon ɟiu̯͡e-d̪ɔʔ-a,We cannot live without water.,,0.2265,0.0000,0.0000,0.0000,0.4529,low
SYN-00081,YESNO_ADJ,ona dɔ omor kan-a?,Is that perennial?,ওটা কি চিরস্থায়ী?,santali_with_ipa.eaf,54,ɾesʔk kan-a ɾesʔk kan-a ɾesʔk kɑnɑ,He's happy.,,0.2236,0.0000,0.0000,0.0000,0.4472,low
SYN-00088,SUBJ_VERB_NEG_FUTURE,abo dɔ ba-bon geraṅ huruṅ-a,we will not to moan / to wail.,আমরা কাতরানো / আর্তনাদ করা করবে না।,santali_new_glossed_1.eaf,63,d̪aʔ bɛgɔɾt̪ɛ abo d̯ɔ babon ɟiu̯͡ed̪ɔʔa d̪aʔ bɛgɔɾ-t̪ɛ abo d̯ɔ ba-bon ɟiu̯͡e-d̪ɔʔ-a,We cannot live without water.,,0.2097,0.0000,0.0000,0.0000,0.4193,low
SYN-00090,DEMO_ADJ,nɔa dɔ gahagạḍ kan-a,This is teeming.,এটা ভরপুর।,santali_glossed_1.eaf,80,"hɛ̃ː, no̯͡a d̪ɔ mit̪̚ʔʈɛn bʰage hudis. hɛ̃, no̯͡a d̪ɔ mit̪ʔ-ʈɛn bʰage hudis. hɛ̃ | no̯͡a | d̪ɔ | mit̪ʔ-ʈɛn | bʰage | hudis","Pradeep: Yes, it's a great/good idea.","[S8.3] প্রদীপ: হ্যাঁ, এটা একটা দারুণ চিন্তা।",0.2250,0.0000,0.0000,0.2500,0.0000,low
SYN-00092,SUBJ_VERB_PAST,uni dɔ jhạṛuk̕-len-a,he/she did to bound.,সে লাফিয়ে চলা করেছিল।,santali_with_ipa.eaf,38,uni oɽae sen-len-a uni oɽae sen-len-a uni oɽɑe senlenɑ,He went home.,,0.2535,0.0000,0.0000,0.0000,0.5071,low
SYN-00095,IMPERATIVE,aka me,Please suspend.,"ঝুলিয়ে রাখা, স্থগিত করা।",santali_glossed_1.eaf,27,inʈaɾneʈ̚t̪ɛm ɔlɔʔ paɽha͡o̯ d̪aɽe.jaʔa. inʈaɾneʈ̚-t̪ɛ-m ɔlɔʔ paɽha͡o̯ d̪aɽe-aʔ-a. inʈaɾneʈ̚-t̪ɛ-m | ɔlɔʔ | paɽha͡o̯ | d̪aɽe-aʔ-a,We can even study on the internet/ online.,[S3.10] ইন্টারনেটে/ অনলাইনে পড়াশোনা করা যায়।,0.1701,0.0000,0.0000,0.1890,0.0000,low
SYN-00099,OBJECT_VERB,am dɔ cạukidar-i bạḍ-a,"you do multiply, to with watchman.",তুমি প্রহরী বৃদ্ধি করা।,santali_glossed_new_2.eaf,125,am am,You.,,0.2041,0.0000,0.0000,0.0000,0.4082,low
SYN-00101,DEMO_NOM,nɔa dɔ hulmạl kan-a,This is mutiny.,এটা বিদ্রোহ।,santali_glossed_1.eaf,80,"hɛ̃ː, no̯͡a d̪ɔ mit̪̚ʔʈɛn bʰage hudis. hɛ̃, no̯͡a d̪ɔ mit̪ʔ-ʈɛn bʰage hudis. hɛ̃ | no̯͡a | d̪ɔ | mit̪ʔ-ʈɛn | bʰage | hudis","Pradeep: Yes, it's a great/good idea.","[S8.3] প্রদীপ: হ্যাঁ, এটা একটা দারুণ চিন্তা।",0.2250,0.0000,0.0000,0.2500,0.0000,low
SYN-00103,SUBJ_VERB_PAST,am dɔ ạdhi-len-a,you did reduce.,তুমি হ্রাস করা করেছিল।,santali_glossed_new_2.eaf,125,am am,You.,,0.2236,0.0000,0.0000,0.0000,0.4472,low
SYN-00104,DEMO_NEG_NOM,ona dɔ bạḍhi dɔ ba-ŋ kan-a,"That is not pile, a.",ওটা স্তূপ নয়।,santali_with_ipa.eaf,136,niɟa iŋʔ kɔlɔm ba-ŋ kan-a niɟa iŋʔ kɔlɔm ba-ŋ kan-a niɟɑ iŋʔ kɔlɔm bɑŋ kɑnɑ,This is not my pen.,,0.2390,0.0000,0.0000,0.0000,0.4781,low
SYN-00107,OBJECT_VERB_NEG,abo dɔ anman-to ba-bon jadgo-a,we do not to paw with appraisement.,আমরা মূল্যায়ন থাবা মারা না।,santali_new_glossed_1.eaf,63,d̪aʔ bɛgɔɾt̪ɛ abo d̯ɔ babon ɟiu̯͡ed̪ɔʔa d̪aʔ bɛgɔɾ-t̪ɛ abo d̯ɔ ba-bon ɟiu̯͡e-d̪ɔʔ-a,We cannot live without water.,,0.1961,0.0000,0.0000,0.0000,0.3922,low
SYN-00108,DEMO_ADJ,ona dɔ jhạlur kan-a,That is baggy.,ওটা ঝুলন্ত / ঢিলা।,santali_with_ipa.eaf,54,ɾesʔk kan-a ɾesʔk kan-a ɾesʔk kɑnɑ,He's happy.,,0.2236,0.0000,0.0000,0.0000,0.4472,low
SYN-00111,DEMO_ADJ,nɔa dɔ be̱abron kan-a,This is disgraced.,"এটা লজ্জিত, অপদস্থ।",santali_with_ipa.eaf,54,ɾesʔk kan-a ɾesʔk kan-a ɾesʔk kɑnɑ,He's happy.,,0.2236,0.0000,0.0000,0.0000,0.4472,low
SYN-00117,NUM_NOUN_EXIST,ge̱l mõ̠ṛẽ̱ bạnduk minaʔ,There are/is fifteen gun.,পনেরো বন্দুক আছে।,santali_glossed_1.eaf,103,ʈʰikge.ja. ʈʰik-ge-a. ʈʰik-ge-a,Arka: Okay.,[S8.26] অর্ক: ঠিক আছে।,0.2324,0.0000,0.0000,0.2582,0.0000,low
SYN-00118,LOC_EXIST,bhap-re koṭha minaʔ,There is ceiling in/at vapour.,বাষ্প-তে ছাদ আছে।,santali_glossed_1.eaf,103,ʈʰikge.ja. ʈʰik-ge-a. ʈʰik-ge-a,Arka: Okay.,[S8.26] অর্ক: ঠিক আছে।,0.2012,0.0000,0.0000,0.2236,0.0000,low
SYN-00120,SUBJ_NEG_ADJ,am dɔ ba-m iric̕ cikic̕ kan-a,you are not fond of junketing / revelry.,তুমি ভোজপ্রিয় / উৎসবপ্রিয় নয়।,santali_paradigm_glossed.eaf,51,am bam ɾɔɽa am ba-m ɾɔɽ-a,You do not say so.,,0.2673,0.0000,0.0000,0.0000,0.5345,low
SYN-00121,POSS_NOM,nɔa dɔ uni-aʔ susi kan-a,This is he/she's pretext.,এটা সে-এর অজুহাত।,santali_glossed_new.eaf,15,uni.j-aʔ hɔɽmɔ-ɾɛ cɛt̪̚ʔ ɾu̯͡ɘ mɛn-a-a uni.j-aʔ hɔɽmɔ-ɾɛ cɛt̪̚ʔ ɾu̯͡ɘ mɛn-a-a,Doctor: Does he have a fever?,,0.1890,0.0000,0.0000,0.0000,0.3780,low
SYN-00123,SUBJ_ADJ,abo dɔ cikan kan-a-bon,we are shiny.,আমরা চকচকে।,santali_glossed_1.eaf,65,alɛ ɟɔt̪ɔhɔɽ mɔ̃ɟge menaʔle.ja. alɛ ɟɔt̪ɔ-hɔɽ mɔ̃ɟ-ge mena-le-a. alɛ | ɟɔt̪ɔ-hɔɽ | mɔ̃ɟ-ge | mena-le-a,Nephew: We are all fine.,[S7.5] ভাতিজা: আমরা সবাই ভালো আছি।,0.2405,0.0000,0.0000,0.2673,0.0000,low
SYN-00124,YESNO_VERB,abo dɔ bhạri kan-a?,Do we load?,আমরা কি বোঝাই করা?,santali_with_ipa.eaf,54,ɾesʔk kan-a ɾesʔk kan-a ɾesʔk kɑnɑ,He's happy.,,0.2236,0.0000,0.0000,0.0000,0.4472,low
SYN-00125,SUBJ_VERB_NEG_PRESENT,am dɔ ba-m o̱jo̱k̕ kan-a,you do not to anoint.,তুমি তেল মালিশ করা না।,santali_see_paradigm.eaf,71,am bam ɲɛla am ba-m ɲɛl-a,You will not see.,,0.2857,0.0000,0.0000,0.0000,0.5714,low
SYN-00126,PLACE_VERB,iɲ dɔ caṇḍbo̱l ipil-re bhaskao kan-a,I do collapse in/at comet.,আমি ধূমকেতু-তে ধসে পড়া।,santali_with_ipa.eaf,86,iɲ bond̪ʰu kan-a-e iɲ bond̪ʰu kan-a-e iɲ bond̪ʰu kɑnɑe,This is my friend.,,0.2165,0.0000,0.0000,0.0000,0.4330,low
SYN-00127,PLACE_VERB,am dɔ ran oṛak̕-re bejha kan-a,you do blame in/at dispensary.,তুমি চিকিৎসালয়-তে দোষারোপ করা।,santali_with_ipa.eaf,54,ɾesʔk kan-a ɾesʔk kan-a ɾesʔk kɑnɑ,He's happy.,,0.1768,0.0000,0.0000,0.0000,0.3536,low
SYN-00129,PLACE_VERB,iɲ dɔ ṭạṅgi-re ataṅ daram kan-a,I do welcome in/at dovecot.,আমি কবুতরখানা-তে স্বাগত জানানো।,santali_with_ipa.eaf,86,iɲ bond̪ʰu kan-a-e iɲ bond̪ʰu kan-a-e iɲ bond̪ʰu kɑnɑe,This is my friend.,,0.2165,0.0000,0.0000,0.0000,0.4330,low
SYN-00130,SUBJ_ADJ,am dɔ gola kan-a-m,you are brown.,তুমি বাদামি।,santali_glossed_1.eaf,63,am cɛt̪̚ʔlɛka mɛnama? am cɛt̪ʔ-lɛka mena-m-a? am | cɛt̪ʔ-lɛka | mena-m-a,Uncle: How are you?,[S7.3] কাকা: তুমি কেমন আছো?,0.2598,0.0000,0.0000,0.2887,0.4330,low
SYN-00131,SUBJ_VERB_PRESENT,abo dɔ mocṛa mucṛi kan-a-bon,we do to contort.,আমরা বিকৃত করা।,santali_glossed_1.eaf,27,inʈaɾneʈ̚t̪ɛm ɔlɔʔ paɽha͡o̯ d̪aɽe.jaʔa. inʈaɾneʈ̚-t̪ɛ-m ɔlɔʔ paɽha͡o̯ d̪aɽe-aʔ-a. inʈaɾneʈ̚-t̪ɛ-m | ɔlɔʔ | paɽha͡o̯ | d̪aɽe-aʔ-a,We can even study on the internet/ online.,[S3.10] ইন্টারনেটে/ অনলাইনে পড়াশোনা করা যায়।,0.1964,0.0000,0.0000,0.2182,0.0000,low
SYN-00132,LOC_EXIST,buru nala-re jae minaʔ,There is victory in/at valley.,উপত্যকা-তে জয় আছে।,santali_glossed_1.eaf,103,ʈʰikge.ja. ʈʰik-ge-a. ʈʰik-ge-a,Arka: Okay.,[S8.26] অর্ক: ঠিক আছে।,0.2012,0.0000,0.0000,0.2236,0.0000,low
SYN-00134,POSS_NOM,nɔa dɔ uni-aʔ rihại kan-a,This is he/she's acquittal.,এটা সে-এর খালাস।,santali_glossed_new.eaf,15,uni.j-aʔ hɔɽmɔ-ɾɛ cɛt̪̚ʔ ɾu̯͡ɘ mɛn-a-a uni.j-aʔ hɔɽmɔ-ɾɛ cɛt̪̚ʔ ɾu̯͡ɘ mɛn-a-a,Doctor: Does he have a fever?,,0.1890,0.0000,0.0000,0.0000,0.3780,low
SYN-00136,PLACE_VERB,iɲ dɔ ṭạṅgi-re salgao kan-a,I do to inflame in/at dovecot.,আমি কবুতরখানা-তে উস্কানো।,santali_with_ipa.eaf,86,iɲ bond̪ʰu kan-a-e iɲ bond̪ʰu kan-a-e iɲ bond̪ʰu kɑnɑe,This is my friend.,,0.2315,0.0000,0.0000,0.0000,0.4629,low
SYN-00137,DEMO_NEG_ADJ,nɔa dɔ ba-ŋ podgoe kan-a,This is not rufous.,এটা লালচে নয়।,santali_with_ipa.eaf,136,niɟa iŋʔ kɔlɔm ba-ŋ kan-a niɟa iŋʔ kɔlɔm ba-ŋ kan-a niɟɑ iŋʔ kɔlɔm bɑŋ kɑnɑ,This is not my pen.,,0.2390,0.0000,0.0000,0.0000,0.4781,low
SYN-00138,SUBJ_VERB_NEG_PRESENT,uni dɔ ba-e bilo̱m kan-a,he/she does not saunter.,সে ঘুরে ঘুরে বেড়ানো না।,santali_with_ipa.eaf,39,uni oɽae ba-e sen-kan-a-e uni oɽae ba-e sen-kan-a-e uni oɽɑe bɑe senkɑnɑe,He didn't go home.,,0.2988,0.0000,0.0000,0.0000,0.5976,low
SYN-00140,POSS_NOM,nɔa dɔ uni-aʔ hirạ kan-a,This is he/she's diamond.,এটা সে-এর হীরা।,santali_glossed_new.eaf,15,uni.j-aʔ hɔɽmɔ-ɾɛ cɛt̪̚ʔ ɾu̯͡ɘ mɛn-a-a uni.j-aʔ hɔɽmɔ-ɾɛ cɛt̪̚ʔ ɾu̯͡ɘ mɛn-a-a,Doctor: Does he have a fever?,,0.1890,0.0000,0.0000,0.0000,0.3780,low
SYN-00142,DEMO_NEG_ADJ,nɔa dɔ ba-ŋ ganjha gạnjhi kan-a,This is not trampled.,এটা পদদলিত নয়।,santali_with_ipa.eaf,136,niɟa iŋʔ kɔlɔm ba-ŋ kan-a niɟa iŋʔ kɔlɔm ba-ŋ kan-a niɟɑ iŋʔ kɔlɔm bɑŋ kɑnɑ,This is not my pen.,,0.2236,0.0000,0.0000,0.0000,0.4472,low
SYN-00144,POSS_NOM,ona dɔ abo-aʔ ḍạṇḍit̕ kan-a,That is we's shaft.,ওটা আমরা-এর দণ্ড।,santali_with_ipa.eaf,54,ɾesʔk kan-a ɾesʔk kan-a ɾesʔk kɑnɑ,He's happy.,,0.1890,0.0000,0.0000,0.0000,0.3780,low
SYN-00145,SUBJ_NEG_ADJ,abo dɔ ba-bon begar kan-a,we are not separate.,আমরা আলাদা নয়।,santali_with_ipa.eaf,55,ba-e ɾesʔk kan-a ba-e ɾesʔk kan-a bɑe ɾesʔk kɑnɑ,He isn't happy.,,0.2143,0.0000,0.0000,0.0000,0.4286,low
SYN-00146,SUBJ_ADJ,am dɔ bạulạ / bạuli kan-a-m,you are insane.,তুমি উন্মাদ।,santali_glossed_1.eaf,63,am cɛt̪̚ʔlɛka mɛnama? am cɛt̪ʔ-lɛka mena-m-a? am | cɛt̪ʔ-lɛka | mena-m-a,Uncle: How are you?,[S7.3] কাকা: তুমি কেমন আছো?,0.2598,0.0000,0.0000,0.2887,0.4009,low
SYN-00149,POSS_EXIST,abo-aʔ mit't'e bhabna minaʔ,we have one anxiety.,আমরা একটি উদ্বেগ আছে।,santali_with_ipa.eaf,66,iɲ-aʔ mit't'e boi minaʔ iɲ-aʔ mit't'e boi minaʔ iɲɑʔ mitʔte boi minɑʔ,I have a book.,,0.2988,0.0000,0.0000,0.0000,0.5976,low
SYN-00152,DEMO_NEG_NOM,nɔa dɔ co̱ṭ dɔ ba-ŋ kan-a,This is not firmament.,এটা আকাশমণ্ডল নয়।,santali_with_ipa.eaf,136,niɟa iŋʔ kɔlɔm ba-ŋ kan-a niɟa iŋʔ kɔlɔm ba-ŋ kan-a niɟɑ iŋʔ kɔlɔm bɑŋ kɑnɑ,This is not my pen.,,0.2390,0.0000,0.0000,0.0000,0.4781,low
SYN-00153,NUM_NOUN_EXIST,sae birbao minaʔ,There are/is hundred cyclone.,একশ ঘূর্ণিঝড় আছে।,santali_glossed_1.eaf,103,ʈʰikge.ja. ʈʰik-ge-a. ʈʰik-ge-a,Arka: Okay.,[S8.26] অর্ক: ঠিক আছে।,0.2324,0.0000,0.0000,0.2582,0.0000,low
SYN-00154,SUBJ_VERB_NEG_PRESENT,iɲ dɔ bɔ-iɲ chõ̠c kan-a,I do not smear.,আমি মাখানো না।,santali_with_ipa.eaf,86,iɲ bond̪ʰu kan-a-e iɲ bond̪ʰu kan-a-e iɲ bond̪ʰu kɑnɑe,This is my friend.,,0.2500,0.0000,0.0000,0.0000,0.5000,low
SYN-00156,NUM_NOUN_EXIST,ge̱l irạl ikraṛ nama minaʔ,There are/is eighteen indenture.,আঠারো চুক্তিপত্র আছে।,santali_glossed_1.eaf,103,ʈʰikge.ja. ʈʰik-ge-a. ʈʰik-ge-a,Arka: Okay.,[S8.26] অর্ক: ঠিক আছে।,0.2324,0.0000,0.0000,0.2582,0.0000,low
SYN-00157,SUBJ_VERB_NEG_PRESENT,iɲ dɔ bɔ-iɲ caco kan-a,I do not toddle.,আমি হামাগুড়ি দেওয়া না।,santali_with_ipa.eaf,86,iɲ bond̪ʰu kan-a-e iɲ bond̪ʰu kan-a-e iɲ bond̪ʰu kɑnɑe,This is my friend.,,0.2500,0.0000,0.0000,0.0000,0.5000,low
SYN-00158,SUBJ_VERB_PRESENT,uni dɔ rạkhi jogao kan-a-e,he/she does to be thrifty.,সে কৃপণতা করা।,santali_with_ipa.eaf,39,uni oɽae ba-e sen-kan-a-e uni oɽae ba-e sen-kan-a-e uni oɽɑe bɑe senkɑnɑe,He didn't go home.,,0.2390,0.0000,0.0000,0.0000,0.4781,low
SYN-00163,DEMO_NEG_ADJ,ona dɔ ba-ŋ rotho kan-a,That is not burly.,ওটা বলিষ্ঠ নয়।,santali_with_ipa.eaf,136,niɟa iŋʔ kɔlɔm ba-ŋ kan-a niɟa iŋʔ kɔlɔm ba-ŋ kan-a niɟɑ iŋʔ kɔlɔm bɑŋ kɑnɑ,This is not my pen.,,0.2390,0.0000,0.0000,0.0000,0.4781,low
SYN-00165,YESNO_VERB,iɲ dɔ beke kan-a?,Do I squabble?,আমি কি ঝগড়া করা?,santali_with_ipa.eaf,86,iɲ bond̪ʰu kan-a-e iɲ bond̪ʰu kan-a-e iɲ bond̪ʰu kɑnɑe,This is my friend.,,0.2739,0.0000,0.0000,0.0000,0.5477,low
SYN-00167,IMPERATIVE,hebajo̱t me,Please to defend.,রক্ষা করা / প্রতিরক্ষা করা।,santali_glossed_1.eaf,27,inʈaɾneʈ̚t̪ɛm ɔlɔʔ paɽha͡o̯ d̪aɽe.jaʔa. inʈaɾneʈ̚-t̪ɛ-m ɔlɔʔ paɽha͡o̯ d̪aɽe-aʔ-a. inʈaɾneʈ̚-t̪ɛ-m | ɔlɔʔ | paɽha͡o̯ | d̪aɽe-aʔ-a,We can even study on the internet/ online.,[S3.10] ইন্টারনেটে/ অনলাইনে পড়াশোনা করা যায়।,0.1964,0.0000,0.0000,0.2182,0.0000,low
SYN-00168,YESNO_VERB,abo dɔ dagar dugur kan-a?,Do we flicker?,আমরা কি মিটমিট করা?,santali_with_ipa.eaf,54,ɾesʔk kan-a ɾesʔk kan-a ɾesʔk kɑnɑ,He's happy.,,0.2041,0.0000,0.0000,0.0000,0.4082,low
SYN-00169,SUBJ_VERB_NEG_PRESENT,abo dɔ ba-bon ke̱cme̱cao kan-a,we do not to curvet.,আমরা লাফ দিয়ে খেলা না।,santali_with_ipa.eaf,55,ba-e ɾesʔk kan-a ba-e ɾesʔk kan-a bɑe ɾesʔk kɑnɑ,He isn't happy.,,0.2143,0.0000,0.0000,0.0000,0.4286,low
SYN-00171,YESNO_VERB,iɲ dɔ do̱lbado̱l kan-a?,Do I barter?,আমি কি বিনিময়?,santali_with_ipa.eaf,86,iɲ bond̪ʰu kan-a-e iɲ bond̪ʰu kan-a-e iɲ bond̪ʰu kɑnɑe,This is my friend.,,0.2739,0.0000,0.0000,0.0000,0.5477,low
SYN-00172,PLACE_VERB,uni dɔ dãṛgu-re nisṛạu kan-a,he/she does banter in/at precipice.,সে খাড়া গিরিখাদ-তে ঠাট্টা।,santali_with_ipa.eaf,54,ɾesʔk kan-a ɾesʔk kan-a ɾesʔk kɑnɑ,He's happy.,,0.1890,0.0000,0.0000,0.0000,0.3780,low
SYN-00173,SUBJ_VERB_FUTURE,am dɔ bhaṅga-a,you will tamper with.,তুমি নষ্ট করা করবে।,santali_glossed_new_2.eaf,125,am am,You.,,0.2500,0.0000,0.0000,0.0000,0.5000,low
SYN-00174,SUBJ_VERB_PAST,am dɔ be̱re̱l-len-a,you did dwell.,তুমি বাস করা করেছিল।,santali_glossed_new_2.eaf,125,am am,You.,,0.2236,0.0000,0.0000,0.0000,0.4472,low
SYN-00175,SUBJ_VERB_PRESENT,am dɔ ḍakaṛ ḍukuṛ kan-a-m,you do jolt.,তুমি ঝাঁকি দেওয়া।,santali_new_glossed_1.eaf,20,amd̪ɔ cɛt̪ʔ nɔnɖɛniʲcʔ kanam am-d̪ɔ cɛt̪ʔ nɔnɖɛn-iʲcʔ kan-a-m,Are you the person from here?,,0.2279,0.0000,0.0000,0.0000,0.4558,low
SYN-00178,LOC_EXIST,dhạlu-re cạtrạṛia minaʔ,There is boor in/at slope.,ঢালু-তে অভদ্র লোক আছে।,santali_glossed_1.eaf,103,ʈʰikge.ja. ʈʰik-ge-a. ʈʰik-ge-a,Arka: Okay.,[S8.26] অর্ক: ঠিক আছে।,0.1800,0.0000,0.0000,0.2000,0.0000,low
SYN-00180,OBJECT_VERB_NEG,abo dɔ gạlti-to ba-bon cugli capạṭi-a,we do not traduce with slip / fault.,আমরা ভুল / ত্রুটি নিন্দা করা না।,santali_new_glossed_1.eaf,63,d̪aʔ bɛgɔɾt̪ɛ abo d̯ɔ babon ɟiu̯͡ed̪ɔʔa d̪aʔ bɛgɔɾ-t̪ɛ abo d̯ɔ ba-bon ɟiu̯͡e-d̪ɔʔ-a,We cannot live without water.,,0.1849,0.0000,0.0000,0.0000,0.3698,low
SYN-00183,DEMO_NOM,nɔa dɔ bakea kan-a,This is trumpet.,"এটা তুরহী, ভেরী।",santali_with_ipa.eaf,54,ɾesʔk kan-a ɾesʔk kan-a ɾesʔk kɑnɑ,He's happy.,,0.2236,0.0000,0.0000,0.0000,0.4472,low
SYN-00184,SUBJ_VERB_NEG_PRESENT,uni dɔ ba-e ke̱j kan-a,he/she does not to taunt.,সে বিদ্রূপ করা না।,santali_with_ipa.eaf,39,uni oɽae ba-e sen-kan-a-e uni oɽae ba-e sen-kan-a-e uni oɽɑe bɑe senkɑnɑe,He didn't go home.,,0.2988,0.0000,0.0000,0.0000,0.5976,low
SYN-00187,YESNO_ADJ,ona dɔ haḍrap̕ kan-a?,Is that forceful?,ওটা কি জোরালো?,santali_with_ipa.eaf,54,ɾesʔk kan-a ɾesʔk kan-a ɾesʔk kɑnɑ,He's happy.,,0.2236,0.0000,0.0000,0.0000,0.4472,low
SYN-00188,IMPERATIVE,kalka me,Please to disdain.,অবজ্ঞা করা।,santali_glossed_1.eaf,27,inʈaɾneʈ̚t̪ɛm ɔlɔʔ paɽha͡o̯ d̪aɽe.jaʔa. inʈaɾneʈ̚-t̪ɛ-m ɔlɔʔ paɽha͡o̯ d̪aɽe-aʔ-a. inʈaɾneʈ̚-t̪ɛ-m | ɔlɔʔ | paɽha͡o̯ | d̪aɽe-aʔ-a,We can even study on the internet/ online.,[S3.10] ইন্টারনেটে/ অনলাইনে পড়াশোনা করা যায়।,0.2405,0.0000,0.0000,0.2673,0.0000,low
SYN-00190,DEMO_NEG_ADJ,ona dɔ ba-ŋ dhimạ kan-a,That is not mild.,ওটা নরম নয়।,santali_with_ipa.eaf,136,niɟa iŋʔ kɔlɔm ba-ŋ kan-a niɟa iŋʔ kɔlɔm ba-ŋ kan-a niɟɑ iŋʔ kɔlɔm bɑŋ kɑnɑ,This is not my pen.,,0.2390,0.0000,0.0000,0.0000,0.4781,low
SYN-00191,SUBJ_NEG_ADJ,uni dɔ ba-e lubur kan-a,he/she is not boggy.,সে কাদাযুক্ত নয়।,santali_with_ipa.eaf,39,uni oɽae ba-e sen-kan-a-e uni oɽae ba-e sen-kan-a-e uni oɽɑe bɑe senkɑnɑe,He didn't go home.,,0.2988,0.0000,0.0000,0.0000,0.5976,low
SYN-00192,SUBJ_NEG_ADJ,abo dɔ ba-bon enka kan-a,we are not trifling.,আমরা তুচ্ছ নয়।,santali_with_ipa.eaf,55,ba-e ɾesʔk kan-a ba-e ɾesʔk kan-a bɑe ɾesʔk kɑnɑ,He isn't happy.,,0.2143,0.0000,0.0000,0.0000,0.4286,low
SYN-00196,YESNO_ADJ,ona dɔ bho̱ko̱r kan-a?,Is that bubbling?,ওটা কি বুদবুদ ওঠা?,santali_with_ipa.eaf,54,ɾesʔk kan-a ɾesʔk kan-a ɾesʔk kɑnɑ,He's happy.,,0.2236,0.0000,0.0000,0.0000,0.4472,low
SYN-00197,SUBJ_NEG_ADJ,am dɔ ba-m caego kan-a,you are not flippant.,তুমি হালকা চালের নয়।,santali_paradigm_glossed.eaf,51,am bam ɾɔɽa am ba-m ɾɔɽ-a,You do not say so.,,0.2857,0.0000,0.0000,0.0000,0.5714,low
SYN-00201,NUM_NOUN_EXIST,sae beṛ minaʔ,There are/is hundred span.,একশ বিঘত আছে।,santali_glossed_1.eaf,103,ʈʰikge.ja. ʈʰik-ge-a. ʈʰik-ge-a,Arka: Okay.,[S8.26] অর্ক: ঠিক আছে।,0.2324,0.0000,0.0000,0.2582,0.0000,low
SYN-00202,DEMO_NEG_ADJ,ona dɔ ba-ŋ ḍhạṭhi kan-a,That is not inexorable.,ওটা অনমনীয় নয়।,santali_with_ipa.eaf,136,niɟa iŋʔ kɔlɔm ba-ŋ kan-a niɟa iŋʔ kɔlɔm ba-ŋ kan-a niɟɑ iŋʔ kɔlɔm bɑŋ kɑnɑ,This is not my pen.,,0.2390,0.0000,0.0000,0.0000,0.4781,low
SYN-00203,POSS_NOM,ona dɔ uni-aʔ peṛa kan-a,That is he/she's kinsman.,ওটা সে-এর আত্মীয়।,santali_with_ipa.eaf,54,ɾesʔk kan-a ɾesʔk kan-a ɾesʔk kɑnɑ,He's happy.,,0.1890,0.0000,0.0000,0.0000,0.3780,low
SYN-00204,ADJ_NOUN,nɔa dɔ usạta bakea kan-a,This is a faded trumpet.,"এটা ম্লান তুরহী, ভেরী।",santali_with_ipa.eaf,54,ɾesʔk kan-a ɾesʔk kan-a ɾesʔk kɑnɑ,He's happy.,,0.2041,0.0000,0.0000,0.0000,0.4082,low
SYN-00205,IMPERATIVE,garmao me,Please to exert oneself.,পরিশ্রম করা / চেষ্টা করা।,santali_glossed_1.eaf,27,inʈaɾneʈ̚t̪ɛm ɔlɔʔ paɽha͡o̯ d̪aɽe.jaʔa. inʈaɾneʈ̚-t̪ɛ-m ɔlɔʔ paɽha͡o̯ d̪aɽe-aʔ-a. inʈaɾneʈ̚-t̪ɛ-m | ɔlɔʔ | paɽha͡o̯ | d̪aɽe-aʔ-a,We can even study on the internet/ online.,[S3.10] ইন্টারনেটে/ অনলাইনে পড়াশোনা করা যায়।,0.1964,0.0000,0.0000,0.2182,0.0000,low
SYN-00206,SUBJ_VERB_PAST,uni dɔ dandha-len-a,he/she did labour.,সে পরিশ্রম করা করেছিল।,santali_with_ipa.eaf,38,uni oɽae sen-len-a uni oɽae sen-len-a uni oɽɑe senlenɑ,He went home.,,0.2535,0.0000,0.0000,0.0000,0.5071,low
SYN-00208,SUBJ_NEG_ADJ,abo dɔ ba-bon cand bagar kan-a,we are not variegated.,আমরা চিত্রবিচিত্র নয়।,santali_with_ipa.eaf,55,ba-e ɾesʔk kan-a ba-e ɾesʔk kan-a bɑe ɾesʔk kɑnɑ,He isn't happy.,,0.2004,0.0000,0.0000,0.0000,0.4009,low
SYN-00211,YESNO_VERB,am dɔ jạri kan-a?,Do you to promulgate an order?,তুমি কি আদেশ জারি করা?,santali_glossed_1.eaf,81,amd̪ɔ cɛt̪̚ʔ no̯͡a ni̯͡ɘt̪ɛ ɟahanaʔɛm ganɖɔnakad̪a? am d̪ɔ cɛt̪ʔ no̯͡a ni̯͡ɘ-t̪ɛ ɟahanaʔ-e-m ganɖɔn-akad-a? am | d̪ɔ | cɛt̪ʔ | no̯͡a | ni̯͡ɘ-t̪ɛ | ɟahanaʔ-e-m | ganɖɔn-akad-a,Pradeep: Have you thought about it?,[S8.4] প্রদীপ: তুমি কি এটা নিয়ে কিছু ভেবেছ?,0.2683,0.0000,0.0000,0.2981,0.0000,low
SYN-00212,PLACE_VERB,abo dɔ go̱yo̱n-re kạrkhana kan-a,we do to devise in/at track.,আমরা চিহ্ন / পথচিহ্ন-তে পরিকল্পনা করা।,santali_with_ipa.eaf,54,ɾesʔk kan-a ɾesʔk kan-a ɾesʔk kɑnɑ,He's happy.,,0.1890,0.0000,0.0000,0.0000,0.3780,low
SYN-00214,SUBJ_NEG_ADJ,uni dɔ ba-e be̱hũṭ kan-a,he/she is not obedient.,সে বাধ্য নয়।,santali_with_ipa.eaf,39,uni oɽae ba-e sen-kan-a-e uni oɽae ba-e sen-kan-a-e uni oɽɑe bɑe senkɑnɑe,He didn't go home.,,0.2988,0.0000,0.0000,0.0000,0.5976,low
SYN-00216,DEMO_NOM,nɔa dɔ gạdrum kan-a,This is filth.,এটা নোংরা।,santali_glossed_1.eaf,80,"hɛ̃ː, no̯͡a d̪ɔ mit̪̚ʔʈɛn bʰage hudis. hɛ̃, no̯͡a d̪ɔ mit̪ʔ-ʈɛn bʰage hudis. hɛ̃ | no̯͡a | d̪ɔ | mit̪ʔ-ʈɛn | bʰage | hudis","Pradeep: Yes, it's a great/good idea.","[S8.3] প্রদীপ: হ্যাঁ, এটা একটা দারুণ চিন্তা।",0.2250,0.0000,0.0000,0.2500,0.0000,low
SYN-00218,ADJ_NOUN,nɔa dɔ akhṛa ạkhṛi moka kan-a,This is a inharmonious cubit.,এটা অসামঞ্জস্যপূর্ণ হাত (পরিমাপ)।,santali_with_ipa.eaf,54,ɾesʔk kan-a ɾesʔk kan-a ɾesʔk kɑnɑ,He's happy.,,0.1890,0.0000,0.0000,0.0000,0.3780,low
SYN-00219,YESNO_VERB,am dɔ sulạ kan-a?,Do you to tenon?,তুমি কি খাঁজ কেটে জোড়া লাগানো?,santali_glossed_1.eaf,81,amd̪ɔ cɛt̪̚ʔ no̯͡a ni̯͡ɘt̪ɛ ɟahanaʔɛm ganɖɔnakad̪a? am d̪ɔ cɛt̪ʔ no̯͡a ni̯͡ɘ-t̪ɛ ɟahanaʔ-e-m ganɖɔn-akad-a? am | d̪ɔ | cɛt̪ʔ | no̯͡a | ni̯͡ɘ-t̪ɛ | ɟahanaʔ-e-m | ganɖɔn-akad-a,Pradeep: Have you thought about it?,[S8.4] প্রদীপ: তুমি কি এটা নিয়ে কিছু ভেবেছ?,0.2449,0.0000,0.0000,0.2722,0.0000,low
SYN-00220,SUBJ_NEG_ADJ,abo dɔ ba-bon atha kan-a,we are not unfathomable.,আমরা অগাধ নয়।,santali_with_ipa.eaf,55,ba-e ɾesʔk kan-a ba-e ɾesʔk kan-a bɑe ɾesʔk kɑnɑ,He isn't happy.,,0.2143,0.0000,0.0000,0.0000,0.4286,low
SYN-00221,DEMO_ADJ,ona dɔ abol kan-a,That is weak.,ওটা দুর্বল।,santali_with_ipa.eaf,54,ɾesʔk kan-a ɾesʔk kan-a ɾesʔk kɑnɑ,He's happy.,,0.2236,0.0000,0.0000,0.0000,0.4472,low
SYN-00222,ADV_VERB,am dɔ ṭipṭap hạhi dudi kan-a,you do to overreach pitapat.,তুমি ধড়ফড় প্রতারণা করা।,santali_with_ipa.eaf,54,ɾesʔk kan-a ɾesʔk kan-a ɾesʔk kɑnɑ,He's happy.,,0.1890,0.0000,0.0000,0.0000,0.3780,low
SYN-00229,SUBJ_ADJ,abo dɔ kãca kan-a-bon,we are unsubstantial.,আমরা অপরিপক্ব / ভিত্তিহীন।,santali_with_ipa.eaf,54,ɾesʔk kan-a ɾesʔk kan-a ɾesʔk kɑnɑ,He's happy.,,0.2041,0.0000,0.0000,0.0000,0.4082,low
SYN-00230,PROHIBITIVE,alɔ-m leṭha-a,Do not to implicate.,জড়িয়ে ফেলা না।,santali_with_ipa.eaf,59,laŋga-a-m laŋga-a-m lɑŋɡɑɑm,You'll get tired.,,0.2500,0.0000,0.0000,0.0000,0.5000,low
SYN-00231,ADV_VERB,iɲ dɔ kajak gola gamcha kan-a,I do to assume a humble attitude strictly.,আমি কঠোরভাবে নম্র ভঙ্গি গ্রহণ করা।,santali_with_ipa.eaf,86,iɲ bond̪ʰu kan-a-e iɲ bond̪ʰu kan-a-e iɲ bond̪ʰu kɑnɑe,This is my friend.,,0.2315,0.0000,0.0000,0.0000,0.4629,low
SYN-00235,SUBJ_VERB_NEG_FUTURE,abo dɔ ba-bon sumạn-a,we will not to desist.,আমরা বিরত হওয়া করবে না।,santali_new_glossed_1.eaf,63,d̪aʔ bɛgɔɾt̪ɛ abo d̯ɔ babon ɟiu̯͡ed̪ɔʔa d̪aʔ bɛgɔɾ-t̪ɛ abo d̯ɔ ba-bon ɟiu̯͡e-d̪ɔʔ-a,We cannot live without water.,,0.2265,0.0000,0.0000,0.0000,0.4529,low
SYN-00239,SUBJ_NEG_ADJ,uni dɔ ba-e baṅ kan-a,he/she is not negative.,সে নেতিবাচক নয়।,santali_with_ipa.eaf,39,uni oɽae ba-e sen-kan-a-e uni oɽae ba-e sen-kan-a-e uni oɽɑe bɑe senkɑnɑe,He didn't go home.,,0.2988,0.0000,0.0000,0.0000,0.5976,low
SYN-00240,ADV_VERB,uni dɔ ghaser gaḍo̱e saḍc̣e kan-a,he/she does intermingle indiscriminately.,সে এলোমেলোভাবে মিশিয়ে দেওয়া।,santali_with_ipa.eaf,54,ɾesʔk kan-a ɾesʔk kan-a ɾesʔk kɑnɑ,He's happy.,,0.1890,0.0000,0.0000,0.0000,0.3780,low
SYN-00243,POSS_NOM,ona dɔ uni-aʔ he̱he̱oic̕ kan-a,That is he/she's nurse.,ওটা সে-এর ধাত্রী / নার্স।,santali_with_ipa.eaf,54,ɾesʔk kan-a ɾesʔk kan-a ɾesʔk kɑnɑ,He's happy.,,0.1890,0.0000,0.0000,0.0000,0.3780,low
SYN-00247,PROHIBITIVE,alɔ-m gạwic̕-a,Do not to beckon.,ইশারা করা না।,santali_with_ipa.eaf,59,laŋga-a-m laŋga-a-m lɑŋɡɑɑm,You'll get tired.,,0.2500,0.0000,0.0000,0.0000,0.5000,low
SYN-00248,SUBJ_ADJ,uni dɔ asoṛ kan-a-e,he/she is tottering.,সে টলমল।,santali_with_ipa.eaf,78,uni-d̪o iɲ goɡo kan-a-e uni-d̪o iɲ goɡo kan-a-e unid̪o iɲ ɡoɡo kɑnɑe,She is my mother.,,0.2582,0.0000,0.0000,0.0000,0.5164,low
SYN-00249,DEMO_NOM,ona dɔ phạṛi kan-a,That is shoulder.,ওটা কাঁধ।,santali_with_ipa.eaf,54,ɾesʔk kan-a ɾesʔk kan-a ɾesʔk kɑnɑ,He's happy.,,0.2236,0.0000,0.0000,0.0000,0.4472,low
SYN-00250,SUBJ_VERB_PRESENT,iɲ dɔ ḍiń ḍạbur kan-a,I do soak.,আমি ভিজিয়ে রাখা।,santali_with_ipa.eaf,86,iɲ bond̪ʰu kan-a-e iɲ bond̪ʰu kan-a-e iɲ bond̪ʰu kɑnɑe,This is my friend.,,0.2500,0.0000,0.0000,0.0000,0.5000,low
SYN-00252,DEMO_NEG_NOM,ona dɔ bạdhi dɔ ba-ŋ kan-a,That is not bandger.,ওটা ব্যান্ডেজ নয়।,santali_with_ipa.eaf,136,niɟa iŋʔ kɔlɔm ba-ŋ kan-a niɟa iŋʔ kɔlɔm ba-ŋ kan-a niɟɑ iŋʔ kɔlɔm bɑŋ kɑnɑ,This is not my pen.,,0.2390,0.0000,0.0000,0.0000,0.4781,low
SYN-00254,DEMO_NEG_ADJ,nɔa dɔ ba-ŋ bilbilạu kan-a,This is not panic-stricken.,এটা আতঙ্কিত নয়।,santali_with_ipa.eaf,136,niɟa iŋʔ kɔlɔm ba-ŋ kan-a niɟa iŋʔ kɔlɔm ba-ŋ kan-a niɟɑ iŋʔ kɔlɔm bɑŋ kɑnɑ,This is not my pen.,,0.2390,0.0000,0.0000,0.0000,0.4781,low
SYN-00257,SUBJ_VERB_PRESENT,uni dɔ salgao kan-a-e,he/she does to inflame.,সে উস্কানো।,santali_with_ipa.eaf,78,uni-d̪o iɲ goɡo kan-a-e uni-d̪o iɲ goɡo kan-a-e unid̪o iɲ ɡoɡo kɑnɑe,She is my mother.,,0.2582,0.0000,0.0000,0.0000,0.5164,low
SYN-00260,ADJ_NOUN,nɔa dɔ gijgij bạlis kan-a,This is a sweltering pillow.,এটা তীব্র গরম / ঘাম ঝরানো বালিশ।,santali_with_ipa.eaf,54,ɾesʔk kan-a ɾesʔk kan-a ɾesʔk kɑnɑ,He's happy.,,0.2041,0.0000,0.0000,0.0000,0.4082,low
SYN-00261,DEMO_NOM,ona dɔ ḍhoṅga kan-a,That is dugout (canoe).,ওটা ডোঙা নৌকা।,santali_with_ipa.eaf,54,ɾesʔk kan-a ɾesʔk kan-a ɾesʔk kɑnɑ,He's happy.,,0.2236,0.0000,0.0000,0.0000,0.4472,low
SYN-00263,SUBJ_VERB_PRESENT,uni dɔ ucạṛ kan-a-e,he/she does to be contagious.,সে সংক্রামক হওয়া।,santali_with_ipa.eaf,78,uni-d̪o iɲ goɡo kan-a-e uni-d̪o iɲ goɡo kan-a-e unid̪o iɲ ɡoɡo kɑnɑe,She is my mother.,,0.2582,0.0000,0.0000,0.0000,0.5164,low
SYN-00265,YESNO_VERB,am dɔ halaṅ kan-a?,Do you to amass?,তুমি কি জড়ো করা / সঞ্চয় করা?,santali_glossed_1.eaf,81,amd̪ɔ cɛt̪̚ʔ no̯͡a ni̯͡ɘt̪ɛ ɟahanaʔɛm ganɖɔnakad̪a? am d̪ɔ cɛt̪ʔ no̯͡a ni̯͡ɘ-t̪ɛ ɟahanaʔ-e-m ganɖɔn-akad-a? am | d̪ɔ | cɛt̪ʔ | no̯͡a | ni̯͡ɘ-t̪ɛ | ɟahanaʔ-e-m | ganɖɔn-akad-a,Pradeep: Have you thought about it?,[S8.4] প্রদীপ: তুমি কি এটা নিয়ে কিছু ভেবেছ?,0.2683,0.0000,0.0000,0.2981,0.0000,low
SYN-00270,IMPERATIVE,aṛgoṅgar me,"Please defraud, to.",প্রতারণা করা।,santali_glossed_1.eaf,27,inʈaɾneʈ̚t̪ɛm ɔlɔʔ paɽha͡o̯ d̪aɽe.jaʔa. inʈaɾneʈ̚-t̪ɛ-m ɔlɔʔ paɽha͡o̯ d̪aɽe-aʔ-a. inʈaɾneʈ̚-t̪ɛ-m | ɔlɔʔ | paɽha͡o̯ | d̪aɽe-aʔ-a,We can even study on the internet/ online.,[S3.10] ইন্টারনেটে/ অনলাইনে পড়াশোনা করা যায়।,0.2405,0.0000,0.0000,0.2673,0.0000,low
SYN-00272,SUBJ_VERB_PRESENT,uni dɔ caḍo kan-a-e,he/she does immerse.,সে ডুবানো।,santali_with_ipa.eaf,78,uni-d̪o iɲ goɡo kan-a-e uni-d̪o iɲ goɡo kan-a-e unid̪o iɲ ɡoɡo kɑnɑe,She is my mother.,,0.2582,0.0000,0.0000,0.0000,0.5164,low
SYN-00273,SUBJ_VERB_NEG_PRESENT,abo dɔ ba-bon bhak kan-a,we do not issue forth.,আমরা বেরিয়ে আসা না।,santali_with_ipa.eaf,55,ba-e ɾesʔk kan-a ba-e ɾesʔk kan-a bɑe ɾesʔk kɑnɑ,He isn't happy.,,0.2143,0.0000,0.0000,0.0000,0.4286,low
SYN-00274,SUBJ_ADJ,uni dɔ ḍạṭhi kan-a-e,he/she is clamant.,সে জোরালো।,santali_with_ipa.eaf,78,uni-d̪o iɲ goɡo kan-a-e uni-d̪o iɲ goɡo kan-a-e unid̪o iɲ ɡoɡo kɑnɑe,She is my mother.,,0.2582,0.0000,0.0000,0.0000,0.5164,low
SYN-00275,DEMO_ADJ,nɔa dɔ e̱k jo̱nto̱r kan-a,This is alike.,এটা একই রকম।,santali_with_ipa.eaf,54,ɾesʔk kan-a ɾesʔk kan-a ɾesʔk kɑnɑ,He's happy.,,0.2041,0.0000,0.0000,0.0000,0.4082,low
SYN-00277,DEMO_NOM,nɔa dɔ o̱ṛmo̱c̕ kan-a,This is bug.,এটা পোকা।,santali_glossed_1.eaf,80,"hɛ̃ː, no̯͡a d̪ɔ mit̪̚ʔʈɛn bʰage hudis. hɛ̃, no̯͡a d̪ɔ mit̪ʔ-ʈɛn bʰage hudis. hɛ̃ | no̯͡a | d̪ɔ | mit̪ʔ-ʈɛn | bʰage | hudis","Pradeep: Yes, it's a great/good idea.","[S8.3] প্রদীপ: হ্যাঁ, এটা একটা দারুণ চিন্তা।",0.2250,0.0000,0.0000,0.2500,0.0000,low
SYN-00279,SUBJ_VERB_FUTURE,uni dɔ gasao-a,he/she will to rub.,সে ঘষা করবে।,santali_glossed_new_2.eaf,126,uni uni,He/She.,,0.2500,0.0000,0.0000,0.0000,0.5000,low
SYN-00280,SUBJ_VERB_NEG_PRESENT,abo dɔ ba-bon do̱m kan-a,we do not be invigorated.,আমরা বল পাওয়া না।,santali_with_ipa.eaf,55,ba-e ɾesʔk kan-a ba-e ɾesʔk kan-a bɑe ɾesʔk kɑnɑ,He isn't happy.,,0.2143,0.0000,0.0000,0.0000,0.4286,low
SYN-00281,IMPERATIVE,dạbṛi maṅgal me,Please wherret.,তাড়া করা।,santali_glossed_1.eaf,27,inʈaɾneʈ̚t̪ɛm ɔlɔʔ paɽha͡o̯ d̪aɽe.jaʔa. inʈaɾneʈ̚-t̪ɛ-m ɔlɔʔ paɽha͡o̯ d̪aɽe-aʔ-a. inʈaɾneʈ̚-t̪ɛ-m | ɔlɔʔ | paɽha͡o̯ | d̪aɽe-aʔ-a,We can even study on the internet/ online.,[S3.10] ইন্টারনেটে/ অনলাইনে পড়াশোনা করা যায়।,0.2405,0.0000,0.0000,0.2673,0.0000,low
SYN-00283,SUBJ_ADJ,am dɔ buṛuc̕ huṛuc̕ kan-a-m,you are slippery.,তুমি পিচ্ছিল।,santali_glossed_1.eaf,63,am cɛt̪̚ʔlɛka mɛnama? am cɛt̪ʔ-lɛka mena-m-a? am | cɛt̪ʔ-lɛka | mena-m-a,Uncle: How are you?,[S7.3] কাকা: তুমি কেমন আছো?,0.2598,0.0000,0.0000,0.2887,0.4009,low
SYN-00284,POSS_NOM,nɔa dɔ uni-aʔ dham kan-a,This is he/she's tumult.,এটা সে-এর হইচই।,santali_glossed_new.eaf,15,uni.j-aʔ hɔɽmɔ-ɾɛ cɛt̪̚ʔ ɾu̯͡ɘ mɛn-a-a uni.j-aʔ hɔɽmɔ-ɾɛ cɛt̪̚ʔ ɾu̯͡ɘ mɛn-a-a,Doctor: Does he have a fever?,,0.1890,0.0000,0.0000,0.0000,0.3780,low
SYN-00285,SUBJ_ADJ,abo dɔ caraṭ kan-a-bon,we are scorching.,আমরা ঝলসানো।,santali_glossed_1.eaf,65,alɛ ɟɔt̪ɔhɔɽ mɔ̃ɟge menaʔle.ja. alɛ ɟɔt̪ɔ-hɔɽ mɔ̃ɟ-ge mena-le-a. alɛ | ɟɔt̪ɔ-hɔɽ | mɔ̃ɟ-ge | mena-le-a,Nephew: We are all fine.,[S7.5] ভাতিজা: আমরা সবাই ভালো আছি।,0.2405,0.0000,0.0000,0.2673,0.0000,low
SYN-00287,SUBJ_VERB_PAST,am dɔ tilki bilki-len-a,you did to be elated.,তুমি উল্লসিত হওয়া করেছিল।,santali_glossed_new_2.eaf,125,am am,You.,,0.2041,0.0000,0.0000,0.0000,0.4082,low
SYN-00288,IMPERATIVE,alae phulạe me,Please meddle.,"হস্তক্ষেপ করা, নাক গলানো।",santali_glossed_1.eaf,27,inʈaɾneʈ̚t̪ɛm ɔlɔʔ paɽha͡o̯ d̪aɽe.jaʔa. inʈaɾneʈ̚-t̪ɛ-m ɔlɔʔ paɽha͡o̯ d̪aɽe-aʔ-a. inʈaɾneʈ̚-t̪ɛ-m | ɔlɔʔ | paɽha͡o̯ | d̪aɽe-aʔ-a,We can even study on the internet/ online.,[S3.10] ইন্টারনেটে/ অনলাইনে পড়াশোনা করা যায়।,0.1701,0.0000,0.0000,0.1890,0.0000,low
SYN-00289,OBJECT_VERB_NEG,abo dɔ cạmuk-to ba-bon manta-a,we do not to reconcile with whip.,আমরা চাবুক মিলন করানো না।,santali_new_glossed_1.eaf,63,d̪aʔ bɛgɔɾt̪ɛ abo d̯ɔ babon ɟiu̯͡ed̪ɔʔa d̪aʔ bɛgɔɾ-t̪ɛ abo d̯ɔ ba-bon ɟiu̯͡e-d̪ɔʔ-a,We cannot live without water.,,0.1961,0.0000,0.0000,0.0000,0.3922,low
SYN-00290,POSS_EXIST,am-aʔ mit't'e saṇḍ minaʔ,you have one bull.,তুমি একটি ষাঁড় আছে।,santali_with_ipa.eaf,66,iɲ-aʔ mit't'e boi minaʔ iɲ-aʔ mit't'e boi minaʔ iɲɑʔ mitʔte boi minɑʔ,I have a book.,,0.2988,0.0000,0.0000,0.0000,0.5976,low
SYN-00292,YESNO_VERB,iɲ dɔ ạṛuk̕ dhạṛuk̕ kan-a?,Do I drag?,আমি কি টেনে নিয়ে যাওয়া?,santali_with_ipa.eaf,86,iɲ bond̪ʰu kan-a-e iɲ bond̪ʰu kan-a-e iɲ bond̪ʰu kɑnɑe,This is my friend.,,0.2500,0.0000,0.0000,0.0000,0.5000,low
SYN-00294,DEMO_NEG_NOM,ona dɔ ṭạṅgi dɔ ba-ŋ kan-a,That is not dovecot.,ওটা কবুতরখানা নয়।,santali_with_ipa.eaf,136,niɟa iŋʔ kɔlɔm ba-ŋ kan-a niɟa iŋʔ kɔlɔm ba-ŋ kan-a niɟɑ iŋʔ kɔlɔm bɑŋ kɑnɑ,This is not my pen.,,0.2390,0.0000,0.0000,0.0000,0.4781,low
SYN-00297,PROHIBITIVE,alɔ-m badao-a,"Do not appoint, to.",নিয়োগ করা না।,santali_with_ipa.eaf,59,laŋga-a-m laŋga-a-m lɑŋɡɑɑm,You'll get tired.,,0.2500,0.0000,0.0000,0.0000,0.5000,low
SYN-00298,OBJECT_VERB,am dɔ hunạr-i kocoṛ-a,you do to hop with art.,তুমি শিল্প / কলা লাফিয়ে চলা।,santali_glossed_new_2.eaf,125,am am,You.,,0.2041,0.0000,0.0000,0.0000,0.4082,low
SYN-00299,DEMO_NEG_NOM,ona dɔ aṭa saṭa dɔ ba-ŋ kan-a,That is not victuals.,ওটা খাবার / খাদ্যসামগ্রী নয়।,santali_with_ipa.eaf,136,niɟa iŋʔ kɔlɔm ba-ŋ kan-a niɟa iŋʔ kɔlɔm ba-ŋ kan-a niɟɑ iŋʔ kɔlɔm bɑŋ kɑnɑ,This is not my pen.,,0.2236,0.0000,0.0000,0.0000,0.4472,low
SYN-00300,PLACE_VERB,uni dɔ nikạs-re andha kan-a,"he/she does gull, to in/at outlet.",সে বেরোনোর পথ-তে ঠকানো।,santali_with_ipa.eaf,54,ɾesʔk kan-a ɾesʔk kan-a ɾesʔk kɑnɑ,He's happy.,,0.1890,0.0000,0.0000,0.0000,0.3780,low
SYN-00302,POSS_NOM,nɔa dɔ uni-aʔ comol kan-a,This is he/she's trepidation.,এটা সে-এর আতঙ্ক।,santali_glossed_new.eaf,15,uni.j-aʔ hɔɽmɔ-ɾɛ cɛt̪̚ʔ ɾu̯͡ɘ mɛn-a-a uni.j-aʔ hɔɽmɔ-ɾɛ cɛt̪̚ʔ ɾu̯͡ɘ mɛn-a-a,Doctor: Does he have a fever?,,0.1890,0.0000,0.0000,0.0000,0.3780,low
SYN-00303,SUBJ_VERB_FUTURE,am dɔ halaṅ-a,you will to amass.,তুমি জড়ো করা / সঞ্চয় করা করবে।,santali_glossed_new_2.eaf,125,am am,You.,,0.2500,0.0000,0.0000,0.0000,0.5000,low
SYN-00305,DEMO_NEG_NOM,ona dɔ poṇḍ po̱rdho̱l dɔ ba-ŋ kan-a,That is not leucorrhoea.,ওটা শ্বেতপ্রদর নয়।,santali_with_ipa.eaf,136,niɟa iŋʔ kɔlɔm ba-ŋ kan-a niɟa iŋʔ kɔlɔm ba-ŋ kan-a niɟɑ iŋʔ kɔlɔm bɑŋ kɑnɑ,This is not my pen.,,0.2236,0.0000,0.0000,0.0000,0.4472,low
SYN-00306,NUM_NOUN_EXIST,bar ge̱l do̱lbado̱l minaʔ,There are/is twenty barter.,বিশ বিনিময় আছে।,santali_glossed_1.eaf,103,ʈʰikge.ja. ʈʰik-ge-a. ʈʰik-ge-a,Arka: Okay.,[S8.26] অর্ক: ঠিক আছে।,0.2324,0.0000,0.0000,0.2582,0.0000,low
SYN-00307,SUBJ_VERB_PAST,abo dɔ labo̱j-len-a,we did to entertain.,আমরা আপ্যায়ন করা / বিনোদন দেওয়া করেছিল।,santali_glossed_new_2.eaf,124,abo abo,We.,,0.2236,0.0000,0.0000,0.0000,0.4472,low
SYN-00308,PROHIBITIVE,alɔ-m lagan bagan-a,Do not to invest.,বিনিয়োগ করা না।,santali_with_ipa.eaf,59,laŋga-a-m laŋga-a-m lɑŋɡɑɑm,You'll get tired.,,0.2236,0.0000,0.0000,0.0000,0.4472,low
SYN-00311,PROHIBITIVE,alɔ-m tobo-a,Do not to be cloudy.,মেঘলা হওয়া না।,santali_with_ipa.eaf,59,laŋga-a-m laŋga-a-m lɑŋɡɑɑm,You'll get tired.,,0.2500,0.0000,0.0000,0.0000,0.5000,low
SYN-00312,ADV_VERB,iɲ dɔ khạ̃idu tolao kan-a,I do to assess perpendicular.,আমি লম্বভাবে মূল্যায়ন করা।,santali_with_ipa.eaf,86,iɲ bond̪ʰu kan-a-e iɲ bond̪ʰu kan-a-e iɲ bond̪ʰu kɑnɑe,This is my friend.,,0.2500,0.0000,0.0000,0.0000,0.5000,low
SYN-00314,ADV_VERB,iɲ dɔ caṅ cuṅ geraṅ kan-a,I do to bewail completely.,আমি পুরোপুরি বিলাপ করা।,santali_with_ipa.eaf,86,iɲ bond̪ʰu kan-a-e iɲ bond̪ʰu kan-a-e iɲ bond̪ʰu kɑnɑe,This is my friend.,,0.2315,0.0000,0.0000,0.0000,0.4629,low
SYN-00317,DEMO_NEG_ADJ,ona dɔ ba-ŋ be̱juri kan-a,That is not unequal.,ওটা অসমান নয়।,santali_with_ipa.eaf,136,niɟa iŋʔ kɔlɔm ba-ŋ kan-a niɟa iŋʔ kɔlɔm ba-ŋ kan-a niɟɑ iŋʔ kɔlɔm bɑŋ kɑnɑ,This is not my pen.,,0.2390,0.0000,0.0000,0.0000,0.4781,low
SYN-00325,POSS_EXIST,am-aʔ mit't'e gạjilal minaʔ,you have one traditional hero.,তুমি একটি ঐতিহ্যবাহী বীর আছে।,santali_with_ipa.eaf,66,iɲ-aʔ mit't'e boi minaʔ iɲ-aʔ mit't'e boi minaʔ iɲɑʔ mitʔte boi minɑʔ,I have a book.,,0.2988,0.0000,0.0000,0.0000,0.5976,low
SYN-00329,POSS_NOM,nɔa dɔ abo-aʔ begar kan-a,This is we's forced labour.,এটা আমরা-এর জোর খাটানো শ্রম।,santali_with_ipa.eaf,54,ɾesʔk kan-a ɾesʔk kan-a ɾesʔk kɑnɑ,He's happy.,,0.1890,0.0000,0.0000,0.0000,0.3780,low
SYN-00332,ADV_VERB,uni dɔ heṛan abjoṛ kan-a,he/she does impeded intensely.,সে তীব্রভাবে বাধাপ্রাপ্ত হওয়া।,santali_with_ipa.eaf,54,ɾesʔk kan-a ɾesʔk kan-a ɾesʔk kɑnɑ,He's happy.,,0.2041,0.0000,0.0000,0.0000,0.4082,low
SYN-00339,YESNO_ADJ,ona dɔ akul bạkul kan-a?,Is that confounded?,"ওটা কি হতবুদ্ধি, বিভ্রান্ত?",santali_with_ipa.eaf,54,ɾesʔk kan-a ɾesʔk kan-a ɾesʔk kɑnɑ,He's happy.,,0.2041,0.0000,0.0000,0.0000,0.4082,low
SYN-00341,SUBJ_VERB_PRESENT,abo dɔ ho̱ya̠ kan-a-bon,we do to shave.,আমরা কামানো।,santali_glossed_1.eaf,65,alɛ ɟɔt̪ɔhɔɽ mɔ̃ɟge menaʔle.ja. alɛ ɟɔt̪ɔ-hɔɽ mɔ̃ɟ-ge mena-le-a. alɛ | ɟɔt̪ɔ-hɔɽ | mɔ̃ɟ-ge | mena-le-a,Nephew: We are all fine.,[S7.5] ভাতিজা: আমরা সবাই ভালো আছি।,0.2405,0.0000,0.0000,0.2673,0.0000,low
SYN-00346,OBJECT_VERB,abo dɔ nahe̱l gaḍa-i ạnhũṭ-a,"we do oppose, to with furrow.",আমরা লাঙলের দাগ বিরোধিতা করা।,santali_glossed_new_2.eaf,124,abo abo,We.,,0.1890,0.0000,0.0000,0.0000,0.3780,low
SYN-00347,DEMO_ADJ,nɔa dɔ lagan kan-a,This is appointed.,এটা নির্ধারিত।,santali_glossed_1.eaf,80,"hɛ̃ː, no̯͡a d̪ɔ mit̪̚ʔʈɛn bʰage hudis. hɛ̃, no̯͡a d̪ɔ mit̪ʔ-ʈɛn bʰage hudis. hɛ̃ | no̯͡a | d̪ɔ | mit̪ʔ-ʈɛn | bʰage | hudis","Pradeep: Yes, it's a great/good idea.","[S8.3] প্রদীপ: হ্যাঁ, এটা একটা দারুণ চিন্তা।",0.2250,0.0000,0.0000,0.2500,0.0000,low
SYN-00348,DEMO_NEG_NOM,ona dɔ go̱ro̱b dɔ ba-ŋ kan-a,That is not foetus.,ওটা ভ্রূণ নয়।,santali_with_ipa.eaf,136,niɟa iŋʔ kɔlɔm ba-ŋ kan-a niɟa iŋʔ kɔlɔm ba-ŋ kan-a niɟɑ iŋʔ kɔlɔm bɑŋ kɑnɑ,This is not my pen.,,0.2390,0.0000,0.0000,0.0000,0.4781,low
SYN-00356,PROHIBITIVE,alɔ-m buṭuń-a,Do not throb.,স্পন্দিত হওয়া না।,santali_with_ipa.eaf,59,laŋga-a-m laŋga-a-m lɑŋɡɑɑm,You'll get tired.,,0.2500,0.0000,0.0000,0.0000,0.5000,low
SYN-00357,DEMO_NOM,nɔa dɔ laṇḍ kan-a,This is term of defiance.,এটা অবজ্ঞাসূচক শব্দ।,santali_with_ipa.eaf,54,ɾesʔk kan-a ɾesʔk kan-a ɾesʔk kɑnɑ,He's happy.,,0.2236,0.0000,0.0000,0.0000,0.4472,low
SYN-00358,PROHIBITIVE,alɔ-m kucạ-a,Do not to be flexed (limb).,বাঁকানো না।,santali_with_ipa.eaf,59,laŋga-a-m laŋga-a-m lɑŋɡɑɑm,You'll get tired.,,0.2500,0.0000,0.0000,0.0000,0.5000,low
SYN-00359,PROHIBITIVE,alɔ-m hũṛũ-a,Do not to dose / to snooze.,ঝিমিয়ে পড়া / তন্দ্রাচ্ছন্ন হওয়া না।,santali_with_ipa.eaf,59,laŋga-a-m laŋga-a-m lɑŋɡɑɑm,You'll get tired.,,0.2500,0.0000,0.0000,0.0000,0.5000,low
SYN-00361,YESNO_VERB,abo dɔ kobak̕ kan-a?,Do we to hack?,আমরা কি কুপিয়ে কাটা?,santali_with_ipa.eaf,54,ɾesʔk kan-a ɾesʔk kan-a ɾesʔk kɑnɑ,He's happy.,,0.2236,0.0000,0.0000,0.0000,0.4472,low
SYN-00362,SUBJ_VERB_PAST,uni dɔ caṭpaṭao-len-a,he/she did writhe.,সে ছটফট করা করেছিল।,santali_with_ipa.eaf,38,uni oɽae sen-len-a uni oɽae sen-len-a uni oɽɑe senlenɑ,He went home.,,0.2535,0.0000,0.0000,0.0000,0.5071,low
SYN-00363,SUBJ_VERB_PAST,am dɔ chiṇḍạu-len-a,you did arbitrate.,তুমি সালিশি করা করেছিল।,santali_glossed_new_2.eaf,125,am am,You.,,0.2236,0.0000,0.0000,0.0000,0.4472,low
SYN-00365,DEMO_NEG_NOM,nɔa dɔ borga dɔ ba-ŋ kan-a,This is not rafter.,এটা কড়ি নয়।,santali_with_ipa.eaf,136,niɟa iŋʔ kɔlɔm ba-ŋ kan-a niɟa iŋʔ kɔlɔm ba-ŋ kan-a niɟɑ iŋʔ kɔlɔm bɑŋ kɑnɑ,This is not my pen.,,0.2390,0.0000,0.0000,0.0000,0.4781,low
SYN-00366,IMPERATIVE,kaṛkaṛao me,Please to harden.,শক্ত করা।,santali_glossed_1.eaf,27,inʈaɾneʈ̚t̪ɛm ɔlɔʔ paɽha͡o̯ d̪aɽe.jaʔa. inʈaɾneʈ̚-t̪ɛ-m ɔlɔʔ paɽha͡o̯ d̪aɽe-aʔ-a. inʈaɾneʈ̚-t̪ɛ-m | ɔlɔʔ | paɽha͡o̯ | d̪aɽe-aʔ-a,We can even study on the internet/ online.,[S3.10] ইন্টারনেটে/ অনলাইনে পড়াশোনা করা যায়।,0.2405,0.0000,0.0000,0.2673,0.0000,low
SYN-00369,SUBJ_VERB_PAST,iɲ dɔ besao-len-a,I did mock.,আমি উপহাস করা করেছিল।,santali_with_ipa.eaf,57,iɲ-do-iɲ laŋga-len-a iɲ-do-iɲ laŋga-len-a iɲd̪oiɲ lɑŋɡɑlenɑ,I'm not tired.,,0.2535,0.0000,0.0000,0.0000,0.5071,low
SYN-00371,DEMO_NOM,nɔa dɔ ạuṛi kan-a,This is straw.,এটা খড়।,santali_glossed_1.eaf,80,"hɛ̃ː, no̯͡a d̪ɔ mit̪̚ʔʈɛn bʰage hudis. hɛ̃, no̯͡a d̪ɔ mit̪ʔ-ʈɛn bʰage hudis. hɛ̃ | no̯͡a | d̪ɔ | mit̪ʔ-ʈɛn | bʰage | hudis","Pradeep: Yes, it's a great/good idea.","[S8.3] প্রদীপ: হ্যাঁ, এটা একটা দারুণ চিন্তা।",0.2250,0.0000,0.0000,0.2500,0.0000,low
SYN-00373,OBJECT_VERB_NEG,abo dɔ hurma-to ba-bon hirlạ-a,we do not to confide in with cinders (glowing).,আমরা জ্বলন্ত ছাই / অঙ্গার বিশ্বাস করে বলা / আস্থা রাখা না।,santali_new_glossed_1.eaf,63,d̪aʔ bɛgɔɾt̪ɛ abo d̯ɔ babon ɟiu̯͡ed̪ɔʔa d̪aʔ bɛgɔɾ-t̪ɛ abo d̯ɔ ba-bon ɟiu̯͡e-d̪ɔʔ-a,We cannot live without water.,,0.1961,0.0000,0.0000,0.0000,0.3922,low
SYN-00374,PLACE_VERB,am dɔ bhugạk̕-re rạkhi jogao kan-a,you do to economise in/at cave.,তুমি গুহা-তে সাশ্রয় করা।,santali_with_ipa.eaf,54,ɾesʔk kan-a ɾesʔk kan-a ɾesʔk kɑnɑ,He's happy.,,0.1768,0.0000,0.0000,0.0000,0.3536,low
SYN-00375,IMPERATIVE,bohoe me,Please rinse.,ধুয়ে ফেলা।,santali_glossed_new_2.eaf,44,lahasɛʲcʔ calaʔme laha-sɛʲcʔ calaʔ-me,Walk forward.,,0.1443,0.0000,0.0000,0.0000,0.2887,low
SYN-00377,SUBJ_VERB_NEG_PRESENT,iɲ dɔ bɔ-iɲ mil kan-a,I do not regard.,আমি সম্মান / বিবেচনা না।,santali_with_ipa.eaf,86,iɲ bond̪ʰu kan-a-e iɲ bond̪ʰu kan-a-e iɲ bond̪ʰu kɑnɑe,This is my friend.,,0.2500,0.0000,0.0000,0.0000,0.5000,low
SYN-00379,DEMO_NOM,ona dɔ bolahaṭ kan-a,That is summons.,ওটা তলব।,santali_with_ipa.eaf,54,ɾesʔk kan-a ɾesʔk kan-a ɾesʔk kɑnɑ,He's happy.,,0.2236,0.0000,0.0000,0.0000,0.4472,low
SYN-00380,PLACE_VERB,uni dɔ hara-re istopa kan-a,he/she does to relinquish in/at hill.,সে পাহাড়-তে ত্যাগ করা।,santali_with_ipa.eaf,54,ɾesʔk kan-a ɾesʔk kan-a ɾesʔk kɑnɑ,He's happy.,,0.1890,0.0000,0.0000,0.0000,0.3780,low
SYN-00386,NUM_NOUN_EXIST,ge̱l mõ̠ṛẽ̱ hạkim minaʔ,There are/is fifteen magistrate.,পনেরো ম্যাজিস্ট্রেট আছে।,santali_glossed_1.eaf,103,ʈʰikge.ja. ʈʰik-ge-a. ʈʰik-ge-a,Arka: Okay.,[S8.26] অর্ক: ঠিক আছে।,0.2324,0.0000,0.0000,0.2582,0.0000,low
SYN-00387,OBJECT_VERB,iɲ dɔ ḍãḍa haso-i jạrib-a,I do to survey with lumbago.,আমি কোমরের ব্যথা জরিপ করা।,santali_with_ipa.eaf,34,iɲ-d̪o d̪aka-i ɟom-a iɲ-d̪o d̪aka-i ɟom-a iɲd̪o d̪ɑkɑi ɟomɑ,I eat rice.,,0.1890,0.0000,0.0000,0.0000,0.3780,low
SYN-00388,PROHIBITIVE,alɔ-m geraṅ-a,Do not to bewail.,বিলাপ করা না।,santali_with_ipa.eaf,59,laŋga-a-m laŋga-a-m lɑŋɡɑɑm,You'll get tired.,,0.2500,0.0000,0.0000,0.0000,0.5000,low
SYN-00389,DEMO_NOM,nɔa dɔ ro̱go̱r kan-a,This is cupidity.,এটা লোভ।,santali_glossed_1.eaf,80,"hɛ̃ː, no̯͡a d̪ɔ mit̪̚ʔʈɛn bʰage hudis. hɛ̃, no̯͡a d̪ɔ mit̪ʔ-ʈɛn bʰage hudis. hɛ̃ | no̯͡a | d̪ɔ | mit̪ʔ-ʈɛn | bʰage | hudis","Pradeep: Yes, it's a great/good idea.","[S8.3] প্রদীপ: হ্যাঁ, এটা একটা দারুণ চিন্তা।",0.2250,0.0000,0.0000,0.2500,0.0000,low
SYN-00393,SUBJ_VERB_NEG_PRESENT,uni dɔ ba-e poṭor kan-a,he/she does not to denude.,সে উন্মুক্ত করা না।,santali_with_ipa.eaf,39,uni oɽae ba-e sen-kan-a-e uni oɽae ba-e sen-kan-a-e uni oɽɑe bɑe senkɑnɑe,He didn't go home.,,0.2988,0.0000,0.0000,0.0000,0.5976,low
SYN-00394,SUBJ_VERB_FUTURE,abo dɔ leṭaṅ-a,we will to retard.,আমরা বিলম্বিত করা করবে।,santali_glossed_new_2.eaf,124,abo abo,We.,,0.2500,0.0000,0.0000,0.0000,0.5000,low
SYN-00395,SUBJ_VERB_NEG_PRESENT,uni dɔ ba-e haraṛ kan-a,he/she does not to transfix.,সে বিদ্ধ করা না।,santali_with_ipa.eaf,39,uni oɽae ba-e sen-kan-a-e uni oɽae ba-e sen-kan-a-e uni oɽɑe bɑe senkɑnɑe,He didn't go home.,,0.2988,0.0000,0.0000,0.0000,0.5976,low
SYN-00397,DEMO_NOM,nɔa dɔ ḍabha kan-a,This is pummelo.,এটা বাতাবি লেবু।,santali_with_ipa.eaf,54,ɾesʔk kan-a ɾesʔk kan-a ɾesʔk kɑnɑ,He's happy.,,0.2236,0.0000,0.0000,0.0000,0.4472,low
SYN-00398,DEMO_NOM,nɔa dɔ lilạ kan-a,This is sight.,এটা দৃষ্টি।,santali_glossed_1.eaf,80,"hɛ̃ː, no̯͡a d̪ɔ mit̪̚ʔʈɛn bʰage hudis. hɛ̃, no̯͡a d̪ɔ mit̪ʔ-ʈɛn bʰage hudis. hɛ̃ | no̯͡a | d̪ɔ | mit̪ʔ-ʈɛn | bʰage | hudis","Pradeep: Yes, it's a great/good idea.","[S8.3] প্রদীপ: হ্যাঁ, এটা একটা দারুণ চিন্তা।",0.2250,0.0000,0.0000,0.2500,0.0000,low
SYN-00400,NUM_NOUN_EXIST,irạl pitol minaʔ,There are/is eight brass.,আট পিতল আছে।,santali_glossed_1.eaf,103,ʈʰikge.ja. ʈʰik-ge-a. ʈʰik-ge-a,Arka: Okay.,[S8.26] অর্ক: ঠিক আছে।,0.2324,0.0000,0.0000,0.2582,0.0000,low
SYN-00404,POSS_NOM,nɔa dɔ abo-aʔ akhroṭ kan-a,This is we's walnut.,এটা আমরা-এর আখরোট।,santali_with_ipa.eaf,54,ɾesʔk kan-a ɾesʔk kan-a ɾesʔk kɑnɑ,He's happy.,,0.1890,0.0000,0.0000,0.0000,0.3780,low
SYN-00405,IMPERATIVE,khadrak̕ khodrok̕ me,Please jagged.,খাঁজকাটা।,santali_glossed_new_2.eaf,44,lahasɛʲcʔ calaʔme laha-sɛʲcʔ calaʔ-me,Walk forward.,,0.1179,0.0000,0.0000,0.0000,0.2357,low
SYN-00407,POSS_EXIST,am-aʔ mit't'e mahal minaʔ,you have one street.,তুমি একটি রাস্তা আছে।,santali_with_ipa.eaf,66,iɲ-aʔ mit't'e boi minaʔ iɲ-aʔ mit't'e boi minaʔ iɲɑʔ mitʔte boi minɑʔ,I have a book.,,0.2988,0.0000,0.0000,0.0000,0.5976,low
SYN-00411,SUBJ_VERB_FUTURE,uni dɔ molao-a,he/she will to polish.,সে পালিশ করা করবে।,santali_glossed_new_2.eaf,126,uni uni,He/She.,,0.2500,0.0000,0.0000,0.0000,0.5000,low
SYN-00413,SUBJ_VERB_NEG_PRESENT,am dɔ ba-m khaeda khạidi kan-a,you do not to trample.,তুমি পায়ে পিষে ফেলা না।,santali_see_paradigm.eaf,71,am bam ɲɛla am ba-m ɲɛl-a,You will not see.,,0.2673,0.0000,0.0000,0.0000,0.5345,low
SYN-00414,DEMO_NEG_ADJ,nɔa dɔ ba-ŋ haḍrap̕ kan-a,This is not forceful.,এটা জোরালো নয়।,santali_with_ipa.eaf,136,niɟa iŋʔ kɔlɔm ba-ŋ kan-a niɟa iŋʔ kɔlɔm ba-ŋ kan-a niɟɑ iŋʔ kɔlɔm bɑŋ kɑnɑ,This is not my pen.,,0.2390,0.0000,0.0000,0.0000,0.4781,low
SYN-00418,PROHIBITIVE,alɔ-m bhãwãr-a,Do not inure.,অভ্যস্ত করা না।,santali_with_ipa.eaf,59,laŋga-a-m laŋga-a-m lɑŋɡɑɑm,You'll get tired.,,0.2500,0.0000,0.0000,0.0000,0.5000,low
SYN-00420,YESNO_VERB,uni dɔ le̱ń kan-a?,Does he/she to creep?,সে কি চুপিসারে চলা?,santali_with_ipa.eaf,54,ɾesʔk kan-a ɾesʔk kan-a ɾesʔk kɑnɑ,He's happy.,,0.2236,0.0000,0.0000,0.0000,0.4472,low
SYN-00423,IMPERATIVE,cạrit me,Please note.,লক্ষ্য করা।,santali_glossed_1.eaf,27,inʈaɾneʈ̚t̪ɛm ɔlɔʔ paɽha͡o̯ d̪aɽe.jaʔa. inʈaɾneʈ̚-t̪ɛ-m ɔlɔʔ paɽha͡o̯ d̪aɽe-aʔ-a. inʈaɾneʈ̚-t̪ɛ-m | ɔlɔʔ | paɽha͡o̯ | d̪aɽe-aʔ-a,We can even study on the internet/ online.,[S3.10] ইন্টারনেটে/ অনলাইনে পড়াশোনা করা যায়।,0.2405,0.0000,0.0000,0.2673,0.0000,low
SYN-00424,YESNO_VERB,iɲ dɔ monda kan-a?,Do I to deteriorate?,আমি কি অবনতি হওয়া?,santali_with_ipa.eaf,86,iɲ bond̪ʰu kan-a-e iɲ bond̪ʰu kan-a-e iɲ bond̪ʰu kɑnɑe,This is my friend.,,0.2739,0.0000,0.0000,0.0000,0.5477,low
SYN-00425,POSS_EXIST,abo-aʔ mit't'e lạhi minaʔ,we have one crude lac.,আমরা একটি ল্যাক আছে।,santali_with_ipa.eaf,66,iɲ-aʔ mit't'e boi minaʔ iɲ-aʔ mit't'e boi minaʔ iɲɑʔ mitʔte boi minɑʔ,I have a book.,,0.2988,0.0000,0.0000,0.0000,0.5976,low
SYN-00427,ADV_VERB,abo dɔ jhumblại me̱ate phere kan-a,we do to gush in a covey.,আমরা ঝাঁকে ঝাঁকে ঝরে পড়া।,santali_with_ipa.eaf,54,ɾesʔk kan-a ɾesʔk kan-a ɾesʔk kɑnɑ,He's happy.,,0.1890,0.0000,0.0000,0.0000,0.3780,low
SYN-00428,ADJ_NOUN,ona dɔ mạurạsi jor kan-a,That is a hereditary (of tenures) vigour.,ওটা বংশানুক্রমিক বল / জোর।,santali_with_ipa.eaf,54,ɾesʔk kan-a ɾesʔk kan-a ɾesʔk kɑnɑ,He's happy.,,0.2041,0.0000,0.0000,0.0000,0.4082,low
SYN-00429,DEMO_ADJ,nɔa dɔ sum kan-a,This is parsimonious.,এটা কৃপণ।,santali_glossed_1.eaf,80,"hɛ̃ː, no̯͡a d̪ɔ mit̪̚ʔʈɛn bʰage hudis. hɛ̃, no̯͡a d̪ɔ mit̪ʔ-ʈɛn bʰage hudis. hɛ̃ | no̯͡a | d̪ɔ | mit̪ʔ-ʈɛn | bʰage | hudis","Pradeep: Yes, it's a great/good idea.","[S8.3] প্রদীপ: হ্যাঁ, এটা একটা দারুণ চিন্তা।",0.2250,0.0000,0.0000,0.2500,0.0000,low
SYN-00430,SUBJ_NEG_ADJ,abo dɔ ba-bon iman kan-a,we are not conscientious.,আমরা বিবেকবান নয়।,santali_with_ipa.eaf,55,ba-e ɾesʔk kan-a ba-e ɾesʔk kan-a bɑe ɾesʔk kɑnɑ,He isn't happy.,,0.2143,0.0000,0.0000,0.0000,0.4286,low
SYN-00431,PROHIBITIVE,alɔ-m pahada phodo-a,Do not to sprawl.,ছড়িয়ে পড়া না।,santali_with_ipa.eaf,59,laŋga-a-m laŋga-a-m lɑŋɡɑɑm,You'll get tired.,,0.2236,0.0000,0.0000,0.0000,0.4472,low
SYN-00434,DEMO_ADJ,ona dɔ cirgạl kan-a,That is wary.,ওটা সতর্ক।,santali_with_ipa.eaf,54,ɾesʔk kan-a ɾesʔk kan-a ɾesʔk kɑnɑ,He's happy.,,0.2236,0.0000,0.0000,0.0000,0.4472,low
SYN-00435,PLACE_VERB,iɲ dɔ kạrkhana-re to̱go̱c̕ kan-a,I do to masticate in/at workshop.,আমি কর্মশালা-তে চিবানো।,santali_with_ipa.eaf,86,iɲ bond̪ʰu kan-a-e iɲ bond̪ʰu kan-a-e iɲ bond̪ʰu kɑnɑe,This is my friend.,,0.2315,0.0000,0.0000,0.0000,0.4629,low
SYN-00438,POSS_NOM,ona dɔ uni-aʔ bud bhorsa kan-a,That is he/she's encouragement.,ওটা সে-এর উৎসাহ।,santali_glossed_dialogues.eaf,22,maːt̪ɔbɛɲ calaʔkana maː-t̪ɔbɛ-ɲ cal-aʔ-kan-a,"Alright Father, I am going.",,0.1768,0.0000,0.0000,0.0000,0.3536,low
SYN-00440,SUBJ_VERB_NEG_PRESENT,abo dɔ ba-bon oar kan-a,we do not to skim (as cream).,আমরা উপরের অংশ তুলে নেওয়া না।,santali_with_ipa.eaf,55,ba-e ɾesʔk kan-a ba-e ɾesʔk kan-a bɑe ɾesʔk kɑnɑ,He isn't happy.,,0.2143,0.0000,0.0000,0.0000,0.4286,low
SYN-00441,OBJECT_VERB_NEG,uni dɔ ḍobhak̕-to ba-e heṛa ghesa-a,he/she does not to be intimate with puddle.,সে কাদার গর্ত অন্তরঙ্গ হওয়া না।,santali_with_ipa.eaf,33,uni-d̪o ba-e siɽiɲ-a-e uni-d̪o ba-e siɽiɲ-a-e unid̪o bɑe siɽiɲɑe,He doesn't sing.,,0.2222,0.0000,0.0000,0.0000,0.4444,low
SYN-00442,SUBJ_VERB_FUTURE,abo dɔ dharao-a,we will owe.,আমরা ঋণী হওয়া করবে।,santali_glossed_new_2.eaf,124,abo abo,We.,,0.2500,0.0000,0.0000,0.0000,0.5000,low
SYN-00443,DEMO_ADJ,ona dɔ nijuạn kan-a,That is pubescent.,ওটা যৌবনপ্রাপ্ত।,santali_with_ipa.eaf,54,ɾesʔk kan-a ɾesʔk kan-a ɾesʔk kɑnɑ,He's happy.,,0.2236,0.0000,0.0000,0.0000,0.4472,low
SYN-00444,SUBJ_VERB_NEG_PRESENT,iɲ dɔ bɔ-iɲ mano̱t kan-a,I do not to esteem.,আমি সম্মান করা না।,santali_with_ipa.eaf,86,iɲ bond̪ʰu kan-a-e iɲ bond̪ʰu kan-a-e iɲ bond̪ʰu kɑnɑe,This is my friend.,,0.2500,0.0000,0.0000,0.0000,0.5000,low
SYN-00447,YESNO_ADJ,ona dɔ ḍahgoriạ kan-a?,Is that envious?,ওটা কি ঈর্ষাপরায়ণ?,santali_with_ipa.eaf,54,ɾesʔk kan-a ɾesʔk kan-a ɾesʔk kɑnɑ,He's happy.,,0.2236,0.0000,0.0000,0.0000,0.4472,low
SYN-00449,DEMO_NOM,nɔa dɔ dhuạ̃ dhuṅgiạ kan-a,This is smoke.,এটা ধোঁয়া।,santali_glossed_1.eaf,80,"hɛ̃ː, no̯͡a d̪ɔ mit̪̚ʔʈɛn bʰage hudis. hɛ̃, no̯͡a d̪ɔ mit̪ʔ-ʈɛn bʰage hudis. hɛ̃ | no̯͡a | d̪ɔ | mit̪ʔ-ʈɛn | bʰage | hudis","Pradeep: Yes, it's a great/good idea.","[S8.3] প্রদীপ: হ্যাঁ, এটা একটা দারুণ চিন্তা।",0.2250,0.0000,0.0000,0.2500,0.0000,low
SYN-00452,DEMO_NOM,ona dɔ porja kan-a,That is ryot.,ওটা রায়ত / কৃষক।,santali_with_ipa.eaf,54,ɾesʔk kan-a ɾesʔk kan-a ɾesʔk kɑnɑ,He's happy.,,0.2236,0.0000,0.0000,0.0000,0.4472,low
SYN-00453,DEMO_ADJ,ona dɔ labar lobur kan-a,That is pulpy.,ওটা নরম ও রসালো।,santali_with_ipa.eaf,54,ɾesʔk kan-a ɾesʔk kan-a ɾesʔk kɑnɑ,He's happy.,,0.2041,0.0000,0.0000,0.0000,0.4082,low
SYN-00454,SUBJ_VERB_PRESENT,uni dɔ bhinạ kan-a-e,he/she does disagree.,সে মতভেদ করা।,santali_with_ipa.eaf,39,uni oɽae ba-e sen-kan-a-e uni oɽae ba-e sen-kan-a-e uni oɽɑe bɑe senkɑnɑe,He didn't go home.,,0.2582,0.0000,0.0000,0.0000,0.5164,low
SYN-00457,NUM_NOUN_EXIST,eka ic̕ minaʔ,There are/is one dross.,এক ধাতুর আবর্জনা / খাদ আছে।,santali_glossed_1.eaf,103,ʈʰikge.ja. ʈʰik-ge-a. ʈʰik-ge-a,Arka: Okay.,[S8.26] অর্ক: ঠিক আছে।,0.1800,0.0000,0.0000,0.2000,0.0000,low
SYN-00459,IMPERATIVE,ragbag me,Please to respond.,উত্তর দেওয়া।,santali_glossed_new_2.eaf,44,lahasɛʲcʔ calaʔme laha-sɛʲcʔ calaʔ-me,Walk forward.,,0.1443,0.0000,0.0000,0.0000,0.2887,low
SYN-00463,DEMO_NOM,ona dɔ jan kan-a,That is creature.,ওটা জীব।,santali_with_ipa.eaf,54,ɾesʔk kan-a ɾesʔk kan-a ɾesʔk kɑnɑ,He's happy.,,0.2236,0.0000,0.0000,0.0000,0.4472,low
SYN-00467,SUBJ_VERB_FUTURE,abo dɔ riṅgi ṭiṅgi-a,we will to exult.,আমরা আনন্দিত হওয়া করবে।,santali_glossed_new_2.eaf,124,abo abo,We.,,0.2236,0.0000,0.0000,0.0000,0.4472,low
SYN-00469,IMPERATIVE,khed me,Please to expel.,বিতাড়িত করা।,santali_glossed_1.eaf,27,inʈaɾneʈ̚t̪ɛm ɔlɔʔ paɽha͡o̯ d̪aɽe.jaʔa. inʈaɾneʈ̚-t̪ɛ-m ɔlɔʔ paɽha͡o̯ d̪aɽe-aʔ-a. inʈaɾneʈ̚-t̪ɛ-m | ɔlɔʔ | paɽha͡o̯ | d̪aɽe-aʔ-a,We can even study on the internet/ online.,[S3.10] ইন্টারনেটে/ অনলাইনে পড়াশোনা করা যায়।,0.2405,0.0000,0.0000,0.2673,0.0000,low
SYN-00473,YESNO_ADJ,ona dɔ nico kan-a?,Is that unbecoming?,ওটা কি অনুপযুক্ত?,santali_with_ipa.eaf,54,ɾesʔk kan-a ɾesʔk kan-a ɾesʔk kɑnɑ,He's happy.,,0.2236,0.0000,0.0000,0.0000,0.4472,low
SYN-00474,SUBJ_VERB_FUTURE,abo dɔ bạḍ biṛit-a,we will increase.,আমরা বৃদ্ধি করবে।,santali_glossed_new_2.eaf,124,abo abo,We.,,0.2236,0.0000,0.0000,0.0000,0.4472,low
SYN-00475,SUBJ_VERB_NEG_FUTURE,abo dɔ ba-bon soṛa-a,we will not to halve.,আমরা অর্ধেক করা করবে না।,santali_new_glossed_1.eaf,63,d̪aʔ bɛgɔɾt̪ɛ abo d̯ɔ babon ɟiu̯͡ed̪ɔʔa d̪aʔ bɛgɔɾ-t̪ɛ abo d̯ɔ ba-bon ɟiu̯͡e-d̪ɔʔ-a,We cannot live without water.,,0.2265,0.0000,0.0000,0.0000,0.4529,low
SYN-00476,SUBJ_VERB_FUTURE,uni dɔ goha e̱m-a,he/she will to testify.,সে সাক্ষ্য দেওয়া করবে।,santali_glossed_new_2.eaf,126,uni uni,He/She.,,0.2236,0.0000,0.0000,0.0000,0.4472,low
SYN-00477,YESNO_ADJ,ona dɔ ḍhar kan-a?,Is that trickling?,ওটা কি ঝরে পড়া?,santali_with_ipa.eaf,54,ɾesʔk kan-a ɾesʔk kan-a ɾesʔk kɑnɑ,He's happy.,,0.2236,0.0000,0.0000,0.0000,0.4472,low
SYN-00478,POSS_EXIST,am-aʔ mit't'e ḍạḍu minaʔ,you have one oar.,তুমি একটি দাঁড় আছে।,santali_with_ipa.eaf,66,iɲ-aʔ mit't'e boi minaʔ iɲ-aʔ mit't'e boi minaʔ iɲɑʔ mitʔte boi minɑʔ,I have a book.,,0.2988,0.0000,0.0000,0.0000,0.5976,low
SYN-00483,DEMO_NOM,ona dɔ ḍẽ̱hẽ̱ kan-a,That is deformity (protuberant).,ওটা বিকৃতি।,santali_with_ipa.eaf,54,ɾesʔk kan-a ɾesʔk kan-a ɾesʔk kɑnɑ,He's happy.,,0.2236,0.0000,0.0000,0.0000,0.4472,low
SYN-00486,YESNO_VERB,am dɔ dagao kan-a?,Do you bespeak?,তুমি কি অগ্রিম আদেশ দেওয়া?,santali_glossed_1.eaf,81,amd̪ɔ cɛt̪̚ʔ no̯͡a ni̯͡ɘt̪ɛ ɟahanaʔɛm ganɖɔnakad̪a? am d̪ɔ cɛt̪ʔ no̯͡a ni̯͡ɘ-t̪ɛ ɟahanaʔ-e-m ganɖɔn-akad-a? am | d̪ɔ | cɛt̪ʔ | no̯͡a | ni̯͡ɘ-t̪ɛ | ɟahanaʔ-e-m | ganɖɔn-akad-a,Pradeep: Have you thought about it?,[S8.4] প্রদীপ: তুমি কি এটা নিয়ে কিছু ভেবেছ?,0.2683,0.0000,0.0000,0.2981,0.0000,low
SYN-00489,OBJECT_VERB_NEG,uni dɔ ciroc̕ co̱ro̱c̕-to ba-e dag-a,he/she does not cauterise with dripping.,সে ঝরে পড়া পোড়ানো না।,santali_glossed_1.eaf,5,ɲɛlɛɾasa ɲu ɲut̪ɛ uni.jaʔ laʲc̚ʔ d̪ɔ pʰulɘ͡u̯ɛnt̪a.ja ɛnɾɛhɔ̃ ɲɛlɛɾasa ɲuɲu d̪ɔ ba͡i̯ bɘgi.jad̪a. ɲɛlɛɾasa ɲu-ɲu-t̪ɛ uni-aʔ lac̚ʔ d̪ɔ pʰulɘ͡u̯-en-t̪a-a aɾ-ɛn-ɾɛ-hɔ̃ ɲɛlɛɾasa ɲu-ɲu d̪ɔ ba͡i̯ bɘgi-akad-a. ɲɛlɛɾasa | ɲu-ɲu-t̪ɛ | uni-aʔ | lac̚ʔ | d̪ɔ | pʰulɘ͡u̯-en-t̪a-a | ɛnɾɛhɔ̃ | ɲɛlɛɾasa | ɲu-ɲu | d̪ɔ | ba͡i̯ | bɘgi-akad-a,"His stomach swelled as he kept devouring the honey, but still he did not stop eating.","[S1.5] মধু খেতে খেতে তার পেট ফুলে গেল, তবুও সে খাওয়া থামালো না।",0.2233,0.0000,0.0000,0.2481,0.0000,low
SYN-00492,SUBJ_ADJ,abo dɔ mersitur kan-a-bon,we are paltry.,আমরা তুচ্ছ।,santali_glossed_1.eaf,65,alɛ ɟɔt̪ɔhɔɽ mɔ̃ɟge menaʔle.ja. alɛ ɟɔt̪ɔ-hɔɽ mɔ̃ɟ-ge mena-le-a. alɛ | ɟɔt̪ɔ-hɔɽ | mɔ̃ɟ-ge | mena-le-a,Nephew: We are all fine.,[S7.5] ভাতিজা: আমরা সবাই ভালো আছি।,0.2405,0.0000,0.0000,0.2673,0.0000,low
SYN-00493,POSS_EXIST,am-aʔ mit't'e bõ̠s budạ minaʔ,you have one genealogy.,তুমি একটি বংশতালিকা আছে।,santali_with_ipa.eaf,66,iɲ-aʔ mit't'e boi minaʔ iɲ-aʔ mit't'e boi minaʔ iɲɑʔ mitʔte boi minɑʔ,I have a book.,,0.2795,0.0000,0.0000,0.0000,0.5590,low
SYN-00494,ADV_VERB,uni dɔ le̱ce̱r pahada phodo kan-a,he/she does to sprawl glibly.,সে সহজভাবে ছড়িয়ে পড়া।,santali_with_ipa.eaf,54,ɾesʔk kan-a ɾesʔk kan-a ɾesʔk kɑnɑ,He's happy.,,0.1890,0.0000,0.0000,0.0000,0.3780,low
SYN-00495,SUBJ_VERB_PAST,uni dɔ gutạ-len-a,he/she did to prod.,সে খোঁচানো করেছিল।,santali_with_ipa.eaf,38,uni oɽae sen-len-a uni oɽae sen-len-a uni oɽɑe senlenɑ,He went home.,,0.2535,0.0000,0.0000,0.0000,0.5071,low
SYN-00496,SUBJ_VERB_NEG_PRESENT,am dɔ ba-m beṛhae kan-a,you do not encircle.,তুমি ঘিরে ফেলা না।,santali_see_paradigm.eaf,71,am bam ɲɛla am ba-m ɲɛl-a,You will not see.,,0.2857,0.0000,0.0000,0.0000,0.5714,low
SYN-00497,ADV_VERB,abo dɔ ragda ragdi mina kan-a,we do to deduct closely.,আমরা ঘনিষ্ঠভাবে কাটা।,santali_glossed_1.eaf,65,alɛ ɟɔt̪ɔhɔɽ mɔ̃ɟge menaʔle.ja. alɛ ɟɔt̪ɔ-hɔɽ mɔ̃ɟ-ge mena-le-a. alɛ | ɟɔt̪ɔ-hɔɽ | mɔ̃ɟ-ge | mena-le-a,Nephew: We are all fine.,[S7.5] ভাতিজা: আমরা সবাই ভালো আছি।,0.1964,0.0000,0.0000,0.2182,0.0000,low
SYN-00498,DEMO_NEG_NOM,nɔa dɔ tet̕ dɔ ba-ŋ kan-a,This is not abstract noun marker.,এটা বিমূর্ত বিশেষ্য প্রত্যয় নয়।,santali_with_ipa.eaf,136,niɟa iŋʔ kɔlɔm ba-ŋ kan-a niɟa iŋʔ kɔlɔm ba-ŋ kan-a niɟɑ iŋʔ kɔlɔm bɑŋ kɑnɑ,This is not my pen.,,0.2390,0.0000,0.0000,0.0000,0.4781,low
SYN-00502,OBJECT_VERB,abo dɔ mãyã-i dhekar-a,we do belch with sympathy.,আমরা সহানুভূতি ঢেঁকুর তোলা।,santali_glossed_new_2.eaf,124,abo abo,We.,,0.2041,0.0000,0.0000,0.0000,0.4082,low
SYN-00504,SUBJ_VERB_NEG_FUTURE,uni dɔ ba-e do̱yo̱k̕-a,he/she will not retch.,সে বমি করার ভাব করবে না।,santali_with_ipa.eaf,33,uni-d̪o ba-e siɽiɲ-a-e uni-d̪o ba-e siɽiɲ-a-e unid̪o bɑe siɽiɲɑe,He doesn't sing.,,0.2722,0.0000,0.0000,0.0000,0.5443,low
SYN-00507,SUBJ_VERB_FUTURE,iɲ dɔ lo̱ṭo̱m-a,I will to abrogate.,আমি বাতিল করা করবে।,santali_glossed_new_2.eaf,123,iɲ iɲ,Myself/Me.,,0.2500,0.0000,0.0000,0.0000,0.5000,low
SYN-00508,IMPERATIVE,bebohar me,Please comport oneself.,আচরণ করা।,santali_glossed_1.eaf,27,inʈaɾneʈ̚t̪ɛm ɔlɔʔ paɽha͡o̯ d̪aɽe.jaʔa. inʈaɾneʈ̚-t̪ɛ-m ɔlɔʔ paɽha͡o̯ d̪aɽe-aʔ-a. inʈaɾneʈ̚-t̪ɛ-m | ɔlɔʔ | paɽha͡o̯ | d̪aɽe-aʔ-a,We can even study on the internet/ online.,[S3.10] ইন্টারনেটে/ অনলাইনে পড়াশোনা করা যায়।,0.2405,0.0000,0.0000,0.2673,0.0000,low
SYN-00510,SUBJ_VERB_PRESENT,iɲ dɔ co̱k̕ kan-a,I do kiss.,আমি চুমু খাওয়া।,santali_with_ipa.eaf,86,iɲ bond̪ʰu kan-a-e iɲ bond̪ʰu kan-a-e iɲ bond̪ʰu kɑnɑe,This is my friend.,,0.2739,0.0000,0.0000,0.0000,0.5477,low
SYN-00511,OBJECT_VERB_NEG,abo dɔ pitol-to ba-bon bokṛo-a,we do not tickle with brass.,আমরা পিতল গুদগুদি দেওয়া না।,santali_new_glossed_1.eaf,63,d̪aʔ bɛgɔɾt̪ɛ abo d̯ɔ babon ɟiu̯͡ed̪ɔʔa d̪aʔ bɛgɔɾ-t̪ɛ abo d̯ɔ ba-bon ɟiu̯͡e-d̪ɔʔ-a,We cannot live without water.,,0.1961,0.0000,0.0000,0.0000,0.3922,low
SYN-00514,PROHIBITIVE,alɔ-m sostop-a,Do not to cherish.,লালন করা না।,santali_with_ipa.eaf,59,laŋga-a-m laŋga-a-m lɑŋɡɑɑm,You'll get tired.,,0.2500,0.0000,0.0000,0.0000,0.5000,low
SYN-00515,ADV_VERB,uni dɔ sarpaṭ marte calao kan-a,he/she does direct with a guzzle.,সে গরগর করে খাওয়া নির্দেশ দেওয়া।,santali_with_ipa.eaf,54,ɾesʔk kan-a ɾesʔk kan-a ɾesʔk kɑnɑ,He's happy.,,0.1890,0.0000,0.0000,0.0000,0.3780,low
SYN-00519,OBJECT_VERB_NEG,am dɔ bhisor-to ba-m ko̱rko̱ṭo̱-a,you do not to project with omission of duty.,তুমি কর্তব্যচ্যুতি বেরিয়ে থাকা না।,santali_see_paradigm.eaf,71,am bam ɲɛla am ba-m ɲɛl-a,You will not see.,,0.2673,0.0000,0.0000,0.0000,0.5345,low
SYN-00521,PLACE_VERB,am dɔ ranakap̕-re bes kan-a,you do cure in/at ascent.,তুমি আরোহণ পথ-তে আরোগ্য করা।,santali_with_ipa.eaf,54,ɾesʔk kan-a ɾesʔk kan-a ɾesʔk kɑnɑ,He's happy.,,0.1890,0.0000,0.0000,0.0000,0.3780,low
SYN-00522,POSS_NOM,ona dɔ uni-aʔ hucuk kan-a,That is he/she's compulsion.,ওটা সে-এর বাধ্যতা / জোরজবরদস্তি।,santali_with_ipa.eaf,54,ɾesʔk kan-a ɾesʔk kan-a ɾesʔk kɑnɑ,He's happy.,,0.1890,0.0000,0.0000,0.0000,0.3780,low
SYN-00524,PLACE_VERB,iɲ dɔ cor kheda-re ajak̕ kan-a,I do importune in/at jupiter (planet).,আমি বৃহস্পতি গ্রহ-তে বারবার অনুরোধ করা।,santali_with_ipa.eaf,86,iɲ bond̪ʰu kan-a-e iɲ bond̪ʰu kan-a-e iɲ bond̪ʰu kɑnɑe,This is my friend.,,0.2165,0.0000,0.0000,0.0000,0.4330,low
SYN-00526,SUBJ_VERB_PAST,am dɔ ṭak̕-len-a,you did to click.,তুমি টিকটিক শব্দ করা করেছিল।,santali_glossed_new_2.eaf,125,am am,You.,,0.2236,0.0000,0.0000,0.0000,0.4472,low
SYN-00529,ADJ_NOUN,nɔa dɔ ge̱ne̱c̕ chiạ kan-a,This is a neat and tidy abomination.,এটা পরিচ্ছন্ন ও পরিপাটি ঘৃণ্য বস্তু।,santali_with_ipa.eaf,54,ɾesʔk kan-a ɾesʔk kan-a ɾesʔk kɑnɑ,He's happy.,,0.2041,0.0000,0.0000,0.0000,0.4082,low
SYN-00530,SUBJ_VERB_NEG_FUTURE,uni dɔ ba-e dạbṛi maṅgal-a,he/she will not wherret.,সে তাড়া করা করবে না।,santali_with_ipa.eaf,33,uni-d̪o ba-e siɽiɲ-a-e uni-d̪o ba-e siɽiɲ-a-e unid̪o bɑe siɽiɲɑe,He doesn't sing.,,0.2520,0.0000,0.0000,0.0000,0.5040,low
SYN-00533,DEMO_NEG_ADJ,nɔa dɔ ba-ŋ galbajṛi kan-a,This is not pert.,এটা চটপটে নয়।,santali_with_ipa.eaf,136,niɟa iŋʔ kɔlɔm ba-ŋ kan-a niɟa iŋʔ kɔlɔm ba-ŋ kan-a niɟɑ iŋʔ kɔlɔm bɑŋ kɑnɑ,This is not my pen.,,0.2390,0.0000,0.0000,0.0000,0.4781,low
SYN-00535,DEMO_ADJ,ona dɔ ḍhạṭhi kan-a,That is inexorable.,ওটা অনমনীয়।,santali_with_ipa.eaf,54,ɾesʔk kan-a ɾesʔk kan-a ɾesʔk kɑnɑ,He's happy.,,0.2236,0.0000,0.0000,0.0000,0.4472,low
SYN-00537,SUBJ_VERB_NEG_FUTURE,uni dɔ ba-e bhijạu-a,he/she will not operate.,সে কার্যকর করা করবে না।,santali_with_ipa.eaf,33,uni-d̪o ba-e siɽiɲ-a-e uni-d̪o ba-e siɽiɲ-a-e unid̪o bɑe siɽiɲɑe,He doesn't sing.,,0.2722,0.0000,0.0000,0.0000,0.5443,low
SYN-00538,DEMO_NEG_ADJ,nɔa dɔ ba-ŋ baḍae kan-a,"This is not cognizant of, to be.",এটা অবগত নয়।,santali_with_ipa.eaf,136,niɟa iŋʔ kɔlɔm ba-ŋ kan-a niɟa iŋʔ kɔlɔm ba-ŋ kan-a niɟɑ iŋʔ kɔlɔm bɑŋ kɑnɑ,This is not my pen.,,0.2390,0.0000,0.0000,0.0000,0.4781,low
SYN-00539,YESNO_VERB,uni dɔ ge̱we̱l kan-a?,Does he/she to squirm?,সে কি ছটফট করা?,santali_with_ipa.eaf,54,ɾesʔk kan-a ɾesʔk kan-a ɾesʔk kɑnɑ,He's happy.,,0.2236,0.0000,0.0000,0.0000,0.4472,low
SYN-00542,DEMO_NEG_ADJ,ona dɔ ba-ŋ hipiṛ kan-a,That is not tremulous.,ওটা কম্পিত / থরথরে নয়।,santali_with_ipa.eaf,136,niɟa iŋʔ kɔlɔm ba-ŋ kan-a niɟa iŋʔ kɔlɔm ba-ŋ kan-a niɟɑ iŋʔ kɔlɔm bɑŋ kɑnɑ,This is not my pen.,,0.2390,0.0000,0.0000,0.0000,0.4781,low
SYN-00543,SUBJ_NEG_ADJ,abo dɔ ba-bon be̱hũṭ kan-a,we are not oppressive.,আমরা নিপীড়ক নয়।,santali_with_ipa.eaf,55,ba-e ɾesʔk kan-a ba-e ɾesʔk kan-a bɑe ɾesʔk kɑnɑ,He isn't happy.,,0.2143,0.0000,0.0000,0.0000,0.4286,low
SYN-00545,ADJ_NOUN,ona dɔ gal bajoṛiạ iṭạ kan-a,That is a funny brick.,ওটা মজাদার ইট।,santali_with_ipa.eaf,54,ɾesʔk kan-a ɾesʔk kan-a ɾesʔk kɑnɑ,He's happy.,,0.1890,0.0000,0.0000,0.0000,0.3780,low
SYN-00546,SUBJ_VERB_PRESENT,abo dɔ nisṛạu kan-a-bon,we do banter.,আমরা ঠাট্টা।,santali_glossed_1.eaf,65,alɛ ɟɔt̪ɔhɔɽ mɔ̃ɟge menaʔle.ja. alɛ ɟɔt̪ɔ-hɔɽ mɔ̃ɟ-ge mena-le-a. alɛ | ɟɔt̪ɔ-hɔɽ | mɔ̃ɟ-ge | mena-le-a,Nephew: We are all fine.,[S7.5] ভাতিজা: আমরা সবাই ভালো আছি।,0.2405,0.0000,0.0000,0.2673,0.0000,low
SYN-00549,SUBJ_NEG_ADJ,uni dɔ ba-e dondkoṛo kan-a,he/she is not notable.,সে উল্লেখযোগ্য নয়।,santali_with_ipa.eaf,39,uni oɽae ba-e sen-kan-a-e uni oɽae ba-e sen-kan-a-e uni oɽɑe bɑe senkɑnɑe,He didn't go home.,,0.2988,0.0000,0.0000,0.0000,0.5976,low
SYN-00550,OBJECT_VERB,uni dɔ ḍihdar-i gạḍiạu-a,he/she does bury with zemindary official.,সে জমিদারি কর্মকর্তা কবর দেওয়া।,santali_glossed_new_2.eaf,126,uni uni,He/She.,,0.2041,0.0000,0.0000,0.0000,0.4082,low
SYN-00552,YESNO_VERB,abo dɔ dho̱ro̱m kan-a?,Do we sanctify?,আমরা কি পবিত্র করা?,santali_with_ipa.eaf,54,ɾesʔk kan-a ɾesʔk kan-a ɾesʔk kɑnɑ,He's happy.,,0.2236,0.0000,0.0000,0.0000,0.4472,low
SYN-00553,ADV_VERB,iɲ dɔ jạni jạti bo̱c̕ kan-a,I do unsheathe independently.,আমি স্বাধীনভাবে খাপ থেকে বের করা।,santali_glossed_1.eaf,49,babaʈʰɛnkʰɔn iɲd̪ɔ ɔlɔʔ aɾ paɽha͡ɔ̯iɲ cit̪̚ʔakad̪a. baba-ʈʰɛn-kʰɔn iɲ d̪ɔ ɔlɔʔ aɾ paɽha͡ɔ̯-iɲ cit̪ʔ-akad-a. baba-ʈʰɛn-kʰɔn | iɲ | d̪ɔ | ɔlɔʔ | aɾ | paɽha͡ɔ̯-iɲ | cit̪ʔ-akad-a,I have learned to read and write from my father.,[S6.4] বাবার কাছ থেকে আমি পড়তে ও লিখতে শিখেছি।,0.2324,0.0000,0.0000,0.2582,0.0000,low
SYN-00556,DEMO_ADJ,nɔa dɔ ḍolao kan-a,This is limp.,এটা খোঁড়িয়ে চলা।,santali_with_ipa.eaf,54,ɾesʔk kan-a ɾesʔk kan-a ɾesʔk kɑnɑ,He's happy.,,0.2236,0.0000,0.0000,0.0000,0.4472,low
SYN-00558,POSS_EXIST,abo-aʔ mit't'e gaḍa minaʔ,we have one depression.,আমরা একটি গর্ত / নিচু জায়গা আছে।,santali_with_ipa.eaf,66,iɲ-aʔ mit't'e boi minaʔ iɲ-aʔ mit't'e boi minaʔ iɲɑʔ mitʔte boi minɑʔ,I have a book.,,0.2988,0.0000,0.0000,0.0000,0.5976,low
SYN-00561,DEMO_ADJ,ona dɔ cehel kan-a,That is overflowing.,ওটা উপচে পড়া।,santali_with_ipa.eaf,54,ɾesʔk kan-a ɾesʔk kan-a ɾesʔk kɑnɑ,He's happy.,,0.2236,0.0000,0.0000,0.0000,0.4472,low
SYN-00563,OBJECT_VERB_NEG,abo dɔ bhul cuk-to ba-bon aṛak̕-a,"we do not allow, to with omission.","আমরা বাদ পড়া অনুমতি দেওয়া, মানা না।",santali_new_glossed_1.eaf,63,d̪aʔ bɛgɔɾt̪ɛ abo d̯ɔ babon ɟiu̯͡ed̪ɔʔa d̪aʔ bɛgɔɾ-t̪ɛ abo d̯ɔ ba-bon ɟiu̯͡e-d̪ɔʔ-a,We cannot live without water.,,0.1849,0.0000,0.0000,0.0000,0.3698,low
SYN-00566,ADJ_NOUN,ona dɔ lahe cahe dạgrin kan-a,That is a unstinting midwife.,ওটা অকৃপণ ধাই মা।,santali_with_ipa.eaf,54,ɾesʔk kan-a ɾesʔk kan-a ɾesʔk kɑnɑ,He's happy.,,0.1890,0.0000,0.0000,0.0000,0.3780,low
SYN-00569,DEMO_NEG_ADJ,ona dɔ ba-ŋ jạruṛ kan-a,That is not indispensable.,ওটা অপরিহার্য নয়।,santali_with_ipa.eaf,136,niɟa iŋʔ kɔlɔm ba-ŋ kan-a niɟa iŋʔ kɔlɔm ba-ŋ kan-a niɟɑ iŋʔ kɔlɔm bɑŋ kɑnɑ,This is not my pen.,,0.2390,0.0000,0.0000,0.0000,0.4781,low
SYN-00574,DEMO_NEG_ADJ,nɔa dɔ ba-ŋ pạhil kan-a,This is not foremost.,এটা সর্বাগ্রে নয়।,santali_with_ipa.eaf,136,niɟa iŋʔ kɔlɔm ba-ŋ kan-a niɟa iŋʔ kɔlɔm ba-ŋ kan-a niɟɑ iŋʔ kɔlɔm bɑŋ kɑnɑ,This is not my pen.,,0.2390,0.0000,0.0000,0.0000,0.4781,low
SYN-00577,YESNO_VERB,uni dɔ haṭa bạdi kan-a?,Does he/she to vie / to compete?,সে কি প্রতিযোগিতা করা?,santali_with_ipa.eaf,54,ɾesʔk kan-a ɾesʔk kan-a ɾesʔk kɑnɑ,He's happy.,,0.2041,0.0000,0.0000,0.0000,0.4082,low
SYN-00578,DEMO_NEG_ADJ,ona dɔ ba-ŋ phada kan-a,That is not unprotected.,ওটা অরক্ষিত নয়।,santali_with_ipa.eaf,136,niɟa iŋʔ kɔlɔm ba-ŋ kan-a niɟa iŋʔ kɔlɔm ba-ŋ kan-a niɟɑ iŋʔ kɔlɔm bɑŋ kɑnɑ,This is not my pen.,,0.2390,0.0000,0.0000,0.0000,0.4781,low
SYN-00579,DEMO_ADJ,nɔa dɔ haemoekaṭ kan-a,This is unnerved.,এটা বিহ্বল।,santali_glossed_1.eaf,80,"hɛ̃ː, no̯͡a d̪ɔ mit̪̚ʔʈɛn bʰage hudis. hɛ̃, no̯͡a d̪ɔ mit̪ʔ-ʈɛn bʰage hudis. hɛ̃ | no̯͡a | d̪ɔ | mit̪ʔ-ʈɛn | bʰage | hudis","Pradeep: Yes, it's a great/good idea.","[S8.3] প্রদীপ: হ্যাঁ, এটা একটা দারুণ চিন্তা।",0.2250,0.0000,0.0000,0.2500,0.0000,low
SYN-00581,DEMO_NOM,nɔa dɔ nạib kan-a,This is deputy.,এটা ডেপুটি।,santali_glossed_1.eaf,80,"hɛ̃ː, no̯͡a d̪ɔ mit̪̚ʔʈɛn bʰage hudis. hɛ̃, no̯͡a d̪ɔ mit̪ʔ-ʈɛn bʰage hudis. hɛ̃ | no̯͡a | d̪ɔ | mit̪ʔ-ʈɛn | bʰage | hudis","Pradeep: Yes, it's a great/good idea.","[S8.3] প্রদীপ: হ্যাঁ, এটা একটা দারুণ চিন্তা।",0.2250,0.0000,0.0000,0.2500,0.0000,low
SYN-00583,SUBJ_VERB_NEG_PRESENT,abo dɔ ba-bon ṭhepo kan-a,we do not to defy.,আমরা অবাধ্য হওয়া না।,santali_with_ipa.eaf,55,ba-e ɾesʔk kan-a ba-e ɾesʔk kan-a bɑe ɾesʔk kɑnɑ,He isn't happy.,,0.2143,0.0000,0.0000,0.0000,0.4286,low
SYN-00585,LOC_EXIST,ḍuṅri-re bajna minaʔ,There is cymbals in/at knoll.,"ছোট টিলা-তে করতাল, ঝাঁঝর আছে।",santali_glossed_1.eaf,103,ʈʰikge.ja. ʈʰik-ge-a. ʈʰik-ge-a,Arka: Okay.,[S8.26] অর্ক: ঠিক আছে।,0.1643,0.0000,0.0000,0.1826,0.0000,low
SYN-00590,POSS_NOM,ona dɔ am-aʔ bapo̱ti dho̱n kan-a,That is you's heritage.,ওটা তুমি-এর উত্তরাধিকার।,santali_glossed_new_2.eaf,60,cʰiːh noŋkan kɘmi amaʔ baŋ saɟaoaʔkana cʰiːh noŋkan kɘmi am-aʔ baŋ saɟa-o-aʔ-kan-a,Shame! Such work doesn't suit you!,,0.2041,0.0000,0.0000,0.0000,0.4082,low
SYN-00592,DEMO_NEG_NOM,ona dɔ jhaṛ dɔ ba-ŋ kan-a,That is not tuft.,ওটা ঝুঁটি / গুচ্ছ নয়।,santali_with_ipa.eaf,136,niɟa iŋʔ kɔlɔm ba-ŋ kan-a niɟa iŋʔ kɔlɔm ba-ŋ kan-a niɟɑ iŋʔ kɔlɔm bɑŋ kɑnɑ,This is not my pen.,,0.2390,0.0000,0.0000,0.0000,0.4781,low
SYN-00595,ADJ_NOUN,nɔa dɔ khaṇḍ ũṭ cẽ̱ṛẽ̱ kan-a,This is a checkered ostrich.,এটা চৌখুপি উটপাখি।,santali_with_ipa.eaf,54,ɾesʔk kan-a ɾesʔk kan-a ɾesʔk kɑnɑ,He's happy.,,0.1890,0.0000,0.0000,0.0000,0.3780,low
SYN-00598,SUBJ_VERB_NEG_PRESENT,uni dɔ ba-e ucạṛ kan-a,he/she does not to be contagious.,সে সংক্রামক হওয়া না।,santali_with_ipa.eaf,39,uni oɽae ba-e sen-kan-a-e uni oɽae ba-e sen-kan-a-e uni oɽɑe bɑe senkɑnɑe,He didn't go home.,,0.2988,0.0000,0.0000,0.0000,0.5976,low
SYN-00600,DEMO_ADJ,nɔa dɔ ạkil kan-a,This is wise.,এটা বুদ্ধিমান।,matthew_santali_glossed_ipa.eaf,29,ɔnɑt̪e inɑknɔɑkɔ kɑt̪ʰɑ ɑɲɲɔmkɑt̪e senɑkʔkɑn hɔr d̪ɔ mit̪t̪en bud̪ɑn hɔr t̪ulutʃe d͡ʒurikɑ ɔnɑt̪e inɑkʔ nɔɑkɔ kɑt̪ʰɑ ɑɲɲɔm-kɑt̪e sen-ɑkʔ-kɑn hɔr d̪ɔ mit̪t̪-en bud̪ɑn hɔr t̪ulutʃ-e d͡ʒurikʔ-ɑ,Therefore everyone who hears these words of mine and puts them into practice is like a wise man who built.,,0.2888,0.2888,0.2582,0.0000,0.0000,low
SYN-00601,DEMO_NOM,ona dɔ halboha kan-a,That is ploughman.,ওটা লাঙল চষা / চাষী।,santali_with_ipa.eaf,54,ɾesʔk kan-a ɾesʔk kan-a ɾesʔk kɑnɑ,He's happy.,,0.2236,0.0000,0.0000,0.0000,0.4472,low
SYN-00602,SUBJ_VERB_NEG_FUTURE,iɲ dɔ bɔ-iɲ jog-a,I will not to conspire.,আমি ষড়যন্ত্র করা করবে না।,santali_with_ipa.eaf,110,iɲ-d̪o bɔ-iɲ ɟɔm-a iɲ-d̪o bɔ-iɲ ɟɔm-a iɲd̪o bɔiɲ ɟɔmɑ,"No, I will not eat.",,0.2372,0.0000,0.0000,0.0000,0.4743,low
SYN-00603,POSS_NOM,nɔa dɔ iɲ-aʔ chamak kan-a,This is I's tinkling.,এটা আমি-এর ঝনঝন শব্দ।,santali_with_ipa.eaf,86,iɲ bond̪ʰu kan-a-e iɲ bond̪ʰu kan-a-e iɲ bond̪ʰu kɑnɑe,This is my friend.,,0.2315,0.0000,0.0000,0.0000,0.4629,low
SYN-00606,NUM_NOUN_EXIST,bar ge̱l bhikhạri minaʔ,There are/is twenty beggar.,বিশ ভিক্ষুক আছে।,santali_glossed_1.eaf,103,ʈʰikge.ja. ʈʰik-ge-a. ʈʰik-ge-a,Arka: Okay.,[S8.26] অর্ক: ঠিক আছে।,0.2324,0.0000,0.0000,0.2582,0.0000,low
SYN-00610,YESNO_VERB,abo dɔ e̱ne̱c̕ kan-a?,Do we dandle?,আমরা কি কোলে নিয়ে দোলানো?,santali_with_ipa.eaf,54,ɾesʔk kan-a ɾesʔk kan-a ɾesʔk kɑnɑ,He's happy.,,0.2236,0.0000,0.0000,0.0000,0.4472,low
SYN-00611,PROHIBITIVE,alɔ-m tạlim-a,Do not to impart knowledge.,শিক্ষা দেওয়া না।,santali_with_ipa.eaf,59,laŋga-a-m laŋga-a-m lɑŋɡɑɑm,You'll get tired.,,0.2500,0.0000,0.0000,0.0000,0.5000,low
SYN-00612,PROHIBITIVE,alɔ-m kirdhum-a,Do not to be subdued.,দমিত হওয়া না।,santali_with_ipa.eaf,59,laŋga-a-m laŋga-a-m lɑŋɡɑɑm,You'll get tired.,,0.2500,0.0000,0.0000,0.0000,0.5000,low
SYN-00613,DEMO_NOM,nɔa dɔ hicki kan-a,This is hiccup.,এটা হিক্কা।,santali_glossed_1.eaf,80,"hɛ̃ː, no̯͡a d̪ɔ mit̪̚ʔʈɛn bʰage hudis. hɛ̃, no̯͡a d̪ɔ mit̪ʔ-ʈɛn bʰage hudis. hɛ̃ | no̯͡a | d̪ɔ | mit̪ʔ-ʈɛn | bʰage | hudis","Pradeep: Yes, it's a great/good idea.","[S8.3] প্রদীপ: হ্যাঁ, এটা একটা দারুণ চিন্তা।",0.2250,0.0000,0.0000,0.2500,0.0000,low
SYN-00614,SUBJ_ADJ,abo dɔ gangante kan-a-bon,we are vigilant.,আমরা সজাগ।,santali_glossed_1.eaf,65,alɛ ɟɔt̪ɔhɔɽ mɔ̃ɟge menaʔle.ja. alɛ ɟɔt̪ɔ-hɔɽ mɔ̃ɟ-ge mena-le-a. alɛ | ɟɔt̪ɔ-hɔɽ | mɔ̃ɟ-ge | mena-le-a,Nephew: We are all fine.,[S7.5] ভাতিজা: আমরা সবাই ভালো আছি।,0.2405,0.0000,0.0000,0.2673,0.0000,low
SYN-00616,DEMO_NOM,nɔa dɔ tạpis kan-a,This is rage.,এটা রাগ।,santali_glossed_1.eaf,80,"hɛ̃ː, no̯͡a d̪ɔ mit̪̚ʔʈɛn bʰage hudis. hɛ̃, no̯͡a d̪ɔ mit̪ʔ-ʈɛn bʰage hudis. hɛ̃ | no̯͡a | d̪ɔ | mit̪ʔ-ʈɛn | bʰage | hudis","Pradeep: Yes, it's a great/good idea.","[S8.3] প্রদীপ: হ্যাঁ, এটা একটা দারুণ চিন্তা।",0.2250,0.0000,0.0000,0.2500,0.0000,low
SYN-00617,LOC_EXIST,paṛa-re mejaj minaʔ,There is temper in/at cock-pit.,মোরগ লড়াইয়ের আখড়া-তে মেজাজ আছে।,santali_glossed_1.eaf,103,ʈʰikge.ja. ʈʰik-ge-a. ʈʰik-ge-a,Arka: Okay.,[S8.26] অর্ক: ঠিক আছে।,0.1643,0.0000,0.0000,0.1826,0.0000,low
SYN-00618,DEMO_ADJ,ona dɔ galbajṛi kan-a,That is pert.,ওটা চটপটে।,santali_with_ipa.eaf,54,ɾesʔk kan-a ɾesʔk kan-a ɾesʔk kɑnɑ,He's happy.,,0.2236,0.0000,0.0000,0.0000,0.4472,low
SYN-00621,POSS_EXIST,abo-aʔ mit't'e buru nala minaʔ,we have one valley.,আমরা একটি উপত্যকা আছে।,santali_with_ipa.eaf,66,iɲ-aʔ mit't'e boi minaʔ iɲ-aʔ mit't'e boi minaʔ iɲɑʔ mitʔte boi minɑʔ,I have a book.,,0.2795,0.0000,0.0000,0.0000,0.5590,low
SYN-00624,NUM_NOUN_EXIST,ge̱lpea binạ banam minaʔ,There are/is thirteen psaltery.,তেরো বীণা যন্ত্র আছে।,santali_glossed_1.eaf,103,ʈʰikge.ja. ʈʰik-ge-a. ʈʰik-ge-a,Arka: Okay.,[S8.26] অর্ক: ঠিক আছে।,0.2012,0.0000,0.0000,0.2236,0.0000,low
SYN-00626,SUBJ_NEG_ADJ,am dɔ ba-m daraṅ duruṅ kan-a,you are not dowdy.,তুমি অগোছালো নয়।,santali_paradigm_glossed.eaf,51,am bam ɾɔɽa am ba-m ɾɔɽ-a,You do not say so.,,0.2673,0.0000,0.0000,0.0000,0.5345,low
SYN-00627,SUBJ_VERB_NEG_PRESENT,abo dɔ ba-bon ạtu kan-a,we do not float.,আমরা ভেসে যাওয়া না।,santali_with_ipa.eaf,55,ba-e ɾesʔk kan-a ba-e ɾesʔk kan-a bɑe ɾesʔk kɑnɑ,He isn't happy.,,0.2143,0.0000,0.0000,0.0000,0.4286,low
SYN-00628,IMPERATIVE,rạkhiạ me,Please to relieve.,উদ্ধার করা।,santali_glossed_1.eaf,27,inʈaɾneʈ̚t̪ɛm ɔlɔʔ paɽha͡o̯ d̪aɽe.jaʔa. inʈaɾneʈ̚-t̪ɛ-m ɔlɔʔ paɽha͡o̯ d̪aɽe-aʔ-a. inʈaɾneʈ̚-t̪ɛ-m | ɔlɔʔ | paɽha͡o̯ | d̪aɽe-aʔ-a,We can even study on the internet/ online.,[S3.10] ইন্টারনেটে/ অনলাইনে পড়াশোনা করা যায়।,0.2405,0.0000,0.0000,0.2673,0.0000,low
SYN-00630,POSS_NOM,ona dɔ abo-aʔ badla kan-a,"That is we's exchange, barter.","ওটা আমরা-এর বিনিময়, লেনদেন।",santali_with_ipa.eaf,54,ɾesʔk kan-a ɾesʔk kan-a ɾesʔk kɑnɑ,He's happy.,,0.1890,0.0000,0.0000,0.0000,0.3780,low
SYN-00631,SUBJ_VERB_NEG_FUTURE,uni dɔ ba-e shrival cacalkat̕ khasao-a,he/she will not to contract.,সে সংকুচিত হওয়া করবে না।,santali_with_ipa.eaf,33,uni-d̪o ba-e siɽiɲ-a-e uni-d̪o ba-e siɽiɲ-a-e unid̪o bɑe siɽiɲɑe,He doesn't sing.,,0.2357,0.0000,0.0000,0.0000,0.4714,low
SYN-00632,SUBJ_VERB_NEG_PRESENT,am dɔ ba-m pichol kan-a,you do not to ignore.,তুমি উপেক্ষা করা না।,santali_see_paradigm.eaf,71,am bam ɲɛla am ba-m ɲɛl-a,You will not see.,,0.2857,0.0000,0.0000,0.0000,0.5714,low
SYN-00633,DEMO_NEG_NOM,ona dɔ bhaṅ dɔ ba-ŋ kan-a,That is not hemp drug.,ওটা গাঁজা নয়।,santali_with_ipa.eaf,136,niɟa iŋʔ kɔlɔm ba-ŋ kan-a niɟa iŋʔ kɔlɔm ba-ŋ kan-a niɟɑ iŋʔ kɔlɔm bɑŋ kɑnɑ,This is not my pen.,,0.2390,0.0000,0.0000,0.0000,0.4781,low
SYN-00637,DEMO_ADJ,nɔa dɔ alak jḣalak kan-a,This is lascivious.,এটা কামুক।,santali_glossed_1.eaf,80,"hɛ̃ː, no̯͡a d̪ɔ mit̪̚ʔʈɛn bʰage hudis. hɛ̃, no̯͡a d̪ɔ mit̪ʔ-ʈɛn bʰage hudis. hɛ̃ | no̯͡a | d̪ɔ | mit̪ʔ-ʈɛn | bʰage | hudis","Pradeep: Yes, it's a great/good idea.","[S8.3] প্রদীপ: হ্যাঁ, এটা একটা দারুণ চিন্তা।",0.2250,0.0000,0.0000,0.2500,0.0000,low
SYN-00639,OBJECT_VERB_NEG,am dɔ ũtc-to ba-m kadrao-a,you do not to be offended with dromedary.,তুমি এক কুঁজের উট অপমানিত বোধ করা না।,santali_see_paradigm.eaf,71,am bam ɲɛla am ba-m ɲɛl-a,You will not see.,,0.2673,0.0000,0.0000,0.0000,0.5345,low
SYN-00646,OBJECT_VERB,iɲ dɔ porbosti-i bo̱sko̱t-a,I do inhabit with cherishing.,আমি লালন-পালন বাস করা।,santali_glossed_new_2.eaf,123,iɲ iɲ,Myself/Me.,,0.2041,0.0000,0.0000,0.0000,0.4082,low
SYN-00649,DEMO_NEG_NOM,ona dɔ anman dɔ ba-ŋ kan-a,That is not appraisement.,ওটা মূল্যায়ন নয়।,santali_with_ipa.eaf,136,niɟa iŋʔ kɔlɔm ba-ŋ kan-a niɟa iŋʔ kɔlɔm ba-ŋ kan-a niɟɑ iŋʔ kɔlɔm bɑŋ kɑnɑ,This is not my pen.,,0.2390,0.0000,0.0000,0.0000,0.4781,low
SYN-00650,SUBJ_NEG_ADJ,abo dɔ ba-bon hạluạ haro̱n kan-a,we are not harassed.,আমরা হয়রান / ক্লান্ত নয়।,santali_with_ipa.eaf,55,ba-e ɾesʔk kan-a ba-e ɾesʔk kan-a bɑe ɾesʔk kɑnɑ,He isn't happy.,,0.2004,0.0000,0.0000,0.0000,0.4009,low
SYN-00651,DEMO_ADJ,ona dɔ kondoliạ kan-a,That is annoyed.,ওটা বিরক্ত।,santali_with_ipa.eaf,54,ɾesʔk kan-a ɾesʔk kan-a ɾesʔk kɑnɑ,He's happy.,,0.2236,0.0000,0.0000,0.0000,0.4472,low
SYN-00653,DEMO_ADJ,ona dɔ aka baka kan-a,That is distressed.,"ওটা দুঃখিত, অস্থির।",santali_with_ipa.eaf,54,ɾesʔk kan-a ɾesʔk kan-a ɾesʔk kɑnɑ,He's happy.,,0.2041,0.0000,0.0000,0.0000,0.4082,low
SYN-00655,DEMO_ADJ,ona dɔ uṭ kan-a,That is bossed.,ওটা উঁচু।,santali_with_ipa.eaf,54,ɾesʔk kan-a ɾesʔk kan-a ɾesʔk kɑnɑ,He's happy.,,0.2236,0.0000,0.0000,0.0000,0.4472,low
SYN-00658,DEMO_NEG_ADJ,ona dɔ ba-ŋ darmo̱ṭ kan-a,That is not sturdy.,ওটা বলিষ্ঠ নয়।,santali_with_ipa.eaf,136,niɟa iŋʔ kɔlɔm ba-ŋ kan-a niɟa iŋʔ kɔlɔm ba-ŋ kan-a niɟɑ iŋʔ kɔlɔm bɑŋ kɑnɑ,This is not my pen.,,0.2390,0.0000,0.0000,0.0000,0.4781,low
SYN-00660,YESNO_VERB,am dɔ hạmbut̕ kan-a?,Do you to nestle?,তুমি কি আরাম করে শুয়ে পড়া?,santali_glossed_1.eaf,81,amd̪ɔ cɛt̪̚ʔ no̯͡a ni̯͡ɘt̪ɛ ɟahanaʔɛm ganɖɔnakad̪a? am d̪ɔ cɛt̪ʔ no̯͡a ni̯͡ɘ-t̪ɛ ɟahanaʔ-e-m ganɖɔn-akad-a? am | d̪ɔ | cɛt̪ʔ | no̯͡a | ni̯͡ɘ-t̪ɛ | ɟahanaʔ-e-m | ganɖɔn-akad-a,Pradeep: Have you thought about it?,[S8.4] প্রদীপ: তুমি কি এটা নিয়ে কিছু ভেবেছ?,0.2449,0.0000,0.0000,0.2722,0.0000,low
SYN-00661,ADV_VERB,abo dɔ soesoe e̱ne̱c̕ kan-a,we do dance indecently.,আমরা অশ্লীলভাবে নাচা।,santali_with_ipa.eaf,54,ɾesʔk kan-a ɾesʔk kan-a ɾesʔk kɑnɑ,He's happy.,,0.2041,0.0000,0.0000,0.0000,0.4082,low
SYN-00662,OBJECT_VERB_NEG,uni dɔ bituc̕-to ba-e phodlo-a,he/she does not to be frayed with posteriors.,সে নিতম্ব ছিঁড়ে যাওয়া না।,santali_with_ipa.eaf,33,uni-d̪o ba-e siɽiɲ-a-e uni-d̪o ba-e siɽiɲ-a-e unid̪o bɑe siɽiɲɑe,He doesn't sing.,,0.2357,0.0000,0.0000,0.0000,0.4714,low
SYN-00664,SUBJ_VERB_NEG_PRESENT,iɲ dɔ bɔ-iɲ bhẽ̱ṛcak̕ kan-a,I do not flinch.,আমি পিছিয়ে যাওয়া না।,santali_with_ipa.eaf,86,iɲ bond̪ʰu kan-a-e iɲ bond̪ʰu kan-a-e iɲ bond̪ʰu kɑnɑe,This is my friend.,,0.2500,0.0000,0.0000,0.0000,0.5000,low
SYN-00665,ADJ_NOUN,ona dɔ anal onol ro̱ho̱m kan-a,That is a striped restraint.,ওটা ডোরাকাটা সংযম।,santali_with_ipa.eaf,54,ɾesʔk kan-a ɾesʔk kan-a ɾesʔk kɑnɑ,He's happy.,,0.1890,0.0000,0.0000,0.0000,0.3780,low
SYN-00667,YESNO_VERB,abo dɔ epel kan-a?,Do we brandish?,আমরা কি ঘোরানো?,santali_with_ipa.eaf,54,ɾesʔk kan-a ɾesʔk kan-a ɾesʔk kɑnɑ,He's happy.,,0.2236,0.0000,0.0000,0.0000,0.4472,low
SYN-00668,SUBJ_VERB_FUTURE,uni dɔ chaḍa-a,he/she will omitting.,সে বাদ দেওয়া করবে।,santali_glossed_new_2.eaf,126,uni uni,He/She.,,0.2500,0.0000,0.0000,0.0000,0.5000,low
SYN-00671,SUBJ_VERB_NEG_PRESENT,abo dɔ ba-bon khatlak̕ kan-a,we do not to behead.,আমরা শিরচ্ছেদ করা না।,santali_with_ipa.eaf,55,ba-e ɾesʔk kan-a ba-e ɾesʔk kan-a bɑe ɾesʔk kɑnɑ,He isn't happy.,,0.2143,0.0000,0.0000,0.0000,0.4286,low
SYN-00672,SUBJ_VERB_FUTURE,abo dɔ oko-a,we will to secrete.,আমরা লুকিয়ে রাখা করবে।,santali_glossed_new_2.eaf,124,abo abo,We.,,0.2500,0.0000,0.0000,0.0000,0.5000,low
SYN-00673,SUBJ_VERB_PRESENT,uni dɔ kabhaṛ kan-a-e,he/she does to imprison.,সে কারাগারে রাখা।,santali_with_ipa.eaf,39,uni oɽae ba-e sen-kan-a-e uni oɽae ba-e sen-kan-a-e uni oɽɑe bɑe senkɑnɑe,He didn't go home.,,0.2582,0.0000,0.0000,0.0000,0.5164,low
SYN-00675,ADJ_NOUN,ona dɔ bhoso nakạtiạ kan-a,That is a dusty scamp.,ওটা ধুলোময় দুর্বৃত্ত।,santali_with_ipa.eaf,54,ɾesʔk kan-a ɾesʔk kan-a ɾesʔk kɑnɑ,He's happy.,,0.2041,0.0000,0.0000,0.0000,0.4082,low
SYN-00681,DEMO_NEG_ADJ,ona dɔ ba-ŋ bukṭan kan-a,"That is not reserved, taciturn.","ওটা চুপচাপ, অন্তর্মুখী নয়।",santali_with_ipa.eaf,136,niɟa iŋʔ kɔlɔm ba-ŋ kan-a niɟa iŋʔ kɔlɔm ba-ŋ kan-a niɟɑ iŋʔ kɔlɔm bɑŋ kɑnɑ,This is not my pen.,,0.2390,0.0000,0.0000,0.0000,0.4781,low
SYN-00682,ADJ_NOUN,nɔa dɔ e̱de̱be̱de̱ lạr kan-a,This is a intricate bast fibre.,এটা জটিল বস্ত্র তন্তু।,santali_with_ipa.eaf,54,ɾesʔk kan-a ɾesʔk kan-a ɾesʔk kɑnɑ,He's happy.,,0.2041,0.0000,0.0000,0.0000,0.4082,low
SYN-00683,IMPERATIVE,gaḍgaḍao me,Please hiss.,ফোঁস ফোঁস করা।,santali_glossed_1.eaf,27,inʈaɾneʈ̚t̪ɛm ɔlɔʔ paɽha͡o̯ d̪aɽe.jaʔa. inʈaɾneʈ̚-t̪ɛ-m ɔlɔʔ paɽha͡o̯ d̪aɽe-aʔ-a. inʈaɾneʈ̚-t̪ɛ-m | ɔlɔʔ | paɽha͡o̯ | d̪aɽe-aʔ-a,We can even study on the internet/ online.,[S3.10] ইন্টারনেটে/ অনলাইনে পড়াশোনা করা যায়।,0.2405,0.0000,0.0000,0.2673,0.0000,low
SYN-00685,PLACE_VERB,iɲ dɔ sabsab-re ḍhaka kan-a,I do thrust in/at infiltrated moisture.,আমি অনুপ্রবেশী আর্দ্রতা-তে গুঁতানো।,santali_with_ipa.eaf,86,iɲ bond̪ʰu kan-a-e iɲ bond̪ʰu kan-a-e iɲ bond̪ʰu kɑnɑe,This is my friend.,,0.2315,0.0000,0.0000,0.0000,0.4629,low
SYN-00687,SUBJ_VERB_NEG_PRESENT,abo dɔ ba-bon ṭuṭạu kan-a,we do not to be fractured.,আমরা ভেঙে যাওয়া না।,santali_with_ipa.eaf,55,ba-e ɾesʔk kan-a ba-e ɾesʔk kan-a bɑe ɾesʔk kɑnɑ,He isn't happy.,,0.2143,0.0000,0.0000,0.0000,0.4286,low
SYN-00689,POSS_NOM,nɔa dɔ uni-aʔ bạksis kan-a,"This is he/she's gratuity, tip.","এটা সে-এর বকশিশ, উপহার।",santali_glossed_new.eaf,15,uni.j-aʔ hɔɽmɔ-ɾɛ cɛt̪̚ʔ ɾu̯͡ɘ mɛn-a-a uni.j-aʔ hɔɽmɔ-ɾɛ cɛt̪̚ʔ ɾu̯͡ɘ mɛn-a-a,Doctor: Does he have a fever?,,0.1890,0.0000,0.0000,0.0000,0.3780,low
SYN-00692,SUBJ_VERB_FUTURE,uni dɔ alae phulạe-a,he/she will trifle.,"সে হালকাভাবে নেওয়া, তুচ্ছ করা করবে।",santali_glossed_new_2.eaf,126,uni uni,He/She.,,0.2236,0.0000,0.0000,0.0000,0.4472,low
SYN-00693,YESNO_VERB,abo dɔ bes kan-a?,Do we cure?,আমরা কি আরোগ্য করা?,santali_with_ipa.eaf,54,ɾesʔk kan-a ɾesʔk kan-a ɾesʔk kɑnɑ,He's happy.,,0.2236,0.0000,0.0000,0.0000,0.4472,low
SYN-00694,DEMO_NOM,ona dɔ simạ kan-a,That is limit.,ওটা সীমা।,santali_with_ipa.eaf,54,ɾesʔk kan-a ɾesʔk kan-a ɾesʔk kɑnɑ,He's happy.,,0.2236,0.0000,0.0000,0.0000,0.4472,low
SYN-00695,PLACE_VERB,iɲ dɔ s_ḍo̱k̕-re oar kan-a,I do to skim (as cream) in/at nala.,আমি খাল-তে উপরের অংশ তুলে নেওয়া।,santali_with_ipa.eaf,86,iɲ bond̪ʰu kan-a-e iɲ bond̪ʰu kan-a-e iɲ bond̪ʰu kɑnɑe,This is my friend.,,0.2315,0.0000,0.0000,0.0000,0.4629,low
SYN-00696,ADJ_NOUN,nɔa dɔ nidạndi bhãoar kan-a,This is a secure expert.,এটা নিরাপদ দক্ষ।,santali_with_ipa.eaf,54,ɾesʔk kan-a ɾesʔk kan-a ɾesʔk kɑnɑ,He's happy.,,0.2041,0.0000,0.0000,0.0000,0.4082,low
SYN-00697,SUBJ_VERB_PAST,am dɔ tutu-len-a,you did to toot on a horn.,তুমি শিঙা বাজানো করেছিল।,santali_glossed_new_2.eaf,125,am am,You.,,0.2236,0.0000,0.0000,0.0000,0.4472,low
SYN-00698,POSS_NOM,nɔa dɔ uni-aʔ phokṭiạ kan-a,This is he/she's joker.,এটা সে-এর ঠাট্টাবাজ।,santali_glossed_new.eaf,15,uni.j-aʔ hɔɽmɔ-ɾɛ cɛt̪̚ʔ ɾu̯͡ɘ mɛn-a-a uni.j-aʔ hɔɽmɔ-ɾɛ cɛt̪̚ʔ ɾu̯͡ɘ mɛn-a-a,Doctor: Does he have a fever?,,0.1890,0.0000,0.0000,0.0000,0.3780,low
SYN-00699,DEMO_NOM,nɔa dɔ da kan-a,This is bulb.,এটা কন্দ।,santali_glossed_1.eaf,80,"hɛ̃ː, no̯͡a d̪ɔ mit̪̚ʔʈɛn bʰage hudis. hɛ̃, no̯͡a d̪ɔ mit̪ʔ-ʈɛn bʰage hudis. hɛ̃ | no̯͡a | d̪ɔ | mit̪ʔ-ʈɛn | bʰage | hudis","Pradeep: Yes, it's a great/good idea.","[S8.3] প্রদীপ: হ্যাঁ, এটা একটা দারুণ চিন্তা।",0.2250,0.0000,0.0000,0.2500,0.0000,low
SYN-00700,OBJECT_VERB_NEG,iɲ dɔ nahe̱l gaḍa-to bɔ-iɲ dulạr-a,I do not caress with furrow.,আমি লাঙলের দাগ আদর করা না।,santali_with_ipa.eaf,110,iɲ-d̪o bɔ-iɲ ɟɔm-a iɲ-d̪o bɔ-iɲ ɟɔm-a iɲd̪o bɔiɲ ɟɔmɑ,"No, I will not eat.",,0.1875,0.0000,0.0000,0.0000,0.3750,low
SYN-00702,SUBJ_VERB_NEG_FUTURE,abo dɔ ba-bon regha-a,we will not to lilt.,আমরা গান গাওয়া করবে না।,santali_new_glossed_1.eaf,63,d̪aʔ bɛgɔɾt̪ɛ abo d̯ɔ babon ɟiu̯͡ed̪ɔʔa d̪aʔ bɛgɔɾ-t̪ɛ abo d̯ɔ ba-bon ɟiu̯͡e-d̪ɔʔ-a,We cannot live without water.,,0.2265,0.0000,0.0000,0.0000,0.4529,low
SYN-00703,LOC_EXIST,bhugạk̕-re go̱lpe̱ minaʔ,There is tattle in/at cave.,গুহা-তে বাজে কথা বলা আছে।,santali_glossed_1.eaf,18,mobaĭlt̪ɛ sɘŋgiɲɾɛn hɔɽ sã͡ɔ̯t̪ɛhɔ̃ kat̪ʰam ɾɔɽ d̪aɽe.jaʔa. mobaĭl-t̪ɛ sɘŋgiɲ-ɾɛn hɔɽ sã͡ɔ̯t̪ɛ-hɔ̃ kat̪ʰa-m ɾɔɽ d̪aɽe-aʔ-a. mobaĭl-t̪ɛ | sɘŋgiɲ-ɾɛn | hɔɽ | sã͡ɔ̯t̪ɛ-hɔ̃ | kat̪ʰa-m | ɾɔɽ | d̪aɽe-aʔ-a,It is easy to talk to the distant people with a mobile.,[S3.1] মোবাইল দিয়ে সহজেই দূরের মানুষের সাথে কথা বলা যায়।,0.2216,0.0000,0.0000,0.2462,0.0000,low
SYN-00704,SUBJ_VERB_PRESENT,uni dɔ lại so̱do̱r kan-a-e,he/she does to reveal.,সে প্রকাশ করা।,santali_with_ipa.eaf,39,uni oɽae ba-e sen-kan-a-e uni oɽae ba-e sen-kan-a-e uni oɽɑe bɑe senkɑnɑe,He didn't go home.,,0.2390,0.0000,0.0000,0.0000,0.4781,low
SYN-00707,IMPERATIVE,epel me,Please brandish.,ঘোরানো।,santali_glossed_new_2.eaf,44,lahasɛʲcʔ calaʔme laha-sɛʲcʔ calaʔ-me,Walk forward.,,0.1443,0.0000,0.0000,0.0000,0.2887,low
SYN-00708,POSS_EXIST,am-aʔ mit't'e hapṛamko minaʔ,you have one ancestors / forebears.,তুমি একটি পূর্বপুরুষ আছে।,santali_with_ipa.eaf,66,iɲ-aʔ mit't'e boi minaʔ iɲ-aʔ mit't'e boi minaʔ iɲɑʔ mitʔte boi minɑʔ,I have a book.,,0.2988,0.0000,0.0000,0.0000,0.5976,low
SYN-00709,SUBJ_VERB_PAST,iɲ dɔ bhe̱d-len-a,I did interpret.,আমি ব্যাখ্যা করা করেছিল।,santali_with_ipa.eaf,57,iɲ-do-iɲ laŋga-len-a iɲ-do-iɲ laŋga-len-a iɲd̪oiɲ lɑŋɡɑlenɑ,I'm not tired.,,0.2535,0.0000,0.0000,0.0000,0.5071,low
SYN-00710,SUBJ_ADJ,abo dɔ urbhuṅga kan-a-bon,we are brainless.,আমরা মূর্খ।,santali_glossed_1.eaf,65,alɛ ɟɔt̪ɔhɔɽ mɔ̃ɟge menaʔle.ja. alɛ ɟɔt̪ɔ-hɔɽ mɔ̃ɟ-ge mena-le-a. alɛ | ɟɔt̪ɔ-hɔɽ | mɔ̃ɟ-ge | mena-le-a,Nephew: We are all fine.,[S7.5] ভাতিজা: আমরা সবাই ভালো আছি।,0.2405,0.0000,0.0000,0.2673,0.0000,low
SYN-00713,POSS_EXIST,am-aʔ mit't'e bheḍa minaʔ,you have one ram.,তুমি একটি পুরুষ ভেড়া আছে।,santali_with_ipa.eaf,66,iɲ-aʔ mit't'e boi minaʔ iɲ-aʔ mit't'e boi minaʔ iɲɑʔ mitʔte boi minɑʔ,I have a book.,,0.2988,0.0000,0.0000,0.0000,0.5976,low
SYN-00715,NUM_NOUN_EXIST,bar ge̱l kopal minaʔ,There are/is twenty brow.,বিশ কপাল আছে।,santali_glossed_1.eaf,103,ʈʰikge.ja. ʈʰik-ge-a. ʈʰik-ge-a,Arka: Okay.,[S8.26] অর্ক: ঠিক আছে।,0.2324,0.0000,0.0000,0.2582,0.0000,low
SYN-00718,OBJECT_VERB_NEG,abo dɔ rạni-to ba-bon cehao-a,we do not be conscious with queen.,আমরা রানি সচেতন হওয়া না।,santali_new_glossed_1.eaf,63,d̪aʔ bɛgɔɾt̪ɛ abo d̯ɔ babon ɟiu̯͡ed̪ɔʔa d̪aʔ bɛgɔɾ-t̪ɛ abo d̯ɔ ba-bon ɟiu̯͡e-d̪ɔʔ-a,We cannot live without water.,,0.1961,0.0000,0.0000,0.0000,0.3922,low
SYN-00723,SUBJ_VERB_PAST,uni dɔ kạsi-len-a,he/she did to castrate.,সে খাসি করা করেছিল।,santali_with_ipa.eaf,38,uni oɽae sen-len-a uni oɽae sen-len-a uni oɽɑe senlenɑ,He went home.,,0.2535,0.0000,0.0000,0.0000,0.5071,low
SYN-00724,SUBJ_NEG_ADJ,am dɔ ba-m be̱c̕ be̱ḍre̱c̕ kan-a,you are not insignificant.,তুমি তুচ্ছ নয়।,santali_paradigm_glossed.eaf,51,am bam ɾɔɽa am ba-m ɾɔɽ-a,You do not say so.,,0.2673,0.0000,0.0000,0.0000,0.5345,low
SYN-00725,SUBJ_NEG_ADJ,uni dɔ ba-e bo̱ṭe̱ kan-a,he/she is not correct.,সে সঠিক নয়।,santali_with_ipa.eaf,39,uni oɽae ba-e sen-kan-a-e uni oɽae ba-e sen-kan-a-e uni oɽɑe bɑe senkɑnɑe,He didn't go home.,,0.2988,0.0000,0.0000,0.0000,0.5976,low
SYN-00729,LOC_EXIST,khandhaṛ-re koela minaʔ,There is coal in/at gully.,খাড়া খাদ-তে কয়লা আছে।,santali_glossed_1.eaf,103,ʈʰikge.ja. ʈʰik-ge-a. ʈʰik-ge-a,Arka: Okay.,[S8.26] অর্ক: ঠিক আছে।,0.1800,0.0000,0.0000,0.2000,0.0000,low
SYN-00730,SUBJ_VERB_NEG_PRESENT,abo dɔ ba-bon shrival cacalkat̕ khasao kan-a,we do not to contract.,আমরা সংকুচিত হওয়া না।,santali_with_ipa.eaf,55,ba-e ɾesʔk kan-a ba-e ɾesʔk kan-a bɑe ɾesʔk kɑnɑ,He isn't happy.,,0.1890,0.0000,0.0000,0.0000,0.3780,low
SYN-00731,OBJECT_VERB,abo dɔ lapaṭic̕-i ńũt-a,we do to darken with entropium.,আমরা চোখের পাতা ভিতরের দিকে বাঁকা অন্ধকার করা।,santali_glossed_new_2.eaf,124,abo abo,We.,,0.2041,0.0000,0.0000,0.0000,0.4082,low
SYN-00734,SUBJ_VERB_FUTURE,am dɔ leṭaṅ-a,you will to retard.,তুমি বিলম্বিত করা করবে।,santali_glossed_new_2.eaf,125,am am,You.,,0.2500,0.0000,0.0000,0.0000,0.5000,low
SYN-00736,SUBJ_VERB_PAST,abo dɔ dhatka-len-a,we did unsay.,আমরা কথা প্রত্যাহার করা করেছিল।,santali_glossed_new_2.eaf,124,abo abo,We.,,0.2236,0.0000,0.0000,0.0000,0.4472,low
SYN-00741,LOC_EXIST,aṛa-re mońjlis minaʔ,"There is assembly in/at flock, a.","পাল, ঝাঁক-তে সভা আছে।",santali_glossed_1.eaf,103,ʈʰikge.ja. ʈʰik-ge-a. ʈʰik-ge-a,Arka: Okay.,[S8.26] অর্ক: ঠিক আছে।,0.1800,0.0000,0.0000,0.2000,0.0000,low
SYN-00743,IMPERATIVE,cạṇḍiạu me,Please tether.,বেঁধে রাখা।,santali_glossed_1.eaf,88,abu̯͡aʔ pɔɾɔbɾɛ iskuld̪ɔ sã͡ot̪ɛ d̪ɔhɔ ɟɘɾuɽa. abu-aʔ pɔɾɔb-ɾɛ iskul d̪ɔ sã͡o-t̪ɛ d̪ɔhɔ ɟɘɾuɽ-a. abu-aʔ | pɔɾɔb-ɾɛ | iskul | d̪ɔ | sã͡o-t̪ɛ | d̪ɔhɔ | ɟɘɾuɽ-a,Pradeep: We need to include the school in our festival.,[S8.11] প্রদীপ: আমাদের উৎসবে স্কুলকে সাথে রাখা দরকার।,0.2121,0.0000,0.0000,0.2357,0.0000,low
SYN-00745,OBJECT_VERB_NEG,iɲ dɔ chuci-to bɔ-iɲ bho̱do̱r-a,I do not be abandoned with reed.,আমি বেত পরিত্যক্ত হওয়া না।,santali_with_ipa.eaf,110,iɲ-d̪o bɔ-iɲ ɟɔm-a iɲ-d̪o bɔ-iɲ ɟɔm-a iɲd̪o bɔiɲ ɟɔmɑ,"No, I will not eat.",,0.2004,0.0000,0.0000,0.0000,0.4009,low
SYN-00747,IMPERATIVE,gharṭa me,Please to stir.,নাড়া / মেশানো।,santali_glossed_new_2.eaf,44,lahasɛʲcʔ calaʔme laha-sɛʲcʔ calaʔ-me,Walk forward.,,0.1443,0.0000,0.0000,0.0000,0.2887,low
SYN-00748,DEMO_NOM,ona dɔ gola kan-a,That is owner.,ওটা মালিক।,santali_with_ipa.eaf,54,ɾesʔk kan-a ɾesʔk kan-a ɾesʔk kɑnɑ,He's happy.,,0.2236,0.0000,0.0000,0.0000,0.4472,low
SYN-00749,ADJ_NOUN,ona dɔ mạhit ḍobhak̕ kan-a,That is a handsome puddle.,ওটা সুন্দর কাদার গর্ত।,santali_with_ipa.eaf,54,ɾesʔk kan-a ɾesʔk kan-a ɾesʔk kɑnɑ,He's happy.,,0.2041,0.0000,0.0000,0.0000,0.4082,low
SYN-00750,DEMO_NOM,ona dɔ bạksis kan-a,"That is gratuity, tip.","ওটা বকশিশ, উপহার।",santali_with_ipa.eaf,54,ɾesʔk kan-a ɾesʔk kan-a ɾesʔk kɑnɑ,He's happy.,,0.2236,0.0000,0.0000,0.0000,0.4472,low
SYN-00751,DEMO_ADJ,nɔa dɔ ko̱po̱ṭ kan-a,This is insincere.,এটা অসৎ।,santali_glossed_1.eaf,80,"hɛ̃ː, no̯͡a d̪ɔ mit̪̚ʔʈɛn bʰage hudis. hɛ̃, no̯͡a d̪ɔ mit̪ʔ-ʈɛn bʰage hudis. hɛ̃ | no̯͡a | d̪ɔ | mit̪ʔ-ʈɛn | bʰage | hudis","Pradeep: Yes, it's a great/good idea.","[S8.3] প্রদীপ: হ্যাঁ, এটা একটা দারুণ চিন্তা।",0.2250,0.0000,0.0000,0.2500,0.0000,low
SYN-00754,YESNO_ADJ,ona dɔ akaj kan-a?,Is that useless?,"ওটা কি অকেজো, অনুপযোগী?",santali_with_ipa.eaf,54,ɾesʔk kan-a ɾesʔk kan-a ɾesʔk kɑnɑ,He's happy.,,0.2236,0.0000,0.0000,0.0000,0.4472,low
SYN-00755,SUBJ_ADJ,abo dɔ kalbhag kan-a-bon,we are unanticipated.,আমরা অপ্রত্যাশিত।,santali_glossed_1.eaf,65,alɛ ɟɔt̪ɔhɔɽ mɔ̃ɟge menaʔle.ja. alɛ ɟɔt̪ɔ-hɔɽ mɔ̃ɟ-ge mena-le-a. alɛ | ɟɔt̪ɔ-hɔɽ | mɔ̃ɟ-ge | mena-le-a,Nephew: We are all fine.,[S7.5] ভাতিজা: আমরা সবাই ভালো আছি।,0.2405,0.0000,0.0000,0.2673,0.0000,low
SYN-00757,ADV_VERB,am dɔ calcạluạ ada kan-a,you do diffuse hastily.,তুমি তাড়াহুড়ো করে ছড়িয়ে পড়া।,santali_with_ipa.eaf,54,ɾesʔk kan-a ɾesʔk kan-a ɾesʔk kɑnɑ,He's happy.,,0.2041,0.0000,0.0000,0.0000,0.4082,low
SYN-00759,PROHIBITIVE,alɔ-m posao-a,Do not to fatten.,মোটা করা না।,santali_with_ipa.eaf,59,laŋga-a-m laŋga-a-m lɑŋɡɑɑm,You'll get tired.,,0.2500,0.0000,0.0000,0.0000,0.5000,low
SYN-00760,OBJECT_VERB,uni dɔ khańj-i kamcao-a,he/she does to grasp with socket.,সে খাঁজ / গর্ত শক্ত করে ধরা।,santali_glossed_new_2.eaf,126,uni uni,He/She.,,0.2041,0.0000,0.0000,0.0000,0.4082,low
SYN-00763,SUBJ_NEG_ADJ,uni dɔ ba-e phaṅga kan-a,he/she is not jesuitical.,সে ছলনাময় নয়।,santali_with_ipa.eaf,39,uni oɽae ba-e sen-kan-a-e uni oɽae ba-e sen-kan-a-e uni oɽɑe bɑe senkɑnɑe,He didn't go home.,,0.2988,0.0000,0.0000,0.0000,0.5976,low
SYN-00765,YESNO_ADJ,ona dɔ aṅsạsuạ kan-a?,Is that slothful?,"ওটা কি কর্মবিমুখ, কুঁড়ে?",santali_with_ipa.eaf,54,ɾesʔk kan-a ɾesʔk kan-a ɾesʔk kɑnɑ,He's happy.,,0.2236,0.0000,0.0000,0.0000,0.4472,low
SYN-00766,SUBJ_VERB_FUTURE,am dɔ bho̱k-a,you will gurgle.,তুমি গড়গড় শব্দ করা করবে।,santali_glossed_new_2.eaf,125,am am,You.,,0.2500,0.0000,0.0000,0.0000,0.5000,low
SYN-00768,DEMO_NEG_NOM,ona dɔ ạpại dɔ ba-ŋ kan-a,"That is not fault, a.","ওটা দোষ, ত্রুটি নয়।",santali_with_ipa.eaf,136,niɟa iŋʔ kɔlɔm ba-ŋ kan-a niɟa iŋʔ kɔlɔm ba-ŋ kan-a niɟɑ iŋʔ kɔlɔm bɑŋ kɑnɑ,This is not my pen.,,0.2390,0.0000,0.0000,0.0000,0.4781,low
SYN-00770,DEMO_NEG_ADJ,ona dɔ ba-ŋ sãohã kan-a,That is not befitting.,ওটা উপযুক্ত নয়।,santali_with_ipa.eaf,136,niɟa iŋʔ kɔlɔm ba-ŋ kan-a niɟa iŋʔ kɔlɔm ba-ŋ kan-a niɟɑ iŋʔ kɔlɔm bɑŋ kɑnɑ,This is not my pen.,,0.2390,0.0000,0.0000,0.0000,0.4781,low
SYN-00772,SUBJ_VERB_NEG_FUTURE,abo dɔ ba-bon arṛa ạrṛi-a,we will not howl.,আমরা হুক্কা-হুয়া / হাউমাউ করা করবে না।,santali_new_glossed_1.eaf,63,d̪aʔ bɛgɔɾt̪ɛ abo d̯ɔ babon ɟiu̯͡ed̪ɔʔa d̪aʔ bɛgɔɾ-t̪ɛ abo d̯ɔ ba-bon ɟiu̯͡e-d̪ɔʔ-a,We cannot live without water.,,0.2097,0.0000,0.0000,0.0000,0.4193,low
SYN-00773,PLACE_VERB,abo dɔ rimil-re jaora kan-a,we do to assemble in/at cloud.,আমরা মেঘ-তে জড়ো হওয়া।,santali_with_ipa.eaf,54,ɾesʔk kan-a ɾesʔk kan-a ɾesʔk kɑnɑ,He's happy.,,0.1890,0.0000,0.0000,0.0000,0.3780,low
SYN-00774,IMPERATIVE,paraṭ me,Please to whack.,জোরে আঘাত করা।,santali_glossed_1.eaf,27,inʈaɾneʈ̚t̪ɛm ɔlɔʔ paɽha͡o̯ d̪aɽe.jaʔa. inʈaɾneʈ̚-t̪ɛ-m ɔlɔʔ paɽha͡o̯ d̪aɽe-aʔ-a. inʈaɾneʈ̚-t̪ɛ-m | ɔlɔʔ | paɽha͡o̯ | d̪aɽe-aʔ-a,We can even study on the internet/ online.,[S3.10] ইন্টারনেটে/ অনলাইনে পড়াশোনা করা যায়।,0.1964,0.0000,0.0000,0.2182,0.0000,low
SYN-00776,SUBJ_VERB_NEG_PRESENT,iɲ dɔ bɔ-iɲ phaṭar kan-a,I do not to grate.,আমি ঘষা না।,santali_with_ipa.eaf,86,iɲ bond̪ʰu kan-a-e iɲ bond̪ʰu kan-a-e iɲ bond̪ʰu kɑnɑe,This is my friend.,,0.2500,0.0000,0.0000,0.0000,0.5000,low
SYN-00779,SUBJ_VERB_PAST,abo dɔ dhurpạu-len-a,we did be at maximum.,আমরা সর্বোচ্চে পৌঁছানো করেছিল।,santali_glossed_new_2.eaf,124,abo abo,We.,,0.2236,0.0000,0.0000,0.0000,0.4472,low
SYN-00780,POSS_EXIST,abo-aʔ mit't'e udri ro̱g minaʔ,we have one dropsy.,আমরা একটি জলোদর আছে।,santali_with_ipa.eaf,66,iɲ-aʔ mit't'e boi minaʔ iɲ-aʔ mit't'e boi minaʔ iɲɑʔ mitʔte boi minɑʔ,I have a book.,,0.2795,0.0000,0.0000,0.0000,0.5590,low
SYN-00781,SUBJ_VERB_PRESENT,am dɔ ḍaṇṭao kan-a-m,you do rebuke.,তুমি তিরস্কার করা।,santali_new_glossed_1.eaf,20,amd̪ɔ cɛt̪ʔ nɔnɖɛniʲcʔ kanam am-d̪ɔ cɛt̪ʔ nɔnɖɛn-iʲcʔ kan-a-m,Are you the person from here?,,0.2462,0.0000,0.0000,0.0000,0.4924,low
SYN-00783,DEMO_ADJ,nɔa dɔ gola kan-a,This is brown.,এটা বাদামি।,santali_glossed_1.eaf,80,"hɛ̃ː, no̯͡a d̪ɔ mit̪̚ʔʈɛn bʰage hudis. hɛ̃, no̯͡a d̪ɔ mit̪ʔ-ʈɛn bʰage hudis. hɛ̃ | no̯͡a | d̪ɔ | mit̪ʔ-ʈɛn | bʰage | hudis","Pradeep: Yes, it's a great/good idea.","[S8.3] প্রদীপ: হ্যাঁ, এটা একটা দারুণ চিন্তা।",0.2250,0.0000,0.0000,0.2500,0.0000,low
SYN-00784,YESNO_VERB,iɲ dɔ bar kan-a?,"Do I chafe, rub painfully?","আমি কি ঘষা, ঘর্ষণ করা?",santali_with_ipa.eaf,86,iɲ bond̪ʰu kan-a-e iɲ bond̪ʰu kan-a-e iɲ bond̪ʰu kɑnɑe,This is my friend.,,0.2739,0.0000,0.0000,0.0000,0.5477,low
SYN-00786,DEMO_ADJ,nɔa dɔ ḍiṅgạr kan-a,This is disreputable.,এটা খারাপ চরিত্রের।,santali_with_ipa.eaf,54,ɾesʔk kan-a ɾesʔk kan-a ɾesʔk kɑnɑ,He's happy.,,0.2236,0.0000,0.0000,0.0000,0.4472,low
SYN-00787,SUBJ_VERB_PRESENT,uni dɔ bichnạu kan-a-e,he/she does discern.,সে বুঝতে পারা।,santali_with_ipa.eaf,39,uni oɽae ba-e sen-kan-a-e uni oɽae ba-e sen-kan-a-e uni oɽɑe bɑe senkɑnɑe,He didn't go home.,,0.2582,0.0000,0.0000,0.0000,0.5164,low
SYN-00788,POSS_NOM,nɔa dɔ am-aʔ dao kan-a,This is you's buzzing.,এটা তুমি-এর গুনগুন শব্দ।,santali_glossed_1.eaf,81,amd̪ɔ cɛt̪̚ʔ no̯͡a ni̯͡ɘt̪ɛ ɟahanaʔɛm ganɖɔnakad̪a? am d̪ɔ cɛt̪ʔ no̯͡a ni̯͡ɘ-t̪ɛ ɟahanaʔ-e-m ganɖɔn-akad-a? am | d̪ɔ | cɛt̪ʔ | no̯͡a | ni̯͡ɘ-t̪ɛ | ɟahanaʔ-e-m | ganɖɔn-akad-a,Pradeep: Have you thought about it?,[S8.4] প্রদীপ: তুমি কি এটা নিয়ে কিছু ভেবেছ?,0.2683,0.0000,0.0000,0.2981,0.0000,low
SYN-00789,SUBJ_VERB_NEG_PRESENT,am dɔ ba-m gutạ kan-a,you do not to jab.,তুমি খোঁচা মারা না।,santali_see_paradigm.eaf,71,am bam ɲɛla am ba-m ɲɛl-a,You will not see.,,0.2857,0.0000,0.0000,0.0000,0.5714,low
SYN-00790,DEMO_NEG_NOM,nɔa dɔ hataṅ dɔ ba-ŋ kan-a,This is not brain.,এটা মস্তিষ্ক / মাথার ভিতর নয়।,santali_with_ipa.eaf,136,niɟa iŋʔ kɔlɔm ba-ŋ kan-a niɟa iŋʔ kɔlɔm ba-ŋ kan-a niɟɑ iŋʔ kɔlɔm bɑŋ kɑnɑ,This is not my pen.,,0.2390,0.0000,0.0000,0.0000,0.4781,low
SYN-00791,OBJECT_VERB_NEG,iɲ dɔ be̱g-to bɔ-iɲ bhe̱d-a,I do not interpret with portmanteau.,আমি বড় ভ্রমণের ব্যাগ ব্যাখ্যা করা না।,santali_with_ipa.eaf,110,iɲ-d̪o bɔ-iɲ ɟɔm-a iɲ-d̪o bɔ-iɲ ɟɔm-a iɲd̪o bɔiɲ ɟɔmɑ,"No, I will not eat.",,0.2004,0.0000,0.0000,0.0000,0.4009,low
SYN-00792,PROHIBITIVE,alɔ-m dạbṛi-a,Do not threaten.,হুমকি দেওয়া না।,santali_with_ipa.eaf,59,laŋga-a-m laŋga-a-m lɑŋɡɑɑm,You'll get tired.,,0.2500,0.0000,0.0000,0.0000,0.5000,low
SYN-00793,IMPERATIVE,aṛe me,"Please dam, to.",বাঁধ দেওয়া।,santali_glossed_1.eaf,25,moba͡i̯ltege nit̪̚ d̪ɔ ʈaka kolo.a aɾ ʈaka ɲamɔ.a. moba͡i̯l-te-ge nit̪ʔ d̪ɔ ʈaka kolo-a aɾ ʈaka ɲam-ɔ-a. moba͡i̯l-te-ge | nit̪ʔ | d̪ɔ | ʈaka | kolo-a | aɾ | ʈaka | ɲam-ɔ-a,Money can now be paid and received through mobile.,[S3.8] মোবাইলের মাধ্যমে এখন টাকা দেওয়া ও নেওয়া যায়।,0.2012,0.0000,0.0000,0.2236,0.0000,low
SYN-00795,YESNO_ADJ,ona dɔ ḍo̱yo̱l kan-a?,Is that heaving?,ওটা কি দোলা?,santali_with_ipa.eaf,54,ɾesʔk kan-a ɾesʔk kan-a ɾesʔk kɑnɑ,He's happy.,,0.2236,0.0000,0.0000,0.0000,0.4472,low
SYN-00798,OBJECT_VERB,am dɔ chiạ-i bhạbi-a,you do grieve with nausea.,তুমি বমি ভাব শোক করা।,santali_glossed_new_2.eaf,125,am am,You.,,0.2041,0.0000,0.0000,0.0000,0.4082,low
SYN-00799,POSS_NOM,ona dɔ abo-aʔ khuạs kan-a,That is we's haze.,ওটা আমরা-এর কুয়াশা।,santali_with_ipa.eaf,54,ɾesʔk kan-a ɾesʔk kan-a ɾesʔk kɑnɑ,He's happy.,,0.1890,0.0000,0.0000,0.0000,0.3780,low
SYN-00801,SUBJ_VERB_PAST,iɲ dɔ phaṭar-len-a,I did to grate.,আমি ঘষা করেছিল।,santali_with_ipa.eaf,57,iɲ-do-iɲ laŋga-len-a iɲ-do-iɲ laŋga-len-a iɲd̪oiɲ lɑŋɡɑlenɑ,I'm not tired.,,0.2535,0.0000,0.0000,0.0000,0.5071,low
SYN-00803,IMPERATIVE,jarkhar me,Please to decay.,ক্ষয় হওয়া।,santali_glossed_new_2.eaf,44,lahasɛʲcʔ calaʔme laha-sɛʲcʔ calaʔ-me,Walk forward.,,0.1443,0.0000,0.0000,0.0000,0.2887,low
SYN-00804,SUBJ_VERB_FUTURE,abo dɔ sumạn-a,we will to desist.,আমরা বিরত হওয়া করবে।,santali_glossed_new_2.eaf,124,abo abo,We.,,0.2500,0.0000,0.0000,0.0000,0.5000,low
SYN-00805,YESNO_VERB,iɲ dɔ dhuku cuku kan-a?,Do I be in a quandary?,আমি কি দ্বিধায় পড়া?,santali_with_ipa.eaf,86,iɲ bond̪ʰu kan-a-e iɲ bond̪ʰu kan-a-e iɲ bond̪ʰu kɑnɑe,This is my friend.,,0.2500,0.0000,0.0000,0.0000,0.5000,low
SYN-00807,ADV_VERB,iɲ dɔ apalhet̕ cehao kan-a,I do be conscious dimly.,"আমি অস্পষ্টভাবে, ম্লানভাবে সচেতন হওয়া।",santali_with_ipa.eaf,86,iɲ bond̪ʰu kan-a-e iɲ bond̪ʰu kan-a-e iɲ bond̪ʰu kɑnɑe,This is my friend.,,0.2500,0.0000,0.0000,0.0000,0.5000,low
SYN-00809,SUBJ_VERB_PAST,abo dɔ cabhao-len-a,we did overspread.,আমরা ছড়িয়ে পড়া করেছিল।,santali_glossed_new_2.eaf,124,abo abo,We.,,0.2236,0.0000,0.0000,0.0000,0.4472,low
SYN-00810,LOC_EXIST,gheola-re bachaṛa sado̱m minaʔ,"There is colt, a in/at tide.",জোয়ার-তে বাচ্চা ঘোড়া আছে।,santali_glossed_1.eaf,103,ʈʰikge.ja. ʈʰik-ge-a. ʈʰik-ge-a,Arka: Okay.,[S8.26] অর্ক: ঠিক আছে।,0.1800,0.0000,0.0000,0.2000,0.0000,low
SYN-00811,SUBJ_VERB_PAST,abo dɔ khablao-len-a,we did to clutch.,আমরা আঁকড়ে ধরা করেছিল।,santali_glossed_new_2.eaf,124,abo abo,We.,,0.2236,0.0000,0.0000,0.0000,0.4472,low
SYN-00813,DEMO_ADJ,nɔa dɔ bạul kan-a,This is crazy.,এটা পাগল।,santali_glossed_1.eaf,80,"hɛ̃ː, no̯͡a d̪ɔ mit̪̚ʔʈɛn bʰage hudis. hɛ̃, no̯͡a d̪ɔ mit̪ʔ-ʈɛn bʰage hudis. hɛ̃ | no̯͡a | d̪ɔ | mit̪ʔ-ʈɛn | bʰage | hudis","Pradeep: Yes, it's a great/good idea.","[S8.3] প্রদীপ: হ্যাঁ, এটা একটা দারুণ চিন্তা।",0.2250,0.0000,0.0000,0.2500,0.0000,low
SYN-00814,YESNO_VERB,abo dɔ khaṭpaṭ kan-a?,Do we to be hostile?,আমরা কি শত্রুতা করা?,santali_with_ipa.eaf,54,ɾesʔk kan-a ɾesʔk kan-a ɾesʔk kɑnɑ,He's happy.,,0.2236,0.0000,0.0000,0.0000,0.4472,low
SYN-00816,DEMO_NEG_NOM,nɔa dɔ pạris dɔ ba-ŋ kan-a,This is not sept.,এটা বংশগোষ্ঠী নয়।,santali_with_ipa.eaf,136,niɟa iŋʔ kɔlɔm ba-ŋ kan-a niɟa iŋʔ kɔlɔm ba-ŋ kan-a niɟɑ iŋʔ kɔlɔm bɑŋ kɑnɑ,This is not my pen.,,0.2390,0.0000,0.0000,0.0000,0.4781,low
SYN-00818,OBJECT_VERB,iɲ dɔ itihas-i cipạ-a,I do oppress with history.,আমি ইতিহাস নিপীড়ন করা।,santali_glossed_new_2.eaf,123,iɲ iɲ,Myself/Me.,,0.2041,0.0000,0.0000,0.0000,0.4082,low
SYN-00823,SUBJ_VERB_NEG_PRESENT,iɲ dɔ bɔ-iɲ jabrao kan-a,I do not to caparison.,আমি ঘোড়ার সাজ পরানো না।,santali_with_ipa.eaf,86,iɲ bond̪ʰu kan-a-e iɲ bond̪ʰu kan-a-e iɲ bond̪ʰu kɑnɑe,This is my friend.,,0.2500,0.0000,0.0000,0.0000,0.5000,low
SYN-00826,DEMO_NOM,nɔa dɔ kaṭop̕ kan-a,This is shears (for sheep).,এটা ভেড়া ছাঁটার কাঁচি।,santali_with_ipa.eaf,54,ɾesʔk kan-a ɾesʔk kan-a ɾesʔk kɑnɑ,He's happy.,,0.2236,0.0000,0.0000,0.0000,0.4472,low
SYN-00831,NUM_NOUN_EXIST,are ce̱ṭe̱ minaʔ,There are/is nine sparks.,নয় স্ফুলিঙ্গ আছে।,santali_glossed_1.eaf,103,ʈʰikge.ja. ʈʰik-ge-a. ʈʰik-ge-a,Arka: Okay.,[S8.26] অর্ক: ঠিক আছে।,0.2324,0.0000,0.0000,0.2582,0.0000,low
SYN-00832,ADV_VERB,abo dɔ merahit̕ jạri kan-a,we do to promulgate an order unavailingly.,আমরা বৃথা আদেশ জারি করা।,santali_with_ipa.eaf,54,ɾesʔk kan-a ɾesʔk kan-a ɾesʔk kɑnɑ,He's happy.,,0.2041,0.0000,0.0000,0.0000,0.4082,low
SYN-00833,DEMO_NEG_NOM,ona dɔ mạric dɔ ba-ŋ kan-a,That is not pepper.,ওটা মরিচ নয়।,santali_with_ipa.eaf,136,niɟa iŋʔ kɔlɔm ba-ŋ kan-a niɟa iŋʔ kɔlɔm ba-ŋ kan-a niɟɑ iŋʔ kɔlɔm bɑŋ kɑnɑ,This is not my pen.,,0.2390,0.0000,0.0000,0.0000,0.4781,low
SYN-00835,DEMO_NEG_ADJ,nɔa dɔ ba-ŋ ko̱po̱ṭ kan-a,This is not hypocritical.,এটা ভণ্ড নয়।,santali_with_ipa.eaf,136,niɟa iŋʔ kɔlɔm ba-ŋ kan-a niɟa iŋʔ kɔlɔm ba-ŋ kan-a niɟɑ iŋʔ kɔlɔm bɑŋ kɑnɑ,This is not my pen.,,0.2390,0.0000,0.0000,0.0000,0.4781,low
SYN-00837,SUBJ_VERB_NEG_FUTURE,uni dɔ ba-e dapkao-a,he/she will not subdue.,সে দমন করা করবে না।,santali_with_ipa.eaf,33,uni-d̪o ba-e siɽiɲ-a-e uni-d̪o ba-e siɽiɲ-a-e unid̪o bɑe siɽiɲɑe,He doesn't sing.,,0.2722,0.0000,0.0000,0.0000,0.5443,low
SYN-00838,SUBJ_VERB_NEG_FUTURE,iɲ dɔ bɔ-iɲ khamḍa-a,I will not to flirt.,আমি ছিনালি করা করবে না।,santali_with_ipa.eaf,110,iɲ-d̪o bɔ-iɲ ɟɔm-a iɲ-d̪o bɔ-iɲ ɟɔm-a iɲd̪o bɔiɲ ɟɔmɑ,"No, I will not eat.",,0.2372,0.0000,0.0000,0.0000,0.4743,low
SYN-00840,SUBJ_VERB_PAST,abo dɔ piopoyo-len-a,we did to spray.,আমরা ছিটানো করেছিল।,santali_glossed_new_2.eaf,124,abo abo,We.,,0.2236,0.0000,0.0000,0.0000,0.4472,low
SYN-00841,SUBJ_NEG_ADJ,abo dɔ ba-bon bhalok̕ kan-a,we are not frenzied.,আমরা উন্মত্ত নয়।,santali_with_ipa.eaf,55,ba-e ɾesʔk kan-a ba-e ɾesʔk kan-a bɑe ɾesʔk kɑnɑ,He isn't happy.,,0.2143,0.0000,0.0000,0.0000,0.4286,low
SYN-00842,PROHIBITIVE,alɔ-m kalka-a,Do not to disdain.,অবজ্ঞা করা না।,santali_with_ipa.eaf,59,laŋga-a-m laŋga-a-m lɑŋɡɑɑm,You'll get tired.,,0.2500,0.0000,0.0000,0.0000,0.5000,low
SYN-00844,SUBJ_VERB_PRESENT,uni dɔ puski kan-a-e,he/she does to tutor.,সে শিক্ষা দেওয়া।,santali_with_ipa.eaf,78,uni-d̪o iɲ goɡo kan-a-e uni-d̪o iɲ goɡo kan-a-e unid̪o iɲ ɡoɡo kɑnɑe,She is my mother.,,0.2582,0.0000,0.0000,0.0000,0.5164,low
SYN-00846,SUBJ_VERB_NEG_PRESENT,uni dɔ ba-e nạsti kan-a,he/she does not to render null & void.,সে বাতিল করা না।,santali_with_ipa.eaf,39,uni oɽae ba-e sen-kan-a-e uni oɽae ba-e sen-kan-a-e uni oɽɑe bɑe senkɑnɑe,He didn't go home.,,0.2988,0.0000,0.0000,0.0000,0.5976,low
SYN-00848,IMPERATIVE,khablao me,Please to clutch.,আঁকড়ে ধরা।,santali_glossed_new_2.eaf,44,lahasɛʲcʔ calaʔme laha-sɛʲcʔ calaʔ-me,Walk forward.,,0.1443,0.0000,0.0000,0.0000,0.2887,low
SYN-00850,YESNO_VERB,uni dɔ jobdạo kan-a?,Does he/she to be bespattered with mud?,সে কি কাদায় মাখামাখি হওয়া?,santali_with_ipa.eaf,54,ɾesʔk kan-a ɾesʔk kan-a ɾesʔk kɑnɑ,He's happy.,,0.2236,0.0000,0.0000,0.0000,0.4472,low
SYN-00851,ADV_VERB,uni dɔ kandoṛ jama kan-a,he/she does to linger excessively.,সে অত্যধিক দেরি করা / থেমে থাকা।,santali_with_ipa.eaf,54,ɾesʔk kan-a ɾesʔk kan-a ɾesʔk kɑnɑ,He's happy.,,0.2041,0.0000,0.0000,0.0000,0.4082,low
SYN-00853,DEMO_ADJ,nɔa dɔ ro̱po̱k̕ kan-a,This is contiguous.,এটা সংলগ্ন।,santali_glossed_1.eaf,80,"hɛ̃ː, no̯͡a d̪ɔ mit̪̚ʔʈɛn bʰage hudis. hɛ̃, no̯͡a d̪ɔ mit̪ʔ-ʈɛn bʰage hudis. hɛ̃ | no̯͡a | d̪ɔ | mit̪ʔ-ʈɛn | bʰage | hudis","Pradeep: Yes, it's a great/good idea.","[S8.3] প্রদীপ: হ্যাঁ, এটা একটা দারুণ চিন্তা।",0.2250,0.0000,0.0000,0.2500,0.0000,low
SYN-00854,POSS_NOM,ona dɔ abo-aʔ jo̱po̱rjole kan-a,That is we's close companions.,ওটা আমরা-এর অবিচ্ছেদ্য সঙ্গী।,santali_with_ipa.eaf,54,ɾesʔk kan-a ɾesʔk kan-a ɾesʔk kɑnɑ,He's happy.,,0.1890,0.0000,0.0000,0.0000,0.3780,low
SYN-00856,DEMO_NEG_ADJ,ona dɔ ba-ŋ aṅkha ạṅkhi kan-a,That is not impatient.,"ওটা অস্থির, অধৈর্য নয়।",santali_with_ipa.eaf,136,niɟa iŋʔ kɔlɔm ba-ŋ kan-a niɟa iŋʔ kɔlɔm ba-ŋ kan-a niɟɑ iŋʔ kɔlɔm bɑŋ kɑnɑ,This is not my pen.,,0.2236,0.0000,0.0000,0.0000,0.4472,low
SYN-00857,DEMO_NEG_NOM,ona dɔ karo̱n dɔ ba-ŋ kan-a,That is not malady.,ওটা রোগ নয়।,santali_with_ipa.eaf,136,niɟa iŋʔ kɔlɔm ba-ŋ kan-a niɟa iŋʔ kɔlɔm ba-ŋ kan-a niɟɑ iŋʔ kɔlɔm bɑŋ kɑnɑ,This is not my pen.,,0.2390,0.0000,0.0000,0.0000,0.4781,low
SYN-00858,ADV_VERB,am dɔ chio choko laṛga kan-a,you do to poke deliberately.,তুমি সাবধানে খোঁচানো।,santali_glossed_1.eaf,63,am cɛt̪̚ʔlɛka mɛnama? am cɛt̪ʔ-lɛka mena-m-a? am | cɛt̪ʔ-lɛka | mena-m-a,Uncle: How are you?,[S7.3] কাকা: তুমি কেমন আছো?,0.2121,0.0000,0.0000,0.2357,0.0000,low
SYN-00860,LOC_EXIST,ḍuṅri-re jhaṛ minaʔ,There is tuft in/at knoll.,ছোট টিলা-তে ঝুঁটি / গুচ্ছ আছে।,santali_glossed_1.eaf,103,ʈʰikge.ja. ʈʰik-ge-a. ʈʰik-ge-a,Arka: Okay.,[S8.26] অর্ক: ঠিক আছে।,0.1643,0.0000,0.0000,0.1826,0.0000,low
SYN-00861,POSS_EXIST,abo-aʔ mit't'e bhab minaʔ,we have one sorrow.,আমরা একটি দুঃখ আছে।,santali_with_ipa.eaf,66,iɲ-aʔ mit't'e boi minaʔ iɲ-aʔ mit't'e boi minaʔ iɲɑʔ mitʔte boi minɑʔ,I have a book.,,0.2988,0.0000,0.0000,0.0000,0.5976,low
SYN-00864,PLACE_VERB,uni dɔ muṇḍu-re phikir kan-a,he/she does to endeavour in/at copse.,সে ছোট জঙ্গল-তে চেষ্টা করা।,santali_glossed_1.eaf,7,baɲcaʔ lɘgit̪̚ʔ a.jaʔ kaʈa t̪inɘʔɛ ɔcɔʔɛʔt̪a.ja unɘʔgi bʰit̪ɾisɛʲc̚ʔɛ bɔlɔ cala͡o̯ɛ̆na. baɲcaʔ lɘgit̪ʔ a-aʔ kaʈa t̪inɘʔ-e ɔcɔʔ-ɛʔ-t̪a-a unɘʔ-gi bʰit̪ɾi-sɛc̚ʔ-e bɔlɔ calaʔ-en-a. baɲcaʔ | lɘgit̪ʔ | a-aʔ | kaʈa | t̪inɘʔ-e | ɔcɔʔ-ɛʔ-t̪a-a | unɘʔ-gi | bʰit̪ɾi-sɛc̚ʔ-e | bɔlɔ | calaʔ-en-a,"The more he tried to get his foot out, the more he sank inward.",[S1.7] যতই সে পা ছাড়িয়ে নেওয়ার চেষ্টা করলো ততই সে ভেতরের দিকে তলিয়ে/ ডুবে গেল।,0.1897,0.0000,0.0000,0.2108,0.0000,low
SYN-00866,DEMO_NOM,ona dɔ bạhumut kan-a,That is diabetes.,ওটা ডায়াবেটিস।,santali_with_ipa.eaf,54,ɾesʔk kan-a ɾesʔk kan-a ɾesʔk kɑnɑ,He's happy.,,0.2236,0.0000,0.0000,0.0000,0.4472,low
SYN-00867,ADJ_NOUN,ona dɔ hiṭlạha chakmak kan-a,That is a ostracised flint.,ওটা সমাজচ্যুত / বয়কটকৃত চকমকি পাথর।,santali_with_ipa.eaf,54,ɾesʔk kan-a ɾesʔk kan-a ɾesʔk kɑnɑ,He's happy.,,0.2041,0.0000,0.0000,0.0000,0.4082,low
SYN-00868,DEMO_ADJ,ona dɔ ceḍe kan-a,That is bald.,ওটা টাক।,santali_with_ipa.eaf,54,ɾesʔk kan-a ɾesʔk kan-a ɾesʔk kɑnɑ,He's happy.,,0.2236,0.0000,0.0000,0.0000,0.4472,low
SYN-00869,DEMO_NOM,nɔa dɔ carapiạ kan-a,This is livestock.,এটা পশুসম্পদ।,santali_glossed_1.eaf,80,"hɛ̃ː, no̯͡a d̪ɔ mit̪̚ʔʈɛn bʰage hudis. hɛ̃, no̯͡a d̪ɔ mit̪ʔ-ʈɛn bʰage hudis. hɛ̃ | no̯͡a | d̪ɔ | mit̪ʔ-ʈɛn | bʰage | hudis","Pradeep: Yes, it's a great/good idea.","[S8.3] প্রদীপ: হ্যাঁ, এটা একটা দারুণ চিন্তা।",0.2250,0.0000,0.0000,0.2500,0.0000,low
SYN-00870,DEMO_NOM,nɔa dɔ bom kan-a,This is bomb.,এটা বোমা।,santali_glossed_1.eaf,80,"hɛ̃ː, no̯͡a d̪ɔ mit̪̚ʔʈɛn bʰage hudis. hɛ̃, no̯͡a d̪ɔ mit̪ʔ-ʈɛn bʰage hudis. hɛ̃ | no̯͡a | d̪ɔ | mit̪ʔ-ʈɛn | bʰage | hudis","Pradeep: Yes, it's a great/good idea.","[S8.3] প্রদীপ: হ্যাঁ, এটা একটা দারুণ চিন্তা।",0.2250,0.0000,0.0000,0.2500,0.0000,low
SYN-00871,IMPERATIVE,jind me,Please to win.,জয়লাভ করা।,santali_glossed_1.eaf,27,inʈaɾneʈ̚t̪ɛm ɔlɔʔ paɽha͡o̯ d̪aɽe.jaʔa. inʈaɾneʈ̚-t̪ɛ-m ɔlɔʔ paɽha͡o̯ d̪aɽe-aʔ-a. inʈaɾneʈ̚-t̪ɛ-m | ɔlɔʔ | paɽha͡o̯ | d̪aɽe-aʔ-a,We can even study on the internet/ online.,[S3.10] ইন্টারনেটে/ অনলাইনে পড়াশোনা করা যায়।,0.2405,0.0000,0.0000,0.2673,0.0000,low
SYN-00873,SUBJ_NEG_ADJ,uni dɔ ba-e lamo̱ṭ kan-a,he/she is not lewd.,সে কামুক নয়।,santali_with_ipa.eaf,39,uni oɽae ba-e sen-kan-a-e uni oɽae ba-e sen-kan-a-e uni oɽɑe bɑe senkɑnɑe,He didn't go home.,,0.2988,0.0000,0.0000,0.0000,0.5976,low
SYN-00874,SUBJ_VERB_NEG_PRESENT,abo dɔ ba-bon bạṛti kan-a,we do not exceed.,আমরা ছাড়িয়ে যাওয়া না।,santali_with_ipa.eaf,55,ba-e ɾesʔk kan-a ba-e ɾesʔk kan-a bɑe ɾesʔk kɑnɑ,He isn't happy.,,0.2143,0.0000,0.0000,0.0000,0.4286,low
SYN-00875,SUBJ_VERB_FUTURE,iɲ dɔ geraṅ-a,I will to bewail.,আমি বিলাপ করা করবে।,santali_glossed_new_2.eaf,123,iɲ iɲ,Myself/Me.,,0.2500,0.0000,0.0000,0.0000,0.5000,low
SYN-00879,SUBJ_VERB_NEG_FUTURE,am dɔ ba-m ḍaba mara-a,you will not encamp.,তুমি শিবির স্থাপন করা করবে না।,santali_see_paradigm.eaf,71,am bam ɲɛla am ba-m ɲɛl-a,You will not see.,,0.2857,0.0000,0.0000,0.0000,0.5714,low
SYN-00881,SUBJ_VERB_NEG_PRESENT,iɲ dɔ bɔ-iɲ dabao kan-a,I do not snub.,আমি অপমান করা না।,santali_with_ipa.eaf,86,iɲ bond̪ʰu kan-a-e iɲ bond̪ʰu kan-a-e iɲ bond̪ʰu kɑnɑe,This is my friend.,,0.2500,0.0000,0.0000,0.0000,0.5000,low
SYN-00882,SUBJ_VERB_NEG_FUTURE,abo dɔ ba-bon cakla coklo-a,we will not dodge.,আমরা এড়িয়ে যাওয়া করবে না।,santali_new_glossed_1.eaf,63,d̪aʔ bɛgɔɾt̪ɛ abo d̯ɔ babon ɟiu̯͡ed̪ɔʔa d̪aʔ bɛgɔɾ-t̪ɛ abo d̯ɔ ba-bon ɟiu̯͡e-d̪ɔʔ-a,We cannot live without water.,,0.2097,0.0000,0.0000,0.0000,0.4193,low
SYN-00883,DEMO_ADJ,nɔa dɔ usrạu kan-a,This is effective.,এটা কার্যকর।,santali_glossed_1.eaf,80,"hɛ̃ː, no̯͡a d̪ɔ mit̪̚ʔʈɛn bʰage hudis. hɛ̃, no̯͡a d̪ɔ mit̪ʔ-ʈɛn bʰage hudis. hɛ̃ | no̯͡a | d̪ɔ | mit̪ʔ-ʈɛn | bʰage | hudis","Pradeep: Yes, it's a great/good idea.","[S8.3] প্রদীপ: হ্যাঁ, এটা একটা দারুণ চিন্তা।",0.2250,0.0000,0.0000,0.2500,0.0000,low
SYN-00884,DEMO_ADJ,ona dɔ bhuṭkạ kan-a,That is dwarfish.,ওটা বামনাকৃতি।,santali_with_ipa.eaf,54,ɾesʔk kan-a ɾesʔk kan-a ɾesʔk kɑnɑ,He's happy.,,0.2236,0.0000,0.0000,0.0000,0.4472,low
SYN-00885,DEMO_NEG_NOM,nɔa dɔ kanwa goco dɔ ba-ŋ kan-a,This is not whiskers.,এটা গোঁফ নয়।,santali_with_ipa.eaf,136,niɟa iŋʔ kɔlɔm ba-ŋ kan-a niɟa iŋʔ kɔlɔm ba-ŋ kan-a niɟɑ iŋʔ kɔlɔm bɑŋ kɑnɑ,This is not my pen.,,0.2236,0.0000,0.0000,0.0000,0.4472,low
SYN-00886,PROHIBITIVE,alɔ-m ạṅk̇us-a,"Do not consent, to.",সম্মতি দেওয়া না।,santali_with_ipa.eaf,59,laŋga-a-m laŋga-a-m lɑŋɡɑɑm,You'll get tired.,,0.2500,0.0000,0.0000,0.0000,0.5000,low
SYN-00887,IMPERATIVE,do̱n me,Please leap.,লাফ দেওয়া।,santali_glossed_new_2.eaf,44,lahasɛʲcʔ calaʔme laha-sɛʲcʔ calaʔ-me,Walk forward.,,0.1443,0.0000,0.0000,0.0000,0.2887,low
SYN-00888,DEMO_ADJ,nɔa dɔ lucạ kan-a,This is unprincipled.,এটা নীতিহীন।,santali_glossed_1.eaf,80,"hɛ̃ː, no̯͡a d̪ɔ mit̪̚ʔʈɛn bʰage hudis. hɛ̃, no̯͡a d̪ɔ mit̪ʔ-ʈɛn bʰage hudis. hɛ̃ | no̯͡a | d̪ɔ | mit̪ʔ-ʈɛn | bʰage | hudis","Pradeep: Yes, it's a great/good idea.","[S8.3] প্রদীপ: হ্যাঁ, এটা একটা দারুণ চিন্তা।",0.2250,0.0000,0.0000,0.2500,0.0000,low
SYN-00889,OBJECT_VERB_NEG,uni dɔ mo̱t jho̱ṭ-to ba-e uchlạu-a,he/she does not to spue with packages.,সে বোঝা বমি করা না।,santali_glossed_1.eaf,5,ɲɛlɛɾasa ɲu ɲut̪ɛ uni.jaʔ laʲc̚ʔ d̪ɔ pʰulɘ͡u̯ɛnt̪a.ja ɛnɾɛhɔ̃ ɲɛlɛɾasa ɲuɲu d̪ɔ ba͡i̯ bɘgi.jad̪a. ɲɛlɛɾasa ɲu-ɲu-t̪ɛ uni-aʔ lac̚ʔ d̪ɔ pʰulɘ͡u̯-en-t̪a-a aɾ-ɛn-ɾɛ-hɔ̃ ɲɛlɛɾasa ɲu-ɲu d̪ɔ ba͡i̯ bɘgi-akad-a. ɲɛlɛɾasa | ɲu-ɲu-t̪ɛ | uni-aʔ | lac̚ʔ | d̪ɔ | pʰulɘ͡u̯-en-t̪a-a | ɛnɾɛhɔ̃ | ɲɛlɛɾasa | ɲu-ɲu | d̪ɔ | ba͡i̯ | bɘgi-akad-a,"His stomach swelled as he kept devouring the honey, but still he did not stop eating.","[S1.5] মধু খেতে খেতে তার পেট ফুলে গেল, তবুও সে খাওয়া থামালো না।",0.2233,0.0000,0.0000,0.2481,0.0000,low
SYN-00890,YESNO_ADJ,ona dɔ agar ogor kan-a?,Is that dumpy?,ওটা কি বেঁটে/মোটা?,santali_with_ipa.eaf,54,ɾesʔk kan-a ɾesʔk kan-a ɾesʔk kɑnɑ,He's happy.,,0.2041,0.0000,0.0000,0.0000,0.4082,low
SYN-00892,ADJ_NOUN,nɔa dɔ bukṭan daṅgra kan-a,"This is a reserved, taciturn bullock.","এটা চুপচাপ, অন্তর্মুখী বলদ।",santali_with_ipa.eaf,54,ɾesʔk kan-a ɾesʔk kan-a ɾesʔk kɑnɑ,He's happy.,,0.2041,0.0000,0.0000,0.0000,0.4082,low
SYN-00893,DEMO_ADJ,nɔa dɔ dhạmcuk̕ kan-a,This is bounding.,এটা লাফানো।,santali_glossed_1.eaf,80,"hɛ̃ː, no̯͡a d̪ɔ mit̪̚ʔʈɛn bʰage hudis. hɛ̃, no̯͡a d̪ɔ mit̪ʔ-ʈɛn bʰage hudis. hɛ̃ | no̯͡a | d̪ɔ | mit̪ʔ-ʈɛn | bʰage | hudis","Pradeep: Yes, it's a great/good idea.","[S8.3] প্রদীপ: হ্যাঁ, এটা একটা দারুণ চিন্তা।",0.2250,0.0000,0.0000,0.2500,0.0000,low
SYN-00896,DEMO_ADJ,ona dɔ jhe̱ṭ kan-a,That is eldest.,ওটা জ্যেষ্ঠ।,santali_with_ipa.eaf,54,ɾesʔk kan-a ɾesʔk kan-a ɾesʔk kɑnɑ,He's happy.,,0.2236,0.0000,0.0000,0.0000,0.4472,low
SYN-00898,PROHIBITIVE,alɔ-m car-a,Do not institute.,শুরু করা (মামলা) না।,santali_with_ipa.eaf,59,laŋga-a-m laŋga-a-m lɑŋɡɑɑm,You'll get tired.,,0.2500,0.0000,0.0000,0.0000,0.5000,low
SYN-00900,OBJECT_VERB_NEG,abo dɔ ḍạṇḍit̕-to ba-bon ohman-a,we do not to deduce with line.,আমরা রেখা অনুমান করা না।,santali_new_glossed_1.eaf,63,d̪aʔ bɛgɔɾt̪ɛ abo d̯ɔ babon ɟiu̯͡ed̪ɔʔa d̪aʔ bɛgɔɾ-t̪ɛ abo d̯ɔ ba-bon ɟiu̯͡e-d̪ɔʔ-a,We cannot live without water.,,0.1961,0.0000,0.0000,0.0000,0.3922,low
SYN-00902,LOC_EXIST,elaka-re dạhi minaʔ,There is liability in/at district.,জেলা-তে দায়িত্ব আছে।,santali_glossed_1.eaf,103,ʈʰikge.ja. ʈʰik-ge-a. ʈʰik-ge-a,Arka: Okay.,[S8.26] অর্ক: ঠিক আছে।,0.2012,0.0000,0.0000,0.2236,0.0000,low
SYN-00903,LOC_EXIST,loṅk̇a-re kankanao minaʔ,There is aching in/at ceylon.,শ্রীলঙ্কা-তে ব্যথা আছে।,santali_glossed_1.eaf,103,ʈʰikge.ja. ʈʰik-ge-a. ʈʰik-ge-a,Arka: Okay.,[S8.26] অর্ক: ঠিক আছে।,0.2012,0.0000,0.0000,0.2236,0.0000,low
SYN-00906,OBJECT_VERB_NEG,abo dɔ huti-to ba-bon chaṅ-a,we do not tinkle with weevil (attacking leguminous seeds).,আমরা শস্যের পোকা (ডালজাতীয়) ঝনঝন করা না।,santali_new_glossed_1.eaf,13,abad̪ɔʔ ɛt̪ɔhɔpʔɾɛ baɽge sapʔɽa͡o̯ kat̪ɛ it̪ɘ apʰɔɾ hojo.a abad̪ɔʔ ɛt̪ɔhɔp-ʔ-ɾɛ baɽge sapʔɽa͡o̯ kat̪ɛ it̪ɘ apʰɔɾ hojo-a,"Farming involves preparing the land in the beginning, then sowing the seeds there.",,0.2999,0.2999,0.1581,0.0000,0.0000,low
SYN-00908,SUBJ_VERB_PRESENT,uni dɔ khạ̃i kan-a-e,he/she does to wheeze.,সে হাঁপানো।,santali_with_ipa.eaf,78,uni-d̪o iɲ goɡo kan-a-e uni-d̪o iɲ goɡo kan-a-e unid̪o iɲ ɡoɡo kɑnɑe,She is my mother.,,0.2582,0.0000,0.0000,0.0000,0.5164,low
SYN-00910,SUBJ_VERB_NEG_FUTURE,abo dɔ ba-bon mara-a,we will not to stint.,আমরা কৃপণতা করা করবে না।,santali_new_glossed_1.eaf,63,d̪aʔ bɛgɔɾt̪ɛ abo d̯ɔ babon ɟiu̯͡ed̪ɔʔa d̪aʔ bɛgɔɾ-t̪ɛ abo d̯ɔ ba-bon ɟiu̯͡e-d̪ɔʔ-a,We cannot live without water.,,0.2265,0.0000,0.0000,0.0000,0.4529,low
SYN-00912,POSS_EXIST,am-aʔ mit't'e caher minaʔ,you have one shadow.,তুমি একটি ছায়া আছে।,santali_with_ipa.eaf,66,iɲ-aʔ mit't'e boi minaʔ iɲ-aʔ mit't'e boi minaʔ iɲɑʔ mitʔte boi minɑʔ,I have a book.,,0.2988,0.0000,0.0000,0.0000,0.5976,low
SYN-00914,SUBJ_ADJ,am dɔ be̱co̱l kan-a-m,you are unreasonable.,তুমি অযৌক্তিক।,santali_glossed_1.eaf,63,am cɛt̪̚ʔlɛka mɛnama? am cɛt̪ʔ-lɛka mena-m-a? am | cɛt̪ʔ-lɛka | mena-m-a,Uncle: How are you?,[S7.3] কাকা: তুমি কেমন আছো?,0.2598,0.0000,0.0000,0.2887,0.4330,low
SYN-00916,SUBJ_ADJ,abo dɔ mukhu kan-a-bon,we are illiterate.,আমরা নিরক্ষর।,santali_glossed_1.eaf,65,alɛ ɟɔt̪ɔhɔɽ mɔ̃ɟge menaʔle.ja. alɛ ɟɔt̪ɔ-hɔɽ mɔ̃ɟ-ge mena-le-a. alɛ | ɟɔt̪ɔ-hɔɽ | mɔ̃ɟ-ge | mena-le-a,Nephew: We are all fine.,[S7.5] ভাতিজা: আমরা সবাই ভালো আছি।,0.2405,0.0000,0.0000,0.2673,0.0000,low
SYN-00918,ADV_VERB,uni dɔ here khạli kan-a,he/she does vacant angrily.,সে রাগভাবে / ক্রোধের সাথে খালি।,santali_with_ipa.eaf,54,ɾesʔk kan-a ɾesʔk kan-a ɾesʔk kɑnɑ,He's happy.,,0.2041,0.0000,0.0000,0.0000,0.4082,low
SYN-00922,SUBJ_ADJ,am dɔ so̱nto̱r kan-a-m,you are alert.,তুমি সতর্ক।,santali_glossed_1.eaf,63,am cɛt̪̚ʔlɛka mɛnama? am cɛt̪ʔ-lɛka mena-m-a? am | cɛt̪ʔ-lɛka | mena-m-a,Uncle: How are you?,[S7.3] কাকা: তুমি কেমন আছো?,0.2598,0.0000,0.0000,0.2887,0.4330,low
SYN-00923,SUBJ_VERB_NEG_FUTURE,uni dɔ ba-e baṭa-a,"he/she will not blab, reveal secrets.",সে ফাঁস করে বলা করবে না।,santali_with_ipa.eaf,33,uni-d̪o ba-e siɽiɲ-a-e uni-d̪o ba-e siɽiɲ-a-e unid̪o bɑe siɽiɲɑe,He doesn't sing.,,0.2722,0.0000,0.0000,0.0000,0.5443,low
SYN-00926,YESNO_ADJ,ona dɔ dạyik kan-a?,Is that responsible?,ওটা কি দায়িত্বশীল?,santali_with_ipa.eaf,54,ɾesʔk kan-a ɾesʔk kan-a ɾesʔk kɑnɑ,He's happy.,,0.2236,0.0000,0.0000,0.0000,0.4472,low
SYN-00929,DEMO_NOM,nɔa dɔ guric̕ mande kan-a,This is midden.,এটা আবর্জনার স্তূপ।,santali_with_ipa.eaf,54,ɾesʔk kan-a ɾesʔk kan-a ɾesʔk kɑnɑ,He's happy.,,0.2041,0.0000,0.0000,0.0000,0.4082,low
SYN-00930,DEMO_ADJ,ona dɔ lasgar kan-a,That is savoury.,ওটা সুস্বাদু।,santali_with_ipa.eaf,54,ɾesʔk kan-a ɾesʔk kan-a ɾesʔk kɑnɑ,He's happy.,,0.2236,0.0000,0.0000,0.0000,0.4472,low
SYN-00931,DEMO_ADJ,nɔa dɔ jhiki miki kan-a,This is adorned.,এটা সুসজ্জিত।,santali_glossed_1.eaf,80,"hɛ̃ː, no̯͡a d̪ɔ mit̪̚ʔʈɛn bʰage hudis. hɛ̃, no̯͡a d̪ɔ mit̪ʔ-ʈɛn bʰage hudis. hɛ̃ | no̯͡a | d̪ɔ | mit̪ʔ-ʈɛn | bʰage | hudis","Pradeep: Yes, it's a great/good idea.","[S8.3] প্রদীপ: হ্যাঁ, এটা একটা দারুণ চিন্তা।",0.2250,0.0000,0.0000,0.2500,0.0000,low
SYN-00932,DEMO_ADJ,ona dɔ nepṛan kan-a,That is odious.,ওটা ঘৃণ্য।,santali_with_ipa.eaf,54,ɾesʔk kan-a ɾesʔk kan-a ɾesʔk kɑnɑ,He's happy.,,0.2236,0.0000,0.0000,0.0000,0.4472,low
SYN-00934,DEMO_NEG_ADJ,ona dɔ ba-ŋ cahãṭ kan-a,That is not pressing.,ওটা জরুরি নয়।,santali_with_ipa.eaf,136,niɟa iŋʔ kɔlɔm ba-ŋ kan-a niɟa iŋʔ kɔlɔm ba-ŋ kan-a niɟɑ iŋʔ kɔlɔm bɑŋ kɑnɑ,This is not my pen.,,0.2390,0.0000,0.0000,0.0000,0.4781,low
SYN-00935,DEMO_NEG_ADJ,ona dɔ ba-ŋ kalaṅ ḍolaṅ kan-a,That is not despondent.,ওটা হতাশ নয়।,santali_with_ipa.eaf,136,niɟa iŋʔ kɔlɔm ba-ŋ kan-a niɟa iŋʔ kɔlɔm ba-ŋ kan-a niɟɑ iŋʔ kɔlɔm bɑŋ kɑnɑ,This is not my pen.,,0.2236,0.0000,0.0000,0.0000,0.4472,low
SYN-00937,SUBJ_VERB_NEG_PRESENT,abo dɔ ba-bon cipạ kan-a,we do not oppress.,আমরা নিপীড়ন করা না।,santali_with_ipa.eaf,55,ba-e ɾesʔk kan-a ba-e ɾesʔk kan-a bɑe ɾesʔk kɑnɑ,He isn't happy.,,0.2143,0.0000,0.0000,0.0000,0.4286,low
SYN-00938,POSS_EXIST,am-aʔ mit't'e go̱ndho̱ro̱s minaʔ,you have one myrrh.,তুমি একটি মোর্র (সুগন্ধি) আছে।,santali_with_ipa.eaf,66,iɲ-aʔ mit't'e boi minaʔ iɲ-aʔ mit't'e boi minaʔ iɲɑʔ mitʔte boi minɑʔ,I have a book.,,0.2988,0.0000,0.0000,0.0000,0.5976,low
SYN-00944,NUM_NOUN_EXIST,eka so̱ro̱m minaʔ,There are/is one diffidence.,এক সংকোচ আছে।,santali_glossed_1.eaf,103,ʈʰikge.ja. ʈʰik-ge-a. ʈʰik-ge-a,Arka: Okay.,[S8.26] অর্ক: ঠিক আছে।,0.2324,0.0000,0.0000,0.2582,0.0000,low
SYN-00945,SUBJ_ADJ,abo dɔ jhaporae kan-a-bon,we are tolerable.,আমরা সহনীয়।,santali_glossed_1.eaf,65,alɛ ɟɔt̪ɔhɔɽ mɔ̃ɟge menaʔle.ja. alɛ ɟɔt̪ɔ-hɔɽ mɔ̃ɟ-ge mena-le-a. alɛ | ɟɔt̪ɔ-hɔɽ | mɔ̃ɟ-ge | mena-le-a,Nephew: We are all fine.,[S7.5] ভাতিজা: আমরা সবাই ভালো আছি।,0.2405,0.0000,0.0000,0.2673,0.0000,low
SYN-00946,DEMO_NOM,nɔa dɔ bhiṇḍ kan-a,This is bale.,এটা গাঁট।,santali_glossed_1.eaf,80,"hɛ̃ː, no̯͡a d̪ɔ mit̪̚ʔʈɛn bʰage hudis. hɛ̃, no̯͡a d̪ɔ mit̪ʔ-ʈɛn bʰage hudis. hɛ̃ | no̯͡a | d̪ɔ | mit̪ʔ-ʈɛn | bʰage | hudis","Pradeep: Yes, it's a great/good idea.","[S8.3] প্রদীপ: হ্যাঁ, এটা একটা দারুণ চিন্তা।",0.2250,0.0000,0.0000,0.2500,0.0000,low
