gt_source,gt_id,gt_santali,gt_english,gt_bangla,gt_extra
Santali_dataset_parsed.csv,1,pɘɾsid̪ɔ mano͡a̯ko̯͡aʔ onoɾom kana.,Language is the identity of people.,ভাষা মানুষের পরিচয়।,
Santali_dataset_parsed.csv,2,"ɟahãɾɛge mano̯͡a menaʔko, tahãɾɛge pɘɾsi mena.a.","Where there are people, there are languages.",যেখানে মানুষ সেখানেই ভাষা।,
Santali_dataset_parsed.csv,3,pɘɾsi d̪ɔ mit̪̚ʔ bid̪ɘl kʰɔn aɾ mit̪̚ʔ bid̪ɘlɾɛ sɛn paɾɔmɔʔa.,Language flows from one generation (age) to another generation (age).,ভাষা এক প্রজন্ম (যুগ) থেকে আরেক প্রজন্মে (যুগে) প্রবাহিত হয়।,
Santali_dataset_parsed.csv,4,mɛnke.jam d̪ʰɘɾt̪iɾɛ e.ja͡i̯ haɟaɾgan pɘɾsi mena.a.,There are about 7 thousand languages in the world.,পৃথিবীতে প্রায় ৭ হাজার ভাষা আছে।,
Santali_dataset_parsed.csv,5,ɟa͡o̯ pɛ cand̪oɾɛ mit̪̚ʔʈɛn kat̪ɛʔ pɘɾsi ad̪ɔʔkana.,At a time one language is disappearing every 3 months.,প্রতি ৩ মাসে/ ৩ মাস পর পর একটি করে ভাষা হারিয়ে যাচ্ছে।,
Santali_dataset_parsed.csv,6,ɟɔt̪ɔ pɘɾsige ɔkt̪ɛ nɘpit̪̚ɾɛ bɔd̪ɔlɔʔt̪ege t̪ahɛnkana.,All languages change over time.,সকল ভাষা সময়ের সাথে সাথে বদলায়।,
Santali_dataset_parsed.csv,7,pɘɾsi bɔd̪ɔlɔʔlekage sɔmaɟɾe.jaʔ ɘn ɘɾihɔ̃ bɔd̪ɔlɔʔkana.,"Like the way a language changes, the customs and traditions of the society also change.",ভাষা পরিবর্তনের মতো সমাজের প্রথা-রীতিনীতিও বদলায়।,
Santali_dataset_parsed.csv,8,pɘɾsid̪ɔ mano̯͡ai̯ ɟumid̪ɛt̪̚ʔko̯͡a.,Language builds unity among people/ Language unites people.,ভাষা মানুষের মধ্যে ঐক্য গড়ে তোলে/ ভাষা মানুষকে এক করে।,
Santali_dataset_parsed.csv,9,mano̯͡akod̪ɔ gɔgɔʈʰɛnkʰɔnge pɘhil pɘɾsiko ceːd̪a.,People learn their language first from their mother.,মানুষ প্রথম ভাষা শেখে তার মায়ের কাছ থেকে।,
Santali_dataset_parsed.csv,10,pɘɾsi sã͡o̯ sã͡o̯t̪ɛ mano̯͡ako̯͡aʔ hud̪iskohɔ̃ bɔd̪ɔlɔ.a.,People's thinking also changes along with language.,ভাষার সাথে সাথে মানুষের চিন্তাভাবনাও বদলায়।,
Santali_dataset_parsed.csv,11,ɔlɔʔ paɽha͡o̯ aɾ nukɾi lɘgit̪̚ʔ apnaɾ pɘɾsi cʰaɖahɔ̃ hɔɽ ɛʈaʔ ɛʈaʔ pɘɾsiko ceːd̪a.,People learn other languages apart from their own language for education and job.,লেখাপড়া ও চাকরির জন্য মানুষ নিজের ভাষা ছাড়াও অন্য ভাষা শেখে।,
Santali_dataset_parsed.csv,12,"lahaɾɛ isin basaŋ cicit̪̚ʔiɲ met̪at̪̚ʔmɛ t̪ahẽkana, mɛnɛʔ bam aɲɟɔmled̪a.","Mother: Earlier I told you to learn cooking, you didn't listen to me at that time.","মা: আগে তোমাকে রান্না শিখতে বলেছিলাম, তখন তুমি শোনোনি।",
Santali_dataset_parsed.csv,13,buɟʰhɘ͡o̯ kid̪ɘɲ.,Mother: I understand.,মা: বুঝতে পেরেছি।,
Santali_dataset_parsed.csv,14,"iɲd̪ɔ d̪aka, ɘlu bʰɘɾt̪ɘ aɾ belehɔɲ bʰɘɟi d̪aɽeo̯͡a.a.","Daughter: I can cook rice, make mashed potatoes and can fry eggs.","মেয়ে: আমি ভাত রান্না করতে পারি, আলু ভরতা বানাতে পারি এবং ডিম ভাজি করতে পারি।",
Santali_dataset_parsed.csv,15,nit̪̚ʔ d̪ɔ iɲ aɽaʔut̪u aɾ sobɟi bʰɘɟi cet̪̚ʔɟɔŋiɲ mɛnɟɔŋkana.,Daughter: Now I want to learn how to cook and fry vegetables.,মেয়ে: এখন আমি শাক রান্না এবং সবজি ভাজি করা শিখতে চাই।,
Santali_dataset_parsed.csv,16,"bogege, inɘ bʰit̪ɾiɾege amd̪ɔ a͡i̯mam cet̪̚ʔked̪a.","Mother: Good, you have learned a lot already.","মা: ভালো, এরইমধ্যে তুমি অনেক কিছু শিখেছ।",
Santali_dataset_parsed.csv,17,"hɛ̃ː gɔ, cecet̪̚ʔiɲ mɛnɟɔŋkana.","Daughter: Yes mom, I want to learn.","মেয়ে: হ্যাঁ মা, শিখতে চাই।",
Santali_dataset_parsed.csv,18,ɾaŋgaʔ ɾenaʔ d̪ɔ cɛt̪̚ʔhɔ baŋkana.,Mother: There is nothing to be angry about.,মা: রাগ করার কিছু নেই।,
Santali_dataset_parsed.csv,19,aɾ cɛt̪̚ʔ cɛt̪̚ʔko d̪isɛ d̪ɔhɔ͡i̯ ɟɘɾuɽtiɲa?,Daughter: What else needs to be remembered?,মেয়ে: আর কী কী মনে রাখা দরকার?,
Santali_dataset_parsed.csv,20,ɟɔmaʔɾɛ ɖʰeɾ sunum bɛ͡o̯haɾ lekʰan hɔɽmɔ bɘɽiɟɔ.a.,"Mother: If you use too much oil in food, the body becomes sick.",মা: খাবারে বেশি তেল ব্যবহার করলে শরীর খারাপ হয়ে যায়।,
Santali_dataset_parsed.csv,21,"hako d̪ɔ ɘɖi ãt d̪ɔ baŋ, ɟaːge bʰaɟako hojo.a.","Mother: Fish should be lightly fried, not over fried.",মা: মাছ বেশি না ভেজে হালকা করে ভাজতে হবে।,
Santali_dataset_parsed.csv,22,iɲd̪ɔ am ʈʰɛnkʰɔn ɟɔt̪ɔ̯͡aʔ isin basaŋiɲ ceːd̪a.,Daughter: I will learn to cook everything from you.,মেয়ে: আমি তোমার কাছ থেকে সবকিছু রান্না করা শিখবো।,
Santali_dataset_parsed.csv,23,ac̚cʰa ʈʰikge.ja.,Mother: Okay for sure.,মা: আচ্ছা ঠিক আছে।,
Santali_dataset_parsed.csv,24,"iskul ɔka d̪in bɔnd̪ɔ t̪ahɛna, ɛnhilɘʔge iɲʈʰɛnkʰɔn isin basaŋɛm ceːd̪a.",Mother: You will learn cooking from me on the day school is closed.,"মা: স্কুল যেদিন বন্ধ থাকবে, সেদিনই তুমি আমার কাছ থেকে রান্না শিখবে।",
Santali_dataset_parsed.csv,25,"ɛgɔ, iɲd̪ɔ isin basaŋ t̪e.jaɾ cet̪̚ʔɟɔŋiɲ mened̪a.","Daughter: Mom, I want to learn cooking.","মেয়ে: মা, আমি রান্না শিখতে চাই।",
Santali_dataset_parsed.csv,26,iskul cʰuʈi maha isin basaŋ t̪e.jaɾɛm cet̪̚ʔɘɲɘ.,Daughter: Will you teach me to cook during the school holidays?,মেয়ে: স্কুল ছুটির দিনে কি আমাকে রান্না শেখাবে?,
Santali_dataset_parsed.csv,27,nit̪ɔʔ ced̪aʔ isin basaŋ t̪e.jaɾ cet̪̚ʔɟɔŋɛm mɛned̪a?,Mother: Why do you want to learn cooking now?,মা: এখন কেন রান্না শিখতে চাও?,
Santali_dataset_parsed.csv,28,am ɟɔkʰɔn hãspat̪alɾɛm t̪ahɛ̃kana un ɔk̚t̪ɛ alɛ ɘɖi sɔmɔssaɾɛlɛ paɽa͡o̯lena.,Daughter: We had a lot of problems when you were in the hospital.,মেয়ে: তুমি যখন হাসপাতালে ছিলে তখন আমাদের অনেক সমস্যা হয়েছে।,
Santali_dataset_parsed.csv,29,isin basaŋ t̪e.jaɾ bɘɲd̪aɽelɛnt̪ɛ ɟɔm ɲu ɾe ɘɖi kɔsʈɔɾɛlɛ paɽa͡o̯lena.,Daughter: I can't cook so we had difficulty eating.,মেয়ে: রান্না পারি না তাই খাবার খেতে আমাদের কষ্ট হয়েছে।,
Santali_dataset_parsed.csv,30,cɛt̪̚ʔ cɛt̪̚ʔ isin basaŋ t̪e.jaɾ cet̪̚ʔɟɔŋɛm mened̪a ma lɘ.jɘɲmɛ.,Mother: What do you want to learn to cook?,মা: কী কী রান্না শিখতে চাও বলো?,
Santali_dataset_parsed.csv,31,amd̪ɔ hako aɾ ɟel isin basaŋ t̪e.jaɾ cet̪̚ʔ bam mened̪a.,Mother: But don't you want to learn how to cook fish and meat?,মা: কিন্তু তুমি কি মাছ ও মাংস রান্না শিখতে চাও না?,
Santali_dataset_parsed.csv,32,mɛnɛd̪ɘɲ mit̪̚ʔsã͡o̯t̪ɛ unɘʔ isin basaŋ t̪e.jaɾ cet̪̚ʔɟɔŋiɲ mɛnɛt̪̚ʔt̪ɛ ɾaŋga͡o̯ăʔam sɛ cɛt̪̚ʔ.,Daughter: But I thought you would get angry if I said so much together.,মেয়ে: কিন্তু এতকিছু একসাথে বললে তুমি রাগ করবে ভেবেছিলাম।,
Santali_dataset_parsed.csv,33,ɔnat̪ɛ ɟel aɾ hako ut̪u t̪e.jaɾ cet̪̚ʔɟɔŋɾe.jaʔ kat̪ʰa d̪ɔ bɘɲ met̪am kan t̪ahɛna.,Daughter: So I didn't talk about learning how to cook fish and meat.,মেয়ে: তাই মাছ ও মাংস রান্না শেখার কথা বলিনি।,
Santali_dataset_parsed.csv,34,"ɛnt̪ɛʔ isin basaŋ t̪e.jaɾ cɛt̪̚ʔleka ɾɘskɘɲ buɟʰhɘ͡o̯a, ɛʈaʔhɔɽ cet̪̚ʔakohɔ̃ oŋkage ɾɘskɘɲ ɘikɘ͡o̯a.","Mother: Because, as much as I love to cook, I also love to teach cooking.","মা: কারণ, আমার রান্না করতে যেমন ভালো লাগে, রান্না শেখাতেও ভালো লাগে।",
Santali_dataset_parsed.csv,35,"ɛgɔ, ad̪ɔ isin basaŋ ɔkt̪ɛ cɛt̪̚ʔ cɛt̪̚ʔko d̪isɘ d̪ɔhɔ ɟɘɾuɽa?","Daughter: What things need to be taken care of while cooking, mother?",মেয়ে: রান্নার সময় কী কী বিষয় খেয়াল রাখা দরকার মা?,
Santali_dataset_parsed.csv,36,ɟɔt̪ɔkʰɔn lahaɾɛ d̪isɘ͡i̯ ɟɘɾuɽt̪ama d̪aka͡i̯ ɔɽaʔɾɛ ɟɘɾuɽ ɟinisko menaʔa sɛ baŋ.,"Mother: First of all, check that the kitchen has all the necessary items.",মা: সবার আগে খেয়াল করতে হবে রান্নাঘরে দরকারি সকল জিনিসপত্র আছে কিনা।,
Santali_dataset_parsed.csv,37,aɽaʔsakam sɛ ut̪ut̪e.jaʔ gɛt̪̚ʔ lahaɾɛ mɔɟt̪ɛ ɘɾupʔ sapa͡i̯ hojo.a.,Mother: Wash the vegetables well in water before cutting them.,মা: শাক-সবজি কাটার আগে পানিতে ভালো করে ধুয়ে নিবে।,
Santali_dataset_parsed.csv,38,ɟahanaʔge t̪ʰɔɽa sunumt̪ɛm ut̪u.ja.,Mother: Use less oil while cooking any food.,মা: যে-কোনো খাবার রান্নার সময় কম তেল ব্যবহার করবে।,
Santali_dataset_parsed.csv,39,ut̪u͡i̯ t̪ʰɔɽa ɔk̚t̪ɛ lahaɾɛ ɟelɾɛ mɔsla makʰa͡o̯ d̪ɔhɔ͡i̯ ho.jo.a.,"Mother: Before cooking, put spices on the meat and keep it to marinate for a while.",মা: রান্না করার আগে মাংসে মশলা মাখিয়ে কিছুক্ষণ রেখে দিতে হবে।,
Santali_dataset_parsed.csv,40,t̪eheɲd̪ɔ a͡i̯maɲ cet̪̚ʔked̪a gɔː.,Daughter: I have learned a lot today mom.,মেয়ে: আজকে অনেক কিছু শিখলাম মা।,
Santali_dataset_parsed.csv,41,mit̪̚ʔgʰɘɽi lahaɾɛɲ sɛnd̪ɾakɛt̪̚ʔme.ja aɾ bɘɲ ɲamlɛt̪̚ʔme.ja.,Maloti: I looked for you a while back but couldn't find you.,মালতি: তোমাকে একটু আগে খুঁজে গিয়েছিলাম কিন্তু পাইনি।,
Santali_dataset_parsed.csv,42,okat̪ɛm sɛnlɛna?,Maloti: Where did you go?,মালতি: কোথায় গিয়েছিলে তুমি?,
Santali_dataset_parsed.csv,43,"alɛɾɛn aɾaʔ sɘnɖi͡i̯ at̪̚ʔlɛna, uni send̪ɾaɲ cala͡o̯lena.","Dolly: My red rooster was lost, so I went looking for it.","ডলি: আমার লাল মোরগটি হারিয়ে গিয়েছিল, সেটাকে খুঁজতে গিয়েছিলাম।",
Santali_dataset_parsed.csv,44,send̪ɾa ɲamked̪e.jam?,Maloti: Have you find it?,মালতি: খুঁজে পেয়েছ?,
Santali_dataset_parsed.csv,45,"hɛ̃ː, ɲamkid̪i.jɘɲ.","Dolly: Yes, got it.","ডলি: হ্যাঁ, পেয়েছি।",
Santali_dataset_parsed.csv,46,"ced̪aʔɛm t̪eŋgo͡akana, d̪uɽup̚ʔmɛ.","Dolly: Why are you standing, sit down.","ডলি: তুমি দাঁড়িয়ে আছো কেন, বসো।",
Santali_dataset_parsed.csv,47,nit̪̚ʔd̪ɔ bɘɲ d̪uɽup̚ʔa d̪i.,Maloti: I will not sit now [sister].,মালতি: এখন বসবো না (দিদি)।,
Santali_dataset_parsed.csv,48,ɔɽaʔɾɛ pɛɽako hɛʲc̚ʔakana.,Maloti: Guest has come to the house.,মালতি: বাড়িতে মেহমান/ অতিথি এসেছে।,
Santali_dataset_parsed.csv,49,ɔnat̪ɛ amʈʰɛniɲ hɛʲc̚ʔakana.,Maloti: So I have come to you.,মালতি: তাই তোমার কাছে এসেছি।,
Santali_dataset_parsed.csv,50,"ɔɽaʔɾɛ ca͡o̯le, d̪ɘl aɾ bele mena.a, mɛnɛʔ sunumd̪ɔ bɘnu.anaŋ.","Maloti: There is rice, pulses, eggs and everything in the house, but no oil.","মালতি: ঘরে চাল-ডাল-ডিম সবই আছে, কিন্তু তেল নেই।",
Santali_dataset_parsed.csv,51,cɛt̪̚ʔ amʈʰɛn t̪ʰɔɽa sunum ɲamkɔʔa?,Maloti: Can you give me some oil?,মালতি: তোমার কাছে কি একটু তেল পাওয়া যাবে?,
Santali_dataset_parsed.csv,52,"hɛ̃, mɛnaʔge.ja.","Dolly: Yes, available.","ডলি: হ্যাঁ, আছে।",
Santali_dataset_parsed.csv,53,"baŋ, bɔt̪ɔld̪ɔ bɘɲ ɘguo̯͡akad̪a.","Maloti: No, I have not brought the bottle.","মালতি: না, বোতল আনিনি।",
Santali_dataset_parsed.csv,54,"ʈʰikge.ja, kolka͡i̯mɛ.","Dolly: All right, send her away.","ডলি: ঠিক আছে, তাকে পাঠিয়ে দাও।",
Santali_dataset_parsed.csv,55,"ɛːd̪i, ɔɽaʔɾɛ menama?","Maloti: [Sister], Are you at home?","মালতি: (দিদি), বাড়িতে আছো?",
Santali_dataset_parsed.csv,56,"hɛ̃, minɘɲgecɔ.","Dolly: Yes, I am.","ডলি: হ্যাঁ, আছি।",
Santali_dataset_parsed.csv,57,cɛt̪̚ʔ ceka͡o̯ăkana?,Dolly: What happened?,ডলি: কী হয়েছে?,
Santali_dataset_parsed.csv,58,ɔkaseʲc̚ɛ d̪ɘɽled̪a unid̪ɔ?,Maloti: Where did the rooster go?,মালতি: কোথায় গিয়েছিল মোরগটি?,
Santali_dataset_parsed.csv,59,alɛ ɔɽaʔ aɽe busup̚ʔpalaɾɛ͡i̯ sɔgɛ.jakantahɛkana.,Dolly: It was hiding in the haystack next door.,ডলি: পাশের বাড়ির খড়ের গাদায় লুকিয়ে ছিল।,
Santali_dataset_parsed.csv,60,baɟaɾ kolko lɘgit̪̚ʔ ɔko͡i̯hɔ̃ bɘɲ ɲamɛt̪̚ʔko͡a̯.,Maloti: But can't find anyone to send to the market.,মালতি: কিন্তু বাজারে পাঠানোর জন্য কাউকে খুঁজে পাচ্ছি না।,
Santali_dataset_parsed.csv,61,lɘ.jɘɲmɛ cɛt̪̚ʔko laga͡o̯ma?,"Dolly: Tell me, what do you need?","ডলি: বলো, তোমার কী লাগবে?",
Santali_dataset_parsed.csv,62,sunum id̪ilɘgit̚ʔ bɔt̪ɔlɛm ɘguo̯͡akad̪a?,Dolly: Have you brought the bottle to take the oil?,ডলি: তুমি তেল নেওয়ার জন্য বোতল নিয়ে এসেছ?,
Santali_dataset_parsed.csv,63,iɲɾɛn kuɽigid̪̚ɾɘ sunum bɔt̪ɔlat̪ɛɲ kolka͡i̯kana.,Maloti: I am sending my daughter with a bottle to contain oil.,মালতি: আমি আমার মেয়েকে তেলের বোতল নিয়ে পাঠিয়ে দিচ্ছি।,
Santali_dataset_parsed.csv,64,amʈʰɛn ɖʰeɾɲɔʔ buluŋ menaʔkʰan mit̪̚ʔbɘʈi kolt̪oɾao͡ɘ̯ɲmɛ.,"Dolly: If you have extra salt, send me a bowl of salt.",ডলি: তোমার কাছে বাড়তি লবণ থাকলে আমার জন্য এক বাটি লবণ পাঠিয়ে দিও।,
Santali_dataset_parsed.csv,65,iɲd̪ɔ ɘɖi ãʈ t̪et̪aŋid̪iɲkana.,Ritu: I am very thirsty.,রিতু: আমার খুব পানির পিপাসা/ তৃষ্ণা পেয়েছে।,
Santali_dataset_parsed.csv,66,"hɛ̃, imamkɘnɘɲ.","Preetu: Yes, sure.","প্রিতু: হ্যাঁ, দিচ্ছি।",
Santali_dataset_parsed.csv,67,nit̪̚ʔ amd̪ɔ ɔkakʰɔnɛm hɛʲc̚ʔɛna?,Pritu: Where did you come from now?,প্রিতু: তুমি এখন কোথা থেকে এলে?,
Santali_dataset_parsed.csv,68,"ɔɽaʔɾɛ d̪aʔ bɘnuʔa, ɔnat̪ɛ d̪aʔ id̪iɲ hɛʲc̚ʔakana.",Ritu: I don't have water at home so I have come to fetch water.,"রিতু: আমার বাড়িতে পানি নেই, তাই পানি নিতে এসেছি।",
Santali_dataset_parsed.csv,69,hud̪isɔʔkɘnɘɲ d̪okanɾɛ pasɛʲc̚ʔ mɛna.ja.,Ritu: I think he is in the shop now.,রিতু: আমার মনে হয় — সে এখন দোকানে আছে।,
Santali_dataset_parsed.csv,70,mɛnkʰan ɔɽaʔɾɛ ɾu͡ɘɽ kat̪ɛʔiɲ ɲɛlked̪a uni d̪ɔ d̪aʔ ba͡i̯ ɘgu͡akad̪a.,Ritu: But I came home and saw that he did not bring water.,রিতু: কিন্তু বাড়ি ফিরে দেখলাম সে পানি আনেনি।,
Santali_dataset_parsed.csv,71,"hɛ̃, ale.jaʔ nɔlkupkʰɔn hɔ̃ nit̪̚ʔ d̪ɔ d̪aʔ baŋ ɾakabɔʔkana.","Preetu: Yes, water does not come up in our tube wells/ taps/ wells as before.","প্রিতু: হ্যাঁ, আমাদের নলকূপেও/ কল/ কুয়াতেও আগের মতো পানি ওঠে না।",
Santali_dataset_parsed.csv,72,niɾon d̪in hiɟuʔɾɛ ni.jɘ sɔmɔssa nɛlɔʔkana.,Preetu: This scarcity of water starts with the arrival of hot summer days.,প্রিতু: গরমের দিন আসার সাথে সাথে পানির এই সমস্যা শুরু হয়।,
Santali_dataset_parsed.csv,73,d̪aʔ ɾenaʔ ɔbʰab d̪ɔ ɛʈaʔ ɟahanaʔt̪ɛ baŋ miʈɘ.a.,Ritu: Scarcity of water cannot be filled with anything else.,রিতু: পানির অভাব অন্যকিছু দিয়ে পূরণ করা যায় না।,
Santali_dataset_parsed.csv,74,"isin basan kʰɔn ɛhɔp̚ʔ kat̪ɛʔ t̪ʰɘɾibɘʈi gasa͡o̯, ɖɘbɾɘʔ, aɾ ɟɔt̪ɔ kɘmiɾege d̪aʔ laga.a.","Ritu: From eating to cooking, bathing, washing everything requires water.","রিতু: খাওয়া থেকে শুরু করে রান্না, গোসল, ধোয়া-মোছা সব কাজেই পানি লাগে।",
Santali_dataset_parsed.csv,75,abo d̪ɔ d̪aʔ ɾenaʔ ɛʈkɛʈɔɽẽ caba͡i̯ lɘgit̪̚ʔ ɟɔt̪ɔkot̪ɛbon gapal maɾaʔa.,Preetu: We will have a meeting with everyone to solve the water crisis.,প্রিতু: আমরা পানির সমস্যা সমাধানের জন্য সবাইকে নিয়ে মিটিং করবো।,
Santali_dataset_parsed.csv,76,mit̪̚ʔ g͡lɘs d̪aʔɛm imɘɲa?,Ritu: Can I have a glass of water?,রিতু: আমাকে কি এক গ্লাস পানি দেওয়া যাবে?,
Santali_dataset_parsed.csv,77,iɲd̪ɔ bɘ͡i̯hɘɽ kʰɔniɲ hɛʲc̚ʔɛna.,Ritu: I have come from the fields.,রিতু: আমি ক্ষেত/ মাঠ থেকে এলাম।,
Santali_dataset_parsed.csv,78,amɾɛn ɔɽaʔhɔɽ dɔ͡i̯ oka͡i̯na?,Preetu: Where is your husband?,প্রিতু: তোমার স্বামী/ জামাই কোথায়?,
Santali_dataset_parsed.csv,79,set̪aʔɾɛ iɲd̪ɔ uni d̪aʔ aguɲ met̪ad̪i t̪ahɛ̃kana.,Ritu: In the morning I asked him to fetch water.,রিতু: সকালে আমি তাকে পানি আনতে বলেছিলাম।,
Santali_dataset_parsed.csv,80,alɛd̪ɔ d̪inɘmge oka kɔl kʰɔn d̪aʔlɛ ɘgu͡i̯ ɔna d̪ɔ bɘɽiʲc̚ʔakana.,Ritu: The tube well/ tap/ well that we fetch water from every day is ruined.,রিতু: আমরা প্রতিদিন যে নলকূপ/ কল/ কুয়া থেকে পানি আনি — সেটা নষ্ট হয়ে গেছে।,
Santali_dataset_parsed.csv,81,alɛ ɔɽaʔ aɖɛpasɛ aɾ kɔl bɘnu.a.,Ritu: There is no other tube well/ tap/ well around our house.,রিতু: আমাদের বাড়ির আশেপাশে আর কোনো নলকূপ/ কল/ কুয়া নেই।,
Santali_dataset_parsed.csv,82,d̪aʔ ɾe.jaʔ ɛʈkɛʈɔ̃ɽɛʔ alɔ hojoʔ lɘgit̪̚ʔt̪ɛ mɔ̃ɟ bɛbɔst̪a hat̪͡o̯ ɟɘɾuɽa.,Preetu: Permanent/ long term/ good solution is needed to avoid water problems.,প্রিতু: পানির সমস্যা যেন না হয় এর জন্য স্থায়ী/ দীর্ঘমেয়াদী/ ভালো সমাধান দরকার।,
Santali_dataset_parsed.csv,83,at̪oɾɛn ɟɔt̪ɔko mit̪̚ʔsã͡o̯t̪ɛ duɽup̚ʔ kat̪ɛ no̯͡a bisɔjt̪ɛ gapalmaɾa͡o̯ ɟɘɾuɽa.,Preetu: Everyone in the village needs to sit together and discuss this issue.,প্রিতু: গ্রামের সবাই একসাথে বসে এই বিষয়ে আলোচনা করা দরকার।,
Santali_dataset_parsed.csv,84,kɔl sɛ kuɲ baŋkʰan d̪aʔ lɘgit̪̚ʔ ɛʈaʔ bɛbɔsta̪ t̪ahɛn ɟɘɾuɽa.,"Ritu: Apart from tube wells/ wells, there should be other water systems.",রিতু: নলকূপ/ কূপ/ কুয়া ছাড়াও পানির অন্য ব্যবস্থাও থাকা দরকার।,
Santali_dataset_parsed.csv,85,"ɟelɛka, sɛɾma d̪aʔ aɾɟa͡o̯ d̪ɔhɔkaʔ.","Ritu: Like, rain water reservation.","রিতু: যেমন, বৃষ্টির পানি ধরে রাখা।",
Santali_dataset_parsed.csv,86,no̯͡a d̪ɔ ɘɖi bʰɘbit̪̚ ɾe.jaʔ katʰa kana.,Preetu: This is a matter of concern!,প্রিতু: এটা তো চিন্তার বিষয়!,
Santali_dataset_parsed.csv,87,unɾɛ amaʔ d̪ɔ ɾu̯͡ɘ aɾ laʲc̚ʔ haso t̪ahɛ̃kan t̪ɛ bam cala͡o̯ d̪aɽe.jad̪a.,"Father: At that moment you had a fever and stomach ache, that is why you couldn't go.","বাবা: তখন তোমার জ্বর আর পেটব্যথা হয়েছিল, তাই যেতে পারোনি।",
Santali_dataset_parsed.csv,88,ni̯͡ɘbaɾd̪ɔɲ id̪imɛge.ja aɾ ɛnɛʲc̚ʔ ɟinisiɲ kiɾiɲama.,Father: This time I will take you and buy you toys.,বাবা: এবার তোমাকে নিয়ে যাবো এবং খেলনা কিনে দেবো।,
Santali_dataset_parsed.csv,89,iɲsã͡o̯t̪ɛ huɖiɲ bɔ͡i̯hahɔ̃ id̪i͡ɛ̯ ho.jo.a.,Daughter: You have to take younger brother with me.,মেয়ে: আমার সাথে ছোটভাইকেও নিতে হবে।,
Santali_dataset_parsed.csv,90,iɲd̪ɔ uni mɔ̃ɟ mɔ̃ɟ ɟɔmaʔiɲ kiɾiɲa.ja.,Daughter: I will buy him delicious food items.,মেয়ে: তাকে আমি মজার মজার খাবার কিনে দেবো।,
Santali_dataset_parsed.csv,91,"am bɔ͡i̯had̪ɔ nit̪hɔ͡i̯ kɘʈiʲc̚ʔge.ja, ɾaʔ d̪aɽɛo̯͡aʔa͡i̯.","Father: Your brother is still very young, he might cry.","বাবা: তোমার ভাই এখনও অনেক ছোট, সে কান্নাকাটি করতে পারে।",
Santali_dataset_parsed.csv,92,t̪ʰoɽa͡i̯ lɘʈuɲɔʔlɛnkʰan mɛlaɲ id̪i͡i̯ja.,Father: I will take him to the fair when he is a little grown up.,বাবা: আরেকটু বড় হলে তাকে মেলায় নিয়ে যাবো।,
Santali_dataset_parsed.csv,93,abo d̪ɔ bɛgɔɾ lɘ͡i̯t̪ege mɛlabon cala.a.,Father: We will go to the fair without acknowledging him.,বাবা: আমরা তাকে না জানিয়ে/ না বলে মেলায় যাবো।,
Santali_dataset_parsed.csv,94,uni d̪ɔ iɲ ba͡i̯ ɲɛlliɲkʰaʲc̚ʔɛ ɾaːga.,Daughter: He will cry if he doesn't see me.,মেয়ে: সে আমাকে দেখতে না পেলেই কাঁদবে।,
Santali_dataset_parsed.csv,95,ɾu͡ɘɽ ɔkt̪ɛ uni lɘgit̪̚ʔ ɟɔmaʔ aɾ ɛnɛʲc̚ʔ ɟiniskoɲ ɘgu t̪ɔɾaɔ̯͡a.ja.,Father: We will bring food and toys for him when we get back.,বাবা: ফেরার সময় তার জন্য খাবার ও খেলনা নিয়ে আসবো।,
Santali_dataset_parsed.csv,96,onako͡i̯ ɲam lekʰanɛ kusiʔa,Father: He will be happy when he gets them.,বাবা: সেগুলো পেলে সে খুশি হবে।,
Santali_dataset_parsed.csv,97,"ʈʰikge.ja baba, oŋka.jabo.","Daughter: Alright Father, I will do that.","মেয়ে: ঠিক আছে বাবা, তাই করবো।",
Santali_dataset_parsed.csv,98,"ɛː ba, dinkalɔm am d̪ɔ iɲ mɛla ɲɛl bam id̪i t̪aɾalid̪iɲa.","Daughter: Father, you didn't take me to the fair last year/ previous time.","মেয়ে: বাবা, গতবছর/ আগেরবার তুমি আমাকে মেলায় নিয়ে যাওনি।",
Santali_dataset_parsed.csv,99,ni͡ɘbaɾd̪ɔ id̪iɲgi laga͡o̯ma,Daughter: This time you must take me.,মেয়ে: এবার আমাকে নিতেই হবে।,
Santali_dataset_parsed.csv,100,amd̪ɔ hasa ɾenaʔ put̪ul aɾ sad̪ɔmɛm kiɾiɲiɲɘ.,Daughter: You shall buy me a clay doll and horse.,মেয়ে: আমাকে তুমি মাটির পুতুল আর ঘোড়া কিনে দিবে।,
Santali_dataset_parsed.csv,101,ɔkɔ͡i̯cɔŋ mit̪̚ʔ hɔɽaʔ ɾaʔiɲ aɲɟɔmɛd̪a.,1st Friend: I can hear someone crying.,১ম বন্ধু: আমি একজনের কান্না শুনতে পাচ্ছি।,
Santali_dataset_parsed.csv,102,hɔ͡i̯t̪o bɘɽiʲc̚ʔ ɟahanaʔ ho͡i̯.akana.,1st Friend: It seems something bad happened.,১ম বন্ধু: মনে হয় খারাপ কিছু ঘটেছে।,
Santali_dataset_parsed.csv,103,d̪ɛla lahasɛʲc̚ʔ sɛn kat̪ɛʔlaŋ ɲɛːla.,1st Friend: Let's look ahead.,১ম বন্ধু: চলো সামনে এগিয়ে দেখি।,
Santali_dataset_parsed.csv,104,"hɛ̃ː, iɲhɔ̃ oŋkan saɖeɲ aɲɟɔmɛd̪a.","2nd Friend: Yes, I am hearing the same sound as well.","২য় বন্ধু: হ্যাঁ, আমিও এরকম শব্দ শুনতে পাচ্ছি।",
Santali_dataset_parsed.csv,105,d̪ɛla sɛː cɛt̪̚ʔ ho͡i̯kana.,2nd Friend: Let's see what happened.,২য় বন্ধু: চলো দেখি কী হয়েছে।,
Santali_dataset_parsed.csv,106,d̪a.jakat̪ɛʔ gɔɽɔo̯͡ɘɲbɛn.,Injured person: Please help me.,আহত ব্যক্তি: দয়া করে আমাকে সাহায্য করুন।,
Santali_dataset_parsed.csv,107,mit̪̚ʔʈɛn loɽi d̪ɔ iɲɛ t̪ɛn oʈokad̪iɲa.,Injured person: A truck has run over me.,আহত ব্যক্তি: একটা ট্রাক আমাকে চাপা দিয়ে চলে গেছে।,
Santali_dataset_parsed.csv,108,d̪ɛla alaŋ d̪ɔ uni haspat̪allaŋ id̪i͡i̯.ja.,2nd Friend: Let's take him to the hospital.,২য় বন্ধু: চলো আমরা তাকে নিয়ে হাসপাতালে যাই।,
Santali_dataset_parsed.csv,109,haspat̪alɾe cala͡o̯lɛnkʰan a͡i̯ma lekan ɾan kiɾiɲ ho.jo.a.,"1st Friend: After going to the hospital, we will have to buy various medicines.",১ম বন্ধু: হাসপাতালে গেলে বিভিন্ন রকমের ওষুধ কিনতে হবে।,
Santali_dataset_parsed.csv,110,ɛnɖɛkʰan nit̪̚ʔ d̪ɔ cɛt̪̚ʔlaŋ ceka.ja?,2nd friend: So what do we do now?,২য় বন্ধু: তাহলে (আমরা) এখন কী করবো?,
Santali_dataset_parsed.csv,111,nit̪̚ʔgi oŋko̯͡aʔ gʰaɾɔɟ ɾɛ kʰɔbɔɾ kol ho.jo.a.,1st Friend: At this moment his family needs to be informed.,১ম বন্ধু: এক্ষুণি এঁর পরিবারের লোকজনকে খবর দিতে হবে।,
Santali_dataset_parsed.csv,112,ɔka kɘmiɾɛnaʔ oŋko hɛʲc̚ʔ kat̪ɛʔko kɘmi.ja.,1st Friend: They will come and do whatever needs to be done.,১ম বন্ধু: যা করার তারা এসে করবে।,
Santali_dataset_parsed.csv,113,amaʔ ɟaŋgakʰɔn a͡ima ma.jam ɟɔɾɔʔkana.,1st friend: Your leg is bleeding a lot.,১ম বন্ধু: আপনার পা থেকে অনেক রক্ত বের হচ্ছে।,
Santali_dataset_parsed.csv,114,ɘɖi usɘɾa ɾaːnɛ ɟɘɾuɽa.,1st Friend: You need urgent treatment.,১ম বন্ধু: দ্রুত চিকিৎসা দরকার।,
Santali_dataset_parsed.csv,115,inɘ t̪a.jɔm pulis baɖa͡i̯ ocoko hojo.a.,2nd friend: Then you have to inform the police.,২য় বন্ধু: তারপর পুলিশকে জানাতে হবে।,
Santali_dataset_parsed.csv,116,oŋkoge ona loɾi gɘɖiko send̪ɾa oɖoka.,2nd Friend: They will find the truck.,২য় বন্ধু: তারা ট্রাকটিকে খুঁজে বের করবে।,
Santali_dataset_parsed.csv,117,ɔnako ɾan kiɾiɲ lɘgit̪̚ʔ t̪inɘʔ ʈaka ɟɘɾuɽa unɘʔ d̪ɔ iɲʈʰɛʲc̚ʔ bɘnu.a.,1st Friend: I don't have enough money to buy them.,"১ম বন্ধু: সেগুলো কিনতে যে পরিমাণ টাকা দরকার, তা আমার কাছে নেই।",
Santali_dataset_parsed.csv,118,gɔgɔo͡aʔ d̪ulɘɽ ɟɔt̪ɔn tege gid̪ɾɘd̪ɔko haɾa buɾuʔkana.,2. Children grow well under mother's nurturing and care.,২। মায়ের আদর ও যত্নে শিশুরা বেড়ে উঠে।,
Santali_dataset_parsed.csv,119,iɲd̪ɔ iɲ gɔgɔʈhɛnkʰɔn kat̪ʰa ɾɔɽiɲ cet̪̚ʔked̪a.,3. I learned speaking/ language from my mother.,৩। আমি আমার মায়ের কাছ থেকে কথা বলা শিখেছি।,
Santali_dataset_parsed.csv,120,kɘʈiʲc̚ʔɾɛ iɲd̪ɔ ɾu͡ɘlɛna aɾ iɲ gɔgɔd̪ɔ ɘɖi aʈɛ hɔmɔɾ halaŋ led̪a.,"5. I got sick once in my childhood, and my mother cried a lot.","৫। শিশুকালে আমার একবার অসুখ হয়েছিল, তখন আমার মা অনেক কান্নাকাটি করেছিলেন।",
Santali_dataset_parsed.csv,121,gɔgɔʈhɛn kʰɔniɲ cet̪̚ʔked̪a lɘʈuko manɔt̪̚ʔ ɛmɔʔ aɾ kɘʈiʲc̚ʔku d̪ulɘɽko.,6. From my mother I have learned to respect the elders and love the youngers.,৬। মায়ের কাছ থেকে আমি বড়দের সম্মান করা এবং ছোটদের স্নেহ করা শিখেছি।,
Santali_dataset_parsed.csv,122,gɔgɔd̪ɔɲ d̪ulɘɽd̪ekantɛ̆hɛkana aɾ bɔt̪ɔɾ hɔɲ bɔt̪ɔɾa͡i̯kant̪ahɛ̃kana.,8. I loved my mother and feared her too.,৮। মাকে ভালোবাসতাম এবং ভয়ও করতাম।,
Santali_dataset_parsed.csv,123,gɔgɔo̯͡aʔ ut̪u d̪aka ɘɖi sebelge t̪ahɛ̃kana.,9. Mother's cooking was very tasty/ delicious.,৯। মায়ের হাতের রান্না অনেক সুস্বাদু ছিল।,
Santali_dataset_parsed.csv,124,sanam sɔmaɟɾɛge gɔgɔ sã͡ot̪ɛ mɔ̃ɟ bɛbɔ̆haɾ ɾenaʔ kat̪ʰa mɛːnakana.,10. All societies are told to treat mothers well.,১০। সব সমাজেই মায়ের সাথে ভালো ব্যবহার করার কথা বলা হয়েছে।,
Santali_dataset_parsed.csv,125,bɔ.jɔs ho͡i̯lɛnkʰan gɔgɔ̯͡aʔ ɟɔt̪ɔn hat̪a͡od̪ɔ abo̯͡aʔ d̪a.jik̚kana.,11. It is our responsibility to take care of our mother when she is old.,১১। বয়স হয়ে গেলে মায়ের যত্ন নেওয়া আমাদের দায়িত্ব।,
Santali_dataset_parsed.csv,126,d̪ʰɘɾt̪iɾɛ gɔgɔgi gid̪̚ɾɘɾɛn ɟɔt̪ɔkʰɔn lɘʈu asɾa͡i̯.,1. A child's greatest shelter in the world is its mother.,১। পৃথিবীতে শিশুর সবচেয়ে বড় আশ্রয় তার মা।,
Santali_dataset_parsed.csv,127,"gɔgɔd̪ɔ ɘɖi aʈɛː haɾɔnakana, mɛnkʰan ɔna haɾɔn d̪ɔ ba͡i̯ buɟʰhɘ͡o̯ oco͡akanna","4. Mother used to bear a lot, but she did not let us understand that pain.","৪। মা অনেক কষ্ট করতেন, কিন্তু তিনি সেই কষ্ট বুঝতে দিতেন না।",
Santali_dataset_parsed.csv,128,"gɔgɔd̪ɔ ɘɖiː d̪ulɘɽkan tahɛna, mɛnkʰan ɔlɔʔ paɽha͡o̯ bam d̪aɽɛlɛnkʰan sasa͡o̯ɛt̪̚ʔlɛ t̪ɛhɛna͡i̯","7. Mother loved me a lot, but if I didn't study, she'd also set boundaries on me.","৭। মা অনেক আদর করতেন, কিন্তু পড়ালেখা না করলে শাসনও করতেন।",
Santali_dataset_parsed.csv,129,"ɔko͡i̯ casɔʔ hɔɽ ɟɘsti kʰaʈaʔa, unijaʔ pʰɔsɔld̪ɔ bʰagege hojo.a.",6. A farmer who works hard gets good crops.,"৬। যে কৃষক বেশি পরিশ্রম করে, তার ফসল ভালো হয়।",
Santali_dataset_parsed.csv,130,baŋlad̪isɘm ɾenaʔ hasa d̪ɔ cas abad̪̚ lɘgit̪̚ʔ ɘɖi bʰage.ja.,7. The soil of Bangladesh is good for cultivation/ agriculture.,৭। বাংলাদেশের মাটি চাষাবাদের জন্য ভালো।,
Santali_dataset_parsed.csv,131,ɔnat̪ɛ casɔʔ hɔɽd̪ɔ hoɽo ɘkʰɾiɲ kat̪ɛʔ bako labʰ d̪aɽɛ.jaʔkana.,10. This is why the farmers are not able to get good profits by selling paddy.,১০। তাই ধান বিক্রি করে কৃষক লাভবান হতে পারছে না।,
Santali_dataset_parsed.csv,132,a͡i̯makod̪ɔ gɘ͡i̯ ɖaŋɾa mihu mɛɾɔmko ɘsulɛt̪̚ʔko͡a̯.,11. Many farmers keep cows and goats.,১১। অনেকে গরু-ছাগল পালন করেন।,
Santali_dataset_parsed.csv,133,noko ɘsul ɟano̯͡aɾ kʰɔʲc̚ʔ t̪o͡a aɾ ɟelbon ɲaːmɛt̯̚ʔkana.,12. Meat and milk are obtained from them.,১২। এদের কাছ থেকে মাংস ও দুধ পাওয়া যায়।,
Santali_dataset_parsed.csv,134,gɘ͡i̯ ɖaŋɾa ɘkʰɾiɲkat̪ɛʔ a͡i̯ma ʈakahɔ̃ ɲamɔ.a.,13. A lot of money is also earned by selling cows and goats.,১৩। গোরু-ছাগল বিক্রি করে অনেক টাকাও পাওয়া যায়।,
Santali_dataset_parsed.csv,135,casɔʔkanko d̪ɔ baɽgiɾɛku abad̪ɔ.a.,1. Farmer cultivates the land.,১। কৃষক জমিতে ফসল ফলায়/ চাষাবাদ করে।,
Santali_dataset_parsed.csv,136,mimit̪̚ʔ nakʰa ɾe.jaʔ hasa mimit̪̚ʔ lɛkant̪ɛ abat̪̚ mit̪̚ʔlɛka baŋ hojo.a.,"2. The soil of each region is different, so not all regions grow the same crop/ paddy.","২। একেক অঞ্চলের মাটি একেক রকম, তাই সব অঞ্চলে একরকম ফসল হয় না।",
Santali_dataset_parsed.csv,137,ɟud̪ɘ ɟud̪ɘ abad̪ ɔk̚t̪ɛ i.jɘt̪ɛ a͡i̯ma lekan abad̪ hojo.a.,3. Different crops/paddy are grown in different seasons/ times.,৩। ভিন্ন ভিন্ন ঋতুতে/ সময়ে বিভিন্ন রকম ফসল হয়।,
Santali_dataset_parsed.csv,138,abad̪ɔʔ ɛt̪ɔhɔp̚ʔɾɛ baɽge sap̚ɽa͡o̯ kat̪ɛ it̪ɘ apʰɔɾ hojo.a.,"4. Farming involves preparing the land in the beginning, then sowing the seeds there.","৪। কৃষিকাজের জন্য শুরুতে জমি প্রস্তুত করতে হয়, এরপর সেখানে বীজ বপন করতে হয়।",
Santali_dataset_parsed.csv,139,"bʰage abad̪ lɘgit̪̚ʔ ɟa͡o̯gi sit̪uŋ, d̪aʔ, aɾ sahaɾ ɟɘɾuɽa.","5. Good crops require regular sunlight, water and fertilizer.","৫। ভালো ফসলের জন্য নিয়মিত সূর্যের আলো, পানি ও সার দরকার হয়।",
Santali_dataset_parsed.csv,140,gaɖaɾe.jaʔ d̪aʔ baɽgiɾɛ abat̪ lɘgit̪̚ʔ bɛbɔ̆haɾɔʔa.,8. River water is used for irrigation of fields.,৮। নদীর পানি ক্ষেতের সেচের জন্য ব্যবহার করা হয়।,
Santali_dataset_parsed.csv,141,cas abat̪ kʰɔɾɔc̚ ɟɘst̪iʔkant̪ɛ hoɽo abat̪ muskil hojoʔkana.,9. Paddy cultivation has become difficult due to the rising cost of cultivation.,৯। চাষের খরচ বাড়ার কারণে ধান চাষ এখন কঠিন হয়ে যাচ্ছে।,
Santali_dataset_parsed.csv,142,"ɟohaɾ, iɲaʔ ɲit̪um d̪ɔ abu.","Visitant: [Greetings], my name is Abu.","আগন্তুক: [নমস্কার], আমার নাম আবু।",
Santali_dataset_parsed.csv,143,"ɟohaɾ, aʔ ɲit̪um d̪ɔ alpʰɾeʈ.","Local Person: [greetings], my name is [Own name].","স্থানীয় ব্যক্তি: [নমস্কার], আমার নাম [নিজ নাম]।",
Santali_dataset_parsed.csv,144,amd̪ɔ okakʰɔnɛm hɛʲc̚ʔakana?,Local person: Where are you from?,স্থানীয় ব্যক্তি: আপনি কোথা থেকে এসেছেন?,
Santali_dataset_parsed.csv,145,amd̪ɔ cɛt̪̚ʔ nɔnɖɛniʲc̚ʔ kanam?,Visitant: Are you the person/ people from here?,আগন্তুক: আপনি কি এখানকার?,
Santali_dataset_parsed.csv,146,"hɛ̃, iɲaʔ ɔɽaʔ d̪ɔ soɾɾege.","Local Person: Yes, my house is nearby.","স্থানীয় ব্যক্তি: হ্যাঁ, আমার বাড়ি কাছেই।",
Santali_dataset_parsed.csv,147,"hanɛː iskul ɲɛlɔʔkan, ɔna aɽɛɾɛge iɲaʔ ɔɽaʔd̪ɔ.","Local Person : The school that can be seen in front, my home is next to it.","স্থানীয় ব্যক্তি: ওই যে সামনে স্কুলটা দেখা যাচ্ছে, তার পাশেই আমার বাড়ি।",
Santali_dataset_parsed.csv,148,"amd̪ɔ iskul maʈʰɾɛ kʰilɘʈɛm ɲɛl d̪aɽe.jaʔa, aɾ gaɖa aɽet̪ɛhɔm d̪ãɽa d̪aɽe.jaʔa.","Local Person: You may watch the kids playing sports at the school grounds, wander along the riverside.","স্থানীয় ব্যক্তি: আপনি স্কুলের মাঠে খেলা দেখতে পারবেন, নদীর পাড়েও বেড়াতে পারবেন।",
Santali_dataset_parsed.csv,149,"hɛ̃, amd̪ɔ ʈʰik̚gem mɛnakad̪a.","Local Person: Yes, you are right.","স্থানীয় ব্যক্তি: হ্যাঁ, আপনি ঠিক বলেছেন।",
Santali_dataset_parsed.csv,150,napa͡i̯ge t̪ahɛnmɛ.,Local Person: Be well.,স্থানীয় ব্যক্তি: ভালো থাকবেন।,
Santali_dataset_parsed.csv,151,amaʔ ɲit̪um d̪ɔ cɛt̪̚ʔ d̪ad̪aː?,Visitant: What is your name [brother/ sister]?,আগন্তুক: আপনার নাম কী [দাদা]/ [দিদি]?,
Santali_dataset_parsed.csv,152,iɲd̪ɔ am bɘɲ oɾomɛt̪̚ʔmẽ̯͡a.,Local Person: I don't recognize you.,স্থানীয় ব্যক্তি: আপনাকে আমি চিনতে পারছি না।,
Santali_dataset_parsed.csv,153,iɲd̪ɔ ɖʰaka kʰɔn nɔnɖɛ nuk̚ɾi͡i̯ lɘgit̪̚ʔiɲ hɛʲc̚ʔakana.,Visitant: I have come here from Dhaka for my job.,আগন্তুক: আমি এখানে ঢাকা থেকে চাকরি করতে এসেছি।,
Santali_dataset_parsed.csv,154,apɛ nakʰa d̪ɔ iɲ ɘɖi napa.jiɲ ɘ͡i̯kɘ͡o̯ɛd̪a.,Visitant: I like your area.,আগন্তুক: আপনাদের এলাকাটি আমার ভালো লেগেছে।,
Santali_dataset_parsed.csv,155,"hɛ̃, alɛ nakʰa d̪ɔ ɘɖige mɔ̃ːɟa.","Local Person: Yes, our area is very beautiful.","স্থানীয় ব্যক্তি: হ্যাঁ, আমাদের এলাকাটি অনেক সুন্দর।",
Santali_dataset_parsed.csv,156,ɘ.jup̚ʔbɛla d̪ãɽãbaɽa͡i̯ lɘgit̪̚ʔ ɔka ɔka ɟagaɲ cala͡o̯ d̪aɽekɔ.a?,Visitant: Where can I go for an afternoon walk?,আগন্তক: বিকেলে বেড়ানোর/ ঘোরাঘুরির জন্য এখানে কোথায় কোথায় যেতে পারি?,
Santali_dataset_parsed.csv,157,iɲdɔ bɘɲ gat̪e daɽeʔɾɛhɔ̃ gat̪e ɲɛld̪ɔ ɘɖi napa..jiɲ ɘ͡i̯kɘo̯a.,"Visitant: Even though I don't play well, I enjoy watching others play sports.",আগন্তুক: আমি ভালো খেলতে না পারলেও আমার খেলা দেখতে ভালো লাগে।,
Santali_dataset_parsed.csv,158,"kɾikeʈ, pʰuʈbɔl aɾ haɖuɖu kʰilɘʈkuɲ kusi.jaʔa.","Visitant: I like Cricket, Football and Kabadi.","আগন্তুক: ক্রিকেট, ফুটবল ও হাডুডু আমি পছন্দ করি।",
Santali_dataset_parsed.csv,159,iɲd̪ɔ iskulɾɛ paɽhaʔ ɔkt̪ɛ pʰuʈbɔliɲ kʰilɘʈɔʔkant̪ahɛ̃na.,Local Person: I used to play football when I was in school.,স্থানীয় ব্যক্তি: আমি স্কুলে পড়ার সময় ফুটবল খেলতাম।,
Santali_dataset_parsed.csv,160,nɛt̪aɾ d̪ɔ kʰilɘʈɔʔ ɾe.jaʔ ɘd̪̚ ɔp̚sɔɾ bɘnuʔt̪iɲa.,Local Person: But now I don't have time to play sports.,স্থানীয় ব্যক্তি: এখন খেলাধুলা করার সময় পাই না।,
Santali_dataset_parsed.csv,161,iɲɾɛn gid̪ɾɛ d̪inɘmko kʰilɘʈɔʔa.,Local Person: My kids play daily.,স্থানীয় ব্যক্তি: আমার বাচ্চারা প্রতিদিন খেলাধুলা করে।,
Santali_dataset_parsed.csv,162,kʰilɘʈ d̪ɔ gid̪ɾɘko͡aʔ hɔɽmɔ lɘgit̪̚ʔ bʰage.ja.,Visitant: Sports are good for children's physical health.,আগন্তুক: খেলাধুলা বাচ্চাদের শরীরের জন্য ভালো।,
Santali_dataset_parsed.csv,163,mɛnkʰan nagɾahaɾɛn gid̪ɘɾpid̪ɘɾko lɘgit̪̚ʔ d̪ɔ kʰilɘʈ̚ ʈʰɘ̃͡i̯ bɘnu.a.,"Visitant: But, there is no playground for children in the city.","আগন্তুক: কিন্তু, শহরের বাচ্চাদের খেলাধুলার জন্য মাঠ নেই।",
Santali_dataset_parsed.csv,164,mɛnkʰan ɔna t̪ulɘɟokʰat̪ɛ at̪oɾɛn gid̪ɘɾpid̪ɘɾ d̪ɔ ko bʰɘgange.ja.,Visitant: Village kids are lucky compared to that.,আগন্তুক: সে তুলনায় গ্রামের বাচ্চারা ভাগ্যবান।,
Santali_dataset_parsed.csv,165,amsã͡o̯ galmaɾa͡o̯ kat̪ɛ ɘɖi napa.jiɲ ɘikɘ͡o̯ked̪a.,Local Person: Felt Nice to talk to you.,স্থানীয় ব্যক্তি: আপনার সাথে কথা বলে ভালো লাগলো।,
Santali_dataset_parsed.csv,166,iɲhɔ̃ ɘɖi napa.jiɲ ɘ͡i̯kɘ͡o̯ked̪a.,Visitant: I liked it too.,আগন্তক: আমারও ভালো লাগলো।,
Santali_dataset_parsed.csv,167,"gɔː, baɟaɾ kʰɔn cɛt̪̚ʔ cɛt̪̚ʔ ɘgu͡i̯ hojo.a?","Son: Mom, what needs to be brought from the market?","ছেলে: মা, বাজার থেকে কী কী আনতে হবে?",
Santali_dataset_parsed.csv,168,"d̪aka ɔɽaʔɾɛ sɛn kat̪ɛʲc̚ʔ ɲɛlmɛ ɘlu, ʈamaʈol, gaɟɔɾ, bɛŋgaɽ, sunum, pi.jãɟ, buluŋ t̪inɘʔgan mena.a.","Mother: Go to the kitchen and see how much potato, tomato, carrot, brinjal, oil, onion, salt is left.","মা: রান্নাঘরে গিয়ে দেখো আলু, টমেটো, গাজর, বেগুন, তেল, পেয়াজ, লবণ কী পরিমাণে আছে।",
Santali_dataset_parsed.csv,169,ɘlud̪ɔ mit̪̚ʔbɛla ut̪u lɛkʰan caba.a.,Son: Potatoes will be finished in one meal.,ছেলে: আলু একবেলা রান্না করলেই শেষ হয়ে যাবে।,
Santali_dataset_parsed.csv,170,"ʈamaʈol d̪ɔ a.jma mena.a, aɾhɔ̃ kiɾiɲ lekʰan bɘɽiːɟɔ.a.","Son: There are plenty of tomatoes, if you buy more, those will get rotten.","ছেলে: টমেটো অনেক আছে, আরও কিনলে নষ্ট হয়ে যাবে।",
Santali_dataset_parsed.csv,171,gaɟɔɾ d̪ɔ caba͡i̯na.,Son: Carrots are finished.,ছেলে: গাজর শেষ হয়ে গেছে।,
Santali_dataset_parsed.csv,172,bɛŋgaɽ ɔka mɛna.a ɔna d̪ɔ baɾ d̪ʰa͡o isinbasaŋɔ.a.,Son: Eggplant can be cooked twice with what's left of it.,ছেলে: বেগুন যা আছে সেগুলো দিয়ে দুইবার রান্না করা যাবে।,
Santali_dataset_parsed.csv,173,bɔt̪ɔlɾɛ d̪ɔ sunum bɘnu.a.,Son: There is no oil in the oil bottle.,ছেলে: তেলের বোতলে তেল নেই।,
Santali_dataset_parsed.csv,174,pi.jãɟ aɾ buluŋ baŋ kiɾiɲ lekʰaʲc̚ʔ hɔ̃ hojoʔge.ja.,Son: It will be just fine even if you don't buy onion and salt.,ছেলে: পেঁয়াজ ও লবণ না কিনলেও হবে।,
Santali_dataset_parsed.csv,175,t̪ʰɔɽa aɽaʔhɔ̃ ɘgu t̪oɾa͡i̯mɛ.,Mother: Bring some leafy greens along.,মা: সাথে কিছু শাক নিয়ে এসো।,
Santali_dataset_parsed.csv,176,bele ɾe.jaʔ d̪am ɖʰeɾgekʰan alɔm kiɾiɲa.,"Mother: But do not buy them, if the price of eggs is high,",মা: কিন্তু ডিমের দাম বেশি হলে কিনবে না।,
Santali_dataset_parsed.csv,177,ɔɽaʔɾɛ piʈʰɘbon t̪e.jaɾa.,Mother: I will make cake at home.,মা: বাড়িতে পিঠা বানাবো।,
Santali_dataset_parsed.csv,178,ʈʰikgi.ja gɔː.,Son: Alright mom.,ছেলে: ঠিক আছে মা।,
Santali_dataset_parsed.csv,179,"ac̚cʰa, ɛnhɔ̃ ɟahanaʔɛm d̪isɘ lekʰaʲc̚ʔ pʰon kat̪ɛʔɛm baɖa͡i̯ ocoɲ.ɲa.","Son: Okay. Even then, if you remember anything, you will call me.","ছেলে: আচ্ছা, এরপরেও যদি কিছু মনে পড়ে, তাহলে আমাকে ফোন দিয়ে জানাবে।",
Santali_dataset_parsed.csv,180,husi.jɘɾt̪ɛ calaʔmɛ.,Mother: Go carefully.,মা: সাবধানে যাও।,
Santali_dataset_parsed.csv,181,ʈaka pa͡i̯sa mɔɟt̪ɛ d̪ɔhɔ͡i̯mɛ.,Mother: Keep the money safely.,মা: টাকাপয়সা ঠিকমতো রেখো।,
Santali_dataset_parsed.csv,182,bele kiɾiɲ ɘgu͡i̯mɛ mit̪̚ʔ ganɖa.,"Mother: And buy eggs, 4. (1 hali)",মা: আর ডিম কিনে এনো ১ হালি।,
Santali_dataset_parsed.csv,183,t̪ɔ̯͡a aɾ cini laga.a sɛ cɛt̪̚?,"Son: Do you need milk, sugar?","ছেলে: দুধ, চিনি কি লাগবে?",
Santali_dataset_parsed.csv,184,cini baŋkat̪ɛ mĩt̪̚ʔ kiɟi guɽ kiɾiɲ ɘgu͡i̯mɛ.,Mother: Bring 1 kg jaggery instead of buying sugar.,মা: চিনি না কিনে ১ কেজি গুড় নিয়ে এসো।,
Santali_dataset_parsed.csv,185,aɾ ɟahanaʔ laga.a sɛ cɛt̪̚ʔ?,Son: Do you need anything else?,ছেলে: আর কিছু কি লাগবে?,
Santali_dataset_parsed.csv,186,t̪o̯͡a kiɾiɲ sɔmɔ.jɛm ɲɛlaː d̪aʔ mɛsala sɛ cɛt̪̚ʔ.,"Mother: While buying milk, check whether water is mixed in it or not.",মা: দুধ কেনার সময় পানি মেশানো কি না দেখে নিবে।,
Santali_dataset_parsed.csv,187,d̪aʔ d̪ɔ ɟi.jon kana.,Another name for water is life.,পানির আরেক নাম জীবন।,
Santali_dataset_parsed.csv,188,d̪aʔ bɛgɔɾt̪ɛ abo d̯ɔ babon ɟiu̯͡ed̪ɔʔa.,We cannot live without water.,পানি ছাড়া আমরা বাঁচতে পারি না।,
Santali_dataset_parsed.csv,189,d̪in hilɘʔgɛ d̪aʔ d̪ɔ a.jma kɘmiɾɛ bɛ͡ɔ̯haɾɔʔkana.,Everyday we need/ have to use water for various purposes.,প্রতিদিন বিভিন্ন কাজে আমাদের পানি ব্যবহার করতে হয়।,
Santali_dataset_parsed.csv,190,"abo d̪ɔ nɔlkup̚, pukʰɾi aɾ kuɲ ko̪ɾɛkʰɔʲcʔ d̪aʔbon ɲamed̪a.","We get water from tube wells, ponds, wells and rivers.","আমরা নলকূপ, পুকুর, কুয়া ও নদী থেকে পানি পাই।",
Santali_dataset_parsed.csv,191,mɘ͡i̯lɘ d̪aʔ bɛ͡ɔ̯haɾ lɛkʰan hɔɽmɔɾɛ ɾu̯͡ɘ hɛʲc̚ʔ daɽɛ͡o̯a.a.,Contaminated water can cause illness in the body.,দূষিত পানি ব্যবহার করলে শরীরে অসুখ হতে পারে।,
Santali_dataset_parsed.csv,192,mɘ͡i̯lɘ d̪aʔ hɛɖɛʲc̚ʔ kat̪ɛʔ ɲuʔgi.ja.,Contaminated water can be boiled and consumed.,দূষিত পানি ফুটিয়ে পান করা যায়।,
Santali_dataset_parsed.csv,193,nɔlkup̚ ɾe.jaʔ sɛ ɾɛ.jaɽ d̪aʔ d̪ɔ t̪et̪aŋɛ maɾao̯͡a.,Cold water from tube well/ well quenches thirst.,নলকূপের/ কূপের ঠান্ডা পানি তৃষ্ণা মেটায়।,
Santali_dataset_parsed.csv,194,"mɛnkʰan set̪uŋdin gaɖa, sɔɖɔʔ, pukʰɾi, aɾ ɟʰaɾna d̪aʔ aɲɟɛd̪ɔʔkana.","Many ponds, rivers and springs dry up on hot summer days.",তবে গরমের দিনে অনেক পুকুর-নদী-ঝরনার পানি শুকিয়ে যায়।,
Santali_dataset_parsed.csv,195,no̯͡a kaɾɔnt̪ɛ a.jma ʈʰɘ̃͡i̯ɾɛ d̪ɔ d̪aʔ ɾenaʔ ɔbʰab hujuʔkana.,This is why there is water shortage in many areas.,এ কারণে অনেক এলাকায় পানির অভাব দেখা দেয়।,
Santali_dataset_parsed.csv,196,unɾɛ ɟɔt̪ɔhɔɽ bɘɾsɘ ɔk̚t̪ɛ ɾe.jaʔko t̪ɘŋi̯͡a.,Everyone then waits for monsoon/ rain.,সবাই তখন বর্ষার/ বৃষ্টির অপেক্ষায় থাকে।,
Santali_dataset_parsed.csv,197,a͡i̯maku d̪ɔ bɘɾsɛ ɾenaʔ d̪aʔ ku d̪ɔhɔ ɟogao̯͡a.,Many people store rainwater.,অনেকে বৃষ্টির পানি জমিয়ে রাখে।,
Santali_dataset_parsed.csv,198,bɘɾse ɾenaʔ d̪aʔ d̪ɔ ɲu͡i̯ lɘgit̪̚ʔ bʰage ge.ja.,Rainwater is good for drinking.,বৃষ্টির পানি খাওয়ার জন্য ভালো।,
Santali_dataset_parsed.csv,199,mɛnkʰan d̪aʔ d̪ɔ a.jma lɛkat̪ɛ bɘɽiɟɔʔ kana.,Water is getting contaminated/ polluted in various ways.,তবে নানাভাবে পানি দূষিত/ ময়লা হচ্ছে।,
Santali_dataset_parsed.csv,200,iɲiɲ ɲɛla.,I see.,আমি দেখি,
Santali_dataset_parsed.csv,201,ɘliɲliɲ ɲɛla.,We two see.,আমরা দুইজন দেখি,
Santali_dataset_parsed.csv,202,alɛlɛ ɲɛla.,We see.,আমরা দেখি,
Santali_dataset_parsed.csv,203,amɛm ɲɛla.,You see.,তুমি দেখো,
Santali_dataset_parsed.csv,204,abɛnbɛn ɲɛla.,You two see.,তোমরা দুইজন দেখো,
Santali_dataset_parsed.csv,205,apɛpɛ ɲɛla.,You see.,তোমরা দেখো,
Santali_dataset_parsed.csv,206,uni͡i̯ ɲɛla.,,He/ She sees.,
Santali_dataset_parsed.csv,207,ɔna͡i̯ ɲɛla.,,That sees.,
Santali_dataset_parsed.csv,208,unkinkin ɲɛla.,,They two see.,
Santali_dataset_parsed.csv,209,ɔnakinkin ɲɛla.,,Those two see.,
Santali_dataset_parsed.csv,210,onkoko ɲɛla.,,They see.,
Santali_dataset_parsed.csv,211,ɔnakoko ɲɛla.,,Those see.,
Santali_dataset_parsed.csv,212,iɲ bɘɲ ɲɛla.,I do not see.,আমি দেখি না,
Santali_dataset_parsed.csv,213,ɘliɲ bɘliɲ ɲɛla.,We two do not see.,আমরা দুইজন দেখি না,
Santali_dataset_parsed.csv,214,alɛ balɛ ɲɛla.,We do not see.,আমরা দেখি না,
Santali_dataset_parsed.csv,215,am bam ɲɛla.,You do not see.,তুমি দেখো না,
Santali_dataset_parsed.csv,216,abɛn babɛn ɲɛla.,You two do not see.,তোমরা দুইজন দেখো না,
Santali_dataset_parsed.csv,217,apɛ bapɛ ɲɛla.,You do not see.,তোমরা দেখো না,
Santali_dataset_parsed.csv,218,uni ba͡i̯ ɲɛla.,,He/ She does not see.,
Santali_dataset_parsed.csv,219,ɔna ba͡i̯ ɲɛla.,,That does not see.,
Santali_dataset_parsed.csv,220,uŋkin bɘkin ɲɛla.,,The two do not see.,
Santali_dataset_parsed.csv,221,ɔnakin bɘkin ɲɛla.,,Those two do not see.,
Santali_dataset_parsed.csv,222,alɛlɛ ɲɛlɛd̪a.,We are watching.,আমরা দেখছি,
Santali_dataset_parsed.csv,223,amɛm ɲɛlɛd̪a.,You are seeing.,তুমি দেখছ,
Santali_dataset_parsed.csv,224,abɛnbɛn ɲɛlɛd̪a.,You two are watching.,তোমরা দুইজন দেখছ,
Santali_dataset_parsed.csv,225,apɛpɛ ɲɛlɛd̪a.,You see.,তোমরা দেখছ,
Santali_dataset_parsed.csv,226,uni͡i̯ ɲɛlɛd̪a.,,He/ She is watching.,
Santali_dataset_parsed.csv,227,ona͡i̯ ɲɛlɛd̪a.,,That is seeing.,
Santali_dataset_parsed.csv,228,unkinkin ɲɛlɛd̪a.,,The two are watching.,
Santali_dataset_parsed.csv,229,onakinkin ɲɛlɛd̪a.,,Those two are watching.,
Santali_dataset_parsed.csv,230,onkoko ɲɛlɛd̪a.,,They are watching.,
Santali_dataset_parsed.csv,231,onakoko ɲɛlɛd̪a.,,Those are seeing .,
Santali_dataset_parsed.csv,232,iɲiɲ ɲɛlked̪a.,I saw.,আমি দেখলাম,
Santali_dataset_parsed.csv,233,ɘliɲliɲ ɲɛlked̪a.,We two saw.,আমরা দুইজন দেখলাম,
Santali_dataset_parsed.csv,234,alɛlɛ ɲɛlked̪a.,We saw.,আমরা দেখলাম,
Santali_dataset_parsed.csv,235,amɛm ɲɛlked̪a.,You saw.,তুমি দেখলে,
Santali_dataset_parsed.csv,236,abɛnbɛn ɲɛlked̪a.,You two saw.,তোমরা দুইজন দেখলে,
Santali_dataset_parsed.csv,237,apɛpɛ ɲɛlked̪a.,You saw.,তোমরা দেখলে,
Santali_dataset_parsed.csv,238,uni͡i̯ ɲɛlked̪a.,,He/ She saw.,
Santali_dataset_parsed.csv,239,ɔna͡i̯ ɲɛlked̪a.,,That saw.,
Santali_dataset_parsed.csv,240,unkinkin ɲɛlked̪a.,,The two saw.,
Santali_dataset_parsed.csv,241,ɔnakinkin ɲɛlked̪a.,,Those two saw.,
Santali_dataset_parsed.csv,242,onkoko ɲɛlked̪a.,,They saw.,
Santali_dataset_parsed.csv,243,onakoko ɲɛlked̪a.,,Those saw.,
Santali_dataset_parsed.csv,244,iɲiɲ ɲɛlɛt̪̚ʔkan t̪ahɛ̃na.,I was watching.,আমি দেখতেছিলাম,
Santali_dataset_parsed.csv,245,ɘliɲliɲ ɲɛlɛt̪̚ʔkan t̪ahɛ̃na.,We two were watching.,আমরা দুইজন দেখতেছিলাম,
Santali_dataset_parsed.csv,246,alɛlɛ ɲɛlɛt̪̚ʔkan t̪ahɛ̃na.,We were watching.,আমরাা দেখতেছিলাম,
Santali_dataset_parsed.csv,247,amɛm ɲɛlɛt̪̚ʔkan t̪ahɛ̃na.,You were watching.,তুমি দেখতেছিলে,
Santali_dataset_parsed.csv,248,abɛnbɛn ɲɛlɛt̪̚ʔkan t̪ahɛ̃na.,You two were watching.,তোমরা দুইজন দেখতেছিলে,
Santali_dataset_parsed.csv,249,apɛpɛ ɲɛlɛt̪̚ʔkan t̪ahɛ̃na.,You were watching.,তোমরা দেখতেছিলে,
Santali_dataset_parsed.csv,250,uni͡i̯ ɲɛlɛt̪̚ʔkan t̪ahɛ̃na.,,He/ She was watching.,
Santali_dataset_parsed.csv,251,ɔna͡i̯ ɲɛlɛt̪̚ʔkan t̪ahɛ̃na.,,That was watching.,
Santali_dataset_parsed.csv,252,unkinkin ɲɛlɛt̪̚ʔkan t̪ahɛ̃na.,,The two were watching.,
Santali_dataset_parsed.csv,253,ɔnakinkin ɲɛlɛt̪̚ʔkan t̪ahɛ̃na.,,Those two were watching.,
Santali_dataset_parsed.csv,254,onkoko ɲɛlɛt̪̚ʔkan t̪ahɛ̃na.,,They were watching.,
Santali_dataset_parsed.csv,255,ɔnakoko ɲɛlɛt̪̚ʔkan t̪ahɛ̃na.,,Those were watching.,
Santali_dataset_parsed.csv,256,iɲiɲ ɲɛllɛd̪a.,I saw.,আমি দেখেছিলাম,
Santali_dataset_parsed.csv,257,ɘliɲliɲ ɲɛllɛd̪a.,We two saw.,আমরা দুইজন দেখেছিলাম,
Santali_dataset_parsed.csv,258,alɛlɛ ɲɛllɛd̪a.,We saw.,আমরা দেখেছিলাম,
Santali_dataset_parsed.csv,259,amɛm ɲɛllɛd̪a.,You saw.,তুমি দেখেছিলে,
Santali_dataset_parsed.csv,260,abɛnbɛn ɲɛllɛd̪a.,You two saw.,তোমরা দুইজন দেখেছিলে,
Santali_dataset_parsed.csv,261,apɛpɛ ɲɛllɛd̪a.,You saw.,তোমরা দেখেছিলে,
Santali_dataset_parsed.csv,262,uni͡i̯ ɲɛllɛd̪a.,,He/ She saw.,
Santali_dataset_parsed.csv,263,ɔna͡i̯ ɲɛllɛd̪a.,,That saw.,
Santali_dataset_parsed.csv,264,unkinkin ɲɛllɛd̪a.,,The two saw.,
Santali_dataset_parsed.csv,265,ɔnakinkin ɲɛllɛd̪a.,,Those two saw.,
Santali_dataset_parsed.csv,266,onkoko ɲɛllɛd̪a.,,They saw.,
Santali_dataset_parsed.csv,267,onakoko ɲɛllɛd̪a.,,Those saw.,
Santali_dataset_parsed.csv,268,iɲiɲ ɲɛla.,I will see.,আমি দেখব,
Santali_dataset_parsed.csv,269,aliɲliɲ ɲɛla.,We two will see.,আমরা দুইজন দেখব,
Santali_dataset_parsed.csv,270,alɛlɛ ɲɛla.,We will see.,আমরা দেখব,
Santali_dataset_parsed.csv,271,amɛm ɲɛla.,You will see.,তুমি দেখবে,
Santali_dataset_parsed.csv,272,abɛnbɛn ɲɛla.,You two will see.,তোমরা দুইজন দেখবে,
Santali_dataset_parsed.csv,273,apɛpɛ ɲɛla.,You will see.,তোমরা দেখবে,
Santali_dataset_parsed.csv,274,uni͡i̯ ɲɛla.,,He/ She will see.,
Santali_dataset_parsed.csv,275,ɔna͡i̯ ɲɛla.,,That will see.,
Santali_dataset_parsed.csv,276,unkinkin ɲɛla.,,The two will see.,
Santali_dataset_parsed.csv,277,ɔnakinkin ɲɛla.,,Those two will see .,
Santali_dataset_parsed.csv,278,onkoko ɲɛla.,,They will see.,
Santali_dataset_parsed.csv,279,onakoko ɲɛla.,,Those will see.,
Santali_dataset_parsed.csv,280,iɲ bɘɲ ɲɛla.,I will not see.,আমি দেখব না,
Santali_dataset_parsed.csv,281,ɘliɲ bɘliɲ ɲɛla.,We two will not see.,আমরা দুইজন দেখব না,
Santali_dataset_parsed.csv,282,alɛ balɛ ɲɛla.,We will not see.,আমরা দেখব না,
Santali_dataset_parsed.csv,283,am bam ɲɛla.,You will not see.,তুমি দেখবে না,
Santali_dataset_parsed.csv,284,abɛn babɛn ɲɛla.,You two will not see.,তোমরা দুইজন দেখবে না,
Santali_dataset_parsed.csv,285,apɛ bapɛ ɲɛla.,You will not see.,তোমরা দেখবে না,
Santali_dataset_parsed.csv,286,uni ba͡i̯ ɲɛla.,,He/ She will not see.,
Santali_dataset_parsed.csv,287,ɔna ba͡i̯ ɲɛla.,,That will not see.,
Santali_dataset_parsed.csv,288,uŋkin bɘkin ɲɛla.,,The two will not see.,
Santali_dataset_parsed.csv,289,onakin bɘkin ɲɛla.,,Those two will not see.,
Santali_dataset_parsed.csv,290,oŋko bako ɲɛla.,,They will not see.,
Santali_dataset_parsed.csv,291,onkoko bako ɲɛla.,,Those will not see .,
Santali_dataset_parsed.csv,292,iɲiɲ ɲɛlɛd̪a.,I am seeing.,আমি দেখছি,
Santali_dataset_parsed.csv,293,iɲiɲ ɲɛlakad̪a.,I have seen.,আমি দেখেছি,
Santali_dataset_parsed.csv,294,ɘliɲliɲ ɲɛlakad̪a.,We two have seen.,আমরা দুইজন দেখেছি,
Santali_dataset_parsed.csv,295,alɛlɛ ɲɛlakad̪a.,We have seen.,আমরা দেখেছি,
Santali_dataset_parsed.csv,296,amɛm ɲɛlakad̪a.,You have seen.,তুমি দেখেছ,
Santali_dataset_parsed.csv,297,abɛnbɛn ɲɛlakad̪a.,You two have seen.,তোমরা দুইজন দেখেছ,
Santali_dataset_parsed.csv,298,apɛpɛ ɲɛlakad̪a.,You have seen.,তোমরা দেখেছ,
Santali_dataset_parsed.csv,299,uni͡i̯ ɲɛlakad̪a.,,He/ She has seen.,
Santali_dataset_parsed.csv,300,ɔna͡i̯ ɲɛlakad̪a.,,That has seen.,
Santali_dataset_parsed.csv,301,unkinkin ɲɛlakad̪a.,,The two have seen.,
Santali_dataset_parsed.csv,302,onkoko ɲɛlakad̪a.,,They have seen.,
Santali_dataset_parsed.csv,303,ɔnakoko ɲɛlakad̪a.,,Those have seen.,
Santali_dataset_parsed.csv,304,oŋko bako ɲɛla.,,They do not see.,
Santali_dataset_parsed.csv,305,onako bako ɲɛla.,,Those do not see.,
Santali_dataset_parsed.csv,306,ɘliɲliɲ ɲɛlɛd̪a.,We two are watching.,আমরা দুইজন দেখছি,
Santali_dataset_parsed.csv,307,ɔnakinkin ɲɛlakad̪a.,,Those two have seen.,
Santali_dataset_parsed.csv,308,iɲ bɘɲ ɲɛlakad̪a.,I did not see.,আমি দেখিনি,
Santali_dataset_parsed.csv,309,ɘliɲ bɘliɲ ɲɛlakad̪a.,We two did not see.,আমরা দুইজন দেখিনি,
Santali_dataset_parsed.csv,310,alɛ balɛ ɲɛlakad̪a.,We did not see.,আমরা দেখিনি,
Santali_dataset_parsed.csv,311,am bam ɲɛlakad̪a.,You did not see.,তুমি দেখোনি,
Santali_dataset_parsed.csv,312,abɛn babɛn ɲɛlakad̪a.,You two did not see.,তোমরা দুইজন দেখোনি,
Santali_dataset_parsed.csv,313,apɛ bapɛ ɲɛlakad̪a.,You did not see.,তোমরা দেখোনি,
Santali_dataset_parsed.csv,314,uni ba͡i̯ ɲɛlakad̪a.,,He/ She did not see .,
Santali_dataset_parsed.csv,315,ona ba͡i̯ ɲɛlakad̪a.,,That did not see.,
Santali_dataset_parsed.csv,316,uŋkin bɘkin ɲɛlakad̪a.,,The two did not see.,
Santali_dataset_parsed.csv,317,ɔnakin bɘkin ɲɛlakad̪a.,,Those two did not see .,
Santali_dataset_parsed.csv,318,onko bako ɲɛlakad̪a.,,They did not see.,
Santali_dataset_parsed.csv,319,ɔnako bako ɲɛlakad̪a.,,Those did not see .,
Santali_dataset_parsed.csv,320,bas s͡ʈesɔn d̪ɔ ɔkaɾɛ?,Where is the bus station?,বাস স্টেশনটা কোথায়?,
Santali_dataset_parsed.csv,321,ʈikiʈ ɾe.jaʔ d̪am t̪inɘʔ,How much does the ticket cost?,টিকেটের দাম কত?,
Santali_dataset_parsed.csv,322,ɔkaʈaʔ bas t̪ɛ caʔlao̯͡a?,With which bus can I go?,কোন বাসে যাওয়া যায়?,
Santali_dataset_parsed.csv,323,ɔna ʈoʈʰa d̪ɔ nɔnɖɛ kʰɔn t̪inɘʔ sɘŋgiɲ.,How far is the place from here?,জায়গাটি এখান থেকে কতদূর?,
Santali_dataset_parsed.csv,324,nɔnɖɛkʰɔn calaʔt̪ɛ t̪in gʰɘɾiʔ laga͡o̯ d̪aɽe.jaʔa?,How long does it take to get there?,এখান থেকে যেতে কতক্ষণ লাগতে পারে?,
Santali_dataset_parsed.csv,325,ɔnɖɛnaʔ kʰɔɾɔc̚ʔ d̪ɔ cɛt̪̚ʔlɛka?,How are the costs there?,সেখানে খরচ কেমন হয়?,
Santali_dataset_parsed.csv,326,ɔna sohɔɾɾɛ t̪ahɛ̃n bɛbɔst̪a cɛt̪̚ʔlɛka?,How is the accommodation system in that city?,ওই শহরে থাকার ব্যবস্থা কেমন?,
Santali_dataset_parsed.csv,327,nɔnɖɛnaʔ ɟɔt̪ɔkʰɔn mɔ̃ɟaʔ ɟɔmaʔ cɛʔ cɛʔ mɛna.a?,What is the famous food here?,এইখানের বিখ্যাত খাবার কী কী আছে?,
Santali_dataset_parsed.csv,328,iɲ miʔ kap̚ ca imɘɲmɛ.,Give me a cup of tea.,আমাকে এক কাপ চা দিন তো !,
Santali_dataset_parsed.csv,329,mit̪̚ʔ gilɘs d̪aʔ imɘɲmɛ sɛ.,Can I have a glass of water?,এক গ্লাস পানি পেতে পারি?,
Santali_dataset_parsed.csv,330,hanɖɛ cɛt̪̚ʔlɛkat̪ɛ caʔlao̯͡a?,How to get there?,ওখানে কিভাবে যাওয়া যায়?,
Santali_dataset_parsed.csv,331,t̪aɽamt̪ɛ caʔlao̯͡a?,Can I walk there?,হেঁটে যাওয়া যাবে?,
Santali_dataset_parsed.csv,332,nɔnɖɛ ɾik̚sa ɲamɔ.a?,Where to find rickshaws here?,এখানে রিকশা কোথায় পাওয়া যাবে?,
Santali_dataset_parsed.csv,333,iɲ d̪ɔ pat̪ʰɔɾ gʰaʈaɲ cala.a.,I will go [to such a place].,আমি [অমুক জায়গায়] যাবো।,
Santali_dataset_parsed.csv,334,am d̪ɔ bast̪ɛm cala͡o̯ d̪aɽe.jaʔa.,You can go/ride by bus.,আপনি বাসে করে/ চড়ে যেতে পারেন।,
Santali_dataset_parsed.csv,335,sɘmund̪ɘɾ ɲɛɲɛlɛm cala͡o̯ d̪aɽe.jaʔa.,You can go visit the sea.,সমুদ্র দেখতে যেতে পারেন।,
Santali_dataset_parsed.csv,336,ɟahat̪inɾigi bas d̪ɔm ɲama.,You can get the bus anytime.,যেকোনো সময় বাস পাবেন।,
Santali_dataset_parsed.csv,337,ʈren set̪aʔɾɛko aɽaga.,Train leaves in the morning/night.,ট্রেন সকালে/ রাতে ছাড়ে।,
Santali_dataset_parsed.csv,338,gaɖaɾɛ lɘ͡o̯kɘɾɛm d̪ɛʲc̚ʔ d̪aɽe.jaʔa.,You can ride a boat on the river.,নদীতে নৌকায় চড়তে পারবেন।,
Santali_dataset_parsed.csv,339,nɔnɖɛ d̪aɽant̪ɛ ɟɘst̪i kʰɔɾɔc̚ d̪ɔ baŋ laga.a.,It doesn't cost/ need much to travel here.,এখানে ঘুরতে খরচ বেশি লাগে না/ প্রয়োজন হয় না।,
Santali_dataset_parsed.csv,340,nɔnɖɛ hoʈel ɔkaɾɛ ɲamɔ.a?,Where can hotels be found here?,এখানে হোটেল পাওয়া যাবে কোথায়?,
Santali_dataset_parsed.csv,341,t̪ihiɲ ɲind̪ɘ amaʔ ɔɽaʔɾɛɲ t̪ahɛ̃ d̪aɽe.jaʔa?,Can I stay at your home tonight?,আজকের রাতটা আপনার বাসায় থাকা যাবে?,
Santali_dataset_parsed.csv,342,t̪ʰɔɽaganɛm gɔɽɔ d̪aɽeo̯͡ɘɲɘ?,Help me a little/ can you help me a little?,আমাকে একটু সাহায্য করুন/ আমাকে একটু সাহায্য করতে পারবেন?,
Santali_dataset_parsed.csv,343,iɲ d̪ɔ nɔnɖɛ pɘhil d̪ʰa͡o̯iɲ hɛʲc̚ʔakana.,I came here for the first time.,আমি এখানে প্রথম এসেছি।,
Santali_dataset_parsed.csv,344,iɲ d̪ɔ nɔnɖɛ cɛt̪̚ʔhɔ̃ bɘɲ cinhɘo̯͡akaʔa.,I don't know anything here.,আমি এখানে কিছু চিনি না।,
Santali_dataset_parsed.csv,345,iɲ d̪ɔ ɖahaɾiɲ at̪̚ʔakad̪a.,I've lost the way.,আমি পথ হারিয়ে ফেলেছি।,
Santali_dataset_parsed.csv,346,baĭɟit̪̚ bɔst̪ami cɛt̪̚ʔlɛkat̪ɛɲ cala.a?,,How to go to [place name]?,
Santali_dataset_parsed.csv,347,ɖahaɾ ud̪uʔɘɲmɛ.,Show me the way.,আমাকে পথটা দেখিয়ে দিন।,
Santali_dataset_parsed.csv,348,iɲ d̪ɔ ʈikiʈiɲ at̪̚ʔakad̪a.,I lost the ticket.,আমি টিকেট হারিয়ে ফেলেছি।,
Santali_dataset_parsed.csv,349,iɲ d̪ɔ bɛgiɲ at̪̚ʔakad̪a.,I lost the bag.,আমি ব্যাগটা হারিয়ে ফেলেছি।,
Santali_dataset_parsed.csv,350,pulis s͡ʈesɔn d̪ɔ ɔkasɛʲc̚ʔ,In which direction is the police station?,পুলিশ স্টেশন/ থানা কোন দিকে?,
Santali_dataset_parsed.csv,351,am d̪ɔ ɾisɘɾʈɾɛm t̪ahɛ̃ d̪aɽe.jaʔa.,You can stay in hotels/ resorts.,আপনি হোটেলে/ রিসোর্টে থাকতে পারবেন।,
Santali_dataset_parsed.csv,352,gaɖa aɽe d̪aɽanɛm cala͡o̯ d̪aɽe.jaʔa.,You can go for a walk along the river.,নদীর ধারে ঘুরতে যেতে পারেন।,
Santali_dataset_parsed.csv,353,gaɖa d̪ɔ nɔnɖɛ kʰɔn mɔ̃ɽɛ kilomitaɾ sɘŋgiɲ.,River is [10min]/ [5km] away from here.,নদী এখান থেকে [১০ মিনিট]/ [৫ কিলোমিটার] দূরে।,
Santali_dataset_parsed.csv,354,nɔnɖɛnko ɾupcand̪a hako d̪ɔ ɘɖi sɔɾɔs.,The [betel leaf] from here is very famous.,এখানকার [পান] অনেক বিখ্যাত।,
Santali_dataset_parsed.csv,355,ɔna ʈɔʈʰa cala͡o̯ kat̪ɛʲc̚ʔ ɘɖi mɔ̃ɟ mɔ̃ɟ pʰɔʈɔm ɾakap̚ʔ d̪aɽeo̯͡aʔa.,You can go to that place and take beautiful pictures.,ওই জায়গায় গিয়ে সুন্দর সুন্দর ছবি তুলতে পারবেন।,
Santali_dataset_parsed.csv,356,ɔna ɖahaɾt̪ɛ d̪ɔ baŋ calaʔgi bʰagi.,Better not to go down that road.,ওই রাস্তা দিয়ে না যাওয়াই ভালো।,
Santali_dataset_parsed.csv,357,alɛ sɔhɔɾɾɛ am d̪ɔ sɘgun d̪aɾamlɛ bada͡i̯ oco.jɛʔme̯͡a.,Welcome to our city.,আপনাকে আমাদের শহরে স্বাগতম।,
Santali_dataset_parsed.csv,358,aɾhɔm hiɟuʔa.,Come again.,আবার আসবেন।,
Santali_dataset_parsed.csv,359,iɲ d̪ɔ gapaɲ ɾu͡ɘɽkana.,I'm leaving / going back tomorrow.,আমি আগামীকাল চলে/ ফিরে যাচ্ছি।,
Santali_dataset_parsed.csv,360,iɲ d̪ɔ aɾhɔ̃ nɔnɖe hiɟuʔiɲ mɛned̪a.,I would like to come back here again.,আমি এখানে আবার আসতে চাই।,
Santali_dataset_parsed.csv,361,hoʈel ɾe.jaʔ kʰɔɾɔc̚ʔd̪ɔ t̪inɘʔgan ho.jo.a,How are the estimated hotel fares/costs?,হোটেলের ভাড়া/ খরচ কেমন হয়?,
Santali_dataset_parsed.csv,362,aɖepase ɔkakoɾɛ ɟɔmaʔ d̪okan mena.a lɘ͡i̯d̪aɽeo̯͡ɘɲɘm?,Can you tell me where there are restaurants nearby?,আশেপাশে কোথায় খাবারের দোকান আছে বলতে পারেন?,
Santali_dataset_parsed.csv,363,ɔkakoɾɛ ɟɔm ɲu cala͡o̯lɛnkʰan bʰage ho.jo.a?,Where to go to eat better?,কোথায় খেতে গেলে ভালো হয়?,
Santali_dataset_parsed.csv,364,no̯͡a sɔhɔɾɾɛ d̪aɽan lekan ɔkako ɟaga mena.a?,What are the places to visit in this city?,এই শহরে ঘোরার/ দেখার জন্য কোন কোন জায়গা আছে?,
Santali_dataset_parsed.csv,365,am d̪ɔ nɔnɖɛ t̪inɘʔ d̪inɛm t̪ahɛ̃na?,How long will you stay here?,আপনি কয়দিন থাকবেন এখানে?,
Santali_dataset_parsed.csv,366,d̪a.ja kat̪ɛ bʰit̪ɾi sɛʲc̚ʔ hiɟuʔmɛ.,Please come in.,দয়া করে ভেতরে আসুন।,
Santali_dataset_parsed.csv,367,d̪a.ja kat̪ɛ ɾe̯͡aɽaʔ hat̪a͡o̯mɛ.,Please have something cold.,দয়া করে ঠাণ্ডা কিছু নিন।,
Santali_dataset_parsed.csv,368,d̪a.ja kat̪ɛ ɾe̯͡aɽaʔ hat̪a͡o̯mɛ.,Please have something cold.,দয়া করে ঠাণ্ডা কিছু নেবেন।,
Santali_dataset_parsed.csv,369,d̪a.ja kat̪ɛ ɾe̯͡aɽaʔ hat̪a͡o̯mɛ.,Please have something cold.,দয়া করে ঠাণ্ডা কিছু নাও।,
Santali_dataset_parsed.csv,370,mit̪̚ʔgʰɘɽi t̪ɘŋgi͡i̯mɛ.,Wait for a while.,কিছুক্ষণ অপেক্ষা করুন।,
Santali_dataset_parsed.csv,371,ɔnaʈaʔ ɟɘɽ lɘ͡i̯mɛ.,Tell that incident.,ওই ঘটনাটি বলুন।,
Santali_dataset_parsed.csv,372,t̪ʰɔɽa bɘ͡i̯ bɘ͡i̯ɲɔʔ kat̪ʰa ɾɔɽmɛ.,Speak slowly.,একটু আস্তে আস্তে কথা বলবেন।,
Santali_dataset_parsed.csv,373,aɾhɔ̃ hɘɟuʔmɛ.,Come again.,আবার আসবেন।,
Santali_dataset_parsed.csv,374,aɾhɔ̃ hɘɟuʔmɛ.,Come again.,আবার এসো।,
Santali_dataset_parsed.csv,375,ɔnɖɛ alom cala.a.,Don't you go there.,আপনি সেখানে যাবেন না।,
Santali_dataset_parsed.csv,376,aɾ alom ɾɔɽa.,Don't talk anymore.,আর কথা বলবেন না।,
Santali_dataset_parsed.csv,377,aɾ alom ɾɔɽa.,Don't talk anymore.,আর কথা বলবে না।,
Santali_dataset_parsed.csv,378,d̪a.ja kat̪ɛ nɔnɖɛm hiɟuʔa?,Would you please come here for a bit?,দয়া করে এখানে আসবেন একটু?,
Santali_dataset_parsed.csv,379,t̪ʰɔɽa macʰa ɾɔɽmɛ.,Speak less.,কথা কম বলুন।,
Santali_dataset_parsed.csv,380,ɟɔɟɔm d̪uɽup̚ʔpɛ.,Sit down to eat.,আপনারা খেতে বসুন।,
Santali_dataset_parsed.csv,381,aɾhɔ̃ ɾɔɽmɛ.,Say it again.,আবার বলো।,
Santali_dataset_parsed.csv,382,iɲ sã͡o̯t̪ɛ alom ɾɔɽa.,You will not talk to me.,তুমি আমার সাথে কথা বলবে না।,
Santali_dataset_parsed.csv,383,ɟɘst̪i kat̪ʰa alom ɾɔɽa.,Don't talk too much.,বেশি কথা বলবেন না।,
Santali_dataset_parsed.csv,384,ɟɘst̪i kat̪ʰa alom ɾɔɽa.,Don't talk too much.,বেশি কথা বলবে না।,
Santali_dataset_parsed.csv,385,ɘɖi gʰɘɽiʲc̚ʔ bahɾɛɾɛ alom t̪ahɛ̃na.,Don't stay out too long.,বেশিক্ষণ বাইরে থাকিস না।,
Santali_dataset_parsed.csv,386,gɔɽɔ̯͡ɘɲmɛ.,Help me.,আমাকে সাহায্য করুন।,
Santali_dataset_parsed.csv,387,gɔɽɔa͡i̯mɛ.,Help him.,তাকে সাহায্য করুন।,
Santali_dataset_parsed.csv,388,ɟɘst̪i kat̪ʰa alom ɾoɽa.,Don't talk too much.,বেশি কথা বোলো না।,
Santali_dataset_parsed.csv,389,d̪a.ja kat̪ɛ bʰit̪ɾisɛʲc̚ʔ hiɟuʔmɛ.,Please come in.,দয়া করে ভেতরে আসুন।,
Santali_dataset_parsed.csv,390,lɘʈuko manɔt̪̚ʔkom.,Respect the elders.,বড়দের সম্মান করবে।,
Santali_dataset_parsed.csv,391,kɘʈiʲc̚ko d̪ulɘɽkom.,Love the youngers.,ছোটদের স্নেহ করবে।,
Santali_dataset_parsed.csv,392,mɔ̃ɟt̪ɛ ɔɭɔʔ paɽhaʔmɛ.,Study well.,ভালো করে পড়ালেখা করো।,
Santali_dataset_parsed.csv,393,iɲ sã͡o̯t̪ɛ kat̪ʰa alom ɾɔɽa.,Don't you talk to me.,তুমি আমার সাথে কথা বলবে না।,
Santali_dataset_parsed.csv,394,gɔgo pɘɾsi ɟa͡o̯ge d̪ulɘɽaʔmɛ.,You will always love your mother tongue.,মায়ের ভাষাকে সবসময় ভালোবাসবে।,
Santali_dataset_parsed.csv,395,aɾhɔ̃ bɘ͡i̯ bɘ͡i̯t̪ɛ t̪aɽammɛ.,Walk slower.,আরও আস্তে হাঁটো।,
Santali_dataset_parsed.csv,396,ãʈ mɘcʰiʲc̚ʔ ɾɔɽmɛ.,Speak loudly.,জোরে কথা বলুন।,
Santali_dataset_parsed.csv,397,ãʈ mɘcʰiʲc̚ʔ ɾɔɽmɛ.,Speak loudly.,জোরে কথা বলো।,
Santali_dataset_parsed.csv,398,d̪a.ja kat̪ɛ panahi bɔʲc̚ʔ kat̪ɛ bɔlɔʔmɛ.,Please take your shoes off before entering.,দয়া করে জুতা খুলে ঢুকুন।,
Santali_dataset_parsed.csv,399,gapa set̪aʔ alɛ sã͡o̯t̪ɛ baski.jagɔʔmɛ.,Have breakfast with us tomorrow morning.,আগামীকাল সকালে আমাদের সাথে নাস্তা কোরো।,
Santali_dataset_parsed.csv,400,gapa set̪aʔ alɛ sã͡o̯t̪ɛ baskj.jagɔʔmɛ.,Have breakfast with us tomorrow morning.,আগামীকাল সকালে আমাদের সাথে নাস্তা করিস।,
Santali_dataset_parsed.csv,401,gapa t̪ikin alɛ sã͡o̯t̪ɛ maɲɟanɔʔmɛ.,Eat/have lunch with us tomorrow noon.,আগামীকাল দুপুরে আমাদের সাথে খাবেন।,
Santali_dataset_parsed.csv,402,gapa alɛ ɔɽaʔɾɛ maɲɟanɔʔmɛ.,Tomorrow you will have lunch at our home.,আগামীকাল আমাদের বাড়িতে দুপুরের খাবার খাবে।,
Santali_dataset_parsed.csv,403,ɟɘst̪i gʰaɽiʲc̚ʔ bahɾɛɾɛ alom t̪ahɛ̃na.,Don't stay out too long.,বেশিক্ষণ বাইরে থেকো না।,
Santali_dataset_parsed.csv,404,t̪eheɲ d̪ɔ kɘmi alɔm cala.a.,Don't you go to work today.,তুমি আজ কাজে যেও না।,
Santali_dataset_parsed.csv,405,apɛ d̪ɔ cɛt̪̚ʔ t̪ihiɲ calaʔ baŋ ho.joʔ t̪apɛ̯͡a?,Aren't you going today?,তোমাদের কি আজকে যাওয়া হবে না?,
Santali_dataset_parsed.csv,406,no̯͡a ciʈʰi ɔka ɔkaɾɛ kol ho.jo.a aɾ ɔka ɔkaɾɛ baŋ kol ho.jo.a?,Where should the letter be sent and where should it not be sent?,চিঠিটা কোথায় কোথায় পাঠাতে হবে আর কোথায় কোথায় পাঠাতে হবে না?,
Santali_dataset_parsed.csv,407,no̯͡a sɔŋbat̪̚ ɔko͡i̯koʈʰɛn baŋ kol ho.jakana?,Who has not been sent the news?,খবরটা কাকে কাকে পাঠানো হয়নি?,
Santali_dataset_parsed.csv,408,oŋko d̪ɔ cɛt̪̚ʔ no̯͡a kɘmi bako puɾɘ͡u̯ d̪aɽɛ.jaʔa?,Could they not complete this job?,ওরা কি এই কাজটা শেষ করতে পারবে না?,
Santali_dataset_parsed.csv,409,ɟɔmaʔko baŋ sibilakana? #6 তুমি গতকাল কোথাও যাওনি কেন? Why didn't you go anywhere yesterday? [amd̪ɔ ced̪aʔ hɔla ɔkat̪ehɔ̃ bam cala͡o̯lena?,Is The food not good to eat?,খাবারগুলো খেতে ভালো হয়নি?,
Santali_dataset_parsed.csv,410,ni̯͡ɘ d̪ʰa͡o̯ d̪ɔ ced̪aʔ ɟɘst̪i ba͡i̯ d̪aʔed̪a?,Why is it not raining much this time?,এবার বেশি বৃষ্টি হচ্ছে না কেন?,
Santali_dataset_parsed.csv,411,amd̪ɔ uni hiɟuʔ bam mɛnaka͡o̯de̯͡a?,Didn't you ask him to come?,আপনি তাকে আসতে বলেননি?,
Santali_dataset_parsed.csv,412,iɲ t̪inɘʔ d̪in kʰɔn d̪aɽan bɘɲ cala͡o̯akan ɔna d̪ɔɲ hiɽiɲăkad̪a.,I forgot how long I haven't been travelling.,আমি কতদিন ধরে ঘুরতে যাই না সেটা ভুলে গিয়েছি।,
Santali_dataset_parsed.csv,413,apɛ ɔkɔ̯i ɔkɔ͡i̯ko ɔna ʈoʈʰa calaʔ bapɛ mened̪a?,How many of you do not agree to go to that place?,আপনারা কে কে ওই জায়গায় যেতে রাজি না?,
Santali_dataset_parsed.csv,414,amd̪ɔ cɛʈ̪̚ʔ gapa ɔkat̪ɛhɔ̃ bam cala.a?,Aren't you going anywhere tomorrow?,তুমি কি আগামীকাল কোথাও যাবে না?,
Santali_dataset_parsed.csv,415,unɟɔkʰɛʲc̚ʔ,Then,তখন,
Santali_dataset_parsed.csv,416,nit̪̚ʔ,Now,এখন,
Santali_dataset_parsed.csv,417,hɔla,Yesterday,গতকাল,
Santali_dataset_parsed.csv,418,gapa,Tomorrow,কালকে/ আগামীকাল,
Santali_dataset_parsed.csv,419,mand̪ʰɛɾ,The Day After Tomorrow,পরশু,
Santali_dataset_parsed.csv,420,ni̯ɘd̪ʰa͡o̯,This Time,এইবার,
Santali_dataset_parsed.csv,421,nit̪̚ʔgi,Just Now,এইমাত্র,
Santali_dataset_parsed.csv,422,unɘʔd̪in,So Long,এতোদিন,
Santali_dataset_parsed.csv,423,t̪a.jɔmt̪ɛ,After,পরে,
Santali_dataset_parsed.csv,424,unhilɘʔ,That Day,সেদিন,
Santali_dataset_parsed.csv,425,ɟɔɟɔmsɛʲc̚ʔ,On The Right,ডানদিকে,
Santali_dataset_parsed.csv,426,lɛŋgasɛʲc̚ʔ,On The Left,বামদিকে,
Santali_dataset_parsed.csv,427,t̪a.jɔmsɛc̚ʔ,Behind,পিছনে,
Santali_dataset_parsed.csv,428,suɾɾɛ,Near,কাছে,
Santali_dataset_parsed.csv,429,ɘɖi sɘŋgiɲ,Far Away,বহুদূরে,
Santali_dataset_parsed.csv,430,t̪alaɾɛ,In Between,মধ্যে,
Santali_dataset_parsed.csv,431,suɟhi,Straight,সোজা,
Santali_dataset_parsed.csv,432,ɛskaɾ,Alone,একা,
Santali_dataset_parsed.csv,433,ãʈ̚t̪ɛ,Loudly,জোরে,
Santali_dataset_parsed.csv,434,usɘɾat̪ɛ,Quickly,তাড়াতাড়ি,
Santali_dataset_parsed.csv,435,bɘ͡i̯bɘ͡i̯t̪ɛ,Slowly,ধীরে,
Santali_dataset_parsed.csv,436,ɟɘst̪igi,Mostly,বেশিরভাগ,
Santali_dataset_parsed.csv,437,ɟɘst̪i,More,বেশি,
Santali_dataset_parsed.csv,438,t̪ʰɔɽa,Less,কম,
Santali_dataset_parsed.csv,439,t̪eheɲ,Today,আজকে,
Santali_dataset_parsed.csv,440,mit̪̚ʔd̪in,One Day,একদিন,
Santali_dataset_parsed.csv,441,samaŋɾɛ,In Front,সামনে,
Santali_dataset_parsed.csv,442,cet̪anɾɛ,Above,ওপরে,
Santali_dataset_parsed.csv,443,lat̪aɾɾɛ,Down,নিচে,
Santali_dataset_parsed.csv,444,aɽeɾɛ,Beside,পাশে,
Santali_dataset_parsed.csv,445,sɘŋgiɲɾɛ,Away,দূরে,
Santali_dataset_parsed.csv,446,bahɾɛɾɛ,Outside,বাইরে,
Santali_dataset_parsed.csv,447,bʰit̪ɾiɾɛ,Inside,ভিতরে,
Santali_dataset_parsed.csv,448,a͡i̯ma,A Lot,অনেক,
Santali_dataset_parsed.csv,449,ponaʔ,The Fourth,চতুর্থ,
Santali_dataset_parsed.csv,450,mɔ̃ɽɛ̃.jaʔ,The Fifth,পঞ্চম,
Santali_dataset_parsed.csv,451,t̪uɾu.jaʔ,The Sixth,ষষ্ঠ,
Santali_dataset_parsed.csv,452,e͡a.jaʔ,The Seventh,সপ্তম,
Santali_dataset_parsed.csv,453,iɾɘlaʔ,The Eighth,অষ্টম,
Santali_dataset_parsed.csv,454,aɾɛ.jaʔ,The Ninth,নবম,
Santali_dataset_parsed.csv,455,gɛːlaʔ,The Tenth,দশম,
Santali_dataset_parsed.csv,456,pɘhilaʔ,The First,প্রথম,
Santali_dataset_parsed.csv,457,d̪osaɾaʔ,The Second,দ্বিতীয়,
Santali_dataset_parsed.csv,458,t̪esaɾaʔ,The Third,তৃতীয়,
Santali_dataset_parsed.csv,459,iɲd̪ɔ pʰuʈbɔliɲ gat̪e.a aɾ iɲ bɔ͡i̯ha d̪ɔ kɾikeʈɛ gat̪e.a.,I play football and my brother plays cricket.,আমি ফুটবল খেলি আর আমার ভাই ক্রিকেট খেলে।,
Santali_dataset_parsed.csv,460,"alɛ at̪oɾɛ cand̪oɾɛ mit̪̚ʔd̪ʰa͡o̯ seɾeɲ akʰɾa hojo.a, mɛnkʰan d̪ald̪apal ho͡i̯lɛnkʰan ai̯͡mad̪in bɔnd̪o t̪ahɛ̃na.","In our neighbourhood, music sessions are held every month, but whenever a fight breaks out, it gets closed for a long time.","আমাদের পাড়ায় প্রতিমাসে গানের আসর হয়, কিন্তু মারামারি লাগলে অনেকদিন বন্ধ থাকে।",
Santali_dataset_parsed.csv,461,"nit̪̚ʔ d̪ɔ iɲ ʈʰɛʲc̚ʔ ʈaka bɘnu.a, ced̪aʔ ɟe hɔla miʔʈɛn gʰuɽiɲ kiɾiɲakad̪a.","I don’t have money right now, because I bought a watch yesterday.","এখন আমার কাছে টাকা নাই, কারণ আমি গতকাল একটা ঘড়ি কিনেছি।",
Santali_dataset_parsed.csv,462,d̪aɾe ɾɔhɔ͡i̯ d̪ɔ bʰage kɘmi kana aɾ d̪aɾe ɟɔt̪ɔn hɔ̃ ɟɘɾuɽge̯͡a.,Planting trees is good and trees should also be taken care of.,গাছ লাগানো ভালো এবং গাছের যত্ন নেওয়াও উচিত।,
Santali_dataset_parsed.csv,463,"iɲ d̪ɔ baske.jaʔ bɘɲ ɟɔmakad̪a, ced̪aʔ ɟe iɲ ʈʰɛʲc̚ʔ ʈaka bɘnu.a.",I have not had breakfast because I don't have money.,"আমি নাস্তা করিনি, কারণ আমার কাছে টাকা নেই।",
Santali_dataset_parsed.csv,464,iɲ d̪ɔ ɘɖi gʰɘɽiʲc̚ʔiɲ t̪ɘŋgi.jakadi̯͡a t̪a͡o̯hɔ̃ bɘɲ ɲɛlɛkana.,"I have been sitting for a long time, but still no sign of him.","আমি অনেক্ষণ বসে আছি, তবু তার দেখা নেই।",
Santali_dataset_parsed.csv,465,uni sã͡o̯t̪ɛ iɲaʔ sɔmpɔɾkɔ baŋ bʰage̯͡a mɛnkʰan iɲ d̪ɔ uniɲ man manɔt̪e̯͡a.,"Although I don't have a good relationship with him, I respect him.","যদিও তার সাথে আমার সম্পর্ক ভালো না, কিন্তু আমি তাকে সম্মান করি।",
Santali_dataset_parsed.csv,466,uni hɔɽ d̪ɔ͡i̯ kisɘ̃ɽɾɛhɔ̃͡i̯ suk̚ bɘnuʔt̪a.ja.,That man is rich but unhappy.,লোকটি ধনী কিন্তু অসুখী।,
Santali_dataset_parsed.csv,467,"alɛd̪ɔ pʰuʈbɔl gat̪elɛ cala͡o̯lena, gaɖaɾɛlɛ ɖɘbɾɘ͡i̯ĕna inɘ t̪a.jɔm ɔɽaʔɾɛ hɛʲc̚ʔ kat̪ɛ ɟɔɟɔmlɛ d̪uɽup̚ʔĕna.","We went to play football, bathed in the river, then came home and sat to eat.","আমরা ফুটবল খেলতে গেলাম, নদীতে গোসল করলাম, এরপর বাড়িতে এসে খেতে বসলাম।",
Santali_dataset_parsed.csv,468,"iɲaʔ nao̯͡a iskul d̪ɔ ɘɖi mɔ̃ːɟa, mɛnkʰan ɔna d̪ɔ alɛ ɔɽaʔkʰɔʲc̚ʔ ɘɖi sɘŋgiɲa.","My new school is very nice, but it is very far from my home.","আমার নতুন স্কুল অনেক সুন্দর, কিন্তু সেটা আমার বাড়ি থেকে অনেক দূরে।",
Santali_dataset_parsed.csv,469,"iɲ gɔgɔ̯͡aʔ isin basaŋ d̪ɔ ɘɖigi sibila, mɛnkʰan iɲɾɛn kɘʈiʲc̚ʔ bɔ͡i̯ha d̪ɔ ɔna ba͡i̯ kusiɔ̯͡aʔa.","My mother's cooking is very tasty, but my younger brother does not like to eat it.","আমার মায়ের রান্না অনেক সুস্বাদু, কিন্তু আমার ছোটভাই তা খেতে পছন্দ করে না।",
Santali_dataset_parsed.csv,470,hĭɟuʔkan cʰuʈiɾɛ iɲd̪ɔ ɖʰakaɲ cala.a aɾ baŋkʰan sa͡i̯kel cala͡o̯iɲ ciːd̪a.,Next vacation I will either go to Dhaka or learn to ride a bicycle.,"আগামী ছুটিতে আমি ঢাকা যাবো, নয়ত সাইকেল চালানো শিখবো।",
Santali_dataset_parsed.csv,471,iɲd̪ɔ baŋlat̪ɛ kat̪ʰaɲ ɾɔːɽa aɾ iŋɾeɟit̪ɛhɔ̃ katʰaɲ ɾɔɽ d̪aɽeo̯͡aʔa.,I speak Bengali and can also speak in English.,"আমি বাংলায় কথা বলি, আবার ইংরেজিতেও কথা বলতে পারি।",
Santali_dataset_parsed.csv,472,iɲ d̪ɔɲ kɘmi kana aɾ sumɔn d̪ɔ͡i̯ ɟɘpit̪̚ʔed̪a.,I am working and Suman is sleeping.,আমি কাজ করছি আর সুমন ঘুমাচ্ছে।,
Santali_dataset_parsed.csv,473,"mɛlaɾɛɲ d̪aɽankan t̪ahɛ̃na, ac̚kagi uniɲ ɲɛlɲamked̪e̯͡a.","I was walking in the fair, and suddenly I saw him.","মেলায় হাঁটছিলাম, হঠাৎ তাকে দেখলাম।",
Santali_dataset_parsed.csv,474,"am d̪ɔ pasɛn bam pɘt̪jɘ͡o̯ăʔa, mɛnkʰan no̯͡age sɘɾi.jaʔkana.","You may not believe it, but it's true.","আপনি হয়ত বিশ্বাস করবেন না, কিন্তু এটাই সত্যি।",
Santali_dataset_parsed.csv,475,"am calaʔ kʰaʲc̚ʔ calaʔmɛ, iɲ d̪ɔ baŋ.","You may go, I won't go.","তুমি গেলে যাও, আমি যাবো না।",
Santali_dataset_parsed.csv,476,uni.jaʔ muʈʰɘn ɲɛlt̪igiɲ buɟhɘ͡o̯d̪a ɟe uni͡i̯ komɽo̯͡akaʔa.,I understood from his facial expressions that he had stolen.,"সে যে চুরি করেছে, এটা তার চেহারা দেখেই বুঝেছি।",
Santali_dataset_parsed.csv,477,iɲ baba ɘɖi kɘʈiʲc̚ʔ t̪ahɛ̃kanɾegi iɲ haɽamba d̪ɔ͡i̯ gɔʲc̚ʔĕna.,My grandfather died when my father was very young.,"আমার বাবা যখন অনেক ছোট, তখন আমার দাদা মারা যান।",
Santali_dataset_parsed.csv,478,nɔʔɔ͡i̯pɛ ɲɛlɛʔ ɔɽaʔ d̪ɔ alɛ.jaʔkana.,This house you are seeing is ours.,এই যে বাড়িটি দেখছেন এটি আমাদের।,
Santali_dataset_parsed.csv,479,ɔkaʈaʔ kat̪ʰam ɾɔɽkɛt̪̚ʔ ɔna d̪ɔɲ baɖa͡i̯ge̯͡a.,The thing you said is known by me.,যে কথাটা তুমি বললে সেটা আমি জানি।,
Santali_dataset_parsed.csv,480,koʈʰin kɘmikanɾɛhɔ̃ no̯͡ad̪ɔɲ kuɾumuʈu.ja.,"Although the task is difficult, still I will try to do it.",যদিও কাজটি কঠিন তবুও আমি করার চেষ্টা করবো।,
Santali_dataset_parsed.csv,481,ɔɽaʔɛm hɛʲc̚ʔakanɾɛd̪ɔ d̪ɛlalaŋ d̪ãɽa ɘgu.ja.,"Since you have come home, let's roam around.",বাড়ি যেহেতু এসেছ তাহলে চলো ঘুরে আসি।,
Santali_dataset_parsed.csv,482,"am mam besge, d̪ɛla ad̪ɔ pʰuʈbɔl gat̪elaŋ cala.a.","Since you are healthy, let's go play football.","যেহেতু তুমি ভালো আছো, তাহলে চলো ফুটবল খেলতে যাই।",
Santali_dataset_parsed.csv,483,alɛ.jaʔ pɘɾsit̪ɛ ɔkaʈaʔiɲ siɾiɲkɛt̪̚ʔ ɔna d̪ɔ d̪ulɘɾ ɾe.jaʔ siɾiɲ kana.,The song I sang is a love song in our language.,"আমি যে গানটা গাইলাম, সেটা আমাদের ভাষার একটি ভালোবাসার গান।",
Santali_dataset_parsed.csv,484,aɾhɔm hɛʲc̚ʔlɛnkʰan iɲ lɘgiʔ cɔk̚lɛʈ ɘgu t̪aɾa͡i̯mɛ.,"If you come again, bring chocolate for me.","আবার যদি আসেন, আমার জন্য চকলেট নিয়ে আসবেন।",
Santali_dataset_parsed.csv,485,"am nɔnɖɛm t̪ahɛ̃n, no̯͡ad̪ɔɲ baɽ͡ai̯kan t̪ahɛ̃ge̯͡a.",I knew you live here.,তুমি যে এখানে থাকো সেটি আমি জানতাম।,
Santali_dataset_parsed.csv,486,iɲaʔ pɘt̪.jɘ͡o̯ t̪ahɛ̃kana ɟe am no̯͡am kɘmi d̪aɽe.jaʔa.,I had faith that you could do it.,তুমি যে কাজটি করতে পারবে সেই বিশ্বাস আমার ছিল।,
Santali_dataset_parsed.csv,487,am bam d̪aɽe.jaʔkʰan ɔna kɘmi d̪ɔ alɔm kɘmi̯͡a.,"If you can't, don't do the work.",আপনি যদি না পারেন তাহলে কাজটি করবেন না।,
Santali_dataset_parsed.csv,488,isin basaŋɛt̪̚ʔkan kuɽi d̪ɔ: iɲ bɔ͡i̯ha kana͡i̯.,The girl who's been cooking is my sister.,যে মেয়েটি রান্না করছে সে আমার বোন।,
Santali_dataset_parsed.csv,489,am bam hiɟuʔt̪ɛ d̪ɔ iɲhɔ̃ bɘɲ cala.a?,"You will not come, that doesn’t mean that I will not go?",তুমি আসবে না তাই বলে কি আমি যাবো না?,
Santali_dataset_parsed.csv,490,iɲ ɔɽaʔ hɛʲc̚ʔ t̪ɔɾage iɲ gɔgɔ d̪ɔ iɲ ɛgɛɾɛ ɛhɔp̚ʔena.,"As soon as I came home, my mother started scolding me.","যেই আমি বাড়ি আসলাম, সাথে সাথে আমার মা আমাকে বকা শুরু করলেন।",
Santali_dataset_parsed.csv,491,ɲind̪ɘ baŋ ɟɘpit̪̚ʔkat̪ɛɲ paɽhaʔt̪ɛ biɖɘ͡o̯ɾɛ iɲ boge kuɽɘ͡.jiɲ ɲamked̪a.,"As I study sleeplessly at night, I got good results in the exam because of this reason.","যেহেতু আমি রাতে না ঘুমিয়ে পড়াশুনা করি, এ কারণে পরীক্ষায় ভালো ফল করেছি।",
Santali_dataset_parsed.csv,492,"ɟa͡o̯gʰɘɽi paɽhaʔmɛ, ɛnkʰan am gɔgɔbaba d̪ɔ bʰage gid̪ɾɘkin mɛt̪ama.","Always study, then your parents will call you a good boy.","সবসময় পড়াশুনো করো, তাহলে তোমাকে মা-বাবা ভালো ছেলে বলবে।",
Santali_dataset_parsed.csv,493,iɲ ɔka nakʰaɾɛɲ t̪ahɛ̃nkan ɔnɖɛnko ɟɔt̪ɔhɔɽko opoɾomiɲɘ.,Many people in the area where I live know me.,আমি যে এলাকায় থাকি সেখানকার অনেকেই আমাকে চিনে।,
Santali_dataset_parsed.csv,494,amiɲ met̪aʔmɛɾɛhɔ̃ ced̪aʔ bam hɛʲc̚ʔlena?,"I said to you to come, why didn’t you?","তোমাকে যে বললাম, তুমি আসলে না কেন?",
Santali_dataset_parsed.csv,495,hɔla ɟe iskul bɔnd̪ɔ t̪ahɛ̃kan ɔna bɘɲ baɖa͡i̯kan t̪ahɛ̃na.,I did not know that the school was closed yesterday.,গতকাল যে স্কুল বন্ধ ছিল সেটি আমি জানতাম না।,
Santali_dataset_parsed.csv,496,alɛ d̪ɔ baɾ bɔ͡i̯ha kɔɽa aɾ pɛ bɔ͡i̯ha kuɽi.,We are two brothers and three sisters.,আমরা দুই ভাই তিন বোন।,
Santali_dataset_parsed.csv,497,iɲaʔ iskul d̪ɔ nɔnɖɛ kʰɔn pɛ ma.jel sɘŋgiɲa.,My school is three miles from here.,আমার স্কুল এখান থেকে তিন মাইল দূরে।,
Santali_dataset_parsed.csv,498,nit̪̚ʔ iɲʈʰɛʲc̚ʔ d̪ɔ cɛʈ̪̚ʔ ʈaka hɔ̃ bɘnu.a.,I have no money at this moment.,এখন আমার কাছে কোনও টাকা নাই।,
Santali_dataset_parsed.csv,499,baɟaɾɾɛ ɟinis pot̪̚ɾɔ ɾe.jaʔ d̪am ɘɖi ɟɘst̪i.,The price of goods in the market is very high.,বাজারে জিনিসপত্রের দাম অনেক বেশি।,
Santali_dataset_parsed.csv,500,gɛlbaɾ cand̪oɾɛ mit̪̚ʔ sɛɾma ho.jo.a.,Twelve months make a year.,বারো মাসে এক বছর।,
Santali_dataset_parsed.csv,501,i.ja͡i̯ mahaɾɛ mit̪̚ʔ hap̚t̪a ho.jo.a.,Seven days make a week.,সাত দিনে এক সপ্তাহ হয়।,
Santali_dataset_parsed.csv,502,alɛ at̪oɾɛ cand̪oɾɛ mit̪ʔʈɛʲc̚ʔ seiɾiɲ akʰɽa ho.jo.a.,There occurs a music session every month in our neighborhood.,আমাদের পাড়ায় প্রতিমাসে গানের আসর হয়।,
Santali_dataset_parsed.csv,503,pɘɾsit̪ɛ abu d̪ɔ abu͡aʔ mɔn ɾe.jaʔ katʰabo ɟɘhiɾa.,Through language we express our thoughts.,ভাষার মাধ্যমে আমরা মনের কথা প্রকাশ করি।,
Santali_dataset_parsed.csv,504,gat̪i kʰilɘʈ d̪ɔ hɔɽmɔ lagit̪̚ʔ bʰage̯͡a.,Sports are good for the body,খেলাধুলা শরীরের জন্য ভালো।,
Santali_dataset_parsed.csv,505,d̪aʔ ɾe.jaʔ aɾ miʈɛʲc̚ʔ ɲut̪um d̪ɔ ɟi.jon.,Another name for water is life.,পানির অপর নাম জীবন।,
Santali_dataset_parsed.csv,506,iɲ gɔgɔ.ɔ̯͡aʔ isin basaŋ d̪ɔ ɘdigi sibila.,My mother's cooking is very delicious.,আমার মায়ের রান্না অনেক সুস্বাদু।,
Santali_dataset_parsed.csv,507,iɲɾɛn pusi ɘɖi mia͡o̯ mia͡o̯ɛ ɾaːga.,My cat meows a lot.,আমার বিড়াল খুব মিউ মিউ করে।,
Santali_dataset_parsed.csv,508,iɲd̪ɔ iɲaʔ nao̯͡a iskul ɘɖi aʈiɲ kusi.o̯͡aʔa.,I like my new school very much.,আমি আমার নতুন স্কুলকে অনেক পছন্দ করি।,
Santali_dataset_parsed.csv,509,d̪inɘm set̪aʔɾɛ iɲ baba aɾ iɲ bo͡i̯ha baɽgiɾɛ abat̪̚ ɲɛlkin cala.a.,Every morning father and brother go to the field to see the crops.,প্রতিদিন সকালে বাবা আর ভাই ফসল দেখতে ক্ষেতে যায়।,
Santali_dataset_parsed.csv,510,sɔhɔɾɾɛ cala͡o̯lɛnkʰan abo d̪ɔ baŋlat̪ɛbon ɾɔːɽa.,When we go to town we speak Bengali.,শহরে গেলে আমরা বাংলায় কথা বলি।,
Santali_dataset_parsed.csv,511,kid̪uʔ ɟɔm lekʰangi iɲ d̪ɔ d̪ud̪̚ɽumiɲɘ.,Eating rice at night makes me sleepy.,রাতে ভাত খেলেই আমার ঘুম পায়।,
Santali_dataset_parsed.csv,512,gaɖaɾɛn hako d̪ɔko sibila.,Fishes of river are very tasty.,নদীর মাছ অনেক সুস্বাদু।,
Santali_dataset_parsed.csv,513,uni d̪ɔ t̪eheɲɛ hɛʲc̚ʔ d̪aɽeja.a?,Can he/ she come today?,সে কি আজ আসতে পারবে?,
Santali_dataset_parsed.csv,514,amd̪ɔ ɟʰal ɟɔmɛm kusi.jaʔa?,Do you like to eat spicy food?,তুমি কি ঝাল খেতে পছন্দ করো?,
Santali_dataset_parsed.csv,515,caː ɾɛɲ cini.jaʔa?,Should I put sugar in the tea?,চায়ে কি চিনি দেবো?,
Santali_dataset_parsed.csv,516,ut̪uɾɛm buluŋka͡o̯d̪a?,Did you add salt to the curry?,তরকারিতে লবন দিয়েছো?,
Santali_dataset_parsed.csv,517,amd̪ɔ no̯͡a put̪ʰim paɽha͡o̯akad̪a?,Have you read the book?,তুমি বইটা পড়েছো?,
Santali_dataset_parsed.csv,518,uni d̪ɔ t̪eheɲ ced̪aʔ ba͡i̯ cala͡o̯lena?,Why didn't he/ she go today?,সে আজ কেনো গেলো না?,
Santali_dataset_parsed.csv,519,am t̪inɾɛ ɔɽaʔɛm ɾu̯͡ɘɽa?,When will you return home?,তুমি কখন বাড়ি ফিরবে?,
Santali_dataset_parsed.csv,520,iɲ d̪ɔ ɔkasɛʲc̚ʔiɲ cala.a?,Which direction do I go?,আমি কোন দিকে যাবো?,
Santali_dataset_parsed.csv,521,iɲ d̪ɔ ɔka sɛʲc̚ʔ calaʔ ho.joʔt̪iɲɘ?,Which direction should I go?,আমাকে কোন দিকে যেতে হবে?,
Santali_dataset_parsed.csv,522,am d̪ɔ gapa t̪inɾɛ ɔɽaʔɛm hiɟu.a?,When will you come home tomorrow?,তুমি আগামীকাল কখন বাড়ি আসবে?,
Santali_dataset_parsed.csv,523,ced̪aʔɛm land̪a͡i̯d̪a?,Why are you laughing?,হাসছো কেন?,
Santali_dataset_parsed.csv,524,ced̪aʔpɛ land̪a͡i̯ɛʔkan t̪ahɛ̃kana?,Why were you laughing?,তোমরা হাসছিলে কেন?,
Santali_dataset_parsed.csv,525,ɔkat̪ɛm calaʔkana?,Where are you going?,কোথায় যাচ্ছো?,
Santali_dataset_parsed.csv,526,ɔkat̪ɛm cala͡o̯lena?,Where did you go?,কোথায় গিয়েছিলে?,
Santali_dataset_parsed.csv,527,ɔakt̪ɛm cala.a?,Where will you go?,কোথায় যাবে?,
Santali_dataset_parsed.csv,528,am d̪ɔ ɔkaɾɛ gat̪eʔɛm cala.a?,Where will you go to play?,তুমি কোথায় খেলতে যাবে?,
Santali_dataset_parsed.csv,529,ɔɽaʔɾɛ ɟahã͡i̯ mɛnaʔpe.ja?,Is anyone at home?,কেউ বাড়ি আছেন?,
Santali_dataset_parsed.csv,530,ɔɽaʔɾɛ ɟahã͡i̯pɛ t̪ahɛ̃na?,Will anyone be at home?,কেউ বাড়ি/ বাড়িতে থাকবে?,
Santali_dataset_parsed.csv,531,am d̪ɔ set̪aʔ t̪inɾɛm beɾet̪̚ʔa?,What time do you wake up in the morning?,তুমি সকাল কয়টায় ঘুম থেকে উঠো?,
Santali_dataset_parsed.csv,532,am cɛt̪̚ʔlɛka menama?,How are you?,তুই কেমন আছিস?,
Santali_dataset_parsed.csv,533,am cɛʔɛm ceka͡i̯d̪a?,What are you doing?,তুমি কী করছো?,
Santali_dataset_parsed.csv,534,am cɛʔɛm ceka.ja?,What will you do?,আপনি কী করবেন?,
Santali_dataset_parsed.csv,535,cɛt̪̚ʔ kɘmi am d̪ɔ ɟɘst̪im kusi.jaʔa?,What do you like to do the most?,কী করতে আপনার সবচেয়ে ভালো লাগে?,
Santali_dataset_parsed.csv,536,ɔna ɟɘɽ aɲɟɔm kat̪ɛʔ paɛ d̪ɔ ced̪aʔpɛ land̪a.jɛʔkan t̪ahɛ̃kana?,Why were you laughing when you heard that story?,আপনারা ওই গল্পটি শুনে হাসছিলেন কেন?,
Santali_dataset_parsed.csv,537,amaʔ gʰaɾɔ̃ɟɾɛ okɔ͡i̯ko menaʔko̯͡a?,Who is in your family?,আপনার পরিবারে কে কে আছেন?,
Santali_dataset_parsed.csv,538,no̯͡͡a ʈɔʈʰaɾɛ oŋko dɔ cɛt̪̚ʔlɛkat̪ɛko hɛʲc̚ʔlena?,How did they get to this place?,তারা কীভাবে এই জায়গায় এসেছিলেন?,
Santali_dataset_parsed.csv,539,ɔka sɛʲc̚ʔbo cala͡o̯lɛnkʰaʲc̚ʔ bʰage ho͡i̯ko.a?,Which direction would be better for us to go?,আমরা কোন দিকে গেলে ভালো হবে?,
Santali_dataset_parsed.csv,540,ɟahan kupuli t̪ahɛ̃ntam kʰaʲc̚ʔ baɖa͡i̯ ocoĭɲmɛ?,"Let me know if you have any questions, will you?",আপনার কোনো প্রশ্ন থাকলে জানাবেন তো?,
Santali_dataset_parsed.csv,541,am d̪ɔ ɔkaɾɛm t̪ahɛ̃na?,Where do you live?,আপনি কোথায় থাকেন?,
Santali_dataset_parsed.csv,542,am d̪ɔ ɔkaɾɛm t̪ahɛ̃na?,Where will you be/ stay?,আপনি কোথায় থাকবেন?,
Santali_dataset_parsed.csv,543,amd̪ɔ cɛt̪̚ʔ t̪eheɲɛm hiɟu.a?,Will you come today?,তুমি কি আজকে আসবে?,
Santali_dataset_parsed.csv,544,abo d̪ɔ cɛt̪̚ʔ oŋkobo hɔhɔ.ɔ̯͡ako̯͡a?,Shall we call them?,আমরা কি ওদের ডাক দিব?,
Santali_dataset_parsed.csv,545,abo d̪ɔ cɛt̪̚ʔ oŋkobo hɔhɔ.ɔ̯͡aʔko t̪ahɛ̃na?,Did we call them?,আমরা কি ওদের ডাক দিয়েছিলাম?,
Santali_dataset_parsed.csv,546,abo d̪ɔ cɛt̪̚ʔ oŋkobo hɔhɔ.ɔ̯͡ako̯͡a?,Shall we call them?,আমরা কি ওদের ডাকবো?,
Santali_dataset_parsed.csv,547,amd̪ɔ cɛt̪̚ʔiɲ kuli d̪aɽeo̯͡ama?,Can I ask a question?,আমি কি একটা প্রশ্ন করতে পারি?,
Santali_dataset_parsed.csv,548,am d̪ɔ t̪eheɲ t̪inɾɛ ɔɽaʔɛm hiɟu.a?,When will you come home today?,তুমি আজকে কখন বাড়ি আসবে?,
Santali_dataset_parsed.csv,549,am d̪ɔ hɔla t̪inɾɛ ɔɽaʔɛm hɛʲc̚ʔlena?,When did you come home yesterday?,তুমি গতকাল কখন বাড়ি এসেছিলে?,
Santali_dataset_parsed.csv,550,am do̪ cɛt̪̚ʔleka menama?,How are you?,তুমি কেমন আছো?,
Santali_dataset_parsed.csv,551,am d̪ɔ cɛt̪̚ʔɛm ceka baɽa.ja?,What do you do?,আপনি কী করেন?,
Santali_dataset_parsed.csv,552,am cɛt̪̚ʔɛm ceka baɽa.ja?,What do you do?,তুমি কী করো?,
Santali_dataset_parsed.csv,553,am d̪ɔ cɛt̪̚ʔɛm ceka͡i̯d̪a?,What are you doing?,আপনি কী করছেন?,
Santali_dataset_parsed.csv,554,am d̪ɔ cɛt̪̚ʔ ceka.jɛm kusi.o̯͡aʔa?,What is your hobby?,আপনার শখ কী?,
Santali_dataset_parsed.csv,555,am cɛt̪̚ʔ ceka.jɛm kusi.o̯͡aʔa?,What is your hobby?,তোমার শখ কী?,
Santali_dataset_parsed.csv,556,am d̪ɔ cɛt̪̚ʔ ceka.jɛm kusi.o̯͡aʔa?,What do you like to do?,আপনার কী করতে ভালো লাগে?,
Santali_dataset_parsed.csv,557,apɛ d̪ɔ ɲu͡i̯ d̪aʔ cɛt̪̚ʔlekakat̪ɛpɛ d̪ɔhɔ.ja?,How do you collect drinkable water?,আপনারা কীভাবে খাবার পানি সংগ্রহ করে রাখেন?,
Santali_dataset_parsed.csv,558,am d̪ɔ no̯͡a cɛt̪̚ʔlɛkakat̪ɛm isin basaŋɛd̪a?,How did you cook this?,আপনি কীভাবে এই রান্নাটা করেছেন?,
Santali_dataset_parsed.csv,559,am d̪ɔ no̯͡a piʈʰɘ cɛt̪ʔlɛkakat̪ɛʔm bena͡o̯ked̪a?,How did you make this cake?,এই পিঠাটা আপনি কীভাবে বানিয়েছেন?,
Santali_dataset_parsed.csv,560,amaʔ ɔɽaʔ d̪ɔ ɔkaɾe?,Where is your home?,আপনার বাসা কোথায়?,
Santali_dataset_parsed.csv,561,abo d̪ɔ t̪eheɲ ɔkaɾɛbo t̪ahɛ̃na?,Where will we be/ stay today?,আমরা আজকে কোথায় থাকবো?,
Santali_dataset_parsed.csv,562,am ɔkaɾɛm t̪ahɛ̃na?,Where do you live?,তুমি কোথায় থাকো?,
Santali_dataset_parsed.csv,563,no̯͡a ʈɔʈʰaɾɛ ɘɖi bɘɽiʲc̚ʔ sɔ kana.,This place smells bad/ This place has a lot of bad smell.,জায়গাটা দুর্গন্ধময় হয়ে আছে/ এই জায়গায় অনেক দুর্গন্ধ।,
Santali_dataset_parsed.csv,564,ut̪uɾɛ ɟʰal ɟɘst̪i̯͡.jena.,This curry is very spicy.,তরকারিতে খুব ঝাল হয়েছে।,
Santali_dataset_parsed.csv,565,caːɾɛ hɛɽɛm ɟɘst̪i̯͡.jɛna.,This tea contains too much sweet.,চায়ে মিষ্টি বেশি হয়েছে।,
Santali_dataset_parsed.csv,566,ɟɔmʔ bɘɽiʲc̚ʔena.,This food has been stalled.,খাবারটা বাসি হয়ে গেছে।,
Santali_dataset_parsed.csv,567,no̯͡a ɟɔ d̪ɔ ɾɔbɔʲc̚ʔ ɾɔbɔʲc̚ʔ ɾasage.ja.,This fruit is very juicy.,ফলটা খুব রসালো।,
Santali_dataset_parsed.csv,568,ɟɔmaʔkɔɾɛ d̪ɔ ɖʰeɾ mɔsɔlako laga͡o̯ăkad̪a.,These foods are too much spicy / This food has an excessive amount of spices.,খাবারগুলো বেশি মশলাদার হয়েছে/ খাবারে বেশি মশলা হয়েছে।,
Santali_dataset_parsed.csv,569,sɔɾbɔt̪̚ ɲu t̪a.jɔm ɘɖi ceɾʈʰaɲ ɘ͡i̯kɘ͡o̯ed̪a.,This shake feels very refreshing after drinking.,শরবতটা খাওয়ার পর খুব সতেজ/ তরতাজা লাগছে।,
Santali_dataset_parsed.csv,570,paɾkɔm lat̪aɾ kʰɔn ɟʰuɽi ɘgu͡i̯mɛ,Bring that basket from under the bed.,খাটের নিচ থেকে ঝুড়িটা এনে দাও।,
Santali_dataset_parsed.csv,571,iskul d̪ɔ no̯͡a ɖahaɾ hanasaɾɛ.,The school is on the opposite side of this road.,স্কুল এই রাস্তার বিপরীত দিকে।,
Santali_dataset_parsed.csv,572,ɔɽaʔ bɛɽha͡i̯t̪ɛ d̪aɾeko ɾɔhɔ͡i̯akaʔa.,Trees are planted around the house.,বাড়ির চারদিকে গাছ লাগানো আছে।,
Santali_dataset_parsed.csv,573,ɟɔt̪ɔko mud̪ɾɛ nu͡i̯ paɽhaʔ kɔɽa d̪ɔ͡i̯ sɔɾɔsge.ja.,That student is the best among all.,সবার মধ্যে ওই ছাত্রটি সেরা।,
Santali_dataset_parsed.csv,574,banahɔɽgekin bud̪ ɘkilanaʔa.,They are both brilliant.,তারা উভয়েই মেধাবী।,
Santali_dataset_parsed.csv,575,maʈʰ samaŋɾege mit̪̚ʔʈɛʲc̚ʔ pukʰɾi mɛna.a.,There is a pond in front of the field.,মাঠের সামনেই একটা পুকুর আছে।,
Santali_dataset_parsed.csv,576,d̪ɔkan aɽeɾege mit̪̚ʔʈɛʲc̚ʔ maʈʰ mena.a.,There is a field next to the shop.,দোকানের পাশেই একটা মাঠ।,
Santali_dataset_parsed.csv,577,,Go inside the house.,বাড়ির ভেতরে যান।,
Santali_dataset_parsed.csv,578,,#16,ɔɽaʔ bʰit̪ɾisɛʲc̚ʔ calaʔmɛ.],
Santali_dataset_parsed.csv,579,nit̪̚ʔ bahaɾɛsɛʲc̚ʔɛm cala͡o̯ d̪aɽe.jaʔa.,You can go out now.,এখন বাইরে যেতে পারেন।,
Santali_dataset_parsed.csv,580,t̪eheɲ d̪ɔ ɘɖi ɾɘskɘɲ ɘ͡i̯kɘ͡o̯ed̪a.,I feel very happy today.,আজ আমার অনেক খুশি লাগছে।,
Santali_dataset_parsed.csv,581,t̪eheɲ d̪ɔ ɘɖi d̪ukiɲ ɘ͡i̯kɘ͡o̯ĕd̪a.,I feel very sad today.,আজ আমার অনেক দুঃখ লাগছে।,
Santali_dataset_parsed.csv,582,t̪eheɲ d̪ɔ ɘɖi besiɲ ɘ͡i̯kɘ͡o̯d̪a.,I feel very good today.,আজ আমার অনেক ভালো লাগছে।,
Santali_dataset_parsed.csv,583,t̪eheɲ d̪ɔ ɘɖi bɘɽiʲc̚ʔiɲ ɘ͡i̯kɘ͡o̯d̪a.,I feel very bad today.,আজ আমার অনেক খারাপ লাগছে।,
Santali_dataset_parsed.csv,584,bahɾɛɾɛ ɘɖi ãʈ saɖekana.,There is a lot of noise outside.,বাইরে খুব আওয়াজ/ শব্দ হচ্ছে।,
Santali_dataset_parsed.csv,585,no̯͡a baha ɾe.jaʔ sɔ d̪ɔ bɘnu.a.,This flower has no smell.,এই ফুলে কোনো গন্ধ নেই।,
Santali_dataset_parsed.csv,586,ɟɔt̪ɔsɛʲc̚ʔ hiɾkʰɘge sɔ kana.,A pungent / musty smell is all around here.,চারদিকে একটা কটু/ ঝাঁঝালো গন্ধ।,
Santali_dataset_parsed.csv,587,bɛʲc̚ʔ bɛʲc̚ʔiɲ ɘ͡i̯kɘ͡o̯ĕd̪a.,Feeling nauseous.,বমি বমি লাগছে।,
Santali_dataset_parsed.csv,588,set̪a͡i̯ bʰuʔed̪a.,The dog is barking.,কুকুর ঘেউ ঘেউ করছে।,
Santali_dataset_parsed.csv,589,buk̚ɽu͡i̯ d̪iɲa͡i̯.,(He/ She is) tickling.,কাতুকুতু দিচ্ছে।,
Santali_dataset_parsed.csv,590,moɽsɛʲc̚ʔ laha kat̪ɛʔ lɛŋgasɛʲc̚ʔ ɘcuɾɔʔmɛ.,Have to take the next turn then to the left.,সামনের মোড়টা ঘুরে বামে দিকে যেতে হবে।,
Santali_dataset_parsed.csv,591,moɽsɛʲc̚ʔ laha kat̪ɛʔ ɟɔɟɔmsɛʲc̚ʔ ɘcuɾɔʔmɛ.,Have to take the next turn then to the right.,সামনের মোড়টা ঘুরে ডানে দিকে যেতে হবে।,
Santali_dataset_parsed.csv,592,uni d̪ɔ ɘɖi ɾɘskɘɾɛ mena.ja.,He/ She is very happy.,সে অনেক আনন্দে আছে।,
Santali_dataset_parsed.csv,593,uni d̪ɔ ɘɖi d̪ukɾɛ mena.ja.,He/ She is in a lot of pain.,সে অনেক কষ্টে আছে।,
Santali_dataset_parsed.csv,594,no̯͡a ɟɔ d̪ɔ haɽhat̪̚ʔge.ja.,The taste of this fruit is bitter.,এই ফলটির স্বাদ তেঁতো।,
Santali_dataset_parsed.csv,595,no̯͡a ɟɔ d̪ɔ hɛɽɛmge sebela.,The taste of this fruit is sweet.,এই ফলটির স্বাদ মিষ্টি।,
Santali_dataset_parsed.csv,596,no̯͡a ɟɔ d̪ɔ ɟɔɟɔge.ja.,The taste of this fruit is sour.,এই ফলটির স্বাদ টক।,
Santali_dataset_parsed.csv,597,no̯͡a ɟɔmaʔkod̪ɔ ɘɖi sebelaʔkana.,These dishes are very tasty/ delicious.,এই খাবারগুলো খুবই সুস্বাদু/ মজাদার।,
Santali_dataset_parsed.csv,598,biskuʈ ɟɔmt̪ɛ ɾaham ɾahaɾ ɘ͡i̯kɘʔkana.,This biscuit is salty while consuming.,বিস্কুটটা খেতে নোনতা লাগছে।,
Santali_dataset_parsed.csv,599,bini d̪ɔ ʈibil cet̪anɾɛko d̪ɔhɔ.ɔ̯͡akad̪a.,That fan is placed on the table.,পাখাটা টেবিলের ওপর রাখা আছে।,
Santali_dataset_parsed.csv,600,mit̪̚ʔ gʰɘɽi lɘgit̪̚ʔ cet̪an sɛʲc̚ʔ kɔ.jɔʔkam.,Look up for some moments.,কিছুক্ষণের জন্য ওপরে তাকিয়ে থাকুন।,
Santali_dataset_parsed.csv,601,ɟɔt̪ɔko bɛɽha͡i̯t̪ɛko t̪iŋgu̯͡akana.,Everyone is standing in a circle.,সবাই গোল হয়ে দাঁড়িয়ে আছে।,
Santali_dataset_parsed.csv,602,ɔɽaʔ t̪a͡inɔmɾɛ mit̪̚ʔʈɛʲc̚ʔ kʰamaɾ mɛna.a.,There is a farm behind the house.,বাড়ির পেছনে একটা খামার আছে।,
Santali_dataset_parsed.csv,603,uni gid̪ɾɘ͡i̯ land̪a͡i̯d̪a.,That child is smiling.,বাচ্চাটি হাসছে।,
Santali_dataset_parsed.csv,604,uni gid̪ɾɘ͡i̯ ɾaʔɛd̪a.,That baby is crying.,বাচ্চাটি কান্না করছে।,
Santali_dataset_parsed.csv,605,no̯͡a bahaɾe.jaʔ sɔː d̪ɔ ɘɖi mɔ̃ːɟa.,The smell of this flower is very nice.,এই ফুলের গন্ধ খুব সুন্দর।,
Santali_dataset_parsed.csv,606,bagan aɖɛpasɛ mit̪̚ʔ lekanaʔ boge sɔ ɲamɔ.a.,One kind of aroma can be found around the garden.,বাগানের আশেপাশে এক ধরনের সুবাস/ সুগন্ধ পাওয়া যাবে।,
Santali_dataset_parsed.csv,607,nɔ̯͡a d̪ɔ ɘɖit̪ɛt̪̚ʔ bɘɽiʲc̚ʔ kɘmi kana.,It's a heinous work.,এটা একটা জঘন্য কাজ।,
Santali_dataset_parsed.csv,608,hɔɽmɔ babat̪̚ʔkana.,Body is itching,শরীর চুলকাচ্ছে।,
Santali_dataset_parsed.csv,609,ɟaŋgaɾɛ ga͡i̯gɔm ga͡i̯gɔmiɲ ɘ͡ikɘ͡o̯ĕd̪a.,Feet are tickling,পায়ে সুড়সুড়ি লাগছে।,
Santali_dataset_parsed.csv,610,mit̪̚ʔ,One,এক,
Santali_dataset_parsed.csv,611,baɾ,Two,দুই,
Santali_dataset_parsed.csv,612,pɛ,Three,তিন,
Santali_dataset_parsed.csv,613,pon,Four,চার,
Santali_dataset_parsed.csv,614,mɔ̃ɽɛ,Five,পাঁচ,
Santali_dataset_parsed.csv,615,t̪uɾu͡i̯,Six,ছয়,
Santali_dataset_parsed.csv,616,ɛ.ja͡i̯,Seven,সাত,
Santali_dataset_parsed.csv,617,iɾɘl,Eight,আট,
Santali_dataset_parsed.csv,618,aɾɛ,Nine,নয়,
Santali_dataset_parsed.csv,619,gɛl,Ten,দশ,
Santali_dataset_parsed.csv,620,ad̪ɔmko d̪ɔ haku ut̪u ɟɔmku kisi.jaʔa.,Many people like to eat fish.,অনেক মানুষ মাছ খেতে পছন্দ করে।,
Santali_dataset_parsed.csv,621,gaɖa kʰɘ̃ɽi aɾ ɟɔlaɾɛ d̪ɔ a͡i̯malɛkan hakuku ɲamɔ.a.,"A variety of fishes are found in rivers, canals, lakes, mountain ridges and streams.","নদী-খাল-বিল, পাহাড়ি ছড়া ও ঝিরিতে বিভিন্ন রকম মাছ পাওয়া যায়।",
Santali_dataset_parsed.csv,622,ɟɘli̯͡ɘ d̪ɔ hako ɘkʰɾiɲ kat̪ɛʔ d̪inku kʰɛmaɔ̯͡a.,Fishermen live by fishing.,জেলেরা মাছ বিক্রি করে আয়/ উপার্জন করে।,
Santali_dataset_parsed.csv,623,"a͡i̯malɛkat̪ɛ hakoko sap̚ʔko̯͡a, ɟɛmɔn ɔkɔ͡i̯ d̪ɔ ɟʰɘlit̪ɛ hakoko ɟʰɘliko̯͡a, ɔkɔ͡i̯ d̪ɔ bɘɽsit̪ɛ hakoko bɘɽsiko̯͡a.","Fishes can be caught in various ways, such as - some people fish with fish nets, some fish with fishing rods.","নানাভাবে মাছ ধরা যায়, যেমন: কেউ জাল দিয়ে মাছ ধরে, কেউ বড়শি দিয়ে মাছ ধরে।",
Santali_dataset_parsed.csv,624,bɘɾsɘ ɟɔkʰɛn a͡i̯malɛkan hakoko ɲamɔ.a.,A lot of fishes are caught during monsoon.,বর্ষার সময় অনেক মাছ পাওয়া যায়।,
Santali_dataset_parsed.csv,625,at̪oɾɛn gid̪ɾɘkud̪ɔ d̪aʔ aɾɛʲc̚ʔkat̪ɛ hakuku gɔʲc̚ʔko̯͡a.,The children of the village gather together to irrigate the water to catch fish.,গ্রামের ছেলে-মেয়েরা দলবেঁধে পানি সেচে মাছ ধরে।,
Santali_dataset_parsed.csv,626,d̪aʔ bɘɽiɟɔʔ kakʰant̪ɛ hakuku t̪ʰɔɽa cabaʔkana.,Fishes have decreased due to water pollution/ wasting.,পানি দূষণের/ নষ্ট হয়ে যাওয়ার কারণে মাছ কমে গেছে।,
Santali_dataset_parsed.csv,627,gaɖa aɽeɾɛn hɔɽko d̪ɔ akot̪ege hakoko sap̚ʔɟɔːŋa.,People who live by the banks of the river can fish by themselves.,নদীর পাড়ের লোকজন নিজেরাই মাছ শিকার করতে পারে।,
Santali_dataset_parsed.csv,628,ɔna i.jɘt̪ɛ hɘʈi̯͡ɘkʰɔn hako kiɾiɲ d̪ɔ baŋ lagao̯͡ako̯͡a.,That is why they don't have to buy fishes from the market.,তাই তাদের বাজার থেকে মাছ কিনতে হয় না।,
Santali_dataset_parsed.csv,629,amaʔ d̪ɔkanɾɛ maɲɟan ɟɔm ɾe.jaʔ cɛʔ cɛʔko mɛnaʔa.,Customer: What do you have in the lunch menu at your shop/restaurant?,কাস্টমার: আপনার দোকানে দুপুরের কী কী খাবার আছে?,
Santali_dataset_parsed.csv,630,"d̪aka mɛna.a, pɛ lɛkan hako ut̪u mɛna.a aɾ simɟil ut̪u mɛna.a.","Waiter: There is rice, 3 types of fishes and chicken.","ওয়েটার: ভাত আছে, তিন রকমের মাছ ও মুরগির মাংস আছে।",
Santali_dataset_parsed.csv,631,kɘʈiʲc̚ʔ hako ut̪u mena.a.,Customer: Is there any small fish?,কাস্টমার: ছোট মাছ কি আছে?,
Santali_dataset_parsed.csv,632,"hɛ̃ː mena.a, ɔna sã͡ɔ̯t̪ɛ lɘʈu hakoɔ̯͡aʔ ut̪uhɔ̃ mena.a.","Waiter: Yes definitely, plus we have big fish too.","ওয়েটার: হ্যাঁ আছে, সাথে বড় মাছও আছে।",
Santali_dataset_parsed.csv,633,aɽaʔ sakam aɾ d̪ɘl ut̪u mena.a?,Customer: Do you have vegetables and lentil?,কাস্টমার: শাকসবজি-ডাল কি আছে?,
Santali_dataset_parsed.csv,634,hɔt̪ɔt̪̚ʔ aɾ poʈol bʰɘɟi mena.a.,Waiter: We have fried gourd and pointed gourd.,ওয়েটার: লাউ আর পটোলভাজি আছে।,
Santali_dataset_parsed.csv,635,hako bʰɘɽt̪ɘ aɾ malhan bʰɘɾt̪ɘ mena.a.,Waiter: There is mashed fish and mashed beans.,ওয়েটার: মাছ ভর্তা ও শিম ভর্তা আছে।,
Santali_dataset_parsed.csv,636,"d̪ɘl ut̪u t̪ahɛ̃kange.ja, mɛnkʰan caba͡i̯ɛ̆na.","Waiter: There was lentil, but it's finished already.","ওয়েটার: ডাল ছিল, কিন্তু শেষ হয়ে গেছে।",
Santali_dataset_parsed.csv,637,"iɲd̪ɔ d̪aka, kɘʈiʲc̚ʔ hako ut̪u aɾ poʈol bʰɘɟi imɘɲmɛ.","Customer: Give me rice, small fish and fried pointed gourd.","কাস্টমার: আমাকে ভাত, ছোট মাছ আর পটোলভাজি দিবেন।",
Santali_dataset_parsed.csv,638,bɔt̪ɔl ɾe.jaʔ d̪aʔiɲ emama?,Waiter: Should I give you a bottle of water/ bottled water?,ওয়েটার: পানির বোতল/ বোতলের পানি দেব?,
Santali_dataset_parsed.csv,639,alɛʈʰɛʔ d̪ɔ ɾe.jaɽ aɾ imni d̪aʔhɔ̃ mena.a.,Waiter: We have both the cold and normal water.,ওয়েটার: আমাদের ঠান্ডা ও সাধারণ দুই ধরনের পানিই আছে।,
Santali_dataset_parsed.csv,640,bɔt̪ɔl d̪aʔ d̪ɔ baŋ laga͡o̯ɘ̆ɲɘ.,Customer: No need for bottled water.,কাস্টমার: বোতলের পানি লাগবে না।,
Santali_dataset_parsed.csv,641,iɲ d̪ɔ sɔŋgɛt̪ɛ d̪aʔhɔ̃ɲ ɘgu͡u̯kaʔa.,Customer: I have brought water with me.,কাস্টমার: আমি সাথে করে পানি নিয়ে এসেছি।,
Santali_dataset_parsed.csv,642,ɟahan hɛɽɛm ɟɔmaʔ mena.a.,Customer: Do you have any desserts/ sweets?,কাস্টমার: কোনো মিষ্টান্ন/ মিষ্টি কি আছে?,
Santali_dataset_parsed.csv,643,d̪ahe aɾ misʈi mena.a.,Waiter: There is curd and sweet.,ওয়েটার: দই ও মিষ্টি আছে।,
Santali_dataset_parsed.csv,644,t̪ahalɛ ɟɔm mucɘt̪̚ʔkat̪ɛ mit̪̚ʔ cukɘʔ d̪ahe imɘɲmɛ.,Customer: Then give me a cup of curd after I finish eating.,কাস্টমার: তাহলে খাওয়া শেষ হওয়ার পর এক কাপ দই দিবেন।,
Santali_dataset_parsed.csv,645,"mit̪̚ʔ hɔɽ lɘgit̪̚ʔ hako bʰɘɾt̪ɘ, hɔt̪ɔt̪̚ʔ ut̪u, sim ɟil ut̪u aɾ mit̪̚ʔ p͡leʈ d̪aka pekeʈɘɲpe.","Customer: Pack mashed fish, gourd curry, chicken and a plate of rice for one person.","কাস্টমার: একজনের জন্য মাছ ভর্তা, লাউ তরকারি, মুরগির মাংস আর এক প্লেট ভাত প্যাকেট করে দিন।",
Santali_dataset_parsed.csv,646,ma t̪ɔbɛ a͡i̯ma saɾha͡o̯.,"Waiter: Alright, thank you.","ওয়েটার: ঠিক আছে, ধন্যবাদ।",
Santali_dataset_parsed.csv,647,ɟɔhaɾ t̪i.jaŋ.,"Brother-in-law: Greetings, Brother-in-law.",শ্যালক: নমস্কার দুলাভাই।,
Santali_dataset_parsed.csv,648,cɛʔlɛka mɛnama?,Brother-in-law: How are you?,শ্যালক: কেমন আছেন আপনি?,
Santali_dataset_parsed.csv,649,iɲ d̪ɘ͡i̯ aɾ bʰɘgnitiɲ d̪ɔ ɔkaɾɛ menaʔkinɘ.,Brother-in-law: Where is my sister and niece?,শ্যালক: আমার দিদি এবং ভাগনি কোথায়?,
Santali_dataset_parsed.csv,650,"ɟɔhaɾ, bisgi minɘɲa.","Brother-in-law (2): Greetings, I am fine.","দুলাভাই: নমস্কার, আমি ভালো আছি।",
Santali_dataset_parsed.csv,651,uŋkin d̪ɔ haŋko ʈʰɛnkin cala͡o̯ăkana.,Brother-in-law (2): They went to the next door.,দুলাভাই: তারা পাশের বাড়িতে গেছে।,
Santali_dataset_parsed.csv,652,nit̪̚ʔgikin ɾu̯͡ɘɽa nahaʔ.,Brother-in-law (2): They will come back just about now.,দুলাভাই: এক্ষুণি চলে আসবে।,
Santali_dataset_parsed.csv,653,bʰit̪ɾisɛʲc̚ʔ hɛʲc̚ʔ kat̪ɛ d̪uɽup̚ʔmɛ.,Brother-in-law (2): You come inside and sit down.,দুলাভাই: তুমি ভিতরে এসে বসো।,
Santali_dataset_parsed.csv,654,bʰɘgnit̪iɲ bap̚la babɔt̪̚t̪ɛ kɔɽa sɛʲc̚ʔkʰɔn bɔlɛko hɛʲc̚ʔlena!,Brother-in-law: Heard that the potential groom's relatives were here for niece's wedding!,শ্যালক: ভাগনির বিয়ের জন্য নাকি ছেলের আত্মীয়রা এসেছিল!,
Santali_dataset_parsed.csv,655,kɔɽa d̪ɔ cɛt̪̚ʔɛ kɘmi̯͡a?,Brother-in-law: What does the potential groom do?,শ্যালক: ছেলে কী করে?,
Santali_dataset_parsed.csv,656,aɾ ɔkaɾɛ͡i̯ t̪ahɛ̃na?,Brother-in-law: Where does he live?,শ্যালক: কোথায় থাকে?,
Santali_dataset_parsed.csv,657,kɔɽa d̪ɔ ɖʰakaɾɛ͡i̯ t̪ahɛ̃na aɾ kic̚ɾiʔ ɾe.jaʔɛ bɘniɟa.].,"Brother-in-law (2): Potential groom lives in Dhaka, does clothing business.","দুলাভাই: ছেলে ঢাকায় থাকে, কাপড়ের ব্যবসা করে।",
Santali_dataset_parsed.csv,658,oŋko ɔɽaʔ d̪ɔ hana at̯oɾɛ.,Brother-in-law (2): His house is in our neighbouring village.,দুলাভাই: তার বাড়ি আমাদের পাশের গ্রামে।,
Santali_dataset_parsed.csv,659,bʰagegecɔ.,Brother-in-law: Good then.,শ্যালক: তাহলে ভালো।,
Santali_dataset_parsed.csv,660,kɔɽa babɔt̪̚t̪ɛ kʰɔckʰɔbɔɾpɛ hat̪a͡o̯kaʔa sɛ iɲgiɲ hat̪a͡ɔ̯a?,"Brother-in-law: Have you inquired about the potential groom, or should I make the inquiry myself?","শ্যালক: ছেলের ব্যাপারে খোঁজখবর নিয়েছেন, নাকি আমি খবর নেবো?",
Santali_dataset_parsed.csv,661,ɔna at̪oɾɛgi iɲɾɛn miʈɛʔ gat̪ekoɽa mena.ja.,Brother-in-law: I have a friend in that village.,শ্যালক: আমার এক বন্ধু আছে ওই গ্রামে।,
Santali_dataset_parsed.csv,662,kʰɔbɔɾɛm hat̪a͡o̯ d̪aɽe.jaʔa.,Brother-in-law (2): You could look into that.,দুলাাভাই: খোঁজ নিতে পারো।,
Santali_dataset_parsed.csv,663,iɲaʔ baɖa͡i̯lɛka kɔɽa d̪ɔ ɟɔt̪ɔsɛʲc̚ʔkʰɔnge.jɛ bʰagege.ja.,Brother-in-law (2): As far as I know the boy is good in all aspects.,দুলাভাই: আমার জানামতে ছেলে সব দিক দিয়ে ভালো।,
Santali_dataset_parsed.csv,664,net̪aɾ d̪ɔ bap̚laɾɛ a͡i̯ma kʰɔɾɔcɔʔa.,Brother-in-law: Marriage costs a lot now.,শ্যালক: বিয়েতে এখন অনেক খরচ হয়।,
Santali_dataset_parsed.csv,665,t̪iːɾɛ ʈaka pa͡i̯sa mena.atʰɔɾ?,Brother-in-law: Do you have money at your hands right now?,শ্যালক: টাকাপয়সা কি হাতে আছে?,
Santali_dataset_parsed.csv,666,ɛnt̪ɛ net̪aɾ d̪ɔ ɟiniskɔɾɛnaʔ d̪am hɔ̃ ɘɖi ɟɘsti.jena.,Brother-in-law: Because the prices of the goods have increased.,"শ্যালক: কারণ, জিনিসপত্রের দাম বেড়ে গেছে।",
Santali_dataset_parsed.csv,667,pasɛʲc̚ʔ ɟahan ɛ̃ʈ̚kɛʈɔ̃ɽe d̪ɔ baŋ hojoʔa.,Brother-in-law (2): Hope there will be no problem.,দুলাভাই: আশা করি সমস্যা হবে না।,
Santali_dataset_parsed.csv,668,peɽako ni̯͡ɘ mit̪̚ʔd̪in d̪uɽup̚ʔ hojoʔa.,Brother-in-law: Need to sit with relatives after fixing a day.,শ্যালক: আত্মীয়স্বজনকে নিয়ে একদিন বসা দরকার।,
Santali_dataset_parsed.csv,669,"ɟɔt̪ɔhɔɽ sã͡o̯tɛ galmaɾa͡o̯kat̪ebon goʈa.ja, onage bʰage.a.","Brother-in-law: It should be discussed with everyone and be decided only after then, it will be good.","শ্যালক: সবার সাথে আলোচনা করে সিদ্ধান্ত নেন, এটা ভালো হবে।",
Santali_dataset_parsed.csv,670,"sokol hilɘʔ d̪o cʰuʈige.ja, unhilɘʔd̪ɔ ɟɔt̪ɔkuku ɲamɔ.a.",Brother-in-law (2): Everyone will be available to discuss together on Friday holiday.,দুলাভাই: শুক্রবার ছুটির দিনে সবাইকে একসাথে পাওয়া যাবে।,
Santali_dataset_parsed.csv,671,unhilɘʔgi ɛɾa hɔpɔnko ni̯͡ɘ hɘɟuʔmɛ t̪ahlɛ.,Brother-in-law (2): On that day you will come along with your wife and children.,দুলাভাই: ওইদিন তুমি তোমার স্ত্রী ও সন্তানদের নিয়ে আসবে।,
Santali_dataset_parsed.csv,672,ma onagi t̪iɲaŋ.,"Brother-in-law: Alright, Brother-in-law.",শ্যালক: ঠিক আছে দুলাভাই।,
Santali_dataset_parsed.csv,673,ma t̪ahlɛ iɲd̪ɔɲ calaʔkana.,Brother-in-law: I'm going now.,শ্যালক: আমি এখন যাই।,
Santali_dataset_parsed.csv,674,ɔɽaʔɾɛhɔ̃ a͡i̯ma kɘmi mena.a.,Brother-in-law: There are lot of things to do at home.,শ্যালক: বাড়িতে অনেক কাজ আছে।,
Santali_dataset_parsed.csv,675,ma t̪ɔbɛ sokol hilɘʔgi ɲapam hojo.a.,"Brother-in-law (2): Well, see you on Friday.","দুলাভাই: আচ্ছা, শুক্রবার তোমার সাথে দেখা হবে।",
Santali_dataset_parsed.csv,676,cɛʔlɛkat̪ɛɲ gɔɽɔ d̪aɽeo̯͡ama?,Officer: How may I help you?,অফিসার: আপনাকে কীভাবে সাহায্য করতে পারি?,
Santali_dataset_parsed.csv,677,iɲaʔ mɔbaĭl pʰoniɲ at̪̚ʔakad̪a.,Service Recipient: My mobile phone is lost.,সেবা গ্রহণকারী: আমার মোবাইল ফোনটি হারিয়ে গেছে।,
Santali_dataset_parsed.csv,678,"ɔna pʰɔn d̪ɔ ɘɖi ɟɘɾuɽt̪iɲ, ced̪aʔ ɟe ɔna pʰonɾɛ ɘɖi ɟɘɾuɽ ɟɘɾuɽ pʰɔʈɔ mena.a.","Service Recipient: That phone is very much needed, because I have many important pictures in there.","সেবা গ্রহণকারী: ফোনটা খুব দরকার, কারণ সেখানে আমার গুরুত্বপূর্ণ অনেক ছবি আছে।",
Santali_dataset_parsed.csv,679,cekat̪ɛm at̪̚ʔked̪a?,Officer: How did you lose it?,অফিসার: কীভাবে হারিয়েছেন?,
Santali_dataset_parsed.csv,680,basɾɛ d̪ɛɟoʔ ɟɔkʰɛʲc̚ʔ iɲaʔ gubliɾɛɲ d̪ɔhɔleda.,Service Recipient: I put it in my pocket while boarding the bus.,সেবা গ্রহণকারী: বাসে উঠার সময় আমার পকেটে রেখেছিলাম।,
Santali_dataset_parsed.csv,681,bas kʰɔn pʰɛɖ̚kat̪ɛ ɔna d̪ɔ aɾ bɘɲ send̪ɾa ɲam led̪a.,Service Recipient: I couldn't find it no more after getting off the bus.,সেবা গ্রহণকারী: বাস থেকে নামার পরে সেটাকে আর খুঁজে পাইনি।,
Santali_dataset_parsed.csv,682,ho͡i̯ d̪aɽe.jaʔa gubli kʰɔn ɲuɾena aɾ baŋkʰan gubli kʰɔn kumɾu.jɛnt̪ama.,"Service Recipient: May have fallen out of pocket, or someone has stolen from the pocket.","সেবা গ্রহণকারী: হতে পারে পকেট থেকে পড়ে গেছে, অথবা কেউ পকেট থেকে চুরি করেছে।",
Santali_dataset_parsed.csv,683,amd̪ɔ miʔʈɛʲc̚ʔ ɟiɖi͡i̯ ho.joʔt̪ama.,Officer: You have to file a GD.,অফিসার: আপনাকে একটা জিডি করতে হবে।,
Santali_dataset_parsed.csv,684,ɟiɖi͡i̯ lɘgit̪̚ʔ amaʔ ɟat̪i̯͡o oɾom kagɔc̚ aɾ mɔbaĭl pʰon ɾe.jaʔ a͡i̯.em.i.a͡i̯ nɔmbɔɾ laga.a.,Officer: To file a GD you will need your national identity card and the IMEI number of the mobile phone.,অফিসার: জিডি করার জন্য আপনার জাতীয় পরিচয়পত্র এবং মোবাইল ফোনের আইএমইআই নম্বর লাগবে।,
Santali_dataset_parsed.csv,685,iɲaʔ ɟati̯͡ɔ̯ oɾom kagɔɟ d̪ɔ mena.a mɛnkʰan iɲaʔ mɔbaĭl pʰon ɾejaʔ a͡i̯.em.i.a͡i̯ nɔmbɔɾ d̪ɔ ɔkaɾɛɲ ɲama?,"Service Recipient: I have a national identity card, but where do I get the IMEI number?","সেবা গ্রহণকারী: আমার জাতীয় পরিচয়পত্র আছে, কিন্তু আইএমইআই নম্বর আমি কোথায় পাবো?",
Santali_dataset_parsed.csv,686,amaʔ mɔbaĭl pʰon ɾejaʔ pekeʈ̚ ɾigi ona nɔmbɔɾ d̪ɔ ɔl mena.a.,Officer: That number is written on your mobile phone's packet.,অফিসার: আপনার মোবাইল ফোনের প্যাকেটে ওই নম্বর লেখা আছে।,
Santali_dataset_parsed.csv,687,t̪ahɔlɛ iɲd̪ɔ aːɾhɔ̃ ɔɽaʔ calaʔ ho.joʔt̪iɲɘ.,Service Recipient: Then I have to go home again.,সেবা গ্রহণকারী: তাহলে আমাকে আবার বাড়িতে যেতে হবে।,
Santali_dataset_parsed.csv,688,mɛnkʰan iɲma bɘɲ ɔːl d̪aɽeʔ!,Service Recipient: But I can not write!,সেবা গ্রহণকারী: কিন্তু আমি তো লিখতে পারি না!,
Santali_dataset_parsed.csv,689,baŋ ceka.a.,Officer: No problem.,অফিসার: অসুবিধা নেই।,
Santali_dataset_parsed.csv,690,"nɔnɖɛ ɔkɔ͡i̯ opʰisaɾɛ t̪ahɛ̃n, unigi ɟiɖid̪ɔ͡i̯ ɔl gɔɽɔɔ̯͡ama.",Officer: The officer who will be here will help you to write the GD.,"অফিসার: এখানে যে অফিসার থাকবেন, তিনি আপনাকে জিডি লিখতে সহায়তা করবেন।",
Santali_dataset_parsed.csv,691,d̪isɘ kat̪ɛt̪̚ʔ ɟiɖi ɾi.jaʔ miʔʈɛʲc̚ʔ pʰɔʈɔkɔpi sɔŋgɛt̪ɛm id̪i t̪aɾa.ja.,Officer: Remember to take a photocopy of the GD with you.,অফিসার: মনে করে জিডির একটা ফটোকপি সাথে নিয়ে যাবেন।,
Santali_dataset_parsed.csv,692,maː t̪ɔbɛ a͡i̯ma saɾha͡o̯.,Service Recipient: Thank you very much.,সেবা গ্রহণকারী: আপনাকে অনেক ধন্যবাদ।,
Santali_dataset_parsed.csv,693,iɲ d̪ɔ ɖʰakaɲ cala.a.,Passenger: I will go to Dhaka.,যাত্রী: আমি ঢাকায় যাবো।,
Santali_dataset_parsed.csv,694,ɖʰaka calaʔ lɘgit̪̚ʔ apɛ.jaʔ ɟahan gɘɖi mena.a?,Passenger: Do you have any vehicle going toward Dhaka?,যাত্রী: আপনাদের কি কোনো গাড়ি আছে?,
Santali_dataset_parsed.csv,695,"hɛ̃, mɛnaʔge̯͡a.","Counter: Yes, there is.","কাউন্টার: হ্যাঁ, আছে।",
Santali_dataset_parsed.csv,696,am d̪ɔ t̪inɾɛ calaʔɛm mɛned̪a?,Counter: When do you want to leave?,কাউন্টার: আপনি কখন যেতে চান?,
Santali_dataset_parsed.csv,697,t̪ikin ɾe.jaʔ gɘɖi ɲamlɛnkʰan bʰage ho͡i̯ko.a.,Passenger: It is better for me to get the afternoon vehicle.,যাত্রী: দুপুরের গাড়ি পেলে আমার জন্য ভালো হয়।,
Santali_dataset_parsed.csv,698,ikɘkɘɲmɛ.,Counter: Excuse us.,কাউন্টার: ক্ষমা করবেন।,
Santali_dataset_parsed.csv,699,alɛ d̪ɔ t̪ikin ɾe.jaʔ ɟahan gɘɖi bɘnuʔ t̪alɛ̯͡a.,Counter: We don't have any vehicles this afternoon.,কাউন্টার: দুপুরে আমাদের কোন গাড়ি নেই।,
Santali_dataset_parsed.csv,700,set̪aʔ aɾ ɲind̪ɘd̪ɔm cala͡o̯ d̪aɽe.jaʔa.,Counter: You can go at morning and at night .,কাউন্টার: সকালে এবং রাতে আপনি যেতে পারবেন।,
Santali_dataset_parsed.csv,701,ɲind̪ɘ d̪ɔ gɘɖi t̪inɾɛpɛ aɽaga?,Passenger: What time does the night vehicle leave?,যাত্রী: রাতের গাড়ি কয়টায় ছাড়ে?,
Santali_dataset_parsed.csv,702,ɲind̪ɘ saɽɛ d̪ɔsʈasɛʲc̚ʔ bas ʈaɾminalkʰɔn gɘɖiko aɽaga.,Counter: The vehicle will leave the bus terminal at 10:30 PM.,কাউন্টার: রাত সাড়ে ১০টায় বাস টার্মিনাল থেকে ছাড়বে।,
Santali_dataset_parsed.csv,703,amd̪ɔ ponɛ d̪ɔsʈasɛʲc̚ʔ ka͡u̯nʈaɾɾɛm t̪ahɛ̃na.,Counter: You will be in the counter by 09:45 pm,কাউন্টার: আপনি পৌনে দশটার মধ্যে কাউন্টারে থাকবেন।,
Santali_dataset_parsed.csv,704,ʈikiʈ̚ t̪inɘʔ kat̪ɛ?,Passenger: How much is the ticket?,যাত্রী: টিকিট কত করে?,
Santali_dataset_parsed.csv,705,mɔ̃ɾɛ sã͡i̯ mɔ̃ɽɛgɛl ʈaka.,Counter: BDT 550.,কাউন্টার: ৫৫০ টাকা,
Santali_dataset_parsed.csv,706,d̪a.jakat̪ɛ iɲ d̪ɔ mit̪̚ʔʈɛʔ ʈikiʈ̚ imɘɲpɛ.,Passenger: Please give me a ticket.,যাত্রী: দয়া করে আমাকে একটা টিকিট দিন।,
Santali_dataset_parsed.csv,707,nɔʔɔ͡i̯t̪am amaʔ ʈikiʈ̚ d̪ɔ.,Counter: Here is your ticket.,কাউন্টার: এই নিন আপনার টিকিট।,
Santali_dataset_parsed.csv,708,ma t̪ɔbɛ mɔ̃ɟt̪ɛ calaʔmɛ.,Counter: May you go safely.,কাউন্টার: আপনি নিরাপদে যান।,
Santali_dataset_parsed.csv,709,gid̪ɾɘku sikʰnɘt̪̚ʔɾe.jaʔ ɟɘɾuɽ cɛt̪̚ʔkana baɖa.japɛ?,"Teacher: Students, do you know the purpose of education?","শিক্ষক: ছাত্রছাত্রীরা, তোমরা কি জানো শিক্ষার উদ্দেশ্য কী?",
Santali_dataset_parsed.csv,710,balɛ baɖa.ja mahasɔ͡i̯.,Student: We don't know sir.,শিক্ষার্থী: জানি না স্যার।,
Santali_dataset_parsed.csv,711,,Teacher: The purpose of education is to change behavior.,শিক্ষক: শিক্ষার উদ্দেশ্য আচরণের পরিবর্তন করা।,
Santali_dataset_parsed.csv,712,ɔna ijɘt̪ɛ t̪eheɲ d̪ɔ abu klasɾɛ cal cɔlɔn ni̯͡ebu galmaɾao̯͡a.,Teacher: That's why today we will talk about manners/etiquettes in class.,শিক্ষক: এই কারণে আজ আমরা ক্লাসে চালচলন/ আদবকায়দা নিয়ে আলাপ করবো।,
Santali_dataset_parsed.csv,713,mãhasɔ͡i̯ alɛ d̪ɔ cɛt̪̚ʔko cet̪̚ʔ hojoʔ tale.ja.,"Student: What do we have to learn, sir?",শিক্ষার্থী: আমাদের কী কী শিখতে হবে স্যার?,
Santali_dataset_parsed.csv,714,klasɾɛ mãhasɔ.jɛ bɔlɔlɛnkʰan ɟɔt̪ɔko t̪eŋgokat̪ɛ ɟohaɾa͡i̯pɛ.,"Teacher: When the teacher enters the class, everyone will stand and salute him/her.",শিক্ষক: ক্লাসে শিক্ষক এলে সবাই তাকে দাঁড়িয়ে সালাম/ সম্ভাষণ দিবে।,
Santali_dataset_parsed.csv,715,mãhasɔ͡i̯ alɛmalɛ noŋka͡i̯ge.,Student: We do it sir.,শিক্ষার্থী: এটা আমরা করি স্যার।,
Santali_dataset_parsed.csv,716,mãhasɔ̯͡i̯ alɛ d̪ɔ aɾ cɛt̪̚ʔ cɛt̪̚ʔ ceka͡i̯ hojoʔt̪alɛ.ja.,Student: What else do we need to do?,শিক্ষার্থী: আমাদের আর কী কী করা দরকার?,
Santali_dataset_parsed.csv,717,apɛ apɛ gɔpɔɽɔʔpɛ.,Teacher: You will help each other.,শিক্ষক: একে অপরকে সহযোগিতা করবে।,
Santali_dataset_parsed.csv,718,mɔ̃ɟt̪ɛ ɛʈaʔko̯͡aʔ kat̪ʰapɛ aɲɟɔma.,Teacher: Will listen carefully to others.,শিক্ষক: মনোযোগ দিয়ে অন্যের কথা শুনবে।,
Santali_dataset_parsed.csv,719,ɔko͡i̯ sã͡ɔ̯t̪ɛhɔ̃ alopɛ ɾɛʈʰa ɾɛʈʰi.a.,Teacher: You will not quarrel with anyone.,শিক্ষক: কারও সাথে ঝগড়া করবে না।,
Santali_dataset_parsed.csv,720,apɛ lɘʈuko kɘʈiʲc̚ʔkopɛ d̪ulɘɽko̯͡a.,Teacher: Elders will adore the younger ones.,শিক্ষক: বড়রা ছোটদের আদর করবে।,
Santali_dataset_parsed.csv,721,apɛ kɘʈiʲc̚ʔkohɔ̃ lɘʈukopɛ manɔt̪̚ʔko̯͡a.,Teacher: Youngers shall respect the elders.,শিক্ষক: ছোটরা বড়দের সম্মান করবে।,
Santali_dataset_parsed.csv,722,"mãhasɔ͡i̯, kɘʈiʲc̚ʔko alɛ.jaʔ kat̪ʰa bako aɲɟɔm lɘgid̪ɔʔkʰan?","Student: Sir, what if the youngers do not listen to us?",শিক্ষার্থী: ছোটরা যদি আমাদের কথা না শোনে?,
Santali_dataset_parsed.csv,723,laha d̪ɔ buɟʰhɘ͡o̯ăkopɛ.,Teacher: Explain to them in the beginning.,শিক্ষক: শুরুতে তাদের বুঝিয়ে বলবে।,
Santali_dataset_parsed.csv,724,inɘ t̪a͡inɔm kat̪ʰa bako aɲɟɔmlɛkʰan sasɔnkopɛ.,"Teacher: Even then, if they don't listen, you will teach them discipline.",শিক্ষক: এরপরেও কথা না শুনলে শাসন করবে।,
Santali_dataset_parsed.csv,725,buɟhɘ͡o̯ked̪alɛ mãhasɔ͡i̯.,Student: Got it sir.,শিক্ষার্থী: বুঝতে পেরেছি স্যার।,
Santali_dataset_parsed.csv,726,hanɖɛ nanɖɛ kat̪o̯͡aɾko alɔpɛ giɖi.ja.,Teacher: Don't litter anywhere.,শিক্ষক: যেখানে সেখানে ময়লা ফেলবে না।,
Santali_dataset_parsed.csv,727,ɖahaɾ paɾɔmɔʔ ɟɔkʰɛ banaɾsa ɲɛlkat̪ɛpɛ paɾɔmɔʔa.,"Teacher: When crossing the road, look carefully on both sides.",শিক্ষক: রাস্তা পার হওয়ার সময় দুই পাশে ভালোমত দেখে নিবে।,
Santali_dataset_parsed.csv,728,baŋkʰan gɘɖit̪ɛpɛ t̪ɘkiɟɔʔa.,"Teacher: Otherwise, you might get hit by a car.",শিক্ষক: তা না হলে গাড়ির সাথে ধাক্কা লাগতে পারে।,
Santali_dataset_parsed.csv,729,hɛ̃ː mãhasɔ͡i̯.,Student: Yes sir.,শিক্ষার্থী: জি স্যার।,
Santali_dataset_parsed.csv,730,ɔkɔ͡i̯hɔ̃ alopɛ ɛgɛɾko̯͡a.,Teacher: Don't scold anyone.,শিক্ষক: কাউকে গালি দেবে না।,
Santali_dataset_parsed.csv,731,mit̪̚ʔhɔɽ sã͡o̯t̪ɛ aɾ miʔ hɔɽ d̪ɔ alopɛ ɟuɾikinɘ.,Teacher: Do not compare one with another.,শিক্ষক: একজনের সাথে আরেকজনের তুলনা করবে না।,
Santali_dataset_parsed.csv,732,ɔko͡i̯hɔ̃ alopɛ nisɽɘ͡o̯ko̯͡a.,Teacher: Do not condemn anyone.,শিক্ষক: কারও নিন্দা করবে না।,
Santali_dataset_parsed.csv,733,a͡i̯ma saɾha͡o̯ mãhasɔ͡i̯.,Student: Thank you very much sir.,শিক্ষার্থী: অনেক ধন্যবাদ স্যার।,
Santali_dataset_parsed.csv,734,mɔ̃ɟt̪ɛ iɲaʔ kat̪ʰa aɲɟɔm lɘgit̪̚ʔ apɛhɔ̃ a͡i̯ma saɾha͡o̯.,Teacher: Thank you for listening carefully.,শিক্ষক: মনোযোগ দিয়ে কথা শোনার জন্য তোমাদেরকেও ধন্যবাদ।,
Santali_dataset_parsed.csv,735,"hend̪a ba, abo̯͡aʔ ɔɽaʔ d̪ɔ jut̪̚ʔ ho.jo.a.","Son: Father, we have to repair the house.","ছেলে: বাবা, আমাদের ঘরটা মেরামত করতে হবে।",
Santali_dataset_parsed.csv,736,"ced̪aʔ, oɽaʔ d̪ɔ ceka͡o̯ăkant̪ɛ?","Father: Why, what happened to the house?","বাবা: কেন, ঘরের কী হয়েছে?",
Santali_dataset_parsed.csv,737,am sɔhɔɽt̪ɛ cala͡o̯ ta͡i̯nɔm hɔ͡i̯d̪aʔ ho͡i̯lena.,Son: The storm hit after you went to town.,ছেলে: তুমি শহরে যাবার পর ঝড় এসেছিল।,
Santali_dataset_parsed.csv,738,ona hɔ͡i̯d̪aʔɾɛ abo ɔɽaʔ cet̪an mit̪̚ʔʈɛʔ d̪aɾi bʰind̪ɘɽakana.,Son: A tree fell on the house in that storm.,ছেলে: সেই ঝড়ে ঘরের উপরে একটা গাছ পড়ে গেছে।,
Santali_dataset_parsed.csv,739,ɔna i͡ɘt̪ɛ ɔɽaʔ ɾe.jaʔ mit̪̚ʔaɽi cal d̪ɔ ɾɘput̪̚ʔakana.,"Son: As a result, the shed on one side of the house was broken.",ছেলে: এর ফলে ঘরের এক পাশের চালা ভেঙ্গে গেছে।,
Santali_dataset_parsed.csv,740,nit̪̚ʔ ɔnɖɛkʰɔn d̪aʔ ɟɔɾɔʔkana.,Son: Now water falls through it.,ছেলে: এখন সেখান থেকে পানি পড়ে।,
Santali_dataset_parsed.csv,741,"d̪ɛla, miʔ sã͡o̯tɛlaŋ cala.a, ɲɛːlalaŋ ceka͡o̯ăkana.",Father: Let's go together and see what happened.,"বাবা: চলো, একসাথে গিয়ে দেখে আসি কী হয়েছে।",
Santali_dataset_parsed.csv,742,nɔʔɔ͡i̯ ɲɛlmɛ nɔ̯͡a d̪aɾe cɛʔlɛka bʰind̪ɘɽakana.,Son: Look how the tree is lying.,ছেলে: এই যে দেখো গাছটা কীভাবে পড়ে আছে।,
Santali_dataset_parsed.csv,743,"ɘɖi lɘʈu d̪aɾekana, ɔnat̪ɛ ɔɽaʔ ɾe.jaʔ cal d̪ɔ ɾɘput̪̚ʔakana.",Son: The tree was big that is why the house got broken.,"ছেলে: অনেক বড় গাছ, তাই ঘরের চালা ভেঙে গেছে।",
Santali_dataset_parsed.csv,744,"hɛ̃ː, ɲɛl ɲamɛ̃d̪ɘɲ.","Father: Yes, I can see.","বাবা: হ্যাঁ, আমি দেখতে পেয়েছি।",
Santali_dataset_parsed.csv,745,"hɛ̃ː, no̯͡a d̪aɾi ɔcɔʔ laha͡i̯ hojo.a.",Father: The tree must be removed first.,বাবা: আগে গাছটা সরাতে হবে।,
Santali_dataset_parsed.csv,746,"ni̯͡ɘ t̪a͡i̯nɔm naɔ̯͡a cal lɘgit̪̚ʔ ʈin, kaʈ, peɾek̚ kiɾiɲ hojo.a aɾ mist̪ɾi hɔ̃ hɔhɔ̯a͡i̯ hojo.a.","Father: Then have to buy tin, wood, nails for the new shed and have to call the mason.","বাবা: এরপর নতুন চালার জন্য টিন, কাঠ, পেরেক কিনতে হবে এবং মিস্ত্রি ডাকতে হবে।",
Santali_dataset_parsed.csv,747,"hend̪a baː, ɔka ɟinis t̪inɘʔganiɲ agu.ja?","Son: Father, how much should I bring all of these?","ছেলে: বাবা, কোন জিনিস কী পরিমাণে আনবো?",
Santali_dataset_parsed.csv,748,no̯͡a d̪ɔ iɲ kʰɔn mit̪̚ʔʈɛʲcʔ mist̪ɾigi bʰage͡i̯ lɘ͡i̯ d̪aɽe.jaʔa.,Father: A mason can say that better than me.,বাবা: সেটা আমার চেয়ে একজন মিস্ত্রি ভালো বলতে পারবে।,
Santali_dataset_parsed.csv,749,iɲd̪ɔ t̪ahalɛ mit̪̚ʔʈɛʲcʔ mistɾiɲ ɘgu maɽaŋka͡i̯ligi.,Son: Then I am calling a mason first to bring him.,ছেলে: আমি তাহলে আগে মিস্ত্রিকে ডেকে নিয়ে আসি।,
Santali_dataset_parsed.csv,750,mist̪ɾi t̪inɘʔ d̪aɾmaha͡i̯ hat̪aɔ̯͡a ona d̪ɔ uni sã͡ot̪ɛ goʈa ɘgu͡i̯mɛ.,Father: Fix how much the mason will be paid daily.,"বাবা: মিস্ত্রি প্রতিদিন কত টাকা মজুরি নেবে, সেটা ঠিক করে নিও।",
Santali_dataset_parsed.csv,751,mist̪ɾi lɘgit̪̚ʔ iɲ d̪ɔ d̪inɘm mit̪̚ʔ haɟaɾ ʈaka kʰɔn ɟɘst̪i bɘɲ ɛm d̪aɽeɔ̯͡aʔa.,Father: I can't pay more than BDT 1000 per day for the mason.,বাবা: মিস্ত্রির জন্য প্রতিদিন ১০০০ টাকার বেশি দিতে পারবো না।,
Santali_dataset_parsed.csv,752,"ac̚cʰa baba, iɲd̪ɔ d̪aɾmahaɲ gɔʈa ɘgu.ja nahaʔ.","Son: Okay father, I will fix the wages.","ছেলে: ঠিক আছে বাবা, আমি মজুরি ঠিক করে নেবো।",
Santali_dataset_parsed.csv,753,iɲd̪ɔ mist̪ɾi ʈʰɛnkʰɔn baɖa͡i̯ɟɔŋ t̪a͡i̯nɔm ɟiniskuɲ kiɾiɲ ɘgu.ja?,Son: Shall I buy the things after knowing from the mason?,ছেলে: আমি কি মিস্ত্রির কাছ থেকে জানার পর জিনিসগুলো কিনে নিয়ে আসবো?,
Santali_dataset_parsed.csv,754,"baŋ, lahaɾɛ d̪ɔ alɔm kiɾiɲa.","Father: No, no need to buy first.","বাবা: না, আগে কেনার দরকার নেই।",
Santali_dataset_parsed.csv,755,mist̪ɾi ɔɽaʔ ɾe.jaʔ ɔbɔst̪a ɲɛlocokat̪ɛ aːd̪ɔ ɟinisko kiɾiɲɛm calaʔa.,"Father: After seeing the condition of the house by the mason, go and buy things.",বাবা: মিস্ত্রি ঘরের অবস্থা দেখার পর কিনতে যেও।,
Santali_dataset_parsed.csv,756,maːt̪ɔbɛɲ calaʔkana.,"Son: Alright Father, I am going.","ছেলে: আচ্ছা বাবা, আমি যাচ্ছি।",
Santali_dataset_parsed.csv,757,iɲaʔ baɽgeɾe.jaʔ hoɽo goɖoko ɟɔm cabaʲɛt̪̚ʔkana.,Farmer 1: Rats are eating the rice of my field.,কৃষক ১: আমার ক্ষেতের ধান ইঁদুর খেয়ে ফেলছে।,
Santali_dataset_parsed.csv,758,goɖo lagako lɘgit̪̚ʔ cɛt̪̚ʔ ceka͡i̯ hojo.a?,Farmer 1: What can be done to get rid of rats?,কৃষক ১: ইঁদুর তাড়ানোর জন্য কী করা যায়?,
Santali_dataset_parsed.csv,759,goɖo lagako lɘgit̪̚ʔ baɾe̯͡alɛkan kɘmi mena.a.,Farmer 2: Rats can be chased in two ways.,কৃষক ২: দুইভাবে ইঁদুর তাড়ানো যায়।,
Santali_dataset_parsed.csv,760,,Farmer 2: You can catch mice by setting traps around the field.,কৃষক ২: ক্ষেতের চারপাশে ফাঁদ পেতে ইঁদুর ধরতে পারো।,
Santali_dataset_parsed.csv,761,,#5,baɽge bɛɽha͡i̯t̪ɛ siʈɘp̚ʔ oɖa͡o̯kat̪ɛ goɖo sap̚ʔko.],
Santali_dataset_parsed.csv,762,baŋkʰan ɟɔmaʔ sã͡o̯t̪ɛ bis mɛsal kat̪ɛ baɽgiɾɛ d̪ɔhɔ͡i̯ hojoʔa.,"Farmer 2: Other than that, you can mix poison with food and put it in the field.",কৃষক ২: এ ছাড়া খাবারের সাথে বিষ মিশিয়ে ক্ষেতে রাখতে পারো।,
Santali_dataset_parsed.csv,763,pɘhilɾɛ iɲd̪ɔ siʈɘp̚ʔ ɔɖa͡o̯kat̪ɛ goɖo sap̚ʔiɲ mɛnled̪a.,Farmer 1: I initially wanted to catch mice by traps.,কৃষক ১: আমি শুরুতে ফাঁদ পেতে ইঁদুর ধরতে চেয়েছিলাম।,
Santali_dataset_parsed.csv,764,"mɛnkʰan nokod̪ɔ bako siʈɘbɔ.a, nokod̪ɔ ɘɖi calak̚.","Farmer 1: But rats are very clever, so the trap is not working.","কৃষক ১: কিন্তু ইঁদুর অনেক চালাক, তারা ফাঁদে পড়ে না।",
Santali_dataset_parsed.csv,765,ni̯͡ɘd̪ʰa͡ɔ̯ d̪ɔ ɟɔmaʔ sã͡o̯t̪ɛ bis mɛsal kat̪ɛʔ baɽgeɾɛ hanɖɛ nanɖɛ d̪ɔhɔkam.,Farmer 2: Then mix the poison with the food and put it in different places in the field.,কৃষক ২: তাহলে খাবারের সাথে বিষ মিশিয়ে ক্ষেতের বিভিন্ন জায়গায় রেখে দাও।,
Santali_dataset_parsed.csv,766,inɘkʰan goɖo aɾ bako t̪ahɛ̃na.,Farmer 2: Then there will be no more rats.,কৃষক ২: তাহলে ইঁদুর আর থাকবে না।,
Santali_dataset_parsed.csv,767,hɛ̃ noŋkagiɲ kɘmi̯͡a.,"Farmer 1: Yes, that's what has to be done.","কৃষক ১: হ্যাঁ, এটাই করতে হবে।",
Santali_dataset_parsed.csv,768,cala͡o̯ɛn sɛɾmaɾɛ goɖo iɲaʔ baɽgiɾɛ a͡i̯ma hoɽoko ɟɔm giɖiked̪a.,Farmer 1: Rats ate a lot of my rice last year.,কৃষক ১: গতবছর ইঁদুর আমার অনেক ধান খেয়ে ফেলেছে।,
Santali_dataset_parsed.csv,769,hoɽo gɛt̪̚ʔ t̪a.jɔm baɽgeɾɛ a͡i̯ma goɖo bʰugɘʔlɛ ɲamked̪a.,"Farmer 1: After harvesting paddy, I found many holes in the field.",কৃষক ১: ধানকাটা শেষ করার পর ক্ষেতের মধ্যে অনেকগুলো গর্ত পেয়েছিলাম।,
Santali_dataset_parsed.csv,770,ona bʰugɘʔkoɾɛ a͡i̯ma hoɽo t̪ahɛ̃lena.,Farmer 1: There was a lot of rice in those holes.,কৃষক ১: সেই গর্তগুলোর মধ্যে অনেক ধান ছিল।,
Santali_dataset_parsed.csv,771,ni̯͡ɘd̪ʰa͡o̯ hɘʈi̯͡ɘɾɛ hoɽo d̪am d̪ɔ t̪ʰɔɽage̯͡a.,Farmer 2: This year the price of rice is low in the market.,কৃষক ২: এবার বাজারে ধানের দাম কম।,
Santali_dataset_parsed.csv,772,a͡i̯ma ɔkt̪ɛɾɛ hoɽo ɘkʰɾiɲkat̪ɛ abat̪̚ kʰɔɾɔcʔ baŋ ɲamʔkana.,Farmer 2: Many times the cost of cultivation cannot be met by selling paddy.,কৃষক ২: অনেক সময় ধান বিক্রি করে চাষের খরচ উঠানো যায় না।,
Santali_dataset_parsed.csv,773,goɖo hoɽoko ɟɔmgiɖilekʰan aɾ ceka͡i̯ ɾenaʔ cɛt̪̚ʔhɔ̃ baŋ t̪ahɛ̃na.,"Farmer 2: If the rats eat the rice, there is no other way.",কৃষক ২: ইঁদুর ধান খেয়ে ফেললে আর উপায় থাকে না।,
Santali_dataset_parsed.csv,774,ɟɔt̪ʰat̪ɛm mɛːnakaʔa.,Farmer 1: You are right.,কৃষক ১: ঠিক বলেছো।,
Santali_dataset_parsed.csv,775,cala͡o̯ɛn sɛɾma iɲaʔhɔ̃ noŋkage ho͡i̯lena.,Farmer 1: Same thing happened to me last year.,কৃষক ১: গত বছর আমার সাথেও তাই ঘটেছিল।,
Santali_dataset_parsed.csv,776,"iɲaʔ hoɽo d̪aɾeko sasaŋ cabaʔkana, ceʔiɲ ceka.ja lɘ.jɘɲmɛsɛ.","Farmer 2: My rice plant is turning yellow, what can be done?","কৃষক ২: আমার ধানগাছ হলুদ হয়ে যাচ্ছে, কী করা যায় বলো তো?",
Santali_dataset_parsed.csv,777,d̪aɾe nɔŋka t̪ahɛ̃lɛnkʰan hoɽo d̪ɔ mɔ̃ɟ baŋ ho.jo.a.,"Farmer 2: If the plant is like this, it will not produce properly.",কৃষক ২: গাছ এ রকম থাকলে ঠিকমত ফলন হবে না।,
Santali_dataset_parsed.csv,778,iɲaʔ hoɽo d̪aɾi d̪ɔ nit̪̚ʔhɔ̃ baŋ noŋkaɔ̯͡akana.,Farmer 1: Nothing like this has happened to my paddy yet.,কৃষক ১: আমার ধানে এখনও এরকম কিছু হয়নি।,
Santali_dataset_parsed.csv,779,t̪inɘʔlɘʈu baɽgiɾɛ t̪inɘʔ sahaɾ laga.a ɔna d̪ɔm baɖa͡i̯gi.ja?,Farmer 2: Do you know how much fertilizer is needed on the land?,কৃষক ২: কতটুকু জমিতে কী পরিমাণে সার দিতে হয় — এটা কি জানো?,
Santali_dataset_parsed.csv,780,"baŋ, t̪inɘʔ sahaɾ laga.a ɔŋa d̪ɔ bɘɲ baɖa.ja.","Farmer 1: No, I don't know how much fertilizer will be required.","কৃষক ১: না, কী পরিমাণে সার দিতে হয় — এটা আমি জানি না।",
Santali_dataset_parsed.csv,781,bʰage ho.joʔa am d̪ɔ kɾisi opʰisaɾʈʰɛn cala͡o̯ kat̪ɛt̪̚ʔ baɖa͡i̯ɟɔŋmɛ.,Farmer 1: It will be better if you go to the agricultural officer and know from him.,কৃষক ১: ভালো হয় — যদি তুমি কৃষি অফিসারের কাছ থেকে জেনে নাও।,
Santali_dataset_parsed.csv,782,maː ɔnage.,Farmer 2: Alright.,কৃষক ২: ঠিক আছে।,
Santali_dataset_parsed.csv,783,iɲhɔ̃ oŋkageɲ kɘmi̯͡a.,Farmer 2: That's what I'll do.,কৃষক ২: আমি এটাই করবো।,
Santali_dataset_parsed.csv,784,pɔɾɔb ma hɛʲc̚ʔ sɛʈɛɾɛn!,Neighbor 1: Festival is almost here!,প্রতিবেশী ১: উৎসব তো এসে গেল!,
Santali_dataset_parsed.csv,785,ɔɽaʔd̪u̯͡ɘɾɛm saɟa͡o̯ked̪a?,Neighbor 1: Have you decorated the house?,প্রতিবেশী ১: বাড়িঘর কি সাজিয়েছেন?,
Santali_dataset_parsed.csv,786,no̯͡ako kɘmi d̪ɔ gid̪ɾɘkogiku kɘmi.ja.,Neighbor 2: Children do these now.,প্রতিবেশী ২: এগুলো এখন ছেলেমেয়েরাই করে।,
Santali_dataset_parsed.csv,787,"pɔɾɔb ɟe laha lɛka baŋ hojoʔkan, no̯͡a d̪ɔm buɟhɘ͡o̯ĕd̪a?",Neighbor 1: Have you noticed that the festival is not the same as before?,"প্রতিবেশী ১: উৎসব যে আগের মত নেই, এটা কি আপনি খেয়াল করেছেন?",
Santali_dataset_parsed.csv,788,nɛt̪aɾ d̪ɔ ɘɾi cali bɘgikat̪ɛ ɛnɛʲc̚ʔ siɾiɲge ɟɘst̪i hojoʔkana.,Neighbor 1: Now there is more singing and dancing than programs and rituals.,প্রতিবেশী ১: এখন আচার-অনুষ্ঠানের চেয়ে গান-বাজনাই বেশি হয়।,
Santali_dataset_parsed.csv,789,"hɛ̃, gid̪ɾɘkod̪ɔ ɘɖi ɾaŋga͡o̯ seɾeɲko aɾaʔkaʔa aɾ ko kɘ͡o̯mɘ͡o̯ɔʔa.","Neighbor 2: Yes, the children are playing loud music and shouting these days.","প্রতিবেশী ২: হ্যাঁ, ছেলেমেয়েরা জোরে জোরে গান বাজায় আর হই-হুল্লোড় করে।",
Santali_dataset_parsed.csv,790,nɛt̪aɾ d̪ɔ haʈ baɟaɾlɛka kiɾiɲ ɘkʰɾiɲgi ɟɘst̪i hojoʔkana.,Neighbor 2: Now many shopkeepers sit and sell their stuff.,প্রতিবেশী ২: এখন অনেক দোকানপাট বসে আর বেচাকেনা হয়।,
Santali_dataset_parsed.csv,791,iɲ d̪isɘ͡i̯d̪a kɘʈiʲc̚ʔɾɛ iɲd̪ɔ iɲbabaɔ̯͡aʔ t̪i sap̚ʔ kat̪ɛ mɛlaɲ calaʔkan t̪ahɛ̃na.,"Neighbor 1: I remember, when I was a child, I used to go to the fair holding my father's hand.","প্রতিবেশী ১: আমার মনে আছে, ছোটবেলায় আমি বাবার হাত ধরে মেলায় যেতাম।",
Santali_dataset_parsed.csv,792,pɛɽa ɔɽaʔkoɾɛɲ d̪aɽankan t̪ahɛ̃na.,Neighbor 1: I used to visit my relatives' houses.,প্রতিবেশী ১: আত্মীয়স্বজনের বাড়িতে বেড়াতাম।,
Santali_dataset_parsed.csv,793,lɘʈukuɲ ɖɔbɔʔakokan t̪ahɛ̃na.,Neighbor 1: I used to greet the elders with bowing down.,প্রতিবেশী ১: বয়স্কদের প্রণাম করতাম।,
Santali_dataset_parsed.csv,794,aɾ uŋku d̪ɔ ɘsiɾbat̪̚kat̪ɛ ɟahanaʔko imɘɲkan t̪ahɛ̃na.,Neighbor 1: They used to bless me and gave me gifts.,প্রতিবেশী ১: তারা আমাকে আশীর্বাদ করতেন এবং উপহার দিতেন।,
Santali_dataset_parsed.csv,795,aɾ ɘpuɲ d̪ɔ alɛ nao̯͡a kic̚ɾiʲc̚ʔɛ kiɾiɲalɛkan t̪ahɛ̃na.,Neighbor 2: Father used to buy new clothes for us.,প্রতিবেশী ২: বাবা আমাদের জন্য নতুন জামা কিনে দিতেন।,
Santali_dataset_parsed.csv,796,naɔ̯͡a kic̚ɾiʲc̚ʔ hɔɾɔʔ kat̪ɛ alɛ d̪ɔ ɾɘskɘ t̪ɛ hana ɔɽaʔ nʰaɔ̯͡a ɔɽaʔlɛ ɘcuɾɔʔkan t̪ahɛ̃na.,Neighbor 2: We used to go from house to house wearing new clothes.,প্রতিবেশী ২: আমরা নতুন জামা-কাপড় পরে এই বাড়ি ওই বাড়ি ঘুরে ঘুরে আনন্দ করতাম।,
Santali_dataset_parsed.csv,797,ɔka ɔɽaʔlɛ calaʔ ɔna ɔɽaʔɾɛge ɟɔmko emalɛkan t̪ahɛ̃na.,Neighbor 2: We were offered food at any houses we used to visit.,"প্রতিবেশী ২: যে বাড়িতে যেতাম, সেই বাড়িতে আমাদের খেতে দেওয়া হতো।",
Santali_dataset_parsed.csv,798,alɛ d̪ɔ ɽɘskɘt̪ɛlɛ ɛnɛʲc̚ʔ seɾeɲɟɔŋkan t̪ahɛ̃na.,"Neighbor 1: We used to be singing, dancing, having fun and everything.","প্রতিবেশী ১: আমরা গান-বাজনা, নাচানাচি, আনন্দফূর্তি সবই করতাম।",
Santali_dataset_parsed.csv,799,mɛnkʰan alɛ d̪ɔ balɛ kɘ͡o̯mɘ͡o̯ăka.a sɛ ɾaŋga͡o̯t̪ɛ siɾiɲ aɽaʔkat̪ɛ hɔɽku d̪ɔ balɛ ed̪ɾe oco̯͡akaʔko̯͡a.,"Neighbor 1: But we didn't make so much chaos, we didn't disturb people by playing loud music.","প্রতিবেশী ১: কিন্তু এত হইচই করিনি, জোরে গান বাজিয়ে লোকজনকে বিরক্ত করিনি।",
Santali_dataset_parsed.csv,800,unɟɔkʰɛc̚ʔ d̪ɔ hana at̪o nʰaɔ̯͡a at̪o hana gʰaɾɔ̃ɟ nʰao̯͡a gʰaɾɔ̃ɟ calaʔ hɘɟuʔ t̪ahɛ̃kant̪ako̯͡a.,"Neighbor 1: Back then there used to be communications from neighborhood to neighborhood, family to family.","প্রতিবেশী ১: তখন পাড়ায়-পাড়ায়, পরিবারে-পরিবারে যোগাযোগ হতো।",
Santali_dataset_parsed.csv,801,"kɘʈiʲc̚ʔko d̪ɔ lɘʈukoko manɔt̪ɛʔko t̪ahɛ̃na, aɾ lɘʈukod̪ɔ kɘʈiʲc̚ʔkoko d̪ulɘɽɛʔko t̪ahɛ̃na.",Neighbor 2: The youngers respected the elders and the elders adored the youngers.,প্রতিবেশী ২: ছোটরা বড়দের সম্মান করতো এবং বড়রা ছোটদের স্নেহ করতো।,
Santali_dataset_parsed.csv,802,ɟɔt̪ɔ hɔɽ ɟɔt̪ɔ hɔɽaʔ boge ɟud̪ɘku baɖa͡i̯ɟɔŋkan t̪ahɛ̃na.,Neighbor 2: Everyone used to look out for everyone.,প্রতিবেশী ২: সবাই সবার খোঁজখবর রাখতো।,
Santali_dataset_parsed.csv,803,net̪aɾ d̪ɔ ɟɔt̪ɔgi ɟud̪ɘ cabaʔkana.,Neighbor 1: Everything is getting changed now.,প্রতিবেশী ১: এখন সবকিছু বদলে যাচ্ছে।,
Santali_dataset_parsed.csv,804,ad̪ɔmko d̪ɔ aɖɛpasɛɾɛnko̯͡aʔ bugeɟud̪ɘhɔ̃ bako baɖa͡i̯kana.,Neighbor 1: Many people don't even look out for their neighbors.,প্রতিবেশী ১: অনেকে তাদের পাশের বাড়ির খবরও রাখে না।,
Santali_dataset_parsed.csv,805,"hɛ̃, ɟɔt̪ʰat̪̚gim ɾɔːɽakaʔa.","Neighbor 2: Yes, you have told the right thing..","প্রতিবেশী ২: হ্যাঁ, ঠিক বলেছ।",
Santali_dataset_parsed.csv,806,abu no̯͡ako babɔt̪̚ʔt̪ɛ sɔnt̪ɔɾ t̪ahɛ̃n hojoʔ t̪abona.,Neighbor 1: We have to be careful about these things.,প্রতিবেশী ১: আমাদেরকে এইসব ব্যাপারে সতর্ক থাকতে হবে।,
Santali_dataset_parsed.csv,807,hɔɽmɔɾɛ gid̪ɾɘ hɛʲc̚ʔ t̪a.jɔm t̪a.jɔmge gɔgɔ hɔɽaʔ ɖakt̪aɾʈʰɛʲc̚ʔ calaʔ ɟɘɾuɽa.,A pregnant woman (mother) should visit a doctor immediately right after conception.,গর্ভধারণের পরপরই গর্ভবতী মায়ের ডাক্তারের কাছে যাওয়া উচিত।,
Santali_dataset_parsed.csv,808,nɔŋkan ɔkt̪ɛɾɛ kɘʈiʲc̚ʔ lɘʈu ɟãhalɛkan ɾu̯͡ɘge baŋ pɔsɽa͡o̯ ho.jo.a.,Any minor ailment should not be neglected during this time.,এই সময়ে কোনো ছোটোখাটো অসুখকেও অবহেলা করা উচিত/ ঠিক নয়।,
Santali_dataset_parsed.csv,809,no̯͡a ɔkt̪ɛɾɛ ganɔʔ baŋ ganɔʔ kɘmiko d̪ɔ ɖak̚t̪aɾ ʈʰɛn kʰɔn baɖa͡i̯ɟɔŋ ho.jo.a.,It is better to know from the doctor what needs to be done at this time.,এই সময়ে কী কী করা দরকার তা ডাক্তারের কাছ থেকে জেনে নেয়া ভালো।,
Santali_dataset_parsed.csv,810,ɔna ɔkt̪ɛ cɛt̪̚ʔ cɛt̪̚ʔ ɟɔm lɛkʰan gid̪ɾɘ aɾ gɔgɔ hɔɽaʔ boge ho.jo.a ɔnahɔ̃ ɲɛl ho.jo.a.,"In this time, attention should be paid to what kind of food one gives the mother to eat so that both the baby and the mother will be well.",এই সময় কী কী খাবার খেলে বাচ্চা ও মা দুজনই ভালো থাকবে — সেদিকে নজর দিতে হবে।,
Santali_dataset_parsed.csv,811,ɟahan hamal kɘmi kɘmi͡i̯ d̪ɔ pɛɾɛʲc̚ʔ hɔɽmɔ gɔgɔ hɔɽaʔ baŋ ganɔ.a.,A pregnant mother should not do any heavy work.,গর্ভবতী মায়ের কোনো ভারি কাজ করা উচিত নয়।,
Santali_dataset_parsed.csv,812,hamal hɔɽmɔ gɔgɔhɔɽ d̪ɔ bʰage bʰage ɟɔm ɲu emako ho.jo.a.,A pregnant mother should always be given nutritious/good food.,গর্ভবতী মা-কে সবসময় পুষ্টিকর/ ভালো ভালো খাবার দিতে হবে।,
Santali_dataset_parsed.csv,813,no̯͡a ɔk̚t̪ɛ bɛgɔɾ ɟɔmt̪ɛ baŋ t̪ãhɛn ho.jo.a.,During this time fasting is not permitted.,এই সময় উপোস করা/ না খেয়ে থাকা যাবে না।,
Santali_dataset_parsed.csv,814,gɔgɔ hɔɽaʔ hɔɽmɔ ɟɛnɔ ɘɖi ɟɘst̪i baŋ hamalɔʔt̪a͡i̯ ɔnt̪ɛhɔ̃ ɲɛl ho.j.a.,We have to be careful so that the mother's body does not become too heavy.,মায়ের শরীর যেন বেশি ভারি হয়ে না যায় সেদিকে খেয়াল রাখতে হবে।,
Santali_dataset_parsed.csv,815,hɔɽmɔ ɘɖi ɟɘst̪i hamal lɛnkʰan uni gɔgɔ hɔɽaʔ a͡i̯malɛkan ɾu̯͡ɘ haso ho͡i̯ d̪aɽe.jaʔa.,"If the pregnant woman's body becomes too heavy, various diseases can attack.",গর্ভবতীর শরীর বেশি ভারি হয়ে গেলে নানারকম অসুখ হতে পারে।,
Santali_dataset_parsed.csv,816,"ɟohaɾ, ɖak̚t̪aɾɛm mɛnd̪a?","Nipa: Hello, (Greetings)! Is the Doctor speaking?","নিপা: হ্যালো, (নমস্কার)! ডাক্তার বলছেন?",
Santali_dataset_parsed.csv,817,hɛɲ mɛnɛd̪a.,"Doctor: Yes, I am speaking.","ডাক্তার: জী, বলছি।",
Santali_dataset_parsed.csv,818,iɲɾɛn kɔɽa gid̪ɾɘɔ̯͡aʔ huʈgɘɾit̪ɛ mand̪a aɾ ciɖiɾ ɛhɔb̚ʔakant̪a.ja.,Nipa: My son got attacked by a sudden cold and diarrhoea.,নিপা: আমার ছেলেটার হঠাৎ করে সর্দি আর পাতলা পায়খানা শুরু হয়েছে।,
Santali_dataset_parsed.csv,819,amɾɛn gid̪ɾɘɔ̯͡aʔ t̪inɘʔ umɘɾ.,Doctor: How old is your child?,ডাক্তার: আপনার বাচ্চার বয়স কত?,
Santali_dataset_parsed.csv,820,uni.jaʔ umɘɾ gɛl cand̪o.,Nipa: He is 10 months old.,নিপা: তার বয়স ১০ মাস।,
Santali_dataset_parsed.csv,821,uni.jaʔ hɔɽmɔɾɛ cɛt̪̚ʔ ɾu̯͡ɘ mɛna.a?,Doctor: Does he have a fever?,ডাক্তার: তার গায়ে কি জ্বর আছে?,
Santali_dataset_parsed.csv,822,"hɔɽmɔɾɛ ɾu̯͡ɘ bɘnua, t̪ɔbɛ hɔɽmɔ t̪ʰɔɽa lɔlɔge mɛna.a.","Nipa: Not a fever, but his body is slightly warm.","নিপা: গায়ে জ্বর নেই, তবে গা কিছুটা গরম হয়ে আছে।",
Santali_dataset_parsed.csv,823,gid̪ɾɘɔ̯͡aʔ ni̯͡ɘ halɔt̪̚ʔ t̪inɘʔdinkʰɔn?,Doctor: How long has this condition been for the child?,ডাক্তার: বাচ্চার এই অবস্থা কতদিন ধরে?,
Santali_dataset_parsed.csv,824,hɔla ɲind̪ɘkʰɔn ni̯͡ɘ halɔt̪̚ʔ ɛhɔp̚ʔakanta.ja.,Nipa: This situation started from last night.,নিপা: গতকাল রাত থেকে এই অবস্থা শুরু হয়েছে।,
Santali_dataset_parsed.csv,825,sɛt̪aʔkʰɔn uni t̪inɘʔd̪ʰa͡o̯ɛ ʈɘnɖi.jakad̪a.,Doctor: How many times has he defecated since morning?,ডাক্তার: সকাল থেকে কতবার পায়খানা করেছে সে?,
Santali_dataset_parsed.csv,826,set̪aʔkʰɔn uniː mɔ̃ɽɛd̪ʰaɔ̯͡͡ɛ ʈɘnɖi.jakad̪a.,Nipa: He has defecated 5 times since morning.,নিপা: সকাল থেকে সে ৫ বার পায়খানা করেছে।,
Santali_dataset_parsed.csv,827,ʈɘnɖit̪ɛt̪̚ʔd̪ɔ cɛt̪̚ʔ lɛhɛɾge.ja sɛ kɛʈɛʲc̚ʔge.ja.,Doctor: Is the stool thin or thick?,ডাক্তার: পায়খানা কী পাতলা নাকি ঘন?,
Santali_dataset_parsed.csv,828,ɘɖi ɟɘst̪id̪ɔː baŋ lɛhɛɾa.,Nipa: Not too thin.,নিপা: খুব বেশি পাতলা নয়।,
Santali_dataset_parsed.csv,829,sɛla.jin ɲu ŭcu.jɛm.,Doctor: Give him saline to drink.,ডাক্তার: স্যালাইন খাওয়ান।,
Santali_dataset_parsed.csv,830,ɖab ɾe.jaʔ d̪aʔ hɔ̃m ɲu oco d̪aɽeo̯͡a.ja.,Doctor: You can also give him coconut water to drink.,ডাক্তার: ডাবের পানিও খাওয়াতে পারেন।,
Santali_dataset_parsed.csv,831,aɾ ɾu̯͡ɘ t̪ahɛnkʰan ni.jɘ ɾaːnɛm ɟɔmŏco͡i̯.ja.,"Doctor: And, if he has a fever, give him [this] medicine.",ডাক্তার: আর জ্বর থাকলে (এই) ওষুধটা খাওয়াবেন।,
Santali_dataset_parsed.csv,832,ɾan aɾ kɔɽam ɾe.jaʔ t̪o̯͡a baɾhɛ cɛt̪̚ʔ gid̪ɾɘ d̪ɔ ɟɘ͡o̯ d̪akaɲ ɟɔm oco d̪aɽeɔ̯͡a.ja?,Nipa: Should I feed the baby rice porridge in addition to the medicine and breast milk?,নিপা: ওষুধ আর বুকের দুধের বাইরে কি বাচ্চাকে জাউ ভাত খাওয়াবো?,
Santali_dataset_parsed.csv,833,ɟɘɾuɽ bɘnu.a.,Doctor: No need to do that.,ডাক্তার: দরকার নেই।,
Santali_dataset_parsed.csv,834,"amd̪ɔ ai̯͡ma saɾha͡o̯, ɟohaɾ.","Nipa: Thank you, (Greetings).","নিপা: ধন্যবাদ আপনাকে, (নমস্কার)।",
Santali_dataset_parsed.csv,835,alɛ ɔɽaʔ aɽeɾɛ mit̪̚ʔʈɛʲc̚ʔ lɘʈugi mãt̪̚ʔ t̪ʰɔp̚ʔ mena.a.,There is a big bamboo forest next to our house.,আমাদের বাড়ির পাশে বড় একটা বাঁশঝাড় আছে।,
Santali_dataset_parsed.csv,836,ɔnɖɛ d̪ɔ baɖa͡i̯ baŋ baɖa͡i̯ nanahunɘɾ cɛ̃ɽɛ̃ko ta̪hɛ̃na.,Many types of known and unknown birds live there.,সেখানে চেনা-অচেনা অনেক রকমের পাখি বাস করে।,
Santali_dataset_parsed.csv,837,d̪inɘmhilɘʔ set̪aʔɾɛ cɛ̃ɽɛ̃ko̯͡aʔ cɛɾɔbɛɾɔ aɲɟɔmt̪ɛ alɛ d̪ɔlɛ ɛbʰɛnɔʔa.,Every morning we wake up to the chirping of those birds.,প্রতিদিন সকালে সেই পাখিদের ডাক শুনে আমরা ঘুম থেকে উঠি।,
Santali_dataset_parsed.csv,838,cɛ̃ɽɛ̃ko̯͡aʔ cɛɾɔbɛɾɔ aɲɟɔmt̪ɛ ale.jaʔ mɔn d̪ɔ ɾɘskɛt̪ɛ pɛɾɛɟɔʔa.,Hearing the birds' chirping makes you feel better.,পাখিদের ডাকাডাকি শুনে মন ভালো হয়ে যায়।,
Santali_dataset_parsed.csv,839,oŋko mut̪̚ʔɾɛ kɘʈiʲc̚ʔ ut̪ɘɾiʔ cɛ̃ɽɛ̃.jaʔ ɲut̪um d̪ɔ pʰecaʔ,The Warbler is the tiniest bird among all the birds.,পাখিদের মধ্যে সবচেয়ে ছোট পাখির নাম টুনটুনি।,
Santali_dataset_parsed.csv,840,"noko d̪ɔ bako d̪uɽup̚ʔ t̪ʰiɾu.a, mit̪̚ʔ ɖɘɾ kʰɔn eʈaʔ ɖɘɾko uɖɘ͡o̯ baɽa.ja.","They do not sit in one place, but fly from one branch to another branch of trees.","তারা এক জায়গায় বসে থাকে না, এক ডাল থেকে অন্য ডালে উড়ে বেড়ায়।",
Santali_dataset_parsed.csv,841,ɲɛlkat̪ɛm mɛnke̯͡a ɛnɛɟɔʔt̪igi menaʔko̯͡a.,They seem to be always dancing.,দেখে মনে হয় তারা সবসময় নেচে বেড়াচ্ছে।,
Santali_dataset_parsed.csv,842,onko kʰɔn lɘʈu macʰi cɛ̃ɽɛ̃.jaʔ ɲut̪m d̪ɔ gʰa͡o̯ɽa.,A little bigger bird than them is called the Sparrow.,তাদের চেয়ে আরেকটু বড় একটা পাখির নাম চড়ুই।,
Santali_dataset_parsed.csv,843,uŋkohɔ̃ pʰecaʔ cɛ̃ɽɛ̃leka hana ɖɘɾ nʰao̯͡a ɖɘɾku uɖɘ͡o̯ baɽa.ja,They also fly from branches to branches like the Warbler.,তারাও টুনটুনির মতো ডালে ডালে উড়ে বেড়ায়।,
Santali_dataset_parsed.csv,844,aɾ mit̪̚ʔlɛkan kɘʈiʲc̚ʔ cɛ̃ɽɛ̃ɔ̯͡aʔ ɲut̪um d̪ɔ hojoʔkana hisi cɛ̃ɽɛ̃,Another type of small bird is called the Weaver.,আরেক ধরনের ছোট পাখির নাম বাবুই।,
Santali_dataset_parsed.csv,845,oŋko d̪ɔ d̪aɾɛ ɖɘɾɾɛ ɘɖi mɔ̃ɟ mɔ̃ɟ t̪ukɘku bɛnaɔ̯͡a.,They can make very beautiful nests in the tree branches.,তারা গাছের ডালে অনেক সুন্দর বাসা বানাতে পারে।,
Santali_dataset_parsed.csv,846,aɾ uŋko kʰɔn t̪ʰɔɽa lɘʈu cɛ̃ɽɛ̃.jaʔ ɲut̪um d̪ɔ hojoʔkana ʈiʔʈɔɽɔ̃ʔ.,A little bigger bird than them is the Nightingale.,তাদের চেয়ে একটু বড় পাখি বুলবুলি।,
Santali_dataset_parsed.csv,847,nɔŋkan cɛ̃ɽɛ̃ ɘɖi mɔ̃ɟ cɛɾɔbɛɾɔko seɾeɲa.,This bird can sing very well.,এই পাখি অনেক ভালো গান গাইতে পারে।,
Santali_dataset_parsed.csv,848,ɔka d̪ɔ gid̪ɾɛko cɛ̃ɽɛ̃ t̪ukɘku ɾɘpud̪a aɾ uŋkoɾɛn hɔpɔnko t̪i.jɘʔko̯͡a.,Many times children break the nests of the birds and steal their babies.,অনেক সময় বাচ্চারা পাখির বাসা ভাঙে এবং তাদের বাচ্চা চুরি করে।,
Santali_dataset_parsed.csv,849,onat̪ɛ cɛ̃ɽɛ̃ku d̪ɔ ɘɖi d̪uk̚ku ɲaːma.,The birds suffer a lot because of this.,এতে পাখিরা অনেক কষ্ট পায়।,
Santali_dataset_parsed.csv,850,cɛ̃ɽɛ̃ko̯͡aʔ bɘɽiʲc̚ʔ hojoʔ noŋkan kɘmi kɘmi͡i̯ dɔ̪ baŋ leːka.,Birds should not be harmed/ not good to harm the birds.,পাখিদের ক্ষতি করা উচিত নয়/ ভালো নয়।,
Santali_dataset_parsed.csv,851,"bɔ͡i̯ha, iɲ mɔ̃ɽɛ kiɟi ca͡o̯le laga͡o̯ɘɲɘ.","Buyer: Brother, I need 5 KGs of rice.","ক্রেতা: ভাই, আমার ৫ কেজি চাল লাগবে।",
Santali_dataset_parsed.csv,852,t̪iki ca͡o̯le sɛ ad̪o̯͡a ca͡o̯lem hat̪a͡o̯a.,Vendor: Will you take parboiled rice or sunned rice?,বিক্রেতা: সেদ্ধ চাল নাকি আতপ চাল নিবেন?,
Santali_dataset_parsed.csv,853,ad̪o͡a̯ ca͡o̯le ɾe.jaʔ d̪am t̪inɘʔ,Buyer: How much is the price of sunned rice?,ক্রেতা: আতপ চালের দাম কত?,
Santali_dataset_parsed.csv,854,kiɟiɾɛ iɾɘl gɛl kɘ͡o̯ɖi.,Vendor: BDT 80 per KG.,বিক্রেতা: ৮০ টাকা কেজি।,
Santali_dataset_parsed.csv,855,unɘʔ d̪am ɖʰeɾăkana.,Buyer: The price has increased so much!,ক্রেতা: এত দাম বেড়ে গেছে!,
Santali_dataset_parsed.csv,856,baɟaɾ ɾɛ ɲit̪̚ʔ sanamaʔ ɾe.jaʔ d̪amge ɖʰeɾăkana.,Vendor: Everything in the market has gone up in price now.,বিক্রেতা: বাজারে এখন সবকিছুর দাম-ই বেড়ে গেছে।,
Santali_dataset_parsed.csv,857,ni͡ɘd̪ʰa͡o̯ hɔi̯͡d̪aʔt̪ɛ a͡i̯ma hoɽo kʰot̪i.jakana.,Vendor: A lot of paddy has been damaged in the storm this year.,বিক্রেতা: এবার ঝড়ে অনেক ধান নষ্ট হয়েছে।,
Santali_dataset_parsed.csv,858,ɔnat̪ɛ baɟaɾɾɛ ca͡o̯le t̪ʰɔɽage.ja.,Vendor: So there is a rice crisis in the market.,বিক্রেতা: তাই বাজারে চাল কম।,
Santali_dataset_parsed.csv,859,iɲd̪ɔ mɔ̃ɽɛ kiɟi bɔd̪ɔlt̪ɛ pɛ kiɟi ad̪o̯͡a ca͡o̯le imɘɲmɛ.,Buyer: Give me 3 KGs of sunned rice instead of 5 KGs.,ক্রেতা: আমাকে ৫ কেজির বদলে ৩ কেজি আতপ চাল দেন।,
Santali_dataset_parsed.csv,860,sã͡o̯t̪ɛ mit̪̚ʔ keɟi kʰɘɟɘɽihɔ̃ imɘɲmɛ.,Buyer: Also give 1 KG of puffed rice.,ক্রেতা: সাথে ১ কেজি মুড়িও দিবেন।,
Santali_dataset_parsed.csv,861,aɾ cɛt̪̚ʔ cɛt̪̚ʔ laga͡o̯ma?,Vendor: What else do you need?,বিক্রেতা: আর কী কী লাগবে?,
Santali_dataset_parsed.csv,862,"mit̪̚ʔ ɟɔɽa nɘɽkɔɽ, miʔʈɛn ɖɘbɾɘ sɘbun, aɾ miʔʈɛn kic̚ɾiʔ sɘbun laga͡o̯ɲɘ.","Buyer: Also need a couple of coconuts, a bath soap and a laundry soap.","ক্রেতা: একজোড়া নারকেল, একটা গোসলের সাবান ও একটা কাপড় ধোয়ার সাবান লাগবে।",
Santali_dataset_parsed.csv,863,ad̪ʰhɛ ɾɘsun ɟahanaʔ laga͡o̯ma?,Vendor: Need some ginger-garlic?,বিক্রেতা: আদা-রসুন কিছু লাগবে?,
Santali_dataset_parsed.csv,864,"hɛ̃, ad̪ʰa keɟi ad̪ʰhɛm imɘɲɘ.","Buyer: Yes, give half a KG of ginger.","ক্রেতা: হ্যাঁ, আধা কেজি আদা দিবেন।",
Santali_dataset_parsed.csv,865,iɲd̪ɔ sanamaʔge mit̪̚ʔsã͡o̯t̪ɛɲ pɛkeʈamkana.,Vendor: I am packing everything together.,বিক্রেতা: আমি সবকিছু একসাথে প্যাকেট করে দিচ্ছি।,
Santali_dataset_parsed.csv,866,miʔʈɛn mũʲc̚ʔ d̪aʔ ɲu lɘgit̪̚ʔ gaɖa aɽe͡i̯ cala͡o̯ena.,An ant went to the river bank to drink water.,একটা পিঁপড়া পানি খেতে নদীর পাড়ে গেল।,
Santali_dataset_parsed.csv,867,ɘɖikaɟakɛ hɔ.jɛt̪̚ʔkan t̪ahɛ̃na aɾ gaɖaɾɛ ɘɖi kaɟak̚ sɔ̃t̪̚ʔ t̪ɛhɛkana.,The wind was blowing very strongly and the river had a strong current.,অনেক জোরে বাতাস বইছিল এবং নদীতে অনেক স্রোত ছিল।,
Santali_dataset_parsed.csv,868,hɔ͡i̯kakʰant̪ɛ muʲc̚ʔ d̪ɔ d̪aʔɾɛ.jɛ ɲuɾhɘ͡i̯na.,The ant fell into the water due to the wind.,বাতাসের কারণে পিঁপড়াটি পানিতে পড়ে গেল।,
Santali_dataset_parsed.csv,869,mit̪̚ʔʈɛn pɔt̪am cɛ̃ɽɛ̃d̪ɔ d̪aɾɛ ɖɘɾɾɛ d̪uɽup̚ʔkat̪ɛ nɔ̯͡a gʰɔʈɔna͡i̯ ɲɛlɛt̪̚ʔkan t̪ahɛ̃na.,A dove was sitting on a tree branch watching this happening.,একটি ঘুঘুপাখি গাছের ডালে বসে এই ঘটনা দেখছিল।,
Santali_dataset_parsed.csv,870,uni d̪ɔ muʲc̚ʔɛː baɲca͡o̯ɛ lɘgit̪̚ʔ mit̪̚ʔʈɛn sakam d̪aʔɾɛ.jɛ ɲuɾhɘked̪a.,He threw a leaf into the water to save that ant.,সে পিঁপড়াটিকে বাঁচানোর জন্য একটি পাতা পানিতে ফেলে দিল।,
Santali_dataset_parsed.csv,871,mũʲc̚ʔ d̪ɔ ɔna sakamɾɛ d̪ɛʲc̚ʔkat̪ɛt̪̚ʔ a.jaʔ ɟiu̯͡i.jɛ baɲca͡o̯kɛd̪a.,The ant climbed onto that leaf and saved its life.,পিঁপড়াটি সেই পাতায় উঠে তার জীবন বাঁচালো,
Santali_dataset_parsed.csv,872,inɘ t̪a.jɔm muʲc̚ʔ aɾ pot̪am d̪ɔ banahɔɽ gat̪ekin ho͡i̯ĕna.,Then the ant and the dove became friends.,এরপর পিঁপড়া আর ঘুঘু দুজন বন্ধু হয়ে গেল।,
Santali_dataset_parsed.csv,873,a͡i̯mad̪in t̪a.jɔm mit̪̚ʔ sikɘɾi.jɘ gaɖa aɽɛɾɛ.jɛ hɛʲc̚ʔena.,After many days a hunter came to that bank of the river.,অনেকদিন পর এক শিকারি নদীর পাড়ে এলো।,
Santali_dataset_parsed.csv,874,d̪aɾe cɔʈ̚ɾɛ pɔt̪amɛ ɲɛlked̪ekʰan sikɘɾi.jɘ d̪ɔ a.jaʔ aʔɛː soɟheked̪a.,"Seeing the dove on the tree, the hunter aimed his arrow at it.",গাছের উপরে ঘুঘুটিকে দেখে শিকারি তার দিকে তীর তাক করলো।,
Santali_dataset_parsed.csv,875,muʲc̚ʔd̪ɔ ɲɛlɲamkat̪ɛt̪̚ʔ unɾege.jɛ sikɘɾi.jɘɔ̯͡aʔ kaʈaɾɛ.jɛ gɛɾ ked̪e.ja.,After seeing this the ant immediately bit the hunter's leg.,পিঁপড়াটি দেখতে পেয়ে তক্ষুণি শিকারির পায়ে কামড় দিল।,
Santali_dataset_parsed.csv,876,gɛɾ ɟɔm kat̪ɛ sikɘɾi.jɘ.ɔ̯͡aʔ t̪i ɾe.jaʔ saɾ d̪ɔ laɽa͡o̯ena aɾ cɛ̃ɾɛ̃d̪ɔi̯ baɲca͡ɔ̯ɛna.,The arrow fell from the hunter's hand after being bitten and the bird survived.,কামড় খেয়ে শিকারির হাতের তীর নড়ে গেল এবং পাখিটি বেঁচে গেল।,
Santali_dataset_parsed.csv,877,"baɖa.jam, paseɾ ɔɽaʔɾɛ mɛɾɔmko hɔpɔnakana!","Sister: Do you know, the goat next door had a baby!","বোন: তুই কি জানিস, পাশের বাড়ির ছাগলের বাচ্চা হয়েছে!",
Santali_dataset_parsed.csv,878,mɛɾɔmd̪ɔː iɲ mɔ̃ɟ bɘɲ ɘ͡i̯kɘ͡o̯ko͡a.,Brother: I don't like goats.,ভাই: ছাগল আমার ভালো লাগে না।,
Santali_dataset_parsed.csv,879,iɲd̪ɔː ɖaŋgɾa mɔɟiɲ ɘ͡i̯kɘ͡o̯ko̯͡a.,Brother: I like cows.,ভাই: আমার গরু ভালো লাগে।,
Santali_dataset_parsed.csv,880,iɲd̪ɔː ɖaŋgɾa ɘsuliɲ mɛnd̪a.,Brother: I want to keep cows.,ভাই: আমি গরু পালতে চাই।,
Santali_dataset_parsed.csv,881,mɛnkʰan ɖaŋgɾa lɘgit̪̚ʔ ɘɖi maɾaŋ ɟa͡i̯ga laga.a.,Sister: But cows need a lot of space.,বোন: কিন্তু গরুর জন্য অনেক বড় জায়গা লাগে।,
Santali_dataset_parsed.csv,882,abo ɔɽaʔɾɛ unmaɾaŋ ɟa͡i̯ga bɘnu.a.,Sister: We don't have that much space in our house.,বোন: আমাদের বাড়িতে অতবড় জায়গা নেই।,
Santali_dataset_parsed.csv,883,ɖaŋɾa͡i̯ t̪ahɛnkʰan abo uni ʈʰɛnkʰɔn t̪o̯͡ab̪on ɲu d̪aɽeke.ja.,"Brother: If there was a cow, we could have milk to drink from it.",ভাই: গরু থাকলে আমরা তার কাছ থেকে দুধ খেতে পারতাম।,
Santali_dataset_parsed.csv,884,"t̪o̯͡a d̪ɔ mɛɾɔmaʔhɔ̃ mena.a, amd̪ɔ ɔna t̪o̯͡ahɔm ɲu d̪aɽe.ja.a.","Sister: Milk can come from the goat too, you can drink that milk too.","বোন: দুধ ছাগলেরও আছে, তুই সেই দুধও খেতে পারিস।",
Santali_dataset_parsed.csv,885,mɛɾɔmɾɛn a͡i̯mako hɔpɔnɔʔa.,Brother: Goats have many baby goats.,ভাই: ছাগলের অনেকগুলো বাচ্চা হয়।,
Santali_dataset_parsed.csv,886,hɔpɔnko t̪o̯͡a ɲu t̪a.jɔm mɛɾɔmaʔ aɾ t̪o̯͡a baŋ ho.jo.a.,"Brother: After the baby goats drink milk, there is no more milk left in the goat's breast.",ভাই: বাচ্চাগুলো দুধ খাওয়ার পর ছাগলের বুকে আর দুধ থাকে না।,
Santali_dataset_parsed.csv,887,ɔnat̪ɛ ɟɘst̪i t̪ɔ̯͡a baŋ ɲamɔ.a.,Brother: So not much milk is available.,ভাই: তাই বেশি দুধ পাওয়া যায় না।,
Santali_dataset_parsed.csv,888,am ʈʰik̚gem mɛːnakad̪a.,Sister: You have told the right thing.,বোন: তুই ঠিক বলেছিস।,
Santali_dataset_parsed.csv,889,mɛnkʰan ɖaŋɾa kiɾiɲt̪ɛ a͡i̯ma kɘ͡u̯ɖi laga.a.,Sister: But it costs a lot of money to buy a cow.,বোন: কিন্তু গরু কিনতে অনেক টাকা লাগে।,
Santali_dataset_parsed.csv,890,babaʈʰɛn ɖaŋɾa kiɾiɲlɛka kɘ͡u̯ɖi bɘnu.a.,Sister: Father doesn't have enough money to buy a cow.,বোন: বাবার কাছে গরু কেনার মতো টাকা নেই।,
Santali_dataset_parsed.csv,891,ɖaŋɾa kiɾiɲ lɘgit̪̚ʔ iːɲ baba kɘ͡o̯ɖiɲ ema.ja.,Brother: I will give money to father to buy a cow.,ভাই: গরু কেনার জন্য আমি বাবাকে টাকা দেব।,
Santali_dataset_parsed.csv,892,amd̪ɔ ɔkakʰɔn kɘ͡u̯ɖim ɲama?,Sister: Where will you get the money from?,বোন: তুই কোথা থেকে টাকা পাবি?,
Santali_dataset_parsed.csv,893,iɲd̪ɔ pɘhilɾɛ kalɔʈ̚ aɾ sɘnɖi simiɲ ɘsulko̯͡a.,Brother: I will raise roosters and chickens first.,ভাই: আমি প্রথমে মোরগ-মুরগি পালবো।,
Santali_dataset_parsed.csv,894,miʔʈɛn sɘnɖi aɾ miʔʈɛn kalɔʈ̚ ni̯͡ɘt̪ɛɲ ɛhɔba.,Brother: I will start with a rooster and a hen.,ভাই: একটি মোরগ আর একটা মুরগি দিয়ে শুরু করবো।,
Santali_dataset_parsed.csv,895,simkʰɔn mit̪̚ʔsã͡ɔ̯t̪ɛ a͡i̯mako hɔpɔnɔʔa.,Brother: Chickens will have many chicks all at once.,ভাই: মুরগি থেকে একসাথে অনেকগুলো বাচ্চা হবে।,
Santali_dataset_parsed.csv,896,inɘt̪a.jɔm onkoko lɘʈulɛnkʰan ɘkʰɾiɲkat̪ɛt̪̚ʔ a͡i̯ma kɘ͡u̯ɖi ɲamɔ.a.,"Brother: After that, when they are big enough, we can get a lot of money by selling them.",ভাই: এরপর সেগুলো বড় হলে বিক্রি করে অনেক টাকা পাওয়া যাবে।,
Santali_dataset_parsed.csv,897,ɔna kɘ͡u̯ɖit̪ɛ ɖaŋɾaɲ kiɾi.ɲi.ja.,Brother: I will buy a cow with that money.,ভাই: সেই টাকা দিয়ে গরু কিনবো।,
Santali_dataset_parsed.csv,898,ɖaŋɾa unɘʔɛm kusi.jakokana?,Sister: Do you like cows that much?,বোন: গরু তোর এত পছন্দ?,
Santali_dataset_parsed.csv,899,iɲaʔ t̪ʰɔɽa ɟɔma kɘ͡u̯ɖi mɛna.a.,Sister: I have some money saved.,বোন: আমার কিছু জমানো টাকা আছে।,
Santali_dataset_parsed.csv,900,ɔŋɖɛkʰɔn iɲ t̪ʰɔɽa kɘ͡u̯ɖi amiɲ ɛm d̪aɽeɔ̯͡ama.,Sister: I can give you some money from that saving.,বোন: সেখান থেকে আমি কিছু টাকা তোকে দিতে পারবো।,
Santali_dataset_parsed.csv,901,"ʈhikge.ja, alaŋ banahɔɽt̪ɛ ɖaŋɾalaŋ ɘsule.ja.","Sister: Alright, we will take care of that cow together.","বোন: ঠিক আছে, আমরা দুজন মিলে গরুটাকে পালবো।",
Santali_dataset_parsed.csv,902,iɲhɔ̃ ɖaŋɾa kiɾiɲ ɾe.jaʔ kɘ͡u̯ɖiɲ ɛmɔ.a.,Sister: I will also give money to buy the cow.,বোন: আমিও গোরু কেনার টাকা দেবো।,
Santali_dataset_parsed.csv,903,mano̯͡a d̪ɔ gʰaɾɔ̃ɟɾɛko hahɾa.a.,People grow up in families.,মানুষ পরিবারে বেড়ে ওঠে।,
Santali_dataset_parsed.csv,904,gʰaɾɔ̃ɟ d̪ɔ mano̯͡ako̯͡aʔ pɘhiːl ĭskulkana.,Family is people's first school.,পরিবার মানুষের প্রথম বিদ্যালয়।,
Santali_dataset_parsed.csv,905,cɛd̪aʔɟɛ manɔ̯͡a d̪ɔ pɘhil sikʰnɘt̪̚ʔ gʰaɾɔ̃ɟkʰɔngeko ɲaːma.,"Because, people get their education from family first.","কারণ, মানুষ প্রথম পরিবার থেকে শিক্ষা গ্রহণ করে।",
Santali_dataset_parsed.csv,906,gʰaɾɔ̃ɟ d̪ɔ kɘʈiʲc̚ʔ lɘʈu hɔ͡i̯ d̪aɽe.jaʔa.,"Families can be of various types, extended and small.",পরিবার ছোট-বড় বিভিন্ন ধরনের হতে পারে।,
Santali_dataset_parsed.csv,907,baba gɔgɔ aɾ gid̪ɾɘku sã͡o̯t̪ɛ mit̪̚ʔʈɛʲc̚ʔ kɘʈiʈc̚ʔ gʰaɾɔ̃ɟ hojoʔa.,A small family is formed with parents and children.,বাবা-মা ও সন্তানকে নিয়ে ছোট পরিবার গড়ে ওঠে।,
Santali_dataset_parsed.csv,908,"lɘʈu gʰaɾɔ̃ɟɾɛ d̪ɔ gɔgɔ baba, bɔ͡i̯ha misɾa, hɔpɔnba hɔpɔngɔ aɾ buɖɘ buɖigɔ mit̪̚ʔsã͡ot̪ɛko t̪ahɛ̃na.","In extended families, parents, siblings, uncles and grandparents live together.","বড় পরিবারে মা-বাবা, ভাই-বোন, চাচা-চাচি ও দাদা-দাদি একসাথে থাকে।",
Santali_dataset_parsed.csv,909,net̪aɾ d̪ɔ lɘʈu gʰaɾɔ̃ɟ ɾɘput̪̚ʔ kat̪ɛ kɘʈiʲc̚ʔ kɘʈiʲc̚ʔ gʰaɾɔ̃ɟ hojoʔkana.,Extended families are now breaking apart into smaller families.,বড় পরিবার ভেঙে এখন ছোট হয়ে যাচ্ছে।,
Santali_dataset_parsed.csv,910,gʰaɾɔ̃ɟ kʰɔn manɔ̯͡a d̪ɔ cal cɔlɔn aɾ ɘɾi cɘliko cid̪a.,People learn manners and customs from the family.,পরিবারের কাছ থেকে মানুষ আচারব্যবহার ও রীতিনীতি শেখে।,
Santali_dataset_parsed.csv,911,,Family members stay by each other's side in happiness and sadness.,পরিবারের মানুষ সুখে-দুঃখে একে অন্যের পাশে থাকে।,
Santali_dataset_parsed.csv,912,,#10,gʰaɾɔ̃ɟɾɛ manɔ̯͡a d̪ɔ suk̚ aɾ duk̚ɾɛ mit̪̚ʔsã͡o̯t̪ɛko t̪ahɛ̃na.],
Santali_dataset_parsed.csv,913,sanam gʰaɾɔ̃ɟ ɾe.jaʔge ɟud̪ɘ ɟud̪ɘ pɘɾis aɾ bõs t̪ahɛ̃nt̪ako̯͡a.,Each family has a different surname or lineage.,প্রত্যেক পরিবারের আলাদা পদবি বা বংশ থাকে।,
Santali_dataset_parsed.csv,914,"gʰaɾɔ̃ɟ d̪ɔ sed̪a͡i̯hɔ̃ t̪ahɛ̃kana, aɾ nahaʔ ɟugɾɛhɔ̃ t̪ahɛ̃na.","Family was in the past, will be in the future.","পরিবার অতীতে ছিল, ভবিষ্যতেও থাকবে।",
Santali_dataset_parsed.csv,915,gʰaɾɔ̃ɟ baŋkʰan manɔ̯͡a d̪ɔ lɛklɛkat̪ɛ bako haɾa buɾu.a.,People do not grow properly without family.,পরিবার ছাড়া মানুষ সঠিকভাবে বেড়ে ওঠে না।,
Santali_dataset_parsed.csv,916,mano̯͡a d̪ɔ gʰaɾɔ̃ɟkʰɔn ɟɘɾuɽaʔ gɔɽɔku ɲama.,People get useful support from their families.,মানুষ পরিবার থেকে দরকারি সহায়তা পায়।,
Santali_dataset_parsed.csv,917,gʰaɾɔ̃ɟ boge d̪ɔhɔ͡i̯lɘgit̪̚ʔ ɟot̪ɔhɔɽaʔgi d̪a.jik̚ mena.a.,Everyone has a responsibility to their family.,পরিবারের প্রতি প্রত্যেকের দায়িত্ব আছে।,
Santali_dataset_parsed.csv,918,ɔkɔ.jaʔ ɖʰeɾ d̪aɽe no̯͡a ni̯͡ɘ mit̪̚ʔ d̪in hɔ͡i̯ aɾ siɲ cand̪o t̪alaɾɛ kapʰaɾi̯͡͡ɘ ɛhɔp̚ʔena.,An argument began between the wind and the Sun over whose power was mightier.,কার শক্তি বেশি’ এটা নিয়ে একদিন বাতাস আর সূর্যের মধ্যে তর্ক শুরু হলো।,
Santali_dataset_parsed.csv,919,siɲ cand̪o͡i̯ mɛnked̪a a.jaʔ d̪aɽe d̪ɔ hɔ͡i̯kʰɔn hɔ̃ ɟɘst̪igeta.ja.,The Sun said he is stronger than the wind.,সূর্য বললো সে বাতাসের চেয়ে শক্তিশালী।,
Santali_dataset_parsed.csv,920,aɾ hɔ.jɛ mɛnɛd̪a a.jaʔ d̪aɽe d̪ɔ siɲ cand̪o kʰɔn hɔ̃ ɟɘst̪igeta.ja.,The wind said he was stronger than the sun.,বাতাস বললো সে সূর্যের চেয়ে বেশি শক্তিশালী।,
Santali_dataset_parsed.csv,921,un ɔkt̪ɛkin ɲɛlked̪a ɖahaɾt̪ɛ mit̪̚ʔ hɔɽɛ t̪aɽam id̪i͡i̯d̪a.,At that time they saw a man walking along the road.,সেই সময় তারা দেখলো একজন লোক রাস্তা দিয়ে হেঁটে যাচ্ছে।,
Santali_dataset_parsed.csv,922,aɾ hɔ͡i̯ d̪ɔ ɘɖi ɾaŋga͡o̯t̪ɛ ɔʈaŋɔʔ ɛhɔp̚ʔena aɾ uni hɔɽaʔ kic̚ɾiʲc̚ʔ d̪ɔ ɔʈaŋ calaʔ lɛka͡i̯na.,"In the beginning, the wind was blowing very strongly and the man's clothes were almost flying in the wind.",শুরুতে বাতাস অনেক জোরে বইতে থাকলো এবং বাতাসে লোকটির কাপড় উড়ে যাওয়ার অবস্থা হলো।,
Santali_dataset_parsed.csv,923,nɔŋka ɲɛlt̪ɛ uni hɔɽ d̪ɔ a.jaʔ kicɾiʲc̚ʔ kaɟakt̪ɛ͡i̯ sap̚ʔ uɾiʲc̚ʔked̪a.,"Seeing this situation, the man gripped on his clothes very hard.",এই অবস্থা দেখে লোকটিও তার কাপড় অনেক জোরে আঁকড়ে ধরলো।,
Santali_dataset_parsed.csv,924,"hɔ͡i̯ kakʰanaʔt̪ɛ ɾe.jaɽ hɔ̃ ɾe.jaɽĭd̪ikan t̪ahɛ̃kana, ɔna i.jɘt̪ɛ aɾ mit̪̚ʔʈɛt̪̚ʔ picʰɘ̯͡oɽit̪ɛ͡i̯ uju ɟuːt̪ena.","He felt cold because of the wind, so he wrapped another shawl around himself.","বাতাসের কারণে তার গায়ে শীতও লাগছিল, তাই সে গায়ে আরেকটা চাদর জড়িয়ে নিলো।",
Santali_dataset_parsed.csv,925,aɾ hɔ͡i̯ d̪ɔ uni hɔɽaʔ hɔɽmɔ kʰɔn kicɾiʲc̚ʔ ba͡i̯ ɔcɔʔ d̪aɽeo̯͡aʔt̪a.ja.,The wind failed to undress the man.,বাতাস লোকটার কাপড় খুলতে ব্যর্থ হলো/ কাপড় খুলতে পারলো না।,
Santali_dataset_parsed.csv,926,ɔna t̪a.jɔm siɲ cand̪o d̪ɔ a.jaʔ d̪aɽe ud̪uʔɛ ɛhɔp̚ʔena.,Then the Sun began to show his power.,এরপর সূর্য তার শক্তি দেখাতে শুরু করলো।,
Santali_dataset_parsed.csv,927,siɲ cand̪o d̪ɔ a.jaʔ ɛlaŋɛ ɟɘst̪i id̪iked̪a.,The Sun increased its heat.,সূর্য তার রোদের তাপ বাড়িয়ে দিলো।,
Santali_dataset_parsed.csv,928,sit̪uŋ ɟɘst̪i id̪i.jɛnkʰan uni hɔɽ d̪ɔ lɔlɔt̪ɛ ba͡i̯ t̪ahɛ̃ d̪aɽe.jad̪a.,"As the sun rose little by little, the man became restless in the heat.",রোদ বাড়তে থাকলে লোকটা গরমে অস্থির হয়ে গেল।,
Santali_dataset_parsed.csv,929,lɔlɔt̪ɛ uni hɔɽ d̪ɔ a.jaʔ hɔɽmɔ kʰɔn aŋɾɔp̚ʔ aɾ picʰɘ͡o̯ɽi d̪ɔ͡i̯ ɾaɽa giɖikad̪a.,"In that heat, the man took off his clothes and shawl.",গরমে লোকটা তার গা থেকে জামা আর চাদর খুলে ফেললো।,
Santali_dataset_parsed.csv,930,siɲ cand̪o aɾ hɔ͡i̯ talaɾɛ siɲ cand̪ogi͡i̯ ɟit̪ɘ͡o̯ena.,"Between the Sun and the wind, the Sun won.",সূর্য আর বাতাসের মধ্যে সূর্যই জয়ী হলো।,
Santali_dataset_parsed.csv,931,"ɟohaɾ d̪ad̪a, iɲaʔ ɲut̪umd̪ɔ ɾoːni.","Visitant: [Greetings Brother], my name is Rumi.","আগন্তুক: (নমস্কার দাদা), আমার নাম রুমি।",
Santali_dataset_parsed.csv,932,amd̪ɔ cɛt̪̚ʔ ni̯͡ɘ at̪oɾɛnkanam?,Visitant: Are you from this village?,আগন্তুক: আপনি কি এই গ্রামের?,
Santali_dataset_parsed.csv,933,"ɟohaɾ, hɛ̃, iɲd̪ɔ nɔnɖɛniʔkang.jɘɲ.","Local: Greetings. Yes, I'm from here.","স্থানীয়: নমস্কার। হ্যাঁ, আমি এখানকার।",
Santali_dataset_parsed.csv,934,amd̪ɔ cɛt̪̚ʔ ɟahanaʔ baɖa.jɛm kʰɔɟɔʔkana.,Local: Do you want to know something?,স্থানীয়: আপনি কি কিছু জানতে চান?,
Santali_dataset_parsed.csv,935,iɲaʔ ɔɽaʔ nɔnɖɛkʰɔn ɘɖiː sɘŋgiɲɾɛ.,Visitant: My house is very far from here.,আগন্তুক: আমার বাড়ি এখান থেকে অনেক দূরে।,
Santali_dataset_parsed.csv,936,aɲɟɔmakad̪ɘɲ apɛ at̪oɾɛ miʔʈɛn lɘːʈu baɽed̪aɾe mɛna.a.,Visitant: I heard that there is a big banyan tree in your village.,আগন্তুক: শুনেছি আপনাদের গ্রামে একটা বড় বটগাছ আছে।,
Santali_dataset_parsed.csv,937,iɲd̪ɔ ona d̪aɾe ɲɛɲɛliɲ hɛʲc̚ʔakana.,Visitant: I have come to see that tree.,আগন্তুক: আমি সেই গাছটা দেখতে এসেছি।,
Santali_dataset_parsed.csv,938,amd̪ɔ cɛʈ̪̚ʔ ɔnɖɛ calaʔɛm mɛnɛd̪a?,Local: Do you want to go there?,স্থানীয়: আপনি কি সেখানে যেতে চান?,
Santali_dataset_parsed.csv,939,iɲd̪ɔ am calaʔ ɾe.jaʔ ɖahaɾiɲ lɘ.jamkana.,Local: I am telling you the way to go.,স্থানীয়: আমি আপনাকে যাওয়ার রাস্তা বলে দিচ্ছি।,
Santali_dataset_parsed.csv,940,iɲd̪ɔ ɟɘɾuɽge ɔnɖɛɲ cala.a.,Visitant: I will definitely go there.,আগন্তুক: আমি অবশ্যই সেখানে যাবো।,
Santali_dataset_parsed.csv,941,iɲd̪ɔ baɽed̪aɾe ni.jɘt̪ɛ kagɔɟɾɛɲ ɔːla.,Visitant: I will write about the banyan tree in the newspaper.,আগন্তুক: আমি বটগাছটা নিয়ে পত্রিকায় লিখবো।,
Santali_dataset_parsed.csv,942,amʈʰɛnkʰɔn d̪aɾe babɔt̪̚ʔt̪ɛ bada.jiɲ kʰɔɟɔʔkana.,Visitant: I want to know from you about the tree.,আগন্তুক: আপনার কাছ থেকে গাছটার ব্যাপারে জানতে চাই।,
Santali_dataset_parsed.csv,943,buɟʰhɘ͡o̯kid̪ɘɲ.,Local: Got it.,স্থানীয়: বুঝতে পেরেছি।,
Santali_dataset_parsed.csv,944,iɲaʔ baɖa͡i̯ɾɛ ɔna baɽed̪aɾe ɾe.jaʔ umɘɾ mit̪̚ʔsã͡i̯ seɾma kʰɔnhɔ̃ ɖʰeɾ.,"Local: As far as I know, that banyan tree is more than 100 years old.",স্থানীয়: আমার জানামতে: ওই বটগাছের বয়স ১০০ বছরের বেশি।,
Santali_dataset_parsed.csv,945,ɔna baɽed̪aɾe ni.jɘt̪ɛ cɛt̪̚ʔ ɟahan kisɘ mɛna.a?,Visitant: Is there any story about that banyan tree?,আগন্তুক: ওই বটগাছ নিয়ে কি কোনো গল্প আছে?,
Santali_dataset_parsed.csv,946,"hɛ̃ː, mɛna..a.",Local: Yes there is.,স্থানীয়: হ্যাঁ আছে।,
Santali_dataset_parsed.csv,947,"ɟãhã͡i̯ ɔna d̪aɾe maʔɛ mɛn lɛkʰan un.jaʔ muhim hojo.a, ɲind̪ɘ bɘɽiʲc̚ʔ kukmu͡i̯ ɲɛːla.","Local: If someone tries to cut that tree, danger comes to his life, and he has bad dreams at night.","স্থানীয়: কেউ সেই গাছ কাটতে চাইলে তার বিপদ হয়, রাতে খারাপ স্বপ্ন দেখে।",
Santali_dataset_parsed.csv,948,ɲind̪ɘ ɔkɔ͡i̯hɔ̃ ɔna d̪aɾe sɛʲc̚ʔt̪ɛ bako cala.a.,Local: No one goes near that tree at night.,স্থানীয়: রাতে কেউ ওই গাছের কাছ দিয়ে যায় না।,
Santali_dataset_parsed.csv,949,ɲind̪ɘ ced̪aʔ hɔɽko ɔna d̪aɾe sɛʲc̚ʔt̪ɛ bako cala.a?,Visitant: Why do people not go near that tree at night?,আগন্তুক: রাতে কেন লোকজন ওই গাছের কাছ দিয়ে যায় না?,
Santali_dataset_parsed.csv,950,ɲind̪ɘ ɔŋkat̪ɛ cala͡o̯ ɔk̚t̪ɛ a͡i̯ma hɔɽko bɔt̪ɔɾakna.,Local: Many got scared while passing there at night.,স্থানীয়: রাতে সেখান দিয়ে যাবার সময় অনেকে ভয় পেয়েছে।,
Santali_dataset_parsed.csv,951,hɔɽko mɛːna ɔna d̪aɾeɾɛ bʰut̪ mena.ja.,Local: People say that there resides a ghost in that tree.,স্থানীয়: লোকজন বলে — ওই গাছে ভূত আছে।,
Santali_dataset_parsed.csv,952,aɾ ɟahanaʔ?,Visitant: Anything else?,আগন্তুক: আর কিছু?,
Santali_dataset_parsed.csv,953,"ɔna baɽed̪aɾe aɽɛɾɛ mund̪il mena.a, ɔnɖɛ ɟa͡o̯ge puɟɘ hojo.a.","Local: There is a temple next to that banyan tree, worshipping ceremonies happen there regularly.","স্থানীয়: ওই বটগাছের পাশে মন্দির আছে, সেখানে নিয়মিত পূজা হয়।",
Santali_dataset_parsed.csv,954,n͡o̯a bɛgɔɾ ɟa͡o̯ sɛɾma bɘ͡i̯sɘb̚ cand̪oɾɛ ɔnɖɛ mɛla hojo.a.,"Local: Besides, a fair is held there every year in the first month of summer.",স্থানীয়: এ ছাড়া প্রতিবছর বৈশাখ মাসে ওখানে মেলা হয়।,
Santali_dataset_parsed.csv,955,unɾɛ a͡i̯ma nakʰakʰɔn ɔnɖɛ hɔɽko hiɟu.a.,"Local: At those times, people from different regions come there.",স্থানীয়: তখন বিভিন্ন অঞ্চল থেকে সেখানে লোকজন আসে।,
Santali_dataset_parsed.csv,956,amʈʰɛnkʰɔn a͡i̯maɲ baɖa͡i̯ɲam ked̪a.,Visitant: I got to know a lot of things from you.,আগন্তুক: আপনার কাছ থেকে অনেক কিছু জানতে পারলাম।,
Santali_dataset_parsed.csv,957,amd̪ɔː ɘɖi saɾha͡o̯.,Visitant: Thank you.,আগন্তুক: আপনাকে ধন্যবাদ।,
Santali_dataset_parsed.csv,958,amhɔ̃ː a͡i̯ma saɾha͡o̯.,Visitant: Thank you as well.,স্থানীয়: আপনাকেও ধন্যবাদ।,
Santali_dataset_parsed.csv,959,"muniː, hɔla iɲbaba ɔkɔ͡i̯ʈaʔ mɛɾɔmɛ kiɾiɲlid̪i unid̪ɔ sɛnd̪ɾat̪ɛ bɘɲ ɲamɛkana.","Ronnie: Moni, I can't find the goat that my father bought yesterday.","রনি: মণি, গতকাল আমার বাবা যে ছাগলটা কিনেছিলেন সেটাকে খুঁজে পাচ্ছি না।",
Santali_dataset_parsed.csv,960,amd̪ɔ unim ɲɛlkɘd̪i.ja?,Ronnie: Did you see that?,রনি: তুমি কি ওইটাকে দেখেছ?,
Santali_dataset_parsed.csv,961,cɛt̪̚ʔɛm mɛnd̪a!,Moni: Say what!,মণি: বলো কী!,
Santali_dataset_parsed.csv,962,mɛɾɔmd̪ɔ cɛt̪̚ʔlĕka͡i̯ ɲɛlɔ.a.,Moni: How does that goat look?,মণি: ছাগলটা দেখতে কেমন?,
Santali_dataset_parsed.csv,963,"mɛɾɔmaʔ ɾɔŋ hɛnd̪ɛ, mɛnkʰan hɛnd̪ɛ cet̪anɾɛ ponɖ ponɖ cʰap mena.a.","Ronnie: The colour of the goat is black, but with white markings on top of the black.","রনি: ছাগলের রং কালো, কিন্তু কালোর উপরে সাদা সাদা ছাপ আছে।",
Santali_dataset_parsed.csv,964,hɔʈɔʔɾɛ miʔʈɛn gʰɘnʈi t̪ɔl mɛna.a.,Ronnie: A bell is tied around the neck.,রনি: গলায় একটা ঘণ্টা বাঁধা আছে।,
Santali_dataset_parsed.csv,965,"hɛ̃ː, iɲ ɛnanɾɛ nɔŋkan miʔʈɛn mɛɾɔmiɲ ŋɛɭledi͡a.","Moni: Yes, I saw such a goat awhile ago.","মণি: হ্যাঁ, আমি অনেকক্ষণ আগে এরকম একটা ছাগল দেখেছিলাম।",
Santali_dataset_parsed.csv,966,mɛnkʰan nit̪ɔʔ bɘɲ ɲɛlɲamd̪ikana.,Moni: But can't see it now.,মণি: কিন্তু এখন দেখতে পাচ্ছি না।,
Santali_dataset_parsed.csv,967,iɲ lahasɛc̚ʔiɲ calaʔkana.,Ronnie: I'm going forward.,রনি: আমি সামনের দিকে যাচ্ছি।,
Santali_dataset_parsed.csv,968,mɛɾɔmd̪ɔ ɟud̪i aɾhɔm ɲɛllɛkʰan t̪aʰlɛ iɲ baɖa͡i̯.ocoɟiɲmɛ.,"Ronnie: If you see the goat again, let me know.","রনি: ছাগলটি যদি আবারও দেখো, তাহলে আমাকে জানাবে।",
Santali_dataset_parsed.csv,969,ɟɘɾuɽgeɲ baɖa͡i̯.ŏcome.ja.,Moni: Of course I will let you know.,মণি: অবশ্যই জানাবো।,
Santali_dataset_parsed.csv,970,mɛnkʰan bam send̪ɾa ɲamlɛkʰan amd̪ɔ ma.jik̚t̪ɛ gʰosona kat̪̚ʔmɛ.,"Moni: But if you don't find it, you announce it through the mic.",মণি: কিন্তু খুঁজে না পেলে তুমি মাইকে ঘোষণা করে দিয়ো।,
Santali_dataset_parsed.csv,971,ɟãhã͡i̯ko ɲamlɛkʰan d̪ɔhɔ ot̪oka.jako.,"Moni: If someone finds it, he will give/ leave it.",মণি: কেউ পেয়ে থাকলে দিয়ে/ রেখে যাবে।,
Santali_dataset_parsed.csv,972,"hɛ̃ː, kɘʈic̚ʔ bid̪ɘlɾɛ apɛɾɛn at̪̚ʔ ɖaŋɾa nɔŋkat̪ɛ͡i̯ ɲamlɛna.","Ronnie: Yes, this is how your lost cow was found when we were kids..","রনি: হ্যাঁ, ছোটবেলায় তোমাদের হারানো গরু এইভাবে পাওয়া গিয়েছিল।",
Santali_dataset_parsed.csv,973,"hɛ̃ː, iɲaʔ d̪isɘ mena.a.","Moni: Yes, I remember.","মণি: হ্যাঁ, আমার মনে আছে।",
Santali_dataset_parsed.csv,974,unɾɛ alaŋ d̪ɔ ɘɖi kɘʈiʲc̚ʔlaŋ t̪ahɛkana.,Moni: We were very young then.,মণি: আমরা তখন অনেক ছোট ছিলাম।,
Santali_dataset_parsed.csv,975,"mit̪sã͡o̯t̪ɛ iskul.lɛ calaʔkan t̪ahɛna, hakolɛ saːbɛʔkot̪ahɛna.","Moni: We used to go to school together, we used to fish.","মণি: একসাথে স্কুলে যেতাম, মাছ ধরতাম।",
Santali_dataset_parsed.csv,976,ɔna ɔk̚t̪ɛd̪ɔ ɘɖi napa͡i̯ t̪ɛhɛkana.,Ronnie: It was a beautiful time.,রনি: সেই সময়টা অনেক সুন্দর ছিল।,
Santali_dataset_parsed.csv,977,"ɟaːhok, iɲd̪ɔ nit̪̚ʔ mɛɾɔm sɛnd̪ɾaɲ cala͡o̯lɛnge.","Ronnie: Anyway, I am going to look for the goat now.","রনি: যাইহোক, আমি এখন ছাগল খুঁজতে যাই।",
Santali_dataset_parsed.csv,978,ac̚cʰa calaʔmɛ.,Moni: Well go.,মণি: আচ্ছা যাও।,
Santali_dataset_parsed.csv,979,iɲiɲ sɛnd̪ɾa ɲamlɛkʰan baɖa͡i̯ŏcomi.jɘɲ.,Moni: I will let you know when/ if I find it.,মণি: আমি খুঁজে পেলে তোমাকে জানাবো।,
Santali_dataset_parsed.csv,980,ʈʰik̚gi.ja.,Ronnie: Okay alright.,রনি: ঠিক আছে।,
Santali_dataset_parsed.csv,981,ɔt̪̚ʔɾɛ mit̪̚ʔ ʈʰɔp ɲɛlɛɾasa ɲuːɾakan t̪ahɛ̃kana.,A drop of honey was on the ground.,মাটিতে একফোঁটা মধু পড়ে ছিল।,
Santali_dataset_parsed.csv,982,paɾɔm calaʔ ɟɔkʰɛʲc̚ʔ miʔʈɛʲc̚ʔ mũʲc̚ʔ ɲɛlɛɾasa sɔ͡i̯ ɲamked̪a.,An ant passing by smelled that honey.,একটা পিঁপড়া পাশ দিয়ে যাওয়ার সময় সেই মধুর গন্ধ পেল।,
Santali_dataset_parsed.csv,983,uni mũʲc̚ʔ d̪ɔ miʔsɛʲc̚ʔ kʰɔʲc̚ʔ ɲɛɭɛɾasa ɲuɲu͡i̯ ɛhɔp̚ʔena.,The ant started consuming honey from one side.,পিঁপড়াটি একপাশ থেকে মধু খাওয়া শুরু করলো।,
Santali_dataset_parsed.csv,984,,After consuming once he was very amused and kept eating.,একবার খাওয়ার পর সে অনেক মজা পেল এবং খেতেই থাকলো।,
Santali_dataset_parsed.csv,985,,#5,mit̪̚ʔd̪ʰa͡o̯ ɲɛlɛɾasa ɲu kat̪ɛt̪̚ʔ ɘɖi sibil ked̪e.ja aɾ uni d̪ɔ ɲuɲut̪igei͡i̯ t̪ãhɛ͡i̯na.,
Santali_dataset_parsed.csv,986,ɲɛlɛɾasa ɲu ɲut̪ɛ uni.jaʔ laʲc̚ʔ d̪ɔ pʰulɘ͡u̯ɛnt̪a.ja ɛnɾɛhɔ̃ ɲɛlɛɾasa ɲuɲu d̪ɔ ba͡i̯ bɘgi.jad̪a.,"His stomach swelled as he kept devouring the honey, but still he did not stop eating.","মধু খেতে খেতে তার পেট ফুলে গেল, তবুও সে খাওয়া থামালো না।",
Santali_dataset_parsed.csv,987,,"While consuming, he stepped in between drops of honey and got his foot stuck in the honey.",খেতে খেতে সে মধুর ফোঁটার মাঝখানে চলে গেল এবং তার পা মধুতে আটকে গেল।,
Santali_dataset_parsed.csv,988,,#7,. ɲɛlɛɾasa ɲuɲut̪ɛ unid̪ɔ ɲɛlɛɾasa t̪alaɾɛ͡i̯ bɔlɔ͡i̯na aɾ a.jaʔ ɟaŋga d̪ɔ ɲɛlɛɾasaɾɛ t̪ʰɘli.jɛnt̪a.ja.,
Santali_dataset_parsed.csv,989,baɲcaʔ lɘgit̪̚ʔ a.jaʔ kaʈa t̪inɘʔɛ ɔcɔʔɛʔt̪a.ja unɘʔgi bʰit̪ɾisɛʲc̚ʔɛ bɔlɔ cala͡o̯ɛ̆na.,"The more he tried to get his foot out, the more he sank inward.",যতই সে পা ছাড়িয়ে নেওয়ার চেষ্টা করলো ততই সে ভেতরের দিকে তলিয়ে/ ডুবে গেল।,
Santali_dataset_parsed.csv,990,sahɛ̃t̪̚ʔ bɔnd̪ɔ.jɛnt̪a͡i̯t̪ɛ uni muʲc̚ʔ d̪ɔ mit̪̚ʔgʰɘɽi t̪a͡i̯nɔmɛ gɔʲc̚ʔɛna.,At one point the ant suffocated and died.,একসময় পিঁপড়াটি দমবন্ধ হয়ে মারা গেল।,
Santali_dataset_parsed.csv,991,a.jaʔ lalɔc̚ʔ ijɘt̪ɛ uni mũʲc̚ʔ d̪ɔ͡i̯ gɔʲc̚ʔena.ʔ এক বাঘ ও এক শুকর একটা কুয়ার পানি পান করতে গিয়েছিল। A tiger and a pig went to a well to drink water. [mit̪̚ʔʈɛn t̪ɘɾup̚ʔ aɾ mit̪̚ʔʈɛn suk̚ɾi mit̪̚ʔʈɛn kuɲɾɛː d̪aʔ ɲukin cala͡o̯lɛna.,The ant died due to its greed.,লোভের কারণে পিঁপড়াটির মৃত্যু হলো/ মারা গেল।,
Santali_dataset_parsed.csv,992,mɛnkʰan ɔkɔ͡i̯ lahaɾɛ d̪aʔɛː ɲu.ja no̯͡a ni̯͡ɘt̪ɛ ɘkint̪alaɾɛ kɘpɘɾiɘ͡o̯ laga͡ɔ̯ɛna.,But they quarreled over who would drink the water first.,কিন্তু কে আগে পানি খাবে এটা নিয়ে তাদের মধ্যে ঝগড়া লেগে গেল।,
Santali_dataset_parsed.csv,993,t̪ɘɾup̚ʔ ɔkalɛkat̪ɛhɔ̃ suk̚ɾi lahaɾɛ d̪aʔ ɲu ucu ba͡i̯ kʰɔɟlɛna.,The tiger did not want to let the pig drink the water first.,বাঘ কিছুতেই শুকরকে আগে পানি পান করতে দিতে চাইলো না।,
Santali_dataset_parsed.csv,994,suk̚ɾi hɔ̃ t̪ɘɾup̚ʔ lahaɾɛ d̪aʔ ɲu ucu d̪ɔ ba͡i̯ ɾɛbɛnlɛna.,The pig also refused to let the tiger drink the water first.,শুকরও বাঘকে আগে পানি পান করতে দিতে রাজি হলো না।,
Santali_dataset_parsed.csv,995,d̪aɾeɾɛ d̪uɽup̚ʔ kat̪ɛ miʔ ɟʰãk gid̪i d̪ɔ ɘkinaʔ no̯͡a gʰɔʈɔnako ɲɛlɛt̪̚ʔkant̪ãhɛna.,A group of vultures sitting on the tree was observing their situation.,গাছে বসে একদল শকুন তাদের এই ঘটনা দেখছিল।,
Santali_dataset_parsed.csv,996,t̪ɘɾup̚ʔ aɾ suk̚ɾikin gɔʲc̚ʔlɛnkʰan gid̪ikod̪ɔ uŋkinaʔ ɟil jɔmko hud̪isɔʔkan t̪ahɛna.,"When the tiger and the pig would die, vultures were thinking about eating their flesh.",বাঘ ও শুকর মরে গেলে শকুনেরা তাদের মাংস খাবে ভাবছিল।,
Santali_dataset_parsed.csv,997,mit̪̚ʔ ɔk̚t̪ɛ t̪ɘɾup̚ʔ nɔa͡i̯ buɟʰhɘ͡o̯ked̪a aɾ suk̚ɾi.jɛ mɛt̪ade.ja.,At some point the tiger understood this and told the pig.,একসময় বাঘ এটা বুঝতে পারলো এবং শুকরকে বললো।,
Santali_dataset_parsed.csv,998,no̯͡a t̪a.jɔm unkin kɘpʰɘɾiɘ͡o̯ t̪ʰiɾkat̪ɛ banahɔɽge d̪aʔkin ɲu ked̪a aɾ t̪ɛt̪aŋkin maɾa͡o̯ked̪a.,Then they stopped fighting and both drank water and quenched their thirst.,এরপর তারা ঝগড়া বন্ধ করে দুজনই পানি পান করলো এবং তৃষ্ণা মেটালো।,
Santali_dataset_parsed.csv,999,mobaĭlt̪ɛ sɘŋgiɲɾɛn hɔɽ sã͡ɔ̯t̪ɛhɔ̃ kat̪ʰam ɾɔɽ d̪aɽe.jaʔa.,It is easy to talk to the distant people with a mobile.,মোবাইল দিয়ে সহজেই দূরের মানুষের সাথে কথা বলা যায়।,
Santali_dataset_parsed.csv,1000,mobaĭlt̪ɛ pɛɽako̯͡aʔ boge ɟud̪ɘhɔm baɖa͡i̯ d̪aɽe.jaʔa.,Relatives can be inquired through mobile.,আত্নীয়-স্বজনের খোঁজখবর নেওয়া যায়।,
Santali_dataset_parsed.csv,1001,"mobaĭlt̪ɛ seɾeɲ aɲɟɔmɔʔa, pʰɔʈɔ ɾakabɔʔa, senema aɾ naʈɔk̚ ɲɛlɔ.a.","Mobile can be used to listen to music, take pictures and watch movies.","মোবাইলে গান শোনা যায়, ছবি তোলা যায়, সিনেমা ও নাটক দেখা যায়।",
Santali_dataset_parsed.csv,1002,mobaĭlt̪ɛm hisɘb d̪aɽeo̯͡aʔa aɾ ɔk̚t̪ɛhɔm baɖa͡i̯ d̪aɽe.jaʔa.,"Besides, numbers can be calculated and the time can be checked on the mobile.",এছাড়া হিসাব করা যায় ও সময় দেখা যায় মোবাইলে।,
Santali_dataset_parsed.csv,1003,"pɘhil pɘhil d̪ɔ mobaĭlɾe.jaʔ d̪am ɘɖi ɟɘst̪i t̪ahɛ̃kana, ɔna i͡ɘt̪ɛ hɔɽd̪ɔ mobaĭl baku kiɾiɲ d̪aɽe.jaʔkant̪ahɛ̃na.",Initially the price was high so most people could not afford the mobile.,"প্রথম প্রথম দাম বেশি ছিল, তাই বেশিরভাগ মানুষ মোবাইল কিনতে পারতো না।",
Santali_dataset_parsed.csv,1004,unɾɛ d̪ɔkanɾɛ cala͡o̯kat̪ɛt̪̚ʔ ʈakat̪ɛ kat̪ʰa ɾɔɽ ho.joʔkan t̪ahɛ̃na.,"At that time, we had to go to the shop and talk with money.",তখন দোকানে গিয়ে টাকা দিয়ে কথা বলতে হতো।,
Santali_dataset_parsed.csv,1005,mɛnkʰan nit̪̚ d̪ɔ ɖʰeɾ hɔɽ ʈʰɛnge mobaĭl mena.a.,But now most people have mobile phones.,কিন্তু এখন বেশিরভাগ মানুষের কাছেই মোবাইল আছে।,
Santali_dataset_parsed.csv,1006,moba͡i̯ltege nit̪̚ d̪ɔ ʈaka kolo.a aɾ ʈaka ɲamɔ.a.,Money can now be paid and received through mobile.,মোবাইলের মাধ্যমে এখন টাকা দেওয়া ও নেওয়া যায়।,
Santali_dataset_parsed.csv,1007,mobaĭlɾɛ inʈaɾneʈ̚hɔ̃ku bɛbɔhaɾa.,The Internet can be used/ run on mobile.,মোবাইলে ইন্টারনেট ব্যবহার করা/ চালানো যায়।,
Santali_dataset_parsed.csv,1008,inʈaɾneʈ̚t̪ɛm ɔlɔʔ paɽha͡o̯ d̪aɽe.jaʔa.,We can even study on the internet/ online.,ইন্টারনেটে/ অনলাইনে পড়াশোনা করা যায়।,
Santali_dataset_parsed.csv,1009,mit̪̚ʔd̪in mĭt̪̚ʔʈɛn kɘhũ ɘɖiː ãːʈ t̪et̪aŋked̪e.ja.,One day a crow got very thirsty for water.,একদিন একটা কাকের খুব পিপাসা/ পানির তৃষ্ণা পেল।,
Santali_dataset_parsed.csv,1010,hant̪ɛnat̪ɛ kɔ.jɔʔbaɽa kat̪ɛ unid̪ɔ ɾacaɾɛ mit̪̚ʔʈɛn hasaɾe.jaʔ kanɖa͡i̯ ɲɛlɲamked̪a.,"Meanwhile, looking here and there, it saw an earthen pitcher in the yard.",এদিকে ওইদিকে তাকিয়ে সে উঠানে একটি মাটির কলসি দেখতে পেল।,
Santali_dataset_parsed.csv,1011,mɛnkʰan d̪aʔd̪ɔ t̪ahɛkana kanɖaɾe.jaʔ ɛkalt̪ɛ lat̪aɾ ɟalat̪̚ʔɾɛ.,But the water was at the bottom of the pitcher.,কিন্তু পানি ছিল কলসির একেবারে নিচে/ তলায়।,
Santali_dataset_parsed.csv,1012,ɔna kakʰant̪ɛ kɘhũd̪ɔ ɔna d̪aʔ ba͡i̯ ɲu d̪aɽɛ.jad̪a.,Because of this the crow could not drink that water.,এই কারণে কাক সেই পানি পান করতে পারলো না।,
Santali_dataset_parsed.csv,1013,unɾɛ kɘhũd̪ɔ mit̪̚ʔʈɛn upɘ.jɛ uɖuŋked̪a.,Then the crow thought of a way.,তখন কাকটি একটা উপায় বের করলো।,
Santali_dataset_parsed.csv,1014,uni d̪ɔ ɔna kanɖa bʰit̪̚ɾiɾɛ d̪ʰiɾiɾe.jaʔ kuʈ̚ɾɘ giɖi͡i̯ laga͡o̯ɛna.,It started throwing pieces of stone into that pitcher.,সে ওই কলসির মধ্যে পাথরের টুকরো ফেলতে লাগলো।,
Santali_dataset_parsed.csv,1015,d̪ʰiɾi kuʈ̚ɾɘ ɟɔma͡o̯ ɟɔma͡o̯t̪ɛ d̪aʔ d̪ɔ kanɖa ɾe.jaʔ mɔcaʈʰɛn hɛʲc̚ʔɛna.,The stones accumulated and the water came to the mouth of the pitcher.,পাথর জমে জমে পানি কলসির মুখের কাছে চলে এলো।,
Santali_dataset_parsed.csv,1016,kɘhũ d̪ɔ unɾɛ ɔna d̪aʔɛ ɲuː ked̪a.,The crow then drank that water.,কাকটি তখন সেই পানি পান করলো।,
Santali_dataset_parsed.csv,1017,baŋlad̪es a͡i̯ma pɘɾsi aɾ a͡i̯ma ɟɘt̪i ɾe.jaʔ mit̪̚ʔʈɛn d̪isɘm.,Bangladesh is a multilingual and multi-racial country.,বাংলাদেশ বহুভাষা ও বহুজাতির একটি দেশ।,
Santali_dataset_parsed.csv,1018,no̯͡a d̪isɘmɾɛ baŋgali bɛgɔɾhɔ̃ noŋka mɔ̃ɽɛgɛlgɔʈɛn ɟɘt̪iɾɛn hɔɽko giɾɘbɘsiʔkana.,"In addition to the Bangalees, about 50 other nationalities live in this country.",এই দেশে বাঙালি ছাড়াও প্রায় ৫০টি জাতির মানুষ বাস করে।,
Santali_dataset_parsed.csv,1019,baŋgaliko lekage oŋko̯͡aʔhɔ̃ ɟud̪ɘ pɘɾsi aɾ ni.jɘm ɘɾi mena.a.,"Like the Bangalees, they also have distinct languages and customs.",বাঙালিদের মতো তাদেরও আলাদা ভাষা ও রীতিনীতি আছে।,
Santali_dataset_parsed.csv,1020,bɛ͡o̯haɾ t̪ʰoɽa ho.joʔkan kakʰant̪ɛ a͡i̯ma pɘɾsiko ad̪ɔʔkana.,Many languages are disappearing due to lack of usage.,ব্যবহার কম হওয়ার কারণে অনেকগুলো ভাষা হারিয়ে যাচ্ছে।,
Santali_dataset_parsed.csv,1021,gid̪ɾɛko lɘgit̪̚ʔ apnaɾ pɘɾsit̪ɛ ɔlɔʔ paɽha͡o̯ ɟɘɾuɽa.,It is important for children to study in their own language.,নিজের ভাষায় পড়াশুনা করা শিশুদের জন্য জরুরি।,
Santali_dataset_parsed.csv,1022,gid̪ɾɘ bid̪ɘlɾɛ gɔgɔ pɘɾsit̪ɛ ɔlɔʔ paɽha͡o̯ baŋ ho͡i̯lɛnkʰan t̪a.jɔmt̪ɛ apnaɾ pɘɾsi aɾ cet̪̚ʔ baŋ ho.joʔkana.,"If one does not study in their mother language in childhood, one does not learn their own language later.",শৈশবে মাতৃভাষায় পড়াশুনা না করলে পরে নিজের ভাষা আর শেখা হয় না।,
Santali_dataset_parsed.csv,1023,iɲd̪ɔ iɲaʔ pɘɾsiɲ d̪ulɘɽaʔa.,I love my language.,আমি আমার ভাষাকে ভালোবাসি।,
Santali_dataset_parsed.csv,1024,iɲd̪ɔ iɲaʔ d̪isɘmiɲ d̪ulɘɽed̪a.,I love my country.,আমি আমার দেশকে ভালোবাসি।,
Santali_dataset_parsed.csv,1025,iɲaʔ sɔneɾ baŋla iɲd̪ɔ amiɲ d̪ulɘɽɛt̪̚ʔme.ja.,"My golden Bangla, I love you.","‌আমার সোনার বাংলা, আমি তোমায় ভালোবাসি।",
Santali_dataset_parsed.csv,1026,"ad̪ɔm pɘɾsi baŋla akʰɔɾko bɛ͡o̯haɾa, ad̪ɔm pɘɾsi iŋɾeɟi sɛ ɾoman akʰɔɾko bɛ͡o̯haɾa, aɾ ad̪ɔm pɘɾsi.jaʔd̪ɔ apnaɾaʔ akʰɔɾ mena.a.","Some languages use Bangalee fonts, some languages use English/Roman fonts, and some languages have their own fonts.","কিছু ভাষা বাংলা বর্ণ ব্যবহার করে, কিছু ভাষা ইংরেজি/রোমান হরফ ব্যবহার করে এবং কিছু ভাষার নিজস্ব বর্ণ আছে।",
Santali_dataset_parsed.csv,1027,babad̪ɔ mit̪̚ʔʈɛn gʰaɾɔ̃ɟɾɛn mukʰi̯͡ɘ hɔɽ.,Father is the head person/ man of a family.,বাবা একটি পরিবারের প্রধান ব্যক্তি/ মানুষ।,
Santali_dataset_parsed.csv,1028,uni d̪ɔ gʰaɾɔɟɾe.jaʔɛ ɲɛɭbaɽa.ja.,He takes care of the family.,তিনি পরিবারের দেখাশোনা করেন।,
Santali_dataset_parsed.csv,1029,iɲbaba d̪ɔ kʰɛt̪ɾɛ kɘmikat̪ɛt̪̚ʔɛ kɘmhɘ.jɛt̪̚ʔkant̪ahɛ̃na.,My father used to earn by working in agricultural fields.,আমার বাবা কৃষি/ ক্ষেতে কাজ করে আয় করতেন।,
Santali_dataset_parsed.csv,1030,babaʈʰɛnkʰɔn iɲd̪ɔ ɔlɔʔ aɾ paɽha͡ɔ̯iɲ cit̪̚ʔakad̪a.,I have learned to read and write from my father.,বাবার কাছ থেকে আমি পড়তে ও লিখতে শিখেছি।,
Santali_dataset_parsed.csv,1031,ɔk̚t̪ɛ ɔk̚t̪ɛ iskul cʰuʈilɛnkʰan ɲɛlɘɲ baba d̪ɔ iɲlɘgit̪̚ʔ iskul baɾhɛɾɛ͡i̯ t̪eŋgo.ăkana.,"Sometimes when the school hours were over, I saw my father standing outside the school for me.",মাঝে মাঝে স্কুল ছুটি হলে দেখতাম — বাবা আমার জন্য স্কুলের বাইরে দাঁড়িয়ে আছেন।,
Santali_dataset_parsed.csv,1032,biɖɘ͡o̯ɾɛ bʰage ɾeɟal t̪a.jɔm babaɔ̯͡aʔ mɛ̃t̪̚ʔd̪aʔiɲ ɲɛl lɛd̪a.,I saw tears in my father's eyes after getting good results in the exam.,পরীক্ষায় ভালো ফল করার পর বাবার চোখে পানি দেখেছিলাম।,
Santali_dataset_parsed.csv,1033,unɾɛ bɘɲbaɖa͡i̯kant̪ahɛ̃na a͡i̯mahɔɽ ɾɘskɘlɛnkʰanhɔ̃ ku ɾaːga.,I did not know that many people cry even when they are happy.,তখন জানতাম না অনেকে আনন্দ পেলেও কাঁদে।,
Santali_dataset_parsed.csv,1034,baba aʲc̚ʔt̪ɛt̪̚ʔhɔ̃ ɟɘst̪i ba͡i̯ ɔlɔʔ paɽha͡o̯ d̪aɽe.jakad̪a.,Father himself could not study much.,বাবা নিজে বেশি পড়ালেখা করতে পারেননি।,
Santali_dataset_parsed.csv,1035,mɛnkʰan uni͡i̯ kʰɔɟlɛna iɲ e.meɲ pas ma.,But he wanted me to pass MA.,কিন্তু তিনি চেয়েছিলেন আমি এমএ পাস করি।,
Santali_dataset_parsed.csv,1036,uni ɔk̚t̪ɛ ɔk̚t̪ɛ d̪akaut̪u kɘmiɾɛ gɔgɔhɔ̃.jɛ gɔɽɔ.a͡i̯kan t̪ahɛ̃na.,He sometimes helped my mother in cooking.,তিনি মাঝে মাঝে রান্নার কাজে মাকে সহায়তা করতেন।,
Santali_dataset_parsed.csv,1037,baba t̪inɾɛ͡i̯ haɽam lena unɾɛ iɲ uniɲ ɟɔt̪ɔnăkadi.ja.,I took care of father when he got old.,বাবা যখন বৃদ্ধ হয়েছিলেন তখন আমি তার যত্ন করেছি।,
Santali_dataset_parsed.csv,1038,kɘʈiʲc̚ʔkʰɔnge baba d̪ɔ iɲɾɛn paɲɟalek hɔɽ kana͡i̯.,"From my childhood, my father was a person I could follow.",শিশুকাল থেকেই বাবা আমার কাছে অনুসরণযোগ্য মানুষ।,
Santali_dataset_parsed.csv,1039,baba͡i̯ɲ d̪isɘlekʰan nit̪̚hɔ̃ iɲ ɾaʔ ɾaʔiɲ ɘ͡i̯kɘo̯͡͡a.,I still feel like crying when I remember my father.,বাবাকে মনে পড়লে এখনও আমার কান্না পায়।,
Santali_dataset_parsed.csv,1040,iɲd̪ɔ iɲ baba ni̯͡͡ɘt̪ɛɲ gɔɾɔbɔʔkana.,I feel proud of my father.,আমি আমার বাবাকে নিয়ে গর্ব করি।,
Santali_dataset_parsed.csv,1041,iɲiɲ kʰɔɟɔʔkana iɲɾɛn gid̪ɾɘhɔ̃ iɲ ni̯͡ɘt̪ɛ gɔɾɔb oco̯͡a.,I want my child to be proud of me too.,আমি চাই — আমার সন্তানও আমাকে নিয়ে গর্ব করুক।,
Santali_dataset_parsed.csv,1042,"ɟohaɾ hɔpɔnba, cɛt̪̚ʔlɛka mɛnama?","Nephew: [Greetings] Uncle, how are you?","ভাতিজা: [নমস্কার] কাকা, কেমন আছেন?",
Santali_dataset_parsed.csv,1043,mɔɟge minɘɲɘ bɘbu.,Uncle: I am fine my son.,কাকা: ভালো আছি বাবা।,
Santali_dataset_parsed.csv,1044,am cɛt̪̚ʔlɛka mɛnama?,Uncle: How are you?,কাকা: তুমি কেমন আছো?,
Santali_dataset_parsed.csv,1045,amɾɛn gɔgɔbaba cɛt̪̚ʔlɛka menaʔkinɘ?,Uncle: How are your parents?,কাকা: তোমার বাবা-মা কেমন আছেন?,
Santali_dataset_parsed.csv,1046,alɛ ɟɔt̪ɔhɔɽ mɔ̃ɟge menaʔle.ja.,Nephew: We are all fine.,ভাতিজা: আমরা সবাই ভালো আছি।,
Santali_dataset_parsed.csv,1047,buɖigɔ cɛt̪̚ʔlɛka mena.ja hɔpɔnba?,"Nephew: How is grandmother, Uncle?","ভাতিজা: দাদি কেমন আছেন, কাকা?",
Santali_dataset_parsed.csv,1048,hɔlakʰɔn uni͡i̯ ɾu̯͡ɘʔkana.,Uncle: She is sick since yesterday.,কাকা: তিনি গতকাল থেকে অসুস্থ।,
Santali_dataset_parsed.csv,1049,gunɘnɔʔkɘnɘɲ t̪eheɲ uni ɖakt̪aɾʈʰɛniɲ idi͡i̯.ja.,Uncle: I think I will take her to the doctor today.,কাকা: ভাবছি আজ তাকে ডাক্তারের কাছে নিয়ে যাবো।,
Santali_dataset_parsed.csv,1050,ɔnage bʰage ho.jo.a.,Nephew: That would be good.,ভাতিজা: সেটাই ভালো হবে।,
Santali_dataset_parsed.csv,1051,ɟahanaʔ ɟɘɾuɽɔʔkʰan alɛm baɖa͡i̯ŏcole.ja.,Nephew: Let us know if you need anything.,ভাতিজা: কোনো কিছুর দরকার হলে আমাদের জানাবেন।,
Santali_dataset_parsed.csv,1052,ac.cʰaɲ baɖa͡i̯ocope.ja.,"Uncle: Alright, I will let you know.","কাকা: আচ্ছা, জানাবো।",
Santali_dataset_parsed.csv,1053,amɾɛn gɔgɔbaba lɘ.jakinmɛ ambuɖigɔ͡i̯ ɾu̯͡ɘʔkana.,Uncle: Tell your parents your grandmother is ill.,কাকা: তোমার বাবা-মাকে বলে দিও তোমার দাদি অসুস্থ।,
Santali_dataset_parsed.csv,1054,uŋkinhɔ̃ hiɟuʔmɛt̪a͡o̯ăkinmɛ.,Uncle: Tell them to come.,কাকা: তাদেরকে আসতে বলিও।,
Santali_dataset_parsed.csv,1055,ɟɘɾuɽgeʲɲ lɘ͡i̯.akina.,Nephew: Of course I will tell them.,ভাতিজা: অবশ্যই বলবো।,
Santali_dataset_parsed.csv,1056,t̪ʰɔɽad̪in bʰit̪̚ɾiɾigi iɲaʔ biɖɘ͡o̯ ɛhɔbɔʔa.,Nephew: My exam is ahead.,ভাতিজা: সামনে আমার পরীক্ষা।,
Santali_dataset_parsed.csv,1057,iɲlɘgit̪̚ʔ bint̪i͡i̯mɛ.,Nephew: Pray for me.,ভাতিজা: আমার জন্য আর্শীবাদ/প্রার্থনা করবেন।,
Santali_dataset_parsed.csv,1058,bʰaget̪ɛ paɽhaʔmɛ.,Uncle: Study well.,কাকা: ভালোমতো পড়াশুনা করো।,
Santali_dataset_parsed.csv,1059,a͡imad̪inkʰɔn alɛ ʈoʈʰaɾɛ ɟahan pɔɾɔb baŋ hojoʔkana.,Arka: For many days there happens no festival in our locality.,অর্ক: অনেকদিন থেকে আমাদের এলাকায় কোনো উৎসব হয় না।,
Santali_dataset_parsed.csv,1060,"d̪ɛla, abo mit̪̚ʔʈɛn pɔɾɔbbon sapɽa͡o̯kat̪̚ʔlege.","Arka: Come on, let's organize a festival.","অর্ক: চলো, আমরা একটা উৎসবের আয়োজন করি।",
Santali_dataset_parsed.csv,1061,"hɛ̃ː, no̯͡a d̪ɔ mit̪̚ʔʈɛn bʰage hudis.","Pradeep: Yes, it's a great/good idea.","প্রদীপ: হ্যাঁ, এটা একটা দারুণ চিন্তা।",
Santali_dataset_parsed.csv,1062,amd̪ɔ cɛt̪̚ʔ no̯͡a ni̯͡ɘt̪ɛ ɟahanaʔɛm ganɖɔnakad̪a?,Pradeep: Have you thought about it?,প্রদীপ: তুমি কি এটা নিয়ে কিছু ভেবেছ?,
Santali_dataset_parsed.csv,1063,pɔɾɔbɾɛ cɛt̪̚ʔ cɛt̪̚ʔ t̪ahɛ̃na?,Pradeep: What will be in the festival?,প্রদীপ: উৎসবে কী কী থাকবে?,
Santali_dataset_parsed.csv,1064,pɔɾɔbɾɛ ɛnɛʲc̚ʔ seɾeɲ t̪ahɛna.,Arka: The festival will include dancing and singing.,অর্ক: উৎসবে নাচ-গান থাকবে।,
Santali_dataset_parsed.csv,1065,ɔna sa͡ɔ̯t̪ɛ miʔʈɛn pʰuʈbɔl kʰilɘʈ t̪ahɛ̃na.,Arka: There will also be a football match.,অর্ক: সেই সাথে একটা ফুটবল ম্যাচ থাকবে।,
Santali_dataset_parsed.csv,1066,pʰuʈbɔl kʰilɘʈ d̪ɔ ho.jo.a bap̚laɔ͡͡akan aɾ ɖɘŋu̯͡ɘku t̪alaɾɛ.,Arka: The football match will be between the married and the unmarried.,অর্ক: ফুটবল ম্যাচটি হবে বিবাহিত এবং অবিবাহিতদের মধ্যে।,
Santali_dataset_parsed.csv,1067,nɔ̯͡a pɔɾɔp̚ t̪is aɾ ɔkaɾɛ ho͡i̯ oco d̪aɽeja.a.,Pradeep: When and where can this festival be held?,প্রদীপ: এই উৎসব কবে এবং কোথায় করা যায়?,
Santali_dataset_parsed.csv,1068,cʰuʈi hilɘʔ sapɽa͡ɔ̯lɛkʰan abu iskulɾe.jaʔ maʈʰbun bɛbɔhaɾ d̪aɽe.jaʔa.,Arka: We can use the school grounds if we organize on holidays.,অর্ক: ছুটির দিনে আয়োজন করলে আমরা আমাদের স্কুলের মাঠটি ব্যবহার করতে পারবো।,
Santali_dataset_parsed.csv,1069,abu̯͡aʔ pɔɾɔbɾɛ iskuld̪ɔ sã͡ot̪ɛ d̪ɔhɔ ɟɘɾuɽa.,Pradeep: We need to include the school in our festival.,প্রদীপ: আমাদের উৎসবে স্কুলকে সাথে রাখা দরকার।,
Santali_dataset_parsed.csv,1070,ced̪aʔsɛ iskulɾɛn gid̪ɾɘko aboko gɔɽɔ d̪aɽe͡o̯ɘ̆bona.,Pradeep: Because school students could help us.,"প্রদীপ: কারণ, স্কুলের ছাত্রছাত্রীরা আমাদের সাহায্য করতে পারবে।",
Santali_dataset_parsed.csv,1071,t̪ahalɛ iskulɾɛn maɾaŋ mahasɔ͡i̯ sãot̪ɛ katʰa ɾɔɽ ho.j.a.,Arka: So we will have to talk to the headmaster of the school.,অর্ক: তাহলে স্কুলের প্রধান শিক্ষকের সাথে কথা বলতে হবে।,
Santali_dataset_parsed.csv,1072,pɔɾɔbɾɛ cɛt̪̚ʔ cɛt̪̚ʔ tahɛna ɔnako ni̯͡ɘt̪ɛhɔ̃ galmaɾa͡o̯ ho.joʔa.,Arka: What segments will be in the festival should also be needed to discuss,অর্ক: উৎসবে কী কী থাকবে সেগুলো নিয়েও আলোচনা/আলাপ করতে হবে।,
Santali_dataset_parsed.csv,1073,pɔɾɔbɾɛ t̪inɘʔ kɘ͡o̯ɖi laga.a t̪inɘʔ hɔɽko laga.a sanamko ni̯͡ɘt̪ɛ galmaɾa͡o̯ ho.joʔa.,"Pradeep: How much money will be needed for the festival, how many people will be needed, everything has to be discussed.","প্রদীপ: উৎসবে কত টাকা লাগবে, কতজন মানুষ লাগবে; সবকিছু নিয়ে আলাপ করতে হবে।",
Santali_dataset_parsed.csv,1074,kɘmi bʰage oco͡i̯ lɘgit̪̚ʔ miʔʈɛn komiʈi bɛna͡o̯ ɟɘɾuɽa.,Pradeep: A committee should be formed to do the work properly.,প্রদীপ: কাজ ভালোভাবে করার জন্য একটা কমিটি গঠন করতে হবে।,
Santali_dataset_parsed.csv,1075,iɲaʔ mɔnɛ ho.joʔkana ɛt̪ɔhɔb̚ʔɾɛ gat̪eko sã͡ot̪ɛ galmaɾa͡o̯ ɟɘɾuɽa.,Arka: I think we need to talk to our friends first.,"অর্ক: আমার মনে হয়, শুরুতে বন্ধুবান্ধবের সাথে আলাপ করা দরকার।",
Santali_dataset_parsed.csv,1076,inɘ t̪a.jɔm oŋko sanam cɛʔlekako mɛna oŋkage bɘki kɘmi ho.joa.,Arka: Then we will do the rest as they all suggest.,"অর্ক: এরপর তারা সকলে যেভাবে বলে, সেভাবে বাকি কাজ করবো।",
Santali_dataset_parsed.csv,1077,am ʈʰikɛm mɛːnakad̪a.,Pradeep: You are right.,প্রদীপ: তুমি ঠিক বলেছ।,
Santali_dataset_parsed.csv,1078,sanamko sã͡o̯t̪ɛ ni̯͡ɘt̪ɛ alɛ pɔɾɔblɛ mɛnco͡i̯d̪a.,Pradeep: We want to celebrate the festival with everyone.,প্রদীপ: সবাইকে সাথে নিয়ে আমরা উৎসব করতে চাই।,
Santali_dataset_parsed.csv,1079,ɟɔt̪ɔhɔɽko gɔɽɔlɛnkʰan sanamaʔge alga.aː.,Pradeep: Everything will be easy if everyone cooperates.,প্রদীপ: সবাই সহযোগিতা করলে সবকিছু সহজ হবে।,
Santali_dataset_parsed.csv,1080,aɖɛpase ɾejaʔ iskulkoɾɛ abu calaʔ hojoʔt̪abona.,Arka: We have to go to the nearby schools.,অর্ক: আশপাশের স্কুলগুলোতে যেতে হবে আমাদের।,
Santali_dataset_parsed.csv,1081,iskulɾɛn gid̪ɾɛko abo̯͡aʔ pɔɾɔb ɾe.jaʔ kat̪ʰa baɖa͡i̯ ocoko ho.joa.,Arka: School students should be informed about our festival.,অর্ক: স্কুলের ছাত্রছাত্রীদের আমাদের উৎসবের কথা জানাতে হবে।,
Santali_dataset_parsed.csv,1082,oŋko ɛnɛʲc̚ʔseɾeɲɾɛko sɛlɛt̪̚ʔlɛnkʰan pɔɾɔb ɘɖi ɾɘskɘge ho.jo.a.,"Arka: If they participate in dancing and singing, the festival will be more joyous.",অর্ক: নাচ-গানে তারা অংশগ্রহণ করলে উৎসব অনেক আনন্দের হবে।,
Santali_dataset_parsed.csv,1083,oŋko lɘgit̪̚ʔ kuɽɘ͡i̯ ɾe.jaʔ bɛbɔst̪a d̪ɔhɔkaʔ ho.joʔa.,Pradeep: Reward should be arranged/prepared for them.,প্রদীপ: তাদের জন্য পুরস্কারের ব্যবস্থা রাখতে হবে।,
Santali_dataset_parsed.csv,1084,ʈʰikge.ja.,Arka: Okay.,অর্ক: ঠিক আছে।,
Santali_dataset_parsed.csv,1085,"d̪ɛla, kɘmibun ɛhɔp̚ʔkat̪̚ʔlege.","Arka: Come on, let's get to work.",অর্ক: চলো কাজ শুরু করে দিই।,
Santali_dataset_parsed.csv,1086,ɟohaːɾ!,Parent: Greetings!,অভিভাবক: নমস্কার!,
Santali_dataset_parsed.csv,1087,cɛt̪̚ʔlɛka menama mahasɔ͡i̯?,"Parent: How are you, Sir?",অভিভাবক: কেমন আছেন স্যার?,
Santali_dataset_parsed.csv,1088,mɔ̃ɟge menɘɲɘ.,Head teacher: I am fine.,প্রধান শিক্ষক : ভালো আছি।,
Santali_dataset_parsed.csv,1089,a͡i̯ma d̪in t̪a.jɔmɛm hɛc̚ʔĕna.,Head teacher: You came after a long time!,প্রধান শিক্ষক : অনেকদিন পর আসলেন!,
Santali_dataset_parsed.csv,1090,kɘmi ɾe.jaʔ cãɽt̪ɛ bɘɲ hɛc̚ʔ d̪aɽe.jad̪a.,Parent: Couldn't come because of being busy with work.,অভিভাবক: কাজের ব্যস্ততার কারণে আসতে পারিনি।,
Santali_dataset_parsed.csv,1091,ni̯͡ɘd̪ʰa͡o̯ lɘ͡i̯mɛ ced̪aʔɛm hɛc̚ʔakana?,"Head teacher: Now tell me, why have you come?",প্রধান শিক্ষক: এবার বলেন কেন এসেছেন?,
Santali_dataset_parsed.csv,1092,iɲɾɛn gid̪ɾɘ amaʔ is͡kulɾɛ bʰuɾt̪iɲ mɛnɛd̪a.,Parent: I want to enroll my younger son in your school.,অভিভাবক: আমার ছোট ছেলেকে ভর্তি করাতে চাই।,
Santali_dataset_parsed.csv,1093,uni.jaʔ umɘɾ t̪inɘʔ?,Head teacher: How old is he?,প্রধান শিক্ষক: তার বয়স কত?,
Santali_dataset_parsed.csv,1094,ni͡ɘbaɾ uni͡aʔ umɘɾ mɔ̃ɽɛ sɛɾma ho͡i̯ena.,Parent: Now he is 5 years old.,অভিভাবক: এইবার তার বয়স ৫ বছর হলো।,
Santali_dataset_parsed.csv,1095,uni d̪ɔ cɛt̪̚ʔ ɔɽaʔɾɛ ɟahanaʔɛ cet̪̚ʔakada?,Head teacher: Did he learn anything at home?,প্রধান শিক্ষক: বাড়িতে কি সে কিছু শিখেছে?,
Santali_dataset_parsed.csv,1096,uni d̪ɔ cɛt̪̚ʔ haɾɔp̚ɛ ɲɛl cinhɘ͡o̯ge.ja?,Head teacher: Does he know letters?,প্রধান শিক্ষক : সে কি বর্ণ চেনে?,
Santali_dataset_parsed.csv,1097,"hɛ̃, uni d̪ɔ akʰɔɾmala͡i̯ baɖa.ja.","Parent: Yes, he knows the letters/ alphabet.","অভিভাবক: হ্যাঁ, সে বর্ণগুলো চেনে।",
Santali_dataset_parsed.csv,1098,mit̪̚ʔkʰɔn gɛl hɘbiʔhɔ̃͡i̯ lɛkʰa d̪aɽe.jaʔa,Parent: Can also count from 1 to 10.,অভিভাবক: ১ থেকে ১০ পর্যন্ত গুনতেও পারে।,
Santali_dataset_parsed.csv,1099,t̪ahlɛ uni d̪ɔ keɟi kilɘsɾɛ bʰuɾt̪id̪aɽeo̯͡a.ja.,Head teacher: Then he can be admitted in the children's class.,প্রধান শিক্ষক: তাহলে তাকে শিশু শ্রেণিতে ভর্তি করানো যায়।,
Santali_dataset_parsed.csv,1100,amd̪ɔ ni.jɘ pʰɔɾɔm id̪i t̪oɾa͡i̯mɛ.,Head Teacher: You take this form.,প্রধান শিক্ষক: আপনি এই ফর্মটা নিয়ে যান।,
Santali_dataset_parsed.csv,1101,pʰɔɾɔm puɾɘ͡o̯ kat̪ɛ gid̪ɾɘo͡aʔ miʔʈɛn pʰɔʈo sã͡o̯ ɟɔma oʈokam.,Head Teacher: Fill up the form and submit it along with a photograph of your son.,প্রধান শিক্ষক: ফর্ম পূরণ করে ছেলের একটা ছবিসহ জমা দিয়ে যাবেন।,
Santali_dataset_parsed.csv,1102,ʈʰikge.ja.,Parent: All right.,অভিভাবক: ঠিক আছে।,
Santali_dataset_parsed.csv,1103,me.jaŋsɛʔiɲ ɟɔma oʈo kaʔa.,Parent: I will submit it the next day after tomorrow.,অভিভাবক: আগামী পরশুদিন জমা দিয়ে যাবো।,
Santali_dataset_parsed.csv,1104,ɟano̯͡aɾi ɾejaʔ pɘhil t̪ɘɾikʰkʰɔn kilɘs ɛhɔbɔʔa.,Head Teacher: Classes will start from January 1st.,প্রধান শিক্ষক: জানুয়ারির এক তারিখ থেকে ক্লাস শুরু হবে।,
Santali_dataset_parsed.csv,1105,unhilɘʔ unid̪ɔ iskulkʰɔn naɔ̯͡a put̪ʰi͡i̯ ɲaːma.,Head teacher: On that day he will be given new books from school.,প্রধান শিক্ষক: ওইদিন তাকে স্কুল থেকে নতুন বই দেওয়া হবে।,
Santali_dataset_parsed.csv,1106,amd̪ɔ uni lɘgit̪̚ʔ iskul kic̚ɾiʔɛm bɛnaɔ̯͡a.,Head teacher: You will make a school uniform for him.,প্রধান শিক্ষক: আপনি তার জন্য স্কুল ড্রেস বানিয়ে দেবেন।,
Santali_dataset_parsed.csv,1107,unid̪ɔ mit̪̚ʔʈɛn bɛghɔ̃ kiɾiɲa͡i̯ hojoʔa.,Parent: Have to to buy him a bag too.,অভিভাবক: তাকে একটা ব্যাগও কিনে দিতে হবে।,
Santali_dataset_parsed.csv,1108,iɲ pɘhil t̪ɘɾikʰ uni sɔŋgɛkat̪ɛt̪̚ iskuliɲ hɘɟu.a.,Parent: I will bring him to the school on the 1st of the month.,অভিভাবক: আমি ১ তারিখ তাকে সাথে নিয়ে স্কুল আসবো।,
Santali_dataset_parsed.csv,1109,biɾ ɾɛ a͡i̯malekan d̪aɾe mena.a.,1. There are many types of trees in the forest.,১। বনে অনেক রকমের গাছ আছে।,
Santali_dataset_parsed.csv,1110,biɾ ɾe.jaʔ d̪aɾeɾɛ cɛ̃ɽɛ̃koko t̪ukɘ.ja.,2. Birds nest in forest trees.,২। বনের গাছে পাখিরা বাসা বেঁধে থাকে।,
Santali_dataset_parsed.csv,1111,"biɾ ɾɛ a͡i̯malekan ɟɔ, ɲɛlɛɾasa aɾ sahanko ɲamɔ.a.","3. A variety of fruits, honey and woods are found in the forest.","৩। বনে বিভিন্ন রকমের ফল, মধু ও লাকড়ি পাওয়া যায়।",
Santali_dataset_parsed.csv,1112,biɾ ɾe.jaʔ d̪aɾe sɛ kaʈʰt̪ɛ ɔɽaʔd̪u͡ɘɾ bɛna͡o̯ʔa,4. Houses are made of forest trees or wood.,৪। বনের গাছ বা কাঠ দিয়ে ঘরবাড়ি বানানো হয়।,
Santali_dataset_parsed.csv,1113,"gɘhiɽ biɾ ɾɛ t̪ɘɾup̚ʔ, bana, kul, ɟel, hɘt̪isa͡o̯ a͡i̯malekan ɟibku giɾɘbɘsiʔkana.","5. Various animals including tigers, bears, lions, deers, elephants live in dense (big) forests.","৫। ঘন বনে বাঘ, ভাল্লুক, সিংহ, হরিণ, হাতিসহ বিভিন্ন প্রাণি বাস করে।",
Santali_dataset_parsed.csv,1114,ɟaha͡i̯ ɛskaɾ biɾɾeko cala͡o̯lɛnkʰan a.jaʔ muhim ho͡i̯ d̪aɽe.jaʔa.,6. Going alone in the forest can be dangerous.,৬। বনে একা গেলে বিপদ হতে পারে।,
Santali_dataset_parsed.csv,1115,biɾ d̯ɔ d̪ʰɘɾt̪i aɾ mano̯͡ai̯ baɲca͡o̯ d̪ɔhɔ.ɔ̆akat̪̚ʔko͡a.,7. Forests keep people and the earth alive.,৭। বন মানুষ ও পৃথিবীকে বাঁচিয়ে রেখেছে।,
Santali_dataset_parsed.csv,1116,hɔ͡i̯ bɘɾuɽ aɾ ɖubɘ kʰɔn biɾ d̪ɔ abo͡i̯ ɾukʰi̯͡ɘ d̪ɔhɔ.jɛt̪̚ʔbona.,8. Forests protect us from storms and floods.,৮। ঝড় ও বন্যা থেকে আমাদেরকে রক্ষা করে বন।,
Santali_dataset_parsed.csv,1117,mano̯͡͡a t̪inɘʔko ɟɘstiʔkana biɾ unɘʔ t̪ʰɔɽaʔkana.,"9. As the number of people is increasing, the forests are decreasing.","৯। মানুষের সংখ্যা যত বাড়ছে, বন তত কমছে।",
Santali_dataset_parsed.csv,1118,biɾ t̪ʰɔɽalɛnkʰan hɘt̪i at̪oɾɛko hiɟu.a.,10. Elephants migrate to localities/ villages when forests decrease.,১০। বন কমে গেলে হাতি লোকালয়ে/ গ্রামে চলে আসে।,
Santali_dataset_parsed.csv,1119,biɾ ɾɛn hɘt̪i kʰɛt̪ ɾe.jaʔ pʰɔsɔlko bɘɽiɟa.,11. Forest elephants damage field crops (paddy-jute etc.).,১১। বনের হাতি ক্ষেতের ফসলের ক্ষতি করে।,
Santali_dataset_parsed.csv,1120,hɘt̪ikʰɔn baɲca͡o̯ lɘgit̪̚ʔt̪ɛ hɔɽko ɲind̪ɘ ɛbʰɛnkat̪ɛʔko paɾha.ja.,12. Then people keep vigil at night.,১২। তখন লোকজন রাত জেগে পাহারা দেয়।,
Santali_dataset_parsed.csv,1121,biɾɾe.jaʔ d̪aɾenɘɽikʰɔn a͡i̯malekan ɾan t̪e.jaɾɔ.a.,13. Various medicines are prepared from the trees and leaves of the forest.,১৩। বনের গাছ ও লতাপাতা থেকে নানারকম ওষুধ তৈরি হয়।,
Santali_dataset_parsed.csv,1122,biɾ kʰɔn mãt̪̚ʔ ɘgukat̪ɛ ɔɽaʔɾe.jaʔ kʰunʈi aɾ ʈɘʈiko t̪e.jaɾa.,14. The fences and poles of the house are made by fetching bamboos from the forest.,১৪। বন থেকে বাঁশ এনে ঘরের বেড়া ও খুঁটি তৈরি করা হয়।,
Santali_dataset_parsed.csv,1123,biɾ ɾe.jaʔ sɘ͡o̯ɽit̪ɛ ɔɽaʔɾe.jaʔ sat̪eko d̪aːba.,15. Houses are covered with the forest canopy.,১৫। বনের ছন দিয়ে ঘরের ছাউনি দেওয়া যায়।,
Santali_dataset_parsed.csv,1124,baŋlad̪isɘmɾɛn ɟɘst̪ibʰag hɔɽ at̪oɾɛko giɾɘbɘsiʔkana.,1. Most of the people of Bangladesh live in the villages.,১। বাংলাদেশের বেশিরভাগ মানুষ গ্রামে বাস করে।,
Santali_dataset_parsed.csv,1125,at̪oɾɛn hɔɽ lɘgit̪̚ʔ mit̪̚ʔʈɛn haʈbaɟaɾ d̪ɔ ɘɖi ɟɘɾuɽ miʈɛn ʈʰɘ͡i̯kana.,2. Haat-bazaar/ market is a very useful place for the village people.,২। গ্রামের মানুষের জন্য হাট-বাজার খুব দরকারি একটা স্থান।,
Santali_dataset_parsed.csv,1126,nɔnɖɛ ako̯͡͡aʔ ɟɘɾuɽ ɟinisku kiɾiɲ ɘkʰɾiɲ ho.joʔkana.,3. Here their useful goods are bought and sold.,৩। এখানে তাদের দারকারি জিনিসপত্র কেনা ও বেচা হয়।,
Santali_dataset_parsed.csv,1127,hɘʈi̯͡ɘ baɟaɾɾɛ kisɘnko d̪ɔ pʰɔsɔlko ɘkʰɾiɲa aɾ ɟɘli̯͡ɘkod̪ɔ hakoko ɘkʰɾiɲko̯͡a.,"4. Farmers sell their crop in the hat- bazaar/market, fishermen sell their fish.","৪। হাট-বাজারে কৃষকেরা ফসল বিক্রি করে, জেলেরা মাছ বিক্রি করে।",
Santali_dataset_parsed.csv,1128,"ɛkɛn kiɾiɲ ɘkʰɾiɲd̪ɔ baŋ, hɘʈi̯͡ɘɾɛ at̪oɾɛn hɔɽ mit̪̚ʔhɔɽ sã͡o̯t̪ɛ aɾ mit̪̚ʔ hɔɽaʔ ɲɛpɛl ɲapamhɔ̃ ho.jo.a.","5. Not only shopping, but the village people also meet each other in the haat.","৫। শুধু কেনাবেচা নয়, হাটে গ্রামের মানুষেরা একে অপরের সাথে দেখা-সাক্ষাতও করে।",
Santali_dataset_parsed.csv,1129,"hɘʈi̯͡ɘd̪ɔ hap̚t̪aɾɛ baɾd̪in d̪uɽubɔʔa, mɛnkʰan baɟaɾd̪ɔ d̪ʰinɘmd̪in d̪uɽubɔʔa.","6. The haat sits two days a week, but the bazar sits every day.","৬। হাট বসে সপ্তাহে দুই দিন, কিন্তু বাজার প্রতিদিন বসে।",
Santali_dataset_parsed.csv,1130,"hɘʈi̯͡ɘ ɾe.jaʔ ɔk̚t̪ɛd̪ɔ tikin kʰɔn ɘ.jup̚ʔ hɘbiʲc̚ʔ, bic̚kɔm baɟaɾ ɾijaʔ ɔkt̪ɛd̪ɔ sɛt̪aʔkʰɔn t̪ikin hɘbiʲc̚ʔ.","7. The haat hours are from noon to evening, while the bazaar hours are from morning to noon.","৭। হাটের সময় দুপুর থেকে সন্ধ্যা পর্যন্ত, যদিও বাজারের সময় সকাল থেকে দুপুর পর্যন্ত।",
Santali_dataset_parsed.csv,1131,hɘʈi̯͡ɘkʰɔn ɟɘɾuɽ ɟinisku kiɾiɲkat̪ɛt̚ʔ at̪oɾɛn hɔɽ ako̯͡aʔ okulɘnko meʈao̯͡a.,8. People of the village meet their needs by buying useful items from the haat.,৮। হাট থেকে দরকারি জিনিসপত্র কিনে গ্রামের মানুষ নিজেদের প্রয়োজন মেটায়।,
Santali_dataset_parsed.csv,1132,sed̪a͡i̯d̪ɔ gaɖa aɽeɾɛ maɾaŋ maɾaŋ hɘʈi̯͡ɘ baɟaɾ d̪uɽubɔʔkan t̪ahɛ̃na.,9. Earlier there used to be big haat-bazaars on the banks of the river.,৯। আগে নদীর পাড়ে বড় বড় হাট-বাজার বসতো।,
Santali_dataset_parsed.csv,1133,nit̪̚ʔ algat̪ɛ cala͡o̯ d̪aɽe.jaʔ noŋkan ʈʰɘ͡i̯ɾɛ hɘʈi̯͡ɘ baɟaɾ d̪uɽubɔʔkana.,10. Now the haat-bazaar sits in an easily accessible place.,১০। এখন সহজে যাওয়া যায় এমন স্থানে হাট-বাজার বসে।,
Santali_dataset_parsed.csv,1134,kɘʈiʲc̚ʔ bid̪ɘlɾɛ iɲ ɘpuɲ sã͡ɔ̯t̪ɛ hɘʈi͡ɘ̯ɲ calaʔkan t̪ahɛ̃na aɾ a͡i̯ma lɛkan kʰilɘʈ ɟiniskoɲ kiɾiɲ ɘgu.jɛt̪̚ʔkan t̪ahɛna.,"11. When I was a child, I used to go to the haat with my father, and buy toys.",১১। ছোটবেলায় আমি বাবার সাথে হাটে যেতাম এবং নানান রকমের খেলনা কিনে আনতাম।,
Santali_dataset_parsed.csv,1135,iɲ uniɲ sabɛ.ja.,I catch him.,আমি তাকে ধরি,
Santali_dataset_parsed.csv,1136,ɘliɲ uniliɲ sabɛ.ja.,We two catch him.,আমরা দুইজন তাকে ধরি,
Santali_dataset_parsed.csv,1137,alɛ unilɛ sabɛ.ja.,We catch him.,আমরা তাকে ধরি,
Santali_dataset_parsed.csv,1138,am unim sabɛ.ja.,You catch him.,তুমি তাকে ধরো,
Santali_dataset_parsed.csv,1139,abɛn unibɛn sabɛ.ja.,You two catch him.,তোমরা দুইজন তাকে ধরো,
Santali_dataset_parsed.csv,1140,apɛ unipɛ sabɛ.ja.,You catch him.,তোমরা তাকে ধরো,
Santali_dataset_parsed.csv,1141,uni hɘni.jɛ sabɛ.ja.,,He/ She catches him.,
Santali_dataset_parsed.csv,1142,ɔna hana.jɛ saːba.,,It catches that.,
Santali_dataset_parsed.csv,1143,uŋkin hɘnikin sabɛ.ja.,,The two catch him.,
Santali_dataset_parsed.csv,1144,ɔnakin hanakinɛ saba.,,Those two catch those two.,
Santali_dataset_parsed.csv,1145,onko uniko sabɛ.ja.,,They catch him.,
Santali_dataset_parsed.csv,1146,ɔnako hana͡i̯ saba.,,Those catch him.,
Santali_dataset_parsed.csv,1147,am iɲɛm sabɛɲa.,You catch me.,তুমি আমাকে ধরো,
Santali_dataset_parsed.csv,1148,abɛn iɲ sabɛɲbɛn.,You two catch me.,তোমরা দুইজন আমাকে ধরো,
Santali_dataset_parsed.csv,1149,apɛ iɲpɛ sabɛɲa.,You catch me.,তোমরা আমাকে ধরো,
Santali_dataset_parsed.csv,1150,uni iɲɛ sabɛɲa.,,He/ She catches me.,
Santali_dataset_parsed.csv,1151,ɔna iɲɛ sabɛɲa.,,It catches me.,
Santali_dataset_parsed.csv,1152,uŋkin iɲkin sabɛɲa.,,The two catch me.,
Santali_dataset_parsed.csv,1153,ɔnakin iɲɛ sabɛɲa.,,Those two catch me.,
Santali_dataset_parsed.csv,1154,oŋko iɲko sabɛɲa.,,They catch me.,
Santali_dataset_parsed.csv,1155,ɔnako iɲko sabɛɲa.,,Those catch me.,
Santali_dataset_parsed.csv,1156,iɲ amiɲ sap̚ʔme̯͡a.,I catch you.,আমি তোমাকে ধরি,
Santali_dataset_parsed.csv,1157,ɘliɲ amliɲ sap̚ʔme̯͡a.,We two catch you.,আমরা দুইজন তোমাকে ধরি,
Santali_dataset_parsed.csv,1158,alɛ amlɛ sap̚ʔme̯͡a.,We catch you.,আমরা তোমাকে ধরি,
Santali_dataset_parsed.csv,1159,am amge sabɔʔmɛ.,You catch yourself.,তুমি তোমাকে ধরো,
Santali_dataset_parsed.csv,1160,uni amɛ sap̚ʔme̯͡a.,,He/ She catches you.,
Santali_dataset_parsed.csv,1161,ɔna amɛ sap̚ʔme̯͡a.,,That catches you.,
Santali_dataset_parsed.csv,1162,uŋkin amkin sap̚ʔme̯͡a.,,The two catch you.,
Santali_dataset_parsed.csv,1163,ɔnakin amɛ sap̚ʔme̯͡a.,,Those two catch you.,
Santali_dataset_parsed.csv,1164,oŋko amko sap̚ʔme̯͡a.,,They catch you.,
Santali_dataset_parsed.csv,1165,ɔnako amɛ sap̚ʔme̯͡a.,,Those catch you.,
Santali_dataset_parsed.csv,1166,iɲ oŋkoɲ sap̚ʔko̯͡a.,I catch them.,আমি তাদেরকে ধরি,
Santali_dataset_parsed.csv,1167,ɘliɲ oŋkoliɲ sap̚ʔko̯͡a.,We two catch them.,আমরা দুইজন তাদেরকে ধরি,
Santali_dataset_parsed.csv,1168,alɛ oŋkolɛ sap̚ʔko̯͡a.,We catch them.,আমরা তাদেরকে ধরি,
Santali_dataset_parsed.csv,1169,am oŋko sap̚ʔkomɛ.,You catch them.,তুমি তাদেরকে ধরো,
Santali_dataset_parsed.csv,1170,abɛn oŋko sap̚ʔkobɛn.,You two catch them.,তোমরা দুইজন তাদেরকে ধরো,
Santali_dataset_parsed.csv,1171,apɛ oŋkopɛ sap̚ʔko̯͡a.,You catch them.,তোমরা তাদেরকে ধরো,
Santali_dataset_parsed.csv,1172,uni oŋko͡i̯ sap̚ʔko̯͡a.,He/ She catches them.,সে তাদেরকে ধরে,
Santali_dataset_parsed.csv,1173,ɔna oŋko͡i̯ sap̚ʔko̯͡a.,,That catches them.,
Santali_dataset_parsed.csv,1174,onakin oŋko͡i̯ sap̚ʔko̯͡a.,,The two catch them.,
Santali_dataset_parsed.csv,1175,oŋko hɘŋkoko sap̚ʔko̯͡a.,,Those two catch them.,
Santali_dataset_parsed.csv,1176,ɔnako onkoko sap̚ʔko̯͡a.,,They catch them.,
Santali_dataset_parsed.csv,1177,oŋko hɘŋkoko sap̚ʔko̯͡a.,,Those catch them.,
Santali_dataset_parsed.csv,1178,iɲ hakoɲ sap̚ʔko̯͡a.,I fish.,আমি মাছ ধরি,
Santali_dataset_parsed.csv,1179,ɘliɲ hakoliɲ sap̚ʔko̯͡a.,We two fish.,আমরা দুইজন মাছ ধরি,
Santali_dataset_parsed.csv,1180,alɛ hakolɛ sap̚ʔko̯͡a.,We fish.,আমরা মাছ ধরি,
Santali_dataset_parsed.csv,1181,am hakom sap̚ʔko̯͡a.,You fish.,তুমি মাছ ধরো,
Santali_dataset_parsed.csv,1182,abɛn hakobɛn sap̚ʔko̯͡a.,You two fish.,তোমরা দুইজন মাছ ধরো,
Santali_dataset_parsed.csv,1183,apɛ hakopɛ sap̚ʔko̯͡a.,You fish.,তোমরা মাছ ধরো,
Santali_dataset_parsed.csv,1184,uni hako͡i̯ sap̚ʔko̯͡a.,,He/ She fishes.,
Santali_dataset_parsed.csv,1185,ɔna hako͡i̯ sap̚ʔko̯͡a.,,That fishes.,
Santali_dataset_parsed.csv,1186,uŋkin hakokin sap̚ʔko̯͡a.,,The two fish.,
Santali_dataset_parsed.csv,1187,ɔnakin hako͡i̯ sap̚ʔko̯͡a.,,Those two fish.,
Santali_dataset_parsed.csv,1188,oŋko hakoko sap̚ʔko̯͡a.,,They fish.,
Santali_dataset_parsed.csv,1189,ɔnako hako͡i̯ sap̚ʔko̯͡a.,,Those fish.,
Santali_dataset_parsed.csv,1190,uni͡i̯ hɘɟuʔkana.,,He/ She is coming.,
Santali_dataset_parsed.csv,1191,ni̯͡ɘʈaʔ hɘɟuʔkana.,,That is coming.,
Santali_dataset_parsed.csv,1192,noŋkoko hɘɟuʔkana.,,The two are coming.,
Santali_dataset_parsed.csv,1193,no̯͡akin hɘɟuʔkana.,,These two are coming.,
Santali_dataset_parsed.csv,1194,noŋkoko hɘɟuʔkana.,,They are coming.,
Santali_dataset_parsed.csv,1195,no̯͡ako hɘɟuʔkana.,,These two are coming.,
Santali_dataset_parsed.csv,1196,"gɔː, huɖiɲ bɔ͡i̯ha d̪ɔ t̪eheɲ pɘhil d̪ʰa͡o̯ iskulɛ calaʔa.","Elder sister: Mother, younger brother will go to the school for the first time today.","বড় বোন: মা, ছোট ভাই আজ প্রথম স্কুলে যাবে।",
Santali_dataset_parsed.csv,1197,unid̪ɔ iskul calaʔɛ bɔt̪ɔɾɔʔkana.,Elder sister: He is being afraid to go to school.,বড় বোন: সে স্কুলে যেতে ভয় পাচ্ছে।,
Santali_dataset_parsed.csv,1198,nit̪̚ cɛʔiɲ ceka.ja gɔː?,"Elder sister: What will I do now, Mother?",বড় বোন: এখন কী করবো মা?,
Santali_dataset_parsed.csv,1199,uni sã͡ɔ̯t̪ɛ amd̪ɔ iskulɛm cala͡o̯lɛnkʰange ho.jo.a.,Mother: It will be okay if you go to school with him.,মা: তুমি তার সাথে স্কুলে গেলেই হবে।,
Santali_dataset_parsed.csv,1200,uni sã͡o̯ɾɛm t̪ahɛ̃lɛnkʰan ba͡i̯ bɔt̪ɔɾɔ.a.,"Mother: If you are with him, he will not be afraid.",মা: তুমি তার সাথে থাকলে সে ভয় পাবে না।,
Santali_dataset_parsed.csv,1201,iɲd̪ɔ ɔbɔsge uni sã͡o̯t̪ɛɲ cala.a.,Elder sister: I will definitely go with him.,বড় বোন: আমি অবশ্যই তার সাথে যাবো।,
Santali_dataset_parsed.csv,1202,"uni d̪ɔ kl͡asɾɛ eɛskaɾge͡i̯ t̪ahɛ̃na, unɾɛ͡i̯ bɔt̪ɔɾ d̪aɽe.jaʔa.","Elder sister: He will be alone in the class, then he might get scared.","বড় বোন: ক্লাসের মধ্যে সে একা থাকবে, তখন সে ভয় পেতে পারে।",
Santali_dataset_parsed.csv,1203,bɔt̪ɔɾɔʔ ɾenaʔ cɛt̪̚ʔhɔ̃ bɘnu.a.,Mother: There is nothing to be afraid of.,মা: ভয়ের কিছু নেই।,
Santali_dataset_parsed.csv,1204,nit̪̚d̪ɔ uni ɔlɔʔpaɽhaʔ bɔd̪ɔlt̪ɛ gat̪e̪ʔge ɟɘst̪i͡i̯ kusi.a.,Mother: Now he will play more than studying.,মা: এখন সে পড়াশুনার চেয়ে খেলাধুলা বেশি করবে।,
Santali_dataset_parsed.csv,1205,ac̚ka ac̚ka paɽhaʔ bɔd̪ɔlt̪ɛ no̯͡a kɘmige boge.ja.,Mother: It is better than studying suddenly.,মা: হঠাৎ করে পড়াশুনা করার চেয়ে এটা ভালো।,
Santali_dataset_parsed.csv,1206,mɛnɛʔ unid̪ɔ a͡i̯mage͡i̯ d̪aɽe.jaʔa.,Elder sister: He can do many things though.,বড় বোন: তবে সে অনেক কিছুই পারে।,
Santali_dataset_parsed.csv,1207,"uni d̪ɔ haɾɔp̚ko, bɔɾnɔmalako, lɛkʰa, cand̪o aɾ d̪in ɾe.jaʔ ɲit̪umɛ ɾɔɽ d̪aɽeo̯͡aʔa.","Elder Sister: He knows letters/ alphabets, can count, can name the months and days.","বড় বোন: সে বর্ণমালা চেনে, গুনতে পারে, মাস ও দিনের নাম বলতে পারে।",
Santali_dataset_parsed.csv,1208,cɛt̪̚ʔ unid̪ɔ a.jaʔ ɔɽaʔ ɾenaʔ ʈʰikana͡i̯ lɘ͡͡i̯ d̪aɽe.jaʔa?,Mother: But can he state his home address?,মা: কিন্তু সে কি তার বাড়ির ঠিকানা বলতে পারে?,
Santali_dataset_parsed.csv,1209,hud̪isid̪ɘɲ uni d̪ɔ no̯͡a nit̪̚hɔ̃ ba͡i̯ lɘ͡i̯ d̪aɽe.jaʔa.,Elder sister: I think he still can't do this.,বড় বোন: আমার মনে হয় সে এখনও এটা পারে না।,
Santali_dataset_parsed.csv,1210,no̯͡a d̪ɔ ced̪aʔ baɖa͡i̯ ɟɘɾuɽta.ja?,Elder sister: Why should he know these?,বড় বোন: এগুলো তার কেন জানতে হবে?,
Santali_dataset_parsed.csv,1211,ɟɔt̪ɔ gid̪ɾɘo̯͡aʔge no̯͡ako baɖa͡i̯ d̪ɔ ɟɘɾuɽge.ja.,Mother: All children need to know these.,মা: সকল শিশুরই এগুলো জানা দরকার।,
Santali_dataset_parsed.csv,1212,ɟãhã͡i̯ko kuli̯͡ɛɾɛ ɟɛmɔnɛ lɘ͡i̯ d̪aɽe.jaʔ.,Mother: So they can answer If someone asks .,মা: কেউ জিজ্ঞেস করলে যেন বলতে পারে।,
Santali_dataset_parsed.csv,1213,ɔna cʰaɖa no̯͡a baɖa͡i̯ t̪ahɛnkʰan ba͡i̯ ad̪ɔʔa.,"Mother: Besides, if he knows these things, he will not get lost.",মা: এ ছাড়া এগুলো জানা থাকলে সে হারিয়ে যাবে না।,
Santali_dataset_parsed.csv,1214,amd̪ɔ ʈʰikgem mɛned̪a gɔ.,Elder sister: You are right mother.,বড় বোন: তুমি ঠিক বলেছ মা।,
Santali_dataset_parsed.csv,1215,uni lɘgit̪̚ʔ cɛt̪̚ʔ cɛt̪̚ʔko kiɾiɲ ɟɘɾuɽa?,Elder sister: What thngs to buy for him?,বড় বোন: তার জন্য কী কী কিনতে হবে?,
Santali_dataset_parsed.csv,1216,"iskul bɛg, kagɔc̚, pensil, iɾeɟaɾ, saɾp̚naɾ no̯͡ako kiɾiɲ ɟɘɾuɽa.","Mother: Have to buy a school bag, paper, pencil, eraser, sharpener","মা: স্কুলের ব্যাগ, কাগজ, পেন্সিল, ইরেজার, সার্পনার কিনতে হবে।",
Santali_dataset_parsed.csv,1217,ac̚cʰa uni ni.jɘge d̪okaniɲ calaʔkana.,"Elder sister: Alright, I'm taking him to the shop.","বড় বোন: আচ্ছা, আমি তাকে নিয়ে দোকানে যাচ্ছি।",
Santali_dataset_parsed.csv,1218,unid̪ɔ aʲcʔ kusiʔlekan ɟinise kiɾiɲ lekʰan boge ho.jo.a.,Elder sister: It would be better if he buys the things he likes.,বড় বোন: সে তার পছন্দমতো জিনিসগুলো কিনলে ভালো হবে।,
Santali_dataset_parsed.csv,1219,"hɛ̃, gapa d̪ɔ uni ni͡ɘ̯ iskulɛm cala.a.","Mother: Yes, you will take him to school tomorrow.","মা: হ্যাঁ, আগামীকাল তুমি তাকে নিয়ে স্কুলে যাবে।",
Santali_dataset_parsed.csv,1220,gɔgɔo̯͡aʔ kɔɽam t̪ɔ̯͡a d̪ɔ gid̪ɾɘ lɘgit̪̚ʔ ɾan lekage͡i̯ kɘmi.ja.,Mother's breast milk is as useful as medicine/ works like medicine for the baby.,মায়ের বুকের দুধ শিশুর জন্য ওষুধের মতো উপকারী/ কাজ করে।,
Santali_dataset_parsed.csv,1221,t̪uɾu͡i̯ cand̪o hɘbiʲc̚ʔ gid̪ɾɘ d̯ɔ gɔgɔ t̪o̯͡age ɟɔm oco.je ho.jo.a.,The baby should be breastfed for up to 6 months.,ছয় মাস পর্যন্ত শিশুকে শুধু বুকের দুধ খাওয়াতে হবে।,
Santali_dataset_parsed.csv,1222,inɘ t̪a.jɔm t̪͡o̯͡a ɟɔm sã͡o̯ sã͡o̯t̪ɛ eʈaʔ ɟɔmaʔhɔ̃ ema͡i̯ ho.jo.a.,After that the baby should be given other food besides milk.,এরপর শিশুকে দুধের পাশাপাশি অন্য খাবার দিতে হবে।,
Santali_dataset_parsed.csv,1223,gid̪ɾɘ d̪ɔ mit̪̚ʔsãot̪ɛ a͡i̯ma ɟɔm ema͡i̯ d̪ɔ baŋ boge.ja.,It is not good/ right to feed a baby many foods at once.,শিশুকে একসাথে অনেক খাবার দেওয়া ঠিক না/ ভালো না।,
Santali_dataset_parsed.csv,1224,gid̪ɾɘ d̪ɔ aɽaʔ sakam sã͡o̯ ɟɔː ɾe.jaʔ ɾɔs hɔ̃ ɲu oco͡i̯ ho.jo.a.,Children should be fed vegetables and fruit juices.,শিশুকে শাকসবজি ও ফলের রস খাওয়াতে হবে।,
Santali_dataset_parsed.csv,1225,gid̪ɾɘ lagit̪̚ʔ ɟɘpit̪̚ʔ d̪ɔ ɘɖi ɟɘɾuɽanaʔ kange.ja.,Sleep is very important for the babies.,শিশুর জন্য ঘুম খুব দরকারি।,
Santali_dataset_parsed.csv,1226,noŋkat̪ɛ gid̪ɾɘ d̪ɔ boge aɾ mɔ̃ːɟɛ haɾa buɾuʔkana.,In this way the baby stays healthy and grows well.,এতে শিশু সুস্থ/ ভালো থাকে এবং ভালোভাবে বেড়ে ওঠে/ বড় হয়।,
Santali_dataset_parsed.csv,1227,mit̪̚ʔʈɛn gid̪ɾɘ d̪ɔ mit̪̚ʔ seɾma t̪alaɾɛ mɔ̃ɽɛ̃gɔʈɛn ʈikɘ ema͡i̯ ho.jo.a.,A baby needs 5 vaccinations by the time he is one and a half years old.,একটি শিশুকে তার দেড় বছর বয়সের মধ্যে ৫টি টিকা দিতে হয়।,
Santali_dataset_parsed.csv,1228,ʈikɘ baŋ ema͡i̯kʰan gid̪ɾɘo̯͡aʔ a͡i̯ma lekan ɾu̯͡ɘ ho͡i̯ d̪aɽeo̯͡aʔa.,Babies can get / catch many diseases if not vaccinated.,টিকা না দিলে শিশুর অনেক রোগ হতে পারে।,
Santali_dataset_parsed.csv,1229,gid̪ɾɘ d̪ɔ ɔka ɔk̚t̪ɛ ɔka ʈikɘ ema͡i̯ ho.joʔa ona d̪ɔ ɖakt̪aɾge͡i̯ lɘː.ja.,The doctor will say whenever the baby needs proper vaccinations.,শিশুকে কখন কোন টিকা দিতে হবে তা ডাক্তার বলে দিবে।,
Santali_dataset_parsed.csv,1230,soɾɾenaʔ haspat̪alɾege gid̪ɾɘ d̪ɔ ʈikɘ ema͡i̯ ho.jo.a.,The baby can be vaccinated by going to a nearby hospital.,কাছাকাছি হাসপাতালে গিয়ে শিশুকে টিকা দেওয়া যায়।,
Santali_dataset_parsed.csv,1231,gʰaɾɔɟ,Family,পরিবার,
Santali_dataset_parsed.csv,1232,galmaɾa͡o̯,Discussion,আলোচনা,
Santali_dataset_parsed.csv,1233,kuk̚li,Question,প্রশ্ন/ জিজ্ঞাসা,
Santali_dataset_parsed.csv,1234,ɾɔɽɾu̯͡ɘɽ,Answer,উত্তর/ জবাব,
Santali_dataset_parsed.csv,1235,ɾaːn,Medicine,ওষুধ,
Santali_dataset_parsed.csv,1236,kuk̚mu,Dream,স্বপ্ন,
Santali_dataset_parsed.csv,1237,ɟanam,Birth,জন্ম,
Santali_dataset_parsed.csv,1238,guɟuʔ,Death,মৃত্যু,
Santali_dataset_parsed.csv,1239,bap̚la,Marriage,বিয়ে,
Santali_dataset_parsed.csv,1240,kɘmi,Work,কাজ,
Santali_dataset_parsed.csv,1241,sɔna,Gold,সোনা,
Santali_dataset_parsed.csv,1242,ɾupɘ,Silver,রূপা,
Santali_dataset_parsed.csv,1243,sapap̚ʔ,Ornaments,গয়না/অলংকার,
Santali_dataset_parsed.csv,1244,bʰage,Good,ভালো,
Santali_dataset_parsed.csv,1245,bɘɽiʲc̚ʔ,Evil,মন্দ,
Santali_dataset_parsed.csv,1246,napa͡i̯,Beautiful,সুন্দর,
Santali_dataset_parsed.csv,1247,baŋ mɔ̃ɟ,Ugly,অসুন্দর/ কুৎসিত,
Santali_dataset_parsed.csv,1248,hamal,Heavy,ভারী,
Santali_dataset_parsed.csv,1249,ɾa͡ɔ̯al,Light,হালকা,
Santali_dataset_parsed.csv,1250,kɘʈiʲc̚ʔ,Small,ছোট,
Santali_dataset_parsed.csv,1251,lɘʈu,Big,বড়,
Santali_dataset_parsed.csv,1252,bɛɾɛl,Raw,কাঁচা,
Santali_dataset_parsed.csv,1253,bele,Seasoned,পাকা,
Santali_dataset_parsed.csv,1254,ɟɔɟɔ,Sour,টক,
Santali_dataset_parsed.csv,1255,ɟʰal,Spicy,ঝাল,
Santali_dataset_parsed.csv,1256,hɛɽɛm,Sweet,মিষ্টি,
Santali_dataset_parsed.csv,1257,ɟiu̯͡ɘt̪̚ʔ,Alive,জীবিত,
Santali_dataset_parsed.csv,1258,gɔʲc̚ʔ,Dead,মৃত,
Santali_dataset_parsed.csv,1259,cɔʈ̚,High,উঁচু,
Santali_dataset_parsed.csv,1260,lat̪aɾ,Low,নিচু,
Santali_dataset_parsed.csv,1261,lɘbit̪̚ʔ,Soft,নরম,
Santali_dataset_parsed.csv,1262,lɔlɔ,Hot,গরম,
Santali_dataset_parsed.csv,1263,lɔlɔ,Hot,গরম,
Santali_dataset_parsed.csv,1264,kɛʈɛʲc̚ʔ,Tough,শক্ত,
Santali_dataset_parsed.csv,1265,sapʰa,Clean,পরিষ্কার,
Santali_dataset_parsed.csv,1266,sɘɾi,Truth,সত্য,
Santali_dataset_parsed.csv,1267,ɛɽɛ,Lie,মিথ্যা,
Santali_dataset_parsed.csv,1268,et̪aŋ,Thin,পাতলা,
Santali_dataset_parsed.csv,1269,mɔʈa,Thick,মোটা,
Santali_dataset_parsed.csv,1270,bap̚laiʲc̚ʔ,Married,বিবাহিত,
Santali_dataset_parsed.csv,1271,ɖɘŋu̯͡ɘ,Unmarried,অবিবাহিত,
Santali_dataset_parsed.csv,1272,nina d̪ɔ gɔgɔ baba sã͡o̯ sɔhɔɾɾɛ͡i̯ t̪ahɛ̃na.,Nina lives in the city with her parents.,নিনা তার বাবা-মায়ের সাথে শহরে থাকে।,
Santali_dataset_parsed.csv,1273,mit̪̚ʔd̪in aʲc̚ʔ gɔɽɔm buɖi d̪ɔ uni ʈʰɛn miʔʈɛn ciʈhi͡i̯ koːlked̪a.,One day her grandmother sent a letter to her.,একদিন তার কাছে তার দাদি একটি চিঠি পাঠালেন।,
Santali_dataset_parsed.csv,1274,mɛnɛʔ nina d̪ɔ ɔna ciʈʰi ba͡i̯ paɽha͡o̯ d̪aɽe.jad̪a.,But Nina could not read that letter.,কিন্তু নিনা ওই চিঠি পড়তে পারলো না।,
Santali_dataset_parsed.csv,1275,ɛnt̪ɛʔ niɟeɾaʔ pɘɾsi baɖa͡i̯kanɾɛhɔ̃ ba͡i̯ paɽha͡o̯ d̪aɽe.jad̪a.,"Because, although she can speak her own language, she cannot read.","কারণ, সে তার নিজের ভাষা বলতে পারলেও পড়তে পারে না।",
Santali_dataset_parsed.csv,1276,unɾɛ nina apat̚ʔ d̪ɔ ɔna ciʈʰi paɽha͡o̯ kat̪ɛ manɛ͡i̯ buɟʰhɘ͡o̯ade.ja.,Then Nina's father read the letter to her and explained the meaning of the letter.,তখন নিনার বাবা তাকে চিঠিটা পড়ে সেই চিঠির অর্থ বুঝিয়ে দিলেন।,
Santali_dataset_parsed.csv,1277,nina d̪ɔ ciʈʰiɾenaʔ ut̪̚t̪ɔɾ mɛnt̪ɛ kɔ.jekʈi cʰobi͡i̯ koːlad̪e.ja.,Nina sent some pictures after painting them herself to her grandmother in reply to the letter.,নিনা চিঠির উত্তরে তার দাদিকে কিছু ছবি এঁকে পাঠালো।,
Santali_dataset_parsed.csv,1278,inɘ t̪ʰɔɽa d̪in bad̪ɾɛ gɔɽɔm buɖi ʈʰɛn Kʰɔn aɾhɔ mit̪̚ʔʈɛn ciʈʰi͡i̯ ɲamked̪a.,A few days later she received another letter from her grandmother.,এর কিছুদিন পর সে দাদির কাছ থেকে আরেকটি চিঠি পেল।,
Santali_dataset_parsed.csv,1279,ɔna ciʈʰiɾɛ gɔɽɔm buɖidɔ͡i̯ ɔlked̪a ɔna cʰobiko ɲam kat̪ɛ uni d̪ɔ ɘɖiaʈɛ kusilena.,"In that letter, the grandmother wrote that she was very happy to receive Nina's paintings.",সেই চিঠিতে দাদি লিখেছিলেন: তিনি নিনার ছবিগুলো পেয়ে খুব খুশি হয়েছেন।,
Santali_dataset_parsed.csv,1280,nina ɔna ciʈʰi ba͡i̯ paɽha͡o̯ d̪aɽe.jaʔt̪ɛ mɔnɛ bɘɽiʲc̚ʔked̪a aɾ kɔsʈɔ͡i̯ ɘ͡i̯kɘ͡o̯ked̪a.,But Nina could not read her letter - she felt upset to know that too.,কিন্তু নিনা তার চিঠি পড়তে পারেনি — এটা জেনে তিনি মন খারাপও করেছেন/ কষ্ট পেয়েছেন।,
Santali_dataset_parsed.csv,1281,nina nit̪̚ʔ pɘɾsit̪ɛ ɔlɔʔpaɽhaʔɛ ɛhɔp̚ʔked̪a ɟɛmɔn aʲc̚ʔ gɔɽɔm buɖi ciʈʰi͡i̯ ɔl d̪aɽeo̯͡ai̯.,Nina then began studying her native language so that she could write letters to her grandmother.,"নিনা তখন তার নিজ ভাষা নিয়ে পড়ালেখা শুরু করলো, যেন সে তার দাদিকে চিঠি লিখতে পারে।",
Santali_dataset_parsed.csv,1282,ni̯͡ɘ,This,এই,
Santali_dataset_parsed.csv,1283,hana,That,ঐ,
Santali_dataset_parsed.csv,1284,nɔnɖɛ,Here,এখানে,
Santali_dataset_parsed.csv,1285,hanɖɛ,There,ওখানে,
Santali_dataset_parsed.csv,1286,ɟãha͡i̯,Someone,কেউ,
Santali_dataset_parsed.csv,1287,nase.jaʔ,Something,কিছু,
Santali_dataset_parsed.csv,1288,ɔkaɾɛhõ,Somewhere,কোথাও,
Santali_dataset_parsed.csv,1289,"cɛt̪̚ʔhɔ̃], [ɟãhaɾɛhɔ̃], [ɟahanaʔhɔ̃], [ɔkɔ͡i̯hɔ̃], [ɔkaɾɛhɔ̃",Any,কোনো,
Santali_dataset_parsed.csv,1290,aʲc̚ʔ,Own,নিজ,
Santali_dataset_parsed.csv,1291,sanam,All/Every,সব/সকল,
Santali_dataset_parsed.csv,1292,sanam,Everyone,সবাই,
Santali_dataset_parsed.csv,1293,sanamko̯͡aʔ,Everyone’s,সবার,
Santali_dataset_parsed.csv,1294,aʲc̚ʔ aʲc̚ʔ t̪ɛ,By Himself/Herself,নিজে নিজে/আপনা-আপনি,
Santali_dataset_parsed.csv,1295,ɛʈaʔ,Other/Another,অন্য/অপর,
Santali_dataset_parsed.csv,1296,ɟud̪ɘ,Different,আলাদা,
Santali_dataset_parsed.csv,1297,ɔɽaʔ,Home,বাড়ি,
Santali_dataset_parsed.csv,1298,sɘɽim,Shed,ঘরের চাল,
Santali_dataset_parsed.csv,1299,kʰunʈi,Pole,খুঁটি,
Santali_dataset_parsed.csv,1300,d̪u̯͡ɘɾ,The Door,দরজা,
Santali_dataset_parsed.csv,1301,ʈɘʈi,The Fence,বেড়া,
Santali_dataset_parsed.csv,1302,bʰit̪,The Wall,দেয়াল,
Santali_dataset_parsed.csv,1303,siɽhi,The Stairs,সিঁড়ি,
Santali_dataset_parsed.csv,1304,ɾaca,The Yard,উঠান,
Santali_dataset_parsed.csv,1305,gɔɽa,Slaughterhouse,গোয়াল ঘর,
Santali_dataset_parsed.csv,1306,t̪ʰɘɾi,Plate,থালা,
Santali_dataset_parsed.csv,1307,t̪ʰɘɾi,Dish,থালা,
Santali_dataset_parsed.csv,1308,kanɖa,Pitcher,কলস,
Santali_dataset_parsed.csv,1309,kɘ͡i̯d̪ɘ,Kitchen Knife,দা,
Santali_dataset_parsed.csv,1310,binʈʰi,Kitchen Knife,বটি,
Santali_dataset_parsed.csv,1311,ɖʰɘkniʲc̚ʔ,Lid,ঢাকনা,
Santali_dataset_parsed.csv,1312,ɟʰɘli,Net,জাল,
Santali_dataset_parsed.csv,1313,culhɘ,Stove,চুলা,
Santali_dataset_parsed.csv,1314,pɘchɘ͡o̯ɽi,Sheet,চাদর,
Santali_dataset_parsed.csv,1315,pɘʈi.jɘ,Rug,পাটি,
Santali_dataset_parsed.csv,1316,ganɖo,Sitting Tool,পিঁড়ি,
Santali_dataset_parsed.csv,1317,mɘci,Sitting Tool,মোড়া,
Santali_dataset_parsed.csv,1318,mɘci,Sitting Tool,মোড়া,
Santali_dataset_parsed.csv,1319,ɟɔnɔʔ,The Broom,ঝাড়ু,
Santali_dataset_parsed.csv,1320,ʈukuʲc̚ʔ,Cooking Pot,হাড়ি,
Santali_dataset_parsed.csv,1321,celaŋ,Cooking Pot,পাতিল,
Santali_dataset_parsed.csv,1322,ɘɾsi,The Mirror,আয়না,
Santali_dataset_parsed.csv,1323,nɘkiʲc̚ʔ,The Comb,চিরুনি,
Santali_dataset_parsed.csv,1324,kulup̚,The Lock,তালা,
Santali_dataset_parsed.csv,1325,cʰɔɽan,The Key,চাবি,
Santali_dataset_parsed.csv,1326,kʰɘc̚lɘʔ,The Basket,ঝুড়ি,
Santali_dataset_parsed.csv,1327,,Childhood garden,ছোটবেলার বাগান,
Santali_dataset_parsed.csv,1328,kɘʈiʲc̚ʔ ɔk̚t̪ɛ alɛ ɔɽaʔ samaŋɾɛ miʔʈɛn bagan t̪ahɛ̃kana.,There was a garden in front of our house.,ছোটবেলায় আমাদের বাড়ির সামনে একটা বাগান ছিল।,
Santali_dataset_parsed.csv,1329,ɔna baganɾɛ a͡i̯malɛkan baha aɾ ɟɔː d̪aɾe t̪ahɛ̃kana.,There were different kinds of flowers and fruit trees in that garden.,সেই বাগানে বিভিন্ন রকমের ফুল ও ফলের গাছ ছিল।,
Santali_dataset_parsed.csv,1330,bagan ɾe.jaʔ mit̪̚ʔaɽeɾɛ aɽaʔsakam hɔ̃ t̪ahɛ̃kana.,There was also a vegetable field on one side of the garden.,বাগানের এক পাশে শাকসবজির ক্ষেতও ছিল।,
Santali_dataset_parsed.csv,1331,cʰuʈi d̪inɾɛ iɲ aɾ misɾaɲd̪ɔ ɔna baganɾɛliɲ kɘmi.jɛt̚ʔ t̪ahɛ̃kana.,My sister and I used to work in that garden on holidays.,ছুটির দিনে আমি আর আমার বোন সেই বাগানে কাজ করতাম।,
Santali_dataset_parsed.csv,1332,ɛʈaʔ d̪aɾeko t̪ut̪̚ʔgiɖikat̪ɛ ɟɔt̪ɔ daɾeɾɛ d̪aʔliɲ d̪ulɛt̪̚ʔt̪ahɛ̃kana.,We used to water all the plants and cleaned the weeds.,সব গাছে পানি দিতাম এবং আগাছা পরিস্কার করতাম।,
Santali_dataset_parsed.csv,1333,ɔk̚t̪ɛ ɔk̚t̪ɛ saɾ lɛkat̪ɛ guɾiʲc̚ʔ aɾ t̪ɔɾɔʲc̚ʔliɲ laga͡ɔ̯ɛt̪̚ʔt̪ahɛ̃kana.,Sometimes we used cow dung and ash as fertilizers.,মাঝেমাঝে সার হিসেবে গোরুর গোবর ও ছাই দিতাম।,
Santali_dataset_parsed.csv,1334,d̪aɾeɾɛ ɟɔ aɾ baha ɲɛlɔʔɾɛ ɘɖi ɾɘskɘliɲ buɟʰhɘo͡ɛ̯t̪̚ʔt̪ahɛ̃kana.,We felt so great when the trees blossomed and bore fruit.,"গাছে যখন ফুল ফুটতো ও ফল ধরতো, তখন আমাদের অনেক ভালো লাগত।",
Santali_dataset_parsed.csv,1335,ɟahã ɟɔ ɖheɾ sap̚ʔlɛnkʰan ɔna d̯ɔ baɟaɾɾɛlɛ ɘkʰɾiɲɛt̪̚ʔ t̪ahɛ̃kana.,"If any fruits were great in number, they were sold in the market.",কোনো ফল অনেক বেশি ধরলে সেগুলো বাজারে বিক্রি করা হতো।,
Santali_dataset_parsed.csv,1336,mit̪̚ʔd̪in kɘmi ɔk̚t̪ɛɾɛ mit̪̚ʔʈɛn t̪eɟud̪ɔ t̪i.jɛː gɛɾkɛt̪̚ʔt̪iɲa.,"One day while working in the garden, an insect bit my hand.",একদিন বাগানে কাজ করার সময় একটা পোকা আমার হাতে কামড় দিয়েছিল।,
Santali_dataset_parsed.csv,1337,unɾɛ t̪i d̪ɔ pʰulɘo͡ɛ̯na aɾ hasolid̪iɲa.,My hand was swollen at that time and it was painful.,তখন হাত ফুলে গিয়েছিল এবং ব্যথা হয়েছিল।,
Santali_dataset_parsed.csv,1338,ɾan laga͡o̯ t̪a.jɔm t̪i d̪ɔ boge.jɛn t̪iɲa.,"After applying the medicine, my hand got better.",ওষুধ লাগানোর পর হাত ভালো হয়েছিল।,
Santali_dataset_parsed.csv,1339,land̪a,Smile,হাসি,
Santali_dataset_parsed.csv,1340,ɾaʔ,Cry,কান্না,
Santali_dataset_parsed.csv,1341,ɾɘskɘ,Joy,আনন্দ,
Santali_dataset_parsed.csv,1342,ɾaŋga͡o̯,Anger,রাগ,
Santali_dataset_parsed.csv,1343,bɔt̪ɔɾ,Fear,ভয়,
Santali_dataset_parsed.csv,1344,hud̪is,Thinking,চিন্তা,
Santali_dataset_parsed.csv,1345,himmɘt̪,Courage,সাহস,
Santali_dataset_parsed.csv,1346,d̪a.ja,Kindness,দয়া,
Santali_dataset_parsed.csv,1347,d̪ulɘɽ,Love,ভালোবাসা,
Santali_dataset_parsed.csv,1348,d̪ulɘɽ,Adore,আদর,
Santali_dataset_parsed.csv,1349,hiɾkʰɘ,Hatred,ঘৃণা,
Santali_dataset_parsed.csv,1350,culhɘ ɔɽaʔ,Kitchen,রান্নাঘর,
Santali_dataset_parsed.csv,1351,d̪aka,Rice,ভাত,
Santali_dataset_parsed.csv,1352,d̪ɘl,Lentil,ডাল,
Santali_dataset_parsed.csv,1353,bele,Egg,ডিম,
Santali_dataset_parsed.csv,1354,ut̪u,Curry,তরকারি,
Santali_dataset_parsed.csv,1355,baske.jaʔ,Breakfast,সকালের খাবার/ প্রাতরাশ,
Santali_dataset_parsed.csv,1356,maɲɟan,Lunch,দুপুরের খাবার,
Santali_dataset_parsed.csv,1357,ked̪oʔ,Dinner,রাতের খাবার,
Santali_dataset_parsed.csv,1358,kʰɘɟɘɽi,Puffed rice,মুড়ি,
Santali_dataset_parsed.csv,1359,t̪abɛn,Flattened rice,চিড়া,
Santali_dataset_parsed.csv,1360,guɽ,Jaggery,গুড়,
Santali_dataset_parsed.csv,1361,buluŋ,Salt,লবণ,
Santali_dataset_parsed.csv,1362,ɟel,Meat,মাংস,
Santali_dataset_parsed.csv,1363,sim ɟel,Chicken,মুরগীর মাংস,
Santali_dataset_parsed.csv,1364,ɖaŋɾa ɟel,Beef,গরুর মাংস,
Santali_dataset_parsed.csv,1365,mɛɾɔm ɟel,Mutton,খাসির মাংস,
Santali_dataset_parsed.csv,1366,sukɾi ɟel,Pork,শুকরের মাংস,
Santali_dataset_parsed.csv,1367,ɟɔt̪ɔhɔɽaʔ ɟiŋgiɾɛ gid̪ɾɘ ɔk̚t̪ɛd̪ɔ ɾɘskɘ ɾenaʔ ɔk̚t̪ɛ kana.,Childhood is the happiest time in all of our lives.,শৈশব/ ছোটবেলা আমাদের সকলের জীবনের আনন্দের সময়।,
Santali_dataset_parsed.csv,1368,ɟaha͡i̯ mano̯͡age gid̪ɾɘ ɔk̚t̪ɛɾenaʔ d̪inisɘd̪ɔko d̪isɘ͡i̯ge.ja.,No one can forget his/ her childhood memories.,কোনো মানুষই তার শৈশবের স্মৃতিকে/ কথা ভুলতে পারে না।,
Santali_dataset_parsed.csv,1369,sɛt̪aʔɾɛ beɾet̪̚ʔkat̪ɛ t̪i ɟaŋga ɘɾup̚ʔsapʰa kat̪ɛ ɟɔm ɲu baɽa kat̪ɛ iskuliɲ calaʔkan tahɛ̃kana.,"I used to wake up in the morning, wash my hands and legs, eat food and go to school.",সকালে ঘুম থেকে উঠে হাতমুখ ধুয়ে খাবার খেয়ে স্কুলে যেতাম।,
Santali_dataset_parsed.csv,1370,iskulkʰɔn ɾu͡ɘ̯ɽ kat̪ɛ maɲɟan ɟɔm t̪ajɔm gat̪eko sã͡o̯ ɛnɛʲc̚ʔiɲ calaʔkant̪ahɛ̃kana.,After coming back from the school I used to go out to play with my friends after having done with my lunch.,স্কুল থেকে ফিরে দুপুরের খাবার খেয়ে বন্ধুদের সাথে খেলতে যেতাম।,
Santali_dataset_parsed.csv,1371,gɔgɔbabakin ɛgɛɾɛʔkantahɛ̃ɾɛ̃hɔ ɛnhɔ̃ mana d̪ɔ bɘɲ aɲɟɔmɛt̪̚ʔ t̪ahɛ̃kana.,"Parents used to scold me, but still, I did not listen to their prohibitions.","বাবা-মা বকা দিতেন, তবুও তাদের নিষেধ শুনতাম না।",
Santali_dataset_parsed.csv,1372,"ɾe.jaɽ, lɔlɔ aɾ bɘɾsɘ ɔk̚t̪ɛ sanam ɔkt̪ɛɾɛ maʈht̪ɛ gat̪ɛʔlɛ calaʔkan t̪ahɛ̃kana.","We used to play sports in the field in all the seasons/ times of winter, summer and monsoon.","শীত, গ্রীষ্ম, বর্ষা — সব ঋতুতেই/ সময়ই আমরা মাঠে খেলাধুলা করতাম।",
Santali_dataset_parsed.csv,1373,alɛd̪ɔ ɖʰeɾlɛ ɾɘskɘʔ kant̪ɛhɛ̃ʔa pɔɾɔb ɔk̚t̪ɛɾɛ.,We used to enjoy the most during the festivals.,আমরা সবচেয়ে বেশি আনন্দ করতাম উৎসবের/ পার্বণের সময়ে।,
Santali_dataset_parsed.csv,1374,nao͡a̯ kic̚ɾiʲc̚ʔ hɔɾɔʔ kat̪ɛ aɖɛ ʈɔlaɾɛn aɾ gat̪ekoʈʰɛn d̪aɽanlɛ calaʔkant̪ahɛ̃kana.,Used to wear new clothes and visit neighbors and friends' houses.,নতুন জামাকাপড় পরে প্রতিবেশী ও বন্ধুবান্ধবের বাড়িতে বেড়াতে যেতাম।,
Santali_dataset_parsed.csv,1375,gid̪ɾɘ ɔkt̪ɛ ɟɔt̪ɔkʰɔn bɘɽiʲc̚ʔ ikɘʔkant̪ahɛ̃ʔa gɔgɔ babao͡a̯ʔ sasɔn.,"In childhood, the rules and regulations of the parents felt the worst.",শৈশবে সবচেয়ে খারাপ লাগতো বাবা-মায়ের শাসন।,
Santali_dataset_parsed.csv,1376,cɛt̪̚ʔiɲ ceka.ja aɾ cɛt̪̚ʔ bɘɲ cɛka.ja ɔna ni.jɘge gɔgɔ babad̪ɔkin hukumɛt̪̚ʔ t̪ahẽkana.,What to do and what not to do - they used to set boundaries on all these.,কী করবো আর কী করবো না — এসব নিয়ে তারা আদেশ করতেন।,
Santali_dataset_parsed.csv,1377,mɛnɛʔ haɾa buɾu kat̪ɛʔiɲ buɟʰhɘ͡o̯ked̪a ɔna sasɔn d̪ɔ niɟeɾaʔ bʰɘlɘi̯ lɘgit̪̚ʔge t̪ahɛ̃kana.,"But when I grew up, I realized that discipline was necessary for our wellbeing.","কিন্তু বড় হওয়ার বুঝতে পারি, সেই শাসন আমাদের ভালোর জন্যই ছিল।",
Santali_dataset_parsed.csv,1378,gid̪ɾɛ ɔkt̪ɛɾɛn gat̪ed̪ɔ bako hiɽiɲɔʔa.,No one ever forgets their childhood friends.,শৈশবের বন্ধুবান্ধবকে কেউ কোনোদিন ভোলে না।,
Santali_dataset_parsed.csv,1379,ɟɔt̪ɔ gid̪ɾɘo͡a̯ʔ gid̪ɾɘ ɔk̚t̪ɛd̪ɔ ɾɘskɘɾege kʰɛmaʔma.,May all the children have a happy childhood.,সকল শিশুর শৈশব আনন্দে কাটুক।,
Santali_dataset_parsed.csv,1380,d̪ʰɘɾt̪i ɾe.jaʔ sanam pɘɾsi baɲca͡o̯ t̪ahɛnma.,Long live all the languages of the world.,পৃথিবীর সমস্ত ভাষা বেঁচে থাকুক।,
Santali_dataset_parsed.csv,1381,amaʔ d̪aɽan bʰage ho.joʔma. #3 ঈশ্বর তোমার মঙ্গল করুন। God/Creator bless you. [sisiɾɟɘ͡o̯iʲc̚ʔ amaʔ bʰage͡i̯ ho͡i̯ oco͡i̯ma.,Have a safe journey.,আপনার যাত্রা শুভ হোক।,
Santali_dataset_parsed.csv,1382,sisiɾɟɘ͡o̯iʔ amaʔ bʰɘlɘ͡i̯ɛ ho͡i̯ oco͡i̯ma.,God/Creator bless you.,ঈশ্বর আপনার মঙ্গল করুন।,
Santali_dataset_parsed.csv,1383,sisiɾɟɘ͡o̯iʔ amaʔ bʰɘlɘ͡i̯ɛ ho͡i̯ oco͡i̯ma.,God bless you.,ভগবান আপনার মঙ্গল করুন।,
Santali_dataset_parsed.csv,1384,ɘɖid̪in baɲca͡o̯ t̪ahɛnmɛ.,May you live long.,দীর্ঘজীবী হোন।,
Santali_dataset_parsed.csv,1385,ɘɖid̪in baɲca͡o̯ t̪ahɛnmɛ.,May you live long.,দীর্ঘজীবী হও।,
Santali_dataset_parsed.csv,1386,sanamko̯͡aʔ suluk ho.joʔma.,May everyone be happy.,সবাই সুখী হোক।,
Santali_dataset_parsed.csv,1387,am usɘɾa pʰaɾna͡o̯ gɔd̪ɔʔmɛ.,Get well soon.,তুমি দ্রুত সুস্থ হয়ে ওঠো।,
Santali_dataset_parsed.csv,1388,"t̪o.joma simɛ ɘt̪̚kiɾ id̪i kid̪i, mɛnkʰan alɛ d̪ɔ cɛt̪̚ʔhɔ̃ balɛ cɛka d̪aɽe.jad̪e̯͡a, ced̪aʔ ɟe alɛ d̪ɔ t̪o.jolɛka balɛ d̪ɘɽ d̪aɽe.jaʔa.","The fox ran away with the chicken, but none of us could do anything, because none of us could run like a fox.","শিয়ালটি মুরগী নিয়ে পালিয়ে গেল, কিন্তু আমরা কেউ কিছু করতে পারলাম না, কারণ আমরা কেউ শিয়ালের মতো দৌড়াতে পারি না।",
Santali_dataset_parsed.csv,1389,"ɔka hilɘʔ sɔhɔɾt̪ɛɲ cala͡o̯lɛn, unhilɘʔgi iɲ gɔgɔ d̪ɔ sim kiɾiɲ ɘgu.jɛ met̪ad̪iɲ t̪ahɛ̃kana, mɛnkʰan iɲ ʈʰɛn d̪ɔ unɘʔ ʈaka baŋ t̪ahɛ̃kana.","On the day I went to town, my mother asked me to buy chicken, but I had no money.","যেদিন শহরে গিয়েছিলাম, সেদিন মা আমাকে মুরগী কিনে আনতে বলেছিলেন, কিন্তু আমার কাছে টাকা ছিল না।",
Santali_dataset_parsed.csv,1390,"iɲɾɛn gid̪ɾɘ ɾɛŋgɛʲc̚ʔĕd̪iɾɛ hɔ̃ d̪aka ba͡i̯ ɟɔːma, mɛnkʰan cɔk̚lɛʈ kiɾiɲa͡i̯kʰan ɔna d̪ɔ͡i̯ ɟɔmge̯͡a.","Although my child is hungry, he won't eat rice, but if I buy him chocolate, he will definitely eat it.","আমার বাচ্চার যদিও খিদে লেগেছে, কিন্তু সে ভাত খাবে না, অথচ চকলেট কিনে দিলে ঠিকই খাবে।",
Santali_dataset_parsed.csv,1391,uni d̪ɔ ɘɖi ɘkilan hɔɽkan ɾɛhɔ̃ noŋka͡i̯ kɘmiked̪a aɾ kʰaõ̯͡aɾlɛka ɛ̃ʈkɛʈɔ̃ɽɛɾɛ.jɛ ɲuɾɛna.,He is very intelligent yet he did this stupid thing and got into trouble.,সে খুবই বুদ্ধিমান তবুও সে এই বোকামিটা করল এবং সমস্যায় পড়ল।,
Santali_dataset_parsed.csv,1392,bɔ͡i̯ha.,Brother.,ভাই।,
Santali_dataset_parsed.csv,1393,nit̪u d̪ɔ gid̪ɾɘ͡i̯ ɲɛlked̪e.ja.,Neetu saw that child.,নীতু শিশুটিকে দেখলো।,
Santali_dataset_parsed.csv,1394,suɟɔnɾɛn bɔkɔt̪̚ʔ bɔ͡i̯ha.,,Sujon's younger brother.,
Santali_dataset_parsed.csv,1395,apɛɾɛn maɾaŋba.,,Your grandfather/ father’s elder brother.,
Santali_dataset_parsed.csv,1396,uni.jaʔ ɔɽaʔ,,His/ Her home.,
Santali_dataset_parsed.csv,1397,iɲaʔ ɔɽaʔ.,,My home.,
Santali_dataset_parsed.csv,1398,amaʔ d̪aɾe.,,Your tree.,
Santali_dataset_parsed.csv,1399,d̪aɾe ɾe.jaʔ ɖɘɾt̪ɛ t̪e̯͡aɾakana.,,Made of sticks.,
Santali_dataset_parsed.csv,1400,mãt̪̚ʔ ɾe.jaʔ ʈʰeŋga.,Stick of bamboo.,বাঁশের লাঠি।,
Santali_dataset_parsed.csv,1401,bɔ͡i̯ha ʈʰɛniɲ hɛʲc̚ʔakana.,I have come to brother.,ভাইয়ের কাছে এসেছি।,
Santali_dataset_parsed.csv,1402,gɔgɔ ʈʰɛniɲ cala.a.,I will go to mother.,মায়ের কাছে যাবো।,
Santali_dataset_parsed.csv,1403,ɖaŋkaɽt̪ɛ uliɲ t̪i̯͡ɘga.,I will knock down mangoes with a stick.,লাঠি দিয়ে আম পাড়বো।,
Santali_dataset_parsed.csv,1404,iskult̪ɛɲ cala.a.,I will go to school.,স্কুলে যাবো।,
Santali_dataset_parsed.csv,1405,ɔɽaʔt̪ɛɲ cala.a.,I will go home.,বাড়িতে যাবো।,
Santali_dataset_parsed.csv,1406,kɔlɔmt̪ɛɲ ɔːla.,I will write with a pen.,কলম দিয়ে লিখবো।,
Santali_dataset_parsed.csv,1407,uni sã͡o̯t̪ɛɲ gat̪e.a.,I will play with him.,তার সাথে খেলবো।,
Santali_dataset_parsed.csv,1408,am sã͡o̯t̪ɛ ɔɽaʔiɲ cala.a.,I will go home with you.,তোমার সাথে বাড়ি যাবো।,
Santali_dataset_parsed.csv,1409,bɔ͡i̯ha sã͡o̯t̪ɛ kat̪ʰaɲ ɾɔɽa.,I am talking to brother.,ভাইয়ের সাথে কথা বলি।,
Santali_dataset_parsed.csv,1410,pukʰɾi sɛʲc̚ʔɛ cala͡o̯akana.,(He/ She) have gone for the pond.,পুকুরের দিকে গিয়েছে।,
Santali_dataset_parsed.csv,1411,lahasɛʲc̚ʔ calaʔme.,Walk forward.,সামনের দিকে হাঁটো।,
Santali_dataset_parsed.csv,1412,d̪aɾekʰɔnɛ ɲuɾhɘ.jena.,Fell from the tree.,গাছ থেকে পড়ে গেলো।,
Santali_dataset_parsed.csv,1413,cet̪an kʰɔnɛ ŋɛlɛd̪a.,Watching from above.,ওপর থেকে দেখছে।,
Santali_dataset_parsed.csv,1414,ɔnɖɛkʰɔnge ɛhɔbmɛ.,Start from there.,সেখান থেকেই শুরু করো।,
Santali_dataset_parsed.csv,1415,nɔnɖɛ kʰɔn hat̪a͡o̯mɛ.,Take it from here.,এখান থেকে নাও।,
Santali_dataset_parsed.csv,1416,nui̯͡kʰɔn unigi͡i̯ bʰage̯͡a.,He/ She is better than this.,এর থেকে সে ভালো।,
Santali_dataset_parsed.csv,1417,d̪aʔɾɛ unumɛna.,Drowned in water.,পানিতে ডুবে গেলো।,
Santali_dataset_parsed.csv,1418,ɔt̪̚ʔɾɛ d̪uɽubɔʔmɛ.,Sit on the ground/ floor.,মাটিতে (মেঝেতে) বসো।,
Santali_dataset_parsed.csv,1419,baksɔɾɛ d̪ɔhɔkam.,Put it in the box.,বাক্সে রেখে দাও।,
Santali_dataset_parsed.csv,1420,uniɾɛn haɽamba.,,His grandfather.,
Santali_dataset_parsed.csv,1421,uni.jaʔ kat̪ʰa ɟe t̪inɘʔ mɔ̃ːɟ!,His/ Her words are so beautiful!,তার কথা যে কী সুন্দর !,
Santali_dataset_parsed.csv,1422,t̪inɘʔ mɔ̃ːɟ,How beautiful!,কী সুন্দর!,
Santali_dataset_parsed.csv,1423,isː ɟud̪i cɛ̃ɽɛ̃lɛkaɲ uɖɘ͡o̯ d̪aɽe.jaʔkan.,Alas! If I could fly like a bird!,ইশ্‌! যদি পাখির মতো উড়তে পারতাম!,
Santali_dataset_parsed.csv,1424,ha͡i̯ɾe! cet̪̚ʔ kʰɔn cɛt̪̚ʔ ho͡i̯ena!,Alas! What just happened from what!,হায়! কী থেকে কী হয়ে গেল!,
Santali_dataset_parsed.csv,1425,cʰiː! noŋkan kɘmi amɛm d̪aɽe.jaʔkana.,Shame! How could you do such deed!,ছিঃ এমন কাজ আপনি করতে পারলেন!,
Santali_dataset_parsed.csv,1426,t̪eheɲ t̪inɘʔ ɟe ɾɘskɘ ikɘʔkan.,How happy I’m feeling today!,আজ কী যে আনন্দ/ভালো লাগছে!,
Santali_dataset_parsed.csv,1427,cʰiːh! noŋkan kɘmi amaʔ baŋ saɟao̯͡aʔkana.,Shame! such work doesn’t define you!,ছিঃ এমন কাজ তোমায় মানায় না!,
Santali_dataset_parsed.csv,1428,"aːh, t̪inɘʔ aɾam.","Ah, what a relief!","আহ, কী আরাম!",
Santali_dataset_parsed.csv,1429,ni̯͡ɘ hɔ̃ d̪aɽeo̯͡aʔa.,What! Is that even possible!,এও কী সম্ভব!,
Santali_dataset_parsed.csv,1430,ho͡i̯ d̪aɽeʔa apɛ bʰul ʈɛ̃͡o̯ɾɛpɛ hɛʲc̚ʔakana.,You may have come to the wrong address.,হতে পারে আপনারা ভুল ঠিকানায় এসেছেন।,
Santali_dataset_parsed.csv,1431,pasɛʲc̚ʔ amhɔt̪ɛtege ni̯͡ɘ kɘmi ho.jo.a.,Perhaps the work will be done by you.,বোধহয় তোমাকে দিয়েই কাজটা হবে।,
Santali_dataset_parsed.csv,1432,pasɛʲc̚ʔ kɘ͡u̯ɖi d̪ɔ nit̪̚ʔ aɾ baŋ laga.a.,It seems that the money will not be needed anymore.,মনে হয় টাকাটা এখন আর লাগবে না ।,
Santali_dataset_parsed.csv,1433,sap̚ʔkid̪ɘɲ amge ʈʰik.,I am assuming you are right.,ধরে নিলাম আপনিই সঠিক।,
Santali_dataset_parsed.csv,1434,t̪eheɲ pasɛʲc̚ʔ mãhasɔ͡i̯ ba͡i̯ hiɟu.a.,It seems that sir will not come today.,আজকে মনে হয় স্যার আসবেন না।,
Santali_dataset_parsed.csv,1435,iɲaʔ mɔnɛ ho.joʔkana ɾu̯͡͡ɘ hɛʲc̚ʔ d̪aɽe.jaʔa.,I think I will might have a fever.,আমার মনে হয় জ্বর আসতে পারে।,
Santali_dataset_parsed.csv,1436,kɘmi d̪ɔ pasɛʲc̚ʔ uni͡i̯ kɔɾa͡o̯kad̪a.,He/ she may have done the job.,কাজটি হয়তো সে-ই করেছে।,
Santali_dataset_parsed.csv,1437,iɲaʔ mɔnɛ ho.joʔkana uniɲ oɾomkɘd̪i̯͡a.,I think I have recognized him.,আমি মনে হয় তাকে চিনেছি।,
Santali_dataset_parsed.csv,1438,amd̪ɔ pasɛʲc̚ʔ aɾhɔ̃ hɛʲc̚ʔ laga͡o̯ma.,You may have to come again.,আপনাকে আবার আসতে হতে পারে।,
Santali_dataset_parsed.csv,1439,uni̯͡aʔ pasɛʲc̚ʔ a͡i̯ma kɘ͡u̯ɖi.,Maybe he has a lot of money.,তার মনে হয় অনেক টাকা।,
Santali_dataset_parsed.csv,1440,t̪eheɲ d̪aʔ hɛʲc̚ʔ d̪aɽe.jaʔa.,It may rain today.,আজকে বৃষ্টি হতে পারে।,
Santali_dataset_parsed.csv,1441,ɔnt̪ɛ cala͡o̯ ʈʰik baŋ ho.jo.a.,We/you/they Shouldn't go there.,ওদিকে যাওয়া উচিত হবে না।,
Santali_dataset_parsed.csv,1442,ni̯͡ɘbaɾ pasɛʲc̚ʔ abad̪ baŋ ho.jo.a.,This time it seems that there will be no harvest.,এবার মনে হয় ফসল হবে না।,
Santali_dataset_parsed.csv,1443,gapa iɲ ɖʰakaɲ cala͡o̯ d̪aɽe.jaʔa.,I may go to Dhaka tomorrow.,আমি কালকে ঢাকা যেতে পারি।,
Santali_dataset_parsed.csv,1444,gɔgɔ pɘɾsit̪ɛ kat̪ʰa baŋ ɾɔɽlekʰan paɾsi baŋ baɲca͡o̯ăʔa.,"If the mother tongue is not spoken, the language does not survive.",মাতৃভাষায় কথা না বললে ভাষা বেঁচে থাকে না।,
Santali_dataset_parsed.csv,1445,gapa iɲ ɔkat̪ɛhɔ̃ bɘɲ cala.a.,I'm not going anywhere tomorrow.,আমি আগামীকাল কোথাও যাব না।,
Santali_dataset_parsed.csv,1446,iɲ kɾikeʈ̚ bɘɲ gat̪ed̪aɽe.jaʔa.,I can't play cricket.,আমি ক্রিকেট খেলতে পারি না।,
Santali_dataset_parsed.csv,1447,iɲ bɘɲ pa͡i̯ɾa d̪aɽe.jaʔa.,I will not be able to swim.,আমি সাঁতার কাটতে পারব না।,
Santali_dataset_parsed.csv,1448,gapa uni ba͡i̯ hɘɟu.a.,He won't come tomorrow.,তিনি আগামীকাল আসবেন না।,
Santali_dataset_parsed.csv,1449,hɔla uni ba͡i̯ hɛʲc̚ʔlɛna.,He didn't come yesterday.,তিনি গতকাল আসেননি।,
Santali_dataset_parsed.csv,1450,gapa uni ba͡i̯ hɘɟu.a.,He won't come tomorrow.,তিনি আগামীকাল আসবেন না।,
Santali_dataset_parsed.csv,1451,gapa iɲ bɘɲ hɘɟu.a.,I won't come tomorrow.,আমি আগামীকাল আসব না।,
Santali_dataset_parsed.csv,1452,hɔla ba͡i̯ d̪aʔled̪a.,It didn't rain yesterday.,গতকাল বৃষ্টি হয়নি।,
Santali_dataset_parsed.csv,1453,t̪eheɲ ba͡i̯ set̪oŋakad̪a.,The sun didn't rise today.,আজকে রোদ ওঠেনি।,
Santali_dataset_parsed.csv,1454,hɔla ba͡i̯ set̪oŋled̪a.,The sun didn't rise yesterday.,গতকাল রোদ ওঠেনি।,
Santali_dataset_parsed.csv,1455,uni kilɘsɾɛ ba͡i̯ t̪ahɛkana.,He was not present in class.,সে ক্লাসে উপস্থিত ছিল না।,
Santali_dataset_parsed.csv,1456,no̯͡ako kat̪ʰa uni mɔca ɾɛhɔ̃ ba͡i̯ ɘgu d̪aɽeke̯͡a.,He could not even have brought these words to his mouth.,এসব কথা তিনি মুখেও আনতে পারতেন না।,
Santali_dataset_parsed.csv,1457,no̯͡ako kat̪ʰa uni mɔcaɾɛhɔ̃ ba͡i̯ ɘgu d̪aɽeke̯͡a.,He could not have brought these words to his mouth.,এসব কথা সে মুখেও আনতে পারত না।,
Santali_dataset_parsed.csv,1458,oŋko ɟɘst̪i ɲind̪ɘ bɘko bɛŋgɛd̪a.,They don't stay up late.,ওরা বেশি রাত জাগে না।,
Santali_dataset_parsed.csv,1459,hɔla am iskulɾɛ bam hɛʲc̚ʔlɛna.,You didn't come to school yesterday.,তুমি গতকাল স্কুলে আসোনি।,
Santali_dataset_parsed.csv,1460,no̯͡a baɽgeɾɛ bʰage casbas baŋ ho.joʔa.,This land is not good for cultivation.,এই জমিতে ভালো চাষাবাদ হয় না।,
Santali_dataset_parsed.csv,1461,no̯͡a baɽgeɾɛ bʰage casbas baŋ ho.jo.gɔʔa.,This land will not have good cultivation.,এই জমিতে ভালো চাষাবাদ হবে না।,
Santali_dataset_parsed.csv,1462,iɲaʔ ɔɽaʔ nɔnɖɛkʰɔn ɘɖi sɘŋgiɲ d̪ɔ baŋa.,My house is not far from here.,আমার বাড়ি এখান থেকে বেশি দূরে না।,
Santali_dataset_parsed.csv,1463,alɛ d̪ɔ apɛ ʈɔʈʰa balɛ cala.a.,We will not go to your area.,আমরা আপনাদের এলাকায় যাব না।,
Santali_dataset_parsed.csv,1464,alɛ d̪ɔ apɛ ʈɔʈʰa balɛ calaʔkana.,We are not going to your area.,আমরা আপনাদের এলাকায় যাচ্ছি না।,
Santali_dataset_parsed.csv,1465,iɲ ɘɖi ɟɘst̪i bɘɲ paɽha͡o̯kana.,I didn't study much.,আমি খুব বেশি পড়ালেখা করিনি।,
Santali_dataset_parsed.csv,1466,iɲ uni.jaʔ kat̪ʰaɾɛ ɛkalt̪ɛ bɘɲ kusilena.,I was not at all happy with his words.,আমি তার কথায় একদমই খুশি হইনি।,
Santali_dataset_parsed.csv,1467,t̪eheɲ iɲ kɘmit̪ɛ bɘɲ cala.a.,I won't go to work today.,আমি আজকে কাজে যাব না।,
Santali_dataset_parsed.csv,1468,iɲ kat̪ʰa ɾɔɽt̪ɛ mɔ̃ɟ bɘɲ ɘ͡i̯kɘ͡o̯ed̪a.,I don't feel like talking.,আমার কথা বলতে ভালো লাগছে না।,
Santali_dataset_parsed.csv,1469,abo ɟɘst̪i bɘbon biloma.,We won't be too late.,আমরা বেশি দেরি করব না।,
Santali_dataset_parsed.csv,1470,no̯͡a babɔt̪̚t̪ɛ kat̪ʰa ɾɔɽ iɲ mɔ̃ɟ bɘɲ ɘ͡i̯kɘ͡o̯ed̪a.,I don't feel like talking about this.,এই বিষয়ে কথা বলতে আমার ভালো লাগছে না।,
Santali_dataset_parsed.csv,1471,kʰɘ̃ɽi cet̪anɾɛ sakɔ baŋ t̪ahɛ̃kana.,There was no bridge above the canal.,খালের উপর সাঁকো ছিল না।,
Santali_dataset_parsed.csv,1472,"t̪eheɲ d̪ɔ baŋ, gapa hɘɟuʔmɛ.","Come tomorrow, not today.","আজ নয়, কাল আসুন।",
Santali_dataset_parsed.csv,1473,iɲd̪ɔ ɘɖi bɘɲ calaka.,I'm not that clever.,আমি খুব একটা চালাক নই।,
Santali_dataset_parsed.csv,1474,t̪ishɔ̃ː oŋko ni̯͡ɘ ʈɔʈʰaɾɛ bɘko hɘɟu.a.,They will never come to this area.,তারা কখনোই এই এলাকায় আসবে না।,
Santali_dataset_parsed.csv,1475,oŋko ɔɽaʔɾɛ ɔkɔ͡i̯hɔ̃ bɘko t̪ahɛkana.,No one was in their house.,তাদের ঘরে কেউ ছিল না।,
Santali_dataset_parsed.csv,1476,uni ba͡i̯ d̪aka ut̪u d̪aɽe.jaʔa.,He can't cook.,সে রান্না করতে পারে না।,
Santali_dataset_parsed.csv,1477,ɔna t̪a.jɔm aɾ nɔnɖɛ oŋko bɘku ɲɛllɛna.,After that they were never seen here.,এরপর আর তাদের এখানে দেখা যায়নি।,
Santali_dataset_parsed.csv,1478,a͡i̯ma d̪in ape.jaʔ ɲɛpɛl bɘnu.a.,Long time no seeing you.,অনেকদিন আপনাদের দেখা নেই।,
Santali_dataset_parsed.csv,1479,ni̯͡ɘ seɾma d̪aɾeɾɛ ɟahan ɟɔ baŋ sap̚ʔlɛna.,The tree did not bear any fruit this year.,এই বছর গাছে কোনো ফল ধরেনি।,
Santali_dataset_parsed.csv,1480,d̪inkalɔm no̯͡a d̪aɾeɾɛ baha baŋ ho͡i̯lena.,This tree did not bear flower last time.,এই গাছটাতে গতবার ফুল ফোটেনি।,
Santali_dataset_parsed.csv,1481,t̪eheɲ d̪ɘ͡i̯ ba͡i̯ d̪aka ut̪u.ja.,Sister will not cook today.,দিদি আজ রান্না করবে না।,
Santali_dataset_parsed.csv,1482,t̪eheɲ bɔ͡i̯ha baɟaɾɾɛ ba͡i̯ cala.a.,Brother will not go to the market today.,ভাই আজকে বাজারে যাবে না।,
Santali_dataset_parsed.csv,1483,t̪eheɲ iɲ maʈʰɾɛ bɘɲ cala.a.,I will not go to the field today.,আমি আজ মাঠে যাব না।,
Santali_dataset_parsed.csv,1484,bɘɽiʲc̚ʔ hɔɽko alɛ balɛ manɔt̪̚ko̯͡a.,We do not respect bad people.,খারাপ লোকদের আমরা সম্মান করি না।,
Santali_dataset_parsed.csv,1485,a͡i̯ma d̪in ho.jena am sãɔt̪ɛ kat̪ʰa baŋ ho͡i̯akana.,I haven't talked to you for a long time.,অনেকদিন হলো আপনার সাথে কথা হয়নি।,
Santali_dataset_parsed.csv,1486,t̪eheɲ cand̪o ba͡i̯ ɾakab.akana.,The sun didn't rise today.,আজ সূর্য ওঠেনি।,
Santali_dataset_parsed.csv,1487,alɛ ɲind̪a baɾhɛ sɛʲc̚ʔ balɛ cala.a.,We don't go out at night.,রাতে আমরা বাইরে যাই না।,
Santali_dataset_parsed.csv,1488,t̪eheɲ kʰilɘʈ baŋ ho.jo.a.,There will be no game today.,আজকে খেলা হবে না।,
Santali_dataset_parsed.csv,1489,iɲ ɟʰal ɟɔm bɘɲ kusi.jaʔa.,I don't like to eat spicy food.,আমি ঝাল খেতে পছন্দ করি না।,
Santali_dataset_parsed.csv,1490,iɲaʔ hɔɽmɔ baŋ mɔ̃ɟa.,My body is not feeling okay,আমার শরীর ভালো নেই।,
Santali_dataset_parsed.csv,1491,uŋkin bana hɔɽ mit̪̚ʔ hɔɽ aɾ mit̪̚ʔ hɔɽ sã͡o̯t̪ɛ bɘkin ɾɔɽ ɟɔŋɔʔa.,Two of them don't talk to each other.,তারা দুজন একজন আরেকজনের সাথে কথা বলে না।,
Santali_dataset_parsed.csv,1492,iɲ,Myself/Me,আমি,
Santali_dataset_parsed.csv,1493,abo,We,আমরা,
Santali_dataset_parsed.csv,1494,am,You,তুমি,
Santali_dataset_parsed.csv,1495,uni,He/She,সে,
Santali_dataset_parsed.csv,1496,oŋko,They,তারা,
Santali_dataset_parsed.csv,1497,iɲaʔ,My/Mine,আমার,
Santali_dataset_parsed.csv,1498,abo̯͡aʔ,Our,আমাদের,
Santali_dataset_parsed.csv,1499,amaʔ,Your,তোমার,
Santali_dataset_parsed.csv,1500,apɛ.jaʔ,Yours,তোমাদের,
Santali_dataset_parsed.csv,1501,uni.jaʔ,His/Her,তার,
Santali_dataset_parsed.csv,1502,oŋko̯͡aʔ,Their,তাদের,
Santali_dataset_parsed.csv,1503,nuku͡aʔ,Their,এদের,
Santali_dataset_parsed.csv,1504,haŋko̯͡aʔ,Their,ওদের,
Santali_dataset_parsed.csv,1505,ɔkɔ͡i̯,Who/Whom,কে,
Santali_dataset_parsed.csv,1506,cɛt̪̚ʔ,What,কি/ কী,
Santali_dataset_parsed.csv,1507,ɔkaʈaʔ,Which,কোন,
Santali_dataset_parsed.csv,1508,ɔkɔ.jaʔ,Whose,কার,
Santali_dataset_parsed.csv,1509,cɛt̪̚ʔlɛka,How,কেমন,
Santali_dataset_parsed.csv,1510,cɛkat̪ɛ আমাদের বাড়িটি সুন্দর। Our home is beautiful. [alɛ.jaʔ ɔɽaʔ d̪ɔ mɔ̃ɟge̯͡a.,How,কীভাবে,
Santali_dataset_parsed.csv,1511,apɛ.jaʔ ɔɽaʔ d̪ɔ mɔ̃ɟge̯͡a.,Your home is beautiful.,তোমাদের বাড়িটি সুন্দর।,
Santali_dataset_parsed.csv,1512,apɛ.jaʔ ɔɽaʔ d̪ɔ mɔ̃ɟge̯͡a.,Your home is beautiful.,আপনাদের বাড়িটি সুন্দর।,
Santali_dataset_parsed.csv,1513,apɛ.jaʔ ɔɽaʔ d̪ɔ mɔ̃ɟge̯͡a.,Your home is beautiful.,তোদের বাড়িটি সুন্দর।,
Santali_dataset_parsed.csv,1514,ɔɽaʔ d̪ɔ mɔ̃ɟge̯͡a.,This home is beautiful.,বাড়িটি সুন্দর।,
Santali_dataset_parsed.csv,1515,t̪eheɲ bʰage ɾe.jaɽ paɽa͡o̯akana.,It is very cold today.,আজ বেশ শীত পড়েছে।,
Santali_dataset_parsed.csv,1516,hɔla bʰage ɾe.jaɽ paɽa͡o̯alena.,It was very cold yesterday.,গতকাল বেশ শীত পড়েছিল।,
Santali_dataset_parsed.csv,1517,d̪ad̪aʔkana͡i̯.,It's raining.,বৃষ্টি হচ্ছে।,
Santali_dataset_parsed.csv,1518,d̪aʔɛt̪̚ʔkant̪ahɛna͡i̯.,It was raining.,বৃষ্টি হচ্ছিল।,
Santali_dataset_parsed.csv,1519,t̪ehɛɲ ɲind̪ɘ͡i̯ d̪aʔ d̪aɽe.jaʔa.,It may rain tonight.,আজ রাতে বৃষ্টি হতে পারে।,
Santali_dataset_parsed.csv,1520,sɛɾma ɲɛlt̪ɛ mɔnɛ ho.joʔkana t̪eheɲ ɲind̪ɘ͡i̯ d̪a:ga.,The sky looks like it will rain tonight.,আকাশ দেখে মনে হচ্ছে আজ রাতে বৃষ্টি হবে।,
Santali_dataset_parsed.csv,1521,t̪eheɲ d̪ɔ ɘɖi lɔlɔ.,Today it is very hot.,আজ খুব গরম।,
Santali_dataset_parsed.csv,1522,hɔla ɘɖi lɔlɔge t̪ahɛkana.,Yesterday it was very hot.,গতকাল খুব গরম ছিল।,
Santali_dataset_parsed.csv,1523,apɛ sanamko ɟohaɾ.,Greetings to all of you.,আপনাদের সবাইকে নমস্কার।,
Santali_dataset_parsed.csv,1524,uni hant̪ɛ͡i̯ cala͡o̯akana.,He/ She went there.,সে ওইদিকে গেছে।,
Santali_dataset_parsed.csv,1525,sanamko mit̪̚ʔʈɛn nao̯͡a pɘɾsi cecet̪̚ʔ d̪ɔ bʰagege.ja.,It is good for everyone to learn a new language.,সবার একটা নতুন ভাষা শেখা ভালো।,
Santali_dataset_parsed.csv,1526,ɲuhumsɛc̚ʔ di͡u̯hɘ ɟɛɾɛt̪̚ʔ d̪ɔ amaʔ kɘmi kanan.,"In the evening, it is your job to light the lamp/ light.",সন্ধ্যার দিকে আলো/ কুপিবাতি জ্বালানো তোমার কাজ।,
Santali_dataset_parsed.csv,1527,iɲ d̪ɔ gapa ɔɽaʔɾɛ bɘɲ t̪ahɛna.,I won't be at home tomorrow.,আমি কালকে/ আগামীকাল বাড়িতে থাকব না।,
Santali_dataset_parsed.csv,1528,hɔla iɲ d̪ɔ ɔɽaʔɾɛ bɘɲ t̪ahɛkana.,I wasn't home yesterday.,আমি গতকাল বাড়ি ছিলাম না।,
Santali_dataset_parsed.csv,1529,nɔnɖɛ seɾeɲ ɾe.jaʔ akʰɽa d̪uɽubɔʔa.,Music session is held here.,এখানে গানের আসর বসে।,
Santali_dataset_parsed.csv,1530,nɔnɖɛ seɾeɲ ɾe.jaʔ akʰɽa d̪uɽubɔʔkan t̪ahɛna.,Music sessions used to be held here.,এখানে গানের আসর বসত।,
Santali_dataset_parsed.csv,1531,nɔnɖɛ seɾeɲ ɾe.jaʔ akʰɽa d̪uɽubɔʔa.,Music session will be held here.,এখানে গানের আসর বসবে।,
Santali_dataset_parsed.csv,1532,miʔʈɛʔ ɛ̃ʈkɛʈɔɽɛ ɲit̪ɔʔ hɔ̃ menaʔge.ja.,One problem still remains.,একটা সমস্যা এখনো থেকে গেছে।,
Santali_dataset_parsed.csv,1533,apɛ t̪in gʰɘɾiʔ t̪ahɛnɔʔpɛ mɛnd̪a ungʰɘɽiʔpɛ t̪ahɛ̃ d̪aɽe.jaʔa?,You can stay as long as you want.,আপনারা যতক্ষণ থাকতে চান ততক্ষণ থাকতে পারেন।,
Santali_dataset_parsed.csv,1534,iɲiɲ d̪aka ut̪u͡i̯ed̪a.,I am cooking,আমি রান্না করছি।,
Santali_dataset_parsed.csv,1535,iɲiɲ d̪akaut̪uled̪a.,I was cooking.,আমি রান্না করছিলাম।,
Santali_dataset_parsed.csv,1536,iɲ d̪inɘmiɲ bint̪i̯͡a,I pray regularly.,আমি নিয়মিত প্রার্থনা করি।,
Santali_dataset_parsed.csv,1537,iɲ pʰuʈbɔliɲ gat̪e.a.,I play football.,আমি ফুটবল খেলি।,
Santali_dataset_parsed.csv,1538,iɲ pʰuʈbɔliɲ gat̪eʔkan t̪ahɛna.,I used to play football.,আমি ফুটবল খেলতাম।,
Santali_dataset_parsed.csv,1539,iɲ ɟʰal ɟɔmiɲ kusi.jaʔa.,I like to eat spicy food.,আমি ঝাল খেতে পছন্দ করি।,
Santali_dataset_parsed.csv,1540,iɲɾɛn set̪a͡i̯ mɔ̃ɟge̯͡a.,My dog is amazing (loyal).,আমার কুকুরটি ভালো।,
Santali_dataset_parsed.csv,1541,ɘɖi kaɟak̚ d̪aʔ hɘɟuʔkan t̪ahɛna.,It was raining a lot.,অনেক বৃষ্টি হচ্ছিল।,
Santali_dataset_parsed.csv,1542,alɛ.jaʔ pɘɾsi ni̯͡ɘt̪ɛ iɲaʔ t̪ʰɔɽa ɟɘɾuɽ kat̪ʰa mɛna.a.,I have something important to say about our language.,আমাদের ভাষা নিয়ে আমার কিছু জরুরি কথা আছে।,
Santali_dataset_parsed.csv,1543,apɛ.jaʔ pɘɾsi ni̯͡ɘt̪ɛ iɲaʔ t̪ʰɔɽa ɟɘɾuɽ kat̪ʰa mena.a.,I have something important to say about your language.,আপনাদের ভাষা নিয়ে আমার কিছু জরুরি কথা আছে।,
Santali_dataset_parsed.csv,1544,sanamaʔge t̪ihiɲ cet̪anɾɛ niɾbʰɔɾɔʔkana.,Everything is depending on today.,সবকিছুই আজকের দিনের ওপর নির্ভর করছে।,
Santali_dataset_parsed.csv,1545,iɲiɲ ɾɔɽa.,I say.,আমি বলি,
Santali_dataset_parsed.csv,1546,ɘliɲliɲ ɾɔɽa.,We two say.,আমরা দুইজন বলি,
Santali_dataset_parsed.csv,1547,alɛlɛ ɾɔɽa.,We say.,আমরা বলি,
Santali_dataset_parsed.csv,1548,amɛm ɾɔɽa.,You say.,তুমি বলো,
Santali_dataset_parsed.csv,1549,abɛnbɛn ɾɔɽa.,You two say.,তোমরা দুইজন বলো,
Santali_dataset_parsed.csv,1550,apɛpɛ ɾɔɽa.,You say.,তোমরা বলো,
Santali_dataset_parsed.csv,1551,uni.jɛ ɾɔɽa.,,He/ She says.,
Santali_dataset_parsed.csv,1552,ɔna͡i̯ ɾɔɽa.,,That says.,
Santali_dataset_parsed.csv,1553,uŋkinkin ɾɔɽa.,,The two say.,
Santali_dataset_parsed.csv,1554,ɔnakoko ɾɔɽa.,,Those say.,
Santali_dataset_parsed.csv,1555,oŋkoko ɾɔɽa.,,They say.,
Santali_dataset_parsed.csv,1556,ɔnakoko ɾɔɽa.,,Those say.,
Santali_dataset_parsed.csv,1557,iɲ bɘɲ ɾɔɽa.,I do not say so.,আমি তো বলি না,
Santali_dataset_parsed.csv,1558,ɘliɲ bɘliɲ ɾɔɽa.,We two do not say so.,আমরা দুইজন তো বলি না,
Santali_dataset_parsed.csv,1559,alɛ balɛ ɾɔɽa.,We do not say so.,আমরা তো বলি না,
Santali_dataset_parsed.csv,1560,am bam ɾɔɽa.,You do not say so.,তুমি তো বলো না,
Santali_dataset_parsed.csv,1561,abɛn babɛn ɾɔɽa.,You two do not say so.,তোমরা দুইজন তো বলো না,
Santali_dataset_parsed.csv,1562,apɛ bapɛ ɾɔɽa.,You do not say so.,তোমরা তো বলো না,
Santali_dataset_parsed.csv,1563,uni ba͡i̯ ɾɔɽa.,,He/ She does not say so.,
Santali_dataset_parsed.csv,1564,ɔna ba͡i̯ ɾɔɽa.,,That does not say so.,
Santali_dataset_parsed.csv,1565,unkin bɘkin ɾɔɽa.,,The two do not say so.,
Santali_dataset_parsed.csv,1566,ɔnakin ba͡i̯ ɾɔɽa.,,Those two do not say so.,
Santali_dataset_parsed.csv,1567,onko bako ɾɔɽa.,,They do not say so.,
Santali_dataset_parsed.csv,1568,ɔnako bako ɾɔɽa.,,Those do not say so.,
Santali_dataset_parsed.csv,1569,iɲiɲ ɾɔɽa?,Do I say?,আমি কি বলি?,
Santali_dataset_parsed.csv,1570,ɘliɲliɲ ɾɔɽa?,Do we two say?,আমরা দুইজন কি বলি?,
Santali_dataset_parsed.csv,1571,alɛlɛ ɾɔɽa?,Do we say?,আমরা কি বলি?,
Santali_dataset_parsed.csv,1572,amɛm ɾɔɽa?,Do you say?,তুমি কি বলো?,
Santali_dataset_parsed.csv,1573,abɛnbɛn ɾɔɽa?,Do you two say?,তোমরা দুইজন কি বলো?,
Santali_dataset_parsed.csv,1574,apɛpɛ ɾɔɽa?,Do you say?,তোমরা কি বলো?,
Santali_dataset_parsed.csv,1575,uni.jɛ ɾɔɽa?,,Does he/ she say?,
Santali_dataset_parsed.csv,1576,ɔna͡i̯ ɾɔɽa?,,Does that say?,
Santali_dataset_parsed.csv,1577,unkinkin ɾɔɽa?,,Do they two say?,
Santali_dataset_parsed.csv,1578,ɔnakinɛ ɾɔɽa?,,Do those two say?,
Santali_dataset_parsed.csv,1579,onkoko ɾɔɽa?,,Do they say?,
Santali_dataset_parsed.csv,1580,ɔnakoko ɾɔɽa?,,Do those say?,
Santali_dataset_parsed.csv,1581,iɲiɲ ɾɔɾɔɽ kana.,I am saying.,আমি বলতেছি/ বলছি,
Santali_dataset_parsed.csv,1582,ɘliɲliɲ ɾɔɾɔɽ kana.,We two are saying.,আমরা দুইজন বলতেছি,
Santali_dataset_parsed.csv,1583,[alɛlɛ ɾɔɾɔɽ kana.,We are saying.,আমরাা বলতেছি,
Santali_dataset_parsed.csv,1584,amɛm ɾɔɾɔɽ kana.,You are saying.,তুমি বলতেছ,
Santali_dataset_parsed.csv,1585,abɛnbɛn ɾɔɾɔɽ kana.,You two are saying.,তোমরা দুইজন বলতেছ,
Santali_dataset_parsed.csv,1586,apɛpɛ ɾɔɾɔɽ kana.,You are saying.,তোমরা বলতেছ,
Santali_dataset_parsed.csv,1587,uni̯͡ɛ ɾɔɾɔɽ kana.,,He/ She is saying.,
Santali_dataset_parsed.csv,1588,ɔna͡i̯ ɾɔɾɔɽ kana.,,That is saying.,
Santali_dataset_parsed.csv,1589,unkinkin ɾɔɾɔɽ kana.,,They the two are saying.,
Santali_dataset_parsed.csv,1590,ɔnakinɛ ɾɔɾɔɽ kana.,,Those two are saying.,
Santali_dataset_parsed.csv,1591,onkoko ɾɔɾɔɽ kana.,,They are saying.,
Santali_dataset_parsed.csv,1592,ɔnakoko ɾɔɾɔɽ kana.,,Those are saying.,
Santali_dataset_parsed.csv,1593,iɲiɲ ɾɔɽakad̪a.,I have said.,আমি বলেছি,
Santali_dataset_parsed.csv,1594,ɘliɲliɲ ɾɔɽakad̪a.,We two have said.,আমরা দুইজন বলেছি,
Santali_dataset_parsed.csv,1595,alɛlɛ ɾɔɽakad̪a.,We have said.,আমরা বলেছি,
Santali_dataset_parsed.csv,1596,amɛm ɾɔɽakad̪a.,You have said.,তুমি বলেছো,
Santali_dataset_parsed.csv,1597,abɛnbɛn ɾɔɽakad̪a.,You two have said.,তোমরা দুইজন বলেছো,
Santali_dataset_parsed.csv,1598,apɛpɛ ɾɔɽakad̪a.,You have said.,তোমরা বলেছো,
Santali_dataset_parsed.csv,1599,uni͡i̯ ɾɔɽakad̪a.,,He/ She has said.,
Santali_dataset_parsed.csv,1600,ɔna͡i̯ ɾɔɽakad̪a.,,That have said.,
Santali_dataset_parsed.csv,1601,uŋkinkin ɾɔɽakad̪a.,,The two have said.,
Santali_dataset_parsed.csv,1602,ɔnakinɛ ɾɔɽakad̪a.,,Those two have said.,
Santali_dataset_parsed.csv,1603,onkoko ɾɔɽakad̪a.,,They have said.,
Santali_dataset_parsed.csv,1604,ɔnakoko ɾɔɽakad̪a.,,Those have said.,
Santali_dataset_parsed.csv,1605,iɲ bɘɲ ɾɔɽakad̪a.,I have not said.,আমি বলিনি,
Santali_dataset_parsed.csv,1606,ɘliɲ bɘliɲ ɾɔɽakad̪a.,We two have not said.,আমরা দুইজন বলিনি,
Santali_dataset_parsed.csv,1607,alɛ balɛ ɾɔɽakad̪a.,We have not said.,আমরা বলিনি,
Santali_dataset_parsed.csv,1608,am bam ɾɔɽakad̪a.,You have not said.,তুমি বলোনি,
Santali_dataset_parsed.csv,1609,abɛn babɛn ɾɔɽakad̪a.,You two have not said.,তোমরা দুইজন বলোনি,
Santali_dataset_parsed.csv,1610,apɛ bapɛ ɾɔɽakad̪a.,You have not said.,তোমরা বলোনি,
Santali_dataset_parsed.csv,1611,uni ba͡i̯ ɾɔɽakad̪a.,,He/ She has not said.,
Santali_dataset_parsed.csv,1612,ɔna ba͡i̯ ɾɔɽakad̪a.,,That have not said.,
Santali_dataset_parsed.csv,1613,unkin bɘkin ɾɔɽakad̪a.,,The two have not said.,
Santali_dataset_parsed.csv,1614,ɔnakin bakin ɾɔɽakad̪a.,,Those two have not said.,
Santali_dataset_parsed.csv,1615,oŋko bako ɾɔɽakad̪a.,,They have not said.,
Santali_dataset_parsed.csv,1616,ɔnako bako ɾɔɽakad̪a.,,Those have not said.,
Santali_dataset_parsed.csv,1617,iɲiɲ ɾɔɽakad̪a?,Have I said?,আমি কি বলেছি?,
Santali_dataset_parsed.csv,1618,ɘliɲliɲ ɾɔɽakad̪a?,Have we two said?,আমরা দুইজন কি বলেছি?,
Santali_dataset_parsed.csv,1619,alɛlɛ ɾɔɽakad̪a?,Have we said?,আমরা কি বলেছি?,
Santali_dataset_parsed.csv,1620,amɛm ɾɔɽakad̪a?,Have you said?,তুমি কি বলেছ?,
Santali_dataset_parsed.csv,1621,abɛnbɛn ɾɔɽakad̪a?,Have you two said?,তোমরা দুইজন কি বলেছ?,
Santali_dataset_parsed.csv,1622,apɛpɛ ɾɔɽakad̪a?,Have you said?,তোমরা কি বলেছ?,
Santali_dataset_parsed.csv,1623,uni̯͡ɛ ɾɔɽakad̪a?,,Has he/ she said?,
Santali_dataset_parsed.csv,1624,ɔna͡i̯ ɾɔɽakad̪a?,,Has that said?,
Santali_dataset_parsed.csv,1625,unkinkin ɾɔɽakad̪a?,,Have the two said?,
Santali_dataset_parsed.csv,1626,ɔnakinɛ ɾɔɽakad̪a?,,Have those two said?,
Santali_dataset_parsed.csv,1627,oŋkoko ɾɔɽakad̪a?,,Have they said?,
Santali_dataset_parsed.csv,1628,ɔnakoko ɾɔɽakad̪a?,,Have those said?,
Santali_dataset_parsed.csv,1629,iɲiɲ ɾɔɽked̪a.,I said.,আমি বললাম,
Santali_dataset_parsed.csv,1630,ɘliɲliɲ ɾɔɽked̪a.,We two said.,আমরা দুইজন বললাম,
Santali_dataset_parsed.csv,1631,alɛlɛ ɾɔɽked̪a.,We said.,আমরা বললাম,
Santali_dataset_parsed.csv,1632,amɛm ɾɔɽked̪a.,You said.,তুমি বললে,
Santali_dataset_parsed.csv,1633,abɛnbɛn ɾɔɽked̪a.,You two said.,তোমরা দুইজন বললে,
Santali_dataset_parsed.csv,1634,apɛpɛ ɾɔɽked̪a.,You said.,তোমরা বললে,
Santali_dataset_parsed.csv,1635,uni͡i̯ ɾɔɽked̪a.,,He/ She said.,
Santali_dataset_parsed.csv,1636,ɔna͡i̯ ɾɔɽked̪a.,,That said.,
Santali_dataset_parsed.csv,1637,uŋkinkin ɾɔɽked̪a.,,The two said.,
Santali_dataset_parsed.csv,1638,ɔnakinɛ ɾɔɽked̪a.,,Those two said.,
Santali_dataset_parsed.csv,1639,oŋkoko ɾɔɽked̪a.,,They said.,
Santali_dataset_parsed.csv,1640,ɔnakoko ɾɔɽked̪a.,,Those said.,
Santali_dataset_parsed.csv,1641,iɲiɲ ɾɔɽɛt̪̚ʔkant̪ahɛ̃na.,I was saying.,আমি বলছিলাম/ বলতেছিলাম,
Santali_dataset_parsed.csv,1642,ɘliɲliɲ ɾɔɽɛt̪̚ʔkant̪ahɛ̃na.,We two were saying.,আমরা দুইজন বলছিলাম/ বলতেছিলাম,
Santali_dataset_parsed.csv,1643,alɛlɛ ɾɔɽɛt̪̚ʔkant̪ahɛ̃na.,We were saying.,আমরা বলছিলাম/ বলতেছিলাম,
Santali_dataset_parsed.csv,1644,amɛm ɾɔɽɛt̪̚ʔkant̪ahɛ̃na.,You were saying.,তুমি বলছিলে/ বলতেছিলে,
Santali_dataset_parsed.csv,1645,abɛnbɛn ɾɔɽɛt̪̚ʔkant̪ahɛ̃na.,You two were saying.,তোমরা দুইজন বলছিলে/ বলতেছিলে,
Santali_dataset_parsed.csv,1646,apɛpɛ ɾɔɽɛt̪̚ʔkant̪ahɛ̃na.,You were saying.,তোমরা বলছিলে/ বলতেছিলে,
Santali_dataset_parsed.csv,1647,uni.jɛ ɾɔɽɛt̪̚ʔkant̪ahɛ̃na.,,He/ She was saying.,
Santali_dataset_parsed.csv,1648,ɔna͡i̯ ɾɔɽɛt̪̚ʔkant̪ahɛ̃na.,,That was saying.,
Santali_dataset_parsed.csv,1649,uŋkinkin ɾɔɽɛt̪̚ʔkant̪ahɛ̃na.,,The two were saying.,
Santali_dataset_parsed.csv,1650,ɔnakin ɾɔɽɛt̪̚ʔkant̪ahɛ̃na.,,Those two were saying.,
Santali_dataset_parsed.csv,1651,onkoko ɾɔɽɛt̪̚ʔkant̪ahɛ̃na.,,They were saying.,
Santali_dataset_parsed.csv,1652,ɔnakoko ɾɔɽɛt̪̚ʔkant̪ahɛ̃na.,,Those were saying.,
Santali_dataset_parsed.csv,1653,iɲiɲ ɾɔɽlɛd̪a.,I said.,আমি বলেছিলাম,
Santali_dataset_parsed.csv,1654,ɘliɲliɲ ɾɔɾɔɽlɛd̪a.,We two said.,আমরা দুইজন বলেছিলাম,
Santali_dataset_parsed.csv,1655,alɛlɛ ɾɔɽlɛd̪a.,We said.,আমরা বলেছিলাম,
Santali_dataset_parsed.csv,1656,amɛm ɾɔɽlɛd̪a.,You said.,তুমি বলেছিলে,
Santali_dataset_parsed.csv,1657,abɛnbɛn ɾɔɽlɛd̪a.,You two said.,তোমরা দুইজন বলেছিলে,
Santali_dataset_parsed.csv,1658,apɛpɛ ɾɔɽlɛd̪a.,You said.,তোমরা বলেছিলে,
Santali_dataset_parsed.csv,1659,uni.jɛ ɾɔɽlɛd̪a.,,He/ She said.,
Santali_dataset_parsed.csv,1660,ɔna͡i̯ ɾɔɽlɛd̪a.,,That said .,
Santali_dataset_parsed.csv,1661,unkinkin ɾɔɽlɛd̪a.],,The two said.,
Santali_dataset_parsed.csv,1662,ɔnakinɛ ɾɔɽlɛd̪a.,,Those two said.,
Santali_dataset_parsed.csv,1663,oŋkoko ɾɔɽlɛd̪a.,,They said.,
Santali_dataset_parsed.csv,1664,ɔnakoko ɾɔɽlɛd̪a.,,Those said.,
Santali_dataset_parsed.csv,1665,iɲiɲ ɾɔɽa.,I will say.,আমি বলবো,
Santali_dataset_parsed.csv,1666,ɘliɲliɲ ɾɔɽa.,We two will say.,আমরা দুইজন বলবো,
Santali_dataset_parsed.csv,1667,alɛlɛ ɾɔɽa.,We will say.,আমরা বলবো,
Santali_dataset_parsed.csv,1668,amɛm ɾɔɽa.,You will say.,তুমি বলবে,
Santali_dataset_parsed.csv,1669,abɛnbɛn ɾɔɽa.,You two will say.,তোমরা দুইজন বলবে,
Santali_dataset_parsed.csv,1670,apɛpɛ ɾɔɽa.,You will say.,তোমরা বলবে,
Santali_dataset_parsed.csv,1671,uni͡i̯ ɾɔɽa.,,He/ She will say.,
Santali_dataset_parsed.csv,1672,ɔna͡i̯ ɾɔɽa.,,That will say.,
Santali_dataset_parsed.csv,1673,uŋkinkin ɾɔɽa.,,The two will say.,
Santali_dataset_parsed.csv,1674,ɔnakinɛ ɾɔɽa.,,Those two will say.,
Santali_dataset_parsed.csv,1675,ɔnkoko ɾɔɽa.,,They will say.,
Santali_dataset_parsed.csv,1676,ɔnakoko ɾɔɽa.,,Those will say .,
Santali_dataset_parsed.csv,1677,iɲ bɘɲ ɾɔɽa.,I will not say.,আমি বলবো না,
Santali_dataset_parsed.csv,1678,ɘliɲ bɘliɲ ɾɔɽa.,We two will not say.,আমরা দুইজন বলবো না,
Santali_dataset_parsed.csv,1679,alɛ balɛ ɾɔɽa.,We will not say.,আমরা বলবো না,
Santali_dataset_parsed.csv,1680,am bam ɾɔɽa.,You will not say.,তুমি বলবে না,
Santali_dataset_parsed.csv,1681,abɛn babɛn ɾɔɽa.,You two will not say.,তোমরা দুইজন বলবে না,
Santali_dataset_parsed.csv,1682,apɛ bapɛ ɾɔɽa.,You will not say.,তোমরা বলবে না,
Santali_dataset_parsed.csv,1683,,uni ba͡i̯ ɾɔɽa.],He/ She will not say.,
Santali_dataset_parsed.csv,1684,ɔna ba͡i̯ ɾɔɽa.,,That will not say.,
Santali_dataset_parsed.csv,1685,uŋkin bɘkin ɾɔɽa.,,The two will not say.,
Santali_dataset_parsed.csv,1686,ɔnakin bakin ɾɔɽa.,,Those two will not say.,
Santali_dataset_parsed.csv,1687,oŋko bako ɾɔɽa.,,They will not say.,
Santali_dataset_parsed.csv,1688,ɔnako bako ɾɔɽa.,,Those will not say.,
Santali_dataset_parsed.csv,1689,iɲiɲ ɾɔɽa?,May I speak/ say?,আমি কি বলবো?,
Santali_dataset_parsed.csv,1690,ɘliɲliɲ ɾɔɽa?,May we two speak/ say?,আমরা দুইজন কি বলবো?,
Santali_dataset_parsed.csv,1691,alɛlɛ ɾɔɽa?,Shall we speak/say?,আমরা কি বলব?,
Santali_dataset_parsed.csv,1692,amɛm ɾɔɽa?,Will you say?,তুমি কি বলবা?,
Santali_dataset_parsed.csv,1693,abɛnbɛn ɾɔɽa?,Will you two say?,তোমরা দুইজন কি বলবা?,
Santali_dataset_parsed.csv,1694,apɛpɛ ɾɔɽa?,Will you say?,তোমরা কি বলবা?,
Santali_dataset_parsed.csv,1695,uni.jɛ ɾɔɽa?,,Will he say?,
Santali_dataset_parsed.csv,1696,ɔna͡i̯ ɾɔɽa?,,Will that say?,
Santali_dataset_parsed.csv,1697,uŋkinkin ɾɔɽa?,,Will they two say?,
Santali_dataset_parsed.csv,1698,ɔnakinɛ ɾɔɽa?,,Will those two say?,
Santali_dataset_parsed.csv,1699,oŋkoko ɾɔɽa?,,Will they say?,
Santali_dataset_parsed.csv,1700,ɔnakoko ɾɔɽa?,,Will those say?,
Santali_dataset_parsed.csv,1701,iɲiɲ lɘ͡i̯kaʔa.,I will have said.,আমি বলে রাখবো,
Santali_dataset_parsed.csv,1702,ɘliɲliɲ lɘ͡i̯kaʔa.,We two will have said.,আমরা দুইজন বলে রাখবো,
Santali_dataset_parsed.csv,1703,alɛlɛ lɘ͡i̯kaʔa.,We will have said.,আমরা বলে রাখবো,
Santali_dataset_parsed.csv,1704,amɛm lɘ͡i̯kaʔa.,You will have said.,তুমি বলে রাখবে,
Santali_dataset_parsed.csv,1705,abɛnbɛn lɘ͡i̯kaʔa.,You two will have said.,তোমরা দুইজন বলে রাখবে,
Santali_dataset_parsed.csv,1706,apɛpɛ lɘ͡i̯kaʔa.,You will have said.,তোমরা বলে রাখবে,
Santali_dataset_parsed.csv,1707,uni͡i̯ lɘ͡i̯kaʔa.,,He/ She will have said.,
Santali_dataset_parsed.csv,1708,ɔna͡i̯ lɘ͡i̯kaʔa.,,That will have said.,
Santali_dataset_parsed.csv,1709,uŋkinkin lɘ͡i̯kaʔa.,,The two will have said.,
Santali_dataset_parsed.csv,1710,ɔnakin lɘ͡i̯kaʔa.,,Those two will have said.,
Santali_dataset_parsed.csv,1711,oŋkoko lɘ͡i̯kaʔa.,,They will have said.,
Santali_dataset_parsed.csv,1712,ɔnakoko lɘ͡i̯kaʔa.,,Those will have said.,
Santali_dataset_parsed.csv,1713,d̪uɽup̚ʔ,To Sit,বসা,
Santali_dataset_parsed.csv,1714,hiɟuʔ,To Come,আসা,
Santali_dataset_parsed.csv,1715,calaʔ,To Go,যাওয়া,
Santali_dataset_parsed.csv,1716,op̚ɾom,To Recognize,চেনা,
Santali_dataset_parsed.csv,1717,aɲɟɔm,To Listen,শোনা,
Santali_dataset_parsed.csv,1718,ɲɛl,To See,দেখা,
Santali_dataset_parsed.csv,1719,baɖa͡i̯,To Know,জানা,
Santali_dataset_parsed.csv,1720,ɛmɔʔ,To Give,দেওয়া,
Santali_dataset_parsed.csv,1721,hat̪a͡o̯,To Take,নেওয়া,
Santali_dataset_parsed.csv,1722,ɘgu,To Bring,আনা,
Santali_dataset_parsed.csv,1723,ɘgu,To Bring,আনা,
Santali_dataset_parsed.csv,1724,kiɾiɲ,To Buy,কেনা,
Santali_dataset_parsed.csv,1725,d̪aɽan,To Walk/ To Roam,বেড়ানো,
Santali_dataset_parsed.csv,1726,ʈɛo̯͡aŋ hat̪a͡o̯,To Find Out,খোঁজ নেওয়া,
Santali_dataset_parsed.csv,1727,kusi,To Like,পছন্দ করা,
Santali_dataset_parsed.csv,1728,at̪̚ʔ,To Lose,হারানো,
Santali_dataset_parsed.csv,1729,ɲam,To Find,পাওয়া,
Santali_dataset_parsed.csv,1730,cas bas,To Cultivate,চাষ করা,
Santali_dataset_parsed.csv,1731,bad̪ʰa,To Tie Up,বাঁধা,
Santali_dataset_parsed.csv,1732,sɛʈɛɾ kaʔ,To Deliver,পৌঁছে দেওয়া,
Santali_dataset_parsed.csv,1733,d̪isɘ d̪ɔho͡i̯,To Remember,মনে থাকা,
Santali_dataset_parsed.csv,1734,sɛnd̪ɾa,To Search,খোঁজা,
Santali_dataset_parsed.csv,1735,kat̪ʰa ɾɔɽ,To Talk,কথা বলা,
Santali_dataset_parsed.csv,1736,majam ɟɔɾɔʔ,To Bleed,রক্ত পড়া,
Santali_dataset_parsed.csv,1737,bʰind̪ɘɽɔʔ,To Read,পড়া,
Santali_dataset_parsed.csv,1738,ɲuɾhɘʔ,To Drop Off,ঝরা/ ঝরে যাওয়া,
Santali_dataset_parsed.csv,1739,ɘkʰɾiɲ,To Sell,বিক্রি করা,
Santali_dataset_parsed.csv,1740,ɟɔma d̪ɔhɔ͡i̯,To Deposit,জমা করা,
Santali_dataset_parsed.csv,1741,ɟul,To Burn,জ্বালানো,
Santali_dataset_parsed.csv,1742,paɾɔm calaʔ,To Cross,পার হওয়া,
Santali_dataset_parsed.csv,1743,gɔɽɔ gɔpɔɽɔʔ,To Help/Cooperate,সাহায্য/ সহযোগিতা করা,
Santali_dataset_parsed.csv,1744,d̪ɛɟɔʔ,To Ride,চড়া,
Santali_dataset_parsed.csv,1745,kuk̚mu ɲɛl,To Dream,স্বপ্ন দেখা,
Santali_dataset_parsed.csv,1746,ɟɔm,To Eat,খাওয়া,
Santali_dataset_parsed.csv,1747,ɾu̯͡ɘɽ,To Return,ফেরা,
Santali_dataset_parsed.csv,1748,hiɽiɲ,To Forget,ভুলে যাওয়া,
Santali_dataset_parsed.csv,1749,ɔlɔʔ,To Write,লেখা,
Santali_dataset_parsed.csv,1750,kuɾumuʈu,To Try,চেষ্টা করা,
Santali_dataset_parsed.csv,1751,sap̚ʔ,To Catch,ধরা,
Santali_dataset_parsed.csv,1752,ɛhɔp̚ʔ,To Start,শুরু করা,
Santali_dataset_parsed.csv,1753,kusi,To Become Happy,খুশি হওয়া,
Santali_dataset_parsed.csv,1754,um ɖɘb̚ɾɘʔ,To Take A Bath,গোসল করা,
Santali_dataset_parsed.csv,1755,bacʰa͡o̯,To Pick,বাছাই করা,
Santali_dataset_parsed.csv,1756,buɟʰhɘ͡o̯,To Understand,বুঝা,
Santali_dataset_parsed.csv,1757,cet̚ʔ,To Learn,শেখা,
Santali_dataset_parsed.csv,1758,lekʰa,To Calculate,গণনা করা,
Santali_dataset_parsed.csv,1759,ɔcɔʔ giɖi,To Remove,সরিয়ে ফেলা,
Santali_dataset_parsed.csv,1760,bɔt̪ɔɾ biɽki,To Be Afraid,ভয় পাওয়া,
Santali_dataset_parsed.csv,1761,lɔhɔt̪̚ʔ,To Get Wet,ভিজে যাওয়া,
Santali_dataset_parsed.csv,1762,t̪ahɛn,To Stay,থাকা,
Santali_dataset_parsed.csv,1763,ɾuhet̪̚ʔ,To Scold,বকা দেওয়া,
Santali_dataset_parsed.csv,1764,bint̪i,To Pray,প্রার্থনা করা,
Santali_dataset_parsed.csv,1765,bint̪i,To Pray,প্রার্থনা করা,
Santali_dataset_parsed.csv,1766,ɲu,To Drink,পান করা,
Santali_dataset_parsed.csv,1767,la,To Dig,খনন করা,
Santali_dataset_parsed.csv,1768,ɛsɛt̪̚ʔ kaʔ,To Turn Off,বন্ধ করা,
Santali_dataset_parsed.csv,1769,ɔɽɛʲc̚ʔ,To Crack/ Burst,ফাটা/ ফেটে যাওয়া,
Santali_dataset_parsed.csv,1770,ɾɘput̪̚ʔ,To Break,ভাঙ্গা/ ভেঙ্গে পড়া,
Santali_dataset_parsed.csv,1771,ul,Mango,আম,
Santali_dataset_parsed.csv,1772,kanʈʰaɽ,Jackfruit,কাঁঠাল,
Santali_dataset_parsed.csv,1773,ka͡i̯ɾa,Banana,কলা,
Santali_dataset_parsed.csv,1774,sɘp̚ɽi,Guava,পেয়ারা,
Santali_dataset_parsed.csv,1775,ɟɔɟɔ,Tamarind,তেঁতুল,
Santali_dataset_parsed.csv,1776,ɟɘnum,Plum,বরই,
Santali_dataset_parsed.csv,1777,pɘpit̪a,Papaya,পেঁপে,
Santali_dataset_parsed.csv,1778,kud̪,Java Plum,জাম,
Santali_dataset_parsed.csv,1779,t̪ale,Palmyra Palm,তাল,
Santali_dataset_parsed.csv,1780,papit̪a,Papaya,পেঁপে,
Santali_dataset_parsed.csv,1781,ɾɘsun,Garlic,রসুন,
Santali_dataset_parsed.csv,1782,pe.jãc̚,Onion,পেঁয়াজ,
Santali_dataset_parsed.csv,1783,ad̪ʰhɛ,Ginger,আদা,
Santali_dataset_parsed.csv,1784,bɛɾɛl mɘɾic̚,Green Chilies,কাঁচা মরিচ,
Santali_dataset_parsed.csv,1785,ɾɔhɔɽ mɘɾic̚,Dry Chili,শুকনা মরিচ,
Santali_dataset_parsed.csv,1786,t̪ilmiɲ,Sesame,তিল,
Santali_dataset_parsed.csv,1787,t̪uɽi,Mustard,সরিষা,
Santali_dataset_parsed.csv,1788,ɾɔhɔɽ,Dry Fish/Meat,শুঁটকি,
Santali_dataset_parsed.csv,1789,konɖha,Sweet Pumpkin,মিষ্টি কুমড়া,
Santali_dataset_parsed.csv,1790,hɔt̪ɔt̪̚ʔ,Gourd,লাউ,
Santali_dataset_parsed.csv,1791,sɛkɛɾ kɛnd̪a,Sweet Potato,মিষ্টি আলু,
Santali_dataset_parsed.csv,1792,ed̪el saŋ,Potato Sprouts,শিমুল আলু,
Santali_dataset_parsed.csv,1793,ot̪̚ʔ,Mushroom,মাশরুম/ব্যাঙের ছাতা,
Santali_dataset_parsed.csv,1794,beŋgaɽ,Eggplant,বেগুন,
Santali_dataset_parsed.csv,1795,sɘɾu,Taro Root,কচু,
Santali_dataset_parsed.csv,1796,malhan,The Bean,শিম,
Santali_dataset_parsed.csv,1797,ɟɔnɖɾa,Corn,ভুট্টা,
Santali_dataset_parsed.csv,1798,aɽaʔ,Leafy Vegetables,শাক,
Santali_dataset_parsed.csv,1799,t̪i,Hand,হাত,
Santali_dataset_parsed.csv,1800,t̪i kɘʈup̚ʔ,Finger,হাতের আঙ্গুল,
Santali_dataset_parsed.csv,1801,moca,Mouth,মুখ,
Santali_dataset_parsed.csv,1802,mɛ̃t̪̚ʔ,Eye,চোখ,
Santali_dataset_parsed.csv,1803,lut̪uɾ,Ear,কান,
Santali_dataset_parsed.csv,1804,mu,Nose,নাক,
Santali_dataset_parsed.csv,1805,gunʈʰi,Knee,হাঁটু,
Santali_dataset_parsed.csv,1806,ɟaŋga,Leg,পা,
Santali_dataset_parsed.csv,1807,bɔhɔʔ,Head,মাথা,
Santali_dataset_parsed.csv,1808,hɔʈɔʔ,Throat,গলা,
Santali_dataset_parsed.csv,1809,laʲc̚ʔ,Belly,পেট,
Santali_dataset_parsed.csv,1810,kɔɽam,Chest,বুক,
Santali_dataset_parsed.csv,1811,d̪ɘbi,Neck,ঘাড়,
Santali_dataset_parsed.csv,1812,up̚ʔ,Hair,চুল,
Santali_dataset_parsed.csv,1813,gucu,Beard/Mustache,দাড়ি/ গোঁফ,
Santali_dataset_parsed.csv,1814,mɛ̃t̚ʔ kuʈi,Eye brow,ভুরু/ ভ্রু,
Santali_dataset_parsed.csv,1815,ɟoha,Cheeks,গাল,
Santali_dataset_parsed.csv,1816,alaŋ,Tongue,জিহ্বা,
Santali_dataset_parsed.csv,1817,ɖaʈa,Teeth,দাঁত,
Santali_dataset_parsed.csv,1818,ɾama,Nail,নখ,
Santali_dataset_parsed.csv,1819,ɟaŋ,Bone,হাড়,
Santali_dataset_parsed.csv,1820,haɾt̪a,Skin,চামড়া,
Santali_dataset_parsed.csv,1821,ma.jam,Blood,রক্ত,
Santali_dataset_parsed.csv,1822,kɔɽam,Heart,হৃৎপিণ্ড,
Santali_dataset_parsed.csv,1823,d̪i.ja,Back,পিঠ,
Santali_dataset_parsed.csv,1824,hɔɽmɔ,Body,শরীর,
Santali_dataset_parsed.csv,1825,ponɖ,White,সাদা,
Santali_dataset_parsed.csv,1826,hɛnd̪ɛ,Black,কালা,
Santali_dataset_parsed.csv,1827,aɾaʔ,Red,লাল,
Santali_dataset_parsed.csv,1828,hɘɾi̯͡ɘɽ,Green,সবুজ,
Santali_dataset_parsed.csv,1829,nil,Blue,নীল,
Santali_dataset_parsed.csv,1830,akasi,Sky Blue,আকাশী/ আসমানী,
Santali_dataset_parsed.csv,1831,bɛŋgaɽ ɾɔŋ,Purple,বেগুনি,
Santali_dataset_parsed.csv,1832,sasaŋ,Yellow,হলুদ,
Santali_dataset_parsed.csv,1833,kic̚ɾiʔ kʰɘnɖu̯͡ɘ,Clothes/Dress,পোশাক/ জামা,
Santali_dataset_parsed.csv,1834,panahi,Shoes,জুতা,
Santali_dataset_parsed.csv,1835,curli,Bangles,চুড়ি,
Santali_dataset_parsed.csv,1836,pagɾa,Earrings,দুল,
Santali_dataset_parsed.csv,1837,hɔʈɔʔ mala,Pendant,গলার হার,
Santali_dataset_parsed.csv,1838,sut̪̚ʔ ɟʰɘli,Hair Clip/band,খোপা-বন্ধনী,
Santali_dataset_parsed.csv,1839,d̪ɘɽhi,The Turban,পাগড়ি,
Santali_dataset_parsed.csv,1840,ʈup̚ɾi,Hat,টুপি,
Santali_dataset_parsed.csv,1841,cɛɽɛ̃,The Bird,পাখি,
Santali_dataset_parsed.csv,1842,ɖaŋɾa,The Cow,গরু,
Santali_dataset_parsed.csv,1843,gɛɖɛ,The Duck,হাঁস,
Santali_dataset_parsed.csv,1844,sim,The Chicken,মুরগি,
Santali_dataset_parsed.csv,1845,mɛɾɔm,The Goat,ছাগল,
Santali_dataset_parsed.csv,1846,kaɖa,The Buffalo,মহিষ,
Santali_dataset_parsed.csv,1847,suk̚ɾi,The Pig,শুকর,
Santali_dataset_parsed.csv,1848,hɘt̪i,The Elephant,হাতি,
Santali_dataset_parsed.csv,1849,t̪ɘɾup̚ʔ,The Tiger,বাঘ,
Santali_dataset_parsed.csv,1850,bana,The Bear,ভালুক,
Santali_dataset_parsed.csv,1851,ɟel,The Deer,হরিণ,
Santali_dataset_parsed.csv,1852,gɘɽĩ,The Monkey,বানর,
Santali_dataset_parsed.csv,1853,kulɘ͡i̯,The Rabbit,খরগোশ,
Santali_dataset_parsed.csv,1854,t̪u.ju,The Fox,শিয়াল,
Santali_dataset_parsed.csv,1855,biɲ,The Snake,সাপ,
Santali_dataset_parsed.csv,1856,biɲ,The Turtle,কচ্ছপ,
Santali_dataset_parsed.csv,1857,ɾɔʈɛ,The Frog,ব্যাঙ,
Santali_dataset_parsed.csv,1858,sɛt̪a,The Dog,কুকুর,
Santali_dataset_parsed.csv,1859,pusi,The Cat,বিড়াল,
Santali_dataset_parsed.csv,1860,sad̪ɔm,The Horse,ঘোড়া,
Santali_dataset_parsed.csv,1861,haku,The Fish,মাছ,
Santali_dataset_parsed.csv,1862,t̪iɟu,Insect,পোকা,
Santali_dataset_parsed.csv,1863,ɲɛlɛ,The Bee,মৌমাছি,
Santali_dataset_parsed.csv,1864,ɾɔ̃,The Fly,মাছি,
Santali_dataset_parsed.csv,1865,bind̪i,The Spider,মাকড়সা,
Santali_dataset_parsed.csv,1866,muʲc̚ʔ,The Ant,পিঁপড়া,
Santali_dataset_parsed.csv,1867,sĩkɽĩʲc̚ʔ,The Mosquito,মশা,
Santali_dataset_parsed.csv,1868,ʈik̚ʈɔ̃ɽɔ̃ʔ,The Mavis,বুলবুলি,
Santali_dataset_parsed.csv,1869,pot̪am,The Dove,ঘুঘু,
Santali_dataset_parsed.csv,1870,gʰão̯͡ã,The Sparrow,চড়ুই,
Santali_dataset_parsed.csv,1871,hɘt̪iuɽiʔ,Oriental Magpie Robin,দোয়েল,
Santali_dataset_parsed.csv,1872,kɔ̃ʔ,The Heron,বক,
Santali_dataset_parsed.csv,1873,kɘhũ,The Crow,কাক,
Santali_dataset_parsed.csv,1874,paɟʰaɽ,The Eagle,ঈগল,
Santali_dataset_parsed.csv,1875,kũɽĩt̪̚ʔ,The Milvus,চিল,
Santali_dataset_parsed.csv,1876,gid̪i,The Vulture,শকুন,
Santali_dataset_parsed.csv,1877,at̪o,Village,গ্রাম,
Santali_dataset_parsed.csv,1878,d̪aʔ,Water,পানি,
Santali_dataset_parsed.csv,1879,gaɖa,River,নদী,
Santali_dataset_parsed.csv,1880,buɾu,Mountain,পাহাড়,
Santali_dataset_parsed.csv,1881,cand̪o,Moon,চাঁদ,
Santali_dataset_parsed.csv,1882,ipil,Star,তারা,
Santali_dataset_parsed.csv,1883,maɾsal,Light,আলো,
Santali_dataset_parsed.csv,1884,ɲut̪̚ʔ,Dark,অন্ধকার,
Santali_dataset_parsed.csv,1885,d̪aɾe,Tree,গাছ,
Santali_dataset_parsed.csv,1886,hasa,Soil,মাটি,
Santali_dataset_parsed.csv,1887,d̪ʰuɽi,Dust,ধুলো,
Santali_dataset_parsed.csv,1888,d̪ʰiɾi,Stone,পাথর,
Santali_dataset_parsed.csv,1889,nɘɽi,Sand,লতা,
Santali_dataset_parsed.csv,1890,sakam,Leaf,পাতা,
Santali_dataset_parsed.csv,1891,ɾɛhɛt̪̚ʔ,Roots,শিকড়,
Santali_dataset_parsed.csv,1892,baha,Flower,ফুল,
Santali_dataset_parsed.csv,1893,ɟɔː,Fruit,ফল,
Santali_dataset_parsed.csv,1894,bɘ͡i̯sɘkʰ,Name of the 1st month,১ ম মাসের নাম,
Santali_dataset_parsed.csv,1895,ɟʰɛ̃ʈ̚,Name of the 2nd month,২য় মাসের নাম,
Santali_dataset_parsed.csv,1896,asaɽ,Name of the 3rd month,৩য় মাসের নাম,
Santali_dataset_parsed.csv,1897,san,Name of the 4th month,৪র্থ মাসের নাম,
Santali_dataset_parsed.csv,1898,bʰad̪ɔɾ,Name of the 5th month,৫ম মাসের নাম,
Santali_dataset_parsed.csv,1899,ɘsin,Name of the 6th month,৬ষ্ঠ মাসের নাম,
Santali_dataset_parsed.csv,1900,kɘɾt̪ik̚,Name of the 7th month,৭ম মাসের নাম,
Santali_dataset_parsed.csv,1901,agʰɔn,Name of the 9th month,৯ম মাসের নাম,
Santali_dataset_parsed.csv,1902,pus,Name of the 10th month,১০ম মাসের নাম,
Santali_dataset_parsed.csv,1903,magʰ,Name of the 11th month,১১তম মাসের নাম,
Santali_dataset_parsed.csv,1904,pʰagun,Name of the 12th month,১২তম মাসের নাম,
Santali_dataset_parsed.csv,1905,cɘt̪̚,Name of the 8th month,৮ম মাসের নাম,
Santali_dataset_parsed.csv,1906,set̪oŋ,Summer,গ্রীষ্ম,
Santali_dataset_parsed.csv,1907,ɟɘput̪̚ʔ,Monsoon,বর্ষা,
Santali_dataset_parsed.csv,1908,niɾɘn,Autumn,শরৎ,
Santali_dataset_parsed.csv,1909,agʰãɽ,Late autumn,হেমন্ত,
Santali_dataset_parsed.csv,1910,ɾabaŋ,Winter,শীত,
Santali_dataset_parsed.csv,1911,ʈaɽaŋ d̪in,Spring,বসন্ত,
Santali_dataset_parsed.csv,1912,sɘnicaɾ,Saturday,শনি,
Santali_dataset_parsed.csv,1913,aʈʰo̯͡aɾ,Sunday,রবি,
Santali_dataset_parsed.csv,1914,sɔm,Monday,সোম,
Santali_dataset_parsed.csv,1915,mɔŋgɔl,Tuesday,মঙ্গল,
Santali_dataset_parsed.csv,1916,bud̪ʰ,Wednesday,বুধ,
Santali_dataset_parsed.csv,1917,luk̚kʰi baɾ,Thursday,বৃহস্পতি,
Santali_dataset_parsed.csv,1918,sokol,Friday,শুক্র,
Santali_dataset_parsed.csv,1919,ɔk̚t̪ɛ,Time,সময়,
Santali_dataset_parsed.csv,1920,ɘ.jup̚ʔ beɾ,Afternoon,বিকাল,
Santali_dataset_parsed.csv,1921,set̪aʔ beɾ,Morning,সকাল,
Santali_dataset_parsed.csv,1922,t̪ikin beɾ,Noon,দুপুর,
Santali_dataset_parsed.csv,1923,ɘ.jup̚ʔ beɾ,Evening,সন্ধ্যা,
Santali_dataset_parsed.csv,1924,ɲind̪ɘ,Night,রাত,
Santali_dataset_parsed.csv,1925,gʰɔnʈa,Hour,ঘণ্টা,
Santali_dataset_parsed.csv,1926,maha,Day,দিন,
Santali_dataset_parsed.csv,1927,hap̚t̪a,Week,সপ্তাহ,
Santali_dataset_parsed.csv,1928,mɘh̚nɘ,Month,মাস,
Santali_dataset_parsed.csv,1929,bɔcʰɔɾ,Year,বছর,
Santali_dataset_parsed.csv,1930,ɟug,Era,যুগ,
Santali_dataset_parsed.csv,1931,gɔɽɔmba,Grandfather,দাদা,
Santali_dataset_parsed.csv,1932,gɔɽɔm a.jo,Grandmother,দাদি,
Santali_dataset_parsed.csv,1933,gɔgɔ,Mother,মা,
Santali_dataset_parsed.csv,1934,baba,Father,বাবা,
Santali_dataset_parsed.csv,1935,maɾaŋba,Uncle (father’s elder brother),জ্যাঠা (বড় কাকা),
Santali_dataset_parsed.csv,1936,hɔpɔnba,Uncle (father’s younger brother),কাকা,
Santali_dataset_parsed.csv,1937,maɾaŋgɔ,Aunt (wife of father’s elder brother),জেঠি (বড় কাকি),
Santali_dataset_parsed.csv,1938,hɔpɔngɔ,Aunt (wife of father’s younger brother),কাকি,
Santali_dataset_parsed.csv,1939,peɽa,Relative,আত্মীয়,
Santali_dataset_parsed.csv,1940,kuɽi gid̪ɾɘ,Daughter,মেয়ে,
Santali_dataset_parsed.csv,1941,kɔɽa gid̪ɾɘ,Son,ছেলে,
Santali_dataset_parsed.csv,1942,gid̪ɾɘko,Offspring,সন্তান,
Santali_dataset_parsed.csv,1943,kɘʈiʲc̚ʔ gid̪ɾɘko,Kid,বাচ্চা/ শিশু,
Santali_dataset_parsed.csv,1944,haɽamba,Grandfather (maternal),নানা,
Santali_dataset_parsed.csv,1945,buɖigɔ,Grandmother (maternal),নানি,
Santali_dataset_parsed.csv,1946,lɘʈu bɔ͡i̯ha,Elder brother,বড় ভাই,
Santali_dataset_parsed.csv,1947,bɔ͡i̯ha,Brother,ভাই,
Santali_dataset_parsed.csv,1948,lɘʈu d̪id̪i,Elder sister,বড় বোন,
Santali_dataset_parsed.csv,1949,misɾa,Sister,বোন,
Santali_dataset_parsed.csv,1950,hili,Sister-in-law,ভাবী,
Santali_dataset_parsed.csv,1951,t̪iɲaŋ,Brother-in-law,দুলাভাই,
Santali_dataset_parsed.csv,1952,hɔ̃͡i̯haɾbaba,Father-in-law,শ্বশুর,
Santali_dataset_parsed.csv,1953,hanhaɾ gɔgɔ,Mother-in-law,শাশুড়ি,
Santali_dataset_parsed.csv,1954,ɛɾo̯͡ɛl kuɽi,Sister-in-law (husband/wife’s sister),শ্যালিকা/ ননদ,
Santali_dataset_parsed.csv,1955,ɛɾo̯͡ɛl kɔɽa,Brother-in-law (husband’s/ wife’s brother),শ্যালক/ দেবর,
Santali_dataset_parsed.csv,1956,bʰɘgnɘ,Nephew (sister’s son),ভাগ্নে,
Santali_dataset_parsed.csv,1957,bʰagni,Niece (sister’s daughter),ভাগ্নি,
Santali_dataset_parsed.csv,1958,bʰɘcɘt̪̚ kɔɽa,Nephew (brother’s son),ভাতিজা,
Santali_dataset_parsed.csv,1959,bʰɘcɘt̪̚ kuɽi,Niece (brother’s daughter),ভাতিজী,
Santali_dataset_parsed.csv,1960,gat̪e kuɽi,Friend (female),বান্ধবী,
Santali_dataset_parsed.csv,1961,gat̪e kɔɽa,Friend (male),বন্ধু,
output_layoutA (1).csv,1,ɘliɲ bɘliɲ ɲɛla,We two do not see.,,1DU.EXCL NEG-1DU.EXCL see-FIN
output_layoutA (1).csv,2,alɛ balɛ ɲɛla,We do not see.,,1PL NEG-1PL see-FIN
output_layoutA (1).csv,3,am bam ɲɛla,You do not see.,,2SG NEG-2SG see-FIN
output_layoutA (1).csv,4,abɛn babɛn ɲɛla,You two do not see.,,2DU NEG-2DU see-FIN
output_layoutA (1).csv,5,apɛ bapɛ ɲɛla,You do not see.,,2PL NEG-2PL see-FIN
output_layoutA (1).csv,6,uni ba͡i̯ ɲɛla,He/She does not see.,,3SG.ANIM NEG-3SG see-FIN
output_layoutA (1).csv,7,ɔna ba͡i̯ ɲɛla,That does not see.,,3SG.INANIM NEG-3SG see-FIN
output_layoutA (1).csv,8,uŋkin bɘkin ɲɛla,The two do not see.,,3DU.ANIM NEG-3DU see-FIN
output_layoutA (1).csv,9,ɔnakin bɘkin ɲɛla,Those two do not see.,,3DU.INANIM NEG-3DU see-FIN
output_layoutA (1).csv,10,alɛlɛ ɲɛlɛd̪a,We are watching.,,1PL-1PL see-PROG-FIN
output_layoutA (1).csv,11,amɛm ɲɛlɛd̪a,You are seeing.,,2SG-2SG see-PROG-FIN
output_layoutA (1).csv,12,abɛnbɛn ɲɛlɛd̪a,You two are watching.,,2DU-2DU see-PROG-FIN
output_layoutA (1).csv,13,apɛpɛ ɲɛlɛd̪a,You see.,,2PL-2PL see-PROG-FIN
output_layoutA (1).csv,14,uni͡i̯ ɲɛlɛd̪a,He/She is watching.,,3SG.ANIM-3SG see-PROG-FIN
output_layoutA (1).csv,15,ona͡i̯ ɲɛlɛd̪a,That is seeing.,,3SG.INANIM-3SG see-PROG-FIN
output_layoutA (1).csv,16,unkinkin ɲɛlɛd̪a,The two are watching.,,3DU.ANIM-3DU see-PROG-FIN
output_layoutA (1).csv,17,onakinkin ɲɛlɛd̪a,Those two are watching.,,3DU.INANIM-3DU see-PROG-FIN
output_layoutA (1).csv,18,onkoko ɲɛlɛd̪a,They are watching.,,3PL.ANIM-3PL see-PROG-FIN
output_layoutA (1).csv,19,onakoko ɲɛlɛd̪a,Those are seeing.,,3PL.INANIM-3PL see-PROG-FIN
output_layoutA (1).csv,20,iɲiɲ ɲɛlked̪a,I saw.,,1SG-1SG see-PST-FIN
output_layoutA (1).csv,21,ɘliɲliɲ ɲɛlked̪a,We two saw.,,1DU.EXCL-1DU.EXCL see-PST-FIN
output_layoutA (1).csv,22,alɛlɛ ɲɛlked̪a,We saw.,,1PL-1PL see-PST-FIN
output_layoutA (1).csv,23,amɛm ɲɛlked̪a,You saw.,,2SG-2SG see-PST-FIN
output_layoutA (1).csv,24,abɛnbɛn ɲɛlked̪a,You two saw.,,2DU-2DU see-PST-FIN
output_layoutA (1).csv,25,apɛpɛ ɲɛlked̪a,You saw.,,2PL-2PL see-PST-FIN
output_layoutA (1).csv,26,uni͡i̯ ɲɛlked̪a,He/She saw.,,3SG.ANIM-3SG see-PST-FIN
output_layoutA (1).csv,27,ɔna͡i̯ ɲɛlked̪a,That saw.,,3SG.INANIM-3SG see-PST-FIN
output_layoutA (1).csv,28,unkinkin ɲɛlked̪a,The two saw.,,3DU.ANIM-3DU see-PST-FIN
output_layoutA (1).csv,29,ɔnakinkin ɲɛlked̪a,Those two saw.,,3DU.INANIM-3DU see-PST-FIN
output_layoutA (1).csv,30,onkoko ɲɛlked̪a,They saw.,,3PL.ANIM-3PL see-PST-FIN
output_layoutA (1).csv,31,onakoko ɲɛlked̪a,Those saw.,,3PL.INANIM-3PL see-PST-FIN
output_layoutA (1).csv,32,iɲiɲ ɲɛlɛt̪̚ʔkan t̪ahɛ̃na,I was watching.,,1SG-1SG see-PROG-PTCP-CONT stay.PST-FIN
output_layoutA (1).csv,33,ɘliɲliɲ ɲɛlɛt̪̚ʔkan t̪ahɛ̃na,We two were watching.,,1DU.EXCL-1DU.EXCL see-PROG-PTCP-CONT stay.PST-FIN
output_layoutA (1).csv,34,alɛlɛ ɲɛlɛt̪̚ʔkan t̪ahɛ̃na,We were watching.,,1PL-1PL see-PROG-PTCP-CONT stay.PST-FIN
output_layoutA (1).csv,35,amɛm ɲɛlɛt̪̚ʔkan t̪ahɛ̃na,You were watching.,,2SG-2SG see-PROG-PTCP-CONT stay.PST-FIN
output_layoutA (1).csv,36,abɛnbɛn ɲɛlɛt̪̚ʔkan t̪ahɛ̃na,You two were watching.,,2DU-2DU see-PROG-PTCP-CONT stay.PST-FIN
output_layoutA (1).csv,37,apɛpɛ ɲɛlɛt̪̚ʔkan t̪ahɛ̃na,You were watching.,,2PL-2PL see-PROG-PTCP-CONT stay.PST-FIN
output_layoutA (1).csv,38,uni͡i̯ ɲɛlɛt̪̚ʔkan t̪ahɛ̃na,He/She was watching.,,3SG.ANIM-3SG see-PROG-PTCP-CONT stay.PST-FIN
output_layoutA (1).csv,39,ɔna͡i̯ ɲɛlɛt̪̚ʔkan t̪ahɛ̃na,That was watching.,,3SG.INANIM-3SG see-PROG-PTCP-CONT stay.PST-FIN
output_layoutA (1).csv,40,unkinkin ɲɛlɛt̪̚ʔkan t̪ahɛ̃na,The two were watching.,,3DU.ANIM-3DU see-PROG-PTCP-CONT stay.PST-FIN
output_layoutA (1).csv,41,ɔnakinkin ɲɛlɛt̪̚ʔkan t̪ahɛ̃na,Those two were watching.,,3DU.INANIM-3DU see-PROG-PTCP-CONT stay.PST-FIN
output_layoutA (1).csv,42,onkoko ɲɛlɛt̪̚ʔkan t̪ahɛ̃na,They were watching.,,3PL.ANIM-3PL see-PROG-PTCP-CONT stay.PST-FIN
output_layoutA (1).csv,43,ɔnakoko ɲɛlɛt̪̚ʔkan t̪ahɛ̃na,Those were watching.,,3PL.INANIM-3PL see-PROG-PTCP-CONT stay.PST-FIN
output_layoutA (1).csv,44,iɲiɲ ɲɛllɛd̪a,I saw.,,1SG-1SG see-REM.PST-FIN
output_layoutA (1).csv,45,ɘliɲliɲ ɲɛllɛd̪a,We two saw.,,1DU.EXCL-1DU.EXCL see-REM.PST-FIN
output_layoutA (1).csv,46,alɛlɛ ɲɛllɛd̪a,We saw.,,1PL-1PL see-REM.PST-FIN
output_layoutA (1).csv,47,amɛm ɲɛllɛd̪a,You saw.,,2SG-2SG see-REM.PST-FIN
output_layoutA (1).csv,48,abɛnbɛn ɲɛllɛd̪a,You two saw.,,2DU-2DU see-REM.PST-FIN
output_layoutA (1).csv,49,apɛpɛ ɲɛllɛd̪a,You saw.,,2PL-2PL see-REM.PST-FIN
output_layoutA (1).csv,50,uni͡i̯ ɲɛllɛd̪a,He/She saw.,,3SG.ANIM-3SG see-REM.PST-FIN
output_layoutA (1).csv,51,ɔna͡i̯ ɲɛllɛd̪a,That saw.,,3SG.INANIM-3SG see-REM.PST-FIN
output_layoutA (1).csv,52,unkinkin ɲɛllɛd̪a,The two saw.,,3DU.ANIM-3DU see-REM.PST-FIN
output_layoutA (1).csv,53,ɔnakinkin ɲɛllɛd̪a,Those two saw.,,3DU.INANIM-3DU see-REM.PST-FIN
output_layoutA (1).csv,54,onkoko ɲɛllɛd̪a,They saw.,,3PL.ANIM-3PL see-REM.PST-FIN
output_layoutA (1).csv,55,onakoko ɲɛllɛd̪a,Those saw.,,3PL.INANIM-3PL see-REM.PST-FIN
output_layoutA (1).csv,56,iɲiɲ ɲɛla,I will see.,,1SG-1SG see-FIN
output_layoutA (1).csv,57,aliɲliɲ ɲɛla,We two will see.,,1DU.INCL-1DU.INCL see-FIN
output_layoutA (1).csv,58,alɛlɛ ɲɛla,We will see.,,1PL-1PL see-FIN
output_layoutA (1).csv,59,amɛm ɲɛla,You will see.,,2SG-2SG see-FIN
output_layoutA (1).csv,60,abɛnbɛn ɲɛla,You two will see.,,2DU-2DU see-FIN
output_layoutA (1).csv,61,apɛpɛ ɲɛla,You will see.,,2PL-2PL see-FIN
output_layoutA (1).csv,62,uni͡i̯ ɲɛla,He/She will see.,,3SG.ANIM-3SG see-FIN
output_layoutA (1).csv,63,ɔna͡i̯ ɲɛla,That will see.,,3SG.INANIM-3SG see-FIN
output_layoutA (1).csv,64,unkinkin ɲɛla,The two will see.,,3DU.ANIM-3DU see-FIN
output_layoutA (1).csv,65,ɔnakinkin ɲɛla,Those two will see.,,3DU.INANIM-3DU see-FIN
output_layoutA (1).csv,66,onkoko ɲɛla,They will see.,,3PL.ANIM-3PL see-FIN
output_layoutA (1).csv,67,onakoko ɲɛla,Those will see.,,3PL.INANIM-3PL see-FIN
output_layoutA (1).csv,68,iɲ bɘɲ ɲɛla,I will not see.,,1SG NEG-1SG see-FIN
output_layoutA (1).csv,69,ɘliɲ bɘliɲ ɲɛla,We two will not see.,,1DU.EXCL NEG-1DU.EXCL see-FIN
output_layoutA (1).csv,70,alɛ balɛ ɲɛla,We will not see.,,1PL NEG-1PL see-FIN
output_layoutA (1).csv,71,am bam ɲɛla,You will not see.,,2SG NEG-2SG see-FIN
output_layoutA (1).csv,72,abɛn babɛn ɲɛla,You two will not see.,,2DU NEG-2DU see-FIN
output_layoutA (1).csv,73,apɛ bapɛ ɲɛla,You will not see.,,2PL NEG-2PL see-FIN
output_layoutA (1).csv,74,uni ba͡i̯ ɲɛla,He/She will not see.,,3SG.ANIM NEG-3SG see-FIN
output_layoutA (1).csv,75,ɔna ba͡i̯ ɲɛla,That will not see.,,3SG.INANIM NEG-3SG see-FIN
output_layoutA (1).csv,76,uŋkin bɘkin ɲɛla,The two will not see.,,3DU.ANIM NEG-3DU see-FIN
output_layoutA (1).csv,77,onakin bɘkin ɲɛla,Those two will not see.,,3DU.INANIM NEG-3DU see-FIN
output_layoutA (1).csv,78,oŋko bako ɲɛla,They will not see.,,3PL.ANIM NEG-3PL see-FIN
output_layoutA (1).csv,79,onkoko bako ɲɛla,Those will not see.,,3PL.INANIM-3PL NEG-3PL see-FIN
output_layoutA (1).csv,80,iɲiɲ ɲɛlɛd̪a,I am seeing.,,1SG-1SG see-PROG-FIN
output_layoutA (1).csv,81,iɲiɲ ɲɛlakad̪a,I have seen.,,1SG-1SG see-FIN-PRF-FIN
output_layoutA (1).csv,1,d̪a.ja kat̪ɛ bʰit̪ɾi sɛʲc̚ʔ hiɟuʔ-mɛ,Please come in.,,Please Manner Inside DIR Come-IMP.2SG.POL
output_layoutA (1).csv,2,d̪a.ja kat̪ɛ ɾe͡aɽaʔ hat̪a͡omɛ,Please have something cold.,,Please Manner Cold.Thing Take-IMP.2SG.POL
output_layoutA (1).csv,3,mit̪ʔ gʰɘɽi t̪ɘŋgi-mɛ,Wait for a while.,,One Hour Wait-IMP.2SG.POL
output_layoutA (1).csv,4,ɔnaʈaʔ ɟɘɽ lɘ͡i-mɛ,Tell that incident.,,That-CLSSFR Incident Tell-IMP.2SG.POL
output_layoutA (1).csv,5,t̪ʰɔɽa bɘ͡i bɘ͡i-ɲɔʔ kat̪ʰa ɾɔɽ-mɛ,Speak slowly.,,Little Slow-REDUP Talk Speak-IMP.2SG.POL
output_layoutA (1).csv,6,aɾhɔ̃ hiɟuʔ-mɛ,Come again.,,Again Come-IMP.2SG.POL
output_layoutA (1).csv,7,ɔnɖɛ alom cala-a,Don't you go there.,,There PROH Go-FIN.2SG
output_layoutA (1).csv,8,aɾ alom ɾɔɽ-a,Don't talk anymore.,,More PROH Speak-FIN.2SG
output_layoutA (1).csv,9,d̪a.ja kat̪ɛ nɔnɖɛ-m hiɟuʔ-a,Would you please come here for a bit?,,Please Manner Here-2SG Come-FIN.Q
output_layoutA (1).csv,10,t̪ʰɔɽa macʰa ɾɔɽ-mɛ,Speak less.,,Little Less Speak-IMP.2SG.POL
output_layoutA (1).csv,11,ɟɔɟɔm d̪uɽup̚ʔ-pɛ,Sit down to eat.,,Eat Sit-IMP.2PL
output_layoutA (1).csv,12,aɾhɔ̃ ɾɔɽ-mɛ,Say it again.,,Again Speak-IMP.2SG.POL
output_layoutA (1).csv,13,iɲ sã͡ot̪ɛ alom ɾɔɽ-a,You will not talk to me.,,1SG COMIT-INSTR PROH Speak-FIN.2SG
output_layoutA (1).csv,14,ɟɘst̪i kat̪ʰa alom ɾɔɽ-a,Don't talk too much.,,Much Talk PROH Speak-FIN.2SG
output_layoutA (1).csv,15,ɘɖi gʰɘɽi-ʲc̚ʔ bahɾɛ-ɾɛ alom t̪ahɛ̃-na,Don't stay out too long.,,So.Much Hour-ABL Outside-LOC PROH Stay-FIN.2SG
output_layoutA (1).csv,16,gɔɽɔ͡-ɘɲ-mɛ,Help me.,,Help-1SG.OBJ-IMP.2SG.POL
output_layoutA (1).csv,17,gɔɽɔ-a͡i-mɛ,Help him.,,Help-3SG.OBJ-IMP.2SG.POL
output_layoutA (1).csv,18,lɘʈu-ko manɔt̪ʔ-kom,Respect the elders.,,Elder-3PL Respect-IMP.2SG.3PL.OBJ
output_layoutA (1).csv,19,kɘʈi-ʲc̚ʔ-ko d̪ulɘɽ-kom,Love the youngers.,,Young-ABL-3PL Love-IMP.2SG.3PL.OBJ
output_layoutA (1).csv,20,mɔ̃ɟ-t̪ɛ ɔɭɔʔ paɽhaʔ-mɛ,Study well.,,Well-INSTR Writing Study-IMP.2SG.POL
output_layoutA (1).csv,21,gɔgo pɘɾsi ɟa͡oge d̪ulɘɽ-aʔ-mɛ,You will always love your mother tongue.,,Mother Tongue Always Love-CONT-IMP.2SG.POL
output_layoutA (1).csv,22,aɾhɔ̃ bɘ͡i bɘ͡i-t̪ɛ t̪aɽam-mɛ,Walk slower.,,Again Slowly-REDUP-INSTR Walk-IMP.2SG.POL
output_layoutA (1).csv,23,ãʈ mɘcʰi-ʲc̚ʔ ɾɔɽ-mɛ,Speak loudly.,,Voice Raise-ABL Speak-IMP.2SG.POL
output_layoutA (1).csv,24,d̪a.ja kat̪ɛ panahi bɔʲc̚ʔ kat̪ɛ bɔlɔʔ-mɛ,Please take your shoes off before entering.,,Please Manner Shoe Remove-ABL Manner Enter-IMP.2SG.POL
output_layoutA (1).csv,25,gapa set̪aʔ alɛ sã͡ot̪ɛ baski.ja-gɔʔ-mɛ,Have breakfast with us tomorrow morning.,,Tomorrow Morning 1PL.EXCL COMIT-INSTR Breakfast.Eat-IMP.2SG.POL
output_layoutA (1).csv,26,gapa t̪ikin alɛ sã͡ot̪ɛ maɲɟan-ɔʔ-mɛ,Eat lunch with us tomorrow noon.,,Tomorrow Noon 1PL.EXCL COMIT-INSTR Eat.Lunch-IMP.2SG.POL
output_layoutA (1).csv,27,gapa alɛ ɔɽaʔ-ɾɛ maɲɟan-ɔʔ-mɛ,Tomorrow you will have lunch at our home.,,Tomorrow 1PL.EXCL House-LOC Eat.Lunch-IMP.2SG.POL
output_layoutA (1).csv,28,ɟɘst̪i gʰaɽi-ʲc̚ʔ bahɾɛ-ɾɛ alom t̪ahɛ̃-na,Don't stay out too long.,,Much Hour-ABL Outside-LOC PROH Stay-FIN.2SG
output_layoutA (1).csv,29,t̪eheɲ d̪ɔ kɘmi alɔm cala-a,Don't you go to work today.,,Today TOP Work PROH Go-FIN.2SG
output_layoutA (1).csv,30,apɛ d̪ɔ cɛt̪ʔ t̪iheɲ calaʔ baŋ ho.joʔ t̪apɛ͡a,Aren't you going today?,,2PL TOP Q Today Go NEG Happen FIN-2PL.Q
output_layoutA (1).csv,31,no͡a ciʈʰi ɔka ɔka-ɾɛ kol ho.jo-a aɾ ɔka ɔka-ɾɛ baŋ kol ho.jo-a,Where should the letter be sent and where should it not be sent?,,This Letter Where Where-LOC Send Happen-FIN And Where Where-LOC NEG Send Happen-FIN
output_layoutA (1).csv,32,no͡a sɔŋbat̪ʔ ɔko͡i-koʈʰɛn baŋ kol ho.ja-kana,Who has not been sent the news?,,This News Who-3PL-ABL NEG Send Happen-PST.FIN
output_layoutA (1).csv,33,oŋko d̪ɔ cɛt̪ʔ no͡a kɘmi bako puɾɘ͡u d̪aɽɛ.jaʔ-a,Could they not complete this job?,,3PL TOP Q This Work NEG-3PL Finish Can-FIN
output_layoutA (1).csv,34,ɟɔmaʔ-ko baŋ sibila-kana,Is the food not good to eat?,,Food-3PL NEG Tasty-PST.FIN
output_layoutA (1).csv,35,amd̪ɔ ced̪aʔ hɔla ɔkat̪ehɔ̃ bam cala͡o-lena,Why didn't you go anywhere yesterday?,,2SG-TOP Why Yesterday Where-INSTR-Also NEG-2SG Go-PST-FIN
output_layoutA (1).csv,36,ni͡ɘ d̪ʰa͡o d̪ɔ ced̪aʔ ɟɘst̪i ba͡i d̪aʔ-eda,Why is it not raining much this time?,,This Time TOP Why Much NEG Rain-NPST.FIN
output_layoutA (1).csv,37,amd̪ɔ uni hiɟuʔ bam mɛna-ka͡ode͡a,Didn't you ask him to come?,,2SG-TOP 3SG Come NEG-2SG Tell-CAUS-PST.FIN
output_layoutA (1).csv,38,iɲ t̪inɘʔ d̪in kʰɔn d̪aɽan bɘɲ cala͡o-akan ɔna d̪ɔɲ hiɽiɲ-ăkada,I forgot how long I haven't been travelling.,,1SG How.Many Day ABL Roaming NEG-1SG Go-HAB That TOP-1SG Forget-PRF.FIN
output_layoutA (1).csv,39,apɛ ɔkɔ͡i ɔkɔ͡i-ko ɔna ʈoʈʰa calaʔ bapɛ mene-da,How many of you do not agree to go to that place?,,2PL Who Who-3PL That Place Go NEG-2PL Agree-FIN
output_layoutA (1).csv,40,amd̪ɔ cɛʈ̪ʔ gapa ɔkat̪ɛhɔ̃ bam cala-a,Aren't you going anywhere tomorrow?,,2SG-TOP Q Tomorrow Where-INSTR-Also NEG-2SG Go-FIN
output_layoutA (1).csv,41,unɟɔkʰɛʲc̚ʔ,Then,,That-Time-ABL
output_layoutA (1).csv,42,nit̪ʔ,Now,,Now
output_layoutA (1).csv,43,hɔla,Yesterday,,Yesterday
output_layoutA (1).csv,44,gapa,Tomorrow,,Tomorrow
output_layoutA (1).csv,45,mand̪ʰɛɾ,The Day After Tomorrow,,Day.After.Tomorrow
output_layoutA (1).csv,46,ni͡ɘd̪ʰa͡o,This Time,,This-Time
output_layoutA (1).csv,47,nit̪ʔgi,Just Now,,Now-EMPH
output_layoutA (1).csv,48,unɘʔd̪in,So Long (for that many days),,That-CLSSFR-Day
output_layoutA (1).csv,49,t̪a.jɔmt̪ɛ,After,,After-INSTR
output_layoutA (1).csv,50,unhilɘʔ,That Day,,That-Day
output_layoutA (1).csv,51,ɟɔɟɔm-sɛʲc̚ʔ,On The Right,,Right.Hand-DIR
output_layoutA (1).csv,52,lɛŋga-sɛʲc̚ʔ,On The Left,,Left.Hand-DIR
output_layoutA (1).csv,53,t̪a.jɔm-sɛc̚ʔ,Behind,,Back-DIR
output_layoutA (1).csv,54,suɾ-ɾɛ,Near,,Near-LOC
output_layoutA (1).csv,55,ɘɖi sɘŋgiɲ,Far Away,,Very Far
output_layoutA (1).csv,56,t̪ala-ɾɛ,In Between,,Middle-LOC
output_layoutA (1).csv,57,suɟhi,Straight,,Straight
output_layoutA (1).csv,58,ɛskaɾ,Alone,,Alone
output_layoutA (1).csv,59,ãʈ̚-t̪ɛ,Loudly,,Loud-INSTR
output_layoutA (1).csv,60,usɘɾa-t̪ɛ,Quickly,,Quick-INSTR
output_layoutA (1).csv,61,bɘ͡i bɘ͡i-t̪ɛ,Slowly,,Slow Slow-INSTR.REDUP
output_layoutA (1).csv,62,ɟɘst̪i-gi,Mostly,,Much-EMPH
output_layoutA (1).csv,63,ɟɘst̪i,More / Much,,Much
output_layoutA (1).csv,64,t̪ʰɔɽa,Less / Little,,Little
output_layoutA (1).csv,65,t̪eheɲ,Today,,Today
output_layoutA (1).csv,66,mit̪ʔ-d̪in,One Day,,One-Day
output_layoutA (1).csv,67,samaŋ-ɾɛ,In Front,,Front-LOC
output_layoutA (1).csv,68,cet̪an-ɾɛ,Above,,Above-LOC
output_layoutA (1).csv,69,lat̪aɾ-ɾɛ,Below / Down,,Below-LOC
output_layoutA (1).csv,70,aɽe-ɾɛ,Beside,,Side-LOC
output_layoutA (1).csv,71,sɘŋgiɲ-ɾɛ,Away / Far,,Far-LOC
output_layoutA (1).csv,72,bahɾɛ-ɾɛ,Outside,,Outside-LOC
output_layoutA (1).csv,73,bʰit̪ɾi-ɾɛ,Inside,,Inside-LOC
output_layoutA (1).csv,74,a͡ima,A Lot,,A.Lot
output_layoutA (1).csv,75,ponaʔ,The Fourth,,Four-ORD
output_layoutA (1).csv,76,mɔ̃ɽɛ̃.jaʔ,The Fifth,,Five-ORD
output_layoutA (1).csv,77,t̪uɾu.jaʔ,The Sixth,,Six-ORD
output_layoutA (1).csv,78,e͡a.jaʔ,The Seventh,,Seven-ORD
output_layoutA (1).csv,79,iɾɘl-aʔ,The Eighth,,Eight-ORD
output_layoutA (1).csv,80,aɾɛ.jaʔ,The Ninth,,Nine-ORD
output_layoutA (1).csv,81,gɛː l-aʔ,The Tenth,,Ten-ORD
output_layoutA (1).csv,82,pɘhil-aʔ,The First,,First-ORD
output_layoutA (1).csv,83,d̪osaɾ-aʔ,The Second,,Second-ORD
output_layoutA (1).csv,1,gɔgɔo̯͡aʔ kɔɽam t̪ɔ̯͡a d̪ɔ gid̪ɾɘ lɘgit̪̚ʔ ɾan lekage͡i̯ kɘmi.ja,Mother's breast milk works like medicine for the baby.,,mother-GEN.IN chest milk TOP child for medicine like-EMPH work-FIN
output_layoutA (1).csv,2,t̪uɾu͡i̯ cand̪o hɘbiʲc̚ʔ gid̪ɾɘ d̯ɔ gɔgɔ t̪o̯͡age ɟɔm oco.je ho.jo.a,The baby should be breastfed for up to 6 months.,,six month until child TOP mother milk-EMPH eat-CAUS-3SG.SUBJ become-FIN
output_layoutA (1).csv,3,inɘ t̪a.jɔm t̪͡o̯͡a ɟɔm sã͡o̯ sã͡o̯t̪ɛ eʈaʔ ɟɔmaʔhɔ̃ ema͡i̯ ho.jo.a,"After that, the baby should be given other food besides milk.",,after.that after milk eat with with-INS other food-also give become-FIN
output_layoutA (1).csv,4,gid̪ɾɘ d̪ɔ mit̪̚ʔsãot̪ɛ a͡i̯ma ɟɔm ema͡i̯ d̪ɔ baŋ boge.ja,It is not good to feed a baby many foods at once.,,child TOP one-with-INS many food give TOP NEG good-FIN
output_layoutA (1).csv,5,gid̪ɾɘ d̪ɔ aɽaʔ sakam sã͡o̯ ɟɔː ɾe.jaʔ ɾɔs hɔ̃ ɲu oco͡i̯ ho.jo.a,Children should be fed vegetables and fruit juices.,,child TOP vegetable leaf with fruit GEN.IN juice also drink-CAUS become-FIN
output_layoutA (1).csv,6,gid̪ɾɘ lagit̪̚ʔ ɟɘpit̪̚ʔ d̪ɔ ɘɖi ɟɘɾuɽanaʔ kange.ja,Sleep is very important for babies.,,child for sleep TOP very necessary COP-EMPH-FIN
output_layoutA (1).csv,7,noŋkat̪ɛ gid̪ɾɘ d̪ɔ boge aɾ mɔ̃ːɟɛ haɾa buɾuʔkana,In this way the baby stays healthy and grows well.,,DEM.MAN-INS child TOP good and well grow grow.up-PROG
output_layoutA (1).csv,8,mit̪̚ʔʈɛn gid̪ɾɘ d̪ɔ mit̪̚ʔ seɾma t̪alaɾɛ mɔ̃ɽɛ̃gɔʈɛn ʈikɘ ema͡i̯ ho.jo.a,A baby should be given 5 vaccinations within one year.,,one-CLF child TOP one year within-LOC five-CLF vaccine give become-FIN
output_layoutA (1).csv,9,ʈikɘ baŋ ema͡i̯kʰan gid̪ɾɘo̯͡aʔ a͡i̯ma lekan ɾu̯͡ɘ ho͡i̯ d̪aɽeo̯͡aʔa,Babies can catch many diseases if not vaccinated.,,vaccine NEG give-COND child-GEN.IN many kind disease happen able-GEN.IN-FIN
output_layoutA (1).csv,10,gid̪ɾɘ d̪ɔ ɔka ɔk̚t̪ɛ ɔka ʈikɘ ema͡i̯ ho.joʔa ona d̪ɔ ɖakt̪aɾge͡i̯ lɘː.ja,The doctor will say when which vaccine the baby needs.,,child TOP which time which vaccine give become-FIN DEM.DIST TOP doctor-EMPH say-FIN
output_layoutA (1).csv,11,soɾɾenaʔ haspat̪alɾege gid̪ɾɘ d̪ɔ ʈikɘ ema͡i̯ ho.jo.a,The baby can be vaccinated by going to a nearby hospital.,,near-GEN.IN hospital-LOC-EMPH child TOP vaccine give become-FIN
output_layoutA (1).csv,12,gʰaɾɔɟ,Family,,family
output_layoutA (1).csv,13,galmaɾa͡o̯,Discussion,,discussion
output_layoutA (1).csv,14,kuk̚li,Question,,question
output_layoutA (1).csv,15,ɾɔɽɾu̯͡ɘɽ,Answer,,answer
output_layoutA (1).csv,16,ɾaːn,Medicine,,medicine
output_layoutA (1).csv,17,kuk̚mu,Dream,,dream
output_layoutA (1).csv,18,ɟanam,Birth,,birth
output_layoutA (1).csv,19,guɟuʔ,Death,,death
output_layoutA (1).csv,20,bap̚la,Marriage,,marriage
output_layoutA (1).csv,21,kɘmi,Work,,work
output_layoutA (1).csv,22,sɔna,Gold,,gold
output_layoutA (1).csv,23,ɾupɘ,Silver,,silver
output_layoutA (1).csv,24,sapap̚ʔ,Ornaments,,ornament
output_layoutA (1).csv,25,bʰage,Good,,good
output_layoutA (1).csv,26,bɘɽiʲc̚ʔ,Evil,,bad
output_layoutA (1).csv,27,napa͡i̯,Beautiful,,beautiful
output_layoutA (1).csv,28,baŋ mɔ̃ɟ,Ugly,,NEG good
output_layoutA (1).csv,29,hamal,Heavy,,heavy
output_layoutA (1).csv,30,ɾa͡ɔ̯al,Light,,light
output_layoutA (1).csv,31,kɘʈiʲc̚ʔ,Small,,small
output_layoutA (1).csv,32,lɘʈu,Big,,big
output_layoutA (1).csv,33,bɛɾɛl,Raw,,raw
output_layoutA (1).csv,34,bele,Seasoned,,ripe
output_layoutA (1).csv,35,ɟɔɟɔ,Sour,,sour
output_layoutA (1).csv,36,ɟʰal,Spicy,,spicy
output_layoutA (1).csv,37,hɛɽɛm,Sweet,,sweet
output_layoutA (1).csv,38,ɟiu̯͡ɘt̪̚ʔ,Alive,,alive
output_layoutA (1).csv,39,gɔʲc̚ʔ,Dead,,dead
output_layoutA (1).csv,40,cɔʈ̚,High,,high
output_layoutA (1).csv,41,lat̪aɾ,Low,,low
output_layoutA (1).csv,42,lɘbit̪̚ʔ,Soft,,soft
output_layoutA (1).csv,43,lɔlɔ,Hot,,hot
output_layoutA (1).csv,44,lɔlɔ,Hot,,hot
output_layoutA (1).csv,45,kɛʈɛʲc̚ʔ,Tough,,tough
output_layoutA (1).csv,46,sapʰa,Clean,,clean
output_layoutA (1).csv,47,sɘɾi,Truth,,true
output_layoutA (1).csv,48,ɛɽɛ,Lie,,lie
output_layoutA (1).csv,49,et̪aŋ,Thin,,thin
output_layoutA (1).csv,50,mɔʈa,Thick,,thick
output_layoutA (1).csv,51,bap̚laiʲc̚ʔ,Married,,marriage-NMLZ
output_layoutA (1).csv,52,ɖɘŋu̯͡ɘ,Unmarried,,unmarried
output_layoutA (1).csv,53,nina d̪ɔ gɔgɔ baba sã͡o̯ sɔhɔɾɾɛ͡i̯ t̪ahɛ̃na,Nina lives in the city with her parents.,,Nina TOP mother father with city-LOC-3SG.SUBJ stay-FIN
output_layoutA (1).csv,54,mit̪̚ʔd̪in aʲc̚ʔ gɔɽɔm buɖi d̪ɔ uni ʈʰɛn miʔʈɛn ciʈʰi͡i̯ koːlked̪a,One day her grandmother sent a letter to her.,,one-day REFL elder old.woman TOP 3SG LOC.AN one-CLF letter-3SG.SUBJ send-PST.A-FIN
output_layoutA (1).csv,55,mɛnɛʔ nina d̪ɔ ɔna ciʈʰi ba͡i̯ paɽha͡o̯ d̪aɽe.jad̪a,But Nina could not read that letter.,,but Nina TOP DEM.DIST letter NEG-3SG.SUBJ read able-PST-FIN
output_layoutA (1).csv,56,ɛnt̪ɛʔ niɟeɾaʔ pɘɾsi baɖa͡i̯kanɾɛhɔ̃ ba͡i̯ paɽha͡o̯ d̪aɽe.jad̪a,"Because, although she can speak her own language, she cannot read.",,because self-GEN.IN language know-COP-LOC-also NEG-3SG.SUBJ read able-PST-FIN
output_layoutA (1).csv,57,unɾɛ nina apat̚ʔ d̪ɔ ɔna ciʈʰi paɽha͡o̯ kat̪ɛ manɛ͡i̯ buɟʰhɘ͡o̯ade.ja,Then Nina's father read the letter to her and explained the meaning.,,DEM.DIST-LOC Nina father TOP DEM.DIST letter read CONV meaning-3SG.SUBJ explain-3SG.OBJ-FIN
output_layoutA (1).csv,58,nina d̪ɔ ciʈʰiɾenaʔ ut̪̚t̪ɔɾ mɛnt̪ɛ kɔ.jekʈi cʰobi͡i̯ koːlad̪e.ja,Nina sent some pictures in reply to the letter.,,Nina TOP letter-GEN.IN answer QUOT some-CLF picture-3SG.SUBJ send-3SG.OBJ-FIN
output_layoutA (1).csv,59,inɘ t̪ʰɔɽa d̪in bad̪ɾɛ gɔɽɔm buɖi ʈʰɛn kʰɔn aɾhɔ mit̪̚ʔʈɛn ciʈʰi͡i̯ ɲamked̪a,A few days later she received another letter from her grandmother.,,after.that few day after-LOC elder old.woman LOC.AN ABL another one-CLF letter-3SG.SUBJ get-PST.A-FIN
output_layoutA (1).csv,60,ɔna ciʈʰiɾɛ gɔɽɔm buɖidɔ͡i̯ ɔlked̪a ɔna cʰobiko ɲam kat̪ɛ uni d̪ɔ ɘɖiaʈɛ kusilena,"In that letter, the grandmother wrote that she was very happy to receive Nina's pictures.",,DEM.DIST letter-LOC elder old.woman-TOP-3SG.SUBJ write-PST.A-FIN DEM.DIST picture-PL get CONV 3SG TOP very-INS happy-PST.M-FIN
output_layoutA (1).csv,61,nina ɔna ciʈʰi ba͡i̯ paɽha͡o̯ d̪aɽe.jaʔt̪ɛ mɔnɛ bɘɽiʲc̚ʔked̪a aɾ kɔsʈɔ͡i̯ ɘ͡i̯kɘ͡o̯ked̪a,But Nina could not read her letter — she felt upset to know that.,,Nina DEM.DIST letter NEG-3SG.SUBJ read able-NMLZ-INS mind-LOC bad-PST.A-FIN and pain-3SG.SUBJ feel-PST.A-FIN
output_layoutA (1).csv,62,nina nit̪̚ʔ pɘɾsit̪ɛ ɔlɔʔpaɽhaʔɛ ɛhɔp̚ʔked̪a ɟɛmɔn aʲc̚ʔ gɔɽɔm buɖi ciʈʰi͡i̯ ɔl d̪aɽeo̯͡ai̯,Nina then began studying her native language so that she could write letters to her grandmother.,,Nina own language-INS study-3SG.SUBJ begin-PST.A-FIN so.that REFL elder old.woman letter-3SG.SUBJ write able-FIN-3SG.SUBJ
output_layoutA (1).csv,63,ni̯͡ɘ,This,,DEM.PROX
output_layoutA (1).csv,64,hana,That,,DEM.DIST
output_layoutA (1).csv,65,nɔnɖɛ,Here,,here
output_layoutA (1).csv,66,hanɖɛ,There,,there
output_layoutA (1).csv,67,ɟãha͡i̯,Someone,,INDEF-3SG
output_layoutA (1).csv,68,nase.jaʔ,Something,,something
output_layoutA (1).csv,69,ɔkaɾɛhõ,Somewhere,,where-LOC-also
output_layoutA (1).csv,70,cɛt̪̚ʔhɔ̃,Any,,what-also
output_layoutA (1).csv,71,aʲc̚ʔ,Own,,REFL
output_layoutA (1).csv,72,sanam,All/Every,,all
output_layoutA (1).csv,73,sanam,Everyone,,all
output_layoutA (1).csv,74,sanamko̯͡aʔ,Everyone's,,all-PL-GEN.IN
output_layoutA (1).csv,75,aʲc̚ʔ aʲc̚ʔ t̪ɛ,By Himself/Herself,,REFL REFL-INS
output_layoutA (1).csv,76,ɛʈaʔ,Other/Another,,other
output_layoutA (1).csv,77,ɟud̪ɘ,Different,,different
output_layoutA (1).csv,78,ɔɽaʔ,Home,,house
output_layoutA (1).csv,79,sɘɽim,Shed,,shed
output_layoutA (1).csv,80,kʰunʈi,Pole,,pole
output_layoutA (1).csv,81,d̪u̯͡ɘɾ,The Door,,door
output_layoutA (1).csv,82,ʈɘʈi,The Fence,,fence
output_layoutA (1).csv,83,bʰit̪,The Wall,,wall
output_layoutA (1).csv,84,siɽhi,The Stairs,,stairs
output_layoutA (1).csv,85,ɾaca,The Yard,,yard
output_layoutA (1).csv,86,gɔɽa,Slaughterhouse,,cattle.shed
output_layoutA (1).csv,87,t̪ʰɘɾi,Plate,,plate
output_layoutA (1).csv,88,t̪ʰɘɾi,Dish,,plate
output_layoutA (1).csv,89,kanɖa,Pitcher,,pitcher
output_layoutA (1).csv,90,kɘ͡i̯d̪ɘ,Kitchen Knife,,knife
output_layoutA (1).csv,91,binʈʰi,Kitchen Knife,,knife
output_layoutA (1).csv,92,ɖʰɘkniʲc̚ʔ,Lid,,lid
output_layoutA (1).csv,93,ɟʰɘli,Net,,net
output_layoutA (1).csv,94,culhɘ,Stove,,stove
output_layoutA (1).csv,95,pɘchɘ͡o̯ɽi,Sheet,,sheet
output_layoutA (1).csv,96,pɘʈi.jɘ,Rug,,rug
output_layoutA (1).csv,97,ganɖo,Sitting Tool,,stool
output_layoutA (1).csv,98,mɘci,Sitting Tool,,stool
output_layoutA (1).csv,99,mɘci,Sitting Tool,,stool
output_layoutA (1).csv,100,ɟɔnɔʔ,The Broom,,broom
output_layoutA (1).csv,101,ʈukuʲc̚ʔ,Cooking Pot,,pot
output_layoutA (1).csv,102,celaŋ,Cooking Pot,,pot
output_layoutA (1).csv,103,ɘɾsi,The Mirror,,mirror
output_layoutA (1).csv,104,nɘkiʲc̚ʔ,The Comb,,comb
output_layoutA (1).csv,105,kulup̚,The Lock,,lock
output_layoutA (1).csv,106,cʰɔɽan,The Key,,key
output_layoutA (1).csv,107,kʰɘc̚lɘʔ,The Basket,,basket
output_layoutA (1).csv,108,kɘʈiʲc̚ʔ ɔk̚t̪ɛ alɛ ɔɽaʔ samaŋɾɛ miʔʈɛn bagan t̪ahɛ̃kana,There was a garden in front of our house in childhood.,,small time 1PL.EXCL house front-LOC one-CLF garden be-PROG
output_layoutA (1).csv,109,ɔna baganɾɛ a͡i̯malɛkan baha aɾ ɟɔː d̪aɾe t̪ahɛ̃kana,There were different kinds of flowers and fruit trees in that garden.,,DEM.DIST garden-LOC many-kind flower and fruit tree be-PROG
output_layoutA (1).csv,110,bagan ɾe.jaʔ mit̪̚ʔaɽeɾɛ aɽaʔsakam hɔ̃ t̪ahɛ̃kana,There was also a vegetable field on one side of the garden.,,garden GEN.IN one-side-LOC vegetable also be-PROG
output_layoutA (1).csv,111,cʰuʈi d̪inɾɛ iɲ aɾ misɾaɲd̪ɔ ɔna baganɾɛliɲ kɘmi.jɛt̚ʔ t̪ahɛ̃kana,My sister and I used to work in that garden on holidays.,,holiday day-LOC 1SG and sister-1SG-TOP DEM.DIST garden-LOC-1PL.EXCL.SUBJ work-INCMPL be-PROG
output_layoutA (1).csv,112,ɛʈaʔ d̪aɾeko t̪ut̪̚ʔgiɖikat̪ɛ ɟɔt̪ɔ daɾeɾɛ d̪aʔliɲ d̪ulɛt̪̚ʔt̪ahɛ̃kana,We used to water all the plants and clean the weeds.,,other tree-PL weed CONV all tree-LOC water-1PL.EXCL.SUBJ pour-INCMPL be-PROG
output_layoutA (1).csv,113,ɔk̚t̪ɛ ɔk̚t̪ɛ saɾ lɛkat̪ɛ guɾiʲc̚ʔ aɾ t̪ɔɾɔʲc̚ʔliɲ laga͡ɔ̯ɛt̪̚ʔt̪ahɛ̃kana,Sometimes we used cow dung and ash as fertilizers.,,time time fertilizer like dung and ash-1PL.EXCL.SUBJ apply-INCMPL be-PROG
output_layoutA (1).csv,114,d̪aɾeɾɛ ɟɔ aɾ baha ɲɛlɔʔɾɛ ɘɖi ɾɘskɘliɲ buɟʰhɘo͡ɛ̯t̪̚ʔt̪ahɛ̃kana,We felt great when the trees blossomed and bore fruit.,,tree-LOC fruit and flower see-NMLZ-LOC very joy-1PL.EXCL.SUBJ feel-INCMPL be-PROG
output_layoutA (1).csv,115,ɟahã ɟɔ ɖheɾ sap̚ʔlɛnkʰan ɔna d̯ɔ baɟaɾɾɛlɛ ɘkʰɾiɲɛt̪̚ʔ t̪ahɛ̃kana,"If any fruits were great in number, they were sold in the market.",,INDEF fruit much catch-PST.M-COND DEM.DIST TOP market-LOC-1PL.EXCL.SUBJ sell-INCMPL be-PROG
output_layoutA (1).csv,116,mit̪̚ʔd̪in kɘmi ɔk̚t̪ɛɾɛ mit̪̚ʔʈɛn t̪eɟud̪ɔ t̪i.jɛː gɛɾkɛt̪̚ʔt̪iɲa,"One day while working in the garden, an insect bit my hand.",,one-day work time-LOC one-CLF insect-TOP hand-LOC bite-PST.A-1SG.OBJ-FIN
output_layoutA (1).csv,117,unɾɛ t̪i d̪ɔ pʰulɘo͡ɛ̯na aɾ hasolid̪iɲa,My hand was swollen at that time and it was painful.,,DEM.DIST-LOC hand TOP swell-EP-PST.M-FIN and pain-PST-1SG.OBJ-FIN
output_layoutA (1).csv,118,ɾan laga͡o̯ t̪a.jɔm t̪i d̪ɔ boge.jɛn t̪iɲa,"After applying the medicine, my hand got better.",,medicine apply after hand TOP good-PST.M-1SG.OBJ-FIN
output_layoutA (1).csv,119,land̪a,Smile,,smile
output_layoutA (1).csv,120,ɾaʔ,Cry,,cry
output_layoutA (1).csv,121,ɾɘskɘ,Joy,,joy
output_layoutA (1).csv,122,ɾaŋga͡o̯,Anger,,anger
output_layoutA (1).csv,123,bɔt̪ɔɾ,Fear,,fear
output_layoutA (1).csv,124,hud̪is,Thinking,,thought
output_layoutA (1).csv,125,himmɘt̪,Courage,,courage
output_layoutA (1).csv,126,d̪a.ja,Kindness,,kindness
output_layoutA (1).csv,127,d̪ulɘɽ,Love,,love
output_layoutA (1).csv,128,d̪ulɘɽ,Adore,,love
output_layoutA (1).csv,129,hiɾkʰɘ,Hatred,,hatred
output_layoutA (1).csv,130,culhɘ ɔɽaʔ,Kitchen,,stove house
output_layoutA (1).csv,131,d̪aka,Rice,,rice
output_layoutA (1).csv,132,d̪ɘl,Lentil,,lentil
output_layoutA (1).csv,133,bele,Egg,,egg
output_layoutA (1).csv,134,ut̪u,Curry,,curry
output_layoutA (1).csv,135,baske.jaʔ,Breakfast,,morning.meal
output_layoutA (1).csv,136,maɲɟan,Lunch,,noon.meal
output_layoutA (1).csv,137,ked̪oʔ,Dinner,,evening.meal
output_layoutA (1).csv,138,kʰɘɟɘɽi,Puffed rice,,puffed.rice
output_layoutA (1).csv,139,t̪abɛn,Flattened rice,,flattened.rice
output_layoutA (1).csv,140,guɽ,Jaggery,,jaggery
output_layoutA (1).csv,141,buluŋ,Salt,,salt
output_layoutA (1).csv,142,ɟel,Meat,,meat
output_layoutA (1).csv,143,sim ɟel,Chicken,,chicken meat
output_layoutA (1).csv,144,ɖaŋɾa ɟel,Beef,,ox meat
output_layoutA (1).csv,145,mɛɾɔm ɟel,Mutton,,goat meat
output_layoutA (1).csv,146,sukɾi ɟel,Pork,,pig meat
output_layoutA (1).csv,1,gɔː huɖiɲ bɔ͡i̯ha d̪ɔ t̪eheɲ pɘhil d̪ʰa͡o̯ iskulɛ calaʔa,"Mother, younger brother will go to school for the first time today.",,VOC younger.sibling-1SG.POSS today TOP this.time first day school-LOC go-NFIN-FIN
output_layoutA (1).csv,2,uni d̪ɔ iskul calaʔɛ bɔt̪ɔɾɔʔ kana,He is afraid to go to school.,,3SG.AN TOP school go-NFIN-INF afraid-NFIN COP.PROG-FIN
output_layoutA (1).csv,3,nit̪̚ cɛʔiɲ ceka ja gɔː,"What shall I do now, Mother?",,now what-NFIN-1SG.SUBJ do-FIN Q VOC
output_layoutA (1).csv,4,uni sã͡ɔ̯t̪ɛ am d̪ɔ iskulɛ m cala͡o̯lɛnkʰange ho jo a,It will be fine if you go to school with him.,,3SG.AN with 2SG TOP school-LOC 2SG.SUBJ go-CAUS-COND-EMPH be.good-RESLT-FIN
output_layoutA (1).csv,5,uni sã͡o̯ɾɛ m t̪ahɛ̃lɛnkʰan ba͡i̯ bɔt̪ɔɾɔ a,"If you stay with him, he will not be afraid.",,3SG.AN with-LOC 2SG.SUBJ stay-CAUS-COND NEG-3SG.SUBJ afraid-FIN
output_layoutA (1).csv,6,iɲ d̪ɔ ɔbɔs ge uni sã͡o̯t̪ɛ ɲ cala a,I will certainly go with him.,,1SG TOP certainly EMPH 3SG.AN with 1SG.SUBJ go-FIN
output_layoutA (1).csv,7,uni d̪ɔ klasɾɛ eɛs kaɾge͡i̯ t̪ahɛ̃na unɾɛ͡i̯ bɔt̪ɔɾ d̪aɽe jaʔa,He will be alone in the class; then he might get scared.,,3SG.AN TOP class-LOC alone-EMPH-3SG.SUBJ stay-EVID.FIN 3SG.AN-LOC-3SG.SUBJ afraid can-MOD-NFIN-FIN
output_layoutA (1).csv,8,bɔt̪ɔɾɔʔ ɾenaʔ cɛt̪̚ʔ hɔ̃ bɘnu a,There is nothing to be afraid of.,,afraid-NFIN GEN nothing even NEG.EXIST-FIN
output_layoutA (1).csv,9,nit̪̚ d̪ɔ uni ɔlɔʔ paɽhaʔ bɔd̪ɔlt̪ɛ gate ʔge ɟɘst̪i͡i̯ kusi a,Now he will play more than study.,,now TOP 3SG.AN study study-NFIN instead.of-ABL play-NFIN-EMPH more-3SG.SUBJ happy-FIN
output_layoutA (1).csv,10,ac̚ka ac̚ka paɽhaʔ bɔd̪ɔlt̪ɛ no̯͡a kɘmi ge boge ja,This is better than studying suddenly.,,suddenly suddenly study-NFIN instead.of-ABL PROX.DEM manner-EMPH good-MOD.FIN
output_layoutA (1).csv,11,mɛnɛʔ uni d̪ɔ a͡i̯ma ge͡i̯ d̪aɽe jaʔa,He can do many things though.,,although 3SG.AN TOP many-EMPH-3SG.SUBJ can-MOD-NFIN-FIN
output_layoutA (1).csv,12,uni d̪ɔ haɾɔp̚ko bɔɾnɔmalako lɛkʰa cand̪o aɾ d̪in ɾe jaʔ ɲit̪umɛ ɾɔɽ d̪aɽe o̯͡aʔa,"He knows the letters and alphabets, can count, and can name the months and days.",,3SG.AN TOP letter-PL alphabet-PL count month and day GEN name-OBJ say can-3SG.OBJ-NFIN-FIN
output_layoutA (1).csv,13,cɛt̪̚ʔ uni d̪ɔ a jaʔ ɔɽaʔ ɾenaʔ ʈʰikana͡i̯ lɘ͡͡i̯ d̪aɽe jaʔa,But can he state his home address?,,but 3SG.AN TOP 3SG.AN-GEN house GEN address-3SG.SUBJ say-3SG.SUBJ can-NFIN-FIN
output_layoutA (1).csv,14,hud̪i sid̪ɘɲ uni d̪ɔ no̯͡a nit̪̚ hɔ̃ ba͡i̯ lɘ͡i̯ d̪aɽe jaʔa,I think he still cannot do this.,,think seem-1SG.SUBJ 3SG.AN TOP PROX.DEM now still NEG-3SG.SUBJ say-3SG.SUBJ can-NFIN-FIN
output_layoutA (1).csv,15,no̯͡a d̪ɔ ced̪aʔ baɖa͡i̯ ɟɘɾuɽ ta ja,Why does he need to know these?,,PROX.DEM TOP why know-3SG.SUBJ need-NMLZ-MOD.FIN
output_layoutA (1).csv,16,ɟɔt̪ɔ gid̪ɾɘo̯͡aʔ ge no̯͡ako baɖa͡i̯ d̪ɔ ɟɘɾuɽ ge ja,All children need to know these things.,,all child-3PL-EMPH PROX.DEM-PL know-3SG.SUBJ TOP need-EMPH-MOD.FIN
output_layoutA (1).csv,17,ɟãhã͡i̯ko kuli̯͡ɛɾɛ ɟɛmɔnɛ lɘ͡i̯ d̪aɽe jaʔ,So that they can answer if someone asks.,,whoever-3SG-PL ask-LOC so.that say-3SG.SUBJ can-NFIN
output_layoutA (1).csv,18,ɔna cʰaɖa no̯͡a baɖa͡i̯ t̪ahɛn kʰan ba͡i̯ ad̪ɔʔa,"Besides, if he knows these, he will not get lost.",,DIST.DEM apart.from PROX.DEM know-3SG.SUBJ stay-COND NEG-3SG.SUBJ get.lost-NFIN-FIN
output_layoutA (1).csv,19,am d̪ɔ ʈʰik ge m mɛne d̪a gɔ,"You are right, Mother.",,2SG TOP right-EMPH 2SG.SUBJ say-PST.FIN VOC
output_layoutA (1).csv,20,uni lɘgit̪̚ʔ cɛt̪̚ʔ cɛt̪̚ʔ ko kiɾiɲ ɟɘɾuɽa,What things need to be bought for him?,,3SG.AN for what what-PL buy-1SG.SUBJ need-FIN
output_layoutA (1).csv,21,iskul bɛg kagɔc̚ pensil iɾeɟaɾ saɾp̚naɾ no̯͡ako kiɾiɲ ɟɘɾuɽa,"Need to buy a school bag, paper, pencil, eraser, and sharpener.",,school bag paper pencil eraser sharpener PROX.DEM-PL buy-1SG.SUBJ need-FIN
output_layoutA (1).csv,22,ac̚cʰa uni ni jɘ ge d̪okani ɲ calaʔ kana,"Alright, I am taking him to the shop now.",,alright 3SG.AN take-TR-EMPH shop-1SG.OBJ go-NFIN-COP.PROG-FIN
output_layoutA (1).csv,23,uni d̪ɔ aʲcʔ kusiʔ lekan ɟinis ko kiɾiɲ lekʰan boge ho jo a,It would be better if he buys the things he likes himself.,,3SG.AN TOP self like-NFIN-REL thing-PL buy-1SG.OBJ-REL good-be-RESLT-FIN
output_layoutA (1).csv,24,hɛ̃ gapa d̪ɔ uni ni͡ɘ̯ iskul ɛ m cala a,"Yes, tomorrow you will take him to school.",,yes tomorrow TOP 3SG.AN take-TR school-LOC 2SG.SUBJ go-FIN
output_layoutA (1).csv,1,hɔɽmɔ-ɾɛ gid̪ɾɘ hɛʲc̚ʔ t̪a.jɔm t̪a.jɔm-ge gɔgɔ hɔɽ-aʔ ɖak̚t̪aɾ-ʈʰɛʲc̚ʔ cala-ʔ ɟɘɾuɽ-a,A pregnant woman (mother) should visit a doctor immediately right after conception.,,body-LOC child come after after-EMPH mother person-GEN doctor-LOC go-IPFV need-FIN
output_layoutA (1).csv,2,nɔŋkan ɔkt̪ɛ-ɾɛ kɘʈiʲc̚ʔ lɘʈu ɟãhalɛkan ɾu̯͡ɘ-ge baŋ pɔsɽa͡o̯ ho.jo.a,Any minor ailment should not be neglected during this time.,,such time-LOC small minor any disease-EMPH NEG neglect become-FIN
output_layoutA (1).csv,3,no̯͡a ɔkt̪ɛ-ɾɛ ganɔʔ baŋ ganɔʔ kɘmi-ko d̪ɔ ɖak̚t̪aɾ ʈʰɛn kʰɔn baɖa͡i̯-ɟɔŋ ho.jo.a,It is better to know from the doctor what needs to be done at this time.,,this time-LOC what NEG what work-3PL TOP doctor LOC ABL know-1SG become-FIN
output_layoutA (1).csv,4,ɔna ɔkt̪ɛ cɛt̪̚ʔ cɛt̪̚ʔ ɟɔm lɛkʰan gid̪ɾɘ aɾ gɔgɔ hɔɽ-aʔ bo-ge ho.jo.a ɔna-hɔ̃ ɲɛl ho.jo.a,"In this time, attention should be paid to what kind of food one gives the mother to eat so that both the baby and the mother will be well.",,that time what what eat COND child and mother person-GEN good-EMPH become-FIN that-also see become-FIN
output_layoutA (1).csv,5,ɟahan hamal kɘmi kɘmi͡i̯ d̪ɔ pɛɾɛʲc̚ʔ hɔɽmɔ gɔgɔ hɔɽ-aʔ baŋ ganɔ.a,A pregnant mother should not do any heavy work.,,any heavy work work-NMLZ TOP pregnant body mother person-GEN NEG do-FIN
output_layoutA (1).csv,6,hamal hɔɽmɔ gɔgɔ-hɔɽ d̪ɔ bʰa-ge bʰa-ge ɟɔm ɲu em-a-ko ho.jo.a,A pregnant mother should always be given nutritious/good food.,,pregnant body mother-person TOP good-EMPH good-EMPH eat drink give-FIN-3PL become-FIN
output_layoutA (1).csv,7,no̯͡a ɔk̚t̪ɛ bɛgɔɾ ɟɔm-t̪ɛ baŋ t̪ãhɛn ho.jo.a,During this time fasting is not permitted.,,this time without eat-CVB NEG stay become-FIN
output_layoutA (1).csv,8,gɔgɔ hɔɽ-aʔ hɔɽmɔ ɟɛnɔ ɘɖi ɟɘst̪i baŋ hamal-ɔʔ-t̪a͡i̯ ɔnt̪ɛ-hɔ̃ ɲɛl ho.j-a,We have to be careful so that the mother's body does not become too heavy.,,mother person-GEN body so.that very much NEG heavy-IPFV-3SG that-also see become-FIN
output_layoutA (1).csv,9,hɔɽmɔ ɘɖi ɟɘst̪i hamal lɛn-kʰan uni gɔgɔ hɔɽ-aʔ a͡i̯malɛkan ɾu̯͡ɘ haso ho͡i̯ d̪aɽe.j-aʔa,"If the pregnant woman's body becomes too heavy, various diseases can attack.",,body very much heavy become-COND 3SG.DEF mother person-GEN various disease pain become can-FIN
output_layoutA (1).csv,10,ɟohaɾ ɖak̚t̪aɾ-ɛm mɛn-ɛd̪-a,"Nipa: Hello, (Greetings)! Is the Doctor speaking?",,greetings doctor-2SG say-PROG-FIN
output_layoutA (1).csv,11,hɛɲ mɛn-ɛd̪-a,"Doctor: Yes, I am speaking.",,yes say-PROG-FIN
output_layoutA (1).csv,12,iɲ-ɾɛn kɔɽa gid̪ɾɘ-ɔ̯͡aʔ huʈgɘ-ɾi-t̪ɛ mand̪a aɾ ciɖiɾ ɛhɔb̚ʔ-akan-t̪a.j-a,Nipa: My son got attacked by a sudden cold and diarrhoea.,,1SG-GEN boy child-GEN sudden-NMLZ-CVB cold and diarrhoea start-PRF-3SG-FIN
output_layoutA (1).csv,13,am-ɾɛn gid̪ɾɘ-ɔ̯͡aʔ t̪inɘʔ umɘɾ,Doctor: How old is your child?,,2SG-GEN child-GEN how.much age
output_layoutA (1).csv,14,uni.j-aʔ umɘɾ gɛl cand̪o,Nipa: He is 10 months old.,,3SG-GEN age ten month
output_layoutA (1).csv,15,uni.j-aʔ hɔɽmɔ-ɾɛ cɛt̪̚ʔ ɾu̯͡ɘ mɛn-a-a,Doctor: Does he have a fever?,,3SG-GEN body-LOC what fever exist-FIN-Q
output_layoutA (1).csv,16,hɔɽmɔ-ɾɛ ɾu̯͡ɘ bɘnu-a t̪ɔbɛ hɔɽmɔ t̪ʰɔɽa lɔlɔ-ge mɛn-a-a,"Nipa: Not a fever, but his body is slightly warm.",,body-LOC fever NEG-FIN but body little warm-EMPH exist-FIN-FIN
output_layoutA (1).csv,17,gid̪ɾɘ-ɔ̯͡aʔ ni̯͡ɘ halɔt̪̚ʔ t̪inɘʔ-din-kʰɔn,Doctor: How long has this condition been for the child?,,child-GEN this condition how.much-day-ABL
output_layoutA (1).csv,18,hɔla ɲind̪ɘ-kʰɔn ni̯͡ɘ halɔt̪̚ʔ ɛhɔp̚ʔ-akan-t̪a.j-a,Nipa: This situation started from last night.,,yesterday night-ABL this condition start-PRF-3SG-FIN
output_layoutA (1).csv,19,sɛt̪aʔ-kʰɔn uni t̪inɘʔ-d̪ʰa͡o̯-ɛ ʈɘnɖi.j-akad̪-a,Doctor: How many times has he defecated since morning?,,morning-ABL 3SG.DEF how.much-time-3SG defecate-PRF-FIN
output_layoutA (1).csv,20,sɛt̪aʔ-kʰɔn uniː mɔ̃ɽɛ-d̪ʰa͡o̯-ɛ ʈɘnɖi.j-akad̪-a,Nipa: He has defecated 5 times since morning.,,morning-ABL 3SG.DEF five-time-3SG defecate-PRF-FIN
output_layoutA (1).csv,21,ʈɘnɖi-t̪ɛt̪̚ʔ-d̪ɔ cɛt̪̚ʔ lɛhɛɾ-ge.j-a sɛ kɛʈɛʲc̚ʔ-ge.j-a,Doctor: Is the stool thin or thick?,,stool-NMLZ-TOP what thin-EMPH-FIN or thick-EMPH-FIN
output_layoutA (1).csv,22,ɘɖi ɟɘst̪i-d̪ɔː baŋ lɛhɛɾ-a,Nipa: Not too thin.,,very much-TOP NEG thin-FIN
output_layoutA (1).csv,23,sɛla.jin ɲu ŭcu.j-ɛm,Doctor: Give him saline to drink.,,saline drink CAUS-2SG.IMP
output_layoutA (1).csv,24,ɖab ɾe.j-aʔ d̪aʔ hɔ̃-m ɲu oco d̪aɽe-o̯͡a.j-a,Doctor: You can also give him coconut water to drink.,,coconut LOC-GEN water also-2SG drink CAUS can-FIN-FIN
output_layoutA (1).csv,25,aɾ ɾu̯͡ɘ t̪ahɛn-kʰan ni.jɘ ɾaːn-ɛm ɟɔm-ŏco͡i̯-a,"Doctor: And, if he has a fever, give him [this] medicine.",,and fever stay-COND this medicine-2SG eat-CAUS.2SG.IMP-FIN
output_layoutA (1).csv,26,ɾan aɾ kɔɽam ɾe.j-aʔ t̪o̯͡a baɾhɛ cɛt̪̚ʔ gid̪ɾɘ d̪ɔ ɟɘ͡o̯ d̪aka-ɲ ɟɔm oco d̪aɽe-ɔ̯͡a.j-a,Nipa: Should I feed the baby rice porridge in addition to the medicine and breast milk?,,medicine and breast LOC-GEN milk besides what child TOP porridge rice-1SG eat CAUS can-FIN-Q
output_layoutA (1).csv,27,ɟɘɾuɽ bɘnu-a,Doctor: No need to do that.,,need NEG-FIN
output_layoutA (1).csv,28,am-d̪ɔ ai̯͡ma saɾha͡o̯ ɟohaɾ,"Nipa: Thank you, (Greetings).",,2SG-TOP much thanks greetings
output_layoutA (1).csv,29,alɛ ɔɽaʔ aɽe-ɾɛ mit̪̚ʔʈɛʲc̚ʔ lɘʈu-gi mãt̪̚ʔ t̪ʰɔp̚ʔ men-a-a,There is a big bamboo forest next to our house.,,1PL.EX house side-LOC one-CLF big-EMPH bamboo cluster exist-FIN-FIN
output_layoutA (1).csv,30,ɔnɖɛ d̪ɔ baɖa͡i̯ baŋ baɖa͡i̯ nanahunɘɾ cɛ̃ɽɛ̃-ko ta̪hɛ̃-n-a,Many types of known and unknown birds live there.,,there TOP know NEG know various bird-3PL stay-3PL-FIN
output_layoutA (1).csv,31,d̪inɘm-hilɘʔ sɛt̪aʔ-ɾɛ cɛ̃ɽɛ̃-ko-ɔ̯͡aʔ cɛɾɔ-bɛɾɔ aɲɟɔm-t̪ɛ alɛ d̪ɔ-lɛ ɛbʰɛn-ɔʔ-a,Every morning we wake up to the chirping of those birds.,,everyday morning-LOC bird-3PL-GEN chirp-RDP hear-CVB 1PL.EX TOP-1PL.EX wake-IPFV-FIN
output_layoutA (1).csv,32,cɛ̃ɽɛ̃-ko-ɔ̯͡aʔ cɛɾɔ-bɛɾɔ aɲɟɔm-t̪ɛ ale.j-aʔ mɔn d̪ɔ ɾɘs-kɛ-t̪ɛ pɛɾɛɟ-ɔʔ-a,Hearing the birds' chirping makes you feel better.,,bird-3PL-GEN chirp-RDP hear-CVB 1PL.EX-GEN heart TOP joy-PST-CVB fill-IPFV-FIN
output_layoutA (1).csv,33,oŋko mut̪̚ʔ-ɾɛ kɘʈiʲc̚ʔ ut̪ɘɾiʔ cɛ̃ɽɛ̃.j-aʔ ɲut̪um d̪ɔ pʰecaʔ,The Warbler is the tiniest bird among all the birds.,,3PL all-LOC small tiny bird-GEN name TOP warbler
output_layoutA (1).csv,34,noko d̪ɔ ba-ko d̪uɽup̚ʔ t̪ʰiɾ-u-a mit̪̚ʔ ɖɘɾ kʰɔn eʈaʔ ɖɘɾ-ko uɖɘ͡o̯ baɽa-j-a,"They do not sit in one place, but fly from one branch to another branch of trees.",,DEM.PROX TOP NEG-3PL sit stable-VBLZ-FIN one branch ABL other branch-3PL fly wander-FIN-FIN
output_layoutA (1).csv,35,ɲɛl-kat̪ɛ-m mɛn-ke̯͡a ɛnɛɟ-ɔʔ-t̪i-gi men-aʔ-ko̯͡a,They seem to be always dancing.,,see-CVB-2SG say-3SG dance-IPFV-PROG-EMPH exist-FIN-3PL
output_layoutA (1).csv,36,onko kʰɔn lɘʈu macʰi cɛ̃ɽɛ̃.j-aʔ ɲut̪m d̪ɔ gʰa͡o̯ɽa,A little bigger bird than them is called the Sparrow.,,3PL ABL big slightly bird-GEN name TOP sparrow
output_layoutA (1).csv,37,uŋko-hɔ̃ pʰecaʔ cɛ̃ɽɛ̃-leka hana ɖɘɾ nʰao̯͡a ɖɘɾ-ku uɖɘ͡o̯ baɽa-j-a,They also fly from branches to branches like the Warbler.,,3PL-also warbler bird-like that branch this branch-3PL fly wander-FIN-FIN
output_layoutA (1).csv,38,aɾ mit̪̚ʔ-lɛkan kɘʈiʲc̚ʔ cɛ̃ɽɛ̃-ɔ̯͡aʔ ɲut̪um d̪ɔ hojoʔkana hisi cɛ̃ɽɛ̃,Another type of small bird is called the Weaver.,,and one-kind small bird-GEN name TOP be-PROG weaver bird
output_layoutA (1).csv,39,oŋko d̪ɔ d̪aɾɛ ɖɘɾ-ɾɛ ɘɖi mɔ̃ɟ mɔ̃ɟ t̪ukɘ-ku bɛna-ɔ̯͡a,They can make very beautiful nests in the tree branches.,,3PL TOP tree branch-LOC very beautiful beautiful nest-3PL make-FIN
output_layoutA (1).csv,40,aɾ uŋko kʰɔn t̪ʰɔɽa lɘʈu cɛ̃ɽɛ̃.j-aʔ ɲut̪um d̪ɔ hojoʔ-kana ʈiʔʈɔɽɔ̃ʔ,A little bigger bird than them is the Nightingale.,,and 3PL ABL little big bird-GEN name TOP be-PROG nightingale
output_layoutA (1).csv,41,nɔŋkan cɛ̃ɽɛ̃ ɘɖi mɔ̃ɟ cɛɾɔ-bɛɾɔ-ko seɾeɲ-a,This bird can sing very well.,,such bird very good chirp-RDP-3PL sing-FIN
output_layoutA (1).csv,42,ɔka d̪ɔ gid̪ɾɛ-ko cɛ̃ɽɛ̃ t̪ukɘ-ku ɾɘpud̪-a aɾ uŋko-ɾɛn hɔpɔn-ko t̪i.jɘʔ-ko̯͡a,Many times children break the nests of the birds and steal their babies.,,where TOP child-3PL bird nest-3PL break-FIN and 3PL-GEN child-3PL steal-3PL
output_layoutA (1).csv,43,onat̪ɛ cɛ̃ɽɛ̃-ku d̪ɔ ɘɖi d̪uk̚-ku ɲaːm-a,The birds suffer a lot because of this.,,therefore bird-3PL TOP very pain-3PL get-FIN
output_layoutA (1).csv,44,cɛ̃ɽɛ̃-ko-ɔ̯͡aʔ bɘɽiʲc̚ʔ hojoʔ noŋkan kɘmi kɘmi͡i̯ d̪ɔ baŋ leːka,Birds should not be harmed/ not good to harm the birds.,,bird-3PL-GEN harm be such work work-NMLZ TOP NEG good
output_layoutA (1).csv,45,bɔ͡i̯ha iɲ mɔ̃ɽɛ kiɟi ca͡o̯le laga͡o̯-ɘ-ɲ-ɘ,"Buyer: Brother, I need 5 KGs of rice.",,brother 1SG five kg rice need-FIN-1SG-FIN
output_layoutA (1).csv,46,t̪iki ca͡o̯le sɛ ad̪o̯͡a ca͡o̯le-m hat̪a͡o̯-a,Vendor: Will you take parboiled rice or sunned rice?,,parboiled rice or sunned rice-2SG take-FIN
output_layoutA (1).csv,47,ad̪o͡a̯ ca͡o̯le ɾe.j-aʔ d̪am t̪inɘʔ,Buyer: How much is the price of sunned rice?,,sunned rice LOC-GEN price how.much
output_layoutA (1).csv,48,kiɟi-ɾɛ iɾɘl gɛl kɘ͡o̯ɖi,Vendor: BDT 80 per KG.,,kg-LOC eight ten taka
output_layoutA (1).csv,49,unɘʔ d̪am ɖʰeɾ-ăkana,Buyer: The price has increased so much!,,such price grow-PRF
output_layoutA (1).csv,50,baɟaɾ ɾɛ ɲit̪̚ʔ sanamaʔ ɾe.j-aʔ d̪am-ge ɖʰeɾ-ăkana,Vendor: Everything in the market has gone up in price now.,,market LOC now everything LOC-GEN price-EMPH grow-PRF
output_layoutA (1).csv,51,ni͡ɘ-d̪ʰa͡o̯ hɔi̯͡d̪aʔ-t̪ɛ a͡i̯ma hoɽo kʰot̪i.j-akana,Vendor: A lot of paddy has been damaged in the storm this year.,,this-time storm-CVB much paddy damage-PRF
output_layoutA (1).csv,52,ɔnat̪ɛ baɟaɾ-ɾɛ ca͡o̯le t̪ʰɔɽa-ge.j-a,Vendor: So there is a rice crisis in the market.,,therefore market-LOC rice little-EMPH-FIN
output_layoutA (1).csv,53,iɲ-d̪ɔ mɔ̃ɽɛ kiɟi bɔd̪ɔl-t̪ɛ pɛ kiɟi ad̪o̯͡a ca͡o̯le i-m-ɘ-ɲ-mɛ,Buyer: Give me 3 KGs of sunned rice instead of 5 KGs.,,1SG-TOP five kg replace-CVB three kg sunned rice give-2SG-FIN-1SG-IMP
output_layoutA (1).csv,54,sã͡o̯t̪ɛ mit̪̚ʔ keɟi kʰɘɟɘɽi-hɔ̃ i-m-ɘ-ɲ-mɛ,Buyer: Also give 1 KG of puffed rice.,,with one kg puffed.rice-also give-2SG-FIN-1SG-IMP
output_layoutA (1).csv,55,aɾ cɛt̪̚ʔ cɛt̪̚ʔ laga͡o̯-ma,Vendor: What else do you need?,,and what what need-2SG.Q
output_layoutA (1).csv,56,mit̪̚ʔ ɟɔɽa nɘɽkɔɽ miʔʈɛn ɖɘbɾɘ sɘbun aɾ miʔʈɛn kic̚ɾiʔ sɘbun laga͡o̯-ɲ-ɘ,"Buyer: Also need a couple of coconuts, a bath soap and a laundry soap.",,one pair coconut one-CLF bath soap and one-CLF clothes soap need-1SG-FIN
output_layoutA (1).csv,57,ad̪ʰhɛ ɾɘsun ɟahanaʔ laga͡o̯-ma,Vendor: Need some ginger-garlic?,,ginger garlic anything need-2SG.Q
output_layoutA (1).csv,58,hɛ̃ ad̪ʰa keɟi ad̪ʰhɛ-m i-m-ɘ-ɲ-ɘ,"Buyer: Yes, give half a KG of ginger.",,yes half kg ginger-2SG give-2SG-FIN-1SG-FIN
output_layoutA (1).csv,59,iɲ-d̪ɔ sanamaʔ-ge mit̪̚ʔ-sã͡o̯-t̪ɛ-ɲ pɛkeʈ-am-kana,Vendor: I am packing everything together.,,1SG-TOP everything-EMPH one-together-CVB-1SG packet-2SG.OBJ-PROG
output_layoutA (1).csv,60,miʔʈɛn mũʲc̚ʔ d̪aʔ ɲu lɘgit̪̚ʔ gaɖa aɽe-i̯ cala͡o̯-ena,An ant went to the river bank to drink water.,,one-CLF ant water drink PURP river side-3SG go-PST
output_layoutA (1).csv,61,ɘɖi-kaɟakɛ hɔ.j-ɛt̪̚ʔ-kan t̪ahɛ̃na aɾ gaɖa-ɾɛ ɘɖi kaɟak̚ sɔ̃t̪̚ʔ t̪ɛhɛ-kana,The wind was blowing very strongly and the river had a strong current.,,very-strong wind-PROG-PROG stay-PST and river-LOC very strong current be-PROG
output_layoutA (1).csv,62,hɔ͡i̯-kakʰant̪ɛ muʲc̚ʔ d̪ɔ d̪aʔ-ɾɛ.j-ɛ ɲuɾ-hɘ͡i̯na,The ant fell into the water due to the wind.,,wind-because ant TOP water-LOC-3SG fall-go-PST
output_layoutA (1).csv,63,mit̪̚ʔ-ʈɛn pɔt̪am cɛ̃ɽɛ̃ d̪ɔ d̪aɾɛ ɖɘɾ-ɾɛ d̪uɽup̚ʔ-kat̪ɛ nɔ̯͡a gʰɔʈɔna-i̯ ɲɛl-ɛt̪̚ʔ-kan t̪ahɛ̃na,A dove was sitting on a tree branch watching this happening.,,one-CLF dove bird TOP tree branch-LOC sit-CVB this happening-3SG see-PROG-PROG stay-PST
output_layoutA (1).csv,64,uni d̪ɔ muʲc̚ʔ-ɛː baɲca͡o̯-ɛ lɘgit̪̚ʔ mit̪̚ʔ-ʈɛn sakam d̪aʔ-ɾɛ.j-ɛ ɲuɾ-h-ɛked-a,He threw a leaf into the water to save that ant.,,3SG.DEF TOP ant-3SG.OBJ save-3SG PURP one-CLF leaf water-LOC-3SG drop-CAUS-PST-FIN
output_layoutA (1).csv,65,mũʲc̚ʔ d̪ɔ ɔna sakam-ɾɛ d̪ɛʲc̚ʔ-kat̪ɛ-t̪̚ʔ a.j-aʔ ɟiu̯͡i.j-ɛ baɲca͡o̯-kɛd̪-a,The ant climbed onto that leaf and saved its life.,,ant TOP that leaf-LOC climb-CVB-CVB 3SG-GEN life-3SG save-PST-FIN
output_layoutA (1).csv,66,inɘ t̪a.jɔm muʲc̚ʔ aɾ pot̪am d̪ɔ banahɔɽ gat̪e-kin ho͡i̯-ĕna,Then the ant and the dove became friends.,,this after ant and dove TOP both friend-3DU become-PST
output_layoutA (1).csv,67,a͡i̯ma-d̪in t̪a.jɔm mit̪̚ʔ sikɘɾi.j-ɘ gaɖa aɽɛ-ɾɛ.j-ɛ hɛʲc̚ʔ-ena,After many days a hunter came to that bank of the river.,,many-day after one hunter-FIN river side-LOC-3SG come-PST
output_layoutA (1).csv,68,d̪aɾe cɔʈ̚-ɾɛ pɔt̪am-ɛ ɲɛl-ked̪-e-kʰan sikɘɾi.j-ɘ d̪ɔ a.j-aʔ aʔ-ɛː soɟh-eked̪-a,"Seeing the dove on the tree, the hunter aimed his arrow at it.",,tree top-LOC dove-3SG see-PST-3SG-COND hunter-FIN TOP 3SG-GEN arrow-3SG.OBJ aim-PST-FIN
output_layoutA (1).csv,69,muʲc̚ʔ-d̪ɔ ɲɛl-ɲam-kat̪ɛ-t̪̚ʔ unɾe-ge.j-ɛ sikɘɾi.j-ɘ-ɔ̯͡aʔ kaʈa-ɾɛ.j-ɛ gɛɾ ked̪-e.j-a,After seeing this the ant immediately bit the hunter's leg.,,ant-TOP see-find-CVB-CVB then-EMPH-3SG hunter-FIN-GEN leg-LOC-3SG bite PST-3SG-FIN
output_layoutA (1).csv,70,gɛɾ ɟɔm-kat̪ɛ sikɘɾi.j-ɘ-ɔ̯͡aʔ t̪i ɾe.j-aʔ saɾ d̪ɔ laɽa͡o̯-ena aɾ cɛ̃ɾɛ̃-d̪ɔ-i̯ baɲca͡ɔ̯-ɛ-na,The arrow fell from the hunter's hand after being bitten and the bird survived.,,bite eat-CVB hunter-FIN-GEN hand LOC-GEN arrow TOP move-PST and bird-TOP-3SG save-PST-PST
output_layoutA (1).csv,71,baɖa.j-am paseɾ ɔɽaʔ-ɾɛ mɛɾɔm-ko hɔpɔn-akana,"Sister: Do you know, the goat next door had a baby!",,know-2SG neighbouring house-LOC goat-3PL bear.child-PRF
output_layoutA (1).csv,72,mɛɾɔm-d̪ɔː iɲ mɔ̃ɟ bɘ-ɲ ɘ͡i̯kɘ͡o̯-ko͡a,Brother: I don't like goats.,,goat-TOP 1SG good NEG-1SG like-3PL
output_layoutA (1).csv,73,iɲ-d̪ɔː ɖaŋgɾa mɔɟ-iɲ ɘ͡i̯kɘ͡o̯-ko̯͡a,Brother: I like cows.,,1SG-TOP cow good-1SG like-3PL
output_layoutA (1).csv,74,iɲ-d̪ɔː ɖaŋgɾa ɘsul-iɲ mɛn-d̪-a,Brother: I want to keep cows.,,1SG-TOP cow rear-1SG say-PROG-FIN
output_layoutA (1).csv,75,mɛn-kʰan ɖaŋgɾa lɘgit̪̚ʔ ɘɖi maɾaŋ ɟa͡i̯ga laga-a,Sister: But cows need a lot of space.,,say-COND cow PURP very big space need-FIN
output_layoutA (1).csv,76,abo ɔɽaʔ-ɾɛ un-maɾaŋ ɟa͡i̯ga bɘnu-a,Sister: We don't have that much space in our house.,,1PL.IN house-LOC such-big space NEG-FIN
output_layoutA (1).csv,77,ɖaŋɾa-i̯ t̪ahɛn-kʰan abo uni ʈʰɛn-kʰɔn t̪o̯͡a-bon ɲu d̪aɽe-ke.j-a,"Brother: If there was a cow, we could have milk to drink from it.",,cow-3SG stay-COND 1PL.IN 3SG.DEF LOC-ABL milk-1PL.IN drink can-PST-FIN
output_layoutA (1).csv,78,t̪o̯͡a d̪ɔ mɛɾɔm-aʔ-hɔ̃ men-a-a am-d̪ɔ ɔna t̪o̯͡a-hɔ-m ɲu d̪aɽe.j-a-a,"Sister: Milk can come from the goat too, you can drink that milk too.",,milk TOP goat-GEN-also exist-FIN-FIN 2SG-TOP that milk-also-2SG drink can-FIN-FIN
output_layoutA (1).csv,79,mɛɾɔm-ɾɛn a͡i̯ma-ko hɔpɔn-ɔʔ-a,Brother: Goats have many baby goats.,,goat-GEN much-3PL bear.child-IPFV-FIN
output_layoutA (1).csv,80,hɔpɔn-ko t̪o̯͡a ɲu t̪a.jɔm mɛɾɔm-aʔ aɾ t̪o̯͡a baŋ ho.jo-a,"Brother: After the baby goats drink milk, there is no more milk left in the goat's breast.",,child-3PL milk drink after goat-GEN more milk NEG become-FIN
output_layoutA (1).csv,81,ɔnat̪ɛ ɟɘst̪i t̪ɔ̯͡a baŋ ɲam-ɔ-a,Brother: So not much milk is available.,,therefore much milk NEG get-IPFV-FIN
output_layoutA (1).csv,82,am ʈʰik̚-ge-m mɛːn-akad̪-a,Sister: You have told the right thing.,,2SG correct-EMPH-2SG say-PRF-FIN
output_layoutA (1).csv,83,mɛn-kʰan ɖaŋɾa kiɾiɲ-t̪ɛ a͡i̯ma kɘ͡u̯ɖi laga-a,Sister: But it costs a lot of money to buy a cow.,,say-COND cow buy-CVB much money need-FIN
output_layoutA (1).csv,84,baba-ʈʰɛn ɖaŋɾa kiɾiɲ-leka kɘ͡u̯ɖi bɘnu-a,Sister: Father doesn't have enough money to buy a cow.,,father-LOC cow buy-like money NEG-FIN
output_layoutA (1).csv,85,ɖaŋɾa kiɾiɲ lɘgit̪̚ʔ iːɲ baba kɘ͡o̯ɖi-ɲ em-a-j-a,Brother: I will give money to father to buy a cow.,,cow buy PURP 1SG father money-1SG give-FIN-3SG-FIN
output_layoutA (1).csv,86,am-d̪ɔ ɔka-kʰɔn kɘ͡u̯ɖi-m ɲam-a,Sister: Where will you get the money from?,,2SG-TOP where-ABL money-2SG get-FIN
output_layoutA (1).csv,87,iɲ-d̪ɔ pɘhil-ɾɛ kalɔʈ̚ aɾ sɘnɖi sim-iɲ ɘsul-ko̯͡a,Brother: I will raise roosters and chickens first.,,1SG-TOP first-LOC rooster and chicken bird-1SG rear-3PL
output_layoutA (1).csv,88,miʔ-ʈɛn sɘnɖi aɾ miʔ-ʈɛn kalɔʈ̚ ni̯͡ɘ-t̪ɛ-ɲ ɛhɔb-a,Brother: I will start with a rooster and a hen.,,one-CLF chicken and one-CLF rooster this-CVB-1SG start-FIN
output_layoutA (1).csv,89,sim-kʰɔn mit̪̚ʔ-sã͡ɔ̯-t̪ɛ a͡i̯ma-ko hɔpɔn-ɔʔ-a,Brother: Chickens will have many chicks all at once.,,chicken-ABL one-together-CVB much-3PL bear.child-IPFV-FIN
output_layoutA (1).csv,90,inɘ-t̪a.jɔm onko-ko lɘʈu-lɛn-kʰan ɘkʰɾiɲ-kat̪ɛ-t̪̚ʔ a͡i̯ma kɘ͡u̯ɖi ɲam-ɔ-a,"Brother: After that, when they are big enough, we can get a lot of money by selling them.",,this-after 3PL-3PL big-become-COND sell-CVB-CVB much money get-IPFV-FIN
output_layoutA (1).csv,91,ɔna kɘ͡u̯ɖi-t̪ɛ ɖaŋɾa-ɲ kiɾi.ɲi.j-a,Brother: I will buy a cow with that money.,,that money-CVB cow-1SG buy-FIN
output_layoutA (1).csv,92,ɖaŋɾa unɘʔ-ɛ-m kusi.j-akokana,Sister: Do you like cows that much?,,cow such-3SG-2SG happy-PRF
output_layoutA (1).csv,93,iɲ-aʔ t̪ʰɔɽa ɟɔma kɘ͡u̯ɖi men-a-a,Sister: I have some money saved.,,1SG-GEN little saved money exist-FIN-FIN
output_layoutA (1).csv,94,ɔŋɖɛ-kʰɔn iɲ t̪ʰɔɽa kɘ͡u̯ɖi am-iɲ ɛm d̪aɽe-ɔ̯͡a-ma,Sister: I can give you some money from that saving.,,there-ABL 1SG little money 2SG-1SG give can-FIN-2SG
output_layoutA (1).csv,95,ʈhik-ge.j-a alaŋ banahɔɽ-t̪ɛ ɖaŋɾa-laŋ ɘsul-e.j-a,"Sister: Alright, we will take care of that cow together.",,alright-EMPH-FIN 1DU.IN both-CVB cow-1DU.IN rear-FIN-FIN
output_layoutA (1).csv,96,iɲ-hɔ̃ ɖaŋɾa kiɾiɲ ɾe.j-aʔ kɘ͡u̯ɖi-ɲ ɛm-ɔ-a,Sister: I will also give money to buy the cow.,,1SG-also cow buy LOC-GEN money-1SG give-IPFV-FIN
output_layoutA (1).csv,1,ɟohaːɾ,Greetings!,,Greetings
output_layoutA (1).csv,2,cɛt̪̚ʔlɛka menama mahasɔ͡i̯,"How are you, Sir?",,how-like be.NFIN-2SG-FIN sir
output_layoutA (1).csv,3,mɔ̃ɟge menɘɲɘ,I am fine.,,good-EMPH be.NFIN-1SG-FIN
output_layoutA (1).csv,4,a͡i̯ma d̪in t̪a.jɔmɛm hɛc̚ʔĕna,You came after a long time!,,many day DLIM-COM-2SG:SUBJ come-PERF-3SG:SUBJ-FIN
output_layoutA (1).csv,5,kɘmi ɾe.jaʔ cãɽt̪ɛ bɘɲ hɛc̚ʔ d̪aɽe.jad̪a,Couldn't come because of being busy with work.,,work LOC-GEN reason-ABL NEG-1SG come able-FIN-PST-FIN
output_layoutA (1).csv,6,ni̯͡ɘd̪ʰa͡o̯ lɘ͡i̯mɛ ced̪aʔɛm hɛc̚ʔakana,"Now tell me, why have you come?",,now say-2SG:IMP what-2SG:SUBJ come-PERF-FIN
output_layoutA (1).csv,7,iɲɾɛn gid̪ɾɘ amaʔ is͡kulɾɛ bʰuɾt̪iɲ mɛnɛd̪a,I want to enroll my younger son in your school.,,1SG-GEN child 2SG-GEN school-LOC enroll-1SG:SUBJ want-3SG:SUBJ-FIN
output_layoutA (1).csv,8,uni.jaʔ umɘɾ t̪inɘʔ,How old is he?,,3SG-GEN age how.much
output_layoutA (1).csv,9,ni͡ɘbaɾ uni͡aʔ umɘɾ mɔ̃ɽɛ sɛɾma ho͡i̯ena,Now he is 5 years old.,,this-time 3SG-GEN age five year become-PERF-FIN
output_layoutA (1).csv,10,uni d̪ɔ cɛt̪̚ʔ ɔɽaʔɾɛ ɟahanaʔɛ cet̪̚ʔakada,Did he learn anything at home?,,3SG TOP what house-LOC anything-3SG:SUBJ learn-PERF-M-PST-FIN
output_layoutA (1).csv,11,uni d̪ɔ cɛt̪̚ʔ haɾɔp̚ɛ ɲɛl cinhɘ͡o̯ge.ja,Does he know letters?,,3SG TOP what letter-PL know recognize-IPFV-EMPH-FIN-FIN
output_layoutA (1).csv,12,hɛ̃ uni d̪ɔ akʰɔɾmala͡i̯ baɖa.ja,"Yes, he knows the alphabet.",,yes 3SG TOP alphabet-ACC know-PERF-FIN-FIN
output_layoutA (1).csv,13,mit̪̚ʔkʰɔn gɛl hɘbiʔhɔ̃͡i̯ lɛkʰa d̪aɽe.jaʔa,Can also count from 1 to 10.,,one-ABL ten until-DLIM count able-FIN-FIN
output_layoutA (1).csv,14,t̪ahlɛ uni d̪ɔ keɟi kilɘsɾɛ bʰuɾt̪id̪aɽeo̯͡a.ja,Then he can be admitted in the children's class.,,then 3SG TOP children class-LOC enroll-able-FIN-FIN-FIN
output_layoutA (1).csv,15,amd̪ɔ ni.jɘ pʰɔɾɔm id̪i t̪oɾa͡i̯mɛ,You take this form.,,2SG-TOP this-DLIM form take go-2SG:IMP
output_layoutA (1).csv,16,pʰɔɾɔm puɾɘ͡o̯ kat̪ɛ gid̪ɾɘo͡aʔ miʔʈɛn pʰɔʈo sã͡o̯ ɟɔma oʈokam,Fill up the form and submit it along with a photograph of your son.,,form fill CVB child-GEN one-CLSSFR photo with submit put-M-2SG:IMP
output_layoutA (1).csv,17,ʈʰikge.ja,All right.,,right-EMPH-FIN-FIN
output_layoutA (1).csv,18,me.jaŋsɛʔiɲ ɟɔma oʈo kaʔa,I will submit it the day after tomorrow.,,day.after.tomorrow-1SG:SUBJ submit put FUT-FIN-FIN
output_layoutA (1).csv,19,ɟano̯͡aɾi ɾejaʔ pɘhil t̪ɘɾikʰkʰɔn kilɘs ɛhɔbɔʔa,Classes will start from January 1st.,,January LOC-GEN first date-ABL class start-INCH-FIN
output_layoutA (1).csv,20,unhilɘʔ unid̪ɔ iskulkʰɔn naɔ̯͡a put̪ʰi͡i̯ ɲaːma,On that day he will be given new books from school.,,3SG-day 3SG-TOP school-ABL new book give-PASS-FIN
output_layoutA (1).csv,21,amd̪ɔ uni lɘgit̪̚ʔ iskul kic̚ɾiʔɛm bɛnaɔ̯͡a,You will make a school uniform for him.,,2SG-TOP 3SG for school dress-2SG:SUBJ make-FIN
output_layoutA (1).csv,22,unid̪ɔ mit̪̚ʔʈɛn bɛghɔ̃ kiɾiɲa͡i̯ hojoʔa,Have to buy him a bag too.,,3SG-TOP one-CLSSFR bag buy-also become-INCH-FIN
output_layoutA (1).csv,23,iɲ pɘhil t̪ɘɾikʰ uni sɔŋgɛkat̪ɛt̪̚ iskuliɲ hɘɟu.a,I will bring him to the school on the 1st of the month.,,1SG first date 3SG with-CVB school-1SG:SUBJ come-FIN
output_layoutA (1).csv,24,biɾ ɾɛ a͡i̯malekan d̪aɾe mena.a,There are many types of trees in the forest.,,forest LOC many-kind tree exist-FIN-FIN
output_layoutA (1).csv,25,biɾ ɾe.jaʔ d̪aɾeɾɛ cɛ̃ɽɛ̃koko t̪ukɘ.ja,Birds nest in forest trees.,,forest LOC-GEN tree-LOC bird-PL-PL nest-IPFV-FIN-FIN
output_layoutA (1).csv,26,biɾ ɾɛ a͡i̯malekan ɟɔ ɲɛlɛɾasa aɾ sahanko ɲamɔ.a,"A variety of fruits, honey and wood are found in the forest.",,forest LOC many-kind fruit honey and wood-PL get-IPFV-FIN
output_layoutA (1).csv,27,biɾ ɾe.jaʔ d̪aɾe sɛ kaʈʰt̪ɛ ɔɽaʔd̪u͡ɘɾ bɛna͡o̯ʔa,Houses are made of forest trees or wood.,,forest LOC-GEN tree or wood-ABL house-GEN make-PASS-FIN
output_layoutA (1).csv,28,gɘhiɽ biɾ ɾɛ t̪ɘɾup̚ʔ bana kul ɟel hɘt̪isa͡o̯ a͡i̯malekan ɟibku giɾɘbɘsiʔkana,"Various animals including tigers, bears, lions, deer, elephants live in dense forests.",,dense forest LOC tiger bear lion deer elephant-with many-kind animal-PL live-PROG-FIN
output_layoutA (1).csv,29,ɟaha͡i̯ ɛskaɾ biɾɾeko cala͡o̯lɛnkʰan a.jaʔ muhim ho͡i̯ d̪aɽe.jaʔa,Going alone in the forest can be dangerous.,,whoever alone forest-LOC-PL go-PERF-COND 3SG-GEN danger become able-FIN-FIN
output_layoutA (1).csv,30,biɾ d̯ɔ d̪ʰɘɾt̪i aɾ mano̯͡ai̯ baɲca͡o̯ d̪ɔhɔ.ɔ̆akat̪̚ʔko͡a,Forests keep people and the earth alive.,,forest TOP earth and human keep.alive maintain-PERF-FIN-PL
output_layoutA (1).csv,31,hɔ͡i̯ bɘɾuɽ aɾ ɖubɘ kʰɔn biɾ d̪ɔ abo͡i̯ ɾukʰi̯͡ɘ d̪ɔhɔ.jɛt̪̚ʔbona,Forests protect us from storms and floods.,,storm wind and flood ABL forest TOP 1PL.INCL protect maintain-FIN-1PL
output_layoutA (1).csv,32,mano̯͡͡a t̪inɘʔko ɟɘstiʔkana biɾ unɘʔ t̪ʰɔɽaʔkana,"As the number of people is increasing, the forests are decreasing.",,human number-PL increase-PROG forest decrease-PROG
output_layoutA (1).csv,33,biɾ t̪ʰɔɽalɛnkʰan hɘt̪i at̪oɾɛko hiɟu.a,Elephants migrate to villages when forests decrease.,,forest decrease-PERF-COND elephant village-LOC-PL come-FIN
output_layoutA (1).csv,34,biɾ ɾɛn hɘt̪i kʰɛt̪ ɾe.jaʔ pʰɔsɔlko bɘɽiɟa,Forest elephants damage field crops.,,forest-GEN elephant field LOC-GEN crop-PL damage-FIN-FIN
output_layoutA (1).csv,35,hɘt̪ikʰɔn baɲca͡o̯ lɘgit̪̚ʔt̪ɛ hɔɽko ɲind̪ɘ ɛbʰɛnkat̪ɛʔko paɾha.ja,Then people keep vigil at night to protect from elephants.,,elephant-ABL protect for-ABL people-PL sleep forgo-CVB-PL guard-FIN-FIN
output_layoutA (1).csv,36,biɾɾe.jaʔ d̪aɾenɘɽikʰɔn a͡i̯malekan ɾan t̪e.jaɾɔ.a,Various medicines are prepared from the trees and leaves of the forest.,,forest-LOC-GEN tree-leaf-ABL many-kind medicine make-CAUS-PASS-FIN
output_layoutA (1).csv,37,biɾ kʰɔn mãt̪̚ʔ ɘgukat̪ɛ ɔɽaʔɾe.jaʔ kʰunʈi aɾ ʈɘʈiko t̪e.jaɾa,The fences and poles of the house are made by fetching bamboos from the forest.,,forest ABL bamboo bring-CVB house-LOC-GEN post and fence-PL make-FIN
output_layoutA (1).csv,38,biɾ ɾe.jaʔ sɘ͡o̯ɽit̪ɛ ɔɽaʔɾe.jaʔ sat̪eko d̪aːba,Houses are covered with the forest thatch.,,forest LOC-GEN thatch-ABL house-LOC-GEN roof-PL cover-PASS-FIN
output_layoutA (1).csv,39,baŋlad̪isɘmɾɛn ɟɘst̪ibʰag hɔɽ at̪oɾɛko giɾɘbɘsiʔkana,Most of the people of Bangladesh live in the villages.,,Bangladesh-GEN most.part people village-LOC-PL live-PROG-FIN
output_layoutA (1).csv,40,at̪oɾɛn hɔɽ lɘgit̪̚ʔ mit̪̚ʔʈɛn haʈbaɟaɾ d̪ɔ ɘɖi ɟɘɾuɽ miʈɛn ʈʰɘ͡i̯kana,Haat-bazaar is a very useful place for the village people.,,village-GEN people for one-CLSSFR market TOP very necessary one-CLSSFR place-FIN
output_layoutA (1).csv,41,nɔnɖɛ ako̯͡͡aʔ ɟɘɾuɽ ɟinisku kiɾiɲ ɘkʰɾiɲ ho.joʔkana,Here their useful goods are bought and sold.,,here 3PL-GEN necessary thing-PL buy sell become-INCH-FIN
output_layoutA (1).csv,42,hɘʈi̯͡ɘ baɟaɾɾɛ kisɘnko d̪ɔ pʰɔsɔlko ɘkʰɾiɲa aɾ ɟɘli̯͡ɘkod̪ɔ hakoko ɘkʰɾiɲko̯͡a,"Farmers sell their crop in the market, fishermen sell their fish.",,market market-LOC farmer-PL TOP crop-PL sell-FIN and fisherman-PL-TOP fish-PL sell-PL-FIN
output_layoutA (1).csv,43,ɛkɛn kiɾiɲ ɘkʰɾiɲd̪ɔ baŋ hɘʈi̯͡ɘɾɛ at̪oɾɛn hɔɽ mit̪̚ʔhɔɽ sã͡o̯t̪ɛ aɾ mit̪̚ʔ hɔɽaʔ ɲɛpɛl ɲapamhɔ̃ ho.jo.a,"Not only shopping, but the village people also meet each other in the haat.",,only buy sell-TOP NEG market-LOC village-GEN people one-person with-ABL and one-person meet encounter-also become-INCH-FIN
output_layoutA (1).csv,44,hɘʈi̯͡ɘd̪ɔ hap̚t̪aɾɛ baɾd̪in d̪uɽubɔʔa mɛnkʰan baɟaɾd̪ɔ d̪ʰinɘmd̪in d̪uɽubɔʔa,"The haat sits two days a week, but the bazaar sits every day.",,market-TOP week-LOC two-day sit-INCH-FIN but bazaar-TOP daily sit-INCH-FIN
output_layoutA (1).csv,45,hɘʈi̯͡ɘ ɾe.jaʔ ɔk̚t̪ɛd̪ɔ tikin kʰɔn ɘ.jup̚ʔ hɘbiʲc̚ʔ bic̚kɔm baɟaɾ ɾijaʔ ɔkt̪ɛd̪ɔ sɛt̪aʔkʰɔn t̪ikin hɘbiʲc̚ʔ,"The haat hours are from noon to evening, while the bazaar hours are from morning to noon.",,market LOC-GEN time-TOP noon ABL evening until but bazaar LOC-GEN time-TOP morning-ABL noon until
output_layoutA (1).csv,46,hɘʈi̯͡ɘkʰɔn ɟɘɾuɽ ɟinisku kiɾiɲkat̪ɛt̚ʔ at̪oɾɛn hɔɽ ako̯͡aʔ okulɘnko meʈao̯͡a,People of the village meet their needs by buying useful items from the haat.,,market-ABL necessary thing-PL buy-CVB village-GEN people 3PL-GEN need-PL-PL fulfil-FIN
output_layoutA (1).csv,47,sed̪a͡i̯d̪ɔ gaɖa aɽeɾɛ maɾaŋ maɾaŋ hɘʈi̯͡ɘ baɟaɾ d̪uɽubɔʔkan t̪ahɛ̃na,Earlier there used to be big haat-bazaars on the banks of the river.,,before-TOP river bank-LOC big big market bazaar sit-INCH-HAB PST-FIN
output_layoutA (1).csv,48,nit̪̚ʔ algat̪ɛ cala͡o̯ d̪aɽe.jaʔ noŋkan ʈʰɘ͡i̯ɾɛ hɘʈi̯͡ɘ baɟaɾ d̪uɽubɔʔkana,Now the haat-bazaar sits in an easily accessible place.,,now easy-CVB go able-GEN such place-LOC market bazaar sit-INCH-FIN
output_layoutA (1).csv,49,kɘʈiʲc̚ʔ bid̪ɘlɾɛ iɲ ɘpuɲ sã͡ɔ̯t̪ɛ hɘʈi͡ɘ̯ɲ calaʔkan t̪ahɛ̃na aɾ a͡i̯ma lɛkan kʰilɘʈ ɟiniskoɲ kiɾiɲ ɘgu.jɛt̪̚ʔkan t̪ahɛna,"When I was a child, I used to go to the haat with my father, and buy toys.",,child time-LOC 1SG father-1SG:GEN with-ABL market-1SG:SUBJ go-HAB-FIN and many-kind toy thing-PL-1SG:SUBJ buy bring-FIN-HAB PST-FIN
output_layoutA (1).csv,1,ɔt̪ʔɾɛ mit̪ʔ ʈʰɔp ɲɛlɛɾasa ɲuːɾakan t̪ahɛ̃kana,A drop of honey was on the ground.,,ground-LOC one drop honey lie-PROG-COP be-PROG-FIN
output_layoutA (1).csv,2,paɾɔm calaʔ ɟɔkʰɛʲcʔ miʔʈɛʲcʔ mũʲcʔ ɲɛlɛɾasa sɔi̯ ɲamked̪a,An ant passing by smelled that honey.,,pass go time-EMPH one-CLF ant-EMPH honey smell get-PST.TR-FIN
output_layoutA (1).csv,3,uni mũʲcʔ d̪ɔ miʔsɛʲcʔ kʰɔʲcʔ ɲɛɭɛɾasa ɲuɲui̯ ɛhɔp̚ʔena,The ant started consuming honey from one side.,,3SG ant-EMPH TOP one-side-EMPH from-EMPH honey eat-RDPL-3SG begin-PST-INTR-FIN
output_layoutA (1).csv,4,mit̪ʔd̪ʰaɔ̯ ɲɛlɛɾasa ɲu kat̪ɛt̪ʔ ɘɖi sibil ked̪e.ja aɾ uni d̪ɔ ɲuɲut̪igei̯ t̪ãhɛi̯na,After consuming once he was very amused and kept eating.,,one-time honey eat CVB-EMPH very tasty PST.TR-3SG.OBJ-FIN and 3SG TOP eat-CONT-3SG-EMPH-3SG be-3SG-INTR-FIN
output_layoutA (1).csv,5,ɲɛlɛɾasa ɲu ɲut̪ɛ uni.jaʔ laʲcʔ d̪ɔ pʰulɘɔ̯ɛnt̪a.ja ɛnɾɛhɔ̃ ɲɛlɛɾasa ɲuɲu d̪ɔ bai̯ bɘgi.jad̪a,"His stomach swelled as he kept devouring the honey, but still he did not stop eating.",,honey eat-CONT-3SG 3SG-GEN belly-EMPH TOP swell-PST-COP-FIN even.then-EMPH honey eat-RDPL TOP NEG-3SG leave-PST.TR-FIN
output_layoutA (1).csv,6,ɲɛlɛɾasa ɲuɲut̪ɛ unid̪ɔ ɲɛlɛɾasa t̪alaɾɛi̯ bɔlɔi̯na aɾ a.jaʔ ɟaŋga d̪ɔ ɲɛlɛɾasaɾɛ t̪ʰɘli.jɛnt̪a.ja,"While consuming, he stepped in between drops of honey and got his foot stuck in the honey.",,honey eat-CONT-3SG 3SG-TOP honey middle-LOC-3SG enter-3SG-INTR-FIN and 3SG-GEN leg TOP honey-LOC stick-3SG-INTR-COP-FIN
output_layoutA (1).csv,7,baɲcaʔ lɘgit̪ʔ a.jaʔ kaʈa t̪inɘʔɛ ɔcɔʔɛʔt̪a.ja unɘʔgi bʰit̪ɾisɛʲcʔɛ bɔlɔ cala͡o̯ɛna,"The more he tried to get his foot out, the more he sank inward.",,escape-INF for 3SG-GEN leg how.much-3SG release-3SG.OBJ-COP-FIN that.much-EMPH inside-side-EMPH-3SG enter go-PST.INTR-FIN
output_layoutA (1).csv,8,sahɛ̃t̪ʔ bɔnd̪ɔ.jɛnt̪a͡i̯t̪ɛ uni muʲcʔ d̪ɔ mit̪ʔgʰɘɽi t̪ai̯nɔmɛ gɔʲcʔɛna,At one point the ant suffocated and died.,,breath stop-3SG-PST-COP-3SG-INST 3SG ant-EMPH TOP one-moment stay-PUNCT die-PST-INTR-FIN
output_layoutA (1).csv,9,a.jaʔ lalɔcʔ ijɘt̪ɛ uni mũʲcʔ d̪ɔi̯ gɔʲcʔena,The ant died due to its greed.,,3SG-GEN greed-EMPH cause-INST 3SG ant-EMPH TOP-3SG die-PST-INTR-FIN
output_layoutA (1).csv,10,mit̪ʔʈɛn t̪ɘɾup̚ʔ aɾ mit̪ʔʈɛn suk̚ɾi mit̪ʔʈɛn kuɲɾɛː d̪aʔ ɲukin cala͡o̯lɛna,A tiger and a pig went to a well to drink water.,,one-CLF tiger-EMPH and one-CLF pig one-CLF well-LOC water drink-3DU go-PST-FIN
output_layoutA (1).csv,11,mɛnkʰan ɔkɔi̯ lahaɾɛ d̪aʔɛː ɲu.ja noa̯ ni̯ɘt̪ɛ ɘkint̪alaɾɛ kɘpɘɾiɘo̯ laga͡ɔ̯ɛna,But they quarreled over who would drink the water first.,,but who-3SG before-LOC water-3SG drink-FIN this regarding-INST 3DU-middle-LOC quarrel begin-PST-FIN
output_layoutA (1).csv,12,t̪ɘɾup̚ʔ ɔkalɛkat̪ɛhɔ̃ suk̚ɾi lahaɾɛ d̪aʔ ɲu ucu bai̯ kʰɔɟlɛna,The tiger did not want to let the pig drink the water first.,,tiger-EMPH any-way-INST-EMPH pig before-LOC water drink let NEG-3SG want-PST-FIN
output_layoutA (1).csv,13,suk̚ɾi hɔ̃ t̪ɘɾup̚ʔ lahaɾɛ d̪aʔ ɲu ucu d̪ɔ bai̯ ɾɛbɛnlɛna,The pig also refused to let the tiger drink the water first.,,pig also tiger-EMPH before-LOC water drink let TOP NEG-3SG agree-PST-FIN
output_layoutA (1).csv,14,d̪aɾeɾɛ d̪uɽup̚ʔ kat̪ɛ miʔ ɟʰãk gid̪i d̪ɔ ɘkinaʔ noa̯ gʰɔʈɔnako ɲɛlɛt̪ʔkant̪ãhɛna,A group of vultures sitting on the tree was observing their situation.,,tree-LOC sit-EMPH CVB one group vulture TOP 3DU-GEN this event-3PL see-PROG-COP-stay-INTR-FIN
output_layoutA (1).csv,15,t̪ɘɾup̚ʔ aɾ suk̚ɾikin gɔʲcʔlɛnkʰan gid̪ikod̪ɔ uŋkinaʔ ɟil jɔmko hud̪isɔʔkan t̪ahɛna,"When the tiger and the pig would die, vultures were thinking about eating their flesh.",,tiger-EMPH and pig-3DU die-PST-INTR-when vulture-3PL-TOP 3DU-GEN flesh eat-3PL think-PROG be-INTR-FIN
output_layoutA (1).csv,16,mit̪ʔ ɔk̚t̪ɛ t̪ɘɾup̚ʔ nɔai̯ buɟʰhɘo̯ked̪a aɾ suk̚ɾi.jɛ mɛt̪ade.ja,At some point the tiger understood this and told the pig.,,one time tiger-EMPH this-3SG understand-PST.TR-FIN and pig-3SG say-PST.TR-3SG.OBJ-FIN
output_layoutA (1).csv,17,nɔa̯ t̪a.jɔm unkin kɘpʰɘɾiɘo̯ t̪ʰiɾkat̪ɛ banahɔɽge d̪aʔkin ɲu ked̪a aɾ t̪ɛt̪aŋkin maɾaɔ̯ked̪a,Then they stopped fighting and both drank water and quenched their thirst.,,this after that-3DU quarrel stop-CVB both-person-EMPH water-3DU drink PST.TR-FIN and thirst-3DU finish-PST.TR-FIN
output_layoutA (1).csv,18,mobaĭlt̪ɛ sɘŋgiɲɾɛn hɔɽ sãɔ̯t̪ɛhɔ̃ kat̪ʰam ɾɔɽ d̪aɽe.jaʔa,It is easy to talk to the distant people with a mobile.,,mobile-INST far-GEN person with-INST-also word-2SG speak able-FIN-FIN
output_layoutA (1).csv,19,mobaĭlt̪ɛ pɛɽakoa̯ʔ boge ɟud̪ɘhɔm baɖai̯ d̪aɽe.jaʔa,Relatives can be inquired through mobile.,,mobile-INST relative-3PL-GEN good news-EMPH-2SG know able-FIN-FIN
output_layoutA (1).csv,20,mobaĭlt̪ɛ seɾeɲ aɲɟɔmɔʔa pʰɔʈɔ ɾakabɔʔa senema aɾ naʈɔk̚ ɲɛlɔ.a,"Mobile can be used to listen to music, take pictures and watch movies.",,mobile-INST song listen-PASS-FIN photo take-PASS-FIN cinema and drama see-PASS-FIN
output_layoutA (1).csv,21,mobaĭlt̪ɛm hisɘb d̪aɽeoa̯ʔa aɾ ɔk̚t̪ɛhɔm baɖai̯ d̪aɽe.jaʔa,"Besides, numbers can be calculated and the time can be checked on the mobile.",,mobile-INST-2SG calculation able-PASS-FIN and time-EMPH-2SG know able-FIN-FIN
output_layoutA (1).csv,22,pɘhil pɘhil d̪ɔ mobaĭlɾe.jaʔ d̪am ɘɖi ɟɘst̪i t̪ahɛ̃kana ɔna i̯ɘt̪ɛ hɔɽd̪ɔ mobaĭl baku kiɾiɲ d̪aɽe.jaʔkant̪ahɛ̃na,Initially the price was high so most people could not afford the mobile.,,first first TOP mobile-GEN price very high stay-COP-FIN that cause-INST person-TOP mobile NEG-3PL buy able-FIN-COP-stay-INTR-FIN
output_layoutA (1).csv,23,unɾɛ d̪ɔkanɾɛ cala͡o̯kat̪ɛt̪ʔ ʈakat̪ɛ kat̪ʰa ɾɔɽ ho.joʔkan t̪ahɛ̃na,"At that time, we had to go to the shop and talk with money.",,that-LOC shop-LOC go-CVB-EMPH money-INST word speak become-PASS-COP stay-INTR-FIN
output_layoutA (1).csv,24,mɛnkʰan nit̪ d̪ɔ ɖʰeɾ hɔɽ ʈʰɛnge mobaĭl mena.a,But now most people have mobile phones.,,but now TOP many person near-EMPH mobile exist-FIN
output_layoutA (1).csv,25,mobai̯ltege nit̪ d̪ɔ ʈaka kolo.a aɾ ʈaka ɲamɔ.a,Money can now be paid and received through mobile.,,mobile-INST.EMPH now TOP money send-FIN and money get-PASS-FIN
output_layoutA (1).csv,26,mobaĭlɾɛ inʈaɾneʈ̚hɔ̃ku bɛbɔhaɾa,The Internet can be used/run on mobile.,,mobile-LOC internet-also-3PL use-FIN
output_layoutA (1).csv,27,inʈaɾneʈ̚t̪ɛm ɔlɔʔ paɽha͡o̯ d̪aɽe.jaʔa,We can even study on the internet/online.,,internet-INST-2SG read study able-FIN-FIN
output_layoutA (1).csv,28,mit̪ʔd̪in mĭt̪ʔʈɛn kɘhũ ɘɖiː ãːʈ t̪et̪aŋked̪e.ja,One day a crow got very thirsty for water.,,one-day one-CLF crow very thirst feel-PST.TR-3SG.OBJ-FIN
output_layoutA (1).csv,29,hant̪ɛnat̪ɛ kɔ.jɔʔbaɽa kat̪ɛ unid̪ɔ ɾacaɾɛ mit̪ʔʈɛn hasaɾe.jaʔ kanɖai̯ ɲɛlɲamked̪a,"Meanwhile, looking here and there, it saw an earthen pitcher in the yard.",,here-there-DIR look-around CVB 3SG-TOP yard-LOC one-CLF clay-GEN pitcher-3SG see-find-PST.TR-FIN
output_layoutA (1).csv,30,mɛnkʰan d̪aʔd̪ɔ t̪ahɛkana kanɖaɾe.jaʔ ɛkalt̪ɛ lat̪aɾ ɟalat̪ʔɾɛ,But the water was at the bottom of the pitcher.,,but water-TOP stay-COP-FIN pitcher-GEN very-INST below bottom-EMPH-LOC
output_layoutA (1).csv,31,ɔna kakʰant̪ɛ kɘhũd̪ɔ ɔna d̪aʔ bai̯ ɲu d̪aɽɛ.jad̪a,Because of this the crow could not drink that water.,,that reason-INST crow-TOP that water NEG-3SG drink able-PST.TR-FIN
output_layoutA (1).csv,32,unɾɛ kɘhũd̪ɔ mit̪ʔʈɛn upɘ.jɛ uɖuŋked̪a,Then the crow thought of a way.,,that-LOC crow-TOP one-CLF way-3SG-3SG bring.out-PST.TR-FIN
output_layoutA (1).csv,33,uni d̪ɔ ɔna kanɖa bʰit̪ɾiɾɛ d̪ʰiɾiɾe.jaʔ kuʈ̚ɾɘ giɖii̯ laga͡o̯ɛna,It started throwing pieces of stone into that pitcher.,,3SG TOP that pitcher inside-LOC stone-GEN piece throw-3SG begin-PST-FIN
output_layoutA (1).csv,34,d̪ʰiɾi kuʈ̚ɾɘ ɟɔma͡o̯ ɟɔma͡o̯t̪ɛ d̪aʔ d̪ɔ kanɖa ɾe.jaʔ mɔcaʈʰɛn hɛʲcʔɛna,The stones accumulated and the water came to the mouth of the pitcher.,,stone piece collect collect-INST water TOP pitcher-GEN mouth-near come-PST-INTR-FIN
output_layoutA (1).csv,35,kɘhũ d̪ɔ unɾɛ ɔna d̪aʔɛ ɲuː ked̪a,The crow then drank that water.,,crow TOP that-LOC that water-3SG drink PST.TR-FIN
output_layoutA (1).csv,36,baŋlad̪es ai̯ma pɘɾsi aɾ ai̯ma ɟɘt̪i ɾe.jaʔ mit̪ʔʈɛn d̪isɘm,Bangladesh is a multilingual and multi-racial country.,,Bangladesh many language and many ethnicity-GEN one-CLF country
output_layoutA (1).csv,37,noa̯ d̪isɘmɾɛ baŋgali bɛgɔɾhɔ̃ noŋka mɔ̃ɽɛgɛlgɔʈɛn ɟɘt̪iɾɛn hɔɽko giɾɘbɘsiʔkana,"In addition to the Bangalees, about 50 other nationalities live in this country.",,this country-LOC Bengali besides-also like five-ten-CLF ethnicity-GEN person-3PL settle-live-COP-FIN
output_layoutA (1).csv,38,baŋgaliko lekage oŋkoa̯ʔhɔ̃ ɟud̪ɘ pɘɾsi aɾ ni.jɘm ɘɾi mena.a,"Like the Bangalees, they also have distinct languages and customs.",,Bengali-3PL like-EMPH 3PL-GEN-also different language and custom tradition exist-FIN
output_layoutA (1).csv,39,bɛo̯haɾ t̪ʰoɽa ho.joʔkan kakʰant̪ɛ ai̯ma pɘɾsiko ad̪ɔʔkana,Many languages are disappearing due to lack of usage.,,use little become-PASS-COP reason-INST many language-3PL lose-PASS-COP-FIN
output_layoutA (1).csv,40,gid̪ɾɛko lɘgit̪ʔ apnaɾ pɘɾsit̪ɛ ɔlɔʔ paɽha͡o̯ ɟɘɾuɽa,It is important for children to study in their own language.,,child-3PL for own language-INST read study necessary-FIN
output_layoutA (1).csv,41,gid̪ɾɘ bid̪ɘlɾɛ gɔgɔ pɘɾsit̪ɛ ɔlɔʔ paɽha͡o̯ baŋ hoi̯lɛnkʰan t̪a.jɔmt̪ɛ apnaɾ pɘɾsi aɾ cet̪ʔ baŋ ho.joʔkana,"If one does not study in their mother language in childhood, one does not learn their own language later.",,child age-LOC mother language-INST read study NEG become-3SG-PST-when after-INST own language and learn NEG become-PASS-COP-FIN
output_layoutA (1).csv,42,iɲd̪ɔ iɲaʔ pɘɾsiɲ d̪ulɘɽaʔa,I love my language.,,1SG-TOP 1SG-GEN language-1SG love-FIN-FIN
output_layoutA (1).csv,43,iɲd̪ɔ iɲaʔ d̪isɘmiɲ d̪ulɘɽed̪a,I love my country.,,1SG-TOP 1SG-GEN country-1SG love-PRS.TR-FIN
output_layoutA (1).csv,44,iɲaʔ sɔneɾ baŋla iɲd̪ɔ amiɲ d̪ulɘɽɛt̪ʔme.ja,"My golden Bangla, I love you.",,1SG-GEN golden Bengal 1SG-TOP 2SG-1SG love-PROG-2SG.OBJ-FIN
output_layoutA (1).csv,45,ad̪ɔm pɘɾsi baŋla akʰɔɾko bɛo̯haɾa ad̪ɔm pɘɾsi iŋɾeɟi sɛ ɾoman akʰɔɾko bɛo̯haɾa aɾ ad̪ɔm pɘɾsi.jaʔd̪ɔ apnaɾaʔ akʰɔɾ mena.a,"Some languages use Bangalee fonts, some languages use English/Roman fonts, and some languages have their own fonts.",,some language Bengali letter-3PL use-FIN some language English or Roman letter-3PL use-FIN and some language-GEN-TOP own-GEN letter exist-FIN
output_layoutA (1).csv,46,babad̪ɔ mit̪ʔʈɛn gʰaɾɔ̃ɟɾɛn mukʰi̯ɘ hɔɽ,Father is the head person/man of a family.,,father-TOP one-CLF family-GEN head person
output_layoutA (1).csv,47,uni d̪ɔ gʰaɾɔɟɾe.jaʔɛ ɲɛɭbaɽa.ja,He takes care of the family.,,3SG TOP family-GEN-3SG look.after-FIN
output_layoutA (1).csv,48,iɲbaba d̪ɔ kʰɛt̪ɾɛ kɘmikat̪ɛt̪ʔɛ kɘmhɘ.jɛt̪ʔkant̪ahɛ̃na,My father used to earn by working in agricultural fields.,,1SG-father TOP field-LOC work-CVB-EMPH-3SG earn-3SG-PROG-COP-stay-INTR-FIN
output_layoutA (1).csv,49,babaʈʰɛnkʰɔn iɲd̪ɔ ɔlɔʔ aɾ paɽha͡ɔ̯iɲ cit̪ʔakad̪a,I have learned to read and write from my father.,,father-from-ABL 1SG-TOP read and study-1SG learn-PRF.TR-FIN
output_layoutA (1).csv,50,ɔk̚t̪ɛ ɔk̚t̪ɛ iskul cʰuʈilɛnkʰan ɲɛlɘɲ baba d̪ɔ iɲlɘgit̪ʔ iskul baɾhɛɾɛi̯ t̪eŋgo.ăkana,"Sometimes when the school hours were over, I saw my father standing outside the school for me.",,time time school holiday-PST-when see-FIN-1SG father TOP 1SG-for school outside-LOC-3SG stand-PRF.INTR-FIN
output_layoutA (1).csv,51,biɖɘ͡o̯ɾɛ bʰage ɾeɟal t̪a.jɔm babaɔ̯aʔ mɛ̃t̪ʔd̪aʔiɲ ɲɛl lɛd̪a,I saw tears in my father's eyes after getting good results in the exam.,,exam-LOC good result after father-GEN eye-water-1SG see PST.TR-FIN
output_layoutA (1).csv,52,unɾɛ bɘɲbaɖai̯kant̪ahɛ̃na ai̯mahɔɽ ɾɘskɘlɛnkʰanhɔ̃ ku ɾaːga,I did not know that many people cry even when they are happy.,,that-LOC NEG.1SG-know-COP-stay-INTR-FIN many-person joy-PST-when-also 3PL-cry-FIN
output_layoutA (1).csv,53,baba aʲcʔt̪ɛt̪ʔhɔ̃ ɟɘst̪i ba͡i̯ ɔlɔʔ paɽha͡o̯ d̪aɽe.jakad̪a,Father himself could not study much.,,father self-EMPH-INST-EMPH-also much NEG-3SG read study able-PRF.TR-FIN
output_layoutA (1).csv,54,mɛnkʰan unii̯ kʰɔɟlɛna iɲ e.meɲ pas ma,But he wanted me to pass MA.,,but 3SG-3SG want-PST-FIN 1SG M.A.-1SG pass-2SG-FIN
output_layoutA (1).csv,55,uni ɔk̚t̪ɛ ɔk̚t̪ɛ d̪akaut̪u kɘmiɾɛ gɔgɔhɔ̃.jɛ gɔɽɔ.ai̯kan t̪ahɛ̃na,He sometimes helped my mother in cooking.,,3SG time time rice-curry work-LOC mother-also-3SG help-3SG.OBJ-COP stay-INTR-FIN
output_layoutA (1).csv,56,baba t̪inɾɛi̯ haɽam lena unɾɛ iɲ uniɲ ɟɔt̪ɔnăkadi.ja,I took care of father when he got old.,,father when-LOC-3SG old PST-FIN that-LOC 1SG 3SG-1SG care-PRF.TR-3SG.OBJ-FIN
output_layoutA (1).csv,57,kɘʈiʲcʔkʰɔnge baba d̪ɔ iɲɾɛn paɲɟalek hɔɽ kanai̯,"From my childhood, my father was a person I could follow.",,small-EMPH-ABL-EMPH father TOP 1SG-GEN follow-like person COP-FIN-3SG
output_layoutA (1).csv,58,babai̯ɲ d̪isɘlekʰan nit̪hɔ̃ iɲ ɾaʔ ɾaʔiɲ ɘi̯kɘo̯a,I still feel like crying when I remember my father.,,father-3SG-1SG remember-3SG.OBJ-when now-also 1SG cry cry-1SG come-INCH-FIN
output_layoutA (1).csv,59,iɲd̪ɔ iɲ baba ni̯ɘt̪ɛɲ gɔɾɔbɔʔkana,I feel proud of my father.,,1SG-TOP 1SG father regarding-INST-1SG proud-PASS-COP-FIN
output_layoutA (1).csv,60,iɲiɲ kʰɔɟɔʔkana iɲɾɛn gid̪ɾɘhɔ̃ iɲ ni̯ɘt̪ɛ gɔɾɔb oco̯a,I want my child to be proud of me too.,,1SG-1SG want-PASS-COP-FIN 1SG-GEN child-also 1SG regarding-INST proud cause-CAUS-FIN
output_layoutA (1).csv,61,ɟohaɾ hɔpɔnba cɛt̪ʔlɛka mɛnama,"[Greetings] Uncle, how are you?",,greeting son-uncle what-like exist-2SG-FIN
output_layoutA (1).csv,62,mɔɟge minɘɲɘ bɘbu,I am fine my son.,,good-EMPH exist-FIN-1SG-FIN son
output_layoutA (1).csv,63,am cɛt̪ʔlɛka mɛnama,How are you?,,2SG what-like exist-2SG-FIN
output_layoutA (1).csv,64,amɾɛn gɔgɔbaba cɛt̪ʔlɛka menaʔkinɘ,How are your parents?,,2SG-GEN mother-father what-like exist-COP-3DU-FIN
output_layoutA (1).csv,65,alɛ ɟɔt̪ɔhɔɽ mɔ̃ɟge menaʔle.ja,We are all fine.,,1PL.EXCL all-person good-EMPH exist-COP-1PL.EXCL-FIN
output_layoutA (1).csv,66,buɖigɔ cɛt̪ʔlɛka mena.ja hɔpɔnba,"How is grandmother, Uncle?",,old-mother what-like exist-FIN son-uncle
output_layoutA (1).csv,67,hɔlakʰɔn unii̯ ɾu̯ɘʔkana,She is sick since yesterday.,,yesterday-ABL 3SG-3SG sick-PASS-COP-FIN
output_layoutA (1).csv,68,gunɘnɔʔkɘnɘɲ t̪eheɲ uni ɖakt̪aɾʈʰɛniɲ idii̯.ja,I think I will take her to the doctor today.,,think-INCH-PROG-FIN-1SG today 3SG doctor-near-1SG take-3SG.OBJ-FIN
output_layoutA (1).csv,69,ɔnage bʰage ho.jo.a,That would be good.,,that-EMPH good become-PASS-FIN
output_layoutA (1).csv,70,ɟahanaʔ ɟɘɾuɽɔʔkʰan alɛm baɖai̯ŏcole.ja,Let us know if you need anything.,,anything-GEN necessary-PASS-when 1PL.EXCL-2SG know-CAUS-PASS-1PL.EXCL-FIN
output_layoutA (1).csv,71,ac.cʰaɲ baɖai̯ocope.ja,"Alright, I will let you know.",,alright-1SG know-CAUS-PASS-2PL-FIN
output_layoutA (1).csv,72,amɾɛn gɔgɔbaba lɘ.jakinmɛ ambuɖigɔi̯ ɾu̯ɘʔkana,Tell your parents your grandmother is ill.,,2SG-GEN mother-father say-IMP-3DU-2SG 2SG-old-mother-3SG sick-PASS-COP-FIN
output_layoutA (1).csv,73,uŋkinhɔ̃ hiɟuʔmɛt̪aɔ̯ăkinmɛ,Tell them to come.,,3DU-also come-IMP-2SG-COP-CAUS-3DU-2SG
output_layoutA (1).csv,74,ɟɘɾuɽgeʲɲ lɘi̯.akina,Of course I will tell them.,,necessary-EMPH-1SG say-3DU.OBJ-FIN
output_layoutA (1).csv,75,t̪ʰɔɽad̪in bʰit̪ɾiɾigi iɲaʔ biɖɘ͡o̯ ɛhɔbɔʔa,My exam is ahead.,,few-day inside-LOC-EMPH 1SG-GEN exam begin-PASS-FIN
output_layoutA (1).csv,76,iɲlɘgit̪ʔ bint̪ii̯mɛ,Pray for me.,,1SG-for pray-3SG-2SG.IMP
output_layoutA (1).csv,77,bʰaget̪ɛ paɽhaʔmɛ,Study well.,,good-INST study-IMP-2SG
output_layoutA (1).csv,78,ai̯mad̪inkʰɔn alɛ ʈoʈʰaɾɛ ɟahan pɔɾɔb baŋ hojoʔkana,For many days there happens no festival in our locality.,,many-day-ABL 1PL.EXCL locality-LOC any festival NEG become-PASS-COP-FIN
output_layoutA (1).csv,79,d̪ɛla abo mit̪ʔʈɛn pɔɾɔbbon sapɽa͡o̯kat̪ʔlege,"Come on, let's organize a festival.",,come 1PL.INCL one-CLF festival-1PL.INCL organize-CVB-1PL.EXCL-EMPH
output_layoutA (1).csv,80,hɛ̃ː noa̯ d̪ɔ mit̪ʔʈɛn bʰage hudis,"Yes, it's a great/good idea.",,yes this TOP one-CLF good idea
output_layoutA (1).csv,81,amd̪ɔ cɛt̪ʔ noa̯ ni̯ɘt̪ɛ ɟahanaʔɛm ganɖɔnakad̪a,Have you thought about it?,,2SG-TOP what this regarding-INST any-GEN-3SG-2SG think-INTR-PRF.TR-FIN
output_layoutA (1).csv,82,pɔɾɔbɾɛ cɛt̪ʔ cɛt̪ʔ t̪ahɛ̃na,What will be in the festival?,,festival-LOC what what stay-INTR-FIN
output_layoutA (1).csv,83,pɔɾɔbɾɛ ɛnɛʲcʔ seɾeɲ t̪ahɛna,The festival will include dancing and singing.,,festival-LOC dance-EMPH song stay-INTR-FIN
output_layoutA (1).csv,84,ɔna sãɔ̯t̪ɛ miʔʈɛn pʰuʈbɔl kʰilɘʈ t̪ahɛ̃na,There will also be a football match.,,that with-INST one-CLF football match stay-INTR-FIN
output_layoutA (1).csv,85,pʰuʈbɔl kʰilɘʈ d̪ɔ ho.jo.a bap̚laɔa̯akan aɾ ɖɘŋua̯ku t̪alaɾɛ,The football match will be between the married and the unmarried.,,football match TOP become-PASS-FIN marry-PRF.INTR and unmarried-3PL middle-LOC
output_layoutA (1).csv,86,noa̯ pɔɾɔp̚ t̪is aɾ ɔkaɾɛ hoi̯ oco d̪aɽeja.a,When and where can this festival be held?,,this festival when and where-LOC become-3SG cause able-FIN-FIN
output_layoutA (1).csv,87,cʰuʈi hilɘʔ sapɽaɔ̯lɛkʰan abu iskulɾe.jaʔ maʈʰbun bɛbɔhaɾ d̪aɽe.jaʔa,We can use the school grounds if we organize on holidays.,,holiday day organize-PST-when 1PL.INCL school-GEN ground-1PL.INCL use able-FIN-FIN
output_layoutA (1).csv,88,abua̯ʔ pɔɾɔbɾɛ iskuld̪ɔ sãot̪ɛ d̪ɔhɔ ɟɘɾuɽa,We need to include the school in our festival.,,1PL.INCL-GEN festival-LOC school-TOP with-INST keep necessary-FIN
output_layoutA (1).csv,89,ced̪aʔsɛ iskulɾɛn gid̪ɾɘko aboko gɔɽɔ d̪aɽe͡o̯ɘ̆bona,Because school students could help us.,,why-or school-GEN child-3PL 1PL.INCL-3PL help able-PASS-1PL.INCL-INTR-FIN
output_layoutA (1).csv,90,t̪ahalɛ iskulɾɛn maɾaŋ mahasɔi̯ sãot̪ɛ katʰa ɾɔɽ ho.j.a,So we will have to talk to the headmaster of the school.,,therefore school-GEN big teacher with-INST word speak become-FIN
output_layoutA (1).csv,91,pɔɾɔbɾɛ cɛt̪ʔ cɛt̪ʔ tahɛna ɔnako ni̯ɘt̪ɛhɔ̃ galmaɾa͡o̯ ho.joʔa,What segments will be in the festival should also be needed to discuss.,,festival-LOC what what stay-INTR-FIN that-3PL regarding-INST-also discuss become-PASS-FIN
output_layoutA (1).csv,92,pɔɾɔbɾɛ t̪inɘʔ kɘo̯ɖi laga.a t̪inɘʔ hɔɽko laga.a sanamko ni̯ɘt̪ɛ galmaɾa͡o̯ ho.joʔa,"How much money will be needed for the festival, how many people will be needed, everything has to be discussed.",,festival-LOC how.much money need-FIN how.much person-3PL need-FIN all-3PL regarding-INST discuss become-PASS-FIN
output_layoutA (1).csv,93,kɘmi bʰage oco͡i̯ lɘgit̪ʔ miʔʈɛn komiʈi bɛna͡o̯ ɟɘɾuɽa,A committee should be formed to do the work properly.,,work good cause-PASS-3SG for one-CLF committee make necessary-FIN
output_layoutA (1).csv,94,iɲaʔ mɔnɛ ho.joʔkana ɛt̪ɔhɔbʔɾɛ gat̪eko sãot̪ɛ galmaɾa͡o̯ ɟɘɾuɽa,I think we need to talk to our friends first.,,1SG-GEN mind become-PASS-COP-FIN beginning-EMPH-LOC friend-3PL with-INST discuss necessary-FIN
output_layoutA (1).csv,95,inɘ t̪a.jɔm oŋko sanam cɛʔlekako mɛna oŋkage bɘki kɘmi ho.joa,Then we will do the rest as they all suggest.,,that after 3PL all what-like-3PL say-FIN that.way-EMPH rest work become-PASS-FIN
output_layoutA (1).csv,96,am ʈʰikɛm mɛːnakad̪a,You are right.,,2SG correct-3SG-2SG say-PRF.TR-FIN
output_layoutA (1).csv,97,sanamko sãot̪ɛ ni̯ɘt̪ɛ alɛ pɔɾɔblɛ mɛnco͡i̯d̪a,We want to celebrate the festival with everyone.,,all-3PL with-INST regarding-INST 1PL.EXCL festival-1PL.EXCL say-CAUS-3SG-FIN
output_layoutA (1).csv,98,ɟɔt̪ɔhɔɽko gɔɽɔlɛnkʰan sanamaʔge alga.aː,Everything will be easy if everyone cooperates.,,all-person-3PL help-PST-when all-GEN-EMPH easy-FIN
output_layoutA (1).csv,99,aɖɛpase ɾejaʔ iskulkoɾɛ abu calaʔ hojoʔt̪abona,We have to go to the nearby schools.,,near-side GEN school-3PL-LOC 1PL.INCL go become-PASS-COP-1PL.INCL-INTR-FIN
output_layoutA (1).csv,100,iskulɾɛn gid̪ɾɛko aboa̯ʔ pɔɾɔb ɾe.jaʔ kat̪ʰa baɖa͡i̯ ocoko ho.joa,School students should be informed about our festival.,,school-GEN child-3PL 1PL.INCL-GEN festival-GEN word know cause-PASS-3PL become-PASS-FIN
output_layoutA (1).csv,101,oŋko ɛnɛʲcʔseɾeɲɾɛko sɛlɛt̪ʔlɛnkʰan pɔɾɔb ɘɖi ɾɘskɘge ho.jo.a,"If they participate in dancing and singing, the festival will be more joyous.",,3PL dance-EMPH-song-LOC-3PL join-PST-when festival very joyful-EMPH become-PASS-FIN
output_layoutA (1).csv,102,oŋko lɘgit̪ʔ kuɽɘi̯ ɾe.jaʔ bɛbɔst̪a d̪ɔhɔkaʔ ho.joʔa,Reward should be arranged/prepared for them.,,3PL for reward-GEN arrangement keep-EMPH become-PASS-FIN
output_layoutA (1).csv,103,ʈʰikge.ja,Okay.,,okay-EMPH-FIN
output_layoutA (1).csv,104,d̪ɛla kɘmibun ɛhɔp̚ʔkat̪ʔlege,"Come on, let's get to work.",,come work-1PL.INCL begin-CVB-1PL.EXCL-EMPH
output_layoutA (1).csv,1,uni d̪ɔ iɲren peɽɑ kɑn-ɑ-e,She is my guest.,,3SG TOP 1SG-GEN Relative COP-FIN-3SG:SUBJ
output_layoutA (1).csv,2,hɔɽ minɑ-e ɡiɑ,There are people in the house.,,People Exist-3SG EMPH-FIN
output_layoutA (1).csv,3,iɲ t̪ʰen gae minaʔ-a,I have a cow.,,1SG-GEN One-CLSSFR Cow Exist-M-FIN
output_layoutA (1).csv,4,nɔɑ dɔ iɲɑkʔ ɟinis kɑn-ɑ,This is mine.,,This TOP 1SG-GEN Thing COP-FIN
output_layoutA (1).csv,5,im dɔ bɑɟɑiɡi ɑmɑi bɑɟɑʲɡiɑ imhi bɑɟɑʲ kɑn-ɑ,"I know this, do you know this?",,1SG TOP Know-1SG-EMPH 2SG-Q Know-2SG-EMPH-FIN 1SG-Too Know-2SG-COP-FIN
output_layoutA (1).csv,6,iɲ-d̪o nɔa bada-e led-a,I knew this.,,1SG-TOP This Know-TR PST-FIN
output_layoutA (1).csv,7,d̪ɑʔkɑʲen cɔlɑʲen kɔdɔ d̪ikin nɑ,"It's noon, I'll have lunch.",,Rice Eat Go-PROG Do-TOP 3SG FIN
output_layoutA (1).csv,8,uni d̪ɔ bɑ-e kɔmiɑ iɲ d̪ɔɲ kami-ɑ,"He won't do the work, I will.",,3SG TOP NEG-3SG:SUBJ Work-FIN 1SG TOP-1SG:SUBJ Work-FIN
output_layoutA (1).csv,9,uni d̪ɔ bɑ-e kami kɑn-ɑ,He does not work.,,3SG TOP NEG-3SG:SUBJ Work COP-FIN
output_layoutA (1).csv,10,uni d̪oke kami kan tɑhen-kɑn-ɑ menkʰan nitok dɔ bɑ-e kami kɑn-ɑ,"He used to work earlier, now he does not.",,3SG TOP-PST Work Do PST-COP-FIN But Now TOP NEG-3SG:SUBJ Work COP-FIN
output_layoutA (1).csv,11,uni d̪ɔ iɲren peɽɑ dɔe bɑ-ŋ kɑn-ɑ,He is not my relative.,,3SG TOP 1SG-GEN Relative TOP-3SG:SUBJ NEG-1SG COP-FIN
output_layoutA (1).csv,12,iɲ d̪ɔ ɔkɑ hɔ̃ bɑ-ɲ cɑlɑokʔ kɑn-ɑ,I am not going anywhere.,,1SG TOP Where Also NEG-1SG:SUBJ Go-M COP-FIN
output_layoutA (1).csv,13,noɑ d̪ɔ iɲɑkʔ ɟinis dɔ bɑ-ŋ kɑn-ɑ,This is not my thing.,,This TOP 1SG-GEN Thing TOP NEG COP-FIN
output_layoutA (1).csv,14,iɲ d̪ɔ noɑ dɔ tis hɔ̃ bɑ-ɲ ɲelɑkɑdɑ,I never saw this.,,1SG TOP This TOP When Also NEG-1SG:SUBJ See PRF:A-FIN
output_layoutA (1).csv,15,ɑm d̪ɔ noɑdɔ gɔɳ gɔrɑɔk d̪ɔ,Did you not do it?,,2SG TOP This-TOP How Do-PST:A TOP
output_layoutA (1).csv,16,dikin nɑ dɑʔkɑjɔn boʲen ɟɔm,"Even if it is noon, I will not eat.",,3SG FIN Rice-OBJ NEG-1SG:SUBJ Eat
output_layoutA (1).csv,17,uni d̪ɔ bɑ-e kɔmi-ɑ iɲ dɔɲ kami-ɑ,"She will not work, I will.",,3SG TOP NEG-3SG:SUBJ Work-FIN 1SG TOP-1SG:SUBJ Work-FIN
output_layoutA (1).csv,18,mitʔʈen hɔɽ iɲ dɔ bɑ-ŋ tʃɑlɑo-ɑ,"There was only one person, I won't go.",,One-CLSSFR Person 1SG TOP NEG Go-FIN
output_layoutA (1).csv,19,ɑm d̪ɔ ɑlɔm tʃɑl-ɑ,Won't you go?,,2SG TOP PROHIB-2SG:SUBJ Go-FIN
output_layoutA (1).csv,20,ɑm d̪ɔ-m bɑɖɑyɑ uni d̪ɔ ɔkɑredeye tɑhen kɑn-ɑ,Do you know where he resides?,,2SG TOP-2SG:SUBJ Know 3SG TOP Where-LOC-TOP-3SG:SUBJ Stay COP-FIN
output_layoutA (1).csv,21,bɑnhojɔ kɑnbɑ,"This is good, isn't it?",,Good Be COP-Q
output_layoutA (1).csv,22,ɟɔŋgi lɑgɑ ɑcɔmne,You must eat.,,Eat-EMPH Must Now-IMP
output_layoutA (1).csv,23,ɡɑpɑ dɔ ruɑɽ hiɟukʔ me,Come again tomorrow.,,Tomorrow TOP Again Come-M-2SG:IMP
output_layoutA (1).csv,24,bɑbɑ nɔwɑ dɔ ɑlɔ-m ɟɔm-a,"Father, don't eat.",,Father This TOP NEG-2SG:SUBJ Eat-FIN
output_layoutA (1).csv,25,iɲ ɟahãnɑk ɟɔm lɔktiɲɑ,You have to eat something.,,1SG Something Eat Must-1SG:SUBJ-FIN
output_layoutA (1).csv,26,nɑtɔ tɔ kɔmiki lɑgɑhuʲe,I have to do it.,,this-TOP TOP Work Must-Become-3SG:SUBJ
output_layoutA (1).csv,27,bɑ-m dɑre ɑnde kɑmi-jɑ-dɔ kɑunde ɑm tʃɑl-ɑ,You are not able to do it.,,NEG:2SG Ability That Work-Do-TOP Can 2SG:SUBJ Go-FIN
output_layoutA (1).csv,28,ɔɽɑkʔ re cɛtʔ hɔ̃ bɑnukʔɑ,There's nothing home.,,House-LOC What Also NEG-M-FIN
output_layoutA (1).csv,29,ɑbɔ bɑnɑr ɡebɔn bɑdɑyɑ ɑr ɛtɑk dɔ bɑkɔ bɑdɑyɑ,Only the two of us know.,,1PL.INCL both EMPH-1PL:SUBJ Know and Other TOP NEG-3PL:SUBJ Know
output_layoutA (1).csv,30,ɑemɑ hɔɽ kɔ minɑ tehen dɔ bɑbɔn cɑlɑoɑ,We won't go as there are many people.,,Many People Exist Today TOP NEG-1PL:SUBJ go-FIN
output_layoutA (1).csv,31,sitaʔ bela aled̪o tʃa khaɟaɽile ɟɔm-a,We eat puffed-rice and tea in the morning.,,Morning 1PL.NOM Tea Puffed.rice Eat-FIN
output_layoutA (1).csv,32,t̪ihind̪o tᶘa khaɟaɽido bɑ-ŋ ɟɔm sana-kan-a,I don't feel like eating puffed rice and tea today.,,Today Tea Puffed.rice NEG.1SG Eat Wish-COP-FIN
output_layoutA (1).csv,33,uni-d̪o ba-e siɽiɲ-a-e,He doesn't sing.,,3SG.NOM-TOP NEG.3SG Sing-FIN-3SG:SUBJ
output_layoutA (1).csv,34,iɲ-d̪o d̪aka-i ɟom-a,I eat rice.,,1SG.NOM-TOP Rice-AUX Eat-FIN
output_layoutA (1).csv,35,iɲ-d̪o d̪aka-t̪o bɔ-iɲ ɟom-a,I don't eat rice.,,1SG.NOM-TOP rice-AUX NEG.1SG Eat-FIN
output_layoutA (1).csv,36,uni-d̪o lahat̪e kami-ə kan-t̪ahen-a,She used to work.,,3SG.NOM-TOP Before Work BE-COP:PST-FIN
output_layoutA (1).csv,37,uni-d̪o lahat̪e ba-e kami-ə kan-t̪ʰen-a,He didn't use to work before.,,3SG.NOM-TOP Before NEG.3SG Work BE-COP:PST-FIN
output_layoutA (1).csv,38,uni oɽae sen-len-a,He went home.,,3SG.NOM Home Go-PLUP-FIN
output_layoutA (1).csv,39,uni oɽae ba-e sen-kan-a-e,He didn't go home.,,3SG.NOM Home NEG.3SG Go-COP-FIN-3SG:SUBJ
output_layoutA (1).csv,40,am-ma iɲ ba-m ɲɛl-lid̪əɲ,You didn't see me.,,2SG.NOM-AUX 1SG NEG.2SG See-PST
output_layoutA (1).csv,41,am-ki iɲ ba-m ɲɛl-ɲam kad̪ina,You weren't able to see me.,,2SG.NOM-AUX 1SG NEG.2SG See Find-2SG-PST Get
output_layoutA (1).csv,42,un-ko ɟapi-t̪a,They are sleeping.,,3SG.PL.NOM-AUX Sleep-PST-PROG
output_layoutA (1).csv,43,un-ko ba-ku ɟapi-t̪a,They are not sleeping.,,3SG.PL.NOM-AUX EXCL.NEG Sleep-PST-PROG
output_layoutA (1).csv,44,næt̪aɾd̪o ɟɔt̪t̪ohoɽgiku kami-d̪a,Everyone is working now.,,Now All Work-PROG
output_layoutA (1).csv,45,uni-d̪o lahat̪e kami-ə kan-t̪ahen-a,He used to work before.,,3SG.NOM-TOP Before Work BE-COP:PST-FIN
output_layoutA (1).csv,46,iɲ-d̪o oɽae senoʔ-kanoi,I'm going home.,,1SG.NOM-TOP Home Go-PROG.1SG
output_layoutA (1).csv,47,uni-d̪o oɽae senoʔ-kana-e,He is going home.,,3SG.NOM-TOP Home Go-PROG.3SG:SUBJ
output_layoutA (1).csv,48,am iɲ-se kojʔɔ-kat̪ʰe tʃal-a kan-t̪ʰen-a-m,You were going while watching me.,,2SG.NOM 1SG-ACC-AUX See-CVB Go:FIN BE-COP:PST-FIN-2SG:SUBJ
output_layoutA (1).csv,49,un iɳ-se kojʔɔkat̪ʰe tʃal-a kan-t̪ʰen-a,He was going while watching me.,,3SG.NOM 1SG-ACC-AUX See-CVB Go:FIN BE-COP:PST-FIN
output_layoutA (1).csv,50,una-d̪o mɔɟgej-a,It's good.,,DEM.PROX Good-INAN
output_layoutA (1).csv,51,una-d̪o ba-ŋ mɔɟ-a,It's not good.,,DEM.PROX NEG-1SG Good-INAN
output_layoutA (1).csv,52,uni-koɽa-d̪o ədimutʃʰe siɽiɲ-a,He sings well.,,3SG.M.NOM-TOP Good Sing-FIN
output_layoutA (1).csv,53,uni-kuɽi-d̪o ədimutʃʰe siɽiɲ-a,She sings well.,,3SG.F.NOM-TOP Good Sing-FIN
output_layoutA (1).csv,54,ɾesʔk kan-a,He's happy.,,Happy COP-FIN
output_layoutA (1).csv,55,ba-e ɾesʔk kan-a,He isn't happy.,,NEG-3SG Happy COP-FIN
output_layoutA (1).csv,56,iɲ-d̪o-iɲ laŋgajna,I'm tired.,,1SG-TOP-1SG:SUBJ Tired
output_layoutA (1).csv,57,iɲ-do-iɲ laŋga-len-a,I'm not tired.,,1SG-TOP-1SG:SUBJ Tired-PLUP-FIN
output_layoutA (1).csv,58,iɲ-do-iɲ laŋga-len-a,I was tired.,,1SG-TOP-1SG:SUBJ Tired-PLUP-FIN
output_layoutA (1).csv,59,laŋga-a-m,You'll get tired.,,Tired-FIN-2SG:SUBJ
output_layoutA (1).csv,60,laŋga-len-a-e,He was tired.,,Tired-PLUP-FIN-3SG:SUBJ
output_layoutA (1).csv,61,laŋga-a-e,He will be tired.,,Tired-FIN-3SG:SUBJ
output_layoutA (1).csv,62,uni-d̪o iɲ bɔiha kan-a,He is my brother.,,3SG.NOM-TOP 1SG.GEN Brother COP-FIN
output_layoutA (1).csv,63,iɲ bɔiha-d̪o ba-ŋ kan-a-e,He is not my brother.,,1SG.GEN Brother-TOP NEG-1SG COP-FIN-3SG:SUBJ
output_layoutA (1).csv,64,iɲ ɔnde tʃala-o darija,I may go there.,,1SG.NOM DEM.LOC GO.FUT MOD
output_layoutA (1).csv,65,ɔnde bɔ-iŋ tʃal darija,I may not go there.,,DEM.LOC NEG.1SG Go-PRS MOD
output_layoutA (1).csv,66,iɲ-aʔ mit't'e boi minaʔ,I have a book.,,1SG-GEN One/a Book Have-PRS
output_layoutA (1).csv,67,uni-aʔ mit't'e boi minaʔ,He has a book.,,2SG-GEN One/a Book Have-PRS
output_layoutA (1).csv,68,uni-aʔ nut̪um goreti hembrom,Her name is Goreti Hembrom.,,2SG-GEN Name-NOM Goreti Hembrom
output_layoutA (1).csv,69,iɲ-aʔ baba mathe kami-a,My dad works in the field.,,1SG-GEN Father Field Work-PRS-3SG
output_layoutA (1).csv,70,uni mit't'en moɟ gati kɔɽa kan-a-e,He is a good friend.,,3SG One Good Friend Boy COP-FIN-3SG:SUBJ
output_layoutA (1).csv,71,uni mit't'en moɟ gati kuɽi kan-a-e,She is a good friend.,,3SG One Good Friend Girl COP-FIN-3SG:SUBJ
output_layoutA (1).csv,72,ɲied-ʔ iɲaʔ oɽae kan-a,This is my house.,,this-NOM 1SG-POSS House COP-FIN
output_layoutA (1).csv,73,onad-ʔ iɲaʔ oɽae kan-a,That is my house.,,DEM.DIST 1SG-POSS House COP-FIN
output_layoutA (1).csv,74,ɑlæ-d̪o baŋkali ba-ŋ kan-a-leʔ,We are not Bengali.,,1PL-TOP Bengali NEG-1SG COP-FIN-1PL
output_layoutA (1).csv,75,iɲ iɲ-iŋ dularoa,I love myself.,,1SG.NOM 1SG.POSS Love
output_layoutA (1).csv,76,uni-d̪o moneya aido adie napaya,He thinks he is beautiful.,,3SG.F.NOM-TOP Think-PRS POSS Very Beautiful
output_layoutA (1).csv,77,nui-d̪o aleren nawa gati kuɽi kan-a-e,He is our new friend.,,3SG.PROX.ANIM-TOP 1PL New Friend Girl COP-FIN-3SG:SUBJ
output_layoutA (1).csv,78,uni-d̪o iɲ goɡo kan-a-e,She is my mother.,,3SG.NOM-TOP 1SG.POSS Mother COP-FIN-3SG:SUBJ
output_layoutA (1).csv,79,nui-d̪o iɲ goɡo kan-a-e,This is my mother.,,3SG.PROX.ANIM-TOP 1SG.POSS Mother COP-FIN-3SG:SUBJ
output_layoutA (1).csv,80,iɲ-d̪o mit't'en hɔr kan-a,I am a human.,,1SG.NOM-TOP One Man COP-FIN
output_layoutA (1).csv,81,iɲ-d̪o parha kan-a,I Study.,,1SG-TOP Study COP-FIN
output_layoutA (1).csv,82,heni hɔɾ,That man.,,That Man
output_layoutA (1).csv,83,ale hɔɾ kan-ale,We are Santal.,,1PL.EXCL Man COP-1PL.EXCL
output_layoutA (1).csv,84,nokk in kada okoiɾen kan-aki,Is this buffalo yours?,,This Ox INTER:GEN COP-INTER
output_layoutA (1).csv,85,nokkin kada iɲɾen kan-aki,This buffalo is mine.,,This Ox 1PL.EXCL:GEN COP-INTER
output_layoutA (1).csv,86,iɲ bond̪ʰu kan-a-e,This is my friend.,,1SG:GEN Friend COP-FIN-3SG:SUBJ
output_layoutA (1).csv,87,okoiɾen kan-aki,Whose are these?,,INTER:GEN COP-INTER
output_layoutA (1).csv,88,iɲɾen kan-aki,This is ours.,,1PL.EXCL:GEN COP-INTER
output_layoutA (1).csv,89,amaʔ not̪um tʃe,What is your name?,,2SG:GEN Name What
output_layoutA (1).csv,90,tʃe at̪u okaɾen kan-a-m,Where is your village?,,What Village INTER:LOC COP-FIN-2SG:SUBJ
output_layoutA (1).csv,91,ale at̪u d̪o gopalpuɾ,My village is Gopalpur.,,1PL.EXCL Village TOP Gopalpur
output_layoutA (1).csv,92,apeɾen d̪o tinoʔ kada,How many buffalo do you have?,,2PL:GEN TOP How Many Ox
output_layoutA (1).csv,93,aleɾen d̪o baɾia kada,We have two buffaloes.,,1PL.EXCL:GEN TOP Two Ox
output_layoutA (1).csv,94,amtʃe likam kami-a,How to do it?,,How Work Do-FIN
output_layoutA (1).csv,95,tʃe t̪epe oɾae kid̪a,What is the house made of?,,What With Make House PST
output_layoutA (1).csv,96,hasa t̪ele oɾae kid̪a,The house is made with clay.,,Earth With Make House PST
output_layoutA (1).csv,97,tʃepe rohoia ape-d̪o,What crop do you cultivate?,,What Crop 2PL-TOP
output_layoutA (1).csv,98,huɾule rohoia ale-d̪o,We cultivate rice.,,Rice Crop 1PL.EXCL-TOP
output_layoutA (1).csv,99,oko i heʔ i-na,Who came?,,Who come-PST
output_layoutA (1).csv,100,t̪in ɟukʰuem ɾuoɽ,When will you return?,,When Return
output_layoutA (1).csv,101,t̪in ɟukʰuem tʃal-a,When will you go?,,When Go:FIN
output_layoutA (1).csv,102,am-pen gid̪ɾo not̪um d̪o tʃe,What is your son's name?,,2SG-GEN Son Name TOP What
output_layoutA (1).csv,103,uni d̪o okaɾen titʃaɾ kan-t̪a-bon-a-e,She is our new teacher.,,3SG TOP 1PL.EXCL:GEN New Teacher COP-FIN-3SG:SUBJ
output_layoutA (1).csv,104,iɲalt̪e tʃid̪a am land̪a ked̪a,Why are you laughing?,,You Why 2SG Laugh PAST
output_layoutA (1).csv,105,amɾen aɾho buihaku t̪ehe-kan-a-e,Did he have a brother?,,3SG:GEN Any Brother Exist-PST-FIN-3SG:SUBJ
output_layoutA (1).csv,106,baŋ baku t̪ehe-kan-a-e,"No, he didn't have any brother.",,NEG NEG.EXCL Exist-PST-FIN-3SG:SUBJ
output_layoutA (1).csv,107,he iɲ-ɾen buihaku t̪ehe-kan-a-e,"Yes, he has a brother.",,Yes 3SG:GEN Brother Exist-PST-FIN-3SG:SUBJ
output_layoutA (1).csv,108,am-d̪o d̪akam ɟɔm-a,Would you like to eat rice?,,2SG-TOP Rice Eat:FUT
output_layoutA (1).csv,109,he ɟɔm-a,"Yes, I will eat.",,Yes Eat:FUT
output_layoutA (1).csv,110,iɲ-d̪o bɔ-iɲ ɟɔm-a,"No, I will not eat.",,NEG-TOP NEG-1SG Eat:FUT
output_layoutA (1).csv,111,uni-d̪o am d̪ad̪a kan-a,Is he your brother?,,3SG-TOP 2SG Brother COP-FIN
output_layoutA (1).csv,112,he iɲ d̪ad̪a kan-a,"Yes, he is my brother.",,Yes 1SG:GEN Brother COP-FIN
output_layoutA (1).csv,113,amɾen gid̪ɾo iskule tʃalao kan-a,Did your child go to school?,,2SG:GEN Son School Go:PST COP-FIN
output_layoutA (1).csv,114,okoi oɾae kan-a,Whose house is this?,,Whose House COP-FIN
output_layoutA (1).csv,115,ale oɽae kan-a,This is our house.,,1PL.EXCL House COP-FIN
output_layoutA (1).csv,116,hatem tʃal-a,Will you go to the market?,,Market Go-FIN
output_layoutA (1).csv,117,t̪ihin-d̪o bɔ-iɲ tʃal-a,I won't go to the hut today.,,Today-TOP NEG-1SG Go-FIN
output_layoutA (1).csv,118,he iɲ tʃal-a,"Yes, I will.",,Yes 1SG Go-FIN
output_layoutA (1).csv,119,oka-t̪em tʃalaʔ kan-a,Where are you going?,,Where-LOC Go COP-FIN
output_layoutA (1).csv,120,iɲ-d̪o d̪aɾan iŋ tʃalaʔ kan-a,I go to roam.,,1SG-TOP Roam Go COP-FIN
output_layoutA (1).csv,121,iɲ-d̪o-iɲ tʃalaʔ kan-a,Where will you go?,,1SG-TOP-1SG Go COP-FIN
output_layoutA (1).csv,122,am-d̪o tʃem kami-a,Are you a farmer?,,2SG-TOP Farmer COP-FIN
output_layoutA (1).csv,123,iɲ-d̪o naheli ʃiʔa,I will drive the plough.,,1SG-TOP Plough Drive
output_layoutA (1).csv,124,iɲ-d̪o huɾu ɾohu iŋ tʃalaʔ kan-a,I am going to plant rice.,,1SG-TOP Rice Plant Go COP-FIN
output_layoutA (1).csv,125,apeɾen-d̪o kada mina kina,Do you have buffalo?,,2PL:GEN-TOP Ox Exist Q
output_layoutA (1).csv,126,uni hɔrd̪ɔ ædi osul,That person is very tall.,,3SG Man ø.COP Very Tall
output_layoutA (1).csv,127,uŋko-ki ædimɔtʃ tahena,Are they happy?,,3PL Happy COP-PRS
output_layoutA (1).csv,128,orare-ki dʒahaɟ minaʔpɟa,Is anyone home?,,Home Anyone COP-PRS
output_layoutA (1).csv,129,barereh aimɔ-hor minaʔqua,There are many people outside.,,Outside Many-Man COP-PL.PRS
output_layoutA (1).csv,130,lahat̪e nænde mite ora tehekan-a,There was a home here before.,,Before Here One House COP-FIN.PST
output_layoutA (1).csv,131,bɔi tæbil tʃit̪anɾe tahekan-a,The book was on the table.,,Book Table On COP-FIN.PST
output_layoutA (1).csv,132,aɭe at̪u gadaʔ ariræ,My village is near the river.,,My Village River Near ø.COP
output_layoutA (1).csv,133,holadɔ ædi laŋɡa-ɡin tehekan-a,I was tired yesterday.,,Yesterday Very Tired-Aux COP-FIN.PST
output_layoutA (1).csv,134,niɟo ɟdɔ ba-ŋ herem,This fruit is not sweet.,,This Mango ø.COP Neg Sweet
output_layoutA (1).csv,135,netɔ-ki lind̪ɔ giɟa kan-a,Is it night now?,,ø.COP Now Night COP-FIN
output_layoutA (1).csv,136,niɟa iŋʔ kɔlɔm ba-ŋ kan-a,This is not my pen.,,This Pen Neg-1SG COP-FIN
output_layoutA (1).csv,1,d̪aʔ ɾe.jaʔ aɾ miʈɛc͡ʔ ɲut̪um d̪ɔ ɟi.jon,Another name for water is life.,,Water NAME-GEN And One-CLSSFR Name TOP Life-INESS
output_layoutA (1).csv,2,iɲ gɔgɔ-aʔ isin basaŋ d̪ɔ ɘdi sibila,My mother's cooking is very delicious.,,1SG Mother-GEN Cook Food TOP Very Tasty-FIN
output_layoutA (1).csv,3,iɲ-ɾɛn pusi ɘɖi mia͡o mia͡o-ɛ ɾaːga,My cat meows a lot.,,1SG-GEN Cat Very Meow Meow-3SG:SUBJ Sound-FIN
output_layoutA (1).csv,4,iɲ d̪ɔ iɲ-aʔ nao̯a iskul ɘɖi aʈiɲ kusi-o̯aʔa,I like my new school very much.,,1SG TOP 1SG-GEN New School Very Much Like-PRF-M-FIN
output_layoutA (1).csv,5,d̪inɘm set̪aʔ-ɾɛ iɲ baba aɾ iɲ bo͡iha baɽgi-ɾɛ abat̪ ɲɛl-kin cala-a,Every morning father and brother go to the field to see the crops.,,Every Morning-LOC 1SG Father And 1SG Eldest.Brother Field-LOC Crops See-PROG Go-FIN
output_layoutA (1).csv,6,sɔhɔɾ-ɾɛ cala-o̯-lɛn-kʰan abo d̪ɔ baŋla-t̪ɛ-bon ɾɔːɽa,When we go to town we speak Bengali.,,Town-LOC Go-PST-COND 1PL.EXCL TOP Bengali-INSTR-1PL.EXCL Speak-FIN
output_layoutA (1).csv,7,kid̪uʔ ɟɔm lekʰan-gi iɲ d̪ɔ d̪ud̪ɽum-iɲ-ɘ,Eating rice at night makes me sleepy.,,Night Rice Eat When-EMPH 1SG TOP Sleep-SBJ-CAUS-FIN
output_layoutA (1).csv,8,gaɖa-ɾɛn hako d̪ɔ-ko sibila,Fishes of the river are very tasty.,,River-GEN Fish TOP-3PL Tasty-FIN
output_layoutA (1).csv,9,uni d̪ɔ t̪eheɲ-ɛ hɛc͡ʔ d̪aɽe-ja-a,Can he/she come today?,,3SG TOP Today-3SG Come Ability-FIN-Q
output_layoutA (1).csv,10,am d̪ɔ ɟʰal ɟɔm-ɛm kusi-jaʔa,Do you like to eat spicy food?,,2SG TOP Spicy Eat-2SG:SUBJ Like-PRF-Q
output_layoutA (1).csv,11,caː ɾɛ-ɲ cini-jaʔa,Should I put sugar in the tea?,,Tea LOC-1SG:SUBJ Sugar-put-Q
output_layoutA (1).csv,12,ut̪u-ɾɛ-m buluŋ-ka͡o-d̪a,Did you add salt to the curry?,,Curry-LOC-2SG:SUBJ Salt-put.PST-FIN
output_layoutA (1).csv,13,am d̪ɔ no̯a put̪ʰi-m paɽha-o̯-ka-d̪a,Have you read the book?,,2SG TOP This Book-2SG:SUBJ Read-PST-PRF-FIN
output_layoutA (1).csv,14,uni d̪ɔ t̪eheɲ ced̪aʔ ba-i͡ cala-o̯-le-na,Why didn't he/she go today?,,3SG TOP Today Why NEG-3SG Go-PST-PST-FIN
output_layoutA (1).csv,15,am t̪in-ɾɛ ɔɽaʔ-ɛm ɾu̯ɘɽa,When will you return home?,,2SG When-LOC Home-2SG:SUBJ Return-FIN
output_layoutA (1).csv,16,iɲ d̪ɔ ɔka-sɛc͡ʔ-iɲ cala-a,Which direction do I go?,,1SG TOP Which-DIR-1SG:SUBJ Go-FIN
output_layoutA (1).csv,17,iɲ d̪ɔ ɔka sɛc͡ʔ calaʔ ho-joʔt̪-iɲ-ɘ,Which direction should I go?,,1SG TOP Which DIR Go-M Must-OBL-1SG-FIN
output_layoutA (1).csv,18,am d̪ɔ gapa t̪in-ɾɛ ɔɽaʔ-ɛm hiɟu-a,When will you come home tomorrow?,,2SG TOP Tomorrow When-LOC Home-2SG:SUBJ Come-FIN
output_layoutA (1).csv,19,ced̪aʔ-ɛm land̪a-i͡-d̪a,Why are you laughing?,,Why-2SG:SUBJ Laugh-PROG-FIN
output_layoutA (1).csv,20,ced̪aʔ-pɛ land̪a-i͡-ɛʔ-kan t̪ahɛ̃-kana,Why were you (plural) laughing?,,Why-2PL Laugh-PROG-PRF-CONT Stay-COP
output_layoutA (1).csv,21,ɔka-t̪ɛm cala-ʔ-kana,Where are you going?,,Where-LOC-2SG:SUBJ Go-M-COP
output_layoutA (1).csv,22,ɔka-t̪ɛm cala-o̯-le-na,Where did you go?,,Where-LOC-2SG:SUBJ Go-PST-PST-FIN
output_layoutA (1).csv,23,ɔak-t̪ɛm cala-a,Where will you go?,,Where-LOC-2SG:SUBJ Go-FIN
output_layoutA (1).csv,24,am d̪ɔ ɔka-ɾɛ gat̪e-ʔ-ɛm cala-a,Where will you go to play?,,2SG TOP Which-LOC Play-M-2SG:SUBJ Go-FIN
output_layoutA (1).csv,25,ɔɽaʔ-ɾɛ ɟahã-i͡ mɛna-ʔ-pe-ja,Is anyone at home?,,Home-LOC Anyone-Q Exist-M-2PL-Q
output_layoutA (1).csv,26,ɔɽaʔ-ɾɛ ɟahã-i͡-pɛ t̪ahɛ̃-na,Will anyone be at home?,,Home-LOC Anyone-Q-2PL Stay-FIN
output_layoutA (1).csv,27,am d̪ɔ set̪aʔ t̪in-ɾɛm beɾet̪-ʔa,What time do you wake up in the morning?,,2SG TOP Morning When-LOC-2SG:SUBJ Wake.up-M
output_layoutA (1).csv,28,am cɛt̪-lɛka mena-ma,How are you?,,2SG How-MANNER Exist-Q
output_layoutA (1).csv,29,am cɛʔ-ɛm ceka-i͡-d̪a,What are you doing?,,2SG What-2SG:SUBJ Do-PROG-FIN
output_layoutA (1).csv,30,am cɛʔ-ɛm ceka-ja,What will you do?,,2SG What-2SG:SUBJ Do-FIN
output_layoutA (1).csv,31,cɛt̪ kɘmi am d̪ɔ ɟɘst̪im kusi-jaʔa,What do you like to do the most?,,What Thing 2SG TOP Most Like-PRF-Q
output_layoutA (1).csv,32,ɔna ɟɘɽ aɲɟɔm kat̪ɛʔ pa-ɛ d̪ɔ ced̪aʔ-pɛ land̪a-jɛʔ-kan t̪ahɛ̃-kana,Why were you laughing when you heard that story?,,That Story Hear After Hear-3SG TOP Why-2PL Laugh-PRF-CONT Stay-COP
output_layoutA (1).csv,33,am-aʔ gʰaɾɔ̃ɟ-ɾɛ okɔ-i͡-ko mena-ʔ-ko-a,Who is in your family?,,2SG-GEN Family-LOC Who-Q-3PL Exist-M-3PL-FIN
output_layoutA (1).csv,34,no̯a ʈɔʈʰa-ɾɛ oŋ-ko d̪ɔ cɛt̪-lɛka-t̪ɛ-ko hɛc͡ʔ-le-na,How did they get to this place?,,This Place-LOC 3PL TOP How-MANNER-INSTR-3PL Come-PST-FIN
output_layoutA (1).csv,35,ɔka sɛc͡ʔ-bo cala-o̯-lɛn-kʰac͡ʔ bʰage ho-i͡-ko-a,Which direction would be better for us to go?,,Which DIR-1PL.EXCL Go-PST-COND Good Become-PROG-3PL-FIN
output_layoutA (1).csv,36,ɟahan kupuli t̪ahɛ̃n-t̪am kʰac͡ʔ baɖa-i͡ oco-i͡-ɲ-mɛ,Let me know if you have any questions.,,Any Question Stay-2SG.HON If Inform-IMP Tell-IMP-1SG-IMP
output_layoutA (1).csv,37,am d̪ɔ ɔka-ɾɛm t̪ahɛ̃-na,Where do you live?,,2SG TOP Where-LOC-2SG:SUBJ Stay-FIN
output_layoutA (1).csv,38,am d̪ɔ ɔka-ɾɛm t̪ahɛ̃-na,Where will you stay?,,2SG TOP Where-LOC-2SG:SUBJ Stay-FIN
output_layoutA (1).csv,39,am d̪ɔ cɛt̪ t̪eheɲ-ɛm hiɟu-a,Will you come today?,,2SG TOP What Today-2SG:SUBJ Come-FIN
output_layoutA (1).csv,40,abo d̪ɔ cɛt̪ oŋ-ko-bo hɔhɔ-o̯a-ko-a,Shall we call them?,,1PL.EXCL TOP What 3PL-OBJ-1PL.EXCL Call-PST-3PL-FIN
output_layoutA (1).csv,41,abo d̪ɔ cɛt̪ oŋ-ko-bo hɔhɔ-o̯a-ʔ-ko t̪ahɛ̃-na,Did we call them?,,1PL.EXCL TOP What 3PL-OBJ-1PL.EXCL Call-PRF-M-3PL Stay-FIN
output_layoutA (1).csv,42,abo d̪ɔ cɛt̪ oŋ-ko-bo hɔhɔ-o̯a-ko-a,Shall we call them?,,1PL.EXCL TOP What 3PL-OBJ-1PL.EXCL Call-PST-3PL-FIN
output_layoutA (1).csv,43,am d̪ɔ cɛt̪-iɲ kuli d̪aɽe-o̯a-ma,Can I ask a question?,,2SG TOP What-1SG:SUBJ Question Ability-PST-Q
output_layoutA (1).csv,44,am d̪ɔ t̪eheɲ t̪in-ɾɛ ɔɽaʔ-ɛm hiɟu-a,When will you come home today?,,2SG TOP Today When-LOC Home-2SG:SUBJ Come-FIN
output_layoutA (1).csv,45,am d̪ɔ hɔla t̪in-ɾɛ ɔɽaʔ-ɛm hɛc͡ʔ-le-na,When did you come home yesterday?,,2SG TOP Yesterday When-LOC Home-2SG:SUBJ Come-PST-FIN
output_layoutA (1).csv,46,am do̪ cɛt̪-leka mena-ma,How are you?,,2SG TOP How-MANNER Exist-Q
output_layoutA (1).csv,47,am d̪ɔ cɛt̪-ɛm ceka baɽa-ja,What do you do? (formal habitual),,2SG TOP What-2SG:SUBJ Do Habitually-FIN
output_layoutA (1).csv,48,am cɛt̪-ɛm ceka baɽa-ja,What do you do? (informal habitual),,2SG What-2SG:SUBJ Do Habitually-FIN
output_layoutA (1).csv,49,am d̪ɔ cɛt̪-ɛm ceka-i͡-d̪a,What are you doing? (formal progressive),,2SG TOP What-2SG:SUBJ Do-PROG-FIN
output_layoutA (1).csv,50,am d̪ɔ cɛt̪ ceka-jɛm kusi-o̯aʔa,What is your hobby? (formal),,2SG TOP What Do-NMLZ-2SG:SUBJ Like-PRF-M-FIN
output_layoutA (1).csv,51,am cɛt̪ ceka-jɛm kusi-o̯aʔa,What is your hobby? (informal),,2SG What Do-NMLZ-2SG:SUBJ Like-PRF-M-FIN
output_layoutA (1).csv,52,am d̪ɔ cɛt̪ ceka-jɛm kusi-o̯aʔa,What do you like to do?,,2SG TOP What Do-NMLZ-2SG:SUBJ Like-PRF-M-FIN
output_layoutA (1).csv,53,apɛ d̪ɔ ɲu-i͡ d̪aʔ cɛt̪-leka-kat̪ɛ-pɛ d̪ɔhɔ-ja,How do you collect drinkable water?,,2PL TOP Drink-NMLZ Water How-MANNER-INSTR-2PL Collect-FIN
output_layoutA (1).csv,54,am d̪ɔ no̯a cɛt̪-lɛka-kat̪ɛm isin basaŋ-ɛ-d̪a,How did you cook this?,,2SG TOP This How-MANNER-INSTR Cook Food-CAUS-FIN
output_layoutA (1).csv,55,am d̪ɔ no̯a piʈʰɘ cɛt̪-lɛka-kat̪ɛʔm bena-o̯-ke-d̪a,How did you make this cake?,,2SG TOP This Cake How-MANNER-INSTR-2SG:SUBJ Make-PST-TR-FIN
output_layoutA (1).csv,56,am-aʔ ɔɽaʔ d̪ɔ ɔka-ɾe,Where is your home?,,2SG-GEN Home TOP Where-LOC
output_layoutA (1).csv,57,abo d̪ɔ t̪eheɲ ɔka-ɾɛ-bo t̪ahɛ̃-na,Where will we stay today?,,1PL.EXCL TOP Today Where-LOC-1PL.EXCL Stay-FIN
output_layoutA (1).csv,58,am ɔka-ɾɛm t̪ahɛ̃-na,Where do you live?,,2SG Where-LOC-2SG:SUBJ Stay-FIN
output_layoutA (1).csv,59,no̯a ʈɔʈʰa-ɾɛ ɘɖi bɘɽic͡ʔ sɔ kana,This place smells bad.,,This Place-LOC Very Bad Smell COP
output_layoutA (1).csv,60,ut̪u-ɾɛ ɟʰal ɟɘst̪i-jena,This curry is very spicy.,,Curry-LOC Spicy Excess-become-FIN
output_layoutA (1).csv,61,caː-ɾɛ hɛɽɛm ɟɘst̪i-jɛna,This tea contains too much sugar.,,Tea-LOC Sweet Excess-become-FIN
output_layoutA (1).csv,62,ɟɔm-ʔ bɘɽic͡ʔ-e-na,This food has gone stale.,,Food-M Spoil-3SG-FIN
output_layoutA (1).csv,63,no̯a ɟɔ d̪ɔ ɾɔbɔc͡ʔ ɾɔbɔc͡ʔ ɾasa-ge-ja,This fruit is very juicy.,,This Fruit TOP Dripping Dripping Juicy-MANNER-FIN
output_layoutA (1).csv,64,ɟɔm-aʔ-ko-ɾɛ d̪ɔ ɖʰeɾ mɔsɔla-ko laga-o̯-ă-ka-d̪a,These foods have too much spices.,,Food-GEN-3PL-LOC TOP Many Spice-3PL Apply-PST-PERF-PRF-FIN
output_layoutA (1).csv,65,sɔɾbɔt̪ ɲu t̪a-jɔm ɘɖi ceɾʈʰaɲ ɘ-i͡-kɘ-o̯e-d̪a,This shake feels very refreshing after drinking.,,Shake Drink After-eat Very Refreshing Feel-PROG-CAUS-PERF-FIN
output_layoutA (1).csv,66,paɾkɔm lat̪a-ɾ kʰɔn ɟʰuɽi ɘgu-i͡-mɛ,Bring that basket from under the bed.,,Bed Under-GEN From Basket Bring-IMP-2SG
output_layoutA (1).csv,67,iskul d̪ɔ no̯a ɖahaɾ hana-sa-ɾɛ,The school is on the opposite side of this road.,,School TOP This Road Opposite-side-LOC
output_layoutA (1).csv,68,ɔɽaʔ bɛɽha-i͡-t̪ɛ d̪aɾe-ko ɾɔhɔ-i͡-aka-ʔ-a,Trees are planted all around the house.,,Home Surrounding-INSTR Tree-3PL Planted-PROG-PRF-M-FIN
output_layoutA (1).csv,69,ɟɔt̪ɔ-ko mud̪-ɾɛ nu-i͡ paɽha-ʔ kɔɽa d̪ɔ-i͡ sɔɾɔs-ge-ja,That student is the best among all.,,All-3PL Among-LOC This-Q Student TOP-Q Best-MANNER-FIN
output_layoutA (1).csv,70,bana-hɔɽ-ge-kin bud̪ ɘkila-na-ʔ-a,They are both brilliant.,,Both-MANNER-PROG-DU Intelligent Appear-FIN-M-FIN
output_layoutA (1).csv,71,maʈʰ samaŋ-ɾe-ge mit̪-ʔʈɛc͡ʔ pukʰɾi mɛna-a,There is a pond in front of the field.,,Field Front-LOC-EMPH One-M-CLSSFR Pond Exist-FIN
output_layoutA (1).csv,72,d̪ɔkan aɽe-ɾe-ge mit̪-ʔʈɛc͡ʔ maʈʰ mena-a,There is a field next to the shop.,,Shop Beside-LOC-EMPH One-M-CLSSFR Field Exist-FIN
output_layoutA (1).csv,73,ɔɽaʔ bʰit̪ɾi-sɛc͡ʔ cala-ʔ-mɛ,Go inside the house.,,Home Inside-DIR Go-M-2SG.IMP
output_layoutA (1).csv,74,nit̪ bahaɾɛ-sɛc͡ʔ-ɛm cala-o̯ d̪aɽe-jaʔa,You can go out now.,,Now Outside-DIR-2SG:SUBJ Go-PST Ability-PRF-FIN
output_layoutA (1).csv,75,t̪eheɲ d̪ɔ ɘɖi ɾɘskɘɲ ɘ-i͡-kɘ-o̯e-d̪a,I feel very happy today.,,Today TOP Very Happy-1SG Feel-PROG-CAUS-PERF-FIN
output_layoutA (1).csv,76,t̪eheɲ d̪ɔ ɘɖi d̪uki-ɲ ɘ-i͡-kɘ-o̯e-d̪a,I feel very sad today.,,Today TOP Very Sad-1SG Feel-PROG-CAUS-PERF-FIN
output_layoutA (1).csv,77,t̪eheɲ d̪ɔ ɘɖi bes-iɲ ɘ-i͡-kɘ-o̯-d̪a,I feel very good today.,,Today TOP Very Good-1SG Feel-PROG-CAUS-FIN
output_layoutA (1).csv,78,t̪eheɲ d̪ɔ ɘɖi bɘɽic͡ʔ-iɲ ɘ-i͡-kɘ-o̯-d̪a,I feel very bad today.,,Today TOP Very Bad-1SG Feel-PROG-CAUS-FIN
output_layoutA (1).csv,79,bah-ɾɛ-ɾɛ ɘɖi ãʈ saɖe-kana,There is a lot of noise outside.,,Outside-LOC-REDUP Very Sound Make-COP
output_layoutA (1).csv,80,no̯a baha ɾe-jaʔ sɔ d̪ɔ bɘnu-a,This flower has no smell.,,This Flower NAME-GEN Smell TOP Absence-FIN
output_layoutA (1).csv,81,ɟɔt̪ɔ-sɛc͡ʔ hiɾkʰɘ-ge sɔ kana,A pungent smell is everywhere.,,All-DIR Pungent-MANNER Smell COP
output_layoutA (1).csv,82,bɛc͡ʔ bɛc͡ʔ-iɲ ɘ-i͡-kɘ-o̯e-d̪a,Feeling nauseous.,,Nauseous Nauseous-1SG Feel-PROG-CAUS-PERF-FIN
output_layoutA (1).csv,83,set̪a-i͡ bʰuʔ-e-d̪a,The dog is barking.,,Dog-ANAPH Bark-3SG-FIN
output_layoutA (1).csv,84,buk-ɽu-i͡ d̪iɲa-i͡,He/She is tickling.,,Tickle-NMLZ-ANAPH Doing-ANAPH
output_layoutA (1).csv,85,moɽ-sɛc͡ʔ laha kat̪ɛʔ lɛŋga-sɛc͡ʔ ɘcuɾɔʔ-mɛ,Take the next turn then go to the left.,,Turn-DIR After Then Left-DIR Turn-IMP-2SG
output_layoutA (1).csv,86,moɽ-sɛc͡ʔ laha kat̪ɛʔ ɟɔɟɔm-sɛc͡ʔ ɘcuɾɔʔ-mɛ,Take the next turn then go to the right.,,Turn-DIR After Then Right-DIR Turn-IMP-2SG
output_layoutA (1).csv,87,uni d̪ɔ ɘɖi ɾɘskɘ-ɾɛ mena-ja,He/She is very happy.,,3SG TOP Very Happy-LOC Exist-FIN
output_layoutA (1).csv,88,uni d̪ɔ ɘɖi d̪uk-ɾɛ mena-ja,He/She is in a lot of pain.,,3SG TOP Very Pain-LOC Exist-FIN
output_layoutA (1).csv,89,no̯a ɟɔ d̪ɔ haɽha-t̪-ge-ja,The taste of this fruit is bitter.,,This Fruit TOP Bitter-NMLZ-MANNER-FIN
output_layoutA (1).csv,90,no̯a ɟɔ d̪ɔ hɛɽɛm-ge sebe-la,The taste of this fruit is sweet.,,This Fruit TOP Sweet-MANNER Taste-FIN
output_layoutA (1).csv,91,no̯a ɟɔ d̪ɔ ɟɔɟɔ-ge-ja,The taste of this fruit is sour.,,This Fruit TOP Sour-MANNER-FIN
output_layoutA (1).csv,92,no̯a ɟɔm-aʔ-ko-d̪ɔ ɘɖi sebela-ʔ-kana,These dishes are very tasty/delicious.,,This Food-GEN-3PL-TOP Very Tasty-M-COP
output_layoutA (1).csv,93,biskuʈ ɟɔm-t̪ɛ ɾaham ɾaha-ɾ ɘ-i͡-kɘ-ʔ-kana,This biscuit tastes salty while eating.,,Biscuit Eat-INSTR Salty Salty-GEN Feel-PROG-CAUS-M-COP
output_layoutA (1).csv,94,bini d̪ɔ ʈibil cet̪an-ɾɛ-ko d̪ɔhɔ-o̯a-ka-d̪a,That fan is placed on the table.,,Fan TOP Table Top-LOC-3PL Place-PST-PRF-FIN
output_layoutA (1).csv,95,mit̪-ʔ gʰɘɽi lɘgit̪ cet̪an sɛc͡ʔ kɔ-jɔʔ-kam,Look up for some moments.,,One-M Moment For Top DIR Look-PRF-2SG.IMP
output_layoutA (1).csv,96,ɟɔt̪ɔ-ko bɛɽha-i͡-t̪ɛ-ko t̪iŋgu-o̯a-kana,Everyone is standing in a circle.,,All-3PL Around-INSTR-3PL Stand-PST-COP
output_layoutA (1).csv,97,ɔɽaʔ t̪a-i͡-nɔm-ɾɛ mit̪-ʔʈɛc͡ʔ kʰamaɾ mɛna-a,There is a farm behind the house.,,Home Behind-NMLZ-LOC One-M-CLSSFR Farm Exist-FIN
output_layoutA (1).csv,98,uni gid̪ɾɘ-i͡ land̪a-i͡-d̪a,That child is smiling/laughing.,,3SG Child-ANAPH Laugh-PROG-FIN
output_layoutA (1).csv,99,uni gid̪ɾɘ-i͡ ɾaʔ-ɛ-d̪a,That baby is crying.,,3SG Child-ANAPH Cry-3SG-FIN
output_layoutA (1).csv,100,no̯a baha-ɾe-jaʔ sɔː d̪ɔ ɘɖi mɔ̃ːɟa,The smell of this flower is very nice.,,This Flower-GEN-NAME Smell TOP Very Pleasant-FIN
output_layoutA (1).csv,101,bagan aɖɛ-pa-sɛ mit̪-ʔ leka-naʔ boge sɔ ɲam-o-a,One kind of aroma can be found around the garden.,,Garden Around-NEAR One-M Like-NAME Kind Smell Find-FIN-FIN
output_layoutA (1).csv,102,no̯a d̪ɔ ɘɖi-t̪ɛt̪ bɘɽic͡ʔ kɘmi kana,It is a heinous act.,,This TOP Very-EMPH Bad Work COP
output_layoutA (1).csv,103,hɔɽmɔ baba-t̪-ʔ-kana,The body is itching.,,Body Itch-NMLZ-M-COP
output_layoutA (1).csv,104,ɟaŋga-ɾɛ ga-i͡-gɔm ga-i͡-gɔm-iɲ ɘ-i͡-kɘ-o̯e-d̪a,My feet are tickling.,,Foot-LOC Tickle-REDUP Tickle-REDUP-1SG Feel-PROG-CAUS-PERF-FIN
output_layoutA (1).csv,105,mit̪,One,,NUM:One
output_layoutA (1).csv,106,baɾ,Two,,NUM:Two
output_layoutA (1).csv,107,pɛ,Three,,NUM:Three
output_layoutA (1).csv,108,pon,Four,,NUM:Four
output_layoutA (1).csv,109,mɔ̃ɽɛ,Five,,NUM:Five
output_layoutA (1).csv,110,t̪uɾu-i͡,Six,,NUM:Six-CLSSFR
output_layoutA (1).csv,111,ɛ-ja-i͡,Seven,,NUM:Seven-CLSSFR-CLSSFR
output_layoutA (1).csv,1,d̪uɽup̚ʔ,to sit,,V.sit
output_layoutA (1).csv,2,hiɟuʔ,to come,,V.come
output_layoutA (1).csv,3,calaʔ,to go,,V.go
output_layoutA (1).csv,4,op̚ɾom,to recognize,,V.recognize
output_layoutA (1).csv,5,aɲɟɔm,to listen,,V.listen
output_layoutA (1).csv,6,ɲɛl,to see,,V.see
output_layoutA (1).csv,7,baɖa͡i̯,to know,,V.know
output_layoutA (1).csv,8,ɛmɔʔ,to give,,V.give
output_layoutA (1).csv,9,hat̪a͡o̯,to take,,V.take
output_layoutA (1).csv,10,ɘgu,to bring,,V.bring
output_layoutA (1).csv,11,ɘgu,to bring,,V.bring
output_layoutA (1).csv,12,kiɾiɲ,to buy,,V.buy
output_layoutA (1).csv,13,d̪aɽan,to walk/roam,,V.walk
output_layoutA (1).csv,14,ʈɛo̯͡aŋ hat̪a͡o̯,to find out,,V.inquire V.take
output_layoutA (1).csv,15,kusi,to like,,V.like
output_layoutA (1).csv,16,at̪̚ʔ,to lose,,V.lose
output_layoutA (1).csv,17,ɲam,to find,,V.find
output_layoutA (1).csv,18,cas bas,to cultivate,,V.cultivate V.work
output_layoutA (1).csv,19,bad̪ʰa,to tie up,,V.tie
output_layoutA (1).csv,20,sɛʈɛɾ kaʔ,to deliver,,V.arrive COMPL
output_layoutA (1).csv,21,d̪isɘ d̪ɔho͡i̯,to remember,,N.memory V.keep
output_layoutA (1).csv,22,sɛnd̪ɾa,to search,,V.search
output_layoutA (1).csv,23,kat̪ʰa ɾɔɽ,to talk,,N.speech V.say
output_layoutA (1).csv,24,majam ɟɔɾɔʔ,to bleed,,N.blood V.flow
output_layoutA (1).csv,25,bʰind̪ɘɽɔʔ,to read,,V.read
output_layoutA (1).csv,26,ɲuɾhɘʔ,to drop off,,V.drop.off
output_layoutA (1).csv,27,ɘkʰɾiɲ,to sell,,V.sell
output_layoutA (1).csv,28,ɟɔma d̪ɔho͡i̯,to deposit,,V.gather V.keep
output_layoutA (1).csv,29,ɟul,to burn,,V.burn
output_layoutA (1).csv,30,paɾɔm calaʔ,to cross,,PREP.across V.go
output_layoutA (1).csv,31,gɔɽɔ gɔpɔɽɔʔ,to help/cooperate,,V.help V.cooperate
output_layoutA (1).csv,32,d̪ɛɟɔʔ,to ride,,V.ride
output_layoutA (1).csv,33,kuk̚mu ɲɛl,to dream,,N.dream V.see
output_layoutA (1).csv,34,ɟɔm,to eat,,V.eat
output_layoutA (1).csv,35,ɾu̯͡ɘɽ,to return,,V.return
output_layoutA (1).csv,36,hiɽiɲ,to forget,,V.forget
output_layoutA (1).csv,37,ɔlɔʔ,to write,,V.write
output_layoutA (1).csv,38,kuɾumuʈu,to try,,V.try
output_layoutA (1).csv,39,sap̚ʔ,to catch,,V.catch
output_layoutA (1).csv,40,ɛhɔp̚ʔ,to start,,V.start
output_layoutA (1).csv,41,kusi,to become happy,,ADJ.happy
output_layoutA (1).csv,42,um ɖɘb̚ɾɘʔ,to take a bath,,N.water V.immerse
output_layoutA (1).csv,43,bacʰa͡o̯,to pick,,V.pick
output_layoutA (1).csv,44,buɟʰhɘ͡o̯,to understand,,V.understand
output_layoutA (1).csv,45,cet̚ʔ,to learn,,V.learn
output_layoutA (1).csv,46,lekʰa,to calculate,,V.calculate
output_layoutA (1).csv,47,ɔcɔʔ giɖi,to remove,,V.remove COMPL
output_layoutA (1).csv,48,bɔt̪ɔɾ biɽki,to be afraid,,N.fear V.feel
output_layoutA (1).csv,49,lɔhɔt̪̚ʔ,to get wet,,V.wet
output_layoutA (1).csv,50,t̪ahɛn,to stay,,V.stay
output_layoutA (1).csv,51,ɾuhet̪̚ʔ,to scold,,V.scold
output_layoutA (1).csv,52,bint̪i,to pray,,V.pray
output_layoutA (1).csv,53,bint̪i,to pray,,V.pray
output_layoutA (1).csv,54,ɲu,to drink,,V.drink
output_layoutA (1).csv,55,la,to dig,,V.dig
output_layoutA (1).csv,56,ɛsɛt̪̚ʔ kaʔ,to turn off,,V.extinguish COMPL
output_layoutA (1).csv,57,ɔɽɛʲc̚ʔ,to crack/burst,,V.crack
output_layoutA (1).csv,58,ɾɘput̪̚ʔ,to break,,V.break
output_layoutA (1).csv,59,ul,mango,,N.mango
output_layoutA (1).csv,60,kanʈʰaɽ,jackfruit,,N.jackfruit
output_layoutA (1).csv,61,ka͡i̯ɾa,banana,,N.banana
output_layoutA (1).csv,62,sɘp̚ɽi,guava,,N.guava
output_layoutA (1).csv,63,ɟɔɟɔ,tamarind,,N.tamarind
output_layoutA (1).csv,64,ɟɘnum,plum,,N.plum
output_layoutA (1).csv,65,pɘpit̪a,papaya,,N.papaya
output_layoutA (1).csv,66,kud̪,java plum,,N.java.plum
output_layoutA (1).csv,67,t̪ale,palmyra palm,,N.palmyra.palm
output_layoutA (1).csv,68,papit̪a,papaya,,N.papaya
output_layoutA (1).csv,69,ɾɘsun,garlic,,N.garlic
output_layoutA (1).csv,70,pe.jãc̚,onion,,N.onion
output_layoutA (1).csv,71,ad̪ʰhɛ,ginger,,N.ginger
output_layoutA (1).csv,72,bɛɾɛl mɘɾic̚,green chilies,,ADJ.raw N.chili
output_layoutA (1).csv,73,ɾɔhɔɽ mɘɾic̚,dry chili,,ADJ.dry N.chili
output_layoutA (1).csv,74,t̪ilmiɲ,sesame,,N.sesame
output_layoutA (1).csv,75,t̪uɽi,mustard,,N.mustard
output_layoutA (1).csv,76,ɾɔhɔɽ,dry fish/meat,,N.dried.fish
output_layoutA (1).csv,77,konɖha,sweet pumpkin,,N.pumpkin
output_layoutA (1).csv,78,hɔt̪ɔt̪̚ʔ,gourd,,N.gourd
output_layoutA (1).csv,79,sɛkɛɾ kɛnd̪a,sweet potato,,ADJ.sweet N.root
output_layoutA (1).csv,80,ed̪el saŋ,potato sprouts,,N.potato N.sprout
output_layoutA (1).csv,81,ot̪̚ʔ,mushroom,,N.mushroom
output_layoutA (1).csv,82,beŋgaɽ,eggplant,,N.eggplant
output_layoutA (1).csv,83,sɘɾu,taro root,,N.taro
output_layoutA (1).csv,84,malhan,bean,,N.bean
output_layoutA (1).csv,85,ɟɔnɖɾa,corn,,N.corn
output_layoutA (1).csv,86,aɽaʔ,leafy vegetables,,N.leafy.vegetable
output_layoutA (1).csv,87,t̪i,hand,,N.hand
output_layoutA (1).csv,88,t̪i kɘʈup̚ʔ,finger,,N.hand N.tip
output_layoutA (1).csv,89,moca,mouth,,N.mouth
output_layoutA (1).csv,90,mɛ̃t̪̚ʔ,eye,,N.eye
output_layoutA (1).csv,91,lut̪uɾ,ear,,N.ear
output_layoutA (1).csv,92,mu,nose,,N.nose
output_layoutA (1).csv,93,gunʈʰi,knee,,N.knee
output_layoutA (1).csv,94,ɟaŋga,leg,,N.leg
output_layoutA (1).csv,95,bɔhɔʔ,head,,N.head
output_layoutA (1).csv,96,hɔʈɔʔ,throat,,N.throat
output_layoutA (1).csv,97,laʲc̚ʔ,belly,,N.belly
output_layoutA (1).csv,98,kɔɽam,chest,,N.chest
output_layoutA (1).csv,99,d̪ɘbi,neck,,N.neck
output_layoutA (1).csv,100,up̚ʔ,hair,,N.hair
output_layoutA (1).csv,101,gucu,beard/mustache,,N.beard
output_layoutA (1).csv,102,mɛ̃t̚ʔ kuʈi,eyebrow,,N.eye N.hair
output_layoutA (1).csv,103,ɟoha,cheeks,,N.cheek
output_layoutA (1).csv,104,alaŋ,tongue,,N.tongue
output_layoutA (1).csv,105,ɖaʈa,teeth,,N.tooth
output_layoutA (1).csv,106,ɾama,nail,,N.nail
output_layoutA (1).csv,107,ɟaŋ,bone,,N.bone
output_layoutA (1).csv,108,haɾt̪a,skin,,N.skin
output_layoutA (1).csv,109,ma.jam,blood,,N.blood
output_layoutA (1).csv,110,kɔɽam,heart,,N.heart
output_layoutA (1).csv,111,d̪i.ja,back,,N.back
output_layoutA (1).csv,112,hɔɽmɔ,body,,N.body
output_layoutA (1).csv,113,ponɖ,white,,ADJ.white
output_layoutA (1).csv,114,hɛnd̪ɛ,black,,ADJ.black
output_layoutA (1).csv,115,aɾaʔ,red,,ADJ.red
output_layoutA (1).csv,116,hɘɾi̯͡ɘɽ,green,,ADJ.green
output_layoutA (1).csv,117,nil,blue,,ADJ.blue
output_layoutA (1).csv,118,akasi,sky blue,,ADJ.sky.blue
output_layoutA (1).csv,119,bɛŋgaɽ ɾɔŋ,purple,,N.eggplant N.colour
output_layoutA (1).csv,120,sasaŋ,yellow,,ADJ.yellow
output_layoutA (1).csv,121,kic̚ɾiʔ kʰɘnɖu̯͡ɘ,clothes/dress,,N.cloth N.garment
output_layoutA (1).csv,122,panahi,shoes,,N.shoe
output_layoutA (1).csv,123,curli,bangles,,N.bangle
output_layoutA (1).csv,124,pagɾa,earrings,,N.earring
output_layoutA (1).csv,125,hɔʈɔʔ mala,pendant,,N.throat N.garland
output_layoutA (1).csv,126,sut̪̚ʔ ɟʰɘli,hair clip/band,,N.hair N.pin
output_layoutA (1).csv,127,d̪ɘɽhi,turban,,N.turban
output_layoutA (1).csv,128,ʈup̚ɾi,hat,,N.hat
output_layoutA (1).csv,129,cɛɽɛ̃,bird,,N.bird
output_layoutA (1).csv,130,ɖaŋɾa,cow,,N.cow
output_layoutA (1).csv,131,gɛɖɛ,duck,,N.duck
output_layoutA (1).csv,132,sim,chicken,,N.chicken
output_layoutA (1).csv,133,mɛɾɔm,goat,,N.goat
output_layoutA (1).csv,134,kaɖa,buffalo,,N.buffalo
output_layoutA (1).csv,135,suk̚ɾi,pig,,N.pig
output_layoutA (1).csv,136,hɘt̪i,elephant,,N.elephant
output_layoutA (1).csv,137,t̪ɘɾup̚ʔ,tiger,,N.tiger
output_layoutA (1).csv,138,bana,bear,,N.bear
output_layoutA (1).csv,139,ɟel,deer,,N.deer
output_layoutA (1).csv,140,gɘɽĩ,monkey,,N.monkey
output_layoutA (1).csv,141,kulɘ͡i̯,rabbit,,N.rabbit
output_layoutA (1).csv,142,t̪u.ju,fox,,N.fox
output_layoutA (1).csv,143,biɲ,snake,,N.snake
output_layoutA (1).csv,144,biɲ,turtle,,N.turtle
output_layoutA (1).csv,145,ɾɔʈɛ,frog,,N.frog
output_layoutA (1).csv,146,sɛt̪a,dog,,N.dog
output_layoutA (1).csv,147,pusi,cat,,N.cat
output_layoutA (1).csv,148,sad̪ɔm,horse,,N.horse
output_layoutA (1).csv,149,haku,fish,,N.fish
output_layoutA (1).csv,150,t̪iɟu,insect,,N.insect
output_layoutA (1).csv,151,ɲɛlɛ,bee,,N.bee
output_layoutA (1).csv,152,ɾɔ̃,fly,,N.fly
output_layoutA (1).csv,153,bind̪i,spider,,N.spider
output_layoutA (1).csv,154,muʲc̚ʔ,ant,,N.ant
output_layoutA (1).csv,155,sĩkɽĩʲc̚ʔ,mosquito,,N.mosquito
output_layoutA (1).csv,156,ʈik̚ʈɔ̃ɽɔ̃ʔ,mavis,,N.bird.mavis
output_layoutA (1).csv,157,pot̪am,dove,,N.dove
output_layoutA (1).csv,158,gʰão̯͡ã,sparrow,,N.sparrow
output_layoutA (1).csv,159,hɘt̪iuɽiʔ,oriental magpie robin,,N.bird.robin
output_layoutA (1).csv,160,kɔ̃ʔ,heron,,N.heron
output_layoutA (1).csv,161,kɘhũ,crow,,N.crow
output_layoutA (1).csv,162,paɟʰaɽ,eagle,,N.eagle
output_layoutA (1).csv,163,kũɽĩt̪̚ʔ,milvus/kite,,N.kite
output_layoutA (1).csv,164,gid̪i,vulture,,N.vulture
output_layoutA (1).csv,165,at̪o,village,,N.village
output_layoutA (1).csv,166,d̪aʔ,water,,N.water
output_layoutA (1).csv,167,gaɖa,river,,N.river
output_layoutA (1).csv,168,buɾu,mountain,,N.mountain
output_layoutA (1).csv,169,cand̪o,moon,,N.moon
output_layoutA (1).csv,170,ipil,star,,N.star
output_layoutA (1).csv,171,maɾsal,light,,N.light
output_layoutA (1).csv,172,ɲut̪̚ʔ,dark/darkness,,N.darkness
output_layoutA (1).csv,173,d̪aɾe,tree,,N.tree
output_layoutA (1).csv,174,hasa,soil,,N.soil
output_layoutA (1).csv,175,d̪ʰuɽi,dust,,N.dust
output_layoutA (1).csv,176,d̪ʰiɾi,stone,,N.stone
output_layoutA (1).csv,177,nɘɽi,sand,,N.sand
output_layoutA (1).csv,178,sakam,leaf,,N.leaf
output_layoutA (1).csv,179,ɾɛhɛt̪̚ʔ,roots,,N.root
output_layoutA (1).csv,180,baha,flower,,N.flower
output_layoutA (1).csv,181,ɟɔː,fruit,,N.fruit
output_layoutA (1).csv,182,bɘ͡i̯sɘkʰ,Baisakh (1st month),,N.month.Baisakh
output_layoutA (1).csv,183,ɟʰɛ̃ʈ̚,Jeth (2nd month),,N.month.Jeth
output_layoutA (1).csv,184,asaɽ,Asarh (3rd month),,N.month.Asarh
output_layoutA (1).csv,185,san,Sawan (4th month),,N.month.Sawan
output_layoutA (1).csv,186,bʰad̪ɔɾ,Bhadon (5th month),,N.month.Bhadon
output_layoutA (1).csv,187,ɘsin,Asin (6th month),,N.month.Asin
output_layoutA (1).csv,188,kɘɾt̪ik̚,Kartik (7th month),,N.month.Kartik
output_layoutA (1).csv,189,agʰɔn,Aghan (9th month),,N.month.Aghan
output_layoutA (1).csv,190,pus,Pus (10th month),,N.month.Pus
output_layoutA (1).csv,191,magʰ,Magh (11th month),,N.month.Magh
output_layoutA (1).csv,192,pʰagun,Phagun (12th month),,N.month.Phagun
output_layoutA (1).csv,193,cɘt̪̚,Chet (8th month),,N.month.Chet
output_layoutA (1).csv,194,set̪oŋ,summer,,N.summer
output_layoutA (1).csv,195,ɟɘput̪̚ʔ,monsoon,,N.monsoon
output_layoutA (1).csv,196,niɾɘn,autumn,,N.autumn
output_layoutA (1).csv,197,agʰãɽ,late autumn,,N.late.autumn
output_layoutA (1).csv,198,ɾabaŋ,winter,,N.winter
output_layoutA (1).csv,199,ʈaɽaŋ d̪in,spring,,ADJ.flowering N.day
output_layoutA (1).csv,200,sɘnicaɾ,Saturday,,N.day.Saturday
output_layoutA (1).csv,201,aʈʰo̯͡aɾ,Sunday,,N.day.Sunday
output_layoutA (1).csv,202,sɔm,Monday,,N.day.Monday
output_layoutA (1).csv,203,mɔŋgɔl,Tuesday,,N.day.Tuesday
output_layoutA (1).csv,204,bud̪ʰ,Wednesday,,N.day.Wednesday
output_layoutA (1).csv,205,luk̚kʰi baɾ,Thursday,,ADJ.auspicious N.day
output_layoutA (1).csv,206,sokol,Friday,,N.day.Friday
output_layoutA (1).csv,207,ɔk̚t̪ɛ,time,,N.time
output_layoutA (1).csv,208,ɘ.jup̚ʔ beɾ,afternoon,,N.sun N.period
output_layoutA (1).csv,209,set̪aʔ beɾ,morning,,N.daybreak N.period
output_layoutA (1).csv,210,t̪ikin beɾ,noon,,N.midday N.period
output_layoutA (1).csv,211,ɘ.jup̚ʔ beɾ,evening,,N.sun.set N.period
output_layoutA (1).csv,212,ɲind̪ɘ,night,,N.night
output_layoutA (1).csv,213,gʰɔnʈa,hour,,N.hour
output_layoutA (1).csv,214,maha,day,,N.day
output_layoutA (1).csv,215,hap̚t̪a,week,,N.week
output_layoutA (1).csv,216,mɘh̚nɘ,month,,N.month
output_layoutA (1).csv,217,bɔcʰɔɾ,year,,N.year
output_layoutA (1).csv,218,ɟug,era,,N.era
output_layoutA (1).csv,219,gɔɽɔmba,grandfather (paternal),,ADJ.great-KIN.father
output_layoutA (1).csv,220,gɔɽɔm a.jo,grandmother (paternal),,ADJ.great KIN.woman
output_layoutA (1).csv,221,gɔgɔ,mother,,KIN.mother
output_layoutA (1).csv,222,baba,father,,KIN.father
output_layoutA (1).csv,223,maɾaŋba,uncle (father's elder brother),,ADJ.elder-KIN.father
output_layoutA (1).csv,224,hɔpɔnba,uncle (father's younger brother),,ADJ.junior-KIN.father
output_layoutA (1).csv,225,maɾaŋgɔ,aunt (wife of father's elder brother),,ADJ.elder-KIN.mother
output_layoutA (1).csv,226,hɔpɔngɔ,aunt (wife of father's younger brother),,ADJ.junior-KIN.mother
output_layoutA (1).csv,227,peɽa,relative,,N.relative
output_layoutA (1).csv,228,kuɽi gid̪ɾɘ,daughter,,N.girl N.child
output_layoutA (1).csv,229,kɔɽa gid̪ɾɘ,son,,N.boy N.child
output_layoutA (1).csv,230,gid̪ɾɘko,offspring,,N.child-PL
output_layoutA (1).csv,231,kɘʈiʲc̚ʔ gid̪ɾɘko,kid,,ADJ.small N.child-PL
output_layoutA (1).csv,232,haɽamba,grandfather (maternal),,ADJ.old.mat-KIN.father
output_layoutA (1).csv,233,buɖigɔ,grandmother (maternal),,ADJ.old.mat-KIN.mother
output_layoutA (1).csv,234,lɘʈu bɔ͡i̯ha,elder brother,,ADJ.elder KIN.brother
output_layoutA (1).csv,235,bɔ͡i̯ha,brother,,KIN.brother
output_layoutA (1).csv,236,lɘʈu d̪id̪i,elder sister,,ADJ.elder KIN.sister
output_layoutA (1).csv,237,misɾa,sister,,KIN.sister
output_layoutA (1).csv,238,hili,sister-in-law,,KIN.sister.in.law
output_layoutA (1).csv,239,t̪iɲaŋ,brother-in-law,,KIN.brother.in.law
output_layoutA (1).csv,240,hɔ̃͡i̯haɾbaba,father-in-law,,KIN.in.law-KIN.father
output_layoutA (1).csv,241,hanhaɾ gɔgɔ,mother-in-law,,KIN.in.law KIN.mother
output_layoutA (1).csv,242,ɛɾo̯͡ɛl kuɽi,sister-in-law (spouse's sister),,KIN.sib.in.law N.girl
output_layoutA (1).csv,243,ɛɾo̯͡ɛl kɔɽa,brother-in-law (spouse's brother),,KIN.sib.in.law N.boy
output_layoutA (1).csv,244,bʰɘgnɘ,nephew (sister's son),,KIN.nephew.sis
output_layoutA (1).csv,245,bʰagni,niece (sister's daughter),,KIN.niece.sis
output_layoutA (1).csv,246,bʰɘcɘt̪̚ kɔɽa,nephew (brother's son),,KIN.nephew.bro N.boy
output_layoutA (1).csv,247,bʰɘcɘt̪̚ kuɽi,niece (brother's daughter),,KIN.nephew.bro N.girl
output_layoutA (1).csv,248,gat̪e kuɽi,friend (female),,ADJ.companion N.girl
output_layoutA (1).csv,249,gat̪e kɔɽa,friend (male),,ADJ.companion N.boy
output_layoutA (1).csv,1,d̪ʰɘɾt̪iɾɛ gɔgɔgi gid̪ɾɘɾɛn ɟɔt̪ɔkʰɔn lɘʈu asɾa͡i̯,A child's greatest shelter in the world is its mother.,,world-LOC mother-EMPH child-GEN greatest shelter COP.FIN
output_layoutA (1).csv,2,gɔgɔd̪ɔ ɘɖi aʈɛː haɾɔnakana mɛnkʰan ɔna haɾɔn d̪ɔ ba͡i̯ buɟʰhɘ͡o̯ oco͡akanna,"Mother used to bear a lot, but she did not let us understand that pain.",,mother-TOP much pain bear-FIN-PROG-FIN but that pain TOP NEG-3SG.SUBJ understand allow-PROG-FIN
output_layoutA (1).csv,3,gɔgɔd̪ɔ ɘɖiː d̪ulɘɽkan tahɛna mɛnkʰan ɔlɔʔ paɽha͡o̯ bam d̪aɽɛlɛnkʰan sasa͡o̯ɛt̪ʔlɛ t̪ɛhɛna͡i̯,"Mother loved me a lot, but if I didn't study, she'd also set boundaries on me.",,mother-TOP much love-PROG stay-FIN but study-INF NEG-2SG.SUBJ be.able-COND-COND discipline-PST stay-FIN
output_layoutA (1).csv,4,ɔko͡i̯ casɔʔ hɔɽ ɟɘsti kʰaʈaʔa unijaʔ pʰɔsɔld̪ɔ bʰagege hojo.a,A farmer who works hard gets good crops.,,who farm person hard work-M-FIN 3SG-GEN crop-TOP good-EMPH become-FIN
output_layoutA (1).csv,5,baŋlad̪isɘm ɾenaʔ hasa d̪ɔ cas abad̪ lɘgit̪ʔ ɘɖi bʰage.ja,The soil of Bangladesh is good for cultivation.,,Bangladesh-LOC GEN soil TOP cultivation farming for very good-FIN
output_layoutA (1).csv,6,ɔnat̪ɛ casɔʔ hɔɽd̪ɔ hoɽo ɘkʰɾiɲ kat̪ɛʔ bako labʰ d̪aɽɛ.jaʔkana,This is why the farmers are not able to get good profits by selling paddy.,,that-ABL farm person-TOP paddy sell CONJ NEG-3PL profit be.able-FIN-PROG-FIN
output_layoutA (1).csv,7,a͡i̯makod̪ɔ gɘ͡i̯ ɖaŋɾa mihu mɛɾɔmko ɘsulɛt̪ʔko͡a̯,Many farmers keep cows and goats.,,many-3PL-TOP cow bull goat sheep-3PL.OBJ rear-M-3PL.SUBJ-FIN
output_layoutA (1).csv,8,noko ɘsul ɟano̯͡aɾ kʰɔʲcʔ t̪o͡a aɾ ɟelbon ɲaːmɛt̯ʔkana,Meat and milk are obtained from them.,,3PL rear animal from meat-FIN and milk get-M-PROG-FIN
output_layoutA (1).csv,9,gɘ͡i̯ ɖaŋɾa ɘkʰɾiɲkat̪ɛʔ a͡i̯ma ʈakahɔ̃ ɲamɔ.a,A lot of money is also earned by selling cows and goats.,,cow bull sell-CONJ much money-also get-M-FIN
output_layoutA (1).csv,10,casɔʔkanko d̪ɔ baɽgiɾɛku abad̪ɔ.a,Farmer cultivates the land.,,farm-PROG-3PL TOP land-LOC-3PL.OBJ cultivate-FIN
output_layoutA (1).csv,11,mimit̪ʔ nakʰa ɾe.jaʔ hasa mimit̪ʔ lɛkant̪ɛ abat̪ mit̪ʔlɛka baŋ hojo.a,"The soil of each region is different, so not all regions grow the same crop.",,each place LOC-GEN soil each type-ABL crop same-type NEG become-FIN
output_layoutA (1).csv,12,ɟud̪ɘ ɟud̪ɘ abad̪ ɔkt̪ɛ i.yɘt̪ɛ a͡i̯ma lekan abad̪ hojo.a,Different crops are grown in different seasons.,,different different crop season come-ABL many type crop become-FIN
output_layoutA (1).csv,13,abad̪ɔʔ ɛt̪ɔhɔpʔɾɛ baɽge sapʔɽa͡o̯ kat̪ɛ it̪ɘ apʰɔɾ hojo.a,"Farming involves preparing the land in the beginning, then sowing the seeds there.",,farming beginning-M-LOC land prepare CONJ then seed sow become-FIN
output_layoutA (1).csv,14,bʰage abad̪ lɘgit̪ʔ ɟa͡o̯gi sit̪uŋ d̪aʔ aɾ sahaɾ ɟɘɾuɽa,"Good crops require regular sunlight, water and fertilizer.",,good crop for regular sunlight water and fertilizer need-FIN
output_layoutA (1).csv,15,gaɖaɾe.jaʔ d̪aʔ baɽgiɾɛ abat̪ lɘgit̪ʔ bɛbɔ̆haɾɔʔa,River water is used for irrigation of fields.,,river-LOC-GEN water field-LOC farming for use-M-FIN
output_layoutA (1).csv,16,cas abat̪ kʰɔɾɔcʔ ɟɘstiʔkant̪ɛ hoɽo abat̪ muskil hojoʔkana,Paddy cultivation has become difficult due to the rising cost of cultivation.,,crop farming cost-M increase-M-PROG-ABL paddy farming difficult become-M-PROG-FIN
output_layoutA (1).csv,17,ɟohaɾ iɲaʔ ɲit̪um d̪ɔ abu,"Greetings, my name is Abu.",,greet 1SG-GEN name TOP Abu
output_layoutA (1).csv,18,ɟohaɾ aʔ ɲit̪um d̪ɔ alpʰɾeʈ,"Greetings, my name is Alfred.",,greet 1SG.GEN name TOP Alfred
output_layoutA (1).csv,19,amd̪ɔ okakʰɔnɛm hɛʲcʔakana,Where are you from?,,2SG-TOP where-ABL-2SG.SUBJ come-FIN-PROG-FIN
output_layoutA (1).csv,20,amd̪ɔ cɛt̪ʔ nɔnɖɛniʲcʔ kanam,Are you the person from here?,,2SG-TOP what here-2SG.SUBJ COP-FIN-2SG
output_layoutA (1).csv,21,hɛ̃ iɲaʔ ɔɽaʔ d̪ɔ soɾɾege,"Yes, my house is nearby.",,yes 1SG-GEN house TOP nearby-EMPH
output_layoutA (1).csv,22,hanɛː iskul ɲɛlɔʔkan ɔna aɽɛɾɛge iɲaʔ ɔɽaʔd̪ɔ,"The school that can be seen in front, my home is next to it.",,there school see-M-PROG that side-LOC-EMPH 1SG-GEN house-TOP
output_layoutA (1).csv,23,amd̪ɔ iskul maʈʰɾɛ kʰilɘʈɛm ɲɛl d̪aɽe.jaʔa aɾ gaɖa aɽet̪ɛhɔm d̪ãɽa d̪aɽe.jaʔa,"You may watch the kids playing sports at the school grounds, and wander along the riverside.",,2SG-TOP school ground-LOC play-2SG.SUBJ watch be.able-FIN-FIN and river side-ABL-2SG.SUBJ wander be.able-FIN-FIN
output_layoutA (1).csv,24,hɛ̃ amd̪ɔ ʈʰikgem mɛnakad̪a,"Yes, you are right.",,yes 2SG-TOP right-EMPH-2SG say-PRF-FIN
output_layoutA (1).csv,25,napa͡i̯ge t̪ahɛnmɛ,Be well.,,well-EMPH stay-IMP.2SG
output_layoutA (1).csv,26,amaʔ ɲit̪um d̪ɔ cɛt̪ʔ d̪ad̪aː,"What is your name, brother/sister?",,2SG-GEN name TOP what elder.sibling
output_layoutA (1).csv,27,iɲd̪ɔ am bɘɲ oɾomɛt̪ʔmẽ̯͡a,I don't recognize you.,,1SG-TOP 2SG NEG recognize-TR-M-1SG.SUBJ-FIN
output_layoutA (1).csv,28,iɲd̪ɔ ɖʰaka kʰɔn nɔnɖɛ nukʰɾi lɘgit̪ʔiɲ hɛʲcʔakana,I have come here from Dhaka for my job.,,1SG-TOP Dhaka from here job for-1SG.SUBJ come-FIN-PROG-FIN
output_layoutA (1).csv,29,apɛ nakʰa d̪ɔ iɲ ɘɖi napa.jiɲ ɘ͡i̯kɘ͡o̯ɛd̪a,I like your area.,,2PL place TOP 1SG much like-1SG.SUBJ feel-TR-PRF
output_layoutA (1).csv,30,hɛ̃ alɛ nakʰa d̪ɔ ɘɖige mɔ̃ːɟa,"Yes, our area is very beautiful.",,yes 1PL place TOP very-EMPH beautiful-FIN
output_layoutA (1).csv,31,ɘ.yupʔbɛla d̪ãɽãbaɽa͡i̯ lɘgit̪ʔ ɔka ɔka ɟagaɲ cala͡o̯ d̪aɽekɔ.a,Where can I go for an afternoon walk?,,evening-time walk.around for where where place-Q go be.able-3PL-FIN
output_layoutA (1).csv,32,iɲdɔ bɘɲ gat̪e daɽeʔɾɛhɔ̃ gat̪e ɲɛld̪ɔ ɘɖi napa.jiɲ ɘ͡i̯kɘo̯a,"Even though I don't play well, I enjoy watching others play sports.",,1SG-TOP NEG well play-M-PROG-even well watch-TOP very like-1SG.SUBJ feel-FIN
output_layoutA (1).csv,33,kɾikeʈ pʰuʈbɔl aɾ haɖuɖu kʰilɘʈkuɲ kusi.jaʔa,"I like Cricket, Football and Kabadi.",,cricket football and kabaddi play-1SG.SUBJ like-FIN-FIN
output_layoutA (1).csv,34,iɲd̪ɔ iskulɾɛ paɽhaʔ ɔkt̪ɛ pʰuʈbɔliɲ kʰilɘʈɔʔkant̪ahɛ̃na,I used to play football when I was in school.,,1SG-TOP school-LOC study-M time football-1SG.OBJ play-M-PROG-PST.HAB-FIN
output_layoutA (1).csv,35,nɛt̪aɾ d̪ɔ kʰilɘʈɔʔ ɾe.yaʔ ɘd̪ ɔpsɔɾ bɘnuʔt̪iɲa,But now I don't have time to play sports.,,now TOP play-M LOC-GEN much opportunity NEG-M-1SG-FIN
output_layoutA (1).csv,36,iɲɾɛn gid̪ɾɛ d̪inɘmko kʰilɘʈɔʔa,My kids play daily.,,1SG-GEN child daily-3PL play-M-FIN
output_layoutA (1).csv,37,kʰilɘʈ d̪ɔ gid̪ɾɘko͡aʔ hɔɽmɔ lɘgit̪ʔ bʰage.ja,Sports are good for children's physical health.,,play TOP child-3PL-GEN body for good-FIN
output_layoutA (1).csv,38,mɛnkʰan nagɾahaɾɛn gid̪ɘɾpid̪ɘɾko lɘgit̪ʔ d̪ɔ kʰilɘʈ ʈʰɘ̃͡i̯ bɘnu.a,"But, there is no playground for children in the city.",,but city-GEN child-3PL for TOP play place NEG-FIN
output_layoutA (1).csv,39,mɛnkʰan ɔna t̪ulɘɟokʰat̪ɛ at̪oɾɛn gid̪ɘɾpid̪ɘɾ d̪ɔ ko bʰɘgange.ja,Village kids are lucky compared to that.,,but that compare-ABL village-GEN child TOP 3PL.EMPH lucky-FIN
output_layoutA (1).csv,40,amsã͡o̯ galmaɾa͡o̯ kat̪ɛ ɘɖi napa.jiɲ ɘikɘ͡o̯ked̪a,Felt nice to talk to you.,,2SG-COM conversation CONJ much like-1SG.SUBJ feel-PRF-FIN
output_layoutA (1).csv,41,iɲhɔ̃ ɘɖi napa.jiɲ ɘ͡i̯kɘ͡o̯ked̪a,I liked it too.,,1SG-also much like-1SG.SUBJ feel-PRF-FIN
output_layoutA (1).csv,42,gɔː baɟaɾ kʰɔn cɛt̪ʔ cɛt̪ʔ ɘgu͡i̯ hojo.a,"Mom, what needs to be brought from the market?",,mother market from what what bring-INF become-FIN
output_layoutA (1).csv,43,d̪aka ɔɽaʔɾɛ sɛn kat̪ɛʲcʔ ɲɛlmɛ ɘlu ʈamaʈol gaɟɔɾ bɛŋgaɽ sunum pi.yãɟ buluŋ t̪inɘʔgan mena.a,"Go to the kitchen and see how much potato, tomato, carrot, brinjal, oil, onion, salt is left.",,kitchen house-LOC go CONJ see-IMP.2SG potato tomato carrot brinjal oil onion salt how.much-Q exist-FIN
output_layoutA (1).csv,44,ɘlud̪ɔ mit̪ʔbɛla ut̪u lɛkʰan caba.a,Potatoes will be finished in one meal.,,potato-TOP one-meal cook if finish-FIN
output_layoutA (1).csv,45,ʈamaʈol d̪ɔ a.yma mena.a aɾhɔ̃ kiɾiɲ lekʰan bɘɽiːɟɔ.a,"There are plenty of tomatoes, if you buy more, those will get rotten.",,tomato TOP many exist-FIN more-also buy if rot-M-FIN
output_layoutA (1).csv,46,gaɟɔɾ d̪ɔ caba͡i̯na,Carrots are finished.,,carrot TOP finish-COMPL-FIN
output_layoutA (1).csv,47,bɛŋgaɽ ɔka mɛna.a ɔna d̪ɔ baɾ d̪ʰa͡o isinbasaŋɔ.a,Eggplant can be cooked twice with what's left.,,eggplant what exist-FIN that TOP two time cook-be.possible-M-FIN
output_layoutA (1).csv,48,bɔt̪ɔlɾɛ d̪ɔ sunum bɘnu.a,There is no oil in the oil bottle.,,bottle-LOC TOP oil NEG-FIN
output_layoutA (1).csv,49,pi.yãɟ aɾ buluŋ baŋ kiɾiɲ lekʰaʲcʔ hɔ̃ hojoʔge.ja,It will be just fine even if you don't buy onion and salt.,,onion and salt NEG buy even.if also be-M-EMPH-FIN
output_layoutA (1).csv,50,t̪ʰɔɽa aɽaʔhɔ̃ ɘgu t̪oɾa͡i̯mɛ,Bring some leafy greens along.,,little leaf.vegetable-also bring come-IMP.2SG
output_layoutA (1).csv,51,bele ɾe.yaʔ d̪am ɖʰeɾgekʰan alɔm kiɾiɲa,But do not buy them if the price of eggs is high.,,egg LOC-GEN price high-if PROHIB buy-FIN
output_layoutA (1).csv,52,ɔɽaʔɾɛ piʈʰɘbon t̪e.yaɾa,I will make cake at home.,,house-LOC rice.cake-1PL.OBJ make-FUT-FIN
output_layoutA (1).csv,53,ʈʰikgi.ja gɔː,Alright mom.,,alright-EMPH-FIN mother
output_layoutA (1).csv,54,acʰa ɛnhɔ̃ ɟahanaʔɛm d̪isɘ lekʰaʲcʔ pʰon kat̪ɛʔɛm baɖa͡i̯ ocoɲ.ɲa,"Okay. Even then, if you remember anything, you will call me.",,okay then-also remember-M-2SG.SUBJ anything if phone CONJ-2SG.SUBJ inform let-1SG.OBJ-FIN
output_layoutA (1).csv,55,husi.yɘɾt̪ɛ calaʔmɛ,Go carefully.,,careful-ABL go-IMP.2SG
output_layoutA (1).csv,56,ʈaka pa͡i̯sa mɔɟt̪ɛ d̪ɔhɔ͡i̯mɛ,Keep the money safely.,,money coin properly-ABL keep-IMP.2SG
output_layoutA (1).csv,57,bele kiɾiɲ ɘgu͡i̯mɛ mit̪ʔ ganɖa,"And buy eggs, 4 (1 hali).",,egg buy bring-INF-IMP.2SG one hali.of.four
output_layoutA (1).csv,58,t̪ɔ̯͡a aɾ cini laga.a sɛ cɛt̪ʔ,"Do you need milk, sugar?",,milk and sugar need-FIN Q what
output_layoutA (1).csv,59,cini baŋkat̪ɛ mĩt̪ʔ kiɟi guɽ kiɾiɲ ɘgu͡i̯mɛ,Bring 1 kg jaggery instead of buying sugar.,,sugar NEG-instead one kilo jaggery buy bring-INF-IMP.2SG
output_layoutA (1).csv,60,aɾ ɟahanaʔ laga.a sɛ cɛt̪ʔ,Do you need anything else?,,more anything-M need-FIN Q what
output_layoutA (1).csv,61,t̪o̯͡a kiɾiɲ sɔmɔ.yɛm ɲɛlaː d̪aʔ mɛsala sɛ cɛt̪ʔ,"While buying milk, check whether water is mixed in it or not.",,milk buy time-2SG.SUBJ see water mix-COMPL Q what
output_layoutA (1).csv,62,d̪aʔ d̪ɔ ɟi.jon kana,Another name for water is life.,,water TOP life COP-FIN
output_layoutA (1).csv,63,d̪aʔ bɛgɔɾt̪ɛ abo d̯ɔ babon ɟiu̯͡ed̪ɔʔa,We cannot live without water.,,water without-ABL 1PL TOP NEG-1PL.SUBJ live-be.able-FIN
output_layoutA (1).csv,64,d̪in hilɘʔgɛ d̪aʔ d̪ɔ a.yma kɘmiɾɛ bɛ͡ɔ̯haɾɔʔkana,Everyday we need to use water for various purposes.,,day each-EMPH water TOP many work-LOC use-M-PROG-FIN
output_layoutA (1).csv,65,abo d̪ɔ nɔlkup̚ pukʰɾi aɾ kuɲ koɾɛkʰɔʲcʔ d̪aʔbon ɲamed̪a,"We get water from tube wells, ponds, wells and rivers.",,1PL TOP tubewell pond and well from-ABL water-1PL.OBJ get-PRF-FIN
output_layoutA (1).csv,66,mɘ͡i̯lɘ d̪aʔ bɛ͡ɔ̯haɾ lɛkʰan hɔɽmɔɾɛ ɾu̯͡ɘ hɛʲcʔ daɽɛ͡o̯a.a,Contaminated water can cause illness in the body.,,dirty water use if body-LOC disease come be.able-FIN-FIN
output_layoutA (1).csv,67,mɘ͡i̯lɘ d̪aʔ hɛɖɛʲcʔ kat̪ɛʔ ɲuʔgi.ja,Contaminated water can be boiled and consumed.,,dirty water boil-M CONJ drink-EMPH-FIN
output_layoutA (1).csv,68,nɔlkup̚ ɾe.yaʔ sɛ ɾɛ.yaɽ d̪aʔ d̪ɔ t̪et̪aŋɛ maɾao̯͡a,Cold water from tube well/well quenches thirst.,,tubewell LOC-GEN or well-GEN water TOP thirst-TR quench-FIN
output_layoutA (1).csv,69,mɛnkʰan set̪uŋdin gaɖa sɔɖɔʔ pukʰɾi aɾ ɟʰaɾna d̪aʔ aɲɟɛd̪ɔʔkana,"Many ponds, rivers and springs dry up on hot summer days.",,but hot-day river stream pond and spring water dry-be.able-PROG-FIN
output_layoutA (1).csv,70,no̯͡a kaɾɔnt̪ɛ a.yma ʈʰɘ̃͡i̯ɾɛ d̪ɔ d̪aʔ ɾenaʔ ɔbʰab hujuʔkana,This is why there is water shortage in many areas.,,this reason-ABL many place-LOC TOP water GEN shortage become-M-PROG-FIN
output_layoutA (1).csv,71,unɾɛ ɟɔt̪ɔhɔɽ bɘɾsɘ ɔkt̪ɛ ɾe.yaʔko t̪ɘŋi̯͡a,Everyone then waits for monsoon/rain.,,then-LOC all.person rain time LOC-GEN-3PL wait-FIN
output_layoutA (1).csv,72,a͡i̯maku d̪ɔ bɘɾsɛ ɾenaʔ d̪aʔ ku d̪ɔhɔ ɟogao̯͡a,Many people store rainwater.,,many-3PL TOP rain GEN water 3PL.OBJ keep store-FIN
output_layoutA (1).csv,73,bɘɾse ɾenaʔ d̪aʔ d̪ɔ ɲu͡i̯ lɘgit̪ʔ bʰage ge.ja,Rainwater is good for drinking.,,rain GEN water TOP drink for good EMPH-FIN
output_layoutA (1).csv,74,mɛnkʰan d̪aʔ d̪ɔ a.yma lɛkat̪ɛ bɘɽiɟɔʔ kana,Water is getting contaminated/polluted in various ways.,,but water TOP many type-ABL pollute-M COP-FIN
output_layoutA (1).csv,75,iɲiɲ ɲɛla,I see.,,1SG-1SG.SUBJ see-FIN
output_layoutA (1).csv,76,ɘliɲliɲ ɲɛla,We two see. (exclusive),,1DU.EXCL-1DU.EXCL.SUBJ see-FIN
output_layoutA (1).csv,77,alɛlɛ ɲɛla,We see.,,1PL.INCL-1PL.INCL.SUBJ see-FIN
output_layoutA (1).csv,78,amɛm ɲɛla,You see.,,2SG-2SG.SUBJ see-FIN
output_layoutA (1).csv,79,abɛnbɛn ɲɛla,You two see.,,2DU-2DU.SUBJ see-FIN
output_layoutA (1).csv,80,apɛpɛ ɲɛla,You see. (plural),,2PL-2PL.SUBJ see-FIN
output_layoutA (1).csv,81,uni͡i̯ ɲɛla,He/She sees.,,3SG.ANIM-3SG.ANIM.SUBJ see-FIN
output_layoutA (1).csv,82,ɔna͡i̯ ɲɛla,That sees.,,3SG.INAN-3SG.INAN.SUBJ see-FIN
output_layoutA (1).csv,83,unkinkin ɲɛla,They two see. (animate),,3DU.ANIM-3DU.ANIM.SUBJ see-FIN
output_layoutA (1).csv,84,ɔnakinkin ɲɛla,Those two see.,,3DU.INAN-3DU.INAN.SUBJ see-FIN
output_layoutA (1).csv,85,onkoko ɲɛla,They see. (animate),,3PL.ANIM-3PL.ANIM.SUBJ see-FIN
output_layoutA (1).csv,86,ɔnakoko ɲɛla,Those see.,,3PL.INAN-3PL.INAN.SUBJ see-FIN
output_layoutA (1).csv,87,iɲ bɘɲ ɲɛla,I do not see.,,1SG NEG see-FIN
output_layoutA (1).csv,1,manoa d̪ɔ gʰaɾɔ̃ɟɾɛko hahɾaa,People grow up in families.,,person-PL TOP family-LOC-3PL grow-FIN
output_layoutA (1).csv,2,gʰaɾɔ̃ɟ d̪ɔ manoakoaʔ pɘhiːl iskulkana,Family is people's first school.,,family TOP person-3PL-GEN first school-COP.PRS
output_layoutA (1).csv,3,cɛd̪aʔɟɛ manoa d̪ɔ pɘhil sikʰnɘt̪ʔ gʰaɾɔ̃ɟkʰɔngeko ɲaːma,"Because, people get their education from family first.",,because-3SG person-PL TOP first education family-ABL-EMPH-3PL get-FIN
output_layoutA (1).csv,4,gʰaɾɔ̃ɟ d̪ɔ kɘʈiʲʔ lɘʈu hoi d̪aɽejaʔa,"Families can be of various types, extended and small.",,family TOP small big become can-FIN-FIN
output_layoutA (1).csv,5,baba gɔgɔ aɾ gid̪ɾɘku sãot̪ɛ mit̪ʔʈɛʲʔ kɘʈiʈʔ gʰaɾɔ̃ɟ hojoʔa,A small family is formed with parents and children.,,father mother and child-3PL with one-CLF small family become-FIN
output_layoutA (1).csv,6,lɘʈu gʰaɾɔ̃ɟɾɛ d̪ɔ gɔgɔ baba bɔiha misɾa hɔpɔnba hɔpɔngɔ aɾ buɖɘ buɖigɔ mit̪ʔsãot̪ɛko t̪ahɛ̃na,"In extended families, parents, siblings, uncles and grandparents live together.",,big family-LOC TOP mother father brother sister uncle aunt and grandfather grandmother one-together-3PL stay-FIN
output_layoutA (1).csv,7,net̪aɾ d̪ɔ lɘʈu gʰaɾɔ̃ɟ ɾɘput̪ʔ kat̪ɛ kɘʈiʲʔ kɘʈiʲʔ gʰaɾɔ̃ɟ hojoʔkana,Extended families are now breaking apart into smaller families.,,now TOP big family break-CVB small small family become-PROG
output_layoutA (1).csv,8,gʰaɾɔ̃ɟ kʰɔn manoa d̪ɔ cal cɔlɔn aɾ ɘɾi cɘliko cid̪a,People learn manners and customs from the family.,,family-ABL person-PL TOP behavior conduct and custom rule-3PL learn-FIN
output_layoutA (1).csv,9,gʰaɾɔ̃ɟɾɛ manoa d̪ɔ sukʔ aɾ dukʔɾɛ mit̪ʔsãot̪ɛko t̪ahɛ̃na,Family members stay by each other's side in happiness and sadness.,,family-LOC person-PL TOP joy and sorrow-LOC one-together-3PL stay-FIN
output_layoutA (1).csv,10,sanam gʰaɾɔ̃ɟ ɾejaʔge ɟud̪ɘ ɟud̪ɘ pɘɾis aɾ bõs t̪ahɛ̃nt̪akoa,Each family has a different surname or lineage.,,every family GEN-EMPH different different surname and lineage stay-AUX-3PL-FIN
output_layoutA (1).csv,11,gʰaɾɔ̃ɟ d̪ɔ sed̪aihɔ̃ t̪ahɛ̃kana aɾ nahaʔ ɟugɾɛhɔ̃ t̪ahɛ̃na,"Family was in the past, will be in the future.",,family TOP past-also stay-COP.PST and now era-LOC-also stay-FIN
output_layoutA (1).csv,12,gʰaɾɔ̃ɟ baŋkʰan manoa d̪ɔ lɛklɛkat̪ɛ bako haɾa buɾua,People do not grow properly without family.,,family NEG-COND person-PL TOP properly NEG-3PL grow rise-FIN
output_layoutA (1).csv,13,manoa d̪ɔ gʰaɾɔ̃ɟkʰɔn ɟɘɾuɽaʔ gɔɽɔku ɲama,People get useful support from their families.,,person-PL TOP family-ABL needed-GEN help-3PL get-FIN
output_layoutA (1).csv,14,gʰaɾɔ̃ɟ boge d̪ɔhɔilɘgit̪ʔ ɟot̪ɔhɔɽaʔgi d̪ajikʔ menaa,Everyone has a responsibility to their family.,,family well keep-3SG-PURP every-person-GEN-EMPH responsibility EXIST-FIN
output_layoutA (1).csv,15,ɔkɔjaʔ ɖʰeɾ d̪aɽe noa niɘ mit̪ʔ d̪in hoi aɾ siɲ cand̪o t̪alaɾɛ kapʰaɾiɘ ɛhɔpʔena,An argument began between the wind and the Sun over whose power was mightier.,,which-GEN much power this take-INF one day wind and sun-moon middle-LOC argument begin-PASS-PST.MID
output_layoutA (1).csv,16,siɲ cand̪oi mɛnked̪a ajaʔ d̪aɽe d̪ɔ hoikʰɔn hɔ̃ ɟɘst̪igetaja,The Sun said he is stronger than the wind.,,sun-moon-3SG say-PST.A-FIN 3SG-GEN power TOP wind-ABL also more-EMPH-AUX-FIN-3SG
output_layoutA (1).csv,17,aɾ hojɛ mɛnɛd̪a ajaʔ d̪aɽe d̪ɔ siɲ cand̪o kʰɔn hɔ̃ ɟɘst̪igetaja,The wind said he was stronger than the sun.,,and wind-3SG say-PROG-FIN 3SG-GEN power TOP sun-moon ABL also more-EMPH-AUX-FIN-3SG
output_layoutA (1).csv,18,un ɔkt̪ɛkin ɲɛlked̪a ɖahaɾt̪ɛ mit̪ʔ hɔɽɛ t̪aɽam id̪iid̪a,At that time they saw a man walking along the road.,,that time-3DU see-PST.A-FIN road-INSTR one person-3SG walk go-PROG-FIN
output_layoutA (1).csv,19,aɾ hoi d̪ɔ ɘɖi ɾaŋgaot̪ɛ ɔʈaŋɔʔ ɛhɔpʔena aɾ uni hɔɽaʔ kicɾiʲʔ d̪ɔ ɔʈaŋ calaʔ lɛkaina,"In the beginning, the wind was blowing very strongly and the man's clothes were almost flying in the wind.",,and wind TOP very strong-INSTR blow-PASS begin-PST.MID and DEM person-GEN cloth TOP blow go-like-3SG-FIN
output_layoutA (1).csv,20,nɔŋka ɲɛlt̪ɛ uni hɔɽ d̪ɔ ajaʔ kicɾiʲʔ kaɟakt̪ɛi sapʔ uɾiʲʔked̪a,"Seeing this situation, the man gripped on his clothes very hard.",,thus see-INSTR DEM person TOP 3SG-GEN cloth tight-INSTR-3SG hold grip-PST.A-FIN
output_layoutA (1).csv,21,hoi kakʰanaʔt̪ɛ ɾejaɽ hɔ̃ ɾejaɽid̪ikan t̪ahɛ̃kana ɔna ijɘt̪ɛ aɾ mit̪ʔʈɛt̪ʔ picʰɘoɽit̪ɛi uju ɟuːt̪ena,"He felt cold because of the wind, so he wrapped another shawl around himself.",,wind because-INSTR cold also cold-feel-PROG stay-COP.PST that reason-INSTR and one-CLF shawl-INSTR-3SG wrap put-AUX-PST.MID
output_layoutA (1).csv,22,aɾ hoi d̪ɔ uni hɔɽaʔ hɔɽmɔ kʰɔn kicɾiʲʔ bai ɔcɔʔ d̪aɽeoaʔt̪aja,The wind failed to undress the man.,,and wind TOP DEM person-GEN body-ABL cloth NEG-3SG remove can-CAUS-AUX-FIN-3SG
output_layoutA (1).csv,23,ɔna t̪ajɔm siɲ cand̪o d̪ɔ ajaʔ d̪aɽe ud̪uʔɛ ɛhɔpʔena,Then the Sun began to show his power.,,that after sun-moon TOP 3SG-GEN power show-3SG begin-PST.MID
output_layoutA (1).csv,24,siɲ cand̪o d̪ɔ ajaʔ ɛlaŋɛ ɟɘst̪i id̪iked̪a,The Sun increased its heat.,,sun-moon TOP 3SG-GEN heat-3SG more take-PST.A-FIN
output_layoutA (1).csv,25,sit̪uŋ ɟɘst̪i id̪ijɛnkʰan uni hɔɽ d̪ɔ lɔlɔt̪ɛ bai t̪ahɛ̃ d̪aɽejad̪a,"As the sun rose little by little, the man became restless in the heat.",,sun more take-PST.MID-COND DEM person TOP heat-INSTR NEG-3SG stay can-PST.A-FIN
output_layoutA (1).csv,26,lɔlɔt̪ɛ uni hɔɽ d̪ɔ ajaʔ hɔɽmɔ kʰɔn aŋɾɔpʔ aɾ picʰɘoɽi d̪ɔi ɾaɽa giɖikad̪a,"In that heat, the man took off his clothes and shawl.",,heat-INSTR DEM person TOP 3SG-GEN body-ABL shirt and shawl TOP-3SG remove throw-PST.A-FIN
output_layoutA (1).csv,27,siɲ cand̪o aɾ hoi talaɾɛ siɲ cand̪ogii ɟit̪ɘoena,"Between the Sun and the wind, the Sun won.",,sun-moon and wind middle-LOC sun-moon-EMPH-3SG win-PST.MID
output_layoutA (1).csv,28,ɟohaɾ d̪ad̪a iɲaʔ ɲut̪umd̪ɔ ɾoːni,"Visitant: Greetings brother, my name is Rumi.",,greetings brother 1SG-GEN name-TOP Roni
output_layoutA (1).csv,29,amd̪ɔ cɛt̪ʔ niɘ at̪oɾɛnkanam,Visitant: Are you from this village?,,2SG-TOP what take-INF village-GEN-COP.PRS-2SG
output_layoutA (1).csv,30,ɟohaɾ hɛ̃ iɲd̪ɔ nɔnɖɛniʔkangɘɲ,"Local: Greetings. Yes, I'm from here.",,greetings yes 1SG-TOP here-PROX-COP.PRS-1SG
output_layoutA (1).csv,31,amd̪ɔ cɛt̪ʔ ɟahanaʔ baɖajɛm kʰɔɟɔʔkana,Local: Do you want to know something?,,2SG-TOP what something know-INF-2SG search-PROG
output_layoutA (1).csv,32,iɲaʔ ɔɽaʔ nɔnɖɛkʰɔn ɘɖiː sɘŋgiɲɾɛ,Visitant: My house is very far from here.,,1SG-GEN house here-ABL very far-LOC
output_layoutA (1).csv,33,aɲɟɔmakad̪ɘɲ apɛ at̪oɾɛ miʔʈɛn lɘːʈu baɽed̪aɾe menaa,Visitant: I heard that there is a big banyan tree in your village.,,hear-PRF-1SG 2PL village-LOC one-CLF big banyan-tree EXIST-FIN
output_layoutA (1).csv,34,iɲd̪ɔ ona d̪aɾe ɲɛɲɛliɲ hɛʲʔakana,Visitant: I have come to see that tree.,,1SG-TOP that tree REDUP-see-1SG come-PRF
output_layoutA (1).csv,35,amd̪ɔ cɛʈ̪ʔ ɔnɖɛ calaʔɛm mɛnɛd̪a,Local: Do you want to go there?,,2SG-TOP what there go-INF-2SG say-PROG-FIN
output_layoutA (1).csv,36,iɲd̪ɔ am calaʔ ɾejaʔ ɖahaɾiɲ lɘjamkana,Local: I am telling you the way to go.,,1SG-TOP 2SG go GEN road-1SG tell-2SG-PROG
output_layoutA (1).csv,37,iɲd̪ɔ ɟɘɾuɽge ɔnɖɛɲ calaa,Visitant: I will definitely go there.,,1SG-TOP definite-EMPH there-1SG go-FIN
output_layoutA (1).csv,38,iɲd̪ɔ baɽed̪aɾe nijɘt̪ɛ kagɔɟɾɛɲ ɔːla,Visitant: I will write about the banyan tree in the newspaper.,,1SG-TOP banyan-tree take-INF-INSTR newspaper-LOC-1SG write-FIN
output_layoutA (1).csv,39,amʈʰɛnkʰɔn d̪aɾe babɔt̪ʔt̪ɛ badajiɲ kʰɔɟɔʔkana,Visitant: I want to know from you about the tree.,,2SG-from-ABL tree about-INSTR know-INF-1SG search-PROG
output_layoutA (1).csv,40,buɟʰhɘokid̪ɘɲ,Local: Got it.,,understand-become-PST.A-1SG
output_layoutA (1).csv,41,iɲaʔ baɖaiɾɛ ɔna baɽed̪aɾe ɾejaʔ umɘɾ mit̪ʔsãi seɾma kʰɔnhɔ̃ ɖʰeɾ,"Local: As far as I know, that banyan tree is more than 100 years old.",,1SG-GEN knowledge-LOC that banyan-tree GEN age one-hundred year ABL-also more
output_layoutA (1).csv,42,ɔna baɽed̪aɾe nijɘt̪ɛ cɛt̪ʔ ɟahan kisɘ menaa,Visitant: Is there any story about that banyan tree?,,that banyan-tree take-INF-INSTR what some story EXIST-FIN
output_layoutA (1).csv,43,hɛ̃ː menaa,Local: Yes there is.,,yes EXIST-FIN
output_layoutA (1).csv,44,ɟãhãi ɔna d̪aɾe maʔɛ mɛn lɛkʰan unjaʔ muhim hojoa ɲind̪ɘ bɘɽiʲʔ kukmui ɲɛːla,"Local: If someone tries to cut that tree, danger comes to his life, and he has bad dreams at night.",,anyone that tree cut-3SG say if 3SG-GEN danger become-FIN night bad dream-3SG see-FIN
output_layoutA (1).csv,45,ɲind̪ɘ ɔkoihɔ̃ ɔna d̪aɾe sɛʲʔt̪ɛ bako calaa,Local: No one goes near that tree at night.,,night anyone-also that tree near-INSTR NEG-3PL go-FIN
output_layoutA (1).csv,46,ɲind̪ɘ ced̪aʔ hɔɽko ɔna d̪aɾe sɛʲʔt̪ɛ bako calaa,Visitant: Why do people not go near that tree at night?,,night why person-3PL that tree near-INSTR NEG-3PL go-FIN
output_layoutA (1).csv,47,ɲind̪ɘ ɔŋkat̪ɛ calao ɔkt̪ɛ aima hɔɽko bɔt̪ɔɾakna,Local: Many got scared while passing there at night.,,night that.way-INSTR go time many person-3PL fear-PRF-FIN
output_layoutA (1).csv,48,hɔɽko mɛːna ɔna d̪aɾeɾɛ bʰut̪ menaja,Local: People say that there resides a ghost in that tree.,,person-3PL say-FIN that tree-LOC ghost EXIST-3SG
output_layoutA (1).csv,49,aɾ ɟahanaʔ,Visitant: Anything else?,,and something
output_layoutA (1).csv,50,ɔna baɽed̪aɾe aɽɛɾɛ mund̪il menaa ɔnɖɛ ɟaoge puɟɘ hojoa,"Local: There is a temple next to that banyan tree, worshipping ceremonies happen there regularly.",,that banyan-tree side-LOC temple EXIST-FIN there always-EMPH worship become-FIN
output_layoutA (1).csv,51,noa bɛgɔɾ ɟao seɾma bɘisɘpʔ cand̪oɾɛ ɔnɖɛ mɛla hojoa,"Local: Besides, a fair is held there every year in the first month of summer.",,this besides every year Baisakh month-LOC there fair become-FIN
output_layoutA (1).csv,52,unɾɛ aima nakʰakʰɔn ɔnɖɛ hɔɽko hiɟua,"Local: At those times, people from different regions come there.",,that-LOC many region-ABL there person-3PL come-FIN
output_layoutA (1).csv,53,amʈʰɛnkʰɔn aimaɲ baɖaiɲam ked̪a,Visitant: I got to know a lot of things from you.,,2SG-from-ABL many-1SG know-get-PST.A-FIN
output_layoutA (1).csv,54,amd̪ɔː ɘɖi saɾhao,Visitant: Thank you.,,2SG-TOP very thanks
output_layoutA (1).csv,55,amhɔ̃ː aima saɾhao,Local: Thank you as well.,,2SG-also many thanks
output_layoutA (1).csv,56,muniː hɔla iɲbaba ɔkoiʈaʔ mɛɾɔmɛ kiɾiɲlid̪i unid̪ɔ sɛnd̪ɾat̪ɛ bɘɲ ɲamɛkana,"Ronnie: Moni, I can't find the goat that my father bought yesterday.",,Moni yesterday 1SG-father which-CLF goat-3SG buy-PST-3SG 3SG-TOP search-INSTR NEG-1SG find-PROG
output_layoutA (1).csv,57,amd̪ɔ unim ɲɛlkɘd̪ija,Ronnie: Did you see that?,,2SG-TOP 3SG-2SG see-PST.A-3SG-FIN
output_layoutA (1).csv,58,cɛt̪ʔɛm mɛnd̪a,Moni: Say what!,,what-INF-2SG say-AUX-FIN
output_layoutA (1).csv,59,mɛɾɔmd̪ɔ cɛt̪ʔlĕkai ɲɛlɔa,Moni: How does that goat look?,,goat-TOP what-like-3SG see-PASS-FIN
output_layoutA (1).csv,60,mɛɾɔmaʔ ɾɔŋ hɛnd̪ɛ mɛnkʰan hɛnd̪ɛ cet̪anɾɛ ponɖ ponɖ cʰap menaa,"Ronnie: The colour of the goat is black, but with white markings on top of the black.",,goat-GEN color black but black above-LOC white white mark EXIST-FIN
output_layoutA (1).csv,61,hɔʈɔʔɾɛ miʔʈɛn gʰɘnʈi t̪ɔl menaa,Ronnie: A bell is tied around the neck.,,neck-LOC one-CLF bell tie EXIST-FIN
output_layoutA (1).csv,62,hɛ̃ː iɲ ɛnanɾɛ nɔŋkan miʔʈɛn mɛɾɔmiɲ ŋɛɭledia,"Moni: Yes, I saw such a goat awhile ago.",,yes 1SG before-LOC such one-CLF goat-1SG see-PST-3SG-FIN
output_layoutA (1).csv,63,mɛnkʰan nit̪ɔʔ bɘɲ ɲɛlɲamd̪ikana,Moni: But can't see it now.,,but now NEG-1SG see-find-AUX-PROG
output_layoutA (1).csv,64,iɲ lahasɛʔiɲ calaʔkana,Ronnie: I'm going forward.,,1SG forward-side-1SG go-PROG
output_layoutA (1).csv,65,mɛɾɔmd̪ɔ ɟud̪i aɾhɔm ɲɛllɛkʰan t̪aʰlɛ iɲ baɖaiocoɟiɲmɛ,"Ronnie: If you see the goat again, let me know.",,goat-TOP if again-2SG see-COND then 1SG know-CAUS-1SG-2SG.IMP
output_layoutA (1).csv,66,ɟɘɾuɽgeɲ baɖaiŏcomeja,Moni: Of course I will let you know.,,definite-EMPH-1SG know-CAUS-2SG-FIN
output_layoutA (1).csv,67,mɛnkʰan bam send̪ɾa ɲamlɛkʰan amd̪ɔ majikʔt̪ɛ gʰosona kat̪ʔmɛ,"Moni: But if you don't find it, you announce it through the mic.",,but NEG-2SG search find-COND 2SG-TOP mic-INSTR announcement do-2SG.IMP
output_layoutA (1).csv,68,ɟãhãiko ɲamlɛkʰan d̪ɔhɔ ot̪okajako,"Moni: If someone finds it, he will give/ leave it.",,anyone-3PL find-COND keep leave-FIN-3PL
output_layoutA (1).csv,69,hɛ̃ː kɘʈiʲʔ bid̪ɘlɾɛ apɛɾɛn at̪ʔ ɖaŋɾa nɔŋkat̪ɛi ɲamlɛna,"Ronnie: Yes, this is how your lost cow was found when we were kids.",,yes small age-LOC 2PL-GEN lost cow this.way-INSTR-3SG find-PST-FIN
output_layoutA (1).csv,70,hɛ̃ː iɲaʔ d̪isɘ menaa,"Moni: Yes, I remember.",,yes 1SG-GEN remember EXIST-FIN
output_layoutA (1).csv,71,unɾɛ alaŋ d̪ɔ ɘɖi kɘʈiʲʔlaŋ t̪ahɛkana,Moni: We were very young then.,,that-LOC 1DU.INCL TOP very small-1DU stay-COP.PST
output_layoutA (1).csv,72,mit̪sãot̪ɛ iskullɛ calaʔkan t̪ahɛna hakolɛ saːbɛʔkot̪ahɛna,"Moni: We used to go to school together, we used to fish.",,one-together school-1PL.EXCL go-PROG stay-FIN fish-1PL.EXCL catch-INF-3PL-stay-FIN
output_layoutA (1).csv,73,ɔna ɔkt̪ɛd̪ɔ ɘɖi napai t̪ɛhɛkana,Ronnie: It was a beautiful time.,,that time-TOP very beautiful stay-COP.PST
output_layoutA (1).csv,74,ɟaːhok iɲd̪ɔ nit̪ʔ mɛɾɔm sɛnd̪ɾaɲ calaolɛnge,"Ronnie: Anyway, I am going to look for the goat now.",,anyway 1SG-TOP now goat search-1SG go-PST-EMPH
output_layoutA (1).csv,75,accʰa calaʔmɛ,Moni: Well go.,,okay go-2SG.IMP
output_layoutA (1).csv,76,iɲiɲ sɛnd̪ɾa ɲamlɛkʰan baɖaiŏcomijɘɲ,Moni: I will let you know when/ if I find it.,,1SG-1SG search find-COND know-CAUS-2SG-3SG-1SG
output_layoutA (1).csv,77,ʈʰikʔgija,Ronnie: Okay alright.,,okay-EMPH-FIN
output_layoutA (1).csv,1,Jisu do d̪ok'ic' Bɑbɑn-cɑo-ic' kɑnɑ-e,Jesus is the one called the Baptist.,,Jesus TOP Baptize-TR Baptist COP-FIN-3SG:SUBJ
output_layoutA (1).csv,2,uni d̪o sermɑ rɑj reɑk' kɑŋ-e-ɑ,The Kingdom of Heaven belongs to him.,,3SG TOP Heaven Kingdom GEN Belong-3SG:SUBJ-FIN
output_layoutA (1).csv,3,noɑ Hukigot d̪o eken Jehud̪i hɔr ko lɑgit' d̪o bɑn kɑnɑ,This Good News is not only for the Jewish people.,,This Gospel TOP Only Jewish People PL For TOP NEG-1SG COP-FIN
output_layoutA (1).csv,4,uni d̪o jiɔne kʰemɑo let,He had come to save the world.,,3SG TOP World-OBJ Save-PLUP:FIN
output_layoutA (1).csv,5,Soetɑn d̪o uni-e bɑgiɑ-d̪eɑ,Satan tempted him.,,Satan TOP 3SG-3SG:SUBJ Tempt-REM:PST:FIN
output_layoutA (1).csv,6,d̪utko hec'kɑteko sɑp'sorɑ-d̪eɑ,Angels came and served him.,,Angels-PL Come-CVB-PL Serve-REM:PST:FIN
output_layoutA (1).csv,7,Jisu d̪o Gɑlil kʰon Jord̪ɑnte Johɑn tʰene hec'enɑ,Jesus came from Galilee to the Jordan to John.,,Jesus TOP Galilee ABL Jordan-LOC John TO-3SG:SUBJ Come-PLUP:FIN
output_layoutA (1).csv,8,uni d̪oe tɑnɑ mɑnɑkɑd̪eɑ,John tried to prevent him.,,3SG TOP-3SG:SUBJ Refuse Deny-REM:PST:FIN
output_layoutA (1).csv,9,ɡotɑ d̪ʰɔrɔm puk'rɑu lek kɑntɑlɑnɑ,We must fulfil all righteousness.,,All Righteousness Fulfil QUOT COP-1PL:SUBJ-FIN
output_layoutA (1).csv,10,sermɑ d̪o ʤʰic'enɑ,The heavens were opened.,,Sky TOP Open-PLUP:FIN
output_layoutA (1).csv,11,Nui-ge iʰren d̪ulɑriɑ hɔpɔn d̪o,This is my beloved Son.,,3SG.PROX-EMPH 1SG-GEN Beloved Son TOP
output_layoutA (1).csv,12,mɔn ɑcurtɑ-pe ente sermɑ rɑj d̪o sorɑkɑnɑ,"Repent, for the Kingdom of Heaven is near.",,Mind Repent-IMP-2PL:SUBJ Because Heaven Kingdom TOP Near-COP:FIN
output_layoutA (1).csv,13,D̪elɑ iɲ tɑyɔmte ɑd̪o mɑnwɑ sɑsɑp keotɑɲ hoe ocobena,Come follow me and I will make you fishers of men.,,Come 1SG After-LOC THEN Person Catch Fisher-1SG:SUBJ Become Make:FIN
output_layoutA (1).csv,14,unkin d̪o sɑtmente jɑlko bɑgiɑt'tekin pɑɲɑked̪eɑ,The two of them immediately left the nets and followed him.,,3DU TOP Immediately-LOC Net-PL Leave-CVB-3DU:SUBJ Follow-REM:PST:FIN
output_layoutA (1).csv,15,Jisu ɡotɑ Gɑlil d̪isom d̪ɑrɑ d̪ɑrɑte-e cetɑkokɑn,Jesus went around the whole of Galilee teaching.,,Jesus All Galilee Land Wander Around-LOC-3SG:SUBJ Teach-COP-FIN
output_layoutA (1).csv,16,d̪isom hɔrko tɑlɑre sɑnɑm lekɑn rɔɡ biɡʰin,All kinds of disease and illness among the people of the land.,,Country People-PL Among-LOC All Kind Disease Illness
output_layoutA (1).csv,17,mɔnre renɑd̪ejɔk'kɑnkod̪eko bʰɑɡɑnɑ,Blessed are the poor in spirit.,,Mind-LOC Poor-EMPH-COP-PROG-3PL-EMPH-PL Blessed-FIN
output_layoutA (1).csv,18,hird̪ɑuk'kɑnkod̪eko bʰɑɡɑnɑ,Blessed are those who mourn.,,Grieve-PROG-3PL-EMPH-PL Blessed-FIN
output_layoutA (1).csv,19,mɑhrkod̪eko bʰɑɡɑnɑ ente onko d̪o piɾtʰimi-ko ɑid̪ɑrijɔnɑ,"Blessed are the meek, for they shall inherit the earth.",,Gentle-PL-EMPH-PL Blessed-FIN Because 3PL-PL TOP Earth-PL Inherit-3PL:FIN
output_layoutA (1).csv,20,mɑyɑk'kod̪eko bʰɑɡɑnɑ ente onko d̪oko mɑyɑ ocok'ɑ,"Blessed are the merciful, for they shall obtain mercy.",,Merciful-PL-EMPH-PL Blessed-FIN Because 3PL-PL TOP-PL Mercy Receive-FIN
output_layoutA (1).csv,21,ɑpe d̪o d̪ʰɑrti reɑk' bulun kɑnɑ-pe,You are the salt of the earth.,,2PL TOP Earth GEN Salt COP-2PL:SUBJ-FIN
output_layoutA (1).csv,22,ɑpe d̪o d̪ʰɑrti reɑk' mɑrsɑl kɑnɑ-pe,You are the light of the world.,,2PL TOP Earth GEN Light COP-2PL:SUBJ-FIN
output_layoutA (1).csv,23,ɑlom kʰunɑ ɑr jɑhɑede-e kʰun uni d̪o bicɑrre d̪ɑyike hoyok'ɑ,"Do not kill, and whoever kills will be liable to judgment.",,PROHIB Kill And Whoever-EMPH-3SG:SUBJ Kill 3SG TOP Court-LOC Liable Become-FIN
output_layoutA (1).csv,24,ɑcren boeʰɑ-e kurud̪ɑ-e mi ke mi hɔr ɑo bicɑrre d̪ɑyike hoyok'ɑ,Whoever is angry with his brother will be liable to the court.,,1SG-GEN Brother-3SG:SUBJ Angry-3SG:SUBJ One-CLFR One Man VOC Court-LOC Liable Become-FIN
output_layoutA (1).csv,25,ɑperen bɑiri-ko ɑud̪ɑrkope ente onko d̪oko tir pitok'ɑ,"Love your enemies, that they may be satisfied.",,2PL-GEN Enemy-PL Love-PL-2PL:SUBJ Because 3PL-PL TOP-PL Satisfy Become-FIN
output_layoutA (1).csv,1,d̪ɔ iɲ-ren menak' kat̪ʰa d̪ɔ nɔa-re bam ɲɛl-a,The words I have told you will not pass away.,,TOP 1SG-GEN Exist Word TOP This-LOC NEG-2SG See-FIN
output_layoutA (1).csv,2,d̪ikim naː hɔɽ ba-ku bulauk-a,Take heed that no one deceives you.,,Beware-2SG:SUBJ QUOT Person NEG-3PL Deceive-M-FIN
output_layoutA (1).csv,3,iɲ d̪o masiʔ kɑn-ɑ men-te ɑdi hɔɽ-ko hiɟ-uk-oa,"For many will come in my name, saying 'I am the Christ.'",,1SG TOP Messiah COP-FIN QUOT-SUB Many Person-3PL Come-CAUS-FIN
output_layoutA (1).csv,4,aɾ laɾhai ɾeak' ud̪ãu-ko-pe ahːjom-a,And you will hear of wars and rumours of wars.,,And War GEN News-3PL-2PL Hear-FIN
output_layoutA (1).csv,5,mit' ɟat̪ d̪o et̪ak' ɟat̪ upaɾ-t̪e aɾ mit' ɾaɟost̪i d̪o et̪ak' ɾaɟost̪i upaɾ-t̪e keŋgon-a,"Nation will rise against nation, and kingdom against kingdom.",,One Nation TOP Another Nation Against-LOC And One Kingdom TOP Another Kingdom Against-LOC Rise-FIN
output_layoutA (1).csv,6,iɲ ɲut̪um-t̪e sanam hɔɽ-ko t̪ʰen-pe kuɽud̪ ok'-a,All nations will hate you because of my name.,,1SG Name-LOC All Person-3PL To-2PL Hate FIN
output_layoutA (1).csv,7,menkʰan mucat̪'-t̪et̪' d̪o auɾi-ak'-a,But whoever endures to the end will be saved.,,But Until-End TOP Endure-FIN-FIN Saved-FIN-FIN
output_layoutA (1).csv,8,ɡɔt̪a d̪ʰaɾt̪i-ɾe poɾt͡ʃaɾ-ok'-a sanam ɟat̪-ko laɡit̪' ɡɔha ɲut̪um-t̪e,This gospel of the kingdom will be proclaimed throughout the whole world as a testimony to all nations.,,Whole Earth-LOC Proclaim-FIN All Nation-3PL For Good Name-LOC
output_layoutA (1).csv,9,unɾe d̪o maɾaɲ okot͡ʃ' sant̪ao hɔj-ok'-a,For then there will be great tribulation.,,That-LOC TOP Great Tribulation Come-FIN-FIN
output_layoutA (1).csv,10,t͡ʃet̪' leka bid͡ʒli d̪o puɾub kʰon od̪ok-ok'-t̪e pat͡ʃim habɪt͡ʃ' malkaʔ t͡ʃal-ak'-a,"For as the lightning comes from the east and shines as far as the west, so will the coming of the Son of Man be.",,How Like Lightning TOP East From Come-FIN-LOC West Until Shine Go-FIN-FIN
output_layoutA (1).csv,11,unɾe manwa hopon ɾeak' t͡ʃinʰa seɾmaɾe ɲel-ok'-a,Then the sign of the Son of Man will appear in the sky.,,That-LOC Son.of.Man GEN Sign Sky-LOC Appear-FIN-FIN
output_layoutA (1).csv,12,seɾma aɾ ot̪ d̪o t͡ʃabak'-a menkʰan iʔak' kat̪ʰa-ko d̪o ohoɡe t͡ʃabal-ena,"Heaven and earth will pass away, but my words will not pass away.",,Sky And Earth TOP Pass.away-FIN-FIN But 3SG-GEN Word-3PL TOP Certainly Pass.away-PST:A-FIN
output_layoutA (1).csv,13,menkʰan ona d̪in aɾ ɡʰuɾi ɾeak' d̪o okoe hɔ̃ bako bad̪aea,But about that day and hour no one knows.,,But That Day And Hour GEN TOP Anyone Also NEG-3PL Know-FIN
output_layoutA (1).csv,14,aɾ t͡ʃet̪' leka noa-ʔ ɾeak' d̪in-koɾe hɔelena onkage manwa hopon ɾeak' set̪eɾok' hɔ hɔj-ok'-a,"For as were the days of Noah, so will be the coming of the Son of Man.",,And How Like Noah GEN Day-LOC Happen-PST:A Like Son.of.Man GEN Coming Also Come-FIN-FIN
output_layoutA (1).csv,15,ɔnat̪e ɟaɡwaɾakae t̪ahen-pe ente bape bad̪aea oka hilok' apeɾen pɾɔbʰui hiɟ-uk'-a,"Therefore stay awake, for you do not know on what day your Lord is coming.",,Therefore Watch-ITER Stay-2PL For NEG-2PL Know-FIN Which Hour 2PL-GEN Lord Come-CAUS-FIN
output_layoutA (1).csv,16,unɾe seɾma ɾaɟ d̪o ɡel t̪et̪ɾe kuɾi-ko lekak'-a,Then the kingdom of heaven will be like ten virgins.,,That-LOC Kingdom GEN-TOP Go:Ten Virgin-3PL Like-FIN
output_layoutA (1).csv,17,ad̪o ɟãwãe-ye bilom-ente ɟot̪oɡe d̪ud̪ɾumket̪'-koa aɾ-ko ɟapit̪'-keda,"As the bridegroom was delayed, they all became drowsy and fell asleep.",,But Bridegroom-3SG:SUBJ Delay-SUB All Drowsy-become-3PL And Sleep-PST:A-3PL
output_layoutA (1).csv,18,d̪en apeʔak' sunum hat̪iɲale-pe ente aleak' d̪iuhe-ko aʔ iɾiɟ-ok'-kana,"Give us some of your oil, for our lamps are going out.",,Give 2PL-GEN Oil Share-2PL:IMP For 1PL-GEN Lamp-3PL 3PL Go.out-FIN-FIN
output_layoutA (1).csv,19,ad̪o ɟaɡwaɾakae baɾe t̪ahen-pe ente d̪int̪et̪' aʔo bape bad̪aea aɾ ɡʰuɾit̪et̪' hɔ̃ baɲ,"Watch therefore, for you know neither the day nor the hour.",,But Watch-ITER Stay-2PL For Day-End Also NEG-2PL Know-FIN And Hour-End Also NEG-1SG
output_layoutA (1).csv,20,besak-ad̪am e bʰaɡe aɾ pat̪iaɾ ɡolam t̪ʰoɾawak'-ɾe pat̪iaɾ-em t̪ahen-kana,"Well done, good and faithful servant. You have been faithful over a little.",,Well.done VOC Good And Faithful Servant Small-LOC Faithful-2SG Stay-FIN
output_layoutA (1).csv,21,ente menak'-ae mimit̪' hɔɽ d̪oe em ok'-a aɾ saɾeɾ-ok'-aea menkʰan banuikae hɔɽ d̪o ɟahanakad̪e menak'tae ona hɔ uni t̪ʰen kʰon ɾeɟoɡ-ok'-a,"For to everyone who has, more will be given and he will have an abundance. But from the one who has not, even what he has will be taken away.",,For Exist-ITER One Person-3SG:SUBJ Give FIN-FIN And Multiply-FIN-ITER But Not.have-ITER Person TOP Nothing-ITER Exist-EMPH-3SG That Also 3SG From Take.away-FIN-FIN
output_layoutA (1).csv,22,menkʰan manwa hopon at͡ʃ'-ɾen sanam d̪ut̪-ko sɔt̪e at͡ʃ'ak' t̪ʰonok-ɾe-ye d̪uɾup'-a,"When the Son of Man comes in his glory, and all the angels with him, then he will sit on his glorious throne.",,But Son.of.Man 3SG-GEN All Angel-3PL With 3SG-GEN Throne-LOC-3SG:SUBJ Sit-FIN
output_layoutA (1).csv,23,ente ɾeŋet͡ʃ'-led̪iɲɲa aɾ ɟɔmak' pe emad̪iɲa t̪et̪aɲled̪iɲa aɾ-pe naʔ ok'-led̪iɲa,"For I was hungry and you gave me food, I was thirsty and you gave me drink, I was a stranger and you welcomed me.",,For Hungry-PST:A-1SG-FIN And Food 2PL Give-PST:A-1SG Thirsty-PST:A-1SG And-2PL Water Give-PST:A-1SG
output_layoutA (1).csv,24,bad̪aeɡe ape baɾsiɲ kʰaŋɡe senpaɾom poɾob hɔj-ok'-a aɾ manwa hopon d̪o kɾus ok'-ok' laɡit̪' sopɾot̪ ok'-ok'-a,"You know that after two days the Passover is coming, and the Son of Man will be delivered up to be crucified.",,Know-2PL 2PL Two Day After:two Passover Festival Come-FIN-FIN And Son.of.Man TOP Cross FIN For Hand.over FIN-FIN
output_layoutA (1).csv,25,mit̪t̪en maeɟiu alabastaɾ t͡ʃukat̪'-ɾe ad̪i d̪amanak' maʔkaoʔ sunum-ant̪e uni t̪ʰen-e het͡ʃ'-ena,A woman came to him with an alabaster flask of very expensive ointment.,,One-CLSSFR Woman Alabaster Bottle-LOC Very Expensive Fragrant Oil-COMIT 3SG To-3SG Come-PST:A
output_layoutA (1).csv,26,ɟisu d̪o ona bad̪aeket̪'e metat̪'-koa maeɟiu t͡ʃed̪ak'-pe d̪uk ok'-o-je-kana ente iɲ laɡit̪' besak'-e kami-ak-ad̪a,"But Jesus, aware of this, said to them, ""Why do you trouble the woman? For she has done a beautiful thing to me.""",,Jesus TOP That Know-PST:A-3SG Say-3PL:OBJ Woman Why-2PL Trouble FIN-FIN-PROG For 1SG For Good-3SG Work-FIN-FIN
output_layoutA (1).csv,27,t̪inak'-pe emana uniɲ sopɾot̪-a-pe kʰan onko d̪o pe ɡel t̪aka-ko lekʰawad̪ea,What will you give me if I deliver him over to you? And they paid him thirty pieces of silver.,,How.much-2PL Give-FIN 1SG:OBJ Hand.over-FIN-2PL If They-TOP 3PL Thirty Silver-3PL Count-PST:A-3PL
output_layoutA (1).csv,28,ne at̪aŋ-t̪e ɟɔm-pe noa d̪o iɲak' hɔɾmo kana,"Take, eat; this is my body.",,This Take-LOC Eat-2PL:IMP This TOP 1SG-GEN Body FIN
output_layoutA (1).csv,29,nia niɲd̪a ape ɟot̪oɡe iɲ-ɾe-pe t̪aki-ɟ-ok'-a,You will all fall away because of me this night.,,This Night 2PL All 1SG-LOC-2PL Stumble-M-FIN-FIN
output_layoutA (1).csv,30,e apuɲ hoe d̪aɾeak' kʰan noa bat̪i d̪o iɲ t̪ʰen kʰon t͡ʃalao paɾam-ok' ma baɲ bik-om amem men-ɟɔɲ-kan' leka baɾe hɔj-ok'-ma,"My Father, if it is possible, let this cup pass from me; nevertheless, not as I will, but as you will.",,VOC Father Possible-FIN If This Cup TOP 1SG From Pass Depart-FIN PROH NEG Give-2SG:IMP 1SG:OBJ But 1SG Will-QUOT-FIN Like Rather Come-FIN-PROH
output_layoutA (1).csv,1,ad̪ɔmko d̪ɔ haku ut̪u ɟɔmku kisi.jaʔa,Many people like to eat fish.,,many-3PL TOP fish also eat-3PL like-FIN
output_layoutA (1).csv,2,gaɖa kʰɘ̃ɽi aɾ ɟɔlaɾɛ d̪ɔ a͡i̯malɛkan hakuku ɲamɔ.a,"A variety of fishes are found in rivers, streams and lakes.",,river stream and lake-LOC TOP various-ADJR fish-3PL be.found-FIN
output_layoutA (1).csv,3,ɟɘliɘ d̪ɔ hako ɘkʰɾiɲ kat̪ɛʔ d̪inku kʰɛmaɔa,Fishermen earn their livelihood by selling fish.,,fisherman TOP fish sell-CVB day-3PL earn-FIN
output_layoutA (1).csv,4,a͡i̯malɛkat̪ɛ hakoko sapʔkoa ɟɛmɔn ɔkɔi d̪ɔ ɟʰɘlit̪ɛ hakoko ɟʰɘlikoa ɔkɔi d̪ɔ bɘɽsit̪ɛ hakoko bɘɽsikoa,"Fish can be caught in various ways; some fish with nets, some with rods.",,various-INSTR fish-3PL catch-3PL-FIN like some TOP net-INSTR fish-3PL net.fish-3PL-FIN some TOP rod-INSTR fish-3PL rod.fish-3PL-FIN
output_layoutA (1).csv,5,bɘɾsɘ ɟɔkʰɛn a͡i̯malɛkan hakoko ɲamɔ.a,A lot of fish are found during the monsoon season.,,monsoon when various-ADJR fish-3PL be.found-FIN
output_layoutA (1).csv,6,at̪oɾɛn gid̪ɾɘkud̪ɔ d̪aʔ aɾɛc̚ʔkat̪ɛ hakuku gɔc̚ʔkoa,The children of the village drain water to catch fish.,,village-GEN children-TOP water drain-CVB fish-3PL catch-3PL-FIN
output_layoutA (1).csv,7,d̪aʔ bɘɽiɟɔʔ kakʰant̪ɛ hakuku t̪ʰɔɽa cabaʔkana,Fish have decreased because of water pollution.,,water pollute because-INSTR fish-3PL few decrease-COP-FIN
output_layoutA (1).csv,8,gaɖa aɽeɾɛn hɔɽko d̪ɔ akot̪ege hakoko sapʔɟɔːŋa,People who live by the riverbank can fish by themselves.,,river bank-GEN man-3PL TOP themselves-EMPH fish-3PL catch-be.able-1SG-FIN
output_layoutA (1).csv,9,ɔna i.yɘt̪ɛ hɘʈiɘkʰɔn hako kiɾiɲ d̪ɔ baŋ lagaoakoa,That is why they do not need to buy fish from the market.,,that reason-INSTR market-ABL fish buy TOP NEG need-CAUS-FIN-3PL-FIN
output_layoutA (1).csv,10,amaʔ d̪ɔkanɾɛ maɲɟan ɟɔm ɾe.yaʔ cɛʔ cɛʔko mɛnaʔa,What dishes are available for lunch at your shop?,,2SG-GEN shop-LOC noon eat for what what-3PL exist-FIN
output_layoutA (1).csv,11,d̪aka mɛna.a pɛ lɛkan hako ut̪u mɛna.a aɾ simɟil ut̪u mɛna.a,"There is rice, three kinds of fish, and chicken meat.",,rice exist-FIN three COP-ADJR fish also exist-FIN and chicken-meat also exist-FIN
output_layoutA (1).csv,12,kɘʈic̚ʔ hako ut̪u mena.a,Is there any small fish?,,small fish also exist-FIN
output_layoutA (1).csv,13,hɛ̃ː mena.a ɔna saɔ̯t̪ɛ lɘʈu hakoaʔ ut̪uhɔ̃ mena.a,"Yes, and we also have big fish along with it.",,yes exist-FIN that with big fish-also also-also exist-FIN
output_layoutA (1).csv,14,aɽaʔ sakam aɾ d̪ɘl ut̪u mena.a,Do you have vegetables and lentils?,,vegetable leaf and lentil also exist-FIN
output_layoutA (1).csv,15,hɔt̪ɔtʔ aɾ poʈol bʰɘɟi mena.a,We have gourd and fried pointed gourd.,,gourd and pointed.gourd fry exist-FIN
output_layoutA (1).csv,16,hako bʰɘɽt̪ɘ aɾ malhan bʰɘɾt̪ɘ mena.a,There is mashed fish and mashed beans.,,fish mash and bean mash exist-FIN
output_layoutA (1).csv,17,d̪ɘl ut̪u t̪ahɛ̃kangeja mɛnkʰan cabaena,"There was lentil, but it has all finished.",,lentil also be-COP-EMPH-PST but finish-PST-FIN
output_layoutA (1).csv,18,iɲd̪ɔ d̪aka kɘʈic̚ʔ hako ut̪u aɾ poʈol bʰɘɟi imɘɲmɛ,"Give me rice, small fish and fried pointed gourd.",,1SG-TOP rice small fish also and pointed.gourd fry give-1SG.OBJ-2SG:IMP
output_layoutA (1).csv,19,bɔt̪ɔl ɾe.yaʔ d̪aʔiɲ emama,Shall I give you bottled water?,,bottle for water-also give-Q
output_layoutA (1).csv,20,alɛʈʰɛʔ d̪ɔ ɾe.yaɽ aɾ imni d̪aʔhɔ̃ mena.a,We have both cold and normal water.,,cold TOP for and normal water-also exist-FIN
output_layoutA (1).csv,21,bɔt̪ɔl d̪aʔ d̪ɔ baŋ lagaoɘɲɘ,I do not need bottled water.,,bottle water TOP NEG need-CAUS-1SG.OBJ-FIN
output_layoutA (1).csv,22,iɲ d̪ɔ sɔŋgɛt̪ɛ d̪aʔhɔ̃ɲ ɘguukaʔa,I have brought water along with me.,,1SG TOP together-INSTR water-also-1SG bring-PRF-FIN
output_layoutA (1).csv,23,ɟahan hɛɽɛm ɟɔmaʔ mena.a,Do you have any sweets or desserts?,,any sweet eat-NMLZ exist-FIN
output_layoutA (1).csv,24,d̪ahe aɾ misʈi mena.a,There is curd and sweets.,,curd and sweet exist-FIN
output_layoutA (1).csv,25,t̪ahalɛ ɟɔm mucɘtʔkat̪ɛ mitʔ cukɘʔ d̪ahe imɘɲmɛ,Then give me a cup of curd after I finish eating.,,then eat finish-NMLZ-after one cup curd give-1SG.OBJ-2SG:IMP
output_layoutA (1).csv,26,mitʔ hɔɽ lɘgitʔ hako bʰɘɾt̪ɘ hɔt̪ɔtʔ ut̪u sim ɟil ut̪u aɾ mitʔ pleʈ d̪aka pekeʈɘɲpe,"Pack mashed fish, gourd, chicken meat and a plate of rice for one person.",,one man for-NMLZ fish mash gourd also chicken meat also and one plate rice pack-1SG.OBJ-2PL:IMP
output_layoutA (1).csv,27,ma t̪ɔbɛ a͡i̯ma saɾhao,"Alright, thank you very much.",,AFFIRM then very thank.you-IMP
output_layoutA (1).csv,28,ɟɔhaɾ t̪i.yaŋ,"Greetings, brother-in-law.",,greet elder.brother.in.law
output_layoutA (1).csv,29,cɛʔlɛka mɛnama,How are you?,,how-like exist-Q
output_layoutA (1).csv,30,iɲ d̪ɘi aɾ bʰɘgnitiɲ d̪ɔ ɔkaɾɛ menaʔkinɘ,Where are my sister and niece?,,1SG elder.sister and niece-1SG.POSS TOP where-LOC exist-DUAL-FIN
output_layoutA (1).csv,31,ɟɔhaɾ bisgi minɘɲa,"Greetings, I am fine.",,greet well be-1SG.SUBJ-FIN
output_layoutA (1).csv,32,uŋkin d̪ɔ haŋko ʈʰɛnkin calaoakana,They have gone to the neighbouring house.,,3DUAL-DUAL TOP next-PL side-DUAL go-CAUS-AUX-COP-FIN
output_layoutA (1).csv,33,nitʔgikin ɾuɘɽa nahaʔ,They will return just now.,,just.now-EMPH-DUAL return-FIN MOD
output_layoutA (1).csv,34,bʰit̪ɾisec̚ʔ hɛc̚ʔ kat̪ɛ d̪uɽupʔmɛ,Come inside and sit down.,,inside-into come-CVB sit.down-2SG:IMP
output_layoutA (1).csv,35,bʰɘgnitiɲ bapla babɔtʔt̪ɛ kɔɽa sɛc̚ʔkʰɔn bɔlɛko hɛc̚ʔlena,I heard the potential groom's family came about the niece's wedding!,,niece-1SG.POSS wedding matter-INSTR boy side-ABL say-3PL come-PLUP-FIN
output_layoutA (1).csv,36,kɔɽa d̪ɔ cɛtʔɛ kɘmia,What does the potential groom do?,,boy TOP what-Q do-FIN
output_layoutA (1).csv,37,aɾ ɔkaɾɛi t̪ahɛ̃na,And where does he live?,,and where-LOC-EMPH live-FIN
output_layoutA (1).csv,38,kɔɽa d̪ɔ ɖʰakaɾɛi t̪ahɛ̃na aɾ kic̚ɾiʔ ɾe.yaʔɛ bɘniɟa,The boy lives in Dhaka and does cloth business.,,boy TOP Dhaka-LOC-EMPH live-FIN and cloth for-EMPH do.business-FIN
output_layoutA (1).csv,39,oŋko ɔɽaʔ d̪ɔ hana at̪oɾɛ,His house is in our neighbouring village.,,3SG-3PL house TOP here village-LOC
output_layoutA (1).csv,40,bʰagegecɔ,Good then.,,good-EMPH-CONCL
output_layoutA (1).csv,41,kɔɽa babɔtʔt̪ɛ kʰɔckʰɔbɔɾpɛ hat̪aokaʔa sɛ iɲgiɲ hat̪aɔa,"Have you inquired about the boy, or should I make the inquiry?",,boy matter-INSTR inquiry-2PL gather-CAUS-PRF-FIN or 1SG-EMPH-1SG gather-CAUS-FIN
output_layoutA (1).csv,42,ɔna at̪oɾɛgi iɲɾɛn miʈɛʔ gat̪ekoɽa mena.ya,I have a friend in that village.,,that village-LOC-EMPH 1SG-GEN one friend-boy exist-PST
output_layoutA (1).csv,43,kʰɔbɔɾɛm hat̪ao d̪aɽe.yaʔa,You can make the inquiry.,,inquiry-2SG.SUBJ gather-CAUS can-FIN
output_layoutA (1).csv,44,iɲaʔ baɖailɛka kɔɽa d̪ɔ ɟɔt̪osɛc̚ʔkʰɔngejɛ bʰagegeja,"As far as I know, the boy is good in every respect.",,1SG-GEN knowledge-like boy TOP all-from-ABL-EMPH good-EMPH-FIN
output_layoutA (1).csv,45,net̪aɾ d̪ɔ baplɛɾɛ a͡i̯ma kʰɔɾɔcɔʔa,There is a lot of expense in weddings nowadays.,,now TOP wedding-LOC very expense-NMLZ-FIN
output_layoutA (1).csv,46,t̪iːɾɛ ʈaka pa͡i̯sa mena.atʰɔɾ,Do you have money at hand right now?,,hand-LOC money coin exist-FIN-Q
output_layoutA (1).csv,47,ɛnt̪ɛ net̪aɾ d̪ɔ ɟiniskɔɾɛnaʔ d̪am hɔ̃ ɘɖi ɟɘstijena,Because the prices of goods have increased a lot now.,,because now TOP thing-NMLZ-GEN price also very increase-PLUP-FIN
output_layoutA (1).csv,48,pasɛc̚ʔ ɟahan ɛ̃ʈkɛʈɔ̃ɽe d̪ɔ baŋ hojoʔa,I hope there will be no problem.,,hope any trouble-LOC TOP NEG happen-NMLZ-FIN
output_layoutA (1).csv,49,peɽako niɘ mitʔd̪in d̪uɽupʔ hojoʔa,We need to sit together with relatives one day.,,relative-3PL with one-day sit happen-NMLZ-FIN
output_layoutA (1).csv,50,ɟɔt̪ɔhɔɽ saɔ̯t̪ɛ galmaraokat̪ebon goʈa.ya onage bʰage.a,Discussing with everyone and deciding together will be good.,,all-man with-INSTR discuss-CAUS-CVB-1PL.INCL decide-FIN that-EMPH good-FIN
output_layoutA (1).csv,51,sokol hilɘʔ d̪o cʰuʈigeja unhilɘʔd̪ɔ ɟɔt̪ɔkuku ɲamɔ.a,"Friday is a holiday, everyone will be available on that day.",,Friday day TOP holiday-EMPH-FIN that-day-TOP all-3PL-3PL be.available-FIN
output_layoutA (1).csv,52,unhilɘʔgi ɛɾa hɔpɔnko niɘ hɘɟuʔmɛ t̪ahlɛ,Come with your wife and children on that day.,,that-day-EMPH wife child-3PL with come-2SG:IMP then
output_layoutA (1).csv,53,ma onagi t̪iɲaŋ,"Alright, brother-in-law.",,AFFIRM that-EMPH elder.brother.in.law
output_layoutA (1).csv,54,ma t̪ahlɛ iɲd̪ɔɲ calaʔkana,"Alright then, I am going now.",,AFFIRM then 1SG-TOP-1SG.SUBJ go-COP-FIN
output_layoutA (1).csv,55,ɔɽaʔɾɛhɔ̃ a͡i̯ma kɘmi mena.a,There are many things to do at home.,,house-LOC-also very work exist-FIN
output_layoutA (1).csv,56,ma t̪ɔbɛ sokol hilɘʔgi ɲapam hojo.a,"Well then, see you on Friday.",,AFFIRM then Friday day-EMPH meet happen-FIN
output_layoutA (1).csv,1,"hend̪a ba, abo̯͡aʔ ɔɽaʔ d̪ɔ jut̪̚ʔ ho.jo.a","Father, we have to repair the house.",,VOC father 1PL.INCL-GEN house TOP repair must-FIN
output_layoutA (1).csv,2,"ced̪aʔ, oɽaʔ d̪ɔ ceka͡o̯ăkant̪ɛ","Why, what happened to the house?",,why house TOP how-MID-PRF-FIN
output_layoutA (1).csv,3,am sɔhɔɽt̪ɛ cala͡o̯ ta͡i̯nɔm hɔ͡i̯d̪aʔ ho͡i̯lena,The storm hit after you went to town.,,2SG town-LOC go-MID after storm happen-PST-FIN
output_layoutA (1).csv,4,ona hɔ͡i̯d̪aʔɾɛ abo ɔɽaʔ cet̪an mit̪̚ʔʈɛʔ d̪aɾi bʰind̪ɘɽakana,A tree fell on the house in that storm.,,that storm-LOC 1PL.INCL house top one-CLSSFR tree fall-PRF-FIN
output_layoutA (1).csv,5,ɔna i͡ɘt̪ɛ ɔɽaʔ ɾe.jaʔ mit̪̚ʔaɽi cal d̪ɔ ɾɘput̪̚ʔakana,"As a result, the shed on one side of the house was broken.",,that reason-INSTR house LOC-GEN one-side shed TOP break-PRF-FIN
output_layoutA (1).csv,6,nit̪̚ʔ ɔnɖɛkʰɔn d̪aʔ ɟɔɾɔʔkana,Now water falls through it.,,now there-ABL water fall-PROG-FIN
output_layoutA (1).csv,7,"d̪ɛla, miʔ sã͡o̯tɛlaŋ cala.a, ɲɛːlalaŋ ceka͡o̯ăkana",Let's go together and see what happened.,,come.IMP one-with-LOC-1DU.INCL go-FIN-FIN see-FIN-1DU.INCL how-MID-PRF-FIN
output_layoutA (1).csv,8,nɔʔɔ͡i̯ ɲɛlmɛ nɔ̯͡a d̪aɾe cɛʔlɛka bʰind̪ɘɽakana,Look how the tree is lying.,,here see-2SG.IMP this tree what-like fall-PRF-FIN
output_layoutA (1).csv,9,"ɘɖi lɘʈu d̪aɾekana, ɔnat̪ɛ ɔɽaʔ ɾe.jaʔ cal d̪ɔ ɾɘput̪̚ʔakana",The tree was big that is why the house got broken.,,very big tree-PROG-FIN that-INSTR house LOC-GEN shed TOP break-PRF-FIN
output_layoutA (1).csv,10,"hɛ̃ː, ɲɛl ɲamɛ̃d̪ɘɲ","Yes, I can see.",,yes see get-IND-1SG
output_layoutA (1).csv,11,"hɛ̃ː, no̯͡a d̪aɾi ɔcɔʔ laha͡i̯ hojo.a",The tree must be removed first.,,yes this tree remove first must-FIN
output_layoutA (1).csv,12,"ni̯͡ɘ t̪a͡i̯nɔm naɔ̯͡a cal lɘgit̪̚ʔ ʈin, kaʈ, peɾek̚ kiɾiɲ hojo.a aɾ mist̪ɾi hɔ̃ hɔhɔ̯a͡i̯ hojo.a","Then have to buy tin, wood, nails for the new shed and have to call the mason.",,this after new shed for tin wood nail buy must-FIN and mason also call must-FIN
output_layoutA (1).csv,13,"hend̪a baː, ɔka ɟinis t̪inɘʔganiɲ agu.ja","Father, how much should I bring all of these?",,VOC father which thing how.much-EMPH-1SG bring-FUT
output_layoutA (1).csv,14,no̯͡a d̪ɔ iɲ kʰɔn mit̪̚ʔʈɛʲcʔ mist̪ɾigi bʰage͡i̯ lɘ͡i̯ d̪aɽe.jaʔa,A mason can say that better than me.,,this TOP 1SG ABL one-CLSSFR mason-EMPH well say can-PRF-FIN
output_layoutA (1).csv,15,iɲd̪ɔ t̪ahalɛ mit̪̚ʔʈɛʲcʔ mistɾiɲ ɘgu maɽaŋka͡i̯ligi,Then I am calling a mason first to bring him.,,1SG-TOP then one-CLSSFR mason-1SG bring first-CAUS-1SG-EMPH
output_layoutA (1).csv,16,mist̪ɾi t̪inɘʔ d̪aɾmaha͡i̯ hat̪aɔ̯͡a ona d̪ɔ uni sã͡ot̪ɛ goʈa ɘgu͡i̯mɛ,Fix how much the mason will be paid daily.,,mason how.much wage take-FIN that TOP 3SG with-LOC fix bring-2SG.IMP
output_layoutA (1).csv,17,mist̪ɾi lɘgit̪̚ʔ iɲ d̪ɔ d̪inɘm mit̪̚ʔ haɟaɾ ʈaka kʰɔn ɟɘst̪i bɘɲ ɛm d̪aɽeɔ̯͡aʔa,I can't pay more than BDT 1000 per day for the mason.,,mason for 1SG TOP daily one thousand taka ABL more NEG-1SG give can-MID-PRF-FIN
output_layoutA (1).csv,18,"ac̚cʰa baba, iɲd̪ɔ d̪aɾmahaɲ gɔʈa ɘgu.ja nahaʔ","Okay father, I will fix the wages.",,okay father 1SG-TOP wage-1SG fix bring-FUT now
output_layoutA (1).csv,19,iɲd̪ɔ mist̪ɾi ʈʰɛnkʰɔn baɖa͡i̯ɟɔŋ t̪a͡i̯nɔm ɟiniskuɲ kiɾiɲ ɘgu.ja,Shall I buy the things after knowing from the mason?,,1SG-TOP mason from-ABL know-PRF after thing-PL-1SG buy bring-FUT
output_layoutA (1).csv,20,"baŋ, lahaɾɛ d̪ɔ alɔm kiɾiɲa","No, no need to buy first.",,no front-LOC TOP PROHIB-2SG buy-FIN
output_layoutA (1).csv,21,mist̪ɾi ɔɽaʔ ɾe.jaʔ ɔbɔst̪a ɲɛlocokat̪ɛ aːd̪ɔ ɟinisko kiɾiɲɛm calaʔa,"After seeing the condition of the house by the mason, go and buy things.",,mason house LOC-GEN condition see-MID-CAUS-after then-TOP thing-PL buy-2SG go-PRF-FIN
output_layoutA (1).csv,22,maːt̪ɔbɛɲ calaʔkana,"Alright Father, I am going.",,okay-then-1SG go-PRF-PROG-FIN
output_layoutA (1).csv,23,iɲaʔ baɽgeɾe.jaʔ hoɽo goɖoko ɟɔm cabaʲɛt̪̚ʔkana,Rats are eating the rice of my field.,,1SG-GEN field-LOC-GEN paddy rat-3PL eat finish-IND-PROG-FIN
output_layoutA (1).csv,24,goɖo lagako lɘgit̪̚ʔ cɛt̪̚ʔ ceka͡i̯ hojo.a,What can be done to get rid of rats?,,rat chase-3PL for what how must-FIN
output_layoutA (1).csv,25,goɖo lagako lɘgit̪̚ʔ baɾe̯͡alɛkan kɘmi mena.a,Rats can be chased in two ways.,,rat chase-3PL for two-like work exist-FIN
output_layoutA (1).csv,26,baɽge bɛɽha͡i̯t̪ɛ siʈɘp̚ʔ oɖa͡o̯kat̪ɛ goɖo sap̚ʔko,You can catch mice by setting traps around the field.,,field around-LOC trap set-MID-CONV rat catch-3PL
output_layoutA (1).csv,27,baŋkʰan ɟɔmaʔ sã͡o̯t̪ɛ bis mɛsal kat̪ɛ baɽgiɾɛ d̪ɔhɔ͡i̯ hojoʔa,"Other than that, you can mix poison with food and put it in the field.",,no-then food-GEN with-LOC poison mix CONV field-LOC keep must-FIN
output_layoutA (1).csv,28,pɘhilɾɛ iɲd̪ɔ siʈɘp̚ʔ ɔɖa͡o̯kat̪ɛ goɖo sap̚ʔiɲ mɛnled̪a,I initially wanted to catch mice by traps.,,first-LOC 1SG-TOP trap set-MID-CONV rat catch-1SG say-PST-FIN
output_layoutA (1).csv,29,"mɛnkʰan nokod̪ɔ bako siʈɘbɔ.a, nokod̪ɔ ɘɖi calak̚","But rats are very clever, so the trap is not working.",,but these-TOP NEG-3PL trap-MID-FIN these-TOP very clever
output_layoutA (1).csv,30,ni̯͡ɘd̪ʰa͡ɔ̯ d̪ɔ ɟɔmaʔ sã͡o̯t̪ɛ bis mɛsal kat̪ɛʔ baɽgeɾɛ hanɖɛ nanɖɛ d̪ɔhɔkam,Then mix the poison with the food and put it in different places in the field.,,this-time TOP food-GEN with-LOC poison mix CONV field-LOC there here keep-IMP-2SG
output_layoutA (1).csv,31,inɘkʰan goɖo aɾ bako t̪ahɛ̃na,Then there will be no more rats.,,then-COND rat more NEG-3PL stay-MID-FIN
output_layoutA (1).csv,32,hɛ̃ noŋkagiɲ kɘmi̯͡a,"Yes, that's what has to be done.",,yes thus-EMPH-1SG do-FIN
output_layoutA (1).csv,33,cala͡o̯ɛn sɛɾmaɾɛ goɖo iɲaʔ baɽgiɾɛ a͡i̯ma hoɽoko ɟɔm giɖiked̪a,Rats ate a lot of my rice last year.,,go-MID-PST year-LOC rat 1SG-GEN field-LOC much paddy-3PL eat throw-PST-FIN
output_layoutA (1).csv,34,hoɽo gɛt̪̚ʔ t̪a.jɔm baɽgeɾɛ a͡i̯ma goɖo bʰugɘʔlɛ ɲamked̪a,"After harvesting paddy, I found many holes in the field.",,paddy cut after field-LOC much rat hole-1PL.EXCL get-PST-FIN
output_layoutA (1).csv,35,ona bʰugɘʔkoɾɛ a͡i̯ma hoɽo t̪ahɛ̃lena,There was a lot of rice in those holes.,,that hole-PL-LOC much paddy stay-PST-FIN
output_layoutA (1).csv,36,ni̯͡ɘd̪ʰa͡o̯ hɘʈi̯͡ɘɾɛ hoɽo d̪am d̪ɔ t̪ʰɔɽage̯͡a,This year the price of rice is low in the market.,,this-time market-LOC paddy price TOP little-EMPH-FIN
output_layoutA (1).csv,37,a͡i̯ma ɔkt̪ɛɾɛ hoɽo ɘkʰɾiɲkat̪ɛ abat̪̚ kʰɔɾɔcʔ baŋ ɲamʔkana,Many times the cost of cultivation cannot be met by selling paddy.,,much time-LOC paddy sell-CONV cultivation-GEN cost NEG get-PROG-FIN
output_layoutA (1).csv,38,goɖo hoɽoko ɟɔmgiɖilekʰan aɾ ceka͡i̯ ɾenaʔ cɛt̪̚ʔhɔ̃ baŋ t̪ahɛ̃na,"If the rats eat the rice, there is no other way.",,rat paddy-3PL eat-throw-COND more how way what-also NEG stay-MID-FIN
output_layoutA (1).csv,39,ɟɔt̪ʰat̪ɛm mɛːnakaʔa,You are right.,,true-LOC-2SG say-PRF-FIN
output_layoutA (1).csv,40,cala͡o̯ɛn sɛɾma iɲaʔhɔ̃ noŋkage ho͡i̯lena,Same thing happened to me last year.,,go-MID-PST year 1SG-GEN-also thus-EMPH happen-PST-FIN
output_layoutA (1).csv,41,"iɲaʔ hoɽo d̪aɾeko sasaŋ cabaʔkana, ceʔiɲ ceka.ja lɘ.jɘɲmɛsɛ","My rice plant is turning yellow, what can be done?",,1SG-GEN paddy plant-3PL yellow finish-PRF-PROG-FIN what-1SG how-FIN say-1SG-2SG.IMP
output_layoutA (1).csv,42,d̪aɾe nɔŋka t̪ahɛ̃lɛnkʰan hoɽo d̪ɔ mɔ̃ɟ baŋ ho.jo.a,"If the plant is like this, it will not produce properly.",,plant thus stay-PST-COND paddy TOP good NEG be-FIN
output_layoutA (1).csv,43,iɲaʔ hoɽo d̪aɾi d̪ɔ nit̪̚ʔhɔ̃ baŋ noŋkaɔ̯͡akana,Nothing like this has happened to my paddy yet.,,1SG-GEN paddy plant TOP now-also NEG thus-MID-PRF-FIN
output_layoutA (1).csv,44,t̪inɘʔlɘʈu baɽgiɾɛ t̪inɘʔ sahaɾ laga.a ɔna d̪ɔm baɖa͡i̯gi.ja,Do you know how much fertilizer is needed on the land?,,how.much-big field-LOC how.much fertilizer apply-FIN that TOP-2SG know-EMPH-FIN
output_layoutA (1).csv,45,"baŋ, t̪inɘʔ sahaɾ laga.a ɔŋa d̪ɔ bɘɲ baɖa.ja","No, I don't know how much fertilizer will be required.",,no how.much fertilizer apply-FIN that TOP NEG-1SG know-FIN
output_layoutA (1).csv,46,bʰage ho.joʔa am d̪ɔ kɾisi opʰisaɾʈʰɛn cala͡o̯ kat̪ɛt̪̚ʔ baɖa͡i̯ɟɔŋmɛ,It will be better if you go to the agricultural officer and know from him.,,good be-FIN 2SG TOP agriculture officer-from go-MID CONV know-PRF-2SG.IMP
output_layoutA (1).csv,47,maː ɔnage,Alright.,,okay that-EMPH
output_layoutA (1).csv,48,iɲhɔ̃ oŋkageɲ kɘmi̯͡a,That's what I'll do.,,1SG-also thus-EMPH-1SG do-FIN
output_layoutA (1).csv,49,pɔɾɔb ma hɛʲc̚ʔ sɛʈɛɾɛn,Festival is almost here!,,festival EMPH come arrive-PST
output_layoutA (1).csv,50,ɔɽaʔd̪u̯͡ɘɾɛm saɟa͡o̯ked̪a,Have you decorated the house?,,house-door-LOC-2SG decorate-MID-PST-FIN
output_layoutA (1).csv,51,no̯͡ako kɘmi d̪ɔ gid̪ɾɘkogiku kɘmi.ja,Children do these now.,,this-PL work TOP child-PL-EMPH-3PL do-FIN
output_layoutA (1).csv,52,"pɔɾɔb ɟe laha lɛka baŋ hojoʔkan, no̯͡a d̪ɔm buɟhɘ͡o̯ĕd̪a",Have you noticed that the festival is not the same as before?,,festival that before like NEG be-PROG this TOP-2SG understand-MID-IND-FIN
output_layoutA (1).csv,53,nɛt̪aɾ d̪ɔ ɘɾi cali bɘgikat̪ɛ ɛnɛʲc̚ʔ siɾiɲge ɟɘst̪i hojoʔkana,Now there is more singing and dancing than programs and rituals.,,now TOP custom ritual leave-CONV dance song-EMPH more be-PROG-FIN
output_layoutA (1).csv,54,"hɛ̃, gid̪ɾɘkod̪ɔ ɘɖi ɾaŋga͡o̯ seɾeɲko aɾaʔkaʔa aɾ ko kɘ͡o̯mɘ͡o̯ɔʔa","Yes, the children are playing loud music and shouting these days.",,yes child-PL-TOP very loud-MID song-3PL play-PRF-PRF-FIN and 3PL shout-MID-FIN
output_layoutA (1).csv,55,nɛt̪aɾ d̪ɔ haʈ baɟaɾlɛka kiɾiɲ ɘkʰɾiɲgi ɟɘst̪i hojoʔkana,Now many shopkeepers sit and sell their stuff.,,now TOP market bazaar-like buy sell-EMPH more be-PROG-FIN
output_layoutA (1).csv,56,iɲ d̪isɘ͡i̯d̪a kɘʈiʲc̚ʔɾɛ iɲd̪ɔ iɲbabaɔ̯͡aʔ t̪i sap̚ʔ kat̪ɛ mɛlaɲ calaʔkan t̪ahɛ̃na,"I remember, when I was a child, I used to go to the fair holding my father's hand.",,1SG remember-IND-FIN small-LOC 1SG-TOP 1SG-father-MID-GEN hand catch CONV fair-1SG go-PRF-PROG stay-MID-FIN
output_layoutA (1).csv,57,pɛɽa ɔɽaʔkoɾɛɲ d̪aɽankan t̪ahɛ̃na,I used to visit my relatives' houses.,,relative house-PL-LOC-1SG visit-PROG stay-MID-FIN
output_layoutA (1).csv,58,lɘʈukuɲ ɖɔbɔʔakokan t̪ahɛ̃na,I used to greet the elders with bowing down.,,elder-3PL-1SG bow-3PL-PROG stay-MID-FIN
output_layoutA (1).csv,59,aɾ uŋku d̪ɔ ɘsiɾbat̪̚kat̪ɛ ɟahanaʔko imɘɲkan t̪ahɛ̃na,They used to bless me and gave me gifts.,,and 3SG-PL TOP blessing-CONV something-3PL give-PRF-1SG-PROG stay-MID-FIN
output_layoutA (1).csv,60,aɾ ɘpuɲ d̪ɔ alɛ nao̯͡a kic̚ɾiʲc̚ʔɛ kiɾiɲalɛkan t̪ahɛ̃na,Father used to buy new clothes for us.,,and father-1SG TOP 1PL.EXCL new clothes-3SG buy-1PL.EXCL-PROG stay-MID-FIN
output_layoutA (1).csv,61,naɔ̯͡a kic̚ɾiʲc̚ʔ hɔɾɔʔ kat̪ɛ alɛ d̪ɔ ɾɘskɘ t̪ɛ hana ɔɽaʔ nʰaɔ̯͡a ɔɽaʔlɛ ɘcuɾɔʔkan t̪ahɛ̃na,We used to go from house to house wearing new clothes.,,new clothes wear CONV 1PL.EXCL TOP joy-LOC that house and house-1PL.EXCL roam-PROG stay-MID-FIN
output_layoutA (1).csv,62,ɔka ɔɽaʔlɛ calaʔ ɔna ɔɽaʔɾɛge ɟɔmko emalɛkan t̪ahɛ̃na,We were offered food at any houses we used to visit.,,which house-1PL.EXCL go-PRF that house-LOC-EMPH food-3PL give-1PL.EXCL-PROG stay-MID-FIN
output_layoutA (1).csv,63,alɛ d̪ɔ ɽɘskɘt̪ɛlɛ ɛnɛʲc̚ʔ seɾeɲɟɔŋkan t̪ahɛ̃na,"We used to be singing, dancing, having fun and everything.",,1PL.EXCL TOP joy-LOC-1PL.EXCL dance song-PRF-PROG stay-MID-FIN
output_layoutA (1).csv,64,mɛnkʰan alɛ d̪ɔ balɛ kɘ͡o̯mɘ͡o̯ăka.a sɛ ɾaŋga͡o̯t̪ɛ siɾiɲ aɽaʔkat̪ɛ hɔɽku d̪ɔ balɛ ed̪ɾe oco̯͡akaʔko̯͡a,"But we didn't make so much chaos, we didn't disturb people by playing loud music.",,but 1PL.EXCL TOP NEG-1PL.EXCL shout-PRF-FIN or loud-MID-LOC song play-CONV person-3PL TOP NEG-1PL.EXCL disturb make-PRF-3PL-FIN
output_layoutA (1).csv,65,unɟɔkʰɛc̚ʔ d̪ɔ hana at̪o nʰaɔ̯͡a at̪o hana gʰaɾɔ̃ɟ nʰao̯͡a gʰaɾɔ̃ɟ calaʔ hɘɟuʔ t̪ahɛ̃kant̪ako̯͡a,"Back then there used to be communications from neighborhood to neighborhood, family to family.",,that-time TOP that village and village that family and family go-PRF come stay-PROG-IND-3PL-FIN
output_layoutA (1).csv,66,"kɘʈiʲc̚ʔko d̪ɔ lɘʈukoko manɔt̪ɛʔko t̪ahɛ̃na, aɾ lɘʈukod̪ɔ kɘʈiʲc̚ʔkoko d̪ulɘɽɛʔko t̪ahɛ̃na",The youngers respected the elders and the elders adored the youngers.,,small-3PL TOP elder-PL-3PL respect-IND-3PL stay-MID-FIN and elder-PL-TOP small-PL-3PL love-IND-3PL stay-MID-FIN
output_layoutA (1).csv,67,ɟɔt̪ɔ hɔɽ ɟɔt̪ɔ hɔɽaʔ boge ɟud̪ɘku baɖa͡i̯ɟɔŋkan t̪ahɛ̃na,Everyone used to look out for everyone.,,all person all person-GEN good news-3PL know-PRF-PROG stay-MID-FIN
output_layoutA (1).csv,68,net̪aɾ d̪ɔ ɟɔt̪ɔgi ɟud̪ɘ cabaʔkana,Everything is getting changed now.,,now TOP all-EMPH change finish-PRF-PROG-FIN
output_layoutA (1).csv,69,ad̪ɔmko d̪ɔ aɖɛpasɛɾɛnko̯͡aʔ bugeɟud̪ɘhɔ̃ bako baɖa͡i̯kana,Many people don't even look out for their neighbors.,,many-3PL TOP neighbor-LOC.GEN-3PL-GEN good-news-also NEG-3PL know-PROG-FIN
output_layoutA (1).csv,70,"hɛ̃, ɟɔt̪ʰat̪̚gim ɾɔːɽakaʔa","Yes, you have told the right thing.",,yes true-EMPH-2SG say-PRF-FIN
output_layoutA (1).csv,71,abu no̯͡ako babɔt̪̚ʔt̪ɛ sɔnt̪ɔɾ t̪ahɛ̃n hojoʔ t̪abona,We have to be careful about these things.,,1PL.INCL this-PL about-LOC careful stay-MID must 1PL.INCL-MID-FIN
output_layoutA (1).csv,1,ɟɔt̪ɔhɔɽaʔ ɟiŋgiɾɛ gid̪ɾɘ ɔk̚t̪ɛd̪ɔ ɾɘskɘ ɾenaʔ ɔk̚t̪ɛ kana,Childhood is the happiest time in all of our lives.,,all person-GEN life-LOC child time-TOP happy COP-M time COP-NPST
output_layoutA (1).csv,2,ɟahai̯ manoge gid̪ɾɘ ɔk̚t̪ɛɾenaʔ d̪inisɘd̪ɔko d̪isɘi̯ge.ja,No one can forget his/her childhood memories.,,whoever person-EMPH child time-GEN-M thing-NOM-TOP-3PL forget-NEG-INF-EMPH.FIN
output_layoutA (1).csv,3,sɛt̪aʔɾɛ beɾet̪kat̪ɛ t̪i ɟaŋga ɘɾupsapʰa kat̪ɛ ɟɔm ɲu baɽa kat̪ɛ iskuliɲ calaʔkan t̪ahɛ̃kana,"I used to wake up in the morning, wash my hands and feet, eat food and go to school.",,morning-LOC get.up-SEQ hand foot wash-clean SEQ eat drink finish SEQ school-ALL go-PROG be.PST-COP-NPST
output_layoutA (1).csv,4,iskulkʰɔn ɾuɽ kat̪ɛ maɲɟan ɟɔm t̪ajɔm gat̪eko sã͡o̯ ɛnɛʲcʔiɲ calaʔkant̪ahɛ̃kana,After coming back from school I used to go out to play with my friends after having lunch.,,school-ABL return-SEQ noon eat finish friend-3PL with play-ALL go-PROG be.PST-COP-NPST
output_layoutA (1).csv,5,gɔgɔbabakin ɛgɛɾɛʔkant̪ahɛ̃ɾɛ̃hɔ ɛnhɔ̃ mana d̪ɔ bɘɲ aɲɟɔmɛt̪ t̪ahɛ̃kana,"Parents used to scold me, but still I did not listen to their prohibitions.",,mother-father-3DU.SUBJ scold-PST-PROG-be.PST-COND-even then prohibition TOP NEG listen-PST.HAB be.PST-COP-NPST
output_layoutA (1).csv,6,ɾe.jaɽ lɔlɔ aɾ bɘɾsɘ ɔk̚t̪ɛ sanam ɔk̚t̪ɛɾɛ maʈht̪ɛ gat̪ɛʔlɛ calaʔkan t̪ahɛ̃kana,We used to play sports in the field in all seasons.,,winter summer and rainy season all season-LOC field-ALL play.go go-PROG be.PST-COP-NPST
output_layoutA (1).csv,7,alɛd̪ɔ ɖʰeɾlɛ ɾɘskɘʔ kant̪ɛhɛ̃ʔa pɔɾɔb ɔk̚t̪ɛɾɛ,We used to enjoy the most during the festivals.,,1PL-TOP most-EMPH happy-M COP-be.PST-M festival time-LOC
output_layoutA (1).csv,8,naoa kicɾiʲcʔ hɔɾɔʔ kat̪ɛ aɖɛ ʈɔlaɾɛn aɾ gat̪ekoʈʰɛn d̪aɽanlɛ calaʔkant̪ahɛ̃kana,Used to wear new clothes and visit neighbours and friends' houses.,,new cloth wear SEQ neighbor place-GEN and friend-3PL-ALL visit-EMPH go-PROG be.PST-COP-NPST
output_layoutA (1).csv,9,gid̪ɾɘ ɔk̚t̪ɛ ɟɔt̪ɔkʰɔn bɘɽiʲcʔ ikɘʔkant̪ahɛ̃ʔa gɔgɔ babaoaʔ sasɔn,"In childhood, the rules of parents felt the worst.",,child time all-ABL bad feel-PROG-be.PST-M mother father-3PL.POSS discipline
output_layoutA (1).csv,10,cɛt̪ʔiɲ cɛka.ja aɾ cɛt̪ʔ bɘɲ cɛka.ja ɔna ni.jɘge gɔgɔ babad̪ɔkin hukumɛt̪ʔ t̪ahɛ̃kana,What to do and what not to do – they used to set boundaries on all these.,,what-ALL do.FIN and what NEG do.FIN that about-EMPH mother father-TOP-3DU.SUBJ order-PST.HAB be.PST-COP-NPST
output_layoutA (1).csv,11,mɛnɛʔ haɾa buɾu kat̪ɛʔiɲ buɟʰhɘoked̪a ɔna sasɔn d̪ɔ niɟeɾaʔ bʰɘlɘi̯ lɘgit̪ʔge t̪ahɛ̃kana,"But when I grew up, I realized that discipline was for our own wellbeing.",,but big grow.up-SEQ-1SG.SUBJ understand-PST.TR that discipline TOP self-M good-INF for-EMPH be.PST-COP-NPST
output_layoutA (1).csv,12,gid̪ɾɛ ɔk̚t̪ɛɾɛn gat̪ed̪ɔ bako hiɽiɲɔʔa,No one ever forgets their childhood friends.,,child time-GEN friend-TOP NEG-3PL forget-M.FIN
output_layoutA (1).csv,13,ɟɔt̪ɔ gid̪ɾɘoaʔ gid̪ɾɘ ɔk̚t̪ɛd̪ɔ ɾɘskɘɾege kʰɛmaʔma,May all children have a happy childhood.,,all child-3PL.POSS child time-TOP happy-LOC-EMPH spend-HORT
output_layoutA (1).csv,14,d̪ʰɘɾt̪i ɾe.jaʔ sanam pɘɾsi baɲcao t̪ahɛnma,Long live all the languages of the world.,,earth LOC-M all language live.long be-HORT
output_layoutA (1).csv,15,amaʔ d̪aɽan bʰage ho.joʔma,Have a safe journey.,,2SG-M journey good become-M-HORT
output_layoutA (1).csv,16,sisiɾɟɘoiʲcʔ amaʔ bʰagei̯ hoi̯ ocoi̯ma,God/Creator bless you (familiar).,,creator-HON 2SG-M good-INF become-INF give-INF-HORT
output_layoutA (1).csv,17,sisiɾɟɘoiʔ amaʔ bʰɘlɘi̯ɛ hoi̯ ocoi̯ma,God/Creator bless you (formal).,,creator-HON 2SG-M good-INF-EMPH become-INF give-INF-HORT
output_layoutA (1).csv,18,ɘɖid̪in baɲcao t̪ahɛnmɛ,May you live long.,,long-day live.long be-HORT.2SG
output_layoutA (1).csv,19,sanamkoaʔ suluk ho.joʔma,May everyone be happy.,,all-3PL-M happiness become-M-HORT
output_layoutA (1).csv,20,am usɘɾa pʰaɾnao gɔd̪ɔʔmɛ,Get well soon.,,2SG quickly recover-go become-M-HORT.2SG
output_layoutA (1).csv,21,t̪o.joma simɛ ɘt̪kiɾ id̪i kid̪i mɛnkʰan alɛ d̪ɔ cɛt̪ʔhɔ̃ balɛ cɛka d̪aɽe.jad̪ea ced̪aʔ ɟe alɛ d̪ɔ t̪o.jolɛka balɛ d̪ɘɽ d̪aɽe.jaʔa,"The fox ran away with the chicken, but none of us could do anything, because none of us could run like a fox.",,fox-HON chicken-OBJ grabbing take run but 1PL TOP what-even NEG-1PL do can-PST because 1PL TOP fox-like NEG-1PL fast run can-M.FIN
output_layoutA (1).csv,22,ɔka hilɘʔ sɔhɔɾt̪ɛɲ calao̯lɛn unhilɘʔgi iɲ gɔgɔ d̪ɔ sim kiɾiɲ ɘgu.jɛ met̪ad̪iɲ t̪ahɛ̃kana mɛnkʰan iɲ ʈʰɛn d̪ɔ unɘʔ ʈaka baŋ t̪ahɛ̃kana,"On the day I went to town, my mother asked me to buy chicken, but I had no money.",,which day town-ALL go-PST.1SG that-day-EMPH 1SG mother TOP chicken buy-ALL send say-1SG be.PST-COP-NPST but 1SG at TOP that-M money NEG be.PST-COP-NPST
output_layoutA (1).csv,23,iɲɾɛn gid̪ɾɘ ɾɛŋgɛʲcʔɛd̪iɾɛ hɔ̃ d̪aka bai̯ ɟɔːma mɛnkʰan cɔklɛʈ kiɾiɲakʰan ɔna d̪ɔi̯ ɟɔmgea,"Although my child is hungry, he won't eat rice, but if I buy him chocolate he will eat it.",,1SG-GEN child hungry-be.PST-COND even rice NEG-INF eat-FIN but chocolate buy-give-INF-COND that TOP-INF eat-EMPH-FIN
output_layoutA (1).csv,24,uni d̪ɔ ɘɖi ɘkilan hɔɽkan ɾɛhɔ̃ noŋkai̯ kɘmiked̪a aɾ kʰaoaɾlɛka ɛ̃ʈkɛʈɔ̃ɽɛɾe.jɛ ɲuɾɛna,He is very intelligent yet he did this stupid thing and got into trouble.,,3SG TOP very intelligent person-COP COND-even this-INF do-PST.TR and trouble-like problem-OBJ-LOC fall-PST.FIN
output_layoutA (1).csv,25,bɔi̯ha,Brother.,,brother
output_layoutA (1).csv,26,nit̪u d̪ɔ gid̪ɾɘi̯ ɲɛlked̪e.ja,Neetu saw that child.,,Neetu TOP child-OBJ see-PST.TR.FIN
output_layoutA (1).csv,27,suɟɔnɾɛn bɔkɔt̪ʔ bɔi̯ha,Sujon's younger brother.,,Sujon-GEN younger brother
output_layoutA (1).csv,28,apɛɾɛn maɾaŋba,Your father's elder brother.,,2PL-GEN elder.father
output_layoutA (1).csv,29,uni.jaʔ ɔɽaʔ,His/Her home.,,3SG-M home
output_layoutA (1).csv,30,iɲaʔ ɔɽaʔ,My home.,,1SG-M home
output_layoutA (1).csv,31,amaʔ d̪aɾe,Your tree.,,2SG-M tree
output_layoutA (1).csv,32,d̪aɾe ɾe.jaʔ ɖɘɾt̪ɛ teoaɾakana,Made of sticks from tree.,,tree LOC-M stick make-PASS-PROG-NPST
output_layoutA (1).csv,33,mãt̪ʔ ɾe.jaʔ ʈʰeŋga,Stick of bamboo.,,bamboo LOC-M stick
output_layoutA (1).csv,34,bɔi̯ha ʈʰɛniɲ hɛʲcʔakana,I have come to brother.,,brother at-1SG.SUBJ come-PERF-NPST
output_layoutA (1).csv,35,gɔgɔ ʈʰɛniɲ cala.a,I will go to mother.,,mother at-1SG.SUBJ go-FIN
output_layoutA (1).csv,36,ɖaŋkaɽt̪ɛ uliɲ t̪ioɘga,I will knock down mangoes with a stick.,,stick-INSTR mango-1SG.OBJ knock.down-go-FIN
output_layoutA (1).csv,37,iskult̪ɛɲ cala.a,I will go to school.,,school-ALL go-FIN
output_layoutA (1).csv,38,ɔɽaʔt̪ɛɲ cala.a,I will go home.,,home-ALL go-FIN
output_layoutA (1).csv,39,kɔlɔmt̪ɛɲ ɔːla,I will write with a pen.,,pen-INSTR write-FIN
output_layoutA (1).csv,40,uni sã͡o̯t̪ɛɲ gat̪e.a,I will play with him/her.,,3SG with-1SG.SUBJ play-FIN
output_layoutA (1).csv,41,am sã͡o̯t̪ɛ ɔɽaʔiɲ cala.a,I will go home with you.,,2SG with-INSTR home-1SG.SUBJ go-FIN
output_layoutA (1).csv,42,bɔi̯ha sã͡o̯t̪ɛ kat̪ʰaɲ ɾɔɽa,I am talking to brother.,,brother with-INSTR talk-1SG.SUBJ speak-FIN
output_layoutA (1).csv,43,pukʰɾi sɛʲcʔɛ calaoak̪ana,He/She has gone toward the pond.,,pond direction-OBJ go-go-PERF-NPST
output_layoutA (1).csv,44,lahasɛʲcʔ calaʔme,Walk forward.,,front-direction go-IMP.2SG
output_layoutA (1).csv,45,d̪aɾekʰɔnɛ ɲuɾhɘ.jena,Fell from the tree.,,tree-ABL-OBJ fall-go-PST.FIN
output_layoutA (1).csv,46,cet̪an kʰɔnɛ ŋɛlɛd̪a,Watching from above.,,above ABL-OBJ see-OBJ-PST.TR
output_layoutA (1).csv,47,ɔnɖɛkʰɔnge ɛhɔbmɛ,Start from there.,,there-ABL-EMPH start-IMP.2SG
output_layoutA (1).csv,48,nɔnɖɛ kʰɔn hat̪aomɛ,Take it from here.,,here ABL take-go-IMP.2SG
output_layoutA (1).csv,49,nuiʲkʰɔn unigii̯ bʰagea,He/She is better than this.,,this-ABL 3SG-EMPH-INF good-FIN
output_layoutA (1).csv,50,d̪aʔɾɛ unumɛna,Drowned in water.,,water-LOC drown-PST.FIN
output_layoutA (1).csv,51,ɔt̪ʔɾɛ d̪uɽubɔʔmɛ,Sit on the ground/floor.,,ground-LOC sit-IMP.2SG
output_layoutA (1).csv,52,baksɔɾɛ d̪ɔhɔkam,Put it in the box.,,box-LOC put-IMP
output_layoutA (1).csv,53,uniɾɛn haɽamba,His grandfather.,,3SG-GEN grandfather
output_layoutA (1).csv,54,uni.jaʔ kat̪ʰa ɟe t̪inɘʔ mɔ̃ːɟ,His/Her words are so beautiful!,,3SG-M word EMPH how beautiful
output_layoutA (1).csv,55,t̪inɘʔ mɔ̃ːɟ,How beautiful!,,how beautiful
output_layoutA (1).csv,56,isː ɟud̪i cɛ̃ɽɛ̃lɛkaɲ uɖɘo d̪aɽe.jaʔkan,Alas! If only I could fly like a bird!,,alas if bird-like-1SG fly-go can-M-PROG
output_layoutA (1).csv,57,hai̯ɾe cɛt̪ʔ kʰɔn cɛt̪ʔ hoi̯ena,Alas! What just happened from what!,,alas what ABL what become-INF-PST.FIN
output_layoutA (1).csv,58,cʰiː noŋkan kɘmi amɛm d̪aɽe.jaʔkana,Shame! How could you do such a deed!,,shame such work 2SG-OBJ-2SG.SUBJ can-M-PROG-NPST
output_layoutA (1).csv,59,t̪eheɲ t̪inɘʔ ɟe ɾɘskɘ ikɘʔkan,How happy I'm feeling today!,,today how EMPH happy feel-PROG
output_layoutA (1).csv,60,cʰiːh noŋkan kɘmi amaʔ baŋ saɟaoaʔkana,Shame! Such work doesn't suit you!,,shame such work 2SG-M NEG suit-go-M-PROG-NPST
output_layoutA (1).csv,61,aːh t̪inɘʔ aɾam,"Ah, what a relief!",,ah what comfort
output_layoutA (1).csv,62,nio hɔ̃ d̪aɽeoaʔa,What! Is that even possible!,,this-go even can-go-M-FIN
output_layoutA (1).csv,63,hoi̯ d̪aɽeʔa apɛ bʰul ʈɛ̃oɾɛpɛ hɛʲcʔakana,You may have come to the wrong address.,,become-INF can-M 2PL wrong address-LOC-2PL come-PERF-NPST
output_layoutA (1).csv,64,pasɛʲcʔ amhɔt̪ɛtege nio kɘmi ho.jo.a,Perhaps the work will be done by you.,,perhaps 2SG-INSTR-EMPH this-go work become-FIN
output_layoutA (1).csv,65,pasɛʲcʔ kɘoɖi d̪ɔ nit̪ʔ aɾ baŋ laga.a,It seems that the money will not be needed anymore.,,perhaps money-NOM TOP now more NEG need-FIN
output_layoutA (1).csv,66,sap̚ʔkid̪ɘɲ amge ʈʰik,I am assuming you are right.,,assume-1SG.SUBJ 2SG-EMPH correct
output_layoutA (1).csv,67,t̪eheɲ pasɛʲcʔ mãhasoi̯ bai̯ hiɟu.a,It seems that sir will not come today.,,today perhaps teacher NEG-INF come-FIN
output_layoutA (1).csv,68,iɲaʔ mɔnɛ ho.joʔkana ɾuo hɛʲcʔ d̪aɽe.jaʔa,I think I might have a fever.,,1SG-M mind become-M-PROG-NPST fever-go come can-M-FIN
output_layoutA (1).csv,69,kɘmi d̪ɔ pasɛʲcʔ unii̯ kɔɾaokad̪a,He/She may have done the job.,,work TOP perhaps 3SG-INF do-go-PST.TR
output_layoutA (1).csv,70,iɲaʔ mɔnɛ ho.joʔkana uniɲ oɾomkɘd̪ia,I think I have recognized him/her.,,1SG-M mind become-M-PROG-NPST 3SG-1SG.OBJ recognize-PST.TR-FIN
output_layoutA (1).csv,71,amd̪ɔ pasɛʲcʔ aɾhɔ̃ hɛʲcʔ lagaoma,You may have to come again.,,2SG-TOP perhaps again-even come need-go-HORT
output_layoutA (1).csv,72,uniaʔ pasɛʲcʔ ai̯ma kɘoɖi,Maybe he has a lot of money.,,3SG-M perhaps much money-NOM
output_layoutA (1).csv,73,t̪eheɲ d̪aʔ hɛʲcʔ d̪aɽe.jaʔa,It may rain today.,,today rain come can-M-FIN
output_layoutA (1).csv,74,ɔnt̪ɛ calao ʈʰik baŋ ho.jo.a,We/you/they shouldn't go there.,,there-ALL go-go correct NEG become-FIN
output_layoutA (1).csv,75,niobaɾ pasɛʲcʔ abad̪ baŋ ho.jo.a,This time it seems there will be no harvest.,,this-go-time perhaps harvest NEG become-FIN
output_layoutA (1).csv,76,gapa iɲ ɖʰakaɲ calao d̪aɽe.jaʔa,I may go to Dhaka tomorrow.,,tomorrow 1SG Dhaka-1SG.SUBJ go-go can-M-FIN
output_layoutA (1).csv,77,gɔgɔ pɘɾsit̪ɛ kat̪ʰa baŋ ɾɔɽlekʰan paɾsi baŋ baɲcaoăʔa,"If the mother tongue is not spoken, the language does not survive.",,mother tongue-INSTR talk NEG speak-1PL-COND language NEG survive-go-M-HORT-FIN
output_layoutA (1).csv,78,gapa iɲ ɔkat̪ɛhɔ̃ bɘɲ cala.a,I'm not going anywhere tomorrow.,,tomorrow 1SG where-ALL-even NEG go-FIN
output_layoutA (1).csv,79,iɲ kɾikeʈ bɘɲ gat̪ed̪aɽe.jaʔa,I can't play cricket.,,1SG cricket NEG play-can-M-FIN
output_layoutA (1).csv,80,iɲ bɘɲ pai̯ɾa d̪aɽe.jaʔa,I will not be able to swim.,,1SG NEG swim can-M-FIN
output_layoutA (1).csv,81,gapa uni bai̯ hɘɟu.a,He won't come tomorrow.,,tomorrow 3SG NEG-INF come-FIN
output_layoutA (1).csv,82,hɔla uni bai̯ hɛʲcʔlɛna,He didn't come yesterday.,,yesterday 3SG NEG-INF come-PST-FIN
output_layoutA (1).csv,83,gapa iɲ bɘɲ hɘɟu.a,I won't come tomorrow.,,tomorrow 1SG NEG come-FIN
output_layoutA (1).csv,84,hɔla bai̯ d̪aʔled̪a,It didn't rain yesterday.,,yesterday NEG-INF rain-PST.TR
output_layoutA (1).csv,85,t̪eheɲ bai̯ set̪oŋakad̪a,The sun didn't rise today.,,today NEG-INF rise-PERF-PST.TR
output_layoutA (1).csv,86,hɔla bai̯ set̪oŋled̪a,The sun didn't rise yesterday.,,yesterday NEG-INF rise-PST-PST.TR
output_layoutA (1).csv,87,uni kilɘsɾɛ bai̯ t̪ahɛkana,He was not present in class.,,3SG class-LOC NEG-INF be-PROG-NPST
output_layoutA (1).csv,88,noako kat̪ʰa uni mɔca ɾɛhɔ̃ bai̯ ɘgu d̪aɽekea,He could not even have brought these words to his mouth.,,this-PL-3PL talk 3SG mouth LOC-even NEG-INF bring can-PST-FIN
output_layoutA (1).csv,89,oŋko ɟɘst̪i ɲind̪ɘ bɘko bɛŋgɛd̪a,They don't stay up late.,,3PL much night NEG-3PL.SUBJ stay.awake-PST.TR
output_layoutA (1).csv,90,hɔla am iskulɾɛ bam hɛʲcʔlɛna,You didn't come to school yesterday.,,yesterday 2SG school-LOC NEG-2SG.SUBJ come-PST-FIN
output_layoutA (1).csv,91,noa baɽgeɾɛ bʰage casbas baŋ ho.joʔa,This land is not good for cultivation.,,this land-LOC good cultivation NEG become-M-FIN
output_layoutA (1).csv,92,noa baɽgeɾɛ bʰage casbas baŋ ho.jo.gɔʔa,This land will not have good cultivation.,,this land-LOC good cultivation NEG become-FUT-M-FIN
output_layoutA (1).csv,93,iɲaʔ ɔɽaʔ nɔnɖɛkʰɔn ɘɖi sɘŋgiɲ d̪ɔ baŋa,My house is not far from here.,,1SG-M home here-ABL very far-1SG.OBJ TOP NEG-FIN
output_layoutA (1).csv,94,alɛ d̪ɔ apɛ ʈɔʈʰa balɛ cala.a,We will not go to your area.,,1PL TOP 2PL place-ALL NEG-1PL go-FIN
output_layoutA (1).csv,95,alɛ d̪ɔ apɛ ʈɔʈʰa balɛ calaʔkana,We are not going to your area.,,1PL TOP 2PL place-ALL NEG-1PL go-PROG-NPST
output_layoutA (1).csv,96,iɲ ɘɖi ɟɘst̪i bɘɲ paɽhaokana,I didn't study much.,,1SG very much NEG study-go-PROG-NPST
output_layoutA (1).csv,97,iɲ uni.jaʔ kat̪ʰaɾɛ ɛkalt̪ɛ bɘɲ kusilena,I was not at all happy with his words.,,1SG 3SG-M word-LOC at.all-INSTR NEG happy-PST-FIN
output_layoutA (1).csv,98,t̪eheɲ iɲ kɘmit̪ɛ bɘɲ cala.a,I won't go to work today.,,today 1SG work-ALL NEG go-FIN
output_layoutA (1).csv,99,iɲ kat̪ʰa ɾɔɽt̪ɛ mɔ̃ɟ bɘɲ ɘi̯kɘoed̪a,I don't feel like talking.,,1SG talk speak-INSTR pleasure NEG feel-go-PST.TR
output_layoutA (1).csv,100,abo ɟɘst̪i bɘbon biloma,We won't be too late.,,1PL much NEG-1PL.SUBJ be.late-HORT
output_layoutA (1).csv,101,noa babɔt̪t̪ɛ kat̪ʰa ɾɔɽ iɲ mɔ̃ɟ bɘɲ ɘi̯kɘoed̪a,I don't feel like talking about this.,,this topic-INSTR talk speak 1SG pleasure NEG feel-go-PST.TR
output_layoutA (1).csv,102,kʰɘ̃ɽi cet̪anɾɛ sakɔ baŋ t̪ahɛ̃kana,There was no bridge above the canal.,,canal above-LOC bridge NEG be-PROG-NPST
output_layoutA (1).csv,103,t̪eheɲ d̪ɔ baŋ gapa hɘɟuʔmɛ,"Come tomorrow, not today.",,today TOP NEG tomorrow come-M-IMP.2SG
output_layoutA (1).csv,104,iɲd̪ɔ ɘɖi bɘɲ calaka,I'm not that clever.,,1SG-TOP very NEG clever
output_layoutA (1).csv,105,t̪ishɔ̃ː oŋko nio ʈɔʈʰaɾɛ bɘko hɘɟu.a,They will never come to this area.,,ever-even 3PL this-go place-ALL-LOC NEG-3PL.SUBJ come-FIN
output_layoutA (1).csv,106,oŋko ɔɽaʔɾɛ ɔkɔi̯hɔ̃ bɘko t̪ahɛkana,No one was in their house.,,3PL home-LOC who-INF-even NEG-3PL.SUBJ be-PROG-NPST
output_layoutA (1).csv,107,uni bai̯ d̪aka utu d̪aɽe.jaʔa,He can't cook.,,3SG NEG-INF food cook can-M-FIN
output_layoutA (1).csv,108,ɔna t̪a.jɔm aɾ nɔnɖɛ oŋko bɘku ɲɛllɛna,After that they were never seen here.,,that after more here 3PL NEG-3PL.SUBJ see-PST-FIN
output_layoutA (1).csv,109,ai̯ma d̪in apeoaʔ ɲɛpɛl bɘnu.a,Long time no seeing you.,,much day 2PL-3PL.POSS see-2PL NEG-exist-FIN
output_layoutA (1).csv,110,nio seɾma d̪aɾeɾɛ ɟahan ɟɔ baŋ sap̚ʔlɛna,The tree did not bear any fruit this year.,,this-go year tree-LOC any fruit NEG ripen-PST-FIN
output_layoutA (1).csv,111,d̪inkalɔm noa d̪aɾeɾɛ baha baŋ hoi̯lena,This tree did not bear flower last time.,,time-last this tree-LOC flower NEG become-INF-PST-FIN
output_layoutA (1).csv,112,t̪eheɲ d̪ɘi̯ bai̯ d̪aka utu.ja,Sister will not cook today.,,today elder.sister NEG-INF food cook-FIN
output_layoutA (1).csv,113,t̪eheɲ bɔi̯ha baɟaɾɾɛ bai̯ cala.a,Brother will not go to the market today.,,today brother market-LOC NEG-INF go-FIN
output_layoutA (1).csv,114,t̪eheɲ iɲ maʈʰɾɛ bɘɲ cala.a,I will not go to the field today.,,today 1SG field-LOC NEG go-FIN
output_layoutA (1).csv,115,bɘɽiʲcʔ hɔɽko alɛ balɛ manɔt̪koa,We do not respect bad people.,,bad person-3PL 1PL NEG-1PL respect-3PL-FIN
output_layoutA (1).csv,116,ai̯ma d̪in ho.jena am sãɔt̪ɛ kat̪ʰa baŋ hoi̯akana,I haven't talked to you for a long time.,,much day become-PST.FIN 2SG with-INSTR talk NEG become-INF-PERF-NPST
output_layoutA (1).csv,117,t̪eheɲ cand̪o bai̯ ɾakab.akana,The sun didn't rise today.,,today sun NEG-INF rise-PERF-NPST
output_layoutA (1).csv,118,alɛ ɲind̪a baɾhɛ sɛʲcʔ balɛ cala.a,We don't go out at night.,,1PL night outside direction NEG-1PL go-FIN
output_layoutA (1).csv,119,t̪eheɲ kʰilɘʈ baŋ ho.jo.a,There will be no game today.,,today game NEG become-FIN
output_layoutA (1).csv,120,iɲ ɟʰal ɟɔm bɘɲ kusi.jaʔa,I don't like to eat spicy food.,,1SG spicy eat NEG like-FIN-M-FIN
output_layoutA (1).csv,121,iɲaʔ hɔɽmɔ baŋ mɔ̃ɟa,My body is not feeling okay.,,1SG-M body NEG good-FIN
output_layoutA (1).csv,122,uŋkin bana hɔɽ mit̪ʔ hɔɽ aɾ mit̪ʔ hɔɽ sã͡o̯t̪ɛ bɘkin ɾɔɽ ɟɔŋɔʔa,Two of them don't talk to each other.,,3DU-DUAL two person one person and one person with-INSTR NEG-3DU.SUBJ talk speak-M-FIN
output_layoutA (1).csv,123,iɲ,Myself/Me.,,1SG
output_layoutA (1).csv,124,abo,We.,,1PL
output_layoutA (1).csv,125,am,You.,,2SG
output_layoutA (1).csv,126,uni,He/She.,,3SG
output_layoutA (1).csv,127,oŋko,They.,,3PL
output_layoutA (1).csv,128,iɲaʔ,My/Mine.,,1SG-GEN
output_layoutA (1).csv,129,abooaʔ,Our.,,1PL-GEN
output_layoutA (1).csv,130,amaʔ,Your.,,2SG-GEN
output_layoutA (1).csv,131,apɛ.jaʔ,Yours (plural).,,2PL-GEN
output_layoutA (1).csv,132,uni.jaʔ,His/Her (possessive).,,3SG-GEN
output_layoutA (1).csv,133,oŋkooaʔ,Their.,,3PL-GEN
output_layoutA (1).csv,134,nukuaʔ,Their (proximate).,,DEM.PROX.PL-GEN
output_layoutA (1).csv,135,haŋkooaʔ,Their (distal).,,DEM.DIST.PL-GEN
output_layoutA (1).csv,136,ɔkɔi̯,Who/Whom.,,who-INF
output_layoutA (1).csv,137,cɛt̪ʔ,What.,,what
output_layoutA (1).csv,138,ɔkaʈaʔ,Which.,,which-CLSSFR
output_layoutA (1).csv,139,ɔkɔ.jaʔ,Whose.,,who-GEN
output_layoutA (1).csv,140,cɛt̪ʔlɛka,How/What kind.,,what-like
output_layoutA (1).csv,141,cɛkat̪ɛ,How (in what manner).,,do.how-INSTR
output_layoutA (1).csv,1,ɔt̪ʔɾɛ mit̪ʔ ʈʰɔp ɲɛlɛɾasa ɲuːɾakan t̪ahɛ̃kana,A drop of honey was on the ground.,,ground-LOC one drop honey lie-PROG-COP be-PROG-FIN
output_layoutA (1).csv,2,paɾɔm calaʔ ɟɔkʰɛʲcʔ miʔʈɛʲcʔ mũʲcʔ ɲɛlɛɾasa sɔi̯ ɲamked̪a,An ant passing by smelled that honey.,,pass go time-EMPH one-CLF ant-EMPH honey smell get-PST.TR-FIN
output_layoutA (1).csv,3,uni mũʲcʔ d̪ɔ miʔsɛʲcʔ kʰɔʲcʔ ɲɛɭɛɾasa ɲuɲui̯ ɛhɔp̚ʔena,The ant started consuming honey from one side.,,3SG ant-EMPH TOP one-side-EMPH from-EMPH honey eat-RDPL-3SG begin-PST-INTR-FIN
output_layoutA (1).csv,4,mit̪ʔd̪ʰaɔ̯ ɲɛlɛɾasa ɲu kat̪ɛt̪ʔ ɘɖi sibil ked̪e.ja aɾ uni d̪ɔ ɲuɲut̪igei̯ t̪ãhɛi̯na,After consuming once he was very amused and kept eating.,,one-time honey eat CVB-EMPH very tasty PST.TR-3SG.OBJ-FIN and 3SG TOP eat-CONT-3SG-EMPH-3SG be-3SG-INTR-FIN
output_layoutA (1).csv,5,ɲɛlɛɾasa ɲu ɲut̪ɛ uni.jaʔ laʲcʔ d̪ɔ pʰulɘɔ̯ɛnt̪a.ja ɛnɾɛhɔ̃ ɲɛlɛɾasa ɲuɲu d̪ɔ bai̯ bɘgi.jad̪a,"His stomach swelled as he kept devouring the honey, but still he did not stop eating.",,honey eat-CONT-3SG 3SG-GEN belly-EMPH TOP swell-PST-COP-FIN even.then-EMPH honey eat-RDPL TOP NEG-3SG leave-PST.TR-FIN
output_layoutA (1).csv,6,ɲɛlɛɾasa ɲuɲut̪ɛ unid̪ɔ ɲɛlɛɾasa t̪alaɾɛi̯ bɔlɔi̯na aɾ a.jaʔ ɟaŋga d̪ɔ ɲɛlɛɾasaɾɛ t̪ʰɘli.jɛnt̪a.ja,"While consuming, he stepped in between drops of honey and got his foot stuck in the honey.",,honey eat-CONT-3SG 3SG-TOP honey middle-LOC-3SG enter-3SG-INTR-FIN and 3SG-GEN leg TOP honey-LOC stick-3SG-INTR-COP-FIN
output_layoutA (1).csv,7,baɲcaʔ lɘgit̪ʔ a.jaʔ kaʈa t̪inɘʔɛ ɔcɔʔɛʔt̪a.ja unɘʔgi bʰit̪ɾisɛʲcʔɛ bɔlɔ cala͡o̯ɛna,"The more he tried to get his foot out, the more he sank inward.",,escape-INF for 3SG-GEN leg how.much-3SG release-3SG.OBJ-COP-FIN that.much-EMPH inside-side-EMPH-3SG enter go-PST.INTR-FIN
output_layoutA (1).csv,8,sahɛ̃t̪ʔ bɔnd̪ɔ.jɛnt̪a͡i̯t̪ɛ uni muʲcʔ d̪ɔ mit̪ʔgʰɘɽi t̪ai̯nɔmɛ gɔʲcʔɛna,At one point the ant suffocated and died.,,breath stop-3SG-PST-COP-3SG-INST 3SG ant-EMPH TOP one-moment stay-PUNCT die-PST-INTR-FIN
output_layoutA (1).csv,9,a.jaʔ lalɔcʔ ijɘt̪ɛ uni mũʲcʔ d̪ɔi̯ gɔʲcʔena,The ant died due to its greed.,,3SG-GEN greed-EMPH cause-INST 3SG ant-EMPH TOP-3SG die-PST-INTR-FIN
output_layoutA (1).csv,10,mit̪ʔʈɛn t̪ɘɾup̚ʔ aɾ mit̪ʔʈɛn suk̚ɾi mit̪ʔʈɛn kuɲɾɛː d̪aʔ ɲukin cala͡o̯lɛna,A tiger and a pig went to a well to drink water.,,one-CLF tiger-EMPH and one-CLF pig one-CLF well-LOC water drink-3DU go-PST-FIN
output_layoutA (1).csv,11,mɛnkʰan ɔkɔi̯ lahaɾɛ d̪aʔɛː ɲu.ja noa̯ ni̯ɘt̪ɛ ɘkint̪alaɾɛ kɘpɘɾiɘo̯ laga͡ɔ̯ɛna,But they quarreled over who would drink the water first.,,but who-3SG before-LOC water-3SG drink-FIN this regarding-INST 3DU-middle-LOC quarrel begin-PST-FIN
output_layoutA (1).csv,12,t̪ɘɾup̚ʔ ɔkalɛkat̪ɛhɔ̃ suk̚ɾi lahaɾɛ d̪aʔ ɲu ucu bai̯ kʰɔɟlɛna,The tiger did not want to let the pig drink the water first.,,tiger-EMPH any-way-INST-EMPH pig before-LOC water drink let NEG-3SG want-PST-FIN
output_layoutA (1).csv,13,suk̚ɾi hɔ̃ t̪ɘɾup̚ʔ lahaɾɛ d̪aʔ ɲu ucu d̪ɔ bai̯ ɾɛbɛnlɛna,The pig also refused to let the tiger drink the water first.,,pig also tiger-EMPH before-LOC water drink let TOP NEG-3SG agree-PST-FIN
output_layoutA (1).csv,14,d̪aɾeɾɛ d̪uɽup̚ʔ kat̪ɛ miʔ ɟʰãk gid̪i d̪ɔ ɘkinaʔ noa̯ gʰɔʈɔnako ɲɛlɛt̪ʔkant̪ãhɛna,A group of vultures sitting on the tree was observing their situation.,,tree-LOC sit-EMPH CVB one group vulture TOP 3DU-GEN this event-3PL see-PROG-COP-stay-INTR-FIN
output_layoutA (1).csv,15,t̪ɘɾup̚ʔ aɾ suk̚ɾikin gɔʲcʔlɛnkʰan gid̪ikod̪ɔ uŋkinaʔ ɟil jɔmko hud̪isɔʔkan t̪ahɛna,"When the tiger and the pig would die, vultures were thinking about eating their flesh.",,tiger-EMPH and pig-3DU die-PST-INTR-when vulture-3PL-TOP 3DU-GEN flesh eat-3PL think-PROG be-INTR-FIN
output_layoutA (1).csv,16,mit̪ʔ ɔk̚t̪ɛ t̪ɘɾup̚ʔ nɔai̯ buɟʰhɘo̯ked̪a aɾ suk̚ɾi.jɛ mɛt̪ade.ja,At some point the tiger understood this and told the pig.,,one time tiger-EMPH this-3SG understand-PST.TR-FIN and pig-3SG say-PST.TR-3SG.OBJ-FIN
output_layoutA (1).csv,17,nɔa̯ t̪a.jɔm unkin kɘpʰɘɾiɘo̯ t̪ʰiɾkat̪ɛ banahɔɽge d̪aʔkin ɲu ked̪a aɾ t̪ɛt̪aŋkin maɾaɔ̯ked̪a,Then they stopped fighting and both drank water and quenched their thirst.,,this after that-3DU quarrel stop-CVB both-person-EMPH water-3DU drink PST.TR-FIN and thirst-3DU finish-PST.TR-FIN
output_layoutA (1).csv,18,mobaĭlt̪ɛ sɘŋgiɲɾɛn hɔɽ sãɔ̯t̪ɛhɔ̃ kat̪ʰam ɾɔɽ d̪aɽe.jaʔa,It is easy to talk to the distant people with a mobile.,,mobile-INST far-GEN person with-INST-also word-2SG speak able-FIN-FIN
output_layoutA (1).csv,19,mobaĭlt̪ɛ pɛɽakoa̯ʔ boge ɟud̪ɘhɔm baɖai̯ d̪aɽe.jaʔa,Relatives can be inquired through mobile.,,mobile-INST relative-3PL-GEN good news-EMPH-2SG know able-FIN-FIN
output_layoutA (1).csv,20,mobaĭlt̪ɛ seɾeɲ aɲɟɔmɔʔa pʰɔʈɔ ɾakabɔʔa senema aɾ naʈɔk̚ ɲɛlɔ.a,"Mobile can be used to listen to music, take pictures and watch movies.",,mobile-INST song listen-PASS-FIN photo take-PASS-FIN cinema and drama see-PASS-FIN
output_layoutA (1).csv,21,mobaĭlt̪ɛm hisɘb d̪aɽeoa̯ʔa aɾ ɔk̚t̪ɛhɔm baɖai̯ d̪aɽe.jaʔa,"Besides, numbers can be calculated and the time can be checked on the mobile.",,mobile-INST-2SG calculation able-PASS-FIN and time-EMPH-2SG know able-FIN-FIN
output_layoutA (1).csv,22,pɘhil pɘhil d̪ɔ mobaĭlɾe.jaʔ d̪am ɘɖi ɟɘst̪i t̪ahɛ̃kana ɔna i̯ɘt̪ɛ hɔɽd̪ɔ mobaĭl baku kiɾiɲ d̪aɽe.jaʔkant̪ahɛ̃na,Initially the price was high so most people could not afford the mobile.,,first first TOP mobile-GEN price very high stay-COP-FIN that cause-INST person-TOP mobile NEG-3PL buy able-FIN-COP-stay-INTR-FIN
output_layoutA (1).csv,23,unɾɛ d̪ɔkanɾɛ cala͡o̯kat̪ɛt̪ʔ ʈakat̪ɛ kat̪ʰa ɾɔɽ ho.joʔkan t̪ahɛ̃na,"At that time, we had to go to the shop and talk with money.",,that-LOC shop-LOC go-CVB-EMPH money-INST word speak become-PASS-COP stay-INTR-FIN
output_layoutA (1).csv,24,mɛnkʰan nit̪ d̪ɔ ɖʰeɾ hɔɽ ʈʰɛnge mobaĭl mena.a,But now most people have mobile phones.,,but now TOP many person near-EMPH mobile exist-FIN
output_layoutA (1).csv,25,mobai̯ltege nit̪ d̪ɔ ʈaka kolo.a aɾ ʈaka ɲamɔ.a,Money can now be paid and received through mobile.,,mobile-INST.EMPH now TOP money send-FIN and money get-PASS-FIN
output_layoutA (1).csv,26,mobaĭlɾɛ inʈaɾneʈ̚hɔ̃ku bɛbɔhaɾa,The Internet can be used/run on mobile.,,mobile-LOC internet-also-3PL use-FIN
output_layoutA (1).csv,27,inʈaɾneʈ̚t̪ɛm ɔlɔʔ paɽha͡o̯ d̪aɽe.jaʔa,We can even study on the internet/online.,,internet-INST-2SG read study able-FIN-FIN
output_layoutA (1).csv,28,mit̪ʔd̪in mĭt̪ʔʈɛn kɘhũ ɘɖiː ãːʈ t̪et̪aŋked̪e.ja,One day a crow got very thirsty for water.,,one-day one-CLF crow very thirst feel-PST.TR-3SG.OBJ-FIN
output_layoutA (1).csv,29,hant̪ɛnat̪ɛ kɔ.jɔʔbaɽa kat̪ɛ unid̪ɔ ɾacaɾɛ mit̪ʔʈɛn hasaɾe.jaʔ kanɖai̯ ɲɛlɲamked̪a,"Meanwhile, looking here and there, it saw an earthen pitcher in the yard.",,here-there-DIR look-around CVB 3SG-TOP yard-LOC one-CLF clay-GEN pitcher-3SG see-find-PST.TR-FIN
output_layoutA (1).csv,30,mɛnkʰan d̪aʔd̪ɔ t̪ahɛkana kanɖaɾe.jaʔ ɛkalt̪ɛ lat̪aɾ ɟalat̪ʔɾɛ,But the water was at the bottom of the pitcher.,,but water-TOP stay-COP-FIN pitcher-GEN very-INST below bottom-EMPH-LOC
output_layoutA (1).csv,31,ɔna kakʰant̪ɛ kɘhũd̪ɔ ɔna d̪aʔ bai̯ ɲu d̪aɽɛ.jad̪a,Because of this the crow could not drink that water.,,that reason-INST crow-TOP that water NEG-3SG drink able-PST.TR-FIN
output_layoutA (1).csv,32,unɾɛ kɘhũd̪ɔ mit̪ʔʈɛn upɘ.jɛ uɖuŋked̪a,Then the crow thought of a way.,,that-LOC crow-TOP one-CLF way-3SG-3SG bring.out-PST.TR-FIN
output_layoutA (1).csv,33,uni d̪ɔ ɔna kanɖa bʰit̪ɾiɾɛ d̪ʰiɾiɾe.jaʔ kuʈ̚ɾɘ giɖii̯ laga͡o̯ɛna,It started throwing pieces of stone into that pitcher.,,3SG TOP that pitcher inside-LOC stone-GEN piece throw-3SG begin-PST-FIN
output_layoutA (1).csv,34,d̪ʰiɾi kuʈ̚ɾɘ ɟɔma͡o̯ ɟɔma͡o̯t̪ɛ d̪aʔ d̪ɔ kanɖa ɾe.jaʔ mɔcaʈʰɛn hɛʲcʔɛna,The stones accumulated and the water came to the mouth of the pitcher.,,stone piece collect collect-INST water TOP pitcher-GEN mouth-near come-PST-INTR-FIN
output_layoutA (1).csv,35,kɘhũ d̪ɔ unɾɛ ɔna d̪aʔɛ ɲuː ked̪a,The crow then drank that water.,,crow TOP that-LOC that water-3SG drink PST.TR-FIN
output_layoutA (1).csv,36,baŋlad̪es ai̯ma pɘɾsi aɾ ai̯ma ɟɘt̪i ɾe.jaʔ mit̪ʔʈɛn d̪isɘm,Bangladesh is a multilingual and multi-racial country.,,Bangladesh many language and many ethnicity-GEN one-CLF country
output_layoutA (1).csv,37,noa̯ d̪isɘmɾɛ baŋgali bɛgɔɾhɔ̃ noŋka mɔ̃ɽɛgɛlgɔʈɛn ɟɘt̪iɾɛn hɔɽko giɾɘbɘsiʔkana,"In addition to the Bangalees, about 50 other nationalities live in this country.",,this country-LOC Bengali besides-also like five-ten-CLF ethnicity-GEN person-3PL settle-live-COP-FIN
output_layoutA (1).csv,38,baŋgaliko lekage oŋkoa̯ʔhɔ̃ ɟud̪ɘ pɘɾsi aɾ ni.jɘm ɘɾi mena.a,"Like the Bangalees, they also have distinct languages and customs.",,Bengali-3PL like-EMPH 3PL-GEN-also different language and custom tradition exist-FIN
output_layoutA (1).csv,39,bɛo̯haɾ t̪ʰoɽa ho.joʔkan kakʰant̪ɛ ai̯ma pɘɾsiko ad̪ɔʔkana,Many languages are disappearing due to lack of usage.,,use little become-PASS-COP reason-INST many language-3PL lose-PASS-COP-FIN
output_layoutA (1).csv,40,gid̪ɾɛko lɘgit̪ʔ apnaɾ pɘɾsit̪ɛ ɔlɔʔ paɽha͡o̯ ɟɘɾuɽa,It is important for children to study in their own language.,,child-3PL for own language-INST read study necessary-FIN
output_layoutA (1).csv,41,gid̪ɾɘ bid̪ɘlɾɛ gɔgɔ pɘɾsit̪ɛ ɔlɔʔ paɽha͡o̯ baŋ hoi̯lɛnkʰan t̪a.jɔmt̪ɛ apnaɾ pɘɾsi aɾ cet̪ʔ baŋ ho.joʔkana,"If one does not study in their mother language in childhood, one does not learn their own language later.",,child age-LOC mother language-INST read study NEG become-3SG-PST-when after-INST own language and learn NEG become-PASS-COP-FIN
output_layoutA (1).csv,42,iɲd̪ɔ iɲaʔ pɘɾsiɲ d̪ulɘɽaʔa,I love my language.,,1SG-TOP 1SG-GEN language-1SG love-FIN-FIN
output_layoutA (1).csv,43,iɲd̪ɔ iɲaʔ d̪isɘmiɲ d̪ulɘɽed̪a,I love my country.,,1SG-TOP 1SG-GEN country-1SG love-PRS.TR-FIN
output_layoutA (1).csv,44,iɲaʔ sɔneɾ baŋla iɲd̪ɔ amiɲ d̪ulɘɽɛt̪ʔme.ja,"My golden Bangla, I love you.",,1SG-GEN golden Bengal 1SG-TOP 2SG-1SG love-PROG-2SG.OBJ-FIN
output_layoutA (1).csv,45,ad̪ɔm pɘɾsi baŋla akʰɔɾko bɛo̯haɾa ad̪ɔm pɘɾsi iŋɾeɟi sɛ ɾoman akʰɔɾko bɛo̯haɾa aɾ ad̪ɔm pɘɾsi.jaʔd̪ɔ apnaɾaʔ akʰɔɾ mena.a,"Some languages use Bangalee fonts, some languages use English/Roman fonts, and some languages have their own fonts.",,some language Bengali letter-3PL use-FIN some language English or Roman letter-3PL use-FIN and some language-GEN-TOP own-GEN letter exist-FIN
output_layoutA (1).csv,46,babad̪ɔ mit̪ʔʈɛn gʰaɾɔ̃ɟɾɛn mukʰi̯ɘ hɔɽ,Father is the head person/man of a family.,,father-TOP one-CLF family-GEN head person
output_layoutA (1).csv,47,uni d̪ɔ gʰaɾɔɟɾe.jaʔɛ ɲɛɭbaɽa.ja,He takes care of the family.,,3SG TOP family-GEN-3SG look.after-FIN
output_layoutA (1).csv,48,iɲbaba d̪ɔ kʰɛt̪ɾɛ kɘmikat̪ɛt̪ʔɛ kɘmhɘ.jɛt̪ʔkant̪ahɛ̃na,My father used to earn by working in agricultural fields.,,1SG-father TOP field-LOC work-CVB-EMPH-3SG earn-3SG-PROG-COP-stay-INTR-FIN
output_layoutA (1).csv,49,babaʈʰɛnkʰɔn iɲd̪ɔ ɔlɔʔ aɾ paɽha͡ɔ̯iɲ cit̪ʔakad̪a,I have learned to read and write from my father.,,father-from-ABL 1SG-TOP read and study-1SG learn-PRF.TR-FIN
output_layoutA (1).csv,50,ɔk̚t̪ɛ ɔk̚t̪ɛ iskul cʰuʈilɛnkʰan ɲɛlɘɲ baba d̪ɔ iɲlɘgit̪ʔ iskul baɾhɛɾɛi̯ t̪eŋgo.ăkana,"Sometimes when the school hours were over, I saw my father standing outside the school for me.",,time time school holiday-PST-when see-FIN-1SG father TOP 1SG-for school outside-LOC-3SG stand-PRF.INTR-FIN
output_layoutA (1).csv,51,biɖɘ͡o̯ɾɛ bʰage ɾeɟal t̪a.jɔm babaɔ̯aʔ mɛ̃t̪ʔd̪aʔiɲ ɲɛl lɛd̪a,I saw tears in my father's eyes after getting good results in the exam.,,exam-LOC good result after father-GEN eye-water-1SG see PST.TR-FIN
output_layoutA (1).csv,52,unɾɛ bɘɲbaɖai̯kant̪ahɛ̃na ai̯mahɔɽ ɾɘskɘlɛnkʰanhɔ̃ ku ɾaːga,I did not know that many people cry even when they are happy.,,that-LOC NEG.1SG-know-COP-stay-INTR-FIN many-person joy-PST-when-also 3PL-cry-FIN
output_layoutA (1).csv,53,baba aʲcʔt̪ɛt̪ʔhɔ̃ ɟɘst̪i ba͡i̯ ɔlɔʔ paɽha͡o̯ d̪aɽe.jakad̪a,Father himself could not study much.,,father self-EMPH-INST-EMPH-also much NEG-3SG read study able-PRF.TR-FIN
output_layoutA (1).csv,54,mɛnkʰan unii̯ kʰɔɟlɛna iɲ e.meɲ pas ma,But he wanted me to pass MA.,,but 3SG-3SG want-PST-FIN 1SG M.A.-1SG pass-2SG-FIN
output_layoutA (1).csv,55,uni ɔk̚t̪ɛ ɔk̚t̪ɛ d̪akaut̪u kɘmiɾɛ gɔgɔhɔ̃.jɛ gɔɽɔ.ai̯kan t̪ahɛ̃na,He sometimes helped my mother in cooking.,,3SG time time rice-curry work-LOC mother-also-3SG help-3SG.OBJ-COP stay-INTR-FIN
output_layoutA (1).csv,56,baba t̪inɾɛi̯ haɽam lena unɾɛ iɲ uniɲ ɟɔt̪ɔnăkadi.ja,I took care of father when he got old.,,father when-LOC-3SG old PST-FIN that-LOC 1SG 3SG-1SG care-PRF.TR-3SG.OBJ-FIN
output_layoutA (1).csv,57,kɘʈiʲcʔkʰɔnge baba d̪ɔ iɲɾɛn paɲɟalek hɔɽ kanai̯,"From my childhood, my father was a person I could follow.",,small-EMPH-ABL-EMPH father TOP 1SG-GEN follow-like person COP-FIN-3SG
output_layoutA (1).csv,58,babai̯ɲ d̪isɘlekʰan nit̪hɔ̃ iɲ ɾaʔ ɾaʔiɲ ɘi̯kɘo̯a,I still feel like crying when I remember my father.,,father-3SG-1SG remember-3SG.OBJ-when now-also 1SG cry cry-1SG come-INCH-FIN
output_layoutA (1).csv,59,iɲd̪ɔ iɲ baba ni̯ɘt̪ɛɲ gɔɾɔbɔʔkana,I feel proud of my father.,,1SG-TOP 1SG father regarding-INST-1SG proud-PASS-COP-FIN
output_layoutA (1).csv,60,iɲiɲ kʰɔɟɔʔkana iɲɾɛn gid̪ɾɘhɔ̃ iɲ ni̯ɘt̪ɛ gɔɾɔb oco̯a,I want my child to be proud of me too.,,1SG-1SG want-PASS-COP-FIN 1SG-GEN child-also 1SG regarding-INST proud cause-CAUS-FIN
output_layoutA (1).csv,61,ɟohaɾ hɔpɔnba cɛt̪ʔlɛka mɛnama,"[Greetings] Uncle, how are you?",,greeting son-uncle what-like exist-2SG-FIN
output_layoutA (1).csv,62,mɔɟge minɘɲɘ bɘbu,I am fine my son.,,good-EMPH exist-FIN-1SG-FIN son
output_layoutA (1).csv,63,am cɛt̪ʔlɛka mɛnama,How are you?,,2SG what-like exist-2SG-FIN
output_layoutA (1).csv,64,amɾɛn gɔgɔbaba cɛt̪ʔlɛka menaʔkinɘ,How are your parents?,,2SG-GEN mother-father what-like exist-COP-3DU-FIN
output_layoutA (1).csv,65,alɛ ɟɔt̪ɔhɔɽ mɔ̃ɟge menaʔle.ja,We are all fine.,,1PL.EXCL all-person good-EMPH exist-COP-1PL.EXCL-FIN
output_layoutA (1).csv,66,buɖigɔ cɛt̪ʔlɛka mena.ja hɔpɔnba,"How is grandmother, Uncle?",,old-mother what-like exist-FIN son-uncle
output_layoutA (1).csv,67,hɔlakʰɔn unii̯ ɾu̯ɘʔkana,She is sick since yesterday.,,yesterday-ABL 3SG-3SG sick-PASS-COP-FIN
output_layoutA (1).csv,68,gunɘnɔʔkɘnɘɲ t̪eheɲ uni ɖakt̪aɾʈʰɛniɲ idii̯.ja,I think I will take her to the doctor today.,,think-INCH-PROG-FIN-1SG today 3SG doctor-near-1SG take-3SG.OBJ-FIN
output_layoutA (1).csv,69,ɔnage bʰage ho.jo.a,That would be good.,,that-EMPH good become-PASS-FIN
output_layoutA (1).csv,70,ɟahanaʔ ɟɘɾuɽɔʔkʰan alɛm baɖai̯ŏcole.ja,Let us know if you need anything.,,anything-GEN necessary-PASS-when 1PL.EXCL-2SG know-CAUS-PASS-1PL.EXCL-FIN
output_layoutA (1).csv,71,ac.cʰaɲ baɖai̯ocope.ja,"Alright, I will let you know.",,alright-1SG know-CAUS-PASS-2PL-FIN
output_layoutA (1).csv,72,amɾɛn gɔgɔbaba lɘ.jakinmɛ ambuɖigɔi̯ ɾu̯ɘʔkana,Tell your parents your grandmother is ill.,,2SG-GEN mother-father say-IMP-3DU-2SG 2SG-old-mother-3SG sick-PASS-COP-FIN
output_layoutA (1).csv,73,uŋkinhɔ̃ hiɟuʔmɛt̪aɔ̯ăkinmɛ,Tell them to come.,,3DU-also come-IMP-2SG-COP-CAUS-3DU-2SG
output_layoutA (1).csv,74,ɟɘɾuɽgeʲɲ lɘi̯.akina,Of course I will tell them.,,necessary-EMPH-1SG say-3DU.OBJ-FIN
output_layoutA (1).csv,75,t̪ʰɔɽad̪in bʰit̪ɾiɾigi iɲaʔ biɖɘ͡o̯ ɛhɔbɔʔa,My exam is ahead.,,few-day inside-LOC-EMPH 1SG-GEN exam begin-PASS-FIN
output_layoutA (1).csv,76,iɲlɘgit̪ʔ bint̪ii̯mɛ,Pray for me.,,1SG-for pray-3SG-2SG.IMP
output_layoutA (1).csv,77,bʰaget̪ɛ paɽhaʔmɛ,Study well.,,good-INST study-IMP-2SG
output_layoutA (1).csv,78,ai̯mad̪inkʰɔn alɛ ʈoʈʰaɾɛ ɟahan pɔɾɔb baŋ hojoʔkana,For many days there happens no festival in our locality.,,many-day-ABL 1PL.EXCL locality-LOC any festival NEG become-PASS-COP-FIN
output_layoutA (1).csv,79,d̪ɛla abo mit̪ʔʈɛn pɔɾɔbbon sapɽa͡o̯kat̪ʔlege,"Come on, let's organize a festival.",,come 1PL.INCL one-CLF festival-1PL.INCL organize-CVB-1PL.EXCL-EMPH
output_layoutA (1).csv,80,hɛ̃ː noa̯ d̪ɔ mit̪ʔʈɛn bʰage hudis,"Yes, it's a great/good idea.",,yes this TOP one-CLF good idea
output_layoutA (1).csv,81,amd̪ɔ cɛt̪ʔ noa̯ ni̯ɘt̪ɛ ɟahanaʔɛm ganɖɔnakad̪a,Have you thought about it?,,2SG-TOP what this regarding-INST any-GEN-3SG-2SG think-INTR-PRF.TR-FIN
output_layoutA (1).csv,82,pɔɾɔbɾɛ cɛt̪ʔ cɛt̪ʔ t̪ahɛ̃na,What will be in the festival?,,festival-LOC what what stay-INTR-FIN
output_layoutA (1).csv,83,pɔɾɔbɾɛ ɛnɛʲcʔ seɾeɲ t̪ahɛna,The festival will include dancing and singing.,,festival-LOC dance-EMPH song stay-INTR-FIN
output_layoutA (1).csv,84,ɔna sãɔ̯t̪ɛ miʔʈɛn pʰuʈbɔl kʰilɘʈ t̪ahɛ̃na,There will also be a football match.,,that with-INST one-CLF football match stay-INTR-FIN
output_layoutA (1).csv,85,pʰuʈbɔl kʰilɘʈ d̪ɔ ho.jo.a bap̚laɔa̯akan aɾ ɖɘŋua̯ku t̪alaɾɛ,The football match will be between the married and the unmarried.,,football match TOP become-PASS-FIN marry-PRF.INTR and unmarried-3PL middle-LOC
output_layoutA (1).csv,86,noa̯ pɔɾɔp̚ t̪is aɾ ɔkaɾɛ hoi̯ oco d̪aɽeja.a,When and where can this festival be held?,,this festival when and where-LOC become-3SG cause able-FIN-FIN
output_layoutA (1).csv,87,cʰuʈi hilɘʔ sapɽaɔ̯lɛkʰan abu iskulɾe.jaʔ maʈʰbun bɛbɔhaɾ d̪aɽe.jaʔa,We can use the school grounds if we organize on holidays.,,holiday day organize-PST-when 1PL.INCL school-GEN ground-1PL.INCL use able-FIN-FIN
output_layoutA (1).csv,88,abua̯ʔ pɔɾɔbɾɛ iskuld̪ɔ sãot̪ɛ d̪ɔhɔ ɟɘɾuɽa,We need to include the school in our festival.,,1PL.INCL-GEN festival-LOC school-TOP with-INST keep necessary-FIN
output_layoutA (1).csv,89,ced̪aʔsɛ iskulɾɛn gid̪ɾɘko aboko gɔɽɔ d̪aɽe͡o̯ɘ̆bona,Because school students could help us.,,why-or school-GEN child-3PL 1PL.INCL-3PL help able-PASS-1PL.INCL-INTR-FIN
output_layoutA (1).csv,90,t̪ahalɛ iskulɾɛn maɾaŋ mahasɔi̯ sãot̪ɛ katʰa ɾɔɽ ho.j.a,So we will have to talk to the headmaster of the school.,,therefore school-GEN big teacher with-INST word speak become-FIN
output_layoutA (1).csv,91,pɔɾɔbɾɛ cɛt̪ʔ cɛt̪ʔ tahɛna ɔnako ni̯ɘt̪ɛhɔ̃ galmaɾa͡o̯ ho.joʔa,What segments will be in the festival should also be needed to discuss.,,festival-LOC what what stay-INTR-FIN that-3PL regarding-INST-also discuss become-PASS-FIN
output_layoutA (1).csv,92,pɔɾɔbɾɛ t̪inɘʔ kɘo̯ɖi laga.a t̪inɘʔ hɔɽko laga.a sanamko ni̯ɘt̪ɛ galmaɾa͡o̯ ho.joʔa,"How much money will be needed for the festival, how many people will be needed, everything has to be discussed.",,festival-LOC how.much money need-FIN how.much person-3PL need-FIN all-3PL regarding-INST discuss become-PASS-FIN
output_layoutA (1).csv,93,kɘmi bʰage oco͡i̯ lɘgit̪ʔ miʔʈɛn komiʈi bɛna͡o̯ ɟɘɾuɽa,A committee should be formed to do the work properly.,,work good cause-PASS-3SG for one-CLF committee make necessary-FIN
output_layoutA (1).csv,94,iɲaʔ mɔnɛ ho.joʔkana ɛt̪ɔhɔbʔɾɛ gat̪eko sãot̪ɛ galmaɾa͡o̯ ɟɘɾuɽa,I think we need to talk to our friends first.,,1SG-GEN mind become-PASS-COP-FIN beginning-EMPH-LOC friend-3PL with-INST discuss necessary-FIN
output_layoutA (1).csv,95,inɘ t̪a.jɔm oŋko sanam cɛʔlekako mɛna oŋkage bɘki kɘmi ho.joa,Then we will do the rest as they all suggest.,,that after 3PL all what-like-3PL say-FIN that.way-EMPH rest work become-PASS-FIN
output_layoutA (1).csv,96,am ʈʰikɛm mɛːnakad̪a,You are right.,,2SG correct-3SG-2SG say-PRF.TR-FIN
output_layoutA (1).csv,97,sanamko sãot̪ɛ ni̯ɘt̪ɛ alɛ pɔɾɔblɛ mɛnco͡i̯d̪a,We want to celebrate the festival with everyone.,,all-3PL with-INST regarding-INST 1PL.EXCL festival-1PL.EXCL say-CAUS-3SG-FIN
output_layoutA (1).csv,98,ɟɔt̪ɔhɔɽko gɔɽɔlɛnkʰan sanamaʔge alga.aː,Everything will be easy if everyone cooperates.,,all-person-3PL help-PST-when all-GEN-EMPH easy-FIN
output_layoutA (1).csv,99,aɖɛpase ɾejaʔ iskulkoɾɛ abu calaʔ hojoʔt̪abona,We have to go to the nearby schools.,,near-side GEN school-3PL-LOC 1PL.INCL go become-PASS-COP-1PL.INCL-INTR-FIN
output_layoutA (1).csv,100,iskulɾɛn gid̪ɾɛko aboa̯ʔ pɔɾɔb ɾe.jaʔ kat̪ʰa baɖa͡i̯ ocoko ho.joa,School students should be informed about our festival.,,school-GEN child-3PL 1PL.INCL-GEN festival-GEN word know cause-PASS-3PL become-PASS-FIN
output_layoutA (1).csv,101,oŋko ɛnɛʲcʔseɾeɲɾɛko sɛlɛt̪ʔlɛnkʰan pɔɾɔb ɘɖi ɾɘskɘge ho.jo.a,"If they participate in dancing and singing, the festival will be more joyous.",,3PL dance-EMPH-song-LOC-3PL join-PST-when festival very joyful-EMPH become-PASS-FIN
output_layoutA (1).csv,102,oŋko lɘgit̪ʔ kuɽɘi̯ ɾe.jaʔ bɛbɔst̪a d̪ɔhɔkaʔ ho.joʔa,Reward should be arranged/prepared for them.,,3PL for reward-GEN arrangement keep-EMPH become-PASS-FIN
output_layoutA (1).csv,103,ʈʰikge.ja,Okay.,,okay-EMPH-FIN
output_layoutA (1).csv,104,d̪ɛla kɘmibun ɛhɔp̚ʔkat̪ʔlege,"Come on, let's get to work.",,come work-1PL.INCL begin-CVB-1PL.EXCL-EMPH
output_layoutA (1).csv,1,pɘɾsi d̪ɔ manoʔako onoɾom kana,Language is the identity of people.,,language TOP people-3PL.OBJ identity COP-FIN
output_layoutA (1).csv,2,"ɟahãɾɛge manoʔa menaʔko, t̪ahãɾɛge pɘɾsi mena.a","Where there are people, there are languages.",,where-LOC-EMPH people-FIN exist-3PL there-LOC-EMPH language exist-FIN
output_layoutA (1).csv,3,pɘɾsi d̪ɔ mit̪ʔ bid̪ɘl kʰɔn aɾ mit̪ʔ bid̪ɘlɾɛ sɛn paɾɔmɔʔa,Language flows from one generation to another.,,language TOP one generation ABL and one generation-LOC go flow-FIN
output_layoutA (1).csv,4,mɛnkejam d̪ʰɘɾt̪iɾɛ ejai haɟaɾgan pɘɾsi mena.a,There are about 7 thousand languages in the world.,,about world-LOC about seven-thousand language exist-FIN
output_layoutA (1).csv,5,ɟaʔo pɛ cand̪oɾɛ mit̪ʔʈɛn kat̪ɛʔ pɘɾsi ad̪ɔʔkana,One language is disappearing every 3 months.,,every three month-LOC one-CLSFR finished language disappear-PROG
output_layoutA (1).csv,6,ɟɔt̪ɔ pɘɾsige ɔkt̪ɛ nɘpit̪ɾɛ bɔd̪ɔlɔʔt̪ege t̪ahɛnkana,All languages change over time.,,all language-EMPH time passing-LOC change-INF-EMPH remain-PROG
output_layoutA (1).csv,7,pɘɾsi bɔd̪ɔlɔʔlekage sɔmaɟɾejaʔ ɘn ɘɾihɔ̃ bɔd̪ɔlɔʔkana,"Just as language changes, the customs of society also change.",,language change-like-EMPH society-LOC-3SG.POSS custom-also change-PROG
output_layoutA (1).csv,8,pɘɾsi d̪ɔ manoʔi ɟumid̪ɛt̪ʔkoa,Language unites people.,,language TOP people-EMPH unite-3PL-FIN
output_layoutA (1).csv,9,manoʔakod̪ɔ gɔgɔʈʰɛnkʰɔnge pɘhil pɘɾsiko ceːd̪a,People learn their first language from their mother.,,people-3PL-TOP mother-from-ABL-EMPH first language-3PL learn-PST
output_layoutA (1).csv,10,pɘɾsi sãʔo sãʔot̪ɛ manoʔakoaʔ hud̪iskohɔ̃ bɔd̪ɔlɔa,People's thinking also changes along with language.,,language with with-INST people-3PL-GEN thought-3PL-also change-FIN
output_layoutA (1).csv,11,ɔlɔʔ paɽhao aɾ nukɾi lɘgit̪ʔ apnaɾ pɘɾsi cʰaɖahɔ̃ hɔɽ ɛʈaʔ ɛʈaʔ pɘɾsiko ceːd̪a,"People learn other languages apart from their own, for education and work.",,writing study-NMLZ and work for own language leave-also person other other language-3PL learn-PST
output_layoutA (1).csv,12,"lahaɾɛ isin basaŋ cicit̪ʔiɲ met̪at̪ʔmɛ t̪ahɛ̃kana, mɛnɛʔ bam aɲɟɔmled̪a","Earlier I told you to learn cooking, but you did not listen.",,before-LOC cooking learn-1SG.OBJ tell-2SG.IMP stay-PROG but NEG-2SG listen-PST-FIN
output_layoutA (1).csv,13,buɟʰhɘʔo kid̪ɘɲ,I understand.,,understand-CMPL become-1SG
output_layoutA (1).csv,14,"iɲd̪ɔ d̪aka, ɘlu bʰɘɾt̪ɘ aɾ belehɔɲ bʰɘɟi d̪aɽeo.a","I can cook rice, make mashed potato and can fry eggs.",,1SG-TOP rice mashed.potato also and egg-also fry can-FIN
output_layoutA (1).csv,15,nit̪ʔ d̪ɔ iɲ aɽaʔut̪u aɾ sobɟi bʰɘɟi cet̪ʔɟɔŋiɲ mɛnɟɔŋkana,Now I want to learn how to cook greens and fry vegetables.,,now TOP 1SG greens-cook and vegetable fry learn-want-1SG say-want-PROG
output_layoutA (1).csv,16,"bogege, inɘ bʰit̪ɾiɾege amd̪ɔ aimaɲ cet̪ʔked̪a","Good, you have already learned a lot in this time.",,good-EMPH this between-LOC-EMPH 2SG-TOP much-1SG.AUX learn-PST-FIN
output_layoutA (1).csv,17,"hɛ̃ː gɔ, cecet̪ʔiɲ mɛnɟɔŋkana","Yes mother, I want to learn.",,yes PART learn-INF-1SG say-want-PROG
output_layoutA (1).csv,18,ɾaŋgaʔ ɾenaʔ d̪ɔ cɛt̪ʔhɔ baŋkana,There is nothing to be angry about.,,angry-NMLZ for TOP what-also NEG-PROG
output_layoutA (1).csv,19,aɾ cɛt̪ʔ cɛt̪ʔko d̪isɛ d̪ɔhoi ɟɘɾuɽt̪iɲa,What else do I need to keep in mind?,,and what what-3PL mind keep-NEC need-IMPF-1SG-FIN
output_layoutA (1).csv,20,ɟɔmaʔɾɛ ɖʰeɾ sunum bɛohaɾ lekʰan hɔɽmɔ bɘɽiɟɔa,"If you use too much oil in food, the body becomes sick.",,food-LOC much oil use-INF do-COND body-INAN bad-become-FIN
output_layoutA (1).csv,21,"hako d̪ɔ ɘɖi ãt d̪ɔ baŋ, ɟaːge bʰaɟako hojo.a",Fish should not be fried too deep; it should be lightly fried.,,fish TOP very deep TOP NEG light-EMPH fry-3PL.OBJ be-must-FIN
output_layoutA (1).csv,22,iɲd̪ɔ am ʈʰɛnkʰɔn ɟɔt̪ɔaʔ isin basaŋiɲ ceːd̪a,I will learn to cook everything from you.,,1SG-TOP 2SG from-ABL all-GEN cooking cook-1SG learn-PST
output_layoutA (1).csv,23,accʰa ʈʰikge.ja,"Okay, alright.",,okay right-EMPH-FIN
output_layoutA (1).csv,24,"iskul ɔka d̪in bɔnd̪ɔ t̪ahɛna, ɛnhilɘʔge iɲʈʰɛnkʰɔn isin basaŋɛm ceːd̪a","On the day school is closed, you will learn cooking from me.",,school which day closed stay-FIN that.day-EMPH 1SG-from-ABL cooking learn-2SG learn-PST
output_layoutA (1).csv,25,"ɛgɔ, iɲd̪ɔ isin basaŋ t̪ejaɾ cet̪ʔɟɔŋiɲ mened̪a","Mom, I want to learn cooking.",,VOCA-PART 1SG-TOP cooking cook learn-want-1SG say-PST
output_layoutA (1).csv,26,iskul cʰuʈi maha isin basaŋ t̪ejaɾɛm cet̪ʔɘɲɘ,Will you teach me to cook on the school holiday?,,school holiday day cooking cook-2SG.ACC learn-teach-Q
output_layoutA (1).csv,27,nit̪ɔʔ ced̪aʔ isin basaŋ t̪ejaɾ cet̪ʔɟɔŋɛm mɛned̪a,Why do you want to learn cooking now?,,now why cooking cook learn-want-2SG say-PST
output_layoutA (1).csv,28,am ɟɔkʰɔn hãspat̪alɾɛm t̪ahɛ̃kana un ɔkt̪ɛ alɛ ɘɖi sɔmɔssaɾɛlɛ paɽaolena,"When you were in the hospital, we had a lot of problems.",,2SG when hospital-LOC-2SG stay-PROG that time 1PL.EXCL much problem-LOC-1PL fall-PST-FIN
output_layoutA (1).csv,29,isin basaŋ t̪ejaɾ bɘɲd̪aɽelɛnt̪ɛ ɟɔm ɲu ɾe ɘɖi kɔsʈɔɾɛlɛ paɽaolena,"Because I could not cook, we had difficulty eating.",,cooking cook NEG-can-PST-INST food eat in much hardship-LOC-1PL fall-PST-FIN
output_layoutA (1).csv,30,cɛt̪ʔ cɛt̪ʔ isin basaŋ t̪ejaɾ cet̪ʔɟɔŋɛm mened̪a ma lɘjɘɲmɛ,What dishes do you want to learn to cook? Tell me.,,what what cooking cook learn-want-2SG say-PST PART say-1SG.OBJ-2SG.IMP
output_layoutA (1).csv,31,amd̪ɔ hako aɾ ɟel isin basaŋ t̪ejaɾ cet̪ʔ bam mened̪a,But don't you want to learn to cook fish and meat?,,2SG-TOP fish and meat cooking cook learn NEG-2SG say-PST
output_layoutA (1).csv,32,mɛnɛd̪ɘɲ mit̪ʔsãʔot̪ɛ unɘʔ isin basaŋ t̪ejaɾ cet̪ʔɟɔŋiɲ mɛnɛt̪ʔt̪ɛ ɾaŋgaoaʔam sɛ cɛt̪ʔ,"I thought if I said all at once that I wanted to learn, you would get angry.",,think-PST-1SG one-with-INST all cooking cook learn-want-1SG say-INF-INST angry-become-GEN-2SG COMP what
output_layoutA (1).csv,33,ɔnat̪ɛ ɟel aɾ hako ut̪u t̪ejaɾ cet̪ʔɟɔŋɾejaʔ kat̪ʰa d̪ɔ bɘɲ met̪am kan t̪ahɛna,So I did not mention wanting to learn to cook fish and meat.,,therefore meat and fish cook learn-want-GEN word TOP NEG tell COP stay-FIN
output_layoutA (1).csv,34,"ɛnt̪ɛʔ isin basaŋ t̪ejaɾ cɛt̪ʔleka ɾɘskɘɲ buɟʰhɘoa, ɛʈaʔhɔɽ cet̪ʔakohɔ̃ oŋkage ɾɘskɘɲ ɘikɘoa","Just as I love to cook, I also love to teach cooking.",,"because cooking cook-like taste-1SG.AUX feel-FIN, other person teach-3PL-also like-EMPH taste-1SG.AUX feel-3PL-FIN"
output_layoutA (1).csv,35,"ɛgɔ, ad̪ɔ isin basaŋ ɔkt̪ɛ cɛt̪ʔ cɛt̪ʔko d̪isɘ d̪ɔhɔ ɟɘɾuɽa","Mom, what things need to be kept in mind while cooking?",,VOCA-PART now cooking time what what-3PL mind keep need-FIN
output_layoutA (1).csv,36,ɟɔt̪ɔkʰɔn lahaɾɛ d̪isɘi ɟɘɾuɽt̪ama d̪akai ɔɽaʔɾɛ ɟɘɾuɽ ɟinisko menaʔa sɛ baŋ,"First of all, check whether all necessary items are in the kitchen.",,first-ABL before-LOC mind-EMPH need-IMPF-FIN-2PL.IMP kitchen-EMPH house-LOC needed thing-3PL exist-FIN or NEG
output_layoutA (1).csv,37,aɽaʔsakam sɛ ut̪ut̪ejaʔ gɛt̪ʔ lahaɾɛ mɔɟt̪ɛ ɘɾupʔ sapai hojo.a,"Before cutting and cooking the vegetables, wash them well in water.",,greens-vegetables or cook-INF-GEN before before-LOC water-INST wash clean-EMPH be-must-FIN
output_layoutA (1).csv,38,ɟahanaʔge t̪ʰɔɽa sunumt̪ɛm ut̪uja,"Whatever you cook, use only a little oil.",,whichever-GEN-EMPH little oil-INST-2SG use-FIN
output_layoutA (1).csv,39,ut̪ui t̪ʰɔɽa ɔkt̪ɛ lahaɾɛ ɟelɾɛ mɔsla makʰao d̪ɔhoi ho.jo.a,"Before cooking, put spices on the meat and let it marinate a while.",,cook-EMPH little time before-LOC meat-LOC spice apply-FIN keep-EMPH be-must-FIN
output_layoutA (1).csv,40,t̪ehɛɲd̪ɔ aimaɲ cet̪ʔked̪a gɔː,"I have learned a lot today, Mom.",,today-1SG-TOP much-1SG.AUX learn-PST-FIN PART
output_layoutA (1).csv,41,mit̪ʔgʰɘɽi lahaɾɛɲ sɛnd̪ɾakɛt̪ʔmeja aɾ bɘɲ ɲamlɛt̪ʔmeja,I looked for you a while back but couldn't find you.,,one-moment before-LOC-1SG look-PST-2SG.OBJ-FIN and NEG get-PST-2SG.OBJ-FIN
output_layoutA (1).csv,42,okat̪ɛm sɛnlɛna,Where did you go?,,where-to-2SG go-PST-FIN
output_layoutA (1).csv,43,"alɛɾɛn aɾaʔ sɘnd̪ii at̪ʔlɛna, uni send̪ɾaɲ calaolena",My red rooster was lost; I went looking for it.,,1PL.EXCL-GEN red rooster-EMPH lose-PST-FIN that look-1SG go-FIN-PST-FIN
output_layoutA (1).csv,44,send̪ɾa ɲamked̪ejam,Did you find it?,,look find-PST-2SG
output_layoutA (1).csv,45,"hɛ̃ː, ɲamkid̪ijɘɲ","Yes, I found it.",,yes find-PST-1SG
output_layoutA (1).csv,46,"ced̪aʔɛm t̪eŋgoakana, d̪uɽupʔmɛ",Why are you standing? Sit down.,,why-2SG stand-FIN-PROG sit.down-2SG.IMP
output_layoutA (1).csv,47,nit̪ʔd̪ɔ bɘɲ d̪uɽupʔa d̪i,"I will not sit now, sister.",,now-TOP NEG sit-FIN VOCA
output_layoutA (1).csv,48,ɔɽaʔɾɛ pɛɽako hɛjcʔakana,Guests have come to the house.,,home-LOC guest-3PL arrive-FIN-PROG
output_layoutA (1).csv,49,ɔnat̪ɛ amʈʰɛniɲ hɛjcʔakana,So I have come to you.,,therefore 2SG-to-1SG come-FIN-PROG
output_layoutA (1).csv,50,"ɔɽaʔɾɛ caole, d̪ɘl aɾ bele mena.a, mɛnɛʔ sunumd̪ɔ bɘnuanaŋ","There is rice, lentils and eggs at home, but no oil.",,home-LOC rice-cooked lentil and egg exist-FIN but oil-TOP NEG.exist-FIN-STILL
output_layoutA (1).csv,51,cɛt̪ʔ amʈʰɛn t̪ʰɔɽa sunum ɲamkɔʔa,Can some oil be obtained from you?,,Q 2SG-from a.little oil get-can-FIN
output_layoutA (1).csv,52,"hɛ̃, mɛnaʔgeja","Yes, there is.",,yes exist-EMPH-FIN
output_layoutA (1).csv,53,"baŋ, bɔt̪ɔld̪ɔ bɘɲ ɘguoakad̪a","No, I did not bring a bottle.",,no bottle-TOP NEG bring-FIN-FIN-PST
output_layoutA (1).csv,54,"ʈʰikgeja, kolkaimɛ","All right, send her.",,right-EMPH-FIN send-FUT-2SG.IMP
output_layoutA (1).csv,55,"ɛːd̪i, ɔɽaʔɾɛ menama","Sister, are you at home?",,VOCA home-LOC exist-2SG-FIN
output_layoutA (1).csv,56,"hɛ̃, minɘɲgecɔ","Yes, I am here.",,yes exist-1SG-EMPH-PART
output_layoutA (1).csv,57,cɛt̪ʔ cekaoakana,What happened?,,what happen-FIN-FIN-PROG
output_layoutA (1).csv,58,ɔkasejcɛ d̪ɘɽled̪a unid̪ɔ,Where did the rooster go?,,where-to-Q wander-PST that-TOP
output_layoutA (1).csv,59,alɛ ɔɽaʔ aɽe busupʔpalaɾɛi sɔgɛjakant̪ahɛkana,It was hiding in the haystack of the house next door.,,that house side straw-pile-LOC-EMPH hide-FIN-PROG-stay-PROG
output_layoutA (1).csv,60,baɟaɾ kolko lɘgit̪ʔ ɔkoihɔ̃ bɘɲ ɲamɛt̪ʔkoa,But I cannot find anyone to send to the market.,,market send-3PL for who-also NEG find-INF-3PL-FIN
output_layoutA (1).csv,61,lɘjɘɲmɛ cɛt̪ʔko lagaoma,"Tell me, what do you need?",,say-1SG.OBJ-2SG.IMP what-3PL need-FIN-FUT.Q
output_layoutA (1).csv,62,sunum id̪ilɘgit̪ʔ bɔt̪ɔlɛm ɘguoakad̪a,Did you bring a bottle to take the oil?,,oil take-for bottle-2SG.ACC bring-FIN-FIN-PST
output_layoutA (1).csv,63,iɲɾɛn kuɽigid̪ɾɘ sunum bɔt̪ɔlat̪ɛɲ kolkaikana,I am sending my daughter with an oil bottle.,,1SG-GEN daughter-DIM-with oil bottle-INST-1SG send-FUT-PROG
output_layoutA (1).csv,64,amʈʰɛn ɖʰeɾɲɔʔ buluŋ menaʔkʰan mit̪ʔbɘʈi kolt̪oɾaoɘɲmɛ,"If you have extra salt, send me a bowl of salt.",,2SG-from extra-GEN.3SG salt exist-COND one-bowl send-FUT-1SG.OBJ-2SG.IMP
output_layoutA (1).csv,65,iɲd̪ɔ ɘɖi ãt t̪et̪aŋid̪iɲkana,I am very thirsty.,,1SG-TOP very thirst thirst-become-1SG-PROG
output_layoutA (1).csv,66,"hɛ̃, imamkɘnɘɲ","Yes, I am giving (it to you).",,yes give-1SG.AUX-be-1SG
output_layoutA (1).csv,67,nit̪ʔ amd̪ɔ ɔkakʰɔnɛm hɛjcʔɛna,Where did you come from just now?,,now 2SG-TOP where-ABL-2SG come-PST-FIN
output_layoutA (1).csv,68,"ɔɽaʔɾɛ d̪aʔ bɘnuʔa, ɔnat̪ɛ d̪aʔ id̪iɲ hɛjcʔakana","There is no water at home, so I came to fetch water.",,home-LOC water NEG.exist-GEN-FIN therefore water take-1SG come-FIN-PROG
output_layoutA (1).csv,69,hud̪isɔʔkɘnɘɲ d̪okanɾɛ pasɛjcʔ mɛnaja,I think he is probably at the shop now.,,think-GEN-be-1SG shop-LOC side-Q exist-FIN
output_layoutA (1).csv,70,mɛnkʰan ɔɽaʔɾɛ ɾuɘɽ kat̪ɛʔiɲ ɲɛlked̪a uni d̪ɔ d̪aʔ bai ɘguakad̪a,But when I returned home I saw he had not brought water.,,but home-LOC return finish-1SG see-PST-FIN that TOP water NEG-EMPH bring-FIN-PST
output_layoutA (1).csv,71,"hɛ̃, alejɔʔ nɔlkupkʰɔn hɔ̃ nit̪ʔ d̪ɔ d̪aʔ baŋ ɾakabɔʔkana","Yes, water does not rise in our tube well as before.",,yes 1PL.EXCL-GEN tube.well-ABL also now TOP water NEG rise-can-PROG
output_layoutA (1).csv,72,niɾon d̪in hiɟuʔɾɛ niɘ sɔmɔssa nɛlɔʔkana,This water problem starts with the coming of hot summer days.,,summer day come-GEN-LOC water-this problem see-PROG
output_layoutA (1).csv,73,d̪aʔ ɾenaʔ ɔbʰab d̪ɔ ɛʈaʔ ɟahanaʔt̪ɛ baŋ miʈɘa,The shortage of water cannot be filled with anything else.,,water of shortage TOP other whatever-GEN-INST NEG fill-FIN
output_layoutA (1).csv,74,"isin basan kʰɔn ɛhɔpʔ kat̪ɛʔ t̪ʰɘɾibɘʈi gasao, ɖɘbɾɘʔ, aɾ ɟɔt̪ɔ kɘmiɾege d̪aʔ lagaa","From cooking to eating, bathing, washing, water is needed for every kind of work.",,cooking from eating finish for bathing wash and all work-LOC-EMPH water need-FIN
output_layoutA (1).csv,75,abo d̪ɔ d̪aʔ ɾenaʔ ɛʈkɛʈɔɽɛ̃ cabai lɘgit̪ʔ ɟɔt̪ɔkot̪ɛbon gapal maɾaʔa,We will hold a meeting with everyone to resolve the water problem.,,1PL.INCL TOP water of problem-solving everyone for all-3PL-INST-1PL meeting hold-FIN
output_layoutA (1).csv,76,mit̪ʔ glɘs d̪aʔɛm imɘɲa,Can you give me a glass of water?,,one glass water-2SG.ACC give-1SG.OBJ-FIN
output_layoutA (1).csv,77,iɲd̪ɔ bɘihɘɽ kʰɔniɲ hɛjcʔɛna,I have come from the field.,,1SG-TOP field-path ABL-1SG come-PST-FIN
output_layoutA (1).csv,78,amɾɛn ɔɽaʔhɔɽ d̪ɔi okai na,Where is your husband?,,2SG-GEN husband TOP-EMPH where-EMPH Q
output_layoutA (1).csv,79,set̪aʔɾɛ iɲd̪ɔ uni d̪aʔ aguɲ met̪ad̪i t̪ahɛ̃kana,In the morning I told him to bring water.,,morning-LOC 1SG-TOP that water bring-1SG.OBJ tell-1SG.PST stay-PROG
output_layoutA (1).csv,80,alɛd̪ɔ d̪inɘmge oka kɔl kʰɔn d̪aʔlɛ ɘgui ɔna d̪ɔ bɘɽijcʔakana,The tube well that we fetch water from daily is now broken.,,1PL.EXCL-TOP daily-EMPH which pump ABL water-1PL bring-EMPH that TOP break-become-FIN-PROG
output_layoutA (1).csv,81,alɛ ɔɽaʔ aɖɛpasɛ aɾ kɔl bɘnua,There is no other tube well around our house.,,1PL.EXCL house nearby and pump NEG.exist-FIN
output_layoutA (1).csv,82,d̪aʔ ɾejaʔ ɛʈkɛʈɔ̃ɽɛʔ alɔ hojoʔ lɘgit̪ʔt̪ɛ mɔ̃ɟ bɛbɔst̪a hato ɟɘɾuɽa,A good solution is needed to prevent water problems from recurring.,,water of problem again NEG be-may for-INST good arrangement make need-FIN
output_layoutA (1).csv,83,at̪oɾɛn ɟɔt̪ɔko mit̪ʔsãʔot̪ɛ d̪uɽupʔ kat̪ɛ noʔa bisɔjt̪ɛ gapalmaɾao ɟɘɾuɽa,Everyone in the village needs to sit together and discuss this matter.,,village-GEN all-3PL one-together-INST sit.down finish this matter-INST discussion-hold need-FIN
output_layoutA (1).csv,84,kɔl sɛ kuɲ baŋkʰan d̪aʔ lɘgit̪ʔ ɛʈaʔ bɛbɔst̪a t̪ahɛn ɟɘɾuɽa,"Even without tube wells, there should be other water arrangements.",,pump or well NEG-COND water for other arrangement stay need-FIN
output_layoutA (1).csv,85,"ɟelɛka, sɛɾma d̪aʔ aɾɟao d̪ɔhɔkaʔ",Like collecting and storing rainwater.,,like-manner rain water catch-FIN keep-GEN
output_layoutA (1).csv,86,noʔa d̪ɔ ɘɖi bʰɘbit̪ʔ ɾejaʔ kat̪ʰa kana,This is indeed a matter of concern!,,this TOP very thought of-GEN matter COP-FIN
output_layoutA (1).csv,87,unɾɛ amaʔ d̪ɔ ɾuɘ aɾ lajcʔ haso t̪ahɛ̃kant̪ɛ bam calaʔo d̪aɽejad̪a,"At that time you had fever and stomach ache, so you couldn't go.",,that-LOC 2SG-GEN TOP fever and stomach ache stay-PROG-INST NEG-2SG go-FIN can-FIN-PST
output_layoutA (1).csv,88,niɘbaɾd̪ɔɲ id̪imɛgeja aɾ ɛnɛjcʔ ɟinisiɲ kiɾiɲama,This time I will take you and buy toys for you.,,this-time-TOP-1SG take-2SG.IMP-EMPH-FIN and toy thing-1SG.OBJ buy-FIN-FUT
output_layoutA (1).csv,89,iɲsãʔot̪ɛ huɖiɲ bɔihahɔ̃ id̪iɛ hojo.a,Younger brother must also be taken along with me.,,1SG-with-INST younger brother-also take-EMPH be-must-FIN
output_layoutA (1).csv,90,iɲd̪ɔ uni mɔ̃ɟ mɔ̃ɟ ɟɔmaʔiɲ kiɾiɲaja,I will buy him delicious foods.,,1SG-TOP that delicious delicious food-1SG.OBJ buy-FIN-FIN
output_layoutA (1).csv,91,"am bɔihad̪ɔ nit̪hoi kɘʈijcʔgeja, ɾaʔ d̪aɽɛoaʔaʔi",Your brother is still very small; he may cry.,,2SG brother-TOP still very-small-EMPH-FIN cry can-FIN-GEN-FIN-EMPH
output_layoutA (1).csv,92,t̪ʰɔɽai lɘʈuɲɔʔlɛnkʰan mɛlaɲ id̪iija,"When he grows a little more, I will take him to the fair.",,little-EMPH grow-PST-COND fair-1SG.OBJ take-EMPH-FIN
output_layoutA (1).csv,93,abo d̪ɔ bɛgɔɾ lɘit̪ege mɛlabon calaa,We will go to the fair without telling him.,,1PL.INCL TOP without tell-INF-EMPH fair-1PL.INCL go-FIN
output_layoutA (1).csv,94,uni d̪ɔ iɲ bai ɲɛlliɲkʰajcʔɛ ɾaːga,He will cry if he doesn't see me.,,that TOP 1SG NEG-EMPH see-1SG.OBJ-COND-EMPH cry-FUT
output_layoutA (1).csv,95,ɾuɘɽ ɔkt̪ɛ uni lɘgit̪ʔ ɟɔmaʔ aɾ ɛnɛjcʔ ɟiniskoɲ ɘgu t̪ɔɾaɔa ja,"When we return, we will bring food and toys for him.",,return time that for food and toy thing-3PL-1SG.OBJ bring return-FIN FIN
output_layoutA (1).csv,96,onakoi ɲam lekʰanɛ kusiʔa,He will be happy when he gets them.,,that-3PL-EMPH get when-COND-EMPH happy-become-FIN
output_layoutA (1).csv,97,"ʈʰikgeja baba, oŋkajabo","Alright Father, we will do that.",,right-EMPH-FIN father like.that-FIN-1PL.INCL
output_layoutA (1).csv,98,"ɛː ba, d̪inkalɔm am d̪ɔ iɲ mɛla ɲɛl bam id̪i t̪aɾalid̪iɲa","Father, last time you did not take me to the fair.",,VOCA father last.time 2SG TOP 1SG fair see NEG-2SG take allow-1SG.OBJ-FIN
output_layoutA (1).csv,99,niɘbaɾd̪ɔ id̪iɲgi lagaoma,This time you must take me.,,this-time-TOP take-1SG.OBJ-EMPH need-FIN-FUT
output_layoutA (1).csv,100,amd̪ɔ hasa ɾenaʔ put̪ul aɾ sad̪ɔmɛm kiɾiɲiɲɘ,Will you buy me a clay doll and a horse?,,2SG-TOP earth of doll and horse-2SG.ACC buy-1SG.OBJ-Q
output_layoutA (1).csv,101,ɔkɔicɔŋ mit̪ʔ hɔɽaʔ ɾaʔiɲ aɲɟɔmɛd̪a,I can hear someone crying.,,someone-Q one person-GEN cry-1SG hear-INF-PST-FIN
output_layoutA (1).csv,102,hɔito bɘɽijcʔ ɟahanaʔ hojakana,It seems something bad has happened.,,maybe bad-become something-GEN happen-FIN-PROG
output_layoutA (1).csv,103,d̪ɛla lahasɛjcʔ sɛn kat̪ɛʔlaŋ ɲɛːla,Let's go forward and look.,,come forward-Q go finish-1PL.INCL look-1PL.INCL
output_layoutA (1).csv,104,"hɛ̃ː, iɲhɔ̃ oŋkan saɖɛɲ aɲɟɔmɛd̪a","Yes, I too can hear such a sound.",,yes 1SG-also like.that sound-1SG hear-INF-PST-FIN
output_layoutA (1).csv,105,d̪ɛla sɛː cɛt̪ʔ hoikana,Let's see what has happened.,,come see what happen-EMPH-PROG
output_layoutA (1).csv,106,d̪ajakkat̪ɛʔ gɔɽɔoɘɲbɛn,Please help me.,,mercy-finish help-1SG.OBJ-2PL.IMP
output_layoutA (1).csv,107,mit̪ʔʈɛn loɽi d̪ɔ iɲɛ t̪ɛn oʈokad̪iɲa,A truck has run over me.,,one-CLSFR truck TOP 1SG-ACC over run.over-PST-1SG.OBJ-FIN
output_layoutA (1).csv,108,d̪ɛla alaŋ d̪ɔ uni haspat̪allaŋ id̪iija,Let's take him to the hospital.,,come 1PL.INCL TOP that hospital-toward take-EMPH-FIN
output_layoutA (1).csv,109,haspat̪alɾe calaolɛnkʰan aimaɲ lekan ɾan kiɾiɲ hojo.a,"If we go to the hospital, we will have to buy various medicines.",,hospital-LOC go-FIN-PST-COND many-1SG.AUX kind medicine buy be-must-FIN
output_layoutA (1).csv,110,ɛnɖɛkʰan nit̪ʔ d̪ɔ cɛt̪ʔlaŋ cekaja,Then what do we do now?,,then-COND now TOP what-1PL.INCL do-FIN
output_layoutA (1).csv,111,nit̪ʔgi oŋkɔaʔ gʰaɾɔɟ ɾɛ kʰɔbɔɾ kol hojo.a,"Right now, the family of this person must be informed.",,now-EMPH that.one-GEN family-LOC news send be-must-FIN
output_layoutA (1).csv,112,ɔka kɘmiɾɛnaʔ oŋko hɛjcʔ kat̪ɛʔko kɘmija,They will come and do what needs to be done.,,what work-LOC-GEN they come finish-3PL do-FIN
output_layoutA (1).csv,113,amaʔ ɟaŋgakʰɔn aimaʔ majaɲ ɟɔɾɔʔkana,A lot of blood is flowing from your leg.,,2SG-GEN leg-ABL much-GEN blood-1SG.AUX flow-PROG
output_layoutA (1).csv,114,ɘɖi usɘɾa ɾaːnɛ ɟɘɾuɽa,Urgent treatment is needed.,,very urgent treatment need-FIN
output_layoutA (1).csv,115,inɘ t̪ajɔm pulis baɖai ocoko hojo.a,Then the police must be informed as well.,,then after police notify-EMPH tell be-must-FIN
output_layoutA (1).csv,116,oŋkoge ona loɾi gɘɖiko send̪ɾa oɖoka,They will search for and find the truck.,,they-EMPH that truck vehicle-3PL search find-FUT
output_layoutA (1).csv,117,ɔnako ɾan kiɾiɲ lɘgit̪ʔ t̪inɘʔ ʈaka ɟɘɾuɽa unɘʔ d̪ɔ iɲʈʰɛjcʔ bɘnua,I do not have enough money to buy those medicines.,,that-3PL medicine buy for that.much money need-FIN that.GEN TOP 1SG-with NEG.exist-FIN
output_layoutA (1).csv,118,gɔgɔoaʔ d̪ulɘɽ ɟɔt̪ɔn t̪ege gid̪ɾɘd̪ɔko haɾa buɾuʔkana,Children grow well under their mother's love and care.,,mother-GEN love care INST-EMPH child-TOP-3PL well grow-PROG
output_layoutA (1).csv,119,iɲd̪ɔ iɲ gɔgɔʈʰɛnkʰɔn kat̪ʰa ɾɔɽiɲ cet̪ʔked̪a,I learned speaking from my own mother.,,1SG-TOP 1SG mother-from-ABL speech speak-1SG learn-PST-FIN
output_layoutA (1).csv,120,kɘʈijcʔɾɛ iɲd̪ɔ ɾuɘlɛna aɾ iɲ gɔgɔd̪ɔ ɘɖi aʈɛ hɔmɔɾ halaŋ led̪a,"In my childhood I fell ill once, and my mother cried a great deal.",,childhood-LOC 1SG-TOP fever-PST-FIN and 1SG mother-TOP very much sorrow cry.out do-PST
output_layoutA (1).csv,121,gɔgɔʈʰɛn kʰɔniɲ cet̪ʔked̪a lɘʈuko manɔt̪ʔ ɛmɔʔ aɾ kɘʈijcʔku d̪ulɘɽko,From my mother I learned to honour elders and love the young.,,mother-from ABL-1SG learn-PST-FIN elder-3PL honour give and child-3PL love-3PL
output_layoutA (1).csv,122,gɔgɔd̪ɔɲ d̪ulɘɽd̪ekat̪ɛhɛkana aɾ bɔt̪ɔɾ hɔɲ bɔt̪ɔɾaikant̪ahɛ̃kana,I used to love my mother and also fear her.,,mother-TOP-1SG love-INF-PROG-stay-PROG and fear also fear-EMPH-PROG-stay-PROG
output_layoutA (1).csv,123,gɔgɔoaʔ ut̪u d̪aka ɘɖi sebelge t̪ahɛ̃kana,My mother's cooking was very tasty.,,mother-GEN hand cooked.rice very tasty-EMPH stay-PROG
output_layoutA (1).csv,124,sanam sɔmaɟɾɛge gɔgɔ sãot̪ɛ mɔ̃ɟ bɛbɔhaɾ ɾenaʔ kat̪ʰa mɛːnakana,In every society it is said that one must treat one's mother well.,,all society-LOC-EMPH mother with good behaviour of word exist-PROG
output_layoutA (1).csv,125,bɔjɔs hoilɛnkʰan gɔgɔaʔ ɟɔt̪ɔn hataod̪ɔ abɔaʔ d̪ajitkana,"When she grows old, taking care of our mother is our responsibility.",,age become-EMPH-PST-COND mother-GEN care take-FIN-TOP 1PL.INCL-GEN responsibility-COP-FIN
output_layoutA (1).csv,1,ańñjomket' khan Galilteye sa calao-ena,"When he heard it, he withdrew to Galilee.",,hear-PST:A when Galilee-LOC-3SG:SUBJ again go-INCH-FIN
output_layoutA (1).csv,2,Nasaret bagikate doreão are reak' Kapharnahumre senkate-ye berelena,Leaving Nazareth he went and lived in Capernaum by the sea.,,Nazareth leave-SEQ sea.shore side GEN Capernaum-LOC go-SEQ-3SG:SUBJ settle-INCH-FIN
output_layoutA (1).csv,3,Sabulon ar Naphthali tothare Jesaea nabi hotete rorlenak' purauk',The word spoken through Isaiah the prophet was fulfilled in the region of Zebulun and Naphtali.,,Zebulun and Naphtali region-LOC Isaiah prophet through-INS speak-PST-M:A fulfill-CAUS-M
output_layoutA (1).csv,4,Sabulon disom ar Naphthali disom Doreão parom Bongan hor jatkoak' Galil,"Land of Zebulun and land of Naphtali, beyond the sea, Galilee of the Gentiles.",,Zebulun land and Naphtali land sea-LOC beyond Gentile people nation-PL-GEN Galilee
output_layoutA (1).csv,5,Moke durup'akan tahëkan hor do Maran marsaiko nëkeda,The people sitting in darkness have seen a great light.,,Darkness sit-FIN-PTCP stay-PTCP people TOP Great light-PL see-FIN
output_layoutA (1).csv,6,Un khon Jisu do poporcar ar memene ehop'keda,From that time Jesus began to preach and say repent.,,Then from Jesus TOP preach and repent begin-PST-FIN
output_layoutA (1).csv,7,Mon acurtape ente serma raj do sorakana,Repent for the kingdom of heaven is near.,,Heart turn-IMP-2PL for heaven kingdom TOP near-PTCP-FIN
output_layoutA (1).csv,8,Monre renadejokkankogeko bhagana ente serma raj do onkoakangea,Blessed are the poor in spirit for theirs is the kingdom of heaven.,,Spirit-LOC humble.ones-PL blessed-FIN for heaven kingdom TOP them-GEN-PTCP-MOD
output_layoutA (1).csv,9,Hirdaukankogeko bhagana ente onkoakt jiwi do rarejok'takoa,Blessed are those who mourn for they shall be comforted.,,Mourn-PTCP-PL-EMPH-PL blessed-FIN for them-GEN-OBJ soul TOP comfort-M-CAUS-PL-FIN
output_layoutA (1).csv,10,Mahrkogeko bhagana ente onko do pirthimiko aidarijona,Blessed are the meek for they shall inherit the earth.,,Meek-PL-EMPH-PL blessed-FIN for they TOP earth-OBJ inherit-FUT-FIN
output_layoutA (1).csv,11,Dhorom renades fetanok'kan kogeko bhagana ente onko doko tirpitok'a,Blessed are those who hunger and thirst for righteousness for they shall be satisfied.,,Righteousness hunger.and.thirst M-PTCP PL-EMPH-PL blessed-FIN for they TOP-PL satisfy-M-FIN
output_layoutA (1).csv,12,Mayakkodeko bhagana ente onko doko maya ocoka,Blessed are the merciful for they shall receive mercy.,,Merciful-PL-TOP-PL blessed-FIN for they TOP-PL mercy receive-M-FIN
output_layoutA (1).csv,13,Monre napaekogeko bhagana ente onko do Isorko nelea,Blessed are the pure in heart for they shall see God.,,Heart-LOC pure-EMPH-PL blessed-FIN for they TOP God-OBJ see-FIN
output_layoutA (1).csv,14,Sukluk kogeko bhagana ente onko do Isorren hoponko numo goka,Blessed are the peacemakers for they shall be called children of God.,,Peacemaker-PL-EMPH-PL blessed-FIN for they TOP God-GEN son-PL called-M-FIN
output_layoutA (1).csv,15,Dhorom iate khed osok'kanko geko bhagana ente serma raj do onkoakangea,Blessed are those persecuted for righteousness for theirs is the kingdom of heaven.,,Righteousness for-OBJ persecute receive-M-PTCP-PL EMPH-PL blessed-FIN for heaven kingdom TOP them-GEN-PTCP-MOD
output_layoutA (1).csv,16,Bhagangeape ini iate horko kadhaolepere arko khedlepere,Blessed are you when people insult and persecute you because of me.,,Blessed-EMPH-2PL I because person-PL insult-PST.PL-2PL-LOC and-PL persecute-PST.PL-2PL-LOC
output_layoutA (1).csv,17,Ape do dharti reak' bulun kanape menkhan bulun sabak'len khan ona do cette rahamok'a,You are the salt of the earth but if the salt loses its taste what use is it?,,2PL TOP earth GEN salt COP-2PL but salt tasteless-M-PST when that TOP what use-M-FIN
output_layoutA (1).csv,18,Ape do dharti reak' marsal kanape,You are the light of the world.,,2PL TOP earth GEN light COP-2PL
output_layoutA (1).csv,19,Alope bujhaua an se nabikoak' katha mautaia menkhat hecakana,Do not think that I have come to abolish the Law or the Prophets.,,PROHIB-2PL think law or prophet-PL-GEN word abolish-FIN but come-FIN-PTCP-FIN
output_layoutA (1).csv,20,Ente sarigeñ metapekana serma ar ot auri cabak' habic' an reak' mit akhor se tudak' ho oho metaolena,Truly I say to you not one letter or stroke shall pass from the law until everything is accomplished.,,For truly say-2PL-PTCP-FIN sky and earth word end-M until law GEN one letter or mark-M also not pass.away-INCH-FIN
output_layoutA (1).csv,21,Onate ape do nonka koejonpe E aleren sermare menam Baba amak nutum sonofok'ma,Therefore pray like this: Our Father in heaven hallowed be your name.,,Therefore 2PL TOP thus pray-2PL VOC our-GEN heaven-LOC exist.HON Father 1SG:POSS name holy-M-IMP
output_layoutA (1).csv,22,Amak' raj hijuk'ma amak' mone bare hoyok'ma ce eka sermare onkade otre ho,Your kingdom come your will be done on earth as it is in heaven.,,2SG:POSS kingdom come-IMP 2SG:POSS will also happen-M-IMP as just sky-LOC thus earth also
output_layoutA (1).csv,23,Aleak' jarurojomak' teheñ emalem,Give us today our daily bread.,,1PL:POSS necessary-food-GEN today give-1PL:IMP
output_layoutA (1).csv,24,Ar aleak' dosko ikakatalen ceteleka ale ho aleak' dodoskole ikaakat'tako,And forgive us our debts as we also have forgiven our debtors.,,And 1PL:POSS fault-PL forgive-FIN-1PL:PST as-EMPH-like 1PL also 1PL:POSS fault.doers-PL-1PL forgive-CAUS-PL
output_layoutA (1).csv,25,Ona iateñ metapekana apeak' jiwi lagit' alope dandik'a cetpe joma se cetpe nuta,Therefore I tell you do not worry about your life what you will eat or what you will wear.,,That therefore-1SG say-2PL-PTCP-FIN 2SG:POSS life for PROHIB-2PL worry-FIN what-2PL eat or what-2PL wear
output_layoutA (1).csv,26,Cotren udaukko bengetak'ope bako era bako ira ar muraikore bako socjona,Look at the birds of the sky they do not sow or reap or store in barns.,,Sky bird-M-PL observe-M-2PL:IMP NEG-PL sow NEG-PL reap and barn-LOC NEG-PL store-FIN
output_layoutA (1).csv,27,Alope bikcara jemon alope bicar osok',Do not judge so that you will not be judged.,,PROHIB-2PL judge-FIN so.that PROHIB-2PL judgment receive-M
output_layoutA (1).csv,28,Koere adoe emapea ar nam baraepe adope nata thop thobpe ado jhicapea,Ask and it will be given to you seek and you will find knock and the door will be opened to you.,,Ask-LOC thus-3SG give-2PL-FIN and seek-EMPH-2PL thus-2PL find door knock-2PL thus open-FIN-2PL-FIN
output_layoutA (1).csv,29,Onate inaknoako katha anjomkate senak'kan hor do mittten budan hor tuluce jurika,Therefore everyone who hears these words of mine and puts them into practice is like a wise man who built.,,Therefore 1SG:GEN these-OBJ word hear-SEQ do-M-PTCP person TOP one-CLSSFR wise person like-EMPH build-FIN
output_layoutA (1).csv,30,Ado jhar jhare dak'keda ar banbasi ardoyena are hoekeda ar ona orakte bajaoena menkhan ban ruplena,The rain fell the floods came and the winds blew and beat on that house yet it did not fall.,,Then rain rain-EMPH fall-PST-FIN and flood come-CAUS-FIN and-3SG blow-PST-FIN and that house-INS beat-INCH-FIN but NEG fall-INCH-FIN
output_layoutA (1).csv,31,Ado buru khone ardoyen khan adi gadel horko panjakeeda,When he came down from the mountain large crowds followed him.,,Then mountain from-3SG descend-CAUS-FIN when many crowd person-PL follow-PST-FIN
output_layoutA (1).csv,32,Nelpe mitten murhuc jom hor heckateye sewawadea are metadea E Probhu sanalem khanem sapha dareana,A man with leprosy came and worshipped him saying Lord if you are willing you can make me clean.,,See one-CLSSFR leprosy eat person come-SEQ-3SG worship-TOP-FIN and-3SG say-TOP-FIN VOC Lord willing-2SG if-2SG clean make-M-FIN
output_layoutA (1).csv,33,Ado ti tiarkateye jotetkedea are metadea Sanankangea ma saphakok'me,Jesus reached out his hand and touched him saying I am willing be clean.,,Then hand stretch-EMPH-3SG:SUBJ touch-PST-TOP-FIN and-3SG say-TOP-FIN willing-PTCP-EMPH-FIN IMP clean-M:2SG-IMP
output_layoutA (1).csv,34,Ar Jisu onde khone sen paromok'kanre Mathaeko metae tit hor masul uk'thau orak' then durup'akane helkadea,As Jesus went on from there he saw a man named Matthew sitting at the tax collector's booth.,,And Jesus there from-3SG go cross-M-PTCP-LOC Matthew-OBJ 3SG:SUBJ.say one-EMPH person tax collector office at sit-FIN-PTCP-3SG see-PST-FIN
output_layoutA (1).csv,35,Dela pañjañme Khange beretkateye panjakeeda,Follow me and immediately he got up and followed him.,,Today follow-1SG:IMP.2SG immediately stand-SEQ-3SG:SUBJ follow-PST-FIN
output_layoutA (1).csv,36,Ado acren gel bar celako hoho sorkate besapha jiuko cetanre ektiariye ematkoa,He called his twelve disciples and gave them authority over unclean spirits.,,Then 3SG-GEN twelve disciple-PL call out-SEQ unclean spirit-M-PL over authority-3SG give-PL-FIN
output_layoutA (1).csv,37,Ar sen lahakate ar bar boeha Sabdaeren hopon Jakob ar uniren boeha Johane ñelket'kina,Going on from there he saw two other brothers James son of Zebedee and his brother John.,,And go further-FIN-SEQ and two brother Zebedee-GEN son James and 3SG-GEN brother John-EMPH see-3DU
output_layoutA (1).csv,38,Ado Johan Kaijorakete Masiak' kamiko rean anjomket khan acren celako kolketkoteye kulikedea,When John in prison heard about the works of Christ he sent word by his disciples and asked.,,Then John prison-FIN-PST-3SG Messiah-GEN work-PL about-LOC hear-PST when 3SG-GEN disciple-PL send-PL-INS-3SG:SUBJ ask-PST-FIN
output_layoutA (1).csv,39,Uni hijukanik aom am kan gea se etagic'le nel horea,Are you the one who is to come or should we expect someone else?,,3SG come-PTCP-M.SG 3SG 2SG COP-M.EMPH or other-1PL:EMPH look person-FIN
output_layoutA (1).csv,40,Onako dinre Jisu do jirauk' maha hilok're phosol talaoteye calak'kan tahekana,At that time Jesus went through the grain fields on the sabbath.,,Those day-LOC Jesus TOP sabbath day time-LOC grain field-FIN-through-3SG:SUBJ walk-M-PTCP stay-PTCP-FIN
output_layoutA (1).csv,41,Ente Manwa Hopon do jirauk' maharen malik kanae,For the Son of Man is lord of the sabbath.,,For Human Son TOP sabbath day-GEN lord COP-3SG:PRED
output_layoutA (1).csv,42,Enhilok' Jisu do orak' khon odok senkate doreão arer eye durup'ena,That same day Jesus went out of the house and sat by the sea.,,That.day Jesus TOP house from out go-SEQ sea-LOC shore-LOC-3SG-3SG:SUBJ sit-INCH-FIN
output_layoutA (1).csv,43,Nelpe erok'ic' do erokke odok calaoena,A sower went out to sow.,,See sower-M TOP sow-PST out go.out-INCH-FIN
output_layoutA (1).csv,44,Lutur menaktaeic doe anjomma,Whoever has ears let them hear.,,Ear have-M.SG TOP-3SG:SUBJ hear-IMP
output_layoutA (1).csv,45,Am do Masi jiwet Isorren Hopon kanam,You are the Messiah the Son of the living God.,,2SG TOP Messiah living God-GEN Son COP-2SG
output_layoutA (1).csv,46,Ar in ho am in metamkana am do Patras kanam ar noa catanire inakkalisiañ benaoa,And I tell you that you are Peter and on this rock I will build my church.,,And 1SG also 2SG 1SG tell-2SG-PTCP-FIN 2SG TOP Peter COP-2SG and this rock-LOC 1SG-GEN church-1SG:SUBJ build-CAUS-FIN
output_layoutA (1).csv,47,Ado turui din tayom Jisu do Patras ar Jakob ar uniren boeha Johan sonde torakate mittec' usul burute eskarreye ayur rakap'ketkoa,After six days Jesus took Peter James and John his brother and led them up a high mountain by themselves.,,Then six day after-OBJ Jesus TOP Peter and James and 3SG-GEN brother John together take-FIN-SEQ one-CLSSFR high mountain-INS apart-LOC-3SG:SUBJ above lead-M-PST-PL-FIN
output_layoutA (1).csv,48,Ar onko samanreye etak' boronena uniak' metaha do sin cando leka jhak jhakenae,And he was transfigured before them his face shone like the sun.,,And them before-3SG:SUBJ appearance change-INCH-FIN 3SG-GEN face TOP sun light like bright shine-INCH-3SG
output_layoutA (1).csv,49,Ona ghurirege celako Jisu then hec'kateko menkeda Okoe endekhan serma rajge doe marana,At that time the disciples came to Jesus and asked who is the greatest in the kingdom of heaven?,,That time-LOC-EMPH disciple-PL Jesus to come-SEQ-PL say-PST-FIN who then heaven kingdom-EMPH TOP-3SG:SUBJ great-FIN
output_layoutA (1).csv,50,Sarigeñ metapekana begor acurokote ar katic gidrako leka begor hoyokte serma rajge do ohogepe hbololena,Truly I say to you unless you change and become like children you will never enter the kingdom of heaven.,,Truly say-2PL-PTCP-FIN unless change-M-INS and child-PL like become-M-INS heaven kingdom-EMPH TOP enter-EMPH-2PL able-INCH-FIN
output_layoutA (1).csv,51,Cet bhageak'in kamia jemon jaejug jion hoyok in,What good thing must I do to get eternal life?,,What good-GEN-1SG:SUBJ do-FIN so.that eternal life happen-M 1SG
output_layoutA (1).csv,52,Ente okare dhon menak'tama ondede amak' mon ho tahena,For where your treasure is there your heart will be also.,,For where treasure have-CAUS-2SG there-TOP 2SG:POSS heart also be-FIN
output_layoutA (1).csv,53,Ente serma raj do mittten orak' kisar lekana okoe paha pohore acak' darkha bagwanre kamiako acuko lagite odoken,For the kingdom of heaven is like a landowner who went out early in the morning to hire workers for his vineyard.,,For heaven kingdom TOP one-CLSSFR house owner like-FIN who early morning 3SG-GEN vineyard-LOC work-PTCP hire-PL for-3SG:SUBJ go-INCH
output_layoutA (1).csv,54,Ar Jisu do Isorak' mundilteye boloyena ar mundilre kirin ak'kriñkojotoe laga odokket'koa,Jesus entered the temple courts and drove out all who were buying and selling there.,,And Jesus TOP God-GEN temple-INS-3SG:SUBJ enter-FIN and temple-LOC buy.sell person-PL-all-3SG:SUBJ out drive-PST-PL-FIN
output_layoutA (1).csv,55,Olakana Inakk orak' do koejonorakt bikauktaea menkhan ape do onapere daku dandereta,It is written my house shall be called a house of prayer but you are making it a den of robbers.,,Written-PTCP-FIN 1SG-GEN house TOP prayer-house-OBJ.LOC call-M-3SG.CAUS-FIN but 2PL TOP that-2PL-LOC robber den make-CAUS
output_layoutA (1).csv,56,Probhu amren Isor do amak' gota ontorte amak' gota jiwite ar amak' gota monte dularem,Love the Lord your God with all your heart and with all your soul and with all your mind.,,Lord 1PL:GEN God TOP 2SG:POSS whole heart-INS 2SG:POSS whole soul-INS and 2SG:POSS whole mind-INS love-2SG:IMP
output_layoutA (1).csv,57,Ar dosarak' do ona lekangea Am adepaseren hor apnar leka dularem,And the second is like it love your neighbour as yourself.,,And second TOP that like-EMPH 2SG neighbor-POSS-LIKE-CLSSFR person 2PL:POSS like love-2SG:IMP
output_layoutA (1).csv,58,Hae ape sostor badaeko ar Pharisiko phasiarako do ente ape do norok samanre serma rajpe in esetet'kana,Woe to you teachers of the law and Pharisees you hypocrites you shut the door of the kingdom of heaven in people's faces.,,Woe 2PL scholar PL and Pharisee hypocrite-PL TOP for 2PL TOP people before-3SG heaven kingdom-2PL 1SG shut-CAUS-PTCP-FIN
output_layoutA (1).csv,59,E Jerusalem E Jerusalem nabiko gogoc'ic ar am then kolko dhirite nic,Jerusalem Jerusalem you who kill the prophets and stone those sent to you.,,VOC Jerusalem VOC Jerusalem prophet-PL stone-M.EMPH and 2SG to sent-PL stone-INS kill.EMPH
output_layoutA (1).csv,60,Nelpe apeakt orak' do ape lagit' ujarge bagi otok'kana,Look your house is left to you desolate.,,See 2PL-GEN-OBJ house TOP 2PL for desolate leave remain-PTCP-FIN
output_layoutA (1).csv,1,alɛ.jaʔ ɔɽaʔ d̪ɔ mɔ̃ɟge̯͡a,Our home is beautiful.,,1PL.INCL-GEN home TOP beautiful-FIN
output_layoutA (1).csv,2,apɛ.jaʔ ɔɽaʔ d̪ɔ mɔ̃ɟge̯͡a,Your home is beautiful.,,2PL-GEN home TOP beautiful-FIN
output_layoutA (1).csv,3,apɛ.jaʔ ɔɽaʔ d̪ɔ mɔ̃ɟge̯͡a,Your home is beautiful.,,2PL-GEN home TOP beautiful-FIN
output_layoutA (1).csv,4,apɛ.jaʔ ɔɽaʔ d̪ɔ mɔ̃ɟge̯͡a,Your home is beautiful.,,2PL-GEN home TOP beautiful-FIN
output_layoutA (1).csv,5,ɔɽaʔ d̪ɔ mɔ̃ɟge̯͡a,This home is beautiful.,,home TOP beautiful-FIN
output_layoutA (1).csv,6,t̪eheɲ bʰage ɾe.jaɽ paɽa͡o̯akana,It is very cold today.,,today much cold fall-FIN-PROG
output_layoutA (1).csv,7,hɔla bʰage ɾe.jaɽ paɽa͡o̯alena,It was very cold yesterday.,,yesterday much cold fall-FIN-PST
output_layoutA (1).csv,8,d̪ad̪aʔkana͡i̯,It's raining.,,rain-PROG-FIN
output_layoutA (1).csv,9,d̪aʔɛt̪̚ʔkant̪ahɛna͡i̯,It was raining.,,rain-PROG-COP-PST.COP-FIN
output_layoutA (1).csv,10,t̪ehɛɲ ɲind̪ɘ͡i̯ d̪aʔ d̪aɽe.jaʔa,It may rain tonight.,,today night rain fall-MOD-FIN
output_layoutA (1).csv,11,sɛɾma ɲɛlt̪ɛ mɔnɛ ho.joʔkana t̪eheɲ ɲind̪ɘ͡i̯ d̪a:ga,The sky looks like it will rain tonight.,,sky see-COND mind think-QUOT-PROG today night rain-FUT
output_layoutA (1).csv,12,t̪eheɲ d̪ɔ ɘɖi lɔlɔ,Today it is very hot.,,today TOP very hot
output_layoutA (1).csv,13,hɔla ɘɖi lɔlɔge t̪ahɛkana,Yesterday it was very hot.,,yesterday very hot-EMPH be-PST
output_layoutA (1).csv,14,apɛ sanamko ɟohaɾ,Greetings to all of you.,,2PL all-3PL.OBJ greeting
output_layoutA (1).csv,15,uni hant̪ɛ͡i̯ cala͡o̯akana,He/She went there.,,3SG.ANIM there go-FIN-PROG
output_layoutA (1).csv,16,sanamko mit̪̚ʔʈɛn nao̯͡a pɘɾsi cecet̪̚ʔ d̪ɔ bʰagege.ja,It is good for everyone to learn a new language.,,all-3PL one-CLSSFR new language learn-INF TOP good-EMPH-FIN
output_layoutA (1).csv,17,ɲuhumsɛc̚ʔ di͡u̯hɘ ɟɛɾɛt̪̚ʔ d̪ɔ amaʔ kɘmi kanan,"In the evening, it is your job to light the lamp.",,evening-time lamp light-INF TOP 2SG-GEN work COP-FIN
output_layoutA (1).csv,18,iɲ d̪ɔ gapa ɔɽaʔɾɛ bɘɲ t̪ahɛna,I won't be at home tomorrow.,,1SG TOP tomorrow home-LOC NEG be-FUT
output_layoutA (1).csv,19,hɔla iɲ d̪ɔ ɔɽaʔɾɛ bɘɲ t̪ahɛkana,I wasn't home yesterday.,,yesterday 1SG TOP home-LOC NEG be-PST
output_layoutA (1).csv,20,nɔnɖɛ seɾeɲ ɾe.jaʔ akʰɽa d̪uɽubɔʔa,Music session is held here.,,here song GEN gathering sit.down-HAB-FIN
output_layoutA (1).csv,21,nɔnɖɛ seɾeɲ ɾe.jaʔ akʰɽa d̪uɽubɔʔkan t̪ahɛna,Music sessions used to be held here.,,here song GEN gathering sit.down-HAB-COP PST-FIN
output_layoutA (1).csv,22,nɔnɖɛ seɾeɲ ɾe.jaʔ akʰɽa d̪uɽubɔʔa,Music session will be held here.,,here song GEN gathering sit.down-HAB-FIN
output_layoutA (1).csv,23,miʔʈɛʔ ɛ̃ʈkɛʈɔɽɛ ɲit̪ɔʔ hɔ̃ menaʔge.ja,One problem still remains.,,one problem-LOC still also exist-FIN-EMPH-FIN
output_layoutA (1).csv,24,apɛ t̪in gʰɘɾiʔ t̪ahɛnɔʔpɛ mɛnd̪a ungʰɘɽiʔpɛ t̪ahɛ̃ d̪aɽe.jaʔa,You can stay as long as you want.,,2PL how.long stay-QUOT-2PL but that-long-2PL stay MOD-QUOT-FIN
output_layoutA (1).csv,25,iɲiɲ d̪aka ut̪u͡i̯ed̪a,I am cooking.,,1SG-SUBJ rice cook-PROG-FIN
output_layoutA (1).csv,26,iɲiɲ d̪akaut̪uled̪a,I was cooking.,,1SG-SUBJ rice cook-PST.PROG-FIN
output_layoutA (1).csv,27,iɲ d̪inɘmiɲ bint̪i̯͡a,I pray regularly.,,1SG daily pray-HAB-FIN
output_layoutA (1).csv,28,iɲ pʰuʈbɔliɲ gat̪e.a,I play football.,,1SG football-1SG play-HAB-FIN
output_layoutA (1).csv,29,iɲ pʰuʈbɔliɲ gat̪eʔkan t̪ahɛna,I used to play football.,,1SG football-1SG play-HAB-COP PST-FIN
output_layoutA (1).csv,30,iɲ ɟʰal ɟɔmiɲ kusi.jaʔa,I like to eat spicy food.,,1SG spicy eat-1SG like-HAB-FIN
output_layoutA (1).csv,31,iɲɾɛn set̪a͡i̯ mɔ̃ɟge̯͡a,My dog is amazing (loyal).,,1SG-GEN dog-ANIM beautiful-FIN
output_layoutA (1).csv,32,ɘɖi kaɟak̚ d̪aʔ hɘɟuʔkan t̪ahɛna,It was raining a lot.,,very much rain fall.heavily-FIN-COP PST-FIN
output_layoutA (1).csv,33,alɛ.jaʔ pɘɾsi ni̯͡ɘt̪ɛ iɲaʔ t̪ʰɔɽa ɟɘɾuɽ kat̪ʰa mɛna.a,I have something important to say about our language.,,1PL.INCL-GEN language about 1SG-GEN little urgent word exist-FIN
output_layoutA (1).csv,34,apɛ.jaʔ pɘɾsi ni̯͡ɘt̪ɛ iɲaʔ t̪ʰɔɽa ɟɘɾuɽ kat̪ʰa mena.a,I have something important to say about your language.,,2PL-GEN language about 1SG-GEN little urgent word exist-FIN
output_layoutA (1).csv,35,sanamaʔge t̪ihiɲ cet̪anɾɛ niɾbʰɔɾɔʔkana,Everything is depending on today.,,all-EMPH-EMPH today matter-LOC depend-FIN-PROG
output_layoutA (1).csv,36,iɲiɲ ɾɔɽa,I say.,,1SG-SUBJ say-HAB.FIN
output_layoutA (1).csv,37,ɘliɲliɲ ɾɔɽa,We two say.,,1DU.EXCL-SUBJ say-HAB.FIN
output_layoutA (1).csv,38,alɛlɛ ɾɔɽa,We say.,,1PL.INCL-SUBJ say-HAB.FIN
output_layoutA (1).csv,39,amɛm ɾɔɽa,You say.,,2SG-SUBJ say-HAB.FIN
output_layoutA (1).csv,40,abɛnbɛn ɾɔɽa,You two say.,,2DU-SUBJ say-HAB.FIN
output_layoutA (1).csv,41,apɛpɛ ɾɔɽa,You say.,,2PL-SUBJ say-HAB.FIN
output_layoutA (1).csv,42,uni.jɛ ɾɔɽa,He/She says.,,3SG.ANIM-SUBJ say-HAB.FIN
output_layoutA (1).csv,43,ɔna͡i̯ ɾɔɽa,That says.,,3SG.INANIM-SUBJ say-HAB.FIN
output_layoutA (1).csv,44,uŋkinkin ɾɔɽa,The two say.,,3DU.ANIM-SUBJ say-HAB.FIN
output_layoutA (1).csv,45,ɔnakoko ɾɔɽa,Those say.,,3PL.INANIM-SUBJ say-HAB.FIN
output_layoutA (1).csv,46,oŋkoko ɾɔɽa,They say.,,3PL.ANIM-SUBJ say-HAB.FIN
output_layoutA (1).csv,47,ɔnakoko ɾɔɽa,Those say.,,3PL.INANIM-SUBJ say-HAB.FIN
output_layoutA (1).csv,48,iɲ bɘɲ ɾɔɽa,I do not say so.,,1SG NEG say-HAB.FIN
output_layoutA (1).csv,49,ɘliɲ bɘliɲ ɾɔɽa,We two do not say so.,,1DU.EXCL NEG-SUBJ say-HAB.FIN
output_layoutA (1).csv,50,alɛ balɛ ɾɔɽa,We do not say so.,,1PL.INCL NEG-SUBJ say-HAB.FIN
output_layoutA (1).csv,51,am bam ɾɔɽa,You do not say so.,,2SG NEG-SUBJ say-HAB.FIN
output_layoutA (1).csv,52,abɛn babɛn ɾɔɽa,You two do not say so.,,2DU NEG-SUBJ say-HAB.FIN
output_layoutA (1).csv,53,apɛ bapɛ ɾɔɽa,You do not say so.,,2PL NEG-SUBJ say-HAB.FIN
output_layoutA (1).csv,54,uni ba͡i̯ ɾɔɽa,He/She does not say so.,,3SG.ANIM NEG-3SG.ANIM:SUBJ say-HAB.FIN
output_layoutA (1).csv,55,ɔna ba͡i̯ ɾɔɽa,That does not say so.,,3SG.INANIM NEG-SUBJ say-HAB.FIN
output_layoutA (1).csv,56,unkin bɘkin ɾɔɽa,The two do not say so.,,3DU.ANIM NEG-3DU:SUBJ say-HAB.FIN
output_layoutA (1).csv,57,ɔnakin ba͡i̯ ɾɔɽa,Those two do not say so.,,3DU.INANIM NEG-SUBJ say-HAB.FIN
output_layoutA (1).csv,58,onko bako ɾɔɽa,They do not say so.,,3PL.ANIM NEG-3PL:SUBJ say-HAB.FIN
output_layoutA (1).csv,59,ɔnako bako ɾɔɽa,Those do not say so.,,3PL.INANIM NEG-3PL:SUBJ say-HAB.FIN
output_layoutA (1).csv,60,iɲiɲ ɾɔɽa?,Do I say?,,1SG-SUBJ say-Q.FIN
output_layoutA (1).csv,61,ɘliɲliɲ ɾɔɽa?,Do we two say?,,1DU.EXCL-SUBJ say-Q.FIN
output_layoutA (1).csv,62,alɛlɛ ɾɔɽa?,Do we say?,,1PL.INCL-SUBJ say-Q.FIN
output_layoutA (1).csv,63,amɛm ɾɔɽa?,Do you say?,,2SG-SUBJ say-Q.FIN
output_layoutA (1).csv,64,abɛnbɛn ɾɔɽa?,Do you two say?,,2DU-SUBJ say-Q.FIN
output_layoutA (1).csv,65,apɛpɛ ɾɔɽa?,Do you say?,,2PL-SUBJ say-Q.FIN
output_layoutA (1).csv,66,uni.jɛ ɾɔɽa?,Does he/she say?,,3SG.ANIM-SUBJ say-Q.FIN
output_layoutA (1).csv,67,ɔna͡i̯ ɾɔɽa?,Does that say?,,3SG.INANIM-SUBJ say-Q.FIN
output_layoutA (1).csv,68,unkinkin ɾɔɽa?,Do they two say?,,3DU.ANIM-SUBJ say-Q.FIN
output_layoutA (1).csv,69,ɔnakinɛ ɾɔɽa?,Do those two say?,,3DU.INANIM-SUBJ say-Q.FIN
output_layoutA (1).csv,70,onkoko ɾɔɽa?,Do they say?,,3PL.ANIM-SUBJ say-Q.FIN
output_layoutA (1).csv,71,ɔnakoko ɾɔɽa?,Do those say?,,3PL.INANIM-SUBJ say-Q.FIN
output_layoutA (1).csv,72,iɲiɲ ɾɔɾɔɽ kana,I am saying.,,1SG-SUBJ RED-say COP-PROG.FIN
output_layoutA (1).csv,73,ɘliɲliɲ ɾɔɾɔɽ kana,We two are saying.,,1DU.EXCL-SUBJ RED-say COP-PROG.FIN
output_layoutA (1).csv,74,alɛlɛ ɾɔɾɔɽ kana,We are saying.,,1PL.INCL-SUBJ RED-say COP-PROG.FIN
output_layoutA (1).csv,75,amɛm ɾɔɾɔɽ kana,You are saying.,,2SG-SUBJ RED-say COP-PROG.FIN
output_layoutA (1).csv,76,abɛnbɛn ɾɔɾɔɽ kana,You two are saying.,,2DU-SUBJ RED-say COP-PROG.FIN
output_layoutA (1).csv,77,apɛpɛ ɾɔɾɔɽ kana,You are saying.,,2PL-SUBJ RED-say COP-PROG.FIN
output_layoutA (1).csv,78,uni̯͡ɛ ɾɔɾɔɽ kana,He/She is saying.,,3SG.ANIM-SUBJ RED-say COP-PROG.FIN
output_layoutA (1).csv,79,ɔna͡i̯ ɾɔɾɔɽ kana,That is saying.,,3SG.INANIM-SUBJ RED-say COP-PROG.FIN
output_layoutA (1).csv,80,unkinkin ɾɔɾɔɽ kana,They the two are saying.,,3DU.ANIM-SUBJ RED-say COP-PROG.FIN
output_layoutA (1).csv,81,ɔnakinɛ ɾɔɾɔɽ kana,Those two are saying.,,3DU.INANIM-SUBJ RED-say COP-PROG.FIN
output_layoutA (1).csv,82,onkoko ɾɔɾɔɽ kana,They are saying.,,3PL.ANIM-SUBJ RED-say COP-PROG.FIN
output_layoutA (1).csv,83,ɔnakoko ɾɔɾɔɽ kana,Those are saying.,,3PL.INANIM-SUBJ RED-say COP-PROG.FIN
output_layoutA (1).csv,84,iɲiɲ ɾɔɽakad̪a,I have said.,,1SG-SUBJ say-PERF-TR-FIN
output_layoutA (1).csv,85,ɘliɲliɲ ɾɔɽakad̪a,We two have said.,,1DU.EXCL-SUBJ say-PERF-TR-FIN
output_layoutA (1).csv,86,alɛlɛ ɾɔɽakad̪a,We have said.,,1PL.INCL-SUBJ say-PERF-TR-FIN
output_layoutA (1).csv,87,amɛm ɾɔɽakad̪a,You have said.,,2SG-SUBJ say-PERF-TR-FIN
output_layoutA (1).csv,88,abɛnbɛn ɾɔɽakad̪a,You two have said.,,2DU-SUBJ say-PERF-TR-FIN
output_layoutA (1).csv,89,apɛpɛ ɾɔɽakad̪a,You have said.,,2PL-SUBJ say-PERF-TR-FIN
output_layoutA (1).csv,90,uni͡i̯ ɾɔɽakad̪a,He/She has said.,,3SG.ANIM-SUBJ say-PERF-TR-FIN
output_layoutA (1).csv,91,ɔna͡i̯ ɾɔɽakad̪a,That has said.,,3SG.INANIM-SUBJ say-PERF-TR-FIN
output_layoutA (1).csv,92,uŋkinkin ɾɔɽakad̪a,The two have said.,,3DU.ANIM-SUBJ say-PERF-TR-FIN
output_layoutA (1).csv,93,ɔnakinɛ ɾɔɽakad̪a,Those two have said.,,3DU.INANIM-SUBJ say-PERF-TR-FIN
output_layoutA (1).csv,94,onkoko ɾɔɽakad̪a,They have said.,,3PL.ANIM-SUBJ say-PERF-TR-FIN
output_layoutA (1).csv,95,ɔnakoko ɾɔɽakad̪a,Those have said.,,3PL.INANIM-SUBJ say-PERF-TR-FIN
output_layoutA (1).csv,96,iɲ bɘɲ ɾɔɽakad̪a,I have not said.,,1SG NEG say-PERF-TR-FIN
output_layoutA (1).csv,97,ɘliɲ bɘliɲ ɾɔɽakad̪a,We two have not said.,,1DU.EXCL NEG-1DU:SUBJ say-PERF-TR-FIN
output_layoutA (1).csv,98,alɛ balɛ ɾɔɽakad̪a,We have not said.,,1PL.INCL NEG-1PL:SUBJ say-PERF-TR-FIN
output_layoutA (1).csv,99,am bam ɾɔɽakad̪a,You have not said.,,2SG NEG-2SG:SUBJ say-PERF-TR-FIN
output_layoutA (1).csv,100,abɛn babɛn ɾɔɽakad̪a,You two have not said.,,2DU NEG-2DU:SUBJ say-PERF-TR-FIN
output_layoutA (1).csv,101,apɛ bapɛ ɾɔɽakad̪a,You have not said.,,2PL NEG-2PL:SUBJ say-PERF-TR-FIN
output_layoutA (1).csv,102,uni ba͡i̯ ɾɔɽakad̪a,He/She has not said.,,3SG.ANIM NEG-3SG.ANIM:SUBJ say-PERF-TR-FIN
output_layoutA (1).csv,103,ɔna ba͡i̯ ɾɔɽakad̪a,That has not said.,,3SG.INANIM NEG-SUBJ say-PERF-TR-FIN
output_layoutA (1).csv,104,unkin bɘkin ɾɔɽakad̪a,The two have not said.,,3DU.ANIM NEG-3DU:SUBJ say-PERF-TR-FIN
output_layoutA (1).csv,105,ɔnakin bakin ɾɔɽakad̪a,Those two have not said.,,3DU.INANIM NEG-3DU:SUBJ say-PERF-TR-FIN
output_layoutA (1).csv,106,oŋko bako ɾɔɽakad̪a,They have not said.,,3PL.ANIM NEG-3PL:SUBJ say-PERF-TR-FIN
output_layoutA (1).csv,107,ɔnako bako ɾɔɽakad̪a,Those have not said.,,3PL.INANIM NEG-3PL:SUBJ say-PERF-TR-FIN
output_layoutA (1).csv,108,iɲiɲ ɾɔɽakad̪a?,Have I said?,,1SG-SUBJ say-PERF-TR-Q.FIN
output_layoutA (1).csv,109,ɘliɲliɲ ɾɔɽakad̪a?,Have we two said?,,1DU.EXCL-SUBJ say-PERF-TR-Q.FIN
output_layoutA (1).csv,110,alɛlɛ ɾɔɽakad̪a?,Have we said?,,1PL.INCL-SUBJ say-PERF-TR-Q.FIN
output_layoutA (1).csv,111,amɛm ɾɔɽakad̪a?,Have you said?,,2SG-SUBJ say-PERF-TR-Q.FIN
output_layoutA (1).csv,112,abɛnbɛn ɾɔɽakad̪a?,Have you two said?,,2DU-SUBJ say-PERF-TR-Q.FIN
output_layoutA (1).csv,113,apɛpɛ ɾɔɽakad̪a?,Have you said?,,2PL-SUBJ say-PERF-TR-Q.FIN
output_layoutA (1).csv,114,uni̯͡ɛ ɾɔɽakad̪a?,Has he/she said?,,3SG.ANIM-SUBJ say-PERF-TR-Q.FIN
output_layoutA (1).csv,115,ɔna͡i̯ ɾɔɽakad̪a?,Has that said?,,3SG.INANIM-SUBJ say-PERF-TR-Q.FIN
output_layoutA (1).csv,116,unkinkin ɾɔɽakad̪a?,Have the two said?,,3DU.ANIM-SUBJ say-PERF-TR-Q.FIN
output_layoutA (1).csv,117,ɔnakinɛ ɾɔɽakad̪a?,Have those two said?,,3DU.INANIM-SUBJ say-PERF-TR-Q.FIN
output_layoutA (1).csv,118,oŋkoko ɾɔɽakad̪a?,Have they said?,,3PL.ANIM-SUBJ say-PERF-TR-Q.FIN
output_layoutA (1).csv,119,ɔnakoko ɾɔɽakad̪a?,Have those said?,,3PL.INANIM-SUBJ say-PERF-TR-Q.FIN
output_layoutA (1).csv,120,iɲiɲ ɾɔɽked̪a,I said.,,1SG-SUBJ say-PST-FIN
output_layoutA (1).csv,121,ɘliɲliɲ ɾɔɽked̪a,We two said.,,1DU.EXCL-SUBJ say-PST-FIN
output_layoutA (1).csv,122,alɛlɛ ɾɔɽked̪a,We said.,,1PL.INCL-SUBJ say-PST-FIN
output_layoutA (1).csv,123,amɛm ɾɔɽked̪a,You said.,,2SG-SUBJ say-PST-FIN
output_layoutA (1).csv,124,abɛnbɛn ɾɔɽked̪a,You two said.,,2DU-SUBJ say-PST-FIN
output_layoutA (1).csv,125,apɛpɛ ɾɔɽked̪a,You said.,,2PL-SUBJ say-PST-FIN
output_layoutA (1).csv,126,uni͡i̯ ɾɔɽked̪a,He/She said.,,3SG.ANIM-SUBJ say-PST-FIN
output_layoutA (1).csv,127,ɔna͡i̯ ɾɔɽked̪a,That said.,,3SG.INANIM-SUBJ say-PST-FIN
output_layoutA (1).csv,128,uŋkinkin ɾɔɽked̪a,The two said.,,3DU.ANIM-SUBJ say-PST-FIN
output_layoutA (1).csv,129,ɔnakinɛ ɾɔɽked̪a,Those two said.,,3DU.INANIM-SUBJ say-PST-FIN
output_layoutA (1).csv,130,oŋkoko ɾɔɽked̪a,They said.,,3PL.ANIM-SUBJ say-PST-FIN
output_layoutA (1).csv,131,ɔnakoko ɾɔɽked̪a,Those said.,,3PL.INANIM-SUBJ say-PST-FIN
output_layoutA (1).csv,132,iɲiɲ ɾɔɽɛt̪̚ʔkant̪ahɛ̃na,I was saying.,,1SG-SUBJ say-PROG-COP-PST.COP-FIN
output_layoutA (1).csv,133,ɘliɲliɲ ɾɔɽɛt̪̚ʔkant̪ahɛ̃na,We two were saying.,,1DU.EXCL-SUBJ say-PROG-COP-PST.COP-FIN
output_layoutA (1).csv,134,alɛlɛ ɾɔɽɛt̪̚ʔkant̪ahɛ̃na,We were saying.,,1PL.INCL-SUBJ say-PROG-COP-PST.COP-FIN
output_layoutA (1).csv,135,amɛm ɾɔɽɛt̪̚ʔkant̪ahɛ̃na,You were saying.,,2SG-SUBJ say-PROG-COP-PST.COP-FIN
output_layoutA (1).csv,136,abɛnbɛn ɾɔɽɛt̪̚ʔkant̪ahɛ̃na,You two were saying.,,2DU-SUBJ say-PROG-COP-PST.COP-FIN
output_layoutA (1).csv,137,apɛpɛ ɾɔɽɛt̪̚ʔkant̪ahɛ̃na,You were saying.,,2PL-SUBJ say-PROG-COP-PST.COP-FIN
output_layoutA (1).csv,138,uni.jɛ ɾɔɽɛt̪̚ʔkant̪ahɛ̃na,He/She was saying.,,3SG.ANIM-SUBJ say-PROG-COP-PST.COP-FIN
output_layoutA (1).csv,139,ɔna͡i̯ ɾɔɽɛt̪̚ʔkant̪ahɛ̃na,That was saying.,,3SG.INANIM-SUBJ say-PROG-COP-PST.COP-FIN
output_layoutA (1).csv,140,uŋkinkin ɾɔɽɛt̪̚ʔkant̪ahɛ̃na,The two were saying.,,3DU.ANIM-SUBJ say-PROG-COP-PST.COP-FIN
output_layoutA (1).csv,141,ɔnakin ɾɔɽɛt̪̚ʔkant̪ahɛ̃na,Those two were saying.,,3DU.INANIM say-PROG-COP-PST.COP-FIN
output_layoutA (1).csv,142,onkoko ɾɔɽɛt̪̚ʔkant̪ahɛ̃na,They were saying.,,3PL.ANIM-SUBJ say-PROG-COP-PST.COP-FIN
output_layoutA (1).csv,143,ɔnakoko ɾɔɽɛt̪̚ʔkant̪ahɛ̃na,Those were saying.,,3PL.INANIM-SUBJ say-PROG-COP-PST.COP-FIN
output_layoutA (1).csv,144,iɲiɲ ɾɔɽlɛd̪a,I said.,,1SG-SUBJ say-PST.PERF-FIN
output_layoutA (1).csv,145,ɘliɲliɲ ɾɔɾɔɽlɛd̪a,We two said.,,1DU.EXCL-SUBJ RED-say-PST.PERF-FIN
output_layoutA (1).csv,146,alɛlɛ ɾɔɽlɛd̪a,We said.,,1PL.INCL-SUBJ say-PST.PERF-FIN
output_layoutA (1).csv,147,amɛm ɾɔɽlɛd̪a,You said.,,2SG-SUBJ say-PST.PERF-FIN
output_layoutA (1).csv,148,abɛnbɛn ɾɔɽlɛd̪a,You two said.,,2DU-SUBJ say-PST.PERF-FIN
output_layoutA (1).csv,149,apɛpɛ ɾɔɽlɛd̪a,You said.,,2PL-SUBJ say-PST.PERF-FIN
output_layoutA (1).csv,150,uni.jɛ ɾɔɽlɛd̪a,He/She said.,,3SG.ANIM-SUBJ say-PST.PERF-FIN
output_layoutA (1).csv,151,ɔna͡i̯ ɾɔɽlɛd̪a,That said.,,3SG.INANIM-SUBJ say-PST.PERF-FIN
output_layoutA (1).csv,152,unkinkin ɾɔɽlɛd̪a,The two said.,,3DU.ANIM-SUBJ say-PST.PERF-FIN
output_layoutA (1).csv,153,ɔnakinɛ ɾɔɽlɛd̪a,Those two said.,,3DU.INANIM-SUBJ say-PST.PERF-FIN
output_layoutA (1).csv,154,oŋkoko ɾɔɽlɛd̪a,They said.,,3PL.ANIM-SUBJ say-PST.PERF-FIN
output_layoutA (1).csv,155,ɔnakoko ɾɔɽlɛd̪a,Those said.,,3PL.INANIM-SUBJ say-PST.PERF-FIN
output_layoutA (1).csv,156,iɲiɲ ɾɔɽa,I will say.,,1SG-SUBJ say-FUT.FIN
output_layoutA (1).csv,157,ɘliɲliɲ ɾɔɽa,We two will say.,,1DU.EXCL-SUBJ say-FUT.FIN
output_layoutA (1).csv,158,alɛlɛ ɾɔɽa,We will say.,,1PL.INCL-SUBJ say-FUT.FIN
output_layoutA (1).csv,159,amɛm ɾɔɽa,You will say.,,2SG-SUBJ say-FUT.FIN
output_layoutA (1).csv,160,abɛnbɛn ɾɔɽa,You two will say.,,2DU-SUBJ say-FUT.FIN
output_layoutA (1).csv,161,apɛpɛ ɾɔɽa,You will say.,,2PL-SUBJ say-FUT.FIN
output_layoutA (1).csv,162,uni͡i̯ ɾɔɽa,He/She will say.,,3SG.ANIM-SUBJ say-FUT.FIN
output_layoutA (1).csv,163,ɔna͡i̯ ɾɔɽa,That will say.,,3SG.INANIM-SUBJ say-FUT.FIN
output_layoutA (1).csv,164,uŋkinkin ɾɔɽa,The two will say.,,3DU.ANIM-SUBJ say-FUT.FIN
output_layoutA (1).csv,165,ɔnakinɛ ɾɔɽa,Those two will say.,,3DU.INANIM-SUBJ say-FUT.FIN
output_layoutA (1).csv,166,ɔnkoko ɾɔɽa,They will say.,,3PL.ANIM-SUBJ say-FUT.FIN
output_layoutA (1).csv,167,ɔnakoko ɾɔɽa,Those will say.,,3PL.INANIM-SUBJ say-FUT.FIN
output_layoutA (1).csv,168,iɲ bɘɲ ɾɔɽa,I will not say.,,1SG NEG say-FUT.FIN
output_layoutA (1).csv,169,ɘliɲ bɘliɲ ɾɔɽa,We two will not say.,,1DU.EXCL NEG-1DU:SUBJ say-FUT.FIN
output_layoutA (1).csv,170,alɛ balɛ ɾɔɽa,We will not say.,,1PL.INCL NEG-1PL:SUBJ say-FUT.FIN
output_layoutA (1).csv,171,am bam ɾɔɽa,You will not say.,,2SG NEG-2SG:SUBJ say-FUT.FIN
output_layoutA (1).csv,172,abɛn babɛn ɾɔɽa,You two will not say.,,2DU NEG-2DU:SUBJ say-FUT.FIN
output_layoutA (1).csv,173,apɛ bapɛ ɾɔɽa,You will not say.,,2PL NEG-2PL:SUBJ say-FUT.FIN
output_layoutA (1).csv,174,uni ba͡i̯ ɾɔɽa,He/She will not say.,,3SG.ANIM NEG-3SG.ANIM:SUBJ say-FUT.FIN
output_layoutA (1).csv,175,ɔna ba͡i̯ ɾɔɽa,That will not say.,,3SG.INANIM NEG-SUBJ say-FUT.FIN
output_layoutA (1).csv,176,uŋkin bɘkin ɾɔɽa,The two will not say.,,3DU.ANIM NEG-3DU:SUBJ say-FUT.FIN
output_layoutA (1).csv,177,ɔnakin bakin ɾɔɽa,Those two will not say.,,3DU.INANIM NEG-3DU:SUBJ say-FUT.FIN
output_layoutA (1).csv,178,oŋko bako ɾɔɽa,They will not say.,,3PL.ANIM NEG-3PL:SUBJ say-FUT.FIN
output_layoutA (1).csv,179,ɔnako bako ɾɔɽa,Those will not say.,,3PL.INANIM NEG-3PL:SUBJ say-FUT.FIN
output_layoutA (1).csv,180,iɲiɲ ɾɔɽa?,May I speak/say?,,1SG-SUBJ say-Q.FUT.FIN
output_layoutA (1).csv,181,ɘliɲliɲ ɾɔɽa?,May we two speak/say?,,1DU.EXCL-SUBJ say-Q.FUT.FIN
output_layoutA (1).csv,182,alɛlɛ ɾɔɽa?,Shall we speak/say?,,1PL.INCL-SUBJ say-Q.FUT.FIN
output_layoutA (1).csv,183,amɛm ɾɔɽa?,Will you say?,,2SG-SUBJ say-Q.FUT.FIN
output_layoutA (1).csv,184,abɛnbɛn ɾɔɽa?,Will you two say?,,2DU-SUBJ say-Q.FUT.FIN
output_layoutA (1).csv,185,apɛpɛ ɾɔɽa?,Will you say?,,2PL-SUBJ say-Q.FUT.FIN
output_layoutA (1).csv,186,uni.jɛ ɾɔɽa?,Will he say?,,3SG.ANIM-SUBJ say-Q.FUT.FIN
output_layoutA (1).csv,187,ɔna͡i̯ ɾɔɽa?,Will that say?,,3SG.INANIM-SUBJ say-Q.FUT.FIN
output_layoutA (1).csv,188,uŋkinkin ɾɔɽa?,Will they two say?,,3DU.ANIM-SUBJ say-Q.FUT.FIN
output_layoutA (1).csv,189,ɔnakinɛ ɾɔɽa?,Will those two say?,,3DU.INANIM-SUBJ say-Q.FUT.FIN
output_layoutA (1).csv,190,oŋkoko ɾɔɽa?,Will they say?,,3PL.ANIM-SUBJ say-Q.FUT.FIN
output_layoutA (1).csv,191,ɔnakoko ɾɔɽa?,Will those say?,,3PL.INANIM-SUBJ say-Q.FUT.FIN
output_layoutA (1).csv,192,iɲiɲ lɘ͡i̯kaʔa,I will have said.,,1SG-SUBJ say.keep-PERF-FIN-FIN
output_layoutA (1).csv,193,ɘliɲliɲ lɘ͡i̯kaʔa,We two will have said.,,1DU.EXCL-SUBJ say.keep-PERF-FIN-FIN
output_layoutA (1).csv,194,alɛlɛ lɘ͡i̯kaʔa,We will have said.,,1PL.INCL-SUBJ say.keep-PERF-FIN-FIN
output_layoutA (1).csv,195,amɛm lɘ͡i̯kaʔa,You will have said.,,2SG-SUBJ say.keep-PERF-FIN-FIN
output_layoutA (1).csv,196,abɛnbɛn lɘ͡i̯kaʔa,You two will have said.,,2DU-SUBJ say.keep-PERF-FIN-FIN
output_layoutA (1).csv,197,apɛpɛ lɘ͡i̯kaʔa,You will have said.,,2PL-SUBJ say.keep-PERF-FIN-FIN
output_layoutA (1).csv,198,uni͡i̯ lɘ͡i̯kaʔa,He/She will have said.,,3SG.ANIM-SUBJ say.keep-PERF-FIN-FIN
output_layoutA (1).csv,199,ɔna͡i̯ lɘ͡i̯kaʔa,That will have said.,,3SG.INANIM-SUBJ say.keep-PERF-FIN-FIN
output_layoutA (1).csv,200,uŋkinkin lɘ͡i̯kaʔa,The two will have said.,,3DU.ANIM-SUBJ say.keep-PERF-FIN-FIN
output_layoutA (1).csv,201,ɔnakin lɘ͡i̯kaʔa,Those two will have said.,,3DU.INANIM say.keep-PERF-FIN-FIN
output_layoutA (1).csv,202,oŋkoko lɘ͡i̯kaʔa,They will have said.,,3PL.ANIM-SUBJ say.keep-PERF-FIN-FIN
output_layoutA (1).csv,203,ɔnakoko lɘ͡i̯kaʔa,Those will have said.,,3PL.INANIM-SUBJ say.keep-PERF-FIN-FIN
output_layoutA (1).csv,1,d̪uɽup̚ʔ,to sit,,V.sit
output_layoutA (1).csv,2,hiɟuʔ,to come,,V.come
output_layoutA (1).csv,3,calaʔ,to go,,V.go
output_layoutA (1).csv,4,op̚ɾom,to recognize,,V.recognize
output_layoutA (1).csv,5,aɲɟɔm,to listen,,V.listen
output_layoutA (1).csv,6,ɲɛl,to see,,V.see
output_layoutA (1).csv,7,baɖa͡i̯,to know,,V.know
output_layoutA (1).csv,8,ɛmɔʔ,to give,,V.give
output_layoutA (1).csv,9,hat̪a͡o̯,to take,,V.take
output_layoutA (1).csv,10,ɘgu,to bring,,V.bring
output_layoutA (1).csv,11,ɘgu,to bring,,V.bring
output_layoutA (1).csv,12,kiɾiɲ,to buy,,V.buy
output_layoutA (1).csv,13,d̪aɽan,to walk/roam,,V.walk
output_layoutA (1).csv,14,ʈɛo̯͡aŋ hat̪a͡o̯,to find out,,V.inquire V.take
output_layoutA (1).csv,15,kusi,to like,,V.like
output_layoutA (1).csv,16,at̪̚ʔ,to lose,,V.lose
output_layoutA (1).csv,17,ɲam,to find,,V.find
output_layoutA (1).csv,18,cas bas,to cultivate,,V.cultivate V.work
output_layoutA (1).csv,19,bad̪ʰa,to tie up,,V.tie
output_layoutA (1).csv,20,sɛʈɛɾ kaʔ,to deliver,,V.arrive COMPL
output_layoutA (1).csv,21,d̪isɘ d̪ɔho͡i̯,to remember,,N.memory V.keep
output_layoutA (1).csv,22,sɛnd̪ɾa,to search,,V.search
output_layoutA (1).csv,23,kat̪ʰa ɾɔɽ,to talk,,N.speech V.say
output_layoutA (1).csv,24,majam ɟɔɾɔʔ,to bleed,,N.blood V.flow
output_layoutA (1).csv,25,bʰind̪ɘɽɔʔ,to read,,V.read
output_layoutA (1).csv,26,ɲuɾhɘʔ,to drop off,,V.drop.off
output_layoutA (1).csv,27,ɘkʰɾiɲ,to sell,,V.sell
output_layoutA (1).csv,28,ɟɔma d̪ɔho͡i̯,to deposit,,V.gather V.keep
output_layoutA (1).csv,29,ɟul,to burn,,V.burn
output_layoutA (1).csv,30,paɾɔm calaʔ,to cross,,PREP.across V.go
output_layoutA (1).csv,31,gɔɽɔ gɔpɔɽɔʔ,to help/cooperate,,V.help V.cooperate
output_layoutA (1).csv,32,d̪ɛɟɔʔ,to ride,,V.ride
output_layoutA (1).csv,33,kuk̚mu ɲɛl,to dream,,N.dream V.see
output_layoutA (1).csv,34,ɟɔm,to eat,,V.eat
output_layoutA (1).csv,35,ɾu̯͡ɘɽ,to return,,V.return
output_layoutA (1).csv,36,hiɽiɲ,to forget,,V.forget
output_layoutA (1).csv,37,ɔlɔʔ,to write,,V.write
output_layoutA (1).csv,38,kuɾumuʈu,to try,,V.try
output_layoutA (1).csv,39,sap̚ʔ,to catch,,V.catch
output_layoutA (1).csv,40,ɛhɔp̚ʔ,to start,,V.start
output_layoutA (1).csv,41,kusi,to become happy,,ADJ.happy
output_layoutA (1).csv,42,um ɖɘb̚ɾɘʔ,to take a bath,,N.water V.immerse
output_layoutA (1).csv,43,bacʰa͡o̯,to pick,,V.pick
output_layoutA (1).csv,44,buɟʰhɘ͡o̯,to understand,,V.understand
output_layoutA (1).csv,45,cet̚ʔ,to learn,,V.learn
output_layoutA (1).csv,46,lekʰa,to calculate,,V.calculate
output_layoutA (1).csv,47,ɔcɔʔ giɖi,to remove,,V.remove COMPL
output_layoutA (1).csv,48,bɔt̪ɔɾ biɽki,to be afraid,,N.fear V.feel
output_layoutA (1).csv,49,lɔhɔt̪̚ʔ,to get wet,,V.wet
output_layoutA (1).csv,50,t̪ahɛn,to stay,,V.stay
output_layoutA (1).csv,51,ɾuhet̪̚ʔ,to scold,,V.scold
output_layoutA (1).csv,52,bint̪i,to pray,,V.pray
output_layoutA (1).csv,53,bint̪i,to pray,,V.pray
output_layoutA (1).csv,54,ɲu,to drink,,V.drink
output_layoutA (1).csv,55,la,to dig,,V.dig
output_layoutA (1).csv,56,ɛsɛt̪̚ʔ kaʔ,to turn off,,V.extinguish COMPL
output_layoutA (1).csv,57,ɔɽɛʲc̚ʔ,to crack/burst,,V.crack
output_layoutA (1).csv,58,ɾɘput̪̚ʔ,to break,,V.break
output_layoutA (1).csv,59,ul,mango,,N.mango
output_layoutA (1).csv,60,kanʈʰaɽ,jackfruit,,N.jackfruit
output_layoutA (1).csv,61,ka͡i̯ɾa,banana,,N.banana
output_layoutA (1).csv,62,sɘp̚ɽi,guava,,N.guava
output_layoutA (1).csv,63,ɟɔɟɔ,tamarind,,N.tamarind
output_layoutA (1).csv,64,ɟɘnum,plum,,N.plum
output_layoutA (1).csv,65,pɘpit̪a,papaya,,N.papaya
output_layoutA (1).csv,66,kud̪,java plum,,N.java.plum
output_layoutA (1).csv,67,t̪ale,palmyra palm,,N.palmyra.palm
output_layoutA (1).csv,68,papit̪a,papaya,,N.papaya
output_layoutA (1).csv,69,ɾɘsun,garlic,,N.garlic
output_layoutA (1).csv,70,pe.jãc̚,onion,,N.onion
output_layoutA (1).csv,71,ad̪ʰhɛ,ginger,,N.ginger
output_layoutA (1).csv,72,bɛɾɛl mɘɾic̚,green chilies,,ADJ.raw N.chili
output_layoutA (1).csv,73,ɾɔhɔɽ mɘɾic̚,dry chili,,ADJ.dry N.chili
output_layoutA (1).csv,74,t̪ilmiɲ,sesame,,N.sesame
output_layoutA (1).csv,75,t̪uɽi,mustard,,N.mustard
output_layoutA (1).csv,76,ɾɔhɔɽ,dry fish/meat,,N.dried.fish
output_layoutA (1).csv,77,konɖha,sweet pumpkin,,N.pumpkin
output_layoutA (1).csv,78,hɔt̪ɔt̪̚ʔ,gourd,,N.gourd
output_layoutA (1).csv,79,sɛkɛɾ kɛnd̪a,sweet potato,,ADJ.sweet N.root
output_layoutA (1).csv,80,ed̪el saŋ,potato sprouts,,N.potato N.sprout
output_layoutA (1).csv,81,ot̪̚ʔ,mushroom,,N.mushroom
output_layoutA (1).csv,82,beŋgaɽ,eggplant,,N.eggplant
output_layoutA (1).csv,83,sɘɾu,taro root,,N.taro
output_layoutA (1).csv,84,malhan,bean,,N.bean
output_layoutA (1).csv,85,ɟɔnɖɾa,corn,,N.corn
output_layoutA (1).csv,86,aɽaʔ,leafy vegetables,,N.leafy.vegetable
output_layoutA (1).csv,87,t̪i,hand,,N.hand
output_layoutA (1).csv,88,t̪i kɘʈup̚ʔ,finger,,N.hand N.tip
output_layoutA (1).csv,89,moca,mouth,,N.mouth
output_layoutA (1).csv,90,mɛ̃t̪̚ʔ,eye,,N.eye
output_layoutA (1).csv,91,lut̪uɾ,ear,,N.ear
output_layoutA (1).csv,92,mu,nose,,N.nose
output_layoutA (1).csv,93,gunʈʰi,knee,,N.knee
output_layoutA (1).csv,94,ɟaŋga,leg,,N.leg
output_layoutA (1).csv,95,bɔhɔʔ,head,,N.head
output_layoutA (1).csv,96,hɔʈɔʔ,throat,,N.throat
output_layoutA (1).csv,97,laʲc̚ʔ,belly,,N.belly
output_layoutA (1).csv,98,kɔɽam,chest,,N.chest
output_layoutA (1).csv,99,d̪ɘbi,neck,,N.neck
output_layoutA (1).csv,100,up̚ʔ,hair,,N.hair
output_layoutA (1).csv,101,gucu,beard/mustache,,N.beard
output_layoutA (1).csv,102,mɛ̃t̚ʔ kuʈi,eyebrow,,N.eye N.hair
output_layoutA (1).csv,103,ɟoha,cheeks,,N.cheek
output_layoutA (1).csv,104,alaŋ,tongue,,N.tongue
output_layoutA (1).csv,105,ɖaʈa,teeth,,N.tooth
output_layoutA (1).csv,106,ɾama,nail,,N.nail
output_layoutA (1).csv,107,ɟaŋ,bone,,N.bone
output_layoutA (1).csv,108,haɾt̪a,skin,,N.skin
output_layoutA (1).csv,109,ma.jam,blood,,N.blood
output_layoutA (1).csv,110,kɔɽam,heart,,N.heart
output_layoutA (1).csv,111,d̪i.ja,back,,N.back
output_layoutA (1).csv,112,hɔɽmɔ,body,,N.body
output_layoutA (1).csv,113,ponɖ,white,,ADJ.white
output_layoutA (1).csv,114,hɛnd̪ɛ,black,,ADJ.black
output_layoutA (1).csv,115,aɾaʔ,red,,ADJ.red
output_layoutA (1).csv,116,hɘɾi̯͡ɘɽ,green,,ADJ.green
output_layoutA (1).csv,117,nil,blue,,ADJ.blue
output_layoutA (1).csv,118,akasi,sky blue,,ADJ.sky.blue
output_layoutA (1).csv,119,bɛŋgaɽ ɾɔŋ,purple,,N.eggplant N.colour
output_layoutA (1).csv,120,sasaŋ,yellow,,ADJ.yellow
output_layoutA (1).csv,121,kic̚ɾiʔ kʰɘnɖu̯͡ɘ,clothes/dress,,N.cloth N.garment
output_layoutA (1).csv,122,panahi,shoes,,N.shoe
output_layoutA (1).csv,123,curli,bangles,,N.bangle
output_layoutA (1).csv,124,pagɾa,earrings,,N.earring
output_layoutA (1).csv,125,hɔʈɔʔ mala,pendant,,N.throat N.garland
output_layoutA (1).csv,126,sut̪̚ʔ ɟʰɘli,hair clip/band,,N.hair N.pin
output_layoutA (1).csv,127,d̪ɘɽhi,turban,,N.turban
output_layoutA (1).csv,128,ʈup̚ɾi,hat,,N.hat
output_layoutA (1).csv,129,cɛɽɛ̃,bird,,N.bird
output_layoutA (1).csv,130,ɖaŋɾa,cow,,N.cow
output_layoutA (1).csv,131,gɛɖɛ,duck,,N.duck
output_layoutA (1).csv,132,sim,chicken,,N.chicken
output_layoutA (1).csv,133,mɛɾɔm,goat,,N.goat
output_layoutA (1).csv,134,kaɖa,buffalo,,N.buffalo
output_layoutA (1).csv,135,suk̚ɾi,pig,,N.pig
output_layoutA (1).csv,136,hɘt̪i,elephant,,N.elephant
output_layoutA (1).csv,137,t̪ɘɾup̚ʔ,tiger,,N.tiger
output_layoutA (1).csv,138,bana,bear,,N.bear
output_layoutA (1).csv,139,ɟel,deer,,N.deer
output_layoutA (1).csv,140,gɘɽĩ,monkey,,N.monkey
output_layoutA (1).csv,141,kulɘ͡i̯,rabbit,,N.rabbit
output_layoutA (1).csv,142,t̪u.ju,fox,,N.fox
output_layoutA (1).csv,143,biɲ,snake,,N.snake
output_layoutA (1).csv,144,biɲ,turtle,,N.turtle
output_layoutA (1).csv,145,ɾɔʈɛ,frog,,N.frog
output_layoutA (1).csv,146,sɛt̪a,dog,,N.dog
output_layoutA (1).csv,147,pusi,cat,,N.cat
output_layoutA (1).csv,148,sad̪ɔm,horse,,N.horse
output_layoutA (1).csv,149,haku,fish,,N.fish
output_layoutA (1).csv,150,t̪iɟu,insect,,N.insect
output_layoutA (1).csv,151,ɲɛlɛ,bee,,N.bee
output_layoutA (1).csv,152,ɾɔ̃,fly,,N.fly
output_layoutA (1).csv,153,bind̪i,spider,,N.spider
output_layoutA (1).csv,154,muʲc̚ʔ,ant,,N.ant
output_layoutA (1).csv,155,sĩkɽĩʲc̚ʔ,mosquito,,N.mosquito
output_layoutA (1).csv,156,ʈik̚ʈɔ̃ɽɔ̃ʔ,mavis,,N.bird.mavis
output_layoutA (1).csv,157,pot̪am,dove,,N.dove
output_layoutA (1).csv,158,gʰão̯͡ã,sparrow,,N.sparrow
output_layoutA (1).csv,159,hɘt̪iuɽiʔ,oriental magpie robin,,N.bird.robin
output_layoutA (1).csv,160,kɔ̃ʔ,heron,,N.heron
output_layoutA (1).csv,161,kɘhũ,crow,,N.crow
output_layoutA (1).csv,162,paɟʰaɽ,eagle,,N.eagle
output_layoutA (1).csv,163,kũɽĩt̪̚ʔ,milvus/kite,,N.kite
output_layoutA (1).csv,164,gid̪i,vulture,,N.vulture
output_layoutA (1).csv,165,at̪o,village,,N.village
output_layoutA (1).csv,166,d̪aʔ,water,,N.water
output_layoutA (1).csv,167,gaɖa,river,,N.river
output_layoutA (1).csv,168,buɾu,mountain,,N.mountain
output_layoutA (1).csv,169,cand̪o,moon,,N.moon
output_layoutA (1).csv,170,ipil,star,,N.star
output_layoutA (1).csv,171,maɾsal,light,,N.light
output_layoutA (1).csv,172,ɲut̪̚ʔ,dark/darkness,,N.darkness
output_layoutA (1).csv,173,d̪aɾe,tree,,N.tree
output_layoutA (1).csv,174,hasa,soil,,N.soil
output_layoutA (1).csv,175,d̪ʰuɽi,dust,,N.dust
output_layoutA (1).csv,176,d̪ʰiɾi,stone,,N.stone
output_layoutA (1).csv,177,nɘɽi,sand,,N.sand
output_layoutA (1).csv,178,sakam,leaf,,N.leaf
output_layoutA (1).csv,179,ɾɛhɛt̪̚ʔ,roots,,N.root
output_layoutA (1).csv,180,baha,flower,,N.flower
output_layoutA (1).csv,181,ɟɔː,fruit,,N.fruit
output_layoutA (1).csv,182,bɘ͡i̯sɘkʰ,Baisakh (1st month),,N.month.Baisakh
output_layoutA (1).csv,183,ɟʰɛ̃ʈ̚,Jeth (2nd month),,N.month.Jeth
output_layoutA (1).csv,184,asaɽ,Asarh (3rd month),,N.month.Asarh
output_layoutA (1).csv,185,san,Sawan (4th month),,N.month.Sawan
output_layoutA (1).csv,186,bʰad̪ɔɾ,Bhadon (5th month),,N.month.Bhadon
output_layoutA (1).csv,187,ɘsin,Asin (6th month),,N.month.Asin
output_layoutA (1).csv,188,kɘɾt̪ik̚,Kartik (7th month),,N.month.Kartik
output_layoutA (1).csv,189,agʰɔn,Aghan (9th month),,N.month.Aghan
output_layoutA (1).csv,190,pus,Pus (10th month),,N.month.Pus
output_layoutA (1).csv,191,magʰ,Magh (11th month),,N.month.Magh
output_layoutA (1).csv,192,pʰagun,Phagun (12th month),,N.month.Phagun
output_layoutA (1).csv,193,cɘt̪̚,Chet (8th month),,N.month.Chet
output_layoutA (1).csv,194,set̪oŋ,summer,,N.summer
output_layoutA (1).csv,195,ɟɘput̪̚ʔ,monsoon,,N.monsoon
output_layoutA (1).csv,196,niɾɘn,autumn,,N.autumn
output_layoutA (1).csv,197,agʰãɽ,late autumn,,N.late.autumn
output_layoutA (1).csv,198,ɾabaŋ,winter,,N.winter
output_layoutA (1).csv,199,ʈaɽaŋ d̪in,spring,,ADJ.flowering N.day
output_layoutA (1).csv,200,sɘnicaɾ,Saturday,,N.day.Saturday
output_layoutA (1).csv,201,aʈʰo̯͡aɾ,Sunday,,N.day.Sunday
output_layoutA (1).csv,202,sɔm,Monday,,N.day.Monday
output_layoutA (1).csv,203,mɔŋgɔl,Tuesday,,N.day.Tuesday
output_layoutA (1).csv,204,bud̪ʰ,Wednesday,,N.day.Wednesday
output_layoutA (1).csv,205,luk̚kʰi baɾ,Thursday,,ADJ.auspicious N.day
output_layoutA (1).csv,206,sokol,Friday,,N.day.Friday
output_layoutA (1).csv,207,ɔk̚t̪ɛ,time,,N.time
output_layoutA (1).csv,208,ɘ.jup̚ʔ beɾ,afternoon,,N.sun N.period
output_layoutA (1).csv,209,set̪aʔ beɾ,morning,,N.daybreak N.period
output_layoutA (1).csv,210,t̪ikin beɾ,noon,,N.midday N.period
output_layoutA (1).csv,211,ɘ.jup̚ʔ beɾ,evening,,N.sun.set N.period
output_layoutA (1).csv,212,ɲind̪ɘ,night,,N.night
output_layoutA (1).csv,213,gʰɔnʈa,hour,,N.hour
output_layoutA (1).csv,214,maha,day,,N.day
output_layoutA (1).csv,215,hap̚t̪a,week,,N.week
output_layoutA (1).csv,216,mɘh̚nɘ,month,,N.month
output_layoutA (1).csv,217,bɔcʰɔɾ,year,,N.year
output_layoutA (1).csv,218,ɟug,era,,N.era
output_layoutA (1).csv,219,gɔɽɔmba,grandfather (paternal),,ADJ.great-KIN.father
output_layoutA (1).csv,220,gɔɽɔm a.jo,grandmother (paternal),,ADJ.great KIN.woman
output_layoutA (1).csv,221,gɔgɔ,mother,,KIN.mother
output_layoutA (1).csv,222,baba,father,,KIN.father
output_layoutA (1).csv,223,maɾaŋba,uncle (father's elder brother),,ADJ.elder-KIN.father
output_layoutA (1).csv,224,hɔpɔnba,uncle (father's younger brother),,ADJ.junior-KIN.father
output_layoutA (1).csv,225,maɾaŋgɔ,aunt (wife of father's elder brother),,ADJ.elder-KIN.mother
output_layoutA (1).csv,226,hɔpɔngɔ,aunt (wife of father's younger brother),,ADJ.junior-KIN.mother
output_layoutA (1).csv,227,peɽa,relative,,N.relative
output_layoutA (1).csv,228,kuɽi gid̪ɾɘ,daughter,,N.girl N.child
output_layoutA (1).csv,229,kɔɽa gid̪ɾɘ,son,,N.boy N.child
output_layoutA (1).csv,230,gid̪ɾɘko,offspring,,N.child-PL
output_layoutA (1).csv,231,kɘʈiʲc̚ʔ gid̪ɾɘko,kid,,ADJ.small N.child-PL
output_layoutA (1).csv,232,haɽamba,grandfather (maternal),,ADJ.old.mat-KIN.father
output_layoutA (1).csv,233,buɖigɔ,grandmother (maternal),,ADJ.old.mat-KIN.mother
output_layoutA (1).csv,234,lɘʈu bɔ͡i̯ha,elder brother,,ADJ.elder KIN.brother
output_layoutA (1).csv,235,bɔ͡i̯ha,brother,,KIN.brother
output_layoutA (1).csv,236,lɘʈu d̪id̪i,elder sister,,ADJ.elder KIN.sister
output_layoutA (1).csv,237,misɾa,sister,,KIN.sister
output_layoutA (1).csv,238,hili,sister-in-law,,KIN.sister.in.law
output_layoutA (1).csv,239,t̪iɲaŋ,brother-in-law,,KIN.brother.in.law
output_layoutA (1).csv,240,hɔ̃͡i̯haɾbaba,father-in-law,,KIN.in.law-KIN.father
output_layoutA (1).csv,241,hanhaɾ gɔgɔ,mother-in-law,,KIN.in.law KIN.mother
output_layoutA (1).csv,242,ɛɾo̯͡ɛl kuɽi,sister-in-law (spouse's sister),,KIN.sib.in.law N.girl
output_layoutA (1).csv,243,ɛɾo̯͡ɛl kɔɽa,brother-in-law (spouse's brother),,KIN.sib.in.law N.boy
output_layoutA (1).csv,244,bʰɘgnɘ,nephew (sister's son),,KIN.nephew.sis
output_layoutA (1).csv,245,bʰagni,niece (sister's daughter),,KIN.niece.sis
output_layoutA (1).csv,246,bʰɘcɘt̪̚ kɔɽa,nephew (brother's son),,KIN.nephew.bro N.boy
output_layoutA (1).csv,247,bʰɘcɘt̪̚ kuɽi,niece (brother's daughter),,KIN.nephew.bro N.girl
output_layoutA (1).csv,248,gat̪e kuɽi,friend (female),,ADJ.companion N.girl
output_layoutA (1).csv,249,gat̪e kɔɽa,friend (male),,ADJ.companion N.boy
output_layoutA (1).csv,1,kaiakad̪ah miɾid̪os miɲajam ɟoɾo ok'-akat̪-t̪e,I have sinned by betraying innocent blood.,,Sinned Innocent Blood Pour FIN-PERF-SUB
output_layoutA (1).csv,2,t̪akamund̪il-ɾe t͡ʃapaɾ ɡid̪ikat̪-e t͡ʃalao-ena aɾ senkat̪-e pʰasi d̪ot͡ʃ-ena,"And throwing down the pieces of silver in the temple, he departed, and he went and hanged himself.",,Silver Temple-LOC Throw Go.down-SEQ-3SG Depart-PST:A And Go-SEQ Hang Hang-PST:A
output_layoutA (1).csv,3,am d̪o ɟiʰud̪ikoɾen ɾaɟ kan-am,Are you the King of the Jews?,,2SG TOP Jew-GEN:PL King COP-2SG
output_layoutA (1).csv,4,ɟisu-i menkeda amem men-ed̪a,"Jesus said, ""You have said so.""",,Jesus-3SG Say-PST:A 2SG-2SG:SUBJ Say-PST:A
output_layoutA (1).csv,5,end̪ekʰan masiʔ-ko met̪ae ɟisu d̪oɲ t͡ʃekajeːa,What shall I do then with Jesus who is called Christ?,,Then-COND Messiah-3PL Say Jesus TOP-1SG:SUBJ What Do-FIN-FIN
output_layoutA (1).csv,6,ɟot̪oɡe-ko menkeda kɾus ok'-ok'-mae,"They all said, ""Let him be crucified!""",,All-EMPH-3PL Say-PST:A Cross Crucify-FIN-IMP:3SG
output_layoutA (1).csv,7,pilat̪ d̪ak' hat̪ao-kat̪-e t̪ij-e abuk-ena aɾ menkeda iɲ d̪oɲ miɾid̪os-ɡea noa maːjam kʰon d̪o,"Pilate washed his hands before the crowd, saying, ""I am innocent of this man's blood; see to it yourselves.""",,Pilate Water Wash-SEQ-3SG 3SG:SUBJ Declare-PST:A And Say-PST:A 1SG TOP-1SG:SUBJ Innocent This Blood From TOP 2PL-EMPH See-QUOT-2PL:IMP
output_layoutA (1).csv,8,sanam hɔɽ-ko ɾoɾ ɾuaɾkeda uniʔak' maːjam d̪o ale-ɾe aɾ aleɾen ɡid̪ɾa-koɾe paɾok'-t̪a,"And all the people answered, ""His blood be on us and on our children!""",,All People-3PL Shout Say-PST:A 3SG-GEN Blood TOP 1PL-LOC And 1PL-GEN Children-LOC Fall-FIN-DESID
output_layoutA (1).csv,9,ɟohaɾ ɟiʰud̪ikoɾen ɾaɟ,"Hail, King of the Jews!",,Hail Jew-GEN:PL King
output_layoutA (1).csv,10,nui d̪o ɟisu ɟiʰud̪ikoɾen ɾaɟ kana-e,"This is Jesus, the King of the Jews.",,This TOP Jesus Jew-GEN:PL King COP-3SG
output_layoutA (1).csv,11,isoɾ-ɾen hopon kan-am men-kʰan kɾus kʰon aɾɡon-me,"If you are the Son of God, come down from the cross.",,God-GEN Son COP-2SG:SUBJ COND Cross From Descend-2SG:IMP
output_layoutA (1).csv,12,isɾael-koɾen ɾaɟ kana-e nit̪ok' kɾus kʰon-e aɾɡo hiɟ-uk'-ma ad̪o uni-ɾe bon pat̪iau-k'-a,"He is the King of Israel; let him come down now from the cross, and we will believe in him.",,Israel-GEN:PL King COP-3SG Now-FIN Cross From-3SG Descend Come-CAUS-IMP:PROH Then 3SG-LOC 1PL.INCL Believe-FIN-FIN
output_layoutA (1).csv,13,eli eli lama sabakt̪ʰani metak'-me e iɲ-ɾen isoɾ e iɲ-ɾen isoɾ t͡ʃet̪ak'-eɾ baɡi ɡid̪iad̪-iɲa,"Eli, Eli, lema sabachthani? That is, ""My God, my God, why have you forsaken me?""",,Eli Eli Lama Sabachthani That.is.to.say VOC 1SG-GEN God VOC 1SG-GEN God Why-GEN:3SG Abandon Go-PST:A-1SG
output_layoutA (1).csv,14,saɾiɡe nui d̪o isoɾ-ɾen hopon-e t̪ahen-kana,Truly this was the Son of God!,,Truly This TOP God-GEN Son-3SG Stay-FIN
output_layoutA (1).csv,15,alo-ben bot̪oɾok'-a kɾus ok'-ol-en ɟisuben ɲam-ekana,"Do not be afraid, for I know that you seek Jesus who was crucified.",,PROH-1PL.INCL Fear-FIN-FIN Crucified-PERF-3SG:OBJ Jesus-1PL.INCL Seek-PROG-FIN
output_layoutA (1).csv,16,senkat̪-e uniɾen t͡ʃela lajakoben ɡot͡ʃ'-ko kʰon-e ɟiwet̪' beɾet̪'-ena,Then go quickly and tell his disciples that he has risen from the dead.,,Go-SEQ 3SG-GEN Disciple Tell-1PL.INCL Dead-3PL From-3SG Alive Arise-PST:A
output_layoutA (1).csv,17,alo-ben bot̪oɾ-ok'-a senkat̪-e iɲ-ɾen boeha-ko lajakoben ɟemon ɡalil-t̪e-ko t͡ʃalak',"Do not be afraid; go and tell my brothers to go to Galilee, and there they will see me.",,PROH-1PL.INCL Fear-FIN-FIN Go-SEQ 1SG-GEN Brother-3PL Tell-1PL.INCL Like Galilee-LOC-3PL Go-FIN
output_layoutA (1).csv,18,seɾmaɾe aɾ ot̪ɾe sanam ekt̪iaɾi iɲ t̪ʰen emakana,All authority in heaven and on earth has been given to me.,,Sky-LOC And Earth-LOC All Authority 1SG To Give-FIN
output_layoutA (1).csv,19,senkat̪-e sanam ɟat̪-ko t͡ʃela-ko-pe aɾ baba aɾ hopon aɾ sonot̪ ɟiu ɲut̪um-t̪e bapt̪is-ko-pe,"Go therefore and make disciples of all nations, baptising them in the name of the Father and of the Son and of the Holy Spirit.",,Go-SEQ All Nation-3PL Disciple-3PL-2PL And Father And Son And Holy Spirit Name-LOC Baptise-3PL-2PL
output_layoutA (1).csv,20,iɲ d̪o ɟao hilok' ape t̪ulut͡ʃ' menaɲa ɟuɡ mukat̪' habɪt͡ʃ'-ɡe,"And behold, I am with you always, to the end of the age.",,1SG TOP Every Day 2PL With Exist-1SG Age End Until-EMPH
output_layoutA (1).csv,21,isoɾ-ɾen hopon ɟisu masiak' bʰaɡe sombat̪ ɾeak' et̪ohop',"The beginning of the gospel of Jesus Christ, the Son of God.",,God-GEN Son Jesus Christ-GEN Good News GEN Beginning
output_layoutA (1).csv,22,ɟohan babaptisit͡ʃ' d̪o ɦaɦankaɾ-ɾe kai ikak' laɡit̪' mon at͡ʃuɾ ɾeak' bapt̪isma poɾt͡ʃaɾ-kan het͡ʃ'-ena,"John appeared, baptising in the wilderness and proclaiming a baptism of repentance for the forgiveness of sins.",,John Baptist TOP Wilderness-LOC Sin Forgive-FIN For Repentance GEN Baptism Proclaim-FIN Come-PST:A
output_layoutA (1).csv,23,iɲ kʰon d̪aɾeaniʔ iɲ t̪ajom-t̪e d̪aɾaekana one uniʔak' kʰaɾpa ɾeak' t̪onol hɔ̃ eŋɡot̪'-kat̪e ɾaɾaet̪ae lek d̪oɲ baɲ kan,"After me comes he who is mightier than I, the strap of whose sandals I am not worthy to stoop down and untie.",,1SG From Worthy 1SG After-LOC Come-FIN One 3SG-GEN Sandal GEN Strap Also Untie-SEQ Bow-DESID-3SG Like 1SG-1SG NEG-1SG COP
output_layoutA (1).csv,24,iɲ d̪o d̪ak'-t̪en bapt̪iskед-ea uni d̪o sonot̪ ɟiu-t̪-e-je bapt̪is-pe-a,"I have baptised you with water, but he will baptise you with the Holy Spirit.",,1SG TOP Water-COMIT Baptise-PST:A-2PL 3SG TOP Holy Spirit-COMIT-3SG-3SG Baptise-2PL-FIN
output_layoutA (1).csv,25,seɾma kʰon aɾan hɔj-ena am d̪o iɲ-ɾen d̪ulaɾia hopon kan-am aɾɲɾen kusiak-ana,"And a voice came from heaven: ""You are my beloved Son; with you I am well pleased.""",,Sky From Voice Come-PST:A 2SG TOP 1SG-GEN Beloved Son COP-2SG 1SG-1SG-GEN Be.pleased-FIN
output_layoutA (1).csv,26,okt̪e aʔo puɾau-akana aɾ isoɾ-ak' ɾaɟ d̪o soɾak-ana mon at͡ʃuɾ-pe aɾ bʰaɡe sombat̪-ɾe pat̪iau-k'-pe,"The time is fulfilled, and the kingdom of God is at hand; repent and believe in the gospel.",,Time Also Fulfilled-FIN And God-GEN Kingdom TOP Come-FIN Repent-2PL:IMP And Good News-LOC Believe-FIN-2PL
output_layoutA (1).csv,27,d̪ela iɲ t̪ajom-t̪e ad̪o manwa sasap' keot̪an hoe ok'-ob-ena,"Follow me, and I will make you become fishers of men.",,Come 1SG After-LOC Then People Fisher Become FIN-CAUS-FIN
output_layoutA (1).csv,28,kʰan ina t̪apt̪-eɡe ɟal-ko baɡiat̪'-t̪ekin panɟakeda,And immediately they left their nets and followed him.,,And Immediately Net-3PL Abandon-SEQ-DU Follow-PST:A
output_layoutA (1).csv,29,kʰaŋɡe akin-ɾen apat̪ sabd̪ae d̪o laukaɾe munis-ko t̪ulut͡ʃ'-kin baɡi ot̪oad̪ea aɾ uni t̪ajom-t̪ekin t͡ʃalao-ena,And immediately he left his father Zebedee in the boat with the hired servants and followed him.,,Immediately 3DU-GEN Father Zebedee TOP Boat Hired.workers-3PL With-DU Abandon Leave-PST:A And 3SG After-LOC-DU Depart-PST:A
output_layoutA (1).csv,30,aɾ paɦil ɟiɾauk' maɦa hilok'-ɡe sunaɡoɡ-ɾe boloj-ent̪e-je t͡ʃet̪'at̪'-koa,And immediately on the Sabbath he entered the synagogue and was teaching.,,And First Sabbath Day-EMPH Synagogue-LOC Enter-SUB-3SG Teach-ITER-3PL:OBJ
output_layoutA (1).csv,1,ɑɲɲɔmketʔ kʰɑn ɡɑlilt̪eye sɑ tʃɑlɑɔ-enɑ,"When he heard it, he withdrew to Galilee.",,hear-PST:A when Galilee-LOC-3SG:SUBJ again go-INCH-FIN
output_layoutA (1).csv,2,nɑsɑret̪ bɑɡikɑt̪e d̪ɔreɑɔ ɑre reɑkʔ kɑpʰɑrnɑhumre senkɑt̪e-ye berelen ɑ,Leaving Nazareth he went and lived in Capernaum by the sea.,,Nazareth leave-SEQ sea.shore side GEN Capernaum-LOC go-SEQ-3SG:SUBJ settle-INCH-FIN
output_layoutA (1).csv,3,sɑbulon ɑr nɑpʰt̪ʰɑli t̪ɔt̪ʰɑre d͡ʒesɑeɑ nɑbi hot̪et̪e rɔrlenɑkʔ purɑukʔ,The word spoken through Isaiah the prophet was fulfilled in the region of Zebulun and Naphtali.,,Zebulun and Naphtali region-LOC Isaiah prophet through-INS speak-PST-M:A fulfill-CAUS-M
output_layoutA (1).csv,4,sɑbulon d̪isɔm ɑr nɑpʰt̪ʰɑli d̪isɔm d̪ɔreɑɔ pɑrɔm bɔŋɡɑn hɔr d͡ʒɑt̪kɔɑkʔ ɡɑlil,"Land of Zebulun and land of Naphtali, beyond the sea, Galilee of the Gentiles.",,Zebulun land and Naphtali land sea-LOC beyond Gentile people nation-PL-GEN Galilee
output_layoutA (1).csv,5,mɔke d̪uruʔpɑkɑn t̪ɑheːkɑn hɔr d̪ɔ mɑrɑn mɑrsɑikɔ neːkedɑ,The people sitting in darkness have seen a great light.,,Darkness sit-FIN-PTCP stay-PTCP people TOP Great light-PL see-FIN
output_layoutA (1).csv,6,un kʰɔn d͡ʒisu d̪ɔ pɔpɔrtʃɑr ɑr memene ehɔpʔkedɑ,From that time Jesus began to preach and say repent.,,Then from Jesus TOP preach and repent begin-PST-FIN
output_layoutA (1).csv,7,mɔn ɑtʃurt̪ɑpe ente sermɑ rɑd͡ʒ d̪ɔ sɔrɑkɑnɑ,Repent for the kingdom of heaven is near.,,Heart turn-IMP-2PL for heaven kingdom TOP near-PTCP-FIN
output_layoutA (1).csv,8,mɔnre renɑd̪ed͡ʒɔkkɑŋkɔɡekɔ bʱɑɡɑnɑ ente sermɑ rɑd͡ʒ d̪ɔ ɔŋkɔɑkɑŋɡeɑ,Blessed are the poor in spirit for theirs is the kingdom of heaven.,,Spirit-LOC humble.ones-PL blessed-FIN for heaven kingdom TOP them-GEN-PTCP-MOD
output_layoutA (1).csv,9,hird̪ɑukɑŋkɔɡekɔ bʱɑɡɑnɑ ente ɔŋkɔɑkt̪ d͡ʒiwi d̪ɔ rɑred͡ʒɔkʔt̪ɑkɔɑ,Blessed are those who mourn for they shall be comforted.,,Mourn-PTCP-PL-EMPH-PL blessed-FIN for them-GEN-OBJ soul TOP comfort-M-CAUS-PL-FIN
output_layoutA (1).csv,10,mɑhrkɔɡekɔ bʱɑɡɑnɑ ente ɔŋkɔ d̪ɔ pirt̪ʰimikɔ ɑid̪ɑrid͡ʒɔnɑ,Blessed are the meek for they shall inherit the earth.,,Meek-PL-EMPH-PL blessed-FIN for they TOP earth-OBJ inherit-FUT-FIN
output_layoutA (1).csv,11,d̪ʱɔrɔm renɑd̪es fetɑnɔkʔkɑn kɔɡekɔ bʱɑɡɑnɑ ente ɔŋkɔ d̪ɔkɔ t̪irpit̪ɔkʔɑ,Blessed are those who hunger and thirst for righteousness for they shall be satisfied.,,Righteousness hunger.and.thirst M-PTCP PL-EMPH-PL blessed-FIN for they TOP-PL satisfy-M-FIN
output_layoutA (1).csv,12,mɑyɑkkɔd̪ekɔ bʱɑɡɑnɑ ente ɔŋkɔ d̪ɔkɔ mɑyɑ ɔtʃɔkɑ,Blessed are the merciful for they shall receive mercy.,,Merciful-PL-TOP-PL blessed-FIN for they TOP-PL mercy receive-M-FIN
output_layoutA (1).csv,13,mɔnre nɑpɑekɔɡekɔ bʱɑɡɑnɑ ente ɔŋkɔ d̪ɔ isɔrkɔ neleɑ,Blessed are the pure in heart for they shall see God.,,Heart-LOC pure-EMPH-PL blessed-FIN for they TOP God-OBJ see-FIN
output_layoutA (1).csv,14,sukluk kɔɡekɔ bʱɑɡɑnɑ ente ɔŋkɔ d̪ɔ isɔrren hɔpɔnkɔ numɔɡɔkɑ,Blessed are the peacemakers for they shall be called children of God.,,Peacemaker-PL-EMPH-PL blessed-FIN for they TOP God-GEN son-PL called-M-FIN
output_layoutA (1).csv,15,d̪ʱɔrɔm iɑt̪e kʰed̪ ɔsɔkʔkɑŋkɔ ɡekɔ bʱɑɡɑnɑ ente sermɑ rɑd͡ʒ d̪ɔ ɔŋkɔɑkɑŋɡeɑ,Blessed are those persecuted for righteousness for theirs is the kingdom of heaven.,,Righteousness for-OBJ persecute receive-M-PTCP-PL EMPH-PL blessed-FIN for heaven kingdom TOP them-GEN-PTCP-MOD
output_layoutA (1).csv,16,bʱɑɡɑŋɡeɑpe ini iɑt̪e hɔrkɔ kɑd̪ʱɑɔlepere ɑrkɔ kʰed̪lepere,Blessed are you when people insult and persecute you because of me.,,Blessed-EMPH-2PL I because person-PL insult-PST.PL-2PL-LOC and-PL persecute-PST.PL-2PL-LOC
output_layoutA (1).csv,17,ɑpe d̪ɔ d̪ʱɑrti reɑkʔ buluŋ kɑnɑpe meŋkʰɑn buluŋ sɑbɑkʔlen kʰɑn ɔnɑ d̪ɔ tʃet̪t̪e rɑhɑmɔkʔɑ,You are the salt of the earth but if the salt loses its taste what use is it?,,2PL TOP earth GEN salt COP-2PL but salt tasteless-M-PST when that TOP what use-M-FIN
output_layoutA (1).csv,18,ɑpe d̪ɔ d̪ʱɑrti reɑkʔ mɑrsɑl kɑnɑpe,You are the light of the world.,,2PL TOP earth GEN light COP-2PL
output_layoutA (1).csv,19,ɑlɔpe bud͡ʒhɑuɑ ɑn se nɑbikɔɑkʔ kɑt̪ʰɑ mɑutɑiɑ meŋkʰɑt̪ hetʃɑkɑnɑ,Do not think that I have come to abolish the Law or the Prophets.,,PROHIB-2PL think law or prophet-PL-GEN word abolish-FIN but come-FIN-PTCP-FIN
output_layoutA (1).csv,20,ente sɑriɡeɲ met̪ɑpekɑnɑ sermɑ ɑr ɔt̪ ɑuri tʃɑbɑkʔ hɑbitʃʔ ɑn reɑkʔ mit̪ ɑkʰɔr se t̪ud̪ɑkʔ hɔ ɔhɔ met̪ɑɔlenɑ,Truly I say to you not one letter or stroke shall pass from the law until everything is accomplished.,,For truly say-2PL-PTCP-FIN sky and earth word end-M until law GEN one letter or mark-M also not pass.away-INCH-FIN
output_layoutA (1).csv,21,ɔnɑt̪e ɑpe d̪ɔ nɔŋkɑ kɔed͡ʒɔnpe e ɑleren sermɑre menɑm bɑbɑ ɑmɑkʔ nut̪um sɔnɔfɔkʔmɑ,Therefore pray like this: Our Father in heaven hallowed be your name.,,Therefore 2PL TOP thus pray-2PL VOC our-GEN heaven-LOC exist.HON Father 1SG:POSS name holy-M-IMP
output_layoutA (1).csv,22,ɑmɑkʔ rɑd͡ʒ hid͡ʒukʔmɑ ɑmɑkʔ mɔne bɑre hɔyɔkʔmɑ tʃe ekɑ sermɑre ɔŋkɑd̪e ɔt̪re hɔ,Your kingdom come your will be done on earth as it is in heaven.,,2SG:POSS kingdom come-IMP 2SG:POSS will also happen-M-IMP as just sky-LOC thus earth also
output_layoutA (1).csv,23,ɑleɑkʔ d͡ʒɑrurd͡ʒɔmɑkʔ t̪eheɲ emɑlem,Give us today our daily bread.,,1PL:POSS necessary-food-GEN today give-1PL:IMP
output_layoutA (1).csv,24,ɑr ɑleɑkʔ d̪ɔskɔ ikɑkɑt̪ɑlen tʃet̪elekɑ ɑle hɔ ɑleɑkʔ d̪ɔd̪ɔskɔle ikɑɑkɑt̪ʔt̪ɑkɔ,And forgive us our debts as we also have forgiven our debtors.,,And 1PL:POSS fault-PL forgive-FIN-1PL:PST as-EMPH-like 1PL also 1PL:POSS fault.doers-PL-1PL forgive-CAUS-PL
output_layoutA (1).csv,25,ɔnɑ iɑt̪eɲ met̪ɑpekɑnɑ ɑpeɑkʔ d͡ʒiwi lɑɡit̪ʔ ɑlɔpe d̪ɑnd̪ikʔɑ tʃet̪pe d͡ʒɔmɑ se tʃet̪pe nut̪ɑ,Therefore I tell you do not worry about your life what you will eat or what you will wear.,,That therefore-1SG say-2PL-PTCP-FIN 2SG:POSS life for PROHIB-2PL worry-FIN what-2PL eat or what-2PL wear
output_layoutA (1).csv,26,tʃɔt̪ren ud̪ɑukkɔ beŋɡet̪ɑkʔɔpe bɑkɔ erɑ bɑkɔ irɑ ɑr murɑikɔre bɑkɔ sɔtʃd͡ʒɔnɑ,Look at the birds of the sky they do not sow or reap or store in barns.,,Sky bird-M-PL observe-M-2PL:IMP NEG-PL sow NEG-PL reap and barn-LOC NEG-PL store-FIN
output_layoutA (1).csv,27,ɑlɔpe biktʃɑrɑ d͡ʒemɔn ɑlɔpe bitʃɑr ɔsɔkʔ,Do not judge so that you will not be judged.,,PROHIB-2PL judge-FIN so.that PROHIB-2PL judgment receive-M
output_layoutA (1).csv,28,kɔere ɑd̪ɔe emɑpeɑ ɑr nɑm bɑrɑepe ɑd̪ɔpe nɑt̪ɑ t̪ʰɔp t̪ʰɔbpe ɑd̪ɔ d͡ʒhitʃɑpeɑ,Ask and it will be given to you seek and you will find knock and the door will be opened to you.,,Ask-LOC thus-3SG give-2PL-FIN and seek-EMPH-2PL thus-2PL find door knock-2PL thus open-FIN-2PL-FIN
output_layoutA (1).csv,29,ɔnɑt̪e inɑknɔɑkɔ kɑt̪ʰɑ ɑɲɲɔmkɑt̪e senɑkʔkɑn hɔr d̪ɔ mit̪t̪en bud̪ɑn hɔr t̪ulutʃe d͡ʒurikɑ,Therefore everyone who hears these words of mine and puts them into practice is like a wise man who built.,,Therefore 1SG:GEN these-OBJ word hear-SEQ do-M-PTCP person TOP one-CLSSFR wise person like-EMPH build-FIN
output_layoutA (1).csv,30,ɑd̪ɔ d͡ʒhɑr d͡ʒhɑre d̪ɑkʔked̪ɑ ɑr bɑnbɑsi ɑrd̪ɔyenɑ ɑre hɔeked̪ɑ ɑr ɔnɑ ɔrɑkt̪e bɑd͡ʒɑɔenɑ meŋkʰɑn bɑn ruplena,The rain fell the floods came and the winds blew and beat on that house yet it did not fall.,,Then rain rain-EMPH fall-PST-FIN and flood come-CAUS-FIN and-3SG blow-PST-FIN and that house-INS beat-INCH-FIN but NEG fall-INCH-FIN
output_layoutA (1).csv,31,ɑd̪ɔ buru kʰɔne ɑrd̪ɔyen kʰɑn ɑd̪i ɡɑd̪el hɔrkɔ pɑɲd͡ʒɑkeed̪ɑ,When he came down from the mountain large crowds followed him.,,Then mountain from-3SG descend-CAUS-FIN when many crowd person-PL follow-PST-FIN
output_layoutA (1).csv,32,nelpe mit̪t̪en murhutʃ d͡ʒɔm hɔr hetʃkɑt̪eye sewɑwɑd̪eɑ ɑre met̪ɑd̪eɑ e prɔbʱu sɑnɑlem kʰɑnem sɑpʰɑ d̪ɑreɑnɑ,A man with leprosy came and worshipped him saying Lord if you are willing you can make me clean.,,See one-CLSSFR leprosy eat person come-SEQ-3SG worship-TOP-FIN and-3SG say-TOP-FIN VOC Lord willing-2SG if-2SG clean make-M-FIN
output_layoutA (1).csv,33,ɑd̪ɔ t̪i t̪iɑrkɑt̪eye d͡ʒɔt̪etked̪eɑ ɑre met̪ɑd̪eɑ sɑnɑŋkɑŋɡeɑ mɑ sɑpʰɑkɔkʔme,Jesus reached out his hand and touched him saying I am willing be clean.,,Then hand stretch-EMPH-3SG:SUBJ touch-PST-TOP-FIN and-3SG say-TOP-FIN willing-PTCP-EMPH-FIN IMP clean-M:2SG-IMP
output_layoutA (1).csv,34,ɑr d͡ʒisu ɔnd̪e kʰɔne sen pɑrɔmɔkʔkɑnre mɑt̪ʰɑekɔ met̪ɑe t̪it̪ hɔr mɑsul ukʔt̪ʰɑu ɔrɑkʔ t̪ʰen d̪uruʔpɑkɑne helkɑd̪eɑ,As Jesus went on from there he saw a man named Matthew sitting at the tax collector's booth.,,And Jesus there from-3SG go cross-M-PTCP-LOC Matthew-OBJ 3SG:SUBJ.say one-EMPH person tax collector office at sit-FIN-PTCP-3SG see-PST-FIN
output_layoutA (1).csv,35,d̪elɑ pɑɲd͡ʒɑɲme kʰɑŋɡe beret̪kɑt̪eye pɑɲd͡ʒɑkeed̪ɑ,Follow me and immediately he got up and followed him.,,Today follow-1SG:IMP.2SG immediately stand-SEQ-3SG:SUBJ follow-PST-FIN
output_layoutA (1).csv,36,ɑd̪ɔ ɑtʃren ɡel bɑr tʃelɑkɔ hɔhɔ sɔrkɑt̪e besɑpʰɑ d͡ʒiukɔ tʃet̪ɑnre ekt̪iɑriye emɑt̪kɔɑ,He called his twelve disciples and gave them authority over unclean spirits.,,Then 3SG-GEN twelve disciple-PL call out-SEQ unclean spirit-M-PL over authority-3SG give-PL-FIN
output_layoutA (1).csv,37,ɑr sen lɑhɑkɑt̪e ɑr bɑr bɔehɑ sɑbd̪ɑeren hɔpɔn d͡ʒɑkɔb ɑr uniren bɔehɑ d͡ʒɔhɑne ɲelket̪kinɑ,Going on from there he saw two other brothers James son of Zebedee and his brother John.,,And go further-FIN-SEQ and two brother Zebedee-GEN son James and 3SG-GEN brother John-EMPH see-3DU
output_layoutA (1).csv,38,ɑd̪ɔ d͡ʒɔhɑn kɑid͡ʒɔrɑket̪e mɑsiɑkʔ kɑmikɔ reɑn ɑɲɲɔmket̪ kʰɑn ɑtʃren tʃelɑkɔ kɔlket̪kɔt̪eye kuliked̪eɑ,When John in prison heard about the works of Christ he sent word by his disciples and asked.,,Then John prison-FIN-PST-3SG Messiah-GEN work-PL about-LOC hear-PST when 3SG-GEN disciple-PL send-PL-INS-3SG:SUBJ ask-PST-FIN
output_layoutA (1).csv,39,uni hid͡ʒukɑnik ɑɔm ɑm kɑn ɡeɑ se etɑɡitʃle nel hɔreɑ,Are you the one who is to come or should we expect someone else?,,3SG come-PTCP-M.SG 3SG 2SG COP-M.EMPH or other-1PL:EMPH look person-FIN
output_layoutA (1).csv,40,ɔnɑkɔ d̪inre d͡ʒisu d̪ɔ d͡ʒirɑukʔ mɑhɑ hilɔkʔre pʰɔsɔl t̪ɑlɑɔt̪eye tʃɑlɑkʔkɑn t̪ɑhekɑnɑ,At that time Jesus went through the grain fields on the sabbath.,,Those day-LOC Jesus TOP sabbath day time-LOC grain field-FIN-through-3SG:SUBJ walk-M-PTCP stay-PTCP-FIN
output_layoutA (1).csv,41,ente mɑnwɑ hɔpɔn d̪ɔ d͡ʒirɑukʔ mɑhɑren mɑlik kɑnɑe,For the Son of Man is lord of the sabbath.,,For Human Son TOP sabbath day-GEN lord COP-3SG:PRED
output_layoutA (1).csv,42,enhilɔkʔ d͡ʒisu d̪ɔ ɔrɑkʔ kʰɔn ɔd̪ɔk senkɑt̪e d̪ɔreɑɔ ɑrere eye d̪uruʔpenɑ,That same day Jesus went out of the house and sat by the sea.,,That.day Jesus TOP house from out go-SEQ sea-LOC shore-LOC-3SG-3SG:SUBJ sit-INCH-FIN
output_layoutA (1).csv,43,nelpe erɔkʔitʃ d̪ɔ erɔkke ɔd̪ɔk tʃɑlɑɔenɑ,A sower went out to sow.,,See sower-M TOP sow-PST out go.out-INCH-FIN
output_layoutA (1).csv,44,lut̪ur menɑkt̪ɑeitʃ d̪ɔe ɑɲɲɔmmɑ,Whoever has ears let them hear.,,Ear have-M.SG TOP-3SG:SUBJ hear-IMP
output_layoutA (1).csv,45,ɑm d̪ɔ mɑsi d͡ʒiwetʔ isɔrren hɔpɔn kɑnɑm,You are the Messiah the Son of the living God.,,2SG TOP Messiah living God-GEN Son COP-2SG
output_layoutA (1).csv,46,ɑr iɲ hɔ ɑm iɲ met̪ɑmkɑnɑ ɑm d̪ɔ pɑt̪rɑs kɑnɑm ɑr nɔɑ tʃɑt̪ɑnire inɑkkɑlisiɑɲ benɑɔɑ,And I tell you that you are Peter and on this rock I will build my church.,,And 1SG also 2SG 1SG tell-2SG-PTCP-FIN 2SG TOP Peter COP-2SG and this rock-LOC 1SG-GEN church-1SG:SUBJ build-CAUS-FIN
output_layoutA (1).csv,47,ɑd̪ɔ t̪urui d̪in t̪ɑyɔm d͡ʒisu d̪ɔ pɑt̪rɑs ɑr d͡ʒɑkɔb ɑr uniren bɔehɑ d͡ʒɔhɑn sɔnd̪e t̪ɔrɑkɑt̪e mit̪t̪etʃ usul buruṱe eskɑrreye ɑyur rɑkɑpʔket̪kɔɑ,After six days Jesus took Peter James and John his brother and led them up a high mountain by themselves.,,Then six day after-OBJ Jesus TOP Peter and James and 3SG-GEN brother John together take-FIN-SEQ one-CLSSFR high mountain-INS apart-LOC-3SG:SUBJ above lead-M-PST-PL-FIN
output_layoutA (1).csv,48,ɑr ɔŋkɔ sɑmɑnreye etɑkʔ bɔrɔnenɑ uniɑkʔ met̪ɑhɑ d̪ɔ sin tʃɑnd̪ɔ lekɑ d͡ʒhɑk d͡ʒhɑkenɑe,And he was transfigured before them his face shone like the sun.,,And them before-3SG:SUBJ appearance change-INCH-FIN 3SG-GEN face TOP sun light like bright shine-INCH-3SG
output_layoutA (1).csv,49,ɔnɑ ɡʱurireɡe tʃelɑkɔ d͡ʒisu t̪ʰen hetʃkɑt̪ekɔ meŋked̪ɑ ɔkɔe end̪ekʰɑn sermɑ rɑd͡ʒɡe d̪ɔe mɑrɑnɑ,At that time the disciples came to Jesus and asked who is the greatest in the kingdom of heaven?,,That time-LOC-EMPH disciple-PL Jesus to come-SEQ-PL say-PST-FIN who then heaven kingdom-EMPH TOP-3SG:SUBJ great-FIN
output_layoutA (1).csv,50,sɑriɡeɲ met̪ɑpekɑnɑ beɡɔr ɑtʃurɔkɔt̪e ɑr kɑt̪itʃ ɡid̪rɑkɔ lekɑ beɡɔr hɔyɔkt̪e sermɑ rɑd͡ʒɡe d̪ɔ ɔhɔɡepe hbɔlɔlenɑ,Truly I say to you unless you change and become like children you will never enter the kingdom of heaven.,,Truly say-2PL-PTCP-FIN unless change-M-INS and child-PL like become-M-INS heaven kingdom-EMPH TOP enter-EMPH-2PL able-INCH-FIN
output_layoutA (1).csv,51,tʃet̪ bʱɑɡeɑkʔin kɑmiɑ d͡ʒemɔn d͡ʒɑed͡ʒuɡ d͡ʒiɔn hɔyɔkʔ in,What good thing must I do to get eternal life?,,What good-GEN-1SG:SUBJ do-FIN so.that eternal life happen-M 1SG
output_layoutA (1).csv,52,ente ɔkɑre d̪ʱɔn menɑkt̪ɑmɑ ɔnd̪ed̪e ɑmɑkʔ mɔn hɔ t̪ɑhenɑ,For where your treasure is there your heart will be also.,,For where treasure have-CAUS-2SG there-TOP 2SG:POSS heart also be-FIN
output_layoutA (1).csv,53,ente sermɑ rɑd͡ʒ d̪ɔ mit̪t̪en ɔrɑkʔ kisɑr lekɑnɑ ɔkɔe pɑhɑ pɔhɔre ɑtʃɑkʔ d̪ɑrxɑ bɑɡwɑnre kɑmiɑkɔ ɑtʃukɔ lɑɡit̪e ɔd̪ɔken,For the kingdom of heaven is like a landowner who went out early in the morning to hire workers for his vineyard.,,For heaven kingdom TOP one-CLSSFR house owner like-FIN who early morning 3SG-GEN vineyard-LOC work-PTCP hire-PL for-3SG:SUBJ go-INCH
output_layoutA (1).csv,54,ɑr d͡ʒisu d̪ɔ isɔrɑkʔ mund̪ilt̪eye bɔlɔyenɑ ɑr mund̪ilre kiriɲ ɑkʔkriɲkɔd͡ʒɔt̪ɔe lɑɡɑ ɔd̪ɔkket̪ʔkɔɑ,Jesus entered the temple courts and drove out all who were buying and selling there.,,And Jesus TOP God-GEN temple-INS-3SG:SUBJ enter-FIN and temple-LOC buy.sell person-PL-all-3SG:SUBJ out drive-PST-PL-FIN
output_layoutA (1).csv,55,ɔlɑkɑnɑ inɑkk ɔrɑkʔ d̪ɔ kɔed͡ʒɔnɔrɑkt̪ bikɑukt̪ɑeɑ meŋkʰɑn ɑpe d̪ɔ ɔnɑpere d̪ɑku d̪ɑnd̪eret̪ɑ,It is written my house shall be called a house of prayer but you are making it a den of robbers.,,Written-PTCP-FIN 1SG-GEN house TOP prayer-house-OBJ.LOC call-M-3SG.CAUS-FIN but 2PL TOP that-2PL-LOC robber den make-CAUS
output_layoutA (1).csv,56,prɔbʱu ɑmren isɔr d̪ɔ ɑmɑkʔ ɡɔt̪ɑ ɔnt̪ɔrt̪e ɑmɑkʔ ɡɔt̪ɑ d͡ʒiwit̪e ɑr ɑmɑkʔ ɡɔt̪ɑ mɔnt̪e d̪ulɑrem,Love the Lord your God with all your heart and with all your soul and with all your mind.,,Lord 1PL:GEN God TOP 2SG:POSS whole heart-INS 2SG:POSS whole soul-INS and 2SG:POSS whole mind-INS love-2SG:IMP
output_layoutA (1).csv,57,ɑr d̪ɔsɑrɑkʔ d̪ɔ ɔnɑ lekɑŋɡeɑ ɑm ɑd̪epɑseren hɔr ɑpnɑr lekɑ d̪ulɑrem,And the second is like it love your neighbour as yourself.,,And second TOP that like-EMPH 2SG neighbor-POSS-LIKE-CLSSFR person 2PL:POSS like love-2SG:IMP
output_layoutA (1).csv,58,hɑe ɑpe sɔst̪ɔr bɑd̪ɑekɔ ɑr pʰɑrisikɔ pʰɑsiɑrɑkɔ d̪ɔ ente ɑpe d̪ɔ nɔrɔk sɑmɑnre sermɑ rɑd͡ʒpe iɲ eset̪etʔkɑnɑ,Woe to you teachers of the law and Pharisees you hypocrites you shut the door of the kingdom of heaven in people's faces.,,Woe 2PL scholar PL and Pharisee hypocrite-PL TOP for 2PL TOP people before-3SG heaven kingdom-2PL 1SG shut-CAUS-PTCP-FIN
output_layoutA (1).csv,59,e d͡ʒeruzɑlem e d͡ʒeruzɑlem nɑbikɔ ɡɔɡɔtʃitʃ ɑr ɑm t̪ʰen kɔlkɔ d̪ʱirit̪e ɲitʃ,Jerusalem Jerusalem you who kill the prophets and stone those sent to you.,,VOC Jerusalem VOC Jerusalem prophet-PL stone-M.EMPH and 2SG to sent-PL stone-INS kill.EMPH
output_layoutA (1).csv,60,nelpe ɑpeɑkt̪ ɔrɑkʔ d̪ɔ ɑpe lɑɡit̪ʔ ud͡ʒɑrɡe bɑɡi ɔt̪ɔkʔkɑnɑ,Look your house is left to you desolate.,,See 2PL-GEN-OBJ house TOP 2PL for desolate leave remain-PTCP-FIN
output_layoutA (1).csv,1,Jisu do d̪ok'ic' Bɑbɑn-cɑo-ic' kɑnɑ-e,Jesus is the one called the Baptist.,,Jesus TOP Baptize-TR Baptist COP-FIN-3SG:SUBJ
output_layoutA (1).csv,2,uni d̪o sermɑ rɑj reɑk' kɑŋ-e-ɑ,The Kingdom of Heaven belongs to him.,,3SG TOP Heaven Kingdom GEN Belong-3SG:SUBJ-FIN
output_layoutA (1).csv,3,noɑ Hukigot d̪o eken Jehud̪i hɔr ko lɑgit' d̪o bɑn kɑnɑ,This Good News is not only for the Jewish people.,,This Gospel TOP Only Jewish People PL For TOP NEG-1SG COP-FIN
output_layoutA (1).csv,4,uni d̪o jiɔne kʰemɑo let,He had come to save the world.,,3SG TOP World-OBJ Save-PLUP:FIN
output_layoutA (1).csv,5,Soetɑn d̪o uni-e bɑgiɑ-d̪eɑ,Satan tempted him.,,Satan TOP 3SG-3SG:SUBJ Tempt-REM:PST:FIN
output_layoutA (1).csv,6,d̪utko hec'kɑteko sɑp'sorɑ-d̪eɑ,Angels came and served him.,,Angels-PL Come-CVB-PL Serve-REM:PST:FIN
output_layoutA (1).csv,7,Jisu d̪o Gɑlil kʰon Jord̪ɑnte Johɑn tʰene hec'enɑ,Jesus came from Galilee to the Jordan to John.,,Jesus TOP Galilee ABL Jordan-LOC John TO-3SG:SUBJ Come-PLUP:FIN
output_layoutA (1).csv,8,uni d̪oe tɑnɑ mɑnɑkɑd̪eɑ,John tried to prevent him.,,3SG TOP-3SG:SUBJ Refuse Deny-REM:PST:FIN
output_layoutA (1).csv,9,ɡotɑ d̪ʰɔrɔm puk'rɑu lek kɑntɑlɑnɑ,We must fulfil all righteousness.,,All Righteousness Fulfil QUOT COP-1PL:SUBJ-FIN
output_layoutA (1).csv,10,sermɑ d̪o ʤʰic'enɑ,The heavens were opened.,,Sky TOP Open-PLUP:FIN
output_layoutA (1).csv,11,Nui-ge iʰren d̪ulɑriɑ hɔpɔn d̪o,This is my beloved Son.,,3SG.PROX-EMPH 1SG-GEN Beloved Son TOP
output_layoutA (1).csv,12,mɔn ɑcurtɑ-pe ente sermɑ rɑj d̪o sorɑkɑnɑ,"Repent, for the Kingdom of Heaven is near.",,Mind Repent-IMP-2PL:SUBJ Because Heaven Kingdom TOP Near-COP:FIN
output_layoutA (1).csv,13,D̪elɑ iɲ tɑyɔmte ɑd̪o mɑnwɑ sɑsɑp keotɑɲ hoe ocobena,Come follow me and I will make you fishers of men.,,Come 1SG After-LOC THEN Person Catch Fisher-1SG:SUBJ Become Make:FIN
output_layoutA (1).csv,14,unkin d̪o sɑtmente jɑlko bɑgiɑt'tekin pɑɲɑked̪eɑ,The two of them immediately left the nets and followed him.,,3DU TOP Immediately-LOC Net-PL Leave-CVB-3DU:SUBJ Follow-REM:PST:FIN
output_layoutA (1).csv,15,Jisu ɡotɑ Gɑlil d̪isom d̪ɑrɑ d̪ɑrɑte-e cetɑkokɑn,Jesus went around the whole of Galilee teaching.,,Jesus All Galilee Land Wander Around-LOC-3SG:SUBJ Teach-COP-FIN
output_layoutA (1).csv,16,d̪isom hɔrko tɑlɑre sɑnɑm lekɑn rɔɡ biɡʰin,All kinds of disease and illness among the people of the land.,,Country People-PL Among-LOC All Kind Disease Illness
output_layoutA (1).csv,17,mɔnre renɑd̪ejɔk'kɑnkod̪eko bʰɑɡɑnɑ,Blessed are the poor in spirit.,,Mind-LOC Poor-EMPH-COP-PROG-3PL-EMPH-PL Blessed-FIN
output_layoutA (1).csv,18,hird̪ɑuk'kɑnkod̪eko bʰɑɡɑnɑ,Blessed are those who mourn.,,Grieve-PROG-3PL-EMPH-PL Blessed-FIN
output_layoutA (1).csv,19,mɑhrkod̪eko bʰɑɡɑnɑ ente onko d̪o piɾtʰimi-ko ɑid̪ɑrijɔnɑ,"Blessed are the meek, for they shall inherit the earth.",,Gentle-PL-EMPH-PL Blessed-FIN Because 3PL-PL TOP Earth-PL Inherit-3PL:FIN
output_layoutA (1).csv,20,mɑyɑk'kod̪eko bʰɑɡɑnɑ ente onko d̪oko mɑyɑ ocok'ɑ,"Blessed are the merciful, for they shall obtain mercy.",,Merciful-PL-EMPH-PL Blessed-FIN Because 3PL-PL TOP-PL Mercy Receive-FIN
output_layoutA (1).csv,21,ɑpe d̪o d̪ʰɑrti reɑk' bulun kɑnɑ-pe,You are the salt of the earth.,,2PL TOP Earth GEN Salt COP-2PL:SUBJ-FIN
output_layoutA (1).csv,22,ɑpe d̪o d̪ʰɑrti reɑk' mɑrsɑl kɑnɑ-pe,You are the light of the world.,,2PL TOP Earth GEN Light COP-2PL:SUBJ-FIN
output_layoutA (1).csv,23,ɑlom kʰunɑ ɑr jɑhɑede-e kʰun uni d̪o bicɑrre d̪ɑyike hoyok'ɑ,"Do not kill, and whoever kills will be liable to judgment.",,PROHIB Kill And Whoever-EMPH-3SG:SUBJ Kill 3SG TOP Court-LOC Liable Become-FIN
output_layoutA (1).csv,24,ɑcren boeʰɑ-e kurud̪ɑ-e mi ke mi hɔr ɑo bicɑrre d̪ɑyike hoyok'ɑ,Whoever is angry with his brother will be liable to the court.,,1SG-GEN Brother-3SG:SUBJ Angry-3SG:SUBJ One-CLFR One Man VOC Court-LOC Liable Become-FIN
output_layoutA (1).csv,25,ɑperen bɑiri-ko ɑud̪ɑrkope ente onko d̪oko tir pitok'ɑ,"Love your enemies, that they may be satisfied.",,2PL-GEN Enemy-PL Love-PL-2PL:SUBJ Because 3PL-PL TOP-PL Satisfy Become-FIN
output_layoutA (1).csv,1,hɔɽmɔɾɛ gid̪ɾɘ hɛʲc̚ʔ t̪a.jɔm t̪a.jɔmge gɔgɔ hɔɽaʔ ɖakt̪aɾ ʈʰɛʲc̚ʔ calaʔ ɟɘɾuɽ-a,A pregnant woman (mother) should visit a doctor immediately right after conception.,,body-LOC child come-INTR after-after-EMPH mother-person-GEN doctor-near-LOC go-INTR necessary-FIN
output_layoutA (1).csv,2,nɔŋkan ɔkt̪ɛɾɛ kɘʈiʲc̚ʔ lɘʈu ɟãhãlɛkan ɾu̯͡ɘge baŋ pɔsɽa͡o̯ ho.jo-a,Any minor ailment should not be neglected during this time.,,such time-LOC small-INTR small any-like illness-EMPH NEG neglect become-FIN
output_layoutA (1).csv,3,no̯͡a ɔkt̪ɛɾɛ ganɔʔ baŋ ganɔʔ kɘmiko d̪ɔ ɖak̚t̪aɾ ʈʰɛn-kʰɔn baɖa͡i̯ɟɔŋ ho.jo-a,It is better to know from the doctor what needs to be done at this time.,,this time-LOC necessary-INTR NEG necessary-INTR work-PL TOP doctor near-ABL know-1SG.OBJ become-FIN
output_layoutA (1).csv,4,ɔna ɔkt̪ɛ cɛt̪̚ʔ cɛt̪̚ʔ ɟɔm lɛkʰan gid̪ɾɘ aɾ gɔgɔ hɔɽaʔ boge ho.jo-a ɔnahɔ̃ ɲɛl ho.jo-a,"In this time, attention should be paid to what kind of food one gives the mother to eat so that both the baby and the mother will be well.",,that time what-INTR what-INTR eat if child and mother-person-GEN good become-FIN that-also see become-FIN
output_layoutA (1).csv,5,ɟahan hamal kɘmi kɘmi͡i̯ d̪ɔ pɛɾɛʲc̚ʔ hɔɽmɔ gɔgɔ hɔɽaʔ baŋ ganɔ-a,A pregnant mother should not do any heavy work.,,any heavy work work TOP pregnant-INTR body mother-person-GEN NEG necessary-FIN
output_layoutA (1).csv,6,hamal hɔɽmɔ gɔgɔ-hɔɽ d̪ɔ bʰage bʰage ɟɔm ɲu em-a-ko ho.jo-a,A pregnant mother should always be given nutritious/good food.,,pregnant body mother-person TOP good good eat drink give-FIN-3PL.OBJ become-FIN
output_layoutA (1).csv,7,no̯͡a ɔk̚t̪ɛ bɛgɔɾ ɟɔm-t̪ɛ baŋ t̪ãhɛ̃n ho.jo-a,During this time fasting is not permitted.,,this time without eat-CVB NEG stay become-FIN
output_layoutA (1).csv,8,gɔgɔ hɔɽaʔ hɔɽmɔ ɟɛnɔ ɘɖi ɟɘst̪i baŋ hamal-ɔʔ-t̪a͡i̯ ɔnt̪ɛ-hɔ̃ ɲɛl ho.jo-a,We have to be careful so that the mother's body does not become too heavy.,,mother-person-GEN body so.that very much NEG heavy-MID-3SG.OBJ that.side-also see become-FIN
output_layoutA (1).csv,9,hɔɽmɔ ɘɖi ɟɘst̪i hamal lɛn-kʰan uni gɔgɔ hɔɽaʔ a͡i̯mãlɛkan ɾu̯͡ɘ haso ho͡i̯ d̪aɽe.j-aʔ-a,"If the pregnant woman's body becomes too heavy, various diseases can attack.",,body very much heavy become-COND 3SG mother-person-GEN many-like illness-pain become can-INTR-FIN
output_layoutA (1).csv,10,ɟohaɾ ɖak̚t̪aɾ-ɛm mɛn-ɛd̪-a,"Hello, (Greetings)! Is the Doctor speaking?",,greeting doctor-2SG say-IPFV-FIN
output_layoutA (1).csv,11,hɛɲ mɛn-ɛd̪-a,"Yes, I am speaking.",,yes-1SG say-IPFV-FIN
output_layoutA (1).csv,12,iɲ-ɾɛn kɔɽa gid̪ɾɘ-ɔ̯͡aʔ huʈgɘɾi-t̪ɛ mãnd̪a aɾ ciɖiɾ ɛhɔb-akan-t̪a-ja,My son got attacked by a sudden cold and diarrhoea.,,1SG-GEN.ANIM male child-3SG.GEN suddenly-INSTR cold and diarrhoea begin-PRF-PRES-3SG
output_layoutA (1).csv,13,am-ɾɛn gid̪ɾɘ-ɔ̯͡aʔ t̪inɘʔ umɘɾ,How old is your child?,,2SG-GEN.ANIM child-3SG.GEN how.much age
output_layoutA (1).csv,14,uni-jaʔ umɘɾ gɛl cand̪o,He is 10 months old.,,3SG-GEN age ten month
output_layoutA (1).csv,15,uni-jaʔ hɔɽmɔ-ɾɛ cɛt̪̚ʔ ɾu̯͡ɘ mɛna-a,Does he have a fever?,,3SG-GEN body-LOC what-INTR illness EXIST-FIN
output_layoutA (1).csv,16,hɔɽmɔ-ɾɛ ɾu̯͡ɘ bɘnu-a t̪ɔbɛ hɔɽmɔ t̪ʰɔɽa lɔlɔ-ge mɛna-a,"Not a fever, but his body is slightly warm.",,body-LOC fever NEG.EXIST-FIN but body little hot-EMPH EXIST-FIN
output_layoutA (1).csv,17,gid̪ɾɘ-ɔ̯͡aʔ ni̯͡ɘ halɔt̪̚ʔ t̪inɘʔ d̪in-kʰɔn,How long has this condition been for the child?,,child-3SG.GEN this condition-INTR how.much day-ABL
output_layoutA (1).csv,18,hɔla ɲind̪ɘ-kʰɔn ni̯͡ɘ halɔt̪̚ʔ ɛhɔp-akan-t̪a-ja,This situation started from last night.,,yesterday night-ABL this condition-INTR begin-PRF-PRES-3SG
output_layoutA (1).csv,19,set̪aʔ-kʰɔn uni t̪inɘʔ-d̪ʰa͡o̯-ɛ ʈɘnɖi-jakad-a,How many times has he defecated since morning?,,morning-ABL 3SG how.much-time-3SG defecate-PRF.TR-FIN
output_layoutA (1).csv,20,set̪aʔ-kʰɔn uni mɔ̃ɽɛ-d̪ʰa͡o̯-ɛ ʈɘnɖi-jakad-a,He has defecated 5 times since morning.,,morning-ABL 3SG five-time-3SG defecate-PRF.TR-FIN
output_layoutA (1).csv,21,ʈɘnɖi-t̪ɛt̪̚ʔ d̪ɔ cɛt̪̚ʔ lɛhɛɾ-ge-ja sɛ kɛʈɛʲc̚ʔ-ge-ja,Is the stool thin or thick?,,stool-NMLZ-INTR TOP what-INTR thin-EMPH-3SG or hard-INTR-EMPH-3SG
output_layoutA (1).csv,22,ɘɖi ɟɘst̪i d̪ɔ baŋ lɛhɛɾ-a,Not too thin.,,very much TOP NEG thin-FIN
output_layoutA (1).csv,23,sɛla.jin ɲu uc-u-jɛ-m,Give him saline to drink.,,saline drink CAUS-give-3SG-2SG.IMP
output_layoutA (1).csv,24,ɖab ɾɛ-jaʔ d̪aʔ hɔ̃ ɲu oc-o d̪aɽe-jɔ-a-ja,You can also give him coconut water to drink.,,coconut LOC-GEN water also drink CAUS-MID can-MID-FIN-2SG
output_layoutA (1).csv,25,aɾ ɾu̯͡ɘ t̪ahɛ̃n-kʰan ni.jɘ ɾan-ɛm ɟɔm-oc-o͡i̯-a,"And, if he has a fever, give him [this] medicine.",,and fever stay-COND this medicine-2SG eat-CAUS-3SG-FIN
output_layoutA (1).csv,26,ɾan aɾ kɔɽam ɾɛ-jaʔ t̪o̯͡a baɾhɛ cɛt̪̚ʔ gid̪ɾɘ d̪ɔ ɟɘ͡o̯ d̪aka-ɲ ɟɔm-oc-o d̪aɽe-jɔ-a-ja,Should I feed the baby rice porridge in addition to the medicine and breast milk?,,medicine and breast LOC-GEN milk besides what-INTR child TOP porridge rice-1SG eat-CAUS-MID can-MID-FIN-3SG
output_layoutA (1).csv,27,ɟɘɾuɽ bɘnu-a,No need to do that.,,necessary NEG.EXIST-FIN
output_layoutA (1).csv,28,am-d̪ɔ a͡i̯ma saɾha͡o̯ ɟohaɾ,"Thank you, (Greetings).",,2SG-TOP many thanks greeting
output_layoutA (1).csv,29,alɛ ɔɽaʔ aɽɛ-ɾɛ mit̪̚ʔʈɛʲc̚ʔ lɘʈu-gi mãt̪̚ʔ t̪ʰɔp̚ʔ mɛna-a,There is a big bamboo forest next to our house.,,1PL.EXCL house side-LOC one-INTR-CLF-INTR big-EMPH bamboo-INTR thicket EXIST-FIN
output_layoutA (1).csv,30,ɔnɖɛ d̪ɔ baɖa͡i̯ baŋ baɖa͡i̯ nãnã-hunɘɾ cɛ̃ɽɛ̃-ko t̪ahɛ̃n-a,Many types of known and unknown birds live there.,,there TOP know NEG know various-kind bird-3PL stay-FIN
output_layoutA (1).csv,31,d̪inɘm-hilɘʔ set̪aʔ-ɾɛ cɛ̃ɽɛ̃-ko-aʔ cɛɾɔbɛɾɔ aɲɟɔm-t̪ɛ alɛ d̪ɔ-lɛ ɛbʰɛn-ɔʔ-a,Every morning we wake up to the chirping of those birds.,,every-day morning-LOC bird-3PL-GEN chirping hear-CVB 1PL.EXCL TOP-1PL.EXCL wake-MID-FIN
output_layoutA (1).csv,32,cɛ̃ɽɛ̃-ko-aʔ cɛɾɔbɛɾɔ aɲɟɔm-t̪ɛ alɛ-jaʔ mɔn d̪ɔ ɾɘs-kɛ-t̪ɛ pɛɾɛɟ-ɔʔ-a,Hearing the birds' chirping makes you feel better.,,bird-3PL-GEN chirping hear-CVB 1PL.EXCL-GEN mind TOP joy-INTR-INSTR fill-MID-FIN
output_layoutA (1).csv,33,ɔŋko mut̪̚ʔ-ɾɛ kɘʈiʲc̚ʔ ut̪ɘɾiʔ cɛ̃ɽɛ̃-jaʔ ɲut̪um d̪ɔ pʰecaʔ,The Warbler is the tiniest bird among all the birds.,,3PL.PROX among-INTR-LOC small-INTR most bird-GEN name TOP warbler
output_layoutA (1).csv,34,noko d̪ɔ ba-ko d̪uɽup̚ʔ t̪ʰiɾ-u-a mit̪̚ʔ ɖɘɾ-kʰɔn ɛʈaʔ ɖɘɾ-ko uɖɘ͡o̯ baɽa-ja,"They do not sit in one place, but fly from one branch to another branch of trees.",,3PL.PROX TOP NEG-3PL sit-INTR stay-3SG-FIN one-INTR branch-ABL other branch-3PL fly wander-3SG
output_layoutA (1).csv,35,ɲɛl-kat̪ɛ-m mɛn-kɛ-a ɛnɛɟ-ɔʔ-t̪i-gi mɛnaʔ-ko-a,They seem to be always dancing.,,see-CVB-2SG say-PFV-FIN dance-MID-CONT-EMPH EXIST-3PL-FIN
output_layoutA (1).csv,36,onko-kʰɔn lɘʈu macʰi cɛ̃ɽɛ̃-jaʔ ɲut̪um d̪ɔ gʰa͡o̯ɽa,A little bigger bird than them is called the Sparrow.,,3PL-ABL big some bird-GEN name TOP sparrow
output_layoutA (1).csv,37,uŋko-hɔ̃ pʰecaʔ cɛ̃ɽɛ̃-lɛka hana ɖɘɾ nʰa͡o̯-a ɖɘɾ-ku uɖɘ͡o̯ baɽa-ja,They also fly from branches to branches like the Warbler.,,3PL-also warbler bird-like that branch new-INAN branch-3PL fly wander-3SG
output_layoutA (1).csv,38,aɾ mit̪̚ʔ-lɛkan kɘʈiʲc̚ʔ cɛ̃ɽɛ̃-ɔ̯͡aʔ ɲut̪um d̪ɔ hojoʔ-kana hisi cɛ̃ɽɛ̃,Another type of small bird is called the Weaver.,,and one-INTR-like small-INTR bird-3SG.GEN name TOP become-PROG.FIN weaver bird
output_layoutA (1).csv,39,oŋko d̪ɔ d̪aɾɛ ɖɘɾ-ɾɛ ɘɖi mɔ̃ɟ mɔ̃ɟ t̪ukɘ-ku bɛna-ɔ̯͡a,They can make very beautiful nests in the tree branches.,,3PL TOP tree branch-LOC very beautiful beautiful nest-3PL make-3SG.OBJ
output_layoutA (1).csv,40,aɾ uŋko-kʰɔn t̪ʰɔɽa lɘʈu cɛ̃ɽɛ̃-jaʔ ɲut̪um d̪ɔ hojoʔ-kana ʈiʔʈɔɽɔ̃ʔ,A little bigger bird than them is the Nightingale.,,and 3PL-ABL little big bird-GEN name TOP become-PROG.FIN nightingale
output_layoutA (1).csv,41,nɔŋkan cɛ̃ɽɛ̃ ɘɖi mɔ̃ɟ cɛɾɔbɛɾɔ-ko sɛɾɛɲ-a,This bird can sing very well.,,such bird very good chirping-3PL sing-FIN
output_layoutA (1).csv,42,ɔka d̪ɔ gid̪ɾɛ-ko cɛ̃ɽɛ̃ t̪ukɘ-ku ɾɘp-ud̪-a aɾ uŋko-ɾɛn hɔpɔn-ko t̪i.jɘʔ-ko-a,Many times children break the nests of the birds and steal their babies.,,where TOP child-3PL bird nest-3PL break-TR-FIN and 3PL-GEN.ANIM offspring-3PL steal-3PL-FIN
output_layoutA (1).csv,43,onat̪ɛ cɛ̃ɽɛ̃-ku d̪ɔ ɘɖi d̪uk̚-ku ɲãm-a,The birds suffer a lot because of this.,,therefore bird-3PL TOP very pain-3PL get-FIN
output_layoutA (1).csv,44,cɛ̃ɽɛ̃-ko-aʔ bɘɽiʲc̚ʔ hojoʔ nɔŋkan kɘmi kɘmi͡i̯ d̪ɔ baŋ leːka,Birds should not be harmed/ not good to harm the birds.,,bird-3PL-GEN harm-INTR become such work work TOP NEG good
output_layoutA (1).csv,1,iɲd̪ɔ pʰuʈbɔliɲ gat̪e.a aɾ iɲ bɔ͡i̯ha d̪ɔ kɾikeʈɛ gat̪e.a,I play football and my brother plays cricket.,,1SG-TOP football-OBJ play-FIN and 1SG brother-TOP cricket-LOC play-FIN
output_layoutA (1).csv,2,alɛ at̪oɾɛ cand̪oɾɛ mit̪̚ʔd̪ʰa͡o̯ seɾeɲ akʰɾa hojo.a mɛnkʰan d̪ald̪apal ho͡i̯lɛnkʰan ai̯͡mad̪in bɔnd̪o t̪ahɛ̃na,"In our neighbourhood a music session is held every month, but whenever a fight breaks out, it gets closed for many days.",,1PL.EXCL locality-LOC month-LOC one-time song gathering become-FIN but fight-fight happen-COND-COND many-day closed stay-TR-FIN
output_layoutA (1).csv,3,nit̪̚ʔ d̪ɔ iɲ ʈʰɛʲc̚ʔ ʈaka bɘnu.a ced̪aʔ ɟe hɔla miʔʈɛn gʰuɽiɲ kiɾiɲakad̪a,I don't have money right now because I bought a watch yesterday.,,now TOP 1SG hand.LOC money NEG-1SG.SUBJ-FIN because COMP yesterday one-OBL watch-OBJ buy-PFV-PST-FIN
output_layoutA (1).csv,4,d̪aɾe ɾɔhɔ͡i̯ d̪ɔ bʰage kɘmi kana aɾ d̪aɾe ɟɔt̪ɔn hɔ̃ ɟɘɾuɽge̯͡a,Planting trees is good and taking care of trees is also necessary.,,tree plant TOP good work COP.PROG-FIN and tree care also necessary-EMPH-FIN
output_layoutA (1).csv,5,iɲ d̪ɔ baske.jaʔ bɘɲ ɟɔmakad̪a ced̪aʔ ɟe iɲ ʈʰɛʲc̚ʔ ʈaka bɘnu.a,I have not had breakfast because I don't have money.,,1SG TOP morning-GEN NEG eat-PFV-PST-FIN because COMP 1SG hand.LOC money NEG-1SG.SUBJ-FIN
output_layoutA (1).csv,6,iɲ d̪ɔ ɘɖi gʰɘɽiʲc̚ʔiɲ t̪ɘŋgi.jakadi̯͡a t̪a͡o̯hɔ̃ bɘɲ ɲɛlɛkana,I have been sitting for a long time but there is still no sign of him.,,1SG TOP very hour-ABL-OBJ sit-PFV-PST.1SG still-also NEG see-PROG-FIN
output_layoutA (1).csv,7,uni sã͡o̯t̪ɛ iɲaʔ sɔmpɔɾkɔ baŋ bʰage̯͡a mɛnkʰan iɲ d̪ɔ uniɲ man manɔt̪e̯͡a,"Although I don't have a good relationship with him, I respect him.",,3SG with 1SG-GEN relationship NEG good-FIN but 1SG TOP 3SG-OBJ respect honour-APPL-FIN
output_layoutA (1).csv,8,uni hɔɽ d̪ɔ͡i̯ kisɘ̃ɽɾɛhɔ̃͡i̯ suk̚ bɘnuʔt̪a.ja,That man is rich but unhappy.,,3SG person TOP wealth-LOC-even happiness NEG.exist-3SG-FIN
output_layoutA (1).csv,9,alɛd̪ɔ pʰuʈbɔl gat̪elɛ cala͡o̯lena gaɖaɾɛlɛ ɖɘbɾɘ͡i̯ĕna inɘ t̪a.jɔm ɔɽaʔɾɛ hɛʲc̚ʔ kat̪ɛ ɟɔɟɔmlɛ d̪uɽup̚ʔĕna,"We went to play football, bathed in the river, then came home and sat to eat.",,1PL.EXCL-TOP football play-PST.PL go-1PL.PST river-LOC-PST.PL bathe-1PL.PST then after home-LOC arrive after eat-PST.PL sit-1PL.PST
output_layoutA (1).csv,10,iɲaʔ nao̯͡a iskul d̪ɔ ɘɖi mɔ̃ːɟa mɛnkʰan ɔna d̪ɔ alɛ ɔɽaʔkʰɔʲc̚ʔ ɘɖi sɘŋgiɲa,"My new school is very nice, but it is very far from my home.",,1SG-GEN new school TOP very beautiful-FIN but that TOP 1PL.EXCL home-ABL very far-INTR-FIN
output_layoutA (1).csv,11,iɲ gɔgɔ̯͡aʔ isin basaŋ d̪ɔ ɘɖigi sibila mɛnkʰan iɲɾɛn kɘʈiʲc̚ʔ bɔ͡i̯ha d̪ɔ ɔna ba͡i̯ kusiɔ̯͡aʔa,"My mother's cooking is very tasty, but my younger brother does not like to eat it.",,1SG mother-GEN hand food TOP very-EMPH delicious-FIN but 1SG-GEN younger brother TOP that eat-INF like-GEN-M-FIN
output_layoutA (1).csv,12,hĭɟuʔkan cʰuʈiɾɛ iɲd̪ɔ ɖʰakaɲ cala.a aɾ baŋkʰan sa͡i̯kel cala͡o̯iɲ ciːd̪a,On the next holiday I will go to Dhaka or else learn to ride a bicycle.,,next-PROG holiday-LOC 1SG-TOP Dhaka-OBJ go-FIN or NEG-COND bicycle ride-OBJ learn-INCH
output_layoutA (1).csv,13,iɲd̪ɔ baŋlat̪ɛ kat̪ʰaɲ ɾɔːɽa aɾ iŋɾeɟit̪ɛhɔ̃ katʰaɲ ɾɔɽ d̪aɽeo̯͡aʔa,I speak Bengali and can also speak English.,,1SG-TOP Bengali-INS word-OBJ speak-FIN and English-INS-also word-OBJ speak be.able-REFL-M-FIN
output_layoutA (1).csv,14,iɲ d̪ɔɲ kɘmi kana aɾ sumɔn d̪ɔ͡i̯ ɟɘpit̪̚ʔed̪a,I am working and Suman is sleeping.,,1SG TOP-OBJ work COP.PROG-FIN and Suman TOP sleep-3SG.SUBJ-PST
output_layoutA (1).csv,15,mɛlaɾɛɲ d̪aɽankan t̪ahɛ̃na ac̚kagi uniɲ ɲɛlɲamked̪e̯͡a,I was walking at the fair and suddenly I saw him.,,fair-LOC-OBJ walk-PROG stay-TR-FIN suddenly-EMPH 3SG-OBJ see-BEN-PST.3SG-FIN
output_layoutA (1).csv,16,am d̪ɔ pasɛn bam pɘt̪jɘ͡o̯ăʔa mɛnkʰan no̯͡age sɘɾi.jaʔkana,"You may not believe it, but this is the truth.",,2SG TOP perhaps NEG-2SG.SUBJ believe-IRREAL-M-FIN but this-EMPH truth-PROG-FIN
output_layoutA (1).csv,17,am calaʔ kʰaʲc̚ʔ calaʔmɛ iɲ d̪ɔ baŋ,You may go if you wish; I will not go.,,2SG go-M wish go-IMP.2SG 1SG TOP NEG
output_layoutA (1).csv,18,uni.jaʔ muʈʰɘn ɲɛlt̪igiɲ buɟhɘ͡o̯d̪a ɟe uni͡i̯ komɽo̯͡akaʔa,I understood from his facial expression that he had stolen.,,3SG-GEN face see-CAUS-EMPH-OBJ understand-PST.1SG COMP 3SG-3SG.OBJ steal-REFL-PFV-M-FIN
output_layoutA (1).csv,19,iɲ baba ɘɖi kɘʈiʲc̚ʔ t̪ahɛ̃kanɾegi iɲ haɽamba d̪ɔ͡i̯ gɔʲc̚ʔĕna,My grandfather died when my father was very young.,,1SG father very young stay-PROG-LOC-EMPH 1SG grandfather TOP die-1PL.PST
output_layoutA (1).csv,20,nɔʔɔ͡i̯pɛ ɲɛlɛʔ ɔɽaʔ d̪ɔ alɛ.jaʔkana,This house that you are seeing is ours.,,this-PL see-M house TOP 1PL.EXCL-GEN-PROG-FIN
output_layoutA (1).csv,21,ɔkaʈaʔ kat̪ʰam ɾɔɽkɛt̪̚ʔ ɔna d̪ɔɲ baɖa͡i̯ge̯͡a,"The thing that you said, that I know.",,which-thing word-2SG.POSS say-PST.2SG that TOP-OBJ know-EMPH-FIN
output_layoutA (1).csv,22,koʈʰin kɘmikanɾɛhɔ̃ no̯͡ad̪ɔɲ kuɾumuʈu.ja,"Although the task is difficult, I will still try to do it.",,difficult work-PROG-LOC-even this-TOP-OBJ try-FIN
output_layoutA (1).csv,23,ɔɽaʔɛm hɛʲc̚ʔakanɾɛd̪ɔ d̪ɛlalaŋ d̪ãɽa ɘgu.ja,"Since you have come home, let us roam around.",,home-2SG.POSS arrive-PFV-PROG-LOC-TOP let.us-1PL.EXCL.HORT around go-FIN
output_layoutA (1).csv,24,am mam besge d̪ɛla ad̪ɔ pʰuʈbɔl gat̪elaŋ cala.a,"Since you are healthy, let us go and play football.",,2SG body good-EMPH let.us then football play-1PL.EXCL.HORT go-FIN
output_layoutA (1).csv,25,alɛ.jaʔ pɘɾsit̪ɛ ɔkaʈaʔiɲ siɾiɲkɛt̪̚ʔ ɔna d̪ɔ d̪ulɘɾ ɾe.jaʔ siɾiɲ kana,The song I sang in our language is a love song.,,1PL.EXCL-GEN language-INS which-thing-OBJ sing-PST.1SG that TOP love regarding-GEN song COP.PROG-FIN
output_layoutA (1).csv,26,aɾhɔm hɛʲc̚ʔlɛnkʰan iɲ lɘgiʔ cɔk̚lɛʈ ɘgu t̪aɾa͡i̯mɛ,"If you come again, bring chocolate for me.",,again-2SG.SUBJ arrive-PST-COND 1SG for-M chocolate bring give-IMP.2SG
output_layoutA (1).csv,27,am nɔnɖɛm t̪ahɛ̃n no̯͡ad̪ɔɲ baɽ͡ai̯kan t̪ahɛ̃ge̯͡a,I already knew that you live here.,,2SG here-2SG.POSS stay-TR this-TOP-OBJ know-PROG stay-EMPH-FIN
output_layoutA (1).csv,28,iɲaʔ pɘt̪.jɘ͡o̯ t̪ahɛ̃kana ɟe am no̯͡am kɘmi d̪aɽe.jaʔa,I had faith that you could do this work.,,1SG-GEN faith stay-PROG-FIN COMP 2SG this-2SG.POSS work be.able-REFL-FIN
output_layoutA (1).csv,29,am bam d̪aɽe.jaʔkʰan ɔna kɘmi d̪ɔ alɔm kɘmi̯͡a,"If you can't do it, don't do the work.",,2SG NEG-2SG.SUBJ be.able-REFL-COND that work TOP NEG-2SG.IMP work-FIN
output_layoutA (1).csv,30,isin basaŋɛt̪̚ʔkan kuɽi d̪ɔ iɲ bɔ͡i̯ha kana͡i̯,The girl who is cooking is my sister.,,food cook-NMLZ-PROG girl TOP 1SG sibling COP-FIN-EMPH
output_layoutA (1).csv,31,am bam hiɟuʔt̪ɛ d̪ɔ iɲhɔ̃ bɘɲ cala.a,Just because you are not coming does not mean I will not go either.,,2SG NEG-2SG.SUBJ come-APPL TOP 1SG-also NEG go-FIN
output_layoutA (1).csv,32,iɲ ɔɽaʔ hɛʲc̚ʔ t̪ɔɾage iɲ gɔgɔ d̪ɔ iɲ ɛgɛɾɛ ɛhɔp̚ʔena,"As soon as I came home, my mother started scolding me.",,1SG home arrive immediately-EMPH 1SG mother TOP 1SG face-LOC scold-PST.3SG
output_layoutA (1).csv,33,ɲind̪ɘ baŋ ɟɘpit̪̚ʔkat̪ɛɲ paɽhaʔt̪ɛ biɖɘ͡o̯ɾɛ iɲ boge kuɽɘ͡.jiɲ ɲamked̪a,"Studying sleeplessly at night, I got good results in the exam.",,sleep NEG sleep-PST.SEQ-OBJ study-APPL night-LOC 1SG good result-OBJ receive-PST.3SG
output_layoutA (1).csv,34,ɟa͡o̯gʰɘɽi paɽhaʔmɛ ɛnkʰan am gɔgɔbaba d̪ɔ bʰage gid̪ɾɘkin mɛt̪ama,Always study; then your parents will call you a good child.,,always study-IMP.2SG then 2SG mother-father TOP good child-DU call-2SG.OBJ-FIN
output_layoutA (1).csv,35,iɲ ɔka nakʰaɾɛɲ t̪ahɛ̃nkan ɔnɖɛnko ɟɔt̪ɔhɔɽko opoɾomiɲɘ,Many people in the area where I live know me.,,1SG which area-LOC-OBJ stay-TR-PROG that-PL all-person-PL know-1SG.OBJ-OBJ-FIN
output_layoutA (1).csv,36,amiɲ met̪aʔmɛɾɛhɔ̃ ced̪aʔ bam hɛʲc̚ʔlena,I told you to come; why didn't you come?,,2SG-OBJ say-IMP.2SG-LOC-even why NEG-2SG.SUBJ arrive-PST.PL
output_layoutA (1).csv,37,hɔla ɟe iskul bɔnd̪ɔ t̪ahɛ̃kan ɔna bɘɲ baɖa͡i̯kan t̪ahɛ̃na,I did not know that the school was closed yesterday.,,yesterday COMP school closed stay-PROG that NEG know-PROG stay-TR-FIN
output_layoutA (1).csv,38,alɛ d̪ɔ baɾ bɔ͡i̯ha kɔɽa aɾ pɛ bɔ͡i̯ha kuɽi,We are two brothers and three sisters.,,1PL.EXCL TOP two sibling male and three sibling female
output_layoutA (1).csv,39,iɲaʔ iskul d̪ɔ nɔnɖɛ kʰɔn pɛ ma.jel sɘŋgiɲa,My school is three miles away from here.,,1SG-GEN school TOP here ABL three mile far-INTR-FIN
output_layoutA (1).csv,40,nit̪̚ʔ iɲʈʰɛʲc̚ʔ d̪ɔ cɛʈ̪̚ʔ ʈaka hɔ̃ bɘnu.a,Right now I don't have any money at all.,,now 1SG-hand.LOC TOP any money also NEG-1SG.SUBJ-FIN
output_layoutA (1).csv,41,baɟaɾɾɛ ɟinis pot̪̚ɾɔ ɾe.jaʔ d̪am ɘɖi ɟɘst̪i,The price of goods in the market is very high.,,market-LOC goods thing regarding-GEN price very high
output_layoutA (1).csv,42,gɛlbaɾ cand̪oɾɛ mit̪̚ʔ sɛɾma ho.jo.a,Twelve months make one year.,,twelve month-LOC one year become-FIN
output_layoutA (1).csv,43,i.ja͡i̯ mahaɾɛ mit̪̚ʔ hap̚t̪a ho.jo.a,Seven days make one week.,,seven day-LOC one week become-FIN
output_layoutA (1).csv,44,alɛ at̪oɾɛ cand̪oɾɛ mit̪ʔʈɛʲc̚ʔ seiɾiɲ akʰɽa ho.jo.a,In our neighbourhood a music session is held once every month.,,1PL.EXCL locality-LOC month-LOC one-time song-OBJ gathering become-FIN
output_layoutA (1).csv,45,pɘɾsit̪ɛ abu d̪ɔ abu͡aʔ mɔn ɾe.jaʔ katʰabo ɟɘhiɾa,Through language we express the thoughts of our minds.,,language-INS 1PL.INCL TOP 1PL.INCL-GEN mind regarding-GEN talk-PL express-FIN
output_layoutA (1).csv,46,gat̪i kʰilɘʈ d̪ɔ hɔɽmɔ lagit̪̚ʔ bʰage̯͡a,Sports are good for the body.,,play sport TOP body-DAT for good-FIN
output_layoutA (1).csv,1,cɛʔlɛkat̪ɛɲ gɔɽɔ d̪aɽeo̯͡ama,How may I help you?,,what-CVB-manner-1SG help do-FUT-2SG-FIN
output_layoutA (1).csv,2,iɲaʔ mɔbaĭl pʰoniɲ at̪̚ʔakad̪a,My mobile phone is lost.,,1SG-GEN mobile phone-1SG.OBJ lost-FIN-PST-FIN
output_layoutA (1).csv,3,ɔna pʰɔn d̪ɔ ɘɖi ɟɘɾuɽt̪iɲ ced̪aʔ ɟe ɔna pʰonɾɛ ɘɖi ɟɘɾuɽ ɟɘɾuɽ pʰɔʈɔ mena.a,"That phone is very much needed, because I have many important pictures in there.",,DEM.DIST phone TOP very important-1SG because COMP DEM.DIST phone-LOC very important important photo exist-FIN
output_layoutA (1).csv,4,cekat̪ɛm at̪̚ʔked̪a,How did you lose it?,,how-manner-2SG lost-PST-FIN
output_layoutA (1).csv,5,basɾɛ d̪ɛɟoʔ ɟɔkʰɛʲc̚ʔ iɲaʔ gubliɾɛɲ d̪ɔhɔleda,I put it in my pocket while boarding the bus.,,bus-LOC board-CVB get_on-CVB 1SG-GEN pocket-LOC-1SG put-PST-FIN
output_layoutA (1).csv,6,bas kʰɔn pʰɛɖ̚kat̪ɛ ɔna d̪ɔ aɾ bɘɲ send̪ɾa ɲam led̪a,I couldn't find it anymore after getting off the bus.,,bus ABL descend-CVB DEM.DIST TOP more NEG search find-PLUP-FIN
output_layoutA (1).csv,7,ho͡i̯ d̪aɽe.jaʔa gubli kʰɔn ɲuɾena aɾ baŋkʰan gubli kʰɔn kumɾu.jɛnt̪ama,"It may have fallen out of the pocket, or someone has stolen it from the pocket.",,may be-FUT-FIN pocket ABL fall-PST-FIN or NEG-COND pocket ABL steal-PST-3SG-FIN
output_layoutA (1).csv,8,amd̪ɔ miʔʈɛʲc̚ʔ ɟiɖi͡i̯ ho.joʔt̪ama,You have to file a GD.,,2SG-TOP one-CLSSFR GD do-must-FUT-FIN
output_layoutA (1).csv,9,ɟiɖi͡i̯ lɘgit̪̚ʔ amaʔ ɟat̪i̯͡o oɾom kagɔc̚ aɾ mɔbaĭl pʰon ɾe.jaʔ a͡i̯.em.i.a͡i̯ nɔmbɔɾ laga.a,To file a GD you will need your national identity card and the IMEI number of the mobile phone.,,GD for 2SG-GEN national identity document and mobile phone LOC-GEN IMEI number need-FIN-FIN
output_layoutA (1).csv,10,iɲaʔ ɟati̯͡ɔ̯ oɾom kagɔɟ d̪ɔ mena.a mɛnkʰan iɲaʔ mɔbaĭl pʰon ɾejaʔ a͡i̯.em.i.a͡i̯ nɔmbɔɾ d̪ɔ ɔkaɾɛɲ ɲama,"I have a national identity card, but where do I get the IMEI number?",,1SG-GEN national identity document TOP exist-FIN but 1SG-GEN mobile phone LOC-GEN IMEI number TOP where-LOC-1SG get-FIN
output_layoutA (1).csv,11,amaʔ mɔbaĭl pʰon ɾejaʔ pekeʈ̚ ɾigi ona nɔmbɔɾ d̪ɔ ɔl mena.a,That number is written on your mobile phone's packet.,,2SG-GEN mobile phone LOC-GEN packet LOC-EMPH DEM.DIST number TOP write exist-FIN
output_layoutA (1).csv,12,t̪ahɔlɛ iɲd̪ɔ aːɾhɔ̃ ɔɽaʔ calaʔ ho.joʔt̪iɲɘ,Then I have to go home again.,,then 1SG-TOP again-EMPH home go-CVB must-FUT-1SG-FIN
output_layoutA (1).csv,13,mɛnkʰan iɲma bɘɲ ɔːl d̪aɽeʔ,But I cannot write!,,but 1SG-EMPH NEG write be_able-FIN
output_layoutA (1).csv,14,baŋ ceka.a,No problem.,,NEG problem-FIN
output_layoutA (1).csv,15,nɔnɖɛ ɔkɔ͡i̯ opʰisaɾɛ t̪ahɛ̃n unigi ɟiɖid̪ɔ͡i̯ ɔl gɔɽɔɔ̯͡ama,The officer who will be here will help you write the GD.,,here who officer-LOC stay.3SG 3SG-EMPH GD-TOP write do-FUT-2SG-FIN
output_layoutA (1).csv,16,d̪isɘ kat̪ɛt̪̚ʔ ɟiɖi ɾi.jaʔ miʔʈɛʲc̚ʔ pʰɔʈɔkɔpi sɔŋgɛt̪ɛm id̪i t̪aɾa.ja,Remember to take a photocopy of the GD with you.,,remember CVB GD LOC-GEN one-CLSSFR photocopy together-2SG take go-FUT
output_layoutA (1).csv,17,maː t̪ɔbɛ a͡i̯ma saɾha͡o̯,Thank you very much.,,well then very thank_you
output_layoutA (1).csv,18,iɲ d̪ɔ ɖʰakaɲ cala.a,I will go to Dhaka.,,1SG TOP Dhaka-DIR go-FIN-FIN
output_layoutA (1).csv,19,ɖʰaka calaʔ lɘgit̪̚ʔ apɛ.jaʔ ɟahan gɘɖi mena.a,Do you have any vehicle going toward Dhaka?,,Dhaka go-CVB for 2PL-GEN any vehicle exist-FIN
output_layoutA (1).csv,20,hɛ̃ mɛnaʔge̯͡a,"Yes, there is.",,yes exist-EMPH-FIN
output_layoutA (1).csv,21,am d̪ɔ t̪inɾɛ calaʔɛm mɛned̪a,When do you want to leave?,,2SG TOP when-LOC go-CVB-2SG think-FIN
output_layoutA (1).csv,22,t̪ikin ɾe.jaʔ gɘɖi ɲamlɛnkʰan bʰage ho͡i̯ko.a,It would be better for me to get the afternoon vehicle.,,afternoon LOC-GEN vehicle get-PLUP-COND good be-3PL-FIN
output_layoutA (1).csv,23,ikɘkɘɲmɛ,Excuse us.,,excuse-2SG.IMP
output_layoutA (1).csv,24,alɛ d̪ɔ t̪ikin ɾe.jaʔ ɟahan gɘɖi bɘnuʔ t̪alɛ̯͡a,We don't have any vehicles this afternoon.,,1PL.EXCL TOP afternoon LOC-GEN any vehicle NEG-INAN exist-FIN
output_layoutA (1).csv,25,set̪aʔ aɾ ɲind̪ɘd̪ɔm cala͡o̯ d̪aɽe.jaʔa,You can go in the morning and at night.,,morning and night-TOP-2SG go-CVB be_able-GEN-FIN
output_layoutA (1).csv,26,ɲind̪ɘ d̪ɔ gɘɖi t̪inɾɛpɛ aɽaga,What time does the night vehicle leave?,,night TOP vehicle when-LOC-2PL.IMP depart-FIN
output_layoutA (1).csv,27,ɲind̪ɘ saɽɛ d̪ɔsʈasɛʲc̚ʔ bas ʈaɾminalkʰɔn gɘɖiko aɽaga,The vehicle will leave the bus terminal at 10:30 PM.,,night half ten bus terminal-ABL vehicle-3PL depart-FIN
output_layoutA (1).csv,28,amd̪ɔ ponɛ d̪ɔsʈasɛʲc̚ʔ ka͡u̯nʈaɾɾɛm t̪ahɛ̃na,You will be at the counter by 09:45 PM.,,2SG-TOP quarter_to ten counter-LOC-2SG stay-FIN
output_layoutA (1).csv,29,ʈikiʈ̚ t̪inɘʔ kat̪ɛ,How much is the ticket?,,ticket how_much how
output_layoutA (1).csv,30,mɔ̃ɾɛ sã͡i̯ mɔ̃ɽɛgɛl ʈaka,BDT 550.,,five hundred fifty taka
output_layoutA (1).csv,31,d̪a.jakat̪ɛ iɲ d̪ɔ mit̪̚ʔʈɛʔ ʈikiʈ̚ imɘɲpɛ,Please give me a ticket.,,please-CVB 1SG TOP one-CLSSFR ticket give-1SG.OBJ-2PL.IMP
output_layoutA (1).csv,32,nɔʔɔ͡i̯t̪am amaʔ ʈikiʈ̚ d̪ɔ,Here is your ticket.,,take-here-2SG 2SG-GEN ticket TOP
output_layoutA (1).csv,33,ma t̪ɔbɛ mɔ̃ɟt̪ɛ calaʔmɛ,May you go safely.,,well then safe-CVB go-CVB-2SG.IMP
output_layoutA (1).csv,34,gid̪ɾɘku sikʰnɘt̪̚ʔɾe.jaʔ ɟɘɾuɽ cɛt̪̚ʔkana baɖa.japɛ,"Students, do you know the purpose of education?",,child-3PL education-CVB-LOC-GEN purpose what-COP know-FIN-FUT-2PL.IMP
output_layoutA (1).csv,35,balɛ baɖa.ja mahasɔ͡i̯,"We don't know, sir.",,NEG-1PL.EXCL know-FIN-FIN teacher.HON
output_layoutA (1).csv,36,sikʰnɘt̪̚ʔ lɘgit̪̚ʔ d̪ɔ cɔlɔn pɔɾiboɾt̪ɔn lɘgit̪̚ʔ kana,The purpose of education is to change behavior.,,education-CVB for TOP behavior change for COP
output_layoutA (1).csv,37,ɔna ijɘt̪ɛ t̪eheɲ d̪ɔ abu klasɾɛ cal cɔlɔn ni̯͡ebu galmaɾao̯͡a,That's why today we will talk about manners and etiquette in class.,,DEM.DIST reason-CVB today 1PL.INCL class-LOC conduct behavior CAUS-1PL.INCL talk-FUT-FIN
output_layoutA (1).csv,38,mãhasɔ͡i̯ alɛ d̪ɔ cɛt̪̚ʔko cet̪̚ʔ hojoʔ tale.ja,"What do we have to learn, sir?",,teacher.HON 1PL.EXCL TOP what-3PL what must-be FUT-FIN
output_layoutA (1).csv,39,klasɾɛ mãhasɔ.jɛ bɔlɔlɛnkʰan ɟɔt̪ɔko t̪eŋgokat̪ɛ ɟohaɾa͡i̯pɛ,"When the teacher enters the class, everyone will stand and salute him/her.",,class-LOC teacher-3SG enter-CVB-COND all-3PL stand-CVB salute-FIN-2PL.IMP
output_layoutA (1).csv,40,mãhasɔ͡i̯ alɛmalɛ noŋka͡i̯ge,"We do that, sir.",,teacher.HON 1PL.EXCL-EMPH that-EMPH-EMPH
output_layoutA (1).csv,41,mãhasɔ̯͡i̯ alɛ d̪ɔ aɾ cɛt̪̚ʔ cɛt̪̚ʔ ceka͡i̯ hojoʔt̪alɛ.ja,"What else do we need to do, sir?",,teacher.HON 1PL.EXCL TOP more what what do-FIN must-be-FUT-FIN
output_layoutA (1).csv,42,apɛ apɛ gɔpɔɽɔʔpɛ,You will help each other.,,2PL 2PL help-CVB-2PL.IMP
output_layoutA (1).csv,43,mɔ̃ɟt̪ɛ ɛʈaʔko̯͡aʔ kat̪ʰapɛ aɲɟɔma,Listen carefully to others.,,careful-CVB other-GEN-3PL-GEN speech-2PL listen-FIN
output_layoutA (1).csv,44,ɔko͡i̯ sã͡ɔ̯t̪ɛhɔ̃ alopɛ ɾɛʈʰa ɾɛʈʰi.a,You will not quarrel with anyone.,,anyone with-CVB-EMPH PROHIB-2PL quarrel-RED-FIN
output_layoutA (1).csv,45,apɛ lɘʈuko kɘʈiʲc̚ʔkopɛ d̪ulɘɽko̯͡a,Elders will show affection to the younger ones.,,2PL elder-3PL younger-3PL-2PL.IMP love-3PL-FIN
output_layoutA (1).csv,46,apɛ kɘʈiʲc̚ʔkohɔ̃ lɘʈukopɛ manɔt̪̚ʔko̯͡a,The younger ones shall respect the elders.,,2PL younger-3PL-EMPH elder-3PL-2PL.IMP respect-3PL-FIN
output_layoutA (1).csv,47,mãhasɔ͡i̯ kɘʈiʲc̚ʔko alɛ.jaʔ kat̪ʰa bako aɲɟɔm lɘgid̪ɔʔkʰan,"Sir, what if the younger ones do not listen to us?",,teacher.HON younger-3PL 1PL.EXCL-GEN speech NEG-3PL listen for-COND-COND
output_layoutA (1).csv,48,laha d̪ɔ buɟʰhɘ͡o̯ăkopɛ,"At first, explain it to them.",,first TOP explain-CVB-CVB-3PL-2PL.IMP
output_layoutA (1).csv,49,inɘ t̪a͡inɔm kat̪ʰa bako aɲɟɔmlɛkʰan sasɔnkopɛ,"Even then, if they don't listen, you will discipline them.",,after.that speech NEG-3PL listen-PLUP-COND discipline-3PL-2PL.IMP
output_layoutA (1).csv,50,buɟhɘ͡o̯ked̪alɛ mãhasɔ͡i̯,"Got it, sir.",,understand-CVB-PST-1PL.EXCL teacher.HON
output_layoutA (1).csv,51,hanɖɛ nanɖɛ kat̪o̯͡aɾko alɔpɛ giɖi.ja,Don't litter anywhere.,,here there waste-material-3PL PROHIB-2PL throw-FUT
output_layoutA (1).csv,52,ɖahaɾ paɾɔmɔʔ ɟɔkʰɛ banaɾsa ɲɛlkat̪ɛpɛ paɾɔmɔʔa,"When crossing the road, look carefully on both sides before crossing.",,road cross-CVB when both-side look-CVB-2PL cross-FIN
output_layoutA (1).csv,53,baŋkʰan gɘɖit̪ɛpɛ t̪ɘkiɟɔʔa,"Otherwise, you might get hit by a vehicle.",,NEG-COND vehicle-CVB-2PL hit-CVB-FIN
output_layoutA (1).csv,54,hɛ̃ː mãhasɔ͡i̯,"Yes, sir.",,yes teacher.HON
output_layoutA (1).csv,55,ɔkɔ͡i̯hɔ̃ alopɛ ɛgɛɾko̯͡a,Don't scold anyone.,,anyone-EMPH PROHIB-2PL scold-3PL-FIN
output_layoutA (1).csv,56,mit̪̚ʔhɔɽ sã͡o̯t̪ɛ aɾ miʔ hɔɽ d̪ɔ alopɛ ɟuɾikinɘ,Do not compare one person with another.,,one-person with more one person TOP PROHIB-2PL compare-PROG-FIN
output_layoutA (1).csv,57,ɔko͡i̯hɔ̃ alopɛ nisɽɘ͡o̯ko̯͡a,Do not condemn anyone.,,anyone-EMPH PROHIB-2PL condemn-CVB-3PL-FIN
output_layoutA (1).csv,58,a͡i̯ma saɾha͡o̯ mãhasɔ͡i̯,"Thank you very much, sir.",,very thank_you-CVB teacher.HON
output_layoutA (1).csv,59,mɔ̃ɟt̪ɛ iɲaʔ kat̪ʰa aɲɟɔm lɘgit̪̚ʔ apɛhɔ̃ a͡i̯ma saɾha͡o̯,Thank you for listening carefully to me.,,careful-CVB 1SG-GEN speech listen for 2PL-EMPH very thank_you-CVB
output_layoutA (1).csv,1,isɔr-ren hɔpɔn ɟisu mɑsiɑkʔ bʱɑge sɔmbɑt rekʔ etɔhɔpʔ,"The beginning of the good news of Jesus Christ, the Son of God.",,God-GEN Son Jesus Christ-GEN Good News GEN-M Beginning-M
output_layoutA (1).csv,2,ɟesɑe nɑbi-ɡe sɔmpuθire olɑkɑn lekɑ,As it is written in Isaiah the prophet:,,Isaiah Prophet-EMPH Book-LOC Write-PST.REL Like
output_layoutA (1).csv,3,ɲelme iɲren ɑwɑt lɑhɑten kole kɑnɑ uni dɔ ɑmɑkʔ hɔre terɑ,"Behold, I am sending my messenger ahead of you, who will prepare your way.",,See-IMP 1SG-GEN Messenger Before Send-PST COP-FIN 3SG TOP 2SG-GEN Path-3SG Prepare
output_layoutA (1).csv,4,hɑhɑnkɑrre mitʔten hɔkʔhɔkɑnic rekʔ ɑrɑn,A voice of one crying in the wilderness:,,Wilderness-LOC One-CLSSFR Cry-FIN-NMLZ GEN Voice
output_layoutA (1).csv,5,prɔbʱuɑkʔ hɔr terkɑtɑepe uniɑkʔ suruc hɔrkɔ sɔɟʰe kɑtɑepe,Prepare the way of the Lord; make his paths straight.,,Lord-GEN Way Prepare-CVB-2PL 3SG-GEN Straight Path-3PL Make-CVB-2PL
output_layoutA (1).csv,6,ɟɔhɑn bɑbɑptisicʔ dɔ hɑhɑnkɑrre mɔnɑcur rekʔ bɑptismɑ pɔrcɑrkɑne hecʔenɑ,"John the Baptist appeared in the wilderness, proclaiming a baptism of repentance.",,John Baptist TOP Wilderness-LOC Sin-Repent GEN Baptism Proclaim-CVB Come-PST.FIN
output_layoutA (1).csv,7,ɑdɔ ɡɔtɑ ɟihudɑ isɔm ɑr ɟerusɑlemren ɟɔtɔ uni θenkɔ ɔdɔkʔ cɑlɑkʔkɑnkɔ tɑhekɑnɑ,And all the region of Judea and all Jerusalem were going out to him.,,And Whole Judea Region And Jerusalem-GEN All 3SG To-3PL Go-COP-3PL PST.COP
output_layoutA (1).csv,8,ɑr ɑkɔɑkʔ kɑi ɑŋɔcʔkɑte uni tite ɟɔrdɑn ɡɑdɑrekɔ bɑptisɔkʔkɑn tɑhekɑnɑ,"And confessing their sins, they were being baptized by him in the Jordan River.",,And 3SG.REFL Sin Confess-CVB 3SG By Jordan River-LOC-3PL Baptize-PST.REL COP
output_layoutA (1).csv,9,ɟɔhɑn dɔ utʔ upʔ rekʔteye ɑŋrɔpɑkɑn tɑhekɑnɑ,John was clothed in camel's hair.,,John TOP Camel-Hair LOC-M-INS-3SG Clothe-PST.REL COP
output_layoutA (1).csv,10,ɑr dɑndɑre dɔ hɑrtɑ rekʔ pɑθekʔɑkʔ tɑhekɑntɑeɑ ɑr pɔhɔ ɑr bir dumur rɑsɑe ɟɔmetʔ tɑhekɑnɑ,He had a leather belt around his waist and ate locusts and wild honey.,,And Waist-LOC TOP Leather LOC-M Belt-GEN COP-PST-FIN And Locust And Forest Honey-3SG Eat-PROG COP
output_layoutA (1).csv,11,ɑ nɔnkɑe pɔrcɑrkɑnɑ iɲ khɔn dɑreɑnic iɲ tɑyɔmte dɑrɑekɑnɑ,And he proclaimed: One who is mightier than me is coming after me.,,And Thus-3SG Proclaim-PROG.PST 1SG ABL Strong-NMLZ 1SG After-LOC Come-PROG.PST
output_layoutA (1).csv,12,uniɑkʔ khɑrpɑ rekʔ tɔnɔl hɔ eŋɔtʔkɑte rɑrɑetɑe lek dɔn bɑn kɑn,I am not worthy to stoop down and untie the strap of his sandals.,,3SG-GEN Sandal GEN-M Strap Also Untie-CVB Worthy-PST QUOT NEG-1SG NEG COP
output_layoutA (1).csv,13,iɲ dɔ dɑkʔten bɑptiskepteɑ uni dɔ sɔnɔt ɟiute bɑptispeɑ,I have baptized you with water; he will baptize you with the Holy Spirit.,,1SG TOP Water-INS Baptize-2PL.OBJ-PST-FIN 3SG TOP Holy Spirit-INS Baptize-2PL.FIN
output_layoutA (1).csv,14,ɔnɑkɔ dinre nɔnkɑ hɔyenɑ ɟisu dɔ ɡɑlil rekʔ nɑsɑret khɔne hecʔenɑ,In those days Jesus came from Nazareth of Galilee.,,DEM-3PL Day-LOC Thus Happen-PST.FIN Jesus TOP Galilee GEN-M Nazareth ABL-3SG Come-PST.FIN
output_layoutA (1).csv,15,ɑr ɟɔrdɑnre ɟɔhɑn titeye bɑptisɑenɑ,And was baptized by John in the Jordan.,,And Jordan-LOC John By-3SG Baptize-PST.FIN
output_layoutA (1).csv,16,ɑr dɑkʔ khɔne rɑkɑpʔen tɔrɑɡe sermɑ ɔreɟɔkʔkɑne nɛlkɑdɑ,"And coming up out of the water, he immediately saw the heavens being torn open.",,And Water ABL-3SG Come.up-PST Immediately-EMPH Sky Tear.open-FIN-CVB See-PST.A
output_layoutA (1).csv,17,ɑr ɟiu dɔ mitʔten pɔtɑm lekɑ ɑcre ɑrɡɔnkɑne ɲelkɑdɑ,And the Spirit descending on him like a dove.,,And Spirit TOP One-CLSSFR Dove Like 3SG-LOC Descend-CVB See-PST.A
output_layoutA (1).csv,18,ɑr sermɑ khɔn ɑrɑn hɔyenɑ ɑm dɔ iɲren dulɑriɑ hɔpɔn kɑnɑm ɑrɑŋren kusiɑkɑnɑ,And a voice came from heaven: You are my beloved Son; with you I am well pleased.,,And Sky ABL Voice Happen-PST.FIN 2SG TOP 1SG-GEN Beloved Son COP-2SG 2SG.GEN-GEN Pleased-PST.FIN
output_layoutA (1).csv,19,khɑn ɟiu ɑɔ hɑhɑnkɑrte cʰɑtɑ idikedɑ,The Spirit immediately drove him out into the wilderness.,,Then Spirit 3SG-REFL Wilderness-LOC Drive Send-PST.A
output_layoutA (1).csv,20,ɑr hɑhɑnkɑrre dɔ pɔn ɡel mɑhɑe tɑhekɑnɑ sɔetɑn θen bidɑu ɔcɔkʔkɑn,"And he was in the wilderness forty days, being tempted by Satan.",,And Wilderness-LOC TOP Four Ten Day-3SG COP.PST Satan To Tempt-PST.REL
output_layoutA (1).csv,21,ɑr bir ɟɑnwɑrkɔ sɑɔteye tɑhekɑnɑ ɑr dutkɔ sɑpʔsɔrɑekɑn tɑhekɑnɑ,"He was with the wild animals, and the angels were ministering to him.",,And Wild Animal-3PL With-3SG COP.PST And Angel-3PL Minister-PST.REL COP
output_layoutA (1).csv,22,ɑdɔ ɟɔhɑne sɔprɔt ɔcɔyen tɑyɔm ɟisu dɔ ɡɑlilteye hecʔenɑ,"After John was arrested, Jesus came to Galilee.",,And John-3SG Arrest Do-PST After Jesus TOP Galilee-LOC-3SG Come-PST.FIN
output_layoutA (1).csv,23,ɑr isɔrɑkʔ bʱɑɡe sɔmbɑte pɔrcɑretʔ tɑhekɑnɑ,And proclaiming the good news of God.,,And God-GEN Good News-3SG Proclaim-PROG.PST COP
output_layoutA (1).csv,24,ɔkte ɑɔ purɑuɑkɑnɑ ɑr isɔrɑkʔ rɑɟ dɔ sɔrɑkʔkɑnɑ mɔn ɑcurɑpe ɑr bʱɑɡe sɔmbɑtre pɑtɑukʔpe,The time is fulfilled and the kingdom of God has come near; repent and believe in the good news.,,Time 3SG.REFL Fulfill-PST And God-GEN Kingdom TOP Come-PST Repent-FIN-2PL And Good News-LOC Believe-2PL
output_layoutA (1).csv,25,khɑn ɡɑlil ɑɔreɑɔ ɑre ɑreisiye cɑlɑɔ pɑrɔmɔkʔkɑn tɑhekɑnɡe,"Passing alongside the Sea of Galilee,",,And Galilee Sea.shore Along Along-3SG Walk Pass-PST COP-EMPH
output_layoutA (1).csv,26,simɔn ɑr simɔnren bɔehɑ ɑndreɑsʔtekin ɟɔreɡɔre hɑnde nhɑnde ɟɑl cɑkʔpɑkʔkɑne nɛl nɑmkekɑtinɑ,He saw Simon and Simon's brother Andrew casting a net into the sea.,,Simon And Simon-GEN Brother Andrew-3SG-DUAL Sea-LOC Here There Net Cast-CVB See Find-FIN-DUAL.PST
output_layoutA (1).csv,27,ɑdɔ ɟisu unkine metɑtkɑtinɑ delɑ iɲ tɑyɔmte ɑdɔ mɑnwɑ sɑsɑpʔ keotɑn hɔe ɔcɔbenɑ,Jesus said to them: Follow me and I will make you fish for people.,,And Jesus 3SG.DUAL-3SG Tell-FIN-DUAL Come 1SG After-LOC And Human Fish Fisherman Become Make-1PL.FIN
output_layoutA (1).csv,28,khɑn inɑ tɑptɑɡe ɟɑlkɔ bɑɡiɑtʔtekin pɑnɟɑkedɑe,And immediately they left their nets and followed him.,,Then 3SG.DUAL Immediately-EMPH Net-3PL Abandon-CVB-DUAL Follow-PST-3SG
output_layoutA (1).csv,29,ɑre sen lɑhɑ nɔkʔen khɑn sɑbdɑeɾen hɔpɔn ɟɑkɔb ɑr uniren bɔehɑ ɟɔhɑne nɛl nɑmkekɑtinɑ,"Going a little farther, he saw James son of Zebedee and his brother John.",,And Go Further Little-PST Then Zebedee-GEN Son James And 3SG-GEN Brother John-3SG See Find-FIN-DUAL.PST
output_layoutA (1).csv,30,unkin hɔ lɑukɑre ɟɑlkɔkin ɟuɟutkɑn tɑhekɑnɑ,They were in their boat mending the nets.,,3SG.DUAL Also Boat-LOC Net-3PL-DUAL Mend-PST.REL COP
output_layoutA (1).csv,31,ɑr unreɡeye hɔhɔɑtʔkɑtinɑ khɑnɡe ɑkinren ɑpɑt sɑbdɑe dɔ lɑukɑre muniskɔ tulucʔkin bɑɡi ɔtɔɑdɑ,And immediately he called them and they left their father Zebedee in the boat with the hired servants and followed him.,,And There-EMPH-3SG Call-FIN-DUAL Immediately 3SG.DUAL-GEN Father Zebedee TOP Boat-LOC Worker-3PL With-DUAL Abandon Leave-PST
output_layoutA (1).csv,32,ɑr kɑpʰɑrnɑhumtekɔ seterɑenɑ,They went to Capernaum.,,And Capernaum-LOC-3PL Enter-PST.FIN
output_layoutA (1).csv,33,ɑr pɑhil ɟirɑukʔ mɑhɑ hilɔkʔde sunɑɡɔɡre bɔlɔyentiye cetʔɑtʔkɔɑ,And immediately on the Sabbath he entered the synagogue and was teaching.,,And First Sabbath Day INDEF-LOC Synagogue-LOC Enter-CVB-3SG Teach-PST-3SG
output_layoutA (1).csv,34,ɑr uriɑkʔ cetʔɑtʔɑkʔtekɔ bʱɑrɔyenɑ ente ekotɑriɑnic lekɑe cetʔɑtʔkɔɑ,"And they were astonished at his teaching, for he taught them as one who had authority.",,And 3SG-GEN Teaching-GEN-INS-3PL Astonish-PST.FIN Because Authority-NMLZ Like-3SG Teach-PST-3SG
output_layoutB (1).csv,1,ɔt̪ʔ-ɾɛ mit̪ʔ ʈʰɔp ɲɛlɛɾasa ɲuɾ-akan t̪ahɛ̃-kan-a.,A drop of honey was on the ground.,[S1.1] মাটিতে একফোঁটা মধু পড়ে ছিল।,ground-LOC | one | drop | honey | fall-PRF | be-PRS-FIN
output_layoutB (1).csv,2,paɾɔm calaʔ ɟɔkʰɛc̚ʔ mit̪ʔ-ʈɛn muc̚ʔ ɲɛlɛɾasa sɔ͡i̯ ɲam-ked-a.,An ant passing by smelled that honey.,[S1.2] একটা পিঁপড়া পাশ দিয়ে যাওয়ার সময় সেই মধুর গন্ধ পেল।,beside | go | while | one-CLF.NHUM | ant | honey | smell | get-A.PST-FIN
output_layoutB (1).csv,3,uni muc̚ʔ d̪ɔ mit̪ʔ-sɛc̚ʔ kʰɔc̚ʔ ɲɛlɛɾasa ɲu-ɲu-i̯ ɛhɔp-en-a.,The ant started consuming honey from one side.,[S1.3] পিঁপড়াটি একপাশ থেকে মধু খাওয়া শুরু করলো।,3SG.DEM | ant | DET | one-side | ABL | honey | drink-RDP-? | begin-M.PST-FIN
output_layoutB (1).csv,4,mit̪ʔ-d̪ʰa͡o̯ ɲɛlɛɾasa ɲu-kat̪ɛ ɘɖi sibil ked-e-a aɾ uni d̪ɔ ɲu-ɲut̪-i̯ ge-i̯ t̪ãhɛ-i̯-na.,After consuming once he was very amused and kept eating.,[S1.4] একবার খাওয়ার পর সে অনেক মজা পেল এবং খেতেই থাকলো।,one-time | honey | drink-CVB | very | tasty | feel-OBJ.3SG-FIN | and | 3SG.DEM | DET | drink-RDP-EMPH | EMPH-EMPH | stay-EMPH-??
output_layoutB (1).csv,5,ɲɛlɛɾasa ɲu-ɲu-t̪ɛ uni-aʔ lac̚ʔ d̪ɔ pʰulɘ͡u̯-en-t̪a-a aɾ-ɛn-ɾɛ-hɔ̃ ɲɛlɛɾasa ɲu-ɲu d̪ɔ ba͡i̯ bɘgi-akad-a.,"His stomach swelled as he kept devouring the honey, but still he did not stop eating.","[S1.5] মধু খেতে খেতে তার পেট ফুলে গেল, তবুও সে খাওয়া থামালো না।",honey | drink-RDP-INF | 3SG-GEN | stomach | DET | swell-M.PST-PROG-FIN | even.so | honey | drink-RDP | DET | NEG | leave-PRF-FIN
output_layoutB (1).csv,6,ɲɛlɛɾasa ɲu-ɲu-t̪ɛ uni d̪ɔ ɲɛlɛɾasa t̪ala-ɾɛ-i̯ bɔlɔ-i̯-na aɾ a-aʔ ɟaŋga d̪ɔ ɲɛlɛɾasa-ɾɛ t̪ʰɘli-en-t̪a-a.,"While consuming, he stepped in between drops of honey and got his foot stuck in the honey.",[S1.6] খেতে খেতে সে মধুর ফোঁটার মাঝখানে চলে গেল এবং তার পা মধুতে আটকে গেল।,honey | drink-RDP-INF | 3SG.DEM | DET | honey | middle-LOC-EMPH | enter-EMPH-?? | and | 3SG-GEN | foot | DET | honey-LOC | stick-M.PST-PROG-FIN
output_layoutB (1).csv,7,baɲcaʔ lɘgit̪ʔ a-aʔ kaʈa t̪inɘʔ-e ɔcɔʔ-ɛʔ-t̪a-a unɘʔ-gi bʰit̪ɾi-sɛc̚ʔ-e bɔlɔ calaʔ-en-a.,"The more he tried to get his foot out, the more he sank inward.",[S1.7] যতই সে পা ছাড়িয়ে নেওয়ার চেষ্টা করলো ততই সে ভেতরের দিকে তলিয়ে/ ডুবে গেল।,save | for | 3SG-GEN | foot | as.much-3SG.A | force-OBJ-PROG-FIN | that.much-EMPH | inside-side-3SG.A | enter | go-M.PST-FIN
output_layoutB (1).csv,8,sahɛ̃t̪ʔ bɔnd̪ɔ-en-t̪a-i̯-t̪ɛ uni muc̚ʔ d̪ɔ mit̪ʔ-gʰɘɽi t̪a͡i̯nɔm-e gɔc̚ʔ-en-a.,At one point the ant suffocated and died.,[S1.8] একসময় পিঁপড়াটি দমবন্ধ হয়ে মারা গেল।,breath | close-M.PST-PROG-EMPH-INS | 3SG.DEM | ant | DET | one-moment | after-3SG.A | die-M.PST-FIN
output_layoutB (1).csv,9,a-aʔ lalɔc̚ʔ i̯-ɘt̪ɛ uni muc̚ʔ d̪ɔ-i̯ gɔc̚ʔ-en-a.,The ant died due to its greed.,[S1.9] লোভের কারণে পিঁপড়াটির মৃত্যু হলো/ মারা গেল।,3SG-GEN | greed | EMPH-because | 3SG.DEM | ant | DET-EMPH | die-M.PST-FIN
output_layoutB (1).csv,10,mit̪ʔ-ʈɛn t̪ɘɾup̚ʔ aɾ mit̪ʔ-ʈɛn suk̚ɾi mit̪ʔ-ʈɛn kuɲ-ɾɛ d̪aʔ ɲu-kin calaʔ-lɛn-a.,A tiger and a pig went to a well to drink water.,[S2.1] এক বাঘ ও এক শুকর একটা কুয়ার পানি পান করতে গিয়েছিল।,one-CLF.HUM | tiger | and | one-CLF.HUM | pig | one-CLF.HUM | well-LOC | water | drink-3DU | go-M.PST.DU-FIN
output_layoutB (1).csv,11,mɛnkʰan ɔkɔ-i̯ laha-ɾɛ d̪aʔ-e ɲu-a no̯͡a ni̯͡ɘ-t̪ɛ ɘkin-t̪ala-ɾɛ kɘpɘɾiɘ͡o̯ laga͡ɔ̯-en-a.,But they quarreled over who would drink the water first.,[S2.2] কিন্তু কে আগে পানি খাবে এটা নিয়ে তাদের মধ্যে ঝগড়া লেগে গেল।,but | who-EMPH | front-LOC | water-3SG.A | drink-FIN | DEM.PROX | regarding-INS | 3DU-middle-LOC | quarrel | begin-M.PST-FIN
output_layoutB (1).csv,12,t̪ɘɾup̚ʔ ɔka-lɛka-t̪ɛ-hɔ̃ suk̚ɾi laha-ɾɛ d̪aʔ ɲu ucu ba͡i̯ kʰɔɟ-lɛn-a.,The tiger did not want to let the pig drink the water first.,[S2.3] বাঘ কিছুতেই শুকরকে আগে পানি পান করতে দিতে চাইলো না।,tiger | which-like-INS-also | pig | front-LOC | water | drink | CAUS | NEG | want-M.PST-FIN
output_layoutB (1).csv,13,suk̚ɾi hɔ̃ t̪ɘɾup̚ʔ laha-ɾɛ d̪aʔ ɲu ucu d̪ɔ ba͡i̯ ɾɛbɛn-lɛn-a.,The pig also refused to let the tiger drink the water first.,[S2.4] শুকরও বাঘকে আগে পানি পান করতে দিতে রাজি হলো না।,pig | also | tiger | front-LOC | water | drink | CAUS | DET | NEG | agree-M.PST-FIN
output_layoutB (1).csv,14,d̪aɾe-ɾɛ d̪uɽup-kat̪ɛ mit̪ʔ ɟʰãk gid̪i d̪ɔ ɘkin-aʔ no̯͡a gʰɔʈɔna-ko ɲɛl-et̪ʔ-kan-t̪ãhɛ-n-a.,A group of vultures sitting on the tree was observing their situation.,[S2.5] গাছে বসে একদল শকুন তাদের এই ঘটনা দেখছিল।,tree-LOC | sit-CVB | one | group | vulture | DET | 3DU-GEN | DEM.PROX | event-3PL.OBJ | see-IPFV-PRS-be-?-FIN
output_layoutB (1).csv,15,t̪ɘɾup̚ʔ aɾ suk̚ɾi-kin gɔc̚ʔ-lɛn-kʰan gid̪i-ko d̪ɔ uŋkin-aʔ ɟil jɔm-ko hud̪is-ɔʔ-kan t̪ahɛ-n-a.,"When the tiger and the pig would die, vultures were thinking about eating their flesh.",[S2.6] বাঘ ও শুকর মরে গেলে শকুনেরা তাদের মাংস খাবে ভাবছিল।,tiger | and | pig-3DU | die-M.PST.DU-COND | vulture-3PL | DET | 3DU-GEN | flesh | eat-3PL.A | think-MID-PRS | be-?-FIN
output_layoutB (1).csv,16,mit̪ʔ ɔk̚t̪ɛ t̪ɘɾup̚ʔ no̯͡a-i̯ buɟʰhɘ͡o̯-ked-a aɾ suk̚ɾi-e mɛt̪-ad-e-a.,At some point the tiger understood this and told the pig.,[S2.7] একসময় বাঘ এটা বুঝতে পারলো এবং শুকরকে বললো।,one | time | tiger | DEM.PROX-3SG.A | understand-A.PST-FIN | and | pig-3SG.A | say-PRF-OBJ.3SG-FIN
output_layoutB (1).csv,17,no̯͡a t̪a.jɔm un-kin kɘpʰɘɾiɘ͡o̯ t̪ʰiɾ-kat̪ɛ bana-hɔɽ-ge d̪aʔ-kin ɲu-ked-a aɾ t̪ɛt̪aŋ-kin maɾa͡o̯-ked-a.,Then they stopped fighting and both drank water and quenched their thirst.,[S2.8] এরপর তারা ঝগড়া বন্ধ করে দুজনই পানি পান করলো এবং তৃষ্ণা মেটালো।,DEM.PROX | after | DEM-3DU | quarrel | stop-CVB | two-person-EMPH | water-3DU | drink-A.PST-FIN | and | thirst-3DU | satisfy-A.PST-FIN
output_layoutB (1).csv,18,mobaĭl-t̪ɛ sɘŋgiɲ-ɾɛn hɔɽ sã͡ɔ̯t̪ɛ-hɔ̃ kat̪ʰa-m ɾɔɽ d̪aɽe-aʔ-a.,It is easy to talk to the distant people with a mobile.,[S3.1] মোবাইল দিয়ে সহজেই দূরের মানুষের সাথে কথা বলা যায়।,mobile-INS | far-GEN.HUM | person | with-also | talk-2SG.A | speak | able-?-FIN
output_layoutB (1).csv,19,mobaĭl-t̪ɛ pɛɽa-ko-aʔ boge ɟud̪ɘ-hɔm baɖa͡i̯ d̪aɽe-aʔ-a.,Relatives can be inquired through mobile.,[S3.2] আত্নীয়-স্বজনের খোঁজখবর নেওয়া যায়।,mobile-INS | relative-3PL-GEN | good | news-also | know | able-?-FIN
output_layoutB (1).csv,20,"mobaĭl-t̪ɛ seɾeɲ aɲɟɔm-ɔʔ-a, pʰɔʈɔ ɾakab-ɔʔ-a, senema aɾ naʈɔk̚ ɲɛl-ɔ-a.","Mobile can be used to listen to music, take pictures and watch movies.","[S3.3] মোবাইলে গান শোনা যায়, ছবি তোলা যায়, সিনেমা ও নাটক দেখা যায়।",mobile-INS | song | listen-MID-FIN | photo | lift-MID-FIN | cinema | and | drama | see-MID-FIN
output_layoutB (1).csv,21,mobaĭl-t̪ɛ-m hisɘb d̪aɽe-o̯͡aʔ-a aɾ ɔk̚t̪ɛ-hɔm baɖa͡i̯ d̪aɽe-aʔ-a.,"Besides, numbers can be calculated and the time can be checked on the mobile.",[S3.4] এছাড়া হিসাব করা যায় ও সময় দেখা যায় মোবাইলে।,mobile-INS-2SG | calculation | able-?-FIN | and | time-also | know | able-?-FIN
output_layoutB (1).csv,22,"pɘhil pɘhil d̪ɔ mobaĭl-ɾe-aʔ d̪am ɘɖi ɟɘst̪i t̪ahɛ̃-kan-a, ɔna i͡ɘt̪ɛ hɔɽ d̪ɔ mobaĭl ba-ku kiɾiɲ d̪aɽe-aʔ-kan-t̪ahɛ̃-n-a.",Initially the price was high so most people could not afford the mobile.,"[S3.5] প্রথম প্রথম দাম বেশি ছিল, তাই বেশিরভাগ মানুষ মোবাইল কিনতে পারতো না।",first | first | DET | mobile-LOC-GEN | price | very | high | be-PRS-FIN | DEM.DIST | because | person | DET | mobile | NEG-3PL.A | buy | able-?-PRS-PST-?-FIN
output_layoutB (1).csv,23,un-ɾɛ d̪ɔkan-ɾɛ calaʔ-o-kat̪ɛ ʈaka-t̪ɛ kat̪ʰa ɾɔɽ ho.j-ɔʔ-kan t̪ahɛ̃-n-a.,"At that time, we had to go to the shop and talk with money.",[S3.6] তখন দোকানে গিয়ে টাকা দিয়ে কথা বলতে হতো।,DEM-LOC | shop-LOC | go-?-CVB | money-INS | talk | speak | happen-MID-PRS | be-?-FIN
output_layoutB (1).csv,24,mɛnkʰan nit̪ʔ d̪ɔ ɖʰeɾ hɔɽ ʈʰɛn-ge mobaĭl mena-a.,But now most people have mobile phones.,[S3.7] কিন্তু এখন বেশিরভাগ মানুষের কাছেই মোবাইল আছে।,but | now | DET | many | person | DAT-EMPH | mobile | exist-FIN
output_layoutB (1).csv,25,moba͡i̯l-te-ge nit̪ʔ d̪ɔ ʈaka kolo-a aɾ ʈaka ɲam-ɔ-a.,Money can now be paid and received through mobile.,[S3.8] মোবাইলের মাধ্যমে এখন টাকা দেওয়া ও নেওয়া যায়।,mobile-INS-EMPH | now | DET | money | send-FIN | and | money | get-MID-FIN
output_layoutB (1).csv,26,mobaĭl-ɾɛ inʈaɾneʈ̚-hɔ̃-ku bɛbɔhaɾ-a.,The Internet can be used/ run on mobile.,[S3.9] মোবাইলে ইন্টারনেট ব্যবহার করা/ চালানো যায়।,mobile-LOC | internet-also-3PL.A | use-FIN
output_layoutB (1).csv,27,inʈaɾneʈ̚-t̪ɛ-m ɔlɔʔ paɽha͡o̯ d̪aɽe-aʔ-a.,We can even study on the internet/ online.,[S3.10] ইন্টারনেটে/ অনলাইনে পড়াশোনা করা যায়।,internet-INS-2SG | read | study | able-?-FIN
output_layoutB (1).csv,28,mit̪ʔ-d̪in mit̪ʔ-ʈɛn kɘhũ ɘɖi ãːʈ t̪et̪aŋ-ked-e-a.,One day a crow got very thirsty for water.,[S4.1] একদিন একটা কাকের খুব পিপাসা/ পানির তৃষ্ণা পেল।,one-day | one-CLF.HUM | crow | very | much | thirst-A.PST-OBJ.3SG-FIN
output_layoutB (1).csv,29,hant̪ɛ-nat̪ɛ kɔ.j-ɔʔ-baɽa-kat̪ɛ uni d̪ɔ ɾaca-ɾɛ mit̪ʔ-ʈɛn hasa-ɾe-aʔ kanɖa-i̯ ɲɛl-ɲam-ked-a.,"Meanwhile, looking here and there, it saw an earthen pitcher in the yard.",[S4.2] এদিকে ওইদিকে তাকিয়ে সে উঠানে একটি মাটির কলসি দেখতে পেল।,here-there | look-MID-around-CVB | 3SG.DEM | DET | yard-LOC | one-CLF.HUM | earth-LOC-GEN | pitcher-3SG.A | see-find-A.PST-FIN
output_layoutB (1).csv,30,mɛnkʰan d̪aʔ d̪ɔ t̪ahɛ-kan-a kanɖa-ɾe-aʔ ɛkal-t̪ɛ lat̪aɾ ɟalat̪ʔ-ɾɛ.,But the water was at the bottom of the pitcher.,[S4.3] কিন্তু পানি ছিল কলসির একেবারে নিচে/ তলায়।,but | water | DET | be-PRS-FIN | pitcher-LOC-GEN | completely-INS | below | bottom-LOC
output_layoutB (1).csv,31,ɔna kakʰan-t̪ɛ kɘhũ d̪ɔ ɔna d̪aʔ ba͡i̯ ɲu d̪aɽɛ-ad-a.,Because of this the crow could not drink that water.,[S4.4] এই কারণে কাক সেই পানি পান করতে পারলো না।,DEM.DIST | reason-INS | crow | DET | DEM.DIST | water | NEG | drink | able-PRF-FIN
output_layoutB (1).csv,32,un-ɾɛ kɘhũ d̪ɔ mit̪ʔ-ʈɛn upɘ.j-e uɖuŋ-ked-a.,Then the crow thought of a way.,[S4.5] তখন কাকটি একটা উপায় বের করলো।,DEM-LOC | crow | DET | one-CLF.HUM | way-3SG.A | bring.out-A.PST-FIN
output_layoutB (1).csv,33,uni d̪ɔ ɔna kanɖa bʰit̪ɾi-ɾɛ d̪ʰiɾi-ɾe-aʔ kuʈ̚ɾɘ giɖi-i̯ laga͡o̯-en-a.,It started throwing pieces of stone into that pitcher.,[S4.6] সে ওই কলসির মধ্যে পাথরের টুকরো ফেলতে লাগলো।,3SG.DEM | DET | DEM.DIST | pitcher | inside-LOC | stone-LOC-GEN | piece | throw-EMPH | begin-M.PST-FIN
output_layoutB (1).csv,34,d̪ʰiɾi kuʈ̚ɾɘ ɟɔma͡o̯ ɟɔma͡o̯-t̪ɛ d̪aʔ d̪ɔ kanɖa-ɾe-aʔ mɔca-ʈʰɛn hɛc̚ʔ-en-a.,The stones accumulated and the water came to the mouth of the pitcher.,[S4.7] পাথর জমে জমে পানি কলসির মুখের কাছে চলে এলো।,stone | piece | accumulate | accumulate-INF | water | DET | pitcher-LOC-GEN | mouth-DAT | come-M.PST-FIN
output_layoutB (1).csv,35,kɘhũ d̪ɔ un-ɾɛ ɔna d̪aʔ-e ɲu-ked-a.,The crow then drank that water.,[S4.8] কাকটি তখন সেই পানি পান করলো।,crow | DET | DEM-LOC | DEM.DIST | water-3SG.A | drink-A.PST-FIN
output_layoutB (1).csv,36,baŋlad̪es a͡i̯ma pɘɾsi aɾ a͡i̯ma ɟɘt̪i ɾe-aʔ mit̪ʔ-ʈɛn d̪isɘm.,Bangladesh is a multilingual and multi-racial country.,[S5.1] বাংলাদেশ বহুভাষা ও বহুজাতির একটি দেশ।,Bangladesh | many | language | and | many | ethnicity | LOC-GEN | one-CLF.HUM | country
output_layoutB (1).csv,37,no̯͡a d̪isɘm-ɾɛ baŋgali bɛgɔɾ-hɔ̃ noŋka mɔ̃ɽɛ-gɛl-gɔʈɛn ɟɘt̪i-ɾɛn hɔɽ-ko giɾɘ-bɘsi-ɔʔ-kan-a.,"In addition to the Bangalees, about 50 other nationalities live in this country.",[S5.2] এই দেশে বাঙালি ছাড়াও প্রায় ৫০টি জাতির মানুষ বাস করে।,DEM.PROX | country-LOC | Bengali | without-also | thus | five-ten-CLF.NHUM | ethnicity-GEN.HUM | person-3PL | settle-dwell-MID-PRS-FIN
output_layoutB (1).csv,38,baŋgali-ko leka-ge oŋko-aʔ-hɔ̃ ɟud̪ɘ pɘɾsi aɾ ni.jɘm ɘɾi mena-a.,"Like the Bangalees, they also have distinct languages and customs.",[S5.3] বাঙালিদের মতো তাদেরও আলাদা ভাষা ও রীতিনীতি আছে।,Bengali-3PL | like-EMPH | 3PL-GEN-also | separate | language | and | rule | custom | exist-FIN
output_layoutB (1).csv,39,bɛ͡o̯haɾ t̪ʰoɽa ho.j-ɔʔ-kan kakʰan-t̪ɛ a͡i̯ma pɘɾsi-ko ad̪-ɔʔ-kan-a.,Many languages are disappearing due to lack of usage.,[S5.4] ব্যবহার কম হওয়ার কারণে অনেকগুলো ভাষা হারিয়ে যাচ্ছে।,use | little | happen-MID-PRS | reason-INS | many | language-3PL | lose-MID-PRS-FIN
output_layoutB (1).csv,40,gid̪ɾɛ-ko lɘgit̪ʔ apnaɾ pɘɾsi-t̪ɛ ɔlɔʔ paɽha͡o̯ ɟɘɾuɽ-a.,It is important for children to study in their own language.,[S5.5] নিজের ভাষায় পড়াশুনা করা শিশুদের জন্য জরুরি।,child-3PL | for | own | language-INS | read | study | necessary-FIN
output_layoutB (1).csv,41,gid̪ɾɘ bid̪ɘl-ɾɛ gɔgɔ pɘɾsi-t̪ɛ ɔlɔʔ paɽha͡o̯ baŋ ho͡i̯-lɛn-kʰan t̪a.jɔm-t̪ɛ apnaɾ pɘɾsi aɾ cet̪ʔ baŋ ho.j-ɔʔ-kan-a.,"If one does not study in their mother language in childhood, one does not learn their own language later.",[S5.6] শৈশবে মাতৃভাষায় পড়াশুনা না করলে পরে নিজের ভাষা আর শেখা হয় না।,child | time-LOC | mother | language-INS | read | study | NEG | happen-M.PST-COND | after-INS | own | language | more | learn | NEG | happen-MID-PRS-FIN
output_layoutB (1).csv,42,iɲ d̪ɔ iɲ-aʔ pɘɾsi-ɲ d̪ulɘɽ-aʔ-a.,I love my language.,[S5.7] আমি আমার ভাষাকে ভালোবাসি।,1SG | DET | 1SG-GEN | language-1SG.A | love-?-FIN
output_layoutB (1).csv,43,iɲ d̪ɔ iɲ-aʔ d̪isɘm-iɲ d̪ulɘɽ-ed-a.,I love my country.,[S5.8] আমি আমার দেশকে ভালোবাসি।,1SG | DET | 1SG-GEN | country-1SG.A | love-IPFV-FIN
output_layoutB (1).csv,44,iɲ-aʔ sɔneɾ baŋla iɲ d̪ɔ am-iɲ d̪ulɘɽ-et̪ʔ-me-a.,"My golden Bangla, I love you.","[S5.9] ‌আমার সোনার বাংলা, আমি তোমায় ভালোবাসি।",1SG-GEN | golden | Bangla | 1SG | DET | 2SG-1SG.A | love-IPFV-OBJ.2SG-FIN
output_layoutB (1).csv,45,"ad̪ɔm pɘɾsi baŋla akʰɔɾ-ko bɛ͡o̯haɾ-a, ad̪ɔm pɘɾsi iŋɾeɟi sɛ ɾoman akʰɔɾ-ko bɛ͡o̯haɾ-a, aɾ ad̪ɔm pɘɾsi-aʔ d̪ɔ apnaɾ-aʔ akʰɔɾ mena-a.","Some languages use Bangalee fonts, some languages use English/Roman fonts, and some languages have their own fonts.","[S5.10] কিছু ভাষা বাংলা বর্ণ ব্যবহার করে, কিছু ভাষা ইংরেজি/রোমান হরফ ব্যবহার করে এবং কিছু ভাষার নিজস্ব বর্ণ আছে।",some | language | Bangla | letter-3PL.OBJ | use-FIN | some | language | English | or | Roman | letter-3PL.OBJ | use-FIN | and | some | language-GEN | DET | own-GEN | letter | exist-FIN
output_layoutB (1).csv,46,baba d̪ɔ mit̪ʔ-ʈɛn gʰaɾɔ̃ɟ-ɾɛn mukʰi̯͡ɘ hɔɽ.,Father is the head person/ man of a family.,[S6.1] বাবা একটি পরিবারের প্রধান ব্যক্তি/ মানুষ।,father | DET | one-CLF.HUM | household-GEN.HUM | main | person
output_layoutB (1).csv,47,uni d̪ɔ gʰaɾɔɟ-ɾe-aʔ-e ɲɛl-baɽa-a.,He takes care of the family.,[S6.2] তিনি পরিবারের দেখাশোনা করেন।,3SG.DEM | DET | household-LOC-GEN-3SG.A | see-around-FIN
output_layoutB (1).csv,48,iɲ-baba d̪ɔ kʰɛt̪-ɾɛ kɘmi-kat̪ɛ-e kɘmhɘ.j-et̪ʔ-kan-t̪ahɛ̃-n-a.,My father used to earn by working in agricultural fields.,[S6.3] আমার বাবা কৃষি/ ক্ষেতে কাজ করে আয় করতেন।,1SG-father | DET | field-LOC | work-CVB-3SG.A | earn-IPFV-PRS-PST-?-FIN
output_layoutB (1).csv,49,baba-ʈʰɛn-kʰɔn iɲ d̪ɔ ɔlɔʔ aɾ paɽha͡ɔ̯-iɲ cit̪ʔ-akad-a.,I have learned to read and write from my father.,[S6.4] বাবার কাছ থেকে আমি পড়তে ও লিখতে শিখেছি।,father-DAT-ABL | 1SG | DET | read | and | study-1SG.A | learn-PRF-FIN
output_layoutB (1).csv,50,ɔk̚t̪ɛ ɔk̚t̪ɛ iskul cʰuʈi-lɛn-kʰan ɲɛl-ɘ-ɲ baba d̪ɔ iɲ-lɘgit̪ʔ iskul baɾhɛ-ɾɛ-i̯ t̪eŋgo-akan-a.,"Sometimes when the school hours were over, I saw my father standing outside the school for me.",[S6.5] মাঝে মাঝে স্কুল ছুটি হলে দেখতাম — বাবা আমার জন্য স্কুলের বাইরে দাঁড়িয়ে আছেন।,time | time | school | leave-M.PST-COND | see-?-1SG.A | father | DET | 1SG-for | school | outside-LOC-EMPH | stand-PRF-FIN
output_layoutB (1).csv,51,biɖɘ͡o̯-ɾɛ bʰage ɾeɟal t̪a.jɔm baba-aʔ mɛt̪ʔ-d̪aʔ-iɲ ɲɛl-lɛd-a.,I saw tears in my father's eyes after getting good results in the exam.,[S6.6] পরীক্ষায় ভালো ফল করার পর বাবার চোখে পানি দেখেছিলাম।,exam-LOC | good | result | after | father-GEN | eye-water-1SG.A | see-A.PST-FIN
output_layoutB (1).csv,52,un-ɾɛ bɘɲ-baɖa͡i̯-kan-t̪ahɛ̃-n-a a͡i̯ma hɔɽ ɾɘskɘ-lɛn-kʰan-hɔ̃ ku-ɾaː-g-a.,I did not know that many people cry even when they are happy.,[S6.7] তখন জানতাম না অনেকে আনন্দ পেলেও কাঁদে।,DEM-LOC | NEG-know-PRS-PST-?-FIN | many | person | happy-M.PST-COND-also | 3PL-cry-EMPH-FIN
output_layoutB (1).csv,53,baba aʲc̚ʔ-t̪ɛ-t̪ʔ-hɔ̃ ɟɘst̪i ba͡i̯ ɔlɔʔ paɽha͡o̯ d̪aɽe-akad-a.,Father himself could not study much.,[S6.8] বাবা নিজে বেশি পড়ালেখা করতে পারেননি।,father | self-INS-EMPH-also | much | NEG | read | study | able-PRF-FIN
output_layoutB (1).csv,54,mɛnkʰan uni-i̯ kʰɔɟ-lɛn-a iɲ e.me-ɲ pas-m-a.,But he wanted me to pass MA.,[S6.9] কিন্তু তিনি চেয়েছিলেন আমি এমএ পাস করি।,but | 3SG.DEM-EMPH | want-M.PST-FIN | 1SG | MA-1SG.A | pass-?-FIN
output_layoutB (1).csv,55,uni ɔk̚t̪ɛ ɔk̚t̪ɛ d̪aka-ut̪u kɘmi-ɾɛ gɔgɔ-hɔ̃-e gɔɽɔ-a͡i̯-kan t̪ahɛ̃-n-a.,He sometimes helped my mother in cooking.,[S6.10] তিনি মাঝে মাঝে রান্নার কাজে মাকে সহায়তা করতেন।,3SG.DEM | time | time | rice-curry | work-LOC | mother-also-3SG.A | help-OBJ.3SG-PRS | be-?-FIN
output_layoutB (1).csv,56,baba t̪in-ɾɛ-i̯ haɽam-len-a un-ɾɛ iɲ uni-ɲ ɟɔt̪ɔn-akad-i-a.,I took care of father when he got old.,[S6.11] বাবা যখন বৃদ্ধ হয়েছিলেন তখন আমি তার যত্ন করেছি।,father | when-LOC-EMPH | old-M.PST-FIN | DEM-LOC | 1SG | 3SG.DEM-1SG.A | care-PRF-OBJ.3SG-FIN
output_layoutB (1).csv,57,kɘʈiʲc̚ʔ-kʰɔn-ge baba d̪ɔ iɲ-ɾɛn paɲɟa-lek hɔɽ kan-a-i̯.,"From my childhood, my father was a person I could follow.",[S6.12] শিশুকাল থেকেই বাবা আমার কাছে অনুসরণযোগ্য মানুষ।,small-ABL-EMPH | father | DET | 1SG-GEN.HUM | follow-like | person | COP-FIN-3SG
output_layoutB (1).csv,58,baba-iɲ d̪isɘ-lek-han nit̪ʔ-hɔ̃ iɲ ɾaʔ-ɾaʔ-iɲ ɘ͡i̯kɘ-o̯a.,I still feel like crying when I remember my father.,[S6.13] বাবাকে মনে পড়লে এখনও আমার কান্না পায়।,father-1SG.A | remember-like-COND | now-also | 1SG | cry-RDP-1SG.A | feel-FIN
output_layoutB (1).csv,59,iɲ d̪ɔ iɲ baba ni̯͡ɘ-t̪ɛ-ɲ gɔɾɔb-ɔʔ-kan-a.,I feel proud of my father.,[S6.14] আমি আমার বাবাকে নিয়ে গর্ব করি।,1SG | DET | 1SG | father | regarding-INS-1SG.A | proud-MID-PRS-FIN
output_layoutB (1).csv,60,iɲ-iɲ kʰɔɟ-ɔʔ-kan-a iɲ-ɾɛn gid̪ɾɘ-hɔ̃ iɲ ni̯͡ɘ-t̪ɛ gɔɾɔb oco-a.,I want my child to be proud of me too.,[S6.15] আমি চাই — আমার সন্তানও আমাকে নিয়ে গর্ব করুক।,1SG-1SG.A | want-MID-PRS-FIN | 1SG-GEN.HUM | child-also | 1SG | regarding-INS | proud | CAUS-FIN
output_layoutB (1).csv,61,"ɟohaɾ hɔpɔn-ba, cɛt̪ʔ-lɛka mena-m-a?","Nephew: [Greetings] Uncle, how are you?","[S7.1] ভাতিজা: [নমস্কার] কাকা, কেমন আছেন?",greetings | son-father | what-like | exist-2SG-FIN
output_layoutB (1).csv,62,mɔɟ-ge mena-iɲ-a bɘbu.,Uncle: I am fine my son.,[S7.2] কাকা: ভালো আছি বাবা।,good-EMPH | exist-1SG-FIN | son
output_layoutB (1).csv,63,am cɛt̪ʔ-lɛka mena-m-a?,Uncle: How are you?,[S7.3] কাকা: তুমি কেমন আছো?,2SG | what-like | exist-2SG-FIN
output_layoutB (1).csv,64,am-ɾɛn gɔgɔ-baba cɛt̪ʔ-lɛka mena-kin-a?,Uncle: How are your parents?,[S7.4] কাকা: তোমার বাবা-মা কেমন আছেন?,2SG-GEN.HUM | mother-father | what-like | exist-3DU-FIN
output_layoutB (1).csv,65,alɛ ɟɔt̪ɔ-hɔɽ mɔ̃ɟ-ge mena-le-a.,Nephew: We are all fine.,[S7.5] ভাতিজা: আমরা সবাই ভালো আছি।,1PL.EXCL | all-person | good-EMPH | exist-1PL.EXCL-FIN
output_layoutB (1).csv,66,buɖi-gɔ cɛt̪ʔ-lɛka mena-a hɔpɔn-ba?,"Nephew: How is grandmother, Uncle?","[S7.6] ভাতিজা: দাদি কেমন আছেন, কাকা?",old.woman-GO | what-like | exist-FIN | son-father
output_layoutB (1).csv,67,hɔla-kʰɔn uni-i̯ ɾu̯͡ɘ-ɔʔ-kan-a.,Uncle: She is sick since yesterday.,[S7.7] কাকা: তিনি গতকাল থেকে অসুস্থ।,yesterday-ABL | 3SG.DEM-EMPH | sick-MID-PRS-FIN
output_layoutB (1).csv,68,gunɘn-ɔʔ-kan-a-iɲ t̪eheɲ uni ɖakt̪aɾ-ʈʰɛn-iɲ idi-i̯-a.,Uncle: I think I will take her to the doctor today.,[S7.8] কাকা: ভাবছি আজ তাকে ডাক্তারের কাছে নিয়ে যাবো।,think-MID-PRS-FIN-1SG | today | 3SG.DEM | doctor-DAT-1SG.A | take-FUT-FIN
output_layoutB (1).csv,69,ɔna-ge bʰage ho.j-o-a.,Nephew: That would be good.,[S7.9] ভাতিজা: সেটাই ভালো হবে।,DEM.DIST-EMPH | good | happen-FUT-FIN
output_layoutB (1).csv,70,ɟahanaʔ ɟɘɾuɽ-ɔʔ-kʰan alɛ-m baɖa͡i̯-oco-le-a.,Nephew: Let us know if you need anything.,[S7.10] ভাতিজা: কোনো কিছুর দরকার হলে আমাদের জানাবেন।,something | necessary-MID-COND | 1PL.EXCL-2SG.A | know-CAUS-1PL.EXCL.OBJ-FIN
output_layoutB (1).csv,71,ac.cʰa-ɲ baɖa͡i̯-oco-pe-a.,"Uncle: Alright, I will let you know.","[S7.11] কাকা: আচ্ছা, জানাবো।",alright-1SG.A | know-CAUS-2PL.OBJ-FIN
output_layoutB (1).csv,72,am-ɾɛn gɔgɔ-baba lɘ.j-akin-me am-buɖi-gɔ-i̯ ɾu̯͡ɘ-ɔʔ-kan-a.,Uncle: Tell your parents your grandmother is ill.,[S7.12] কাকা: তোমার বাবা-মাকে বলে দিও তোমার দাদি অসুস্থ।,2SG-GEN.HUM | mother-father | tell-3DU.OBJ-2SG.IMP | 2SG-old.woman-GO-EMPH | sick-MID-PRS-FIN
output_layoutB (1).csv,73,uŋkin-hɔ̃ hiɟuʔ-mɛt̪a͡o̯-akin-me.,Uncle: Tell them to come.,[S7.13] কাকা: তাদেরকে আসতে বলিও।,3DU-also | come-tell-3DU.OBJ-2SG.IMP
output_layoutB (1).csv,74,ɟɘɾuɽ-ge-ɲ lɘ.j-akin-a.,Nephew: Of course I will tell them.,[S7.14] ভাতিজা: অবশ্যই বলবো।,necessary-EMPH-1SG.A | tell-3DU.OBJ-FIN
output_layoutB (1).csv,75,t̪ʰɔɽa-d̪in bʰit̪ɾi-ɾi-gi iɲ-aʔ biɖɘ͡o̯ ɛhɔb-ɔʔ-a.,Nephew: My exam is ahead.,[S7.15] ভাতিজা: সামনে আমার পরীক্ষা।,few-day | inside-LOC-EMPH | 1SG-GEN | exam | begin-MID-FIN
output_layoutB (1).csv,76,iɲ-lɘgit̪ʔ bint̪i-i̯-me.,Nephew: Pray for me.,[S7.16] ভাতিজা: আমার জন্য আর্শীবাদ/প্রার্থনা করবেন।,1SG-for | pray-EMPH-2SG.IMP
output_layoutB (1).csv,77,bʰage-t̪ɛ paɽha-ʔ-me.,Uncle: Study well.,[S7.17] কাকা: ভালোমতো পড়াশুনা করো।,good-INS | study-MID-2SG.IMP
output_layoutB (1).csv,78,a͡ima-d̪in-kʰɔn alɛ ʈoʈʰa-ɾɛ ɟahan pɔɾɔb baŋ ho.j-ɔʔ-kan-a.,Arka: For many days there happens no festival in our locality.,[S8.1] অর্ক: অনেকদিন থেকে আমাদের এলাকায় কোনো উৎসব হয় না।,many-day-ABL | 1PL.EXCL | locality-LOC | any | festival | NEG | happen-MID-PRS-FIN
output_layoutB (1).csv,79,"d̪ɛla, abo mit̪ʔ-ʈɛn pɔɾɔb-bon sapɽa͡o̯-kat̪ʔ-le-ge.","Arka: Come on, let's organize a festival.","[S8.2] অর্ক: চলো, আমরা একটা উৎসবের আয়োজন করি।",come.HORT | 1PL.INCL | one-CLF.HUM | festival-1PL.INCL.A | arrange-CVB-1PL.EXCL-EMPH
output_layoutB (1).csv,80,"hɛ̃, no̯͡a d̪ɔ mit̪ʔ-ʈɛn bʰage hudis.","Pradeep: Yes, it's a great/good idea.","[S8.3] প্রদীপ: হ্যাঁ, এটা একটা দারুণ চিন্তা।",yes | DEM.PROX | DET | one-CLF.HUM | good | thought
output_layoutB (1).csv,81,am d̪ɔ cɛt̪ʔ no̯͡a ni̯͡ɘ-t̪ɛ ɟahanaʔ-e-m ganɖɔn-akad-a?,Pradeep: Have you thought about it?,[S8.4] প্রদীপ: তুমি কি এটা নিয়ে কিছু ভেবেছ?,2SG | DET | Q | DEM.PROX | regarding-INS | something-3SG.OBJ-2SG.A | think-PRF-FIN
output_layoutB (1).csv,82,pɔɾɔb-ɾɛ cɛt̪ʔ cɛt̪ʔ t̪ahɛ̃-n-a?,Pradeep: What will be in the festival?,[S8.5] প্রদীপ: উৎসবে কী কী থাকবে?,festival-LOC | what | what | be-?-FIN
output_layoutB (1).csv,83,pɔɾɔb-ɾɛ ɛnɛc̚ʔ seɾeɲ t̪ahɛ-n-a.,Arka: The festival will include dancing and singing.,[S8.6] অর্ক: উৎসবে নাচ-গান থাকবে।,festival-LOC | dance | song | be-?-FIN
output_layoutB (1).csv,84,ɔna sa͡ɔ̯-t̪ɛ mit̪ʔ-ʈɛn pʰuʈbɔl kʰilɘʈ t̪ahɛ̃-n-a.,Arka: There will also be a football match.,[S8.7] অর্ক: সেই সাথে একটা ফুটবল ম্যাচ থাকবে।,DEM.DIST | with-INS | one-CLF.HUM | football | match | be-?-FIN
output_layoutB (1).csv,85,pʰuʈbɔl kʰilɘʈ d̪ɔ ho.j-o-a bap̚la-akan aɾ ɖɘŋu̯͡ɘ-ku t̪ala-ɾɛ.,Arka: The football match will be between the married and the unmarried.,[S8.8] অর্ক: ফুটবল ম্যাচটি হবে বিবাহিত এবং অবিবাহিতদের মধ্যে।,football | match | DET | happen-FUT-FIN | marry-PRF | and | bachelor-3PL | middle-LOC
output_layoutB (1).csv,86,no̯͡a pɔɾɔp̚ t̪is aɾ ɔka-ɾɛ ho͡i̯-oco d̪aɽe-a-a.,Pradeep: When and where can this festival be held?,[S8.9] প্রদীপ: এই উৎসব কবে এবং কোথায় করা যায়?,DEM.PROX | festival | when | and | where-LOC | happen-CAUS | able-FIN-FIN
output_layoutB (1).csv,87,cʰuʈi hilɘʔ sapɽa͡ɔ̯-lɛn-kʰan abu iskul-ɾe-aʔ maʈʰ-bun bɛbɔhaɾ d̪aɽe-aʔ-a.,Arka: We can use the school grounds if we organize on holidays.,[S8.10] অর্ক: ছুটির দিনে আয়োজন করলে আমরা আমাদের স্কুলের মাঠটি ব্যবহার করতে পারবো।,holiday | day | arrange-M.PST-COND | 1PL.INCL | school-LOC-GEN | ground-1PL.INCL.A | use | able-?-FIN
output_layoutB (1).csv,88,abu-aʔ pɔɾɔb-ɾɛ iskul d̪ɔ sã͡o-t̪ɛ d̪ɔhɔ ɟɘɾuɽ-a.,Pradeep: We need to include the school in our festival.,[S8.11] প্রদীপ: আমাদের উৎসবে স্কুলকে সাথে রাখা দরকার।,1PL.INCL-GEN | festival-LOC | school | DET | with-INS | keep | necessary-FIN
output_layoutB (1).csv,89,ced̪aʔ-sɛ iskul-ɾɛn gid̪ɾɘ-ko abo-ko gɔɽɔ d̪aɽe-o̯-bon-a.,Pradeep: Because school students could help us.,"[S8.12] প্রদীপ: কারণ, স্কুলের ছাত্রছাত্রীরা আমাদের সাহায্য করতে পারবে।",because-or | school-GEN.HUM | child-3PL | 1PL.INCL-3PL.A | help | able-FUT-1PL.INCL.OBJ-FIN
output_layoutB (1).csv,90,t̪ahalɛ iskul-ɾɛn maɾaŋ mahasɔ͡i̯ sã͡o-t̪ɛ kat̪ʰa ɾɔɽ ho.j-a.,Arka: So we will have to talk to the headmaster of the school.,[S8.13] অর্ক: তাহলে স্কুলের প্রধান শিক্ষকের সাথে কথা বলতে হবে।,so | school-GEN.HUM | big | teacher | with-INS | talk | speak | happen-FIN
output_layoutB (1).csv,91,pɔɾɔb-ɾɛ cɛt̪ʔ cɛt̪ʔ t̪ahɛ-n-a ɔna-ko ni̯͡ɘ-t̪ɛ-hɔ̃ galmaɾa͡o̯ ho.j-ɔʔ-a.,Arka: What segments will be in the festival should also be needed to discuss,[S8.14] অর্ক: উৎসবে কী কী থাকবে সেগুলো নিয়েও আলোচনা/আলাপ করতে হবে।,festival-LOC | what | what | be-?-FIN | DEM.DIST-3PL | regarding-INS-also | discuss | happen-MID-FIN
output_layoutB (1).csv,92,pɔɾɔb-ɾɛ t̪inɘʔ kɘ͡o̯ɖi laga-a t̪inɘʔ hɔɽ-ko laga-a sanam-ko ni̯͡ɘ-t̪ɛ galmaɾa͡o̯ ho.j-ɔʔ-a.,"Pradeep: How much money will be needed for the festival, how many people will be needed, everything has to be discussed.","[S8.15] প্রদীপ: উৎসবে কত টাকা লাগবে, কতজন মানুষ লাগবে; সবকিছু নিয়ে আলাপ করতে হবে।",festival-LOC | how.much | money | need-FIN | how.much | person-3PL | need-FIN | all-3PL | regarding-INS | discuss | happen-MID-FIN
output_layoutB (1).csv,93,kɘmi bʰage oco-i̯ lɘgit̪ʔ mit̪ʔ-ʈɛn komiʈi bɛna͡o̯ ɟɘɾuɽ-a.,Pradeep: A committee should be formed to do the work properly.,[S8.16] প্রদীপ: কাজ ভালোভাবে করার জন্য একটা কমিটি গঠন করতে হবে।,work | good | CAUS-EMPH | for | one-CLF.HUM | committee | make | necessary-FIN
output_layoutB (1).csv,94,iɲ-aʔ mɔn-ɛ ho.j-ɔʔ-kan-a ɛt̪ɔhɔb̚ʔ-ɾɛ gat̪e-ko sã͡o-t̪ɛ galmaɾa͡o̯ ɟɘɾuɽ-a.,Arka: I think we need to talk to our friends first.,"[S8.17] অর্ক: আমার মনে হয়, শুরুতে বন্ধুবান্ধবের সাথে আলাপ করা দরকার।",1SG-GEN | mind-LOC | happen-MID-PRS-FIN | beginning-LOC | friend-3PL | with-INS | discuss | necessary-FIN
output_layoutB (1).csv,95,inɘ t̪a.jɔm oŋko sanam cɛʔ-leka-ko mɛn-a oŋka-ge bɘki kɘmi ho.j-o-a.,Arka: Then we will do the rest as they all suggest.,"[S8.18] অর্ক: এরপর তারা সকলে যেভাবে বলে, সেভাবে বাকি কাজ করবো।",DEM | after | 3PL | all | what-like-3PL.A | say-FIN | thus-EMPH | rest | work | happen-FUT-FIN
output_layoutB (1).csv,96,am ʈʰik-e-m mɛn-akad-a.,Pradeep: You are right.,[S8.19] প্রদীপ: তুমি ঠিক বলেছ।,2SG | right-3SG.OBJ-2SG.A | say-PRF-FIN
output_layoutB (1).csv,97,sanam-ko sã͡o̯-t̪ɛ ni̯͡ɘ-t̪ɛ alɛ pɔɾɔb-lɛ mɛn-co-i̯-a.,Pradeep: We want to celebrate the festival with everyone.,[S8.20] প্রদীপ: সবাইকে সাথে নিয়ে আমরা উৎসব করতে চাই।,all-3PL | with-INS | regarding-INS | 1PL.EXCL | festival-1PL.EXCL.A | say-CAUS-EMPH-FIN
output_layoutB (1).csv,98,ɟɔt̪ɔ-hɔɽ-ko gɔɽɔ-lɛn-kʰan sanam-aʔ-ge alga-a.,Pradeep: Everything will be easy if everyone cooperates.,[S8.21] প্রদীপ: সবাই সহযোগিতা করলে সবকিছু সহজ হবে।,all-person-3PL | help-M.PST-COND | all-?-EMPH | easy-FIN
output_layoutB (1).csv,99,aɖɛ-pase ɾe-aʔ iskul-ko-ɾɛ abu calaʔ ho.j-ɔʔ-t̪a-bon-a.,Arka: We have to go to the nearby schools.,[S8.22] অর্ক: আশপাশের স্কুলগুলোতে যেতে হবে আমাদের।,near-side | LOC-GEN | school-3PL-LOC | 1PL.INCL | go | happen-MID-PROG-1PL.INCL.OBJ-FIN
output_layoutB (1).csv,100,iskul-ɾɛn gid̪ɾɛ-ko abo-aʔ pɔɾɔb ɾe-aʔ kat̪ʰa baɖa͡i̯-oco-ko ho.j-o-a.,Arka: School students should be informed about our festival.,[S8.23] অর্ক: স্কুলের ছাত্রছাত্রীদের আমাদের উৎসবের কথা জানাতে হবে।,school-GEN.HUM | child-3PL | 1PL.INCL-GEN | festival | LOC-GEN | talk | know-CAUS-3PL.OBJ | happen-FUT-FIN
output_layoutB (1).csv,101,oŋko ɛnɛc̚ʔ-seɾeɲ-ɾɛ-ko sɛlɛt̪ʔ-lɛn-kʰan pɔɾɔb ɘɖi ɾɘskɘ-ge ho.j-o-a.,"Arka: If they participate in dancing and singing, the festival will be more joyous.",[S8.24] অর্ক: নাচ-গানে তারা অংশগ্রহণ করলে উৎসব অনেক আনন্দের হবে।,3PL | dance-song-LOC-3PL.A | join-M.PST-COND | festival | very | joyful-EMPH | happen-FUT-FIN
output_layoutB (1).csv,102,oŋko lɘgit̪ʔ kuɽɘ͡i̯ ɾe-aʔ bɛbɔst̪a d̪ɔhɔ-kaʔ ho.j-ɔʔ-a.,Pradeep: Reward should be arranged/prepared for them.,[S8.25] প্রদীপ: তাদের জন্য পুরস্কারের ব্যবস্থা রাখতে হবে।,3PL | for | reward | LOC-GEN | arrangement | keep-PURP | happen-MID-FIN
output_layoutB (1).csv,103,ʈʰik-ge-a.,Arka: Okay.,[S8.26] অর্ক: ঠিক আছে।,right-EMPH-FIN
output_layoutB (1).csv,104,"d̪ɛla, kɘmi-bun ɛhɔp̚ʔ-kat̪ʔ-le-ge.","Arka: Come on, let's get to work.",[S8.27] অর্ক: চলো কাজ শুরু করে দিই।,come.HORT | work-1PL.INCL.A | begin-CVB-1PL.EXCL-EMPH
